{
  "type": "FeatureCollection",
  "features": [
    {
      "type": "Feature",
      "properties": {
        "fid": null,
        "prob": 3,
        "warning": 0,
        "date": "1",
        "kind": "outlook",
        "hazard": "general",
        "title": "",
        "description": "",
        "hatched": false,
        "doubleHatch": false,
        "probability": "<5",
        "intensity": "1",
        "riskLabel": "T-Storm Risk"
      },
      "geometry": {
        "type": "MultiPolygon",
        "coordinates": [
          [
            [
              [
                5.85752,
                51.030127
              ],
              [
                5.867188,
                51.005664
              ],
              [
                5.894727,
                50.984229
              ],
              [
                5.931643189820051,
                50.977329120608275
              ],
              [
                5.94158,
                50.976476
              ],
              [
                5.967832,
                50.970998
              ],
              [
                6.003695,
                50.973737
              ],
              [
                6.005762,
                50.968518
              ],
              [
                5.999664,
                50.960095
              ],
              [
                5.9970086449678535,
                50.95431765850746
              ],
              [
                6.006836,
                50.949951
              ],
              [
                6.041461680804491,
                50.9124405393852
              ],
              [
                6.063743,
                50.90754
              ],
              [
                6.061779,
                50.903509
              ],
              [
                6.056508,
                50.898083
              ],
              [
                6.054648,
                50.891468
              ],
              [
                6.063123,
                50.870901
              ],
              [
                6.062813,
                50.862943
              ],
              [
                6.056715,
                50.852659
              ],
              [
                6.045553,
                50.844184
              ],
              [
                6.027374643295598,
                50.8451852578523
              ],
              [
                5.995936246640066,
                50.75608258901287
              ],
              [
                5.99491,
                50.749927
              ],
              [
                5.99454991797653,
                50.74952185329766
              ],
              [
                6.0005082528152585,
                50.74048812085652
              ],
              [
                6.010826,
                50.737059
              ],
              [
                6.0112180103322475,
                50.72977079243025
              ],
              [
                6.049533157899713,
                50.71188260184558
              ],
              [
                6.064363,
                50.714477
              ],
              [
                6.081003,
                50.713495
              ],
              [
                6.100227,
                50.701299
              ],
              [
                6.161102,
                50.642181
              ],
              [
                6.153099261039417,
                50.63892420396009
              ],
              [
                6.154492,
                50.637256
              ],
              [
                6.198719554447917,
                50.615222048065235
              ],
              [
                6.249055,
                50.614431
              ],
              [
                6.251329,
                50.608437
              ],
              [
                6.244301,
                50.599548
              ],
              [
                6.232932,
                50.590763
              ],
              [
                6.232932,
                50.587146
              ],
              [
                6.2139014794173155,
                50.57992132422782
              ],
              [
                6.168457,
                50.545361
              ],
              [
                6.174093704600976,
                50.532799625235334
              ],
              [
                6.177328,
                50.530198
              ],
              [
                6.1758925023545705,
                50.52879101128298
              ],
              [
                6.178711,
                50.52251
              ],
              [
                6.18607103070737,
                50.515430556085924
              ],
              [
                6.190557,
                50.515212
              ],
              [
                6.18855516557128,
                50.513041124011075
              ],
              [
                6.203027,
                50.499121
              ],
              [
                6.2490070587381075,
                50.49230467332075
              ],
              [
                6.250915,
                50.492681
              ],
              [
                6.253086,
                50.494077
              ],
              [
                6.255566,
                50.494593
              ],
              [
                6.25784,
                50.494077
              ],
              [
                6.260114,
                50.492681
              ],
              [
                6.273096052765195,
                50.488733593657756
              ],
              [
                6.294922,
                50.485498
              ],
              [
                6.295487525002419,
                50.48508316363202
              ],
              [
                6.318715,
                50.481674
              ],
              [
                6.336905,
                50.481003
              ],
              [
                6.325743,
                50.474026
              ],
              [
                6.323262,
                50.466016
              ],
              [
                6.323812549796364,
                50.46430556695953
              ],
              [
                6.340918,
                50.451758
              ],
              [
                6.3416654881284416,
                50.437673836339236
              ],
              [
                6.347343,
                50.436974
              ],
              [
                6.351167,
                50.433564
              ],
              [
                6.350444,
                50.416872
              ],
              [
                6.3444436246379725,
                50.397044087360705
              ],
              [
                6.356879320570563,
                50.34677639900899
              ],
              [
                6.372458,
                50.329436
              ],
              [
                6.3734,
                50.32308
              ],
              [
                6.374525,
                50.315483
              ],
              [
                6.362019,
                50.306956
              ],
              [
                6.336936337735027,
                50.304028540453245
              ],
              [
                6.268594739571601,
                50.27389334423316
              ],
              [
                6.271792,
                50.267424
              ],
              [
                6.253396,
                50.256778
              ],
              [
                6.213447572292516,
                50.24957622623187
              ],
              [
                6.182973000699033,
                50.236138477929636
              ],
              [
                6.179808,
                50.233007
              ],
              [
                6.173692442288546,
                50.23022860113339
              ],
              [
                6.159252895884939,
                50.205188765521
              ],
              [
                6.160171,
                50.204534
              ],
              [
                6.165752,
                50.193165
              ],
              [
                6.165132,
                50.181899
              ],
              [
                6.159138,
                50.172443
              ],
              [
                6.151696,
                50.169342
              ],
              [
                6.138177282127011,
                50.16864122523283
              ],
              [
                6.1227406590868245,
                50.141872343958276
              ],
              [
                6.125962,
                50.140196
              ],
              [
                6.129476,
                50.134047
              ],
              [
                6.126582,
                50.127329
              ],
              [
                6.117487,
                50.120456
              ],
              [
                6.114291918704855,
                50.11378024097336
              ],
              [
                6.108301,
                50.094238
              ],
              [
                6.109050935447255,
                50.063594050731055
              ],
              [
                6.109425,
                50.06356
              ],
              [
                6.109059591322946,
                50.0632403533341
              ],
              [
                6.1095879430540965,
                50.04165078358539
              ],
              [
                6.113766,
                50.036378
              ],
              [
                6.119967,
                50.015501
              ],
              [
                6.119526521009321,
                50.013746977926004
              ],
              [
                6.13323926358367,
                49.984766275333534
              ],
              [
                6.138777,
                49.979328
              ],
              [
                6.14452750157145,
                49.968687698533756
              ],
              [
                6.1668987619345135,
                49.948838693046035
              ],
              [
                6.172677,
                49.956228
              ],
              [
                6.189834,
                49.938297
              ],
              [
                6.204486159848836,
                49.91548909828192
              ],
              [
                6.204883,
                49.915137
              ],
              [
                6.256055,
                49.872168
              ],
              [
                6.257832834191841,
                49.87127908290408
              ],
              [
                6.272206,
                49.867138
              ],
              [
                6.286779,
                49.86104
              ],
              [
                6.291533,
                49.855563
              ],
              [
                6.292461225986409,
                49.853964887006796
              ],
              [
                6.322286632695756,
                49.83905218365212
              ],
              [
                6.325639,
                49.84037
              ],
              [
                6.334424,
                49.840215
              ],
              [
                6.351374,
                49.83329
              ],
              [
                6.359963745711273,
                49.82799091734887
              ],
              [
                6.44032518800086,
                49.805488
              ],
              [
                6.462478,
                49.805488
              ],
              [
                6.493278,
                49.799597
              ],
              [
                6.497205,
                49.799442
              ],
              [
                6.502579,
                49.79567
              ],
              [
                6.502269,
                49.795876
              ],
              [
                6.500099,
                49.794481
              ],
              [
                6.499996,
                49.786058
              ],
              [
                6.498549,
                49.785386
              ],
              [
                6.493794,
                49.76363
              ],
              [
                6.493691,
                49.756551
              ],
              [
                6.496378,
                49.752106
              ],
              [
                6.495965,
                49.748231
              ],
              [
                6.492141461179072,
                49.74605455433044
              ],
              [
                6.488106507168439,
                49.725132886623705
              ],
              [
                6.492554,
                49.718413
              ],
              [
                6.499686,
                49.712212
              ],
              [
                6.491004,
                49.714434
              ],
              [
                6.486353,
                49.712936
              ],
              [
                6.485527460383983,
                49.711760253458046
              ],
              [
                6.484766,
                49.707812
              ],
              [
                6.483974572501885,
                49.70730364630319
              ],
              [
                6.489764,
                49.702962
              ],
              [
                6.491727,
                49.700792
              ],
              [
                6.442753547262456,
                49.6801966784341
              ],
              [
                6.411267764206072,
                49.64940142045544
              ],
              [
                6.417003,
                49.645756
              ],
              [
                6.417933,
                49.639142
              ],
              [
                6.415246,
                49.634646
              ],
              [
                6.407701,
                49.627411
              ],
              [
                6.397573,
                49.613872
              ],
              [
                6.377764846555494,
                49.5979942952789
              ],
              [
                6.348438,
                49.512695
              ],
              [
                6.345163592660841,
                49.46483133874614
              ],
              [
                6.34538,
                49.462718
              ],
              [
                6.345307,
                49.455349
              ],
              [
                6.353855,
                49.45476
              ],
              [
                6.3645,
                49.456104
              ],
              [
                6.383517,
                49.46463
              ],
              [
                6.391682,
                49.466697
              ],
              [
                6.402741,
                49.465457
              ],
              [
                6.494518,
                49.435537
              ],
              [
                6.511674,
                49.424736
              ],
              [
                6.517876,
                49.416416
              ],
              [
                6.520563,
                49.408148
              ],
              [
                6.520744157172911,
                49.40324004766011
              ],
              [
                6.534277,
                49.394678
              ],
              [
                6.540519381036279,
                49.38522887633285
              ],
              [
                6.574306,
                49.361794
              ],
              [
                6.577717,
                49.3558
              ],
              [
                6.573376,
                49.347738
              ],
              [
                6.565454217892788,
                49.347484887988024
              ],
              [
                6.566309,
                49.346191
              ],
              [
                6.574707,
                49.319678
              ],
              [
                6.605521921485513,
                49.29270300537599
              ],
              [
                6.639677,
                49.271154
              ],
              [
                6.641227,
                49.266916
              ],
              [
                6.639487030048082,
                49.25839039977115
              ],
              [
                6.648311485227472,
                49.24939743830936
              ],
              [
                6.659521,
                49.246763
              ],
              [
                6.663758,
                49.243869
              ],
              [
                6.671364270359661,
                49.22590445159612
              ],
              [
                6.687917944450653,
                49.20903467888776
              ],
              [
                6.698485,
                49.213586
              ],
              [
                6.702516,
                49.213638
              ],
              [
                6.70882,
                49.197773
              ],
              [
                6.705967133514726,
                49.190640833786816
              ],
              [
                6.735449,
                49.160596
              ],
              [
                6.768977353235142,
                49.15530157397041
              ],
              [
                6.770108,
                49.155295
              ],
              [
                6.772136450828467,
                49.15480272428308
              ],
              [
                6.77627,
                49.15415
              ],
              [
                6.820703,
                49.173926
              ],
              [
                6.8324381205018305,
                49.18534257892689
              ],
              [
                6.827676,
                49.195551
              ],
              [
                6.833464,
                49.209452
              ],
              [
                6.843489,
                49.211054
              ],
              [
                6.8784569069386805,
                49.205817272450844
              ],
              [
                6.891211,
                49.20752
              ],
              [
                6.900343716813455,
                49.2057651952237
              ],
              [
                6.914389,
                49.206662
              ],
              [
                6.925448,
                49.205576
              ],
              [
                6.951379983053914,
                49.195958837970664
              ],
              [
                6.958301,
                49.194629
              ],
              [
                6.99469225343534,
                49.18219675500052
              ],
              [
                7.009474,
                49.181702
              ],
              [
                7.009140805430221,
                49.15895518696255
              ],
              [
                7.022168,
                49.123437
              ],
              [
                7.036719,
                49.112695
              ],
              [
                7.065723,
                49.124854
              ],
              [
                7.074777568453378,
                49.1253246062001
              ],
              [
                7.074793,
                49.125375
              ],
              [
                7.071589,
                49.130594
              ],
              [
                7.070762,
                49.136123
              ],
              [
                7.079857,
                49.142014
              ],
              [
                7.085335,
                49.141549
              ],
              [
                7.114968329560335,
                49.127413498836034
              ],
              [
                7.117383,
                49.127539
              ],
              [
                7.196663927281783,
                49.11416906841996
              ],
              [
                7.20350243742353,
                49.11412805179823
              ],
              [
                7.295797995286231,
                49.12707482242187
              ],
              [
                7.297105,
                49.128114
              ],
              [
                7.305993,
                49.130129
              ],
              [
                7.320223310132559,
                49.1313146273835
              ],
              [
                7.334872944106961,
                49.13511091824001
              ],
              [
                7.339066,
                49.139689
              ],
              [
                7.3463,
                49.15421
              ],
              [
                7.350951,
                49.159171
              ],
              [
                7.367591,
                49.165372
              ],
              [
                7.371634,
                49.166174
              ],
              [
                7.391052,
                49.170023
              ],
              [
                7.410483,
                49.168938
              ],
              [
                7.414823,
                49.157776
              ],
              [
                7.458025,
                49.155864
              ],
              [
                7.476112,
                49.151523
              ],
              [
                7.482726,
                49.137054
              ],
              [
                7.475285,
                49.133901
              ],
              [
                7.473386185837195,
                49.132161377028595
              ],
              [
                7.525488,
                49.086377
              ],
              [
                7.5822000189794485,
                49.07004433674587
              ],
              [
                7.586389,
                49.069564
              ],
              [
                7.599873061287327,
                49.06495462465512
              ],
              [
                7.610938,
                49.061768
              ],
              [
                7.761754734825938,
                49.045849341339824
              ],
              [
                7.762606,
                49.046155
              ],
              [
                7.773665,
                49.048118
              ],
              [
                7.835273544695016,
                49.036370768025556
              ],
              [
                7.860503906250789,
                49.03250500377275
              ],
              [
                7.913811,
                49.036181
              ],
              [
                7.931898,
                49.034838
              ],
              [
                7.998986131917298,
                49.011286931394075
              ],
              [
                8.00127,
                49.010937
              ],
              [
                8.080664,
                48.985889
              ],
              [
                8.134863,
                48.973584
              ],
              [
                8.13489302774015,
                48.973105455882994
              ],
              [
                8.18873,
                48.965746
              ],
              [
                8.200305,
                48.958563
              ],
              [
                8.199892,
                48.95825
              ],
              [
                8.179325,
                48.942698
              ],
              [
                8.148112,
                48.903734
              ],
              [
                8.140153170913033,
                48.88927595164782
              ],
              [
                8.140332,
                48.886426
              ],
              [
                8.137192417137353,
                48.883897431669574
              ],
              [
                8.10274,
                48.821311
              ],
              [
                8.090338,
                48.807513
              ],
              [
                8.08424,
                48.804051
              ],
              [
                8.04755,
                48.791028
              ],
              [
                8.038765,
                48.79077
              ],
              [
                8.036594,
                48.788289
              ],
              [
                8.031943,
                48.785344
              ],
              [
                8.027293,
                48.780021
              ],
              [
                8.025122,
                48.770616
              ],
              [
                8.022952,
                48.765087
              ],
              [
                8.017267,
                48.761831
              ],
              [
                8.009619,
                48.760074
              ],
              [
                7.993423665904686,
                48.759895408879856
              ],
              [
                7.9639542992403305,
                48.73430801767308
              ],
              [
                7.963627,
                48.729275
              ],
              [
                7.959183,
                48.721368
              ],
              [
                7.948434,
                48.71186
              ],
              [
                7.935205,
                48.703333
              ],
              [
                7.92332,
                48.698217
              ],
              [
                7.895931,
                48.676513
              ],
              [
                7.882158684354828,
                48.66860310244882
              ],
              [
                7.837988,
                48.636035
              ],
              [
                7.8017133227678865,
                48.56106447638774
              ],
              [
                7.801673,
                48.54758
              ],
              [
                7.813455,
                48.526341
              ],
              [
                7.813455,
                48.519468
              ],
              [
                7.788444,
                48.506343
              ],
              [
                7.785622914576703,
                48.504421725291415
              ],
              [
                7.765137,
                48.41001
              ],
              [
                7.7465422912844195,
                48.36937040163503
              ],
              [
                7.746896,
                48.368677
              ],
              [
                7.75196,
                48.355344
              ],
              [
                7.75072,
                48.341366
              ],
              [
                7.736974,
                48.326664
              ],
              [
                7.725019586664807,
                48.322331532414346
              ],
              [
                7.705664,
                48.280029
              ],
              [
                7.688307664348245,
                48.25601169162613
              ],
              [
                7.687158,
                48.252921
              ],
              [
                7.676616,
                48.2384
              ],
              [
                7.673416689120505,
                48.23540589376602
              ],
              [
                7.616602,
                48.156787
              ],
              [
                7.58418,
                48.064307
              ],
              [
                7.599344191128392,
                48.02581716975435
              ],
              [
                7.618945,
                48.002652
              ],
              [
                7.621116,
                47.97144
              ],
              [
                7.611607,
                47.959399
              ],
              [
                7.600459973802307,
                47.951460009768596
              ],
              [
                7.593262,
                47.905664
              ],
              [
                7.538574,
                47.773633
              ],
              [
                7.53666208143551,
                47.75285455481869
              ],
              [
                7.53833,
                47.748146
              ],
              [
                7.537813,
                47.731816
              ],
              [
                7.534370603958798,
                47.72795112011263
              ],
              [
                7.529395,
                47.673877
              ],
              [
                7.53344464417671,
                47.66630994738464
              ],
              [
                7.536573,
                47.665205
              ],
              [
                7.550112,
                47.652441
              ],
              [
                7.572643,
                47.622004
              ],
              [
                7.578638,
                47.61694
              ],
              [
                7.585046,
                47.613167
              ],
              [
                7.590317,
                47.607948
              ],
              [
                7.592321741856724,
                47.59914006964885
              ],
              [
                7.615625,
                47.592725
              ],
              [
                7.619987298951207,
                47.591515526126116
              ],
              [
                7.637032,
                47.594977
              ],
              [
                7.659666,
                47.596579
              ],
              [
                7.652313216015361,
                47.58255296932393
              ],
              [
                7.698047,
                47.569873
              ],
              [
                7.790790226277532,
                47.567440659005854
              ],
              [
                7.801467,
                47.576089
              ],
              [
                7.819657,
                47.595339
              ],
              [
                7.833713,
                47.590481
              ],
              [
                7.898205,
                47.587846
              ],
              [
                7.904303,
                47.583557
              ],
              [
                7.907507,
                47.574177
              ],
              [
                7.90947,
                47.564798
              ],
              [
                7.909773045478326,
                47.564320142280735
              ],
              [
                7.927051,
                47.563867
              ],
              [
                8.09375,
                47.576172
              ],
              [
                8.103714907656954,
                47.57910562639574
              ],
              [
                8.105427,
                47.581257
              ],
              [
                8.113902,
                47.587846
              ],
              [
                8.122067,
                47.592135
              ],
              [
                8.143771,
                47.600067
              ],
              [
                8.162065,
                47.603762
              ],
              [
                8.168886,
                47.608646
              ],
              [
                8.173847,
                47.613529
              ],
              [
                8.179015,
                47.615803
              ],
              [
                8.232965,
                47.621952
              ],
              [
                8.251051,
                47.622004
              ],
              [
                8.276993,
                47.61663
              ],
              [
                8.288569,
                47.615803
              ],
              [
                8.293943,
                47.611462
              ],
              [
                8.296467742892716,
                47.606934
              ],
              [
                8.327832,
                47.606934
              ],
              [
                8.414746,
                47.5896
              ],
              [
                8.430078,
                47.592139
              ],
              [
                8.454004,
                47.596191
              ],
              [
                8.455899472715522,
                47.5975146949053
              ],
              [
                8.461788,
                47.606139
              ],
              [
                8.49238,
                47.619833
              ],
              [
                8.522353,
                47.621901
              ],
              [
                8.526256619373635,
                47.61942508270522
              ],
              [
                8.559473,
                47.624023
              ],
              [
                8.570508,
                47.637793
              ],
              [
                8.56709,
                47.651904
              ],
              [
                8.552344,
                47.659131
              ],
              [
                8.517420080369263,
                47.65658807367451
              ],
              [
                8.504679,
                47.65226
              ],
              [
                8.49083,
                47.645568
              ],
              [
                8.476051,
                47.640401
              ],
              [
                8.458274,
                47.639884
              ],
              [
                8.437603,
                47.647842
              ],
              [
                8.411972,
                47.661045
              ],
              [
                8.407011,
                47.661562
              ],
              [
                8.391301,
                47.665464
              ],
              [
                8.397709,
                47.67629
              ],
              [
                8.395229,
                47.684817
              ],
              [
                8.390991,
                47.692129
              ],
              [
                8.392128,
                47.699519
              ],
              [
                8.401947,
                47.707089
              ],
              [
                8.423724974386163,
                47.71515564909632
              ],
              [
                8.435742,
                47.731348
              ],
              [
                8.442152043069989,
                47.73442213285046
              ],
              [
                8.445458,
                47.743185
              ],
              [
                8.450109,
                47.750471
              ],
              [
                8.463648,
                47.763907
              ],
              [
                8.471503,
                47.76706
              ],
              [
                8.482665,
                47.766853
              ],
              [
                8.536512,
                47.774088
              ],
              [
                8.551602,
                47.779255
              ],
              [
                8.5423,
                47.795017
              ],
              [
                8.558216,
                47.801166
              ],
              [
                8.583124,
                47.800236
              ],
              [
                8.601624,
                47.794603
              ],
              [
                8.603175,
                47.787317
              ],
              [
                8.604105,
                47.774398
              ],
              [
                8.605764621760466,
                47.768662528554614
              ],
              [
                8.617871,
                47.766113
              ],
              [
                8.626144663288272,
                47.761164188408436
              ],
              [
                8.62984,
                47.762796
              ],
              [
                8.635007,
                47.784604
              ],
              [
                8.644102,
                47.791012
              ],
              [
                8.657022,
                47.788118
              ],
              [
                8.666633,
                47.778273
              ],
              [
                8.674488,
                47.766698
              ],
              [
                8.68193,
                47.75874
              ],
              [
                8.692265,
                47.757164
              ],
              [
                8.703324,
                47.758714
              ],
              [
                8.713142,
                47.757422
              ],
              [
                8.719757,
                47.747319
              ],
              [
                8.71707,
                47.743547
              ],
              [
                8.703737,
                47.730033
              ],
              [
                8.70043,
                47.723496
              ],
              [
                8.704667,
                47.715332
              ],
              [
                8.709469669703221,
                47.71132414256106
              ],
              [
                8.72832,
                47.700049
              ],
              [
                8.754785,
                47.698047
              ],
              [
                8.763254708722163,
                47.70460146738772
              ],
              [
                8.77071,
                47.720861
              ],
              [
                8.797581,
                47.720034
              ],
              [
                8.830241,
                47.707192
              ],
              [
                8.856079,
                47.690682
              ],
              [
                8.846310243894253,
                47.68914529400609
              ],
              [
                8.874023,
                47.662695
              ],
              [
                8.88109404589024,
                47.65644720675233
              ],
              [
                8.881191064189782,
                47.656398268347615
              ],
              [
                8.981877050926565,
                47.66224482036636
              ],
              [
                8.997673,
                47.673835
              ],
              [
                9.016586,
                47.6789
              ],
              [
                9.125785642928319,
                47.670601187487065
              ],
              [
                9.127539,
                47.670703
              ],
              [
                9.182813,
                47.670703
              ],
              [
                9.216711262681219,
                47.65614974166969
              ],
              [
                9.234351,
                47.656162
              ],
              [
                9.273211,
                47.65009
              ],
              [
                9.547482,
                47.534547
              ],
              [
                9.553059,
                47.516891
              ],
              [
                9.554951,
                47.5109
              ],
              [
                9.555223032033767,
                47.51062226209456
              ],
              [
                9.625879,
                47.467041
              ],
              [
                9.625813869124642,
                47.46674923911499
              ],
              [
                9.650346,
                47.452092
              ],
              [
                9.649519,
                47.409717
              ],
              [
                9.639804,
                47.394524
              ],
              [
                9.601047,
                47.36127
              ],
              [
                9.596396,
                47.352305
              ],
              [
                9.591228,
                47.334683
              ],
              [
                9.587404,
                47.32781
              ],
              [
                9.553298,
                47.299853
              ],
              [
                9.527007934981821,
                47.26954781725248
              ],
              [
                9.485453656648941,
                47.17532405304042
              ],
              [
                9.492629,
                47.15981
              ],
              [
                9.503481,
                47.145392
              ],
              [
                9.511853,
                47.129372
              ],
              [
                9.51237,
                47.10803
              ],
              [
                9.502861,
                47.094698
              ],
              [
                9.487565,
                47.083949
              ],
              [
                9.48351305420088,
                47.08022873158627
              ],
              [
                9.487695,
                47.062256
              ],
              [
                9.502344,
                47.062744
              ],
              [
                9.580273,
                47.057373
              ],
              [
                9.619922,
                47.057471
              ],
              [
                9.629162737235687,
                47.05596690008159
              ],
              [
                9.65231,
                47.05793
              ],
              [
                9.669053,
                47.056199
              ],
              [
                9.857982,
                47.015478
              ],
              [
                9.856328,
                47.004083
              ],
              [
                9.860566,
                47.001602
              ],
              [
                9.866767,
                47.001938
              ],
              [
                9.870591,
                46.998838
              ],
              [
                9.870591,
                46.992947
              ],
              [
                9.866457,
                46.983387
              ],
              [
                9.86543115692306,
                46.97368593983428
              ],
              [
                9.877734,
                46.937695
              ],
              [
                9.961957980554077,
                46.900692324060216
              ],
              [
                10.006913,
                46.890757
              ],
              [
                10.026441844386543,
                46.878028946586895
              ],
              [
                10.133496,
                46.851514
              ],
              [
                10.179785,
                46.862354
              ],
              [
                10.214617473242596,
                46.88749069664133
              ],
              [
                10.215169,
                46.893108
              ],
              [
                10.219924,
                46.905769
              ],
              [
                10.235116,
                46.923313
              ],
              [
                10.251343,
                46.92538
              ],
              [
                10.263978349906715,
                46.9231117498469
              ],
              [
                10.304626398619469,
                46.95244523020124
              ],
              [
                10.313665,
                46.964318
              ],
              [
                10.338883,
                46.98411
              ],
              [
                10.367925,
                46.995505
              ],
              [
                10.373403,
                46.996254
              ],
              [
                10.378984,
                46.995505
              ],
              [
                10.384255,
                46.993153
              ],
              [
                10.384358,
                46.993153
              ],
              [
                10.384358,
                46.992998
              ],
              [
                10.394693,
                46.985402
              ],
              [
                10.413291725291666,
                46.96491649914709
              ],
              [
                10.414941,
                46.964404
              ],
              [
                10.416452543158307,
                46.96192637913041
              ],
              [
                10.449574,
                46.943906
              ],
              [
                10.458462,
                46.936619
              ],
              [
                10.463836,
                46.919747
              ],
              [
                10.454293744778495,
                46.89360466766158
              ],
              [
                10.453121504501043,
                46.870617956009355
              ],
              [
                10.453793310547775,
                46.86458583297384
              ],
              [
                10.479395,
                46.855127
              ],
              [
                10.579785,
                46.853711
              ],
              [
                10.582391366323305,
                46.853536627990906
              ],
              [
                10.629408,
                46.862412
              ],
              [
                10.647081,
                46.863756
              ],
              [
                10.662481,
                46.860965
              ],
              [
                10.738962,
                46.829546
              ],
              [
                10.748677,
                46.819443
              ],
              [
                10.743819,
                46.812518
              ],
              [
                10.738319605654972,
                46.80945510884236
              ],
              [
                10.759766,
                46.793311
              ],
              [
                10.815596836548929,
                46.77872182262179
              ],
              [
                10.823918,
                46.78035
              ],
              [
                10.83415,
                46.780246
              ],
              [
                10.843141,
                46.777043
              ],
              [
                10.848099179825018,
                46.774120540541745
              ],
              [
                10.906641070923248,
                46.770693831582726
              ],
              [
                10.913731,
                46.77234
              ],
              [
                10.930888,
                46.773994
              ],
              [
                10.953506337537855,
                46.7724666290586
              ],
              [
                10.993262,
                46.777002
              ],
              [
                11.025098,
                46.796973
              ],
              [
                11.063477,
                46.859131
              ],
              [
                11.075194583054895,
                46.871953773639575
              ],
              [
                11.083643,
                46.900136
              ],
              [
                11.091912,
                46.912435
              ],
              [
                11.156611,
                46.956515
              ],
              [
                11.174491,
                46.963853
              ],
              [
                11.243737,
                46.979252
              ],
              [
                11.31381,
                46.987262
              ],
              [
                11.349467,
                46.98194
              ],
              [
                11.35524148508711,
                46.980011954206184
              ],
              [
                11.429960718165857,
                46.98293036191873
              ],
              [
                11.445172,
                46.992998
              ],
              [
                11.445275,
                46.993102
              ],
              [
                11.452923,
                47.000879
              ],
              [
                11.461812,
                47.005504
              ],
              [
                11.471837,
                47.00708
              ],
              [
                11.489407,
                47.004212
              ],
              [
                11.495918,
                47.001602
              ],
              [
                11.501706,
                46.997856
              ],
              [
                11.505780235623686,
                46.99410099399358
              ],
              [
                11.527539,
                46.997412
              ],
              [
                11.563670311161223,
                46.99710583058261
              ],
              [
                11.572709,
                46.998915
              ],
              [
                11.59648,
                47.00044
              ],
              [
                11.624036478368543,
                46.9965942999005
              ],
              [
                11.625488,
                46.996582
              ],
              [
                11.634295115609357,
                46.99516263502191
              ],
              [
                11.64795,
                46.993257
              ],
              [
                11.648467,
                46.993257
              ],
              [
                11.649707,
                46.992998
              ],
              [
                11.657252,
                46.992533
              ],
              [
                11.664797,
                46.993257
              ],
              [
                11.683814,
                46.991913
              ],
              [
                11.69745436688404,
                46.98498381674842
              ],
              [
                11.699414,
                46.984668
              ],
              [
                11.771947574629108,
                46.98601463093844
              ],
              [
                11.777141,
                46.988296
              ],
              [
                11.787958419367222,
                46.989478782717995
              ],
              [
                11.844170466110452,
                47.00502556168308
              ],
              [
                11.857033,
                47.012015
              ],
              [
                11.899511,
                47.027725
              ],
              [
                11.943643,
                47.038164
              ],
              [
                11.966706976413366,
                47.038915949085876
              ],
              [
                11.969531,
                47.039697
              ],
              [
                12.0764755863697,
                47.06239737312516
              ],
              [
                12.116242,
                47.076559
              ],
              [
                12.133146,
                47.078832
              ],
              [
                12.180631,
                47.085215
              ],
              [
                12.204195,
                47.079686
              ],
              [
                12.203897,
                47.067012
              ],
              [
                12.203575,
                47.053331
              ],
              [
                12.182284,
                47.033616
              ],
              [
                12.164432587820704,
                47.02680750369973
              ],
              [
                12.130762,
                46.984766
              ],
              [
                12.154102,
                46.935254
              ],
              [
                12.221644285207233,
                46.87631384025559
              ],
              [
                12.250807,
                46.875615
              ],
              [
                12.26662,
                46.868148
              ],
              [
                12.275819,
                46.846289
              ],
              [
                12.276129,
                46.83399
              ],
              [
                12.274008062650184,
                46.82849197716735
              ],
              [
                12.319196141271329,
                46.77314278331294
              ],
              [
                12.326048,
                46.772495
              ],
              [
                12.342688,
                46.765131
              ],
              [
                12.351473,
                46.743246
              ],
              [
                12.357702598348416,
                46.7326763668923
              ],
              [
                12.388281,
                46.702637
              ],
              [
                12.469067276369122,
                46.67586729380131
              ],
              [
                12.469632,
                46.675799
              ],
              [
                12.499888,
                46.672139
              ],
              [
                12.508858952705285,
                46.66793860149205
              ],
              [
                12.59689133257266,
                46.654370437915524
              ],
              [
                12.62019,
                46.656481
              ],
              [
                12.669593,
                46.653019
              ],
              [
                12.671368,
                46.652466
              ],
              [
                12.679205,
                46.650022
              ],
              [
                12.681857686106852,
                46.64863907408734
              ],
              [
                12.699805,
                46.647461
              ],
              [
                12.729097810393753,
                46.64148339545846
              ],
              [
                12.732018,
                46.64227
              ],
              [
                12.739873,
                46.642994
              ],
              [
                12.7485,
                46.640996
              ],
              [
                12.773566,
                46.635191
              ],
              [
                12.784898615230167,
                46.63009646672311
              ],
              [
                12.805566,
                46.625879
              ],
              [
                12.960340584592947,
                46.60319747296194
              ],
              [
                13.064504,
                46.598035
              ],
              [
                13.146463,
                46.584961
              ],
              [
                13.1770681384306,
                46.57198504147814
              ],
              [
                13.331062592943322,
                46.55956352524155
              ],
              [
                13.373323,
                46.565789
              ],
              [
                13.417041,
                46.560492
              ],
              [
                13.478019,
                46.563567
              ],
              [
                13.484944,
                46.561733
              ],
              [
                13.493556380612393,
                46.55497460173852
              ],
              [
                13.547630264332065,
                46.54588283591976
              ],
              [
                13.549229,
                46.545842
              ],
              [
                13.553297778927744,
                46.54492992275848
              ],
              [
                13.7,
                46.520264
              ],
              [
                13.705971123289638,
                46.519454579555436
              ],
              [
                13.716093,
                46.518867
              ],
              [
                13.74038698767152,
                46.51478930923747
              ],
              [
                13.743945,
                46.514307
              ],
              [
                13.826695152165707,
                46.51139380230411
              ],
              [
                13.860683,
                46.51525
              ],
              [
                13.890862,
                46.511787
              ],
              [
                13.936813307522721,
                46.496781537932435
              ],
              [
                14.016509144670213,
                46.482728148459664
              ],
              [
                14.032456,
                46.484709
              ],
              [
                14.050026,
                46.484399
              ],
              [
                14.066355,
                46.48104
              ],
              [
                14.081032,
                46.47595
              ],
              [
                14.10594291058455,
                46.46110172730894
              ],
              [
                14.267285,
                46.440723
              ],
              [
                14.313743100970328,
                46.43682919649421
              ],
              [
                14.362151,
                46.435875
              ],
              [
                14.395844,
                46.440991
              ],
              [
                14.40649,
                46.439337
              ],
              [
                14.411244,
                46.434635
              ],
              [
                14.414448,
                46.429002
              ],
              [
                14.415266099400915,
                46.42832022606815
              ],
              [
                14.419922,
                46.42793
              ],
              [
                14.465918,
                46.416113
              ],
              [
                14.492566750702448,
                46.41677074883376
              ],
              [
                14.502194,
                46.418356
              ],
              [
                14.503612339203682,
                46.417004923529205
              ],
              [
                14.549805,
                46.399707
              ],
              [
                14.571183942553173,
                46.41005283505334
              ],
              [
                14.575368,
                46.419726
              ],
              [
                14.590148,
                46.434428
              ],
              [
                14.599863,
                46.437167
              ],
              [
                14.600362410080457,
                46.43719790249438
              ],
              [
                14.656441117828084,
                46.455627720946254
              ],
              [
                14.662081,
                46.459698
              ],
              [
                14.666629,
                46.460524
              ],
              [
                14.67005007556062,
                46.46010019598007
              ],
              [
                14.680176,
                46.463428
              ],
              [
                14.683482926019694,
                46.46496968008178
              ],
              [
                14.687093,
                46.471221
              ],
              [
                14.698772,
                46.480962
              ],
              [
                14.703733,
                46.487758
              ],
              [
                14.709727,
                46.492512
              ],
              [
                14.726367,
                46.497706
              ],
              [
                14.735255,
                46.493339
              ],
              [
                14.747305368648554,
                46.49472353244655
              ],
              [
                14.756738,
                46.499121
              ],
              [
                14.810547,
                46.54458
              ],
              [
                14.812266912461405,
                46.5466321955691
              ],
              [
                14.814519,
                46.551337
              ],
              [
                14.822278,
                46.567546
              ],
              [
                14.833647,
                46.584393
              ],
              [
                14.85039,
                46.601136
              ],
              [
                14.862999,
                46.604831
              ],
              [
                14.877055,
                46.603642
              ],
              [
                14.891299178272014,
                46.60495938549047
              ],
              [
                14.893262,
                46.605908
              ],
              [
                14.90080546075506,
                46.60689190630022
              ],
              [
                14.919507,
                46.615017
              ],
              [
                14.933589,
                46.621135
              ],
              [
                14.947955,
                46.619274
              ],
              [
                14.95312917438959,
                46.614155540035014
              ],
              [
                14.990848432840993,
                46.62353201651177
              ],
              [
                15.004386,
                46.636844
              ],
              [
                15.061954,
                46.649557
              ],
              [
                15.085723,
                46.647795
              ],
              [
                15.105591,
                46.646323
              ],
              [
                15.172557,
                46.64136
              ],
              [
                15.184880080782625,
                46.640446459311065
              ],
              [
                15.216992,
                46.642969
              ],
              [
                15.254142113676055,
                46.64074098934924
              ],
              [
                15.332784,
                46.64358
              ],
              [
                15.388135,
                46.645578
              ],
              [
                15.417591,
                46.637955
              ],
              [
                15.430468708456901,
                46.63016612181022
              ],
              [
                15.439258,
                46.629639
              ],
              [
                15.520617268864736,
                46.64881755567035
              ],
              [
                15.52084,
                46.649608
              ],
              [
                15.530659,
                46.663845
              ],
              [
                15.545955,
                46.671881
              ],
              [
                15.567349,
                46.675757
              ],
              [
                15.587802684716337,
                46.67595489859807
              ],
              [
                15.632617,
                46.698437
              ],
              [
                15.632907149121223,
                46.698464972178414
              ],
              [
                15.632875,
                46.702473
              ],
              [
                15.635975,
                46.717563
              ],
              [
                15.652098,
                46.710819
              ],
              [
                15.70497912764629,
                46.705413158799466
              ],
              [
                15.760254,
                46.710742
              ],
              [
                15.766895,
                46.711279
              ],
              [
                15.775695345683836,
                46.70972668181177
              ],
              [
                15.78461,
                46.7122
              ],
              [
                15.822941,
                46.722834
              ],
              [
                15.850743,
                46.724488
              ],
              [
                15.878545,
                46.720715
              ],
              [
                15.946344,
                46.697151
              ],
              [
                15.970050359964869,
                46.69425555335601
              ],
              [
                15.972266,
                46.697217
              ],
              [
                15.980469,
                46.705859
              ],
              [
                15.979812316926434,
                46.723213312946925
              ],
              [
                15.970529,
                46.743014
              ],
              [
                15.969702,
                46.760532
              ],
              [
                15.970985,
                46.77505
              ],
              [
                15.971252,
                46.778076
              ],
              [
                15.978177,
                46.809134
              ],
              [
                15.97735,
                46.816213
              ],
              [
                15.972906,
                46.818435
              ],
              [
                15.971976,
                46.820632
              ],
              [
                15.981691,
                46.827685
              ],
              [
                15.987582,
                46.830011
              ],
              [
                16.025597187137667,
                46.8364642499079
              ],
              [
                16.037207,
                46.844824
              ],
              [
                16.093066,
                46.863281
              ],
              [
                16.20246427761824,
                46.85983244621591
              ],
              [
                16.272009,
                46.863962
              ],
              [
                16.282241,
                46.859932
              ],
              [
                16.297392,
                46.847033
              ],
              [
                16.301878,
                46.843214
              ],
              [
                16.310663,
                46.84001
              ],
              [
                16.325339,
                46.839442
              ],
              [
                16.329783,
                46.834403
              ],
              [
                16.327509,
                46.825463
              ],
              [
                16.321825,
                46.813268
              ],
              [
                16.3149,
                46.802002
              ],
              [
                16.314334232113687,
                46.80133506930467
              ],
              [
                16.318457,
                46.78252
              ],
              [
                16.335449,
                46.721631
              ],
              [
                16.348376918394628,
                46.71476929316375
              ],
              [
                16.357275,
                46.715832
              ],
              [
                16.357382676431172,
                46.709989337907324
              ],
              [
                16.367188,
                46.704785
              ],
              [
                16.3744242653731,
                46.694804432398186
              ],
              [
                16.390038,
                46.694154
              ],
              [
                16.405024,
                46.687255
              ],
              [
                16.410502,
                46.668367
              ],
              [
                16.402607,
                46.663109
              ],
              [
                16.396652,
                46.659143
              ],
              [
                16.382494538559065,
                46.65446826817482
              ],
              [
                16.38125,
                46.638672
              ],
              [
                16.413863094405635,
                46.61110947806635
              ],
              [
                16.430242,
                46.604392
              ],
              [
                16.467139,
                46.564704
              ],
              [
                16.500832,
                46.544809
              ],
              [
                16.51518614051124,
                46.50205608032112
              ],
              [
                16.515367419451028,
                46.50167506282447
              ],
              [
                16.521024613933147,
                46.498567369501735
              ],
              [
                16.569922,
                46.48501
              ],
              [
                16.587429037673825,
                46.478267247368
              ],
              [
                16.588062,
                46.479567
              ],
              [
                16.594263,
                46.482978
              ],
              [
                16.602118,
                46.482048
              ],
              [
                16.61111,
                46.478069
              ],
              [
                16.637671,
                46.474477
              ],
              [
                16.659272,
                46.464193
              ],
              [
                16.677462,
                46.44869
              ],
              [
                16.683855025911335,
                46.44112923475301
              ],
              [
                16.748047,
                46.416406
              ],
              [
                16.78876666388671,
                46.3909724155318
              ],
              [
                16.803449,
                46.388694
              ],
              [
                16.807894,
                46.387351
              ],
              [
                16.812338,
                46.385025
              ],
              [
                16.816575,
                46.381976
              ],
              [
                16.820916,
                46.3781
              ],
              [
                16.827531,
                46.374018
              ],
              [
                16.830218,
                46.377351
              ],
              [
                16.832388,
                46.381925
              ],
              [
                16.837659,
                46.381873
              ],
              [
                16.850475,
                46.373062
              ],
              [
                16.859411,
                46.364758
              ],
              [
                16.865461,
                46.359135
              ],
              [
                16.875073,
                46.342857
              ],
              [
                16.873729820143904,
                46.33649730535629
              ],
              [
                16.939941,
                46.253662
              ],
              [
                17.032715,
                46.187305
              ],
              [
                17.149609,
                46.140332
              ],
              [
                17.176732024348,
                46.12166355213948
              ],
              [
                17.197327,
                46.121165
              ],
              [
                17.208593,
                46.116566
              ],
              [
                17.24859,
                46.080238
              ],
              [
                17.254068,
                46.070832
              ],
              [
                17.25997189865797,
                46.0557068593393
              ],
              [
                17.30140880364574,
                46.006999716599246
              ],
              [
                17.307811,
                46.006392
              ],
              [
                17.316803,
                45.997659
              ],
              [
                17.310142657559123,
                45.996733480031736
              ],
              [
                17.310645,
                45.996143
              ],
              [
                17.33708287263056,
                45.983692726951226
              ],
              [
                17.337887,
                45.984636
              ],
              [
                17.338419118961404,
                45.98306345424415
              ],
              [
                17.383840382521647,
                45.961673414983146
              ],
              [
                17.38915,
                45.963087
              ],
              [
                17.399692,
                45.959935
              ],
              [
                17.402514125297145,
                45.95287947003733
              ],
              [
                17.406348,
                45.951074
              ],
              [
                17.415916969537413,
                45.95031339579219
              ],
              [
                17.418192,
                45.95301
              ],
              [
                17.426667,
                45.956731
              ],
              [
                17.511933,
                45.95394
              ],
              [
                17.554308,
                45.947791
              ],
              [
                17.591102,
                45.936215
              ],
              [
                17.638437,
                45.901334
              ],
              [
                17.645775,
                45.891825
              ],
              [
                17.646912,
                45.883712
              ],
              [
                17.65208,
                45.868829
              ],
              [
                17.6529372520648,
                45.86017957547285
              ],
              [
                17.684517769342747,
                45.840742028773924
              ],
              [
                17.687323,
                45.840614
              ],
              [
                17.809176,
                45.814414
              ],
              [
                17.838218,
                45.799635
              ],
              [
                17.85049555836446,
                45.78485043399828
              ],
              [
                17.876259604082794,
                45.7815356172598
              ],
              [
                17.88049,
                45.788524
              ],
              [
                17.889791,
                45.792141
              ],
              [
                17.975367,
                45.792141
              ],
              [
                18.080477,
                45.771729
              ],
              [
                18.092053,
                45.771729
              ],
              [
                18.102905,
                45.774623
              ],
              [
                18.120165,
                45.783408
              ],
              [
                18.12895,
                45.785372
              ],
              [
                18.211219,
                45.785372
              ],
              [
                18.229822,
                45.781238
              ],
              [
                18.259695381908017,
                45.765547078169696
              ],
              [
                18.263965,
                45.765479
              ],
              [
                18.27742204933498,
                45.764961110554474
              ],
              [
                18.283256,
                45.764908
              ],
              [
                18.283494399688337,
                45.764727418451606
              ],
              [
                18.290625,
                45.764453
              ],
              [
                18.34377178534565,
                45.75548002332645
              ],
              [
                18.351158,
                45.758397
              ],
              [
                18.367178,
                45.75819
              ],
              [
                18.37046492638979,
                45.75522979093285
              ],
              [
                18.437305,
                45.767334
              ],
              [
                18.45142844987582,
                45.7715596381048
              ],
              [
                18.465467,
                45.783718
              ],
              [
                18.481797,
                45.791418
              ],
              [
                18.498931069934546,
                45.785772092084706
              ],
              [
                18.533594,
                45.796143
              ],
              [
                18.564648,
                45.813281
              ],
              [
                18.598733769344673,
                45.84495311165826
              ],
              [
                18.60737,
                45.856685
              ],
              [
                18.62215,
                45.868416
              ],
              [
                18.623597,
                45.868674
              ],
              [
                18.626284,
                45.874824
              ],
              [
                18.629281,
                45.886864
              ],
              [
                18.633002,
                45.891929
              ],
              [
                18.655636,
                45.907587
              ],
              [
                18.674343,
                45.910377
              ],
              [
                18.717334323030613,
                45.90001083381779
              ],
              [
                18.721777,
                45.899365
              ],
              [
                18.798905204929632,
                45.9073218299446
              ],
              [
                18.804878,
                45.913633
              ],
              [
                18.812624410054774,
                45.90873715371954
              ],
              [
                18.833008,
                45.91084
              ],
              [
                18.88055491663077,
                45.92560756281117
              ],
              [
                18.886526,
                45.930428
              ],
              [
                18.8980148311947,
                45.93103042518105
              ],
              [
                18.900293,
                45.931738
              ],
              [
                18.905371,
                45.931738
              ],
              [
                18.927832,
                45.931396
              ],
              [
                18.979453352148006,
                45.948029879625714
              ],
              [
                18.981818,
                45.950788
              ],
              [
                19.005589,
                45.96257
              ],
              [
                19.017970143832777,
                45.96133193451346
              ],
              [
                19.047656,
                45.982666
              ],
              [
                19.049418398722338,
                45.98521675277221
              ],
              [
                19.049721,
                45.993111
              ],
              [
                19.06543,
                46.012025
              ],
              [
                19.088478,
                46.018846
              ],
              [
                19.111009,
                46.012955
              ],
              [
                19.121160900283506,
                45.99943035254876
              ],
              [
                19.146289,
                45.987012
              ],
              [
                19.208398,
                45.984424
              ],
              [
                19.278125,
                46.002881
              ],
              [
                19.279350161577188,
                46.00348326695235
              ],
              [
                19.279474,
                46.003808
              ],
              [
                19.286915,
                46.016159
              ],
              [
                19.298315,
                46.022123
              ],
              [
                19.306966,
                46.026649
              ],
              [
                19.325156,
                46.029491
              ],
              [
                19.33323945277591,
                46.02952486311298
              ],
              [
                19.392871,
                46.049805
              ],
              [
                19.39685808226556,
                46.05186013340228
              ],
              [
                19.404738,
                46.060239
              ],
              [
                19.417243,
                46.064321
              ],
              [
                19.42186662229331,
                46.06481810524521
              ],
              [
                19.45752,
                46.087354
              ],
              [
                19.493576442609633,
                46.12074222056567
              ],
              [
                19.48928,
                46.126023
              ],
              [
                19.487523,
                46.134239
              ],
              [
                19.501993,
                46.145608
              ],
              [
                19.525247,
                46.156409
              ],
              [
                19.549948,
                46.16416
              ],
              [
                19.568449,
                46.166434
              ],
              [
                19.589739,
                46.165969
              ],
              [
                19.647824,
                46.173875
              ],
              [
                19.669321,
                46.1731
              ],
              [
                19.690095,
                46.168398
              ],
              [
                19.711889,
                46.15871
              ],
              [
                19.727541152246285,
                46.15175229232008
              ],
              [
                19.844434,
                46.145898
              ],
              [
                19.855910556380756,
                46.14789213616303
              ],
              [
                19.873649,
                46.152992
              ],
              [
                19.888946,
                46.15739
              ],
              [
                19.92915,
                46.16354
              ],
              [
                19.993125,
                46.159406
              ],
              [
                20.00296653278345,
                46.15554232022002
              ],
              [
                20.074947929660045,
                46.14934292304726
              ],
              [
                20.088623,
                46.154135
              ],
              [
                20.098442,
                46.154962
              ],
              [
                20.114772,
                46.152223
              ],
              [
                20.120146,
                46.149226
              ],
              [
                20.124443505269483,
                46.145080117033324
              ],
              [
                20.16006460841584,
                46.14201224983821
              ],
              [
                20.170479,
                46.145505
              ],
              [
                20.188462,
                46.140389
              ],
              [
                20.241885978355416,
                46.10864947286949
              ],
              [
                20.24722456956737,
                46.11197777638962
              ],
              [
                20.283237,
                46.1438
              ],
              [
                20.36355080901376,
                46.14534718374312
              ],
              [
                20.45500306989074,
                46.159009784659084
              ],
              [
                20.468549,
                46.174134
              ],
              [
                20.509373,
                46.167674
              ],
              [
                20.548957,
                46.15615
              ],
              [
                20.555646386992304,
                46.15188036896254
              ],
              [
                20.613672,
                46.133496
              ],
              [
                20.661035,
                46.145654
              ],
              [
                20.70457525013712,
                46.17113687776689
              ],
              [
                20.70533,
                46.180645
              ],
              [
                20.710291,
                46.188086
              ],
              [
                20.717836,
                46.189998
              ],
              [
                20.72537399363015,
                46.18815584759474
              ],
              [
                20.732715,
                46.194434
              ],
              [
                20.737402,
                46.21748
              ],
              [
                20.737539338189464,
                46.217652844666944
              ],
              [
                20.735509,
                46.222503
              ],
              [
                20.734992,
                46.231908
              ],
              [
                20.739333,
                46.237489
              ],
              [
                20.778504,
                46.260072
              ],
              [
                20.787369,
                46.26339
              ],
              [
                20.798658,
                46.267616
              ],
              [
                20.819638,
                46.271699
              ],
              [
                20.839689,
                46.271079
              ],
              [
                20.848991,
                46.267771
              ],
              [
                20.866956726614724,
                46.25713622494502
              ],
              [
                20.886262378546018,
                46.255472374559425
              ],
              [
                20.899737,
                46.260692
              ],
              [
                20.906558,
                46.26219
              ],
              [
                20.924438,
                46.259555
              ],
              [
                20.9588294455362,
                46.24921820905272
              ],
              [
                20.967315798426625,
                46.2484868159053
              ],
              [
                20.981489,
                46.248858
              ],
              [
                20.990584,
                46.251597
              ],
              [
                20.999162,
                46.251597
              ],
              [
                21.007017,
                46.248858
              ],
              [
                21.012076601655412,
                46.244629122833
              ],
              [
                21.039844,
                46.242236
              ],
              [
                21.085109384138416,
                46.264463805940984
              ],
              [
                21.099208,
                46.27635
              ],
              [
                21.105616,
                46.278675
              ],
              [
                21.113959454405194,
                46.278630785311194
              ],
              [
                21.12168,
                46.282422
              ],
              [
                21.151953,
                46.304346
              ],
              [
                21.166862528274176,
                46.343394956860465
              ],
              [
                21.167162,
                46.346618
              ],
              [
                21.127042,
                46.50972
              ],
              [
                18.986109,
                47.67121
              ],
              [
                17.480765,
                48.18674
              ],
              [
                13.834488,
                49.659282
              ],
              [
                11.392486,
                51.151567
              ],
              [
                11.2065544702012,
                53.98682797245301
              ],
              [
                11.104297,
                54.00918
              ],
              [
                11.04076340869417,
                54.00445629771917
              ],
              [
                11.000255,
                53.991604
              ],
              [
                10.981212,
                53.989244
              ],
              [
                10.964692,
                53.985419
              ],
              [
                10.935395,
                53.967271
              ],
              [
                10.922618,
                53.961371
              ],
              [
                10.917654,
                53.960761
              ],
              [
                10.906016,
                53.961208
              ],
              [
                10.90211,
                53.961371
              ],
              [
                10.88738,
                53.963935
              ],
              [
                10.883556,
                53.973131
              ],
              [
                10.882579,
                53.985053
              ],
              [
                10.875499,
                53.995429
              ],
              [
                10.865571,
                53.997789
              ],
              [
                10.826915,
                53.995429
              ],
              [
                10.799653,
                54.000556
              ],
              [
                10.780447,
                54.009955
              ],
              [
                10.76588,
                54.024359
              ],
              [
                10.752615,
                54.043891
              ],
              [
                10.752615,
                54.050116
              ],
              [
                10.762869,
                54.05683
              ],
              [
                10.801443,
                54.092231
              ],
              [
                10.805431,
                54.094875
              ],
              [
                10.813324,
                54.097886
              ],
              [
                10.822276,
                54.097357
              ],
              [
                10.829356,
                54.092841
              ],
              [
                10.836111,
                54.089993
              ],
              [
                10.844574,
                54.094468
              ],
              [
                10.846721895705302,
                54.094423464084954
              ],
              [
                11.008594,
                54.181152
              ],
              [
                11.034789509836497,
                54.22783235061088
              ],
              [
                8.929677,
                54.437111
              ],
              [
                8.907237,
                54.425523
              ],
              [
                8.886078,
                54.417792
              ],
              [
                8.860688,
                54.413804
              ],
              [
                8.750824,
                54.413804
              ],
              [
                8.66977,
                54.400824
              ],
              [
                8.668881719033198,
                54.401056256185626
              ],
              [
                8.648047,
                54.397656
              ],
              [
                8.632871861805457,
                54.36787208217733
              ],
              [
                8.634776,
                54.365424
              ],
              [
                8.650645,
                54.377997
              ],
              [
                8.663829,
                54.375556
              ],
              [
                8.677582,
                54.367906
              ],
              [
                8.695567,
                54.365424
              ],
              [
                8.695567,
                54.358588
              ],
              [
                8.672048,
                54.35928
              ],
              [
                8.641368,
                54.355658
              ],
              [
                8.626512370430296,
                54.351701243484634
              ],
              [
                8.644922,
                54.294971
              ],
              [
                8.736035,
                54.295215
              ],
              [
                8.780371,
                54.313037
              ],
              [
                8.848376500141393,
                54.30016399470571
              ],
              [
                8.857595,
                54.301825
              ],
              [
                8.88795,
                54.303941
              ],
              [
                8.885916,
                54.300727
              ],
              [
                8.883067,
                54.293606
              ],
              [
                8.881114,
                54.290269
              ],
              [
                8.902599,
                54.295844
              ],
              [
                8.940278,
                54.315009
              ],
              [
                8.963145,
                54.317613
              ],
              [
                8.953136,
                54.302558
              ],
              [
                8.937511,
                54.286689
              ],
              [
                8.922048,
                54.274237
              ],
              [
                8.911469,
                54.269192
              ],
              [
                8.895954182967921,
                54.26831342953455
              ],
              [
                8.906641,
                54.260791
              ],
              [
                8.905224021326351,
                54.14267256463093
              ],
              [
                8.917979,
                54.146308
              ],
              [
                8.952891,
                54.150092
              ],
              [
                8.977306,
                54.145697
              ],
              [
                8.977306,
                54.139472
              ],
              [
                8.974457,
                54.128079
              ],
              [
                8.988129,
                54.117865
              ],
              [
                9.006684,
                54.10814
              ],
              [
                9.018321,
                54.097886
              ],
              [
                9.018565,
                54.082424
              ],
              [
                9.013031,
                54.060981
              ],
              [
                9.004893,
                54.041164
              ],
              [
                8.997244,
                54.030219
              ],
              [
                8.975352,
                54.024075
              ],
              [
                8.953868,
                54.028306
              ],
              [
                8.914561,
                54.043891
              ],
              [
                8.904059579795213,
                54.04560546383782
              ],
              [
                8.903516,
                54.000293
              ],
              [
                8.92041,
                53.965332
              ],
              [
                8.978125,
                53.926221
              ],
              [
                9.069629,
                53.900928
              ],
              [
                9.216406,
                53.891211
              ],
              [
                9.217593016384043,
                53.89081270401857
              ],
              [
                9.22047,
                53.890774
              ],
              [
                9.257823,
                53.885565
              ],
              [
                9.295584,
                53.871894
              ],
              [
                9.358735,
                53.839545
              ],
              [
                9.395193,
                53.831
              ],
              [
                9.396658,
                53.811021
              ],
              [
                9.412446,
                53.778754
              ],
              [
                9.414725098569354,
                53.775819743535685
              ],
              [
                9.466104022799913,
                53.73414596684067
              ],
              [
                9.475271,
                53.732164
              ],
              [
                9.522227,
                53.71662
              ],
              [
                9.532237,
                53.711168
              ],
              [
                9.536143,
                53.693752
              ],
              [
                9.538075704643013,
                53.675769271679926
              ],
              [
                9.63125,
                53.600195
              ],
              [
                9.718750490430635,
                53.574096211635535
              ],
              [
                9.782074,
                53.569729
              ],
              [
                9.819591,
                53.556627
              ],
              [
                9.832042,
                53.543606
              ],
              [
                9.819021,
                53.540351
              ],
              [
                9.764008,
                53.547675
              ],
              [
                9.696625,
                53.556627
              ],
              [
                9.675186348087832,
                53.56542266823868
              ],
              [
                9.673145,
                53.565625
              ],
              [
                9.62679332977259,
                53.584031459275096
              ],
              [
                9.624766,
                53.584621
              ],
              [
                9.600922,
                53.58633
              ],
              [
                9.582367,
                53.591295
              ],
              [
                9.567068,
                53.599595
              ],
              [
                9.498383,
                53.659857
              ],
              [
                9.49056840200044,
                53.6771374813722
              ],
              [
                9.447232005886951,
                53.71218270392911
              ],
              [
                9.442882,
                53.714301
              ],
              [
                9.40268,
                53.742418
              ],
              [
                9.378607621887882,
                53.767677784871694
              ],
              [
                9.321973,
                53.813477
              ],
              [
                9.205566,
                53.855957
              ],
              [
                9.020993318857947,
                53.84380613905026
              ],
              [
                9.016287,
                53.840522
              ],
              [
                8.99010142047559,
                53.84177245151104
              ],
              [
                8.956924013506184,
                53.83958830347644
              ],
              [
                8.903575,
                53.831732
              ],
              [
                8.860688,
                53.831
              ],
              [
                8.782481,
                53.842475
              ],
              [
                8.74464,
                53.854153
              ],
              [
                8.735987131610838,
                53.858499187374775
              ],
              [
                8.618945,
                53.875
              ],
              [
                8.575586,
                53.838477
              ],
              [
                8.540897084735157,
                53.79628298847757
              ],
              [
                8.529633,
                53.770697
              ],
              [
                8.524923822487088,
                53.76371003225799
              ],
              [
                8.50625,
                53.670752
              ],
              [
                8.527062242318777,
                53.59721652986278
              ],
              [
                8.527517,
                53.596625
              ],
              [
                8.535167,
                53.590766
              ],
              [
                8.560802,
                53.551703
              ],
              [
                8.565766,
                53.546698
              ],
              [
                8.556651,
                53.518215
              ],
              [
                8.535818,
                53.506171
              ],
              [
                8.523618440591271,
                53.501023040031626
              ],
              [
                8.501435728388572,
                53.417625333230454
              ],
              [
                8.507335,
                53.382799
              ],
              [
                8.504405,
                53.358059
              ],
              [
                8.490896,
                53.376451
              ],
              [
                8.485037,
                53.40119
              ],
              [
                8.483897,
                53.457343
              ],
              [
                8.490001,
                53.486396
              ],
              [
                8.493177579549599,
                53.49062588193807
              ],
              [
                8.492676,
                53.514355
              ],
              [
                8.451367,
                53.551709
              ],
              [
                8.41377269380594,
                53.56914676756151
              ],
              [
                8.387706,
                53.577135
              ],
              [
                8.375500003489176,
                53.586899197257985
              ],
              [
                8.333887,
                53.606201
              ],
              [
                8.301563,
                53.584131
              ],
              [
                8.284269481564223,
                53.52820897879465
              ],
              [
                8.291515,
                53.529364
              ],
              [
                8.320486,
                53.509223
              ],
              [
                8.315115,
                53.474921
              ],
              [
                8.292817,
                53.440497
              ],
              [
                8.271739,
                53.419501
              ],
              [
                8.259451,
                53.412299
              ],
              [
                8.248709,
                53.408393
              ],
              [
                8.236501,
                53.406724
              ],
              [
                8.219737,
                53.40644
              ],
              [
                8.205333,
                53.410712
              ],
              [
                8.194835,
                53.420111
              ],
              [
                8.186697,
                53.429511
              ],
              [
                8.178559,
                53.433743
              ],
              [
                8.171397,
                53.436591
              ],
              [
                8.152354,
                53.449774
              ],
              [
                8.140636,
                53.453599
              ],
              [
                8.123871,
                53.454006
              ],
              [
                8.112478,
                53.451077
              ],
              [
                8.099783,
                53.447414
              ],
              [
                8.086192,
                53.456122
              ],
              [
                8.076996,
                53.468695
              ],
              [
                8.058767,
                53.502021
              ],
              [
                8.076345,
                53.508612
              ],
              [
                8.115733,
                53.510728
              ],
              [
                8.1338,
                53.516303
              ],
              [
                8.15268196402985,
                53.524785796701174
              ],
              [
                8.166066595441977,
                53.54208526262095
              ],
              [
                8.166404081206029,
                53.544048290262104
              ],
              [
                8.142841570144315,
                53.566043381395644
              ],
              [
                8.134613,
                53.56745
              ],
              [
                8.119151,
                53.571926
              ],
              [
                8.125821616900325,
                53.58193113723412
              ],
              [
                8.107297709069064,
                53.599222801939575
              ],
              [
                8.094086,
                53.604722
              ],
              [
                8.052908,
                53.636298
              ],
              [
                8.024913,
                53.672553
              ],
              [
                8.025594277003487,
                53.675491177135164
              ],
              [
                8.009277,
                53.690723
              ],
              [
                7.650792322549895,
                53.69689427338219
              ],
              [
                7.503917,
                53.678656
              ],
              [
                7.480235,
                53.682034
              ],
              [
                7.47057348299049,
                53.68992470711957
              ],
              [
                7.291355393795959,
                53.68163037650335
              ],
              [
                7.2747821261856975,
                53.677785976356255
              ],
              [
                7.207225961461419,
                53.65480664521687
              ],
              [
                7.205843654289879,
                53.653950292700735
              ],
              [
                7.11272899024799,
                53.5624829207842
              ],
              [
                7.131114,
                53.556952
              ],
              [
                7.139985,
                53.549791
              ],
              [
                7.141775,
                53.537177
              ],
              [
                7.134532,
                53.527411
              ],
              [
                7.125011,
                53.524359
              ],
              [
                7.11964,
                53.516303
              ],
              [
                7.0918061016577925,
                53.51992975336109
              ],
              [
                7.074316,
                53.477637
              ],
              [
                7.05332,
                53.37583
              ],
              [
                7.133044762755807,
                53.336362079800516
              ],
              [
                7.302908,
                53.33275
              ],
              [
                7.34254,
                53.324042
              ],
              [
                7.366547,
                53.302802
              ],
              [
                7.347667,
                53.307359
              ],
              [
                7.313162,
                53.320502
              ],
              [
                7.291515,
                53.32392
              ],
              [
                7.268321,
                53.323676
              ],
              [
                7.254731,
                53.319525
              ],
              [
                7.229503,
                53.296576
              ],
              [
                7.23699,
                53.285549
              ],
              [
                7.233572,
                53.273627
              ],
              [
                7.22462,
                53.262926
              ],
              [
                7.215831,
                53.255601
              ],
              [
                7.204438,
                53.248277
              ],
              [
                7.194591,
                53.245022
              ],
              [
                7.197472,
                53.216624
              ],
              [
                7.198506,
                53.200578
              ],
              [
                7.195405,
                53.184998
              ],
              [
                7.189059730979895,
                53.16898924254992
              ],
              [
                7.189570292080863,
                53.070803007051644
              ],
              [
                7.194372,
                53.033844
              ],
              [
                7.192821,
                52.998006
              ],
              [
                7.183623,
                52.966122
              ],
              [
                7.161919,
                52.932636
              ],
              [
                7.126258868782449,
                52.89864889046346
              ],
              [
                7.11709,
                52.887012
              ],
              [
                7.050879,
                52.744775
              ],
              [
                7.048094042275887,
                52.73021860522109
              ],
              [
                7.043993,
                52.682625
              ],
              [
                7.036655,
                52.647382
              ],
              [
                7.018465,
                52.625988
              ],
              [
                6.982808,
                52.632783
              ],
              [
                6.97957621076679,
                52.633613168670415
              ],
              [
                6.935121430685315,
                52.633703338935135
              ],
              [
                6.91842,
                52.632189
              ],
              [
                6.909921966661447,
                52.63375445250128
              ],
              [
                6.748438,
                52.634082
              ],
              [
                6.710742,
                52.617871
              ],
              [
                6.708758746469851,
                52.61040656691269
              ],
              [
                6.710164,
                52.60865
              ],
              [
                6.7082,
                52.599685
              ],
              [
                6.70623510493947,
                52.5961012698929
              ],
              [
                6.71875,
                52.573584
              ],
              [
                6.718527046814018,
                52.57274367581478
              ],
              [
                6.743753,
                52.559713
              ],
              [
                6.712511233596994,
                52.55006970810361
              ],
              [
                6.712402,
                52.549658
              ],
              [
                6.691602,
                52.530176
              ],
              [
                6.70293,
                52.499219
              ],
              [
                6.748828,
                52.464014
              ],
              [
                6.812378294547195,
                52.447514402066915
              ],
              [
                6.820338,
                52.446826
              ],
              [
                6.840505557547357,
                52.44210647307415
              ],
              [
                6.92207,
                52.440283
              ],
              [
                6.961429507373285,
                52.44353549194222
              ],
              [
                6.966995,
                52.449565
              ],
              [
                6.9733,
                52.451373
              ],
              [
                7.034175,
                52.390783
              ],
              [
                7.048231,
                52.365074
              ],
              [
                7.039756,
                52.328616
              ],
              [
                7.0290075234590335,
                52.313297102483105
              ],
              [
                7.019629,
                52.266016
              ],
              [
                7.014908875492366,
                52.25927843794769
              ],
              [
                7.020739,
                52.245262
              ],
              [
                7.0266,
                52.238623
              ],
              [
                7.029111,
                52.235779
              ],
              [
                7.02632,
                52.230637
              ],
              [
                6.98365126047143,
                52.21466094523749
              ],
              [
                6.977246,
                52.205518
              ],
              [
                6.961240476548419,
                52.1963828980608
              ],
              [
                6.947668,
                52.182811
              ],
              [
                6.927721,
                52.171907
              ],
              [
                6.909957036726658,
                52.167113036816836
              ],
              [
                6.856485093852444,
                52.13659409437045
              ],
              [
                6.843282,
                52.119998
              ],
              [
                6.830673,
                52.112893
              ],
              [
                6.797887337607172,
                52.11061841388208
              ],
              [
                6.749023,
                52.098682
              ],
              [
                6.724512,
                52.080225
              ],
              [
                6.712988,
                52.056885
              ],
              [
                6.715625,
                52.036182
              ],
              [
                6.760007315719639,
                52.00755045772445
              ],
              [
                6.77817,
                52.001271
              ],
              [
                6.804008,
                51.984373
              ],
              [
                6.809176,
                51.979542
              ],
              [
                6.811656,
                51.972798
              ],
              [
                6.810726,
                51.960576
              ],
              [
                6.805662,
                51.957527
              ],
              [
                6.798014,
                51.956701
              ],
              [
                6.789849,
                51.951145
              ],
              [
                6.767008,
                51.925514
              ],
              [
                6.743753,
                51.908331
              ],
              [
                6.716675,
                51.899262
              ],
              [
                6.694254720799237,
                51.898816998412194
              ],
              [
                6.517578,
                51.853955
              ],
              [
                6.484723475095662,
                51.85553175316112
              ],
              [
                6.479428,
                51.853012
              ],
              [
                6.462892,
                51.848361
              ],
              [
                6.442531,
                51.848361
              ],
              [
                6.415532469465583,
                51.85331425579704
              ],
              [
                6.38654832214048,
                51.83775074740315
              ],
              [
                6.386617,
                51.837561
              ],
              [
                6.382483,
                51.827587
              ],
              [
                6.344966,
                51.821102
              ],
              [
                6.3432164503742605,
                51.83019708947916
              ],
              [
                6.312697285278415,
                51.843777946063604
              ],
              [
                6.287399,
                51.846165
              ],
              [
                6.282851,
                51.849601
              ],
              [
                6.277861526652743,
                51.85514992238882
              ],
              [
                6.238057538763394,
                51.864304784729065
              ],
              [
                6.22518,
                51.862546
              ],
              [
                6.191384,
                51.87115
              ],
              [
                6.177105526730143,
                51.87832366346747
              ],
              [
                6.166504,
                51.880762
              ],
              [
                6.118794007775941,
                51.8707471196467
              ],
              [
                6.142705,
                51.855182
              ],
              [
                6.156141,
                51.842056
              ],
              [
                6.140018,
                51.844537
              ],
              [
                6.116453,
                51.848283
              ],
              [
                6.086747535620977,
                51.853202941793896
              ],
              [
                6.01539612573183,
                51.83587336626644
              ],
              [
                6.008243,
                51.832574
              ],
              [
                6.001710722835673,
                51.83084485786865
              ],
              [
                5.94873,
                51.802686
              ],
              [
                5.948701980332423,
                51.7968975677504
              ],
              [
                5.950778,
                51.795909
              ],
              [
                5.964111,
                51.776556
              ],
              [
                5.962354,
                51.756351
              ],
              [
                5.957553964308954,
                51.75338727689539
              ],
              [
                5.982387966315371,
                51.72856495317857
              ],
              [
                5.989742,
                51.726379
              ],
              [
                6.012067,
                51.715863
              ],
              [
                6.021989,
                51.709506
              ],
              [
                6.015383766603935,
                51.69558466929817
              ],
              [
                6.052734,
                51.658252
              ],
              [
                6.0564736522613805,
                51.65616277399264
              ],
              [
                6.099193,
                51.644472
              ],
              [
                6.089861556378592,
                51.626593724250995
              ],
              [
                6.091113,
                51.598926
              ],
              [
                6.141602,
                51.550098
              ],
              [
                6.147282291312062,
                51.54337071422658
              ],
              [
                6.15304,
                51.538431
              ],
              [
                6.193348,
                51.509338
              ],
              [
                6.200479,
                51.476575
              ],
              [
                6.205337,
                51.458436
              ],
              [
                6.201719,
                51.438644
              ],
              [
                6.194071,
                51.417379
              ],
              [
                6.192727,
                51.398957
              ],
              [
                6.207817,
                51.387666
              ],
              [
                6.202029,
                51.378881
              ],
              [
                6.198929,
                51.35697
              ],
              [
                6.193554,
                51.344516
              ],
              [
                6.183632,
                51.335705
              ],
              [
                6.158208,
                51.324594
              ],
              [
                6.147769,
                51.318161
              ],
              [
                6.113242626347675,
                51.2781872410971
              ],
              [
                6.075879,
                51.224121
              ],
              [
                6.074805,
                51.199023
              ],
              [
                6.082422,
                51.17998
              ],
              [
                6.112475488731571,
                51.17486089782338
              ],
              [
                6.134126,
                51.184215
              ],
              [
                6.157071,
                51.179254
              ],
              [
                6.149113,
                51.176335
              ],
              [
                6.131332800899024,
                51.16718295758373
              ],
              [
                6.136914,
                51.164844
              ],
              [
                6.134812602083821,
                51.15956110867106
              ],
              [
                6.147252,
                51.152254
              ],
              [
                6.132369,
                51.139825
              ],
              [
                6.086963025053066,
                51.12431200285234
              ],
              [
                5.964791650547613,
                51.05870631100436
              ],
              [
                5.950262,
                51.03947
              ],
              [
                5.937963,
                51.030943
              ],
              [
                5.919566,
                51.029703
              ],
              [
                5.906233,
                51.037403
              ],
              [
                5.898947826554539,
                51.04337396125639
              ],
              [
                5.868359,
                51.045312
              ],
              [
                5.85752,
                51.030127
              ]
            ]
          ],
          [
            [
              [
                8.529950047568663,
                53.524827230315296
              ],
              [
                8.552094,
                53.5362
              ],
              [
                8.552094,
                53.543606
              ],
              [
                8.536166809890814,
                53.548199652797166
              ],
              [
                8.529950047568663,
                53.524827230315296
              ]
            ]
          ]
        ]
      }
    },
    {
      "type": "Feature",
      "properties": {
        "fid": null,
        "prob": 5,
        "warning": 0,
        "date": "1",
        "kind": "outlook",
        "hazard": "general",
        "title": "",
        "description": "",
        "hatched": false,
        "doubleHatch": false,
        "probability": "45",
        "intensity": "2",
        "riskLabel": "General Risk"
      },
      "geometry": {
        "type": "MultiPolygon",
        "coordinates": [
          [
            [
              [
                5.85752,
                51.030127
              ],
              [
                5.867188,
                51.005664
              ],
              [
                5.894727,
                50.984229
              ],
              [
                5.931643189820051,
                50.977329120608275
              ],
              [
                5.94158,
                50.976476
              ],
              [
                5.967832,
                50.970998
              ],
              [
                6.003695,
                50.973737
              ],
              [
                6.005762,
                50.968518
              ],
              [
                5.999664,
                50.960095
              ],
              [
                5.9970086449678535,
                50.95431765850746
              ],
              [
                6.006836,
                50.949951
              ],
              [
                6.041461680804491,
                50.9124405393852
              ],
              [
                6.063743,
                50.90754
              ],
              [
                6.061779,
                50.903509
              ],
              [
                6.056508,
                50.898083
              ],
              [
                6.054648,
                50.891468
              ],
              [
                6.063123,
                50.870901
              ],
              [
                6.062813,
                50.862943
              ],
              [
                6.056715,
                50.852659
              ],
              [
                6.045553,
                50.844184
              ],
              [
                6.027374643295598,
                50.8451852578523
              ],
              [
                5.995936246640066,
                50.75608258901287
              ],
              [
                5.99491,
                50.749927
              ],
              [
                5.99454991797653,
                50.74952185329766
              ],
              [
                6.0005082528152585,
                50.74048812085652
              ],
              [
                6.010826,
                50.737059
              ],
              [
                6.0112180103322475,
                50.72977079243025
              ],
              [
                6.049533157899713,
                50.71188260184558
              ],
              [
                6.064363,
                50.714477
              ],
              [
                6.081003,
                50.713495
              ],
              [
                6.100227,
                50.701299
              ],
              [
                6.161102,
                50.642181
              ],
              [
                6.153099261039417,
                50.63892420396009
              ],
              [
                6.154492,
                50.637256
              ],
              [
                6.198719554447917,
                50.615222048065235
              ],
              [
                6.249055,
                50.614431
              ],
              [
                6.251329,
                50.608437
              ],
              [
                6.244301,
                50.599548
              ],
              [
                6.232932,
                50.590763
              ],
              [
                6.232932,
                50.587146
              ],
              [
                6.2139014794173155,
                50.57992132422782
              ],
              [
                6.168457,
                50.545361
              ],
              [
                6.174093704600976,
                50.532799625235334
              ],
              [
                6.177328,
                50.530198
              ],
              [
                6.1758925023545705,
                50.52879101128298
              ],
              [
                6.178711,
                50.52251
              ],
              [
                6.18607103070737,
                50.515430556085924
              ],
              [
                6.190557,
                50.515212
              ],
              [
                6.18855516557128,
                50.513041124011075
              ],
              [
                6.203027,
                50.499121
              ],
              [
                6.2490070587381075,
                50.49230467332075
              ],
              [
                6.250915,
                50.492681
              ],
              [
                6.253086,
                50.494077
              ],
              [
                6.255566,
                50.494593
              ],
              [
                6.25784,
                50.494077
              ],
              [
                6.260114,
                50.492681
              ],
              [
                6.273096052765195,
                50.488733593657756
              ],
              [
                6.294922,
                50.485498
              ],
              [
                6.295487525002419,
                50.48508316363202
              ],
              [
                6.318715,
                50.481674
              ],
              [
                6.336905,
                50.481003
              ],
              [
                6.325743,
                50.474026
              ],
              [
                6.323262,
                50.466016
              ],
              [
                6.323812549796364,
                50.46430556695953
              ],
              [
                6.340918,
                50.451758
              ],
              [
                6.3416654881284416,
                50.437673836339236
              ],
              [
                6.347343,
                50.436974
              ],
              [
                6.351167,
                50.433564
              ],
              [
                6.350444,
                50.416872
              ],
              [
                6.3444436246379725,
                50.397044087360705
              ],
              [
                6.356879320570563,
                50.34677639900899
              ],
              [
                6.372458,
                50.329436
              ],
              [
                6.3734,
                50.32308
              ],
              [
                6.374525,
                50.315483
              ],
              [
                6.362019,
                50.306956
              ],
              [
                6.336936337735027,
                50.304028540453245
              ],
              [
                6.268594739571601,
                50.27389334423316
              ],
              [
                6.271792,
                50.267424
              ],
              [
                6.253396,
                50.256778
              ],
              [
                6.213447572292516,
                50.24957622623187
              ],
              [
                6.182973000699033,
                50.236138477929636
              ],
              [
                6.179808,
                50.233007
              ],
              [
                6.173692442288546,
                50.23022860113339
              ],
              [
                6.159252895884939,
                50.205188765521
              ],
              [
                6.160171,
                50.204534
              ],
              [
                6.165752,
                50.193165
              ],
              [
                6.165132,
                50.181899
              ],
              [
                6.159138,
                50.172443
              ],
              [
                6.151696,
                50.169342
              ],
              [
                6.138177282127011,
                50.16864122523283
              ],
              [
                6.1227406590868245,
                50.141872343958276
              ],
              [
                6.125962,
                50.140196
              ],
              [
                6.129476,
                50.134047
              ],
              [
                6.126582,
                50.127329
              ],
              [
                6.117487,
                50.120456
              ],
              [
                6.114291918704855,
                50.11378024097336
              ],
              [
                6.108301,
                50.094238
              ],
              [
                6.109050935447255,
                50.063594050731055
              ],
              [
                6.109425,
                50.06356
              ],
              [
                6.109059591322946,
                50.0632403533341
              ],
              [
                6.1095879430540965,
                50.04165078358539
              ],
              [
                6.113766,
                50.036378
              ],
              [
                6.119967,
                50.015501
              ],
              [
                6.119526521009321,
                50.013746977926004
              ],
              [
                6.13323926358367,
                49.984766275333534
              ],
              [
                6.138777,
                49.979328
              ],
              [
                6.14452750157145,
                49.968687698533756
              ],
              [
                6.1668987619345135,
                49.948838693046035
              ],
              [
                6.172677,
                49.956228
              ],
              [
                6.189834,
                49.938297
              ],
              [
                6.204486159848836,
                49.91548909828192
              ],
              [
                6.204883,
                49.915137
              ],
              [
                6.256055,
                49.872168
              ],
              [
                6.257832834191841,
                49.87127908290408
              ],
              [
                6.272206,
                49.867138
              ],
              [
                6.286779,
                49.86104
              ],
              [
                6.291533,
                49.855563
              ],
              [
                6.292461225986409,
                49.853964887006796
              ],
              [
                6.322286632695756,
                49.83905218365212
              ],
              [
                6.325639,
                49.84037
              ],
              [
                6.334424,
                49.840215
              ],
              [
                6.351374,
                49.83329
              ],
              [
                6.359963745711273,
                49.82799091734887
              ],
              [
                6.44032518800086,
                49.805488
              ],
              [
                6.462478,
                49.805488
              ],
              [
                6.493278,
                49.799597
              ],
              [
                6.497205,
                49.799442
              ],
              [
                6.502579,
                49.79567
              ],
              [
                6.502269,
                49.795876
              ],
              [
                6.500099,
                49.794481
              ],
              [
                6.499996,
                49.786058
              ],
              [
                6.498549,
                49.785386
              ],
              [
                6.493794,
                49.76363
              ],
              [
                6.493691,
                49.756551
              ],
              [
                6.496378,
                49.752106
              ],
              [
                6.495965,
                49.748231
              ],
              [
                6.492141461179072,
                49.74605455433044
              ],
              [
                6.488106507168439,
                49.725132886623705
              ],
              [
                6.492554,
                49.718413
              ],
              [
                6.499686,
                49.712212
              ],
              [
                6.491004,
                49.714434
              ],
              [
                6.486353,
                49.712936
              ],
              [
                6.485527460383983,
                49.711760253458046
              ],
              [
                6.484766,
                49.707812
              ],
              [
                6.483974572501885,
                49.70730364630319
              ],
              [
                6.489764,
                49.702962
              ],
              [
                6.491727,
                49.700792
              ],
              [
                6.442753547262456,
                49.6801966784341
              ],
              [
                6.411267764206072,
                49.64940142045544
              ],
              [
                6.417003,
                49.645756
              ],
              [
                6.417933,
                49.639142
              ],
              [
                6.415246,
                49.634646
              ],
              [
                6.407701,
                49.627411
              ],
              [
                6.397573,
                49.613872
              ],
              [
                6.377764846555494,
                49.5979942952789
              ],
              [
                6.348438,
                49.512695
              ],
              [
                6.345163592660841,
                49.46483133874614
              ],
              [
                6.34538,
                49.462718
              ],
              [
                6.345307,
                49.455349
              ],
              [
                6.353855,
                49.45476
              ],
              [
                6.3645,
                49.456104
              ],
              [
                6.383517,
                49.46463
              ],
              [
                6.391682,
                49.466697
              ],
              [
                6.402741,
                49.465457
              ],
              [
                6.494518,
                49.435537
              ],
              [
                6.511674,
                49.424736
              ],
              [
                6.517876,
                49.416416
              ],
              [
                6.520563,
                49.408148
              ],
              [
                6.520744157172911,
                49.40324004766011
              ],
              [
                6.534277,
                49.394678
              ],
              [
                6.540519381036279,
                49.38522887633285
              ],
              [
                6.574306,
                49.361794
              ],
              [
                6.577717,
                49.3558
              ],
              [
                6.573376,
                49.347738
              ],
              [
                6.565454217892788,
                49.347484887988024
              ],
              [
                6.566309,
                49.346191
              ],
              [
                6.574707,
                49.319678
              ],
              [
                6.605521921485513,
                49.29270300537599
              ],
              [
                6.639677,
                49.271154
              ],
              [
                6.641227,
                49.266916
              ],
              [
                6.639487030048082,
                49.25839039977115
              ],
              [
                6.648311485227472,
                49.24939743830936
              ],
              [
                6.659521,
                49.246763
              ],
              [
                6.663758,
                49.243869
              ],
              [
                6.671364270359661,
                49.22590445159612
              ],
              [
                6.687917944450653,
                49.20903467888776
              ],
              [
                6.698485,
                49.213586
              ],
              [
                6.702516,
                49.213638
              ],
              [
                6.70882,
                49.197773
              ],
              [
                6.705967133514726,
                49.190640833786816
              ],
              [
                6.735449,
                49.160596
              ],
              [
                6.768977353235142,
                49.15530157397041
              ],
              [
                6.770108,
                49.155295
              ],
              [
                6.772136450828467,
                49.15480272428308
              ],
              [
                6.77627,
                49.15415
              ],
              [
                6.820703,
                49.173926
              ],
              [
                6.8324381205018305,
                49.18534257892689
              ],
              [
                6.827676,
                49.195551
              ],
              [
                6.833464,
                49.209452
              ],
              [
                6.843489,
                49.211054
              ],
              [
                6.8784569069386805,
                49.205817272450844
              ],
              [
                6.891211,
                49.20752
              ],
              [
                6.900343716813455,
                49.2057651952237
              ],
              [
                6.914389,
                49.206662
              ],
              [
                6.925448,
                49.205576
              ],
              [
                6.951379983053914,
                49.195958837970664
              ],
              [
                6.958301,
                49.194629
              ],
              [
                6.99469225343534,
                49.18219675500052
              ],
              [
                7.009474,
                49.181702
              ],
              [
                7.009140805430221,
                49.15895518696255
              ],
              [
                7.022168,
                49.123437
              ],
              [
                7.036719,
                49.112695
              ],
              [
                7.065723,
                49.124854
              ],
              [
                7.074777568453378,
                49.1253246062001
              ],
              [
                7.074793,
                49.125375
              ],
              [
                7.071589,
                49.130594
              ],
              [
                7.070762,
                49.136123
              ],
              [
                7.079857,
                49.142014
              ],
              [
                7.085335,
                49.141549
              ],
              [
                7.114968329560335,
                49.127413498836034
              ],
              [
                7.117383,
                49.127539
              ],
              [
                7.196663927281783,
                49.11416906841996
              ],
              [
                7.20350243742353,
                49.11412805179823
              ],
              [
                7.295797995286231,
                49.12707482242187
              ],
              [
                7.297105,
                49.128114
              ],
              [
                7.305993,
                49.130129
              ],
              [
                7.320223310132559,
                49.1313146273835
              ],
              [
                7.334872944106961,
                49.13511091824001
              ],
              [
                7.339066,
                49.139689
              ],
              [
                7.3463,
                49.15421
              ],
              [
                7.350951,
                49.159171
              ],
              [
                7.367591,
                49.165372
              ],
              [
                7.371634,
                49.166174
              ],
              [
                7.391052,
                49.170023
              ],
              [
                7.410483,
                49.168938
              ],
              [
                7.414823,
                49.157776
              ],
              [
                7.458025,
                49.155864
              ],
              [
                7.476112,
                49.151523
              ],
              [
                7.482726,
                49.137054
              ],
              [
                7.475285,
                49.133901
              ],
              [
                7.473386185837195,
                49.132161377028595
              ],
              [
                7.525488,
                49.086377
              ],
              [
                7.5822000189794485,
                49.07004433674587
              ],
              [
                7.586389,
                49.069564
              ],
              [
                7.599873061287327,
                49.06495462465512
              ],
              [
                7.610938,
                49.061768
              ],
              [
                7.761754734825938,
                49.045849341339824
              ],
              [
                7.762606,
                49.046155
              ],
              [
                7.773665,
                49.048118
              ],
              [
                7.835273544695016,
                49.036370768025556
              ],
              [
                7.860503906250789,
                49.03250500377275
              ],
              [
                7.913811,
                49.036181
              ],
              [
                7.931898,
                49.034838
              ],
              [
                7.998986131917298,
                49.011286931394075
              ],
              [
                8.00127,
                49.010937
              ],
              [
                8.080664,
                48.985889
              ],
              [
                8.134863,
                48.973584
              ],
              [
                8.13489302774015,
                48.973105455882994
              ],
              [
                8.18873,
                48.965746
              ],
              [
                8.200305,
                48.958563
              ],
              [
                8.199892,
                48.95825
              ],
              [
                8.179325,
                48.942698
              ],
              [
                8.148112,
                48.903734
              ],
              [
                8.140153170913033,
                48.88927595164782
              ],
              [
                8.140332,
                48.886426
              ],
              [
                8.137192417137353,
                48.883897431669574
              ],
              [
                8.10274,
                48.821311
              ],
              [
                8.090338,
                48.807513
              ],
              [
                8.08424,
                48.804051
              ],
              [
                8.04755,
                48.791028
              ],
              [
                8.038765,
                48.79077
              ],
              [
                8.036594,
                48.788289
              ],
              [
                8.031943,
                48.785344
              ],
              [
                8.027293,
                48.780021
              ],
              [
                8.025122,
                48.770616
              ],
              [
                8.022952,
                48.765087
              ],
              [
                8.017267,
                48.761831
              ],
              [
                8.009619,
                48.760074
              ],
              [
                7.993423665904686,
                48.759895408879856
              ],
              [
                7.9639542992403305,
                48.73430801767308
              ],
              [
                7.963627,
                48.729275
              ],
              [
                7.959183,
                48.721368
              ],
              [
                7.948434,
                48.71186
              ],
              [
                7.935205,
                48.703333
              ],
              [
                7.92332,
                48.698217
              ],
              [
                7.895931,
                48.676513
              ],
              [
                7.882158684354828,
                48.66860310244882
              ],
              [
                7.837988,
                48.636035
              ],
              [
                7.8017133227678865,
                48.56106447638774
              ],
              [
                7.801673,
                48.54758
              ],
              [
                7.813455,
                48.526341
              ],
              [
                7.813455,
                48.519468
              ],
              [
                7.788444,
                48.506343
              ],
              [
                7.785622914576703,
                48.504421725291415
              ],
              [
                7.765137,
                48.41001
              ],
              [
                7.7465422912844195,
                48.36937040163503
              ],
              [
                7.746896,
                48.368677
              ],
              [
                7.75196,
                48.355344
              ],
              [
                7.75072,
                48.341366
              ],
              [
                7.736974,
                48.326664
              ],
              [
                7.725019586664807,
                48.322331532414346
              ],
              [
                7.705664,
                48.280029
              ],
              [
                7.688307664348245,
                48.25601169162613
              ],
              [
                7.687158,
                48.252921
              ],
              [
                7.676616,
                48.2384
              ],
              [
                7.673416689120505,
                48.23540589376602
              ],
              [
                7.616602,
                48.156787
              ],
              [
                7.58418,
                48.064307
              ],
              [
                7.599344191128392,
                48.02581716975435
              ],
              [
                7.618945,
                48.002652
              ],
              [
                7.621116,
                47.97144
              ],
              [
                7.611607,
                47.959399
              ],
              [
                7.600459973802307,
                47.951460009768596
              ],
              [
                7.593262,
                47.905664
              ],
              [
                7.538574,
                47.773633
              ],
              [
                7.53666208143551,
                47.75285455481869
              ],
              [
                7.53833,
                47.748146
              ],
              [
                7.537813,
                47.731816
              ],
              [
                7.534370603958798,
                47.72795112011263
              ],
              [
                7.529395,
                47.673877
              ],
              [
                7.53344464417671,
                47.66630994738464
              ],
              [
                7.536573,
                47.665205
              ],
              [
                7.550112,
                47.652441
              ],
              [
                7.572643,
                47.622004
              ],
              [
                7.578638,
                47.61694
              ],
              [
                7.585046,
                47.613167
              ],
              [
                7.590317,
                47.607948
              ],
              [
                7.592321741856724,
                47.59914006964885
              ],
              [
                7.615625,
                47.592725
              ],
              [
                7.619987298951207,
                47.591515526126116
              ],
              [
                7.637032,
                47.594977
              ],
              [
                7.659666,
                47.596579
              ],
              [
                7.652313216015361,
                47.58255296932393
              ],
              [
                7.698047,
                47.569873
              ],
              [
                7.790790226277532,
                47.567440659005854
              ],
              [
                7.801467,
                47.576089
              ],
              [
                7.819657,
                47.595339
              ],
              [
                7.833713,
                47.590481
              ],
              [
                7.898205,
                47.587846
              ],
              [
                7.904303,
                47.583557
              ],
              [
                7.907507,
                47.574177
              ],
              [
                7.90947,
                47.564798
              ],
              [
                7.909773045478326,
                47.564320142280735
              ],
              [
                7.927051,
                47.563867
              ],
              [
                8.09375,
                47.576172
              ],
              [
                8.103714907656954,
                47.57910562639574
              ],
              [
                8.105427,
                47.581257
              ],
              [
                8.113902,
                47.587846
              ],
              [
                8.122067,
                47.592135
              ],
              [
                8.143771,
                47.600067
              ],
              [
                8.162065,
                47.603762
              ],
              [
                8.168886,
                47.608646
              ],
              [
                8.173847,
                47.613529
              ],
              [
                8.179015,
                47.615803
              ],
              [
                8.232965,
                47.621952
              ],
              [
                8.251051,
                47.622004
              ],
              [
                8.276993,
                47.61663
              ],
              [
                8.288569,
                47.615803
              ],
              [
                8.293943,
                47.611462
              ],
              [
                8.296467742892716,
                47.606934
              ],
              [
                8.327832,
                47.606934
              ],
              [
                8.329087042207172,
                47.606683696232835
              ],
              [
                9.385361,
                49.745824
              ],
              [
                10.054403,
                52.393444
              ],
              [
                10.188211,
                53.819125
              ],
              [
                9.184649,
                54.231784
              ],
              [
                8.968789,
                54.14723
              ],
              [
                8.977306,
                54.145697
              ],
              [
                8.977306,
                54.139472
              ],
              [
                8.974457,
                54.128079
              ],
              [
                8.988129,
                54.117865
              ],
              [
                9.006684,
                54.10814
              ],
              [
                9.018321,
                54.097886
              ],
              [
                9.018565,
                54.082424
              ],
              [
                9.013031,
                54.060981
              ],
              [
                9.004893,
                54.041164
              ],
              [
                8.997244,
                54.030219
              ],
              [
                8.975352,
                54.024075
              ],
              [
                8.953868,
                54.028306
              ],
              [
                8.914561,
                54.043891
              ],
              [
                8.904059579795213,
                54.04560546383782
              ],
              [
                8.903516,
                54.000293
              ],
              [
                8.92041,
                53.965332
              ],
              [
                8.978125,
                53.926221
              ],
              [
                9.069629,
                53.900928
              ],
              [
                9.216406,
                53.891211
              ],
              [
                9.217593016384043,
                53.89081270401857
              ],
              [
                9.22047,
                53.890774
              ],
              [
                9.257823,
                53.885565
              ],
              [
                9.295584,
                53.871894
              ],
              [
                9.358735,
                53.839545
              ],
              [
                9.395193,
                53.831
              ],
              [
                9.396658,
                53.811021
              ],
              [
                9.412446,
                53.778754
              ],
              [
                9.414725098569354,
                53.775819743535685
              ],
              [
                9.466104022799913,
                53.73414596684067
              ],
              [
                9.475271,
                53.732164
              ],
              [
                9.522227,
                53.71662
              ],
              [
                9.532237,
                53.711168
              ],
              [
                9.536143,
                53.693752
              ],
              [
                9.538075704643013,
                53.675769271679926
              ],
              [
                9.63125,
                53.600195
              ],
              [
                9.718750490430635,
                53.574096211635535
              ],
              [
                9.782074,
                53.569729
              ],
              [
                9.819591,
                53.556627
              ],
              [
                9.832042,
                53.543606
              ],
              [
                9.819021,
                53.540351
              ],
              [
                9.764008,
                53.547675
              ],
              [
                9.696625,
                53.556627
              ],
              [
                9.675186348087832,
                53.56542266823868
              ],
              [
                9.673145,
                53.565625
              ],
              [
                9.62679332977259,
                53.584031459275096
              ],
              [
                9.624766,
                53.584621
              ],
              [
                9.600922,
                53.58633
              ],
              [
                9.582367,
                53.591295
              ],
              [
                9.567068,
                53.599595
              ],
              [
                9.498383,
                53.659857
              ],
              [
                9.49056840200044,
                53.6771374813722
              ],
              [
                9.447232005886951,
                53.71218270392911
              ],
              [
                9.442882,
                53.714301
              ],
              [
                9.40268,
                53.742418
              ],
              [
                9.378607621887882,
                53.767677784871694
              ],
              [
                9.321973,
                53.813477
              ],
              [
                9.205566,
                53.855957
              ],
              [
                9.020993318857947,
                53.84380613905026
              ],
              [
                9.016287,
                53.840522
              ],
              [
                8.99010142047559,
                53.84177245151104
              ],
              [
                8.956924013506184,
                53.83958830347644
              ],
              [
                8.903575,
                53.831732
              ],
              [
                8.860688,
                53.831
              ],
              [
                8.782481,
                53.842475
              ],
              [
                8.74464,
                53.854153
              ],
              [
                8.735987131610838,
                53.858499187374775
              ],
              [
                8.618945,
                53.875
              ],
              [
                8.575586,
                53.838477
              ],
              [
                8.540897084735157,
                53.79628298847757
              ],
              [
                8.529633,
                53.770697
              ],
              [
                8.524923822487088,
                53.76371003225799
              ],
              [
                8.50625,
                53.670752
              ],
              [
                8.527062242318777,
                53.59721652986278
              ],
              [
                8.527517,
                53.596625
              ],
              [
                8.535167,
                53.590766
              ],
              [
                8.560802,
                53.551703
              ],
              [
                8.565766,
                53.546698
              ],
              [
                8.556651,
                53.518215
              ],
              [
                8.535818,
                53.506171
              ],
              [
                8.523618440591271,
                53.501023040031626
              ],
              [
                8.501435728388572,
                53.417625333230454
              ],
              [
                8.507335,
                53.382799
              ],
              [
                8.504405,
                53.358059
              ],
              [
                8.490896,
                53.376451
              ],
              [
                8.485037,
                53.40119
              ],
              [
                8.483897,
                53.457343
              ],
              [
                8.490001,
                53.486396
              ],
              [
                8.493177579549599,
                53.49062588193807
              ],
              [
                8.492676,
                53.514355
              ],
              [
                8.451367,
                53.551709
              ],
              [
                8.41377269380594,
                53.56914676756151
              ],
              [
                8.387706,
                53.577135
              ],
              [
                8.375500003489176,
                53.586899197257985
              ],
              [
                8.333887,
                53.606201
              ],
              [
                8.301563,
                53.584131
              ],
              [
                8.284269481564223,
                53.52820897879465
              ],
              [
                8.291515,
                53.529364
              ],
              [
                8.320486,
                53.509223
              ],
              [
                8.315115,
                53.474921
              ],
              [
                8.292817,
                53.440497
              ],
              [
                8.271739,
                53.419501
              ],
              [
                8.259451,
                53.412299
              ],
              [
                8.248709,
                53.408393
              ],
              [
                8.236501,
                53.406724
              ],
              [
                8.219737,
                53.40644
              ],
              [
                8.205333,
                53.410712
              ],
              [
                8.194835,
                53.420111
              ],
              [
                8.186697,
                53.429511
              ],
              [
                8.178559,
                53.433743
              ],
              [
                8.171397,
                53.436591
              ],
              [
                8.152354,
                53.449774
              ],
              [
                8.140636,
                53.453599
              ],
              [
                8.123871,
                53.454006
              ],
              [
                8.112478,
                53.451077
              ],
              [
                8.099783,
                53.447414
              ],
              [
                8.086192,
                53.456122
              ],
              [
                8.076996,
                53.468695
              ],
              [
                8.058767,
                53.502021
              ],
              [
                8.076345,
                53.508612
              ],
              [
                8.115733,
                53.510728
              ],
              [
                8.1338,
                53.516303
              ],
              [
                8.15268196402985,
                53.524785796701174
              ],
              [
                8.166066595441977,
                53.54208526262095
              ],
              [
                8.166404081206029,
                53.544048290262104
              ],
              [
                8.142841570144315,
                53.566043381395644
              ],
              [
                8.134613,
                53.56745
              ],
              [
                8.119151,
                53.571926
              ],
              [
                8.125821616900325,
                53.58193113723412
              ],
              [
                8.107297709069064,
                53.599222801939575
              ],
              [
                8.094086,
                53.604722
              ],
              [
                8.052908,
                53.636298
              ],
              [
                8.024913,
                53.672553
              ],
              [
                8.025594277003487,
                53.675491177135164
              ],
              [
                8.009277,
                53.690723
              ],
              [
                7.650792322549895,
                53.69689427338219
              ],
              [
                7.503917,
                53.678656
              ],
              [
                7.480235,
                53.682034
              ],
              [
                7.47057348299049,
                53.68992470711957
              ],
              [
                7.291355393795959,
                53.68163037650335
              ],
              [
                7.2747821261856975,
                53.677785976356255
              ],
              [
                7.207225961461419,
                53.65480664521687
              ],
              [
                7.205843654289879,
                53.653950292700735
              ],
              [
                7.11272899024799,
                53.5624829207842
              ],
              [
                7.131114,
                53.556952
              ],
              [
                7.139985,
                53.549791
              ],
              [
                7.141775,
                53.537177
              ],
              [
                7.134532,
                53.527411
              ],
              [
                7.125011,
                53.524359
              ],
              [
                7.11964,
                53.516303
              ],
              [
                7.0918061016577925,
                53.51992975336109
              ],
              [
                7.074316,
                53.477637
              ],
              [
                7.05332,
                53.37583
              ],
              [
                7.133044762755807,
                53.336362079800516
              ],
              [
                7.302908,
                53.33275
              ],
              [
                7.34254,
                53.324042
              ],
              [
                7.366547,
                53.302802
              ],
              [
                7.347667,
                53.307359
              ],
              [
                7.313162,
                53.320502
              ],
              [
                7.291515,
                53.32392
              ],
              [
                7.268321,
                53.323676
              ],
              [
                7.254731,
                53.319525
              ],
              [
                7.229503,
                53.296576
              ],
              [
                7.23699,
                53.285549
              ],
              [
                7.233572,
                53.273627
              ],
              [
                7.22462,
                53.262926
              ],
              [
                7.215831,
                53.255601
              ],
              [
                7.204438,
                53.248277
              ],
              [
                7.194591,
                53.245022
              ],
              [
                7.197472,
                53.216624
              ],
              [
                7.198506,
                53.200578
              ],
              [
                7.195405,
                53.184998
              ],
              [
                7.189059730979895,
                53.16898924254992
              ],
              [
                7.189570292080863,
                53.070803007051644
              ],
              [
                7.194372,
                53.033844
              ],
              [
                7.192821,
                52.998006
              ],
              [
                7.183623,
                52.966122
              ],
              [
                7.161919,
                52.932636
              ],
              [
                7.126258868782449,
                52.89864889046346
              ],
              [
                7.11709,
                52.887012
              ],
              [
                7.050879,
                52.744775
              ],
              [
                7.048094042275887,
                52.73021860522109
              ],
              [
                7.043993,
                52.682625
              ],
              [
                7.036655,
                52.647382
              ],
              [
                7.018465,
                52.625988
              ],
              [
                6.982808,
                52.632783
              ],
              [
                6.97957621076679,
                52.633613168670415
              ],
              [
                6.935121430685315,
                52.633703338935135
              ],
              [
                6.91842,
                52.632189
              ],
              [
                6.909921966661447,
                52.63375445250128
              ],
              [
                6.748438,
                52.634082
              ],
              [
                6.710742,
                52.617871
              ],
              [
                6.708758746469851,
                52.61040656691269
              ],
              [
                6.710164,
                52.60865
              ],
              [
                6.7082,
                52.599685
              ],
              [
                6.70623510493947,
                52.5961012698929
              ],
              [
                6.71875,
                52.573584
              ],
              [
                6.718527046814018,
                52.57274367581478
              ],
              [
                6.743753,
                52.559713
              ],
              [
                6.712511233596994,
                52.55006970810361
              ],
              [
                6.712402,
                52.549658
              ],
              [
                6.691602,
                52.530176
              ],
              [
                6.70293,
                52.499219
              ],
              [
                6.748828,
                52.464014
              ],
              [
                6.812378294547195,
                52.447514402066915
              ],
              [
                6.820338,
                52.446826
              ],
              [
                6.840505557547357,
                52.44210647307415
              ],
              [
                6.92207,
                52.440283
              ],
              [
                6.961429507373285,
                52.44353549194222
              ],
              [
                6.966995,
                52.449565
              ],
              [
                6.9733,
                52.451373
              ],
              [
                7.034175,
                52.390783
              ],
              [
                7.048231,
                52.365074
              ],
              [
                7.039756,
                52.328616
              ],
              [
                7.0290075234590335,
                52.313297102483105
              ],
              [
                7.019629,
                52.266016
              ],
              [
                7.014908875492366,
                52.25927843794769
              ],
              [
                7.020739,
                52.245262
              ],
              [
                7.0266,
                52.238623
              ],
              [
                7.029111,
                52.235779
              ],
              [
                7.02632,
                52.230637
              ],
              [
                6.98365126047143,
                52.21466094523749
              ],
              [
                6.977246,
                52.205518
              ],
              [
                6.961240476548419,
                52.1963828980608
              ],
              [
                6.947668,
                52.182811
              ],
              [
                6.927721,
                52.171907
              ],
              [
                6.909957036726658,
                52.167113036816836
              ],
              [
                6.856485093852444,
                52.13659409437045
              ],
              [
                6.843282,
                52.119998
              ],
              [
                6.830673,
                52.112893
              ],
              [
                6.797887337607172,
                52.11061841388208
              ],
              [
                6.749023,
                52.098682
              ],
              [
                6.724512,
                52.080225
              ],
              [
                6.712988,
                52.056885
              ],
              [
                6.715625,
                52.036182
              ],
              [
                6.760007315719639,
                52.00755045772445
              ],
              [
                6.77817,
                52.001271
              ],
              [
                6.804008,
                51.984373
              ],
              [
                6.809176,
                51.979542
              ],
              [
                6.811656,
                51.972798
              ],
              [
                6.810726,
                51.960576
              ],
              [
                6.805662,
                51.957527
              ],
              [
                6.798014,
                51.956701
              ],
              [
                6.789849,
                51.951145
              ],
              [
                6.767008,
                51.925514
              ],
              [
                6.743753,
                51.908331
              ],
              [
                6.716675,
                51.899262
              ],
              [
                6.694254720799237,
                51.898816998412194
              ],
              [
                6.517578,
                51.853955
              ],
              [
                6.484723475095662,
                51.85553175316112
              ],
              [
                6.479428,
                51.853012
              ],
              [
                6.462892,
                51.848361
              ],
              [
                6.442531,
                51.848361
              ],
              [
                6.415532469465583,
                51.85331425579704
              ],
              [
                6.38654832214048,
                51.83775074740315
              ],
              [
                6.386617,
                51.837561
              ],
              [
                6.382483,
                51.827587
              ],
              [
                6.344966,
                51.821102
              ],
              [
                6.3432164503742605,
                51.83019708947916
              ],
              [
                6.312697285278415,
                51.843777946063604
              ],
              [
                6.287399,
                51.846165
              ],
              [
                6.282851,
                51.849601
              ],
              [
                6.277861526652743,
                51.85514992238882
              ],
              [
                6.238057538763394,
                51.864304784729065
              ],
              [
                6.22518,
                51.862546
              ],
              [
                6.191384,
                51.87115
              ],
              [
                6.177105526730143,
                51.87832366346747
              ],
              [
                6.166504,
                51.880762
              ],
              [
                6.118794007775941,
                51.8707471196467
              ],
              [
                6.142705,
                51.855182
              ],
              [
                6.156141,
                51.842056
              ],
              [
                6.140018,
                51.844537
              ],
              [
                6.116453,
                51.848283
              ],
              [
                6.086747535620977,
                51.853202941793896
              ],
              [
                6.01539612573183,
                51.83587336626644
              ],
              [
                6.008243,
                51.832574
              ],
              [
                6.001710722835673,
                51.83084485786865
              ],
              [
                5.94873,
                51.802686
              ],
              [
                5.948701980332423,
                51.7968975677504
              ],
              [
                5.950778,
                51.795909
              ],
              [
                5.964111,
                51.776556
              ],
              [
                5.962354,
                51.756351
              ],
              [
                5.957553964308954,
                51.75338727689539
              ],
              [
                5.982387966315371,
                51.72856495317857
              ],
              [
                5.989742,
                51.726379
              ],
              [
                6.012067,
                51.715863
              ],
              [
                6.021989,
                51.709506
              ],
              [
                6.015383766603935,
                51.69558466929817
              ],
              [
                6.052734,
                51.658252
              ],
              [
                6.0564736522613805,
                51.65616277399264
              ],
              [
                6.099193,
                51.644472
              ],
              [
                6.089861556378592,
                51.626593724250995
              ],
              [
                6.091113,
                51.598926
              ],
              [
                6.141602,
                51.550098
              ],
              [
                6.147282291312062,
                51.54337071422658
              ],
              [
                6.15304,
                51.538431
              ],
              [
                6.193348,
                51.509338
              ],
              [
                6.200479,
                51.476575
              ],
              [
                6.205337,
                51.458436
              ],
              [
                6.201719,
                51.438644
              ],
              [
                6.194071,
                51.417379
              ],
              [
                6.192727,
                51.398957
              ],
              [
                6.207817,
                51.387666
              ],
              [
                6.202029,
                51.378881
              ],
              [
                6.198929,
                51.35697
              ],
              [
                6.193554,
                51.344516
              ],
              [
                6.183632,
                51.335705
              ],
              [
                6.158208,
                51.324594
              ],
              [
                6.147769,
                51.318161
              ],
              [
                6.113242626347675,
                51.2781872410971
              ],
              [
                6.075879,
                51.224121
              ],
              [
                6.074805,
                51.199023
              ],
              [
                6.082422,
                51.17998
              ],
              [
                6.112475488731571,
                51.17486089782338
              ],
              [
                6.134126,
                51.184215
              ],
              [
                6.157071,
                51.179254
              ],
              [
                6.149113,
                51.176335
              ],
              [
                6.131332800899024,
                51.16718295758373
              ],
              [
                6.136914,
                51.164844
              ],
              [
                6.134812602083821,
                51.15956110867106
              ],
              [
                6.147252,
                51.152254
              ],
              [
                6.132369,
                51.139825
              ],
              [
                6.086963025053066,
                51.12431200285234
              ],
              [
                5.964791650547613,
                51.05870631100436
              ],
              [
                5.950262,
                51.03947
              ],
              [
                5.937963,
                51.030943
              ],
              [
                5.919566,
                51.029703
              ],
              [
                5.906233,
                51.037403
              ],
              [
                5.898947826554539,
                51.04337396125639
              ],
              [
                5.868359,
                51.045312
              ],
              [
                5.85752,
                51.030127
              ]
            ]
          ],
          [
            [
              [
                8.529950047568663,
                53.524827230315296
              ],
              [
                8.552094,
                53.5362
              ],
              [
                8.552094,
                53.543606
              ],
              [
                8.536166809890814,
                53.548199652797166
              ],
              [
                8.529950047568663,
                53.524827230315296
              ]
            ]
          ]
        ]
      }
    },
    {
      "type": "Feature",
      "properties": {
        "fid": null,
        "prob": 15,
        "warning": 0,
        "date": "1",
        "kind": "outlook",
        "hazard": "general",
        "title": "",
        "description": "",
        "hatched": false,
        "doubleHatch": false,
        "probability": ">50",
        "intensity": "3",
        "riskLabel": "Slight Risk"
      },
      "geometry": {
        "type": "MultiPolygon",
        "coordinates": [
          [
            [
              [
                5.85752,
                51.030127
              ],
              [
                5.867188,
                51.005664
              ],
              [
                5.894727,
                50.984229
              ],
              [
                5.931643189820051,
                50.977329120608275
              ],
              [
                5.94158,
                50.976476
              ],
              [
                5.967832,
                50.970998
              ],
              [
                6.003695,
                50.973737
              ],
              [
                6.005762,
                50.968518
              ],
              [
                5.999664,
                50.960095
              ],
              [
                5.9970086449678535,
                50.95431765850746
              ],
              [
                6.006836,
                50.949951
              ],
              [
                6.041461680804491,
                50.9124405393852
              ],
              [
                6.063743,
                50.90754
              ],
              [
                6.061779,
                50.903509
              ],
              [
                6.056508,
                50.898083
              ],
              [
                6.054648,
                50.891468
              ],
              [
                6.063123,
                50.870901
              ],
              [
                6.062813,
                50.862943
              ],
              [
                6.056715,
                50.852659
              ],
              [
                6.045553,
                50.844184
              ],
              [
                6.027374643295598,
                50.8451852578523
              ],
              [
                5.995936246640066,
                50.75608258901287
              ],
              [
                5.99491,
                50.749927
              ],
              [
                5.99454991797653,
                50.74952185329766
              ],
              [
                6.0005082528152585,
                50.74048812085652
              ],
              [
                6.010826,
                50.737059
              ],
              [
                6.0112180103322475,
                50.72977079243025
              ],
              [
                6.049533157899713,
                50.71188260184558
              ],
              [
                6.064363,
                50.714477
              ],
              [
                6.081003,
                50.713495
              ],
              [
                6.100227,
                50.701299
              ],
              [
                6.161102,
                50.642181
              ],
              [
                6.153099261039417,
                50.63892420396009
              ],
              [
                6.154492,
                50.637256
              ],
              [
                6.198719554447917,
                50.615222048065235
              ],
              [
                6.249055,
                50.614431
              ],
              [
                6.251329,
                50.608437
              ],
              [
                6.244301,
                50.599548
              ],
              [
                6.232932,
                50.590763
              ],
              [
                6.232932,
                50.587146
              ],
              [
                6.2139014794173155,
                50.57992132422782
              ],
              [
                6.168457,
                50.545361
              ],
              [
                6.174093704600976,
                50.532799625235334
              ],
              [
                6.177328,
                50.530198
              ],
              [
                6.1758925023545705,
                50.52879101128298
              ],
              [
                6.178711,
                50.52251
              ],
              [
                6.18607103070737,
                50.515430556085924
              ],
              [
                6.190557,
                50.515212
              ],
              [
                6.18855516557128,
                50.513041124011075
              ],
              [
                6.203027,
                50.499121
              ],
              [
                6.2490070587381075,
                50.49230467332075
              ],
              [
                6.250915,
                50.492681
              ],
              [
                6.253086,
                50.494077
              ],
              [
                6.255566,
                50.494593
              ],
              [
                6.25784,
                50.494077
              ],
              [
                6.260114,
                50.492681
              ],
              [
                6.273096052765195,
                50.488733593657756
              ],
              [
                6.294922,
                50.485498
              ],
              [
                6.295487525002419,
                50.48508316363202
              ],
              [
                6.318715,
                50.481674
              ],
              [
                6.336905,
                50.481003
              ],
              [
                6.325743,
                50.474026
              ],
              [
                6.323262,
                50.466016
              ],
              [
                6.323812549796364,
                50.46430556695953
              ],
              [
                6.340918,
                50.451758
              ],
              [
                6.3416654881284416,
                50.437673836339236
              ],
              [
                6.347343,
                50.436974
              ],
              [
                6.351167,
                50.433564
              ],
              [
                6.350444,
                50.416872
              ],
              [
                6.3444436246379725,
                50.397044087360705
              ],
              [
                6.356879320570563,
                50.34677639900899
              ],
              [
                6.372458,
                50.329436
              ],
              [
                6.3734,
                50.32308
              ],
              [
                6.374525,
                50.315483
              ],
              [
                6.362019,
                50.306956
              ],
              [
                6.336936337735027,
                50.304028540453245
              ],
              [
                6.268594739571601,
                50.27389334423316
              ],
              [
                6.271792,
                50.267424
              ],
              [
                6.253396,
                50.256778
              ],
              [
                6.213447572292516,
                50.24957622623187
              ],
              [
                6.182973000699033,
                50.236138477929636
              ],
              [
                6.179808,
                50.233007
              ],
              [
                6.173692442288546,
                50.23022860113339
              ],
              [
                6.159252895884939,
                50.205188765521
              ],
              [
                6.160171,
                50.204534
              ],
              [
                6.165752,
                50.193165
              ],
              [
                6.165132,
                50.181899
              ],
              [
                6.159138,
                50.172443
              ],
              [
                6.151696,
                50.169342
              ],
              [
                6.138177282127011,
                50.16864122523283
              ],
              [
                6.1227406590868245,
                50.141872343958276
              ],
              [
                6.125962,
                50.140196
              ],
              [
                6.129476,
                50.134047
              ],
              [
                6.126582,
                50.127329
              ],
              [
                6.117487,
                50.120456
              ],
              [
                6.114291918704855,
                50.11378024097336
              ],
              [
                6.108301,
                50.094238
              ],
              [
                6.109050935447255,
                50.063594050731055
              ],
              [
                6.109425,
                50.06356
              ],
              [
                6.109059591322946,
                50.0632403533341
              ],
              [
                6.1095879430540965,
                50.04165078358539
              ],
              [
                6.113766,
                50.036378
              ],
              [
                6.119967,
                50.015501
              ],
              [
                6.119526521009321,
                50.013746977926004
              ],
              [
                6.13323926358367,
                49.984766275333534
              ],
              [
                6.138777,
                49.979328
              ],
              [
                6.14452750157145,
                49.968687698533756
              ],
              [
                6.1668987619345135,
                49.948838693046035
              ],
              [
                6.172677,
                49.956228
              ],
              [
                6.189834,
                49.938297
              ],
              [
                6.204486159848836,
                49.91548909828192
              ],
              [
                6.204883,
                49.915137
              ],
              [
                6.256055,
                49.872168
              ],
              [
                6.257832834191841,
                49.87127908290408
              ],
              [
                6.272206,
                49.867138
              ],
              [
                6.286779,
                49.86104
              ],
              [
                6.291533,
                49.855563
              ],
              [
                6.292461225986409,
                49.853964887006796
              ],
              [
                6.322286632695756,
                49.83905218365212
              ],
              [
                6.325639,
                49.84037
              ],
              [
                6.334424,
                49.840215
              ],
              [
                6.351374,
                49.83329
              ],
              [
                6.359963745711273,
                49.82799091734887
              ],
              [
                6.44032518800086,
                49.805488
              ],
              [
                6.462478,
                49.805488
              ],
              [
                6.493278,
                49.799597
              ],
              [
                6.497205,
                49.799442
              ],
              [
                6.502579,
                49.79567
              ],
              [
                6.502269,
                49.795876
              ],
              [
                6.500099,
                49.794481
              ],
              [
                6.499996,
                49.786058
              ],
              [
                6.498549,
                49.785386
              ],
              [
                6.493794,
                49.76363
              ],
              [
                6.493691,
                49.756551
              ],
              [
                6.496378,
                49.752106
              ],
              [
                6.495965,
                49.748231
              ],
              [
                6.492141461179072,
                49.74605455433044
              ],
              [
                6.488106507168439,
                49.725132886623705
              ],
              [
                6.492554,
                49.718413
              ],
              [
                6.499686,
                49.712212
              ],
              [
                6.491004,
                49.714434
              ],
              [
                6.486353,
                49.712936
              ],
              [
                6.485527460383983,
                49.711760253458046
              ],
              [
                6.484766,
                49.707812
              ],
              [
                6.483974572501885,
                49.70730364630319
              ],
              [
                6.489764,
                49.702962
              ],
              [
                6.491727,
                49.700792
              ],
              [
                6.442753547262456,
                49.6801966784341
              ],
              [
                6.411267764206072,
                49.64940142045544
              ],
              [
                6.417003,
                49.645756
              ],
              [
                6.417933,
                49.639142
              ],
              [
                6.415246,
                49.634646
              ],
              [
                6.407701,
                49.627411
              ],
              [
                6.397573,
                49.613872
              ],
              [
                6.377764846555494,
                49.5979942952789
              ],
              [
                6.348438,
                49.512695
              ],
              [
                6.345163592660841,
                49.46483133874614
              ],
              [
                6.34538,
                49.462718
              ],
              [
                6.345307,
                49.455349
              ],
              [
                6.353855,
                49.45476
              ],
              [
                6.3645,
                49.456104
              ],
              [
                6.383517,
                49.46463
              ],
              [
                6.391682,
                49.466697
              ],
              [
                6.402741,
                49.465457
              ],
              [
                6.494518,
                49.435537
              ],
              [
                6.511674,
                49.424736
              ],
              [
                6.517876,
                49.416416
              ],
              [
                6.520563,
                49.408148
              ],
              [
                6.520744157172911,
                49.40324004766011
              ],
              [
                6.534277,
                49.394678
              ],
              [
                6.540519381036279,
                49.38522887633285
              ],
              [
                6.574306,
                49.361794
              ],
              [
                6.577717,
                49.3558
              ],
              [
                6.573376,
                49.347738
              ],
              [
                6.565454217892788,
                49.347484887988024
              ],
              [
                6.566309,
                49.346191
              ],
              [
                6.574707,
                49.319678
              ],
              [
                6.605521921485513,
                49.29270300537599
              ],
              [
                6.639677,
                49.271154
              ],
              [
                6.641227,
                49.266916
              ],
              [
                6.639487030048082,
                49.25839039977115
              ],
              [
                6.648311485227472,
                49.24939743830936
              ],
              [
                6.659521,
                49.246763
              ],
              [
                6.663758,
                49.243869
              ],
              [
                6.671364270359661,
                49.22590445159612
              ],
              [
                6.687917944450653,
                49.20903467888776
              ],
              [
                6.698485,
                49.213586
              ],
              [
                6.702516,
                49.213638
              ],
              [
                6.70882,
                49.197773
              ],
              [
                6.705967133514726,
                49.190640833786816
              ],
              [
                6.735449,
                49.160596
              ],
              [
                6.768977353235142,
                49.15530157397041
              ],
              [
                6.770108,
                49.155295
              ],
              [
                6.772136450828467,
                49.15480272428308
              ],
              [
                6.77627,
                49.15415
              ],
              [
                6.820703,
                49.173926
              ],
              [
                6.8324381205018305,
                49.18534257892689
              ],
              [
                6.827676,
                49.195551
              ],
              [
                6.833464,
                49.209452
              ],
              [
                6.843489,
                49.211054
              ],
              [
                6.8784569069386805,
                49.205817272450844
              ],
              [
                6.891211,
                49.20752
              ],
              [
                6.900343716813455,
                49.2057651952237
              ],
              [
                6.914389,
                49.206662
              ],
              [
                6.925448,
                49.205576
              ],
              [
                6.951379983053914,
                49.195958837970664
              ],
              [
                6.958301,
                49.194629
              ],
              [
                6.99469225343534,
                49.18219675500052
              ],
              [
                7.009474,
                49.181702
              ],
              [
                7.009140805430221,
                49.15895518696255
              ],
              [
                7.022168,
                49.123437
              ],
              [
                7.036719,
                49.112695
              ],
              [
                7.065723,
                49.124854
              ],
              [
                7.074777568453378,
                49.1253246062001
              ],
              [
                7.074793,
                49.125375
              ],
              [
                7.071589,
                49.130594
              ],
              [
                7.070762,
                49.136123
              ],
              [
                7.079857,
                49.142014
              ],
              [
                7.085335,
                49.141549
              ],
              [
                7.114968329560335,
                49.127413498836034
              ],
              [
                7.117383,
                49.127539
              ],
              [
                7.196663927281783,
                49.11416906841996
              ],
              [
                7.20350243742353,
                49.11412805179823
              ],
              [
                7.295797995286231,
                49.12707482242187
              ],
              [
                7.297105,
                49.128114
              ],
              [
                7.305993,
                49.130129
              ],
              [
                7.320223310132559,
                49.1313146273835
              ],
              [
                7.334872944106961,
                49.13511091824001
              ],
              [
                7.339066,
                49.139689
              ],
              [
                7.3463,
                49.15421
              ],
              [
                7.350951,
                49.159171
              ],
              [
                7.367591,
                49.165372
              ],
              [
                7.371634,
                49.166174
              ],
              [
                7.391052,
                49.170023
              ],
              [
                7.410483,
                49.168938
              ],
              [
                7.414823,
                49.157776
              ],
              [
                7.458025,
                49.155864
              ],
              [
                7.476112,
                49.151523
              ],
              [
                7.482726,
                49.137054
              ],
              [
                7.475285,
                49.133901
              ],
              [
                7.473386185837195,
                49.132161377028595
              ],
              [
                7.525488,
                49.086377
              ],
              [
                7.5822000189794485,
                49.07004433674587
              ],
              [
                7.586389,
                49.069564
              ],
              [
                7.599873061287327,
                49.06495462465512
              ],
              [
                7.610938,
                49.061768
              ],
              [
                7.761754734825938,
                49.045849341339824
              ],
              [
                7.762606,
                49.046155
              ],
              [
                7.773665,
                49.048118
              ],
              [
                7.835273544695016,
                49.036370768025556
              ],
              [
                7.860503906250789,
                49.03250500377275
              ],
              [
                7.913811,
                49.036181
              ],
              [
                7.931898,
                49.034838
              ],
              [
                7.998986131917298,
                49.011286931394075
              ],
              [
                8.00127,
                49.010937
              ],
              [
                8.080664,
                48.985889
              ],
              [
                8.134863,
                48.973584
              ],
              [
                8.13489302774015,
                48.973105455882994
              ],
              [
                8.18873,
                48.965746
              ],
              [
                8.200305,
                48.958563
              ],
              [
                8.199892,
                48.95825
              ],
              [
                8.179325,
                48.942698
              ],
              [
                8.148112,
                48.903734
              ],
              [
                8.140153170913033,
                48.88927595164782
              ],
              [
                8.140332,
                48.886426
              ],
              [
                8.137192417137353,
                48.883897431669574
              ],
              [
                8.10274,
                48.821311
              ],
              [
                8.090338,
                48.807513
              ],
              [
                8.08424,
                48.804051
              ],
              [
                8.04755,
                48.791028
              ],
              [
                8.038765,
                48.79077
              ],
              [
                8.036594,
                48.788289
              ],
              [
                8.031943,
                48.785344
              ],
              [
                8.027293,
                48.780021
              ],
              [
                8.025122,
                48.770616
              ],
              [
                8.022952,
                48.765087
              ],
              [
                8.017267,
                48.761831
              ],
              [
                8.009619,
                48.760074
              ],
              [
                7.993423665904686,
                48.759895408879856
              ],
              [
                7.9639542992403305,
                48.73430801767308
              ],
              [
                7.963627,
                48.729275
              ],
              [
                7.959183,
                48.721368
              ],
              [
                7.948434,
                48.71186
              ],
              [
                7.935205,
                48.703333
              ],
              [
                7.92332,
                48.698217
              ],
              [
                7.895931,
                48.676513
              ],
              [
                7.882158684354828,
                48.66860310244882
              ],
              [
                7.837988,
                48.636035
              ],
              [
                7.8017133227678865,
                48.56106447638774
              ],
              [
                7.801673,
                48.54758
              ],
              [
                7.813455,
                48.526341
              ],
              [
                7.813455,
                48.519468
              ],
              [
                7.788444,
                48.506343
              ],
              [
                7.785622914576703,
                48.504421725291415
              ],
              [
                7.765137,
                48.41001
              ],
              [
                7.7465422912844195,
                48.36937040163503
              ],
              [
                7.746896,
                48.368677
              ],
              [
                7.75196,
                48.355344
              ],
              [
                7.75072,
                48.341366
              ],
              [
                7.736974,
                48.326664
              ],
              [
                7.725019586664807,
                48.322331532414346
              ],
              [
                7.705664,
                48.280029
              ],
              [
                7.688307664348245,
                48.25601169162613
              ],
              [
                7.687158,
                48.252921
              ],
              [
                7.676616,
                48.2384
              ],
              [
                7.673416689120505,
                48.23540589376602
              ],
              [
                7.616602,
                48.156787
              ],
              [
                7.58418,
                48.064307
              ],
              [
                7.599344191128392,
                48.02581716975435
              ],
              [
                7.618945,
                48.002652
              ],
              [
                7.621116,
                47.97144
              ],
              [
                7.611607,
                47.959399
              ],
              [
                7.600459973802307,
                47.951460009768596
              ],
              [
                7.593262,
                47.905664
              ],
              [
                7.538574,
                47.773633
              ],
              [
                7.53666208143551,
                47.75285455481869
              ],
              [
                7.53833,
                47.748146
              ],
              [
                7.537813,
                47.731816
              ],
              [
                7.534370603958798,
                47.72795112011263
              ],
              [
                7.529395,
                47.673877
              ],
              [
                7.53344464417671,
                47.66630994738464
              ],
              [
                7.536573,
                47.665205
              ],
              [
                7.550112,
                47.652441
              ],
              [
                7.572643,
                47.622004
              ],
              [
                7.578638,
                47.61694
              ],
              [
                7.585046,
                47.613167
              ],
              [
                7.590317,
                47.607948
              ],
              [
                7.592321741856724,
                47.59914006964885
              ],
              [
                7.615625,
                47.592725
              ],
              [
                7.619987298951207,
                47.591515526126116
              ],
              [
                7.637032,
                47.594977
              ],
              [
                7.659666,
                47.596579
              ],
              [
                7.652313216015361,
                47.58255296932393
              ],
              [
                7.698047,
                47.569873
              ],
              [
                7.790790226277532,
                47.567440659005854
              ],
              [
                7.801467,
                47.576089
              ],
              [
                7.819657,
                47.595339
              ],
              [
                7.833713,
                47.590481
              ],
              [
                7.898205,
                47.587846
              ],
              [
                7.904303,
                47.583557
              ],
              [
                7.907507,
                47.574177
              ],
              [
                7.90947,
                47.564798
              ],
              [
                7.909773045478326,
                47.564320142280735
              ],
              [
                7.927051,
                47.563867
              ],
              [
                8.09375,
                47.576172
              ],
              [
                8.103714907656954,
                47.57910562639574
              ],
              [
                8.105427,
                47.581257
              ],
              [
                8.113902,
                47.587846
              ],
              [
                8.122067,
                47.592135
              ],
              [
                8.143771,
                47.600067
              ],
              [
                8.162065,
                47.603762
              ],
              [
                8.168886,
                47.608646
              ],
              [
                8.173847,
                47.613529
              ],
              [
                8.179015,
                47.615803
              ],
              [
                8.210068,
                47.619342
              ],
              [
                9.151197,
                50.581537
              ],
              [
                9.753334,
                52.90084
              ],
              [
                9.283841807094188,
                53.8273920830675
              ],
              [
                9.205566,
                53.855957
              ],
              [
                9.020993318857947,
                53.84380613905026
              ],
              [
                9.016287,
                53.840522
              ],
              [
                8.99010142047559,
                53.84177245151104
              ],
              [
                8.956924013506184,
                53.83958830347644
              ],
              [
                8.903575,
                53.831732
              ],
              [
                8.860688,
                53.831
              ],
              [
                8.782481,
                53.842475
              ],
              [
                8.74464,
                53.854153
              ],
              [
                8.735987131610838,
                53.858499187374775
              ],
              [
                8.618945,
                53.875
              ],
              [
                8.575586,
                53.838477
              ],
              [
                8.540897084735157,
                53.79628298847757
              ],
              [
                8.529633,
                53.770697
              ],
              [
                8.524923822487088,
                53.76371003225799
              ],
              [
                8.50625,
                53.670752
              ],
              [
                8.527062242318777,
                53.59721652986278
              ],
              [
                8.527517,
                53.596625
              ],
              [
                8.535167,
                53.590766
              ],
              [
                8.560802,
                53.551703
              ],
              [
                8.565766,
                53.546698
              ],
              [
                8.556651,
                53.518215
              ],
              [
                8.535818,
                53.506171
              ],
              [
                8.523618440591271,
                53.501023040031626
              ],
              [
                8.501435728388572,
                53.417625333230454
              ],
              [
                8.507335,
                53.382799
              ],
              [
                8.504405,
                53.358059
              ],
              [
                8.490896,
                53.376451
              ],
              [
                8.485037,
                53.40119
              ],
              [
                8.483897,
                53.457343
              ],
              [
                8.490001,
                53.486396
              ],
              [
                8.493177579549599,
                53.49062588193807
              ],
              [
                8.492676,
                53.514355
              ],
              [
                8.451367,
                53.551709
              ],
              [
                8.41377269380594,
                53.56914676756151
              ],
              [
                8.387706,
                53.577135
              ],
              [
                8.375500003489176,
                53.586899197257985
              ],
              [
                8.333887,
                53.606201
              ],
              [
                8.301563,
                53.584131
              ],
              [
                8.284269481564223,
                53.52820897879465
              ],
              [
                8.291515,
                53.529364
              ],
              [
                8.320486,
                53.509223
              ],
              [
                8.315115,
                53.474921
              ],
              [
                8.292817,
                53.440497
              ],
              [
                8.271739,
                53.419501
              ],
              [
                8.259451,
                53.412299
              ],
              [
                8.248709,
                53.408393
              ],
              [
                8.236501,
                53.406724
              ],
              [
                8.219737,
                53.40644
              ],
              [
                8.205333,
                53.410712
              ],
              [
                8.194835,
                53.420111
              ],
              [
                8.186697,
                53.429511
              ],
              [
                8.178559,
                53.433743
              ],
              [
                8.171397,
                53.436591
              ],
              [
                8.152354,
                53.449774
              ],
              [
                8.140636,
                53.453599
              ],
              [
                8.123871,
                53.454006
              ],
              [
                8.112478,
                53.451077
              ],
              [
                8.099783,
                53.447414
              ],
              [
                8.086192,
                53.456122
              ],
              [
                8.076996,
                53.468695
              ],
              [
                8.058767,
                53.502021
              ],
              [
                8.076345,
                53.508612
              ],
              [
                8.115733,
                53.510728
              ],
              [
                8.1338,
                53.516303
              ],
              [
                8.15268196402985,
                53.524785796701174
              ],
              [
                8.166066595441977,
                53.54208526262095
              ],
              [
                8.166404081206029,
                53.544048290262104
              ],
              [
                8.142841570144315,
                53.566043381395644
              ],
              [
                8.134613,
                53.56745
              ],
              [
                8.119151,
                53.571926
              ],
              [
                8.125821616900325,
                53.58193113723412
              ],
              [
                8.107297709069064,
                53.599222801939575
              ],
              [
                8.094086,
                53.604722
              ],
              [
                8.052908,
                53.636298
              ],
              [
                8.024913,
                53.672553
              ],
              [
                8.025594277003487,
                53.675491177135164
              ],
              [
                8.009277,
                53.690723
              ],
              [
                7.650792322549895,
                53.69689427338219
              ],
              [
                7.503917,
                53.678656
              ],
              [
                7.480235,
                53.682034
              ],
              [
                7.47057348299049,
                53.68992470711957
              ],
              [
                7.291355393795959,
                53.68163037650335
              ],
              [
                7.2747821261856975,
                53.677785976356255
              ],
              [
                7.207225961461419,
                53.65480664521687
              ],
              [
                7.205843654289879,
                53.653950292700735
              ],
              [
                7.11272899024799,
                53.5624829207842
              ],
              [
                7.131114,
                53.556952
              ],
              [
                7.139985,
                53.549791
              ],
              [
                7.141775,
                53.537177
              ],
              [
                7.134532,
                53.527411
              ],
              [
                7.125011,
                53.524359
              ],
              [
                7.11964,
                53.516303
              ],
              [
                7.0918061016577925,
                53.51992975336109
              ],
              [
                7.074316,
                53.477637
              ],
              [
                7.05332,
                53.37583
              ],
              [
                7.133044762755807,
                53.336362079800516
              ],
              [
                7.302908,
                53.33275
              ],
              [
                7.34254,
                53.324042
              ],
              [
                7.366547,
                53.302802
              ],
              [
                7.347667,
                53.307359
              ],
              [
                7.313162,
                53.320502
              ],
              [
                7.291515,
                53.32392
              ],
              [
                7.268321,
                53.323676
              ],
              [
                7.254731,
                53.319525
              ],
              [
                7.229503,
                53.296576
              ],
              [
                7.23699,
                53.285549
              ],
              [
                7.233572,
                53.273627
              ],
              [
                7.22462,
                53.262926
              ],
              [
                7.215831,
                53.255601
              ],
              [
                7.204438,
                53.248277
              ],
              [
                7.194591,
                53.245022
              ],
              [
                7.197472,
                53.216624
              ],
              [
                7.198506,
                53.200578
              ],
              [
                7.195405,
                53.184998
              ],
              [
                7.189059730979895,
                53.16898924254992
              ],
              [
                7.189570292080863,
                53.070803007051644
              ],
              [
                7.194372,
                53.033844
              ],
              [
                7.192821,
                52.998006
              ],
              [
                7.183623,
                52.966122
              ],
              [
                7.161919,
                52.932636
              ],
              [
                7.126258868782449,
                52.89864889046346
              ],
              [
                7.11709,
                52.887012
              ],
              [
                7.050879,
                52.744775
              ],
              [
                7.048094042275887,
                52.73021860522109
              ],
              [
                7.043993,
                52.682625
              ],
              [
                7.036655,
                52.647382
              ],
              [
                7.018465,
                52.625988
              ],
              [
                6.982808,
                52.632783
              ],
              [
                6.97957621076679,
                52.633613168670415
              ],
              [
                6.935121430685315,
                52.633703338935135
              ],
              [
                6.91842,
                52.632189
              ],
              [
                6.909921966661447,
                52.63375445250128
              ],
              [
                6.748438,
                52.634082
              ],
              [
                6.710742,
                52.617871
              ],
              [
                6.708758746469851,
                52.61040656691269
              ],
              [
                6.710164,
                52.60865
              ],
              [
                6.7082,
                52.599685
              ],
              [
                6.70623510493947,
                52.5961012698929
              ],
              [
                6.71875,
                52.573584
              ],
              [
                6.718527046814018,
                52.57274367581478
              ],
              [
                6.743753,
                52.559713
              ],
              [
                6.712511233596994,
                52.55006970810361
              ],
              [
                6.712402,
                52.549658
              ],
              [
                6.691602,
                52.530176
              ],
              [
                6.70293,
                52.499219
              ],
              [
                6.748828,
                52.464014
              ],
              [
                6.812378294547195,
                52.447514402066915
              ],
              [
                6.820338,
                52.446826
              ],
              [
                6.840505557547357,
                52.44210647307415
              ],
              [
                6.92207,
                52.440283
              ],
              [
                6.961429507373285,
                52.44353549194222
              ],
              [
                6.966995,
                52.449565
              ],
              [
                6.9733,
                52.451373
              ],
              [
                7.034175,
                52.390783
              ],
              [
                7.048231,
                52.365074
              ],
              [
                7.039756,
                52.328616
              ],
              [
                7.0290075234590335,
                52.313297102483105
              ],
              [
                7.019629,
                52.266016
              ],
              [
                7.014908875492366,
                52.25927843794769
              ],
              [
                7.020739,
                52.245262
              ],
              [
                7.0266,
                52.238623
              ],
              [
                7.029111,
                52.235779
              ],
              [
                7.02632,
                52.230637
              ],
              [
                6.98365126047143,
                52.21466094523749
              ],
              [
                6.977246,
                52.205518
              ],
              [
                6.961240476548419,
                52.1963828980608
              ],
              [
                6.947668,
                52.182811
              ],
              [
                6.927721,
                52.171907
              ],
              [
                6.909957036726658,
                52.167113036816836
              ],
              [
                6.856485093852444,
                52.13659409437045
              ],
              [
                6.843282,
                52.119998
              ],
              [
                6.830673,
                52.112893
              ],
              [
                6.797887337607172,
                52.11061841388208
              ],
              [
                6.749023,
                52.098682
              ],
              [
                6.724512,
                52.080225
              ],
              [
                6.712988,
                52.056885
              ],
              [
                6.715625,
                52.036182
              ],
              [
                6.760007315719639,
                52.00755045772445
              ],
              [
                6.77817,
                52.001271
              ],
              [
                6.804008,
                51.984373
              ],
              [
                6.809176,
                51.979542
              ],
              [
                6.811656,
                51.972798
              ],
              [
                6.810726,
                51.960576
              ],
              [
                6.805662,
                51.957527
              ],
              [
                6.798014,
                51.956701
              ],
              [
                6.789849,
                51.951145
              ],
              [
                6.767008,
                51.925514
              ],
              [
                6.743753,
                51.908331
              ],
              [
                6.716675,
                51.899262
              ],
              [
                6.694254720799237,
                51.898816998412194
              ],
              [
                6.517578,
                51.853955
              ],
              [
                6.484723475095662,
                51.85553175316112
              ],
              [
                6.479428,
                51.853012
              ],
              [
                6.462892,
                51.848361
              ],
              [
                6.442531,
                51.848361
              ],
              [
                6.415532469465583,
                51.85331425579704
              ],
              [
                6.38654832214048,
                51.83775074740315
              ],
              [
                6.386617,
                51.837561
              ],
              [
                6.382483,
                51.827587
              ],
              [
                6.344966,
                51.821102
              ],
              [
                6.3432164503742605,
                51.83019708947916
              ],
              [
                6.312697285278415,
                51.843777946063604
              ],
              [
                6.287399,
                51.846165
              ],
              [
                6.282851,
                51.849601
              ],
              [
                6.277861526652743,
                51.85514992238882
              ],
              [
                6.238057538763394,
                51.864304784729065
              ],
              [
                6.22518,
                51.862546
              ],
              [
                6.191384,
                51.87115
              ],
              [
                6.177105526730143,
                51.87832366346747
              ],
              [
                6.166504,
                51.880762
              ],
              [
                6.118794007775941,
                51.8707471196467
              ],
              [
                6.142705,
                51.855182
              ],
              [
                6.156141,
                51.842056
              ],
              [
                6.140018,
                51.844537
              ],
              [
                6.116453,
                51.848283
              ],
              [
                6.086747535620977,
                51.853202941793896
              ],
              [
                6.01539612573183,
                51.83587336626644
              ],
              [
                6.008243,
                51.832574
              ],
              [
                6.001710722835673,
                51.83084485786865
              ],
              [
                5.94873,
                51.802686
              ],
              [
                5.948701980332423,
                51.7968975677504
              ],
              [
                5.950778,
                51.795909
              ],
              [
                5.964111,
                51.776556
              ],
              [
                5.962354,
                51.756351
              ],
              [
                5.957553964308954,
                51.75338727689539
              ],
              [
                5.982387966315371,
                51.72856495317857
              ],
              [
                5.989742,
                51.726379
              ],
              [
                6.012067,
                51.715863
              ],
              [
                6.021989,
                51.709506
              ],
              [
                6.015383766603935,
                51.69558466929817
              ],
              [
                6.052734,
                51.658252
              ],
              [
                6.0564736522613805,
                51.65616277399264
              ],
              [
                6.099193,
                51.644472
              ],
              [
                6.089861556378592,
                51.626593724250995
              ],
              [
                6.091113,
                51.598926
              ],
              [
                6.141602,
                51.550098
              ],
              [
                6.147282291312062,
                51.54337071422658
              ],
              [
                6.15304,
                51.538431
              ],
              [
                6.193348,
                51.509338
              ],
              [
                6.200479,
                51.476575
              ],
              [
                6.205337,
                51.458436
              ],
              [
                6.201719,
                51.438644
              ],
              [
                6.194071,
                51.417379
              ],
              [
                6.192727,
                51.398957
              ],
              [
                6.207817,
                51.387666
              ],
              [
                6.202029,
                51.378881
              ],
              [
                6.198929,
                51.35697
              ],
              [
                6.193554,
                51.344516
              ],
              [
                6.183632,
                51.335705
              ],
              [
                6.158208,
                51.324594
              ],
              [
                6.147769,
                51.318161
              ],
              [
                6.113242626347675,
                51.2781872410971
              ],
              [
                6.075879,
                51.224121
              ],
              [
                6.074805,
                51.199023
              ],
              [
                6.082422,
                51.17998
              ],
              [
                6.112475488731571,
                51.17486089782338
              ],
              [
                6.134126,
                51.184215
              ],
              [
                6.157071,
                51.179254
              ],
              [
                6.149113,
                51.176335
              ],
              [
                6.131332800899024,
                51.16718295758373
              ],
              [
                6.136914,
                51.164844
              ],
              [
                6.134812602083821,
                51.15956110867106
              ],
              [
                6.147252,
                51.152254
              ],
              [
                6.132369,
                51.139825
              ],
              [
                6.086963025053066,
                51.12431200285234
              ],
              [
                5.964791650547613,
                51.05870631100436
              ],
              [
                5.950262,
                51.03947
              ],
              [
                5.937963,
                51.030943
              ],
              [
                5.919566,
                51.029703
              ],
              [
                5.906233,
                51.037403
              ],
              [
                5.898947826554539,
                51.04337396125639
              ],
              [
                5.868359,
                51.045312
              ],
              [
                5.85752,
                51.030127
              ]
            ]
          ],
          [
            [
              [
                8.529950047568663,
                53.524827230315296
              ],
              [
                8.552094,
                53.5362
              ],
              [
                8.552094,
                53.543606
              ],
              [
                8.536166809890814,
                53.548199652797166
              ],
              [
                8.529950047568663,
                53.524827230315296
              ]
            ]
          ],
          [
            [
              [
                8.903516,
                54.000293
              ],
              [
                8.92041,
                53.965332
              ],
              [
                8.978125,
                53.926221
              ],
              [
                9.069629,
                53.900928
              ],
              [
                9.216406,
                53.891211
              ],
              [
                9.217593016384043,
                53.89081270401857
              ],
              [
                9.22047,
                53.890774
              ],
              [
                9.254102,
                53.886084
              ],
              [
                9.218101,
                53.957133
              ],
              [
                8.903532425370711,
                54.00166220839032
              ],
              [
                8.903516,
                54.000293
              ]
            ]
          ]
        ]
      }
    },
    {
      "type": "Feature",
      "properties": {
        "fid": null,
        "prob": 30,
        "warning": 0,
        "date": "1",
        "kind": "outlook",
        "hazard": "general",
        "title": "",
        "description": "",
        "hatched": false,
        "doubleHatch": false,
        "probability": ">50",
        "intensity": "4",
        "riskLabel": "Enhanced Risk"
      },
      "geometry": {
        "type": "MultiPolygon",
        "coordinates": [
          [
            [
              [
                5.85752,
                51.030127
              ],
              [
                5.867188,
                51.005664
              ],
              [
                5.894727,
                50.984229
              ],
              [
                5.931643189820051,
                50.977329120608275
              ],
              [
                5.94158,
                50.976476
              ],
              [
                5.967832,
                50.970998
              ],
              [
                6.003695,
                50.973737
              ],
              [
                6.005762,
                50.968518
              ],
              [
                5.999664,
                50.960095
              ],
              [
                5.9970086449678535,
                50.95431765850746
              ],
              [
                6.006836,
                50.949951
              ],
              [
                6.041461680804491,
                50.9124405393852
              ],
              [
                6.063743,
                50.90754
              ],
              [
                6.061779,
                50.903509
              ],
              [
                6.056508,
                50.898083
              ],
              [
                6.054648,
                50.891468
              ],
              [
                6.063123,
                50.870901
              ],
              [
                6.062813,
                50.862943
              ],
              [
                6.056715,
                50.852659
              ],
              [
                6.045553,
                50.844184
              ],
              [
                6.027374643295598,
                50.8451852578523
              ],
              [
                5.995936246640066,
                50.75608258901287
              ],
              [
                5.99491,
                50.749927
              ],
              [
                5.99454991797653,
                50.74952185329766
              ],
              [
                6.0005082528152585,
                50.74048812085652
              ],
              [
                6.010826,
                50.737059
              ],
              [
                6.0112180103322475,
                50.72977079243025
              ],
              [
                6.049533157899713,
                50.71188260184558
              ],
              [
                6.064363,
                50.714477
              ],
              [
                6.081003,
                50.713495
              ],
              [
                6.100227,
                50.701299
              ],
              [
                6.161102,
                50.642181
              ],
              [
                6.153099261039417,
                50.63892420396009
              ],
              [
                6.154492,
                50.637256
              ],
              [
                6.198719554447917,
                50.615222048065235
              ],
              [
                6.249055,
                50.614431
              ],
              [
                6.251329,
                50.608437
              ],
              [
                6.244301,
                50.599548
              ],
              [
                6.232932,
                50.590763
              ],
              [
                6.232932,
                50.587146
              ],
              [
                6.2139014794173155,
                50.57992132422782
              ],
              [
                6.168457,
                50.545361
              ],
              [
                6.174093704600976,
                50.532799625235334
              ],
              [
                6.177328,
                50.530198
              ],
              [
                6.1758925023545705,
                50.52879101128298
              ],
              [
                6.178711,
                50.52251
              ],
              [
                6.18607103070737,
                50.515430556085924
              ],
              [
                6.190557,
                50.515212
              ],
              [
                6.18855516557128,
                50.513041124011075
              ],
              [
                6.203027,
                50.499121
              ],
              [
                6.2490070587381075,
                50.49230467332075
              ],
              [
                6.250915,
                50.492681
              ],
              [
                6.253086,
                50.494077
              ],
              [
                6.255566,
                50.494593
              ],
              [
                6.25784,
                50.494077
              ],
              [
                6.260114,
                50.492681
              ],
              [
                6.273096052765195,
                50.488733593657756
              ],
              [
                6.294922,
                50.485498
              ],
              [
                6.295487525002419,
                50.48508316363202
              ],
              [
                6.318715,
                50.481674
              ],
              [
                6.336905,
                50.481003
              ],
              [
                6.325743,
                50.474026
              ],
              [
                6.323262,
                50.466016
              ],
              [
                6.323812549796364,
                50.46430556695953
              ],
              [
                6.340918,
                50.451758
              ],
              [
                6.3416654881284416,
                50.437673836339236
              ],
              [
                6.347343,
                50.436974
              ],
              [
                6.351167,
                50.433564
              ],
              [
                6.350444,
                50.416872
              ],
              [
                6.3444436246379725,
                50.397044087360705
              ],
              [
                6.356879320570563,
                50.34677639900899
              ],
              [
                6.372458,
                50.329436
              ],
              [
                6.3734,
                50.32308
              ],
              [
                6.374525,
                50.315483
              ],
              [
                6.362019,
                50.306956
              ],
              [
                6.336936337735027,
                50.304028540453245
              ],
              [
                6.268594739571601,
                50.27389334423316
              ],
              [
                6.271792,
                50.267424
              ],
              [
                6.253396,
                50.256778
              ],
              [
                6.213447572292516,
                50.24957622623187
              ],
              [
                6.182973000699033,
                50.236138477929636
              ],
              [
                6.179808,
                50.233007
              ],
              [
                6.173692442288546,
                50.23022860113339
              ],
              [
                6.159252895884939,
                50.205188765521
              ],
              [
                6.160171,
                50.204534
              ],
              [
                6.165752,
                50.193165
              ],
              [
                6.165132,
                50.181899
              ],
              [
                6.159138,
                50.172443
              ],
              [
                6.151696,
                50.169342
              ],
              [
                6.138177282127011,
                50.16864122523283
              ],
              [
                6.1227406590868245,
                50.141872343958276
              ],
              [
                6.125962,
                50.140196
              ],
              [
                6.129476,
                50.134047
              ],
              [
                6.126582,
                50.127329
              ],
              [
                6.117487,
                50.120456
              ],
              [
                6.114291918704855,
                50.11378024097336
              ],
              [
                6.108301,
                50.094238
              ],
              [
                6.109050935447255,
                50.063594050731055
              ],
              [
                6.109425,
                50.06356
              ],
              [
                6.109059591322946,
                50.0632403533341
              ],
              [
                6.1095879430540965,
                50.04165078358539
              ],
              [
                6.113766,
                50.036378
              ],
              [
                6.119967,
                50.015501
              ],
              [
                6.119526521009321,
                50.013746977926004
              ],
              [
                6.13323926358367,
                49.984766275333534
              ],
              [
                6.138777,
                49.979328
              ],
              [
                6.14452750157145,
                49.968687698533756
              ],
              [
                6.1668987619345135,
                49.948838693046035
              ],
              [
                6.172677,
                49.956228
              ],
              [
                6.189834,
                49.938297
              ],
              [
                6.204486159848836,
                49.91548909828192
              ],
              [
                6.204883,
                49.915137
              ],
              [
                6.256055,
                49.872168
              ],
              [
                6.257832834191841,
                49.87127908290408
              ],
              [
                6.272206,
                49.867138
              ],
              [
                6.286779,
                49.86104
              ],
              [
                6.291533,
                49.855563
              ],
              [
                6.292461225986409,
                49.853964887006796
              ],
              [
                6.322286632695756,
                49.83905218365212
              ],
              [
                6.325639,
                49.84037
              ],
              [
                6.334424,
                49.840215
              ],
              [
                6.351374,
                49.83329
              ],
              [
                6.359963745711273,
                49.82799091734887
              ],
              [
                6.44032518800086,
                49.805488
              ],
              [
                6.462478,
                49.805488
              ],
              [
                6.493278,
                49.799597
              ],
              [
                6.497205,
                49.799442
              ],
              [
                6.502579,
                49.79567
              ],
              [
                6.502269,
                49.795876
              ],
              [
                6.500099,
                49.794481
              ],
              [
                6.499996,
                49.786058
              ],
              [
                6.498549,
                49.785386
              ],
              [
                6.493794,
                49.76363
              ],
              [
                6.493691,
                49.756551
              ],
              [
                6.496378,
                49.752106
              ],
              [
                6.495965,
                49.748231
              ],
              [
                6.492141461179072,
                49.74605455433044
              ],
              [
                6.488106507168439,
                49.725132886623705
              ],
              [
                6.492554,
                49.718413
              ],
              [
                6.499686,
                49.712212
              ],
              [
                6.491004,
                49.714434
              ],
              [
                6.486353,
                49.712936
              ],
              [
                6.485527460383983,
                49.711760253458046
              ],
              [
                6.484766,
                49.707812
              ],
              [
                6.483974572501885,
                49.70730364630319
              ],
              [
                6.489764,
                49.702962
              ],
              [
                6.491727,
                49.700792
              ],
              [
                6.442753547262456,
                49.6801966784341
              ],
              [
                6.411267764206072,
                49.64940142045544
              ],
              [
                6.417003,
                49.645756
              ],
              [
                6.417933,
                49.639142
              ],
              [
                6.415246,
                49.634646
              ],
              [
                6.407701,
                49.627411
              ],
              [
                6.397573,
                49.613872
              ],
              [
                6.377764846555494,
                49.5979942952789
              ],
              [
                6.348438,
                49.512695
              ],
              [
                6.345163592660841,
                49.46483133874614
              ],
              [
                6.34538,
                49.462718
              ],
              [
                6.345307,
                49.455349
              ],
              [
                6.353855,
                49.45476
              ],
              [
                6.3645,
                49.456104
              ],
              [
                6.383517,
                49.46463
              ],
              [
                6.391682,
                49.466697
              ],
              [
                6.402741,
                49.465457
              ],
              [
                6.494518,
                49.435537
              ],
              [
                6.511674,
                49.424736
              ],
              [
                6.517876,
                49.416416
              ],
              [
                6.520563,
                49.408148
              ],
              [
                6.520744157172911,
                49.40324004766011
              ],
              [
                6.534277,
                49.394678
              ],
              [
                6.540519381036279,
                49.38522887633285
              ],
              [
                6.574306,
                49.361794
              ],
              [
                6.577717,
                49.3558
              ],
              [
                6.573376,
                49.347738
              ],
              [
                6.565454217892788,
                49.347484887988024
              ],
              [
                6.566309,
                49.346191
              ],
              [
                6.574707,
                49.319678
              ],
              [
                6.605521921485513,
                49.29270300537599
              ],
              [
                6.639677,
                49.271154
              ],
              [
                6.641227,
                49.266916
              ],
              [
                6.639487030048082,
                49.25839039977115
              ],
              [
                6.648311485227472,
                49.24939743830936
              ],
              [
                6.659521,
                49.246763
              ],
              [
                6.663758,
                49.243869
              ],
              [
                6.671364270359661,
                49.22590445159612
              ],
              [
                6.687917944450653,
                49.20903467888776
              ],
              [
                6.698485,
                49.213586
              ],
              [
                6.702516,
                49.213638
              ],
              [
                6.70882,
                49.197773
              ],
              [
                6.705967133514726,
                49.190640833786816
              ],
              [
                6.735449,
                49.160596
              ],
              [
                6.768977353235142,
                49.15530157397041
              ],
              [
                6.770108,
                49.155295
              ],
              [
                6.772136450828467,
                49.15480272428308
              ],
              [
                6.77627,
                49.15415
              ],
              [
                6.820703,
                49.173926
              ],
              [
                6.8324381205018305,
                49.18534257892689
              ],
              [
                6.827676,
                49.195551
              ],
              [
                6.833464,
                49.209452
              ],
              [
                6.843489,
                49.211054
              ],
              [
                6.8784569069386805,
                49.205817272450844
              ],
              [
                6.891211,
                49.20752
              ],
              [
                6.900343716813455,
                49.2057651952237
              ],
              [
                6.914389,
                49.206662
              ],
              [
                6.925448,
                49.205576
              ],
              [
                6.951379983053914,
                49.195958837970664
              ],
              [
                6.958301,
                49.194629
              ],
              [
                6.99469225343534,
                49.18219675500052
              ],
              [
                7.009474,
                49.181702
              ],
              [
                7.009140805430221,
                49.15895518696255
              ],
              [
                7.022168,
                49.123437
              ],
              [
                7.036719,
                49.112695
              ],
              [
                7.065723,
                49.124854
              ],
              [
                7.074777568453378,
                49.1253246062001
              ],
              [
                7.074793,
                49.125375
              ],
              [
                7.071589,
                49.130594
              ],
              [
                7.070762,
                49.136123
              ],
              [
                7.079857,
                49.142014
              ],
              [
                7.085335,
                49.141549
              ],
              [
                7.114968329560335,
                49.127413498836034
              ],
              [
                7.117383,
                49.127539
              ],
              [
                7.196663927281783,
                49.11416906841996
              ],
              [
                7.20350243742353,
                49.11412805179823
              ],
              [
                7.295797995286231,
                49.12707482242187
              ],
              [
                7.297105,
                49.128114
              ],
              [
                7.305993,
                49.130129
              ],
              [
                7.320223310132559,
                49.1313146273835
              ],
              [
                7.334872944106961,
                49.13511091824001
              ],
              [
                7.339066,
                49.139689
              ],
              [
                7.3463,
                49.15421
              ],
              [
                7.350951,
                49.159171
              ],
              [
                7.367591,
                49.165372
              ],
              [
                7.371634,
                49.166174
              ],
              [
                7.391052,
                49.170023
              ],
              [
                7.410483,
                49.168938
              ],
              [
                7.414823,
                49.157776
              ],
              [
                7.458025,
                49.155864
              ],
              [
                7.476112,
                49.151523
              ],
              [
                7.482726,
                49.137054
              ],
              [
                7.475285,
                49.133901
              ],
              [
                7.473386185837195,
                49.132161377028595
              ],
              [
                7.525488,
                49.086377
              ],
              [
                7.5822000189794485,
                49.07004433674587
              ],
              [
                7.586389,
                49.069564
              ],
              [
                7.599873061287327,
                49.06495462465512
              ],
              [
                7.610938,
                49.061768
              ],
              [
                7.761754734825938,
                49.045849341339824
              ],
              [
                7.762606,
                49.046155
              ],
              [
                7.773665,
                49.048118
              ],
              [
                7.811894,
                49.040829
              ],
              [
                8.023273,
                50.209194
              ],
              [
                8.023273,
                50.901521
              ],
              [
                7.636593,
                52.939048
              ],
              [
                7.309584,
                53.321067
              ],
              [
                7.291515,
                53.32392
              ],
              [
                7.268321,
                53.323676
              ],
              [
                7.254731,
                53.319525
              ],
              [
                7.229503,
                53.296576
              ],
              [
                7.23699,
                53.285549
              ],
              [
                7.233572,
                53.273627
              ],
              [
                7.22462,
                53.262926
              ],
              [
                7.215831,
                53.255601
              ],
              [
                7.204438,
                53.248277
              ],
              [
                7.194591,
                53.245022
              ],
              [
                7.197472,
                53.216624
              ],
              [
                7.198506,
                53.200578
              ],
              [
                7.195405,
                53.184998
              ],
              [
                7.189059730979895,
                53.16898924254992
              ],
              [
                7.189570292080863,
                53.070803007051644
              ],
              [
                7.194372,
                53.033844
              ],
              [
                7.192821,
                52.998006
              ],
              [
                7.183623,
                52.966122
              ],
              [
                7.161919,
                52.932636
              ],
              [
                7.126258868782449,
                52.89864889046346
              ],
              [
                7.11709,
                52.887012
              ],
              [
                7.050879,
                52.744775
              ],
              [
                7.048094042275887,
                52.73021860522109
              ],
              [
                7.043993,
                52.682625
              ],
              [
                7.036655,
                52.647382
              ],
              [
                7.018465,
                52.625988
              ],
              [
                6.982808,
                52.632783
              ],
              [
                6.97957621076679,
                52.633613168670415
              ],
              [
                6.935121430685315,
                52.633703338935135
              ],
              [
                6.91842,
                52.632189
              ],
              [
                6.909921966661447,
                52.63375445250128
              ],
              [
                6.748438,
                52.634082
              ],
              [
                6.710742,
                52.617871
              ],
              [
                6.708758746469851,
                52.61040656691269
              ],
              [
                6.710164,
                52.60865
              ],
              [
                6.7082,
                52.599685
              ],
              [
                6.70623510493947,
                52.5961012698929
              ],
              [
                6.71875,
                52.573584
              ],
              [
                6.718527046814018,
                52.57274367581478
              ],
              [
                6.743753,
                52.559713
              ],
              [
                6.712511233596994,
                52.55006970810361
              ],
              [
                6.712402,
                52.549658
              ],
              [
                6.691602,
                52.530176
              ],
              [
                6.70293,
                52.499219
              ],
              [
                6.748828,
                52.464014
              ],
              [
                6.812378294547195,
                52.447514402066915
              ],
              [
                6.820338,
                52.446826
              ],
              [
                6.840505557547357,
                52.44210647307415
              ],
              [
                6.92207,
                52.440283
              ],
              [
                6.961429507373285,
                52.44353549194222
              ],
              [
                6.966995,
                52.449565
              ],
              [
                6.9733,
                52.451373
              ],
              [
                7.034175,
                52.390783
              ],
              [
                7.048231,
                52.365074
              ],
              [
                7.039756,
                52.328616
              ],
              [
                7.0290075234590335,
                52.313297102483105
              ],
              [
                7.019629,
                52.266016
              ],
              [
                7.014908875492366,
                52.25927843794769
              ],
              [
                7.020739,
                52.245262
              ],
              [
                7.0266,
                52.238623
              ],
              [
                7.029111,
                52.235779
              ],
              [
                7.02632,
                52.230637
              ],
              [
                6.98365126047143,
                52.21466094523749
              ],
              [
                6.977246,
                52.205518
              ],
              [
                6.961240476548419,
                52.1963828980608
              ],
              [
                6.947668,
                52.182811
              ],
              [
                6.927721,
                52.171907
              ],
              [
                6.909957036726658,
                52.167113036816836
              ],
              [
                6.856485093852444,
                52.13659409437045
              ],
              [
                6.843282,
                52.119998
              ],
              [
                6.830673,
                52.112893
              ],
              [
                6.797887337607172,
                52.11061841388208
              ],
              [
                6.749023,
                52.098682
              ],
              [
                6.724512,
                52.080225
              ],
              [
                6.712988,
                52.056885
              ],
              [
                6.715625,
                52.036182
              ],
              [
                6.760007315719639,
                52.00755045772445
              ],
              [
                6.77817,
                52.001271
              ],
              [
                6.804008,
                51.984373
              ],
              [
                6.809176,
                51.979542
              ],
              [
                6.811656,
                51.972798
              ],
              [
                6.810726,
                51.960576
              ],
              [
                6.805662,
                51.957527
              ],
              [
                6.798014,
                51.956701
              ],
              [
                6.789849,
                51.951145
              ],
              [
                6.767008,
                51.925514
              ],
              [
                6.743753,
                51.908331
              ],
              [
                6.716675,
                51.899262
              ],
              [
                6.694254720799237,
                51.898816998412194
              ],
              [
                6.517578,
                51.853955
              ],
              [
                6.484723475095662,
                51.85553175316112
              ],
              [
                6.479428,
                51.853012
              ],
              [
                6.462892,
                51.848361
              ],
              [
                6.442531,
                51.848361
              ],
              [
                6.415532469465583,
                51.85331425579704
              ],
              [
                6.38654832214048,
                51.83775074740315
              ],
              [
                6.386617,
                51.837561
              ],
              [
                6.382483,
                51.827587
              ],
              [
                6.344966,
                51.821102
              ],
              [
                6.3432164503742605,
                51.83019708947916
              ],
              [
                6.312697285278415,
                51.843777946063604
              ],
              [
                6.287399,
                51.846165
              ],
              [
                6.282851,
                51.849601
              ],
              [
                6.277861526652743,
                51.85514992238882
              ],
              [
                6.238057538763394,
                51.864304784729065
              ],
              [
                6.22518,
                51.862546
              ],
              [
                6.191384,
                51.87115
              ],
              [
                6.177105526730143,
                51.87832366346747
              ],
              [
                6.166504,
                51.880762
              ],
              [
                6.118794007775941,
                51.8707471196467
              ],
              [
                6.142705,
                51.855182
              ],
              [
                6.156141,
                51.842056
              ],
              [
                6.140018,
                51.844537
              ],
              [
                6.116453,
                51.848283
              ],
              [
                6.086747535620977,
                51.853202941793896
              ],
              [
                6.01539612573183,
                51.83587336626644
              ],
              [
                6.008243,
                51.832574
              ],
              [
                6.001710722835673,
                51.83084485786865
              ],
              [
                5.94873,
                51.802686
              ],
              [
                5.948701980332423,
                51.7968975677504
              ],
              [
                5.950778,
                51.795909
              ],
              [
                5.964111,
                51.776556
              ],
              [
                5.962354,
                51.756351
              ],
              [
                5.957553964308954,
                51.75338727689539
              ],
              [
                5.982387966315371,
                51.72856495317857
              ],
              [
                5.989742,
                51.726379
              ],
              [
                6.012067,
                51.715863
              ],
              [
                6.021989,
                51.709506
              ],
              [
                6.015383766603935,
                51.69558466929817
              ],
              [
                6.052734,
                51.658252
              ],
              [
                6.0564736522613805,
                51.65616277399264
              ],
              [
                6.099193,
                51.644472
              ],
              [
                6.089861556378592,
                51.626593724250995
              ],
              [
                6.091113,
                51.598926
              ],
              [
                6.141602,
                51.550098
              ],
              [
                6.147282291312062,
                51.54337071422658
              ],
              [
                6.15304,
                51.538431
              ],
              [
                6.193348,
                51.509338
              ],
              [
                6.200479,
                51.476575
              ],
              [
                6.205337,
                51.458436
              ],
              [
                6.201719,
                51.438644
              ],
              [
                6.194071,
                51.417379
              ],
              [
                6.192727,
                51.398957
              ],
              [
                6.207817,
                51.387666
              ],
              [
                6.202029,
                51.378881
              ],
              [
                6.198929,
                51.35697
              ],
              [
                6.193554,
                51.344516
              ],
              [
                6.183632,
                51.335705
              ],
              [
                6.158208,
                51.324594
              ],
              [
                6.147769,
                51.318161
              ],
              [
                6.113242626347675,
                51.2781872410971
              ],
              [
                6.075879,
                51.224121
              ],
              [
                6.074805,
                51.199023
              ],
              [
                6.082422,
                51.17998
              ],
              [
                6.112475488731571,
                51.17486089782338
              ],
              [
                6.134126,
                51.184215
              ],
              [
                6.157071,
                51.179254
              ],
              [
                6.149113,
                51.176335
              ],
              [
                6.131332800899024,
                51.16718295758373
              ],
              [
                6.136914,
                51.164844
              ],
              [
                6.134812602083821,
                51.15956110867106
              ],
              [
                6.147252,
                51.152254
              ],
              [
                6.132369,
                51.139825
              ],
              [
                6.086963025053066,
                51.12431200285234
              ],
              [
                5.964791650547613,
                51.05870631100436
              ],
              [
                5.950262,
                51.03947
              ],
              [
                5.937963,
                51.030943
              ],
              [
                5.919566,
                51.029703
              ],
              [
                5.906233,
                51.037403
              ],
              [
                5.898947826554539,
                51.04337396125639
              ],
              [
                5.868359,
                51.045312
              ],
              [
                5.85752,
                51.030127
              ]
            ]
          ],
          [
            [
              [
                7.05332,
                53.37583
              ],
              [
                7.133044763874353,
                53.336362079246776
              ],
              [
                7.299522,
                53.332822
              ],
              [
                7.133292,
                53.527014
              ],
              [
                7.125011,
                53.524359
              ],
              [
                7.11964,
                53.516303
              ],
              [
                7.0918061016577925,
                53.51992975336109
              ],
              [
                7.074316,
                53.477637
              ],
              [
                7.05332,
                53.37583
              ]
            ]
          ]
        ]
      }
    }
  ]
}