hour,count,percent
0,0,0.0
1,0,0.0
2,0,0.0
3,0,0.0
4,0,0.0
5,0,0.0
6,0,0.0
7,0,0.0
8,0,0.0
9,0,0.0
10,0,0.0
11,0,0.0
12,0,0.0
13,0,0.0
14,0,0.0
15,0,0.0
16,0,0.0
17,1252,31.971399387129722
18,430,10.980592441266598
19,831,21.220633299284984
20,414,10.572012257405516
21,167,4.2645556690500515
22,275,7.02247191011236
23,547,13.968335035750767
