hour,count,percent
0,0,0.0
1,42,1.2537313432835822
2,0,0.0
3,0,0.0
4,28,0.835820895522388
5,11,0.3283582089552239
6,19,0.5671641791044777
7,0,0.0
8,5,0.1492537313432836
9,0,0.0
10,9,0.26865671641791045
11,30,0.8955223880597015
12,27,0.8059701492537313
13,0,0.0
14,0,0.0
15,0,0.0
16,0,0.0
17,946,28.238805970149254
18,785,23.432835820895523
19,349,10.417910447761194
20,727,21.70149253731343
21,372,11.104477611940299
22,0,0.0
23,0,0.0
