hour,count,percent
0,0,0.0
1,0,0.0
2,0,0.0
3,463,35.91931730023274
4,0,0.0
5,0,0.0
6,133,10.318076027928628
7,0,0.0
8,0,0.0
9,693,53.76260667183863
10,0,0.0
11,0,0.0
12,0,0.0
13,0,0.0
14,0,0.0
15,0,0.0
16,0,0.0
17,0,0.0
18,0,0.0
19,0,0.0
20,0,0.0
21,0,0.0
22,0,0.0
23,0,0.0
