hour,count,percent
0,784,16.777230900920177
1,0,0.0
2,0,0.0
3,463,9.907982024395464
4,0,0.0
5,0,0.0
6,133,2.8461373849775304
7,0,0.0
8,0,0.0
9,693,14.829873742777657
10,0,0.0
11,218,4.665097367857907
12,0,0.0
13,380,8.131821099935802
14,215,4.600898780226835
15,0,0.0
16,0,0.0
17,141,3.0173336186603894
18,203,4.344104429702546
19,0,0.0
20,0,0.0
21,619,13.246308581211213
22,824,17.633212069334476
23,0,0.0
