hour,count,percent
0,395,9.220354808590104
1,0,0.0
2,0,0.0
3,463,10.80765639589169
4,0,0.0
5,0,0.0
6,133,3.104575163398693
7,0,0.0
8,0,0.0
9,693,16.176470588235293
10,0,0.0
11,218,5.088702147525677
12,0,0.0
13,380,8.870214752567694
14,215,5.018674136321195
15,0,0.0
16,0,0.0
17,141,3.2913165266106446
18,203,4.738562091503268
19,0,0.0
20,0,0.0
21,619,14.449112978524742
22,824,19.234360410831002
23,0,0.0
