hour,count,percent
0,265,9.007477906186267
1,13,0.4418762746430999
2,0,0.0
3,0,0.0
4,0,0.0
5,0,0.0
6,0,0.0
7,0,0.0
8,0,0.0
9,0,0.0
10,0,0.0
11,14,0.4758667573079538
12,71,2.413324269204623
13,110,3.7389530931339223
14,33,1.1216859279401767
15,41,1.3936097892590074
16,15,0.5098572399728076
17,56,1.9034670292318152
18,219,7.443915703602991
19,127,4.316791298436438
20,281,9.55132562882393
21,267,9.075458871515977
22,740,25.15295717199184
23,690,23.45343303874915
