hour,count,percent
0,0,0.0
1,0,0.0
2,143,57.42971887550201
3,7,2.8112449799196786
4,7,2.8112449799196786
5,0,0.0
6,0,0.0
7,0,0.0
8,1,0.4016064257028112
9,0,0.0
10,0,0.0
11,1,0.4016064257028112
12,1,0.4016064257028112
13,3,1.2048192771084338
14,29,11.646586345381527
15,21,8.433734939759036
16,28,11.244979919678714
17,8,3.2128514056224895
18,0,0.0
19,0,0.0
20,0,0.0
21,0,0.0
22,0,0.0
23,0,0.0
