hour,count,percent
0,0,0.0
1,0,0.0
2,0,0.0
3,480,14.397120575884822
4,0,0.0
5,0,0.0
6,616,18.47630473905219
7,0,0.0
8,0,0.0
9,191,5.7288542291541695
10,0,0.0
11,90,2.699460107978404
12,0,0.0
13,420,12.59748050389922
14,104,3.119376124775045
15,118,3.5392921415716856
16,0,0.0
17,1315,39.442111577684464
18,0,0.0
19,0,0.0
20,0,0.0
21,0,0.0
22,0,0.0
23,0,0.0
