{
  "type": "FeatureCollection",
  "features": [
    {
      "type": "Feature",
      "properties": {
        "fid": null,
        "prob": 3,
        "warning": 0,
        "date": "1",
        "kind": "outlook",
        "hazard": "general",
        "title": "",
        "description": "",
        "hatched": false,
        "doubleHatch": false,
        "probability": "<5",
        "intensity": "1",
        "riskLabel": "T-Storm Risk"
      },
      "geometry": {
        "type": "Polygon",
        "coordinates": [
          [
            [
              5.85752,
              51.030127
            ],
            [
              5.867188,
              51.005664
            ],
            [
              5.894727,
              50.984229
            ],
            [
              5.931643189820051,
              50.977329120608275
            ],
            [
              5.94158,
              50.976476
            ],
            [
              5.967832,
              50.970998
            ],
            [
              6.003695,
              50.973737
            ],
            [
              6.005762,
              50.968518
            ],
            [
              5.999664,
              50.960095
            ],
            [
              5.9970086449678535,
              50.95431765850746
            ],
            [
              6.006836,
              50.949951
            ],
            [
              6.041461680804491,
              50.9124405393852
            ],
            [
              6.063743,
              50.90754
            ],
            [
              6.061779,
              50.903509
            ],
            [
              6.056508,
              50.898083
            ],
            [
              6.054648,
              50.891468
            ],
            [
              6.063123,
              50.870901
            ],
            [
              6.062813,
              50.862943
            ],
            [
              6.056715,
              50.852659
            ],
            [
              6.045553,
              50.844184
            ],
            [
              6.027374643295598,
              50.8451852578523
            ],
            [
              5.995936246640066,
              50.75608258901287
            ],
            [
              5.99491,
              50.749927
            ],
            [
              5.99454991797653,
              50.74952185329766
            ],
            [
              6.0005082528152585,
              50.74048812085652
            ],
            [
              6.010826,
              50.737059
            ],
            [
              6.0112180103322475,
              50.72977079243025
            ],
            [
              6.049533157899713,
              50.71188260184558
            ],
            [
              6.064363,
              50.714477
            ],
            [
              6.081003,
              50.713495
            ],
            [
              6.100227,
              50.701299
            ],
            [
              6.161102,
              50.642181
            ],
            [
              6.153099261039417,
              50.63892420396009
            ],
            [
              6.154492,
              50.637256
            ],
            [
              6.198719554447917,
              50.615222048065235
            ],
            [
              6.249055,
              50.614431
            ],
            [
              6.251329,
              50.608437
            ],
            [
              6.244301,
              50.599548
            ],
            [
              6.232932,
              50.590763
            ],
            [
              6.232932,
              50.587146
            ],
            [
              6.2139014794173155,
              50.57992132422782
            ],
            [
              6.168457,
              50.545361
            ],
            [
              6.174093704600976,
              50.532799625235334
            ],
            [
              6.177328,
              50.530198
            ],
            [
              6.1758925023545705,
              50.52879101128298
            ],
            [
              6.178711,
              50.52251
            ],
            [
              6.18607103070737,
              50.515430556085924
            ],
            [
              6.190557,
              50.515212
            ],
            [
              6.18855516557128,
              50.513041124011075
            ],
            [
              6.203027,
              50.499121
            ],
            [
              6.2490070587381075,
              50.49230467332075
            ],
            [
              6.250915,
              50.492681
            ],
            [
              6.253086,
              50.494077
            ],
            [
              6.255566,
              50.494593
            ],
            [
              6.25784,
              50.494077
            ],
            [
              6.260114,
              50.492681
            ],
            [
              6.273096052765195,
              50.488733593657756
            ],
            [
              6.294922,
              50.485498
            ],
            [
              6.295487525002419,
              50.48508316363202
            ],
            [
              6.318715,
              50.481674
            ],
            [
              6.336905,
              50.481003
            ],
            [
              6.325743,
              50.474026
            ],
            [
              6.323262,
              50.466016
            ],
            [
              6.323812549796364,
              50.46430556695953
            ],
            [
              6.340918,
              50.451758
            ],
            [
              6.3416654881284416,
              50.437673836339236
            ],
            [
              6.347343,
              50.436974
            ],
            [
              6.351167,
              50.433564
            ],
            [
              6.350444,
              50.416872
            ],
            [
              6.3444436246379725,
              50.397044087360705
            ],
            [
              6.356879320570563,
              50.34677639900899
            ],
            [
              6.372458,
              50.329436
            ],
            [
              6.3734,
              50.32308
            ],
            [
              6.374525,
              50.315483
            ],
            [
              6.362019,
              50.306956
            ],
            [
              6.336936337735027,
              50.304028540453245
            ],
            [
              6.268594739571601,
              50.27389334423316
            ],
            [
              6.271792,
              50.267424
            ],
            [
              6.253396,
              50.256778
            ],
            [
              6.213447572292516,
              50.24957622623187
            ],
            [
              6.182973000699033,
              50.236138477929636
            ],
            [
              6.179808,
              50.233007
            ],
            [
              6.173692442288546,
              50.23022860113339
            ],
            [
              6.159252895884939,
              50.205188765521
            ],
            [
              6.160171,
              50.204534
            ],
            [
              6.165752,
              50.193165
            ],
            [
              6.165132,
              50.181899
            ],
            [
              6.159138,
              50.172443
            ],
            [
              6.151696,
              50.169342
            ],
            [
              6.138177282127011,
              50.16864122523283
            ],
            [
              6.1227406590868245,
              50.141872343958276
            ],
            [
              6.125962,
              50.140196
            ],
            [
              6.129476,
              50.134047
            ],
            [
              6.126582,
              50.127329
            ],
            [
              6.117487,
              50.120456
            ],
            [
              6.114291918704855,
              50.11378024097336
            ],
            [
              6.108301,
              50.094238
            ],
            [
              6.109050935447255,
              50.063594050731055
            ],
            [
              6.109425,
              50.06356
            ],
            [
              6.109059591322946,
              50.0632403533341
            ],
            [
              6.1095879430540965,
              50.04165078358539
            ],
            [
              6.113766,
              50.036378
            ],
            [
              6.119967,
              50.015501
            ],
            [
              6.119526521009321,
              50.013746977926004
            ],
            [
              6.13323926358367,
              49.984766275333534
            ],
            [
              6.138777,
              49.979328
            ],
            [
              6.14452750157145,
              49.968687698533756
            ],
            [
              6.1668987619345135,
              49.948838693046035
            ],
            [
              6.172677,
              49.956228
            ],
            [
              6.189834,
              49.938297
            ],
            [
              6.204486159848836,
              49.91548909828192
            ],
            [
              6.204883,
              49.915137
            ],
            [
              6.256055,
              49.872168
            ],
            [
              6.257832834191841,
              49.87127908290408
            ],
            [
              6.272206,
              49.867138
            ],
            [
              6.286779,
              49.86104
            ],
            [
              6.291533,
              49.855563
            ],
            [
              6.292461225986409,
              49.853964887006796
            ],
            [
              6.322286632695756,
              49.83905218365212
            ],
            [
              6.325639,
              49.84037
            ],
            [
              6.334424,
              49.840215
            ],
            [
              6.351374,
              49.83329
            ],
            [
              6.359963745711273,
              49.82799091734887
            ],
            [
              6.44032518800086,
              49.805488
            ],
            [
              6.462478,
              49.805488
            ],
            [
              6.493278,
              49.799597
            ],
            [
              6.497205,
              49.799442
            ],
            [
              6.502579,
              49.79567
            ],
            [
              6.502269,
              49.795876
            ],
            [
              6.500099,
              49.794481
            ],
            [
              6.499996,
              49.786058
            ],
            [
              6.498549,
              49.785386
            ],
            [
              6.493794,
              49.76363
            ],
            [
              6.493691,
              49.756551
            ],
            [
              6.496378,
              49.752106
            ],
            [
              6.495965,
              49.748231
            ],
            [
              6.492141461179072,
              49.74605455433044
            ],
            [
              6.488106507168439,
              49.725132886623705
            ],
            [
              6.492554,
              49.718413
            ],
            [
              6.499686,
              49.712212
            ],
            [
              6.491004,
              49.714434
            ],
            [
              6.486353,
              49.712936
            ],
            [
              6.485527460383983,
              49.711760253458046
            ],
            [
              6.484766,
              49.707812
            ],
            [
              6.483974572501885,
              49.70730364630319
            ],
            [
              6.489764,
              49.702962
            ],
            [
              6.491727,
              49.700792
            ],
            [
              6.442753547262456,
              49.6801966784341
            ],
            [
              6.411267764206072,
              49.64940142045544
            ],
            [
              6.417003,
              49.645756
            ],
            [
              6.417933,
              49.639142
            ],
            [
              6.415246,
              49.634646
            ],
            [
              6.407701,
              49.627411
            ],
            [
              6.397573,
              49.613872
            ],
            [
              6.377764846555494,
              49.5979942952789
            ],
            [
              6.348438,
              49.512695
            ],
            [
              6.345163592660841,
              49.46483133874614
            ],
            [
              6.34538,
              49.462718
            ],
            [
              6.345307,
              49.455349
            ],
            [
              6.353855,
              49.45476
            ],
            [
              6.3645,
              49.456104
            ],
            [
              6.383517,
              49.46463
            ],
            [
              6.391682,
              49.466697
            ],
            [
              6.402741,
              49.465457
            ],
            [
              6.494518,
              49.435537
            ],
            [
              6.511674,
              49.424736
            ],
            [
              6.517876,
              49.416416
            ],
            [
              6.520563,
              49.408148
            ],
            [
              6.520744157172911,
              49.40324004766011
            ],
            [
              6.534277,
              49.394678
            ],
            [
              6.540519381036279,
              49.38522887633285
            ],
            [
              6.574306,
              49.361794
            ],
            [
              6.577717,
              49.3558
            ],
            [
              6.573376,
              49.347738
            ],
            [
              6.565454217892788,
              49.347484887988024
            ],
            [
              6.566309,
              49.346191
            ],
            [
              6.574707,
              49.319678
            ],
            [
              6.605521921485513,
              49.29270300537599
            ],
            [
              6.639677,
              49.271154
            ],
            [
              6.641227,
              49.266916
            ],
            [
              6.639487030048082,
              49.25839039977115
            ],
            [
              6.648311485227472,
              49.24939743830936
            ],
            [
              6.659521,
              49.246763
            ],
            [
              6.663758,
              49.243869
            ],
            [
              6.671364270359661,
              49.22590445159612
            ],
            [
              6.687917944450653,
              49.20903467888776
            ],
            [
              6.698485,
              49.213586
            ],
            [
              6.702516,
              49.213638
            ],
            [
              6.70882,
              49.197773
            ],
            [
              6.705967133514726,
              49.190640833786816
            ],
            [
              6.735449,
              49.160596
            ],
            [
              6.768977353235142,
              49.15530157397041
            ],
            [
              6.770108,
              49.155295
            ],
            [
              6.772136450828467,
              49.15480272428308
            ],
            [
              6.77627,
              49.15415
            ],
            [
              6.820703,
              49.173926
            ],
            [
              6.8324381205018305,
              49.18534257892689
            ],
            [
              6.827676,
              49.195551
            ],
            [
              6.833464,
              49.209452
            ],
            [
              6.843489,
              49.211054
            ],
            [
              6.8784569069386805,
              49.205817272450844
            ],
            [
              6.891211,
              49.20752
            ],
            [
              6.900343716813455,
              49.2057651952237
            ],
            [
              6.914389,
              49.206662
            ],
            [
              6.925448,
              49.205576
            ],
            [
              6.951379983053914,
              49.195958837970664
            ],
            [
              6.958301,
              49.194629
            ],
            [
              6.99469225343534,
              49.18219675500052
            ],
            [
              7.009474,
              49.181702
            ],
            [
              7.009140805430221,
              49.15895518696255
            ],
            [
              7.022168,
              49.123437
            ],
            [
              7.036719,
              49.112695
            ],
            [
              7.065723,
              49.124854
            ],
            [
              7.074777568453378,
              49.1253246062001
            ],
            [
              7.074793,
              49.125375
            ],
            [
              7.071589,
              49.130594
            ],
            [
              7.070762,
              49.136123
            ],
            [
              7.079857,
              49.142014
            ],
            [
              7.085335,
              49.141549
            ],
            [
              7.114968329560335,
              49.127413498836034
            ],
            [
              7.117383,
              49.127539
            ],
            [
              7.196663927281783,
              49.11416906841996
            ],
            [
              7.20350243742353,
              49.11412805179823
            ],
            [
              7.295797995286231,
              49.12707482242187
            ],
            [
              7.297105,
              49.128114
            ],
            [
              7.305993,
              49.130129
            ],
            [
              7.320223310132559,
              49.1313146273835
            ],
            [
              7.334872944106961,
              49.13511091824001
            ],
            [
              7.339066,
              49.139689
            ],
            [
              7.3463,
              49.15421
            ],
            [
              7.350951,
              49.159171
            ],
            [
              7.367591,
              49.165372
            ],
            [
              7.371634,
              49.166174
            ],
            [
              7.391052,
              49.170023
            ],
            [
              7.410483,
              49.168938
            ],
            [
              7.414823,
              49.157776
            ],
            [
              7.458025,
              49.155864
            ],
            [
              7.476112,
              49.151523
            ],
            [
              7.482726,
              49.137054
            ],
            [
              7.475285,
              49.133901
            ],
            [
              7.473386185837195,
              49.132161377028595
            ],
            [
              7.525488,
              49.086377
            ],
            [
              7.5822000189794485,
              49.07004433674587
            ],
            [
              7.586389,
              49.069564
            ],
            [
              7.599873061287327,
              49.06495462465512
            ],
            [
              7.610938,
              49.061768
            ],
            [
              7.761754734825938,
              49.045849341339824
            ],
            [
              7.762606,
              49.046155
            ],
            [
              7.773665,
              49.048118
            ],
            [
              7.835273544695016,
              49.036370768025556
            ],
            [
              7.860503906250789,
              49.03250500377275
            ],
            [
              7.913811,
              49.036181
            ],
            [
              7.931898,
              49.034838
            ],
            [
              7.998986131917298,
              49.011286931394075
            ],
            [
              8.00127,
              49.010937
            ],
            [
              8.080664,
              48.985889
            ],
            [
              8.134863,
              48.973584
            ],
            [
              8.13489302774015,
              48.973105455882994
            ],
            [
              8.18873,
              48.965746
            ],
            [
              8.200305,
              48.958563
            ],
            [
              8.199892,
              48.95825
            ],
            [
              8.179325,
              48.942698
            ],
            [
              8.148112,
              48.903734
            ],
            [
              8.140153170913033,
              48.88927595164782
            ],
            [
              8.140332,
              48.886426
            ],
            [
              8.137192417137353,
              48.883897431669574
            ],
            [
              8.10274,
              48.821311
            ],
            [
              8.090338,
              48.807513
            ],
            [
              8.08424,
              48.804051
            ],
            [
              8.04755,
              48.791028
            ],
            [
              8.038765,
              48.79077
            ],
            [
              8.036594,
              48.788289
            ],
            [
              8.031943,
              48.785344
            ],
            [
              8.027293,
              48.780021
            ],
            [
              8.025122,
              48.770616
            ],
            [
              8.022952,
              48.765087
            ],
            [
              8.017267,
              48.761831
            ],
            [
              8.009619,
              48.760074
            ],
            [
              7.993423665904686,
              48.759895408879856
            ],
            [
              7.9639542992403305,
              48.73430801767308
            ],
            [
              7.963627,
              48.729275
            ],
            [
              7.959183,
              48.721368
            ],
            [
              7.948434,
              48.71186
            ],
            [
              7.935205,
              48.703333
            ],
            [
              7.92332,
              48.698217
            ],
            [
              7.895931,
              48.676513
            ],
            [
              7.882158684354828,
              48.66860310244882
            ],
            [
              7.837988,
              48.636035
            ],
            [
              7.8017133227678865,
              48.56106447638774
            ],
            [
              7.801673,
              48.54758
            ],
            [
              7.813455,
              48.526341
            ],
            [
              7.813455,
              48.519468
            ],
            [
              7.788444,
              48.506343
            ],
            [
              7.785622914576703,
              48.504421725291415
            ],
            [
              7.765137,
              48.41001
            ],
            [
              7.7465422912844195,
              48.36937040163503
            ],
            [
              7.746896,
              48.368677
            ],
            [
              7.75196,
              48.355344
            ],
            [
              7.75072,
              48.341366
            ],
            [
              7.736974,
              48.326664
            ],
            [
              7.725019586664807,
              48.322331532414346
            ],
            [
              7.705664,
              48.280029
            ],
            [
              7.688307664348245,
              48.25601169162613
            ],
            [
              7.687158,
              48.252921
            ],
            [
              7.676616,
              48.2384
            ],
            [
              7.673416689120505,
              48.23540589376602
            ],
            [
              7.616602,
              48.156787
            ],
            [
              7.58418,
              48.064307
            ],
            [
              7.599344191128392,
              48.02581716975435
            ],
            [
              7.618945,
              48.002652
            ],
            [
              7.621116,
              47.97144
            ],
            [
              7.611607,
              47.959399
            ],
            [
              7.600459973802307,
              47.951460009768596
            ],
            [
              7.593262,
              47.905664
            ],
            [
              7.538574,
              47.773633
            ],
            [
              7.53666208143551,
              47.75285455481869
            ],
            [
              7.53833,
              47.748146
            ],
            [
              7.537813,
              47.731816
            ],
            [
              7.534370603958798,
              47.72795112011263
            ],
            [
              7.529395,
              47.673877
            ],
            [
              7.53344464417671,
              47.66630994738464
            ],
            [
              7.536573,
              47.665205
            ],
            [
              7.550112,
              47.652441
            ],
            [
              7.572643,
              47.622004
            ],
            [
              7.578638,
              47.61694
            ],
            [
              7.585046,
              47.613167
            ],
            [
              7.590317,
              47.607948
            ],
            [
              7.592321741856724,
              47.59914006964885
            ],
            [
              7.615625,
              47.592725
            ],
            [
              7.619987298951207,
              47.591515526126116
            ],
            [
              7.637032,
              47.594977
            ],
            [
              7.659666,
              47.596579
            ],
            [
              7.652313216015361,
              47.58255296932393
            ],
            [
              7.698047,
              47.569873
            ],
            [
              7.790790226277532,
              47.567440659005854
            ],
            [
              7.801467,
              47.576089
            ],
            [
              7.819657,
              47.595339
            ],
            [
              7.833713,
              47.590481
            ],
            [
              7.898205,
              47.587846
            ],
            [
              7.904303,
              47.583557
            ],
            [
              7.907507,
              47.574177
            ],
            [
              7.90947,
              47.564798
            ],
            [
              7.909773045478326,
              47.564320142280735
            ],
            [
              7.927051,
              47.563867
            ],
            [
              8.09375,
              47.576172
            ],
            [
              8.103714907656954,
              47.57910562639574
            ],
            [
              8.105427,
              47.581257
            ],
            [
              8.113902,
              47.587846
            ],
            [
              8.122067,
              47.592135
            ],
            [
              8.143771,
              47.600067
            ],
            [
              8.162065,
              47.603762
            ],
            [
              8.168886,
              47.608646
            ],
            [
              8.173847,
              47.613529
            ],
            [
              8.179015,
              47.615803
            ],
            [
              8.232965,
              47.621952
            ],
            [
              8.251051,
              47.622004
            ],
            [
              8.276993,
              47.61663
            ],
            [
              8.288569,
              47.615803
            ],
            [
              8.293943,
              47.611462
            ],
            [
              8.296467742892716,
              47.606934
            ],
            [
              8.327832,
              47.606934
            ],
            [
              8.414746,
              47.5896
            ],
            [
              8.430078,
              47.592139
            ],
            [
              8.454004,
              47.596191
            ],
            [
              8.455899472715522,
              47.5975146949053
            ],
            [
              8.461788,
              47.606139
            ],
            [
              8.49238,
              47.619833
            ],
            [
              8.522353,
              47.621901
            ],
            [
              8.526256619373635,
              47.61942508270522
            ],
            [
              8.559473,
              47.624023
            ],
            [
              8.570508,
              47.637793
            ],
            [
              8.56709,
              47.651904
            ],
            [
              8.552344,
              47.659131
            ],
            [
              8.517420080369263,
              47.65658807367451
            ],
            [
              8.504679,
              47.65226
            ],
            [
              8.49083,
              47.645568
            ],
            [
              8.476051,
              47.640401
            ],
            [
              8.458274,
              47.639884
            ],
            [
              8.437603,
              47.647842
            ],
            [
              8.411972,
              47.661045
            ],
            [
              8.407011,
              47.661562
            ],
            [
              8.391301,
              47.665464
            ],
            [
              8.397709,
              47.67629
            ],
            [
              8.395229,
              47.684817
            ],
            [
              8.390991,
              47.692129
            ],
            [
              8.392128,
              47.699519
            ],
            [
              8.401947,
              47.707089
            ],
            [
              8.423724974386163,
              47.71515564909632
            ],
            [
              8.435742,
              47.731348
            ],
            [
              8.442152043069989,
              47.73442213285046
            ],
            [
              8.445458,
              47.743185
            ],
            [
              8.450109,
              47.750471
            ],
            [
              8.463648,
              47.763907
            ],
            [
              8.471503,
              47.76706
            ],
            [
              8.482665,
              47.766853
            ],
            [
              8.536512,
              47.774088
            ],
            [
              8.551602,
              47.779255
            ],
            [
              8.5423,
              47.795017
            ],
            [
              8.558216,
              47.801166
            ],
            [
              8.583124,
              47.800236
            ],
            [
              8.601624,
              47.794603
            ],
            [
              8.603175,
              47.787317
            ],
            [
              8.604105,
              47.774398
            ],
            [
              8.605764621760466,
              47.768662528554614
            ],
            [
              8.617871,
              47.766113
            ],
            [
              8.626144663288272,
              47.761164188408436
            ],
            [
              8.62984,
              47.762796
            ],
            [
              8.635007,
              47.784604
            ],
            [
              8.644102,
              47.791012
            ],
            [
              8.657022,
              47.788118
            ],
            [
              8.666633,
              47.778273
            ],
            [
              8.674488,
              47.766698
            ],
            [
              8.68193,
              47.75874
            ],
            [
              8.692265,
              47.757164
            ],
            [
              8.703324,
              47.758714
            ],
            [
              8.713142,
              47.757422
            ],
            [
              8.719757,
              47.747319
            ],
            [
              8.71707,
              47.743547
            ],
            [
              8.703737,
              47.730033
            ],
            [
              8.70043,
              47.723496
            ],
            [
              8.704667,
              47.715332
            ],
            [
              8.709469669703221,
              47.71132414256106
            ],
            [
              8.72832,
              47.700049
            ],
            [
              8.754785,
              47.698047
            ],
            [
              8.763254708722163,
              47.70460146738772
            ],
            [
              8.77071,
              47.720861
            ],
            [
              8.797581,
              47.720034
            ],
            [
              8.830241,
              47.707192
            ],
            [
              8.856079,
              47.690682
            ],
            [
              8.846310243894253,
              47.68914529400609
            ],
            [
              8.874023,
              47.662695
            ],
            [
              8.88109404589024,
              47.65644720675233
            ],
            [
              8.881191064189782,
              47.656398268347615
            ],
            [
              8.981877050926565,
              47.66224482036636
            ],
            [
              8.997673,
              47.673835
            ],
            [
              9.016586,
              47.6789
            ],
            [
              9.125785642928319,
              47.670601187487065
            ],
            [
              9.127539,
              47.670703
            ],
            [
              9.182813,
              47.670703
            ],
            [
              9.216711262681219,
              47.65614974166969
            ],
            [
              9.234351,
              47.656162
            ],
            [
              9.273211,
              47.65009
            ],
            [
              9.547482,
              47.534547
            ],
            [
              9.553059,
              47.516891
            ],
            [
              9.554951,
              47.5109
            ],
            [
              9.555223032033767,
              47.51062226209456
            ],
            [
              9.625879,
              47.467041
            ],
            [
              9.625813869124642,
              47.46674923911499
            ],
            [
              9.650346,
              47.452092
            ],
            [
              9.649519,
              47.409717
            ],
            [
              9.639804,
              47.394524
            ],
            [
              9.601047,
              47.36127
            ],
            [
              9.596396,
              47.352305
            ],
            [
              9.591228,
              47.334683
            ],
            [
              9.587404,
              47.32781
            ],
            [
              9.553298,
              47.299853
            ],
            [
              9.527007934981821,
              47.26954781725248
            ],
            [
              9.523148347760625,
              47.260796255418754
            ],
            [
              9.53025,
              47.253654
            ],
            [
              9.547096,
              47.243035
            ],
            [
              9.540378,
              47.229108
            ],
            [
              9.544823,
              47.220323
            ],
            [
              9.554331,
              47.211615
            ],
            [
              9.562909,
              47.19774
            ],
            [
              9.561876,
              47.190609
            ],
            [
              9.551954,
              47.175571
            ],
            [
              9.552057,
              47.16689
            ],
            [
              9.581823,
              47.154901
            ],
            [
              9.605594,
              47.132266
            ],
            [
              9.615723,
              47.106764
            ],
            [
              9.608798,
              47.080771
            ],
            [
              9.581788064301476,
              47.05737674476788
            ],
            [
              9.619922,
              47.057471
            ],
            [
              9.629162737235687,
              47.05596690008159
            ],
            [
              9.65231,
              47.05793
            ],
            [
              9.669053,
              47.056199
            ],
            [
              9.857982,
              47.015478
            ],
            [
              9.856328,
              47.004083
            ],
            [
              9.860566,
              47.001602
            ],
            [
              9.866767,
              47.001938
            ],
            [
              9.870591,
              46.998838
            ],
            [
              9.870591,
              46.992947
            ],
            [
              9.866457,
              46.983387
            ],
            [
              9.86543115692306,
              46.97368593983428
            ],
            [
              9.877734,
              46.937695
            ],
            [
              9.961957980554077,
              46.900692324060216
            ],
            [
              10.006913,
              46.890757
            ],
            [
              10.026441844386543,
              46.878028946586895
            ],
            [
              10.133496,
              46.851514
            ],
            [
              10.179785,
              46.862354
            ],
            [
              10.214617473242596,
              46.88749069664133
            ],
            [
              10.215169,
              46.893108
            ],
            [
              10.219924,
              46.905769
            ],
            [
              10.235116,
              46.923313
            ],
            [
              10.251343,
              46.92538
            ],
            [
              10.263978349906715,
              46.9231117498469
            ],
            [
              10.304626398619469,
              46.95244523020124
            ],
            [
              10.313665,
              46.964318
            ],
            [
              10.338883,
              46.98411
            ],
            [
              10.367925,
              46.995505
            ],
            [
              10.373403,
              46.996254
            ],
            [
              10.378984,
              46.995505
            ],
            [
              10.384255,
              46.993153
            ],
            [
              10.384358,
              46.993153
            ],
            [
              10.384358,
              46.992998
            ],
            [
              10.394693,
              46.985402
            ],
            [
              10.413291725291666,
              46.96491649914709
            ],
            [
              10.414941,
              46.964404
            ],
            [
              10.416452543158307,
              46.96192637913041
            ],
            [
              10.449574,
              46.943906
            ],
            [
              10.458462,
              46.936619
            ],
            [
              10.463836,
              46.919747
            ],
            [
              10.454293744778495,
              46.89360466766158
            ],
            [
              10.453121504501043,
              46.870617956009355
            ],
            [
              10.453793310547775,
              46.86458583297384
            ],
            [
              10.479395,
              46.855127
            ],
            [
              10.579785,
              46.853711
            ],
            [
              10.582391366323305,
              46.853536627990906
            ],
            [
              10.629408,
              46.862412
            ],
            [
              10.647081,
              46.863756
            ],
            [
              10.662481,
              46.860965
            ],
            [
              10.738962,
              46.829546
            ],
            [
              10.748677,
              46.819443
            ],
            [
              10.743819,
              46.812518
            ],
            [
              10.738319605654972,
              46.80945510884236
            ],
            [
              10.759766,
              46.793311
            ],
            [
              10.815596836548929,
              46.77872182262179
            ],
            [
              10.823918,
              46.78035
            ],
            [
              10.83415,
              46.780246
            ],
            [
              10.843141,
              46.777043
            ],
            [
              10.848099179825018,
              46.774120540541745
            ],
            [
              10.906641070923248,
              46.770693831582726
            ],
            [
              10.913731,
              46.77234
            ],
            [
              10.930888,
              46.773994
            ],
            [
              10.953506337537855,
              46.7724666290586
            ],
            [
              10.993262,
              46.777002
            ],
            [
              11.025098,
              46.796973
            ],
            [
              11.063477,
              46.859131
            ],
            [
              11.075194583054895,
              46.871953773639575
            ],
            [
              11.083643,
              46.900136
            ],
            [
              11.091912,
              46.912435
            ],
            [
              11.156611,
              46.956515
            ],
            [
              11.174491,
              46.963853
            ],
            [
              11.243737,
              46.979252
            ],
            [
              11.31381,
              46.987262
            ],
            [
              11.349467,
              46.98194
            ],
            [
              11.35524148508711,
              46.980011954206184
            ],
            [
              11.429960718165857,
              46.98293036191873
            ],
            [
              11.445172,
              46.992998
            ],
            [
              11.445275,
              46.993102
            ],
            [
              11.452923,
              47.000879
            ],
            [
              11.461812,
              47.005504
            ],
            [
              11.471837,
              47.00708
            ],
            [
              11.489407,
              47.004212
            ],
            [
              11.495918,
              47.001602
            ],
            [
              11.501706,
              46.997856
            ],
            [
              11.505780235623686,
              46.99410099399358
            ],
            [
              11.527539,
              46.997412
            ],
            [
              11.563670311161223,
              46.99710583058261
            ],
            [
              11.572709,
              46.998915
            ],
            [
              11.59648,
              47.00044
            ],
            [
              11.624036478368543,
              46.9965942999005
            ],
            [
              11.625488,
              46.996582
            ],
            [
              11.634295115609357,
              46.99516263502191
            ],
            [
              11.64795,
              46.993257
            ],
            [
              11.648467,
              46.993257
            ],
            [
              11.649707,
              46.992998
            ],
            [
              11.657252,
              46.992533
            ],
            [
              11.664797,
              46.993257
            ],
            [
              11.683814,
              46.991913
            ],
            [
              11.69745436688404,
              46.98498381674842
            ],
            [
              11.699414,
              46.984668
            ],
            [
              11.771947574629108,
              46.98601463093844
            ],
            [
              11.777141,
              46.988296
            ],
            [
              11.787958419367222,
              46.989478782717995
            ],
            [
              11.844170466110452,
              47.00502556168308
            ],
            [
              11.857033,
              47.012015
            ],
            [
              11.899511,
              47.027725
            ],
            [
              11.943643,
              47.038164
            ],
            [
              11.966706976413366,
              47.038915949085876
            ],
            [
              11.969531,
              47.039697
            ],
            [
              12.0764755863697,
              47.06239737312516
            ],
            [
              12.116242,
              47.076559
            ],
            [
              12.133146,
              47.078832
            ],
            [
              12.180631,
              47.085215
            ],
            [
              12.204195,
              47.079686
            ],
            [
              12.203897,
              47.067012
            ],
            [
              12.203575,
              47.053331
            ],
            [
              12.182284,
              47.033616
            ],
            [
              12.164432587820704,
              47.02680750369973
            ],
            [
              12.130762,
              46.984766
            ],
            [
              12.154102,
              46.935254
            ],
            [
              12.221644285207233,
              46.87631384025559
            ],
            [
              12.250807,
              46.875615
            ],
            [
              12.26662,
              46.868148
            ],
            [
              12.275819,
              46.846289
            ],
            [
              12.276129,
              46.83399
            ],
            [
              12.274008062650184,
              46.82849197716735
            ],
            [
              12.319196141271329,
              46.77314278331294
            ],
            [
              12.326048,
              46.772495
            ],
            [
              12.342688,
              46.765131
            ],
            [
              12.351473,
              46.743246
            ],
            [
              12.357702598348416,
              46.7326763668923
            ],
            [
              12.388281,
              46.702637
            ],
            [
              12.469067276369122,
              46.67586729380131
            ],
            [
              12.469632,
              46.675799
            ],
            [
              12.499888,
              46.672139
            ],
            [
              12.508858952705285,
              46.66793860149205
            ],
            [
              12.59689133257266,
              46.654370437915524
            ],
            [
              12.62019,
              46.656481
            ],
            [
              12.669593,
              46.653019
            ],
            [
              12.671368,
              46.652466
            ],
            [
              12.679205,
              46.650022
            ],
            [
              12.681857686106852,
              46.64863907408734
            ],
            [
              12.699805,
              46.647461
            ],
            [
              12.729097810393753,
              46.64148339545846
            ],
            [
              12.732018,
              46.64227
            ],
            [
              12.739873,
              46.642994
            ],
            [
              12.7485,
              46.640996
            ],
            [
              12.773566,
              46.635191
            ],
            [
              12.784898615230167,
              46.63009646672311
            ],
            [
              12.805566,
              46.625879
            ],
            [
              12.960340584592947,
              46.60319747296194
            ],
            [
              13.064504,
              46.598035
            ],
            [
              13.146463,
              46.584961
            ],
            [
              13.1770681384306,
              46.57198504147814
            ],
            [
              13.331062592943322,
              46.55956352524155
            ],
            [
              13.373323,
              46.565789
            ],
            [
              13.417041,
              46.560492
            ],
            [
              13.478019,
              46.563567
            ],
            [
              13.484944,
              46.561733
            ],
            [
              13.493556380612393,
              46.55497460173852
            ],
            [
              13.547630264332065,
              46.54588283591976
            ],
            [
              13.549229,
              46.545842
            ],
            [
              13.553297778927744,
              46.54492992275848
            ],
            [
              13.7,
              46.520264
            ],
            [
              13.705971123289638,
              46.519454579555436
            ],
            [
              13.716093,
              46.518867
            ],
            [
              13.74038698767152,
              46.51478930923747
            ],
            [
              13.743945,
              46.514307
            ],
            [
              13.826695152165707,
              46.51139380230411
            ],
            [
              13.860683,
              46.51525
            ],
            [
              13.890862,
              46.511787
            ],
            [
              13.936813307522721,
              46.496781537932435
            ],
            [
              14.016509144670213,
              46.482728148459664
            ],
            [
              14.032456,
              46.484709
            ],
            [
              14.050026,
              46.484399
            ],
            [
              14.066355,
              46.48104
            ],
            [
              14.081032,
              46.47595
            ],
            [
              14.10594291058455,
              46.46110172730894
            ],
            [
              14.267285,
              46.440723
            ],
            [
              14.313743100970328,
              46.43682919649421
            ],
            [
              14.362151,
              46.435875
            ],
            [
              14.395844,
              46.440991
            ],
            [
              14.40649,
              46.439337
            ],
            [
              14.411244,
              46.434635
            ],
            [
              14.414448,
              46.429002
            ],
            [
              14.415266099400915,
              46.42832022606815
            ],
            [
              14.419922,
              46.42793
            ],
            [
              14.465918,
              46.416113
            ],
            [
              14.492566750702448,
              46.41677074883376
            ],
            [
              14.502194,
              46.418356
            ],
            [
              14.503612339203682,
              46.417004923529205
            ],
            [
              14.549805,
              46.399707
            ],
            [
              14.571183942553173,
              46.41005283505334
            ],
            [
              14.575368,
              46.419726
            ],
            [
              14.590148,
              46.434428
            ],
            [
              14.599863,
              46.437167
            ],
            [
              14.600362410080457,
              46.43719790249438
            ],
            [
              14.656441117828084,
              46.455627720946254
            ],
            [
              14.662081,
              46.459698
            ],
            [
              14.666629,
              46.460524
            ],
            [
              14.67005007556062,
              46.46010019598007
            ],
            [
              14.680176,
              46.463428
            ],
            [
              14.683482926019694,
              46.46496968008178
            ],
            [
              14.687093,
              46.471221
            ],
            [
              14.698772,
              46.480962
            ],
            [
              14.703733,
              46.487758
            ],
            [
              14.709727,
              46.492512
            ],
            [
              14.726367,
              46.497706
            ],
            [
              14.735255,
              46.493339
            ],
            [
              14.747305368648554,
              46.49472353244655
            ],
            [
              14.756738,
              46.499121
            ],
            [
              14.810547,
              46.54458
            ],
            [
              14.812266912461405,
              46.5466321955691
            ],
            [
              14.814519,
              46.551337
            ],
            [
              14.822278,
              46.567546
            ],
            [
              14.833647,
              46.584393
            ],
            [
              14.85039,
              46.601136
            ],
            [
              14.862999,
              46.604831
            ],
            [
              14.877055,
              46.603642
            ],
            [
              14.891299178272014,
              46.60495938549047
            ],
            [
              14.893262,
              46.605908
            ],
            [
              14.90080546075506,
              46.60689190630022
            ],
            [
              14.919507,
              46.615017
            ],
            [
              14.933589,
              46.621135
            ],
            [
              14.947955,
              46.619274
            ],
            [
              14.95312917438959,
              46.614155540035014
            ],
            [
              14.990848432840993,
              46.62353201651177
            ],
            [
              15.004386,
              46.636844
            ],
            [
              15.061954,
              46.649557
            ],
            [
              15.085723,
              46.647795
            ],
            [
              15.105591,
              46.646323
            ],
            [
              15.172557,
              46.64136
            ],
            [
              15.184880080782625,
              46.640446459311065
            ],
            [
              15.216992,
              46.642969
            ],
            [
              15.254142113676055,
              46.64074098934924
            ],
            [
              15.332784,
              46.64358
            ],
            [
              15.388135,
              46.645578
            ],
            [
              15.417591,
              46.637955
            ],
            [
              15.430468708456901,
              46.63016612181022
            ],
            [
              15.439258,
              46.629639
            ],
            [
              15.520617268864736,
              46.64881755567035
            ],
            [
              15.52084,
              46.649608
            ],
            [
              15.530659,
              46.663845
            ],
            [
              15.545955,
              46.671881
            ],
            [
              15.567349,
              46.675757
            ],
            [
              15.587802684716337,
              46.67595489859807
            ],
            [
              15.632617,
              46.698437
            ],
            [
              15.632907149121223,
              46.698464972178414
            ],
            [
              15.632875,
              46.702473
            ],
            [
              15.635975,
              46.717563
            ],
            [
              15.652098,
              46.710819
            ],
            [
              15.70497912764629,
              46.705413158799466
            ],
            [
              15.760254,
              46.710742
            ],
            [
              15.766895,
              46.711279
            ],
            [
              15.775695345683836,
              46.70972668181177
            ],
            [
              15.78461,
              46.7122
            ],
            [
              15.822941,
              46.722834
            ],
            [
              15.850743,
              46.724488
            ],
            [
              15.878545,
              46.720715
            ],
            [
              15.946344,
              46.697151
            ],
            [
              15.970050359964869,
              46.69425555335601
            ],
            [
              15.972266,
              46.697217
            ],
            [
              15.980469,
              46.705859
            ],
            [
              15.979812316926434,
              46.723213312946925
            ],
            [
              15.970529,
              46.743014
            ],
            [
              15.969702,
              46.760532
            ],
            [
              15.970985,
              46.77505
            ],
            [
              15.971252,
              46.778076
            ],
            [
              15.978177,
              46.809134
            ],
            [
              15.97735,
              46.816213
            ],
            [
              15.972906,
              46.818435
            ],
            [
              15.971976,
              46.820632
            ],
            [
              15.981691,
              46.827685
            ],
            [
              15.987582,
              46.830011
            ],
            [
              16.025597187137667,
              46.8364642499079
            ],
            [
              16.037207,
              46.844824
            ],
            [
              16.093066,
              46.863281
            ],
            [
              16.20246427761824,
              46.85983244621591
            ],
            [
              16.272009,
              46.863962
            ],
            [
              16.282241,
              46.859932
            ],
            [
              16.297392,
              46.847033
            ],
            [
              16.301878,
              46.843214
            ],
            [
              16.310663,
              46.84001
            ],
            [
              16.325339,
              46.839442
            ],
            [
              16.329783,
              46.834403
            ],
            [
              16.327509,
              46.825463
            ],
            [
              16.321825,
              46.813268
            ],
            [
              16.3149,
              46.802002
            ],
            [
              16.314334232113687,
              46.80133506930467
            ],
            [
              16.318457,
              46.78252
            ],
            [
              16.335449,
              46.721631
            ],
            [
              16.348376918394628,
              46.71476929316375
            ],
            [
              16.357275,
              46.715832
            ],
            [
              16.357382676431172,
              46.709989337907324
            ],
            [
              16.367188,
              46.704785
            ],
            [
              16.3744242653731,
              46.694804432398186
            ],
            [
              16.390038,
              46.694154
            ],
            [
              16.405024,
              46.687255
            ],
            [
              16.410502,
              46.668367
            ],
            [
              16.402607,
              46.663109
            ],
            [
              16.396652,
              46.659143
            ],
            [
              16.382494538559065,
              46.65446826817482
            ],
            [
              16.38125,
              46.638672
            ],
            [
              16.413863094405635,
              46.61110947806635
            ],
            [
              16.430242,
              46.604392
            ],
            [
              16.467139,
              46.564704
            ],
            [
              16.500832,
              46.544809
            ],
            [
              16.51518614051124,
              46.50205608032112
            ],
            [
              16.515367419451028,
              46.50167506282447
            ],
            [
              16.521024613933147,
              46.498567369501735
            ],
            [
              16.569922,
              46.48501
            ],
            [
              16.587429037673825,
              46.478267247368
            ],
            [
              16.588062,
              46.479567
            ],
            [
              16.594263,
              46.482978
            ],
            [
              16.602118,
              46.482048
            ],
            [
              16.61111,
              46.478069
            ],
            [
              16.637671,
              46.474477
            ],
            [
              16.659272,
              46.464193
            ],
            [
              16.677462,
              46.44869
            ],
            [
              16.683855025911335,
              46.44112923475301
            ],
            [
              16.748047,
              46.416406
            ],
            [
              16.78876666388671,
              46.3909724155318
            ],
            [
              16.803449,
              46.388694
            ],
            [
              16.807894,
              46.387351
            ],
            [
              16.812338,
              46.385025
            ],
            [
              16.816575,
              46.381976
            ],
            [
              16.820916,
              46.3781
            ],
            [
              16.827531,
              46.374018
            ],
            [
              16.830218,
              46.377351
            ],
            [
              16.832388,
              46.381925
            ],
            [
              16.837659,
              46.381873
            ],
            [
              16.850475,
              46.373062
            ],
            [
              16.859411,
              46.364758
            ],
            [
              16.865461,
              46.359135
            ],
            [
              16.875073,
              46.342857
            ],
            [
              16.873729820143904,
              46.33649730535629
            ],
            [
              16.939941,
              46.253662
            ],
            [
              17.032715,
              46.187305
            ],
            [
              17.149609,
              46.140332
            ],
            [
              17.16756180374572,
              46.127975303476155
            ],
            [
              18.782319,
              46.825609
            ],
            [
              20.906358,
              48.611605
            ],
            [
              22.644208,
              49.809897
            ],
            [
              23.962202,
              50.958384
            ],
            [
              23.958878,
              50.966348
            ],
            [
              23.958424609556598,
              50.97029420859306
            ],
            [
              23.938086,
              50.992529
            ],
            [
              23.93497788672914,
              50.998098433706495
            ],
            [
              23.9318,
              50.999472
            ],
            [
              23.919087,
              51.002728
            ],
            [
              23.911749,
              51.00681
            ],
            [
              23.915987,
              51.014665
            ],
            [
              23.915987,
              51.020866
            ],
            [
              23.909590929600306,
              51.043589367407094
            ],
            [
              23.88655903445327,
              51.08486026134747
            ],
            [
              23.869271,
              51.10174
            ],
            [
              23.854492,
              51.121532
            ],
            [
              23.858213,
              51.13073
            ],
            [
              23.858474144651368,
              51.13081527945799
            ],
            [
              23.79873380874449,
              51.185676709370334
            ],
            [
              23.765195,
              51.199021
            ],
            [
              23.742664,
              51.216255
            ],
            [
              23.696030755508364,
              51.28035392957769
            ],
            [
              23.680115179318875,
              51.29532564950868
            ],
            [
              23.670214,
              51.299376
            ],
            [
              23.650887,
              51.299609
            ],
            [
              23.635177,
              51.304699
            ],
            [
              23.628666,
              51.325964
            ],
            [
              23.63404,
              51.339296
            ],
            [
              23.647786,
              51.353998
            ],
            [
              23.66400504425527,
              51.36477116052012
            ],
            [
              23.678788950186522,
              51.393193556264535
            ],
            [
              23.678895,
              51.394073
            ],
            [
              23.679610442312768,
              51.39477289358051
            ],
            [
              23.679688,
              51.394922
            ],
            [
              23.66150310932472,
              51.44217683850156
            ],
            [
              23.648716,
              51.453966
            ],
            [
              23.647166,
              51.460193
            ],
            [
              23.648667350808118,
              51.4621169724985
            ],
            [
              23.62469225117023,
              51.49294778617653
            ],
            [
              23.614817,
              51.49722
            ],
            [
              23.608099,
              51.511224
            ],
            [
              23.60659227532933,
              51.5162234760029
            ],
            [
              23.605273,
              51.51792
            ],
            [
              23.59517386160147,
              51.533459361507504
            ],
            [
              23.588668,
              51.535899
            ],
            [
              23.572752,
              51.539672
            ],
            [
              23.56035,
              51.555304
            ],
            [
              23.567171,
              51.55489
            ],
            [
              23.573992,
              51.555304
            ],
            [
              23.552081,
              51.578817
            ],
            [
              23.5434,
              51.592743
            ],
            [
              23.539886,
              51.607109
            ],
            [
              23.541600514852593,
              51.61589170072754
            ],
            [
              23.539648,
              51.618896
            ],
            [
              23.541160739721438,
              51.64559632369997
            ],
            [
              23.532444,
              51.6515
            ],
            [
              23.532444,
              51.658967
            ],
            [
              23.541436,
              51.659742
            ],
            [
              23.541973797650567,
              51.65994704748074
            ],
            [
              23.544824,
              51.710254
            ],
            [
              23.546881801637696,
              51.71319207468521
            ],
            [
              23.546604,
              51.713589
            ],
            [
              23.552288,
              51.736636
            ],
            [
              23.556319,
              51.747359
            ],
            [
              23.56035,
              51.754542
            ],
            [
              23.577299,
              51.766686
            ],
            [
              23.589941186293355,
              51.771496791447795
            ],
            [
              23.625684,
              51.809326
            ],
            [
              23.624712649339532,
              51.81307369445767
            ],
            [
              23.610269,
              51.825184
            ],
            [
              23.594559,
              51.843297
            ],
            [
              23.605721,
              51.851591
            ],
            [
              23.6095401009238,
              51.87161287903898
            ],
            [
              23.607422,
              51.879785
            ],
            [
              23.62176287863367,
              51.91040802575095
            ],
            [
              23.622155,
              51.927943
            ],
            [
              23.628666,
              51.946339
            ],
            [
              23.647579,
              51.97409
            ],
            [
              23.651167081570136,
              51.97758623367987
            ],
            [
              23.652441,
              52.040381
            ],
            [
              23.633301,
              52.06958
            ],
            [
              23.597949,
              52.103076
            ],
            [
              23.551410762260346,
              52.12101527233617
            ],
            [
              23.531928,
              52.120644
            ],
            [
              23.512497,
              52.124442
            ],
            [
              23.497496646551586,
              52.1428857120452
            ],
            [
              23.458398,
              52.169531
            ],
            [
              23.437002901222645,
              52.17587470791634
            ],
            [
              23.43674,
              52.175679
            ],
            [
              23.427231,
              52.17679
            ],
            [
              23.421377474963094,
              52.18050769144637
            ],
            [
              23.40430111340846,
              52.185570881436924
            ],
            [
              23.391368,
              52.182501
            ],
            [
              23.388474,
              52.184154
            ],
            [
              23.392406440834044,
              52.18909768584002
            ],
            [
              23.327148,
              52.208447
            ],
            [
              23.291888140976333,
              52.22158043410394
            ],
            [
              23.284191,
              52.219734
            ],
            [
              23.212257,
              52.231671
            ],
            [
              23.189726,
              52.240533
            ],
            [
              23.197054443804916,
              52.256903664176924
            ],
            [
              23.196973,
              52.256934
            ],
            [
              23.176249378192868,
              52.285058441626894
            ],
            [
              23.176099,
              52.285136
            ],
            [
              23.168746,
              52.288928
            ],
            [
              23.165645,
              52.289393
            ],
            [
              23.20071329064246,
              52.33330752295063
            ],
            [
              23.204102,
              52.337891
            ],
            [
              23.205100809637152,
              52.338801825640004
            ],
            [
              23.21205,
              52.347504
            ],
            [
              23.230447,
              52.365074
            ],
            [
              23.249875808233693,
              52.3796326458845
            ],
            [
              23.30332,
              52.428369
            ],
            [
              23.322795270294414,
              52.44426547357507
            ],
            [
              23.392298,
              52.509638
            ],
            [
              23.480458,
              52.554416
            ],
            [
              23.569031,
              52.585887
            ],
            [
              23.618939670518774,
              52.59455222650383
            ],
            [
              23.844727,
              52.664209
            ],
            [
              23.90127,
              52.703613
            ],
            [
              23.91543,
              52.770264
            ],
            [
              23.916309,
              52.81875
            ],
            [
              23.909700860908426,
              52.900835209745395
            ],
            [
              23.909476,
              52.901501
            ],
            [
              23.905445,
              52.906539
            ],
            [
              23.902034,
              52.912534
            ],
            [
              23.901104,
              52.923257
            ],
            [
              23.903894,
              52.931137
            ],
            [
              23.90447943825152,
              52.93185102397473
            ],
            [
              23.887109,
              53.027539
            ],
            [
              23.88328599398534,
              53.03911519745282
            ],
            [
              23.867928,
              53.051027
            ],
            [
              23.859349,
              53.067976
            ],
            [
              23.860693,
              53.087484
            ],
            [
              23.86518624290079,
              53.09392188402306
            ],
            [
              23.85918,
              53.112109
            ],
            [
              23.802431135723612,
              53.241022304881625
            ],
            [
              23.800645,
              53.242462
            ],
            [
              23.782972,
              53.270936
            ],
            [
              23.765986417696485,
              53.3110842804675
            ],
            [
              23.698514870197087,
              53.427454727059356
            ],
            [
              23.675795,
              53.455705
            ],
            [
              23.590942,
              53.611251
            ],
            [
              23.567068,
              53.681014
            ],
            [
              23.56651977984298,
              53.695814256666466
            ],
            [
              23.54517916480608,
              53.759425568844236
            ],
            [
              23.540402,
              53.763593
            ],
            [
              23.52986,
              53.78416
            ],
            [
              23.52238661181854,
              53.82736476370398
            ],
            [
              23.511394425991064,
              53.860129862693796
            ],
            [
              23.51043,
              53.862502
            ],
            [
              23.497201,
              53.885549
            ],
            [
              23.486866,
              53.909992
            ],
            [
              23.48573894018689,
              53.93660278129242
            ],
            [
              23.484668,
              53.939795
            ],
            [
              23.477637,
              53.958936
            ],
            [
              23.47797286118305,
              53.96187633302705
            ],
            [
              23.470949,
              53.965286
            ],
            [
              23.462888,
              53.972521
            ],
            [
              23.45865,
              53.981616
            ],
            [
              23.45927,
              53.992313
            ],
            [
              23.464128,
              53.996757
            ],
            [
              23.469502,
              54.000684
            ],
            [
              23.481595,
              54.006627
            ],
            [
              23.482960765177424,
              54.008035531376365
            ],
            [
              23.481348,
              54.079004
            ],
            [
              23.453613,
              54.143457
            ],
            [
              23.407308758113334,
              54.175084589573615
            ],
            [
              23.401806,
              54.175971
            ],
            [
              23.391471,
              54.180105
            ],
            [
              23.382273,
              54.187856
            ],
            [
              23.372414455813004,
              54.19891874874879
            ],
            [
              23.370117,
              54.200488
            ],
            [
              23.282324,
              54.240332
            ],
            [
              23.258783323891503,
              54.248972471175584
            ],
            [
              23.235408,
              54.254157
            ],
            [
              23.197271,
              54.267851
            ],
            [
              23.168988567603776,
              54.281733162763274
            ],
            [
              23.089612926443166,
              54.2990032810108
            ],
            [
              23.073041,
              54.294878
            ],
            [
              23.050096,
              54.294827
            ],
            [
              23.032113,
              54.309554
            ],
            [
              23.032216,
              54.320148
            ],
            [
              23.0338765062331,
              54.32339470854181
            ],
            [
              23.031934,
              54.327881
            ],
            [
              23.01592274536014,
              54.34784651829566
            ],
            [
              23.001004,
              54.34888
            ],
            [
              22.989738,
              54.353376
            ],
            [
              22.983434,
              54.359784
            ],
            [
              22.980746044565283,
              54.36450364812266
            ],
            [
              22.976758,
              54.366357
            ],
            [
              22.928741165703375,
              54.380371307958285
            ],
            [
              22.918838,
              54.381126
            ],
            [
              22.88560505040737,
              54.39115343159085
            ],
            [
              22.82373,
              54.395801
            ],
            [
              22.798423635124458,
              54.378636193253456
            ],
            [
              22.78603,
              54.36521
            ],
            [
              22.76722,
              54.35627
            ],
            [
              22.698387,
              54.342937
            ],
            [
              22.510388,
              54.348777
            ],
            [
              22.27712,
              54.356063
            ],
            [
              21.720772,
              54.373271
            ],
            [
              21.287413,
              54.386759
            ],
            [
              20.929606,
              54.397818
            ],
            [
              20.640838,
              54.406784
            ],
            [
              20.35207,
              54.415749
            ],
            [
              19.964703,
              54.427842
            ],
            [
              19.758256,
              54.434256
            ],
            [
              19.680276,
              54.436678
            ],
            [
              19.63077,
              54.446652
            ],
            [
              19.609548,
              54.456732
            ],
            [
              19.59254,
              54.452379
            ],
            [
              19.531016,
              54.414944
            ],
            [
              19.499278,
              54.406399
            ],
            [
              19.459972,
              54.401028
            ],
            [
              19.407289376233678,
              54.3861348659289
            ],
            [
              19.407129,
              54.386084
            ],
            [
              19.407100859479893,
              54.38608157311453
            ],
            [
              19.377208,
              54.377631
            ],
            [
              19.067761,
              54.350641
            ],
            [
              19.023687,
              54.259662
            ],
            [
              16.8031,
              52.001139
            ],
            [
              14.872156,
              50.4904
            ],
            [
              13.810136,
              49.778735
            ],
            [
              12.168833,
              49.434626
            ],
            [
              10.237888,
              49.71635
            ],
            [
              9.224142,
              51.282178
            ],
            [
              8.548312,
              51.941661
            ],
            [
              7.582839,
              52.090208
            ],
            [
              6.045685935669964,
              51.665296749949356
            ],
            [
              6.052734,
              51.658252
            ],
            [
              6.056475248143526,
              51.65616188242352
            ],
            [
              6.099193,
              51.644472
            ],
            [
              6.089861556378592,
              51.626593724250995
            ],
            [
              6.091113,
              51.598926
            ],
            [
              6.141602,
              51.550098
            ],
            [
              6.147282291312062,
              51.54337071422658
            ],
            [
              6.15304,
              51.538431
            ],
            [
              6.193348,
              51.509338
            ],
            [
              6.200479,
              51.476575
            ],
            [
              6.205337,
              51.458436
            ],
            [
              6.201719,
              51.438644
            ],
            [
              6.194071,
              51.417379
            ],
            [
              6.192727,
              51.398957
            ],
            [
              6.207817,
              51.387666
            ],
            [
              6.202029,
              51.378881
            ],
            [
              6.198929,
              51.35697
            ],
            [
              6.193554,
              51.344516
            ],
            [
              6.183632,
              51.335705
            ],
            [
              6.158208,
              51.324594
            ],
            [
              6.147769,
              51.318161
            ],
            [
              6.113242626347675,
              51.2781872410971
            ],
            [
              6.075879,
              51.224121
            ],
            [
              6.074805,
              51.199023
            ],
            [
              6.082422,
              51.17998
            ],
            [
              6.112475488731571,
              51.17486089782338
            ],
            [
              6.134126,
              51.184215
            ],
            [
              6.157071,
              51.179254
            ],
            [
              6.149113,
              51.176335
            ],
            [
              6.131332800899024,
              51.16718295758373
            ],
            [
              6.136914,
              51.164844
            ],
            [
              6.134812602083821,
              51.15956110867106
            ],
            [
              6.147252,
              51.152254
            ],
            [
              6.132369,
              51.139825
            ],
            [
              6.086963025053066,
              51.12431200285234
            ],
            [
              5.964791650547613,
              51.05870631100436
            ],
            [
              5.950262,
              51.03947
            ],
            [
              5.937963,
              51.030943
            ],
            [
              5.919566,
              51.029703
            ],
            [
              5.906233,
              51.037403
            ],
            [
              5.898947826554539,
              51.04337396125639
            ],
            [
              5.868359,
              51.045312
            ],
            [
              5.85752,
              51.030127
            ]
          ]
        ]
      }
    },
    {
      "type": "Feature",
      "properties": {
        "fid": null,
        "prob": 5,
        "warning": 0,
        "date": "1",
        "kind": "outlook",
        "hazard": "general",
        "title": "",
        "description": "",
        "hatched": false,
        "doubleHatch": false,
        "probability": "45",
        "intensity": "2",
        "riskLabel": "General Risk"
      },
      "geometry": {
        "type": "Polygon",
        "coordinates": [
          [
            [
              11.593209,
              47.00023
            ],
            [
              11.59648,
              47.00044
            ],
            [
              11.624036478368543,
              46.9965942999005
            ],
            [
              11.625488,
              46.996582
            ],
            [
              11.634295115609357,
              46.99516263502191
            ],
            [
              11.64795,
              46.993257
            ],
            [
              11.648467,
              46.993257
            ],
            [
              11.649707,
              46.992998
            ],
            [
              11.657252,
              46.992533
            ],
            [
              11.664797,
              46.993257
            ],
            [
              11.683814,
              46.991913
            ],
            [
              11.69745436688404,
              46.98498381674842
            ],
            [
              11.699414,
              46.984668
            ],
            [
              11.771947574629108,
              46.98601463093844
            ],
            [
              11.777141,
              46.988296
            ],
            [
              11.787958419367222,
              46.989478782717995
            ],
            [
              11.844170466110452,
              47.00502556168308
            ],
            [
              11.857033,
              47.012015
            ],
            [
              11.899511,
              47.027725
            ],
            [
              11.943643,
              47.038164
            ],
            [
              11.966706976413366,
              47.038915949085876
            ],
            [
              11.969531,
              47.039697
            ],
            [
              12.0764755863697,
              47.06239737312516
            ],
            [
              12.116242,
              47.076559
            ],
            [
              12.133146,
              47.078832
            ],
            [
              12.180631,
              47.085215
            ],
            [
              12.204195,
              47.079686
            ],
            [
              12.203897,
              47.067012
            ],
            [
              12.203575,
              47.053331
            ],
            [
              12.182284,
              47.033616
            ],
            [
              12.164432587820704,
              47.02680750369973
            ],
            [
              12.130762,
              46.984766
            ],
            [
              12.154102,
              46.935254
            ],
            [
              12.221644285207233,
              46.87631384025559
            ],
            [
              12.250807,
              46.875615
            ],
            [
              12.26662,
              46.868148
            ],
            [
              12.275819,
              46.846289
            ],
            [
              12.276129,
              46.83399
            ],
            [
              12.274008062650184,
              46.82849197716735
            ],
            [
              12.319196141271329,
              46.77314278331294
            ],
            [
              12.326048,
              46.772495
            ],
            [
              12.342688,
              46.765131
            ],
            [
              12.351473,
              46.743246
            ],
            [
              12.357702598348416,
              46.7326763668923
            ],
            [
              12.388281,
              46.702637
            ],
            [
              12.469067276369122,
              46.67586729380131
            ],
            [
              12.469632,
              46.675799
            ],
            [
              12.499888,
              46.672139
            ],
            [
              12.508858952705285,
              46.66793860149205
            ],
            [
              12.59689133257266,
              46.654370437915524
            ],
            [
              12.62019,
              46.656481
            ],
            [
              12.669593,
              46.653019
            ],
            [
              12.671368,
              46.652466
            ],
            [
              12.679205,
              46.650022
            ],
            [
              12.681857686106852,
              46.64863907408734
            ],
            [
              12.699805,
              46.647461
            ],
            [
              12.729097810393753,
              46.64148339545846
            ],
            [
              12.732018,
              46.64227
            ],
            [
              12.739873,
              46.642994
            ],
            [
              12.7485,
              46.640996
            ],
            [
              12.773566,
              46.635191
            ],
            [
              12.784898615230167,
              46.63009646672311
            ],
            [
              12.805566,
              46.625879
            ],
            [
              12.960340584592947,
              46.60319747296194
            ],
            [
              13.064504,
              46.598035
            ],
            [
              13.146463,
              46.584961
            ],
            [
              13.1770681384306,
              46.57198504147814
            ],
            [
              13.331062592943322,
              46.55956352524155
            ],
            [
              13.373323,
              46.565789
            ],
            [
              13.417041,
              46.560492
            ],
            [
              13.478019,
              46.563567
            ],
            [
              13.484944,
              46.561733
            ],
            [
              13.493556380612393,
              46.55497460173852
            ],
            [
              13.547630264332065,
              46.54588283591976
            ],
            [
              13.549229,
              46.545842
            ],
            [
              13.553297778927744,
              46.54492992275848
            ],
            [
              13.7,
              46.520264
            ],
            [
              13.705971123289638,
              46.519454579555436
            ],
            [
              13.716093,
              46.518867
            ],
            [
              13.74038698767152,
              46.51478930923747
            ],
            [
              13.743945,
              46.514307
            ],
            [
              13.826695152165707,
              46.51139380230411
            ],
            [
              13.860683,
              46.51525
            ],
            [
              13.890862,
              46.511787
            ],
            [
              13.936813307522721,
              46.496781537932435
            ],
            [
              14.016509144670213,
              46.482728148459664
            ],
            [
              14.032456,
              46.484709
            ],
            [
              14.050026,
              46.484399
            ],
            [
              14.066355,
              46.48104
            ],
            [
              14.081032,
              46.47595
            ],
            [
              14.10594291058455,
              46.46110172730894
            ],
            [
              14.267285,
              46.440723
            ],
            [
              14.313743100970328,
              46.43682919649421
            ],
            [
              14.362151,
              46.435875
            ],
            [
              14.395844,
              46.440991
            ],
            [
              14.40649,
              46.439337
            ],
            [
              14.411244,
              46.434635
            ],
            [
              14.414448,
              46.429002
            ],
            [
              14.415266099400915,
              46.42832022606815
            ],
            [
              14.419922,
              46.42793
            ],
            [
              14.465918,
              46.416113
            ],
            [
              14.492566750702448,
              46.41677074883376
            ],
            [
              14.502194,
              46.418356
            ],
            [
              14.503612339203682,
              46.417004923529205
            ],
            [
              14.549805,
              46.399707
            ],
            [
              14.571183942553173,
              46.41005283505334
            ],
            [
              14.575368,
              46.419726
            ],
            [
              14.590148,
              46.434428
            ],
            [
              14.599863,
              46.437167
            ],
            [
              14.600362410080457,
              46.43719790249438
            ],
            [
              14.656441117828084,
              46.455627720946254
            ],
            [
              14.662081,
              46.459698
            ],
            [
              14.666629,
              46.460524
            ],
            [
              14.67005007556062,
              46.46010019598007
            ],
            [
              14.680176,
              46.463428
            ],
            [
              14.683482926019694,
              46.46496968008178
            ],
            [
              14.687093,
              46.471221
            ],
            [
              14.698772,
              46.480962
            ],
            [
              14.703733,
              46.487758
            ],
            [
              14.709727,
              46.492512
            ],
            [
              14.726367,
              46.497706
            ],
            [
              14.735255,
              46.493339
            ],
            [
              14.747305368648554,
              46.49472353244655
            ],
            [
              14.756738,
              46.499121
            ],
            [
              14.810547,
              46.54458
            ],
            [
              14.812266912461405,
              46.5466321955691
            ],
            [
              14.814519,
              46.551337
            ],
            [
              14.822278,
              46.567546
            ],
            [
              14.833647,
              46.584393
            ],
            [
              14.85039,
              46.601136
            ],
            [
              14.862999,
              46.604831
            ],
            [
              14.877055,
              46.603642
            ],
            [
              14.891299178272014,
              46.60495938549047
            ],
            [
              14.893262,
              46.605908
            ],
            [
              14.90080546075506,
              46.60689190630022
            ],
            [
              14.919507,
              46.615017
            ],
            [
              14.933589,
              46.621135
            ],
            [
              14.947955,
              46.619274
            ],
            [
              14.95312917438959,
              46.614155540035014
            ],
            [
              14.990848432840993,
              46.62353201651177
            ],
            [
              15.004386,
              46.636844
            ],
            [
              15.061954,
              46.649557
            ],
            [
              15.085723,
              46.647795
            ],
            [
              15.105591,
              46.646323
            ],
            [
              15.172557,
              46.64136
            ],
            [
              15.184880080782625,
              46.640446459311065
            ],
            [
              15.216992,
              46.642969
            ],
            [
              15.254142113676055,
              46.64074098934924
            ],
            [
              15.332784,
              46.64358
            ],
            [
              15.388135,
              46.645578
            ],
            [
              15.417591,
              46.637955
            ],
            [
              15.430468708456901,
              46.63016612181022
            ],
            [
              15.439258,
              46.629639
            ],
            [
              15.520617268864736,
              46.64881755567035
            ],
            [
              15.52084,
              46.649608
            ],
            [
              15.530659,
              46.663845
            ],
            [
              15.545955,
              46.671881
            ],
            [
              15.567349,
              46.675757
            ],
            [
              15.587802684716337,
              46.67595489859807
            ],
            [
              15.632617,
              46.698437
            ],
            [
              15.632907149121223,
              46.698464972178414
            ],
            [
              15.632875,
              46.702473
            ],
            [
              15.635975,
              46.717563
            ],
            [
              15.652098,
              46.710819
            ],
            [
              15.70497912764629,
              46.705413158799466
            ],
            [
              15.760254,
              46.710742
            ],
            [
              15.766895,
              46.711279
            ],
            [
              15.775695345683836,
              46.70972668181177
            ],
            [
              15.78461,
              46.7122
            ],
            [
              15.822941,
              46.722834
            ],
            [
              15.850743,
              46.724488
            ],
            [
              15.878545,
              46.720715
            ],
            [
              15.946344,
              46.697151
            ],
            [
              15.970050359964869,
              46.69425555335601
            ],
            [
              15.972266,
              46.697217
            ],
            [
              15.980469,
              46.705859
            ],
            [
              15.979812316926434,
              46.723213312946925
            ],
            [
              15.970529,
              46.743014
            ],
            [
              15.969702,
              46.760532
            ],
            [
              15.970985,
              46.77505
            ],
            [
              15.971252,
              46.778076
            ],
            [
              15.978177,
              46.809134
            ],
            [
              15.97735,
              46.816213
            ],
            [
              15.972906,
              46.818435
            ],
            [
              15.971976,
              46.820632
            ],
            [
              15.981691,
              46.827685
            ],
            [
              15.987582,
              46.830011
            ],
            [
              16.025597187137667,
              46.8364642499079
            ],
            [
              16.037207,
              46.844824
            ],
            [
              16.093066,
              46.863281
            ],
            [
              16.20246427761824,
              46.85983244621591
            ],
            [
              16.272009,
              46.863962
            ],
            [
              16.282241,
              46.859932
            ],
            [
              16.297392,
              46.847033
            ],
            [
              16.301878,
              46.843214
            ],
            [
              16.310663,
              46.84001
            ],
            [
              16.325339,
              46.839442
            ],
            [
              16.329783,
              46.834403
            ],
            [
              16.327509,
              46.825463
            ],
            [
              16.321825,
              46.813268
            ],
            [
              16.3149,
              46.802002
            ],
            [
              16.314334232113687,
              46.80133506930467
            ],
            [
              16.318457,
              46.78252
            ],
            [
              16.335449,
              46.721631
            ],
            [
              16.348376918394628,
              46.71476929316375
            ],
            [
              16.357275,
              46.715832
            ],
            [
              16.357382676431172,
              46.709989337907324
            ],
            [
              16.367188,
              46.704785
            ],
            [
              16.3744242653731,
              46.694804432398186
            ],
            [
              16.390038,
              46.694154
            ],
            [
              16.405024,
              46.687255
            ],
            [
              16.410502,
              46.668367
            ],
            [
              16.402607,
              46.663109
            ],
            [
              16.396652,
              46.659143
            ],
            [
              16.382494538559065,
              46.65446826817482
            ],
            [
              16.38125,
              46.638672
            ],
            [
              16.413863094405635,
              46.61110947806635
            ],
            [
              16.430242,
              46.604392
            ],
            [
              16.441525,
              46.592255
            ],
            [
              17.623752,
              47.220506
            ],
            [
              19.409876,
              48.29143
            ],
            [
              21.630462,
              49.528714
            ],
            [
              23.776842,
              51.194387
            ],
            [
              23.765195,
              51.199021
            ],
            [
              23.742664,
              51.216255
            ],
            [
              23.696030755508364,
              51.28035392957769
            ],
            [
              23.680115179318875,
              51.29532564950868
            ],
            [
              23.670214,
              51.299376
            ],
            [
              23.650887,
              51.299609
            ],
            [
              23.635177,
              51.304699
            ],
            [
              23.628666,
              51.325964
            ],
            [
              23.63404,
              51.339296
            ],
            [
              23.647786,
              51.353998
            ],
            [
              23.66400504425527,
              51.36477116052012
            ],
            [
              23.678788950186522,
              51.393193556264535
            ],
            [
              23.678895,
              51.394073
            ],
            [
              23.679610442312768,
              51.39477289358051
            ],
            [
              23.679688,
              51.394922
            ],
            [
              23.66150310932472,
              51.44217683850156
            ],
            [
              23.648716,
              51.453966
            ],
            [
              23.647166,
              51.460193
            ],
            [
              23.648667350808118,
              51.4621169724985
            ],
            [
              23.62469225117023,
              51.49294778617653
            ],
            [
              23.614817,
              51.49722
            ],
            [
              23.608099,
              51.511224
            ],
            [
              23.60659227532933,
              51.5162234760029
            ],
            [
              23.605273,
              51.51792
            ],
            [
              23.59517386160147,
              51.533459361507504
            ],
            [
              23.588668,
              51.535899
            ],
            [
              23.572752,
              51.539672
            ],
            [
              23.56035,
              51.555304
            ],
            [
              23.567171,
              51.55489
            ],
            [
              23.573992,
              51.555304
            ],
            [
              23.552081,
              51.578817
            ],
            [
              23.5434,
              51.592743
            ],
            [
              23.539886,
              51.607109
            ],
            [
              23.541600514852593,
              51.61589170072754
            ],
            [
              23.539648,
              51.618896
            ],
            [
              23.541160739721438,
              51.64559632369997
            ],
            [
              23.532444,
              51.6515
            ],
            [
              23.532444,
              51.658967
            ],
            [
              23.541436,
              51.659742
            ],
            [
              23.541973797650567,
              51.65994704748074
            ],
            [
              23.544824,
              51.710254
            ],
            [
              23.546881801637696,
              51.71319207468521
            ],
            [
              23.546604,
              51.713589
            ],
            [
              23.552288,
              51.736636
            ],
            [
              23.556319,
              51.747359
            ],
            [
              23.56035,
              51.754542
            ],
            [
              23.577299,
              51.766686
            ],
            [
              23.589941186293355,
              51.771496791447795
            ],
            [
              23.625684,
              51.809326
            ],
            [
              23.624712649339532,
              51.81307369445767
            ],
            [
              23.610269,
              51.825184
            ],
            [
              23.594559,
              51.843297
            ],
            [
              23.605721,
              51.851591
            ],
            [
              23.6095401009238,
              51.87161287903898
            ],
            [
              23.607422,
              51.879785
            ],
            [
              23.62176287863367,
              51.91040802575095
            ],
            [
              23.622155,
              51.927943
            ],
            [
              23.628666,
              51.946339
            ],
            [
              23.647579,
              51.97409
            ],
            [
              23.651167081570136,
              51.97758623367987
            ],
            [
              23.652441,
              52.040381
            ],
            [
              23.633301,
              52.06958
            ],
            [
              23.597949,
              52.103076
            ],
            [
              23.551410762260346,
              52.12101527233617
            ],
            [
              23.531928,
              52.120644
            ],
            [
              23.512497,
              52.124442
            ],
            [
              23.497496646551586,
              52.1428857120452
            ],
            [
              23.458398,
              52.169531
            ],
            [
              23.437002901222645,
              52.17587470791634
            ],
            [
              23.43674,
              52.175679
            ],
            [
              23.427231,
              52.17679
            ],
            [
              23.421377474963094,
              52.18050769144637
            ],
            [
              23.40430111340846,
              52.185570881436924
            ],
            [
              23.391368,
              52.182501
            ],
            [
              23.388474,
              52.184154
            ],
            [
              23.392406440834044,
              52.18909768584002
            ],
            [
              23.327148,
              52.208447
            ],
            [
              23.291888140976333,
              52.22158043410394
            ],
            [
              23.284191,
              52.219734
            ],
            [
              23.212257,
              52.231671
            ],
            [
              23.189726,
              52.240533
            ],
            [
              23.197054443804916,
              52.256903664176924
            ],
            [
              23.196973,
              52.256934
            ],
            [
              23.176249378192868,
              52.285058441626894
            ],
            [
              23.176099,
              52.285136
            ],
            [
              23.168746,
              52.288928
            ],
            [
              23.165645,
              52.289393
            ],
            [
              23.20071329064246,
              52.33330752295063
            ],
            [
              23.204102,
              52.337891
            ],
            [
              23.205100809637152,
              52.338801825640004
            ],
            [
              23.21205,
              52.347504
            ],
            [
              23.230447,
              52.365074
            ],
            [
              23.249875808233693,
              52.3796326458845
            ],
            [
              23.30332,
              52.428369
            ],
            [
              23.322795270294414,
              52.44426547357507
            ],
            [
              23.392298,
              52.509638
            ],
            [
              23.480458,
              52.554416
            ],
            [
              23.569031,
              52.585887
            ],
            [
              23.618939670518774,
              52.59455222650383
            ],
            [
              23.844727,
              52.664209
            ],
            [
              23.90127,
              52.703613
            ],
            [
              23.91543,
              52.770264
            ],
            [
              23.916309,
              52.81875
            ],
            [
              23.909700860908426,
              52.900835209745395
            ],
            [
              23.909476,
              52.901501
            ],
            [
              23.905445,
              52.906539
            ],
            [
              23.902034,
              52.912534
            ],
            [
              23.901104,
              52.923257
            ],
            [
              23.903894,
              52.931137
            ],
            [
              23.90447943825152,
              52.93185102397473
            ],
            [
              23.887109,
              53.027539
            ],
            [
              23.88328599398534,
              53.03911519745282
            ],
            [
              23.867928,
              53.051027
            ],
            [
              23.859349,
              53.067976
            ],
            [
              23.860693,
              53.087484
            ],
            [
              23.86518624290079,
              53.09392188402306
            ],
            [
              23.85918,
              53.112109
            ],
            [
              23.802431135723612,
              53.241022304881625
            ],
            [
              23.800645,
              53.242462
            ],
            [
              23.782972,
              53.270936
            ],
            [
              23.765986417696485,
              53.3110842804675
            ],
            [
              23.698514870197087,
              53.427454727059356
            ],
            [
              23.675795,
              53.455705
            ],
            [
              23.590942,
              53.611251
            ],
            [
              23.567068,
              53.681014
            ],
            [
              23.56651977984298,
              53.695814256666466
            ],
            [
              23.54517916480608,
              53.759425568844236
            ],
            [
              23.540402,
              53.763593
            ],
            [
              23.52986,
              53.78416
            ],
            [
              23.52238661181854,
              53.82736476370398
            ],
            [
              23.511394425991064,
              53.860129862693796
            ],
            [
              23.51043,
              53.862502
            ],
            [
              23.497201,
              53.885549
            ],
            [
              23.486866,
              53.909992
            ],
            [
              23.48573894018689,
              53.93660278129242
            ],
            [
              23.484668,
              53.939795
            ],
            [
              23.477637,
              53.958936
            ],
            [
              23.47797286118305,
              53.96187633302705
            ],
            [
              23.470949,
              53.965286
            ],
            [
              23.462888,
              53.972521
            ],
            [
              23.45865,
              53.981616
            ],
            [
              23.45927,
              53.992313
            ],
            [
              23.464128,
              53.996757
            ],
            [
              23.469502,
              54.000684
            ],
            [
              23.481595,
              54.006627
            ],
            [
              23.482960765177424,
              54.008035531376365
            ],
            [
              23.481348,
              54.079004
            ],
            [
              23.453613,
              54.143457
            ],
            [
              23.407308758113334,
              54.175084589573615
            ],
            [
              23.401806,
              54.175971
            ],
            [
              23.391471,
              54.180105
            ],
            [
              23.382273,
              54.187856
            ],
            [
              23.372414455813004,
              54.19891874874879
            ],
            [
              23.370117,
              54.200488
            ],
            [
              23.282324,
              54.240332
            ],
            [
              23.258783323891503,
              54.248972471175584
            ],
            [
              23.235408,
              54.254157
            ],
            [
              23.197271,
              54.267851
            ],
            [
              23.168988567603776,
              54.281733162763274
            ],
            [
              23.089612926443166,
              54.2990032810108
            ],
            [
              23.073041,
              54.294878
            ],
            [
              23.050096,
              54.294827
            ],
            [
              23.032113,
              54.309554
            ],
            [
              23.032216,
              54.320148
            ],
            [
              23.0338765062331,
              54.32339470854181
            ],
            [
              23.031934,
              54.327881
            ],
            [
              23.01592274536014,
              54.34784651829566
            ],
            [
              23.001004,
              54.34888
            ],
            [
              22.989738,
              54.353376
            ],
            [
              22.983434,
              54.359784
            ],
            [
              22.980746044565283,
              54.36450364812266
            ],
            [
              22.976758,
              54.366357
            ],
            [
              22.928741165703375,
              54.380371307958285
            ],
            [
              22.918838,
              54.381126
            ],
            [
              22.88560505040737,
              54.39115343159085
            ],
            [
              22.82373,
              54.395801
            ],
            [
              22.798423635124458,
              54.378636193253456
            ],
            [
              22.78603,
              54.36521
            ],
            [
              22.76722,
              54.35627
            ],
            [
              22.698387,
              54.342937
            ],
            [
              22.510388,
              54.348777
            ],
            [
              22.27712,
              54.356063
            ],
            [
              21.720772,
              54.373271
            ],
            [
              21.287413,
              54.386759
            ],
            [
              20.929606,
              54.397818
            ],
            [
              20.640838,
              54.406784
            ],
            [
              20.35207,
              54.415749
            ],
            [
              19.964703,
              54.427842
            ],
            [
              19.758256,
              54.434256
            ],
            [
              19.680276,
              54.436678
            ],
            [
              19.63077,
              54.446652
            ],
            [
              19.609548,
              54.456732
            ],
            [
              19.59254,
              54.452379
            ],
            [
              19.531016,
              54.414944
            ],
            [
              19.499278,
              54.406399
            ],
            [
              19.459972,
              54.401028
            ],
            [
              19.407289376233678,
              54.3861348659289
            ],
            [
              19.407129,
              54.386084
            ],
            [
              19.407100859479893,
              54.38608157311453
            ],
            [
              19.377208,
              54.377631
            ],
            [
              19.319354,
              54.372585
            ],
            [
              18.251309,
              53.11628
            ],
            [
              16.465185,
              51.462987
            ],
            [
              14.389419,
              49.653885
            ],
            [
              12.989484,
              48.643511
            ],
            [
              11.593209,
              47.00023
            ]
          ]
        ]
      }
    },
    {
      "type": "Feature",
      "properties": {
        "fid": null,
        "prob": 15,
        "warning": 0,
        "date": "1",
        "kind": "outlook",
        "hazard": "general",
        "title": "",
        "description": "",
        "hatched": false,
        "doubleHatch": false,
        "probability": ">50",
        "intensity": "3",
        "riskLabel": "Slight Risk",
        "hazardChances": {
          "tornado": 2
        }
      },
      "geometry": {
        "type": "Polygon",
        "coordinates": [
          [
            [
              11.937692,
              47.036756
            ],
            [
              11.943643,
              47.038164
            ],
            [
              11.966706976413366,
              47.038915949085876
            ],
            [
              11.969531,
              47.039697
            ],
            [
              12.0764755863697,
              47.06239737312516
            ],
            [
              12.116242,
              47.076559
            ],
            [
              12.133146,
              47.078832
            ],
            [
              12.180631,
              47.085215
            ],
            [
              12.204195,
              47.079686
            ],
            [
              12.203897,
              47.067012
            ],
            [
              12.203575,
              47.053331
            ],
            [
              12.182284,
              47.033616
            ],
            [
              12.164432587820704,
              47.02680750369973
            ],
            [
              12.130762,
              46.984766
            ],
            [
              12.154102,
              46.935254
            ],
            [
              12.221644285207233,
              46.87631384025559
            ],
            [
              12.250807,
              46.875615
            ],
            [
              12.26662,
              46.868148
            ],
            [
              12.275819,
              46.846289
            ],
            [
              12.276129,
              46.83399
            ],
            [
              12.274008062650184,
              46.82849197716735
            ],
            [
              12.319196141271329,
              46.77314278331294
            ],
            [
              12.326048,
              46.772495
            ],
            [
              12.342688,
              46.765131
            ],
            [
              12.351473,
              46.743246
            ],
            [
              12.357702598348416,
              46.7326763668923
            ],
            [
              12.388281,
              46.702637
            ],
            [
              12.469067276369122,
              46.67586729380131
            ],
            [
              12.469632,
              46.675799
            ],
            [
              12.499888,
              46.672139
            ],
            [
              12.508858952705285,
              46.66793860149205
            ],
            [
              12.59689133257266,
              46.654370437915524
            ],
            [
              12.62019,
              46.656481
            ],
            [
              12.669593,
              46.653019
            ],
            [
              12.671368,
              46.652466
            ],
            [
              12.679205,
              46.650022
            ],
            [
              12.681857686106852,
              46.64863907408734
            ],
            [
              12.699805,
              46.647461
            ],
            [
              12.729097810393753,
              46.64148339545846
            ],
            [
              12.732018,
              46.64227
            ],
            [
              12.739873,
              46.642994
            ],
            [
              12.7485,
              46.640996
            ],
            [
              12.773566,
              46.635191
            ],
            [
              12.784898615230167,
              46.63009646672311
            ],
            [
              12.805566,
              46.625879
            ],
            [
              12.960340584592947,
              46.60319747296194
            ],
            [
              13.064504,
              46.598035
            ],
            [
              13.146463,
              46.584961
            ],
            [
              13.1770681384306,
              46.57198504147814
            ],
            [
              13.331062592943322,
              46.55956352524155
            ],
            [
              13.373323,
              46.565789
            ],
            [
              13.417041,
              46.560492
            ],
            [
              13.478019,
              46.563567
            ],
            [
              13.484944,
              46.561733
            ],
            [
              13.493556380612393,
              46.55497460173852
            ],
            [
              13.547630264332065,
              46.54588283591976
            ],
            [
              13.549229,
              46.545842
            ],
            [
              13.553297778927744,
              46.54492992275848
            ],
            [
              13.7,
              46.520264
            ],
            [
              13.705971123289638,
              46.519454579555436
            ],
            [
              13.716093,
              46.518867
            ],
            [
              13.74038698767152,
              46.51478930923747
            ],
            [
              13.743945,
              46.514307
            ],
            [
              13.826695152165707,
              46.51139380230411
            ],
            [
              13.860683,
              46.51525
            ],
            [
              13.890862,
              46.511787
            ],
            [
              13.936813307522721,
              46.496781537932435
            ],
            [
              14.016509144670213,
              46.482728148459664
            ],
            [
              14.032456,
              46.484709
            ],
            [
              14.050026,
              46.484399
            ],
            [
              14.051733,
              46.484048
            ],
            [
              16.223817,
              47.710022
            ],
            [
              18.444403,
              48.387694
            ],
            [
              20.616716,
              49.528714
            ],
            [
              22.982123,
              51.462987
            ],
            [
              23.3569755434052,
              52.19960304815881
            ],
            [
              23.327148,
              52.208447
            ],
            [
              23.291888140976333,
              52.22158043410394
            ],
            [
              23.284191,
              52.219734
            ],
            [
              23.212257,
              52.231671
            ],
            [
              23.189726,
              52.240533
            ],
            [
              23.197054443804916,
              52.256903664176924
            ],
            [
              23.196973,
              52.256934
            ],
            [
              23.176249378192868,
              52.285058441626894
            ],
            [
              23.176099,
              52.285136
            ],
            [
              23.168746,
              52.288928
            ],
            [
              23.165645,
              52.289393
            ],
            [
              23.20071329064246,
              52.33330752295063
            ],
            [
              23.204102,
              52.337891
            ],
            [
              23.205100809637152,
              52.338801825640004
            ],
            [
              23.21205,
              52.347504
            ],
            [
              23.230447,
              52.365074
            ],
            [
              23.249875808233693,
              52.3796326458845
            ],
            [
              23.30332,
              52.428369
            ],
            [
              23.322795270294414,
              52.44426547357507
            ],
            [
              23.392298,
              52.509638
            ],
            [
              23.480458,
              52.554416
            ],
            [
              23.550132,
              52.579172
            ],
            [
              23.84162681819073,
              53.151983607308445
            ],
            [
              23.802431135723612,
              53.241022304881625
            ],
            [
              23.800645,
              53.242462
            ],
            [
              23.782972,
              53.270936
            ],
            [
              23.765986417696485,
              53.3110842804675
            ],
            [
              23.698514870197087,
              53.427454727059356
            ],
            [
              23.675795,
              53.455705
            ],
            [
              23.590942,
              53.611251
            ],
            [
              23.567068,
              53.681014
            ],
            [
              23.56651977984298,
              53.695814256666466
            ],
            [
              23.54517916480608,
              53.759425568844236
            ],
            [
              23.540402,
              53.763593
            ],
            [
              23.52986,
              53.78416
            ],
            [
              23.52238661181854,
              53.82736476370398
            ],
            [
              23.511394425991064,
              53.860129862693796
            ],
            [
              23.51043,
              53.862502
            ],
            [
              23.497201,
              53.885549
            ],
            [
              23.486866,
              53.909992
            ],
            [
              23.48573894018689,
              53.93660278129242
            ],
            [
              23.484668,
              53.939795
            ],
            [
              23.477637,
              53.958936
            ],
            [
              23.47797286118305,
              53.96187633302705
            ],
            [
              23.470949,
              53.965286
            ],
            [
              23.462888,
              53.972521
            ],
            [
              23.45865,
              53.981616
            ],
            [
              23.45927,
              53.992313
            ],
            [
              23.464128,
              53.996757
            ],
            [
              23.469502,
              54.000684
            ],
            [
              23.481595,
              54.006627
            ],
            [
              23.482960765177424,
              54.008035531376365
            ],
            [
              23.481348,
              54.079004
            ],
            [
              23.453613,
              54.143457
            ],
            [
              23.407308758113334,
              54.175084589573615
            ],
            [
              23.401806,
              54.175971
            ],
            [
              23.391471,
              54.180105
            ],
            [
              23.382273,
              54.187856
            ],
            [
              23.372414455813004,
              54.19891874874879
            ],
            [
              23.370117,
              54.200488
            ],
            [
              23.282324,
              54.240332
            ],
            [
              23.258783323891503,
              54.248972471175584
            ],
            [
              23.235408,
              54.254157
            ],
            [
              23.197271,
              54.267851
            ],
            [
              23.168988567603776,
              54.281733162763274
            ],
            [
              23.089612926443166,
              54.2990032810108
            ],
            [
              23.073041,
              54.294878
            ],
            [
              23.050096,
              54.294827
            ],
            [
              23.032113,
              54.309554
            ],
            [
              23.032216,
              54.320148
            ],
            [
              23.0338765062331,
              54.32339470854181
            ],
            [
              23.031934,
              54.327881
            ],
            [
              23.01592274536014,
              54.34784651829566
            ],
            [
              23.001004,
              54.34888
            ],
            [
              22.989738,
              54.353376
            ],
            [
              22.983434,
              54.359784
            ],
            [
              22.980746044565283,
              54.36450364812266
            ],
            [
              22.976758,
              54.366357
            ],
            [
              22.928741165703375,
              54.380371307958285
            ],
            [
              22.918838,
              54.381126
            ],
            [
              22.88560505040737,
              54.39115343159085
            ],
            [
              22.82373,
              54.395801
            ],
            [
              22.798423635124458,
              54.378636193253456
            ],
            [
              22.78603,
              54.36521
            ],
            [
              22.76722,
              54.35627
            ],
            [
              22.698387,
              54.342937
            ],
            [
              22.510388,
              54.348777
            ],
            [
              22.27712,
              54.356063
            ],
            [
              21.720772,
              54.373271
            ],
            [
              21.287413,
              54.386759
            ],
            [
              20.929606,
              54.397818
            ],
            [
              20.668572,
              54.405922
            ],
            [
              19.844338,
              54.118435
            ],
            [
              18.009941,
              52.474128
            ],
            [
              16.416911,
              51.07033
            ],
            [
              14.872156,
              49.653885
            ],
            [
              13.713589,
              48.929762
            ],
            [
              12.537708,
              47.895964
            ],
            [
              11.937692,
              47.036756
            ]
          ]
        ]
      }
    },
    {
      "type": "Feature",
      "properties": {
        "fid": null,
        "prob": null,
        "warning": 1,
        "date": null,
        "kind": "outlook",
        "hazard": "general",
        "title": "Hatched area",
        "description": "",
        "hatched": true,
        "doubleHatch": false,
        "probability": "",
        "intensity": "",
        "riskLabel": "",
        "hatchOnly": true,
        "hazardChances": {
          "tornado": 2
        }
      },
      "geometry": {
        "type": "Polygon",
        "coordinates": [
          [
            [
              12.47454,
              47.492043
            ],
            [
              12.727215,
              47.192413
            ],
            [
              13.137814,
              47.192413
            ],
            [
              13.990594,
              47.406608
            ],
            [
              15.411896,
              48.107299
            ],
            [
              17.149042,
              49.315995
            ],
            [
              18.886188,
              50.51583
            ],
            [
              20.275905,
              51.72507
            ],
            [
              21.22344,
              52.673596
            ],
            [
              21.412946,
              53.414132
            ],
            [
              21.286609,
              53.844911
            ],
            [
              20.718088,
              54.086453
            ],
            [
              19.833723,
              53.900776
            ],
            [
              18.412421,
              52.596924
            ],
            [
              15.190805,
              49.766883
            ],
            [
              13.232567,
              48.50645
            ],
            [
              12.47454,
              47.492043
            ]
          ]
        ]
      }
    }
  ]
}