hour,count,percent
0,7,0.1210444406017638
1,61,1.0548158395296559
2,105,1.8156666090264568
3,36,0.622514265951928
4,0,0.0
5,0,0.0
6,0,0.0
7,0,0.0
8,0,0.0
9,0,0.0
10,0,0.0
11,0,0.0
12,102,1.7637904201971297
13,259,4.47864430226526
14,298,5.153034757046516
15,371,6.415355351893481
16,386,6.674736296040118
17,392,6.778488673698773
18,508,8.784367975099428
19,693,11.983399619574616
20,685,11.845063116029744
21,525,9.078333045132284
22,499,8.628739408611448
23,856,14.802005879301399
