{
  "bounds": [
    [
      45.6799459504888,
      1.4633015102566647
    ],
    [
      56.21935650980597,
      23.804402626309162
    ]
  ],
  "west": 1.4633015102566647,
  "south": 45.6799459504888,
  "east": 23.804402626309162,
  "north": 56.21935650980597
}