24.729829,-79.084648,2026-08-03 01:10:04.329478144,13,4431,237,91
38.667633,-77.838206,2026-08-03 01:10:05.660619008,13,3955,212,42
38.682418,-77.857327,2026-08-03 01:10:05.660623872,13,11546,168,33
25.012095,-107.520057,2026-08-03 01:10:06.734785536,13,13144,238,52
37.584191,-77.838042,2026-08-03 01:10:07.710464768,13,6231,217,33
28.851558,-72.65248,2026-08-03 01:10:07.978547456,13,11572,188,53
22.942994,-104.89195,2026-08-03 01:10:08.917088000,13,8601,265,30
38.072053,-78.520672,2026-08-03 01:10:09.54998528,13,13715,195,27
23.182637,-77.929088,2026-08-03 01:10:04.883240704,11,13748,270,59
43.414955,-10.714689,2026-08-03 01:10:08.943865088,11,14591,228,266
23.182637,-77.929088,2026-08-03 01:10:04.883240704,12,13748,270,59
43.414972,-10.71466,2026-08-03 01:10:08.943865088,12,14590,228,272
24.938994,-79.23071,2026-08-03 01:15:12.748712704,1,7820,269,42
24.875645,-79.163468,2026-08-03 01:15:12.748732160,1,13462,236,33
40.570124,-78.536458,2026-08-03 01:16:23.83936256,1,10630,93,21
43.822485,2.21861,2026-08-03 01:16:30.487809024,1,12397,59,24
43.858515,2.278749,2026-08-03 01:16:30.547831808,1,9060,63,102
43.880485,2.24668,2026-08-03 01:16:30.547921408,1,13916,246,72
43.900818,2.2819,2026-08-03 01:16:30.547924224,1,5096,245,59
43.865222,2.255049,2026-08-03 01:16:30.547906304,1,3165,243,45
43.873147,2.268938,2026-08-03 01:16:30.547906816,1,10465,130,30
43.851119,2.225365,2026-08-03 01:16:30.611550720,1,7376,61,74
43.870999,2.230404,2026-08-03 01:16:30.611563776,1,9790,184,91
43.90504,2.230117,2026-08-03 01:16:30.611648768,1,10153,224,73
43.850355,2.200512,2026-08-03 01:16:30.611627776,1,5677,236,62
43.863636,2.222874,2026-08-03 01:16:30.611627264,1,7739,142,48
43.903783,2.239492,2026-08-03 01:16:30.611640064,1,5083,260,29
43.830482,2.284086,2026-08-03 01:16:30.912060160,1,10663,65,43
43.818258,2.256026,2026-08-03 01:16:30.912141056,1,14786,229,37
24.89299,-79.413404,2026-08-03 01:16:47.76940800,1,5693,270,17
23.781012,-98.627552,2026-08-03 01:16:47.363760640,1,11068,254,25
35.071606,-75.987969,2026-08-03 01:16:48.234709504,1,14260,176,27
28.42165,-109.373576,2026-08-03 01:16:51.448546304,1,6974,243,27
-40.510742,152.663946,2026-08-03 01:15:01.334818304,2,10609,243,20
3.477885,112.090983,2026-08-03 01:15:13.550782208,2,10259,206,26
-41.354755,149.480562,2026-08-03 01:15:48.656086528,2,8613,197,29
15.72196,145.833833,2026-08-03 01:16:19.583713536,2,8988,181,18
-43.559549,149.247635,2026-08-03 01:16:26.729510656,2,7018,230,27
-39.473095,155.25067,2026-08-03 01:16:45.739217920,2,7591,145,26
-43.976978,148.864332,2026-08-03 01:16:48.984078848,2,8932,225,19
-43.817717,149.098809,2026-08-03 01:16:49.227653120,2,11928,189,24
26.517211,-107.793238,2026-08-03 01:15:05.97379584,3,6584,245,35
26.827129,-107.723233,2026-08-03 01:15:05.97487104,3,6576,256,28
26.779291,-107.751287,2026-08-03 01:15:05.168130304,3,13334,180,39
26.795175,-107.751392,2026-08-03 01:15:05.168178432,3,13310,256,49
26.919439,-107.722823,2026-08-03 01:15:05.168218112,3,12382,243,31
26.793243,-107.732831,2026-08-03 01:15:05.445173248,3,4552,180,67
24.874319,-79.181569,2026-08-03 01:15:12.748690944,3,5780,269,86
26.345236,-78.605069,2026-08-03 01:15:20.464706560,3,8487,260,23
22.662201,-100.604797,2026-08-03 01:15:20.987324416,3,12633,234,29
28.520003,-109.267211,2026-08-03 01:15:22.845031936,3,9857,234,51
28.480207,-109.28353,2026-08-03 01:15:22.845062144,3,9258,180,40
28.396283,-109.367497,2026-08-03 01:15:22.886465280,3,6833,232,25
28.70638,-87.282443,2026-08-03 01:15:23.524625152,3,3225,255,105
28.688144,-87.263387,2026-08-03 01:15:23.524617216,3,11376,235,93
23.420483,-100.325626,2026-08-03 01:15:31.88157696,3,9353,235,53
31.738825,-76.670072,2026-08-03 01:15:31.408708608,3,14966,247,26
25.685835,-108.038789,2026-08-03 01:15:39.292342016,3,13378,253,54
25.808938,-108.091475,2026-08-03 01:15:39.292392448,3,14912,258,41
24.930399,-78.852993,2026-08-03 01:15:40.503244544,3,10519,235,67
35.667731,-78.452692,2026-08-03 01:15:41.714665472,3,5390,212,23
35.697802,-78.439769,2026-08-03 01:15:41.714674688,3,9882,145,47
31.878089,-77.779017,2026-08-03 01:15:42.313519360,3,5521,187,117
31.925926,-77.816116,2026-08-03 01:15:42.313535744,3,3607,209,102
32.011377,-77.670179,2026-08-03 01:15:42.313584896,3,3680,238,86
31.906513,-77.800178,2026-08-03 01:15:42.313533696,3,10409,250,74
24.901661,-78.820911,2026-08-03 01:15:49.398003200,3,11022,237,53
24.871198,-78.78587,2026-08-03 01:15:49.397991424,3,12206,236,41
24.517633,-79.122752,2026-08-03 01:15:49.835284992,3,4489,240,33
23.914167,-105.193235,2026-08-03 01:15:50.117477376,3,7703,266,93
38.586927,-78.146509,2026-08-03 01:15:57.340592128,3,6961,94,29
40.399066,-78.593771,2026-08-03 01:15:59.38791168,3,9947,174,60
40.390954,-78.520769,2026-08-03 01:15:59.38814720,3,8693,144,47
40.394693,-78.534985,2026-08-03 01:15:59.38809856,3,13064,157,36
16.596031,-94.453645,2026-08-03 01:15:59.131453184,3,12300,245,15
59.075573,-101.280325,2026-08-03 01:15:59.702139392,3,14613,210,59
35.566473,-78.621307,2026-08-03 01:16:07.172118016,3,14952,196,24
59.089309,-101.381672,2026-08-03 01:16:08.786191872,3,9547,227,36
22.258157,-104.899558,2026-08-03 01:16:08.933608192,3,9666,246,70
28.767979,-72.685983,2026-08-03 01:16:25.354837504,3,12618,250,64
24.246946,-79.234774,2026-08-03 01:16:27.116772864,3,8524,240,72
22.643753,-105.198784,2026-08-03 01:16:35.835950592,3,13276,270,28
24.543952,-79.093681,2026-08-03 01:16:35.874173696,3,6509,240,54
24.778903,-79.119776,2026-08-03 01:16:36.81285120,3,6796,238,62
27.912684,-109.447747,2026-08-03 01:16:43.337086976,3,8772,236,24
27.905004,-109.450406,2026-08-03 01:16:43.337126656,3,12103,240,33
37.465806,-81.965224,2026-08-03 01:16:44.762057728,3,13441,79,27
38.57063,-78.0439,2026-08-03 01:16:45.177290240,3,11457,129,47
38.550332,-78.059123,2026-08-03 01:16:45.177304832,3,8858,174,30
24.777156,-79.151492,2026-08-03 01:16:45.267420160,3,9213,236,63
24.543033,-79.124242,2026-08-03 01:16:45.267375104,3,9504,238,52
24.544876,-79.115624,2026-08-03 01:16:45.488505856,3,6321,240,56
25.392448,-107.804375,2026-08-03 01:16:52.827912960,3,14300,254,49
25.616792,-107.779757,2026-08-03 01:16:52.827994624,3,7836,257,61
25.638728,-107.779232,2026-08-03 01:16:52.828005888,3,11158,268,48
25.669748,-107.800753,2026-08-03 01:16:52.828025856,3,9172,247,33
36.425695,-78.520924,2026-08-03 01:16:52.995096064,3,5927,186,42
36.41354,-78.538798,2026-08-03 01:16:52.995155200,3,14329,187,29
36.449888,-78.539786,2026-08-03 01:16:52.995156224,3,6296,186,19
15.69764,145.914339,2026-08-03 01:16:19.583697408,4,13383,270,22
44.055402,2.226986,2026-08-03 01:16:32.859608320,4,14231,149,27
44.036413,2.381597,2026-08-03 01:16:32.933603840,4,7787,254,45
26.44169,-107.894182,2026-08-03 01:15:05.168037888,7,11271,266,16
5.774595,-77.112792,2026-08-03 01:15:05.327877120,7,11569,211,15
26.474036,-107.876707,2026-08-03 01:15:05.445080320,7,11046,266,15
16.669742,-94.41726,2026-08-03 01:15:05.693567232,7,14342,244,12
19.727932,-81.7054,2026-08-03 01:15:05.759265792,7,4865,248,24
24.521132,-79.07208,2026-08-03 01:15:08.758775808,7,4394,238,16
24.537308,-79.074097,2026-08-03 01:15:08.879003648,7,3472,238,20
24.940193,-79.20167,2026-08-03 01:15:12.748713728,7,2480,270,32
24.845198,-79.264558,2026-08-03 01:15:12.748718848,7,6215,235,25
24.891119,-79.30921,2026-08-03 01:15:12.748728576,7,11395,201,13
28.88739,-72.635688,2026-08-03 01:15:14.151765760,7,3721,260,23
28.893227,-72.639056,2026-08-03 01:15:14.179735296,7,7175,238,12
24.570548,-79.148245,2026-08-03 01:15:16.217839616,7,7193,238,16
24.49361,-79.211488,2026-08-03 01:15:19.75587584,7,6443,238,14
28.888009,-87.428918,2026-08-03 01:15:23.524682752,7,5753,239,31
28.618576,-87.241271,2026-08-03 01:15:23.524648448,7,4717,235,16
22.904423,-78.110815,2026-08-03 01:15:23.568278272,7,3429,248,17
25.457764,-88.052935,2026-08-03 01:15:24.857886464,7,9060,224,18
25.213501,-88.116197,2026-08-03 01:15:24.903938816,7,10873,224,11
25.149784,-88.174333,2026-08-03 01:15:24.952160256,7,5575,266,15
25.132166,-106.878255,2026-08-03 01:15:27.550082048,7,12326,252,20
24.767346,-77.652265,2026-08-03 01:15:32.908059904,7,3430,238,25
23.979637,-79.197672,2026-08-03 01:15:34.309422080,7,9077,241,26
23.901402,-79.276126,2026-08-03 01:15:35.489136640,7,4086,242,19
16.682951,-94.457401,2026-08-03 01:15:38.632070144,7,13380,247,9
24.895033,-78.827227,2026-08-03 01:15:40.503233792,7,10337,236,20
24.797131,-78.775158,2026-08-03 01:15:49.397990912,7,12797,237,19
24.046548,-105.251622,2026-08-03 01:15:50.117532928,7,8056,255,19
25.472218,-88.053103,2026-08-03 01:16:00.968673536,7,5163,225,17
24.550666,-79.079886,2026-08-03 01:16:01.525068288,7,2811,238,26
22.163778,-104.815183,2026-08-03 01:16:08.933573120,7,7673,212,19
24.690938,-77.612998,2026-08-03 01:16:10.194737408,7,7268,237,22
23.556786,-78.16751,2026-08-03 01:16:10.906241536,7,12135,245,17
24.003196,-79.193443,2026-08-03 01:16:27.116727808,7,4870,241,22
24.002982,-79.193539,2026-08-03 01:16:27.116730368,7,4870,241,13
24.549076,-79.115965,2026-08-03 01:16:45.488506112,7,4779,238,12
24.859872,-79.397292,2026-08-03 01:16:47.76930560,7,3549,270,17
28.477835,-109.336297,2026-08-03 01:16:51.448559360,7,9449,247,20
25.513362,-108.210253,2026-08-03 01:16:52.326877184,7,14013,213,16
25.474863,-107.855472,2026-08-03 01:16:52.827947520,7,13184,211,16
23.632272,-100.189943,2026-08-03 01:16:53.391224832,7,13457,244,17
23.873834,-105.405618,2026-08-03 01:16:55.375980288,7,9448,252,14
24.563381,-79.042826,2026-08-03 01:16:56.695582976,7,3038,238,26
10.739786,-2.899997,2026-08-03 01:15:53.398453504,5,3881,250,17
15.697448,145.870264,2026-08-03 01:16:19.583708416,9,8031,270,14
24.736266,-79.142317,2026-08-03 01:15:01.148719104,13,9441,237,81
37.444933,-82.011891,2026-08-03 01:15:01.533262336,13,7833,139,39
37.432088,-81.996982,2026-08-03 01:15:02.164587008,13,8845,78,22
23.765458,-79.592054,2026-08-03 01:15:02.720840960,13,10316,243,54
26.517211,-107.793238,2026-08-03 01:15:05.97379584,13,6583,245,40
26.456039,-107.882197,2026-08-03 01:15:05.168039936,13,7749,266,31
26.793394,-107.732762,2026-08-03 01:15:05.445173248,13,4549,180,72
24.780771,-77.339118,2026-08-03 01:15:07.983583744,13,10455,238,90
24.504782,-79.083061,2026-08-03 01:15:08.758771712,13,7824,238,47
24.536298,-79.079848,2026-08-03 01:15:08.879004160,13,5904,238,66
25.685276,-108.00188,2026-08-03 01:15:11.592906240,13,10979,210,26
24.924239,-79.202269,2026-08-03 01:15:12.811649792,13,10529,235,32
43.931284,-77.367072,2026-08-03 01:15:13.773739776,13,12291,107,25
28.838239,-72.604234,2026-08-03 01:15:14.151755520,13,6571,248,55
38.037164,-78.412317,2026-08-03 01:15:15.271326208,13,11778,169,39
25.811307,-108.221147,2026-08-03 01:15:17.138478336,13,13099,190,37
40.188471,-69.509881,2026-08-03 01:15:18.70062592,13,6645,208,39
24.502996,-79.197379,2026-08-03 01:15:19.75597568,13,9284,240,51
22.662743,-100.603905,2026-08-03 01:15:20.987324160,13,12640,234,31
35.248531,-79.709164,2026-08-03 01:15:22.385279232,13,14425,193,17
28.546028,-109.259051,2026-08-03 01:15:22.845038592,13,13884,177,51
28.551477,-109.276187,2026-08-03 01:15:22.845080320,13,12038,247,38
28.207228,-109.360007,2026-08-03 01:15:22.886413568,13,9037,237,25
37.693336,-81.304067,2026-08-03 01:15:23.130255360,13,9220,70,13
28.615688,-87.245499,2026-08-03 01:15:23.524599808,13,14469,228,53
20.64371,-90.620167,2026-08-03 01:15:23.804857344,13,10596,201,22
25.396551,-88.127542,2026-08-03 01:15:24.857901824,13,4987,263,44
24.904792,-106.914906,2026-08-03 01:15:27.550010624,13,9754,262,57
36.878304,-78.400299,2026-08-03 01:15:28.528825600,13,6763,211,30
24.871452,-77.724868,2026-08-03 01:15:32.908048896,13,14139,253,81
24.223082,-79.227181,2026-08-03 01:15:34.309464320,13,8645,240,85
26.638325,-107.783137,2026-08-03 01:15:36.289801216,13,11434,243,67
26.822738,-107.763076,2026-08-03 01:15:36.289875712,13,13016,254,52
35.074275,-75.819497,2026-08-03 01:15:37.9328640,13,3878,255,63
35.064911,-75.819852,2026-08-03 01:15:37.9328896,13,9858,166,59
35.045372,-75.86916,2026-08-03 01:15:37.9387776,13,14194,228,37
25.685776,-108.038766,2026-08-03 01:15:39.292342016,13,13379,253,55
35.6561,-78.443449,2026-08-03 01:15:41.714661632,13,8805,212,45
31.875108,-77.787746,2026-08-03 01:15:42.313512704,13,8656,181,119
31.921976,-77.808313,2026-08-03 01:15:42.313535232,13,5772,192,106
31.892016,-77.785631,2026-08-03 01:15:42.756988416,13,13584,188,49
31.963738,-77.827325,2026-08-03 01:15:42.757072640,13,7717,246,27
21.363904,-100.4866,2026-08-03 01:15:42.881853184,13,8864,242,38
23.150625,-78.159726,2026-08-03 01:15:46.177386752,13,9532,247,86
34.271403,-107.59794,2026-08-03 01:15:47.699031552,13,11179,144,32
36.908625,-78.296207,2026-08-03 01:15:47.935706624,13,6007,122,44
36.918656,-78.294123,2026-08-03 01:15:47.935709440,13,11147,195,41
24.088503,-79.21262,2026-08-03 01:15:49.283862016,13,10717,239,125
23.855592,-105.202648,2026-08-03 01:15:50.117459712,13,9582,187,96
23.886269,-105.418147,2026-08-03 01:15:50.177814784,13,8152,254,31
58.677011,-101.23047,2026-08-03 01:15:53.104245248,13,10870,232,34
31.029765,-79.443855,2026-08-03 01:15:53.860967424,13,14664,255,53
30.827676,-79.269787,2026-08-03 01:15:53.860919808,13,7338,263,43
43.672099,-78.763781,2026-08-03 01:15:55.719950848,13,13281,85,55
43.663866,-78.769227,2026-08-03 01:15:55.719960064,13,13667,126,63
40.04492,-78.804815,2026-08-03 01:15:56.639952640,13,9825,86,16
38.604101,-78.147942,2026-08-03 01:15:56.980088064,13,4627,172,83
38.606371,-78.153715,2026-08-03 01:15:56.980089856,13,6958,180,72
38.573285,-78.141318,2026-08-03 01:15:56.980086528,13,6496,167,49
38.572593,-78.107843,2026-08-03 01:15:57.35345408,13,9518,130,53
38.475961,-78.249761,2026-08-03 01:15:57.35388416,13,10735,173,31
38.589384,-78.145306,2026-08-03 01:15:57.340592896,13,10884,70,29
40.421429,-78.538583,2026-08-03 01:15:59.38816256,13,7799,146,57
40.44135,-78.583004,2026-08-03 01:15:59.38814976,13,14374,143,53
40.391239,-78.517935,2026-08-03 01:15:59.38817792,13,9979,157,42
59.075586,-101.280345,2026-08-03 01:15:59.702139392,13,14613,210,59
39.708396,-75.97346,2026-08-03 01:15:59.931327488,13,14970,158,59
39.71764,-75.963373,2026-08-03 01:15:59.931346688,13,5567,193,33
39.650698,-76.044099,2026-08-03 01:16:00.337216256,13,2422,252,78
39.704909,-76.020441,2026-08-03 01:16:00.337237760,13,8896,176,66
39.689146,-76.007094,2026-08-03 01:16:00.337234176,13,6716,184,45
39.655501,-76.002704,2026-08-03 01:16:00.385289984,13,5396,169,33
25.421301,-88.167687,2026-08-03 01:16:00.873572864,13,4980,263,39
25.447531,-88.160168,2026-08-03 01:16:00.968693760,13,9344,264,22
37.583294,-77.961794,2026-08-03 01:16:05.51483904,13,10734,225,24
26.192611,-98.617297,2026-08-03 01:16:05.168284928,13,3652,248,88
22.258105,-104.899563,2026-08-03 01:16:08.933608192,13,9667,246,77
38.163204,-78.486345,2026-08-03 01:16:10.381821696,13,5621,181,76
37.506249,-82.016616,2026-08-03 01:16:10.767117056,13,7490,147,35
28.910234,-72.631246,2026-08-03 01:16:11.796934912,13,8208,247,32
40.239986,-69.310551,2026-08-03 01:16:14.592160000,13,3606,256,65
40.247504,-69.320328,2026-08-03 01:16:14.592161536,13,3609,252,94
40.241158,-69.331997,2026-08-03 01:16:14.592166656,13,7682,218,81
40.228928,-69.295881,2026-08-03 01:16:14.592168448,13,8375,222,71
40.272269,-69.377173,2026-08-03 01:16:14.836312832,13,8201,231,46
39.911821,-76.033249,2026-08-03 01:16:17.700603136,13,12898,116,27
24.645004,-77.279994,2026-08-03 01:16:18.69326080,13,5722,239,61
24.557157,-79.087719,2026-08-03 01:16:18.272114432,13,7059,238,49
24.545968,-79.079065,2026-08-03 01:16:18.833697280,13,9804,253,45
24.589103,-79.072671,2026-08-03 01:16:18.952667136,13,7668,253,43
40.582934,-78.527445,2026-08-03 01:16:23.83937792,13,9388,94,48
40.5985,-78.543894,2026-08-03 01:16:23.83941888,13,11319,154,31
40.581433,-78.559437,2026-08-03 01:16:23.234612992,13,12556,118,45
40.59765,-78.567046,2026-08-03 01:16:23.234628608,13,9387,121,34
40.59192,-78.558188,2026-08-03 01:16:23.391249152,13,10661,94,27
40.606888,-78.744496,2026-08-03 01:16:23.391298304,13,12183,157,24
39.472756,-79.545074,2026-08-03 01:16:23.466720512,13,14043,61,46
39.492162,-79.575336,2026-08-03 01:16:23.466728960,13,11835,148,34
39.504543,-79.554452,2026-08-03 01:16:23.469076736,13,9270,93,32
28.67075,-72.543753,2026-08-03 01:16:25.354813184,13,3151,239,24
24.00142,-79.212316,2026-08-03 01:16:27.116730112,13,9427,241,58
47.295875,-68.640192,2026-08-03 01:16:31.711531776,13,10406,135,51
25.212197,-105.88554,2026-08-03 01:16:31.933131264,13,5970,257,47
31.533704,-86.252844,2026-08-03 01:16:32.246693376,13,11507,214,30
31.68976,-85.850791,2026-08-03 01:16:32.246816000,13,9026,224,22
24.506789,-101.257888,2026-08-03 01:16:33.582849792,13,10586,254,26
24.570192,-101.212419,2026-08-03 01:16:33.811364864,13,11238,236,38
24.550138,-79.095749,2026-08-03 01:16:35.874176000,13,6613,240,58
37.499347,-81.945917,2026-08-03 01:16:40.777094912,13,12725,79,15
26.778369,-107.788904,2026-08-03 01:16:41.233014272,13,12717,246,31
26.814954,-107.755594,2026-08-03 01:16:41.266224640,13,10638,244,40
25.898561,-108.116403,2026-08-03 01:16:42.945600512,13,13403,235,36
27.912276,-109.447821,2026-08-03 01:16:43.337085184,13,8776,236,44
37.425988,-82.112145,2026-08-03 01:16:44.762088448,13,10356,139,24
38.582081,-78.048845,2026-08-03 01:16:45.177301504,13,8716,145,45
24.777108,-79.15144,2026-08-03 01:16:45.267425536,13,9214,236,70
37.524517,-81.946434,2026-08-03 01:16:46.86138624,13,9791,137,49
37.489332,-81.900844,2026-08-03 01:16:46.239117824,13,9329,96,32
37.56771,-81.937277,2026-08-03 01:16:46.239143168,13,6752,119,52
24.894601,-79.410328,2026-08-03 01:16:47.76942080,13,6727,270,43
23.975751,-98.657963,2026-08-03 01:16:47.363766016,13,8047,234,65
23.123717,-101.177082,2026-08-03 01:16:47.937619456,13,6099,244,24
31.051716,-111.206274,2026-08-03 01:16:48.75796992,13,12970,220,35
31.009477,-111.265627,2026-08-03 01:16:48.191806976,13,9527,211,33
30.972788,-111.321356,2026-08-03 01:16:48.336577280,13,11441,212,22
31.055276,-111.242068,2026-08-03 01:16:48.461120768,13,14542,199,58
28.373048,-109.369201,2026-08-03 01:16:51.448487168,13,7121,226,108
25.62255,-108.150076,2026-08-03 01:16:52.326921728,13,13187,252,53
25.373854,-107.802223,2026-08-03 01:16:52.827906048,13,11343,255,73
36.425888,-78.521225,2026-08-03 01:16:52.995096064,13,5928,196,34
36.413445,-78.538877,2026-08-03 01:16:52.995155200,13,14330,187,29
23.405307,-100.301225,2026-08-03 01:16:53.391164160,13,12697,235,61
36.894949,-78.436221,2026-08-03 01:16:53.820213248,13,6896,221,22
38.054514,-78.447491,2026-08-03 01:16:54.760283648,13,8511,77,79
38.084558,-78.443527,2026-08-03 01:16:54.760293376,13,14268,177,79
38.047922,-78.426837,2026-08-03 01:16:54.760292352,13,9739,172,62
38.126371,-78.4688,2026-08-03 01:16:54.760320768,13,10505,157,44
24.017044,-105.303691,2026-08-03 01:16:55.376052992,13,11053,261,76
24.791527,-79.081784,2026-08-03 01:16:56.695624704,13,8842,236,79
24.675773,-79.229308,2026-08-03 01:17:00.907324416,13,7772,237,78
24.493485,-78.83019,2026-08-03 01:17:02.303140608,13,10641,238,49
23.090318,-101.026367,2026-08-03 01:17:02.797200128,13,9354,239,57
28.786285,-72.557302,2026-08-03 01:17:04.278906112,13,7477,248,76
28.895394,-72.638415,2026-08-03 01:17:04.809414912,13,6925,238,38
24.766895,-77.341144,2026-08-03 01:17:06.159728128,13,8041,238,105
24.72686,-105.316563,2026-08-03 01:17:06.916321280,13,12722,235,40
58.650371,-101.262521,2026-08-03 01:17:08.298570240,13,8052,221,31
30.960466,-111.121934,2026-08-03 01:17:09.756283136,13,9381,219,36
25.075672,-79.394626,2026-08-03 01:15:12.748777728,11,9769,234,281
22.344506,-76.024071,2026-08-03 01:15:37.812040192,11,11638,257,36
31.892873,-77.814358,2026-08-03 01:15:42.313527808,11,4537,263,321
43.683271,-78.755835,2026-08-03 01:15:55.719958528,11,5580,59,30
38.577468,-78.15936,2026-08-03 01:15:56.980080384,11,11650,174,31
39.713315,-75.946827,2026-08-03 01:15:59.931343616,11,13626,188,24
39.691729,-76.000071,2026-08-03 01:16:00.337231360,11,5693,143,41
43.498073,-10.77138,2026-08-03 01:16:01.212539648,11,11262,243,168
40.281111,-69.369116,2026-08-03 01:16:14.592178944,11,5844,227,205
43.830085,2.284044,2026-08-03 01:16:30.912060160,11,10841,65,64
44.043002,2.353733,2026-08-03 01:16:32.859574528,11,6874,112,236
44.067429,2.439884,2026-08-03 01:16:32.933611520,11,4307,106,229
23.78206,-98.62684,2026-08-03 01:16:47.363760896,11,11069,254,34
35.074035,-75.984556,2026-08-03 01:16:48.234708480,11,14134,175,36
47.083807,5.85481,2026-08-03 01:16:53.358193408,11,11829,63,94
47.085909,5.842822,2026-08-03 01:16:53.358202112,11,7804,81,140
47.134636,5.873771,2026-08-03 01:16:53.358217216,11,5508,111,120
47.127423,5.847081,2026-08-03 01:16:53.358213888,11,7235,181,107
47.137324,5.866025,2026-08-03 01:16:53.358221568,11,13348,224,93
38.024439,-78.445786,2026-08-03 01:16:54.760285184,11,12279,151,41
23.98249,-105.297162,2026-08-03 01:16:55.376031744,11,11049,251,27
28.862492,-72.584054,2026-08-03 01:17:04.278980096,11,11460,249,162
44.051072,2.403369,2026-08-03 01:17:08.415742720,11,12243,67,114
44.064681,2.389211,2026-08-03 01:17:08.415756032,11,9559,112,142
44.05672,2.385447,2026-08-03 01:17:08.415763456,11,8556,135,124
25.088621,-79.401779,2026-08-03 01:15:12.748782848,12,8396,236,282
28.750955,-72.872643,2026-08-03 01:15:14.151839232,12,6012,205,98
22.105217,-75.936386,2026-08-03 01:15:14.270850816,12,12849,252,43
22.344506,-76.024071,2026-08-03 01:15:37.812040192,12,11638,257,36
31.892873,-77.814358,2026-08-03 01:15:42.313527808,12,4537,263,321
43.683271,-78.755835,2026-08-03 01:15:55.719958528,12,5580,59,30
38.577638,-78.153157,2026-08-03 01:15:56.980079616,12,10897,90,38
39.713538,-75.946745,2026-08-03 01:15:59.931343872,12,13622,188,24
39.691729,-76.000071,2026-08-03 01:16:00.337231360,12,5693,143,41
43.498073,-10.77138,2026-08-03 01:16:01.212539648,12,11262,243,168
40.273463,-69.353674,2026-08-03 01:16:14.592172288,12,7652,221,238
21.735441,-75.987134,2026-08-03 01:16:16.744082432,12,10378,260,86
43.830085,2.284044,2026-08-03 01:16:30.912060160,12,10841,65,63
44.043002,2.353733,2026-08-03 01:16:32.859574528,12,6874,112,236
44.067429,2.439884,2026-08-03 01:16:32.933611520,12,4307,106,229
24.874542,-79.417532,2026-08-03 01:16:47.76933888,12,4825,270,44
23.78206,-98.62684,2026-08-03 01:16:47.363760896,12,11069,254,34
35.074035,-75.984556,2026-08-03 01:16:48.234708480,12,14134,175,35
47.083807,5.85481,2026-08-03 01:16:53.358193408,12,11829,56,96
47.088154,5.84713,2026-08-03 01:16:53.358203136,12,5795,81,141
47.086016,5.842017,2026-08-03 01:16:53.358206464,12,7866,101,122
47.097346,5.848704,2026-08-03 01:16:53.358209792,12,4897,210,104
38.024439,-78.445786,2026-08-03 01:16:54.760285184,12,12279,151,40
23.98249,-105.297162,2026-08-03 01:16:55.376031744,12,11049,251,26
44.051072,2.403369,2026-08-03 01:17:08.415742720,12,12243,67,114
44.064681,2.389211,2026-08-03 01:17:08.415756032,12,9559,112,142
44.05672,2.385447,2026-08-03 01:17:08.415763456,12,8556,135,124
24.697019,-108.960457,2026-08-03 04:45:00.75874816,13,9717,260,72
22.508275,-100.33441,2026-08-03 04:45:02.80686080,13,14733,148,126
22.665294,-100.435332,2026-08-03 04:45:02.127860992,13,9002,239,53
22.572515,-100.490634,2026-08-03 04:45:02.172404224,13,7137,248,60
22.591654,-100.527175,2026-08-03 04:45:02.236413952,13,12415,212,29
22.586519,-100.471203,2026-08-03 04:45:02.298633984,13,6783,234,39
24.659624,-109.2752,2026-08-03 04:45:02.822001152,13,8270,260,64
29.044816,-108.605548,2026-08-03 04:45:03.66720000,13,7934,229,49
20.942548,-105.532242,2026-08-03 04:45:03.141442816,13,8342,215,27
21.556686,-105.330825,2026-08-03 04:45:03.757170688,13,9379,269,21
41.23521,-67.319247,2026-08-03 04:45:04.26421504,13,5838,247,37
41.235765,-67.32245,2026-08-03 04:45:04.120668928,13,4673,247,51
29.264107,-108.226148,2026-08-03 04:45:05.196019456,13,4099,263,21
22.989433,-101.122744,2026-08-03 04:45:05.788145920,13,10718,237,110
22.905027,-101.218859,2026-08-03 04:45:05.875526912,13,5529,264,25
24.24653,-107.879595,2026-08-03 04:45:06.28938752,13,8413,263,40
23.990756,-107.402231,2026-08-03 04:45:06.287011328,13,8501,264,80
24.026763,-107.407531,2026-08-03 04:45:06.425840896,13,6548,267,63
23.936477,-107.461698,2026-08-03 04:45:06.484469760,13,9876,200,26
23.971545,-107.419817,2026-08-03 04:45:06.555487488,13,13571,199,20
23.963163,-107.442831,2026-08-03 04:45:06.683673600,13,8794,199,29
24.717516,-109.261913,2026-08-03 04:45:06.860564736,13,8002,242,20
23.96544,-107.433673,2026-08-03 04:45:06.903439872,13,6316,199,52
24.005527,-107.419482,2026-08-03 04:45:07.68808448,13,9275,264,18
26.280207,-109.57299,2026-08-03 04:45:07.413162240,13,11330,251,20
26.498718,-79.887454,2026-08-03 04:45:08.548418560,13,5833,270,50
26.742645,-79.937595,2026-08-03 04:45:08.593270016,13,11628,224,40
22.809466,-106.211158,2026-08-03 04:45:09.494802944,13,5892,266,60
24.11067,-108.277958,2026-08-03 04:45:09.838494720,13,12990,263,88
14.76931,-100.837617,2026-08-03 04:45:10.669267968,13,3865,268,100
22.626097,-100.451684,2026-08-03 04:45:10.772936192,13,5547,239,55
23.854686,-107.64963,2026-08-03 04:45:11.580080640,13,3948,264,51
22.499645,-100.589779,2026-08-03 04:45:02.80701184,11,6087,248,102
43.948018,-1.704234,2026-08-03 04:45:04.859332352,11,13066,90,62
22.563438,-100.497387,2026-08-03 04:45:02.80745984,12,7713,246,101
43.934245,-1.69187,2026-08-03 04:45:04.859336448,12,10390,89,61
22.900661,-101.242171,2026-08-03 04:45:05.788152832,12,4223,246,45
12.551811,-1.82742,2026-08-03 04:50:03.324591104,1,12868,220,35
29.496498,-72.962954,2026-08-03 04:50:03.650464768,1,8356,238,34
38.920958,-75.600687,2026-08-03 04:50:12.405241600,1,3905,212,41
44.835832,-1.216726,2026-08-03 04:50:20.205588736,1,14341,94,44
44.874865,-1.237701,2026-08-03 04:50:20.205605888,1,14365,160,27
26.517477,-79.886565,2026-08-03 04:50:21.234329088,1,6716,260,37
22.610536,-100.454511,2026-08-03 04:50:28.392522752,1,6696,246,18
23.801355,-100.839368,2026-08-03 04:50:28.416583680,1,13956,240,25
22.593089,-100.515761,2026-08-03 04:50:28.525965056,1,5627,248,22
23.798769,-100.827375,2026-08-03 04:50:28.545789184,1,8398,240,21
22.567331,-100.489252,2026-08-03 04:50:28.604662528,1,13092,246,18
44.183065,-1.329158,2026-08-03 04:50:28.738116608,1,9050,119,191
44.185371,-1.33003,2026-08-03 04:50:28.738119424,1,6373,142,176
44.195784,-1.334882,2026-08-03 04:50:28.738129920,1,6980,173,164
44.070183,-1.41645,2026-08-03 04:50:28.738110720,1,14987,265,156
59.017517,-100.173824,2026-08-03 04:50:36.81047040,1,4426,228,20
44.090455,-1.303925,2026-08-03 04:50:38.133778176,1,11090,112,45
43.87539,-1.824179,2026-08-03 04:50:38.133733632,1,10579,266,31
24.099956,-108.686647,2026-08-03 04:51:01.849949184,1,8854,227,32
22.057878,-105.925451,2026-08-03 04:51:03.139457792,1,14977,222,21
22.918588,-101.276741,2026-08-03 04:51:05.5351680,1,9074,268,24
23.796642,-107.730615,2026-08-03 04:51:05.171560960,1,14776,268,31
47.974742,6.874489,2026-08-03 04:51:06.623635456,1,7821,115,27
26.665993,-80.099954,2026-08-03 04:51:22.591996416,1,9457,259,38
26.471901,-79.874179,2026-08-03 04:51:22.591963904,1,14359,228,15
23.881393,-103.155303,2026-08-03 04:51:22.640539648,1,13310,179,22
26.520557,-79.900298,2026-08-03 04:51:22.685239040,1,3123,262,25
26.495519,-79.901801,2026-08-03 04:51:22.791041536,1,4708,262,19
21.139144,-105.732282,2026-08-03 04:51:35.168340224,1,10217,267,22
44.199041,-1.309747,2026-08-03 04:51:35.676187136,1,13731,105,28
34.846362,-77.514019,2026-08-03 04:51:45.441335296,1,13476,170,32
35.006743,-77.44027,2026-08-03 04:51:45.441397248,1,7415,222,23
30.956618,-78.833817,2026-08-03 04:51:46.508810240,1,5206,165,43
26.174469,-109.710447,2026-08-03 04:51:53.617424896,1,13823,223,37
26.30883,-109.499952,2026-08-03 04:51:53.709472256,1,12564,268,28
23.992385,-107.291163,2026-08-03 04:51:53.715144704,1,11222,258,26
12.383512,137.819984,2026-08-03 04:50:00.349483776,2,5515,262,22
20.540919,108.033854,2026-08-03 04:51:11.679656704,2,6715,237,22
33.993629,135.386799,2026-08-03 04:51:32.434623232,2,3775,172,38
33.991102,135.389799,2026-08-03 04:51:32.434622976,2,4118,172,25
33.956301,135.324998,2026-08-03 04:51:32.564192512,2,14540,77,36
14.075439,149.574682,2026-08-03 04:51:34.9196032,2,9426,197,19
-38.326198,153.929067,2026-08-03 04:51:41.271944448,2,7395,250,13
-38.320669,153.928044,2026-08-03 04:51:41.298604800,2,8212,241,22
-40.410267,152.095023,2026-08-03 04:51:42.689130240,2,9881,237,24
14.162832,145.997405,2026-08-03 04:51:52.996860416,2,6094,181,17
16.719575,-98.233082,2026-08-03 04:50:04.342879488,3,10782,263,23
22.36952,-105.823826,2026-08-03 04:50:04.394974976,3,6851,267,76
22.325192,-105.83132,2026-08-03 04:50:04.394959360,3,10977,251,59
16.652393,-97.987936,2026-08-03 04:50:04.632795648,3,8456,261,47
23.763991,-107.755317,2026-08-03 04:50:11.802977024,3,9910,265,29
23.875358,-107.695474,2026-08-03 04:50:11.982663424,3,10693,270,60
23.820342,-107.738176,2026-08-03 04:50:11.982638592,3,10276,263,55
38.756966,-75.663532,2026-08-03 04:50:12.400304640,3,13551,244,72
38.911256,-75.604836,2026-08-03 04:50:12.405239040,3,11514,200,98
38.912003,-75.612615,2026-08-03 04:50:12.405240832,3,4193,169,99
38.932273,-75.59816,2026-08-03 04:50:12.405247232,3,7758,205,82
38.925976,-75.603289,2026-08-03 04:50:12.405249280,3,8249,113,62
38.985307,-75.613065,2026-08-03 04:50:12.405269760,3,13362,200,45
38.960467,-75.609052,2026-08-03 04:50:12.431489280,3,4248,234,37
38.951867,-75.613049,2026-08-03 04:50:12.431491584,3,7209,212,23
38.930441,-75.60138,2026-08-03 04:50:12.450074112,3,5729,162,35
24.694825,-109.198742,2026-08-03 04:50:12.581517312,3,4109,260,56
24.626485,-109.2163,2026-08-03 04:50:12.629315584,3,4475,260,26
24.62661,-109.232675,2026-08-03 04:50:12.684040192,3,3826,260,55
19.145931,-104.776527,2026-08-03 04:50:19.780789248,3,10062,257,16
26.745536,-79.90306,2026-08-03 04:50:20.872008192,3,14168,268,72
26.666162,-79.825088,2026-08-03 04:50:20.871962624,3,4964,223,59
26.402214,-79.843005,2026-08-03 04:50:21.234233088,3,7491,213,77
26.513887,-79.887982,2026-08-03 04:50:21.234334464,3,10538,268,64
22.627319,-100.471847,2026-08-03 04:50:28.392523520,3,8309,233,39
22.613254,-100.479594,2026-08-03 04:50:28.392521472,3,12777,239,33
23.76362,-100.823551,2026-08-03 04:50:28.416571904,3,8210,251,61
23.837901,-100.825961,2026-08-03 04:50:28.416585472,3,10132,233,48
23.762894,-100.886248,2026-08-03 04:50:28.483148800,3,5843,242,31
22.612739,-100.502788,2026-08-03 04:50:28.525969920,3,4044,234,46
22.659322,-100.492386,2026-08-03 04:50:28.525986048,3,5877,262,38
23.78704,-100.833013,2026-08-03 04:50:28.545782272,3,3387,226,44
23.825794,-100.818292,2026-08-03 04:50:28.545794560,3,3223,257,33
22.61795,-100.487731,2026-08-03 04:50:28.604668160,3,9184,241,34
21.205558,-105.544733,2026-08-03 04:50:28.821478400,3,5902,212,26
23.82029,-100.825119,2026-08-03 04:50:28.847025152,3,10195,249,31
59.009762,-100.197609,2026-08-03 04:50:36.81044992,3,6275,228,47
59.000126,-100.166349,2026-08-03 04:50:36.81052160,3,14875,222,34
21.008672,-104.890691,2026-08-03 04:50:36.379396864,3,7600,250,40
22.388867,-102.181989,2026-08-03 04:50:36.392045824,3,6219,265,48
41.160554,-67.183469,2026-08-03 04:50:38.826673408,3,14816,249,36
24.058665,-107.364758,2026-08-03 04:50:39.39337728,3,6667,263,17
24.554453,-77.178729,2026-08-03 04:50:39.106072320,3,6752,240,45
25.10679,-78.718336,2026-08-03 04:50:54.664719360,3,5242,236,73
25.225168,-78.716059,2026-08-03 04:50:54.664763648,3,14261,268,31
22.651135,-100.469823,2026-08-03 04:50:57.376884480,3,8715,243,66
20.979737,-105.504338,2026-08-03 04:51:04.661631232,3,3906,215,15
22.888018,-101.276577,2026-08-03 04:51:05.5343232,3,4509,244,63
23.702232,-107.726571,2026-08-03 04:51:05.171524096,3,14646,202,80
24.196454,-107.76259,2026-08-03 04:51:13.971472640,3,5179,263,60
24.131549,-107.802349,2026-08-03 04:51:13.990412544,3,10313,263,19
16.730569,-98.300756,2026-08-03 04:51:14.359684608,3,3881,268,38
21.814103,-105.298068,2026-08-03 04:51:21.593226752,3,6855,268,17
21.762075,-105.31064,2026-08-03 04:51:22.162711808,3,9354,206,18
19.19072,-104.584304,2026-08-03 04:51:22.236629504,3,5159,257,49
23.956502,-103.071718,2026-08-03 04:51:22.419934208,3,4361,257,22
23.301052,-103.569132,2026-08-03 04:51:31.297424640,3,8200,238,41
23.298736,-103.569418,2026-08-03 04:51:31.297429760,3,12863,239,32
19.146222,-104.774315,2026-08-03 04:51:31.885326592,3,5775,257,47
19.159654,-104.775975,2026-08-03 04:51:32.20515072,3,5945,258,72
30.755976,-71.546913,2026-08-03 04:51:32.91782144,3,13354,245,18
23.811521,-107.689052,2026-08-03 04:51:32.372935168,3,5776,229,29
19.148216,-104.780079,2026-08-03 04:51:32.558672896,3,4650,257,22
21.249149,-105.544203,2026-08-03 04:51:35.168402944,3,7581,250,66
23.738998,-107.912333,2026-08-03 04:51:35.533688064,3,8233,244,22
21.154298,-105.624677,2026-08-03 04:51:37.480196608,3,13010,251,22
21.729127,-79.124721,2026-08-03 04:51:37.918312448,3,9276,256,97
19.189969,-104.579854,2026-08-03 04:51:45.264537856,3,6160,256,80
19.174568,-104.580214,2026-08-03 04:51:45.264538368,3,9505,256,67
21.478839,-105.387867,2026-08-03 04:51:52.669795840,3,11552,270,65
24.545261,-77.152601,2026-08-03 04:51:52.676253952,3,11768,241,76
12.407224,137.808757,2026-08-03 04:50:00.349487616,4,4195,262,24
43.937156,-1.585697,2026-08-03 04:50:01.95134208,4,9497,266,28
44.191096,-1.704173,2026-08-03 04:50:27.534134528,4,8025,225,33
20.540919,108.033854,2026-08-03 04:51:11.679656704,4,6715,237,23
44.055534,-1.46775,2026-08-03 04:51:16.497751296,4,8138,265,32
44.056252,-1.552881,2026-08-03 04:51:25.688635904,4,11979,225,51
34.054418,135.354807,2026-08-03 04:51:32.434632704,4,12200,87,43
34.035958,135.369832,2026-08-03 04:51:32.434625024,4,6611,170,26
33.962774,135.328788,2026-08-03 04:51:32.564190208,4,10769,80,44
33.939011,135.332159,2026-08-03 04:51:32.564196096,4,7021,174,26
37.39598,119.040312,2026-08-03 04:51:38.63948032,4,14683,207,18
45.71052,8.016623,2026-08-03 04:51:40.755700736,4,14087,156,23
21.465148,-105.527936,2026-08-03 04:50:00.596846336,7,13171,254,24
16.068685,-83.561939,2026-08-03 04:50:00.860439552,7,2502,265,28
26.491033,-79.866616,2026-08-03 04:50:21.234323456,7,4052,261,26
26.829418,-79.790721,2026-08-03 04:50:21.234447360,7,3491,266,15
26.525439,-79.886456,2026-08-03 04:50:21.301302528,7,6097,224,29
26.639145,-79.950497,2026-08-03 04:50:21.301334016,7,5286,261,17
26.41942,-79.857008,2026-08-03 04:50:21.471998208,7,8668,219,16
26.51159,-79.874492,2026-08-03 04:50:21.472087296,7,5698,262,15
21.500698,-105.488063,2026-08-03 04:50:22.837660672,7,4980,256,18
26.390622,-79.973802,2026-08-03 04:50:24.548351232,7,1898,262,22
26.390288,-79.97381,2026-08-03 04:50:24.548350976,7,1900,262,15
22.78491,-101.353943,2026-08-03 04:50:24.694404352,7,5863,248,19
23.816769,-107.588479,2026-08-03 04:50:25.655097600,7,10371,220,14
23.528894,-103.810726,2026-08-03 04:50:25.701119488,7,7925,254,19
23.954113,-107.383702,2026-08-03 04:50:25.814601728,7,4990,262,20
23.387505,-103.92947,2026-08-03 04:50:26.472623872,7,6263,237,23
23.475341,-103.804173,2026-08-03 04:50:26.575003904,7,7941,255,16
24.372122,-108.459095,2026-08-03 04:50:34.922798848,7,13245,261,13
24.54166,-77.154797,2026-08-03 04:50:39.106070784,7,8589,240,12
24.528813,-77.152509,2026-08-03 04:50:39.556954112,7,8142,240,23
16.555417,-98.282745,2026-08-03 04:50:40.430914048,7,3071,262,32
23.771441,-107.752145,2026-08-03 04:50:41.912926208,7,13379,221,12
23.691339,-107.909106,2026-08-03 04:50:42.1853440,7,10814,215,14
24.002327,-107.599489,2026-08-03 04:50:50.452583936,7,9936,251,11
22.806663,-101.34382,2026-08-03 04:50:50.627831552,7,11264,233,22
23.987727,-107.601188,2026-08-03 04:50:50.957786624,7,11547,251,13
23.942499,-107.619177,2026-08-03 04:50:51.300829952,7,10454,251,14
22.811345,-101.336402,2026-08-03 04:50:51.784652288,7,6145,233,17
22.459679,-100.606269,2026-08-03 04:50:57.376804352,7,4825,249,23
16.184403,-83.806743,2026-08-03 04:50:57.484270336,7,4194,258,24
20.66154,-105.705718,2026-08-03 04:51:04.626125056,7,14022,226,12
22.90621,-101.285041,2026-08-03 04:51:05.5352192,7,11047,250,17
23.799038,-107.713005,2026-08-03 04:51:05.171561984,7,5297,261,20
23.685596,-107.912317,2026-08-03 04:51:05.227309568,7,14127,215,13
21.710909,-105.313584,2026-08-03 04:51:07.718887680,7,14067,221,12
16.688107,-98.317007,2026-08-03 04:51:14.359666688,7,13974,261,19
16.674375,-98.007907,2026-08-03 04:51:14.558680320,7,4679,261,17
23.910803,-107.423397,2026-08-03 04:51:23.328137984,7,9002,262,25
23.858333,-107.442088,2026-08-03 04:51:23.433935872,7,8251,261,15
28.396279,-71.922497,2026-08-03 04:51:23.689507072,7,2135,248,34
28.470955,-71.932134,2026-08-03 04:51:23.689589248,7,7978,141,24
28.457491,-71.949172,2026-08-03 04:51:23.730411008,7,4310,197,23
28.583359,-71.966492,2026-08-03 04:51:23.730503168,7,4821,141,16
18.963985,-104.934023,2026-08-03 04:51:31.885237248,7,11768,265,14
18.978245,-104.964913,2026-08-03 04:51:32.20432128,7,6794,266,19
21.124233,-105.707431,2026-08-03 04:51:35.168336896,7,6268,258,15
21.418191,-79.082595,2026-08-03 04:51:37.918240768,7,4986,219,28
16.770636,-98.125028,2026-08-03 04:51:38.411316224,7,5507,263,14
16.696362,-98.23797,2026-08-03 04:51:39.223524864,7,7474,261,18
22.809368,-101.255556,2026-08-03 04:51:41.94453504,7,13957,232,10
22.824645,-101.319579,2026-08-03 04:51:41.253328896,7,7856,232,18
20.995443,-105.580342,2026-08-03 04:51:42.148267520,7,7712,230,15
23.487019,-104.966766,2026-08-03 04:51:42.203469056,7,5020,239,39
22.176947,-75.428085,2026-08-03 04:51:50.312226560,7,4198,169,24
22.818486,-101.41446,2026-08-03 04:51:52.160738048,7,12370,234,14
21.314945,-105.547052,2026-08-03 04:51:52.669714688,7,13281,218,18
24.460975,-77.284986,2026-08-03 04:51:52.676207616,7,7017,262,21
21.31485,-105.546545,2026-08-03 04:51:52.741031424,7,12604,218,10
24.604712,-77.136933,2026-08-03 04:51:52.761367552,7,4910,239,20
22.787269,-101.51651,2026-08-03 04:51:53.96542976,7,5323,235,18
26.184777,-109.746058,2026-08-03 04:51:53.417733376,7,5413,267,25
26.603511,-79.828739,2026-08-03 04:52:00.768681728,7,6722,224,23
26.59589,-79.823539,2026-08-03 04:52:00.768679936,7,5904,262,10
22.526951,-100.489864,2026-08-03 04:52:01.99213312,7,14247,233,14
26.581635,-79.851328,2026-08-03 04:52:01.190036224,7,3449,265,20
10.437447,12.367768,2026-08-03 04:50:38.827751936,5,11529,153,22
42.378694,128.367245,2026-08-03 04:50:22.697193216,9,5053,268,18
16.220522,135.90634,2026-08-03 04:50:33.757578496,9,9336,242,16
19.894372,121.184104,2026-08-03 04:50:37.364525312,9,12050,179,22
59.208165,-100.283115,2026-08-03 04:50:48.382493440,9,14876,219,12
20.540919,108.033854,2026-08-03 04:51:11.679656704,9,6715,237,23
34.016061,135.312254,2026-08-03 04:51:32.399873024,9,4349,195,14
34.054418,135.354807,2026-08-03 04:51:32.434632704,9,12200,87,42
34.046866,135.356258,2026-08-03 04:51:32.434629376,9,7836,171,23
33.889299,135.354081,2026-08-03 04:51:32.564189184,9,5259,174,41
33.896937,135.352235,2026-08-03 04:51:32.564189696,9,3511,174,28
37.366079,119.059434,2026-08-03 04:51:38.63956736,9,6402,226,13
42.40359,128.352694,2026-08-03 04:51:40.908746752,9,10488,265,14
50.651456,104.729562,2026-08-03 04:51:43.370967040,9,8810,237,17
21.593323,-105.374716,2026-08-03 04:50:00.596914944,13,4380,249,93
16.078077,-83.563117,2026-08-03 04:50:00.860440576,13,3519,267,59
21.795069,-105.339481,2026-08-03 04:50:02.37879552,13,10733,248,14
19.125404,-104.769379,2026-08-03 04:50:02.425341440,13,9828,258,91
19.141513,-104.766347,2026-08-03 04:50:03.46483968,13,6241,257,35
24.316881,-108.55338,2026-08-03 04:50:03.307145472,13,9186,262,20
29.567271,-72.970673,2026-08-03 04:50:03.650489088,13,5663,230,82
22.369619,-105.823738,2026-08-03 04:50:04.394974976,13,6851,267,80
16.707415,-97.973548,2026-08-03 04:50:04.632816640,13,6973,268,83
22.661819,-100.362106,2026-08-03 04:50:05.633473792,13,8163,236,111
22.929505,-101.254738,2026-08-03 04:50:06.295285504,13,4582,261,35
22.431142,-100.333171,2026-08-03 04:50:07.909596928,13,7080,259,57
24.492813,-108.752722,2026-08-03 04:50:08.525289216,13,8263,261,18
59.602927,-99.830163,2026-08-03 04:50:08.640243200,13,13634,222,63
24.66913,-109.090434,2026-08-03 04:50:10.633815296,13,10767,264,27
24.627571,-109.06371,2026-08-03 04:50:10.700842752,13,2511,260,50
21.621543,-105.431525,2026-08-03 04:50:11.517641984,13,11668,270,37
23.775445,-107.752794,2026-08-03 04:50:11.802980352,13,8464,266,28
23.875358,-107.695474,2026-08-03 04:50:11.982663424,13,10693,270,70
38.9154,-75.580202,2026-08-03 04:50:12.405244928,13,14519,224,21
24.642147,-109.237362,2026-08-03 04:50:13.206975488,13,10074,260,28
16.087774,-83.583506,2026-08-03 04:50:14.147057664,13,5302,266,109
24.181602,-107.388501,2026-08-03 04:50:14.734900992,13,4486,216,133
24.175825,-107.439124,2026-08-03 04:50:14.734948352,13,4587,264,123
24.142182,-107.437636,2026-08-03 04:50:14.790360576,13,5936,263,33
24.602558,-109.022029,2026-08-03 04:50:17.218188032,13,9460,202,32
20.815435,-105.559505,2026-08-03 04:50:18.312509184,13,12636,252,65
20.822099,-105.555201,2026-08-03 04:50:18.560711936,13,7986,216,21
20.967988,-105.527,2026-08-03 04:50:19.266339584,13,7124,215,61
20.963109,-105.526193,2026-08-03 04:50:19.530449664,13,5832,215,34
20.963593,-105.53458,2026-08-03 04:50:19.598533888,13,4287,215,22
19.14589,-104.77657,2026-08-03 04:50:19.780783872,13,10061,257,19
26.663826,-79.833589,2026-08-03 04:50:20.871972608,13,13121,264,57
29.06687,-108.841249,2026-08-03 04:50:22.815268096,13,5547,244,28
21.611149,-105.34007,2026-08-03 04:50:22.837725184,13,7180,270,83
22.926058,-101.237017,2026-08-03 04:50:24.597863936,13,7960,233,52
22.277861,-105.69467,2026-08-03 04:50:25.197739264,13,9241,203,24
23.782413,-107.320743,2026-08-03 04:50:25.575928320,13,8405,200,77
23.500773,-103.821353,2026-08-03 04:50:25.701119744,13,9689,240,65
24.003793,-107.385618,2026-08-03 04:50:25.814620416,13,2307,267,70
23.357807,-103.665074,2026-08-03 04:50:26.472619008,13,7960,180,81
23.470559,-103.79865,2026-08-03 04:50:26.575003904,13,9018,261,55
23.432819,-103.812832,2026-08-03 04:50:26.646926848,13,11130,179,23
22.35045,-100.275526,2026-08-03 04:50:27.711519488,13,14666,235,50
24.867479,-78.412921,2026-08-03 04:50:28.9342720,13,7337,237,66
22.627285,-100.471919,2026-08-03 04:50:28.392523520,13,8309,233,51
23.816329,-100.838757,2026-08-03 04:50:28.416588288,13,14606,226,33
24.032476,-100.878015,2026-08-03 04:50:28.608563968,13,10931,261,40
29.022123,-108.651815,2026-08-03 04:50:31.493696000,13,12274,254,24
21.515674,-105.315851,2026-08-03 04:50:31.844457984,13,9012,208,28
22.538665,-100.401586,2026-08-03 04:50:32.201252352,13,9265,245,78
30.910971,-78.745173,2026-08-03 04:50:32.827009792,13,4272,178,107
30.969746,-78.786506,2026-08-03 04:50:32.827028224,13,6312,201,119
30.982831,-78.788223,2026-08-03 04:50:32.827034880,13,7953,228,98
30.838782,-78.8848,2026-08-03 04:50:32.994311936,13,14073,115,43
31.091051,-78.843346,2026-08-03 04:50:33.408419584,13,12263,226,79
30.957088,-78.838307,2026-08-03 04:50:33.408426752,13,5849,261,78
24.335855,-108.414429,2026-08-03 04:50:34.922798080,13,14728,206,73
24.373194,-108.448935,2026-08-03 04:50:34.994573056,13,11882,263,18
59.503776,-100.391171,2026-08-03 04:50:35.148292096,13,5905,228,35
26.185901,-109.490175,2026-08-03 04:50:35.628441856,13,13501,255,26
26.209503,-109.472845,2026-08-03 04:50:35.673607936,13,5717,251,17
41.160442,-67.182404,2026-08-03 04:50:38.826673408,13,14817,249,37
24.527112,-77.137905,2026-08-03 04:50:39.106060032,13,8174,269,30
19.178874,-104.755177,2026-08-03 04:50:39.375493376,13,4119,258,91
16.761045,-98.183546,2026-08-03 04:50:40.430997504,13,6531,263,125
23.791444,-107.726658,2026-08-03 04:50:41.912940800,13,7629,264,36
23.791592,-107.737052,2026-08-03 04:50:42.1911552,13,6687,265,34
23.796956,-107.725329,2026-08-03 04:50:42.164347392,13,9378,265,21
23.7674,-107.741393,2026-08-03 04:50:42.227049472,13,9480,265,17
24.684376,-109.289524,2026-08-03 04:50:42.512142080,13,10616,263,26
22.70472,-100.366211,2026-08-03 04:50:44.16903424,13,12184,269,115
22.656611,-100.496031,2026-08-03 04:50:44.72815616,13,6761,262,41
22.632474,-100.458558,2026-08-03 04:50:44.253847552,13,4647,243,39
23.900533,-100.789103,2026-08-03 04:50:44.560672512,13,7419,257,75
22.578482,-100.31307,2026-08-03 04:50:44.748501504,13,6370,264,52
22.582753,-100.305047,2026-08-03 04:50:44.777531648,13,3920,266,30
24.689757,-109.341038,2026-08-03 04:50:45.502782464,13,10760,262,59
20.83865,-105.543244,2026-08-03 04:50:46.586929664,13,10740,216,38
31.218866,-111.128162,2026-08-03 04:50:46.691686144,13,3621,258,38
31.392137,-110.915157,2026-08-03 04:50:46.763282688,13,9330,207,62
31.243742,-110.988476,2026-08-03 04:50:46.763269376,13,5215,216,48
28.661264,-72.688168,2026-08-03 04:50:47.954326016,13,6744,240,96
59.291571,-100.130027,2026-08-03 04:50:48.382459136,13,10371,235,112
22.227295,-82.911465,2026-08-03 04:50:48.913853184,13,6085,240,97
23.899561,-107.351727,2026-08-03 04:50:50.331152896,13,11997,264,108
24.038311,-107.457427,2026-08-03 04:50:50.452623104,13,7084,263,32
22.903825,-101.227871,2026-08-03 04:50:50.627822080,13,6395,263,92
24.042983,-107.453333,2026-08-03 04:50:50.957830144,13,6207,242,34
24.02726,-107.461642,2026-08-03 04:50:51.300878336,13,7926,199,39
22.937196,-101.219656,2026-08-03 04:50:51.784706816,13,6128,238,72
22.289631,-100.205894,2026-08-03 04:50:56.845406720,13,6183,258,33
22.651132,-100.469832,2026-08-03 04:50:57.376884480,13,8715,243,85
21.237263,-105.537746,2026-08-03 04:50:58.601074944,13,9159,212,44
22.68712,-100.392605,2026-08-03 04:50:59.843741440,13,11159,261,26
24.024545,-107.368076,2026-08-03 04:51:00.244083200,13,9557,267,36
24.248561,-108.461173,2026-08-03 04:51:01.850033664,13,6515,263,78
24.213752,-108.468986,2026-08-03 04:51:02.26342144,13,8341,262,18
21.189359,-105.547529,2026-08-03 04:51:03.438192640,13,5047,213,26
20.979896,-105.504191,2026-08-03 04:51:04.661631232,13,3907,215,21
22.897718,-101.270492,2026-08-03 04:51:05.5344512,13,5796,237,72
23.802735,-107.724924,2026-08-03 04:51:05.171562752,13,4900,264,64
22.882427,-101.292812,2026-08-03 04:51:06.179371008,13,12173,154,19
23.78342,-107.726614,2026-08-03 04:51:06.188200192,13,5397,265,31
21.752997,-105.275707,2026-08-03 04:51:07.718892800,13,9684,206,43
23.875163,-107.700036,2026-08-03 04:51:10.590185728,13,4653,265,51
24.225637,-107.776329,2026-08-03 04:51:13.971485440,13,6882,262,51
59.901947,-100.276677,2026-08-03 04:51:15.551859456,13,8031,216,39
24.617834,-109.091942,2026-08-03 04:51:16.777042944,13,11121,203,31
20.812581,-105.53192,2026-08-03 04:51:16.870146048,13,7226,216,24
19.21045,-74.9022,2026-08-03 04:51:17.288183552,13,3958,265,23
22.604657,-100.401561,2026-08-03 04:51:17.317577472,13,14977,237,35
22.608158,-100.397492,2026-08-03 04:51:17.380532736,13,5186,232,52
23.692811,-107.433897,2026-08-03 04:51:17.583101696,13,4519,266,28
23.69776,-107.420019,2026-08-03 04:51:17.681048576,13,4577,265,23
22.899255,-101.483261,2026-08-03 04:51:17.776019968,13,6014,269,31
23.596813,-76.798588,2026-08-03 04:51:19.140024320,13,14008,246,74
22.35862,-100.179746,2026-08-03 04:51:20.274637568,13,9159,233,38
21.81412,-105.298066,2026-08-03 04:51:21.593226752,13,6855,268,18
19.166768,-104.588526,2026-08-03 04:51:22.236620800,13,6495,257,79
23.950105,-103.077403,2026-08-03 04:51:22.419937280,13,7087,257,22
26.885137,-80.113893,2026-08-03 04:51:22.592075776,13,5177,264,73
24.026013,-103.145842,2026-08-03 04:51:22.640591616,13,7275,268,29
28.001797,-73.108578,2026-08-03 04:51:22.930755584,13,8027,233,73
28.283264,-73.144552,2026-08-03 04:51:23.18436096,13,5104,250,63
23.842092,-107.419682,2026-08-03 04:51:23.328063232,13,9069,265,66
23.861256,-107.425813,2026-08-03 04:51:23.383753984,13,7313,264,65
28.396721,-71.899386,2026-08-03 04:51:23.689499392,13,8621,263,130
28.515948,-71.930171,2026-08-03 04:51:23.760932608,13,4736,253,52
23.937974,-107.411565,2026-08-03 04:51:24.414771712,13,11987,263,21
20.962259,-105.501285,2026-08-03 04:51:24.623642880,13,9049,215,19
23.468125,-103.736125,2026-08-03 04:51:24.891580928,13,12355,237,41
18.204653,-83.486809,2026-08-03 04:51:25.295682560,13,2791,258,82
29.133749,-72.038052,2026-08-03 04:51:25.687840000,13,5761,257,137
21.048582,-105.146093,2026-08-03 04:51:25.936114944,13,3622,250,97
21.067258,-105.181168,2026-08-03 04:51:26.85913856,13,11433,250,42
25.15847,-78.465055,2026-08-03 04:51:26.364737792,13,10688,234,62
21.017852,-105.162363,2026-08-03 04:51:26.707382016,13,7427,251,32
23.818846,-107.703774,2026-08-03 04:51:26.997551616,13,4038,243,28
22.627829,-100.394976,2026-08-03 04:51:28.781798400,13,4307,239,59
23.314266,-103.545234,2026-08-03 04:51:31.297428224,13,10894,238,46
19.146268,-104.774339,2026-08-03 04:51:31.885326592,13,5775,257,64
19.144631,-104.777677,2026-08-03 04:51:32.20509952,13,6551,257,82
23.911774,-107.647003,2026-08-03 04:51:32.372964352,13,8001,264,31
19.148454,-104.780168,2026-08-03 04:51:32.558673408,13,4652,257,29
21.249278,-105.544154,2026-08-03 04:51:35.168404480,13,7582,250,70
23.739733,-107.911708,2026-08-03 04:51:35.533688320,13,8235,244,23
21.154295,-105.624677,2026-08-03 04:51:37.480196608,13,13010,251,23
21.737356,-79.131163,2026-08-03 04:51:37.918305792,13,12351,256,112
16.748493,-98.114425,2026-08-03 04:51:38.411307520,13,4702,263,42
16.711407,-98.217824,2026-08-03 04:51:39.132724480,13,9018,263,31
16.704887,-98.231199,2026-08-03 04:51:39.223528192,13,10221,261,80
22.498395,-100.450869,2026-08-03 04:51:39.519885568,13,9008,257,33
19.256688,-105.002946,2026-08-03 04:51:40.86203136,13,11522,258,105
22.928708,-101.244467,2026-08-03 04:51:41.94487808,13,8568,261,20
22.929109,-101.229374,2026-08-03 04:51:41.253379584,13,11344,237,63
21.023497,-105.552521,2026-08-03 04:51:41.623032832,13,5957,251,25
26.609418,-79.850883,2026-08-03 04:51:41.845744896,13,4652,269,44
23.666577,-104.818569,2026-08-03 04:51:42.203550464,13,5920,265,93
31.267995,-111.002208,2026-08-03 04:51:42.546227200,13,5930,204,37
29.148178,-108.364659,2026-08-03 04:51:43.613528320,13,8351,251,45
24.219554,-107.823368,2026-08-03 04:51:44.58559488,13,7574,242,47
21.596484,-105.341382,2026-08-03 04:51:44.361702400,13,6924,248,60
19.190983,-104.577458,2026-08-03 04:51:45.264538624,13,5420,256,89
35.091318,-77.48054,2026-08-03 04:51:45.441352960,13,10373,247,89
24.152897,-107.879419,2026-08-03 04:51:45.505096704,13,7559,242,27
21.193771,-105.548642,2026-08-03 04:51:45.798716672,13,12156,250,32
30.938515,-78.805496,2026-08-03 04:51:46.508806656,13,5755,175,128
31.002239,-78.828683,2026-08-03 04:51:46.508826880,13,6867,201,110
30.911031,-78.993207,2026-08-03 04:51:46.605979904,13,11404,167,47
30.929813,-78.812819,2026-08-03 04:51:46.693398016,13,10089,177,44
30.933808,-78.815307,2026-08-03 04:51:46.729457664,13,8225,184,60
30.925964,-78.815915,2026-08-03 04:51:47.81772544,13,9360,175,59
30.982111,-78.856413,2026-08-03 04:51:47.81849856,13,3580,259,43
31.005129,-78.846931,2026-08-03 04:51:47.81858560,13,3927,241,31
19.180378,-104.725406,2026-08-03 04:51:47.735186432,13,14630,233,20
19.128436,-104.747946,2026-08-03 04:51:48.188663552,13,5555,257,38
22.85327,-101.417902,2026-08-03 04:51:52.160751360,13,9368,234,47
22.986481,-101.416701,2026-08-03 04:51:53.96625664,13,4802,267,37
26.328073,-109.51277,2026-08-03 04:51:53.417772288,13,11903,256,95
26.290295,-109.495028,2026-08-03 04:51:53.709464064,13,6109,251,48
23.893303,-107.444239,2026-08-03 04:51:53.715084544,13,13358,265,33
23.858499,-107.456995,2026-08-03 04:51:54.79955712,13,6854,265,58
23.867975,-107.455138,2026-08-03 04:51:54.300892416,13,4690,264,32
23.853088,-107.463349,2026-08-03 04:51:54.375807488,13,10973,200,31
23.854691,-107.465356,2026-08-03 04:51:54.461241088,13,9195,264,15
21.695956,-79.149929,2026-08-03 04:51:54.582074112,13,8172,256,105
15.892741,-83.580336,2026-08-03 04:51:54.645785600,13,5640,264,77
23.859389,-107.461083,2026-08-03 04:51:55.21227776,13,7582,264,16
59.313305,-100.069681,2026-08-03 04:51:58.209163776,13,11640,225,20
24.212484,-108.481427,2026-08-03 04:51:58.434955520,13,5074,262,46
29.480767,-72.943135,2026-08-03 04:52:00.490430976,13,10238,241,77
26.516477,-79.817855,2026-08-03 04:52:00.768596736,13,6932,254,75
22.523062,-100.478597,2026-08-03 04:52:01.99209216,13,7721,233,37
26.608238,-79.874523,2026-08-03 04:52:01.190041856,13,3563,262,26
28.375628,-71.917675,2026-08-03 04:52:01.786627584,13,7713,199,73
20.260874,-105.241954,2026-08-03 04:52:02.630451712,13,9103,255,63
21.916609,-105.72322,2026-08-03 04:52:04.220980224,13,4103,269,71
21.954357,-105.720906,2026-08-03 04:52:04.308139776,13,12258,268,33
22.653181,-100.385523,2026-08-03 04:52:05.770026496,13,7423,243,85
22.921159,-101.229568,2026-08-03 04:52:06.126914304,13,5727,233,43
22.954384,-101.26,2026-08-03 04:52:06.179898880,13,9219,230,52
24.635221,-109.329782,2026-08-03 04:52:07.548711680,13,4940,204,35
30.873096,-78.71803,2026-08-03 04:52:09.588840960,13,9755,187,86
25.318884,-78.668037,2026-08-03 04:52:09.816458752,13,5874,233,85
20.5409,108.034013,2026-08-03 04:51:11.679656704,14,6714,237,23
34.03934,135.362421,2026-08-03 04:51:32.434630912,14,8659,184,23
33.955714,135.331738,2026-08-03 04:51:32.564200192,14,6916,186,18
44.027178,-1.400647,2026-08-03 04:50:01.95164672,11,9964,150,167
29.493533,-72.957882,2026-08-03 04:50:03.650463744,11,8561,238,144
22.33609,-105.82399,2026-08-03 04:50:04.394964992,11,4023,252,37
23.985862,-76.765689,2026-08-03 04:50:04.877409792,11,10004,266,42
38.92163,-75.600395,2026-08-03 04:50:12.405241856,11,3906,212,77
44.186093,-1.303223,2026-08-03 04:50:13.425556736,11,11856,106,37
44.184794,-1.281803,2026-08-03 04:50:13.425616640,11,9601,137,21
44.835123,-1.248397,2026-08-03 04:50:20.205595136,11,7842,112,27
26.483567,-79.871931,2026-08-03 04:50:21.472076544,11,4142,262,27
22.896447,-101.225252,2026-08-03 04:50:24.597860864,11,4518,246,27
22.893515,-101.222494,2026-08-03 04:50:24.694459904,11,5534,246,29
44.249042,-1.586083,2026-08-03 04:50:27.534152960,11,9174,153,225
44.249623,-1.602666,2026-08-03 04:50:27.534156800,11,8975,254,323
44.253729,-1.595736,2026-08-03 04:50:27.534160640,11,5395,264,299
44.254067,-1.614151,2026-08-03 04:50:27.534161152,11,4863,126,279
44.186284,-1.317457,2026-08-03 04:50:28.738119424,11,9071,89,165
44.183678,-1.334666,2026-08-03 04:50:28.738123264,11,9328,110,160
22.566906,-100.401972,2026-08-03 04:50:32.201260800,11,5864,251,30
30.899789,-78.755915,2026-08-03 04:50:32.827014656,11,11979,166,141
44.08322,-1.313348,2026-08-03 04:50:34.139641088,11,14390,97,22
59.017807,-100.175234,2026-08-03 04:50:36.81046784,11,4429,228,21
25.047065,-76.701846,2026-08-03 04:50:37.263086336,11,13953,231,23
44.190768,-1.322809,2026-08-03 04:50:43.402303232,11,6506,148,187
44.188019,-1.353288,2026-08-03 04:50:43.402295296,11,7925,253,290
44.204939,-1.335905,2026-08-03 04:50:43.402302976,11,7945,262,267
44.205343,-1.365661,2026-08-03 04:50:43.402303744,11,5813,148,244
44.262364,-1.326859,2026-08-03 04:50:43.402329344,11,3809,163,225
44.199035,-1.361894,2026-08-03 04:50:43.402301696,11,5194,269,208
28.657037,-72.669353,2026-08-03 04:50:47.954372352,11,9886,250,57
22.239249,-82.918277,2026-08-03 04:50:48.913857792,11,9055,235,38
22.91388,-101.231617,2026-08-03 04:50:50.627878400,11,5396,246,39
22.90464,-101.211244,2026-08-03 04:50:51.784695296,11,7395,246,28
25.637233,-78.745966,2026-08-03 04:50:54.664903936,11,12867,251,229
11.013227,-1.365529,2026-08-03 04:51:00.944678144,11,8424,223,42
24.355429,-108.452541,2026-08-03 04:51:01.850068992,11,7554,267,38
22.956286,-101.26568,2026-08-03 04:51:05.5362432,11,12907,269,25
23.815784,-107.709762,2026-08-03 04:51:05.171570688,11,9790,268,23
47.956824,6.869726,2026-08-03 04:51:06.623627776,11,9877,115,24
44.12644,-1.327763,2026-08-03 04:51:16.497772288,11,5800,151,180
44.000185,-1.732227,2026-08-03 04:51:19.637403648,11,13789,159,87
43.988909,-1.747385,2026-08-03 04:51:19.637414656,11,6071,167,119
44.042341,-1.735679,2026-08-03 04:51:19.637430784,11,6330,147,104
43.99975,-1.754706,2026-08-03 04:51:19.649788416,11,7148,151,58
44.027996,-1.725087,2026-08-03 04:51:19.649809408,11,6825,138,30
22.330055,-100.20708,2026-08-03 04:51:20.274636032,11,13440,270,16
44.775624,-1.51637,2026-08-03 04:51:21.48797696,11,7451,111,151
44.800873,-1.511963,2026-08-03 04:51:21.48795904,11,13635,157,168
44.184903,-1.349365,2026-08-03 04:51:25.688682240,11,2566,222,360
44.195257,-1.330751,2026-08-03 04:51:25.688683008,11,5825,142,455
44.854708,-1.28708,2026-08-03 04:51:28.172017664,11,11679,213,126
44.854213,-1.276307,2026-08-03 04:51:28.172026624,11,7771,148,141
44.888062,-1.239541,2026-08-03 04:51:28.172038400,11,6160,256,130
44.856606,-1.254612,2026-08-03 04:51:28.174937856,11,8828,145,105
44.207562,-1.314115,2026-08-03 04:51:35.676189952,11,11420,129,19
44.23691,-2.174394,2026-08-03 04:51:38.856162048,11,4685,149,63
44.234803,-2.143978,2026-08-03 04:51:38.856168192,11,6955,142,51
19.279854,-104.982027,2026-08-03 04:51:40.86210560,11,7924,261,55
45.734175,8.001172,2026-08-03 04:51:40.755697920,11,11786,94,130
22.859112,-101.26674,2026-08-03 04:51:41.253358336,11,7278,248,27
30.892399,-78.989729,2026-08-03 04:51:46.823486720,11,13403,163,34
31.096293,-78.846503,2026-08-03 04:51:47.81888512,11,6322,241,23
23.806145,-100.835088,2026-08-03 04:51:47.147802624,11,6759,240,36
43.749479,30.856093,2026-08-03 04:51:51.928598016,11,5982,222,29
29.467321,-72.953069,2026-08-03 04:52:00.490435584,11,7397,239,135
28.357638,-71.882543,2026-08-03 04:52:01.786619392,11,7191,263,120
20.196823,-105.283155,2026-08-03 04:52:02.630437376,11,11076,270,27
44.142647,-1.360639,2026-08-03 04:52:03.832499712,11,8364,110,38
44.027178,-1.400647,2026-08-03 04:50:01.95164672,12,9964,150,166
29.493533,-72.957882,2026-08-03 04:50:03.650463744,12,8561,238,145
22.33609,-105.82399,2026-08-03 04:50:04.394964992,12,4023,252,37
23.985862,-76.765689,2026-08-03 04:50:04.877409792,12,10004,266,43
38.919966,-75.601118,2026-08-03 04:50:12.405241088,12,4163,212,77
44.186093,-1.303223,2026-08-03 04:50:13.425556736,12,11856,106,37
44.184794,-1.281803,2026-08-03 04:50:13.425616640,12,9601,137,21
44.835123,-1.248397,2026-08-03 04:50:20.205595136,12,7842,112,27
22.899827,-101.225494,2026-08-03 04:50:24.597861888,12,4521,246,26
22.893515,-101.222494,2026-08-03 04:50:24.694459904,12,5534,246,28
44.249042,-1.586083,2026-08-03 04:50:27.534152960,12,9174,153,224
44.249623,-1.602666,2026-08-03 04:50:27.534156800,12,8975,254,323
44.253729,-1.595736,2026-08-03 04:50:27.534160640,12,5395,264,299
44.254067,-1.614151,2026-08-03 04:50:27.534161152,12,4863,126,279
44.186284,-1.317457,2026-08-03 04:50:28.738119424,12,9071,89,166
44.183678,-1.334666,2026-08-03 04:50:28.738123264,12,9328,110,160
22.558012,-100.412028,2026-08-03 04:50:32.201260544,12,8137,251,31
30.899789,-78.755915,2026-08-03 04:50:32.827014656,12,11979,166,142
44.073328,-1.303207,2026-08-03 04:50:34.139640576,12,11454,96,29
59.017807,-100.175234,2026-08-03 04:50:36.81046784,12,4429,228,21
44.190768,-1.322809,2026-08-03 04:50:43.402303232,12,6506,148,187
44.188019,-1.353288,2026-08-03 04:50:43.402295296,12,7925,253,290
44.204939,-1.335905,2026-08-03 04:50:43.402302976,12,7945,262,267
44.205343,-1.365661,2026-08-03 04:50:43.402303744,12,5813,148,244
44.262364,-1.326859,2026-08-03 04:50:43.402329344,12,3809,163,225
44.209816,-1.35778,2026-08-03 04:50:43.402305792,12,2996,269,181
28.657037,-72.669353,2026-08-03 04:50:47.954372352,12,9886,250,57
22.913897,-101.231617,2026-08-03 04:50:50.627878400,12,5395,246,40
22.90464,-101.211244,2026-08-03 04:50:51.784695296,12,7395,246,28
25.637233,-78.745966,2026-08-03 04:50:54.664903936,12,12867,251,229
11.013227,-1.365529,2026-08-03 04:51:00.944678144,12,8424,223,42
24.355429,-108.452541,2026-08-03 04:51:01.850068992,12,7554,267,38
22.918665,-101.276686,2026-08-03 04:51:05.5351680,12,9068,268,32
23.815871,-107.709649,2026-08-03 04:51:05.171570688,12,9790,268,37
47.956824,6.869726,2026-08-03 04:51:06.623627776,12,9877,115,24
44.12644,-1.327763,2026-08-03 04:51:16.497772288,12,5800,151,180
44.000185,-1.732227,2026-08-03 04:51:19.637403648,12,13789,159,87
43.988909,-1.747385,2026-08-03 04:51:19.637414656,12,6071,167,119
44.042341,-1.735679,2026-08-03 04:51:19.637430784,12,6330,147,104
44.006086,-1.760056,2026-08-03 04:51:19.649785344,12,13423,159,44
44.775624,-1.51637,2026-08-03 04:51:21.48797696,12,7451,111,151
44.800873,-1.511963,2026-08-03 04:51:21.48795904,12,13635,157,168
44.184903,-1.349365,2026-08-03 04:51:25.688682240,12,2566,222,360
44.195257,-1.330751,2026-08-03 04:51:25.688683008,12,5825,142,456
44.854708,-1.28708,2026-08-03 04:51:28.172017664,12,11679,213,126
44.854213,-1.276307,2026-08-03 04:51:28.172026624,12,7771,148,141
44.888062,-1.239541,2026-08-03 04:51:28.172038400,12,6160,256,130
44.829553,-1.321782,2026-08-03 04:51:28.174922240,12,10507,208,62
44.207562,-1.314115,2026-08-03 04:51:35.676189952,12,11420,129,19
44.23691,-2.174394,2026-08-03 04:51:38.856162048,12,4685,149,63
44.234803,-2.143978,2026-08-03 04:51:38.856168192,12,6955,142,51
19.279854,-104.982027,2026-08-03 04:51:40.86210560,12,7924,261,55
45.734175,8.001172,2026-08-03 04:51:40.755697920,12,11786,94,134
22.910978,-101.239281,2026-08-03 04:51:41.253376768,12,6799,246,29
30.983483,-79.172462,2026-08-03 04:51:46.659578624,12,8246,256,31
31.096293,-78.846503,2026-08-03 04:51:47.81888512,12,6322,241,23
23.806118,-100.835109,2026-08-03 04:51:47.147802624,12,6761,240,36
43.749479,30.856093,2026-08-03 04:51:51.928598016,12,5982,222,29
29.467305,-72.953061,2026-08-03 04:52:00.490435584,12,7397,239,135
28.357638,-71.882543,2026-08-03 04:52:01.786619392,12,7191,263,120
20.196823,-105.283155,2026-08-03 04:52:02.630437376,12,11078,270,27
44.142647,-1.360639,2026-08-03 04:52:03.832499712,12,8364,110,38
64.789228,40.104908,2026-08-03 11:40:05.966019840,1,14784,264,38
47.512726,-97.735961,2026-08-03 11:40:14.929531904,1,13485,138,22
49.282983,20.683797,2026-08-03 11:40:23.796711936,1,8300,72,153
49.275032,20.700785,2026-08-03 11:40:23.796717056,1,5264,131,131
49.26995,20.754088,2026-08-03 11:40:23.796714496,1,6211,179,113
49.283427,20.743404,2026-08-03 11:40:23.796716288,1,9639,206,94
49.26947,20.760092,2026-08-03 11:40:23.796754176,1,6593,233,74
49.269098,20.776276,2026-08-03 11:40:23.796749056,1,5644,231,53
49.277599,20.754065,2026-08-03 11:40:23.796753920,1,5397,152,34
49.280957,20.683558,2026-08-03 11:40:23.865640448,1,7005,91,83
49.277598,20.705103,2026-08-03 11:40:23.865639936,1,8356,131,79
49.276364,20.730455,2026-08-03 11:40:23.865646848,1,3386,168,58
39.413601,-75.571029,2026-08-03 11:40:30.998498560,1,12880,141,39
42.632078,-71.720766,2026-08-03 11:40:31.547469824,1,9289,152,30
49.234356,20.261214,2026-08-03 11:40:40.841534976,1,11045,84,17
21.63516,-106.391178,2026-08-03 11:40:41.327363072,1,10263,260,30
35.472895,-74.623534,2026-08-03 11:40:41.867118080,1,4253,227,36
48.350564,-96.672472,2026-08-03 11:40:41.930857728,1,9015,158,35
48.036939,8.64431,2026-08-03 11:40:41.997439744,1,12954,74,37
48.031198,8.636244,2026-08-03 11:40:42.3155968,1,8051,80,14
48.034386,8.647645,2026-08-03 11:40:42.16141568,1,10868,75,53
48.037916,8.63538,2026-08-03 11:40:42.16142592,1,14855,126,48
48.020647,8.653894,2026-08-03 11:40:42.16152320,1,6530,159,27
48.000105,8.636136,2026-08-03 11:40:42.68257280,1,7938,84,15
65.595602,35.202524,2026-08-03 11:40:49.222890752,1,10317,237,334
65.532177,34.763436,2026-08-03 11:40:49.222974720,1,12966,263,326
49.276076,20.018131,2026-08-03 11:40:56.354853376,1,11068,56,191
49.284617,20.011417,2026-08-03 11:40:56.354852352,1,7496,76,177
49.272828,20.023586,2026-08-03 11:40:56.354852864,1,9286,103,163
49.300102,20.012114,2026-08-03 11:40:56.355909888,1,6338,87,146
49.297872,20.02734,2026-08-03 11:40:56.355912192,1,9268,118,135
49.282688,20.056113,2026-08-03 11:40:56.354850048,1,11642,212,121
48.091304,19.800419,2026-08-03 11:41:03.920987648,1,11706,96,35
19.495882,-76.393237,2026-08-03 11:41:04.13780992,1,9478,260,31
26.151023,-74.425017,2026-08-03 11:41:04.604179968,1,12344,267,24
40.178154,18.31253,2026-08-03 11:41:04.637927680,1,11232,235,24
47.443481,-0.126576,2026-08-03 11:41:04.819856640,1,11100,119,18
47.31329,-0.484064,2026-08-03 11:41:05.129502464,1,7826,201,198
47.285082,-0.451129,2026-08-03 11:41:05.129513728,1,9675,152,185
47.316165,-0.460964,2026-08-03 11:41:05.129511680,1,8772,143,171
47.301944,-0.474013,2026-08-03 11:41:05.129521920,1,9815,110,154
47.309394,-0.421457,2026-08-03 11:41:05.129523712,1,10937,188,140
47.313827,-0.451736,2026-08-03 11:41:05.129531136,1,3867,237,118
47.324323,-0.438146,2026-08-03 11:41:05.129536256,1,3801,234,104
47.336662,-0.399389,2026-08-03 11:41:05.129537024,1,4159,225,89
47.339532,-0.421101,2026-08-03 11:41:05.129540096,1,10345,203,76
47.312488,-0.469935,2026-08-03 11:41:05.129567488,1,8082,131,61
47.33599,-99.72513,2026-08-03 11:41:12.936497920,1,11989,166,30
48.109997,19.79988,2026-08-03 11:41:13.77618432,1,7401,85,43
59.855329,-97.752275,2026-08-03 11:41:13.72960000,1,12575,212,40
48.104172,19.81488,2026-08-03 11:41:13.83720192,1,11406,85,24
48.447124,-95.850789,2026-08-03 11:41:14.334354688,1,6975,199,38
48.582186,-95.951652,2026-08-03 11:41:14.334327552,1,11108,142,25
44.937099,6.907264,2026-08-03 11:41:22.557344000,1,8774,74,165
44.928521,6.921331,2026-08-03 11:41:22.557348096,1,13384,118,150
44.937009,6.940197,2026-08-03 11:41:22.557357056,1,9791,126,135
44.925156,6.941121,2026-08-03 11:41:22.557363712,1,14702,80,122
44.95549,6.90639,2026-08-03 11:41:22.557381120,1,9750,214,105
44.913406,6.863433,2026-08-03 11:41:22.557364992,1,11142,226,91
44.952992,6.920476,2026-08-03 11:41:22.557424128,1,9560,195,77
44.952429,6.903319,2026-08-03 11:41:22.557419520,1,13446,185,63
44.982491,6.930935,2026-08-03 11:41:22.557418752,1,11975,171,49
44.940687,6.927917,2026-08-03 11:41:22.557418496,1,9523,152,36
29.294748,-73.035883,2026-08-03 11:41:31.122752000,1,8318,241,25
40.213431,15.344938,2026-08-03 11:41:31.597191168,1,9776,128,292
40.223714,15.340372,2026-08-03 11:41:31.597197056,1,13364,194,286
40.25314,15.338258,2026-08-03 11:41:31.597203456,1,6075,240,269
40.276701,15.357727,2026-08-03 11:41:31.597216000,1,5865,242,255
47.376597,-0.360122,2026-08-03 11:41:40.920939264,1,5576,103,384
47.376693,-0.362678,2026-08-03 11:41:40.920936704,1,4019,151,362
47.381935,-0.365982,2026-08-03 11:41:40.920934656,1,8796,148,345
47.383802,-0.379105,2026-08-03 11:41:40.920936448,1,10567,109,323
47.377539,-0.362944,2026-08-03 11:41:40.920943104,1,2441,187,299
47.384904,-0.391909,2026-08-03 11:41:40.920935168,1,5302,192,286
47.378315,-0.444673,2026-08-03 11:41:40.920928256,1,2836,260,269
47.383477,-0.378796,2026-08-03 11:41:40.920942848,1,2921,235,255
47.378614,-0.35887,2026-08-03 11:41:40.920943104,1,8017,109,241
47.385004,-0.372054,2026-08-03 11:41:40.920944384,1,11571,97,222
47.376574,-0.378418,2026-08-03 11:41:40.920946176,1,4085,153,201
47.421744,-0.247155,2026-08-03 11:41:40.920979712,1,3983,254,187
44.183817,11.419747,2026-08-03 11:41:49.741083136,1,8692,113,54
44.174132,11.391691,2026-08-03 11:41:49.741081344,1,7428,129,43
44.193823,11.375376,2026-08-03 11:41:49.741095680,1,10884,127,32
48.407972,-96.779072,2026-08-03 11:41:57.251263744,1,10207,141,31
63.541212,40.567752,2026-08-03 11:42:06.35733504,1,6498,253,231
66.9466,27.272145,2026-08-03 11:42:13.704343040,1,9379,227,275
66.724085,26.993216,2026-08-03 11:42:13.704441344,1,7742,254,272
66.726993,26.89711,2026-08-03 11:42:13.704455680,1,12624,264,257
66.764818,26.979479,2026-08-03 11:42:13.704441600,1,7285,265,243
49.250884,20.662974,2026-08-03 11:42:29.698601472,1,13134,73,274
49.236103,20.663871,2026-08-03 11:42:29.698608640,1,8600,129,251
49.229828,20.668649,2026-08-03 11:42:29.698611200,1,10904,145,227
49.242464,20.668475,2026-08-03 11:42:29.698613248,1,6105,162,203
49.238414,20.682536,2026-08-03 11:42:29.698616576,1,6567,197,187
49.238493,20.696701,2026-08-03 11:42:29.698618624,1,12066,176,172
49.24252,20.684371,2026-08-03 11:42:29.698613504,1,5981,189,153
49.245945,20.712412,2026-08-03 11:42:29.698608384,1,7951,260,138
49.242937,20.708127,2026-08-03 11:42:29.698614528,1,7450,233,126
49.244719,20.901168,2026-08-03 11:42:29.698602752,1,8188,251,112
49.263078,20.853839,2026-08-03 11:42:29.698609664,1,12827,251,99
49.235874,20.718933,2026-08-03 11:42:29.698651648,1,7800,156,86
49.23408,20.702287,2026-08-03 11:42:29.698648064,1,8703,143,72
49.64245,19.49365,2026-08-03 11:42:36.746921216,1,10726,56,141
49.642813,19.491849,2026-08-03 11:42:36.746918656,1,9040,69,117
49.638007,19.499535,2026-08-03 11:42:36.746923008,1,10400,81,93
49.647849,19.51557,2026-08-03 11:42:36.746931200,1,7949,186,69
49.626767,19.516102,2026-08-03 11:42:36.746964992,1,9047,178,56
49.623539,19.543496,2026-08-03 11:42:36.746965504,1,10748,152,42
49.627003,19.529988,2026-08-03 11:42:36.746964480,1,10391,139,29
49.62128,19.433878,2026-08-03 11:42:36.800502784,1,8268,68,280
49.612805,19.444613,2026-08-03 11:42:36.800498944,1,7657,69,259
49.611783,19.454893,2026-08-03 11:42:36.800500992,1,6891,94,235
49.616106,19.477536,2026-08-03 11:42:36.800502784,1,4840,212,212
49.619953,19.443045,2026-08-03 11:42:36.800507648,1,6059,155,196
49.623184,19.468393,2026-08-03 11:42:36.800506112,1,5941,207,174
49.618369,19.470426,2026-08-03 11:42:36.800507392,1,11072,170,158
49.627049,19.474513,2026-08-03 11:42:36.800508672,1,9708,185,143
49.587909,19.432432,2026-08-03 11:42:36.800519680,1,5173,220,130
49.751172,19.282322,2026-08-03 11:42:36.800569088,1,7482,224,115
49.620254,19.511218,2026-08-03 11:42:36.800502016,1,7281,207,96
49.576843,19.540065,2026-08-03 11:42:36.800490752,1,12316,249,80
49.617952,19.471441,2026-08-03 11:42:36.800551936,1,12249,111,63
48.501739,-95.399618,2026-08-03 11:42:43.990820096,1,6239,157,46
48.453094,-95.399398,2026-08-03 11:42:43.990865920,1,10602,208,32
48.431322,-95.360412,2026-08-03 11:42:43.990883328,1,13880,141,21
53.456008,43.910344,2026-08-03 11:42:44.778989056,1,6696,265,57
48.581779,-96.107505,2026-08-03 11:42:45.787788288,1,7986,157,47
48.735458,23.730955,2026-08-03 11:42:54.288962048,1,6306,212,100
48.740839,23.669575,2026-08-03 11:42:54.288996864,1,13320,141,73
48.717874,23.721262,2026-08-03 11:42:54.288978176,1,6754,209,65
48.771573,23.627026,2026-08-03 11:42:54.309996800,1,9254,222,35
-36.379837,153.386222,2026-08-03 11:40:00.62803456,2,14487,123,18
32.040441,129.595195,2026-08-03 11:40:08.793055744,2,7104,171,37
32.012675,129.619418,2026-08-03 11:40:08.793055488,2,6030,167,26
-38.569238,155.513509,2026-08-03 11:40:09.693306368,2,11924,246,23
34.678149,133.852011,2026-08-03 11:40:13.194670848,2,4523,194,32
32.050851,129.596882,2026-08-03 11:40:27.426009856,2,5662,171,36
31.590709,130.120631,2026-08-03 11:40:27.634909184,2,10983,177,28
-37.040256,154.109644,2026-08-03 11:40:29.236198144,2,7153,229,22
-35.981619,153.978566,2026-08-03 11:40:30.317829120,2,11301,139,30
-36.286028,153.463244,2026-08-03 11:40:32.230003712,2,9101,220,30
-36.28999,153.415973,2026-08-03 11:40:32.747124736,2,8952,221,18
-36.4416,153.484029,2026-08-03 11:40:33.387474944,2,10694,221,26
-36.867226,153.960384,2026-08-03 11:40:34.798270208,2,11372,227,16
-33.80873,152.928904,2026-08-03 11:40:37.655910400,2,10432,178,22
-38.298686,154.556757,2026-08-03 11:40:37.665347840,2,6716,238,31
-38.477505,154.850079,2026-08-03 11:40:37.667807232,2,9019,260,29
-35.979063,152.928423,2026-08-03 11:40:39.677303040,2,13833,122,22
-34.66981,153.746043,2026-08-03 11:40:55.321927168,2,13518,214,35
-36.884032,153.968658,2026-08-03 11:41:01.235061248,2,11272,227,18
-36.041258,152.950384,2026-08-03 11:41:04.987963136,2,10841,116,17
44.726002,121.652529,2026-08-03 11:41:09.407949312,2,11663,154,29
-36.137704,153.271118,2026-08-03 11:41:10.113911552,2,12587,117,19
-35.982925,154.022491,2026-08-03 11:41:10.259803904,2,8834,220,37
-35.975553,153.982293,2026-08-03 11:41:10.295536384,2,5074,260,27
-37.4535,154.627404,2026-08-03 11:41:11.801522944,2,14899,106,29
-37.398153,154.494915,2026-08-03 11:41:11.931085568,2,11080,157,21
-37.509899,154.608665,2026-08-03 11:41:12.173931264,2,12737,137,22
-37.560694,154.654493,2026-08-03 11:41:12.262533888,2,6598,246,26
-36.468495,153.554198,2026-08-03 11:41:17.66793216,2,11115,222,35
-36.463007,153.563034,2026-08-03 11:41:17.86537728,2,10243,222,22
-36.400341,153.418198,2026-08-03 11:41:17.393568000,2,10119,145,22
32.633454,129.412204,2026-08-03 11:41:20.66431232,2,14601,190,33
-35.990682,152.915923,2026-08-03 11:41:25.548679680,2,10604,115,16
-35.974057,152.934351,2026-08-03 11:41:25.596841472,2,12267,119,22
19.560463,130.254979,2026-08-03 11:41:27.782300416,2,4505,213,32
-33.800097,153.029909,2026-08-03 11:41:28.464576256,2,12772,204,32
-33.866652,152.977306,2026-08-03 11:41:28.825289984,2,8419,188,24
-36.3,153.341921,2026-08-03 11:41:34.597479168,2,11370,129,21
-34.537228,153.691181,2026-08-03 11:41:41.187528704,2,13054,219,33
32.667372,129.380261,2026-08-03 11:41:44.812340224,2,14902,191,33
-38.108866,154.829595,2026-08-03 11:41:46.241955328,2,8246,148,23
-35.959028,153.977478,2026-08-03 11:41:46.414902016,2,5549,254,35
-35.996348,154.063123,2026-08-03 11:41:46.457082112,2,11555,225,20
-36.489065,153.576405,2026-08-03 11:41:53.999539968,2,10547,222,22
-36.408459,153.398671,2026-08-03 11:41:54.39668736,2,12523,127,22
-36.402897,153.390749,2026-08-03 11:41:54.76926720,2,11504,127,21
40.76135,116.581129,2026-08-03 11:41:55.802848256,2,13831,197,21
-34.162609,153.755516,2026-08-03 11:41:58.21652992,2,11855,213,33
-32.56987,153.077207,2026-08-03 11:42:08.64942336,2,13122,210,20
-36.049428,153.076733,2026-08-03 11:42:11.185951232,2,9720,216,29
-36.008057,153.033288,2026-08-03 11:42:11.207119616,2,8188,252,26
-36.042018,153.041437,2026-08-03 11:42:11.230907136,2,10127,216,19
-36.057694,153.107802,2026-08-03 11:42:11.251194880,2,11148,227,18
-36.029414,153.089726,2026-08-03 11:42:11.408194560,2,7291,217,23
-38.404752,155.329322,2026-08-03 11:42:12.77439488,2,11826,139,24
-37.507914,154.756556,2026-08-03 11:42:12.264263424,2,6752,236,29
-33.787449,152.913461,2026-08-03 11:42:15.982293248,2,13148,127,15
-35.994309,154.024091,2026-08-03 11:42:20.796086016,2,7080,225,30
55.227305,130.096602,2026-08-03 11:42:22.927753728,2,12322,246,16
55.084469,130.044407,2026-08-03 11:42:23.20634624,2,6652,246,17
55.089282,129.962211,2026-08-03 11:42:23.461793280,2,8246,245,18
55.063098,129.956284,2026-08-03 11:42:23.510158336,2,9761,232,16
-37.728049,155.195292,2026-08-03 11:42:26.557004032,2,9887,265,19
-36.366898,153.433197,2026-08-03 11:42:27.628320256,2,11235,220,35
-36.364519,153.442467,2026-08-03 11:42:27.770277888,2,12673,221,17
-37.105936,154.267738,2026-08-03 11:42:32.417773056,2,10893,154,20
-37.934602,154.919362,2026-08-03 11:42:45.490079488,2,12710,113,26
47.859424,126.763363,2026-08-03 11:42:45.867934976,2,9051,192,26
47.910875,126.779402,2026-08-03 11:42:45.876707840,2,8934,188,25
47.876852,126.845811,2026-08-03 11:42:45.876724736,2,10314,209,23
47.838821,126.824272,2026-08-03 11:42:45.911655424,2,6744,184,14
-35.953785,153.901723,2026-08-03 11:42:48.409775616,2,7000,149,26
-35.952828,153.911826,2026-08-03 11:42:48.447133696,2,7048,140,22
-35.711328,153.586822,2026-08-03 11:42:49.442788352,2,13719,215,34
-38.515588,155.507013,2026-08-03 11:42:53.618873344,2,10581,246,30
-33.786226,153.046986,2026-08-03 11:42:58.973335040,2,13651,211,32
-33.802607,152.986501,2026-08-03 11:42:58.997616128,2,6773,236,20
-36.111283,153.06473,2026-08-03 11:42:59.435866624,2,6782,251,25
21.080185,-107.09481,2026-08-03 11:40:01.735070976,3,14302,220,47
16.649109,-100.206552,2026-08-03 11:40:02.676447744,3,12569,264,15
16.844334,-102.96092,2026-08-03 11:40:10.199046912,3,10805,264,24
21.734503,-107.595875,2026-08-03 11:40:10.273654016,3,11847,251,40
60.956796,-98.195544,2026-08-03 11:40:17.744472320,3,8280,223,26
31.100051,-74.732759,2026-08-03 11:40:18.17391104,3,8775,255,24
48.395414,-96.891691,2026-08-03 11:40:18.551552000,3,7998,151,54
48.375246,-96.887369,2026-08-03 11:40:18.551565312,3,13624,139,94
48.330143,-96.881009,2026-08-03 11:40:18.551577600,3,11675,138,78
48.364651,-96.949951,2026-08-03 11:40:18.551595520,3,10165,110,54
48.318836,-96.885839,2026-08-03 11:40:18.551607552,3,9004,156,36
48.825645,-96.65372,2026-08-03 11:40:19.832903936,3,7256,118,77
48.789617,-96.664829,2026-08-03 11:40:19.832917248,3,13359,143,96
48.722018,-96.653947,2026-08-03 11:40:19.832942080,3,3272,181,82
48.751174,-96.66543,2026-08-03 11:40:19.832932864,3,6422,147,75
48.806554,-96.684803,2026-08-03 11:40:19.880112384,3,6368,160,15
48.792606,-96.685892,2026-08-03 11:40:19.880120576,3,7379,143,102
48.77629,-96.596171,2026-08-03 11:40:19.880143616,3,2301,207,86
48.602916,-96.780195,2026-08-03 11:40:27.553691904,3,9453,156,110
48.562522,-96.765138,2026-08-03 11:40:27.553711360,3,3009,187,91
48.566323,-96.783996,2026-08-03 11:40:27.553708032,3,9845,140,78
48.421664,-96.688988,2026-08-03 11:40:27.553768192,3,6395,218,60
48.533856,-96.768904,2026-08-03 11:40:27.553753600,3,13786,152,45
48.498605,-96.759444,2026-08-03 11:40:27.553758464,3,5586,196,27
21.552495,-107.249688,2026-08-03 11:40:28.64332032,3,6957,217,16
21.714145,-107.029681,2026-08-03 11:40:29.537891328,3,8440,250,51
21.685625,-107.081245,2026-08-03 11:40:29.570608384,3,8510,232,48
21.63026,-107.084559,2026-08-03 11:40:29.651962368,3,9340,251,23
39.415853,-75.598304,2026-08-03 11:40:30.970289664,3,14555,143,17
39.444344,-75.661406,2026-08-03 11:40:30.983471360,3,10356,138,23
39.413979,-75.589419,2026-08-03 11:40:30.998503424,3,6379,160,98
39.416977,-75.580738,2026-08-03 11:40:30.998507008,3,6706,166,80
39.43645,-75.591315,2026-08-03 11:40:30.998522624,3,9012,188,62
39.403164,-75.581983,2026-08-03 11:40:30.998510336,3,10605,118,42
39.45235,-75.586763,2026-08-03 11:40:31.61880320,3,8953,143,14
42.600473,-71.768962,2026-08-03 11:40:31.105823232,3,9833,160,26
42.582099,-71.759587,2026-08-03 11:40:31.105825792,3,9417,111,26
42.582141,-71.771835,2026-08-03 11:40:31.124201472,3,11721,81,18
42.595153,-71.739436,2026-08-03 11:40:31.168313088,3,9650,78,15
21.742647,-107.502141,2026-08-03 11:40:31.333248256,3,10366,251,18
21.638577,-107.485067,2026-08-03 11:40:31.428242944,3,10362,251,30
42.650454,-71.760499,2026-08-03 11:40:31.547471360,3,6856,70,74
42.649918,-71.764515,2026-08-03 11:40:31.547471616,3,11450,148,56
42.627501,-71.741234,2026-08-03 11:40:31.547479552,3,9281,184,34
48.60374,-96.114262,2026-08-03 11:40:40.150391552,3,7413,185,59
48.580392,-96.087687,2026-08-03 11:40:40.150446080,3,13207,186,46
48.562082,-96.096301,2026-08-03 11:40:40.150436608,3,12912,146,30
21.407774,-106.424335,2026-08-03 11:40:41.327284992,3,7274,251,83
21.315231,-106.427592,2026-08-03 11:40:41.409286144,3,11855,215,30
15.833823,-94.660359,2026-08-03 11:40:49.716428544,3,10629,267,16
21.010102,-106.964685,2026-08-03 11:40:49.855002880,3,6673,254,18
21.592644,-107.445466,2026-08-03 11:40:50.271937024,3,11127,219,32
48.313409,-97.800063,2026-08-03 11:40:50.310168576,3,13552,170,30
48.054,-97.989078,2026-08-03 11:40:50.310207232,3,9719,161,21
21.928513,-106.887586,2026-08-03 11:40:51.541708544,3,10172,253,43
21.934379,-106.911672,2026-08-03 11:40:51.712984064,3,10476,213,21
29.284553,-72.852865,2026-08-03 11:40:52.293279488,3,8951,236,50
29.209766,-72.843247,2026-08-03 11:40:52.353691648,3,5427,237,26
46.559177,-98.799308,2026-08-03 11:41:00.497447168,3,3418,210,95
46.576583,-98.830334,2026-08-03 11:41:00.497441792,3,10431,144,83
46.497507,-98.913812,2026-08-03 11:41:00.497452288,3,12304,163,67
46.555848,-98.885305,2026-08-03 11:41:00.497463808,3,14033,126,54
46.524778,-98.818906,2026-08-03 11:41:00.497491712,3,13430,151,34
22.333976,-107.035189,2026-08-03 11:41:00.802349312,3,13797,209,21
29.265457,-68.400255,2026-08-03 11:41:01.253545216,3,9598,253,24
25.689625,-74.061479,2026-08-03 11:41:01.489613824,3,13069,264,13
47.366878,-99.812621,2026-08-03 11:41:12.936467456,3,8192,126,92
47.332932,-99.826608,2026-08-03 11:41:12.936471808,3,13533,148,80
47.243679,-99.821426,2026-08-03 11:41:12.936502016,3,6510,131,67
47.291878,-99.802949,2026-08-03 11:41:12.936511232,3,14163,88,54
47.245966,-99.799873,2026-08-03 11:41:12.936526336,3,6494,192,39
47.256099,-99.795556,2026-08-03 11:41:12.936527616,3,8277,172,25
59.88193,-97.684531,2026-08-03 11:41:13.72950784,3,9342,229,65
59.897795,-97.665768,2026-08-03 11:41:13.72952064,3,4683,209,52
22.131505,-106.965399,2026-08-03 11:41:13.210492672,3,9560,249,20
22.003257,-106.941681,2026-08-03 11:41:13.349215488,3,6342,249,23
48.631627,-95.966737,2026-08-03 11:41:14.334278912,3,3854,158,21
48.583438,-95.888642,2026-08-03 11:41:14.334304512,3,8516,140,96
48.606507,-95.981183,2026-08-03 11:41:14.334287872,3,8965,151,85
48.615124,-96.038165,2026-08-03 11:41:14.334312192,3,6047,248,35
20.885425,-106.977764,2026-08-03 11:41:21.536251648,3,8759,254,54
47.642742,-97.910387,2026-08-03 11:41:21.645094656,3,10275,160,28
48.489711,-96.615498,2026-08-03 11:41:21.759176960,3,5856,253,101
48.686811,-96.680857,2026-08-03 11:41:21.759135232,3,10265,188,88
48.546248,-96.748405,2026-08-03 11:41:21.759144704,3,4423,140,69
46.435689,-98.92073,2026-08-03 11:41:28.778830080,3,6388,186,26
21.697312,-107.217936,2026-08-03 11:41:29.39984896,3,11943,251,15
21.583246,-107.247204,2026-08-03 11:41:29.682163968,3,13742,252,25
29.289023,-72.896601,2026-08-03 11:41:31.122705920,3,10197,236,46
29.387673,-72.955741,2026-08-03 11:41:31.122779648,3,10790,267,33
29.341418,-72.914624,2026-08-03 11:41:31.122765568,3,7734,267,15
47.809762,-97.604502,2026-08-03 11:41:31.395430144,3,11424,141,31
47.788764,-97.602303,2026-08-03 11:41:31.395435776,3,8776,170,21
19.901414,-107.129563,2026-08-03 11:41:33.461486080,3,10834,257,20
21.190281,-107.16857,2026-08-03 11:41:41.914439168,3,9882,252,19
32.658712,-79.378877,2026-08-03 11:41:41.936752128,3,10915,259,26
48.623441,-96.108179,2026-08-03 11:41:42.573488896,3,5921,158,29
48.604684,-96.10357,2026-08-03 11:41:42.573501440,3,7419,142,116
21.929188,-106.93257,2026-08-03 11:41:50.8184320,3,12679,249,22
21.994485,-106.88178,2026-08-03 11:41:50.189467904,3,5460,249,45
47.736295,-97.483303,2026-08-03 11:41:50.469031168,3,5342,136,53
47.724118,-97.445182,2026-08-03 11:41:50.469080320,3,6781,182,40
48.568488,-96.950083,2026-08-03 11:42:06.48591872,3,7946,148,39
48.461187,-96.72893,2026-08-03 11:42:06.48663808,3,6056,215,26
48.344324,-96.731946,2026-08-03 11:42:06.700234240,3,5337,150,27
48.31459,-96.697358,2026-08-03 11:42:06.700256768,3,8022,209,103
48.303073,-96.706449,2026-08-03 11:42:06.700258816,3,4288,193,90
48.29023,-96.711366,2026-08-03 11:42:06.700261376,3,5290,144,76
48.313483,-96.779263,2026-08-03 11:42:06.700282112,3,12599,133,61
48.279743,-96.717483,2026-08-03 11:42:06.700289792,3,6444,162,42
29.374129,-68.446056,2026-08-03 11:42:07.644448512,3,5721,265,49
29.374133,-68.436526,2026-08-03 11:42:07.665683712,3,6582,264,59
21.381139,-107.294757,2026-08-03 11:42:15.12450560,3,13244,218,30
29.169156,-73.060894,2026-08-03 11:42:15.210399744,3,5994,250,76
21.246269,-106.990378,2026-08-03 11:42:22.343027968,3,8896,252,44
46.242727,-99.074157,2026-08-03 11:42:29.769186560,3,7267,124,40
46.231961,-99.098818,2026-08-03 11:42:29.769224448,3,6292,131,27
25.331734,-73.751152,2026-08-03 11:42:31.397623296,3,10356,267,20
20.843002,-107.025372,2026-08-03 11:42:31.428788736,3,6589,222,25
20.941844,-107.0356,2026-08-03 11:42:31.859402496,3,5332,253,25
17.20648,-100.328716,2026-08-03 11:42:33.207867392,3,10104,262,22
48.031378,-97.868054,2026-08-03 11:42:33.398962944,3,10074,143,37
48.023576,-97.886047,2026-08-03 11:42:33.398975744,3,11385,144,24
42.605386,-71.763446,2026-08-03 11:42:36.46246656,3,6154,175,64
42.601831,-71.746882,2026-08-03 11:42:36.46254080,3,5571,111,58
21.577826,-107.570565,2026-08-03 11:42:43.743437568,3,14395,225,70
21.652756,-107.66642,2026-08-03 11:42:43.743459584,3,9384,251,58
48.491731,-95.388796,2026-08-03 11:42:43.990821376,3,2786,156,123
48.486644,-95.377304,2026-08-03 11:42:43.990826752,3,12239,141,114
48.481962,-95.390512,2026-08-03 11:42:43.990831872,3,8087,132,105
48.470177,-95.403987,2026-08-03 11:42:43.990831360,3,10072,133,91
21.526126,-107.17961,2026-08-03 11:42:51.376206592,3,5465,251,68
21.515624,-107.176678,2026-08-03 11:42:51.496119040,3,12146,251,34
21.545544,-107.165619,2026-08-03 11:42:51.559618560,3,10404,251,34
21.694817,-107.214246,2026-08-03 11:42:52.105976576,3,11216,251,14
46.560067,-100.556736,2026-08-03 11:42:54.739814144,3,8061,151,116
46.541734,-100.565604,2026-08-03 11:42:54.739825920,3,6131,152,95
46.556231,-100.472302,2026-08-03 11:42:54.739842048,3,6226,192,76
46.571199,-100.668361,2026-08-03 11:42:54.739834624,3,5215,252,58
15.971408,-94.495901,2026-08-03 11:42:54.908988672,3,7413,266,17
48.408713,-96.829836,2026-08-03 11:42:55.193440000,3,5845,161,58
48.369935,-96.816744,2026-08-03 11:42:55.193493504,3,10447,186,45
21.66786,-107.433973,2026-08-03 11:42:55.687643136,3,9951,251,21
21.514439,-107.453506,2026-08-03 11:42:55.759785472,3,10462,252,31
46.170597,1.164045,2026-08-03 11:40:02.210997504,4,6725,244,43
46.196855,1.20139,2026-08-03 11:40:02.236141824,4,11497,121,33
32.058064,129.59025,2026-08-03 11:40:08.793053184,4,6284,175,34
46.034424,125.433487,2026-08-03 11:40:10.234619392,4,11194,169,34
34.640476,133.831769,2026-08-03 11:40:13.194658048,4,8414,134,36
56.402849,49.523461,2026-08-03 11:40:17.99929088,4,11052,270,22
49.282962,20.7198,2026-08-03 11:40:23.796708608,4,12165,136,26
65.588015,35.310547,2026-08-03 11:40:49.222932992,4,12512,205,37
65.58323,35.313438,2026-08-03 11:40:49.222934016,4,14483,212,29
49.275995,20.039256,2026-08-03 11:40:56.354844160,4,9014,116,26
49.252649,20.692288,2026-08-03 11:40:59.343945728,4,9059,136,32
44.724846,121.675738,2026-08-03 11:41:09.407943424,4,11896,154,31
47.379221,-0.452783,2026-08-03 11:41:17.695429888,4,10809,182,32
32.052937,129.863654,2026-08-03 11:41:20.66461184,4,14951,173,29
46.400891,3.175439,2026-08-03 11:41:21.330729728,4,6516,253,34
43.974148,12.178949,2026-08-03 11:41:26.574515712,4,14329,158,19
19.553413,130.257816,2026-08-03 11:41:27.782300928,4,3857,214,29
49.229617,20.479815,2026-08-03 11:41:37.158917632,4,14038,115,25
49.271805,20.728344,2026-08-03 11:41:37.205749248,4,10572,137,24
47.374111,-0.414958,2026-08-03 11:41:40.920946688,4,10337,148,33
47.41345,-0.388453,2026-08-03 11:41:41.133946624,4,13620,147,29
48.475261,-96.137282,2026-08-03 11:41:42.573541632,4,14146,142,24
32.497914,129.35324,2026-08-03 11:41:44.812356352,4,9068,179,23
47.78777,-98.000734,2026-08-03 11:41:45.168328448,4,12949,168,24
66.908509,27.220141,2026-08-03 11:42:13.704413440,4,11289,268,34
45.65059,1.222726,2026-08-03 11:42:18.797301504,4,11632,234,37
55.234323,130.08119,2026-08-03 11:42:22.927749632,4,7237,246,16
49.254565,19.988229,2026-08-03 11:42:23.918647040,4,7904,115,25
49.251667,19.996095,2026-08-03 11:42:24.148184576,4,8439,115,33
49.246598,20.672959,2026-08-03 11:42:29.698604800,4,12894,133,31
49.618681,19.478938,2026-08-03 11:42:36.800499968,4,5938,94,26
46.204432,1.219477,2026-08-03 11:42:38.62174208,4,12532,121,33
40.260291,15.348543,2026-08-03 11:42:38.127992064,4,7135,219,33
47.859364,126.76342,2026-08-03 11:42:45.867934976,4,9050,192,26
47.879456,126.769732,2026-08-03 11:42:45.876714496,4,5765,187,42
47.842361,126.835345,2026-08-03 11:42:45.876736512,4,5950,209,26
47.838821,126.824272,2026-08-03 11:42:45.911655424,4,6744,184,15
47.357897,-0.205468,2026-08-03 11:42:54.318285568,4,12536,268,32
47.390512,-0.463473,2026-08-03 11:42:54.388435200,4,13575,249,32
47.134309,-0.280622,2026-08-03 11:42:56.125282560,4,13465,216,24
48.158721,19.87656,2026-08-03 11:42:56.469038336,4,10814,126,38
48.036276,19.801235,2026-08-03 11:42:56.469075968,4,13419,133,25
22.310207,-107.674949,2026-08-03 11:40:10.691185408,7,9193,261,23
29.596505,-72.84684,2026-08-03 11:40:11.439835904,7,1120,232,33
26.032977,-74.482831,2026-08-03 11:40:12.341378048,7,8381,259,14
24.05884,-87.516838,2026-08-03 11:40:12.459275776,7,2284,240,15
15.944454,-94.541106,2026-08-03 11:40:15.666726144,7,4949,265,17
19.613528,-76.539041,2026-08-03 11:41:04.13847552,7,7030,254,22
25.926388,-74.316014,2026-08-03 11:41:04.604105984,7,5076,263,19
21.062357,-106.776257,2026-08-03 11:41:09.37922816,7,14304,268,14
21.042693,-106.752135,2026-08-03 11:41:15.235364352,7,11473,263,25
21.100436,-107.090391,2026-08-03 11:41:16.96691200,7,11265,268,17
17.209147,-88.481752,2026-08-03 11:41:17.594568192,7,7341,266,25
29.163534,-73.059768,2026-08-03 11:41:24.725808384,7,10909,235,29
29.226179,-73.171159,2026-08-03 11:41:24.809483008,7,7729,240,13
29.180474,-73.174721,2026-08-03 11:41:25.135842304,7,7161,186,15
21.603591,-107.343462,2026-08-03 11:41:25.286695424,7,12784,229,20
21.215842,-106.996778,2026-08-03 11:41:34.191992832,7,13390,269,18
22.198263,-107.169909,2026-08-03 11:41:43.719938816,7,9046,259,15
26.403918,-74.715213,2026-08-03 11:41:45.943012096,7,11931,254,14
21.84194,-106.289989,2026-08-03 11:41:46.140610816,7,8410,263,24
26.399613,-74.541299,2026-08-03 11:41:46.234804480,7,2482,255,26
21.740288,-107.556912,2026-08-03 11:41:47.393945088,7,9932,228,16
21.613826,-107.313159,2026-08-03 11:41:48.559069184,7,9894,229,17
21.969056,-106.89747,2026-08-03 11:41:49.926558720,7,12937,229,13
20.793905,-107.088102,2026-08-03 11:41:56.177271040,7,14744,238,12
23.018694,-64.610663,2026-08-03 11:41:58.134851584,7,6857,146,18
29.355076,-68.510566,2026-08-03 11:42:07.644470016,7,7232,261,19
22.201781,-106.98111,2026-08-03 11:42:07.912780032,7,13799,223,22
21.971733,-107.152574,2026-08-03 11:42:10.461128960,7,8659,266,20
29.304786,-73.017088,2026-08-03 11:42:21.793789696,7,6040,240,13
25.250741,-73.893295,2026-08-03 11:42:31.697763072,7,14855,270,14
26.178604,-74.465967,2026-08-03 11:42:48.396018688,7,6904,258,13
26.358722,-74.626551,2026-08-03 11:42:48.675771136,7,8939,255,14
21.577899,-107.145512,2026-08-03 11:42:51.376221184,7,8977,263,21
4.979882,17.307121,2026-08-03 11:40:42.687482880,5,8923,232,14
5.081069,16.875252,2026-08-03 11:40:43.974069504,5,5692,241,14
32.03867,129.607531,2026-08-03 11:40:08.348139008,9,4638,169,14
32.03494,129.657067,2026-08-03 11:40:08.793072384,9,3323,190,26
46.034424,125.433487,2026-08-03 11:40:10.234619392,9,11194,169,33
34.640996,133.8333,2026-08-03 11:40:13.194658304,9,7524,134,36
54.875171,129.310715,2026-08-03 11:40:19.122077440,9,6530,249,11
45.999422,-99.448694,2026-08-03 11:40:25.342681088,9,12601,160,17
32.050831,129.643417,2026-08-03 11:40:27.426022656,9,3581,190,23
32.007582,129.723909,2026-08-03 11:40:27.634871552,9,2817,191,21
44.137736,112.043035,2026-08-03 11:40:32.521623552,9,4939,230,12
39.313656,116.352586,2026-08-03 11:40:49.522448640,9,3771,218,18
54.8756,121.842265,2026-08-03 11:40:57.334824960,9,6724,253,13
52.08001,110.817952,2026-08-03 11:41:04.385731840,9,13419,203,10
44.726936,121.755072,2026-08-03 11:41:09.407964928,9,5536,152,31
32.428756,129.551179,2026-08-03 11:41:17.971467776,9,11793,152,27
32.490021,129.377933,2026-08-03 11:41:20.66444800,9,4171,179,12
32.572108,129.579133,2026-08-03 11:41:20.123274496,9,5708,179,24
32.571973,129.578927,2026-08-03 11:41:20.123274240,9,5706,179,16
48.557368,-96.732935,2026-08-03 11:41:21.759188736,9,12965,163,12
31.925218,129.711274,2026-08-03 11:41:27.439077120,9,5862,258,23
39.368783,116.421394,2026-08-03 11:41:37.941547520,9,7774,222,13
37.92717,148.863689,2026-08-03 11:41:39.129940736,9,12613,267,19
48.474803,-96.134448,2026-08-03 11:41:42.573542656,9,12825,142,14
32.504524,129.364668,2026-08-03 11:41:44.812372224,9,14124,174,27
32.508372,129.349302,2026-08-03 11:41:44.812355584,9,5457,179,13
47.779764,-97.993969,2026-08-03 11:41:45.168329728,9,11301,168,15
19.027778,103.706872,2026-08-03 11:41:45.243440640,9,4657,236,27
34.32481,136.91425,2026-08-03 11:42:05.646987520,9,4936,208,24
55.158508,130.085655,2026-08-03 11:42:22.927771392,9,2040,253,16
55.170749,130.101886,2026-08-03 11:42:23.20610048,9,2152,260,17
55.047977,129.938617,2026-08-03 11:42:23.461804288,9,8414,238,16
55.063098,129.956284,2026-08-03 11:42:23.510158336,9,9761,232,17
47.818915,126.845258,2026-08-03 11:42:45.867962624,9,14396,187,24
47.92598,126.78873,2026-08-03 11:42:45.876705792,9,2146,221,32
47.842245,126.835476,2026-08-03 11:42:45.876737024,9,5949,209,25
47.82693,126.815641,2026-08-03 11:42:45.911657216,9,5297,192,15
47.853718,126.846376,2026-08-03 11:42:45.961459456,9,12452,184,9
40.228289,118.266621,2026-08-03 11:42:51.157023744,9,7420,201,17
42.423414,117.004933,2026-08-03 11:42:51.932702720,9,8285,203,13
19.291418,104.700053,2026-08-03 11:42:53.942502144,9,13998,258,23
21.064221,-107.097366,2026-08-03 11:40:01.735071488,13,12440,224,22
16.649085,-100.206553,2026-08-03 11:40:02.676447744,13,12569,264,19
56.831551,-91.449202,2026-08-03 11:40:07.173367808,13,8833,233,58
29.092101,-73.141078,2026-08-03 11:40:07.903546880,13,14257,182,92
29.006956,-73.091932,2026-08-03 11:40:07.969339648,13,9815,242,33
48.555084,-96.077144,2026-08-03 11:40:09.192936192,13,7270,141,109
48.513235,-96.01385,2026-08-03 11:40:09.192963840,13,4334,142,97
21.587019,-107.629478,2026-08-03 11:40:10.273610752,13,12316,218,32
22.222854,-107.603237,2026-08-03 11:40:10.691138560,13,8920,220,99
29.533243,-72.790162,2026-08-03 11:40:11.439808000,13,3548,250,109
48.524379,-96.827607,2026-08-03 11:40:11.853580800,13,8995,152,105
48.497372,-96.845827,2026-08-03 11:40:11.853589248,13,5678,133,83
26.032945,-74.482758,2026-08-03 11:40:12.341378048,13,8381,259,19
24.053085,-87.510129,2026-08-03 11:40:12.459277056,13,4506,240,22
40.919687,-73.849454,2026-08-03 11:40:13.463384576,13,12959,175,38
20.834061,-107.064206,2026-08-03 11:40:13.593361664,13,11054,222,19
47.389234,-99.767171,2026-08-03 11:40:13.810627072,13,2650,141,80
47.392162,-99.833959,2026-08-03 11:40:13.810619136,13,7506,160,90
47.377678,-99.835577,2026-08-03 11:40:13.810620928,13,4856,159,65
48.459867,-95.421885,2026-08-03 11:40:14.263281920,13,12201,132,45
47.568818,-97.776077,2026-08-03 11:40:14.929469440,13,13411,139,58
47.523904,-97.768788,2026-08-03 11:40:14.929525504,13,7841,140,45
15.88793,-94.52454,2026-08-03 11:40:15.666710784,13,12495,263,49
20.080077,-106.713522,2026-08-03 11:40:16.149958144,13,11168,228,23
31.117446,-74.73654,2026-08-03 11:40:18.17395200,13,6898,255,25
48.383302,-96.889171,2026-08-03 11:40:18.551555840,13,5867,151,107
48.375248,-96.887365,2026-08-03 11:40:18.551565312,13,13624,139,94
48.330159,-96.880836,2026-08-03 11:40:18.551577600,13,11675,138,78
48.80641,-96.66823,2026-08-03 11:40:19.832910848,13,8360,160,97
48.798488,-96.665517,2026-08-03 11:40:19.832922112,13,12297,143,92
48.831857,-96.665769,2026-08-03 11:40:19.880107776,13,4093,171,98
21.944526,-106.909865,2026-08-03 11:40:22.499043840,13,10826,212,32
46.699,-100.82494,2026-08-03 11:40:23.501239808,13,14360,127,62
46.662241,-100.790116,2026-08-03 11:40:23.501290752,13,3808,157,43
48.574633,-96.141406,2026-08-03 11:40:24.647598080,13,5786,157,92
48.559683,-96.145261,2026-08-03 11:40:24.647608320,13,9891,141,76
46.23706,-99.525601,2026-08-03 11:40:25.342598912,13,4090,145,118
46.240119,-99.554185,2026-08-03 11:40:25.342606592,13,10962,140,122
48.596097,-96.791003,2026-08-03 11:40:27.553692160,13,4431,156,110
21.55255,-107.249675,2026-08-03 11:40:28.64332032,13,6955,217,16
39.409786,-75.573775,2026-08-03 11:40:30.998507264,13,10508,141,83
39.411166,-75.569467,2026-08-03 11:40:30.998511104,13,7582,183,61
42.652874,-71.766276,2026-08-03 11:40:31.547470592,13,9877,90,61
42.640398,-71.743966,2026-08-03 11:40:31.547474432,13,6451,148,53
42.627504,-71.74119,2026-08-03 11:40:31.547479296,13,9282,184,37
22.295837,-107.023857,2026-08-03 11:40:33.33079040,13,14698,210,30
22.300685,-107.022449,2026-08-03 11:40:33.114449152,13,13187,210,17
21.15706,-106.7535,2026-08-03 11:40:34.618071296,13,11371,218,23
27.409439,-93.25103,2026-08-03 11:40:38.279689216,13,7596,222,17
48.493216,-95.993262,2026-08-03 11:40:40.150442752,13,12130,209,49
48.579406,-96.08299,2026-08-03 11:40:40.150445312,13,11487,140,38
35.505134,-74.671794,2026-08-03 11:40:41.867125248,13,6495,213,102
35.520403,-74.666744,2026-08-03 11:40:41.867140096,13,9147,232,83
35.524705,-74.675361,2026-08-03 11:40:41.867141376,13,8165,159,62
48.361216,-96.63816,2026-08-03 11:40:41.930859264,13,14833,166,67
47.2094,-97.67209,2026-08-03 11:40:44.818707456,13,12041,197,34
47.344304,-99.791765,2026-08-03 11:40:44.898180608,13,12158,139,94
48.511157,-96.748703,2026-08-03 11:40:46.734256128,13,9628,154,49
48.499199,-96.795253,2026-08-03 11:40:46.734281728,13,6075,132,42
20.875788,-106.990877,2026-08-03 11:40:49.751640832,13,7544,238,23
21.592644,-107.445466,2026-08-03 11:40:50.271937024,13,11127,219,31
48.313408,-97.800073,2026-08-03 11:40:50.310168576,13,13551,170,30
29.289265,-72.867721,2026-08-03 11:40:52.293283328,13,6240,236,50
21.897798,-106.948078,2026-08-03 11:40:54.204477440,13,12088,213,44
26.624472,-74.557682,2026-08-03 11:40:54.408940800,13,5807,257,96
48.324063,-96.806664,2026-08-03 11:40:54.602114304,13,9865,166,89
48.479351,-96.839086,2026-08-03 11:40:54.845304832,13,12295,160,61
48.44717,-96.814319,2026-08-03 11:40:54.845356800,13,10429,192,44
21.591118,-107.500839,2026-08-03 11:40:58.269787392,13,8637,218,22
48.132025,-97.414486,2026-08-03 11:40:58.455428608,13,10958,144,59
48.141138,-97.357579,2026-08-03 11:40:58.455468032,13,8769,202,60
46.698728,-101.545416,2026-08-03 11:40:59.998899456,13,9421,98,112
46.668827,-101.558212,2026-08-03 11:40:59.998908672,13,13124,152,98
46.747754,-101.607537,2026-08-03 11:41:00.28319744,13,14908,117,29
46.559181,-98.799335,2026-08-03 11:41:00.497447168,13,3418,210,94
46.576576,-98.830334,2026-08-03 11:41:00.497441792,13,10431,144,80
25.672081,-74.054991,2026-08-03 11:41:01.489606912,13,13852,264,13
21.492241,-107.25448,2026-08-03 11:41:05.257501952,13,8079,217,51
21.523196,-107.220007,2026-08-03 11:41:05.332208128,13,11916,217,39
48.37574,-96.950292,2026-08-03 11:41:06.241584896,13,13113,149,53
48.353671,-96.930718,2026-08-03 11:41:06.241633792,13,10583,138,46
47.366878,-99.812621,2026-08-03 11:41:12.936467456,13,8191,126,91
47.332909,-99.826538,2026-08-03 11:41:12.936471808,13,13533,148,78
47.243679,-99.821426,2026-08-03 11:41:12.936502016,13,6510,131,65
59.91613,-97.663237,2026-08-03 11:41:13.72941312,13,5806,230,64
48.624197,-95.972547,2026-08-03 11:41:14.334280448,13,7340,154,102
48.600487,-95.865303,2026-08-03 11:41:14.334307328,13,6979,159,91
20.985972,-106.810628,2026-08-03 11:41:15.268708864,13,3524,254,39
21.029993,-106.982748,2026-08-03 11:41:16.96657920,13,9845,227,64
21.066261,-107.115033,2026-08-03 11:41:20.259953920,13,6102,220,21
59.868788,-93.792714,2026-08-03 11:41:20.842296576,13,12877,222,31
48.568333,-96.779074,2026-08-03 11:41:21.759128832,13,8923,152,99
48.686814,-96.680858,2026-08-03 11:41:21.759135232,13,10265,188,85
21.717073,-107.647685,2026-08-03 11:41:21.949481984,13,13511,217,29
48.366204,-96.876539,2026-08-03 11:41:22.602249472,13,6921,149,58
32.899649,-75.152998,2026-08-03 11:41:23.859193088,13,4407,203,99
32.977921,-75.176121,2026-08-03 11:41:23.859225344,13,4331,265,82
32.950598,-75.165199,2026-08-03 11:41:23.859217664,13,5697,263,66
32.928834,-75.131864,2026-08-03 11:41:23.859206144,13,11182,252,50
32.929749,-75.130171,2026-08-03 11:41:23.925200896,13,3447,191,41
32.89348,-75.112253,2026-08-03 11:41:23.925191936,13,6281,260,48
32.904598,-75.122263,2026-08-03 11:41:23.925231872,13,4602,244,33
32.908543,-75.117767,2026-08-03 11:41:23.925232128,13,4985,244,19
46.689314,-100.679655,2026-08-03 11:41:24.461148672,13,7433,163,84
46.780681,-100.644948,2026-08-03 11:41:24.461150464,13,11797,158,70
29.169298,-73.053529,2026-08-03 11:41:24.725805824,13,4400,241,74
29.112995,-73.001131,2026-08-03 11:41:24.809443584,13,13505,242,23
46.286747,-99.087065,2026-08-03 11:41:25.573260032,13,12197,108,75
46.275042,-99.174083,2026-08-03 11:41:25.573281024,13,6226,120,58
48.363427,-96.734355,2026-08-03 11:41:26.237129216,13,12927,107,46
48.269538,-96.725908,2026-08-03 11:41:26.237161216,13,10038,137,67
21.971318,-106.976378,2026-08-03 11:41:26.884283648,13,11269,212,25
46.466886,-98.930813,2026-08-03 11:41:28.778789632,13,9888,115,48
46.439531,-98.918202,2026-08-03 11:41:28.778831104,13,6461,153,37
29.291024,-72.908107,2026-08-03 11:41:31.122708992,13,7242,235,51
59.97689,-97.180063,2026-08-03 11:41:36.131380736,13,14722,218,19
21.836331,-106.987135,2026-08-03 11:41:38.813976064,13,7377,269,83
21.800713,-107.018413,2026-08-03 11:41:38.970127360,13,8339,214,27
48.521286,-96.064664,2026-08-03 11:41:42.573526272,13,5123,151,70
48.592315,-96.12064,2026-08-03 11:41:42.573501184,13,4443,133,109
32.877931,-110.499442,2026-08-03 11:41:43.82892288,13,7829,200,26
22.226622,-107.057058,2026-08-03 11:41:43.719931136,13,11074,220,69
22.392267,-106.973676,2026-08-03 11:41:43.720034048,13,5991,267,55
47.324988,-99.666046,2026-08-03 11:41:44.658223360,13,9329,162,55
47.216883,-99.646881,2026-08-03 11:41:44.658256384,13,4799,195,61
47.9763,-98.065347,2026-08-03 11:41:45.168254720,13,13495,149,56
47.965788,-98.062782,2026-08-03 11:41:45.168265728,13,5113,136,99
26.352955,-74.484593,2026-08-03 11:41:46.234783744,13,6347,259,57
21.687498,-107.608057,2026-08-03 11:41:47.393934592,13,9808,217,42
21.784339,-107.616865,2026-08-03 11:41:47.770361088,13,9486,251,22
21.567326,-107.353946,2026-08-03 11:41:48.863109888,13,10327,217,39
21.986571,-106.877154,2026-08-03 11:41:50.189459456,13,11647,212,50
47.736296,-97.483308,2026-08-03 11:41:50.469031168,13,5342,136,51
48.473857,-96.733332,2026-08-03 11:41:53.798040064,13,7368,151,66
48.439387,-96.687836,2026-08-03 11:41:53.798063360,13,5331,144,61
48.446347,-96.85401,2026-08-03 11:41:55.171055104,13,4057,161,66
48.433734,-96.917709,2026-08-03 11:41:55.171077376,13,11669,131,49
48.482761,-95.442945,2026-08-03 11:41:56.231842816,13,7319,232,32
48.475827,-95.374537,2026-08-03 11:41:56.231852288,13,9409,139,33
48.41181,-96.762894,2026-08-03 11:41:57.251266048,13,9582,150,82
48.390206,-96.742669,2026-08-03 11:41:57.251283456,13,4339,146,62
48.589302,-96.103121,2026-08-03 11:41:58.721284608,13,9873,157,92
48.574916,-95.996232,2026-08-03 11:41:58.721317376,13,9739,196,80
38.023847,-73.228462,2026-08-03 11:41:59.639346688,13,4341,250,84
38.020366,-73.227842,2026-08-03 11:41:59.639343360,13,3093,208,100
38.029309,-73.213362,2026-08-03 11:41:59.639350784,13,7988,127,87
37.994027,-73.18518,2026-08-03 11:41:59.639340032,13,12625,182,65
37.508979,-72.999981,2026-08-03 11:42:00.32033792,13,13474,152,21
47.777138,-97.98407,2026-08-03 11:42:00.96588032,13,7224,146,137
47.746453,-97.991073,2026-08-03 11:42:00.96599040,13,7747,154,121
48.584993,-97.858867,2026-08-03 11:42:00.342835968,13,5977,166,71
19.829499,-107.094763,2026-08-03 11:42:01.306365440,13,4104,257,18
59.037523,-92.988901,2026-08-03 11:42:01.534493440,13,5052,216,60
48.79888,-96.580461,2026-08-03 11:42:02.219981568,13,10625,156,110
48.789509,-96.503236,2026-08-03 11:42:02.220001536,13,10253,168,93
21.653725,-107.647378,2026-08-03 11:42:04.610348032,13,14084,218,52
48.572261,-96.96908,2026-08-03 11:42:06.48596736,13,8449,147,33
48.335609,-96.733086,2026-08-03 11:42:06.700236800,13,4852,150,108
48.315251,-96.700472,2026-08-03 11:42:06.700249600,13,8044,209,102
48.296711,-96.700683,2026-08-03 11:42:06.700256000,13,7433,144,80
29.373679,-68.445867,2026-08-03 11:42:07.644448256,13,5720,265,79
22.182581,-107.00772,2026-08-03 11:42:07.912774400,13,7821,216,78
22.120749,-107.060642,2026-08-03 11:42:08.940032,13,9729,211,29
46.967281,-100.907019,2026-08-03 11:42:09.55949056,13,11359,135,60
46.881326,-100.914226,2026-08-03 11:42:09.55973632,13,10732,171,75
46.700048,-100.761626,2026-08-03 11:42:09.160945152,13,7242,153,93
21.034209,-106.798069,2026-08-03 11:42:11.355304704,13,14645,252,18
47.361694,-99.812021,2026-08-03 11:42:12.490260992,13,6344,164,68
47.358896,-99.878202,2026-08-03 11:42:12.490281472,13,6619,148,54
22.373056,-107.061328,2026-08-03 11:42:13.75389184,13,7837,248,27
22.357401,-107.075456,2026-08-03 11:42:13.133083904,13,11161,248,24
22.337213,-107.063426,2026-08-03 11:42:13.195607040,13,12042,248,22
22.413217,-107.030206,2026-08-03 11:42:13.288242432,13,13977,209,39
48.54621,-96.108967,2026-08-03 11:42:13.730118400,13,4680,139,76
48.616513,-96.113398,2026-08-03 11:42:13.788719360,13,7487,141,39
15.846283,-94.652671,2026-08-03 11:42:14.219968768,13,8432,267,17
21.364678,-107.285718,2026-08-03 11:42:15.12455424,13,12364,219,23
29.169142,-73.060871,2026-08-03 11:42:15.210399744,13,5994,250,83
29.18115,-73.159639,2026-08-03 11:42:15.258477312,13,10622,180,32
47.756431,-97.513289,2026-08-03 11:42:15.343514368,13,9636,183,52
47.548302,-97.78441,2026-08-03 11:42:18.463207168,13,7939,132,116
47.542749,-97.763217,2026-08-03 11:42:18.463220992,13,7009,155,99
21.75654,-107.366165,2026-08-03 11:42:19.429964032,13,12430,268,23
46.464591,-98.918521,2026-08-03 11:42:20.411409152,13,6940,147,94
46.446779,-98.908042,2026-08-03 11:42:20.411421440,13,6279,142,98
21.206916,-107.002897,2026-08-03 11:42:22.25542144,13,11034,252,49
46.188869,-99.38244,2026-08-03 11:42:22.704804096,13,5824,182,94
46.195736,-99.412357,2026-08-03 11:42:22.704810240,13,7689,139,81
48.553575,-96.720461,2026-08-03 11:42:24.56489984,13,10370,153,64
48.537781,-96.700003,2026-08-03 11:42:24.56539648,13,10210,140,48
46.599394,-101.113138,2026-08-03 11:42:24.593737728,13,12529,120,37
46.41188,-101.212894,2026-08-03 11:42:24.593751552,13,9284,131,25
46.731691,-100.789218,2026-08-03 11:42:24.675631872,13,6138,128,65
46.726024,-100.873909,2026-08-03 11:42:24.675648256,13,7249,120,50
46.737082,-100.77472,2026-08-03 11:42:24.923548160,13,12455,128,39
20.049359,-106.646835,2026-08-03 11:42:25.328816640,13,5878,256,46
48.089505,-97.220601,2026-08-03 11:42:28.383312384,13,9249,144,98
22.375825,-106.97815,2026-08-03 11:42:28.598232064,13,9749,248,27
17.184636,-100.42273,2026-08-03 11:42:28.634121472,13,8793,262,23
46.238867,-99.107276,2026-08-03 11:42:29.769219328,13,11477,130,20
20.810779,-107.048409,2026-08-03 11:42:31.428780800,13,10759,254,21
20.941105,-107.03575,2026-08-03 11:42:31.859402496,13,5331,253,25
17.212593,-100.338187,2026-08-03 11:42:33.207868928,13,7859,262,24
48.031375,-97.868057,2026-08-03 11:42:33.398962944,13,10074,143,37
42.605329,-71.761704,2026-08-03 11:42:36.46246400,13,5974,175,69
42.612062,-71.749965,2026-08-03 11:42:36.46255104,13,10052,111,61
47.319232,-99.78299,2026-08-03 11:42:36.974813952,13,2609,224,83
47.305394,-99.810325,2026-08-03 11:42:36.974814976,13,7418,176,73
19.762264,-107.078368,2026-08-03 11:42:37.391837952,13,3477,257,21
20.965953,-107.043038,2026-08-03 11:42:38.522475776,13,11076,253,21
47.586063,-97.666062,2026-08-03 11:42:40.78327808,13,6479,163,35
48.451585,-96.767145,2026-08-03 11:42:42.804700928,13,6416,150,69
48.360011,-96.627085,2026-08-03 11:42:42.804748544,13,14496,188,55
21.678944,-107.673257,2026-08-03 11:42:43.743473920,13,12345,251,51
48.503288,-95.391104,2026-08-03 11:42:43.990817280,13,7132,157,120
48.488889,-95.377669,2026-08-03 11:42:43.990830592,13,12255,141,109
48.498943,-95.367721,2026-08-03 11:42:43.990827776,13,7747,167,79
48.447087,-95.080873,2026-08-03 11:42:44.273259520,13,9675,152,53
48.466857,-96.053621,2026-08-03 11:42:45.787828224,13,7507,209,117
48.555031,-96.068797,2026-08-03 11:42:45.787804928,13,5746,201,106
46.38192,-99.036298,2026-08-03 11:42:46.259141376,13,14829,126,31
40.863994,-73.815808,2026-08-03 11:42:47.31184384,13,10446,119,34
40.891155,-73.823292,2026-08-03 11:42:47.165740800,13,4365,159,81
40.897869,-73.827205,2026-08-03 11:42:47.165739776,13,7608,159,58
40.899274,-73.980567,2026-08-03 11:42:47.165790208,13,8547,206,21
26.192957,-74.465551,2026-08-03 11:42:48.396019456,13,6609,257,26
26.188826,-74.464493,2026-08-03 11:42:48.675709696,13,6242,258,38
46.570164,-100.551228,2026-08-03 11:42:54.739810304,13,9429,130,97
48.365261,-96.868496,2026-08-03 11:42:55.193445376,13,12483,149,55
48.36994,-96.816745,2026-08-03 11:42:55.193493504,13,10446,186,42
21.66787,-107.433976,2026-08-03 11:42:55.687643136,13,9951,251,21
21.523458,-107.446596,2026-08-03 11:42:55.759788544,13,8707,252,33
48.660486,-95.978043,2026-08-03 11:42:56.509086208,13,7714,159,74
48.637081,-95.965245,2026-08-03 11:42:56.509101568,13,5373,133,103
48.291624,-96.68036,2026-08-03 11:42:57.699535104,13,8876,146,42
48.36006,-96.721625,2026-08-03 11:42:57.745421824,13,8453,107,41
57.334856,-91.399998,2026-08-03 11:42:57.928910080,13,4750,201,27
21.199202,-107.004207,2026-08-03 11:42:58.303419904,13,6643,252,33
48.601466,-96.752563,2026-08-03 11:42:59.59229952,13,13313,153,67
48.564568,-96.737842,2026-08-03 11:42:59.59277056,13,11669,140,49
47.385407,-99.772557,2026-08-03 11:43:00.926169600,13,7145,138,50
47.348421,-99.76561,2026-08-03 11:43:00.926216448,13,4791,180,43
21.796341,-107.117972,2026-08-03 11:43:02.722298880,13,11666,250,26
48.631941,-96.041133,2026-08-03 11:43:07.542270720,13,6917,169,53
48.594074,-96.026264,2026-08-03 11:43:07.542321664,13,9906,186,42
49.060302,-96.854235,2026-08-03 11:43:09.986883072,13,8251,165,111
49.012503,-96.823923,2026-08-03 11:43:09.986895872,13,8043,170,113
32.054988,129.597035,2026-08-03 11:40:08.793052672,14,7678,182,39
32.01284,129.619642,2026-08-03 11:40:08.793054720,14,6029,167,28
34.67306,133.811159,2026-08-03 11:40:13.194658048,14,13743,158,31
32.050851,129.596882,2026-08-03 11:40:27.426009856,14,5661,171,39
27.033514,122.359105,2026-08-03 11:40:27.979957504,14,12635,269,22
32.465263,129.424288,2026-08-03 11:41:20.66457856,14,10741,171,22
19.563765,130.252844,2026-08-03 11:41:27.782300416,14,4585,213,35
40.761367,116.581168,2026-08-03 11:41:55.802848256,14,13829,197,22
47.882857,126.776292,2026-08-03 11:42:45.876718848,14,7932,209,34
46.200139,1.226936,2026-08-03 11:40:02.211000064,11,7315,143,239
46.205214,1.228193,2026-08-03 11:40:02.211004672,11,5202,106,408
46.200162,1.220807,2026-08-03 11:40:02.211003904,11,4396,161,390
29.539499,-72.794195,2026-08-03 11:40:11.439808512,11,9020,240,86
48.526113,-96.851545,2026-08-03 11:40:11.853580800,11,6831,154,40
24.047533,-87.505024,2026-08-03 11:40:12.459277824,11,7241,240,16
40.818605,-73.795254,2026-08-03 11:40:13.463367168,11,12513,161,24
47.298094,-99.719389,2026-08-03 11:40:13.810661632,11,6465,193,34
44.14855,11.593274,2026-08-03 11:40:16.227485440,11,12376,101,41
44.124543,11.534056,2026-08-03 11:40:16.227501312,11,8823,99,29
49.258581,19.973026,2026-08-03 11:40:17.636600576,11,9317,66,133
49.257444,19.993645,2026-08-03 11:40:17.636605184,11,7568,154,116
45.675877,-1.15511,2026-08-03 11:40:19.407948288,11,9555,207,88
45.684021,-1.130604,2026-08-03 11:40:19.407958784,11,5788,257,157
45.671632,-1.164263,2026-08-03 11:40:19.407951360,11,4998,261,148
45.667681,-1.125659,2026-08-03 11:40:19.446457856,11,8573,111,115
49.274757,20.709116,2026-08-03 11:40:23.796715520,11,13695,74,109
49.280944,20.705893,2026-08-03 11:40:23.796716544,11,12412,131,123
47.377381,-0.322422,2026-08-03 11:40:25.729260544,11,7874,143,102
47.406255,-0.300164,2026-08-03 11:40:25.729266432,11,6166,158,250
47.39018,-0.345572,2026-08-03 11:40:25.729269248,11,11469,202,242
47.38179,-0.339836,2026-08-03 11:40:25.729261568,11,5134,191,236
48.606183,-96.804215,2026-08-03 11:40:27.553693440,11,5969,156,34
48.554515,-96.080632,2026-08-03 11:40:40.150449664,11,14585,144,22
48.021686,8.647474,2026-08-03 11:40:42.16144384,11,5965,75,44
48.049726,8.657807,2026-08-03 11:40:42.16152832,11,10745,144,43
46.39539,3.073384,2026-08-03 11:40:44.83337984,11,7156,68,42
46.380261,3.091906,2026-08-03 11:40:44.83332864,11,13539,80,94
46.41505,3.06862,2026-08-03 11:40:44.83353088,11,13413,146,72
46.436182,3.06829,2026-08-03 11:40:44.83356672,11,6231,226,50
46.376124,3.052018,2026-08-03 11:40:44.83377408,11,11964,156,36
65.600504,35.196634,2026-08-03 11:40:49.222892288,11,7170,237,326
47.446417,-0.355472,2026-08-03 11:40:54.256562176,11,8247,141,131
47.446015,-0.346231,2026-08-03 11:40:54.256575488,11,8797,147,208
47.455055,-0.367209,2026-08-03 11:40:54.256570368,11,13560,140,135
48.130254,-97.346505,2026-08-03 11:40:58.455473664,11,9099,157,31
49.257772,20.67267,2026-08-03 11:40:59.343944960,11,8043,73,234
49.255455,20.682771,2026-08-03 11:40:59.343950080,11,6538,130,214
49.254268,20.691469,2026-08-03 11:40:59.343947008,11,8069,147,192
40.293645,18.261087,2026-08-03 11:41:01.439986176,11,5994,160,56
40.290854,18.272501,2026-08-03 11:41:01.439987200,11,4095,238,65
40.283359,18.293592,2026-08-03 11:41:01.439981312,11,14475,259,53
40.230697,18.204612,2026-08-03 11:41:01.439994624,11,8838,196,40
40.300808,18.288004,2026-08-03 11:41:01.440030720,11,13993,218,27
47.293328,-0.429028,2026-08-03 11:41:05.129512448,11,8969,137,116
47.311922,-0.50097,2026-08-03 11:41:05.129513728,11,8328,157,175
47.316397,-0.479164,2026-08-03 11:41:05.129519872,11,8007,124,161
47.293928,-0.475764,2026-08-03 11:41:05.129518080,11,4174,143,145
47.311565,-0.436582,2026-08-03 11:41:05.129526784,11,8613,189,134
47.302858,-0.456881,2026-08-03 11:41:05.129520128,11,9621,123,115
47.315957,-0.444311,2026-08-03 11:41:05.129532160,11,9363,120,96
47.340964,-0.419356,2026-08-03 11:41:05.129535232,11,10345,203,76
48.343902,-96.933011,2026-08-03 11:41:06.241636864,11,12466,157,30
53.466705,43.908427,2026-08-03 11:41:08.43920128,11,7465,260,35
53.808676,45.040531,2026-08-03 11:41:11.838335232,11,7755,262,57
47.326656,-99.74033,2026-08-03 11:41:12.936502272,11,10967,143,29
48.109448,19.79983,2026-08-03 11:41:13.77618176,11,7403,85,43
47.378282,-0.351736,2026-08-03 11:41:17.695424512,11,9802,103,316
46.437115,3.25182,2026-08-03 11:41:21.330747648,11,4594,220,156
46.495977,3.233556,2026-08-03 11:41:21.330761216,11,7168,225,331
46.428947,3.233846,2026-08-03 11:41:21.330741504,11,8941,131,315
46.435545,3.23952,2026-08-03 11:41:21.330744320,11,6187,126,293
46.432104,3.234174,2026-08-03 11:41:21.330745856,11,7229,204,250
44.929572,6.911592,2026-08-03 11:41:22.557348608,11,5903,98,149
32.897521,-75.151419,2026-08-03 11:41:23.859192320,11,8456,194,45
29.182601,-73.051675,2026-08-03 11:41:24.725810176,11,9352,254,83
40.213856,15.337791,2026-08-03 11:41:31.597190144,11,9090,128,191
40.209613,15.33451,2026-08-03 11:41:31.597188864,11,8498,190,254
64.728796,27.600793,2026-08-03 11:41:34.629557760,11,8399,182,93
47.080314,0.097515,2026-08-03 11:41:35.191992576,11,7992,84,150
46.18518,1.200609,2026-08-03 11:41:36.157617664,11,14790,135,96
46.330015,1.402352,2026-08-03 11:41:36.157666816,11,9871,228,187
49.263572,20.666801,2026-08-03 11:41:37.158870016,11,8593,90,152
47.3747,-0.351621,2026-08-03 11:41:40.920933888,11,7767,103,253
47.380594,-0.363215,2026-08-03 11:41:40.920934656,11,8335,148,340
47.378799,-0.347117,2026-08-03 11:41:40.965502464,11,9558,123,194
47.410174,-0.336734,2026-08-03 11:41:41.133928192,11,10450,102,279
47.376734,-0.356871,2026-08-03 11:41:41.387272192,11,9150,124,142
44.150261,11.542136,2026-08-03 11:41:43.303866880,11,10319,91,50
48.111232,19.86093,2026-08-03 11:41:44.789913344,11,9390,87,49
48.113361,19.833202,2026-08-03 11:41:44.789965568,11,12728,164,53
48.121238,19.835066,2026-08-03 11:41:44.789961472,11,12937,146,39
47.971029,-98.050313,2026-08-03 11:41:45.168266240,11,6447,158,46
44.179727,11.435873,2026-08-03 11:41:49.817137408,11,12777,96,29
44.183088,11.415914,2026-08-03 11:41:49.817185536,11,8525,108,37
44.19746,11.43255,2026-08-03 11:41:49.817192448,11,9789,140,24
45.373798,-0.626174,2026-08-03 11:41:51.709637632,11,10743,107,92
45.390368,-0.657282,2026-08-03 11:41:51.709634560,11,12331,157,101
45.247885,-1.078537,2026-08-03 11:41:51.709585664,11,14094,264,81
47.489499,-0.070597,2026-08-03 11:41:53.351193856,11,9876,231,48
47.47974,-0.034677,2026-08-03 11:41:53.356723968,11,6100,91,22
48.43092,-96.64969,2026-08-03 11:41:53.798067968,11,8864,159,24
47.465354,-0.366017,2026-08-03 11:42:03.364389888,11,7481,103,177
47.460516,-0.35167,2026-08-03 11:42:03.364391936,11,4674,140,292
47.493196,-0.356589,2026-08-03 11:42:03.364399616,11,8108,155,277
47.456168,-0.395479,2026-08-03 11:42:03.364400896,11,7634,146,263
47.465344,-0.383762,2026-08-03 11:42:03.364389376,11,5699,200,249
47.425211,-0.372758,2026-08-03 11:42:03.433149440,11,11373,103,125
47.391346,-0.271452,2026-08-03 11:42:04.608634624,11,5243,123,67
40.650193,17.444233,2026-08-03 11:42:09.795006464,11,8485,164,230
40.651641,17.442292,2026-08-03 11:42:09.795007488,11,6857,157,209
48.452065,21.284375,2026-08-03 11:42:11.55251968,11,14224,90,36
48.453727,21.300244,2026-08-03 11:42:11.55255040,11,13621,105,41
48.471658,21.274606,2026-08-03 11:42:11.56484096,11,14709,103,37
48.445273,21.306369,2026-08-03 11:42:11.59037952,11,7359,112,59
48.441388,21.283943,2026-08-03 11:42:11.59042560,11,10472,89,39
66.780632,26.957964,2026-08-03 11:42:13.704422144,11,7426,259,277
29.174954,-73.05653,2026-08-03 11:42:15.210402304,11,8281,246,49
43.915111,11.783596,2026-08-03 11:42:23.429541632,11,7946,75,52
43.923293,11.785945,2026-08-03 11:42:23.429539072,11,10683,122,112
43.916944,11.795745,2026-08-03 11:42:23.429539584,11,8791,209,105
43.924495,11.795426,2026-08-03 11:42:23.429541632,11,4793,209,89
49.249887,19.97476,2026-08-03 11:42:24.148192256,11,3159,155,124
46.451635,3.027141,2026-08-03 11:42:26.969597184,11,9154,96,63
46.451406,3.041103,2026-08-03 11:42:26.969600768,11,10521,211,69
46.464895,3.046679,2026-08-03 11:42:26.969612032,11,8227,206,55
48.021379,-97.206595,2026-08-03 11:42:28.383368192,11,7532,160,29
4.955992,17.058632,2026-08-03 11:42:28.712035328,11,11781,245,25
49.239057,20.658131,2026-08-03 11:42:29.698605568,11,7758,73,264
49.236099,20.663812,2026-08-03 11:42:29.698608640,11,8598,129,242
45.43649,2.48904,2026-08-03 11:42:34.297682944,11,6890,68,56
45.455714,2.508005,2026-08-03 11:42:34.297693440,11,4202,222,36
49.61728,19.456123,2026-08-03 11:42:36.800502528,11,9744,91,91
40.230053,15.343816,2026-08-03 11:42:38.127977728,11,7399,221,177
40.260951,15.348566,2026-08-03 11:42:38.127988736,11,7517,233,358
45.657937,-1.10209,2026-08-03 11:42:39.444565248,11,5427,189,122
45.658952,-1.118103,2026-08-03 11:42:39.444567040,11,6945,100,241
63.631695,41.866711,2026-08-03 11:42:43.171843840,11,7480,261,129
53.456185,43.909877,2026-08-03 11:42:44.778989056,11,6696,265,57
48.530596,-96.054237,2026-08-03 11:42:45.787807744,11,8096,159,36
39.391365,16.794727,2026-08-03 11:42:48.956552448,11,12143,105,96
39.449801,16.799638,2026-08-03 11:42:48.956565248,11,9596,253,141
44.109999,11.525216,2026-08-03 11:42:51.890786048,11,11127,128,26
47.38344,-0.355678,2026-08-03 11:42:54.318228736,11,5301,103,248
47.391608,-0.35122,2026-08-03 11:42:54.388433920,11,5895,140,217
46.564049,-100.481302,2026-08-03 11:42:54.739835904,11,9863,159,39
47.085944,0.017127,2026-08-03 11:42:56.125288960,11,10284,87,182
47.090796,0.021566,2026-08-03 11:42:56.125296128,11,7639,143,221
46.240349,1.228012,2026-08-03 11:43:01.127796736,11,6943,71,104
66.118839,22.958266,2026-08-03 11:43:02.891943424,11,13961,202,23
49.263026,20.247256,2026-08-03 11:43:03.774021120,11,8677,90,73
49.233667,20.264937,2026-08-03 11:43:03.774029056,11,11823,92,74
49.241373,20.371897,2026-08-03 11:43:03.774021632,11,11481,172,63
46.197334,1.224104,2026-08-03 11:40:02.210999040,12,7891,143,238
46.208725,1.224053,2026-08-03 11:40:02.211006720,12,7105,132,408
46.22494,1.232181,2026-08-03 11:40:02.211014656,12,5410,243,388
29.539499,-72.794195,2026-08-03 11:40:11.439808512,12,9020,240,87
48.526113,-96.851545,2026-08-03 11:40:11.853580800,12,6831,154,40
44.14855,11.593274,2026-08-03 11:40:16.227485440,12,12376,101,41
44.124543,11.534056,2026-08-03 11:40:16.227501312,12,8823,99,29
49.258581,19.973026,2026-08-03 11:40:17.636600576,12,9317,66,135
49.257444,19.993645,2026-08-03 11:40:17.636605184,12,7568,154,118
45.675877,-1.15511,2026-08-03 11:40:19.407948288,12,9555,207,88
45.684021,-1.130604,2026-08-03 11:40:19.407958784,12,5788,257,159
45.671632,-1.164263,2026-08-03 11:40:19.407951360,12,4998,261,150
49.274757,20.709116,2026-08-03 11:40:23.796715520,12,13695,74,109
49.280944,20.705893,2026-08-03 11:40:23.796716544,12,12412,131,124
48.606183,-96.804215,2026-08-03 11:40:27.553693440,12,5969,156,34
48.554515,-96.080632,2026-08-03 11:40:40.150449664,12,14585,144,22
48.021686,8.647474,2026-08-03 11:40:42.16144384,12,5965,75,44
48.049726,8.657807,2026-08-03 11:40:42.16152832,12,10745,144,42
46.39539,3.073384,2026-08-03 11:40:44.83337984,12,7156,68,42
46.380261,3.091906,2026-08-03 11:40:44.83332864,12,13539,80,94
46.41505,3.06862,2026-08-03 11:40:44.83353088,12,13413,146,72
46.436182,3.06829,2026-08-03 11:40:44.83356672,12,6231,226,50
46.376124,3.052018,2026-08-03 11:40:44.83377408,12,11964,156,36
65.600504,35.196634,2026-08-03 11:40:49.222892288,12,7170,237,326
47.456601,-0.387499,2026-08-03 11:40:54.256557056,12,7930,138,148
47.446015,-0.346231,2026-08-03 11:40:54.256575488,12,8797,147,208
47.465846,-0.403032,2026-08-03 11:40:54.256566528,12,12283,149,126
49.257772,20.67267,2026-08-03 11:40:59.343944960,12,8043,73,234
49.255455,20.682771,2026-08-03 11:40:59.343950080,12,6538,130,214
49.254268,20.691469,2026-08-03 11:40:59.343947008,12,8069,147,192
40.293645,18.261087,2026-08-03 11:41:01.439986176,12,5994,160,56
40.290854,18.272501,2026-08-03 11:41:01.439987200,12,4095,238,65
40.283359,18.293592,2026-08-03 11:41:01.439981312,12,14475,259,53
40.230697,18.204612,2026-08-03 11:41:01.439994624,12,8838,196,40
40.300808,18.288004,2026-08-03 11:41:01.440030720,12,13993,218,27
47.293328,-0.429028,2026-08-03 11:41:05.129512448,12,8969,137,119
47.311922,-0.50097,2026-08-03 11:41:05.129513728,12,8328,157,175
47.316397,-0.479164,2026-08-03 11:41:05.129519872,12,8007,124,161
47.293928,-0.475764,2026-08-03 11:41:05.129518080,12,4174,143,145
47.311565,-0.436582,2026-08-03 11:41:05.129526784,12,8613,189,134
47.302858,-0.456881,2026-08-03 11:41:05.129520128,12,9621,123,115
47.315959,-0.444315,2026-08-03 11:41:05.129532160,12,9368,120,96
47.340964,-0.419356,2026-08-03 11:41:05.129535232,12,10345,203,76
48.343902,-96.933011,2026-08-03 11:41:06.241636864,12,12466,157,30
53.466705,43.908427,2026-08-03 11:41:08.43920128,12,7465,260,35
53.808676,45.040531,2026-08-03 11:41:11.838335232,12,7755,262,57
47.326656,-99.74033,2026-08-03 11:41:12.936502272,12,10967,143,29
48.109448,19.79983,2026-08-03 11:41:13.77618176,12,7403,85,43
47.378282,-0.351736,2026-08-03 11:41:17.695424512,12,9802,103,316
46.434019,3.237286,2026-08-03 11:41:21.330744320,12,2530,209,158
46.443455,3.242866,2026-08-03 11:41:21.330746880,12,11905,190,344
46.434185,3.235728,2026-08-03 11:41:21.330738688,12,9297,218,326
46.432177,3.228301,2026-08-03 11:41:21.330748160,12,11376,91,304
46.432956,3.240005,2026-08-03 11:41:21.330742016,12,6356,127,285
32.897521,-75.151419,2026-08-03 11:41:23.859192320,12,8456,194,44
29.182601,-73.051675,2026-08-03 11:41:24.725810176,12,9352,254,83
46.241973,-99.074225,2026-08-03 11:41:25.573305088,12,13063,131,31
40.213856,15.337791,2026-08-03 11:41:31.597190144,12,9090,128,192
40.209613,15.33451,2026-08-03 11:41:31.597188864,12,8498,190,240
64.721257,27.605504,2026-08-03 11:41:34.629560320,12,5135,182,113
47.082814,0.099863,2026-08-03 11:41:35.191991296,12,9007,88,103
46.18518,1.200609,2026-08-03 11:41:36.157617664,12,14790,135,94
46.330015,1.402352,2026-08-03 11:41:36.157666816,12,9871,228,187
46.240555,1.253663,2026-08-03 11:41:36.157616896,12,9193,218,86
49.263572,20.666801,2026-08-03 11:41:37.158870016,12,8593,90,193
47.3747,-0.351621,2026-08-03 11:41:40.920933888,12,7767,103,248
47.380594,-0.363215,2026-08-03 11:41:40.920934656,12,8335,148,340
47.378799,-0.347117,2026-08-03 11:41:40.965502464,12,9558,123,210
47.410174,-0.336734,2026-08-03 11:41:41.133928192,12,10450,102,295
44.150261,11.542136,2026-08-03 11:41:43.303866880,12,10319,91,50
48.111232,19.86093,2026-08-03 11:41:44.789913344,12,9390,87,49
48.113361,19.833202,2026-08-03 11:41:44.789965568,12,12728,164,53
48.121238,19.835066,2026-08-03 11:41:44.789961472,12,12937,146,39
47.971029,-98.050313,2026-08-03 11:41:45.168266240,12,6447,158,46
46.853638,9.997269,2026-08-03 11:41:45.401564672,12,6662,82,20
40.667016,17.486859,2026-08-03 11:41:46.937020672,12,11175,139,24
44.179727,11.435873,2026-08-03 11:41:49.817137408,12,12777,96,30
44.183088,11.415914,2026-08-03 11:41:49.817185536,12,8525,108,37
44.19746,11.43255,2026-08-03 11:41:49.817192448,12,9789,140,24
45.373798,-0.626174,2026-08-03 11:41:51.709637632,12,10743,107,92
45.390368,-0.657282,2026-08-03 11:41:51.709634560,12,12331,157,101
45.247885,-1.078537,2026-08-03 11:41:51.709585664,12,14094,264,81
47.489499,-0.070597,2026-08-03 11:41:53.351193856,12,9876,231,47
48.43092,-96.64969,2026-08-03 11:41:53.798067968,12,8864,159,22
48.537519,-96.050959,2026-08-03 11:41:58.721306624,12,9226,162,37
47.454246,-0.35572,2026-08-03 11:42:03.364385280,12,6707,106,129
47.463219,-0.352687,2026-08-03 11:42:03.364393472,12,4701,140,291
47.475114,-0.428676,2026-08-03 11:42:03.364400640,12,6329,144,276
47.456168,-0.395479,2026-08-03 11:42:03.364400896,12,7634,146,263
47.465344,-0.383762,2026-08-03 11:42:03.364389376,12,5699,200,249
47.438825,-0.402699,2026-08-03 11:42:03.433152512,12,13527,117,62
47.391344,-0.271499,2026-08-03 11:42:04.608634624,12,5236,123,68
40.650193,17.444233,2026-08-03 11:42:09.795006464,12,8485,164,231
40.651641,17.442292,2026-08-03 11:42:09.795007488,12,6857,157,210
40.671935,17.450304,2026-08-03 11:42:09.942617344,12,5775,215,68
48.452053,21.284508,2026-08-03 11:42:11.55251968,12,14224,90,36
48.453727,21.300244,2026-08-03 11:42:11.55255040,12,13621,105,41
48.471662,21.2746,2026-08-03 11:42:11.56484096,12,14708,103,37
48.445273,21.306369,2026-08-03 11:42:11.59037952,12,7359,112,58
48.470802,21.283976,2026-08-03 11:42:11.155188480,12,5433,103,28
66.780358,26.95764,2026-08-03 11:42:13.704422400,12,7426,259,278
29.174954,-73.05653,2026-08-03 11:42:15.210402304,12,8281,246,49
45.676476,1.278004,2026-08-03 11:42:18.867487232,12,9236,88,154
43.915111,11.783596,2026-08-03 11:42:23.429541632,12,7946,75,51
43.923291,11.785951,2026-08-03 11:42:23.429539072,12,10687,122,112
43.916944,11.795745,2026-08-03 11:42:23.429539584,12,8791,209,105
43.924495,11.795426,2026-08-03 11:42:23.429541632,12,4793,209,89
49.253089,19.991276,2026-08-03 11:42:24.148190208,12,5906,123,139
46.451635,3.027141,2026-08-03 11:42:26.969597184,12,9154,96,63
46.451379,3.041062,2026-08-03 11:42:26.969600768,12,10519,211,69
46.464895,3.046679,2026-08-03 11:42:26.969612032,12,8227,206,55
49.235211,20.667438,2026-08-03 11:42:29.698607360,12,9761,74,198
49.236772,20.674094,2026-08-03 11:42:29.698604544,12,7053,130,241
49.233261,20.688035,2026-08-03 11:42:29.698606336,12,12755,145,219
49.242446,20.668444,2026-08-03 11:42:29.698613248,12,6106,162,195
49.253161,20.748839,2026-08-03 11:42:29.698600960,12,6547,206,178
49.238596,20.703993,2026-08-03 11:42:29.698605312,12,11726,193,104
5.288461,18.254132,2026-08-03 11:42:33.176263168,12,10750,247,30
45.43649,2.48904,2026-08-03 11:42:34.297682944,12,6890,74,57
45.457797,2.508703,2026-08-03 11:42:34.297693440,12,4090,222,38
49.61728,19.456123,2026-08-03 11:42:36.800502528,12,9744,91,91
40.242073,15.353151,2026-08-03 11:42:38.127980800,12,4772,197,377
45.657937,-1.10209,2026-08-03 11:42:39.444565248,12,5427,189,123
45.658952,-1.118103,2026-08-03 11:42:39.444567040,12,6945,100,202
63.631695,41.866711,2026-08-03 11:42:43.171843840,12,7480,261,129
53.456185,43.909877,2026-08-03 11:42:44.778989056,12,6696,265,57
48.530596,-96.054237,2026-08-03 11:42:45.787807744,12,8096,159,36
39.391365,16.794727,2026-08-03 11:42:48.956552448,12,12143,105,96
39.449801,16.799638,2026-08-03 11:42:48.956565248,12,9596,253,141
44.154991,11.584122,2026-08-03 11:42:51.890796544,12,12576,168,23
47.395408,-0.350689,2026-08-03 11:42:54.388434432,12,7997,160,137
47.395435,-0.39433,2026-08-03 11:42:54.388438784,12,14400,114,54
46.564049,-100.481302,2026-08-03 11:42:54.739835904,12,9863,159,39
47.085944,0.017127,2026-08-03 11:42:56.125288960,12,10284,87,183
47.085573,0.017067,2026-08-03 11:42:56.125291520,12,7977,145,222
46.242879,1.224974,2026-08-03 11:43:01.127796224,12,6489,71,103
66.118839,22.958266,2026-08-03 11:43:02.891943424,12,13961,202,23
49.263026,20.247256,2026-08-03 11:43:03.774021120,12,8677,90,73
49.233667,20.264937,2026-08-03 11:43:03.774029056,12,11823,92,74
49.241373,20.371897,2026-08-03 11:43:03.774021632,12,11481,172,63
46.518389,-98.966882,2026-08-03 11:55:07.363410176,1,4705,142,46
46.455717,-98.881516,2026-08-03 11:55:07.363444480,1,8855,132,33
40.248993,18.292257,2026-08-03 11:55:08.204199168,1,9080,150,56
40.272224,18.296184,2026-08-03 11:55:08.204260352,1,13608,212,37
40.355406,18.256917,2026-08-03 11:55:08.204282624,1,5594,266,23
42.423428,13.405461,2026-08-03 11:55:08.319292416,1,7565,115,30
46.321155,8.590274,2026-08-03 11:55:08.803721472,1,8103,66,25
46.313002,8.601999,2026-08-03 11:55:08.803718144,1,13252,70,112
46.32869,8.581395,2026-08-03 11:55:08.803727104,1,5222,138,95
46.316094,8.607144,2026-08-03 11:55:08.803720448,1,3969,189,79
46.528642,8.535516,2026-08-03 11:55:08.803797248,1,12146,165,65
46.455229,8.592028,2026-08-03 11:55:08.803779584,1,14877,216,51
46.32614,8.590284,2026-08-03 11:55:08.803785984,1,12773,211,32
46.310355,8.591338,2026-08-03 11:55:08.823977984,1,8621,85,26
46.305085,8.581359,2026-08-03 11:55:08.823976448,1,7756,96,64
46.294815,8.641662,2026-08-03 11:55:08.824015616,1,12312,139,32
47.855303,8.375207,2026-08-03 11:55:16.495135232,1,6574,157,19
47.654762,-97.545745,2026-08-03 11:55:16.595092736,1,14646,159,26
49.312239,20.042998,2026-08-03 11:55:17.410265600,1,8338,80,82
49.30033,20.09673,2026-08-03 11:55:17.410260992,1,11332,136,72
49.315511,20.027846,2026-08-03 11:55:17.411310592,1,13550,137,68
47.824941,8.443324,2026-08-03 11:55:24.596790528,1,14803,128,20
47.870287,8.412248,2026-08-03 11:55:24.658977280,1,6877,125,20
47.844981,8.373827,2026-08-03 11:55:25.432608000,1,8178,140,17
39.120006,16.597863,2026-08-03 11:55:26.461983744,1,8490,116,57
39.074586,16.713831,2026-08-03 11:55:26.462018304,1,11230,249,43
39.144104,16.650352,2026-08-03 11:55:26.462042368,1,8491,265,30
48.709299,23.671246,2026-08-03 11:55:35.444581888,1,7278,220,64
48.704844,23.688369,2026-08-03 11:55:35.444583424,1,4981,227,98
48.730731,23.636061,2026-08-03 11:55:35.444599808,1,3731,257,82
48.706841,23.73707,2026-08-03 11:55:35.444585728,1,12169,207,69
48.764621,23.756028,2026-08-03 11:55:35.444605696,1,12679,182,46
48.711178,23.706834,2026-08-03 11:55:35.444623360,1,11108,234,34
48.717317,23.716269,2026-08-03 11:55:35.444629760,1,8522,265,24
46.327955,3.135155,2026-08-03 11:55:35.859820288,1,5284,95,61
46.319038,3.126527,2026-08-03 11:55:35.859823104,1,4754,122,48
46.32058,3.144142,2026-08-03 11:55:35.859828992,1,7522,190,34
40.216396,18.26887,2026-08-03 11:55:44.522723328,1,12844,147,34
46.777169,-100.511062,2026-08-03 11:55:44.932430592,1,13493,161,31
46.764423,-100.599061,2026-08-03 11:55:44.932445440,1,13650,132,22
48.64239,-96.097086,2026-08-03 11:55:45.261966592,1,11174,146,46
45.293079,7.380142,2026-08-03 11:55:45.462157056,1,6856,213,97
45.268429,7.360196,2026-08-03 11:55:45.462149376,1,4921,159,183
45.26322,7.362419,2026-08-03 11:55:45.462156288,1,9067,104,170
45.344658,7.309146,2026-08-03 11:55:45.462175744,1,14182,148,156
45.358377,7.369135,2026-08-03 11:55:45.462188800,1,8534,166,135
45.397985,7.328483,2026-08-03 11:55:45.462198784,1,14536,227,120
45.285518,7.420979,2026-08-03 11:55:45.462192128,1,10740,199,107
46.74427,-98.712411,2026-08-03 11:55:52.539087872,1,8930,149,46
46.724451,-98.723242,2026-08-03 11:55:52.539095808,1,10665,155,31
46.763035,-98.775079,2026-08-03 11:55:52.539124736,1,11349,133,18
48.644333,-96.579954,2026-08-03 11:55:53.469869056,1,14774,158,28
45.881007,2.718909,2026-08-03 11:55:54.940826368,1,14127,80,155
45.86853,2.735946,2026-08-03 11:55:54.940835584,1,7334,75,135
45.890353,2.766513,2026-08-03 11:55:54.940847616,1,4798,164,118
45.848728,2.677219,2026-08-03 11:55:54.940830976,1,4040,234,103
45.879673,2.737474,2026-08-03 11:55:54.940843008,1,4071,140,90
45.894432,2.695508,2026-08-03 11:55:54.940843264,1,3208,212,76
45.874069,2.668679,2026-08-03 11:55:54.940839680,1,5841,206,63
46.085957,2.771739,2026-08-03 11:55:54.940917248,1,9577,259,49
45.928618,2.749436,2026-08-03 11:55:54.940903680,1,4293,249,32
48.307749,-96.499011,2026-08-03 11:55:56.176769280,1,11436,158,27
41.012289,-73.67121,2026-08-03 11:56:04.399618560,1,6083,120,27
59.96556,-97.048402,2026-08-03 11:56:04.943138816,1,4599,229,31
45.720222,-1.135767,2026-08-03 11:56:05.569676544,1,8718,144,20
40.682123,17.161747,2026-08-03 11:56:05.927129856,1,4724,136,76
40.698223,17.154951,2026-08-03 11:56:05.927135744,1,8528,157,74
46.367994,3.245295,2026-08-03 11:56:13.108719872,1,12831,77,117
46.375963,3.249649,2026-08-03 11:56:13.108727552,1,13404,75,101
46.372263,3.253386,2026-08-03 11:56:13.108729856,1,11785,74,82
46.380722,3.250569,2026-08-03 11:56:13.108731392,1,10760,134,63
46.377603,3.248089,2026-08-03 11:56:13.108741888,1,5959,119,40
47.87684,8.381115,2026-08-03 11:56:25.246998784,1,14087,115,29
47.880975,8.427453,2026-08-03 11:56:25.248458496,1,13120,122,32
43.883614,12.081437,2026-08-03 11:56:34.356918528,1,13871,73,23
43.874495,12.085708,2026-08-03 11:56:34.387930624,1,14157,69,34
48.82483,19.505776,2026-08-03 11:56:34.683422720,1,14831,155,16
48.904169,19.548387,2026-08-03 11:56:34.816526592,1,9979,85,206
48.874564,19.555013,2026-08-03 11:56:34.816536320,1,3484,209,183
48.887327,19.571625,2026-08-03 11:56:34.816530944,1,7338,81,168
48.894785,19.575126,2026-08-03 11:56:34.816534528,1,6728,179,145
48.907149,19.590797,2026-08-03 11:56:34.816537856,1,4399,185,126
48.888745,19.570606,2026-08-03 11:56:34.816543744,1,4754,195,112
48.8847,19.571628,2026-08-03 11:56:34.816578816,1,8252,176,88
48.899301,19.672883,2026-08-03 11:56:34.816569856,1,14834,267,73
48.90709,19.737895,2026-08-03 11:56:34.816554496,1,14908,159,58
48.929616,19.43293,2026-08-03 11:56:34.816607488,1,11687,129,40
40.631953,17.432535,2026-08-03 11:56:43.208984832,1,9809,139,35
40.243133,18.309066,2026-08-03 11:56:43.685217024,1,4236,135,53
40.245548,18.324909,2026-08-03 11:56:43.685219840,1,8357,262,41
40.263837,18.31831,2026-08-03 11:56:43.685265408,1,11546,234,26
40.670046,17.127968,2026-08-03 11:56:43.998975488,1,5599,75,63
40.751163,17.116225,2026-08-03 11:56:43.999041792,1,12860,190,44
40.699425,17.13311,2026-08-03 11:56:43.999021568,1,5225,254,32
45.720854,-1.12203,2026-08-03 11:56:44.810619392,1,11210,132,127
45.747689,-1.1205,2026-08-03 11:56:44.810636800,1,2654,248,102
45.786143,-1.061095,2026-08-03 11:56:44.810653952,1,3315,258,87
45.745964,-1.108492,2026-08-03 11:56:44.810637824,1,7623,255,71
45.962833,-0.759625,2026-08-03 11:56:44.810760192,1,14835,250,57
45.745352,-1.115066,2026-08-03 11:56:44.810682368,1,4395,126,41
45.757676,-1.115413,2026-08-03 11:56:44.810682368,1,3584,258,28
59.974913,-97.06387,2026-08-03 11:56:52.609369088,1,10971,210,26
26.214513,-74.242898,2026-08-03 11:56:52.902559488,1,7670,266,20
47.943288,8.440108,2026-08-03 11:56:53.358954496,1,7354,122,34
47.933333,8.449813,2026-08-03 11:56:53.358959872,1,12646,94,27
40.176118,18.366769,2026-08-03 11:56:53.940866560,1,11886,135,25
46.301363,-99.862507,2026-08-03 11:56:54.439128320,1,14302,145,31
48.131499,19.845939,2026-08-03 11:56:55.596250880,1,9255,86,18
21.979957,-106.901936,2026-08-03 11:56:56.877678080,1,7919,255,26
47.759112,-97.476848,2026-08-03 11:57:04.530918144,1,14604,129,19
44.184639,11.43926,2026-08-03 11:57:04.622507520,1,14191,73,41
44.17241,11.423567,2026-08-03 11:57:04.625493760,1,13567,52,26
44.165516,11.441007,2026-08-03 11:57:04.635446528,1,14589,111,16
46.658384,-100.843971,2026-08-03 11:57:05.229555456,1,9352,133,26
45.407471,-0.782832,2026-08-03 11:57:05.529681408,1,13186,109,76
45.39524,-0.792979,2026-08-03 11:57:05.529681920,1,8634,97,73
54.977149,48.866738,2026-08-03 11:57:13.855283456,1,7184,243,45
54.97458,48.837921,2026-08-03 11:57:13.860544256,1,8758,242,49
47.784892,-97.261656,2026-08-03 11:57:16.621045504,1,5961,155,50
60.176097,-98.089953,2026-08-03 11:57:16.990004224,1,9454,240,32
40.646765,17.440139,2026-08-03 11:57:17.40760832,1,5687,139,79
40.657038,17.428001,2026-08-03 11:57:17.40769280,1,8365,156,66
40.637259,17.46131,2026-08-03 11:57:17.40799232,1,4656,237,41
40.715293,17.392275,2026-08-03 11:57:17.40830464,1,3549,261,27
40.660205,17.427262,2026-08-03 11:57:17.115909632,1,4744,156,45
40.632581,17.456701,2026-08-03 11:57:17.115945728,1,12145,255,39
40.762082,17.379373,2026-08-03 11:57:17.115991552,1,3945,261,26
40.651446,17.423783,2026-08-03 11:57:17.185821440,1,7673,152,154
40.65875,17.431853,2026-08-03 11:57:17.185827840,1,6738,202,133
64.015824,43.639125,2026-08-03 11:57:24.470080256,1,9602,269,69
64.032506,43.737021,2026-08-03 11:57:24.525457920,1,10105,270,66
48.328751,-96.268554,2026-08-03 11:57:32.412613376,1,11354,160,34
48.306953,-96.298775,2026-08-03 11:57:32.412647936,1,14362,141,23
40.239767,18.266581,2026-08-03 11:57:32.610424064,1,14908,146,53
40.291986,18.315652,2026-08-03 11:57:32.610482176,1,4559,266,29
49.594528,19.548018,2026-08-03 11:57:33.228577792,1,11332,170,27
49.643215,19.535354,2026-08-03 11:57:33.235762432,1,14257,75,95
49.643992,19.587486,2026-08-03 11:57:33.239237888,1,5426,86,78
49.68782,19.446927,2026-08-03 11:57:33.239236352,1,9392,172,130
49.655017,19.506134,2026-08-03 11:57:33.239246592,1,6392,86,118
49.649461,19.529269,2026-08-03 11:57:33.239243776,1,8287,97,106
49.661393,19.535379,2026-08-03 11:57:33.239247360,1,5553,81,95
49.650007,19.675713,2026-08-03 11:57:33.239225344,1,12830,239,86
49.665454,19.62248,2026-08-03 11:57:33.239242752,1,12458,187,72
44.126075,11.560592,2026-08-03 11:57:41.103781120,1,7112,112,45
44.093163,11.595245,2026-08-03 11:57:41.103791360,1,11372,99,36
44.135184,11.586031,2026-08-03 11:57:41.124136192,1,8703,55,21
49.185683,20.271111,2026-08-03 11:57:48.880761344,1,14860,76,30
49.173738,20.29259,2026-08-03 11:57:48.883450368,1,12653,68,22
40.248009,18.314072,2026-08-03 11:57:48.898256384,1,8943,160,23
45.249581,7.272141,2026-08-03 11:57:48.926608640,1,12586,63,144
45.247283,7.256581,2026-08-03 11:57:48.926615296,1,10730,104,140
45.261927,7.266101,2026-08-03 11:57:48.926621440,1,11858,117,121
45.248275,7.261305,2026-08-03 11:57:48.926633728,1,14237,74,104
45.27093,7.271617,2026-08-03 11:57:48.926631424,1,5168,111,85
45.348736,7.257884,2026-08-03 11:57:48.926655744,1,3235,228,72
45.307158,7.238754,2026-08-03 11:57:48.926647808,1,6722,181,59
45.381657,7.183818,2026-08-03 11:57:48.926684928,1,14002,235,47
48.731326,-95.72441,2026-08-03 11:57:50.722420224,1,5295,161,46
48.363077,-96.505654,2026-08-03 11:57:51.808645888,1,5790,169,48
15.450802,151.175033,2026-08-03 11:55:04.739224320,2,9777,195,24
13.700936,128.951752,2026-08-03 11:55:05.971172864,2,4011,224,24
-34.730959,153.724033,2026-08-03 11:55:06.260523008,2,7788,249,27
-34.721105,153.460566,2026-08-03 11:55:06.298283008,2,5542,262,23
-34.737587,153.26427,2026-08-03 11:55:06.493361664,2,8496,245,29
-34.613873,153.686449,2026-08-03 11:55:06.595152128,2,7761,219,32
-37.437001,154.672533,2026-08-03 11:55:07.486293248,2,8221,154,28
-37.494084,154.883949,2026-08-03 11:55:07.510468864,2,10800,237,25
-43.071845,153.752552,2026-08-03 11:55:22.481163776,2,9743,158,28
-42.953398,153.734027,2026-08-03 11:55:22.613718016,2,9956,194,26
-36.979739,154.13255,2026-08-03 11:55:27.556490752,2,10614,229,32
-36.908862,153.976796,2026-08-03 11:55:27.613606400,2,11880,127,19
-36.986209,154.087036,2026-08-03 11:55:27.627979520,2,9877,229,17
-36.895575,154.007444,2026-08-03 11:55:27.681364480,2,13056,129,21
-33.882623,152.937456,2026-08-03 11:55:32.129101056,2,7787,228,14
-33.825704,153.141852,2026-08-03 11:55:32.142925056,2,12291,237,13
-36.069715,153.161985,2026-08-03 11:55:33.114042624,2,14180,227,32
-36.044879,153.069959,2026-08-03 11:55:33.133775104,2,4924,263,30
-36.014105,153.014994,2026-08-03 11:55:33.151408896,2,12550,115,17
-36.037549,153.010855,2026-08-03 11:55:33.207430400,2,12338,128,16
-38.646209,155.622324,2026-08-03 11:55:33.448403968,2,6182,268,40
-38.689345,155.408141,2026-08-03 11:55:33.448469248,2,8147,141,29
-38.631677,155.574496,2026-08-03 11:55:33.476934912,2,6765,247,18
43.601301,111.779494,2026-08-03 11:55:37.701564928,2,14287,191,19
47.836783,126.701226,2026-08-03 11:55:41.900935680,2,12134,187,21
47.867371,126.634581,2026-08-03 11:55:41.982030848,2,6927,192,25
47.849933,126.711103,2026-08-03 11:55:42.535730944,2,4723,184,15
32.085673,129.544527,2026-08-03 11:55:42.771816192,2,7478,183,38
-41.522015,151.908747,2026-08-03 11:55:48.262259456,2,5464,202,26
-36.188522,154.0425,2026-08-03 11:55:50.656412928,2,6732,139,29
-36.175992,153.956385,2026-08-03 11:55:51.154920704,2,8748,239,29
-36.260719,153.991681,2026-08-03 11:55:51.500974336,2,6617,262,23
-37.482747,154.877825,2026-08-03 11:55:52.610560,2,7729,237,23
-34.752472,153.762508,2026-08-03 11:55:52.246860800,2,14411,214,35
-34.752154,153.633236,2026-08-03 11:55:52.284107008,2,4866,201,29
-34.728501,153.657047,2026-08-03 11:55:52.300743168,2,10436,128,17
-34.752401,153.751198,2026-08-03 11:55:52.357351424,2,5700,249,27
-34.760342,153.793023,2026-08-03 11:55:52.431034880,2,10484,214,28
-34.748826,153.756164,2026-08-03 11:55:52.478424832,2,5262,232,27
-34.748136,153.726401,2026-08-03 11:55:52.506197504,2,5649,249,22
13.55778,152.658962,2026-08-03 11:56:02.272798464,2,6452,193,36
32.145869,129.611891,2026-08-03 11:56:13.459944704,2,9400,176,31
32.180795,129.475458,2026-08-03 11:56:13.677376256,2,9456,185,38
3.31783,107.039765,2026-08-03 11:56:24.813945856,2,8207,227,34
16.524893,115.162517,2026-08-03 11:56:34.197939968,2,11496,203,25
-36.17633,154.105777,2026-08-03 11:56:36.109448192,2,7341,240,27
-36.036631,154.147916,2026-08-03 11:56:36.564478464,2,10719,227,25
-36.024265,153.035537,2026-08-03 11:56:41.675130880,2,12934,115,18
17.557497,114.340921,2026-08-03 11:56:42.86332160,2,11861,241,23
-37.700754,155.024432,2026-08-03 11:56:42.185613568,2,9856,239,30
42.726713,118.33843,2026-08-03 11:56:42.550581248,2,11173,173,29
-34.770303,153.752122,2026-08-03 11:56:45.386375680,2,13117,214,27
-34.762423,153.627027,2026-08-03 11:56:45.421317632,2,5224,158,23
-36.186969,153.364442,2026-08-03 11:56:45.649644032,2,12342,219,29
-36.918471,154.067217,2026-08-03 11:56:46.315422464,2,10340,244,34
39.066683,114.658554,2026-08-03 11:56:49.406311168,2,6491,229,20
32.161993,129.589189,2026-08-03 11:56:51.285655040,2,9144,183,36
32.125702,129.513457,2026-08-03 11:56:51.552325632,2,10458,166,31
-38.047075,155.042347,2026-08-03 11:56:56.508516096,2,10006,241,35
-36.581936,153.701953,2026-08-03 11:56:57.356110080,2,9605,223,37
-36.595397,153.712167,2026-08-03 11:56:57.838385408,2,9583,224,27
34.7798,135.477837,2026-08-03 11:57:02.388255744,2,11472,150,28
-37.455655,154.805619,2026-08-03 11:57:06.415688704,2,8998,143,26
27.862967,129.704286,2026-08-03 11:57:06.868726528,2,6933,205,40
27.186412,130.172524,2026-08-03 11:57:07.795711232,2,9222,214,26
33.672286,112.746541,2026-08-03 11:57:08.261329152,2,5391,177,38
-38.170504,154.968212,2026-08-03 11:57:09.606834176,2,10784,125,26
-38.309227,155.123146,2026-08-03 11:57:09.761891328,2,4887,263,33
-38.37023,154.902476,2026-08-03 11:57:09.761954304,2,12412,122,23
-38.199252,155.117496,2026-08-03 11:57:09.824680704,2,5304,258,30
-37.879813,155.018427,2026-08-03 11:57:17.760016640,2,5792,240,36
-37.888916,155.02816,2026-08-03 11:57:17.777234944,2,7848,240,28
-37.279008,154.149619,2026-08-03 11:57:20.693553152,2,10921,230,34
-44.237789,151.209889,2026-08-03 11:57:27.6572288,2,13784,221,29
-37.044245,154.169581,2026-08-03 11:57:27.850487296,2,9940,245,27
-37.007164,154.061187,2026-08-03 11:57:28.7424,2,12192,141,18
-38.456115,155.576729,2026-08-03 11:57:35.798624256,2,5001,262,28
33.27466,112.17198,2026-08-03 11:57:48.938323456,2,9566,180,26
-36.957737,154.04737,2026-08-03 11:57:49.197571072,2,12994,149,23
-36.141373,153.101703,2026-08-03 11:57:50.52770048,2,9855,114,24
47.871892,126.675154,2026-08-03 11:57:55.41365248,2,10524,202,41
47.89597,126.729156,2026-08-03 11:57:55.41373952,2,12857,209,22
48.741297,-96.300836,2026-08-03 11:55:05.311967232,3,7918,182,32
48.745768,-96.344044,2026-08-03 11:55:05.311964160,3,13625,128,120
48.694058,-96.358523,2026-08-03 11:55:05.311986944,3,10832,161,96
48.664935,-96.302718,2026-08-03 11:55:05.312004096,3,5453,178,78
48.708666,-96.368847,2026-08-03 11:55:05.311987968,3,9217,164,65
48.675027,-96.34525,2026-08-03 11:55:05.312003328,3,10638,187,50
48.639689,-96.335438,2026-08-03 11:55:05.312006912,3,6781,181,34
47.551446,-99.408929,2026-08-03 11:55:05.970961152,3,9343,143,18
47.495756,-99.378107,2026-08-03 11:55:05.970989568,3,4785,155,71
22.202149,-106.93655,2026-08-03 11:55:13.168092672,3,8402,249,32
47.485984,-99.50989,2026-08-03 11:55:13.862580992,3,3597,164,96
47.518183,-99.596368,2026-08-03 11:55:13.862560000,3,12081,151,82
47.489611,-99.584884,2026-08-03 11:55:13.862570496,3,8520,162,67
47.438431,-99.594594,2026-08-03 11:55:13.862607616,3,9886,178,53
47.500287,-99.665769,2026-08-03 11:55:13.862594048,3,6699,162,39
47.427006,-99.568944,2026-08-03 11:55:13.862627328,3,8398,202,20
57.202248,-91.534161,2026-08-03 11:55:14.405064192,3,11508,162,32
57.172682,-91.493558,2026-08-03 11:55:14.405071872,3,7338,206,16
48.448219,-96.348241,2026-08-03 11:55:15.59199488,3,5331,177,130
48.433232,-96.369942,2026-08-03 11:55:15.59208448,3,5183,184,116
48.428853,-96.35262,2026-08-03 11:55:15.59210240,3,8066,185,96
48.404913,-96.407127,2026-08-03 11:55:15.59214592,3,11969,162,76
48.375026,-96.283095,2026-08-03 11:55:15.59256064,3,12483,206,59
48.261147,-96.304641,2026-08-03 11:55:15.59273984,3,4876,228,46
15.312187,-101.03544,2026-08-03 11:55:16.465653248,3,4209,267,48
47.718384,-97.537389,2026-08-03 11:55:16.595037952,3,12126,110,90
47.70592,-97.483324,2026-08-03 11:55:16.595070720,3,7983,165,78
47.66266,-97.544038,2026-08-03 11:55:16.595090944,3,9015,160,65
47.703755,-97.573948,2026-08-03 11:55:16.657147392,3,4318,142,45
47.673424,-97.553746,2026-08-03 11:55:16.657192960,3,4660,134,32
15.790838,-94.595679,2026-08-03 11:55:24.53902080,3,13507,259,14
48.551936,-96.579406,2026-08-03 11:55:24.327028992,3,11460,152,82
48.427362,-96.468898,2026-08-03 11:55:24.327085056,3,7067,204,62
48.546896,-96.710988,2026-08-03 11:55:24.327043584,3,8520,263,48
48.516007,-96.644221,2026-08-03 11:55:24.327064832,3,9638,101,34
48.479468,-96.562969,2026-08-03 11:55:24.327093248,3,10740,148,14
20.991983,-107.124511,2026-08-03 11:55:24.390711808,3,9329,221,33
16.904908,-100.562574,2026-08-03 11:55:25.525321472,3,9221,263,53
47.448073,-99.63639,2026-08-03 11:55:26.425171200,3,11818,158,29
47.379535,-99.638254,2026-08-03 11:55:26.425182464,3,7017,165,25
15.278036,-101.057822,2026-08-03 11:55:28.545218816,3,7862,269,36
15.298482,-101.071252,2026-08-03 11:55:28.632179456,3,6747,269,18
21.16021,-106.757104,2026-08-03 11:55:28.842524416,3,6012,219,22
21.120507,-106.78461,2026-08-03 11:55:28.974928896,3,8011,219,20
17.256102,-100.329286,2026-08-03 11:55:29.6361600,3,10093,262,15
24.433808,-83.519667,2026-08-03 11:55:29.437770240,3,5520,264,58
22.209808,-107.44492,2026-08-03 11:55:29.915693568,3,4434,249,49
16.814752,-100.227521,2026-08-03 11:55:33.239040256,3,8082,263,25
47.373289,-99.507842,2026-08-03 11:55:34.220960256,3,9907,138,40
47.313529,-99.530479,2026-08-03 11:55:34.220999680,3,4096,138,28
19.719424,-107.078768,2026-08-03 11:55:34.254259200,3,3575,259,25
19.680354,-107.080795,2026-08-03 11:55:34.357999872,3,8166,258,35
19.728694,-107.067655,2026-08-03 11:55:34.445434368,3,4765,234,25
21.736438,-107.565663,2026-08-03 11:55:34.494079744,3,8989,217,23
48.425477,-96.670483,2026-08-03 11:55:34.893407488,3,11645,192,27
20.934105,-106.845799,2026-08-03 11:55:35.198493952,3,5228,253,17
27.531706,-93.765399,2026-08-03 11:55:44.804613376,3,7929,214,22
46.78287,-100.546998,2026-08-03 11:55:44.932419328,3,3297,164,30
46.777232,-100.602419,2026-08-03 11:55:44.932419840,3,6944,171,77
48.650049,-96.090923,2026-08-03 11:55:45.261968128,3,6213,258,50
48.545432,-96.041592,2026-08-03 11:55:45.262003712,3,6562,151,115
48.619482,-96.059421,2026-08-03 11:55:45.261984768,3,6052,186,100
46.775496,-98.712644,2026-08-03 11:55:52.539076096,3,4910,152,42
46.764771,-98.71442,2026-08-03 11:55:52.539080192,3,5675,153,113
46.749404,-98.73035,2026-08-03 11:55:52.539085568,3,4763,150,100
46.735133,-98.746357,2026-08-03 11:55:52.539088896,3,6192,127,83
46.733554,-98.73376,2026-08-03 11:55:52.539091200,3,9413,149,70
46.750295,-98.789504,2026-08-03 11:55:52.539101952,3,14639,98,53
48.686027,-96.602475,2026-08-03 11:55:53.469814784,3,11420,154,79
48.586675,-96.49453,2026-08-03 11:55:53.469863424,3,5514,214,60
20.895589,-106.830125,2026-08-03 11:56:09.924647168,3,7802,221,19
20.931245,-106.814675,2026-08-03 11:56:10.20701184,3,8382,253,39
16.958312,-100.379902,2026-08-03 11:56:11.139188224,3,10452,263,18
16.972944,-100.372691,2026-08-03 11:56:11.309216000,3,9572,263,21
15.858947,-94.539009,2026-08-03 11:56:11.512798464,3,7390,264,38
21.66917,-107.382667,2026-08-03 11:56:12.619571968,3,7659,216,31
21.704877,-107.371547,2026-08-03 11:56:12.619585024,3,3802,251,32
21.717361,-107.378089,2026-08-03 11:56:13.160338688,3,11679,216,19
59.778754,-97.08321,2026-08-03 11:56:13.538998528,3,14856,228,17
22.213473,-106.929104,2026-08-03 11:56:14.445966848,3,4313,210,21
17.180189,-100.568456,2026-08-03 11:56:15.112687872,3,10308,264,16
48.385298,-96.729913,2026-08-03 11:56:15.708160512,3,8578,146,24
48.604065,-96.268278,2026-08-03 11:56:17.864973824,3,9328,145,34
48.663429,-95.666383,2026-08-03 11:56:18.630663936,3,3403,181,75
48.709693,-95.769936,2026-08-03 11:56:18.630641664,3,5891,143,92
48.702359,-95.782669,2026-08-03 11:56:18.630643712,3,9394,150,74
21.220714,-106.777252,2026-08-03 11:56:25.730806272,3,10512,218,24
27.89221,-74.74634,2026-08-03 11:56:26.64936192,3,13734,267,42
21.033442,-107.153631,2026-08-03 11:56:26.104538880,3,3517,221,30
16.256938,-98.230905,2026-08-03 11:56:27.929163520,3,6016,265,15
19.702873,-107.099141,2026-08-03 11:56:29.711229696,3,4729,258,52
20.938898,-106.831546,2026-08-03 11:56:36.764136448,3,10119,220,24
20.945345,-106.833603,2026-08-03 11:56:36.874919680,3,7363,220,20
20.942419,-106.827867,2026-08-03 11:56:36.935535360,3,10752,220,31
20.992795,-106.616571,2026-08-03 11:56:37.508830208,3,8412,219,70
21.068424,-106.705458,2026-08-03 11:56:37.508865024,3,11806,252,62
21.026285,-106.71618,2026-08-03 11:56:37.618670848,3,6419,252,16
21.090903,-106.698499,2026-08-03 11:56:37.687939584,3,3555,235,23
60.421478,-98.199443,2026-08-03 11:56:37.711826432,3,7313,233,35
21.55336,-107.334672,2026-08-03 11:56:37.937717504,3,10538,251,22
28.779213,-77.227103,2026-08-03 11:56:38.840648960,3,9090,219,21
16.907004,-100.576294,2026-08-03 11:56:39.209644544,3,8334,265,22
48.487601,-96.553875,2026-08-03 11:56:39.878807040,3,4382,164,67
48.262025,-96.454338,2026-08-03 11:56:39.878887680,3,13744,219,53
48.454578,-96.54633,2026-08-03 11:56:39.878854656,3,8408,139,40
22.196463,-106.892071,2026-08-03 11:56:40.428184064,3,6150,210,22
22.207226,-106.889311,2026-08-03 11:56:40.547070720,3,5261,248,22
47.451908,-99.604919,2026-08-03 11:56:41.748901632,3,4818,163,128
47.43443,-99.623804,2026-08-03 11:56:41.748908288,3,5250,178,110
48.348778,-96.39353,2026-08-03 11:56:48.921303552,3,13412,149,54
48.321935,-96.416632,2026-08-03 11:56:48.921315072,3,8777,154,71
48.303087,-96.387599,2026-08-03 11:56:48.921349632,3,12818,158,54
48.324694,-96.442516,2026-08-03 11:56:48.921347072,3,6056,147,39
48.262013,-96.363858,2026-08-03 11:56:48.921372416,3,5282,201,25
48.027859,-97.391709,2026-08-03 11:56:49.39680512,3,12777,115,42
47.985402,-97.408099,2026-08-03 11:56:49.39737088,3,9364,142,28
59.825392,-92.664536,2026-08-03 11:56:56.761053184,3,13046,252,70
59.7054,-92.556117,2026-08-03 11:56:56.761104128,3,12629,220,57
59.613951,-92.538969,2026-08-03 11:56:56.761137408,3,3829,268,35
59.748583,-92.565378,2026-08-03 11:56:56.784795392,3,5763,190,21
21.904025,-106.952224,2026-08-03 11:56:56.877598208,3,7178,213,75
22.011518,-106.899553,2026-08-03 11:56:56.877681152,3,6269,249,67
48.720719,-95.691536,2026-08-03 11:56:57.310972672,3,3078,177,82
48.629334,-95.642615,2026-08-03 11:56:57.311010304,3,3525,165,68
47.766396,-97.418913,2026-08-03 11:57:04.530893824,3,13576,119,48
47.730118,-97.399957,2026-08-03 11:57:04.530940416,3,10683,133,35
47.756314,-97.485399,2026-08-03 11:57:04.530921728,3,8823,254,15
46.70659,-100.917729,2026-08-03 11:57:05.229500672,3,3436,172,67
46.829153,-100.847802,2026-08-03 11:57:05.229516288,3,12964,143,55
46.663642,-100.852128,2026-08-03 11:57:05.229555968,3,8931,144,42
46.621416,-100.869798,2026-08-03 11:57:05.229563392,3,8584,195,28
48.559455,-96.589996,2026-08-03 11:57:05.729506816,3,7238,113,62
48.53165,-96.597563,2026-08-03 11:57:05.729556992,3,11110,139,49
48.485348,-96.610339,2026-08-03 11:57:05.729560064,3,8874,166,31
22.083555,-108.000146,2026-08-03 11:57:07.31815168,3,4110,250,60
21.666412,-107.422016,2026-08-03 11:57:07.144929792,3,6174,217,27
22.286308,-107.86522,2026-08-03 11:57:07.198316288,3,12872,250,33
47.930061,-97.735791,2026-08-03 11:57:07.209749248,3,14313,149,72
47.811428,-97.830332,2026-08-03 11:57:07.209765376,3,6470,208,59
48.581573,-96.56399,2026-08-03 11:57:15.11490560,3,10849,115,13
48.493235,-96.440953,2026-08-03 11:57:15.11569920,3,10252,194,34
22.123623,-106.888032,2026-08-03 11:57:15.247738624,3,12434,211,34
22.25737,-106.955163,2026-08-03 11:57:15.247783936,3,2926,248,31
47.803359,-97.248191,2026-08-03 11:57:16.621039616,3,6789,138,21
47.75744,-97.226441,2026-08-03 11:57:16.621060096,3,5589,204,122
47.760654,-97.226368,2026-08-03 11:57:16.621063936,3,2682,185,109
40.998873,-73.721355,2026-08-03 11:57:23.816787968,3,8294,119,26
40.982717,-73.728244,2026-08-03 11:57:23.817927936,3,10580,164,34
40.994337,-73.711389,2026-08-03 11:57:23.821573632,3,8021,174,27
41.004438,-73.723339,2026-08-03 11:57:23.821575936,3,6828,151,32
40.978138,-73.693724,2026-08-03 11:57:23.824701696,3,14963,164,26
40.972649,-73.722932,2026-08-03 11:57:23.826716672,3,12050,164,27
41.001622,-73.742784,2026-08-03 11:57:23.826725632,3,13398,159,15
15.270314,-101.039144,2026-08-03 11:57:23.859288576,3,4824,269,30
48.747135,-95.800527,2026-08-03 11:57:24.629061632,3,6443,173,44
48.529417,-95.678422,2026-08-03 11:57:24.629152512,3,6936,226,71
48.621122,-95.746269,2026-08-03 11:57:24.629116160,3,9220,185,58
48.380945,-96.320469,2026-08-03 11:57:32.412593152,3,10930,106,94
48.33339,-96.331556,2026-08-03 11:57:32.412613376,3,5799,131,77
48.325974,-96.319781,2026-08-03 11:57:32.412653312,3,14165,144,62
48.336381,-96.378722,2026-08-03 11:57:32.412634112,3,12291,115,47
48.290716,-96.302265,2026-08-03 11:57:32.412656384,3,10628,184,28
17.244304,-100.2943,2026-08-03 11:57:32.428008192,3,6796,262,38
17.227564,-100.311739,2026-08-03 11:57:32.427997696,3,12912,262,45
16.967148,-100.396267,2026-08-03 11:57:32.846791424,3,4665,263,17
16.969377,-100.399459,2026-08-03 11:57:33.53694720,3,4409,263,17
60.033232,-97.196792,2026-08-03 11:57:33.460171520,3,10406,231,54
48.67809,-95.813125,2026-08-03 11:57:41.51684352,3,9622,155,63
48.660844,-95.794336,2026-08-03 11:57:41.51735296,3,8627,140,43
48.639042,-95.815331,2026-08-03 11:57:41.51733504,3,7778,213,30
48.637734,-95.857907,2026-08-03 11:57:41.51731456,3,8568,265,13
21.620013,-107.578175,2026-08-03 11:57:43.105601536,3,11813,218,36
21.61337,-107.579007,2026-08-03 11:57:43.332366336,3,11147,218,21
60.017497,-97.112087,2026-08-03 11:57:43.430666496,3,14612,231,80
59.932411,-97.011412,2026-08-03 11:57:43.430713088,3,6302,219,67
46.260377,-100.049133,2026-08-03 11:57:44.114938368,3,7274,119,20
48.495442,-96.631559,2026-08-03 11:57:44.379713792,3,12248,111,59
48.468399,-96.604445,2026-08-03 11:57:44.379763712,3,7993,147,46
33.615536,-75.071202,2026-08-03 11:57:44.445613824,3,5512,205,56
33.597027,-75.055568,2026-08-03 11:57:44.445609984,3,4602,188,90
33.654521,-75.082102,2026-08-03 11:57:44.445630720,3,5348,260,76
33.676419,-75.083425,2026-08-03 11:57:44.445640960,3,3056,263,59
48.386322,-96.483305,2026-08-03 11:57:51.808638720,3,11586,105,127
48.280934,-96.440213,2026-08-03 11:57:51.808686592,3,13463,130,110
48.306675,-96.450987,2026-08-03 11:57:51.808679680,3,9271,143,94
48.24319,-96.570884,2026-08-03 11:57:51.808680704,3,8616,150,78
48.272201,-96.400003,2026-08-03 11:57:51.808701184,3,8839,190,65
48.329437,-96.408173,2026-08-03 11:57:51.808689664,3,7084,195,50
20.941541,-106.822772,2026-08-03 11:57:51.896775168,3,9002,220,23
48.559187,-96.561948,2026-08-03 11:57:52.867763712,3,3186,182,97
48.532417,-96.578797,2026-08-03 11:57:52.867776256,3,4601,159,82
48.634681,-96.356062,2026-08-03 11:55:05.312000512,4,9982,176,22
48.243077,-96.272158,2026-08-03 11:55:15.59277568,4,12134,191,24
47.830934,126.713742,2026-08-03 11:55:41.900932352,4,3008,187,23
47.854486,126.69317,2026-08-03 11:55:41.982047232,4,9671,187,29
47.849938,126.711088,2026-08-03 11:55:42.535730944,4,4723,184,15
32.085181,129.548411,2026-08-03 11:55:42.771878144,4,13351,108,24
45.472264,-1.66489,2026-08-03 11:55:59.792217856,4,12624,269,23
32.180934,129.475456,2026-08-03 11:56:13.677371136,4,9462,185,37
45.242604,13.94066,2026-08-03 11:56:18.300910080,4,8556,83,26
8.294288,110.711087,2026-08-03 11:56:24.816227328,4,11563,219,25
48.893153,19.593641,2026-08-03 11:56:34.816528384,4,9286,114,29
17.557497,114.340921,2026-08-03 11:56:42.86332160,4,11861,241,25
42.726713,118.33843,2026-08-03 11:56:42.550581248,4,11173,173,32
32.134883,129.594794,2026-08-03 11:56:51.285651200,4,7414,183,37
32.125907,129.513812,2026-08-03 11:56:51.552318976,4,10457,183,31
48.331291,-96.407645,2026-08-03 11:56:58.428051712,4,14829,141,23
34.79448,135.468441,2026-08-03 11:57:02.388260352,4,11062,151,34
27.840204,129.705312,2026-08-03 11:57:06.868719104,4,10531,182,44
27.482704,130.389015,2026-08-03 11:57:06.868777472,4,13432,182,30
27.231309,130.226972,2026-08-03 11:57:07.795687168,4,9282,205,37
33.682679,112.742811,2026-08-03 11:57:08.261326592,4,4801,177,42
48.128975,19.875683,2026-08-03 11:57:18.719200512,4,7882,126,25
47.400166,-0.518324,2026-08-03 11:57:33.295073536,4,8799,249,27
42.781085,118.338284,2026-08-03 11:57:44.199574016,4,14053,180,22
33.306978,112.096157,2026-08-03 11:57:48.938310656,4,8393,201,28
16.875016,-100.61929,2026-08-03 11:55:11.984774144,7,7689,265,11
21.55498,-107.398729,2026-08-03 11:55:12.795206400,7,7112,268,18
22.229038,-106.926629,2026-08-03 11:55:13.168101376,7,9672,265,18
16.879975,-100.585331,2026-08-03 11:55:25.525310464,7,7743,265,17
22.191135,-107.457954,2026-08-03 11:55:29.915683072,7,9021,229,17
16.812726,-100.247112,2026-08-03 11:55:33.239037696,7,8927,265,10
17.184406,-100.561175,2026-08-03 11:55:37.830014720,7,8241,264,11
17.188883,-100.556159,2026-08-03 11:55:37.888336384,7,8014,264,16
17.011334,-100.54895,2026-08-03 11:55:41.808027648,7,7774,264,10
16.997174,-100.552517,2026-08-03 11:55:41.875408896,7,9019,264,10
17.004084,-100.556168,2026-08-03 11:55:41.979540736,7,7981,264,10
26.313307,-74.610231,2026-08-03 11:55:52.9751296,7,5067,256,17
21.607125,-107.379938,2026-08-03 11:55:55.639248896,7,7538,233,13
21.554926,-107.557141,2026-08-03 11:55:56.714574592,7,2724,234,14
19.735446,-107.054374,2026-08-03 11:56:07.253079296,7,12172,268,17
20.940197,-106.810751,2026-08-03 11:56:09.693275392,7,6964,269,17
15.829728,-94.545454,2026-08-03 11:56:11.512787968,7,5151,264,17
15.916482,-94.50695,2026-08-03 11:56:11.623044096,7,6516,263,15
21.678632,-107.379027,2026-08-03 11:56:12.619571968,7,7279,233,16
16.964381,-100.564187,2026-08-03 11:56:14.300547072,7,9621,265,11
21.990774,-106.994758,2026-08-03 11:56:20.451150080,7,10829,222,13
21.265181,-107.180704,2026-08-03 11:56:23.906319872,7,11367,231,13
27.761023,-74.639789,2026-08-03 11:56:26.64879360,7,14156,261,15
21.721158,-107.605626,2026-08-03 11:56:26.80100096,7,11851,263,20
19.745013,-107.076511,2026-08-03 11:56:29.711246848,7,13250,268,19
19.683959,-107.03611,2026-08-03 11:56:44.340891136,7,8503,248,12
25.850156,-74.204336,2026-08-03 11:56:52.902432000,7,8683,262,19
21.965611,-106.925825,2026-08-03 11:56:56.877668096,7,6834,265,16
20.342724,-106.914965,2026-08-03 11:56:57.420515072,7,10424,268,17
21.976485,-107.035009,2026-08-03 11:56:57.924883968,7,9116,266,18
21.933602,-107.042557,2026-08-03 11:56:58.274139136,7,5104,266,18
21.032063,-107.111809,2026-08-03 11:56:59.455185664,7,9853,237,10
22.023681,-108.014474,2026-08-03 11:57:07.31806464,7,8082,267,20
25.738412,-74.122622,2026-08-03 11:57:39.259495680,7,7499,264,13
25.736164,-74.120768,2026-08-03 11:57:39.331488256,7,7810,264,13
20.830177,-106.462659,2026-08-03 11:57:39.397573376,7,5754,236,11
22.245967,-106.941491,2026-08-03 11:57:46.104003072,7,11780,265,10
9.527691,-13.961846,2026-08-03 11:56:17.751254784,5,10309,251,29
48.623563,-96.334967,2026-08-03 11:55:05.312007936,9,7272,176,14
32.178914,129.605385,2026-08-03 11:55:11.108059648,9,3263,259,16
17.784818,117.84773,2026-08-03 11:55:14.796748800,9,6596,255,25
48.245859,-96.344945,2026-08-03 11:55:15.59272704,9,13361,161,16
47.836783,126.701226,2026-08-03 11:55:41.900935680,9,12134,187,24
47.835437,126.687787,2026-08-03 11:55:41.982047744,9,4008,187,28
47.817799,126.692507,2026-08-03 11:55:41.982060800,9,6788,209,17
47.836815,126.701897,2026-08-03 11:55:42.535735296,9,2730,193,14
31.678513,129.865578,2026-08-03 11:55:42.771840512,9,3554,175,29
32.05893,129.456601,2026-08-03 11:55:42.771843584,9,5539,168,19
15.800983,151.912903,2026-08-03 11:55:54.511891968,9,3947,245,16
29.332522,115.997117,2026-08-03 11:55:56.469362944,9,9524,249,20
42.703738,116.918789,2026-08-03 11:55:59.857593088,9,12432,190,13
27.041996,121.801312,2026-08-03 11:56:02.830192384,9,4388,175,29
32.080062,129.555662,2026-08-03 11:56:13.459982848,9,13374,108,21
32.057129,129.56003,2026-08-03 11:56:13.677378304,9,4382,168,26
32.070167,129.568418,2026-08-03 11:56:13.677433088,9,10160,108,17
39.501723,116.348363,2026-08-03 11:56:20.297316864,9,9010,228,13
27.881545,129.622855,2026-08-03 11:56:21.681226240,9,4288,179,32
32.247066,129.681138,2026-08-03 11:56:29.988289792,9,8299,255,23
15.880839,141.199889,2026-08-03 11:56:33.69622528,9,2052,258,13
32.112542,129.510053,2026-08-03 11:56:35.16109056,9,4318,178,24
41.497076,116.610778,2026-08-03 11:56:36.948585216,9,6281,198,10
42.726554,118.347192,2026-08-03 11:56:42.550582784,9,7227,173,28
32.111768,129.613723,2026-08-03 11:56:51.285654016,9,5026,170,25
32.081306,129.554677,2026-08-03 11:56:51.285686784,9,7372,117,16
32.113214,129.516547,2026-08-03 11:56:51.778515968,9,3886,168,23
32.113333,129.516712,2026-08-03 11:56:51.778515968,9,3888,168,14
41.462935,116.569038,2026-08-03 11:56:52.356002816,9,6122,213,11
48.330087,-96.399712,2026-08-03 11:56:58.428051712,9,8205,141,14
34.80703,135.460794,2026-08-03 11:57:02.388260608,9,14115,120,30
45.628561,112.525078,2026-08-03 11:57:03.142232064,9,11490,182,9
27.854328,129.695558,2026-08-03 11:57:06.868719104,9,5284,206,42
27.830039,129.81236,2026-08-03 11:57:06.868740096,9,11258,176,27
27.250007,130.116005,2026-08-03 11:57:07.795723776,9,2662,215,27
35.817094,131.635551,2026-08-03 11:57:08.267128832,9,11959,219,18
13.677159,128.831604,2026-08-03 11:57:15.905380608,9,2004,229,21
32.272493,129.535375,2026-08-03 11:57:19.242785280,9,8026,191,25
32.393289,129.278016,2026-08-03 11:57:19.242765568,9,13575,193,16
32.069814,129.462277,2026-08-03 11:57:24.441656832,9,7326,191,23
39.39884,116.315156,2026-08-03 11:57:28.272386304,9,4100,229,12
31.763404,130.037664,2026-08-03 11:57:36.421509120,9,8628,194,21
32.533995,129.844164,2026-08-03 11:57:36.867915520,9,11826,243,20
42.78162,118.309124,2026-08-03 11:57:44.199580160,9,4864,181,22
45.72026,125.682289,2026-08-03 11:57:44.419829760,9,10244,169,23
29.645643,126.170391,2026-08-03 11:57:45.104040448,9,7904,172,22
48.044984,-97.805352,2026-08-03 11:57:54.279168256,9,13136,159,14
47.884738,126.710021,2026-08-03 11:57:55.41365760,9,3543,202,44
47.981823,126.830329,2026-08-03 11:57:55.41358848,9,3341,210,22
40.673823,118.320471,2026-08-03 11:57:59.345259008,9,12018,209,17
47.44312,-99.682129,2026-08-03 11:55:00.119111936,13,5952,153,42
47.423794,-99.683712,2026-08-03 11:55:00.119150336,13,13762,137,34
46.793584,-100.590398,2026-08-03 11:55:02.785337600,13,6018,137,59
17.581597,-100.03766,2026-08-03 11:55:04.122638592,13,9698,260,22
48.741246,-96.300824,2026-08-03 11:55:05.311967232,13,7917,182,131
48.737941,-96.341417,2026-08-03 11:55:05.311973120,13,6602,134,119
47.522598,-99.351695,2026-08-03 11:55:05.970980096,13,5242,145,63
47.495458,-99.380083,2026-08-03 11:55:05.970986752,13,4859,155,61
46.501238,-98.889511,2026-08-03 11:55:07.363419648,13,5559,148,86
46.505529,-98.909012,2026-08-03 11:55:07.363420672,13,9723,169,110
36.022189,-73.738766,2026-08-03 11:55:09.387201280,13,13027,200,25
48.096535,-97.909875,2026-08-03 11:55:12.352848128,13,13982,149,56
48.054079,-97.899062,2026-08-03 11:55:12.352898560,13,6429,136,43
21.505717,-107.409183,2026-08-03 11:55:12.795184896,13,12114,218,40
47.529703,-99.608589,2026-08-03 11:55:13.862551808,13,4944,159,93
47.489673,-99.585032,2026-08-03 11:55:13.862570752,13,8516,162,76
48.43766,-96.370046,2026-08-03 11:55:15.59200768,13,10458,165,78
47.712857,-97.588918,2026-08-03 11:55:16.595034368,13,11936,121,89
47.706108,-97.483311,2026-08-03 11:55:16.595070720,13,7978,165,76
47.6778,-97.614355,2026-08-03 11:55:16.595074304,13,9720,134,61
47.715625,-97.569086,2026-08-03 11:55:16.657142784,13,9191,79,39
19.684113,-106.998427,2026-08-03 11:55:17.309180416,13,7383,258,24
20.956107,-106.834405,2026-08-03 11:55:17.430882048,13,5814,253,26
47.644038,-99.745586,2026-08-03 11:55:20.302223872,13,12463,132,77
16.799608,-100.074548,2026-08-03 11:55:20.434410240,13,9583,263,69
42.974835,-71.11495,2026-08-03 11:55:21.26862848,13,5429,268,34
42.972517,-71.332721,2026-08-03 11:55:21.26913792,13,7473,113,49
21.635961,-107.447909,2026-08-03 11:55:21.296095744,13,6381,251,23
48.755707,-95.781226,2026-08-03 11:55:21.800992256,13,7194,148,51
48.695408,-95.733334,2026-08-03 11:55:21.801022208,13,6413,192,61
48.754703,-95.786757,2026-08-03 11:55:21.835413760,13,6147,129,50
48.749189,-95.767959,2026-08-03 11:55:21.851949568,13,8435,189,34
48.742863,-95.641414,2026-08-03 11:55:21.872424704,13,6505,180,26
22.039467,-106.946285,2026-08-03 11:55:22.224503808,13,9181,211,20
21.973811,-106.915269,2026-08-03 11:55:22.337222144,13,8129,249,21
20.892529,-106.770503,2026-08-03 11:55:23.368627712,13,11101,227,70
48.536359,-96.578652,2026-08-03 11:55:24.327033600,13,5661,152,79
48.446902,-96.507115,2026-08-03 11:55:24.327074560,13,4673,186,63
48.520172,-96.589472,2026-08-03 11:55:24.327079680,13,12048,140,50
20.991983,-107.124511,2026-08-03 11:55:24.390711808,13,9330,221,24
16.904799,-100.562597,2026-08-03 11:55:25.525321472,13,9221,265,56
47.44807,-99.636393,2026-08-03 11:55:26.425171200,13,11818,158,30
24.527341,-83.472648,2026-08-03 11:55:29.437805312,13,9165,242,58
22.191239,-107.437082,2026-08-03 11:55:29.915689728,13,13048,213,29
47.373288,-99.507841,2026-08-03 11:55:34.220960256,13,9908,138,40
47.323876,-99.531336,2026-08-03 11:55:34.220993280,13,5224,138,28
19.713515,-107.070019,2026-08-03 11:55:34.254262528,13,7113,234,22
19.729863,-107.068479,2026-08-03 11:55:34.358011136,13,5172,257,39
19.725023,-107.068248,2026-08-03 11:55:34.445434112,13,5913,234,25
21.731786,-107.563582,2026-08-03 11:55:34.494081024,13,11892,217,23
48.425462,-96.670547,2026-08-03 11:55:34.893407488,13,11644,192,27
20.957101,-106.838316,2026-08-03 11:55:35.198502144,13,2972,221,21
48.436354,-96.58625,2026-08-03 11:55:36.707601920,13,3438,111,47
48.392924,-96.568524,2026-08-03 11:55:36.707650048,13,9919,138,34
48.127865,-97.052996,2026-08-03 11:55:37.367198208,13,8098,153,40
48.092328,-97.020008,2026-08-03 11:55:37.367255552,13,8681,142,28
47.470675,-99.635811,2026-08-03 11:55:37.711757056,13,6142,139,64
47.439663,-99.616462,2026-08-03 11:55:37.711800064,13,8886,155,48
40.980279,-73.718381,2026-08-03 11:55:37.808833792,13,12967,128,39
48.661443,-96.639361,2026-08-03 11:55:38.71996672,13,9209,183,54
48.625443,-96.657926,2026-08-03 11:55:38.72013312,13,8773,133,71
46.298852,-99.054843,2026-08-03 11:55:38.423447808,13,12188,127,89
48.392716,-96.284811,2026-08-03 11:55:39.113842432,13,9136,194,124
48.397799,-96.301414,2026-08-03 11:55:39.113840640,13,9386,131,118
15.317437,-101.079441,2026-08-03 11:55:40.576601856,13,6693,269,34
19.722648,-107.084972,2026-08-03 11:55:41.535372544,13,11992,232,27
16.957694,-100.387394,2026-08-03 11:55:41.681812224,13,10467,263,21
46.817329,-100.605005,2026-08-03 11:55:44.932393984,13,13556,108,89
46.934769,-100.514587,2026-08-03 11:55:44.932413952,13,14720,160,69
48.65921,-96.097165,2026-08-03 11:55:45.261958144,13,8395,140,68
48.633523,-96.08662,2026-08-03 11:55:45.261976064,13,10388,142,112
48.556157,-96.061622,2026-08-03 11:55:45.261996800,13,5714,132,95
48.634099,-96.091084,2026-08-03 11:55:45.318906624,13,3129,158,57
22.173333,-106.926001,2026-08-03 11:55:45.422617088,13,5104,210,19
21.480243,-107.39771,2026-08-03 11:55:47.579704064,13,5650,218,23
47.607127,-99.562369,2026-08-03 11:55:48.24119552,13,13728,142,25
46.399796,-99.301342,2026-08-03 11:55:50.46704384,13,3578,211,128
46.410083,-99.336512,2026-08-03 11:55:50.46706432,13,4012,141,113
20.912446,-106.813377,2026-08-03 11:55:50.733306368,13,6498,221,34
47.708265,-97.327639,2026-08-03 11:55:52.88897280,13,14927,146,62
46.766091,-98.714651,2026-08-03 11:55:52.539080960,13,6207,133,108
46.73637,-98.730935,2026-08-03 11:55:52.539089152,13,3591,200,101
48.69093,-96.598664,2026-08-03 11:55:53.469814016,13,11317,155,79
48.586668,-96.494523,2026-08-03 11:55:53.469863424,13,5514,214,60
48.354798,-96.55953,2026-08-03 11:55:56.176712192,13,8499,157,49
21.553042,-107.558657,2026-08-03 11:55:56.714574336,13,5098,218,33
21.559873,-107.551999,2026-08-03 11:55:56.844503808,13,6592,252,32
21.005269,-107.130169,2026-08-03 11:55:57.44417792,13,4098,253,26
21.014991,-107.121754,2026-08-03 11:55:57.174665728,13,13037,221,21
48.028198,-96.652026,2026-08-03 11:55:59.383558912,13,6987,237,65
48.055747,-96.651062,2026-08-03 11:55:59.383554048,13,5027,183,64
20.886751,-106.85607,2026-08-03 11:55:59.811090176,13,10367,221,24
46.763274,-100.478618,2026-08-03 11:56:00.212513024,13,5456,187,60
46.759537,-100.461813,2026-08-03 11:56:00.212517120,13,10686,145,64
48.718428,-96.26293,2026-08-03 11:56:00.521374720,13,3522,188,94
48.745921,-96.34361,2026-08-03 11:56:00.521363200,13,4218,143,79
47.497896,-99.662858,2026-08-03 11:56:02.879607808,13,8446,91,52
40.955527,-73.71641,2026-08-03 11:56:03.997215232,13,6565,157,21
41.025575,-73.690671,2026-08-03 11:56:04.399617536,13,6689,119,64
41.036812,-73.689834,2026-08-03 11:56:04.399618048,13,12821,165,51
40.995984,-73.729561,2026-08-03 11:56:04.399641088,13,10623,187,29
59.993678,-97.115718,2026-08-03 11:56:04.943120640,13,10921,223,48
25.898796,-74.260485,2026-08-03 11:56:05.203496704,13,9301,223,43
21.863441,-106.937078,2026-08-03 11:56:06.191364352,13,14554,213,16
46.689464,-101.149239,2026-08-03 11:56:06.290084864,13,13029,157,18
48.506565,-96.526086,2026-08-03 11:56:06.444042752,13,3219,159,66
48.445895,-96.492903,2026-08-03 11:56:06.444068864,13,4950,186,52
19.707482,-107.077706,2026-08-03 11:56:07.253066752,13,7922,258,54
47.315568,-99.519823,2026-08-03 11:56:08.215088128,13,6900,161,119
47.296013,-99.540176,2026-08-03 11:56:08.215098112,13,5951,177,100
20.90189,-106.829662,2026-08-03 11:56:09.924646656,13,5553,221,18
21.677951,-107.381472,2026-08-03 11:56:12.619579136,13,7898,251,38
21.717359,-107.378089,2026-08-03 11:56:13.160338688,13,11679,216,18
16.940415,-100.559156,2026-08-03 11:56:14.300538880,13,8028,265,17
22.231404,-106.917328,2026-08-03 11:56:14.372295936,13,6322,248,18
22.213864,-106.929261,2026-08-03 11:56:14.445966592,13,4309,210,21
48.385324,-96.730051,2026-08-03 11:56:15.708160512,13,8574,146,24
48.604066,-96.268282,2026-08-03 11:56:17.864973824,13,9328,145,34
48.710716,-95.762909,2026-08-03 11:56:18.630640128,13,11030,134,74
48.702321,-95.782498,2026-08-03 11:56:18.630643968,13,9398,150,73
48.443355,-96.26642,2026-08-03 11:56:19.11849216,13,11462,151,61
48.381032,-96.168639,2026-08-03 11:56:19.11893504,13,3967,211,65
22.020431,-106.829837,2026-08-03 11:56:19.213772032,13,7926,211,35
22.013181,-106.826464,2026-08-03 11:56:20.451190016,13,9417,211,22
48.562894,-96.487721,2026-08-03 11:56:21.215560448,13,6837,228,65
48.603745,-96.602957,2026-08-03 11:56:21.215543040,13,4491,148,79
47.137187,-100.582391,2026-08-03 11:56:21.580541952,13,7921,159,132
47.154514,-100.603561,2026-08-03 11:56:21.580546048,13,11808,145,113
21.520852,-107.428656,2026-08-03 11:56:22.33164032,13,6466,252,27
21.533205,-107.424772,2026-08-03 11:56:22.722461952,13,6408,252,23
21.23878,-107.204293,2026-08-03 11:56:23.906314752,13,10264,219,39
16.818103,-100.240437,2026-08-03 11:56:29.597541120,13,6323,263,42
48.108068,-97.075163,2026-08-03 11:56:29.977695744,13,1943,241,92
48.109673,-97.146228,2026-08-03 11:56:29.977685504,13,7511,137,79
21.61915,-107.46005,2026-08-03 11:56:32.292583424,13,3800,217,27
16.925595,-98.847785,2026-08-03 11:56:35.514460160,13,7981,263,16
20.947702,-106.835386,2026-08-03 11:56:36.764134400,13,5560,220,32
20.945347,-106.833597,2026-08-03 11:56:36.874919680,13,7363,220,21
20.94855,-106.83066,2026-08-03 11:56:36.935533824,13,7661,220,34
28.779257,-77.227125,2026-08-03 11:56:38.840648960,13,9088,219,22
48.487841,-96.55426,2026-08-03 11:56:39.878807040,13,13775,154,67
48.458042,-96.541791,2026-08-03 11:56:39.878856448,13,7760,186,49
22.182588,-106.891554,2026-08-03 11:56:40.428186368,13,11151,210,19
22.207329,-106.889361,2026-08-03 11:56:40.547070720,13,5262,248,21
47.451948,-99.605038,2026-08-03 11:56:41.748901632,13,4820,163,125
47.437844,-99.622989,2026-08-03 11:56:41.748905472,13,7276,161,109
19.708388,-107.005093,2026-08-03 11:56:44.340901120,13,5374,232,28
17.018669,-100.542951,2026-08-03 11:56:45.308118528,13,11385,263,17
48.611377,-97.291812,2026-08-03 11:56:46.415702784,13,11096,154,108
48.575587,-97.273599,2026-08-03 11:56:46.415721216,13,4968,197,87
48.564329,-97.272133,2026-08-03 11:56:46.415725056,13,7810,140,73
24.447828,-83.421805,2026-08-03 11:56:47.140596480,13,3943,243,65
21.704237,-107.593039,2026-08-03 11:56:48.372022016,13,5419,217,21
48.34872,-96.39336,2026-08-03 11:56:48.921303552,13,13412,149,89
48.246427,-96.274015,2026-08-03 11:56:48.921362176,13,3430,232,70
48.004144,-97.401553,2026-08-03 11:56:49.39730688,13,8175,143,30
47.385689,-99.435788,2026-08-03 11:56:50.199863808,13,14849,141,30
47.352198,-99.535776,2026-08-03 11:56:50.199856640,13,5076,154,75
48.616187,-96.46212,2026-08-03 11:56:50.985451520,13,6115,167,88
48.576394,-96.380835,2026-08-03 11:56:50.985489152,13,8339,186,69
46.323482,-99.289519,2026-08-03 11:56:51.518284800,13,8357,146,54
46.408889,-99.321734,2026-08-03 11:56:51.518259456,13,12105,135,82
21.647257,-107.526222,2026-08-03 11:56:51.648534016,13,5645,234,29
60.044725,-97.206788,2026-08-03 11:56:52.609342976,13,9171,232,71
25.784302,-74.138744,2026-08-03 11:56:52.902403072,13,6971,269,58
46.315344,-99.851578,2026-08-03 11:56:54.439090688,13,7664,185,81
46.335089,-99.871107,2026-08-03 11:56:54.439088896,13,11060,139,63
21.702844,-107.629464,2026-08-03 11:56:54.802835200,13,8942,251,31
20.955079,-106.820615,2026-08-03 11:56:56.46092032,13,8060,253,35
20.964525,-106.818845,2026-08-03 11:56:56.148340992,13,13488,220,16
20.92596,-106.814004,2026-08-03 11:56:56.344874496,13,9207,220,33
21.887691,-106.859505,2026-08-03 11:56:56.877630208,13,3785,211,60
48.744152,-95.696616,2026-08-03 11:56:57.310965760,13,13061,131,82
48.707527,-95.676569,2026-08-03 11:56:57.311019264,13,11564,166,58
21.898398,-107.071191,2026-08-03 11:56:58.274124800,13,7843,214,23
48.488583,-96.372881,2026-08-03 11:56:58.427996928,13,9278,154,111
48.629339,-95.989948,2026-08-03 11:56:59.985640448,13,10134,161,63
48.614824,-96.021548,2026-08-03 11:56:59.985648896,13,5802,149,92
48.669406,-95.72782,2026-08-03 11:57:00.319309568,13,12283,147,52
48.604849,-96.38087,2026-08-03 11:57:01.139425280,13,9882,198,60
48.605194,-96.401358,2026-08-03 11:57:01.139423744,13,13299,195,76
47.686085,-97.458006,2026-08-03 11:57:02.455008256,13,9549,145,43
47.630117,-97.463754,2026-08-03 11:57:02.455028992,13,7309,139,71
20.949995,-106.995543,2026-08-03 11:57:04.117391616,13,7550,221,23
47.766956,-97.400568,2026-08-03 11:57:04.530934784,13,14726,135,45
46.665129,-100.855419,2026-08-03 11:57:05.229518080,13,7383,153,56
48.539654,-96.588886,2026-08-03 11:57:05.729554432,13,13399,139,27
47.846728,-97.858931,2026-08-03 11:57:07.209747712,13,10545,140,72
47.813826,-97.833265,2026-08-03 11:57:07.209770752,13,5190,208,59
21.62125,-107.551636,2026-08-03 11:57:09.576627456,13,11770,224,58
23.941636,-110.059592,2026-08-03 11:57:11.26082560,13,10283,212,51
47.468696,-99.644815,2026-08-03 11:57:12.32477440,13,9761,124,89
47.376269,-99.647345,2026-08-03 11:57:12.32515840,13,14432,150,74
48.563872,-96.56067,2026-08-03 11:57:15.11498240,13,9114,162,38
22.123946,-106.887935,2026-08-03 11:57:15.247738624,13,12427,211,51
47.777181,-97.209749,2026-08-03 11:57:16.621053184,13,6805,166,137
47.759475,-97.221878,2026-08-03 11:57:16.621059584,13,7327,186,121
60.234061,-98.180388,2026-08-03 11:57:16.989976832,13,9430,234,81
48.387902,-96.529088,2026-08-03 11:57:17.567558144,13,8308,152,120
48.375482,-96.418232,2026-08-03 11:57:17.567585536,13,7289,174,104
21.289055,-106.796019,2026-08-03 11:57:17.863791360,13,9575,217,20
46.717366,-100.421676,2026-08-03 11:57:18.26379776,13,6138,153,114
46.726636,-100.449444,2026-08-03 11:57:18.26378496,13,6403,141,101
21.453246,-107.383681,2026-08-03 11:57:18.748112640,13,5291,218,30
46.763209,-98.818605,2026-08-03 11:57:19.58186752,13,11148,192,29
47.27189,-99.500699,2026-08-03 11:57:20.218306304,13,12647,174,25
21.642586,-107.64929,2026-08-03 11:57:20.572634624,13,14144,218,31
38.055939,-72.803865,2026-08-03 11:57:22.364083456,13,5172,218,29
40.995605,-73.718191,2026-08-03 11:57:23.816790272,13,6528,119,31
40.978502,-73.625985,2026-08-03 11:57:23.817946368,13,13246,159,28
15.249035,-101.044468,2026-08-03 11:57:23.859280640,13,7356,269,20
48.756333,-95.794311,2026-08-03 11:57:24.629060608,13,8227,141,69
48.631025,-95.79885,2026-08-03 11:57:24.629104896,13,11540,140,70
46.307487,-99.037038,2026-08-03 11:57:25.186727424,13,3691,145,48
46.299545,-99.060505,2026-08-03 11:57:25.186724608,13,8131,140,62
48.719843,-95.687944,2026-08-03 11:57:27.992066560,13,11674,156,57
48.69699,-95.688896,2026-08-03 11:57:27.992115712,13,7759,141,44
26.264593,-74.406914,2026-08-03 11:57:30.195690752,13,9289,260,65
47.467234,-99.631456,2026-08-03 11:57:31.202135808,13,3092,139,78
47.469802,-99.636725,2026-08-03 11:57:31.202141696,13,9168,167,65
48.372318,-96.310749,2026-08-03 11:57:32.412597760,13,4686,162,87
48.32561,-96.348394,2026-08-03 11:57:32.412610048,13,2975,133,80
48.610935,-96.771446,2026-08-03 11:57:34.120218880,13,12106,141,29
22.219425,-106.918173,2026-08-03 11:57:34.745629952,13,12201,210,28
22.217005,-106.930214,2026-08-03 11:57:34.863963392,13,6408,210,22
47.891337,-97.670309,2026-08-03 11:57:35.711370496,13,5641,146,72
47.86788,-97.649852,2026-08-03 11:57:35.711420672,13,10165,192,59
47.851173,-97.654665,2026-08-03 11:57:35.711416064,13,9283,135,47
46.407493,-99.283682,2026-08-03 11:57:37.458906880,13,13815,121,76
16.34895,-102.599293,2026-08-03 11:57:37.576206592,13,7058,265,30
19.650747,-107.113931,2026-08-03 11:57:38.424563456,13,7862,233,57
20.842536,-106.447863,2026-08-03 11:57:39.397577216,13,5317,223,25
60.005547,-97.911927,2026-08-03 11:57:39.678558720,13,10757,230,71
48.642346,-95.784646,2026-08-03 11:57:41.51707904,13,7595,143,57
48.662027,-95.799396,2026-08-03 11:57:41.51732480,13,10940,140,42
46.260378,-100.049135,2026-08-03 11:57:44.114938368,13,7274,119,59
33.656914,-75.063102,2026-08-03 11:57:44.445626880,13,7602,187,51
33.626574,-75.067104,2026-08-03 11:57:44.445628928,13,10214,183,84
33.651006,-75.086426,2026-08-03 11:57:44.445629952,13,5055,257,65
33.724446,-75.065561,2026-08-03 11:57:44.445656576,13,7055,233,46
36.130025,-73.805584,2026-08-03 11:57:45.490999296,13,6861,161,49
36.047553,-73.747715,2026-08-03 11:57:45.490967552,13,8765,243,37
36.03178,-73.792945,2026-08-03 11:57:45.517295616,13,11305,236,31
36.03302,-73.743332,2026-08-03 11:57:45.517336832,13,12664,195,25
36.04294,-73.821094,2026-08-03 11:57:45.562153728,13,12237,236,15
22.229535,-106.931127,2026-08-03 11:57:46.103996160,13,11606,249,41
46.845938,-100.586997,2026-08-03 11:57:46.949315072,13,12427,109,80
40.948477,-73.687319,2026-08-03 11:57:47.802110720,13,8534,122,86
40.949207,-73.685807,2026-08-03 11:57:47.802112768,13,8381,161,63
40.937944,-73.76274,2026-08-03 11:57:47.802140160,13,11161,204,31
47.735791,-97.477125,2026-08-03 11:57:48.311000576,13,14997,140,38
21.0297,-107.097695,2026-08-03 11:57:49.570144256,13,5532,221,27
48.741518,-95.74082,2026-08-03 11:57:50.722417664,13,5018,130,112
48.711137,-95.713619,2026-08-03 11:57:50.722425600,13,7062,134,101
48.695639,-95.723232,2026-08-03 11:57:50.722427392,13,7144,149,87
48.313488,-96.401188,2026-08-03 11:57:51.808672256,13,8554,155,71
48.280934,-96.440213,2026-08-03 11:57:51.808686592,13,13462,130,109
48.518297,-96.540012,2026-08-03 11:57:52.867777280,13,8805,139,70
48.509631,-96.476857,2026-08-03 11:57:52.867806976,13,11805,186,73
48.089285,-97.757539,2026-08-03 11:57:54.279133440,13,11555,151,83
48.054303,-97.817849,2026-08-03 11:57:54.279129600,13,3727,210,102
47.343289,-99.467472,2026-08-03 11:57:55.448208128,13,14204,148,32
47.343682,-99.563709,2026-08-03 11:57:55.448224768,13,6076,153,44
48.141607,-97.150227,2026-08-03 11:57:56.895072512,13,7010,145,94
48.119109,-97.147564,2026-08-03 11:57:56.895085312,13,4978,160,77
48.0151,-97.011965,2026-08-03 11:57:56.895137792,13,7680,179,64
15.300017,-100.991074,2026-08-03 11:57:57.465771008,13,5906,269,21
39.886615,-75.497165,2026-08-03 11:57:58.406628608,13,8413,126,19
22.239255,-106.898339,2026-08-03 11:57:59.270350336,13,5621,252,28
21.946587,-106.738875,2026-08-03 11:58:00.877548288,13,13521,211,58
22.038771,-106.809246,2026-08-03 11:58:01.15714048,13,12486,211,34
21.659485,-107.639124,2026-08-03 11:58:02.77058560,13,7224,218,38
16.922128,-100.619162,2026-08-03 11:58:02.478902528,13,9068,263,16
47.793236,-97.545797,2026-08-03 11:58:03.645263104,13,8708,137,103
47.764714,-97.530513,2026-08-03 11:58:03.645277696,13,10887,157,93
47.739079,-97.52729,2026-08-03 11:58:03.645286912,13,5244,134,77
15.315851,-101.047046,2026-08-03 11:58:04.967692032,13,5422,269,19
48.777988,-96.338178,2026-08-03 11:58:08.256254208,13,8147,161,144
48.73939,-96.335627,2026-08-03 11:58:08.256274944,13,4327,188,128
24.448451,-83.455489,2026-08-03 11:58:09.128833280,13,4495,265,59
24.572091,-83.409139,2026-08-03 11:58:09.345639424,13,10259,245,34
21.595536,-107.542658,2026-08-03 11:58:09.372692480,13,5725,253,26
47.664382,-97.387091,2026-08-03 11:58:09.825212928,13,9208,192,108
47.632638,-97.402263,2026-08-03 11:58:09.825224448,13,7946,139,103
29.546172,-72.77058,2026-08-03 11:58:10.290707968,13,3722,245,92
48.46001,-96.622094,2026-08-03 11:58:11.306480640,13,2865,158,85
48.411003,-96.627288,2026-08-03 11:58:11.306497024,13,6548,140,72
48.406231,-96.615129,2026-08-03 11:58:11.306538752,13,13986,139,56
31.168226,127.422654,2026-08-03 11:56:08.460041216,14,14156,252,20
27.945933,129.627876,2026-08-03 11:56:21.681285888,14,9718,181,28
17.394275,114.278412,2026-08-03 11:56:42.86272512,14,12890,230,25
39.090567,114.816222,2026-08-03 11:56:49.406361856,14,8009,217,19
32.134943,129.594945,2026-08-03 11:56:51.285651200,14,7415,183,37
32.125956,129.513914,2026-08-03 11:56:51.552318976,14,10457,183,28
34.791637,135.46899,2026-08-03 11:57:02.388260096,14,10502,151,31
27.456198,130.339095,2026-08-03 11:57:06.868754688,14,12549,174,35
27.371899,130.020247,2026-08-03 11:57:07.795729664,14,13497,211,30
33.678973,112.750683,2026-08-03 11:57:08.261329152,14,4357,177,40
33.292176,112.160622,2026-08-03 11:57:48.938328832,14,7795,180,26
47.904783,126.718856,2026-08-03 11:57:55.41358336,14,12850,209,37
49.173615,20.219631,2026-08-03 11:55:05.716711936,11,14459,80,27
49.200841,20.241923,2026-08-03 11:55:05.716717056,11,13615,137,46
40.28393,18.305514,2026-08-03 11:55:08.204208896,11,6618,219,54
40.272206,18.296181,2026-08-03 11:55:08.204260352,11,13609,212,37
42.436019,13.399478,2026-08-03 11:55:08.319291904,11,10024,86,29
46.327198,8.591202,2026-08-03 11:55:08.803719168,11,11699,64,112
46.311258,8.611098,2026-08-03 11:55:08.803719680,11,5626,111,101
46.330206,8.614463,2026-08-03 11:55:08.803724544,11,4887,109,86
40.204989,15.228664,2026-08-03 11:55:12.199955456,11,14396,201,34
48.058321,8.764297,2026-08-03 11:55:14.127124224,11,6548,100,149
48.06251,8.763627,2026-08-03 11:55:14.127131904,11,14805,60,183
48.093848,8.778734,2026-08-03 11:55:14.127132416,11,3094,268,166
48.07876,8.7679,2026-08-03 11:55:14.127126784,11,5486,124,154
40.638748,17.422259,2026-08-03 11:55:15.134606080,11,9286,136,45
40.63536,17.453253,2026-08-03 11:55:15.134652160,11,11598,255,38
49.312238,20.042998,2026-08-03 11:55:17.410265600,11,8339,80,82
40.241793,18.300171,2026-08-03 11:55:19.128630016,11,6668,146,64
40.307409,18.297076,2026-08-03 11:55:19.128656384,11,4983,260,47
43.124026,-71.678184,2026-08-03 11:55:21.27016960,11,12877,198,37
5.271031,18.242953,2026-08-03 11:55:21.863335936,11,6166,247,38
47.853722,8.382803,2026-08-03 11:55:22.346610944,11,14143,74,27
20.960732,-106.855741,2026-08-03 11:55:23.368656128,11,10909,261,25
48.483969,-96.482024,2026-08-03 11:55:24.327061760,11,10978,157,24
39.077656,16.69221,2026-08-03 11:55:26.462014464,11,8776,166,23
39.098386,16.681067,2026-08-03 11:55:26.462024192,11,11736,265,29
40.240369,18.272276,2026-08-03 11:55:27.912920832,11,6612,146,113
40.252399,18.276207,2026-08-03 11:55:27.912928000,11,9157,208,97
40.283424,18.275839,2026-08-03 11:55:27.912978176,11,3560,269,36
45.746917,-1.165402,2026-08-03 11:55:32.426500096,11,5216,200,40
45.761058,-1.154174,2026-08-03 11:55:32.426503936,11,8320,155,108
45.742289,-1.205261,2026-08-03 11:55:32.426500608,11,4509,255,88
45.768574,-1.135149,2026-08-03 11:55:32.426519808,11,7348,123,73
48.75118,23.471443,2026-08-03 11:55:35.444607488,11,7629,234,105
48.704904,23.688431,2026-08-03 11:55:35.444583424,11,4981,227,107
48.730717,23.636133,2026-08-03 11:55:35.444599808,11,3732,257,91
48.70723,23.734823,2026-08-03 11:55:35.444585472,11,12217,207,78
47.865129,8.403059,2026-08-03 11:55:37.889621760,11,10621,114,26
48.56668,-96.488682,2026-08-03 11:55:38.72045568,11,12543,198,31
46.27076,-99.036824,2026-08-03 11:55:38.423457280,11,9957,146,38
48.382117,-96.268312,2026-08-03 11:55:39.113846016,11,9404,158,44
49.034831,22.655064,2026-08-03 11:55:40.554135296,11,13741,197,34
40.348466,15.30678,2026-08-03 11:55:42.145287680,11,5457,187,95
40.334433,15.327173,2026-08-03 11:55:42.145282560,11,14117,188,139
45.268951,7.360533,2026-08-03 11:55:45.462150144,11,7434,159,138
45.260326,7.364675,2026-08-03 11:55:45.462147840,11,9123,104,169
45.374834,7.215029,2026-08-03 11:55:45.462193920,11,13499,187,155
5.432145,17.489289,2026-08-03 11:55:47.42232576,11,8975,243,41
49.556889,21.10136,2026-08-03 11:55:47.118641920,11,12734,103,36
49.531609,21.113264,2026-08-03 11:55:47.118654976,11,12646,100,34
49.530678,21.075868,2026-08-03 11:55:47.130904576,11,9742,118,45
49.530204,21.151452,2026-08-03 11:55:47.130907904,11,8207,155,40
46.370149,-99.300813,2026-08-03 11:55:50.46715648,11,7587,162,46
66.838936,22.146098,2026-08-03 11:55:52.472214016,11,13846,135,90
48.640014,-96.596895,2026-08-03 11:55:53.469869056,11,11667,158,26
45.8851,2.750174,2026-08-03 11:55:54.940834816,11,7538,81,117
45.867878,2.736082,2026-08-03 11:55:54.940838144,11,11320,79,139
45.874025,2.747081,2026-08-03 11:55:54.940839168,11,13409,84,120
45.845988,2.674829,2026-08-03 11:55:54.940825856,11,3950,237,98
45.883699,2.71464,2026-08-03 11:55:54.940842752,11,10351,217,84
45.893138,2.727794,2026-08-03 11:55:54.940852736,11,6964,142,62
45.769385,2.507413,2026-08-03 11:55:54.940829696,11,12738,228,47
45.783508,2.530179,2026-08-03 11:55:54.940828160,11,14472,261,35
48.716072,23.706334,2026-08-03 11:55:56.453350144,11,6993,181,66
48.714617,23.702044,2026-08-03 11:55:56.453354752,11,11414,180,82
48.718693,23.684026,2026-08-03 11:55:56.453370624,11,7820,152,64
40.66344,17.393707,2026-08-03 11:55:58.115239424,11,7642,135,104
40.728811,17.376047,2026-08-03 11:55:58.115308032,11,10805,186,83
45.723385,-1.145146,2026-08-03 11:55:59.792321792,11,6988,118,206
45.72855,-1.15632,2026-08-03 11:55:59.792324096,11,8550,129,262
45.731975,-1.157949,2026-08-03 11:55:59.792325376,11,11532,101,240
45.817756,-1.050712,2026-08-03 11:55:59.792364032,11,2144,267,216
45.736997,-1.191741,2026-08-03 11:55:59.792329472,11,3684,261,202
45.728818,-1.205944,2026-08-03 11:55:59.792322816,11,3847,261,184
48.767188,-96.352438,2026-08-03 11:56:00.521352192,11,6424,160,37
40.68695,17.147547,2026-08-03 11:56:05.927128064,11,11838,136,88
40.828226,17.111445,2026-08-03 11:56:05.927182080,11,8851,233,66
35.294343,6.618215,2026-08-03 11:56:08.145752576,11,5006,245,37
47.264573,-99.531368,2026-08-03 11:56:08.215106560,11,4714,159,38
46.368028,3.253221,2026-08-03 11:56:13.108727296,11,10374,61,58
46.374037,3.254784,2026-08-03 11:56:13.108736512,11,12523,74,90
46.370827,3.270649,2026-08-03 11:56:13.108735232,11,4376,168,69
46.3846,3.252865,2026-08-03 11:56:13.108733696,11,10453,132,53
45.234118,13.95867,2026-08-03 11:56:18.300907008,11,9782,50,206
45.236724,13.955678,2026-08-03 11:56:18.300911104,11,5525,103,184
45.237729,13.954197,2026-08-03 11:56:18.300909824,11,9074,101,162
45.242375,13.953617,2026-08-03 11:56:18.300909568,11,13664,108,51
44.97992,7.112663,2026-08-03 11:56:20.54354176,11,10262,156,109
44.937733,7.150993,2026-08-03 11:56:20.54381568,11,14179,111,96
44.9675,7.113814,2026-08-03 11:56:20.54386688,11,11163,100,83
44.960946,7.082754,2026-08-03 11:56:20.54389504,11,12906,100,67
44.982866,7.096516,2026-08-03 11:56:20.54427136,11,13814,237,47
44.904396,7.110586,2026-08-03 11:56:20.54404096,11,12907,154,35
48.611253,-96.588616,2026-08-03 11:56:21.215536640,11,7509,163,35
47.140118,-100.568524,2026-08-03 11:56:21.580548864,11,12375,157,47
47.878006,8.377401,2026-08-03 11:56:25.246997760,11,13158,115,26
47.874042,8.381955,2026-08-03 11:56:25.248458240,11,14953,138,31
66.097889,21.930482,2026-08-03 11:56:27.226121984,11,11634,201,34
65.955189,21.729134,2026-08-03 11:56:27.226239744,11,14948,256,21
47.939889,8.423845,2026-08-03 11:56:27.600814848,11,5286,128,17
4.440618,19.314712,2026-08-03 11:56:30.716428032,11,6732,255,29
48.867977,19.552476,2026-08-03 11:56:34.816539392,11,2957,213,166
48.89399,19.564948,2026-08-03 11:56:34.816528128,11,6236,169,179
48.886902,19.592267,2026-08-03 11:56:34.816533248,11,6742,95,33
47.843893,8.386124,2026-08-03 11:56:37.791267072,11,5335,67,155
47.852018,8.383915,2026-08-03 11:56:37.791265024,11,7626,65,209
47.853873,8.399701,2026-08-03 11:56:37.791272192,11,5605,124,196
47.85543,8.386508,2026-08-03 11:56:37.791275776,11,8265,91,183
47.90177,8.378753,2026-08-03 11:56:37.791291648,11,8905,131,165
47.832584,8.385533,2026-08-03 11:56:37.791286016,11,8117,130,152
48.799951,19.515693,2026-08-03 11:56:40.476195840,11,14191,97,17
47.461885,-99.660184,2026-08-03 11:56:41.748891904,11,8839,140,43
40.111165,18.21579,2026-08-03 11:56:43.685212672,11,14177,191,25
40.667296,17.121565,2026-08-03 11:56:43.998972928,11,11443,75,64
40.689587,17.129489,2026-08-03 11:56:43.999021568,11,12546,190,45
40.684567,17.136866,2026-08-03 11:56:43.999017472,11,8918,255,33
45.720753,-1.122703,2026-08-03 11:56:44.810619392,11,11211,132,111
45.731425,-1.095617,2026-08-03 11:56:44.891650816,11,6178,167,222
48.540824,-97.17237,2026-08-03 11:56:46.415739136,11,13283,214,28
48.290212,-96.327528,2026-08-03 11:56:48.921335040,11,8902,158,38
48.468132,-96.303311,2026-08-03 11:56:50.985521664,11,12197,192,32
40.634177,17.425944,2026-08-03 11:56:51.679772416,11,13543,122,23
47.945635,8.436935,2026-08-03 11:56:53.358955776,11,8967,123,41
47.964567,8.391658,2026-08-03 11:56:53.358961408,11,14556,102,23
40.188803,18.381528,2026-08-03 11:56:53.940865536,11,10623,117,23
46.323618,-99.786098,2026-08-03 11:56:54.439109888,11,10952,147,30
48.126055,19.850415,2026-08-03 11:56:55.596248832,11,14561,86,18
40.273427,15.288628,2026-08-03 11:56:58.929407744,11,14912,157,34
48.589968,-95.997589,2026-08-03 11:56:59.985655808,11,12045,160,27
47.864456,8.396202,2026-08-03 11:57:01.294557952,11,9599,83,84
47.86576,8.39644,2026-08-03 11:57:01.294556928,11,14659,80,85
47.876717,8.407671,2026-08-03 11:57:01.294572288,11,14906,77,71
44.184639,11.43926,2026-08-03 11:57:04.622507520,11,14191,73,47
44.17241,11.423567,2026-08-03 11:57:04.625493760,11,13567,52,26
45.394935,-0.79219,2026-08-03 11:57:05.529682944,11,8643,97,57
47.784996,-97.261917,2026-08-03 11:57:16.621045504,11,5965,155,48
60.184833,-98.083395,2026-08-03 11:57:16.990001920,11,11391,240,32
48.130569,19.886012,2026-08-03 11:57:18.719201024,11,6268,55,192
48.125835,19.900186,2026-08-03 11:57:18.719202048,11,5958,80,168
48.126102,19.901178,2026-08-03 11:57:18.719202560,11,8311,92,149
40.289026,18.145403,2026-08-03 11:57:20.276794880,11,8981,89,144
40.31113,18.167091,2026-08-03 11:57:20.276791040,11,12958,188,142
45.229241,13.970345,2026-08-03 11:57:20.824908544,11,14635,48,48
45.228368,13.967411,2026-08-03 11:57:20.824926464,11,12016,101,32
43.855838,11.825126,2026-08-03 11:57:23.268736256,11,12282,87,30
64.015855,43.634997,2026-08-03 11:57:24.470080512,11,9606,269,68
40.266768,18.316067,2026-08-03 11:57:25.911297792,11,5128,194,68
45.238453,13.968162,2026-08-03 11:57:31.249902336,11,13452,48,54
47.406591,-0.384098,2026-08-03 11:57:33.295089408,11,10047,129,261
47.414229,-0.374188,2026-08-03 11:57:33.295088128,11,10267,150,355
47.408201,-0.379004,2026-08-03 11:57:33.450953472,11,7705,146,104
47.853454,-97.664479,2026-08-03 11:57:35.711418880,11,13096,155,30
44.133127,11.562343,2026-08-03 11:57:41.103783424,11,6882,118,26
33.61444,-75.058363,2026-08-03 11:57:44.445611264,11,11370,190,64
34.268019,-75.115608,2026-08-03 11:57:44.445858816,11,14386,213,42
66.316724,21.952446,2026-08-03 11:57:45.38003712,11,13397,103,19
47.867508,8.409848,2026-08-03 11:57:45.605280000,11,7146,133,18
46.785652,-100.561595,2026-08-03 11:57:46.949369600,11,12780,134,32
45.256422,7.267626,2026-08-03 11:57:48.926608640,11,13449,63,112
45.258619,7.259566,2026-08-03 11:57:48.926616576,11,9596,101,138
45.255797,7.273344,2026-08-03 11:57:48.926624768,11,13142,112,120
45.254637,7.258338,2026-08-03 11:57:48.926624256,11,14824,69,99
45.354164,7.257954,2026-08-03 11:57:48.926660096,11,4770,228,79
45.299668,7.23384,2026-08-03 11:57:48.926639360,11,6737,245,65
45.286118,7.241906,2026-08-03 11:57:48.926652160,11,12218,181,45
48.714474,-95.89705,2026-08-03 11:57:50.722431744,11,9233,259,23
47.865611,8.421957,2026-08-03 11:57:54.978807808,11,6931,100,55
47.839521,8.401116,2026-08-03 11:57:54.978811136,11,4449,132,73
47.874393,8.40923,2026-08-03 11:57:54.978823680,11,11966,71,60
47.865519,8.398335,2026-08-03 11:57:54.978817792,11,9507,150,39
47.862502,8.361803,2026-08-03 11:57:55.40291840,11,11777,139,24
40.329255,18.210342,2026-08-03 11:57:55.578412544,11,10471,122,27
40.378145,18.082741,2026-08-03 11:57:55.838201088,11,12926,161,149
45.258492,6.431536,2026-08-03 11:57:57.594476544,11,10803,92,173
45.261394,6.448856,2026-08-03 11:57:57.594483968,11,7601,115,229
45.266426,6.443921,2026-08-03 11:57:57.594484736,11,8307,70,207
45.266377,6.445075,2026-08-03 11:57:57.594482176,11,8073,78,186
48.127426,19.845491,2026-08-03 11:57:58.377156352,11,6194,85,24
48.709514,23.722658,2026-08-03 11:58:01.579745024,11,10062,181,178
47.787573,-97.577514,2026-08-03 11:58:03.645277184,11,14020,138,32
48.77349,-96.3718,2026-08-03 11:58:08.256250880,11,10229,160,58
6.332046,15.277768,2026-08-03 11:58:08.675311104,11,4588,225,32
45.740464,-1.140265,2026-08-03 11:58:10.98936320,11,8207,190,89
45.792678,1.333802,2026-08-03 11:58:12.778266880,11,8698,147,218
48.775086,23.57747,2026-08-03 11:55:02.640212480,12,5671,243,107
49.173615,20.219631,2026-08-03 11:55:05.716711936,12,14459,80,27
49.200841,20.241923,2026-08-03 11:55:05.716717056,12,13615,137,46
40.28393,18.305514,2026-08-03 11:55:08.204208896,12,6618,219,54
40.272206,18.296181,2026-08-03 11:55:08.204260352,12,13609,212,37
42.436019,13.399478,2026-08-03 11:55:08.319291904,12,10024,86,29
46.327198,8.591202,2026-08-03 11:55:08.803719168,12,11699,64,111
46.311258,8.611098,2026-08-03 11:55:08.803719680,12,5626,111,100
46.330206,8.614463,2026-08-03 11:55:08.803724544,12,4887,109,85
40.204989,15.228664,2026-08-03 11:55:12.199955456,12,14396,201,34
48.058321,8.764297,2026-08-03 11:55:14.127124224,12,6548,100,148
48.06251,8.763627,2026-08-03 11:55:14.127131904,12,14805,60,182
48.093848,8.778734,2026-08-03 11:55:14.127132416,12,3094,268,164
48.07876,8.7679,2026-08-03 11:55:14.127126784,12,5486,124,152
48.423465,-96.343864,2026-08-03 11:55:15.59208448,12,8475,159,44
40.638748,17.422259,2026-08-03 11:55:15.134606080,12,9286,136,48
49.312238,20.042998,2026-08-03 11:55:17.410265600,12,8339,80,81
40.241793,18.300171,2026-08-03 11:55:19.128630016,12,6668,146,64
40.307409,18.297076,2026-08-03 11:55:19.128656384,12,4983,260,47
43.124026,-71.678184,2026-08-03 11:55:21.27016960,12,12877,198,37
21.00149,-106.873429,2026-08-03 11:55:23.368666624,12,9926,261,27
48.396286,-96.447098,2026-08-03 11:55:24.327088384,12,13210,192,27
39.077656,16.69221,2026-08-03 11:55:26.462014464,12,8776,166,23
39.098386,16.681067,2026-08-03 11:55:26.462024192,12,11736,265,29
40.240369,18.272276,2026-08-03 11:55:27.912920832,12,6612,146,111
40.252399,18.276207,2026-08-03 11:55:27.912928000,12,9157,208,95
45.746925,-1.156554,2026-08-03 11:55:32.426500352,12,4189,199,52
45.749207,-1.164047,2026-08-03 11:55:32.426504704,12,7293,103,118
45.789969,-1.125236,2026-08-03 11:55:32.426521088,12,1978,262,104
45.751498,-1.184207,2026-08-03 11:55:32.426506240,12,7348,255,91
45.768538,-1.135476,2026-08-03 11:55:32.426516992,12,7350,123,75
45.739704,-1.194376,2026-08-03 11:55:32.426512896,12,12653,187,62
48.75118,23.471443,2026-08-03 11:55:35.444607488,12,7629,234,105
48.704904,23.688431,2026-08-03 11:55:35.444583424,12,4981,227,107
48.730717,23.636133,2026-08-03 11:55:35.444599808,12,3732,257,91
48.70723,23.734823,2026-08-03 11:55:35.444585472,12,12217,207,78
46.340342,3.161755,2026-08-03 11:55:35.859827200,12,11238,68,45
46.332012,3.143638,2026-08-03 11:55:35.859830016,12,7410,191,32
47.865129,8.403059,2026-08-03 11:55:37.889621760,12,10621,114,26
48.527495,-96.518395,2026-08-03 11:55:38.72053248,12,14562,193,31
46.236415,-98.93486,2026-08-03 11:55:38.423489280,12,11798,183,36
48.382117,-96.268312,2026-08-03 11:55:39.113846016,12,9404,158,46
49.034831,22.655064,2026-08-03 11:55:40.554135296,12,13741,197,34
40.348466,15.30678,2026-08-03 11:55:42.145287680,12,5457,187,95
40.334433,15.327173,2026-08-03 11:55:42.145282560,12,14117,188,139
45.268951,7.360533,2026-08-03 11:55:45.462150144,12,7434,159,138
45.260326,7.364675,2026-08-03 11:55:45.462147840,12,9123,104,169
45.374834,7.215029,2026-08-03 11:55:45.462193920,12,13499,187,155
45.237369,7.329541,2026-08-03 11:55:45.462182912,12,9709,183,91
5.432145,17.489289,2026-08-03 11:55:47.42232576,12,8975,243,41
49.556889,21.10136,2026-08-03 11:55:47.118641920,12,12734,103,36
49.531609,21.113264,2026-08-03 11:55:47.118654976,12,12646,100,34
49.530678,21.075868,2026-08-03 11:55:47.130904576,12,9742,118,45
49.530204,21.151452,2026-08-03 11:55:47.130907904,12,8207,155,40
46.370149,-99.300813,2026-08-03 11:55:50.46715648,12,7587,162,48
66.838936,22.146098,2026-08-03 11:55:52.472214016,12,13846,135,90
46.749291,-98.723098,2026-08-03 11:55:52.539085056,12,6390,150,41
48.644333,-96.579954,2026-08-03 11:55:53.469869056,12,14774,158,28
45.8851,2.750174,2026-08-03 11:55:54.940834816,12,7538,81,117
45.867878,2.736082,2026-08-03 11:55:54.940838144,12,11320,79,139
45.874025,2.747081,2026-08-03 11:55:54.940839168,12,13409,84,120
45.845988,2.674829,2026-08-03 11:55:54.940825856,12,3950,237,98
45.883699,2.71464,2026-08-03 11:55:54.940842752,12,10351,217,84
45.893138,2.727794,2026-08-03 11:55:54.940852736,12,6964,142,62
45.769385,2.507413,2026-08-03 11:55:54.940829696,12,12738,228,47
45.783508,2.530179,2026-08-03 11:55:54.940828160,12,14472,261,35
48.716072,23.706334,2026-08-03 11:55:56.453350144,12,6993,181,66
48.714617,23.702044,2026-08-03 11:55:56.453354752,12,11414,180,82
48.718693,23.684026,2026-08-03 11:55:56.453370624,12,7820,152,64
48.703776,23.752435,2026-08-03 11:55:56.470569216,12,5306,213,50
40.66344,17.393707,2026-08-03 11:55:58.115239424,12,7642,135,104
40.728811,17.376047,2026-08-03 11:55:58.115308032,12,10805,186,83
45.723385,-1.145146,2026-08-03 11:55:59.792321792,12,6988,118,206
45.72855,-1.15632,2026-08-03 11:55:59.792324096,12,8550,129,262
45.731975,-1.157949,2026-08-03 11:55:59.792325376,12,11532,101,240
45.817756,-1.050712,2026-08-03 11:55:59.792364032,12,2144,267,216
45.736997,-1.191741,2026-08-03 11:55:59.792329472,12,3684,261,202
45.728818,-1.205944,2026-08-03 11:55:59.792322816,12,3847,261,188
45.710445,-1.117267,2026-08-03 11:55:59.956104704,12,3526,176,54
48.632651,-96.316174,2026-08-03 11:56:00.521396480,12,14508,158,35
40.68695,17.147547,2026-08-03 11:56:05.927128064,12,11838,136,88
40.828226,17.111445,2026-08-03 11:56:05.927182080,12,8851,233,66
35.294343,6.618215,2026-08-03 11:56:08.145752576,12,5006,245,37
47.264573,-99.531368,2026-08-03 11:56:08.215106560,12,4714,159,39
46.368028,3.253221,2026-08-03 11:56:13.108727296,12,10374,57,62
46.368193,3.25548,2026-08-03 11:56:13.108732672,12,14859,73,98
46.385833,3.248129,2026-08-03 11:56:13.108732160,12,12371,106,76
46.387828,3.253727,2026-08-03 11:56:13.108739328,12,6431,132,52
45.234118,13.95867,2026-08-03 11:56:18.300907008,12,9782,50,206
45.236724,13.955678,2026-08-03 11:56:18.300911104,12,5525,103,184
45.237729,13.954197,2026-08-03 11:56:18.300909824,12,9074,101,162
45.229937,13.953138,2026-08-03 11:56:18.300914176,12,8156,134,111
44.97992,7.112663,2026-08-03 11:56:20.54354176,12,10262,156,109
44.937733,7.150993,2026-08-03 11:56:20.54381568,12,14179,111,96
44.9675,7.113814,2026-08-03 11:56:20.54386688,12,11163,100,83
44.960946,7.082754,2026-08-03 11:56:20.54389504,12,12906,100,67
44.982866,7.096516,2026-08-03 11:56:20.54427136,12,13814,237,47
44.904396,7.110586,2026-08-03 11:56:20.54404096,12,12907,154,35
48.611253,-96.588616,2026-08-03 11:56:21.215536640,12,7509,163,36
47.140118,-100.568524,2026-08-03 11:56:21.580548864,12,12375,157,48
47.878006,8.377401,2026-08-03 11:56:25.246997760,12,13158,115,26
47.874042,8.381955,2026-08-03 11:56:25.248458240,12,14953,138,31
66.097889,21.930482,2026-08-03 11:56:27.226121984,12,11634,201,34
65.955189,21.729134,2026-08-03 11:56:27.226239744,12,14948,256,21
47.939889,8.423845,2026-08-03 11:56:27.600814848,12,5286,128,17
4.440618,19.314712,2026-08-03 11:56:30.716428032,12,6732,255,29
48.869822,19.552365,2026-08-03 11:56:34.816538880,12,3040,213,149
48.86926,19.548165,2026-08-03 11:56:34.816538368,12,2639,209,180
48.892125,19.565011,2026-08-03 11:56:34.816534016,12,4621,81,166
47.843893,8.386124,2026-08-03 11:56:37.791267072,12,5335,67,155
47.852018,8.383915,2026-08-03 11:56:37.791265024,12,7626,65,209
47.853873,8.399701,2026-08-03 11:56:37.791272192,12,5605,124,196
47.85543,8.386508,2026-08-03 11:56:37.791275776,12,8265,91,183
47.90177,8.378753,2026-08-03 11:56:37.791291648,12,8905,131,165
47.832584,8.385533,2026-08-03 11:56:37.791286016,12,8117,130,152
47.885194,8.41932,2026-08-03 11:56:37.791283712,12,10268,154,139
48.799951,19.515693,2026-08-03 11:56:40.476195840,12,14191,97,17
47.461885,-99.660184,2026-08-03 11:56:41.748891904,12,8839,140,43
47.949279,8.42972,2026-08-03 11:56:42.67859712,12,9895,103,37
40.631561,17.428434,2026-08-03 11:56:43.208985856,12,11390,139,33
40.246863,18.307821,2026-08-03 11:56:43.685215744,12,6391,162,38
40.667296,17.121565,2026-08-03 11:56:43.998972928,12,11443,75,64
40.689587,17.129489,2026-08-03 11:56:43.999021568,12,12546,190,45
45.720753,-1.122703,2026-08-03 11:56:44.810619392,12,11211,132,111
45.731425,-1.095617,2026-08-03 11:56:44.891650816,12,6178,167,222
48.540824,-97.17237,2026-08-03 11:56:46.415739136,12,13283,214,28
48.290212,-96.327528,2026-08-03 11:56:48.921335040,12,8902,158,38
48.708466,23.714863,2026-08-03 11:56:49.953597440,12,7574,133,43
48.699109,23.725478,2026-08-03 11:56:49.971518208,12,6891,133,43
48.468132,-96.303311,2026-08-03 11:56:50.985521664,12,12197,192,32
40.634177,17.425944,2026-08-03 11:56:51.679772416,12,13543,122,23
47.945635,8.436935,2026-08-03 11:56:53.358955776,12,8967,123,41
47.964567,8.391658,2026-08-03 11:56:53.358961408,12,14556,102,23
40.188803,18.381528,2026-08-03 11:56:53.940865536,12,10623,117,23
46.323618,-99.786098,2026-08-03 11:56:54.439109888,12,10952,147,30
48.126055,19.850415,2026-08-03 11:56:55.596248832,12,14561,86,18
48.591826,-96.019143,2026-08-03 11:56:59.985652480,12,11728,160,26
47.864456,8.396202,2026-08-03 11:57:01.294557952,12,9599,83,84
47.86576,8.39644,2026-08-03 11:57:01.294556928,12,14659,80,85
47.876717,8.407671,2026-08-03 11:57:01.294572288,12,14906,77,71
44.184639,11.43926,2026-08-03 11:57:04.622507520,12,14191,73,47
44.17241,11.423567,2026-08-03 11:57:04.625493760,12,13567,52,26
45.394935,-0.79219,2026-08-03 11:57:05.529682944,12,8643,97,57
47.784996,-97.261917,2026-08-03 11:57:16.621045504,12,5965,155,48
60.184833,-98.083395,2026-08-03 11:57:16.990001920,12,11391,240,32
48.130569,19.886012,2026-08-03 11:57:18.719201024,12,6268,55,192
48.125835,19.900186,2026-08-03 11:57:18.719202048,12,5958,80,168
48.126102,19.901178,2026-08-03 11:57:18.719202560,12,8311,92,149
40.33663,18.149426,2026-08-03 11:57:20.276796160,12,5471,145,143
40.32994,18.183915,2026-08-03 11:57:20.276808704,12,13363,160,144
40.318206,18.245358,2026-08-03 11:57:20.276794880,12,13560,243,40
45.229241,13.970345,2026-08-03 11:57:20.824908544,12,14635,48,49
45.228368,13.967411,2026-08-03 11:57:20.824926464,12,12016,101,32
43.855838,11.825126,2026-08-03 11:57:23.268736256,12,12282,87,30
64.015855,43.634997,2026-08-03 11:57:24.470080512,12,9606,269,68
40.265706,18.317668,2026-08-03 11:57:25.911298048,12,7448,194,45
45.238453,13.968162,2026-08-03 11:57:31.249902336,12,13452,48,52
47.406591,-0.384098,2026-08-03 11:57:33.295089408,12,10047,129,343
47.408201,-0.379004,2026-08-03 11:57:33.450953472,12,7705,146,102
47.853454,-97.664479,2026-08-03 11:57:35.711418880,12,13096,155,30
44.133127,11.562343,2026-08-03 11:57:41.103783424,12,6882,118,26
33.61444,-75.058363,2026-08-03 11:57:44.445611264,12,11370,190,64
34.268019,-75.115608,2026-08-03 11:57:44.445858816,12,14386,213,42
66.316724,21.952446,2026-08-03 11:57:45.38003712,12,13397,103,19
47.867508,8.409848,2026-08-03 11:57:45.605280000,12,7146,133,18
46.785654,-100.561599,2026-08-03 11:57:46.949369600,12,12779,134,32
45.256422,7.267626,2026-08-03 11:57:48.926608640,12,13449,63,112
45.258619,7.259566,2026-08-03 11:57:48.926616576,12,9596,101,138
45.255797,7.273344,2026-08-03 11:57:48.926624768,12,13142,112,120
45.254637,7.258338,2026-08-03 11:57:48.926624256,12,14824,69,99
45.354164,7.257954,2026-08-03 11:57:48.926660096,12,4770,228,79
45.299668,7.23384,2026-08-03 11:57:48.926639360,12,6737,245,65
45.257667,7.246967,2026-08-03 11:57:48.926648576,12,10615,181,52
48.714474,-95.89705,2026-08-03 11:57:50.722431744,12,9233,259,23
47.865611,8.421957,2026-08-03 11:57:54.978807808,12,6931,100,55
47.839521,8.401116,2026-08-03 11:57:54.978811136,12,4449,132,73
47.874393,8.40923,2026-08-03 11:57:54.978823680,12,11966,71,60
47.865519,8.398335,2026-08-03 11:57:54.978817792,12,9507,150,39
40.329255,18.210342,2026-08-03 11:57:55.578412544,12,10471,122,26
40.378145,18.082741,2026-08-03 11:57:55.838201088,12,12926,161,148
45.258492,6.431536,2026-08-03 11:57:57.594476544,12,10803,92,173
45.261394,6.448856,2026-08-03 11:57:57.594483968,12,7601,115,229
45.266426,6.443921,2026-08-03 11:57:57.594484736,12,8307,70,207
45.266377,6.445075,2026-08-03 11:57:57.594482176,12,8073,78,186
48.709514,23.722658,2026-08-03 11:58:01.579745024,12,10062,181,178
47.787559,-97.577479,2026-08-03 11:58:03.645277184,12,14007,138,32
48.77349,-96.3718,2026-08-03 11:58:08.256250880,12,10229,160,58
6.332046,15.277768,2026-08-03 11:58:08.675311104,12,4588,225,32
45.740464,-1.140265,2026-08-03 11:58:10.98936320,12,8207,190,89
45.792678,1.333802,2026-08-03 11:58:12.778266880,12,8698,147,220
37.689577,14.488012,2026-08-03 14:00:00.684857600,1,12338,195,20
37.46034,14.505999,2026-08-03 14:00:00.712656128,1,11415,230,24
34.783199,4.063076,2026-08-03 14:00:01.178053632,1,7248,239,25
42.366649,13.188143,2026-08-03 14:00:01.364637696,1,11299,249,80
42.349083,13.188938,2026-08-03 14:00:01.364642048,1,6693,247,118
42.581097,13.242903,2026-08-03 14:00:01.364729088,1,12399,198,84
42.399236,13.176932,2026-08-03 14:00:01.364700928,1,13696,153,72
42.414553,13.172358,2026-08-03 14:00:01.364704768,1,6519,215,62
42.459629,13.170908,2026-08-03 14:00:01.364720896,1,13090,250,48
44.664811,7.271859,2026-08-03 14:00:02.525111808,1,4574,91,90
44.672865,7.29108,2026-08-03 14:00:02.525114624,1,10814,193,74
44.663937,7.259944,2026-08-03 14:00:02.525223680,1,8489,186,56
44.711453,7.272494,2026-08-03 14:00:02.525241856,1,5840,263,43
44.651051,7.258549,2026-08-03 14:00:02.525217280,1,6645,107,30
47.523639,-98.076908,2026-08-03 14:00:10.475102976,1,7837,250,47
47.614184,-98.309042,2026-08-03 14:00:10.475041792,1,8775,217,34
47.735463,-98.426271,2026-08-03 14:00:10.475029504,1,9105,160,22
42.349919,12.164248,2026-08-03 14:00:11.385498624,1,10110,100,23
44.687238,7.31065,2026-08-03 14:00:18.868194816,1,9312,136,38
37.547358,14.515655,2026-08-03 14:00:19.7975936,1,14217,250,34
47.110072,13.438366,2026-08-03 14:00:19.180023296,1,7284,87,19
47.097484,13.380103,2026-08-03 14:00:19.283112960,1,7087,87,59
47.09589,13.383718,2026-08-03 14:00:19.283113728,1,7928,73,224
47.099736,13.38112,2026-08-03 14:00:19.283115264,1,4471,52,204
47.099135,13.387567,2026-08-03 14:00:19.283114752,1,6273,61,187
47.107969,13.384073,2026-08-03 14:00:19.283118080,1,7378,123,166
47.077467,13.349245,2026-08-03 14:00:19.283114240,1,3293,227,145
47.242119,13.328396,2026-08-03 14:00:19.283171328,1,5334,238,131
47.13973,13.387011,2026-08-03 14:00:19.283134208,1,7348,251,119
47.146794,13.386326,2026-08-03 14:00:19.283133184,1,7814,205,101
47.182592,13.358326,2026-08-03 14:00:19.283150592,1,7054,185,88
47.16532,13.366547,2026-08-03 14:00:19.283148800,1,6138,179,75
47.059606,13.288732,2026-08-03 14:00:19.283152128,1,12346,178,63
47.057667,13.275172,2026-08-03 14:00:19.283145472,1,11341,151,49
47.095836,13.388428,2026-08-03 14:00:19.283155456,1,13743,119,27
64.371757,41.995205,2026-08-03 14:00:26.365477376,1,6001,265,129
49.502661,3.519842,2026-08-03 14:00:33.699248128,1,6709,97,36
42.761806,0.087852,2026-08-03 14:00:33.845029632,1,14603,153,17
43.426189,11.984198,2026-08-03 14:00:34.226355968,1,6059,88,247
43.437631,11.995235,2026-08-03 14:00:34.226362368,1,2601,229,226
43.434285,11.991136,2026-08-03 14:00:34.226363136,1,4659,235,212
43.416151,11.997776,2026-08-03 14:00:34.226361088,1,2671,223,196
43.460632,11.99595,2026-08-03 14:00:34.226377216,1,4067,235,184
43.487649,12.023647,2026-08-03 14:00:34.226391552,1,7945,267,171
43.500403,12.049797,2026-08-03 14:00:34.226396416,1,14426,180,154
43.459847,11.980948,2026-08-03 14:00:34.226417152,1,7964,173,141
43.464392,11.99027,2026-08-03 14:00:34.226417664,1,9359,162,126
43.467124,12.000844,2026-08-03 14:00:34.226408960,1,13285,146,112
43.45978,11.986433,2026-08-03 14:00:34.226401792,1,11593,193,91
43.452979,11.9694,2026-08-03 14:00:34.226402816,1,7756,190,78
46.355327,4.550052,2026-08-03 14:00:41.260678656,1,12953,117,263
46.341275,4.51896,2026-08-03 14:00:41.260687616,1,14679,83,246
46.356607,4.548429,2026-08-03 14:00:41.260680448,1,14797,58,234
46.351185,4.5131,2026-08-03 14:00:41.260691712,1,12894,80,218
46.369146,4.517714,2026-08-03 14:00:41.260698624,1,13780,113,205
46.382516,4.500865,2026-08-03 14:00:41.260695296,1,7259,111,194
46.386325,4.551866,2026-08-03 14:00:41.260696320,1,13711,176,183
46.351061,4.566414,2026-08-03 14:00:41.260685312,1,14498,109,173
46.38057,4.522239,2026-08-03 14:00:41.260690944,1,10740,116,162
46.310505,4.50825,2026-08-03 14:00:41.260679168,1,8192,231,150
46.369659,4.544083,2026-08-03 14:00:41.260691968,1,14867,155,138
46.443831,4.579691,2026-08-03 14:00:41.260721920,1,13787,237,126
46.35036,4.505096,2026-08-03 14:00:41.260699392,1,13745,95,83
48.327041,2.937337,2026-08-03 14:00:48.645968896,1,9722,147,69
48.328554,2.932424,2026-08-03 14:00:48.645967104,1,7807,94,54
48.427524,2.927117,2026-08-03 14:00:48.646011648,1,11929,93,40
41.197228,0.056306,2026-08-03 14:00:49.259487744,1,2708,255,275
41.225834,0.064845,2026-08-03 14:00:49.259497472,1,7350,174,263
41.237716,0.064381,2026-08-03 14:00:49.259506688,1,6545,165,244
41.28886,0.099522,2026-08-03 14:00:49.259524352,1,6414,178,225
41.318344,0.05646,2026-08-03 14:00:49.259539712,1,4626,263,194
42.798642,0.373688,2026-08-03 14:00:56.736215808,1,13299,87,18
48.265391,23.564204,2026-08-03 14:00:56.848177152,1,6260,229,80
48.21736,23.59387,2026-08-03 14:00:56.848179968,1,3912,226,62
48.235381,23.646052,2026-08-03 14:00:56.848173312,1,4973,191,49
58.762158,-95.111065,2026-08-03 14:01:05.362853120,1,6483,249,23
37.396612,14.55343,2026-08-03 14:01:06.271757824,1,11868,242,36
37.481449,14.558264,2026-08-03 14:01:06.271789824,1,12238,245,23
48.192844,3.269884,2026-08-03 14:01:06.734225152,1,8730,88,54
48.203228,3.264738,2026-08-03 14:01:06.734232064,1,4007,89,33
48.190418,3.250938,2026-08-03 14:01:06.734226688,1,11181,98,20
46.940846,2.918868,2026-08-03 14:01:06.895947008,1,3772,88,42
46.940117,2.926459,2026-08-03 14:01:06.895950848,1,10565,78,27
48.068857,2.998169,2026-08-03 14:01:13.939015936,1,8118,92,46
48.065152,3.000487,2026-08-03 14:01:13.939021056,1,3792,206,32
48.008443,3.020699,2026-08-03 14:01:13.946420736,1,12420,88,32
48.150434,1.186855,2026-08-03 14:01:14.84403712,1,8326,80,210
48.149903,1.164593,2026-08-03 14:01:14.84411392,1,6940,130,283
48.180867,1.177172,2026-08-03 14:01:14.84418304,1,2422,238,259
48.150027,1.150781,2026-08-03 14:01:14.84403712,1,6873,210,245
48.144186,1.151469,2026-08-03 14:01:14.84402944,1,12366,143,221
48.156682,1.123859,2026-08-03 14:01:14.84401408,1,3821,227,199
48.152077,1.167139,2026-08-03 14:01:14.84414464,1,6507,117,183
48.164033,1.164084,2026-08-03 14:01:14.84410624,1,7034,129,164
48.20377,1.19087,2026-08-03 14:01:14.84430336,1,3417,253,146
48.158717,1.165336,2026-08-03 14:01:14.84421888,1,10719,94,132
48.15968,1.148305,2026-08-03 14:01:14.84449280,1,8676,140,109
48.185137,0.85517,2026-08-03 14:01:14.84386560,1,10865,267,94
48.146166,1.123811,2026-08-03 14:01:14.84414208,1,7578,203,71
48.161631,1.145728,2026-08-03 14:01:14.84457216,1,4998,157,57
42.456366,0.810532,2026-08-03 14:01:21.156374528,1,9363,148,330
42.463819,0.82253,2026-08-03 14:01:21.156383744,1,7982,168,308
42.478326,0.816638,2026-08-03 14:01:21.156390656,1,12260,125,286
42.462513,0.812791,2026-08-03 14:01:21.156386560,1,7147,152,267
42.481338,0.813121,2026-08-03 14:01:21.156398848,1,6093,168,252
42.56096,0.83079,2026-08-03 14:01:21.156421376,1,3345,199,236
42.557357,0.812665,2026-08-03 14:01:21.156418816,1,5737,150,223
42.461278,0.777203,2026-08-03 14:01:21.156384512,1,4461,267,210
42.469569,0.79332,2026-08-03 14:01:21.156389120,1,5791,267,197
42.463234,0.786963,2026-08-03 14:01:21.156385536,1,7781,259,182
42.216983,0.515464,2026-08-03 14:01:21.156314112,1,9525,261,166
42.484744,0.825039,2026-08-03 14:01:21.156431360,1,9419,267,136
60.303833,-96.800383,2026-08-03 14:01:28.533533952,1,7845,261,31
42.687555,12.966451,2026-08-03 14:01:28.693250048,1,10148,67,20
47.056126,-99.864628,2026-08-03 14:01:36.356401664,1,14165,163,37
47.04495,-99.965643,2026-08-03 14:01:36.356418048,1,13764,135,35
37.469345,14.456932,2026-08-03 14:01:37.8169472,1,13181,177,39
37.517648,14.455244,2026-08-03 14:01:37.8229888,1,3468,268,26
37.26318,14.293935,2026-08-03 14:01:37.16909312,1,13647,247,41
37.47385,14.454821,2026-08-03 14:01:37.35321600,1,14540,177,64
37.357914,14.450012,2026-08-03 14:01:37.35327488,1,4083,247,51
37.466935,14.498739,2026-08-03 14:01:37.35369728,1,5662,245,37
48.063493,8.411966,2026-08-03 14:01:37.332793856,1,5929,106,70
48.057516,8.414976,2026-08-03 14:01:37.332870912,1,12587,82,54
48.063595,8.407343,2026-08-03 14:01:37.332866560,1,13239,80,41
48.115717,8.412409,2026-08-03 14:01:37.332890368,1,10520,216,23
48.065063,8.398562,2026-08-03 14:01:37.391971328,1,10086,111,22
48.031939,8.393031,2026-08-03 14:01:37.443617792,1,12540,139,23
48.020916,3.039079,2026-08-03 14:01:37.537667840,1,7100,88,39
48.014381,3.021576,2026-08-03 14:01:37.542610432,1,11988,78,20
48.015971,3.01774,2026-08-03 14:01:37.672650496,1,13698,73,51
48.009467,3.03489,2026-08-03 14:01:37.672659200,1,14568,105,35
48.021343,3.09323,2026-08-03 14:01:37.676139008,1,10744,114,21
38.779234,16.460579,2026-08-03 14:01:38.280453888,1,4772,213,66
38.779885,16.451226,2026-08-03 14:01:38.280499200,1,7850,256,56
38.631157,16.515225,2026-08-03 14:01:38.280440576,1,6474,220,39
48.058015,1.250018,2026-08-03 14:01:45.832017152,1,13834,153,16
48.050955,1.24008,2026-08-03 14:01:46.64321024,1,11244,64,78
48.064547,1.226332,2026-08-03 14:01:46.64326400,1,5610,201,59
48.057384,1.199333,2026-08-03 14:01:46.64321792,1,7858,199,40
48.100148,1.252445,2026-08-03 14:01:46.69871616,1,8178,228,32
48.363635,1.039947,2026-08-03 14:01:46.69975040,1,11937,253,29
48.669031,9.15466,2026-08-03 14:01:46.240337152,1,11804,88,16
48.673926,9.161256,2026-08-03 14:01:46.379189248,1,3828,84,50
48.684348,9.166833,2026-08-03 14:01:46.379192576,1,3397,68,33
44.6613,7.276911,2026-08-03 14:01:46.766323712,1,4659,110,32
42.68155,12.7032,2026-08-03 14:01:46.896439296,1,6393,89,53
42.710742,12.686041,2026-08-03 14:01:46.896448768,1,6057,238,80
42.705633,12.691811,2026-08-03 14:01:46.896452352,1,6133,146,62
42.744525,12.687827,2026-08-03 14:01:46.896501504,1,6489,200,49
42.755177,12.686267,2026-08-03 14:01:46.896503040,1,4393,245,34
48.02145,1.252518,2026-08-03 14:01:47.72285184,1,5244,96,155
48.021229,1.237735,2026-08-03 14:01:47.72294400,1,8696,140,139
48.064272,1.247532,2026-08-03 14:01:47.72305664,1,2436,260,122
48.017586,1.162242,2026-08-03 14:01:47.72278272,1,2863,249,104
48.051265,1.25019,2026-08-03 14:01:47.72304384,1,5836,242,96
48.044479,1.247594,2026-08-03 14:01:47.72301056,1,4228,218,87
26.146352,-81.786784,2026-08-03 14:01:54.254778368,1,10330,224,29
47.525816,24.189739,2026-08-03 14:01:54.326316800,1,4209,255,102
47.504421,24.226704,2026-08-03 14:01:54.326307328,1,7351,178,92
47.498005,24.236567,2026-08-03 14:01:54.326310400,1,12221,179,81
47.486867,24.26604,2026-08-03 14:01:54.328855296,1,6580,126,84
47.493415,24.239993,2026-08-03 14:01:54.328860160,1,7660,191,87
25.357283,127.878954,2026-08-03 14:00:08.996283136,2,14680,175,33
25.13833,128.289827,2026-08-03 14:00:08.996313856,2,5948,184,17
12.661231,136.399226,2026-08-03 14:00:15.813390080,2,10373,259,19
48.579902,128.858709,2026-08-03 14:00:22.471780608,2,7633,210,20
-35.502489,154.772343,2026-08-03 14:00:27.968531456,2,14748,116,26
-38.376151,156.241845,2026-08-03 14:00:30.14344960,2,7184,148,22
28.113484,129.413751,2026-08-03 14:00:33.817133824,2,14132,185,21
-38.788277,156.488538,2026-08-03 14:00:43.550782720,2,8396,254,25
12.531539,130.771466,2026-08-03 14:00:44.100857856,2,3982,265,25
-39.236835,157.66405,2026-08-03 14:00:47.75898624,2,7298,263,31
29.570617,131.884417,2026-08-03 14:00:56.411304704,2,8376,245,38
-32.425342,153.956131,2026-08-03 14:01:11.268108800,2,5822,241,32
-32.535854,153.761555,2026-08-03 14:01:11.268182016,2,12137,122,21
-36.926387,155.26509,2026-08-03 14:01:13.272066048,2,9595,266,30
34.119114,133.552762,2026-08-03 14:01:13.362351104,2,8235,145,27
18.3845,119.474603,2026-08-03 14:01:20.869081088,2,7563,232,43
18.487147,119.55839,2026-08-03 14:01:20.869130752,2,10174,189,26
55.52385,120.605145,2026-08-03 14:01:24.312753920,2,9556,258,31
-36.505531,155.270148,2026-08-03 14:01:27.144781568,2,7870,251,25
-35.9377,154.792785,2026-08-03 14:01:27.187435520,2,12048,143,20
-36.162426,154.81293,2026-08-03 14:01:27.601793792,2,9474,146,21
-37.634289,155.416494,2026-08-03 14:01:32.22028544,2,9110,253,45
29.625825,131.980054,2026-08-03 14:01:34.924219648,2,8117,265,37
14.633787,159.820662,2026-08-03 14:01:42.783915520,2,9243,213,28
-35.663858,154.390681,2026-08-03 14:01:42.891941888,2,11536,149,19
-39.238587,157.535677,2026-08-03 14:01:51.557580544,2,9261,128,31
-34.501903,155.008414,2026-08-03 14:01:51.848715776,2,3643,255,35
-34.565324,155.157539,2026-08-03 14:01:51.848677888,2,12699,228,24
32.13259,-79.999181,2026-08-03 14:00:00.227665408,3,11642,148,87
32.19057,-79.991774,2026-08-03 14:00:00.227687680,3,7460,238,66
32.215145,-80.004669,2026-08-03 14:00:00.227733504,3,11240,179,48
32.189936,-79.984783,2026-08-03 14:00:00.227728896,3,11697,229,31
17.637884,-100.97061,2026-08-03 14:00:12.762686208,3,6747,268,20
27.941982,-93.531792,2026-08-03 14:00:14.94715136,3,11817,211,24
27.996105,-93.426824,2026-08-03 14:00:14.94759424,3,5537,240,22
26.474653,-81.986873,2026-08-03 14:00:22.200284928,3,5102,265,31
26.46622,-81.985879,2026-08-03 14:00:22.200279808,3,4947,259,17
58.980689,-91.02327,2026-08-03 14:00:23.647061248,3,11330,173,70
58.977648,-90.897561,2026-08-03 14:00:23.647077120,3,9422,212,55
58.906164,-90.861502,2026-08-03 14:00:23.647110144,3,3470,227,32
59.01233,-90.930572,2026-08-03 14:00:23.698596096,3,4727,237,18
17.616632,-103.523686,2026-08-03 14:00:25.159136512,3,12175,262,22
58.472215,-94.566087,2026-08-03 14:00:27.509268224,3,6542,215,38
58.381231,-94.370708,2026-08-03 14:00:27.509314304,3,4979,223,25
17.436572,-103.512897,2026-08-03 14:00:28.203674880,3,7032,263,17
27.690058,-90.911565,2026-08-03 14:00:28.301966848,3,7356,195,71
27.731082,-90.91306,2026-08-03 14:00:28.302011136,3,14184,229,62
27.831691,-90.919118,2026-08-03 14:00:28.302038784,3,6404,268,48
27.824353,-90.927273,2026-08-03 14:00:28.302040832,3,4281,248,37
49.584174,-94.271742,2026-08-03 14:00:32.407798016,3,9519,186,76
49.598039,-94.24767,2026-08-03 14:00:32.407832576,3,13745,143,64
49.511254,-94.26507,2026-08-03 14:00:32.407862528,3,10734,189,51
49.521459,-94.284604,2026-08-03 14:00:32.407849216,3,9109,155,35
22.025218,-106.422908,2026-08-03 14:00:33.963477504,3,13437,248,19
26.878145,-82.072617,2026-08-03 14:00:34.363174656,3,9492,232,28
27.050705,-82.044339,2026-08-03 14:00:34.363238144,3,6649,256,16
25.911706,-55.475846,2026-08-03 14:00:35.458817792,3,5363,245,37
25.867164,-81.860132,2026-08-03 14:00:35.574590208,3,12524,226,107
25.937423,-81.878426,2026-08-03 14:00:35.574612992,3,4783,267,97
25.968496,-81.846305,2026-08-03 14:00:35.574664704,3,8842,261,81
14.560886,-99.489112,2026-08-03 14:00:39.781134080,3,7639,269,27
49.315915,-94.398158,2026-08-03 14:00:40.171106816,3,3540,191,71
49.289029,-94.406352,2026-08-03 14:00:40.171149056,3,13507,140,57
27.651847,-90.346676,2026-08-03 14:00:40.241831936,3,6950,199,57
27.725405,-90.342274,2026-08-03 14:00:40.241894656,3,3290,258,46
27.629127,-90.410838,2026-08-03 14:00:40.357510656,3,4793,202,34
21.668003,-107.925952,2026-08-03 14:00:48.18300928,3,7380,252,79
28.908525,-82.838324,2026-08-03 14:00:50.32292608,3,5399,172,56
28.992679,-82.853709,2026-08-03 14:00:50.32356096,3,4292,243,39
28.971501,-82.836863,2026-08-03 14:00:50.166562816,3,4038,263,60
29.049213,-82.820431,2026-08-03 14:00:50.166593792,3,4414,245,48
26.351818,-81.934333,2026-08-03 14:00:51.359944192,3,5536,251,49
26.457239,-81.954855,2026-08-03 14:00:51.360007168,3,2211,265,37
26.33708,-81.861996,2026-08-03 14:00:51.420590336,3,9743,153,46
26.462215,-81.95267,2026-08-03 14:00:51.420642560,3,2991,265,33
26.365024,-81.933431,2026-08-03 14:00:51.530107392,3,3492,262,47
26.465832,-81.790652,2026-08-03 14:00:51.577990400,3,12824,242,26
26.038057,-81.920809,2026-08-03 14:00:53.92038144,3,4176,269,104
34.242637,-74.404364,2026-08-03 14:01:01.581421824,3,6033,183,25
34.274505,-74.418775,2026-08-03 14:01:01.619591936,3,4674,257,37
34.291498,-74.406261,2026-08-03 14:01:01.619643136,3,6893,245,24
32.203505,-80.02284,2026-08-03 14:01:02.416087808,3,8286,238,27
32.206592,-80.037287,2026-08-03 14:01:02.802994944,3,4269,241,32
32.203429,-79.964733,2026-08-03 14:01:02.890014720,3,4408,149,83
32.212136,-79.976351,2026-08-03 14:01:02.890020352,3,5425,242,67
32.20723,-79.959779,2026-08-03 14:01:02.890053120,3,12128,228,49
47.59807,-97.398267,2026-08-03 14:01:11.802734336,3,7434,186,27
49.52001,-94.23084,2026-08-03 14:01:19.568044288,3,10668,232,66
49.529458,-94.327326,2026-08-03 14:01:19.568057600,3,11853,170,59
60.26472,-96.676413,2026-08-03 14:01:28.533566464,3,10505,223,78
47.113741,-99.953152,2026-08-03 14:01:36.356364032,3,7875,121,95
47.032443,-99.942863,2026-08-03 14:01:36.356397568,3,14408,153,108
47.051423,-99.964749,2026-08-03 14:01:36.356385536,3,4703,175,95
47.067564,-100.02103,2026-08-03 14:01:36.356411392,3,12004,121,68
31.927294,-83.242847,2026-08-03 14:01:52.557873152,3,12589,148,61
31.990065,-83.231265,2026-08-03 14:01:52.557895680,3,7893,215,81
31.904116,-83.2337,2026-08-03 14:01:52.557898752,3,9779,223,68
31.957946,-83.278948,2026-08-03 14:01:52.557911296,3,6126,225,55
31.996598,-83.22499,2026-08-03 14:01:52.557937920,3,10114,244,40
60.722852,-97.236853,2026-08-03 14:01:53.93257728,3,14531,223,49
20.341281,-106.024454,2026-08-03 14:01:53.636323840,3,6115,253,58
25.357121,127.879255,2026-08-03 14:00:08.996282112,4,14674,182,33
63.232822,41.987346,2026-08-03 14:00:14.605701888,4,13934,190,36
47.088173,13.37525,2026-08-03 14:00:19.283112704,4,12921,102,28
48.706035,128.807541,2026-08-03 14:00:22.471736832,4,6322,227,34
48.59598,128.877424,2026-08-03 14:00:22.471776256,4,9011,218,21
48.147259,1.110644,2026-08-03 14:00:26.924399872,4,13986,155,33
47.624076,24.256764,2026-08-03 14:00:27.299380480,4,10665,252,25
46.989419,14.050793,2026-08-03 14:00:30.576076544,4,12356,67,39
46.981959,14.072737,2026-08-03 14:00:30.622190848,4,9804,123,25
35.224517,7.380583,2026-08-03 14:00:31.595117056,4,10459,261,30
28.086994,129.344318,2026-08-03 14:00:33.817108224,4,6521,201,26
43.453677,11.971916,2026-08-03 14:00:34.226366720,4,5790,172,28
43.43673,11.95416,2026-08-03 14:00:34.301601024,4,11490,99,20
46.511146,4.610979,2026-08-03 14:00:36.245239808,4,6613,128,46
12.509893,130.789753,2026-08-03 14:00:44.100849664,4,3504,265,29
34.117901,133.553796,2026-08-03 14:01:13.362350592,4,8272,145,28
48.159913,1.144228,2026-08-03 14:01:14.84421632,4,14475,103,32
18.395001,119.401362,2026-08-03 14:01:20.869068032,4,6427,233,49
18.39902,119.45238,2026-08-03 14:01:20.929792768,4,2493,234,34
44.402035,10.552599,2026-08-03 14:01:24.198859008,4,13075,148,27
55.558798,120.575225,2026-08-03 14:01:24.312748288,4,10065,259,32
29.419987,131.850847,2026-08-03 14:01:34.924133120,4,5277,191,46
29.452709,131.817564,2026-08-03 14:01:34.924200448,4,11158,151,24
42.855054,11.814921,2026-08-03 14:01:39.440752640,4,14205,188,26
42.8713,11.853619,2026-08-03 14:01:39.501319680,4,12959,188,27
43.450247,11.972152,2026-08-03 14:01:51.92379392,4,9287,173,31
48.124842,1.110584,2026-08-03 14:01:53.635156480,4,6786,224,41
29.366614,-71.356508,2026-08-03 14:00:06.934644736,7,6562,257,32
26.396219,-81.956649,2026-08-03 14:00:21.463143680,7,9647,259,18
26.233934,-81.974435,2026-08-03 14:00:22.200206848,7,12879,257,13
27.51588,-90.386491,2026-08-03 14:00:40.241821440,7,10152,195,23
27.599738,-90.408473,2026-08-03 14:00:40.357501952,7,9916,202,12
28.81648,-83.02535,2026-08-03 14:00:50.32273408,7,7148,214,20
28.82222,-82.953535,2026-08-03 14:00:50.166533120,7,3537,194,22
29.036053,-82.892495,2026-08-03 14:00:50.166611712,7,11795,243,11
26.350876,-81.947074,2026-08-03 14:00:51.359940096,7,2893,252,28
26.399201,-81.92797,2026-08-03 14:00:51.359989504,7,5290,259,18
26.046554,-81.829603,2026-08-03 14:01:29.208622336,7,10891,245,14
25.616738,-82.147135,2026-08-03 14:01:54.929982464,7,7569,267,17
25.63037,-82.115129,2026-08-03 14:01:54.937349376,7,3017,263,27
25.637757,-82.112925,2026-08-03 14:01:54.937352704,7,3008,263,22
47.193141,127.512811,2026-08-03 14:00:06.327162880,9,13011,183,9
58.196296,125.768012,2026-08-03 14:00:08.259511808,9,6824,245,12
39.528778,116.952985,2026-08-03 14:00:08.592606208,9,6367,213,17
25.030681,128.342093,2026-08-03 14:00:08.996295424,9,5893,172,38
25.122176,128.326132,2026-08-03 14:00:08.996316416,9,2943,184,16
45.437368,125.465649,2026-08-03 14:00:13.808699648,9,3878,163,12
48.614434,128.894758,2026-08-03 14:00:22.471769088,9,4914,219,20
28.113252,129.413519,2026-08-03 14:00:33.817136640,9,14131,185,21
16.18939,140.907875,2026-08-03 14:00:43.378268160,9,3103,257,11
40.880766,107.907638,2026-08-03 14:00:48.592477952,9,5597,238,14
40.611591,119.182504,2026-08-03 14:00:48.807759104,9,5713,183,16
29.337151,131.950628,2026-08-03 14:00:56.411260416,9,3828,190,25
29.231327,131.973419,2026-08-03 14:00:56.411262976,9,13508,200,15
19.517298,112.09048,2026-08-03 14:01:07.316640768,9,13224,218,23
32.543359,128.672503,2026-08-03 14:01:08.773389312,9,10542,253,20
34.098809,133.559739,2026-08-03 14:01:13.362344960,9,9260,146,28
34.102233,133.408331,2026-08-03 14:01:13.478039808,9,9435,163,21
14.523486,151.85106,2026-08-03 14:01:17.278303744,9,3898,255,15
18.395166,119.401492,2026-08-03 14:01:20.869068032,9,6426,233,48
18.396348,119.469308,2026-08-03 14:01:20.929796096,9,1600,234,35
39.207845,117.152077,2026-08-03 14:01:24.662152448,9,4989,221,11
19.566494,105.360236,2026-08-03 14:01:29.698362112,9,8524,249,25
29.402669,131.871007,2026-08-03 14:01:34.924136448,9,3098,201,29
29.36543,132.043282,2026-08-03 14:01:34.924196864,9,11343,172,18
55.137533,120.514624,2026-08-03 14:01:37.675283200,9,4803,256,14
14.714352,159.827232,2026-08-03 14:01:42.783939072,9,5623,217,16
39.164489,116.817386,2026-08-03 14:01:43.331586048,9,5130,222,15
52.184132,90.40744,2026-08-03 14:01:52.822931200,9,14610,182,32
32.139193,-79.982724,2026-08-03 14:00:00.227673600,13,4630,149,90
32.200385,-79.999728,2026-08-03 14:00:00.227691008,13,3493,251,73
32.168247,-80.063902,2026-08-03 14:00:00.227712256,13,7630,221,60
32.223494,-80.017876,2026-08-03 14:00:00.227733248,13,12420,179,47
56.997109,-90.995271,2026-08-03 14:00:05.480815104,13,6666,199,42
29.409398,-71.420445,2026-08-03 14:00:06.934660352,13,7235,251,121
29.360198,-71.342755,2026-08-03 14:00:07.115217408,13,7131,250,38
47.764054,-98.363811,2026-08-03 14:00:10.474986240,13,5755,167,116
47.737476,-98.383819,2026-08-03 14:00:10.474993664,13,8049,181,114
47.738694,-98.383281,2026-08-03 14:00:10.474996480,13,4483,142,100
28.071616,-93.550103,2026-08-03 14:00:14.94757120,13,9673,267,33
27.995958,-93.426876,2026-08-03 14:00:14.94759168,13,5538,240,22
48.186898,-96.443747,2026-08-03 14:00:16.372180224,13,11256,165,23
35.672073,-73.625586,2026-08-03 14:00:18.677927424,13,5414,264,60
35.838279,-73.886308,2026-08-03 14:00:18.678029312,13,12321,246,49
35.637438,-73.611307,2026-08-03 14:00:18.677941504,13,10950,189,36
35.617169,-73.583707,2026-08-03 14:00:18.677943040,13,12403,186,24
48.015583,-96.410005,2026-08-03 14:00:19.238679296,13,13510,135,33
48.58245,-95.682604,2026-08-03 14:00:20.352440576,13,12420,161,35
48.582046,-95.672629,2026-08-03 14:00:20.352430336,13,11801,146,49
20.192633,-105.913474,2026-08-03 14:00:20.600384512,13,11031,253,53
47.083726,-97.968821,2026-08-03 14:00:21.83129344,13,9880,144,34
26.358575,-81.95995,2026-08-03 14:00:21.463088896,13,7302,234,62
26.443173,-81.975297,2026-08-03 14:00:22.200272640,13,3196,262,30
27.690047,-90.911606,2026-08-03 14:00:28.301966848,13,7354,195,78
27.84236,-90.913761,2026-08-03 14:00:28.302053120,13,13493,269,38
49.584178,-94.271741,2026-08-03 14:00:32.407798016,13,9520,186,69
49.598035,-94.247677,2026-08-03 14:00:32.407832576,13,13745,143,64
26.878139,-82.072624,2026-08-03 14:00:34.363174656,13,9493,232,29
25.942647,-81.882793,2026-08-03 14:00:35.574613760,13,2229,270,122
25.923331,-81.872723,2026-08-03 14:00:35.574609920,13,6830,268,109
49.307144,-94.383518,2026-08-03 14:00:40.171102464,13,8334,191,68
49.278183,-94.382735,2026-08-03 14:00:40.171155712,13,13399,146,55
27.66294,-90.348196,2026-08-03 14:00:40.241834240,13,8355,199,56
27.731494,-90.34406,2026-08-03 14:00:40.241896448,13,3600,258,47
27.62635,-90.410087,2026-08-03 14:00:40.357506816,13,7964,202,32
49.259848,-94.966807,2026-08-03 14:00:40.625182720,13,8779,175,78
49.157458,-94.879755,2026-08-03 14:00:40.625228544,13,8417,202,61
36.796388,-73.146854,2026-08-03 14:00:42.866726912,13,12333,232,28
46.955273,-98.27905,2026-08-03 14:00:46.726483968,13,7946,91,63
46.913082,-98.263842,2026-08-03 14:00:46.726535936,13,8658,128,47
28.977849,-82.841146,2026-08-03 14:00:50.32318720,13,4204,263,50
29.009798,-82.865062,2026-08-03 14:00:50.32360448,13,3542,248,36
28.823529,-82.954727,2026-08-03 14:00:50.166532608,13,6870,203,26
26.346871,-81.933736,2026-08-03 14:00:51.359944192,13,6963,252,44
26.341147,-81.85888,2026-08-03 14:00:51.420589824,13,11528,152,33
26.457374,-81.943762,2026-08-03 14:00:51.420643072,13,6292,259,30
26.381197,-81.932383,2026-08-03 14:00:51.530109440,13,5965,262,50
26.299445,-81.902296,2026-08-03 14:00:51.577947904,13,11660,248,30
35.845784,-73.379182,2026-08-03 14:00:54.398866432,13,4933,242,111
35.91006,-73.39358,2026-08-03 14:00:54.398892800,13,12351,146,109
35.920364,-73.407586,2026-08-03 14:00:54.398893056,13,4928,239,86
35.906344,-73.397424,2026-08-03 14:00:54.398893568,13,8670,235,69
35.877712,-73.423993,2026-08-03 14:00:54.442375424,13,6906,224,42
35.891557,-73.413654,2026-08-03 14:00:54.442385408,13,5332,235,44
57.89386,-91.373564,2026-08-03 14:00:55.461860352,13,9294,216,30
48.127353,-96.63825,2026-08-03 14:00:56.348708352,13,8899,183,55
48.142735,-96.575276,2026-08-03 14:00:56.348743168,13,8218,136,41
34.249288,-74.40991,2026-08-03 14:01:01.581424128,13,10812,182,25
34.274338,-74.418699,2026-08-03 14:01:01.619591936,13,4674,257,37
34.291568,-74.406246,2026-08-03 14:01:01.619643136,13,6895,245,24
32.209761,-79.965242,2026-08-03 14:01:02.890054400,13,5333,229,33
32.194674,-79.958829,2026-08-03 14:01:02.890048768,13,6059,227,44
58.684776,-94.96865,2026-08-03 14:01:05.147933440,13,6149,210,32
58.683196,-94.963301,2026-08-03 14:01:05.362884096,13,7221,213,55
20.407695,-106.716515,2026-08-03 14:01:08.409170944,13,8677,254,23
20.187651,-105.900058,2026-08-03 14:01:09.61378048,13,5298,253,62
37.320385,-55.538762,2026-08-03 14:01:09.520083968,13,8360,213,21
59.135279,-91.244608,2026-08-03 14:01:18.664178176,13,9450,223,134
47.41605,-97.843122,2026-08-03 14:01:21.177439488,13,10385,130,86
47.414673,-97.834989,2026-08-03 14:01:21.177448448,13,7087,154,71
44.604005,-98.938873,2026-08-03 14:01:24.129115648,13,10100,133,106
44.615625,-98.956576,2026-08-03 14:01:24.129109248,13,12463,115,110
60.264742,-96.676414,2026-08-03 14:01:28.533566464,13,10505,223,78
48.751644,-95.222086,2026-08-03 14:01:29.683451648,13,11664,135,27
48.797379,-95.059309,2026-08-03 14:01:30.303190528,13,12873,164,17
46.979439,-98.248915,2026-08-03 14:01:31.455355392,13,7263,121,103
46.975442,-98.209613,2026-08-03 14:01:31.455366656,13,6563,135,102
46.976683,-98.227218,2026-08-03 14:01:31.455373568,13,7004,150,90
36.601126,-73.549145,2026-08-03 14:01:32.165271040,13,9940,209,117
36.614598,-73.549494,2026-08-03 14:01:32.165283328,13,8854,234,99
36.621812,-73.556699,2026-08-03 14:01:32.165282560,13,6096,228,78
36.63463,-73.446732,2026-08-03 14:01:32.165295616,13,12336,260,56
36.633019,-73.558177,2026-08-03 14:01:32.209587456,13,9084,257,29
27.630413,-88.181404,2026-08-03 14:01:32.497359360,13,3939,195,86
27.546791,-88.1326,2026-08-03 14:01:32.497332736,13,5368,239,76
27.62758,-88.139008,2026-08-03 14:01:32.497398272,13,8058,258,61
27.434911,-88.195587,2026-08-03 14:01:32.538296320,13,13302,249,33
27.638577,-90.355003,2026-08-03 14:01:33.519176704,13,7182,199,87
27.680337,-90.342786,2026-08-03 14:01:33.519197696,13,5562,254,68
27.596286,-90.427151,2026-08-03 14:01:33.607169536,13,9615,202,22
26.0064,-81.861925,2026-08-03 14:01:34.370433024,13,13047,219,62
25.969652,-81.898785,2026-08-03 14:01:34.379973888,13,4838,266,61
26.052458,-81.892832,2026-08-03 14:01:34.746393344,13,5536,267,29
58.755545,-94.912774,2026-08-03 14:01:38.879091200,13,3960,229,39
26.385629,-81.956371,2026-08-03 14:01:39.690614016,13,3881,250,63
26.370808,-81.961353,2026-08-03 14:01:39.723914496,13,5104,251,45
26.379357,-81.909082,2026-08-03 14:01:40.12125440,13,6108,234,59
26.253131,-81.915001,2026-08-03 14:01:40.208047360,13,8797,255,16
30.762657,-73.599842,2026-08-03 14:01:44.561340928,13,7104,224,57
25.873861,-72.176285,2026-08-03 14:01:44.873794816,13,13496,266,33
35.653733,-73.626953,2026-08-03 14:01:47.491415552,13,9413,256,113
35.656863,-73.62859,2026-08-03 14:01:47.491417344,13,3290,253,108
35.608204,-73.561974,2026-08-03 14:01:47.491399936,13,8516,221,91
35.589584,-73.583327,2026-08-03 14:01:47.491403264,13,6445,181,71
35.542093,-73.488989,2026-08-03 14:01:47.491403776,13,11455,262,57
35.659581,-73.594176,2026-08-03 14:01:47.531282432,13,6756,243,41
35.638919,-73.572039,2026-08-03 14:01:47.531319296,13,5079,236,24
46.751256,-99.137901,2026-08-03 14:01:47.898937344,13,8567,147,75
46.730013,-99.128206,2026-08-03 14:01:47.898948608,13,9655,144,77
35.653155,-73.617367,2026-08-03 14:01:48.193476352,13,8210,243,55
32.155402,-79.967777,2026-08-03 14:01:48.242320128,13,10783,141,85
32.223429,-79.989979,2026-08-03 14:01:48.242350336,13,5550,241,61
32.200734,-80.00356,2026-08-03 14:01:48.306132224,13,8065,242,50
32.202522,-79.984089,2026-08-03 14:01:48.420126464,13,5146,242,53
32.154027,-79.986579,2026-08-03 14:01:48.577152000,13,7179,148,48
20.407188,-106.641109,2026-08-03 14:01:48.791692544,13,14749,254,43
47.685539,-98.330797,2026-08-03 14:01:49.289679872,13,6235,139,94
47.564376,-98.285507,2026-08-03 14:01:49.289720320,13,12252,179,79
47.639829,-98.367697,2026-08-03 14:01:49.289708800,13,11017,133,66
47.740364,-98.350913,2026-08-03 14:01:49.480356864,13,12116,166,24
31.937638,-83.230154,2026-08-03 14:01:52.557874944,13,7410,148,107
31.982996,-83.241854,2026-08-03 14:01:52.557897472,13,8798,215,87
31.904146,-83.233698,2026-08-03 14:01:52.557904384,13,9777,225,71
31.993397,-83.23699,2026-08-03 14:01:52.557932288,13,5782,246,52
26.383336,-81.974605,2026-08-03 14:01:54.254878976,13,8176,161,84
25.565437,-82.11927,2026-08-03 14:01:54.929966592,13,5958,268,59
25.638468,-82.126956,2026-08-03 14:01:54.937320960,13,4562,269,91
36.608765,-73.165618,2026-08-03 14:01:59.772004352,13,7904,234,43
47.894114,-98.123139,2026-08-03 14:01:59.871628544,13,13599,150,48
47.574293,-98.558873,2026-08-03 14:02:06.258850048,13,9332,143,137
47.540193,-98.57659,2026-08-03 14:02:06.258859520,13,5696,179,135
47.152818,-99.848294,2026-08-03 14:02:07.885935616,13,7724,219,88
47.184549,-99.945719,2026-08-03 14:02:07.885914368,13,9260,147,74
25.364542,127.868342,2026-08-03 14:00:08.996284160,14,13924,175,36
28.086945,129.344253,2026-08-03 14:00:33.817108224,14,6522,201,26
34.119183,133.552701,2026-08-03 14:01:13.362351104,14,8234,145,28
18.4125,119.297962,2026-08-03 14:01:20.869058816,14,10438,234,52
55.458337,120.657414,2026-08-03 14:01:24.312786432,14,7827,228,29
29.452721,131.817585,2026-08-03 14:01:34.924200448,14,11160,151,25
42.338622,13.183043,2026-08-03 14:00:01.364639232,11,12955,256,125
42.385517,13.168222,2026-08-03 14:00:01.364656640,11,8620,247,115
44.669641,7.278102,2026-08-03 14:00:02.525112064,11,10899,123,74
44.732802,7.474623,2026-08-03 14:00:02.525176064,11,13407,101,65
44.663959,7.259945,2026-08-03 14:00:02.525223680,11,8489,186,52
44.651642,7.252989,2026-08-03 14:00:02.525220352,11,7637,120,38
50.846521,9.921852,2026-08-03 14:00:03.901757440,11,9168,70,76
48.053459,0.922716,2026-08-03 14:00:05.440438784,11,8216,121,88
48.057935,0.902971,2026-08-03 14:00:05.440443392,11,8539,151,130
48.06596,0.922395,2026-08-03 14:00:05.440451328,11,6940,119,106
49.508184,3.52308,2026-08-03 14:00:09.805094144,11,7726,111,53
49.496529,3.527442,2026-08-03 14:00:09.805093632,11,6207,94,104
49.539641,3.526622,2026-08-03 14:00:09.805103104,11,13951,111,103
49.506122,3.515403,2026-08-03 14:00:09.807238912,11,5862,103,104
46.922078,3.048217,2026-08-03 14:00:14.435385600,11,6146,58,146
47.107061,13.378724,2026-08-03 14:00:19.283112704,11,12129,107,67
47.091215,13.368832,2026-08-03 14:00:19.283119872,11,5881,139,141
47.137384,13.386487,2026-08-03 14:00:19.283133952,11,8552,241,126
47.138984,13.388663,2026-08-03 14:00:19.283135488,11,5915,202,109
47.118211,13.405804,2026-08-03 14:00:19.283126784,11,5661,245,93
48.042396,8.354617,2026-08-03 14:00:24.162133504,11,13119,89,78
48.068564,8.396543,2026-08-03 14:00:24.162134528,11,11672,47,175
48.138565,1.187986,2026-08-03 14:00:26.924400384,11,14235,57,155
48.134719,1.178905,2026-08-03 14:00:26.924411392,11,11889,124,284
46.994544,14.043375,2026-08-03 14:00:30.576074240,11,13267,80,113
47.994514,1.168914,2026-08-03 14:00:32.200374784,11,4023,112,87
46.539761,4.669542,2026-08-03 14:00:36.245240832,11,10573,61,123
46.537896,4.666973,2026-08-03 14:00:36.245249280,11,9342,94,419
46.53884,4.657554,2026-08-03 14:00:36.245248000,11,6394,220,396
46.511131,4.572087,2026-08-03 14:00:36.245230592,11,6872,237,271
47.233017,10.14718,2026-08-03 14:00:38.338698240,11,8625,173,67
47.179466,10.176563,2026-08-03 14:00:38.338695424,11,9589,90,124
47.2071,10.183824,2026-08-03 14:00:38.338706176,11,12616,135,113
47.267344,10.204401,2026-08-03 14:00:38.338710528,11,14107,224,101
47.222693,10.187564,2026-08-03 14:00:38.338698752,11,12571,156,83
47.197606,10.277421,2026-08-03 14:00:38.425199360,11,9708,131,19
42.772021,0.044286,2026-08-03 14:00:40.481183488,11,11801,127,133
42.798112,0.063911,2026-08-03 14:00:40.481197056,11,5174,172,193
42.822639,0.026616,2026-08-03 14:00:40.481206272,11,6327,192,179
46.355194,4.549562,2026-08-03 14:00:41.260678656,11,12970,117,259
46.38662,4.520798,2026-08-03 14:00:41.260693760,11,10464,132,242
48.198175,3.255021,2026-08-03 14:00:42.152951552,11,5888,88,28
38.830401,16.479225,2026-08-03 14:00:42.664292864,11,11623,213,61
37.564664,14.485222,2026-08-03 14:00:44.393647616,11,4935,250,34
37.548845,14.480251,2026-08-03 14:00:44.393639936,11,8054,267,43
43.439504,12.634733,2026-08-03 14:00:44.760578048,11,14716,92,29
43.444191,12.604972,2026-08-03 14:00:44.762455552,11,14495,73,27
49.728788,20.97513,2026-08-03 14:00:45.323784192,11,10407,160,67
49.702729,20.945866,2026-08-03 14:00:45.323788032,11,13631,145,88
41.223749,0.06921,2026-08-03 14:00:49.259498240,11,9132,174,95
41.237304,0.07697,2026-08-03 14:00:49.259504640,11,6000,165,233
35.89602,-73.375996,2026-08-03 14:00:54.398879744,11,5242,239,80
48.255992,3.206422,2026-08-03 14:01:01.945583360,11,9731,198,27
47.270118,6.453661,2026-08-03 14:01:01.977262592,11,5269,69,35
50.861687,9.906911,2026-08-03 14:01:02.222809856,11,9535,66,34
47.212845,6.574448,2026-08-03 14:01:02.547880960,11,10226,176,108
47.239657,6.562005,2026-08-03 14:01:02.547885056,11,10657,65,88
48.542049,9.728063,2026-08-03 14:01:02.884021248,11,4193,201,87
44.621366,7.172077,2026-08-03 14:01:04.80476672,11,13274,130,100
44.620518,7.188049,2026-08-03 14:01:04.80482304,11,11492,104,147
44.546491,7.134953,2026-08-03 14:01:04.80505088,11,10681,193,62
37.440426,14.574316,2026-08-03 14:01:06.271765760,11,12048,205,21
48.200021,3.273629,2026-08-03 14:01:06.734222336,11,12225,88,49
48.207435,3.26801,2026-08-03 14:01:06.734230528,11,6466,77,33
46.94831,2.924254,2026-08-03 14:01:06.895947776,11,9644,74,43
48.833587,23.00307,2026-08-03 14:01:07.103127040,11,8918,123,27
48.841101,23.015309,2026-08-03 14:01:07.104467712,11,12445,164,22
39.943776,9.420673,2026-08-03 14:01:10.610564352,11,12552,165,45
46.45835,4.758674,2026-08-03 14:01:11.533282816,11,10619,65,94
46.462002,4.766151,2026-08-03 14:01:11.533285120,11,10266,128,129
46.49279,4.712989,2026-08-03 14:01:11.533296640,11,14753,106,113
46.492603,4.735562,2026-08-03 14:01:11.533312000,11,6132,175,71
48.16543,1.175513,2026-08-03 14:01:14.84415744,11,4815,185,128
48.15036,1.153561,2026-08-03 14:01:14.84406016,11,6657,164,239
48.145216,1.149731,2026-08-03 14:01:14.84402432,11,12466,161,218
48.157443,1.15246,2026-08-03 14:01:14.84407552,11,5954,197,194
48.152225,1.166897,2026-08-03 14:01:14.84414464,11,6593,117,176
48.15955,1.162015,2026-08-03 14:01:14.84409856,11,7749,124,111
47.13398,3.160261,2026-08-03 14:01:15.617405696,11,14778,51,38
48.033631,1.169242,2026-08-03 14:01:20.45608960,11,8184,190,155
47.999036,1.169457,2026-08-03 14:01:20.45596672,11,7667,129,319
44.423886,10.511565,2026-08-03 14:01:24.198871552,11,3195,263,123
44.371829,10.511661,2026-08-03 14:01:24.198852608,11,3689,203,263
44.410598,10.534591,2026-08-03 14:01:24.198864896,11,4424,229,249
44.390825,10.529019,2026-08-03 14:01:24.198861824,11,12674,184,177
38.795119,16.41019,2026-08-03 14:01:26.370460416,11,10618,193,46
48.533291,9.804196,2026-08-03 14:01:27.17336576,11,7804,60,81
48.5442,9.794185,2026-08-03 14:01:27.17338112,11,8051,85,76
48.589996,9.82947,2026-08-03 14:01:27.17349376,11,10618,137,25
47.40182,24.083373,2026-08-03 14:01:27.521469952,11,13031,121,17
50.853487,9.873961,2026-08-03 14:01:27.621265920,11,6626,80,26
47.462481,13.109432,2026-08-03 14:01:29.355726848,11,10967,70,64
48.064519,8.429258,2026-08-03 14:01:37.332865792,11,11965,123,35
48.08117,8.403766,2026-08-03 14:01:37.332872192,11,8897,81,44
48.141207,8.411879,2026-08-03 14:01:37.332899584,11,8482,216,30
48.014337,3.045629,2026-08-03 14:01:37.537664256,11,10469,88,39
48.020881,3.061837,2026-08-03 14:01:37.672648704,11,7786,113,41
43.241805,1.323733,2026-08-03 14:01:39.8440064,11,9574,95,163
42.902513,11.815426,2026-08-03 14:01:39.440767232,11,8457,236,234
39.81793,9.365022,2026-08-03 14:01:40.116462592,11,7518,211,39
48.299769,23.422926,2026-08-03 14:01:41.725571328,11,6589,250,77
50.690788,29.824681,2026-08-03 14:01:42.572487168,11,4152,221,71
50.769799,29.994893,2026-08-03 14:01:42.572447488,11,9232,221,93
48.054664,1.234965,2026-08-03 14:01:46.64324864,11,11416,85,55
48.024263,1.242337,2026-08-03 14:01:47.72292096,11,10270,108,50
48.022053,1.231525,2026-08-03 14:01:47.72293376,11,6034,202,114
48.027273,1.233095,2026-08-03 14:01:47.72295680,11,8085,116,98
35.638913,-73.635449,2026-08-03 14:01:47.491412736,11,8083,248,158
48.203967,3.308201,2026-08-03 14:01:49.893288960,11,11635,203,37
48.204989,3.33372,2026-08-03 14:01:49.893295104,11,11122,167,46
48.24913,3.298669,2026-08-03 14:01:49.893317376,11,10648,104,31
46.942507,3.066372,2026-08-03 14:01:50.27745024,11,5361,112,31
48.134136,1.198956,2026-08-03 14:01:53.635160320,11,8050,76,205
48.129229,1.189898,2026-08-03 14:01:53.635153920,11,10362,124,314
48.153555,1.186888,2026-08-03 14:01:53.721170944,11,4136,90,156
37.533225,14.506601,2026-08-03 14:01:56.578604544,11,7526,253,26
34.855423,8.109415,2026-08-03 14:01:56.780109568,11,4208,230,59
34.84324,8.099835,2026-08-03 14:01:56.780105472,11,4776,237,50
48.235482,23.607521,2026-08-03 14:01:58.33292800,11,4995,171,51
48.741534,9.132505,2026-08-03 14:02:04.424748032,11,6042,73,35
49.395252,3.553188,2026-08-03 14:02:05.116599552,11,8435,152,53
44.618121,7.150115,2026-08-03 14:02:05.415903488,11,4944,143,104
44.493802,6.859259,2026-08-03 14:02:05.415833856,11,12371,268,87
47.496195,-98.567635,2026-08-03 14:02:06.258876672,11,6898,224,40
50.934562,10.486352,2026-08-03 14:02:06.474275840,11,7171,73,49
50.921004,10.48664,2026-08-03 14:02:06.474298880,11,8384,93,38
48.170048,3.267728,2026-08-03 14:02:06.566617600,11,9465,72,33
42.702317,12.918125,2026-08-03 14:02:06.841261824,11,10735,193,31
47.123882,-99.863694,2026-08-03 14:02:07.885944320,11,9813,181,32
48.601771,20.615449,2026-08-03 14:02:09.393678592,11,13179,77,48
48.607621,20.66917,2026-08-03 14:02:09.510810624,11,8683,91,34
48.049579,3.02867,2026-08-03 14:02:10.977646336,11,7281,80,29
42.338622,13.183043,2026-08-03 14:00:01.364639232,12,12955,256,126
42.385487,13.168246,2026-08-03 14:00:01.364656640,12,8620,247,116
44.669641,7.278102,2026-08-03 14:00:02.525112064,12,10899,123,74
44.732802,7.474623,2026-08-03 14:00:02.525176064,12,13407,101,65
44.663959,7.259945,2026-08-03 14:00:02.525223680,12,8489,186,52
44.651642,7.252989,2026-08-03 14:00:02.525220352,12,7637,120,38
50.846521,9.921852,2026-08-03 14:00:03.901757440,12,9168,70,76
48.053459,0.922716,2026-08-03 14:00:05.440438784,12,8216,121,83
48.057935,0.902971,2026-08-03 14:00:05.440443392,12,8539,151,130
48.06596,0.922395,2026-08-03 14:00:05.440451328,12,6940,119,106
49.508184,3.52308,2026-08-03 14:00:09.805094144,12,7726,111,46
49.496535,3.527423,2026-08-03 14:00:09.805093632,12,6208,94,104
49.539641,3.526622,2026-08-03 14:00:09.805103104,12,13951,111,103
49.506122,3.515403,2026-08-03 14:00:09.807238912,12,5862,103,104
46.910162,3.060204,2026-08-03 14:00:14.435380480,12,9439,114,173
47.107061,13.378724,2026-08-03 14:00:19.283112704,12,12129,107,67
47.091219,13.36882,2026-08-03 14:00:19.283119872,12,5882,139,141
47.137384,13.386487,2026-08-03 14:00:19.283133952,12,8552,241,126
47.138984,13.388663,2026-08-03 14:00:19.283135488,12,5915,202,109
47.118211,13.405804,2026-08-03 14:00:19.283126784,12,5661,245,81
48.042396,8.354617,2026-08-03 14:00:24.162133504,12,13119,89,78
48.068564,8.396543,2026-08-03 14:00:24.162134528,12,11672,47,175
48.138639,1.187714,2026-08-03 14:00:26.924400384,12,14218,57,162
48.134719,1.178905,2026-08-03 14:00:26.924411392,12,11889,124,327
47.000531,14.047067,2026-08-03 14:00:30.576072448,12,12698,67,118
35.225454,7.371939,2026-08-03 14:00:31.595076864,12,7115,232,82
47.994082,1.160096,2026-08-03 14:00:32.200375296,12,7183,107,74
46.539761,4.669542,2026-08-03 14:00:36.245240832,12,10573,61,137
46.537896,4.666973,2026-08-03 14:00:36.245249280,12,9342,94,420
46.53884,4.657554,2026-08-03 14:00:36.245248000,12,6394,220,397
46.549139,4.664613,2026-08-03 14:00:36.245256192,12,14431,92,311
47.233017,10.14718,2026-08-03 14:00:38.338698240,12,8625,173,67
47.179466,10.176563,2026-08-03 14:00:38.338695424,12,9589,90,124
47.207143,10.183793,2026-08-03 14:00:38.338706176,12,12617,135,113
47.267344,10.204401,2026-08-03 14:00:38.338710528,12,14107,224,101
47.222693,10.187564,2026-08-03 14:00:38.338698752,12,12571,156,83
47.192111,10.305515,2026-08-03 14:00:38.425199104,12,6574,88,25
42.772021,0.044286,2026-08-03 14:00:40.481183488,12,11801,127,133
42.798112,0.063911,2026-08-03 14:00:40.481197056,12,5174,172,194
42.822639,0.026616,2026-08-03 14:00:40.481206272,12,6327,192,180
46.355194,4.549562,2026-08-03 14:00:41.260678656,12,12970,117,259
46.38662,4.520798,2026-08-03 14:00:41.260693760,12,10464,132,242
38.763769,16.41768,2026-08-03 14:00:42.664269056,12,11708,215,39
37.564664,14.485222,2026-08-03 14:00:44.393647616,12,4935,250,34
37.548845,14.480251,2026-08-03 14:00:44.393639936,12,8054,267,43
43.439504,12.634733,2026-08-03 14:00:44.760578048,12,14716,92,29
43.444191,12.604972,2026-08-03 14:00:44.762455552,12,14495,73,27
49.728788,20.97513,2026-08-03 14:00:45.323784192,12,10407,160,67
49.702729,20.945866,2026-08-03 14:00:45.323788032,12,13631,145,88
41.223749,0.06921,2026-08-03 14:00:49.259498240,12,9132,174,114
41.237304,0.07697,2026-08-03 14:00:49.259504640,12,6000,165,232
43.255962,11.02452,2026-08-03 14:00:51.420647936,12,9665,182,89
35.895995,-73.375977,2026-08-03 14:00:54.398879744,12,5246,239,60
48.282318,3.215419,2026-08-03 14:01:01.945593344,12,5665,220,27
47.270118,6.453661,2026-08-03 14:01:01.977262592,12,5269,69,32
50.861687,9.906911,2026-08-03 14:01:02.222809856,12,9535,66,34
47.212845,6.574448,2026-08-03 14:01:02.547880960,12,10226,176,108
47.239677,6.562067,2026-08-03 14:01:02.547885056,12,10655,65,88
44.629153,7.173224,2026-08-03 14:01:04.80479232,12,10148,154,82
44.620518,7.188049,2026-08-03 14:01:04.80482304,12,11492,104,147
44.648714,7.175233,2026-08-03 14:01:04.80487680,12,9953,195,130
44.683113,7.200669,2026-08-03 14:01:04.80545024,12,6329,238,115
44.620933,7.166544,2026-08-03 14:01:04.80521216,12,8436,249,62
37.396564,14.553439,2026-08-03 14:01:06.271748608,12,11869,248,35
48.200021,3.273629,2026-08-03 14:01:06.734222336,12,12225,88,49
48.207435,3.26801,2026-08-03 14:01:06.734230528,12,6466,77,33
46.94831,2.924254,2026-08-03 14:01:06.895947776,12,9644,74,43
48.833587,23.00307,2026-08-03 14:01:07.103127040,12,8918,123,27
46.458305,4.758746,2026-08-03 14:01:11.533283072,12,10623,65,94
46.461943,4.765989,2026-08-03 14:01:11.533284864,12,10272,128,128
46.49279,4.712989,2026-08-03 14:01:11.533296640,12,14753,106,112
42.534868,1.261487,2026-08-03 14:01:11.624275712,12,12117,137,76
48.16543,1.175513,2026-08-03 14:01:14.84415744,12,4815,185,128
48.15036,1.153561,2026-08-03 14:01:14.84406016,12,6657,164,238
48.145216,1.149731,2026-08-03 14:01:14.84402432,12,12466,161,217
48.157443,1.15246,2026-08-03 14:01:14.84407552,12,5954,197,193
48.152223,1.166895,2026-08-03 14:01:14.84414464,12,6592,117,175
47.132915,3.149376,2026-08-03 14:01:15.617406464,12,14814,52,41
48.033631,1.169242,2026-08-03 14:01:20.45608960,12,8184,190,155
47.999036,1.169457,2026-08-03 14:01:20.45596672,12,7667,129,318
47.987511,1.156362,2026-08-03 14:01:20.45598976,12,11163,148,166
44.397807,10.505315,2026-08-03 14:01:24.198862848,12,5528,215,114
44.401783,10.533988,2026-08-03 14:01:24.198861312,12,8806,214,254
44.393244,10.513898,2026-08-03 14:01:24.198863616,12,6911,185,235
44.404446,10.513342,2026-08-03 14:01:24.198860288,12,9038,193,218
38.804013,16.436194,2026-08-03 14:01:26.370457088,12,6272,193,51
38.831577,16.415774,2026-08-03 14:01:26.370464512,12,3967,259,85
48.533291,9.804196,2026-08-03 14:01:27.17336576,12,7804,60,80
48.5442,9.794185,2026-08-03 14:01:27.17338112,12,8051,85,75
48.558422,9.804855,2026-08-03 14:01:27.17343232,12,8265,133,54
50.853487,9.873953,2026-08-03 14:01:27.621265920,12,6625,80,26
47.457669,13.104964,2026-08-03 14:01:29.355728640,12,9421,77,66
48.210318,3.284361,2026-08-03 14:01:33.710600192,12,7644,203,33
42.71785,0.12544,2026-08-03 14:01:36.81768448,12,11860,90,64
48.064519,8.429258,2026-08-03 14:01:37.332865792,12,11965,123,35
48.08117,8.403766,2026-08-03 14:01:37.332872192,12,8897,81,44
48.141207,8.411879,2026-08-03 14:01:37.332899584,12,8482,216,30
48.014337,3.045629,2026-08-03 14:01:37.537664256,12,10469,88,39
38.717756,16.510124,2026-08-03 14:01:38.280473600,12,11022,205,28
42.846994,11.822302,2026-08-03 14:01:39.440752896,12,2623,183,156
42.861039,11.803783,2026-08-03 14:01:39.440761088,12,4056,222,160
39.810485,9.362246,2026-08-03 14:01:40.116466432,12,4278,211,37
39.798533,9.382428,2026-08-03 14:01:40.116460288,12,4535,179,38
48.299769,23.422926,2026-08-03 14:01:41.725571328,12,6589,250,78
50.683854,29.802748,2026-08-03 14:01:42.572492800,12,8557,209,67
48.054664,1.234965,2026-08-03 14:01:46.64324864,12,11416,85,56
48.016016,1.248287,2026-08-03 14:01:47.72290816,12,6174,64,63
48.048239,1.242144,2026-08-03 14:01:47.72299008,12,3947,251,128
48.029469,1.239349,2026-08-03 14:01:47.72296704,12,8456,202,115
35.681473,-73.628739,2026-08-03 14:01:47.491420672,12,8656,190,53
48.203967,3.308201,2026-08-03 14:01:49.893288960,12,11635,203,37
48.204989,3.33372,2026-08-03 14:01:49.893295104,12,11122,167,46
48.24913,3.298669,2026-08-03 14:01:49.893317376,12,10648,104,31
46.942507,3.066372,2026-08-03 14:01:50.27745024,12,5361,112,31
48.130409,1.200346,2026-08-03 14:01:53.635159552,12,8102,85,399
48.151604,1.199878,2026-08-03 14:01:53.721168640,12,8673,78,157
37.532537,14.505913,2026-08-03 14:01:56.578604288,12,7512,253,26
34.855423,8.109415,2026-08-03 14:01:56.780109568,12,4208,230,59
34.84324,8.099835,2026-08-03 14:01:56.780105472,12,4776,237,50
49.430123,3.587258,2026-08-03 14:02:05.116611328,12,8499,124,31
44.618121,7.150115,2026-08-03 14:02:05.415903488,12,4944,143,104
44.493802,6.859259,2026-08-03 14:02:05.415833856,12,12371,268,88
44.609188,7.161715,2026-08-03 14:02:05.415926272,12,11366,148,75
44.608629,7.148954,2026-08-03 14:02:05.415928576,12,11389,139,62
44.594972,7.119095,2026-08-03 14:02:05.415926016,12,12811,121,48
44.604976,7.154307,2026-08-03 14:02:05.415932416,12,12107,149,34
47.496195,-98.567635,2026-08-03 14:02:06.258876672,12,6898,224,40
50.934562,10.486352,2026-08-03 14:02:06.474275840,12,7171,73,49
50.921004,10.48664,2026-08-03 14:02:06.474298880,12,8384,93,38
48.170048,3.267728,2026-08-03 14:02:06.566617600,12,9465,72,33
42.747293,12.908707,2026-08-03 14:02:06.841274880,12,7584,260,32
42.701111,12.86304,2026-08-03 14:02:06.841287936,12,8697,194,32
47.123882,-99.863694,2026-08-03 14:02:07.885944320,12,9813,181,32
48.606557,20.609309,2026-08-03 14:02:09.393677056,12,14785,77,42
48.612588,20.67834,2026-08-03 14:02:09.510809344,12,4351,84,64
48.049268,3.029473,2026-08-03 14:02:10.977646080,12,7392,80,33
