41.954697,-51.519502,2026-09-10 01:05:05.825651712,1,13007,158,21
36.590691,-0.131785,2026-09-10 01:05:06.149307648,1,10221,220,19
42.980993,10.064257,2026-09-10 01:05:06.176995840,1,9235,198,24
43.011535,10.040719,2026-09-10 01:05:06.177078016,1,9704,195,42
43.018506,10.052491,2026-09-10 01:05:06.177082112,1,12522,206,27
36.480793,0.007909,2026-09-10 01:05:06.184282880,1,5802,226,38
36.548454,0.043123,2026-09-10 01:05:06.184307968,1,9342,168,18
41.936611,-51.566601,2026-09-10 01:05:06.211405312,1,7957,207,51
42.965233,10.071879,2026-09-10 01:05:13.330126592,1,9807,154,345
43.02374,10.06817,2026-09-10 01:05:13.330152448,1,4001,243,321
42.983074,10.060392,2026-09-10 01:05:13.330139136,1,11392,207,308
42.969009,10.083856,2026-09-10 01:05:13.330138880,1,6292,139,289
42.968798,10.079854,2026-09-10 01:05:13.330142208,1,8196,139,274
43.011417,10.064591,2026-09-10 01:05:13.330147072,1,9821,229,257
42.985457,10.082018,2026-09-10 01:05:13.330150400,1,6899,232,241
38.258144,0.500285,2026-09-10 01:05:20.650227200,1,10080,229,229
38.162235,0.374267,2026-09-10 01:05:20.650236672,1,11400,248,219
41.667353,17.593971,2026-09-10 01:05:27.850435328,1,9167,238,33
43.031655,9.883047,2026-09-10 01:05:27.927906048,1,8048,149,66
43.068147,9.878491,2026-09-10 01:05:27.927984128,1,9635,213,49
43.031594,9.860719,2026-09-10 01:05:27.927970048,1,6667,202,32
42.959458,9.909765,2026-09-10 01:05:28.18768128,1,7802,211,153
43.025669,9.891302,2026-09-10 01:05:28.18799616,1,6690,261,136
43.059743,9.931433,2026-09-10 01:05:28.18806016,1,9901,214,121
42.742422,10.113262,2026-09-10 01:05:28.18748672,1,9823,238,108
42.629521,10.045991,2026-09-10 01:05:28.18710016,1,11152,244,95
43.042621,9.899656,2026-09-10 01:05:28.18853632,1,6829,207,82
43.008058,9.897065,2026-09-10 01:05:28.18847232,1,5083,264,68
43.00754,9.878304,2026-09-10 01:05:28.18842880,1,6089,249,54
42.99459,9.876028,2026-09-10 01:05:28.18840832,1,6456,219,40
42.998061,9.904166,2026-09-10 01:05:28.18843904,1,8020,215,24
45.57842,14.036626,2026-09-10 01:05:28.144288256,1,14940,138,74
45.516634,13.889436,2026-09-10 01:05:28.144350208,1,13437,201,44
44.585598,15.545707,2026-09-10 01:05:28.143806208,1,11673,226,25
39.0805,7.621557,2026-09-10 01:05:35.282264832,1,13498,225,72
39.258988,7.633449,2026-09-10 01:05:35.282312704,1,2507,234,55
39.194555,7.62401,2026-09-10 01:05:35.282288640,1,3021,243,42
39.242007,7.541584,2026-09-10 01:05:35.309794304,1,11122,258,78
39.247251,7.538877,2026-09-10 01:05:35.309786368,1,3398,269,66
39.242733,7.547416,2026-09-10 01:05:35.309784576,1,7164,243,50
38.72128,5.758429,2026-09-10 01:05:42.393502720,1,12388,252,25
42.899975,9.973129,2026-09-10 01:05:42.504162304,1,10064,91,319
42.927738,9.966696,2026-09-10 01:05:42.504177152,1,5349,227,329
42.916892,9.973925,2026-09-10 01:05:42.504173568,1,11295,208,310
42.903775,9.988109,2026-09-10 01:05:42.504176128,1,6015,140,287
42.939209,9.972032,2026-09-10 01:05:42.504184832,1,7260,232,270
42.922017,9.995081,2026-09-10 01:05:42.504182016,1,3546,251,254
42.923882,9.98853,2026-09-10 01:05:42.504184320,1,4580,251,241
42.936883,9.985598,2026-09-10 01:05:42.504190976,1,4419,248,227
42.935615,9.990665,2026-09-10 01:05:42.504187648,1,6935,263,214
42.93303,9.981792,2026-09-10 01:05:42.504243968,1,4930,228,191
42.95563,9.95447,2026-09-10 01:05:42.504257792,1,8307,220,169
42.959553,9.98063,2026-09-10 01:05:42.504249088,1,4954,192,153
42.95497,9.980082,2026-09-10 01:05:42.504248320,1,4510,214,140
42.635658,10.239377,2026-09-10 01:05:42.504129024,1,11311,233,125
42.951944,10.013458,2026-09-10 01:05:42.504247040,1,7630,209,110
42.970736,9.96883,2026-09-10 01:05:42.504254208,1,7532,237,95
36.89041,-0.067113,2026-09-10 01:05:49.646939904,1,6731,258,40
39.110793,7.592639,2026-09-10 01:05:56.682641920,1,10425,250,21
38.122541,5.55779,2026-09-10 01:05:56.719383040,1,9635,237,122
38.009887,5.547108,2026-09-10 01:05:56.719335936,1,4750,270,101
42.940536,9.978002,2026-09-10 01:06:03.774174976,1,11931,151,31
45.550311,13.942846,2026-09-10 01:06:03.784376832,1,7171,123,19
41.824193,17.501183,2026-09-10 01:06:03.984147456,1,4936,203,123
41.81443,17.472327,2026-09-10 01:06:03.984208640,1,11849,153,110
41.690417,17.612802,2026-09-10 01:06:03.984151296,1,4139,255,97
41.83863,17.509514,2026-09-10 01:06:03.984211456,1,4103,255,81
43.008623,10.024272,2026-09-10 01:06:11.65481984,1,8588,252,39
42.963139,10.014891,2026-09-10 01:06:11.80620032,1,13746,150,17
43.003664,10.001894,2026-09-10 01:06:11.80712704,1,8033,252,27
42.971226,10.032149,2026-09-10 01:06:11.80699648,1,9092,245,16
42.988433,10.000669,2026-09-10 01:06:11.107734272,1,13286,168,29
42.99664,10.02667,2026-09-10 01:06:11.107730176,1,11083,168,16
39.026712,6.057711,2026-09-10 01:06:11.489434880,1,4105,246,62
39.096242,6.09426,2026-09-10 01:06:11.489456128,1,4922,219,57
43.158284,10.038691,2026-09-10 01:06:18.552331264,1,12177,239,26
43.291197,10.414262,2026-09-10 01:06:18.740276992,1,14324,234,33
43.216982,10.544443,2026-09-10 01:06:18.740232192,1,7465,190,20
42.024589,17.790969,2026-09-10 01:06:18.808397056,1,11848,159,38
41.998529,17.791782,2026-09-10 01:06:18.808380416,1,7336,238,26
39.203276,7.561262,2026-09-10 01:06:18.860147200,1,3899,264,46
39.223328,7.583145,2026-09-10 01:06:18.918811904,1,12538,252,57
39.221114,7.608512,2026-09-10 01:06:18.918801920,1,10321,196,43
42.904553,9.797866,2026-09-10 01:06:25.954052096,1,13651,148,25
42.915543,9.963683,2026-09-10 01:06:26.565224960,1,11270,159,119
42.956753,9.952557,2026-09-10 01:06:26.565246464,1,5467,216,102
42.926975,9.96944,2026-09-10 01:06:26.565308160,1,14755,191,85
42.962449,9.962762,2026-09-10 01:06:26.565308160,1,10052,228,72
42.941944,9.969061,2026-09-10 01:06:26.565304576,1,10203,140,51
42.978325,9.966415,2026-09-10 01:06:26.565312512,1,6160,245,30
38.799722,6.088925,2026-09-10 01:06:26.634657536,1,11505,221,28
38.805412,6.188477,2026-09-10 01:06:26.648097280,1,13233,235,34
38.623581,6.452248,2026-09-10 01:06:26.889907712,1,14331,249,21
42.980521,10.012422,2026-09-10 01:06:26.934965504,1,8402,156,203
43.08226,9.937349,2026-09-10 01:06:26.935011072,1,2423,252,186
42.964004,10.010565,2026-09-10 01:06:26.934981376,1,11616,207,173
42.989297,10.017792,2026-09-10 01:06:26.935056640,1,5534,236,148
42.996162,10.011785,2026-09-10 01:06:26.935056384,1,7258,209,135
38.2577,2.321105,2026-09-10 01:06:34.270748160,1,2867,240,177
38.326469,2.283041,2026-09-10 01:06:34.270848000,1,12502,244,206
43.202199,10.463316,2026-09-10 01:06:41.319082752,1,9999,108,53
43.207815,10.46951,2026-09-10 01:06:41.319089408,1,8119,146,300
43.214483,10.478341,2026-09-10 01:06:41.319089152,1,11069,203,279
43.198609,10.472972,2026-09-10 01:06:41.319090944,1,8955,126,258
43.222426,10.472576,2026-09-10 01:06:41.319100416,1,9582,211,244
43.238106,10.477325,2026-09-10 01:06:41.319097088,1,12864,204,231
43.245109,10.468782,2026-09-10 01:06:41.319106304,1,10506,224,216
43.318798,10.417753,2026-09-10 01:06:41.319199232,1,12860,231,195
43.255371,10.465917,2026-09-10 01:06:41.319174400,1,6601,266,182
43.245312,10.464356,2026-09-10 01:06:41.319166208,1,6435,183,151
43.226946,10.44485,2026-09-10 01:06:41.319158272,1,5376,203,138
43.244676,10.45713,2026-09-10 01:06:41.319163648,1,6245,184,123
43.220741,10.50033,2026-09-10 01:06:41.319155200,1,6119,166,111
43.264716,10.46789,2026-09-10 01:06:41.319172352,1,4345,238,96
48.336401,5.349952,2026-09-10 01:06:41.321457408,1,11897,227,72
42.900122,10.005957,2026-09-10 01:06:48.336403712,1,9418,192,255
42.940406,9.98517,2026-09-10 01:06:48.336420096,1,7506,199,244
42.953273,9.984583,2026-09-10 01:06:48.336426752,1,6130,207,231
42.998947,10.029534,2026-09-10 01:06:48.336452608,1,7526,217,218
42.963496,10.027471,2026-09-10 01:06:48.336438784,1,3910,215,205
42.978795,10.017352,2026-09-10 01:06:48.336433152,1,12873,194,192
42.978074,10.034773,2026-09-10 01:06:48.336437760,1,8563,234,178
42.973866,10.030136,2026-09-10 01:06:48.336503808,1,9072,210,165
43.023795,10.026848,2026-09-10 01:06:48.336514816,1,8311,245,151
42.982507,10.022321,2026-09-10 01:06:48.336500480,1,12122,188,125
42.972224,10.025098,2026-09-10 01:06:48.336496640,1,7843,159,112
42.952144,10.016067,2026-09-10 01:06:48.336492800,1,12367,140,98
42.983043,10.024925,2026-09-10 01:06:48.336495872,1,7586,219,85
42.993361,10.005726,2026-09-10 01:06:48.336497152,1,5785,199,72
42.976338,10.030058,2026-09-10 01:06:48.336498944,1,10454,207,60
43.000078,10.027047,2026-09-10 01:06:48.336503808,1,8086,219,47
43.011841,10.019497,2026-09-10 01:06:48.336506880,1,7349,182,34
43.083677,10.112785,2026-09-10 01:06:48.365609984,1,2084,268,56
43.055334,10.094403,2026-09-10 01:06:48.365597184,1,2895,265,46
43.050801,10.003335,2026-09-10 01:06:48.369263104,1,7810,262,38
43.00066,9.992899,2026-09-10 01:06:48.369244672,1,6590,209,18
42.932913,9.875739,2026-09-10 01:06:48.390429440,1,6305,92,30
42.996337,9.85074,2026-09-10 01:06:48.390458624,1,7724,263,76
43.007964,9.876191,2026-09-10 01:06:48.390520320,1,6292,196,63
39.389078,7.452571,2026-09-10 01:06:55.394639872,1,4841,258,28
39.457585,7.565751,2026-09-10 01:06:55.480858624,1,2837,253,62
39.417866,7.486469,2026-09-10 01:06:55.480836608,1,5374,238,49
39.409042,7.484439,2026-09-10 01:06:55.480827904,1,6875,259,32
39.464648,7.56601,2026-09-10 01:06:55.544926208,1,6564,225,23
39.51395,7.596204,2026-09-10 01:06:55.598886144,1,7821,257,16
39.063565,7.628985,2026-09-10 01:06:55.625195264,1,7859,215,167
38.903447,7.596574,2026-09-10 01:06:55.625204736,1,5787,251,207
39.064073,7.620556,2026-09-10 01:06:55.625260032,1,7567,172,194
39.068942,7.62621,2026-09-10 01:06:55.625259008,1,4009,188,176
38.748831,6.069474,2026-09-10 01:07:02.659778560,1,8981,246,19
36.987437,-0.120087,2026-09-10 01:07:02.698580992,1,5061,233,25
-27.37024,128.89158,2026-09-10 01:05:36.572563200,2,12684,203,23
-26.674191,127.872303,2026-09-10 01:06:08.721476608,2,13265,192,16
11.878188,143.526058,2026-09-10 01:06:13.444876800,2,5160,177,36
12.995953,144.45144,2026-09-10 01:06:25.97846272,2,2823,190,24
41.860092,-51.338486,2026-09-10 01:05:06.211339264,3,10546,177,47
36.003525,-103.376885,2026-09-10 01:05:07.104590592,3,11271,113,26
38.710883,-93.113829,2026-09-10 01:05:07.383259136,3,9498,183,28
18.454458,-88.759902,2026-09-10 01:05:07.395195136,3,9440,245,18
18.552551,-88.772151,2026-09-10 01:05:07.458750464,3,4586,229,26
28.726003,-109.293307,2026-09-10 01:05:08.692655104,3,7047,175,44
28.722147,-109.315594,2026-09-10 01:05:08.692700416,3,7504,246,34
39.493752,-84.26496,2026-09-10 01:05:08.846390272,3,10713,92,47
39.629479,-84.145135,2026-09-10 01:05:08.846425088,3,14228,86,40
39.673515,-84.195694,2026-09-10 01:05:08.846420480,3,4580,166,28
50.065243,-76.131399,2026-09-10 01:05:09.250376192,3,4804,162,51
50.14979,-76.170635,2026-09-10 01:05:09.250410240,3,12358,216,57
50.105329,-76.181315,2026-09-10 01:05:09.250411520,3,13057,174,44
50.029713,-76.084128,2026-09-10 01:05:09.250436352,3,7928,228,24
18.671965,-88.923639,2026-09-10 01:05:09.394310656,3,6174,230,19
39.976102,-82.74146,2026-09-10 01:05:10.154176768,3,6627,98,43
31.191372,-109.045741,2026-09-10 01:05:10.201130496,3,9683,149,35
31.153356,-109.048147,2026-09-10 01:05:10.201167616,3,8052,211,21
25.555778,-76.107107,2026-09-10 01:05:10.467045120,3,5022,247,80
38.554476,-93.362565,2026-09-10 01:05:17.585965312,3,9029,70,47
38.503694,-93.463234,2026-09-10 01:05:17.586006784,3,14263,125,25
39.591453,-83.309112,2026-09-10 01:05:18.686975232,3,3323,120,55
39.611752,-83.283042,2026-09-10 01:05:18.686987520,3,5593,210,45
39.572921,-83.359981,2026-09-10 01:05:18.687023872,3,12778,112,29
29.503536,-83.581121,2026-09-10 01:05:19.11418368,3,3230,181,73
29.370444,-83.562443,2026-09-10 01:05:19.11431680,3,5810,244,61
25.565975,-100.925444,2026-09-10 01:05:26.595167744,3,8226,253,49
20.502324,-77.371015,2026-09-10 01:05:34.23124224,3,7550,261,53
20.498042,-77.379802,2026-09-10 01:05:34.136419584,3,3776,261,23
22.997258,-79.080723,2026-09-10 01:05:34.306249472,3,5336,249,97
22.936851,-79.059362,2026-09-10 01:05:34.306280704,3,10138,249,83
38.752667,-93.067798,2026-09-10 01:05:49.929641984,3,10043,80,79
38.789145,-93.282102,2026-09-10 01:05:49.929651456,3,14195,166,54
38.731363,-93.137677,2026-09-10 01:05:49.929684736,3,11241,137,41
38.719622,-93.116923,2026-09-10 01:05:49.929694208,3,3279,116,25
40.430574,-80.7976,2026-09-10 01:05:49.965820416,3,8560,65,52
40.436998,-80.795829,2026-09-10 01:05:49.965823488,3,13156,103,29
40.129515,-82.335136,2026-09-10 01:05:50.191374336,3,7220,97,27
40.23747,-82.198901,2026-09-10 01:05:50.211909888,3,13226,99,32
40.072858,-82.475245,2026-09-10 01:05:50.483914240,3,11522,178,27
17.548148,-94.405201,2026-09-10 01:05:50.507341824,3,13188,253,14
36.996298,-95.909884,2026-09-10 01:05:51.550537728,3,7923,161,72
37.011669,-95.807659,2026-09-10 01:05:51.550568960,3,7060,167,59
36.972157,-95.902911,2026-09-10 01:05:51.550602496,3,7478,140,30
25.580283,-105.731144,2026-09-10 01:05:51.607472384,3,14180,178,55
15.753889,-68.261506,2026-09-10 01:05:58.805617152,3,3473,169,46
40.245184,-82.131981,2026-09-10 01:05:58.826169088,3,5656,115,54
40.214512,-82.131339,2026-09-10 01:05:58.826176768,3,13859,101,41
40.199799,-82.273913,2026-09-10 01:05:58.826206720,3,12811,210,24
40.211885,-82.124257,2026-09-10 01:05:58.914261248,3,6422,94,25
39.978376,-82.610668,2026-09-10 01:05:58.934196992,3,2863,114,38
40.204412,-82.112551,2026-09-10 01:05:58.947006720,3,3633,93,24
34.844062,-101.566699,2026-09-10 01:06:06.175637248,3,11507,91,22
34.934167,-101.580498,2026-09-10 01:06:06.175705600,3,3481,202,36
34.939731,-101.565052,2026-09-10 01:06:06.175710464,3,9613,207,19
40.235092,-82.154877,2026-09-10 01:06:06.192879360,3,5596,99,15
40.234664,-82.142813,2026-09-10 01:06:06.192887296,3,12919,57,85
40.268297,-82.142362,2026-09-10 01:06:06.192897280,3,7512,206,63
10.54484,-82.931114,2026-09-10 01:06:06.192867840,3,7993,205,82
38.771564,-95.547178,2026-09-10 01:06:06.435788800,3,11642,180,34
40.308968,-81.536617,2026-09-10 01:06:06.526096128,3,2549,213,87
40.318476,-81.556587,2026-09-10 01:06:06.526091264,3,7612,150,76
40.341958,-81.558034,2026-09-10 01:06:06.526107136,3,2874,211,53
40.347775,-81.548075,2026-09-10 01:06:06.526107904,3,7474,204,40
40.302895,-81.538849,2026-09-10 01:06:06.526151936,3,8588,127,27
40.314474,-81.549169,2026-09-10 01:06:06.569282816,3,4318,98,19
40.307966,-81.551775,2026-09-10 01:06:06.746475520,3,5009,184,92
40.317923,-81.551186,2026-09-10 01:06:06.746481664,3,11390,79,77
40.320523,-81.557926,2026-09-10 01:06:06.746484224,3,1908,211,55
40.328537,-81.548495,2026-09-10 01:06:06.746489088,3,8497,153,42
40.114992,-82.448542,2026-09-10 01:06:06.757952512,3,5891,81,75
40.110126,-82.444038,2026-09-10 01:06:06.757954304,3,4135,104,62
38.256061,-94.049157,2026-09-10 01:06:14.576568320,3,4303,144,62
38.254702,-94.058951,2026-09-10 01:06:14.576568320,3,6887,162,49
38.239202,-94.118357,2026-09-10 01:06:14.576613632,3,11253,130,34
40.010929,-82.654081,2026-09-10 01:06:14.791988480,3,11441,114,29
38.202151,-94.202835,2026-09-10 01:06:14.799402240,3,12964,101,47
38.154572,-94.189088,2026-09-10 01:06:14.799421184,3,11044,174,95
38.230153,-94.219062,2026-09-10 01:06:14.799474176,3,12470,162,75
38.188584,-94.204854,2026-09-10 01:06:14.799461376,3,13850,138,62
38.187268,-94.265094,2026-09-10 01:06:14.799443456,3,12109,105,46
38.185119,-94.302689,2026-09-10 01:06:14.904653056,3,5412,185,57
38.187698,-94.279784,2026-09-10 01:06:14.904654592,3,6629,132,42
38.328484,-94.271669,2026-09-10 01:06:14.918506240,3,5678,99,50
38.327742,-94.280146,2026-09-10 01:06:14.918509824,3,4858,132,34
39.931605,-82.900008,2026-09-10 01:06:15.340940288,3,11403,182,14
18.672828,-87.287694,2026-09-10 01:06:23.32849664,3,13203,247,17
29.635608,-83.458076,2026-09-10 01:06:25.394455808,3,14424,118,78
29.540362,-83.503279,2026-09-10 01:06:25.394472960,3,5344,244,72
29.586779,-83.52105,2026-09-10 01:06:25.394482688,3,4551,241,58
39.622214,-84.248663,2026-09-10 01:06:25.451188480,3,6593,126,24
29.542989,-83.518408,2026-09-10 01:06:25.555769344,3,10520,140,31
40.26013,-81.932966,2026-09-10 01:06:26.880814080,3,8354,84,30
40.308669,-81.779756,2026-09-10 01:06:26.983713792,3,14801,98,17
38.600002,-93.23305,2026-09-10 01:06:27.767488,3,4588,80,91
38.601311,-93.234378,2026-09-10 01:06:27.765696,3,6111,154,75
38.606288,-93.389261,2026-09-10 01:06:27.785664,3,7402,124,55
28.617072,-81.62497,2026-09-10 01:06:34.112004352,3,11019,157,21
51.23101,-74.350445,2026-09-10 01:06:34.555145216,3,13589,151,21
31.94878,-108.235246,2026-09-10 01:06:34.675704832,3,14207,155,39
32.135752,-108.204859,2026-09-10 01:06:34.675787776,3,14932,246,27
39.708973,-84.001553,2026-09-10 01:06:35.25092096,3,3995,237,26
38.561353,-95.246924,2026-09-10 01:06:35.248099584,3,8239,116,101
38.547628,-95.257795,2026-09-10 01:06:35.248101120,3,10899,141,91
38.591834,-95.237227,2026-09-10 01:06:35.248122624,3,8274,173,72
38.57556,-95.261402,2026-09-10 01:06:35.248166400,3,12063,173,58
38.537348,-95.295553,2026-09-10 01:06:35.248146176,3,12704,121,37
38.509388,-95.073369,2026-09-10 01:06:35.273363968,3,12632,147,28
38.54418,-95.241707,2026-09-10 01:06:35.287843584,3,10020,124,50
38.531627,-95.301065,2026-09-10 01:06:35.287883264,3,8797,144,27
37.35158,-95.518744,2026-09-10 01:06:35.587873536,3,12828,73,108
37.372224,-95.514152,2026-09-10 01:06:35.587889664,3,9973,155,89
37.418941,-95.496758,2026-09-10 01:06:35.587908608,3,12581,111,70
39.973416,-82.753432,2026-09-10 01:06:35.631402240,3,11540,69,53
40.012093,-82.730223,2026-09-10 01:06:35.631429632,3,9397,101,31
37.35717,-95.547523,2026-09-10 01:06:35.679018496,3,10152,128,30
37.396502,-95.507593,2026-09-10 01:06:35.679037184,3,8901,97,40
37.358668,-95.549758,2026-09-10 01:06:35.942898688,3,9347,151,22
37.389181,-95.50776,2026-09-10 01:06:35.942917888,3,6349,162,62
37.360104,-95.840739,2026-09-10 01:06:35.942882304,3,7795,249,47
25.40719,-106.925067,2026-09-10 01:06:43.875704832,3,13722,185,43
25.614176,-106.91167,2026-09-10 01:06:43.875801600,3,9291,256,70
25.557165,-106.917159,2026-09-10 01:06:43.875790592,3,10548,239,57
33.081641,-110.13712,2026-09-10 01:06:43.937418496,3,7830,107,34
33.137385,-110.165501,2026-09-10 01:06:44.18341632,3,12833,77,27
25.470042,-106.812079,2026-09-10 01:06:44.51775488,3,10285,255,55
39.955831,-82.677691,2026-09-10 01:06:51.246379776,3,8652,91,86
39.949772,-82.658309,2026-09-10 01:06:51.246385664,3,13629,78,63
39.957341,-82.66233,2026-09-10 01:06:51.246396672,3,10715,153,42
39.933884,-82.84672,2026-09-10 01:06:51.285065216,3,6326,182,28
39.953065,-82.681081,2026-09-10 01:06:51.311259392,3,8676,109,25
39.973141,-82.656644,2026-09-10 01:06:51.311273984,3,10444,208,50
39.995675,-82.654552,2026-09-10 01:06:51.311282944,3,8305,107,36
39.963048,-82.681223,2026-09-10 01:06:51.326316800,3,3639,113,48
39.954366,-82.786574,2026-09-10 01:06:51.326355968,3,9982,117,29
39.965558,-82.684405,2026-09-10 01:06:51.350149120,3,4017,113,51
39.96331,-82.686001,2026-09-10 01:06:51.396377344,3,3698,124,34
39.961916,-82.781428,2026-09-10 01:06:51.583389952,3,4799,95,46
39.954284,-82.768784,2026-09-10 01:06:51.583392768,3,6147,91,37
40.094396,-82.438706,2026-09-10 01:06:51.617510144,3,6623,86,56
40.086675,-82.429863,2026-09-10 01:06:51.617514496,3,7889,80,52
40.130448,-82.424563,2026-09-10 01:06:51.617530112,3,3013,208,39
35.978864,-103.351518,2026-09-10 01:06:59.615051264,3,6749,85,43
36.0227,-103.42661,2026-09-10 01:06:59.615093760,3,6850,180,26
35.927407,-103.403151,2026-09-10 01:06:59.676863488,3,6535,170,28
40.314642,-81.793251,2026-09-10 01:06:59.794096896,3,14356,91,19
24.566981,-106.448092,2026-09-10 01:07:00.744613120,3,8623,189,70
24.821412,-106.480801,2026-09-10 01:07:00.744712960,3,6142,266,58
39.442688,7.739178,2026-09-10 01:05:02.193984000,4,6881,196,47
39.416193,7.800201,2026-09-10 01:05:02.199355136,4,12896,254,23
39.244254,7.693523,2026-09-10 01:05:02.287896064,4,14632,261,36
39.442818,7.718934,2026-09-10 01:05:02.358157312,4,7003,262,33
39.468265,7.733966,2026-09-10 01:05:02.703912192,4,4206,254,20
38.720283,5.96164,2026-09-10 01:05:08.700241920,4,5772,260,22
38.999018,5.917413,2026-09-10 01:05:08.716978432,4,10417,227,19
38.915221,5.902643,2026-09-10 01:05:08.826723584,4,7185,259,29
38.921853,5.867051,2026-09-10 01:05:08.933190912,4,11104,265,30
43.246586,10.520201,2026-09-10 01:05:12.114108928,4,12896,215,28
39.09176,5.903478,2026-09-10 01:05:21.822960896,4,3414,258,25
39.133627,7.616752,2026-09-10 01:05:23.951572224,4,4213,253,24
39.112497,7.564912,2026-09-10 01:05:24.23273216,4,11249,264,31
42.951243,9.982817,2026-09-10 01:05:32.389659648,4,9553,187,30
39.293079,7.712048,2026-09-10 01:05:33.212609280,4,7488,262,24
42.93659,9.96468,2026-09-10 01:05:42.504177920,4,9076,212,30
42.948434,9.984344,2026-09-10 01:05:45.999229440,4,13953,166,30
44.55386,18.131579,2026-09-10 01:05:46.62674688,4,14762,158,25
37.971611,5.545822,2026-09-10 01:05:47.398362112,4,3628,267,22
38.695694,5.983631,2026-09-10 01:05:50.542798080,4,4273,263,26
39.093515,5.890101,2026-09-10 01:05:51.549144576,4,7882,263,26
39.200451,6.025877,2026-09-10 01:05:51.626632448,4,10983,263,18
38.941746,6.066427,2026-09-10 01:05:57.164972544,4,8924,251,19
38.581302,5.58454,2026-09-10 01:05:57.347230976,4,9785,265,27
38.717861,6.519716,2026-09-10 01:06:14.861969408,4,3755,261,23
38.354928,6.440579,2026-09-10 01:06:15.18989568,4,6788,250,20
45.726804,13.438383,2026-09-10 01:06:21.296906752,4,8134,131,27
39.127335,5.916919,2026-09-10 01:06:24.927653376,4,9105,261,30
38.758093,6.534802,2026-09-10 01:06:34.844062208,4,8052,269,29
39.203663,7.618169,2026-09-10 01:06:35.15944448,4,8605,263,18
38.964234,5.94097,2026-09-10 01:06:39.12846080,4,8966,263,26
39.640203,-84.054041,2026-09-10 01:06:42.348872448,4,13130,85,19
42.95828,10.103131,2026-09-10 01:06:45.65554432,4,12890,209,33
39.203931,7.618351,2026-09-10 01:06:51.85808896,4,10997,257,19
39.36114,7.488138,2026-09-10 01:06:54.927638784,4,9565,198,36
39.217647,7.597462,2026-09-10 01:06:56.118165504,4,6128,253,28
17.504467,-93.028597,2026-09-10 01:05:16.211084544,7,5668,232,20
20.173051,-101.186459,2026-09-10 01:05:16.478792960,7,9802,248,14
18.573411,-87.258021,2026-09-10 01:05:16.491762688,7,3198,212,22
17.818136,-88.13177,2026-09-10 01:05:56.184085504,7,10033,251,12
17.769089,-88.154539,2026-09-10 01:05:56.252148224,7,8337,252,12
17.578485,-94.394646,2026-09-10 01:06:04.444526336,7,14517,232,10
20.43779,-77.536055,2026-09-10 01:06:27.753413120,7,4894,266,14
26.801125,-82.677401,2026-09-10 01:06:28.294750976,7,2709,157,25
26.352765,-82.873553,2026-09-10 01:06:28.345560832,7,1729,263,19
17.983061,-88.259742,2026-09-10 01:06:36.782825984,7,6999,250,16
25.644678,-106.865027,2026-09-10 01:06:44.51845376,7,7310,270,16
25.68005,-106.857611,2026-09-10 01:06:44.196828928,7,9513,253,12
20.83738,-98.576399,2026-09-10 01:06:44.350710016,7,14386,231,13
39.647931,-84.108934,2026-09-10 01:05:00.109622784,13,13363,124,78
39.6651,-84.081594,2026-09-10 01:05:00.109638400,13,8063,203,58
39.671169,-84.238854,2026-09-10 01:05:00.109658880,13,11225,166,43
40.149042,-82.291731,2026-09-10 01:05:00.119761920,13,8675,76,62
40.144742,-82.277697,2026-09-10 01:05:00.119767040,13,8495,81,40
40.146264,-82.385293,2026-09-10 01:05:00.119806208,13,7752,193,28
39.64943,-84.088722,2026-09-10 01:05:00.224663552,13,10445,88,64
40.147461,-82.287471,2026-09-10 01:05:00.333330944,13,6837,102,49
39.493542,-84.110988,2026-09-10 01:05:00.942724864,13,10129,84,23
39.603694,-84.080432,2026-09-10 01:05:01.234377216,13,7439,116,28
27.136465,-79.318951,2026-09-10 01:05:01.459664384,13,10245,216,124
27.259717,-79.365875,2026-09-10 01:05:01.459700992,13,6627,219,109
23.858359,-91.402449,2026-09-10 01:05:01.785817344,13,7640,244,23
20.036825,-104.541965,2026-09-10 01:05:02.661314816,13,13379,252,61
40.297832,-81.810694,2026-09-10 01:05:02.994041344,13,13817,68,58
40.272985,-81.825024,2026-09-10 01:05:02.994056192,13,10623,73,40
37.312488,-95.533903,2026-09-10 01:05:04.204627456,13,7372,141,94
37.338948,-95.502498,2026-09-10 01:05:04.204644096,13,10666,163,78
37.276682,-95.532702,2026-09-10 01:05:04.204688384,13,13325,144,63
40.003253,-82.744981,2026-09-10 01:05:04.557441792,13,4027,97,75
40.009972,-82.748025,2026-09-10 01:05:04.557455616,13,14698,90,61
40.035191,-82.742826,2026-09-10 01:05:04.557463552,13,5887,191,41
30.745988,-110.087276,2026-09-10 01:05:04.850678016,13,9006,163,29
35.949823,-103.436707,2026-09-10 01:05:07.104552960,13,12971,81,25
28.509068,-109.368748,2026-09-10 01:05:08.692617728,13,9209,232,43
39.493756,-84.264965,2026-09-10 01:05:08.846390272,13,10712,92,60
39.629474,-84.145131,2026-09-10 01:05:08.846425088,13,14228,86,46
39.654534,-84.193148,2026-09-10 01:05:08.846422528,13,13021,160,34
50.034035,-76.100183,2026-09-10 01:05:09.250388736,13,13917,177,53
50.134095,-76.18073,2026-09-10 01:05:09.250411008,13,13973,180,57
50.102101,-76.204428,2026-09-10 01:05:09.250407680,13,13012,174,45
39.976103,-82.741465,2026-09-10 01:05:10.154176768,13,6627,98,42
31.191328,-109.045715,2026-09-10 01:05:10.201130496,13,9684,149,35
31.163099,-109.048136,2026-09-10 01:05:10.201167360,13,9907,211,21
25.561132,-76.095546,2026-09-10 01:05:10.467045376,13,6132,247,98
27.214527,-79.922983,2026-09-10 01:05:11.540980480,13,9284,260,24
27.210689,-79.915652,2026-09-10 01:05:11.644021760,13,6534,261,38
40.297764,-81.709924,2026-09-10 01:05:12.311899904,13,10273,157,41
40.279597,-81.778024,2026-09-10 01:05:12.311961600,13,13429,102,25
40.052985,-82.500459,2026-09-10 01:05:12.654964992,13,12985,66,51
40.080187,-82.50239,2026-09-10 01:05:12.654984960,13,9660,191,57
40.025348,-82.507519,2026-09-10 01:05:12.655020800,13,14681,106,35
40.077179,-82.507591,2026-09-10 01:05:12.915726592,13,10424,111,36
38.405846,-93.356841,2026-09-10 01:05:13.192010752,13,12942,145,32
40.070822,-82.521357,2026-09-10 01:05:13.361754368,13,8364,100,56
23.981087,-103.684921,2026-09-10 01:05:14.855091456,13,10209,234,53
20.216303,-101.169293,2026-09-10 01:05:16.478808832,13,11550,247,45
38.554476,-93.362565,2026-09-10 01:05:17.585965312,13,9030,70,47
38.503695,-93.463231,2026-09-10 01:05:17.586006784,13,14262,125,24
39.585499,-83.294332,2026-09-10 01:05:18.686971904,13,13017,75,52
29.394607,-83.575078,2026-09-10 01:05:19.11436800,13,5980,240,51
39.963126,-82.651199,2026-09-10 01:05:19.73654528,13,5876,125,68
29.500681,-83.570158,2026-09-10 01:05:19.193490944,13,6748,205,77
29.386922,-83.572098,2026-09-10 01:05:19.193510400,13,7260,240,64
29.591236,-83.588398,2026-09-10 01:05:19.326193152,13,10068,241,29
28.68857,-81.615226,2026-09-10 01:05:20.323394304,13,9265,141,46
28.794195,-81.635897,2026-09-10 01:05:20.323478272,13,3776,247,34
40.531207,-80.835733,2026-09-10 01:05:22.280342784,13,14632,85,54
40.541617,-80.850651,2026-09-10 01:05:22.280344064,13,10334,101,35
39.950346,-82.740725,2026-09-10 01:05:22.492177152,13,5881,107,24
39.679778,-83.815524,2026-09-10 01:05:22.561839872,13,14088,113,37
20.307682,-77.538246,2026-09-10 01:05:22.837507072,13,4786,262,72
40.007024,-82.642161,2026-09-10 01:05:23.64965376,13,4579,185,41
27.226762,-108.188088,2026-09-10 01:05:23.797785344,13,5299,240,84
27.20698,-108.215674,2026-09-10 01:05:23.797813248,13,14611,242,73
25.396754,-106.870151,2026-09-10 01:05:24.18843648,13,14496,186,85
25.140727,-106.95164,2026-09-10 01:05:24.63787008,13,14307,260,73
38.692297,-93.196324,2026-09-10 01:05:24.439342336,13,6146,184,47
32.760839,-109.081842,2026-09-10 01:05:24.822790912,13,12396,153,51
24.186563,-92.159982,2026-09-10 01:05:24.993517056,13,13339,155,80
25.566003,-100.925408,2026-09-10 01:05:26.595167744,13,8225,253,53
39.982232,-82.774324,2026-09-10 01:05:27.25670912,13,6347,116,30
18.447363,-88.628826,2026-09-10 01:05:27.728609024,13,6095,233,25
39.208795,-92.898705,2026-09-10 01:05:28.5423872,13,9132,127,37
39.208375,-92.886511,2026-09-10 01:05:28.77958656,13,9033,75,19
39.592222,-84.105193,2026-09-10 01:05:28.411296256,13,9588,87,65
39.637032,-84.240259,2026-09-10 01:05:28.411324160,13,6504,109,45
30.512261,-93.124933,2026-09-10 01:05:28.454811904,13,10493,118,44
30.514274,-93.121926,2026-09-10 01:05:28.518786560,13,10044,114,52
40.191416,-82.068081,2026-09-10 01:05:29.197474816,13,12561,74,69
25.23074,-106.551405,2026-09-10 01:05:29.307453952,13,12337,254,47
40.204551,-82.087024,2026-09-10 01:05:29.468226816,13,8704,89,56
28.679354,-81.553759,2026-09-10 01:05:30.25223936,13,5973,250,66
28.715678,-81.581049,2026-09-10 01:05:30.25240320,13,8082,207,84
26.306373,-95.272222,2026-09-10 01:05:31.352633088,13,6649,264,67
25.384623,-83.216562,2026-09-10 01:05:33.753494784,13,5469,255,40
22.998868,-79.092185,2026-09-10 01:05:34.306251008,13,4739,246,109
38.612467,-93.238158,2026-09-10 01:05:34.984289536,13,9990,84,44
38.534698,-93.32017,2026-09-10 01:05:34.984326144,13,3318,124,26
23.234271,-78.475126,2026-09-10 01:05:35.957067264,13,3882,248,54
40.269191,-81.573221,2026-09-10 01:05:36.519191040,13,12756,71,36
29.690514,-84.018133,2026-09-10 01:05:36.564630784,13,14668,139,31
24.234191,-77.797253,2026-09-10 01:05:36.672411136,13,10280,245,45
39.959518,-82.759081,2026-09-10 01:05:37.828888576,13,6745,162,26
40.02808,-82.766775,2026-09-10 01:05:37.828905216,13,12191,98,32
39.623586,-84.09586,2026-09-10 01:05:38.479404800,13,13765,122,31
26.710006,-82.663525,2026-09-10 01:05:38.986545664,13,6197,252,58
39.942974,-82.751201,2026-09-10 01:05:40.362167552,13,6012,162,66
39.965974,-82.715605,2026-09-10 01:05:40.362184192,13,7106,190,83
39.968953,-82.722133,2026-09-10 01:05:40.362185984,13,6529,210,70
39.944457,-82.683338,2026-09-10 01:05:40.440372480,13,8312,74,55
40.179529,-82.257367,2026-09-10 01:05:40.773350144,13,5670,166,72
40.182702,-82.260608,2026-09-10 01:05:40.773353472,13,13274,67,57
27.123079,-79.925824,2026-09-10 01:05:40.784704768,13,2938,186,70
27.202011,-79.950155,2026-09-10 01:05:40.784734208,13,4378,266,85
51.091417,-74.787375,2026-09-10 01:05:41.499576832,13,14489,181,24
23.096944,-79.335806,2026-09-10 01:05:42.910429184,13,6479,248,95
38.470006,-93.273873,2026-09-10 01:05:43.126790656,13,7216,201,37
38.392396,-93.130408,2026-09-10 01:05:43.126786304,13,12379,167,34
38.501764,-93.287479,2026-09-10 01:05:43.213830144,13,12487,123,25
38.502323,-93.253749,2026-09-10 01:05:43.354122752,13,6614,127,24
38.899349,-92.437724,2026-09-10 01:05:44.824422912,13,8210,80,42
38.900523,-92.457682,2026-09-10 01:05:44.824486144,13,7447,132,53
38.900475,-92.455483,2026-09-10 01:05:45.239698688,13,5477,167,71
38.905912,-92.446889,2026-09-10 01:05:45.239705856,13,6820,117,55
38.947373,-92.456916,2026-09-10 01:05:45.239767808,13,9660,198,38
38.680983,-93.096158,2026-09-10 01:05:45.502980608,13,8193,185,24
38.675006,-93.12083,2026-09-10 01:05:45.502978560,13,10539,153,27
40.255536,-81.737562,2026-09-10 01:05:46.427262464,13,9644,63,28
40.291833,-81.74277,2026-09-10 01:05:46.427275264,13,6449,204,36
32.75745,-110.127844,2026-09-10 01:05:46.618998528,13,10572,90,25
40.176221,-82.245067,2026-09-10 01:05:46.758027776,13,5552,100,20
38.716195,-93.107353,2026-09-10 01:05:47.759273216,13,8861,139,34
38.710786,-93.146439,2026-09-10 01:05:47.759320576,13,13216,122,21
25.455945,-108.26443,2026-09-10 01:05:48.607633408,13,9390,255,27
31.632225,-108.863163,2026-09-10 01:05:48.894927872,13,13777,142,27
40.433508,-80.814135,2026-09-10 01:05:49.965816576,13,4981,238,45
40.118229,-82.326921,2026-09-10 01:05:50.191372544,13,9337,97,27
40.23062,-82.205877,2026-09-10 01:05:50.211910656,13,7691,99,28
17.548139,-94.405204,2026-09-10 01:05:50.507341824,13,13188,253,17
37.305106,-95.561802,2026-09-10 01:05:52.312117504,13,9557,118,66
37.322933,-95.538203,2026-09-10 01:05:52.431584512,13,11637,156,80
37.300423,-95.574862,2026-09-10 01:05:52.490268416,13,9948,118,42
38.57422,-93.415016,2026-09-10 01:05:52.870246912,13,14345,129,23
50.268777,-75.97475,2026-09-10 01:05:53.345476608,13,8766,207,22
50.294415,-75.928365,2026-09-10 01:05:53.345464320,13,5307,231,24
31.590059,-111.618627,2026-09-10 01:05:54.173240832,13,9570,127,31
31.727374,-111.507784,2026-09-10 01:05:54.173277696,13,9057,230,17
38.813045,-92.746815,2026-09-10 01:05:55.552888320,13,8360,57,35
38.849212,-92.765862,2026-09-10 01:05:55.552955648,13,7109,173,38
40.158505,-82.154397,2026-09-10 01:05:56.297349888,13,10548,101,28
19.341063,-70.685621,2026-09-10 01:05:56.420359424,13,7644,178,79
36.058856,-102.609375,2026-09-10 01:05:57.277867776,13,11084,209,22
39.999952,-82.636242,2026-09-10 01:05:58.276292864,13,8132,94,44
39.968202,-82.602473,2026-09-10 01:05:58.407453440,13,9107,88,63
17.591477,-93.473452,2026-09-10 01:05:58.721772288,13,11154,262,49
39.611016,-84.101307,2026-09-10 01:05:58.961259264,13,9981,83,56
39.971333,-82.60161,2026-09-10 01:05:59.83243776,13,7610,88,35
41.641733,-51.2067,2026-09-10 01:05:59.132052224,13,9344,171,33
39.608502,-84.272008,2026-09-10 01:05:59.330921216,13,13770,122,22
28.639422,-81.590383,2026-09-10 01:05:59.744267264,13,10490,139,30
20.541064,-77.383274,2026-09-10 01:06:00.255421696,13,5426,261,53
20.537364,-77.378461,2026-09-10 01:06:00.334736640,13,5219,261,49
20.416408,-77.34013,2026-09-10 01:06:00.404283904,13,14232,173,14
35.923298,-103.405659,2026-09-10 01:06:03.100435200,13,13820,170,26
38.592889,-93.355736,2026-09-10 01:06:03.632483072,13,10624,103,36
35.210665,-102.783233,2026-09-10 01:06:04.303233792,13,11487,91,92
35.374405,-102.883261,2026-09-10 01:06:04.303283712,13,12492,185,75
40.435891,-81.091975,2026-09-10 01:06:05.83100416,13,9369,116,15
40.215886,-82.207584,2026-09-10 01:06:05.680983808,13,4624,269,64
40.230295,-82.144769,2026-09-10 01:06:05.680999936,13,6327,95,90
40.249238,-82.149986,2026-09-10 01:06:05.681011200,13,5915,196,70
40.278859,-82.144743,2026-09-10 01:06:05.681022720,13,8515,108,48
40.234316,-82.155874,2026-09-10 01:06:05.717699072,13,6349,95,42
40.212904,-82.143086,2026-09-10 01:06:06.192883968,13,8535,80,37
40.279511,-82.14403,2026-09-10 01:06:06.192896512,13,9145,206,67
40.301144,-81.603272,2026-09-10 01:06:06.526079232,13,3134,258,59
40.318083,-81.552154,2026-09-10 01:06:06.526094848,13,13619,76,70
40.306435,-81.569092,2026-09-10 01:06:06.526099200,13,3783,133,45
40.317715,-81.558034,2026-09-10 01:06:06.746472192,13,6860,103,80
40.313113,-81.555399,2026-09-10 01:06:06.746477312,13,10344,78,66
33.07911,-110.14265,2026-09-10 01:06:07.661211904,13,14914,88,25
40.295566,-81.714487,2026-09-10 01:06:08.696338176,13,4537,187,66
40.286023,-81.684967,2026-09-10 01:06:08.696346624,13,9509,78,67
40.32481,-81.674159,2026-09-10 01:06:08.696360192,13,6944,204,50
40.285304,-81.671018,2026-09-10 01:06:08.696403456,13,10921,117,31
40.112676,-82.426018,2026-09-10 01:06:08.738241024,13,6690,179,27
40.211529,-82.338534,2026-09-10 01:06:08.738280960,13,11658,205,14
39.915149,-82.656529,2026-09-10 01:06:09.16932352,13,12258,94,33
40.288668,-81.683635,2026-09-10 01:06:09.122129408,13,8855,106,40
23.123055,-79.25825,2026-09-10 01:06:11.20468480,13,3913,246,25
39.617385,-84.148852,2026-09-10 01:06:11.560164608,13,8446,88,49
39.689565,-84.124014,2026-09-10 01:06:11.560239616,13,5724,194,28
18.718367,-66.45426,2026-09-10 01:06:11.882707456,13,9741,159,25
40.222705,-81.966649,2026-09-10 01:06:12.995411712,13,8611,92,45
40.212721,-81.909194,2026-09-10 01:06:13.75006976,13,7521,70,28
40.252849,-81.906569,2026-09-10 01:06:13.75016960,13,9520,205,31
40.200285,-81.943086,2026-09-10 01:06:13.140327680,13,7358,161,67
40.201886,-81.933025,2026-09-10 01:06:13.140331520,13,7561,116,47
40.195045,-81.937936,2026-09-10 01:06:13.222932992,13,6545,193,60
38.910465,-92.503267,2026-09-10 01:06:13.420026112,13,9751,72,53
38.256061,-94.049157,2026-09-10 01:06:14.576568320,13,4303,144,63
38.250759,-94.052873,2026-09-10 01:06:14.576567296,13,5370,162,50
38.232875,-94.122031,2026-09-10 01:06:14.576611072,13,8575,197,36
38.195717,-94.198347,2026-09-10 01:06:14.799402240,13,9844,125,84
38.230702,-94.18352,2026-09-10 01:06:14.799417344,13,7501,158,97
38.323711,-94.276857,2026-09-10 01:06:14.918504192,13,5946,111,25
39.931588,-82.900062,2026-09-10 01:06:15.340940288,13,11402,182,14
30.535932,-93.135016,2026-09-10 01:06:15.650753536,13,6534,147,36
30.524356,-93.172197,2026-09-10 01:06:15.650744064,13,5416,260,23
27.188978,-79.976789,2026-09-10 01:06:16.19471616,13,8443,218,105
27.196179,-79.956209,2026-09-10 01:06:16.93617408,13,9868,220,39
27.238613,-79.944942,2026-09-10 01:06:16.144642304,13,7520,194,31
40.199287,-82.288114,2026-09-10 01:06:16.683780608,13,12644,116,74
6.393084,-71.238389,2026-09-10 01:06:16.993271808,13,13791,211,31
20.410231,-78.373269,2026-09-10 01:06:17.170264832,13,7699,236,53
40.131389,-82.242235,2026-09-10 01:06:17.379924480,13,8376,72,43
40.146002,-82.265838,2026-09-10 01:06:17.379925760,13,10477,152,35
32.172972,-109.929363,2026-09-10 01:06:18.723199488,13,11928,181,50
32.301651,-109.930211,2026-09-10 01:06:18.723281920,13,6431,242,27
32.189885,-109.91143,2026-09-10 01:06:18.893135616,13,8290,205,57
32.214403,-109.890139,2026-09-10 01:06:19.21605632,13,11124,204,31
38.87939,-92.429443,2026-09-10 01:06:19.288894720,13,8157,79,34
38.865166,-92.443232,2026-09-10 01:06:19.440101888,13,9470,124,29
39.615211,-84.150537,2026-09-10 01:06:19.907656192,13,11690,173,23
39.947309,-82.733401,2026-09-10 01:06:20.889815552,13,5536,132,78
39.957185,-82.703109,2026-09-10 01:06:20.889828608,13,5429,187,71
39.988719,-82.708545,2026-09-10 01:06:20.889838848,13,3089,233,55
39.968447,-82.719457,2026-09-10 01:06:20.889839360,13,7870,234,41
39.940324,-82.751077,2026-09-10 01:06:21.72334336,13,4827,132,48
29.819121,-84.021277,2026-09-10 01:06:21.151993856,13,12298,143,46
29.628076,-83.452766,2026-09-10 01:06:25.394456576,13,9374,118,80
29.540612,-83.503196,2026-09-10 01:06:25.394472960,13,5346,244,75
38.606726,-93.233841,2026-09-10 01:06:27.768768,13,9069,80,40
38.596898,-93.376377,2026-09-10 01:06:27.787200,13,11732,124,55
38.608323,-93.236729,2026-09-10 01:06:27.89746688,13,10230,65,42
38.607277,-93.23532,2026-09-10 01:06:27.235765248,13,8932,84,33
40.247549,-81.921401,2026-09-10 01:06:27.300292864,13,10416,98,31
40.284192,-81.924407,2026-09-10 01:06:27.300300544,13,7885,180,32
38.894449,-92.391781,2026-09-10 01:06:27.708973824,13,9647,53,72
38.896361,-92.387167,2026-09-10 01:06:27.708980736,13,9343,116,51
26.52101,-82.63687,2026-09-10 01:06:28.294662656,13,7387,208,52
26.552463,-82.687477,2026-09-10 01:06:28.345657088,13,8057,234,19
40.21534,-82.099352,2026-09-10 01:06:28.960728832,13,13454,69,36
40.208987,-82.107299,2026-09-10 01:06:29.140346880,13,8508,81,45
40.248285,-82.090682,2026-09-10 01:06:29.140358400,13,10553,213,39
40.206959,-81.998961,2026-09-10 01:06:29.140386560,13,12666,96,23
32.331162,-109.074669,2026-09-10 01:06:29.779889152,13,13632,203,36
35.791673,-98.996917,2026-09-10 01:06:30.160826880,13,10418,103,41
39.646907,-84.112769,2026-09-10 01:06:30.846599936,13,4842,218,57
39.67105,-84.037827,2026-09-10 01:06:30.846623488,13,5207,190,60
39.622122,-84.037555,2026-09-10 01:06:31.213297408,13,6689,87,63
39.65558,-84.014548,2026-09-10 01:06:31.213306112,13,6086,190,47
39.521851,-84.263457,2026-09-10 01:06:31.213277184,13,6092,267,32
40.378578,-81.705401,2026-09-10 01:06:32.588308480,13,13617,80,43
40.368121,-81.864957,2026-09-10 01:06:32.588338688,13,8642,136,30
31.547701,-106.775736,2026-09-10 01:06:32.825025792,13,4436,202,42
31.563311,-106.772471,2026-09-10 01:06:32.825034240,13,7393,149,28
39.597356,-84.071668,2026-09-10 01:06:33.285262848,13,2992,119,54
39.582056,-84.24659,2026-09-10 01:06:33.285270784,13,6635,258,41
39.633684,-84.107555,2026-09-10 01:06:33.285319680,13,8194,165,28
39.531495,-84.281434,2026-09-10 01:06:33.470106112,13,12457,185,32
39.530899,-84.248835,2026-09-10 01:06:33.470115840,13,12067,259,19
28.617072,-81.62497,2026-09-10 01:06:34.112004352,13,11019,157,21
31.893659,-108.272385,2026-09-10 01:06:34.675691520,13,14753,135,41
38.555311,-95.251372,2026-09-10 01:06:35.248098304,13,10632,132,92
38.548662,-95.261692,2026-09-10 01:06:35.248100608,13,6699,141,85
38.614515,-95.199164,2026-09-10 01:06:35.248125696,13,13252,146,71
38.544181,-95.241702,2026-09-10 01:06:35.287843584,13,10020,140,26
37.351579,-95.518745,2026-09-10 01:06:35.587873536,13,12827,73,112
37.377422,-95.509328,2026-09-10 01:06:35.587890688,13,7045,162,91
37.429813,-95.496502,2026-09-10 01:06:35.587902464,13,13302,144,74
37.365204,-95.558882,2026-09-10 01:06:35.942899712,13,5109,183,80
37.338183,-95.471904,2026-09-10 01:06:35.942905344,13,4613,149,67
37.348451,-95.608894,2026-09-10 01:06:35.942940672,13,11011,85,53
20.411409,-77.333166,2026-09-10 01:06:36.300428800,13,10004,173,52
38.568311,-93.325475,2026-09-10 01:06:38.858427136,13,9304,85,58
38.501646,-93.407109,2026-09-10 01:06:38.858461184,13,8561,124,36
38.568889,-93.336396,2026-09-10 01:06:38.894517504,13,6933,134,19
40.360449,-82.120095,2026-09-10 01:06:39.385651968,13,7705,88,29
28.541171,-81.610614,2026-09-10 01:06:39.811948032,13,11549,253,55
30.52741,-93.124805,2026-09-10 01:06:39.937779712,13,10474,140,25
39.895668,-82.73805,2026-09-10 01:06:41.17936640,13,9996,114,35
38.872475,-92.457553,2026-09-10 01:06:41.217661184,13,6667,75,22
40.464131,-80.574854,2026-09-10 01:06:42.111376128,13,7026,66,66
30.522608,-93.034618,2026-09-10 01:06:42.153746432,13,8592,188,49
30.515854,-93.048236,2026-09-10 01:06:42.153789696,13,9559,135,73
30.643229,-93.02993,2026-09-10 01:06:42.153823744,13,9812,246,59
39.655524,-84.067828,2026-09-10 01:06:42.348864768,13,7108,151,78
39.664899,-84.041337,2026-09-10 01:06:42.348873472,13,14257,119,77
26.156069,-95.461418,2026-09-10 01:06:42.426410496,13,12296,246,24
25.407237,-106.925004,2026-09-10 01:06:43.875704832,13,13723,185,82
25.614176,-106.91167,2026-09-10 01:06:43.875801600,13,9291,256,71
25.583572,-106.890609,2026-09-10 01:06:44.51822592,13,9246,252,56
25.38902,-106.846354,2026-09-10 01:06:44.196729344,13,10676,255,39
20.849545,-98.596211,2026-09-10 01:06:44.350718208,13,9533,231,58
40.160752,-82.373586,2026-09-10 01:06:44.514081536,13,14646,142,30
51.114823,-74.921361,2026-09-10 01:06:45.43878912,13,8010,250,76
51.064948,-74.834897,2026-09-10 01:06:45.43911424,13,6786,191,94
51.061506,-74.856835,2026-09-10 01:06:45.43906304,13,9440,180,79
51.260133,-74.179197,2026-09-10 01:06:45.743341312,13,14044,262,47
51.186184,-74.340244,2026-09-10 01:06:45.743361536,13,7229,181,34
40.048465,-82.438101,2026-09-10 01:06:46.518550272,13,10783,112,19
40.045967,-82.535358,2026-09-10 01:06:46.518590720,13,8612,141,17
19.389153,-106.298254,2026-09-10 01:06:47.46845952,13,8252,260,36
32.746059,-108.962352,2026-09-10 01:06:48.434076672,13,11599,223,32
33.037234,-110.052594,2026-09-10 01:06:48.742515712,13,11579,111,38
33.001782,-110.074271,2026-09-10 01:06:48.988579072,13,13692,89,23
18.606285,-89.237307,2026-09-10 01:06:49.258936064,13,9296,219,38
39.615809,-84.095008,2026-09-10 01:06:49.929360896,13,7920,150,30
39.606809,-84.100534,2026-09-10 01:06:49.929358336,13,7626,150,19
39.955831,-82.677691,2026-09-10 01:06:51.246379776,13,8652,91,88
39.949772,-82.658309,2026-09-10 01:06:51.246385664,13,13630,78,65
39.949437,-82.659693,2026-09-10 01:06:51.246394368,13,2306,153,44
39.955867,-82.672877,2026-09-10 01:06:51.350144256,13,7430,101,38
39.961745,-82.77643,2026-09-10 01:06:51.583388928,13,14016,73,52
39.954968,-82.770012,2026-09-10 01:06:51.583394560,13,6628,91,35
40.102916,-82.441437,2026-09-10 01:06:51.617512704,13,8486,86,58
39.960398,-82.67416,2026-09-10 01:06:51.859440384,13,8511,109,80
39.984768,-82.643149,2026-09-10 01:06:51.859453440,13,6194,204,58
39.957413,-82.673615,2026-09-10 01:06:52.204445184,13,13141,90,40
39.585758,-84.108588,2026-09-10 01:06:52.229115136,13,10827,130,40
40.238609,-82.102037,2026-09-10 01:06:53.170349312,13,8582,89,33
40.216403,-82.14614,2026-09-10 01:06:53.305804544,13,7702,71,32
38.699384,-93.053636,2026-09-10 01:06:53.443155456,13,4323,59,47
38.704571,-93.07072,2026-09-10 01:06:53.443152640,13,10296,153,33
38.687745,-93.098724,2026-09-10 01:06:53.443213056,13,13197,123,28
34.217891,-105.733659,2026-09-10 01:06:53.752095744,13,9639,129,55
34.275671,-105.731527,2026-09-10 01:06:53.752152576,13,8947,206,41
29.368283,-83.439056,2026-09-10 01:06:53.973582592,13,6129,240,29
40.262844,-81.54644,2026-09-10 01:06:54.78067968,13,7748,87,56
40.255619,-81.795879,2026-09-10 01:06:54.489735936,13,10302,86,39
40.265809,-81.801744,2026-09-10 01:06:54.489735424,13,12693,138,29
27.083267,-79.332961,2026-09-10 01:06:56.276852992,13,6775,196,45
27.166551,-79.331338,2026-09-10 01:06:56.450687744,13,4233,209,51
39.943666,-82.784635,2026-09-10 01:06:57.44858880,13,3227,103,29
37.316565,-95.527428,2026-09-10 01:06:57.476869120,13,9599,117,43
18.358529,-88.731949,2026-09-10 01:06:58.77091328,13,4997,249,49
39.692313,-84.043759,2026-09-10 01:06:58.104792832,13,9713,84,35
39.712906,-84.179344,2026-09-10 01:06:58.104816128,13,11126,161,16
39.702166,-84.053662,2026-09-10 01:06:58.283030528,13,11089,129,23
35.978922,-103.351517,2026-09-10 01:06:59.615051264,13,6751,85,43
36.070883,-103.351775,2026-09-10 01:06:59.615121408,13,7887,222,26
35.92738,-103.40316,2026-09-10 01:06:59.676863488,13,6534,170,28
40.326048,-81.801267,2026-09-10 01:06:59.794093056,13,13128,102,15
24.7346,-106.508203,2026-09-10 01:07:00.744682752,13,8567,262,59
40.138961,-82.430127,2026-09-10 01:07:01.251411712,13,6635,80,38
40.120891,-82.421728,2026-09-10 01:07:01.339985152,13,7059,80,57
40.114813,-82.401518,2026-09-10 01:07:01.339984640,13,8584,113,41
40.131654,-82.422605,2026-09-10 01:07:01.446014464,13,9697,66,44
39.625127,-84.059805,2026-09-10 01:07:02.40028416,13,8416,138,69
39.628633,-84.050066,2026-09-10 01:07:02.123206656,13,6716,129,65
39.663073,-84.020191,2026-09-10 01:07:02.123226112,13,13102,177,57
39.624868,-84.030466,2026-09-10 01:07:02.510723840,13,9608,69,27
49.289942,-77.548313,2026-09-10 01:07:02.880644864,13,14801,268,63
49.167944,-77.165738,2026-09-10 01:07:03.295616768,13,10757,141,56
49.24444,-77.211611,2026-09-10 01:07:03.295661056,13,12865,173,47
49.078564,-77.175389,2026-09-10 01:07:03.295708672,13,9769,250,34
32.754902,-107.641354,2026-09-10 01:07:03.450931968,13,9479,153,90
32.518452,-107.691932,2026-09-10 01:07:03.450928384,13,9725,184,82
38.667343,-93.049356,2026-09-10 01:07:03.892069376,13,7169,81,28
29.519181,-83.565396,2026-09-10 01:07:04.606405632,13,3691,181,106
29.581413,-83.564206,2026-09-10 01:07:04.606432512,13,9290,235,93
29.612241,-83.540847,2026-09-10 01:07:04.606495232,13,6714,246,68
29.578721,-83.562608,2026-09-10 01:07:04.639960576,13,7426,149,74
29.726137,-83.569727,2026-09-10 01:07:04.677636096,13,9355,236,38
38.896603,-92.369052,2026-09-10 01:07:05.178884608,13,8206,100,31
38.948802,-92.608213,2026-09-10 01:07:05.178884352,13,14777,160,39
38.925973,-92.405264,2026-09-10 01:07:05.178943488,13,6609,185,30
25.513075,-76.069965,2026-09-10 01:07:05.673369600,13,8621,269,55
24.336989,-77.807209,2026-09-10 01:07:07.254057728,13,6847,240,98
40.211374,-82.127472,2026-09-10 01:07:07.587329792,13,4830,90,50
40.198718,-82.10905,2026-09-10 01:07:07.587338496,13,10300,109,30
31.582816,-108.761162,2026-09-10 01:07:08.183878912,13,8204,242,21
38.708495,-93.100815,2026-09-10 01:07:08.591490048,13,4001,242,63
38.705859,-93.076916,2026-09-10 01:07:08.591497216,13,9570,122,49
38.726286,-93.093312,2026-09-10 01:07:08.591557120,13,10063,109,30
25.60759,-105.76196,2026-09-10 01:07:08.965137664,13,14648,178,65
40.231957,-81.897065,2026-09-10 01:07:09.369220096,13,4551,190,55
40.2804,-81.83783,2026-09-10 01:07:09.369248768,13,6857,190,78
40.258111,-81.839127,2026-09-10 01:07:09.369247232,13,7263,190,61
40.14568,-81.85746,2026-09-10 01:07:09.369274112,13,10827,109,38
39.972417,-82.686174,2026-09-10 01:07:09.858291712,13,5885,131,37
40.061092,-82.659252,2026-09-10 01:07:09.858379008,13,8865,192,31
39.975267,-82.690808,2026-09-10 01:07:10.207785216,13,7428,109,48
40.200823,-82.252976,2026-09-10 01:07:10.363237888,13,7821,106,30
40.175328,-82.240774,2026-09-10 01:07:10.363244544,13,9840,190,57
40.144299,-82.264198,2026-09-10 01:07:10.366196224,13,9070,115,47
38.875812,-92.38872,2026-09-10 01:07:10.670921216,13,7572,85,20
38.86849,-92.541629,2026-09-10 01:07:10.670940928,13,7300,118,35
22.320747,-104.962058,2026-09-10 01:07:10.737173504,13,10160,246,37
38.87723,-92.40005,2026-09-10 01:07:10.921444608,13,9530,79,28
38.871629,-92.408154,2026-09-10 01:07:11.131797760,13,11594,79,38
18.665292,-88.937515,2026-09-10 01:07:11.441983488,13,2239,230,42
38.715276,-95.129829,2026-09-10 01:07:11.663545600,13,10955,114,45
30.41423,-93.132934,2026-09-10 01:07:12.682775040,13,6314,143,31
30.416791,-93.130032,2026-09-10 01:07:12.715010816,13,5766,145,25
30.430372,-93.036828,2026-09-10 01:07:12.871734784,13,7089,167,78
30.448606,-93.052652,2026-09-10 01:07:12.871793408,13,11898,198,65
38.926326,-92.3644,2026-09-10 01:07:13.987411968,13,9836,95,20
39.945475,-82.74464,2026-09-10 01:07:14.327683328,13,2844,135,54
39.950612,-82.745161,2026-09-10 01:07:14.327688192,13,12373,91,43
40.063097,-82.737215,2026-09-10 01:07:14.327714560,13,14902,152,27
31.651717,-106.675778,2026-09-10 01:07:15.262158080,13,8846,206,26
39.646497,-84.07473,2026-09-10 01:07:15.429092096,13,7484,156,69
39.645046,-84.04701,2026-09-10 01:07:15.521056512,13,5581,146,43
39.651256,-84.046339,2026-09-10 01:07:15.521062400,13,6267,177,64
39.628103,-84.049136,2026-09-10 01:07:15.565082624,13,8709,88,50
39.621516,-84.058291,2026-09-10 01:07:16.35408384,13,5768,120,53
39.655931,-84.188068,2026-09-10 01:07:16.35447040,13,14488,224,38
12.629601,127.096951,2026-09-10 01:07:01.416013824,14,6189,264,31
39.434965,7.730244,2026-09-10 01:05:02.193975296,11,10197,183,232
43.225824,10.541255,2026-09-10 01:05:12.245380864,11,6997,164,112
42.97901,10.07999,2026-09-10 01:05:14.763356160,11,10466,235,58
43.035484,9.915406,2026-09-10 01:05:19.294866944,11,6052,264,87
38.516874,5.985549,2026-09-10 01:05:25.107171840,11,10993,239,71
38.769588,6.005813,2026-09-10 01:05:25.107248128,11,8374,249,79
41.887539,17.582977,2026-09-10 01:05:25.367546624,11,12165,197,51
42.949576,9.984996,2026-09-10 01:05:27.1560576,11,7977,164,48
41.732909,17.373405,2026-09-10 01:05:31.260179200,11,8709,151,213
38.678188,6.151264,2026-09-10 01:05:31.833596672,11,10581,248,51
42.910269,9.979074,2026-09-10 01:05:42.504168704,11,7017,168,267
43.193982,10.040496,2026-09-10 01:06:01.849863680,11,12002,260,207
45.541104,13.838297,2026-09-10 01:06:02.993250560,11,9468,62,102
43.090147,9.875962,2026-09-10 01:06:04.477012224,11,11020,261,146
43.00864,9.959561,2026-09-10 01:06:12.449460992,11,9541,249,62
39.5952,6.88868,2026-09-10 01:06:30.867392512,11,10219,234,247
37.997751,5.597212,2026-09-10 01:06:31.731903232,11,5325,259,77
36.430008,0.144491,2026-09-10 01:06:35.979445760,11,6934,260,55
42.982992,9.987374,2026-09-10 01:06:42.51311360,11,7978,187,195
43.025867,10.118189,2026-09-10 01:06:42.681577216,11,10444,158,204
42.850949,10.091668,2026-09-10 01:06:45.65525760,11,5941,270,100
37.133193,0.041199,2026-09-10 01:06:51.687358208,11,12037,250,101
39.385235,7.479227,2026-09-10 01:06:54.927638784,11,6502,251,186
43.045271,10.138341,2026-09-10 01:06:59.510014976,11,3773,203,144
43.072873,10.134865,2026-09-10 01:06:59.725843712,11,4706,252,195
38.738676,6.447627,2026-09-10 01:06:59.892257792,11,6339,264,93
45.750927,13.457534,2026-09-10 01:07:06.602992640,11,14502,54,119
38.855073,6.044891,2026-09-10 01:07:09.441921536,11,10582,246,105
42.939026,10.02056,2026-09-10 01:07:12.940601344,11,9752,160,142
36.799613,-0.282187,2026-09-10 01:05:07.449426432,12,7554,259,150
43.226051,10.541259,2026-09-10 01:05:12.245380864,12,9095,175,129
42.97901,10.07999,2026-09-10 01:05:14.763356160,12,10466,235,63
41.887539,17.582977,2026-09-10 01:05:25.367546624,12,12165,197,51
42.949057,9.979734,2026-09-10 01:05:27.1559296,12,8104,167,61
41.730858,17.370073,2026-09-10 01:05:31.260178176,12,8544,151,197
38.734909,6.132874,2026-09-10 01:05:31.833616384,12,10496,191,39
39.024835,6.070605,2026-09-10 01:05:57.165028608,12,10107,232,141
38.721741,5.639489,2026-09-10 01:05:57.744835840,12,6508,267,71
38.359959,2.295181,2026-09-10 01:06:07.721445376,12,5321,240,173
45.495114,13.792592,2026-09-10 01:06:17.584314624,12,4134,107,105
42.922258,10.049683,2026-09-10 01:06:28.675767808,12,9717,162,229
39.566435,6.895777,2026-09-10 01:06:30.867387392,12,6543,234,222
38.028123,5.611292,2026-09-10 01:06:31.731917568,12,4635,223,84
42.982987,9.987378,2026-09-10 01:06:42.51311360,12,7978,187,226
42.850949,10.091668,2026-09-10 01:06:45.65525760,12,5941,270,100
43.026976,10.062827,2026-09-10 01:06:48.336451328,12,11163,216,137
45.482948,9.99177,2026-09-10 01:06:48.635529984,12,9559,99,67
42.909737,10.008755,2026-09-10 01:06:49.474575360,12,7916,254,127
37.131684,0.046738,2026-09-10 01:06:51.687359744,12,8923,248,140
39.394512,7.481221,2026-09-10 01:06:54.927641856,12,6877,251,178
42.972397,10.126081,2026-09-10 01:06:59.725827072,12,9361,186,94
43.046793,10.110825,2026-09-10 01:06:59.725853696,12,4722,213,180
38.855073,6.044891,2026-09-10 01:07:09.441921536,12,10582,246,105
42.936409,10.013021,2026-09-10 01:07:12.940599552,12,4300,188,179
42.972268,10.0907,2026-09-10 01:07:14.651157504,12,13752,186,71
29.621408,-83.585345,2026-09-10 01:15:03.378966784,3,6344,237,64
29.570095,-83.560657,2026-09-10 01:15:03.379007232,3,6989,241,52
38.717591,6.582077,2026-09-10 01:15:02.421033728,4,11300,267,25
35.54547,-100.014883,2026-09-10 01:15:00.479751424,13,13141,92,52
35.563869,-99.988456,2026-09-10 01:15:00.479747840,13,11576,160,39
40.086908,-82.333023,2026-09-10 01:15:00.591856896,13,5452,91,23
39.625151,-83.319217,2026-09-10 01:15:00.599229184,13,7573,196,20
40.065637,-82.392599,2026-09-10 01:15:00.722490880,13,6670,80,30
38.644505,-95.15941,2026-09-10 01:15:01.34500096,13,13528,105,62
38.629135,-95.225564,2026-09-10 01:15:01.34547456,13,9555,164,41
35.606096,-99.632018,2026-09-10 01:15:01.568441856,13,9865,212,34
33.032164,-110.090312,2026-09-10 01:15:01.777425152,13,10208,124,26
39.674417,-84.033207,2026-09-10 01:15:02.271594752,13,12227,124,35
39.689952,-83.882256,2026-09-10 01:15:02.271641344,13,2736,184,24
40.204372,-81.894356,2026-09-10 01:15:02.399240960,13,10112,94,25
39.654674,-83.994555,2026-09-10 01:15:02.456655872,13,9019,149,31
39.699226,-83.94494,2026-09-10 01:15:02.728782080,13,6414,123,32
29.618311,-83.565137,2026-09-10 01:15:03.221753600,13,5322,235,67
29.417772,-83.547364,2026-09-10 01:15:03.221742080,13,5018,244,67
29.561891,-83.555336,2026-09-10 01:15:03.221796608,13,6147,256,52
29.666649,-83.510612,2026-09-10 01:15:03.378983424,13,11508,228,51
39.197236,-92.793266,2026-09-10 01:15:03.859424256,13,7992,121,37
39.607102,-84.060191,2026-09-10 01:15:04.608467456,13,5885,162,109
39.628086,-84.028032,2026-09-10 01:15:04.608477184,13,8663,165,90
39.646108,-84.020269,2026-09-10 01:15:04.608489984,13,10094,203,74
49.940902,-78.054974,2026-09-10 01:15:04.630211840,13,9295,227,54
49.931837,-78.044563,2026-09-10 01:15:04.630217984,13,4432,251,79
39.617951,-84.064525,2026-09-10 01:15:04.865851904,13,13196,124,35
38.913657,-92.480002,2026-09-10 01:15:05.398019584,13,7989,167,33
40.004863,-82.467627,2026-09-10 01:15:05.460797184,13,13902,60,88
39.992936,-82.455206,2026-09-10 01:15:05.460798976,13,8973,80,64
39.999457,-82.460681,2026-09-10 01:15:05.566077952,13,11351,65,77
39.998395,-82.479779,2026-09-10 01:15:05.693478144,13,7277,90,72
20.273612,-101.230561,2026-09-10 01:15:06.206106624,13,8691,248,32
37.141506,-95.589209,2026-09-10 01:15:06.523242752,13,7562,175,32
19.608812,-90.215765,2026-09-10 01:15:06.925446400,13,13417,233,21
40.19401,-82.116058,2026-09-10 01:15:08.18662656,13,8575,76,75
40.184182,-82.086418,2026-09-10 01:15:08.18665728,13,5497,77,74
40.229225,-82.088128,2026-09-10 01:15:08.18678016,13,3267,207,59
40.16364,-82.060689,2026-09-10 01:15:08.18714368,13,8002,131,41
31.780006,-111.469668,2026-09-10 01:15:10.292474368,13,10063,214,62
31.73107,-111.577317,2026-09-10 01:15:10.292487168,13,13808,214,56
38.895643,-92.393266,2026-09-10 01:15:10.691528960,13,8652,75,58
38.890853,-92.417486,2026-09-10 01:15:10.691528960,13,9892,116,68
38.89677,-92.389389,2026-09-10 01:15:10.866643968,13,10140,123,30
38.90572,-92.426537,2026-09-10 01:15:10.866698752,13,9193,120,22
20.270522,-78.220641,2026-09-10 01:15:11.301848576,13,10552,177,87
38.973075,-94.534014,2026-09-10 01:15:12.553714944,13,14107,249,22
18.562088,-87.347176,2026-09-10 01:15:13.358722560,13,3501,213,39
29.635576,-83.567524,2026-09-10 01:15:13.811292928,13,4839,238,65
29.613523,-83.559552,2026-09-10 01:15:13.811340544,13,3051,238,52
40.264514,-81.754363,2026-09-10 01:15:13.974710528,13,14937,101,104
29.462114,-83.786666,2026-09-10 01:15:14.304699904,13,5683,261,20
25.289416,-101.432408,2026-09-10 01:15:14.384790528,13,14365,224,44
28.42601,-81.753124,2026-09-10 01:15:14.769589248,13,5355,265,40
28.746936,-81.606895,2026-09-10 01:15:14.769716992,13,3075,247,40
27.252106,-79.964669,2026-09-10 01:15:15.150134784,13,3449,268,105
27.258043,-79.977112,2026-09-10 01:15:15.150139648,13,8158,263,107
27.261147,-80.002821,2026-09-10 01:15:15.196336128,13,8299,260,25
39.950127,-82.599976,2026-09-10 01:15:16.249527040,13,14131,94,44
38.491323,-93.266652,2026-09-10 01:15:16.564537856,13,10836,109,29
42.61895,11.743166,2026-09-10 05:55:01.469916672,1,7135,223,227
42.607831,11.753126,2026-09-10 05:55:01.469923328,1,8455,134,236
42.623549,11.756038,2026-09-10 05:55:01.469923328,1,8736,237,214
42.619646,11.754688,2026-09-10 05:55:01.469920768,1,7169,218,194
42.657094,11.752695,2026-09-10 05:55:01.469938176,1,11457,194,176
42.637748,11.754366,2026-09-10 05:55:01.469934336,1,12374,162,158
42.651814,11.756464,2026-09-10 05:55:01.469940736,1,6894,205,141
42.639521,11.795826,2026-09-10 05:55:01.469927168,1,9419,190,125
42.551066,11.774673,2026-09-10 05:55:01.469932544,1,14321,172,109
42.709029,11.781197,2026-09-10 05:55:01.469951232,1,8903,199,98
42.657702,11.748582,2026-09-10 05:55:01.469974528,1,7906,240,82
42.658153,11.748683,2026-09-10 05:55:01.469975808,1,8060,240,69
42.516967,11.825371,2026-09-10 05:55:01.469912832,1,14666,259,55
42.643999,11.736606,2026-09-10 05:55:01.469970176,1,5721,191,42
42.65008,11.751912,2026-09-10 05:55:01.469976320,1,11457,191,30
42.62993,11.831835,2026-09-10 05:55:01.507457024,1,9270,147,17
41.53777,11.521569,2026-09-10 05:55:01.601102592,1,6259,169,21
41.53431,11.509684,2026-09-10 05:55:01.601106688,1,4232,265,185
41.557141,11.504122,2026-09-10 05:55:01.601116416,1,4374,206,171
41.574366,11.525211,2026-09-10 05:55:01.601124608,1,6776,195,157
41.544672,11.517315,2026-09-10 05:55:01.601120768,1,13814,183,143
41.475252,11.514959,2026-09-10 05:55:01.601122304,1,14846,184,131
41.558948,11.51318,2026-09-10 05:55:01.601153024,1,6371,221,120
41.459968,11.63637,2026-09-10 05:55:01.601102848,1,9718,265,106
41.60324,11.493602,2026-09-10 05:55:01.601172992,1,10339,247,92
41.57892,11.522569,2026-09-10 05:55:01.601158656,1,6304,256,74
43.088181,12.689383,2026-09-10 05:55:09.34702848,1,11903,80,359
43.110557,12.685687,2026-09-10 05:55:09.34717696,1,10886,204,345
43.107539,12.704832,2026-09-10 05:55:09.34717696,1,10736,154,323
43.088517,12.701163,2026-09-10 05:55:09.34713344,1,9610,118,301
43.138184,12.701786,2026-09-10 05:55:09.34725120,1,7716,239,279
43.148665,12.721163,2026-09-10 05:55:09.34737152,1,8280,208,262
43.101216,12.707467,2026-09-10 05:55:09.34725632,1,10504,180,243
43.127218,12.694955,2026-09-10 05:55:09.34731264,1,6280,192,225
43.098637,12.692207,2026-09-10 05:55:09.34727680,1,11102,172,212
43.100409,12.693185,2026-09-10 05:55:09.34716928,1,11104,163,199
43.079463,12.696042,2026-09-10 05:55:09.34711808,1,9159,196,180
43.111408,12.717418,2026-09-10 05:55:09.34726656,1,10979,163,167
43.170336,12.686018,2026-09-10 05:55:09.34750464,1,10851,173,152
43.151055,12.699415,2026-09-10 05:55:09.34737152,1,9199,264,122
43.142369,12.699761,2026-09-10 05:55:09.34739968,1,5692,233,111
43.144544,12.700154,2026-09-10 05:55:09.34737408,1,5729,233,99
42.998967,12.757721,2026-09-10 05:55:09.34720768,1,8268,259,79
43.754878,12.570731,2026-09-10 05:55:16.113940480,1,4232,229,76
43.752562,12.576113,2026-09-10 05:55:16.113944064,1,6438,233,67
43.730455,12.585275,2026-09-10 05:55:16.113942528,1,9330,146,48
43.75389,12.585731,2026-09-10 05:55:16.113984512,1,6738,214,30
43.725988,12.595878,2026-09-10 05:55:16.190177792,1,6511,108,15
43.73574,12.581803,2026-09-10 05:55:16.190188032,1,2759,230,149
43.748086,12.585025,2026-09-10 05:55:16.190191616,1,3863,228,134
43.743562,12.582875,2026-09-10 05:55:16.190190336,1,4824,208,118
43.717835,12.577424,2026-09-10 05:55:16.190185472,1,6654,176,101
43.789818,12.716792,2026-09-10 05:55:16.190227200,1,9418,214,84
43.808612,12.552411,2026-09-10 05:55:16.190246144,1,9439,155,71
43.799616,12.588552,2026-09-10 05:55:16.190244608,1,3585,267,57
43.800487,12.594641,2026-09-10 05:55:16.190243840,1,2647,227,44
42.480375,12.013349,2026-09-10 05:55:23.577009664,1,12213,78,25
37.787253,-95.02188,2026-09-10 05:55:23.639008768,1,5688,178,47
37.787732,-94.982808,2026-09-10 05:55:23.639081984,1,13937,122,29
37.793291,-94.983406,2026-09-10 05:55:23.639077376,1,13303,159,33
45.724681,12.967043,2026-09-10 05:55:23.653340160,1,14821,164,28
42.525066,11.919734,2026-09-10 05:55:23.679925248,1,10674,138,72
42.5563,11.885525,2026-09-10 05:55:23.679941376,1,5584,137,59
42.569135,11.878464,2026-09-10 05:55:23.679944960,1,5781,213,44
42.58201,11.907839,2026-09-10 05:55:23.679949312,1,3273,214,31
37.79844,-94.999685,2026-09-10 05:55:23.710464000,1,12864,176,32
37.785951,-94.968311,2026-09-10 05:55:23.710547200,1,6812,121,22
42.533847,11.620143,2026-09-10 05:55:23.812007424,1,5208,140,95
42.51605,11.626115,2026-09-10 05:55:23.812002816,1,13608,173,111
42.557952,11.608862,2026-09-10 05:55:23.812019200,1,10678,216,98
42.592184,11.591056,2026-09-10 05:55:23.812077056,1,14749,206,84
42.549291,11.568905,2026-09-10 05:55:23.812050688,1,6093,205,71
42.574849,11.588035,2026-09-10 05:55:23.812063744,1,5697,201,57
42.608721,11.593897,2026-09-10 05:55:23.812073728,1,4928,240,42
42.57105,11.601091,2026-09-10 05:55:23.812063232,1,4265,240,25
45.27191,13.219415,2026-09-10 05:55:24.3825152,1,9941,120,20
41.588412,11.475363,2026-09-10 05:55:24.50921216,1,7713,159,56
42.743171,12.416196,2026-09-10 05:55:31.103915520,1,10745,80,161
42.732237,12.429716,2026-09-10 05:55:31.103918080,1,10554,129,138
42.788361,12.422977,2026-09-10 05:55:31.103941632,1,5445,257,116
42.931979,12.461504,2026-09-10 05:55:31.103992576,1,11637,211,104
42.739354,12.398886,2026-09-10 05:55:31.103966208,1,9813,192,93
42.76297,12.431411,2026-09-10 05:55:31.103970304,1,8072,166,81
42.701369,12.507292,2026-09-10 05:55:31.103938560,1,8827,254,67
42.769847,12.409858,2026-09-10 05:55:31.126651136,1,3950,242,212
42.736924,12.419238,2026-09-10 05:55:31.126641664,1,5310,250,197
42.762401,12.396758,2026-09-10 05:55:31.126646784,1,3561,233,183
42.76577,12.392759,2026-09-10 05:55:31.126647552,1,5190,230,169
42.738306,12.425806,2026-09-10 05:55:31.126642944,1,4808,219,155
42.853339,12.44563,2026-09-10 05:55:31.126682880,1,5521,204,142
42.768258,12.408098,2026-09-10 05:55:31.126659072,1,6244,193,129
42.733325,12.415122,2026-09-10 05:55:31.126648832,1,8857,192,115
42.713605,12.469561,2026-09-10 05:55:31.126662144,1,9440,169,98
43.718114,12.511661,2026-09-10 05:55:38.173743360,1,12885,108,44
43.662031,12.505965,2026-09-10 05:55:38.232814848,1,10810,231,36
45.709517,13.084641,2026-09-10 05:55:38.260664576,1,8138,91,37
45.721374,13.075269,2026-09-10 05:55:38.260660480,1,6144,133,47
45.722282,13.071783,2026-09-10 05:55:38.260678912,1,14845,93,34
45.720735,13.062906,2026-09-10 05:55:38.297076736,1,9192,91,121
45.737532,13.067683,2026-09-10 05:55:38.297083904,1,8258,176,101
45.744728,13.070838,2026-09-10 05:55:38.297091072,1,3664,191,84
45.735046,13.07748,2026-09-10 05:55:38.297086976,1,9503,90,71
45.718186,13.101643,2026-09-10 05:55:38.297093120,1,7169,82,53
45.722794,13.068328,2026-09-10 05:55:38.297103360,1,8119,141,40
46.008735,14.124127,2026-09-10 05:55:45.964652544,1,7140,133,169
45.711837,12.880751,2026-09-10 05:55:53.75276800,1,12781,124,35
45.70621,12.871223,2026-09-10 05:55:53.101547264,1,4660,86,73
45.706829,12.89597,2026-09-10 05:55:53.101588736,1,13329,99,62
45.699323,12.886228,2026-09-10 05:55:53.101587456,1,7515,103,52
45.599687,12.834311,2026-09-10 05:56:00.148314368,1,8965,166,26
41.503351,11.587197,2026-09-10 05:56:00.443360768,1,12925,102,107
41.584181,11.574121,2026-09-10 05:56:00.443401216,1,3510,265,91
41.536105,11.556149,2026-09-10 05:56:00.443385856,1,10585,167,78
41.585134,11.586053,2026-09-10 05:56:00.443406592,1,9841,243,56
41.577162,11.547009,2026-09-10 05:56:00.443434240,1,7199,213,43
41.568598,11.55028,2026-09-10 05:56:00.443428608,1,6971,240,28
13.917408,144.739843,2026-09-10 05:55:26.509332992,2,5961,177,18
-26.450748,126.905912,2026-09-10 05:55:34.261873920,2,9896,238,24
11.596999,138.433268,2026-09-10 05:55:53.315032576,2,4876,175,26
19.260256,-100.717407,2026-09-10 05:55:05.478334976,3,8887,254,22
21.958009,-83.577151,2026-09-10 05:55:05.584684800,3,6240,270,19
37.920479,-104.719828,2026-09-10 05:55:06.232441088,3,5297,118,128
37.915262,-104.698706,2026-09-10 05:55:06.232449280,3,3859,147,119
38.038431,-104.670592,2026-09-10 05:55:06.232475136,3,13393,108,105
37.669733,-103.151365,2026-09-10 05:55:13.404039168,3,10386,188,25
31.924417,-49.817634,2026-09-10 05:55:13.685353472,3,4859,232,52
31.956342,-49.872128,2026-09-10 05:55:13.685374464,3,11050,197,30
37.594104,-96.028852,2026-09-10 05:55:14.172137472,3,7044,107,33
37.610696,-96.022271,2026-09-10 05:55:14.172145152,3,11477,181,20
38.296702,-95.86395,2026-09-10 05:55:14.196111360,3,4792,188,40
38.313246,-95.824768,2026-09-10 05:55:14.196119808,3,11664,173,25
38.244333,-96.206855,2026-09-10 05:55:14.267041024,3,9085,175,86
38.270398,-96.1641,2026-09-10 05:55:14.267053568,3,5521,174,68
38.298127,-96.190992,2026-09-10 05:55:14.267108352,3,11484,148,53
38.215715,-96.23437,2026-09-10 05:55:14.267093248,3,3484,206,40
38.196029,-96.175397,2026-09-10 05:55:14.267107584,3,8145,167,27
38.242563,-96.197007,2026-09-10 05:55:14.307780864,3,10737,146,30
38.274503,-96.163559,2026-09-10 05:55:14.370277376,3,9562,185,71
38.266959,-96.178072,2026-09-10 05:55:14.370341632,3,9105,227,47
38.241617,-96.204658,2026-09-10 05:55:14.410650624,3,9115,186,46
38.217684,-96.228176,2026-09-10 05:55:14.410711808,3,4104,206,31
38.292072,-96.146572,2026-09-10 05:55:14.472601600,3,9278,192,61
38.258528,-96.178302,2026-09-10 05:55:14.472648448,3,11356,151,40
4.175222,-80.165265,2026-09-10 05:55:21.535835392,3,11071,253,45
38.011058,-96.614104,2026-09-10 05:55:21.639713536,3,5053,234,28
38.544745,-89.469647,2026-09-10 05:55:22.943091200,3,8513,117,59
38.558925,-89.494595,2026-09-10 05:55:22.943160320,3,12146,118,48
38.661669,-89.351727,2026-09-10 05:55:22.943211520,3,11979,131,35
38.089415,-96.380273,2026-09-10 05:55:30.191013632,3,14208,152,40
38.072601,-96.381641,2026-09-10 05:55:30.191001600,3,4689,142,27
38.975437,-80.930184,2026-09-10 05:55:30.503292672,3,10541,83,35
38.248328,-95.985064,2026-09-10 05:55:30.726746880,3,10493,100,37
38.202928,-96.124949,2026-09-10 05:55:30.726774272,3,9941,133,24
10.938731,-83.60699,2026-09-10 05:55:30.864202752,3,9770,204,15
38.658398,-101.536316,2026-09-10 05:55:31.356851968,3,4809,110,14
17.392655,-69.42576,2026-09-10 05:55:31.520796416,3,3201,171,58
38.172454,-96.293107,2026-09-10 05:55:32.175414016,3,8889,187,57
38.178029,-96.285612,2026-09-10 05:55:32.175484672,3,5482,100,43
38.146791,-96.312758,2026-09-10 05:55:32.175473408,3,3616,142,26
29.742102,-105.57493,2026-09-10 05:55:32.279933184,3,12254,262,22
37.634991,-103.08073,2026-09-10 05:55:39.631115264,3,10461,207,18
38.133166,-96.223488,2026-09-10 05:55:39.802006784,3,6284,132,28
37.698533,-103.059007,2026-09-10 05:55:47.600568064,3,4349,136,37
37.75254,-103.00432,2026-09-10 05:55:47.600595712,3,14081,192,27
37.688451,-103.05434,2026-09-10 05:55:47.719246080,3,8494,136,36
37.699182,-103.071406,2026-09-10 05:55:47.719241472,3,8216,136,21
37.698592,-103.05806,2026-09-10 05:55:47.788981760,3,3988,136,25
30.113491,-40.839055,2026-09-10 05:55:48.871663360,3,9605,237,26
22.173527,-91.383128,2026-09-10 05:55:49.33747712,3,4872,259,75
22.338993,-91.221082,2026-09-10 05:55:49.33825280,3,7741,243,63
22.382574,-91.206518,2026-09-10 05:55:49.135039744,3,5558,256,19
38.113481,-96.278571,2026-09-10 05:55:56.436888064,3,12728,151,32
38.118099,-96.273729,2026-09-10 05:55:56.595685120,3,8911,147,28
21.220868,-106.029167,2026-09-10 05:55:56.707246848,3,5750,261,90
37.47499,-96.075288,2026-09-10 05:55:56.783257088,3,8532,91,42
37.474451,-96.108772,2026-09-10 05:55:56.783241728,3,4256,156,29
37.781287,-95.028549,2026-09-10 05:56:03.971649536,3,12855,139,37
37.792372,-95.008623,2026-09-10 05:56:03.971649280,3,9812,130,23
21.550779,-105.154482,2026-09-10 05:56:04.134063872,3,13747,248,22
21.529203,-105.160974,2026-09-10 05:56:04.239305728,3,10958,262,39
40.94829,11.363054,2026-09-10 05:55:02.393364992,4,11606,227,28
40.202615,10.612272,2026-09-10 05:55:06.763334656,4,8956,266,26
43.107982,12.671248,2026-09-10 05:55:09.34718976,4,8499,175,36
42.292092,11.699106,2026-09-10 05:55:20.725952512,4,9224,192,25
41.676293,11.511894,2026-09-10 05:55:20.801903616,4,6563,211,26
42.314336,11.720331,2026-09-10 05:55:20.820998912,4,13988,224,24
42.758886,12.402975,2026-09-10 05:55:31.450338560,4,6797,201,22
45.68861,12.842803,2026-09-10 05:55:32.422994176,4,11170,126,34
45.690212,12.845167,2026-09-10 05:55:32.514231552,4,10618,126,27
45.702465,12.827247,2026-09-10 05:55:32.691628288,4,8350,108,23
42.514143,11.962784,2026-09-10 05:55:40.419111168,4,14941,211,30
42.613032,11.888593,2026-09-10 05:55:51.414070528,4,6743,193,27
42.600316,11.885453,2026-09-10 05:55:51.575261184,4,11933,193,33
45.846514,13.171227,2026-09-10 05:55:53.788116224,4,5313,118,27
45.733443,13.143667,2026-09-10 05:55:53.916702464,4,10071,128,18
45.911058,13.19552,2026-09-10 05:55:54.20502784,4,5936,141,39
45.94953,13.208745,2026-09-10 05:55:54.20517888,4,4997,145,25
45.946818,13.202815,2026-09-10 05:55:54.109791232,4,4147,148,35
45.938834,13.183439,2026-09-10 05:55:54.109789440,4,14877,145,23
40.210055,10.604438,2026-09-10 05:55:57.599865600,4,7655,243,36
40.16169,10.572118,2026-09-10 05:55:57.599881728,4,14668,182,24
40.210256,10.613961,2026-09-10 05:55:57.698563584,4,10420,185,28
20.41558,-82.223315,2026-09-10 05:55:33.87781120,7,6554,230,17
20.799231,-81.381289,2026-09-10 05:55:33.400304384,7,5099,257,16
29.420639,-62.74416,2026-09-10 05:55:33.844104960,7,12930,210,11
19.142185,-100.851422,2026-09-10 05:55:41.595526656,7,7495,253,9
19.171775,-100.838789,2026-09-10 05:55:41.721084416,7,8934,252,11
22.172208,-91.397755,2026-09-10 05:55:49.33750016,7,12086,259,27
11.208884,-60.651307,2026-09-10 05:55:49.369974272,7,4064,269,24
20.756735,-106.432051,2026-09-10 05:55:50.590106112,7,4545,268,18
38.001953,-95.143833,2026-09-10 05:55:16.270672128,9,12880,185,12
51.338173,114.551622,2026-09-10 05:55:17.594642944,9,12934,186,17
52.490708,110.73519,2026-09-10 05:55:37.114016768,9,6389,207,23
29.705382,99.983407,2026-09-10 05:55:48.996709888,9,6284,254,37
29.838965,-40.628187,2026-09-10 05:55:01.691640576,13,7678,202,33
38.244906,-96.184868,2026-09-10 05:55:01.813579008,13,6147,195,33
39.039191,-82.809938,2026-09-10 05:55:02.220094976,13,6333,87,50
38.188424,-96.309015,2026-09-10 05:55:02.483734784,13,5399,192,27
39.073861,-82.746375,2026-09-10 05:55:02.555749376,13,10006,87,58
39.075844,-82.852566,2026-09-10 05:55:02.555793152,13,10335,99,41
39.069952,-82.745217,2026-09-10 05:55:02.842855424,13,8464,63,64
39.212272,-82.602388,2026-09-10 05:55:02.842920704,13,11022,201,45
37.440544,-96.122743,2026-09-10 05:55:02.950934784,13,10940,132,49
37.440569,-96.136001,2026-09-10 05:55:02.992224768,13,9804,186,45
37.445155,-96.127963,2026-09-10 05:55:03.72151552,13,13270,132,58
37.444464,-96.119041,2026-09-10 05:55:03.460274176,13,9842,146,18
38.050935,-103.955178,2026-09-10 05:55:03.758467840,13,14810,82,66
38.049303,-103.877643,2026-09-10 05:55:03.758494464,13,4841,212,55
38.051704,-103.945061,2026-09-10 05:55:03.827371520,13,14682,76,36
38.066021,-103.851839,2026-09-10 05:55:03.827397632,13,6889,142,50
20.764831,-106.444396,2026-09-10 05:55:04.597894400,13,5096,254,53
19.206631,-100.729775,2026-09-10 05:55:05.210320384,13,3911,264,55
37.911536,-104.724038,2026-09-10 05:55:06.232441088,13,10687,118,131
37.915763,-104.702951,2026-09-10 05:55:06.232448512,13,5614,147,116
37.98733,-104.707374,2026-09-10 05:55:06.232463872,13,9013,176,101
37.97558,-96.715327,2026-09-10 05:55:06.483923968,13,6349,150,87
37.970153,-96.723269,2026-09-10 05:55:06.483924992,13,6325,162,87
37.991738,-96.706478,2026-09-10 05:55:06.522744064,13,5052,101,34
34.912421,-101.063994,2026-09-10 05:55:06.699564288,13,13725,172,32
21.02653,-106.302575,2026-09-10 05:55:08.208080640,13,7479,218,32
37.738131,-103.314052,2026-09-10 05:55:08.283716864,13,4154,209,28
36.395429,-98.426721,2026-09-10 05:55:08.882474496,13,10793,146,20
37.927885,-96.700038,2026-09-10 05:55:09.115392768,13,6753,190,20
37.910176,-96.718023,2026-09-10 05:55:09.296059904,13,12903,109,16
38.596371,-103.105726,2026-09-10 05:55:09.608936960,13,9102,119,27
29.959618,-105.258248,2026-09-10 05:55:10.511043584,13,10687,222,30
37.921137,-96.69814,2026-09-10 05:55:10.789419008,13,14826,138,19
37.916317,-96.685609,2026-09-10 05:55:10.851822592,13,13032,93,31
37.911153,-96.699889,2026-09-10 05:55:11.74500352,13,3465,224,26
38.093515,-94.560437,2026-09-10 05:55:11.121333504,13,9567,214,20
37.88814,-103.202795,2026-09-10 05:55:11.147569152,13,12925,139,19
15.915661,-102.628502,2026-09-10 05:55:11.963744768,13,7383,267,60
37.942855,-95.380707,2026-09-10 05:55:12.37654016,13,14002,129,16
30.484013,-109.763143,2026-09-10 05:55:12.133246720,13,6707,239,41
21.510362,-105.145263,2026-09-10 05:55:12.327179264,13,4092,248,49
37.594106,-96.028867,2026-09-10 05:55:14.172137472,13,7044,107,34
38.296705,-95.863992,2026-09-10 05:55:14.196111360,13,4791,188,40
38.244335,-96.206858,2026-09-10 05:55:14.267041024,13,9085,175,86
38.254668,-96.18788,2026-09-10 05:55:14.267044864,13,4131,253,69
38.273393,-96.158091,2026-09-10 05:55:14.370275584,13,10597,150,65
21.764446,-92.686966,2026-09-10 05:55:15.348340992,13,9696,262,59
21.537463,-92.940859,2026-09-10 05:55:15.449487872,13,4650,268,45
32.051667,-106.251197,2026-09-10 05:55:15.602160384,13,10049,195,49
37.926181,-95.278277,2026-09-10 05:55:16.270624768,13,7431,116,99
37.930848,-95.32013,2026-09-10 05:55:16.270628352,13,13414,149,115
20.628972,-102.317109,2026-09-10 05:55:16.372482816,13,7649,250,50
37.975606,-96.704077,2026-09-10 05:55:16.719971840,13,5335,209,58
38.0303,-96.521323,2026-09-10 05:55:16.775490816,13,11019,119,64
37.96595,-96.691257,2026-09-10 05:55:16.775452160,13,9609,204,60
37.994355,-96.692034,2026-09-10 05:55:16.840164864,13,14543,193,53
37.964093,-96.605286,2026-09-10 05:55:16.960870656,13,7246,117,90
37.99767,-96.667238,2026-09-10 05:55:17.6015232,13,6915,166,21
37.988503,-96.679412,2026-09-10 05:55:17.284409088,13,10116,155,64
38.051024,-96.64551,2026-09-10 05:55:17.284492032,13,10560,147,31
28.730041,-89.21269,2026-09-10 05:55:19.521991424,13,6874,241,41
28.720606,-89.207668,2026-09-10 05:55:19.572461568,13,7469,233,26
28.444447,-89.221103,2026-09-10 05:55:19.584653312,13,8755,208,37
28.76678,-89.300966,2026-09-10 05:55:19.635199744,13,14557,175,45
28.635879,-89.242163,2026-09-10 05:55:19.999631616,13,6992,175,58
37.940153,-104.725605,2026-09-10 05:55:20.789238272,13,8357,138,109
37.949727,-104.708638,2026-09-10 05:55:20.789240832,13,5802,98,98
38.519633,-97.031731,2026-09-10 05:55:21.276842752,13,14225,196,36
38.475558,-96.757708,2026-09-10 05:55:21.276922624,13,6015,179,32
38.438565,-96.846631,2026-09-10 05:55:21.377728000,13,6298,188,68
38.544757,-89.469579,2026-09-10 05:55:22.943091200,13,8519,117,59
38.55893,-89.494588,2026-09-10 05:55:22.943160320,13,12145,118,49
37.843791,-95.004105,2026-09-10 05:55:23.639032064,13,7361,125,46
37.833841,-95.008336,2026-09-10 05:55:23.639025152,13,9698,156,96
37.798649,-94.984232,2026-09-10 05:55:23.702235648,13,14000,113,40
37.780792,-94.952504,2026-09-10 05:55:23.710543360,13,14258,125,24
38.802955,-89.84104,2026-09-10 05:55:26.386187520,13,5346,100,59
38.838377,-89.86641,2026-09-10 05:55:26.386247424,13,5644,195,57
38.903377,-89.944156,2026-09-10 05:55:26.515665408,13,11999,131,38
38.253136,-95.827987,2026-09-10 05:55:26.651137024,13,10665,129,93
38.262653,-95.824918,2026-09-10 05:55:26.651138304,13,3323,227,96
37.973841,-96.722893,2026-09-10 05:55:26.784949248,13,10331,148,67
37.985304,-96.694739,2026-09-10 05:55:26.784958208,13,11021,128,69
38.788238,-89.819904,2026-09-10 05:55:26.905425664,13,2896,120,54
38.91391,-89.620579,2026-09-10 05:55:27.37667584,13,14639,77,30
38.961461,-89.628299,2026-09-10 05:55:27.37676544,13,9668,190,21
36.43003,-98.35342,2026-09-10 05:55:27.485937664,13,6537,199,22
36.315292,-98.492605,2026-09-10 05:55:27.630211072,13,7566,207,47
36.444195,-98.356919,2026-09-10 05:55:27.630266624,13,8826,170,35
15.935378,-88.832679,2026-09-10 05:55:29.373828096,13,3741,263,62
38.089415,-96.380273,2026-09-10 05:55:30.191013632,13,14207,152,40
38.09092,-96.353582,2026-09-10 05:55:30.191006976,13,8189,134,24
38.984289,-80.929309,2026-09-10 05:55:30.503294976,13,6642,89,35
38.248324,-95.98508,2026-09-10 05:55:30.726746880,13,10493,100,38
38.658397,-101.536316,2026-09-10 05:55:31.356851968,13,4808,110,15
17.392212,-69.425609,2026-09-10 05:55:31.520796672,13,3205,171,69
38.172792,-96.292338,2026-09-10 05:55:32.175414272,13,8892,187,57
38.17441,-96.294245,2026-09-10 05:55:32.175482624,13,5955,100,43
38.147064,-96.311775,2026-09-10 05:55:32.175473664,13,3612,141,26
29.746046,-105.57398,2026-09-10 05:55:32.279933696,13,12244,262,22
37.327591,-96.417694,2026-09-10 05:55:32.476908032,13,7746,170,52
38.165847,-96.231729,2026-09-10 05:55:32.614721280,13,5025,210,26
38.159465,-96.320851,2026-09-10 05:55:32.665669120,13,8075,100,21
38.506694,-96.064964,2026-09-10 05:55:32.799163392,13,13355,251,50
38.129714,-96.34804,2026-09-10 05:55:32.799071232,13,5126,142,37
20.416861,-82.203938,2026-09-10 05:55:33.87780864,13,7086,230,33
37.51551,-103.179997,2026-09-10 05:55:33.193892864,13,7362,118,22
37.532463,-103.174191,2026-09-10 05:55:33.238153728,13,5776,136,23
37.595758,-103.138007,2026-09-10 05:55:33.238181888,13,7895,208,18
37.719235,-95.592574,2026-09-10 05:55:33.513278720,13,8277,157,28
20.856691,-81.432952,2026-09-10 05:55:34.340476416,13,3530,257,39
38.300481,-96.422187,2026-09-10 05:55:34.677674496,13,8198,254,49
37.955238,-96.716697,2026-09-10 05:55:34.677582336,13,4396,134,41
38.059003,-96.682197,2026-09-10 05:55:34.677618688,13,6954,226,26
37.939471,-96.709802,2026-09-10 05:55:34.961970432,13,5418,93,21
26.804474,-83.49742,2026-09-10 05:55:35.706051072,13,4171,258,26
26.858628,-83.551295,2026-09-10 05:55:35.816789504,13,6633,221,27
10.981667,-60.180076,2026-09-10 05:55:36.260741888,13,14909,205,22
38.605008,-93.915976,2026-09-10 05:55:36.715523072,13,9651,148,25
21.065291,-106.42724,2026-09-10 05:55:37.58307840,13,7401,251,62
37.991269,-94.692834,2026-09-10 05:55:37.831325696,13,4911,195,24
37.95049,-95.288334,2026-09-10 05:55:38.400609024,13,7229,91,24
37.936807,-95.342167,2026-09-10 05:55:38.433220864,13,13971,175,19
37.661836,-103.080735,2026-09-10 05:55:38.561051904,13,9541,136,49
37.869179,-94.90319,2026-09-10 05:55:38.761272320,13,9579,170,77
37.883318,-94.931036,2026-09-10 05:55:38.919060480,13,6258,175,76
37.882732,-94.933575,2026-09-10 05:55:38.919063296,13,4240,178,64
21.101149,-103.099463,2026-09-10 05:55:39.181956096,13,7498,249,65
37.648295,-103.043257,2026-09-10 05:55:39.631124992,13,12614,79,22
38.133166,-96.223488,2026-09-10 05:55:39.802006784,13,6285,132,27
19.299616,-100.751422,2026-09-10 05:55:40.806024448,13,5317,254,64
38.738451,-89.373949,2026-09-10 05:55:41.188364800,13,12515,168,26
39.347664,-89.519599,2026-09-10 05:55:41.803104768,13,13705,83,88
39.322541,-89.516207,2026-09-10 05:55:41.803112704,13,9635,197,101
39.347368,-89.534623,2026-09-10 05:55:41.803105792,13,4737,197,82
39.421585,-89.499348,2026-09-10 05:55:41.803128832,13,13999,140,69
38.256361,-96.327563,2026-09-10 05:55:42.818475776,13,10481,159,26
37.45713,-103.148117,2026-09-10 05:55:43.474828032,13,11480,97,16
37.888508,-104.848627,2026-09-10 05:55:43.693918464,13,4424,220,26
37.44416,-103.142302,2026-09-10 05:55:43.835851008,13,9010,114,18
38.064687,-103.76865,2026-09-10 05:55:43.992174080,13,10460,88,105
38.017532,-103.854476,2026-09-10 05:55:43.992180992,13,14768,212,93
29.555529,-105.653698,2026-09-10 05:55:45.427135488,13,6964,213,22
38.093289,-96.335233,2026-09-10 05:55:45.962742784,13,10427,141,86
38.08965,-96.345782,2026-09-10 05:55:45.962750720,13,5532,158,69
38.079716,-96.306863,2026-09-10 05:55:45.962825984,13,7544,132,52
38.641693,-102.893392,2026-09-10 05:55:46.738018304,13,14002,149,16
37.647777,-102.90147,2026-09-10 05:55:46.908303616,13,13714,129,46
37.72532,-103.00113,2026-09-10 05:55:46.908346880,13,14420,162,34
38.198593,-96.163028,2026-09-10 05:55:47.48856064,13,12940,185,71
38.199514,-96.031856,2026-09-10 05:55:47.48912384,13,7589,137,53
38.195417,-96.133376,2026-09-10 05:55:47.48934144,13,7705,163,40
37.702308,-103.148131,2026-09-10 05:55:47.59754752,13,11814,87,19
38.20156,-96.172498,2026-09-10 05:55:47.200324352,13,13719,185,48
38.208082,-96.168064,2026-09-10 05:55:47.200395008,13,4971,99,35
38.019294,-98.59999,2026-09-10 05:55:47.326307328,13,14022,98,18
37.698531,-103.059009,2026-09-10 05:55:47.600568064,13,4349,136,38
37.734507,-103.000658,2026-09-10 05:55:47.600591360,13,3697,192,28
37.688451,-103.05434,2026-09-10 05:55:47.719246080,13,8494,136,37
37.699188,-103.071379,2026-09-10 05:55:47.719241472,13,8218,136,22
37.698678,-103.06662,2026-09-10 05:55:47.788980480,13,3161,207,26
22.18547,-91.373177,2026-09-10 05:55:49.33749760,13,6051,258,50
22.379713,-91.209515,2026-09-10 05:55:49.135039488,13,6738,256,19
38.245961,-96.029082,2026-09-10 05:55:49.568289024,13,5600,133,25
30.853172,-107.778661,2026-09-10 05:55:50.215354368,13,9411,247,61
38.700201,-103.078109,2026-09-10 05:55:50.452885248,13,9317,119,26
20.742477,-106.43481,2026-09-10 05:55:50.590099712,13,4574,253,53
30.447176,-109.739136,2026-09-10 05:55:51.363867136,13,6766,238,36
37.943315,-89.910578,2026-09-10 05:55:51.375797504,13,11418,149,72
38.01578,-90.104649,2026-09-10 05:55:51.375844352,13,10492,125,65
38.020239,-89.940257,2026-09-10 05:55:51.375887360,13,9355,207,50
38.62049,-103.084898,2026-09-10 05:55:51.864128768,13,7472,184,28
22.127338,-92.72201,2026-09-10 05:55:52.317043456,13,7599,263,16
15.778173,-102.705716,2026-09-10 05:55:52.647966464,13,6186,265,47
15.762636,-102.7033,2026-09-10 05:55:52.697070080,13,5506,266,77
38.344617,-95.624336,2026-09-10 05:55:53.85734400,13,9483,165,45
38.378074,-95.577645,2026-09-10 05:55:53.85756928,13,5565,171,70
38.339034,-95.612716,2026-09-10 05:55:53.167059712,13,8582,159,59
38.333615,-95.630188,2026-09-10 05:55:53.167055104,13,7580,153,82
38.345644,-95.623898,2026-09-10 05:55:53.315672832,13,13753,144,44
38.341884,-95.617499,2026-09-10 05:55:53.476569344,13,9667,159,71
37.892457,-96.706187,2026-09-10 05:55:54.348570880,13,7959,155,54
37.912543,-96.671382,2026-09-10 05:55:54.479158784,13,4988,155,32
37.884616,-96.702284,2026-09-10 05:55:54.589678336,13,13054,84,32
37.876659,-96.660225,2026-09-10 05:55:54.627469312,13,7642,96,35
37.775878,-96.775713,2026-09-10 05:55:55.129781504,13,13456,88,48
37.897085,-96.691925,2026-09-10 05:55:55.129811712,13,3528,151,40
36.697823,-97.274386,2026-09-10 05:55:55.395744512,13,7652,104,124
36.702583,-97.265323,2026-09-10 05:55:55.395750400,13,6785,187,111
36.701983,-97.327856,2026-09-10 05:55:55.529442560,13,7337,199,72
36.712591,-97.316694,2026-09-10 05:55:55.529509120,13,7087,247,58
38.143781,-96.282541,2026-09-10 05:55:55.644355072,13,3405,191,26
37.951083,-95.384162,2026-09-10 05:55:55.727938048,13,8101,111,27
37.416153,-96.223399,2026-09-10 05:55:55.999399424,13,6521,135,139
37.392297,-96.282068,2026-09-10 05:55:55.999388672,13,4547,269,124
38.129456,-96.259798,2026-09-10 05:55:56.128030720,13,6588,169,62
38.117642,-96.302532,2026-09-10 05:55:56.128020224,13,4902,231,63
38.127513,-96.270297,2026-09-10 05:55:56.436881152,13,4494,103,24
38.127231,-96.27543,2026-09-10 05:55:56.595682048,13,5415,147,29
21.212937,-105.998893,2026-09-10 05:55:56.707243008,13,5901,252,52
21.332788,-106.007176,2026-09-10 05:55:57.53926912,13,13734,244,20
18.182551,-69.322509,2026-09-10 05:55:57.422088448,13,4628,170,34
31.890035,-106.419384,2026-09-10 05:55:57.767844096,13,11875,233,27
31.834473,-106.422913,2026-09-10 05:55:57.786749440,13,10813,189,17
38.030189,-96.961382,2026-09-10 05:55:58.586778880,13,14380,207,50
38.021275,-96.683408,2026-09-10 05:55:58.586861056,13,5063,134,34
37.729053,-98.619687,2026-09-10 05:55:58.771670272,13,10155,157,50
37.804289,-98.52582,2026-09-10 05:55:58.771699456,13,3863,165,31
37.794111,-98.530228,2026-09-10 05:55:58.873260544,13,12266,161,40
37.453003,-98.808651,2026-09-10 05:55:58.940025856,13,9910,97,61
37.489585,-98.829504,2026-09-10 05:55:58.940084224,13,12696,91,49
37.786655,-98.56832,2026-09-10 05:55:59.339187968,13,4462,110,29
37.479807,-98.836314,2026-09-10 05:55:59.576696320,13,7510,136,29
37.48827,-98.843241,2026-09-10 05:55:59.650904320,13,5456,111,28
37.792414,-103.520486,2026-09-10 05:56:00.62806784,13,14150,134,57
37.753994,-103.097681,2026-09-10 05:56:01.536041728,13,11250,90,36
37.76073,-103.228678,2026-09-10 05:56:01.607350016,13,13224,88,50
37.741426,-103.139829,2026-09-10 05:56:01.693491200,13,10718,113,42
37.764749,-103.141872,2026-09-10 05:56:01.693495040,13,6189,124,40
37.788113,-103.080244,2026-09-10 05:56:01.791003136,13,6871,137,31
37.779249,-103.09449,2026-09-10 05:56:01.790995968,13,11838,165,38
39.070051,-82.755872,2026-09-10 05:56:02.793245952,13,9039,69,88
39.06996,-82.729511,2026-09-10 05:56:02.793248256,13,11600,92,66
39.128078,-82.741746,2026-09-10 05:56:02.793264640,13,10560,121,49
37.780365,-95.017893,2026-09-10 05:56:03.239473920,13,9115,148,58
37.784367,-95.020381,2026-09-10 05:56:03.352760320,13,10633,148,45
37.788067,-95.025031,2026-09-10 05:56:03.392801024,13,10294,152,50
37.791398,-95.033549,2026-09-10 05:56:03.971646208,13,7697,139,37
37.840944,-94.994666,2026-09-10 05:56:03.971658496,13,4528,183,25
21.533748,-105.153678,2026-09-10 05:56:04.134058752,13,9599,248,19
21.574088,-105.137454,2026-09-10 05:56:04.239324672,13,9006,259,28
30.331529,-106.384286,2026-09-10 05:56:04.908362240,13,11660,203,19
20.731456,-106.466121,2026-09-10 05:56:06.328203776,13,9616,252,48
20.655983,-81.412363,2026-09-10 05:56:06.892299776,13,5584,259,74
37.416051,-103.181979,2026-09-10 05:56:07.48406016,13,5736,209,28
37.787785,-95.013382,2026-09-10 05:56:07.141687296,13,8293,139,34
20.752392,-81.456612,2026-09-10 05:56:07.248533504,13,2875,257,34
37.414637,-103.17655,2026-09-10 05:56:07.560037120,13,9028,136,24
37.425158,-103.142317,2026-09-10 05:56:07.720698880,13,13238,95,18
20.743517,-81.44787,2026-09-10 05:56:07.770133504,13,6303,257,29
37.953285,-94.710218,2026-09-10 05:56:08.520259840,13,7852,142,64
38.372461,-94.957275,2026-09-10 05:56:08.945054976,13,12708,172,53
19.229866,-100.721507,2026-09-10 05:56:08.964812288,13,8300,253,26
19.268406,-100.704203,2026-09-10 05:56:09.38332416,13,5318,263,41
20.457283,-82.270854,2026-09-10 05:56:09.827518976,13,5929,259,49
31.621344,-105.565182,2026-09-10 05:56:10.397318912,13,7989,213,26
38.285478,-95.781328,2026-09-10 05:56:10.652948992,13,7705,181,64
38.266312,-95.749635,2026-09-10 05:56:10.980540416,13,6519,128,48
38.276092,-95.786996,2026-09-10 05:56:11.148313600,13,5026,146,49
37.961154,-96.602055,2026-09-10 05:56:11.847088384,13,8759,161,44
37.976477,-96.610543,2026-09-10 05:56:11.847083264,13,8937,101,31
38.208067,-96.099074,2026-09-10 05:56:11.886542848,13,8935,184,52
38.204966,-96.101503,2026-09-10 05:56:11.886601216,13,11702,99,38
37.971225,-96.682574,2026-09-10 05:56:11.997255936,13,6859,190,38
37.966965,-96.672273,2026-09-10 05:56:11.997324288,13,7356,101,42
37.97035,-96.668874,2026-09-10 05:56:11.997320192,13,7856,139,33
37.874394,-96.721383,2026-09-10 05:56:12.346032640,13,10895,150,86
37.866679,-96.738763,2026-09-10 05:56:12.346037760,13,9818,162,70
37.841569,-96.677397,2026-09-10 05:56:12.346110976,13,13248,114,49
37.881244,-96.702223,2026-09-10 05:56:12.674698240,13,9430,101,25
23.125303,-85.66535,2026-09-10 05:56:12.961396224,13,13729,254,19
37.879477,-96.715723,2026-09-10 05:56:12.971957504,13,8275,151,29
38.27917,-96.000758,2026-09-10 05:56:13.20497920,13,13286,184,48
37.953854,-104.285461,2026-09-10 05:56:13.413296640,13,7411,132,31
37.701774,-103.097458,2026-09-10 05:56:14.285606400,13,12380,156,18
37.574375,-98.80103,2026-09-10 05:56:14.411154176,13,12507,170,17
38.712827,-89.495331,2026-09-10 05:56:15.23147520,13,11330,171,18
37.973951,-96.660194,2026-09-10 05:56:15.247744512,13,5227,116,106
37.981694,-96.75429,2026-09-10 05:56:15.247735040,13,6843,156,106
38.009693,-96.71316,2026-09-10 05:56:15.247747840,13,8723,145,86
38.00318,-96.73437,2026-09-10 05:56:15.321939968,13,4662,191,59
37.618254,-103.688986,2026-09-10 05:56:15.635726592,13,4224,212,37
37.628455,-103.671396,2026-09-10 05:56:15.635726592,13,7330,121,33
17.608569,-65.304743,2026-09-10 05:56:16.148848384,13,3878,167,68
37.944096,-96.674828,2026-09-10 05:56:16.881815296,13,11096,151,32
38.004751,-96.624476,2026-09-10 05:56:17.104880128,13,6507,194,21
38.001133,-104.78176,2026-09-10 05:56:17.429305344,13,11202,70,72
37.905921,-104.755033,2026-09-10 05:56:17.429336832,13,11907,94,60
27.63073,-108.96685,2026-09-10 05:56:17.987057408,13,5955,239,60
27.706827,-108.964738,2026-09-10 05:56:17.987077376,13,8251,249,52
37.583919,-96.048312,2026-09-10 05:56:18.676126976,13,7229,168,69
37.641261,-95.925479,2026-09-10 05:56:18.676162816,13,7278,149,66
40.933415,11.401428,2026-09-10 05:55:02.393357056,11,6159,172,169
40.955937,11.366678,2026-09-10 05:55:02.612130816,11,9734,243,155
42.623146,11.574792,2026-09-10 05:55:03.991845888,11,5368,268,34
42.661475,11.712765,2026-09-10 05:55:03.991880960,11,12317,205,42
42.571123,11.585486,2026-09-10 05:55:03.991869184,11,4331,192,26
41.382243,11.464898,2026-09-10 05:55:04.729768960,11,9083,176,123
41.397644,11.444385,2026-09-10 05:55:04.729777920,11,3469,206,112
40.316476,10.719544,2026-09-10 05:55:05.646648320,11,9097,268,55
40.384898,10.708599,2026-09-10 05:55:05.646703872,11,8284,202,89
40.385762,10.732932,2026-09-10 05:55:05.646709760,11,5175,224,76
40.322808,10.687663,2026-09-10 05:55:05.702315264,11,5990,189,126
40.204839,10.614824,2026-09-10 05:55:06.763332608,11,8467,225,225
40.207183,10.60011,2026-09-10 05:55:06.763338752,11,3947,197,129
43.095927,12.678139,2026-09-10 05:55:09.34715136,11,9299,205,306
43.099066,12.68872,2026-09-10 05:55:09.34713088,11,6187,154,256
43.13732,12.699319,2026-09-10 05:55:09.34724352,11,4559,241,170
43.130613,12.690993,2026-09-10 05:55:09.34727424,11,9554,181,114
42.355762,11.70751,2026-09-10 05:55:14.3473408,11,5509,242,60
42.430789,11.79877,2026-09-10 05:55:14.3513088,11,11360,173,76
42.351038,11.689661,2026-09-10 05:55:14.3508480,11,8877,212,49
45.72175,12.875723,2026-09-10 05:55:14.658992128,11,9930,94,58
45.732634,12.887604,2026-09-10 05:55:14.659002368,11,9561,149,39
45.739976,12.903975,2026-09-10 05:55:14.727379712,11,4923,156,37
42.54635,11.915943,2026-09-10 05:55:14.916131584,11,11837,186,42
43.760287,12.581705,2026-09-10 05:55:16.190190848,11,5126,240,84
45.71716,12.919854,2026-09-10 05:55:16.551220480,11,2231,208,36
45.701441,12.917851,2026-09-10 05:55:16.551213824,11,10484,150,27
41.618047,11.559934,2026-09-10 05:55:16.950652160,11,8681,157,99
41.668563,11.525805,2026-09-10 05:55:16.950672640,11,5415,215,85
41.663998,11.529155,2026-09-10 05:55:16.950669568,11,12657,217,71
24.348119,-81.625364,2026-09-10 05:55:18.424235264,11,8898,268,57
45.553897,13.319903,2026-09-10 05:55:22.609771264,11,8410,191,48
45.513815,13.339153,2026-09-10 05:55:22.622126592,11,9224,96,59
42.545639,11.642151,2026-09-10 05:55:23.812015872,11,8370,139,86
42.520165,11.623316,2026-09-10 05:55:24.129319424,11,9974,241,86
42.371033,11.691614,2026-09-10 05:55:24.663045888,11,9915,132,38
41.835097,11.611894,2026-09-10 05:55:24.777369600,11,5718,153,46
41.851808,11.596491,2026-09-10 05:55:24.843823104,11,8940,91,52
41.863535,11.561942,2026-09-10 05:55:24.843861760,11,11716,206,52
41.904082,11.594117,2026-09-10 05:55:24.843875328,11,6822,212,37
41.534441,11.568351,2026-09-10 05:55:26.865422592,11,6312,267,61
41.533585,11.559965,2026-09-10 05:55:26.865426432,11,6553,209,72
41.532144,11.557194,2026-09-10 05:55:26.865427968,11,8712,214,55
41.887791,11.592376,2026-09-10 05:55:29.765497344,11,6766,214,35
41.944553,11.600826,2026-09-10 05:55:29.765519360,11,6846,205,25
45.691889,12.847606,2026-09-10 05:55:32.422993920,11,12938,119,52
40.985339,11.395591,2026-09-10 05:55:35.963979008,11,9742,171,128
43.731485,12.614676,2026-09-10 05:55:37.391091200,11,8937,115,35
42.483222,11.943342,2026-09-10 05:55:40.419105024,11,6931,150,154
45.710172,12.846229,2026-09-10 05:55:43.873849600,11,9319,131,57
45.725707,12.844869,2026-09-10 05:55:43.873851648,11,8377,175,46
42.093268,11.691006,2026-09-10 05:55:46.318042112,11,10753,158,42
42.114669,11.671785,2026-09-10 05:55:46.318089728,11,8032,206,29
37.721875,2.730783,2026-09-10 05:55:47.515671040,11,4033,251,297
37.736385,2.710493,2026-09-10 05:55:47.515680000,11,3535,238,283
37.880695,2.712966,2026-09-10 05:55:47.515730688,11,7533,207,270
42.023258,11.725232,2026-09-10 05:55:48.331791872,11,9101,181,42
41.898007,11.63146,2026-09-10 05:55:49.754622208,11,9713,151,33
42.538671,12.041563,2026-09-10 05:55:49.956005888,11,10334,203,26
45.917896,13.200912,2026-09-10 05:55:54.109780992,11,11578,62,297
40.942247,11.497279,2026-09-10 05:55:56.388857344,11,13867,199,59
41.048106,11.558485,2026-09-10 05:55:56.388897536,11,8807,249,143
40.220394,10.597696,2026-09-10 05:55:57.599868672,11,3720,239,254
40.210895,10.607854,2026-09-10 05:55:57.599869184,11,7597,210,149
40.947866,11.362832,2026-09-10 05:55:57.749688576,11,8564,172,84
45.743696,12.894546,2026-09-10 05:55:58.503202816,11,7769,182,54
41.485612,11.575573,2026-09-10 05:56:00.443366912,11,9747,103,67
41.693374,11.593331,2026-09-10 05:56:04.563346176,11,7060,238,92
42.113171,11.701355,2026-09-10 05:56:04.617163008,11,9470,147,124
42.120566,11.683762,2026-09-10 05:56:04.617171200,11,4557,195,83
42.119036,11.676205,2026-09-10 05:56:04.617179136,11,9936,164,77
42.100073,11.735531,2026-09-10 05:56:04.617186816,11,12818,163,19
40.244386,10.739242,2026-09-10 05:56:09.248420096,11,13564,225,63
45.988824,14.128373,2026-09-10 05:56:09.422484224,11,6316,75,107
45.714546,13.14306,2026-09-10 05:56:09.547700224,11,12412,56,22
41.54792,11.488836,2026-09-10 05:56:11.547866112,11,14746,100,117
40.443711,10.702994,2026-09-10 05:56:11.974254592,11,4879,214,94
42.388864,11.77019,2026-09-10 05:56:12.737841152,11,5146,208,44
41.065574,11.431572,2026-09-10 05:56:15.291420672,11,4365,250,146
41.072647,11.423899,2026-09-10 05:56:15.291427840,11,4064,253,255
40.967632,11.37457,2026-09-10 05:56:17.167241984,11,14719,171,129
40.993545,11.368071,2026-09-10 05:56:17.167257344,11,2035,260,128
40.946295,11.374288,2026-09-10 05:56:17.390766848,11,7768,244,179
41.509635,11.517807,2026-09-10 05:56:18.403854080,11,7370,190,89
40.091681,10.52869,2026-09-10 05:56:18.756503040,11,10683,218,83
42.372802,11.692898,2026-09-10 05:56:19.616424192,11,9909,78,116
40.933415,11.401428,2026-09-10 05:55:02.393357056,12,6159,172,179
40.955937,11.366678,2026-09-10 05:55:02.612130816,12,9734,182,182
40.960896,11.371174,2026-09-10 05:55:03.362564352,12,11229,249,81
42.585071,11.581355,2026-09-10 05:55:03.991836416,12,4058,251,37
42.562399,11.577713,2026-09-10 05:55:03.991827456,12,7187,219,45
42.546168,11.550887,2026-09-10 05:55:03.991861248,12,5840,200,32
41.382243,11.464898,2026-09-10 05:55:04.729768960,12,9083,176,125
41.40305,11.442467,2026-09-10 05:55:04.729779968,12,2966,235,111
40.376482,10.718202,2026-09-10 05:55:05.646707712,12,4169,221,38
40.378654,10.718528,2026-09-10 05:55:05.646701824,12,7560,224,80
40.322808,10.687663,2026-09-10 05:55:05.702315264,12,5990,189,127
40.595824,10.761499,2026-09-10 05:55:05.702419200,12,12268,248,104
40.204839,10.614824,2026-09-10 05:55:06.763332608,12,8467,225,226
43.092357,12.679592,2026-09-10 05:55:09.34714112,12,9492,206,298
43.094289,12.689122,2026-09-10 05:55:09.34712320,12,5635,132,188
43.122875,12.693048,2026-09-10 05:55:09.34725888,12,13460,166,87
42.350754,11.725567,2026-09-10 05:55:14.3472640,12,5230,142,121
45.720391,12.880788,2026-09-10 05:55:14.658991104,12,11316,94,63
45.732634,12.88761,2026-09-10 05:55:14.659000832,12,9561,149,43
45.739976,12.903975,2026-09-10 05:55:14.727379712,12,4923,156,38
42.415769,11.943025,2026-09-10 05:55:14.916082688,12,8255,211,43
37.928023,-95.313594,2026-09-10 05:55:16.270628608,12,9613,184,47
45.71716,12.919854,2026-09-10 05:55:16.551220480,12,2231,208,37
45.701441,12.917851,2026-09-10 05:55:16.551213824,12,10484,150,28
41.618047,11.559934,2026-09-10 05:55:16.950652160,12,8681,157,100
41.668563,11.525805,2026-09-10 05:55:16.950672640,12,5415,215,86
41.666613,11.5376,2026-09-10 05:55:16.950670336,12,3574,217,72
41.676343,11.547712,2026-09-10 05:55:16.950673920,12,11335,237,57
45.505696,13.347872,2026-09-10 05:55:22.609751040,12,10115,71,54
42.520916,11.504233,2026-09-10 05:55:23.812004352,12,10822,169,73
42.545104,11.598041,2026-09-10 05:55:24.129330944,12,10759,240,91
41.83581,11.609048,2026-09-10 05:55:24.777368832,12,7616,91,63
41.852419,11.598007,2026-09-10 05:55:24.843823616,12,7631,91,61
41.863533,11.561927,2026-09-10 05:55:24.843861760,12,11715,206,54
41.878342,11.583116,2026-09-10 05:55:24.843863552,12,12802,196,41
41.499896,11.547423,2026-09-10 05:55:25.753108992,12,14569,205,51
45.698676,12.836473,2026-09-10 05:55:25.878144512,12,6493,137,88
42.513001,11.898164,2026-09-10 05:55:30.77224192,12,7492,241,71
36.236094,-0.722331,2026-09-10 05:55:34.566691584,12,5415,266,156
40.968818,11.39081,2026-09-10 05:55:35.963971840,12,6746,171,138
45.707791,12.907966,2026-09-10 05:55:37.205474304,12,11341,59,101
43.721345,12.590883,2026-09-10 05:55:37.391093504,12,10044,117,31
29.656444,-40.814837,2026-09-10 05:55:37.977007360,12,11998,238,172
42.480691,11.944063,2026-09-10 05:55:40.419104000,12,5448,150,209
45.710172,12.846229,2026-09-10 05:55:43.873849600,12,9319,131,56
45.725707,12.844869,2026-09-10 05:55:43.873851648,12,8377,175,46
45.742141,12.887126,2026-09-10 05:55:43.873901312,12,5464,205,33
42.093268,11.691006,2026-09-10 05:55:46.318042112,12,10753,158,42
42.114753,11.671765,2026-09-10 05:55:46.318089728,12,8054,206,29
37.721875,2.730783,2026-09-10 05:55:47.515671040,12,4033,251,297
37.736385,2.710493,2026-09-10 05:55:47.515680000,12,3535,238,283
37.880695,2.712966,2026-09-10 05:55:47.515730688,12,7533,207,270
41.898007,11.63146,2026-09-10 05:55:49.754622208,12,9713,151,33
45.917896,13.200912,2026-09-10 05:55:54.109780992,12,11578,62,298
40.930847,11.37268,2026-09-10 05:55:56.388836608,12,5445,248,185
40.971103,11.367932,2026-09-10 05:55:56.388852480,12,3780,221,110
40.948656,11.368615,2026-09-10 05:55:56.388846848,12,11087,218,95
40.953167,11.378286,2026-09-10 05:55:56.388839936,12,10690,202,51
40.195042,10.599396,2026-09-10 05:55:57.599859968,12,4534,257,270
40.190441,10.620183,2026-09-10 05:55:57.698556672,12,10392,193,153
41.083758,11.365686,2026-09-10 05:55:57.749738752,12,12034,192,46
41.697575,11.607823,2026-09-10 05:56:04.563350528,12,7082,173,104
42.113171,11.701355,2026-09-10 05:56:04.617163008,12,9470,147,126
42.145579,11.687784,2026-09-10 05:56:04.617178624,12,8882,182,96
42.118781,11.674971,2026-09-10 05:56:04.617178624,12,9858,204,77
42.176731,11.670463,2026-09-10 05:56:04.617220352,12,7504,260,22
46.000605,14.104785,2026-09-10 05:56:09.422477056,12,7230,90,127
45.714128,13.150258,2026-09-10 05:56:09.547697408,12,10149,98,30
41.563388,11.535609,2026-09-10 05:56:11.547879168,12,8154,146,64
40.443711,10.702994,2026-09-10 05:56:11.974254592,12,4879,214,94
40.358399,10.732066,2026-09-10 05:56:11.974265856,12,6173,217,41
42.388864,11.77019,2026-09-10 05:56:12.737841152,12,5146,208,44
37.94676,-104.294037,2026-09-10 05:56:13.413300224,12,9385,129,20
41.065574,11.431572,2026-09-10 05:56:15.291420672,12,4365,250,146
41.072647,11.423899,2026-09-10 05:56:15.291427840,12,4064,253,255
45.580614,12.874561,2026-09-10 05:56:15.768895232,12,9916,128,15
40.973651,11.365616,2026-09-10 05:56:17.167244032,12,3694,258,164
40.973093,11.354448,2026-09-10 05:56:17.167247616,12,4099,215,117
40.929061,11.377732,2026-09-10 05:56:17.390760448,12,7244,172,169
40.962933,11.401324,2026-09-10 05:56:17.390778368,12,2519,204,172
37.558862,9.041542,2026-09-10 05:56:17.923516416,12,5768,206,24
41.565486,11.495143,2026-09-10 05:56:18.403862528,12,8453,159,105
40.247526,10.639132,2026-09-10 05:56:18.756570624,12,12385,205,72
42.430818,11.997509,2026-09-10 05:56:19.10887680,12,7080,144,62
42.372802,11.692898,2026-09-10 05:56:19.616424192,12,9909,78,115
44.062847,12.65882,2026-09-10 06:05:00.492127232,1,8484,138,26
44.518727,12.921698,2026-09-10 06:05:00.563310080,1,8797,79,189
44.525617,12.921043,2026-09-10 06:05:00.563319296,1,7918,106,171
44.519663,12.931943,2026-09-10 06:05:00.563314944,1,9186,215,148
44.550557,12.925215,2026-09-10 06:05:00.563322368,1,11200,186,129
44.519981,12.918156,2026-09-10 06:05:00.563315200,1,7057,146,107
44.52222,12.994325,2026-09-10 06:05:00.563340544,1,13850,189,90
44.597261,12.901009,2026-09-10 06:05:00.563374592,1,8685,146,79
44.534063,12.937839,2026-09-10 06:05:00.563353344,1,6940,166,67
44.569989,12.918836,2026-09-10 06:05:00.563364608,1,5502,219,56
20.741174,-106.525922,2026-09-10 06:05:05.88996352,3,10089,221,29
20.55577,-106.706741,2026-09-10 06:05:05.88982784,3,9789,255,26
20.791912,-81.395669,2026-09-10 06:05:05.266960640,3,13174,229,56
20.808229,-81.413805,2026-09-10 06:05:05.266965504,3,5513,229,43
38.542256,-101.966282,2026-09-10 06:05:00.582191360,13,11534,178,15
37.838932,-94.869577,2026-09-10 06:05:00.813175808,13,9861,172,133
37.830953,-94.878907,2026-09-10 06:05:00.813183488,13,10545,137,113
37.866361,-94.847689,2026-09-10 06:05:00.813195776,13,8888,156,94
37.975491,-96.615453,2026-09-10 06:05:03.531919360,13,10344,148,99
37.991069,-96.616106,2026-09-10 06:05:03.531921408,13,4573,233,92
37.980258,-96.496249,2026-09-10 06:05:03.531958016,13,14152,128,75
37.9206,-96.416397,2026-09-10 06:05:03.591205120,13,12578,122,28
38.064904,-96.926053,2026-09-10 06:05:04.106050560,13,10054,208,50
37.960076,-96.634305,2026-09-10 06:05:04.106129408,13,3897,231,38
37.627124,-95.97937,2026-09-10 06:05:04.263499264,13,5488,154,31
37.637824,-95.953975,2026-09-10 06:05:04.263507456,13,13781,165,27
17.348,-69.469894,2026-09-10 06:05:04.797906432,13,8483,171,69
20.78281,-81.404292,2026-09-10 06:05:05.266957824,13,8732,263,64
38.382327,-103.651374,2026-09-10 06:05:05.550161408,13,11542,210,37
22.233028,-92.751712,2026-09-10 06:05:06.695682048,13,9596,227,48
17.195229,-95.727668,2026-09-10 06:05:06.894101760,13,6210,262,38
37.416335,-103.122858,2026-09-10 06:05:07.631765248,13,7502,135,106
37.458208,-103.139763,2026-09-10 06:05:07.692219648,13,11675,115,39
37.428408,-103.152841,2026-09-10 06:05:07.742133760,13,7291,209,23
38.282457,-95.942589,2026-09-10 06:05:08.58289920,13,6365,144,16
18.146276,-95.967533,2026-09-10 06:05:08.835286016,13,5939,258,40
31.649162,-105.564643,2026-09-10 06:05:09.858384128,13,10160,213,43
21.56401,-105.580974,2026-09-10 06:05:10.417295104,13,6779,209,71
38.197157,-96.011052,2026-09-10 06:05:11.465536256,13,11563,129,26
38.250363,-95.983456,2026-09-10 06:05:11.465543680,13,7003,190,34
39.022686,-82.700386,2026-09-10 06:05:11.654270208,13,8745,73,50
20.147166,-106.316919,2026-09-10 06:05:12.338116608,13,6255,226,71
20.032439,-106.224098,2026-09-10 06:05:12.473410304,13,11066,256,78
21.213312,-106.636894,2026-09-10 06:05:12.609708288,13,10898,217,54
17.955933,-87.145308,2026-09-10 06:05:13.880866048,13,3622,267,29
17.960818,-87.173835,2026-09-10 06:05:14.222961664,13,12327,254,30
38.121168,-98.4023,2026-09-10 06:05:14.831729920,13,5802,92,28
20.818103,-102.309509,2026-09-10 06:05:15.407932928,13,7459,249,62
38.28897,-95.774796,2026-09-10 06:05:15.879972864,13,11382,169,40
38.2799,-95.788343,2026-09-10 06:05:15.880037376,13,7900,138,44
38.381932,-95.636607,2026-09-10 06:05:15.999327232,13,10918,169,40
37.898966,-103.21527,2026-09-10 06:05:16.537512704,13,7779,188,23
38.665614,-101.888541,2026-09-10 06:05:16.567951360,13,11866,112,26
37.895135,-96.678514,2026-09-10 06:05:17.385663488,13,10685,185,78
37.909243,-96.664227,2026-09-10 06:05:17.385672704,13,4594,236,66
37.880774,-96.639963,2026-09-10 06:05:17.385738752,13,7124,147,51
37.885142,-96.670691,2026-09-10 06:05:17.558971136,13,5647,151,23
37.921144,-96.629472,2026-09-10 06:05:17.673006592,13,5032,224,23
29.550035,-105.596079,2026-09-10 06:05:18.254960640,13,9311,213,39
29.323261,-105.602298,2026-09-10 06:05:18.367771136,13,10208,214,51
29.60531,-105.630926,2026-09-10 06:05:18.520648704,13,6220,245,31
29.58787,-105.641341,2026-09-10 06:05:18.683858432,13,6440,230,31
20.744931,-106.496434,2026-09-10 06:05:19.168458752,13,10113,221,65
38.049692,-96.825066,2026-09-10 06:05:20.325261056,13,13480,220,48
37.791618,-94.987021,2026-09-10 06:05:20.483241984,13,9506,173,55
37.726198,-102.924933,2026-09-10 06:05:20.542225152,13,10705,138,32
37.785847,-94.928639,2026-09-10 06:05:20.571973888,13,9799,85,24
37.678681,-102.978582,2026-09-10 06:05:20.644236288,13,6067,206,23
37.662504,-102.939344,2026-09-10 06:05:20.822123520,13,13415,89,67
37.668482,-103.005459,2026-09-10 06:05:20.822174976,13,7544,117,55
44.714833,12.69513,2026-09-10 06:05:01.380323840,11,9542,153,202
42.634377,11.86822,2026-09-10 06:05:01.947575296,11,9793,179,77
42.19805,11.761985,2026-09-10 06:05:06.180660224,11,11600,156,219
38.372286,3.334977,2026-09-10 06:05:06.501865984,11,4208,251,195
43.719917,12.74465,2026-09-10 06:05:06.988880640,11,8754,148,60
43.904362,12.870415,2026-09-10 06:05:06.988955136,11,9786,188,73
43.80466,12.712389,2026-09-10 06:05:06.988956672,11,7565,189,60
43.735463,12.755117,2026-09-10 06:05:06.988925440,11,7751,182,45
42.556408,11.702505,2026-09-10 06:05:07.599715328,11,11024,139,57
42.956053,12.653751,2026-09-10 06:05:08.570763776,11,11108,202,238
41.512588,11.531175,2026-09-10 06:05:10.39429376,11,6828,245,84
41.630383,11.53705,2026-09-10 06:05:10.39458048,11,11054,185,125
41.570711,11.550931,2026-09-10 06:05:10.39441408,11,13680,209,112
42.505057,11.999895,2026-09-10 06:05:10.592411648,11,10234,159,132
42.506669,11.990721,2026-09-10 06:05:10.592418304,11,5465,243,154
42.464707,11.899033,2026-09-10 06:05:12.96897536,11,9551,174,54
42.63042,11.695584,2026-09-10 06:05:12.764074240,11,7907,199,32
40.94559,11.476779,2026-09-10 06:05:13.640565248,11,8126,162,22
40.25985,10.670901,2026-09-10 06:05:14.890096128,11,4712,220,189
40.257359,10.681756,2026-09-10 06:05:14.890103808,11,6507,192,158
43.50665,12.890779,2026-09-10 06:05:16.381001216,11,14210,116,94
43.541971,12.91434,2026-09-10 06:05:16.381024512,11,7867,237,79
45.666421,12.844143,2026-09-10 06:05:19.613659392,11,2946,174,77
45.693233,12.872679,2026-09-10 06:05:19.613670400,11,8966,181,79
45.666315,12.871565,2026-09-10 06:05:19.817186304,11,9800,50,49
42.424006,12.035465,2026-09-10 06:05:20.739170304,11,7680,138,99
44.714833,12.69513,2026-09-10 06:05:01.380323840,12,9542,153,201
42.55669,11.89906,2026-09-10 06:05:01.947553792,12,5034,256,114
42.19805,11.761985,2026-09-10 06:05:06.180660224,12,11600,156,201
38.368294,3.344919,2026-09-10 06:05:06.501863168,12,6070,251,168
38.351542,3.360189,2026-09-10 06:05:06.501859840,12,8261,178,113
43.747853,12.745107,2026-09-10 06:05:06.988887040,12,6345,232,94
43.741178,12.750255,2026-09-10 06:05:06.988887552,12,4900,209,86
43.904476,12.87047,2026-09-10 06:05:06.988951296,12,9787,188,68
42.540268,11.70399,2026-09-10 06:05:07.599715328,12,10616,74,48
37.356983,-103.451656,2026-09-10 06:05:07.631729152,12,12327,211,45
42.956053,12.653751,2026-09-10 06:05:08.570763776,12,11108,202,236
41.554678,11.549866,2026-09-10 06:05:10.39445504,12,5355,243,78
41.666798,11.525733,2026-09-10 06:05:10.39469568,12,9792,184,123
41.638797,11.549379,2026-09-10 06:05:10.39478272,12,10674,184,110
42.505057,11.999895,2026-09-10 06:05:10.592411648,12,10234,159,120
42.506076,11.997142,2026-09-10 06:05:10.592416768,12,5243,251,151
42.487191,11.999169,2026-09-10 06:05:10.592417280,12,4676,189,61
36.902581,3.339817,2026-09-10 06:05:11.646333184,12,13821,264,75
42.667021,11.88918,2026-09-10 06:05:12.96960768,12,12498,151,48
42.685061,12.208647,2026-09-10 06:05:12.96959744,12,14701,200,49
42.672805,11.715274,2026-09-10 06:05:12.764089088,12,6897,267,26
40.94559,11.476779,2026-09-10 06:05:13.640565248,12,8126,162,21
40.25985,10.670901,2026-09-10 06:05:14.890096128,12,4712,220,190
40.226165,10.674488,2026-09-10 06:05:14.890093056,12,5465,254,230
43.551281,12.84941,2026-09-10 06:05:16.381018624,12,7868,161,91
43.52855,12.871561,2026-09-10 06:05:16.381013504,12,4041,258,78
45.535676,12.940267,2026-09-10 06:05:19.613656576,12,14238,197,55
45.666864,12.874823,2026-09-10 06:05:19.624167936,12,12390,53,55
42.435602,12.030559,2026-09-10 06:05:20.739174912,12,9256,118,97
41.570567,11.598998,2026-09-10 06:05:20.824008448,12,11310,145,69
44.100617,15.417453,2026-09-10 10:25:05.268624640,1,11852,140,88
44.073404,15.466399,2026-09-10 10:25:05.268616192,1,8759,210,67
44.083076,15.457104,2026-09-10 10:25:05.268636416,1,13489,132,51
44.191298,15.469254,2026-09-10 10:25:05.268664320,1,8441,176,35
38.0979,6.415333,2026-09-10 10:25:05.380683264,1,10704,231,55
38.194903,6.343958,2026-09-10 10:25:05.380708864,1,5698,245,41
38.316258,6.380918,2026-09-10 10:25:05.380749824,1,2418,245,26
38.204566,6.409437,2026-09-10 10:25:05.429542912,1,6710,207,53
38.343298,6.386614,2026-09-10 10:25:05.429590784,1,3711,191,40
38.32442,6.365682,2026-09-10 10:25:05.429583104,1,2698,211,27
38.287545,6.373743,2026-09-10 10:25:05.533259776,1,7405,206,20
38.234517,6.572553,2026-09-10 10:25:12.795169536,1,8738,223,32
27.222789,-95.678077,2026-09-10 10:25:12.814533632,1,12077,207,35
27.212641,-95.7108,2026-09-10 10:25:12.875115776,1,5603,211,18
27.213477,-95.711917,2026-09-10 10:25:12.978857472,1,5328,211,18
27.22291,-95.697147,2026-09-10 10:25:13.49559040,1,6766,207,22
27.211928,-95.712919,2026-09-10 10:25:13.181637632,1,8019,211,66
38.227282,6.48352,2026-09-10 10:25:13.188080640,1,8262,204,70
38.406374,6.429319,2026-09-10 10:25:13.188149760,1,13750,191,57
38.311261,6.501491,2026-09-10 10:25:13.188115456,1,7467,191,44
38.191503,6.403854,2026-09-10 10:25:13.254843392,1,11432,234,125
38.294293,6.412163,2026-09-10 10:25:13.254891776,1,7895,260,112
38.317649,6.352888,2026-09-10 10:25:13.254910976,1,8233,203,99
38.336854,6.384245,2026-09-10 10:25:13.254919936,1,8754,211,86
38.355021,6.477859,2026-09-10 10:25:13.254920448,1,5154,256,72
42.632091,10.112837,2026-09-10 10:25:28.85782016,1,14869,165,25
44.016334,15.41825,2026-09-10 10:25:29.170214912,1,7729,147,23
38.266494,6.41708,2026-09-10 10:25:29.273035776,1,12804,216,31
38.274699,6.408658,2026-09-10 10:25:29.273042432,1,11833,243,17
42.652664,10.251649,2026-09-10 10:25:29.317050368,1,3194,167,130
42.660129,10.250608,2026-09-10 10:25:29.317051392,1,2744,233,117
42.704145,10.253708,2026-09-10 10:25:29.317072640,1,3802,249,104
42.560625,10.359447,2026-09-10 10:25:29.317049344,1,11701,254,75
42.672867,10.24153,2026-09-10 10:25:29.317103360,1,8392,161,61
42.699677,10.254949,2026-09-10 10:25:29.317100288,1,7363,182,48
42.693531,10.24532,2026-09-10 10:25:29.317097728,1,9462,206,34
42.655654,10.249148,2026-09-10 10:25:29.335966208,1,3177,163,89
42.731881,10.279777,2026-09-10 10:25:29.336021760,1,11566,252,66
42.538896,10.115896,2026-09-10 10:25:29.335973376,1,8987,241,51
42.628778,10.21632,2026-09-10 10:25:29.336012032,1,14410,149,37
42.638435,10.195538,2026-09-10 10:25:29.336017152,1,13413,199,24
42.919809,10.065778,2026-09-10 10:25:36.680023552,1,8751,256,30
42.925274,10.192416,2026-09-10 10:25:36.680058880,1,12693,176,24
38.258224,6.526882,2026-09-10 10:25:36.744128768,1,7810,206,20
44.059376,15.402221,2026-09-10 10:25:37.994525440,1,9405,241,18
25.805671,-83.074009,2026-09-10 10:25:45.354580992,1,11826,261,32
44.129996,15.465028,2026-09-10 10:25:45.405361408,1,10285,235,56
44.092971,15.369563,2026-09-10 10:25:45.405375744,1,8817,157,49
25.804016,-83.088297,2026-09-10 10:25:45.411051264,1,5174,266,21
42.695445,10.111476,2026-09-10 10:25:45.516896512,1,7003,171,228
42.709413,10.117288,2026-09-10 10:25:45.516908032,1,9021,228,211
42.690089,10.117205,2026-09-10 10:25:45.516903424,1,8524,136,193
42.675099,10.119034,2026-09-10 10:25:45.516904704,1,8127,149,180
42.743855,10.132792,2026-09-10 10:25:45.516927232,1,7501,236,165
42.723722,10.133577,2026-09-10 10:25:45.516920576,1,4908,236,152
42.709029,10.114683,2026-09-10 10:25:45.516955648,1,12394,232,139
42.738841,10.101319,2026-09-10 10:25:45.516961280,1,7282,254,123
42.736822,10.12777,2026-09-10 10:25:45.516963584,1,11009,197,110
42.73115,10.116245,2026-09-10 10:25:45.516955904,1,6574,190,97
42.712957,10.137443,2026-09-10 10:25:45.516945664,1,6789,159,83
42.853642,10.204933,2026-09-10 10:25:45.516978432,1,12862,215,68
38.262615,6.45779,2026-09-10 10:25:52.583631104,1,12520,244,111
38.273819,6.448241,2026-09-10 10:25:52.583676416,1,9940,219,97
38.246555,6.445173,2026-09-10 10:25:52.583657472,1,12777,208,81
38.265331,6.45513,2026-09-10 10:25:52.583667712,1,7383,268,60
38.229538,6.432432,2026-09-10 10:25:52.583656960,1,4229,248,43
38.269724,6.450546,2026-09-10 10:25:52.583672576,1,10954,263,29
43.947558,15.372913,2026-09-10 10:25:52.779352064,1,12445,184,40
43.945006,15.405769,2026-09-10 10:25:52.779356672,1,6195,185,27
29.743315,-89.000713,2026-09-10 10:25:53.8722432,1,12890,253,24
7.137987,25.919985,2026-09-10 10:26:01.435020288,1,9247,247,59
43.913285,15.322482,2026-09-10 10:26:08.475342848,1,6892,149,38
43.958107,15.385034,2026-09-10 10:26:08.543538176,1,8193,219,63
43.93768,15.404711,2026-09-10 10:26:08.543543040,1,12135,115,68
43.945339,15.378306,2026-09-10 10:26:08.543541504,1,12660,145,51
43.908536,15.437553,2026-09-10 10:26:08.543565824,1,7714,187,39
43.984752,15.383168,2026-09-10 10:26:08.543595264,1,10541,239,26
43.940725,15.393075,2026-09-10 10:26:08.659827200,1,7486,207,79
43.937205,15.402301,2026-09-10 10:26:08.659831040,1,9861,184,59
43.992595,15.373227,2026-09-10 10:26:08.659899648,1,13653,169,37
42.836698,10.25753,2026-09-10 10:26:08.891585792,1,4075,163,308
42.83982,10.254712,2026-09-10 10:26:08.891589632,1,3584,245,304
42.852513,10.248104,2026-09-10 10:26:08.891595008,1,6573,222,289
42.877236,10.258922,2026-09-10 10:26:08.891605760,1,4237,262,269
42.831058,10.263695,2026-09-10 10:26:08.891588352,1,6599,140,255
42.947449,10.311857,2026-09-10 10:26:08.891636480,1,5758,219,242
42.854986,10.252934,2026-09-10 10:26:08.891603200,1,4650,241,227
42.863381,10.270779,2026-09-10 10:26:08.891603712,1,5047,234,214
42.85663,10.154301,2026-09-10 10:26:08.891627264,1,10534,213,200
42.877557,10.244558,2026-09-10 10:26:08.891611648,1,8656,252,187
42.912062,10.272872,2026-09-10 10:26:08.891657472,1,13409,211,163
42.862499,10.262256,2026-09-10 10:26:08.891638784,1,12204,212,149
42.819072,10.205424,2026-09-10 10:26:08.891632128,1,12510,208,136
42.761148,10.244474,2026-09-10 10:26:08.891606016,1,8695,169,121
42.858019,10.27468,2026-09-10 10:26:08.891638784,1,13514,141,108
43.919167,15.392987,2026-09-10 10:26:16.396742912,1,10529,78,180
43.913227,15.405593,2026-09-10 10:26:16.396747008,1,11542,219,188
43.920047,15.397519,2026-09-10 10:26:16.396751616,1,6726,189,165
43.914132,15.409093,2026-09-10 10:26:16.396747264,1,11200,79,150
43.935513,15.399345,2026-09-10 10:26:16.396758528,1,7783,161,129
43.870727,15.441968,2026-09-10 10:26:16.396784384,1,13990,137,114
43.917091,15.40597,2026-09-10 10:26:16.396797184,1,9267,145,101
43.931085,15.427748,2026-09-10 10:26:16.396789248,1,10374,123,88
43.943388,15.396835,2026-09-10 10:26:16.396795648,1,7959,252,69
43.973303,15.404696,2026-09-10 10:26:16.396809728,1,4113,206,43
43.931239,15.436641,2026-09-10 10:26:16.396789504,1,4192,260,30
43.914602,15.401234,2026-09-10 10:26:16.484847616,1,8106,100,122
43.953025,15.407749,2026-09-10 10:26:16.484867072,1,5012,269,183
43.926648,15.398364,2026-09-10 10:26:16.484854272,1,11640,170,166
43.950475,15.389239,2026-09-10 10:26:16.484864768,1,6798,203,151
43.922057,15.400786,2026-09-10 10:26:16.484858880,1,6308,174,137
43.925864,15.396188,2026-09-10 10:26:16.484862464,1,5618,161,122
43.970637,15.490313,2026-09-10 10:26:16.484887808,1,14022,123,109
43.913006,15.46303,2026-09-10 10:26:16.484883456,1,5161,196,96
44.076536,15.350399,2026-09-10 10:26:16.484948992,1,3796,247,82
43.952262,15.398896,2026-09-10 10:26:16.484907008,1,5962,206,58
28.280763,-90.779356,2026-09-10 10:26:23.575379712,1,11721,249,40
28.324847,-90.729376,2026-09-10 10:26:23.575450880,1,12388,242,29
28.315375,-90.746405,2026-09-10 10:26:23.685809152,1,9673,193,42
28.395143,-90.731992,2026-09-10 10:26:23.685887488,1,8075,236,31
28.316023,-90.746354,2026-09-10 10:26:23.750488832,1,13700,195,22
25.830908,-83.04695,2026-09-10 10:26:23.912009472,1,8230,261,26
43.99809,15.530166,2026-09-10 10:26:31.245527552,1,11526,158,40
44.083902,15.463327,2026-09-10 10:26:31.245561600,1,7759,193,27
23.486681,-82.464366,2026-09-10 10:26:31.461135872,1,5876,230,29
44.057497,15.502977,2026-09-10 10:26:31.566948608,1,7933,251,23
23.530177,-82.512486,2026-09-10 10:26:31.579498496,1,8224,234,23
23.497351,-82.491724,2026-09-10 10:26:31.653108992,1,7700,232,26
42.586276,10.095208,2026-09-10 10:26:31.786857472,1,10639,168,168
42.66102,10.068377,2026-09-10 10:26:31.786875392,1,14468,251,153
42.643906,10.093319,2026-09-10 10:26:31.786872832,1,4863,224,136
42.621212,10.109882,2026-09-10 10:26:31.786871040,1,9163,236,122
42.652249,10.123394,2026-09-10 10:26:31.786882048,1,6788,253,107
42.699883,10.100905,2026-09-10 10:26:31.786893056,1,10280,198,93
42.667364,10.099355,2026-09-10 10:26:31.786921728,1,13233,162,80
42.649959,10.034126,2026-09-10 10:26:31.786895872,1,11496,148,58
44.059128,15.434417,2026-09-10 10:26:38.937851392,1,8482,170,126
44.056466,15.467315,2026-09-10 10:26:38.937891840,1,5962,217,112
44.016803,15.468362,2026-09-10 10:26:38.937877760,1,9973,114,95
42.804449,10.142788,2026-09-10 10:26:46.867096320,1,11502,93,25
43.929247,15.413871,2026-09-10 10:26:47.92712704,1,9156,80,241
43.930454,15.41442,2026-09-10 10:26:47.92719360,1,3699,243,217
43.919482,15.428695,2026-09-10 10:26:47.92717824,1,7208,170,201
43.961153,15.40515,2026-09-10 10:26:47.92734720,1,6210,187,185
43.912036,15.419859,2026-09-10 10:26:47.92718336,1,3528,196,174
43.943139,15.411095,2026-09-10 10:26:47.92728832,1,3264,160,161
43.95673,15.420903,2026-09-10 10:26:47.92729088,1,8772,165,148
42.457938,9.966582,2026-09-10 10:26:54.327654400,1,12762,252,51
42.676263,10.233292,2026-09-10 10:26:54.327770624,1,8865,237,39
42.724546,10.2441,2026-09-10 10:26:54.327782912,1,6715,199,25
38.372872,6.26999,2026-09-10 10:26:54.436135680,1,10846,243,59
38.272523,6.362352,2026-09-10 10:26:54.436100864,1,9491,195,46
38.25658,6.363514,2026-09-10 10:26:54.436098048,1,4584,250,33
38.079182,-95.701232,2026-09-10 10:26:54.692035328,1,12388,155,24
42.782891,10.270886,2026-09-10 10:26:54.780991232,1,13806,184,17
42.717932,10.271894,2026-09-10 10:26:54.781017600,1,10945,170,64
42.785671,10.248451,2026-09-10 10:26:54.781028864,1,7799,233,51
42.786928,10.261547,2026-09-10 10:26:54.781033728,1,10418,246,38
42.783974,10.258414,2026-09-10 10:26:54.781028864,1,6691,217,23
42.755452,10.066339,2026-09-10 10:26:54.840867328,1,8354,163,15
42.738417,10.248856,2026-09-10 10:26:54.914830080,1,4710,192,37
42.850555,10.18545,2026-09-10 10:26:54.919718912,1,7107,188,52
42.828649,10.202922,2026-09-10 10:26:54.919714304,1,6741,208,39
42.809551,10.190488,2026-09-10 10:26:54.919706624,1,13582,187,26
28.558281,-90.812358,2026-09-10 10:26:55.487395328,1,8111,186,38
28.645127,-90.801739,2026-09-10 10:26:55.487476736,1,6649,234,29
28.622434,-90.798279,2026-09-10 10:26:55.590226944,1,9918,192,17
42.707646,10.166314,2026-09-10 10:26:55.720943616,1,3836,148,39
37.456044,-99.540288,2026-09-10 10:27:02.798870016,1,10561,125,26
18.861676,140.160076,2026-09-10 10:25:01.53261312,2,8587,163,21
-27.005443,127.450411,2026-09-10 10:25:03.294519552,2,9512,191,20
19.157206,143.40258,2026-09-10 10:25:09.836017408,2,14494,256,29
30.897102,101.105014,2026-09-10 10:25:15.829928960,2,12317,263,25
-23.127913,125.210747,2026-09-10 10:26:01.506859776,2,14423,223,14
-28.81547,127.360974,2026-09-10 10:26:05.581156352,2,10500,200,24
19.200564,142.692203,2026-09-10 10:26:10.464194304,2,11337,171,23
18.848862,140.356591,2026-09-10 10:26:26.779623168,2,8084,250,37
18.943193,140.343282,2026-09-10 10:26:26.779650304,2,10012,163,23
50.276052,126.059778,2026-09-10 10:26:30.694070016,2,10399,196,29
-27.05606,127.454979,2026-09-10 10:26:37.57944064,2,14875,190,17
29.080406,-90.672671,2026-09-10 10:25:00.204517120,3,5467,128,97
29.332309,-90.649769,2026-09-10 10:25:00.204667136,3,14095,246,83
17.264315,-61.541882,2026-09-10 10:25:07.507819008,3,7400,202,17
36.536985,-98.080598,2026-09-10 10:25:07.924167168,3,13793,160,39
36.567132,-98.093716,2026-09-10 10:25:07.924159232,3,14659,160,26
26.663628,-84.039948,2026-09-10 10:25:08.754554624,3,2588,254,101
26.704598,-84.030834,2026-09-10 10:25:08.754573312,3,5827,258,93
7.891089,-76.457639,2026-09-10 10:25:15.906725632,3,9191,255,34
37.67271,-98.83783,2026-09-10 10:25:15.926039040,3,14242,92,26
38.103354,-99.581368,2026-09-10 10:25:16.397809408,3,4554,190,27
37.601459,-98.827281,2026-09-10 10:25:16.444415744,3,13108,113,54
37.61487,-98.853918,2026-09-10 10:25:16.444494592,3,13065,150,41
37.6026,-98.872171,2026-09-10 10:25:16.444480768,3,10056,203,24
36.511785,-96.315291,2026-09-10 10:25:16.927625728,3,8396,154,83
36.530158,-96.317709,2026-09-10 10:25:16.927628544,3,3050,242,109
36.548025,-96.294311,2026-09-10 10:25:16.927644672,3,8787,158,95
36.541608,-96.293523,2026-09-10 10:25:16.927699456,3,6232,176,80
36.503691,-96.351143,2026-09-10 10:25:16.927680512,3,8413,138,64
36.554254,-96.288485,2026-09-10 10:25:16.973135616,3,8676,188,42
36.55858,-96.319787,2026-09-10 10:25:16.973123584,3,4714,165,29
36.541989,-96.343548,2026-09-10 10:25:17.27971584,3,4173,167,22
36.538036,-96.328157,2026-09-10 10:25:17.69978880,3,9049,193,35
36.50533,-96.404568,2026-09-10 10:25:17.69950464,3,4184,253,22
36.569312,-96.608448,2026-09-10 10:25:17.924902144,3,14150,198,54
36.53862,-96.330096,2026-09-10 10:25:17.924993024,3,4974,165,41
36.610677,-96.305873,2026-09-10 10:25:17.925015296,3,4545,228,26
37.336058,-96.802093,2026-09-10 10:25:18.551653632,3,12474,97,50
37.404464,-96.754386,2026-09-10 10:25:18.551676416,3,5551,212,36
37.528853,-96.687069,2026-09-10 10:25:18.551720192,3,5760,222,23
30.67273,-104.302024,2026-09-10 10:25:18.825833216,3,7259,201,33
30.675565,-104.323445,2026-09-10 10:25:18.873061888,3,7064,201,36
30.772477,-104.270608,2026-09-10 10:25:18.944157952,3,7481,230,29
38.038884,-95.274181,2026-09-10 10:25:19.702853632,3,6236,135,42
38.070102,-95.233705,2026-09-10 10:25:19.702931200,3,6992,174,29
29.46969,-89.073547,2026-09-10 10:25:28.102060288,3,9490,169,51
29.626819,-89.088856,2026-09-10 10:25:28.102164224,3,8708,253,34
29.506492,-89.076842,2026-09-10 10:25:28.102134784,3,13283,232,24
29.74843,-89.361721,2026-09-10 10:25:28.929918464,3,14453,160,19
23.053735,-105.424029,2026-09-10 10:25:29.460644352,3,8442,268,76
37.39469,-96.85252,2026-09-10 10:25:37.311823872,3,7779,88,21
28.246214,-90.616525,2026-09-10 10:25:37.478485504,3,10619,262,32
37.447469,-99.560239,2026-09-10 10:25:37.495153664,3,9594,117,17
37.767753,-99.788119,2026-09-10 10:25:38.915158272,3,14713,135,51
37.800297,-99.841419,2026-09-10 10:25:39.68523776,3,13530,142,44
37.858113,-99.799581,2026-09-10 10:25:39.68542464,3,7787,162,23
26.480381,-94.244052,2026-09-10 10:25:40.280709888,3,7220,233,36
22.376571,-106.652207,2026-09-10 10:25:47.765397760,3,2829,268,70
28.890375,-90.634692,2026-09-10 10:25:47.919912448,3,11178,254,24
26.245278,-84.716855,2026-09-10 10:25:55.81833216,3,9238,267,75
25.83916,-84.424819,2026-09-10 10:25:55.81729536,3,10223,181,58
25.911898,-84.400865,2026-09-10 10:25:55.81746944,3,7187,261,35
25.851953,-84.433546,2026-09-10 10:25:55.106414080,3,11958,229,18
37.665857,-94.117238,2026-09-10 10:25:55.113773312,3,12901,149,18
37.23059,-94.731349,2026-09-10 10:25:55.242818816,3,11491,95,24
37.212235,-94.723792,2026-09-10 10:25:55.242814464,3,14801,82,16
25.889693,-84.454413,2026-09-10 10:25:55.332250112,3,6066,269,74
25.717467,-84.488751,2026-09-10 10:25:55.332237056,3,6538,264,67
25.876052,-84.421454,2026-09-10 10:25:55.332298752,3,4620,263,54
25.913717,-84.405691,2026-09-10 10:25:55.332310272,3,5410,263,39
36.884685,-96.135976,2026-09-10 10:25:55.373580032,3,8620,161,43
37.557694,-94.212768,2026-09-10 10:25:55.389854464,3,12146,169,37
37.579506,-94.152171,2026-09-10 10:25:55.389873664,3,9088,198,18
25.842392,-84.422819,2026-09-10 10:25:55.417093120,3,8662,206,15
29.952636,-89.329106,2026-09-10 10:26:02.481718784,3,11631,235,60
29.863333,-89.326115,2026-09-10 10:26:02.486581504,3,14195,164,101
29.927358,-89.313368,2026-09-10 10:26:02.486615040,3,8874,167,91
29.939758,-89.335211,2026-09-10 10:26:02.486619136,3,13069,177,78
30.143938,-89.219551,2026-09-10 10:26:02.486698752,3,11971,264,70
29.859335,-89.284006,2026-09-10 10:26:02.486653952,3,7294,225,55
29.886295,-89.270917,2026-09-10 10:26:02.486662400,3,6375,207,43
29.886154,-89.292091,2026-09-10 10:26:02.543250688,3,2457,164,113
29.878159,-89.315461,2026-09-10 10:26:02.543249920,3,9147,237,103
29.877887,-89.332589,2026-09-10 10:26:02.543305472,3,5485,167,91
29.934135,-89.285645,2026-09-10 10:26:02.543327232,3,7559,235,62
27.998022,-96.321589,2026-09-10 10:26:09.686966272,3,8475,235,54
28.034427,-96.332345,2026-09-10 10:26:09.686981120,3,11581,237,42
28.003539,-96.317662,2026-09-10 10:26:09.881742080,3,5453,242,24
29.002369,-90.753929,2026-09-10 10:26:11.407133184,3,12586,179,48
29.234805,-90.65542,2026-09-10 10:26:11.407219456,3,13301,238,36
25.977359,-83.743263,2026-09-10 10:26:12.461836288,3,9906,212,62
26.179794,-83.743679,2026-09-10 10:26:12.461903616,3,6276,261,56
26.234615,-83.805856,2026-09-10 10:26:12.521321984,3,6618,264,25
26.24744,-83.796153,2026-09-10 10:26:12.645167104,3,14735,264,19
38.111058,-97.648365,2026-09-10 10:26:12.910425088,3,14772,82,30
37.528245,-96.519819,2026-09-10 10:26:12.927743232,3,6986,169,27
37.544852,-96.481524,2026-09-10 10:26:12.927759360,3,7781,154,102
25.894696,-84.457298,2026-09-10 10:26:20.26796544,3,6638,261,77
25.618191,-84.447722,2026-09-10 10:26:20.26756864,3,8366,268,67
25.894538,-84.399592,2026-09-10 10:26:20.26846464,3,4006,261,36
25.785583,-84.39637,2026-09-10 10:26:20.99939584,3,5093,230,20
25.899937,-84.436698,2026-09-10 10:26:20.157920000,3,11415,262,27
36.952931,-95.729417,2026-09-10 10:26:20.189330176,3,10935,118,120
36.991164,-95.717343,2026-09-10 10:26:20.189353472,3,5184,167,108
37.005729,-95.728001,2026-09-10 10:26:20.189355008,3,7435,168,95
37.0165,-95.699174,2026-09-10 10:26:20.189418752,3,6503,231,45
28.837372,-90.982529,2026-09-10 10:26:27.416293376,3,13292,231,32
28.78188,-90.955568,2026-09-10 10:26:27.641192960,3,8347,180,67
28.791211,-90.975517,2026-09-10 10:26:27.641195776,3,10061,174,100
28.88066,-90.936137,2026-09-10 10:26:27.641286144,3,7322,249,85
28.822804,-90.942399,2026-09-10 10:26:27.641259520,3,9476,231,71
28.871743,-90.948948,2026-09-10 10:26:27.641275904,3,11700,244,57
28.844641,-90.938276,2026-09-10 10:26:27.641272576,3,6312,246,40
22.392899,-106.585515,2026-09-10 10:26:36.58115072,3,12944,267,42
22.227717,-106.706425,2026-09-10 10:26:36.58106368,3,14326,251,31
22.380842,-106.648441,2026-09-10 10:26:36.158029312,3,7519,247,54
29.005915,-91.004682,2026-09-10 10:26:36.449416448,3,13500,178,46
29.08595,-90.89377,2026-09-10 10:26:36.449463296,3,11628,181,45
29.18979,-90.872178,2026-09-10 10:26:36.449495040,3,2825,255,39
17.879571,-88.72014,2026-09-10 10:26:37.602568192,3,4637,250,106
37.691897,-99.437756,2026-09-10 10:26:44.680337408,3,13049,95,22
37.681856,-99.569754,2026-09-10 10:26:44.705320704,3,13180,162,26
28.469856,-90.871306,2026-09-10 10:26:44.756097024,3,4657,262,41
28.846398,-90.893174,2026-09-10 10:26:44.756228864,3,6375,264,31
28.767732,-90.893996,2026-09-10 10:26:44.756193280,3,10575,232,16
38.108017,-95.77725,2026-09-10 10:26:54.691964160,3,5338,191,37
38.107907,-95.763143,2026-09-10 10:26:54.691967232,3,11054,186,54
38.112788,-95.735926,2026-09-10 10:26:54.692035328,3,7616,155,40
38.177774,-95.706384,2026-09-10 10:26:54.692056064,3,4827,210,25
28.40396,-90.868082,2026-09-10 10:26:55.478895104,3,9295,263,54
28.650396,-90.815047,2026-09-10 10:26:55.478985984,3,9801,234,46
28.57883,-90.806665,2026-09-10 10:26:55.487398400,3,7193,185,97
28.618472,-90.787011,2026-09-10 10:26:55.487416576,3,5535,160,107
28.616292,-90.800748,2026-09-10 10:26:55.487411968,3,10686,159,95
28.664365,-90.792731,2026-09-10 10:26:55.487480832,3,4811,250,82
28.660406,-90.802488,2026-09-10 10:26:55.487482368,3,6102,243,67
28.653485,-90.794434,2026-09-10 10:26:55.487476480,3,9535,247,51
28.542664,-90.925668,2026-09-10 10:26:55.580470016,3,5371,237,36
28.656895,-90.952071,2026-09-10 10:26:55.590219008,3,4947,210,47
28.698667,-90.791412,2026-09-10 10:26:55.590256896,3,3767,257,34
28.558276,-90.789192,2026-09-10 10:26:55.689602304,3,3477,202,74
28.658728,-90.797078,2026-09-10 10:26:55.689692672,3,4158,234,56
25.52737,-85.671038,2026-09-10 10:26:55.996696320,3,3581,222,71
6.370501,-85.921687,2026-09-10 10:27:03.395524352,3,8328,231,54
42.698677,10.103442,2026-09-10 10:25:00.731221504,4,5597,238,38
42.719024,10.139621,2026-09-10 10:25:00.731236864,4,8819,159,25
43.008056,10.351231,2026-09-10 10:25:05.52000000,4,8070,157,37
42.888923,10.324411,2026-09-10 10:25:05.51970048,4,7081,157,21
42.886402,10.232755,2026-09-10 10:25:05.72608512,4,12854,229,34
32.642433,100.117208,2026-09-10 10:25:07.464805632,4,12225,249,28
44.417773,15.580132,2026-09-10 10:25:08.712823296,4,9718,110,27
42.825615,10.185323,2026-09-10 10:25:09.514172160,4,7005,220,30
42.714933,10.151041,2026-09-10 10:25:09.768780288,4,11532,159,22
41.56165,12.567403,2026-09-10 10:25:11.555053056,4,13409,168,28
43.927184,15.341164,2026-09-10 10:25:16.932814592,4,7486,154,33
42.742062,10.11529,2026-09-10 10:25:17.108529664,4,8359,180,27
43.921178,15.359408,2026-09-10 10:25:17.324676352,4,13163,154,25
42.60587,10.337003,2026-09-10 10:25:22.764663296,4,5495,237,41
42.61042,10.302903,2026-09-10 10:25:22.893585920,4,7978,260,33
42.629624,10.305919,2026-09-10 10:25:23.7302144,4,6688,262,34
44.381262,15.677608,2026-09-10 10:25:23.281053696,4,10344,154,21
42.816642,10.171615,2026-09-10 10:25:24.323249920,4,8360,158,24
42.767538,10.070935,2026-09-10 10:25:24.354393856,4,9003,245,24
42.805226,10.136112,2026-09-10 10:25:24.398608640,4,9765,158,37
41.569019,12.543227,2026-09-10 10:25:34.857542144,4,5343,232,29
44.413064,15.442039,2026-09-10 10:25:38.333257216,4,5689,140,38
44.405425,15.452425,2026-09-10 10:25:38.355507712,4,14853,110,29
45.456717,10.191951,2026-09-10 10:25:39.550411008,4,13860,90,22
43.917774,15.37057,2026-09-10 10:25:39.770844160,4,14754,122,26
43.911662,15.348463,2026-09-10 10:25:39.923176192,4,8600,122,34
42.72113,10.146526,2026-09-10 10:25:45.516908544,4,14407,159,20
41.564407,12.629795,2026-09-10 10:25:47.88364288,4,10200,193,26
41.572445,12.597529,2026-09-10 10:25:47.168716544,4,6120,219,28
42.772732,10.19702,2026-09-10 10:25:49.534411008,4,11902,159,24
42.712864,10.105889,2026-09-10 10:25:51.444538624,4,6791,215,27
42.643281,10.337354,2026-09-10 10:25:55.907219712,4,7303,238,29
42.586267,10.291693,2026-09-10 10:25:56.36845824,4,5646,241,32
42.738613,10.126697,2026-09-10 10:25:56.249665024,4,7394,159,27
42.734378,10.153535,2026-09-10 10:25:56.299112960,4,14388,159,29
42.744318,10.128496,2026-09-10 10:25:56.360415488,4,11068,159,20
42.793015,10.106669,2026-09-10 10:25:56.757588480,4,10789,159,25
44.612049,15.43057,2026-09-10 10:25:58.914793216,4,9368,132,36
42.8145,10.164745,2026-09-10 10:25:59.597842176,4,12021,158,26
45.253741,9.600622,2026-09-10 10:26:02.176382208,4,6881,154,28
44.037421,15.326521,2026-09-10 10:26:08.453206016,4,6340,220,31
42.846091,10.27228,2026-09-10 10:26:08.891595008,4,8841,158,29
42.87238,10.255698,2026-09-10 10:26:08.950371840,4,10301,158,25
42.865398,10.244318,2026-09-10 10:26:09.178076416,4,12977,158,24
42.73428,10.1352,2026-09-10 10:26:19.681628928,4,6734,214,32
42.797546,10.109544,2026-09-10 10:26:27.48777984,4,5433,236,36
42.813654,10.14925,2026-09-10 10:26:27.113003008,4,8476,228,33
42.720722,10.070403,2026-09-10 10:26:34.320708608,4,7169,215,31
42.741094,10.119179,2026-09-10 10:26:34.383767296,4,10952,159,26
42.661259,10.189106,2026-09-10 10:26:41.399604736,4,7457,214,32
43.950622,15.415536,2026-09-10 10:26:47.92723968,4,10690,165,26
42.935419,10.112469,2026-09-10 10:26:47.854362624,4,7344,217,47
42.836798,10.084199,2026-09-10 10:26:47.854339328,4,7406,179,34
17.350735,-61.632956,2026-09-10 10:25:07.507859456,7,9278,159,14
26.732393,-84.045416,2026-09-10 10:25:08.754579456,7,3409,266,33
26.704468,-83.98997,2026-09-10 10:25:08.754618112,7,3039,251,25
26.58683,-83.920835,2026-09-10 10:25:08.819055616,7,13611,159,20
26.59188,-83.933551,2026-09-10 10:25:08.902742784,7,11965,159,21
25.311509,-81.89107,2026-09-10 10:25:31.614867200,7,10165,240,23
25.274287,-81.846097,2026-09-10 10:25:31.614903552,7,2205,224,22
25.256637,-81.803448,2026-09-10 10:25:31.614905088,7,5777,257,20
25.273531,-81.840772,2026-09-10 10:25:31.733275136,7,4907,224,22
26.095119,-78.775754,2026-09-10 10:25:31.790319360,7,8033,204,15
24.916258,-81.894966,2026-09-10 10:25:31.845312256,7,9979,249,17
25.205816,-81.771587,2026-09-10 10:25:31.845437184,7,11052,267,12
17.986971,-61.159568,2026-09-10 10:25:39.865303552,7,8821,246,18
26.060076,-78.699937,2026-09-10 10:26:04.780363264,7,7745,194,26
26.066096,-78.700376,2026-09-10 10:26:04.780368384,7,7585,233,13
26.098922,-78.722338,2026-09-10 10:26:04.817353728,7,2380,241,18
26.102838,-78.747437,2026-09-10 10:26:04.887875840,7,5890,241,19
25.089708,-81.195406,2026-09-10 10:26:05.241921280,7,11319,171,22
25.042146,-81.33592,2026-09-10 10:26:05.246411264,7,14322,205,25
25.333145,-81.446988,2026-09-10 10:26:05.246537984,7,10994,258,19
24.934554,-81.246149,2026-09-10 10:26:05.403532544,7,5679,239,17
29.467804,-89.037861,2026-09-10 10:26:06.993784320,7,8763,166,22
29.46914,-89.050363,2026-09-10 10:26:06.993778432,7,8615,198,18
29.48422,-89.007516,2026-09-10 10:26:07.302069760,7,4396,211,25
26.986034,-83.490366,2026-09-10 10:26:17.747971072,7,4057,244,51
27.014625,-83.457283,2026-09-10 10:26:17.747985152,7,4599,265,40
26.968297,-83.501952,2026-09-10 10:26:17.890361856,7,5878,235,27
28.752246,-90.98598,2026-09-10 10:26:42.460949760,7,8787,237,25
26.670465,-83.987017,2026-09-10 10:26:43.719994880,7,8443,166,31
28.727778,-90.903529,2026-09-10 10:26:44.130983424,7,1686,186,39
28.669999,-90.833972,2026-09-10 10:26:55.478996224,7,4550,243,12
28.552803,-90.809328,2026-09-10 10:26:55.487395840,7,12566,135,37
28.669195,-90.778557,2026-09-10 10:26:55.487482624,7,4034,225,22
28.554444,-90.900788,2026-09-10 10:26:55.689638656,7,6121,140,23
25.538151,-85.67548,2026-09-10 10:26:55.996696064,7,6939,222,10
25.243106,-81.699652,2026-09-10 10:26:59.685865728,7,7952,205,13
29.544918,-110.706278,2026-09-10 10:25:05.622353152,9,11611,251,10
19.173863,143.355627,2026-09-10 10:25:09.836026880,9,7810,250,14
30.643131,100.96164,2026-09-10 10:25:15.829851904,9,3451,264,26
58.779085,112.439117,2026-09-10 10:25:24.393741568,9,9117,237,26
31.61093,101.136866,2026-09-10 10:25:46.294184960,9,13660,261,27
31.909936,101.346089,2026-09-10 10:25:55.175084032,9,7079,264,33
19.098875,142.748335,2026-09-10 10:26:10.464154112,9,6801,255,30
19.103105,142.740592,2026-09-10 10:26:10.464156160,9,5155,249,20
58.846737,112.434512,2026-09-10 10:26:22.443592704,9,6350,237,20
50.278199,126.055353,2026-09-10 10:26:30.694068736,9,10427,196,28
50.619463,126.47071,2026-09-10 10:26:30.694019584,9,11440,219,12
49.899417,121.570264,2026-09-10 10:26:35.178453504,9,7884,186,15
29.188756,-90.863252,2026-09-10 10:26:44.131154944,9,14434,248,16
29.084969,-90.666528,2026-09-10 10:25:00.204515840,13,10895,128,100
29.337326,-90.647584,2026-09-10 10:25:00.204668928,13,14012,246,82
29.111334,-90.65048,2026-09-10 10:25:00.988879104,13,9611,229,39
25.977989,-78.83434,2026-09-10 10:25:01.926844672,13,7958,262,32
22.371561,-106.673926,2026-09-10 10:25:02.42517248,13,6082,268,31
26.024185,-78.737304,2026-09-10 10:25:02.590714624,13,6927,264,70
26.091416,-78.717015,2026-09-10 10:25:02.731665664,13,3482,266,33
25.717835,-83.101636,2026-09-10 10:25:03.187333888,13,8554,260,63
25.784725,-83.079816,2026-09-10 10:25:03.187414016,13,10990,235,51
25.814214,-83.086673,2026-09-10 10:25:03.248846080,13,7549,266,20
25.770943,-83.072388,2026-09-10 10:25:03.333234944,13,6465,219,96
27.96763,-96.444269,2026-09-10 10:25:04.476661760,13,13084,184,85
27.916277,-96.464579,2026-09-10 10:25:04.546878208,13,5796,265,34
38.504171,-85.825472,2026-09-10 10:25:04.918619648,13,9288,92,25
29.523145,-110.704864,2026-09-10 10:25:05.472234496,13,7909,256,19
29.579957,-110.751266,2026-09-10 10:25:05.551568128,13,8568,225,43
29.539891,-110.706141,2026-09-10 10:25:05.551602432,13,5982,247,51
29.486035,-110.703256,2026-09-10 10:25:05.622281728,13,8114,228,35
29.562278,-110.696247,2026-09-10 10:25:05.622359296,13,3698,258,52
29.387145,-110.794071,2026-09-10 10:25:05.758090496,13,5816,228,23
29.427956,-110.737109,2026-09-10 10:25:06.117126144,13,4990,264,39
37.568988,-102.883222,2026-09-10 10:25:06.375474176,13,10471,93,18
37.596916,-102.87122,2026-09-10 10:25:06.516503040,13,11334,189,21
25.429633,-85.309765,2026-09-10 10:25:06.904684288,13,6458,264,32
36.5857,-98.081367,2026-09-10 10:25:07.924176128,13,10318,175,24
26.711243,-84.035683,2026-09-10 10:25:08.754570752,13,3303,256,110
26.704614,-84.030829,2026-09-10 10:25:08.754573312,13,5827,258,94
26.748614,-84.034863,2026-09-10 10:25:08.986000384,13,8200,262,26
26.732123,-84.02514,2026-09-10 10:25:09.52633856,13,6499,258,21
26.6117,-83.932746,2026-09-10 10:25:09.259472128,13,10398,190,25
22.163232,-105.61103,2026-09-10 10:25:09.714138112,13,10868,246,45
22.221315,-105.604154,2026-09-10 10:25:10.367852032,13,9240,267,23
29.337201,-109.156133,2026-09-10 10:25:10.559278336,13,5245,243,32
28.677202,-90.956528,2026-09-10 10:25:10.695659008,13,9271,235,17
37.156024,-95.265016,2026-09-10 10:25:10.761367552,13,9963,138,44
24.21982,-108.394108,2026-09-10 10:25:11.712765440,13,5461,262,28
24.235067,-108.425713,2026-09-10 10:25:11.763017216,13,11051,262,52
28.895268,-91.339686,2026-09-10 10:25:12.323720192,13,4891,180,55
29.026653,-91.224255,2026-09-10 10:25:12.323781376,13,3860,263,39
28.894084,-91.347454,2026-09-10 10:25:12.368966656,13,10061,180,28
27.194732,-95.712272,2026-09-10 10:25:12.814522112,13,7747,134,113
27.235676,-95.706882,2026-09-10 10:25:12.875119360,13,5109,170,33
27.113301,-95.866216,2026-09-10 10:25:13.49490688,13,8746,240,59
27.232437,-95.709517,2026-09-10 10:25:13.181640704,13,5069,243,30
37.862485,-95.46516,2026-09-10 10:25:13.253099776,13,12361,101,28
37.868985,-95.496737,2026-09-10 10:25:13.253078784,13,8942,214,18
29.471855,-94.33637,2026-09-10 10:25:13.453543680,13,4561,222,58
29.582216,-94.234052,2026-09-10 10:25:13.453593600,13,6277,228,45
25.527699,-81.88296,2026-09-10 10:25:14.81362432,13,7656,270,91
26.083965,-83.841105,2026-09-10 10:25:15.37222144,13,5830,261,92
26.073794,-83.834585,2026-09-10 10:25:15.171225856,13,6500,262,37
29.233863,-110.535437,2026-09-10 10:25:15.326902784,13,6645,227,93
29.26747,-110.510748,2026-09-10 10:25:15.326966784,13,3850,230,78
29.191754,-110.540407,2026-09-10 10:25:15.531562496,13,12655,188,45
37.535212,-99.040692,2026-09-10 10:25:16.444435968,13,10411,232,30
37.625471,-98.844511,2026-09-10 10:25:16.444488192,13,11829,163,26
36.511773,-96.315283,2026-09-10 10:25:16.927625728,13,8395,154,113
36.55133,-96.282572,2026-09-10 10:25:16.927635968,13,8129,166,110
36.556106,-96.289557,2026-09-10 10:25:16.927641856,13,9628,168,89
36.567812,-96.325649,2026-09-10 10:25:17.69977856,13,4180,209,27
36.582344,-96.60134,2026-09-10 10:25:17.924917248,13,12713,194,56
36.538608,-96.330319,2026-09-10 10:25:17.924993024,13,4974,165,43
36.541706,-96.322432,2026-09-10 10:25:17.924991488,13,6317,181,29
37.417308,-96.710435,2026-09-10 10:25:18.551619328,13,8734,148,58
37.429104,-96.731308,2026-09-10 10:25:18.551689984,13,9658,165,45
30.713051,-104.295961,2026-09-10 10:25:18.825848320,13,6132,239,30
30.680894,-104.325124,2026-09-10 10:25:18.873061376,13,8866,201,35
38.042187,-95.274936,2026-09-10 10:25:19.702845440,13,13260,135,43
38.081451,-95.241007,2026-09-10 10:25:19.702929408,13,12657,174,28
28.35131,-90.649943,2026-09-10 10:25:21.675704832,13,9395,184,88
31.320758,-104.526909,2026-09-10 10:25:21.744322560,13,4069,260,31
28.269354,-90.695638,2026-09-10 10:25:21.915584512,13,14079,255,17
27.928377,-96.350115,2026-09-10 10:25:22.780286976,13,6129,167,102
27.955015,-96.33185,2026-09-10 10:25:23.75487488,13,5107,202,58
31.138914,-104.535743,2026-09-10 10:25:23.643922176,13,12133,194,67
31.321028,-104.544071,2026-09-10 10:25:23.643975168,13,8613,129,54
36.947042,-95.720324,2026-09-10 10:25:24.803962112,13,14145,73,76
36.967753,-95.710921,2026-09-10 10:25:24.803972608,13,8235,161,110
36.972346,-95.696751,2026-09-10 10:25:24.804029440,13,9314,192,38
28.597351,-90.804706,2026-09-10 10:25:25.216693504,13,11630,215,35
36.810849,-95.692378,2026-09-10 10:25:25.503181056,13,5483,178,108
37.510195,-96.560666,2026-09-10 10:25:25.712140544,13,9531,176,78
35.944726,-97.341162,2026-09-10 10:25:25.743534848,13,8554,171,62
37.523045,-96.537474,2026-09-10 10:25:25.947491840,13,8860,191,48
37.518868,-96.527693,2026-09-10 10:25:25.947496960,13,6135,237,76
37.615998,-96.793898,2026-09-10 10:25:26.306111232,13,13302,203,55
37.568108,-96.481462,2026-09-10 10:25:26.306195200,13,4937,166,24
37.484961,-96.54541,2026-09-10 10:25:26.928417792,13,5325,138,19
25.583464,-85.67856,2026-09-10 10:25:27.293339392,13,4631,259,94
25.529078,-85.656418,2026-09-10 10:25:27.293328384,13,8772,259,92
29.469686,-89.073546,2026-09-10 10:25:28.102057216,13,9490,169,51
29.622617,-89.089676,2026-09-10 10:25:28.102163200,13,8426,253,31
29.804317,-89.384202,2026-09-10 10:25:28.929929472,13,7571,230,21
23.02543,-105.43889,2026-09-10 10:25:29.460698368,13,9938,265,43
37.157007,-98.120372,2026-09-10 10:25:29.821736704,13,11646,178,40
37.088219,-97.920195,2026-09-10 10:25:29.869832448,13,6866,145,24
37.300851,-94.710369,2026-09-10 10:25:30.485299200,13,9673,115,113
37.324039,-94.675728,2026-09-10 10:25:30.485313792,13,9230,155,94
37.326805,-94.679456,2026-09-10 10:25:30.485371648,13,7545,172,77
37.247043,-94.462718,2026-09-10 10:25:30.536217344,13,8674,158,31
39.083074,-95.505421,2026-09-10 10:25:30.729707264,13,5412,142,66
39.051668,-95.459008,2026-09-10 10:25:30.729781760,13,10365,161,51
39.094711,-95.489053,2026-09-10 10:25:30.763297024,13,8247,142,43
25.307376,-81.879544,2026-09-10 10:25:31.614922240,13,6942,232,81
25.301451,-81.873378,2026-09-10 10:25:31.733240576,13,6306,240,79
26.040677,-78.730547,2026-09-10 10:25:31.790296832,13,3611,265,51
26.022876,-78.695574,2026-09-10 10:25:32.251873536,13,14806,266,16
37.386533,-101.830661,2026-09-10 10:25:33.798780672,13,9205,92,24
38.525181,-81.996577,2026-09-10 10:25:34.853168384,13,4035,107,43
24.135525,-108.386417,2026-09-10 10:25:35.363661312,13,12467,203,15
26.729201,-83.998523,2026-09-10 10:25:35.801653248,13,3501,258,101
26.70938,-83.991136,2026-09-10 10:25:35.920595712,13,3342,258,47
25.938855,-84.523704,2026-09-10 10:25:36.296607744,13,9109,262,73
25.89802,-84.540792,2026-09-10 10:25:36.296589568,13,8261,215,61
28.804163,-90.827039,2026-09-10 10:25:37.478690304,13,7391,250,21
37.447471,-99.560242,2026-09-10 10:25:37.495153664,13,9593,117,18
37.767676,-99.787945,2026-09-10 10:25:38.915158272,13,14709,135,50
26.511571,-94.237863,2026-09-10 10:25:40.280720384,13,6204,248,26
23.982771,-82.620812,2026-09-10 10:25:40.821730816,13,9442,246,38
23.108335,-105.524227,2026-09-10 10:25:41.398104064,13,6687,264,21
37.963152,-99.125959,2026-09-10 10:25:41.551808768,13,13308,106,21
37.723947,-99.264238,2026-09-10 10:25:42.582878464,13,4229,203,98
37.705904,-99.257435,2026-09-10 10:25:42.582883328,13,5759,183,84
37.70011,-99.274227,2026-09-10 10:25:42.582939136,13,10227,149,69
37.743819,-99.148013,2026-09-10 10:25:42.674997248,13,3552,201,113
37.733725,-98.998262,2026-09-10 10:25:42.675051008,13,11683,130,29
21.960734,-106.499512,2026-09-10 10:25:43.917048064,13,5968,270,72
21.988667,-106.498934,2026-09-10 10:25:43.986190080,13,5746,250,59
25.80949,-83.084914,2026-09-10 10:25:45.354579456,13,5912,264,46
25.797599,-83.089746,2026-09-10 10:25:45.411051776,13,6620,266,56
28.906759,-91.259626,2026-09-10 10:25:45.760474112,13,7371,232,64
28.90988,-91.282134,2026-09-10 10:25:45.760528384,13,5324,171,54
28.948519,-91.253085,2026-09-10 10:25:45.861955072,13,11230,201,79
29.036159,-91.244332,2026-09-10 10:25:45.861988864,13,9418,248,91
28.338051,-90.734085,2026-09-10 10:25:46.410599424,13,2152,239,121
28.342145,-90.733822,2026-09-10 10:25:46.410605312,13,7529,162,107
28.405419,-90.70743,2026-09-10 10:25:46.410685184,13,8388,252,85
29.575893,-110.789102,2026-09-10 10:25:46.793221888,13,5609,227,72
22.37659,-106.652196,2026-09-10 10:25:47.765397760,13,2828,268,70
29.887905,-88.754447,2026-09-10 10:25:48.650974720,13,10533,223,44
29.997746,-88.704039,2026-09-10 10:25:48.651072000,13,10504,262,28
29.088567,-104.537529,2026-09-10 10:25:49.832353792,13,9984,224,17
22.051816,-97.351082,2026-09-10 10:25:50.733051904,13,10552,241,105
21.769711,-97.416865,2026-09-10 10:25:51.172594176,13,8920,244,39
39.70885,-91.724274,2026-09-10 10:25:51.968348416,13,10785,72,76
37.624219,-98.858929,2026-09-10 10:25:52.683848704,13,5387,157,23
29.458921,-89.055511,2026-09-10 10:25:53.8558848,13,7489,160,70
35.116887,-36.807024,2026-09-10 10:25:53.918928640,13,6945,231,48
27.982836,-96.447279,2026-09-10 10:25:54.231589632,13,12071,226,46
27.906404,-96.481095,2026-09-10 10:25:54.279228672,13,6358,159,44
27.949854,-96.441963,2026-09-10 10:25:54.326464256,13,5989,203,44
37.627138,-94.13824,2026-09-10 10:25:54.762269952,13,14680,94,79
37.627741,-94.147325,2026-09-10 10:25:54.762273536,13,14005,130,59
37.676052,-94.137186,2026-09-10 10:25:54.923414784,13,4699,121,89
25.952526,-84.467263,2026-09-10 10:25:55.81711104,13,10870,224,48
37.241723,-94.733509,2026-09-10 10:25:55.242827776,13,11238,99,22
36.826251,-96.117356,2026-09-10 10:25:55.373582336,13,9438,130,36
37.502954,-94.644574,2026-09-10 10:25:55.389723648,13,13345,227,35
25.837663,-84.427984,2026-09-10 10:25:55.417091328,13,8217,206,65
25.322852,-81.886655,2026-09-10 10:25:55.773044992,13,10232,251,100
26.036354,-83.093898,2026-09-10 10:25:57.853533184,13,8493,264,76
25.810588,-83.080992,2026-09-10 10:25:57.903152384,13,6455,266,35
25.768482,-83.049419,2026-09-10 10:25:58.163830272,13,7115,261,33
37.150744,-96.066552,2026-09-10 10:25:58.284326912,13,9078,184,57
25.782731,-83.075386,2026-09-10 10:25:58.310019328,13,4774,266,56
25.818559,-83.090027,2026-09-10 10:25:58.426880768,13,5410,266,21
25.814794,-83.079772,2026-09-10 10:25:58.622562048,13,9572,266,18
23.51151,-107.521597,2026-09-10 10:25:59.522734848,13,8169,263,99
24.157905,-108.421311,2026-09-10 10:26:00.222334208,13,6977,203,24
29.114102,-90.599076,2026-09-10 10:26:00.510143744,13,7175,179,88
38.118813,-95.165571,2026-09-10 10:26:01.509425152,13,14567,175,37
19.574978,-87.450363,2026-09-10 10:26:01.671532800,13,7837,267,28
29.858165,-89.334869,2026-09-10 10:26:02.486583296,13,11073,168,65
29.83711,-89.273289,2026-09-10 10:26:02.543312384,13,13392,168,28
27.25327,-95.687165,2026-09-10 10:26:03.161509376,13,7069,245,37
27.293762,-95.693599,2026-09-10 10:26:03.311085568,13,6540,248,27
27.299372,-95.65161,2026-09-10 10:26:03.412067840,13,4589,245,32
27.328613,-95.700804,2026-09-10 10:26:03.797628928,13,12259,243,22
22.434827,-106.641107,2026-09-10 10:26:03.875489792,13,13847,214,37
26.14982,-78.794683,2026-09-10 10:26:04.780355072,13,4599,229,89
26.077749,-78.707813,2026-09-10 10:26:04.817352192,13,8645,245,19
26.106817,-78.754409,2026-09-10 10:26:04.887878400,13,6340,245,28
24.996858,-81.266496,2026-09-10 10:26:05.241883136,13,11000,194,85
25.010388,-81.298561,2026-09-10 10:26:05.403555840,13,12295,270,28
37.04949,-95.179035,2026-09-10 10:26:06.661089536,13,13632,85,42
37.07611,-95.212328,2026-09-10 10:26:06.661110016,13,11610,198,27
27.638034,-95.793394,2026-09-10 10:26:06.801692928,13,7402,242,33
29.42377,-89.041741,2026-09-10 10:26:06.993708544,13,4572,161,99
29.459317,-89.04512,2026-09-10 10:26:07.200049408,13,12031,188,69
22.139211,-105.611935,2026-09-10 10:26:07.340264192,13,13670,247,34
29.357347,-89.096797,2026-09-10 10:26:07.513897472,13,10643,224,42
38.18595,-93.125067,2026-09-10 10:26:08.243968512,13,8403,232,52
38.185243,-93.14342,2026-09-10 10:26:08.243975680,13,4920,152,43
28.02419,-96.334504,2026-09-10 10:26:09.686968576,13,6454,235,53
28.003586,-96.317623,2026-09-10 10:26:09.881742080,13,5452,242,24
29.002349,-90.753927,2026-09-10 10:26:11.407133184,13,12586,179,49
26.082539,-83.778091,2026-09-10 10:26:12.461877760,13,8650,227,55
37.520705,-96.520355,2026-09-10 10:26:12.927740416,13,6675,154,84
37.545226,-96.485072,2026-09-10 10:26:12.927757056,13,9456,149,99
37.536991,-96.317049,2026-09-10 10:26:13.2846976,13,13754,107,46
37.478419,-96.268082,2026-09-10 10:26:13.46726912,13,10672,144,37
37.751817,-96.449727,2026-09-10 10:26:13.391597056,13,11797,176,55
37.544049,-96.486199,2026-09-10 10:26:13.391585024,13,5634,155,42
29.768772,-89.542613,2026-09-10 10:26:15.713349632,13,9464,169,35
30.258109,-89.412992,2026-09-10 10:26:15.713541888,13,6864,268,21
16.908397,-105.509285,2026-09-10 10:26:17.689467904,13,5510,266,74
26.99131,-83.477949,2026-09-10 10:26:17.747972608,13,3437,243,108
27.052633,-83.48002,2026-09-10 10:26:17.747993088,13,4525,256,99
27.002117,-83.461532,2026-09-10 10:26:17.890375424,13,12846,233,71
27.108102,-83.473461,2026-09-10 10:26:18.77590272,13,6491,257,27
27.551449,-83.705612,2026-09-10 10:26:18.212718848,13,13844,262,51
38.608198,-84.890378,2026-09-10 10:26:18.510899712,13,13942,131,15
38.039411,-97.115425,2026-09-10 10:26:19.866184960,13,12988,79,60
25.830997,-84.421206,2026-09-10 10:26:20.26835712,13,10854,219,48
36.977476,-95.702865,2026-09-10 10:26:20.189344512,13,7952,161,80
36.986377,-95.713176,2026-09-10 10:26:20.189348864,13,6916,161,110
36.962585,-95.760904,2026-09-10 10:26:20.372744704,13,6858,129,96
28.44037,-90.797489,2026-09-10 10:26:22.202615296,13,10113,235,40
28.868458,-90.880544,2026-09-10 10:26:22.202763520,13,8008,246,25
27.972046,-91.135257,2026-09-10 10:26:23.575275520,13,8809,261,72
28.377604,-90.730058,2026-09-10 10:26:23.685878784,13,7772,236,39
28.28886,-90.837993,2026-09-10 10:26:23.716762368,13,11954,194,31
25.795293,-83.088492,2026-09-10 10:26:23.911941376,13,3675,217,80
25.598279,-83.101092,2026-09-10 10:26:23.911921408,13,7923,270,76
25.735342,-83.067864,2026-09-10 10:26:23.935616768,13,13234,266,16
24.853278,-81.819441,2026-09-10 10:26:24.118800640,13,9287,244,30
25.71137,-82.995867,2026-09-10 10:26:24.578513408,13,5969,179,31
35.954426,-96.880378,2026-09-10 10:26:25.931585792,13,10133,85,35
36.485782,-98.092964,2026-09-10 10:26:26.485946624,13,8638,183,70
36.474456,-98.073177,2026-09-10 10:26:26.567017728,13,8975,182,45
28.710157,-90.81588,2026-09-10 10:26:26.666213376,13,5916,236,40
28.837372,-90.982529,2026-09-10 10:26:27.416293376,13,13292,231,33
28.781476,-90.952632,2026-09-10 10:26:27.641192448,13,6702,180,118
28.951966,-90.908265,2026-09-10 10:26:27.641260032,13,10281,236,101
39.118593,-95.470209,2026-09-10 10:26:29.402071296,13,8044,221,82
39.118287,-95.490968,2026-09-10 10:26:29.402061568,13,7571,142,85
22.183277,-105.611947,2026-09-10 10:26:29.733464064,13,9546,268,54
27.987141,-96.436904,2026-09-10 10:26:29.826407168,13,12183,212,41
36.698621,-96.028887,2026-09-10 10:26:30.575485184,13,9535,164,40
23.46892,-82.457259,2026-09-10 10:26:31.461135104,13,7030,233,54
27.896319,-96.638442,2026-09-10 10:26:32.796354560,13,11756,122,42
37.66213,-98.751758,2026-09-10 10:26:33.652508928,13,9556,100,47
37.678535,-98.751641,2026-09-10 10:26:33.652510208,13,3925,153,34
37.686643,-98.749383,2026-09-10 10:26:33.652513536,13,8454,182,20
37.660526,-98.751171,2026-09-10 10:26:33.940019712,13,7901,100,45
37.685529,-98.739895,2026-09-10 10:26:33.940023808,13,10881,167,31
17.15443,-61.589201,2026-09-10 10:26:34.163438592,13,12368,192,37
29.09822,-90.686224,2026-09-10 10:26:34.605489152,13,8203,177,76
29.090923,-90.676318,2026-09-10 10:26:34.738834688,13,8807,230,67
29.247398,-90.640277,2026-09-10 10:26:34.738946560,13,8551,247,57
28.687151,-90.478788,2026-09-10 10:26:34.869037312,13,14100,257,44
29.13033,-90.760572,2026-09-10 10:26:35.697452800,13,14031,236,26
22.348316,-106.659115,2026-09-10 10:26:36.158018048,13,3155,247,59
28.990239,-90.992875,2026-09-10 10:26:36.449415680,13,14984,179,53
29.066175,-90.901917,2026-09-10 10:26:36.449454080,13,8646,181,46
17.879059,-88.720386,2026-09-10 10:26:37.602567936,13,4634,250,125
25.329199,-81.888591,2026-09-10 10:26:38.684820480,13,10006,239,111
25.319284,-81.843063,2026-09-10 10:26:38.763316224,13,14007,269,24
25.303996,-81.848804,2026-09-10 10:26:38.790851584,13,5954,265,24
24.218885,-108.395089,2026-09-10 10:26:38.920457472,13,6957,269,32
24.120972,-108.394883,2026-09-10 10:26:38.978220544,13,10757,203,34
38.045684,-99.521559,2026-09-10 10:26:40.666960384,13,10413,109,33
38.069621,-99.518434,2026-09-10 10:26:40.666959616,13,13595,163,25
30.173067,-90.265751,2026-09-10 10:26:40.704384000,13,13857,250,26
28.74353,-90.841185,2026-09-10 10:26:42.460907008,13,4232,238,71
28.723196,-90.796618,2026-09-10 10:26:42.460952064,13,9414,214,50
26.658002,-83.985728,2026-09-10 10:26:43.719995392,13,5884,197,102
26.711146,-84.018391,2026-09-10 10:26:43.884383232,13,6988,258,36
28.723454,-90.908341,2026-09-10 10:26:44.130982912,13,5841,186,135
39.094137,-95.485936,2026-09-10 10:26:44.300598016,13,9632,140,28
29.084901,-90.822334,2026-09-10 10:26:44.563174912,13,3719,268,24
28.485286,-90.870142,2026-09-10 10:26:44.756098304,13,8700,261,45
28.840976,-90.890561,2026-09-10 10:26:44.756222976,13,3913,258,32
25.828808,-83.096061,2026-09-10 10:26:47.166938112,13,9924,265,71
25.567332,-83.053333,2026-09-10 10:26:47.264484096,13,9155,224,38
25.805934,-83.092402,2026-09-10 10:26:47.486710016,13,6993,266,42
37.225813,-97.035022,2026-09-10 10:26:48.251457280,13,14842,143,26
25.483115,-80.052023,2026-09-10 10:26:48.814724352,13,11119,231,107
24.010947,-82.618136,2026-09-10 10:26:49.99356672,13,6125,257,106
30.614081,-104.401327,2026-09-10 10:26:49.419750400,13,9645,185,49
30.66544,-104.317888,2026-09-10 10:26:49.474385920,13,5661,193,52
30.752294,-104.316243,2026-09-10 10:26:49.474472448,13,9941,239,76
37.567658,-102.89519,2026-09-10 10:26:50.611562240,13,10138,94,19
37.509429,-96.543135,2026-09-10 10:26:51.110575616,13,8393,142,99
37.541886,-96.515444,2026-09-10 10:26:51.110592000,13,8731,155,93
37.508361,-96.518569,2026-09-10 10:26:51.158907136,13,8648,156,44
29.501223,-89.073729,2026-09-10 10:26:51.621866240,13,8164,224,72
36.781292,-96.711862,2026-09-10 10:26:52.65407488,13,10884,113,107
36.815889,-96.731173,2026-09-10 10:26:52.65412608,13,9353,145,94
35.938969,-97.635702,2026-09-10 10:26:53.466034432,13,13782,159,62
29.843282,-89.444969,2026-09-10 10:26:53.945037056,13,3504,221,27
38.117802,-95.594776,2026-09-10 10:26:54.692015104,13,8574,152,41
38.16032,-95.717542,2026-09-10 10:26:54.692049664,13,6194,196,42
28.558841,-90.814435,2026-09-10 10:26:55.487392000,13,11128,181,66
28.581223,-90.831419,2026-09-10 10:26:55.487396352,13,10415,177,96
28.558269,-90.789165,2026-09-10 10:26:55.689602304,13,3477,202,70
25.53763,-85.676032,2026-09-10 10:26:55.996695808,13,4980,186,68
37.649425,-86.135752,2026-09-10 10:26:56.316215040,13,14382,109,94
38.022478,-85.961295,2026-09-10 10:26:56.316324096,13,10242,199,83
37.712107,-86.088796,2026-09-10 10:26:56.316230144,13,11716,154,73
37.772639,-86.161564,2026-09-10 10:26:56.316240896,13,6664,159,61
19.184127,-86.567866,2026-09-10 10:26:56.739968000,13,5359,268,26
38.151384,-95.097473,2026-09-10 10:26:58.596264448,13,7802,137,25
21.909456,-106.771935,2026-09-10 10:27:00.846638080,13,7546,248,42
36.474354,-97.876709,2026-09-10 10:27:01.765158656,13,13074,159,47
36.32372,-97.983443,2026-09-10 10:27:01.776239872,13,8996,201,30
36.4736,-98.020997,2026-09-10 10:27:01.776288512,13,10180,179,25
37.25217,-94.741008,2026-09-10 10:27:01.965261568,13,7159,163,68
37.244852,-94.732322,2026-09-10 10:27:01.965266944,13,4734,175,55
37.276043,-94.736904,2026-09-10 10:27:02.35814656,13,6668,163,68
37.30226,-94.698741,2026-09-10 10:27:02.35830528,13,3150,265,58
37.217767,-94.479645,2026-09-10 10:27:02.35832832,13,7496,232,23
37.259017,-94.726125,2026-09-10 10:27:02.182048256,13,7949,162,59
37.25635,-94.721201,2026-09-10 10:27:02.351730176,13,8457,169,40
37.311186,-94.580231,2026-09-10 10:27:02.351776512,13,13894,152,39
28.758579,-90.852457,2026-09-10 10:27:02.436500736,13,7503,186,65
28.875751,-90.838313,2026-09-10 10:27:02.436595712,13,8567,238,20
37.43395,-99.511986,2026-09-10 10:27:02.798787840,13,14495,75,39
37.478974,-99.55253,2026-09-10 10:27:02.798806272,13,4628,154,72
36.874296,-97.630294,2026-09-10 10:27:03.470520832,13,12794,157,36
37.134454,-95.9499,2026-09-10 10:27:04.36303104,13,11769,157,60
29.346653,-109.37065,2026-09-10 10:27:04.542017024,13,6099,244,40
28.883782,-90.741001,2026-09-10 10:27:04.938550784,13,8733,258,53
27.999159,-96.435152,2026-09-10 10:27:05.443799808,13,8146,235,119
27.950232,-96.430063,2026-09-10 10:27:05.539494144,13,13460,201,26
22.853163,-105.288554,2026-09-10 10:27:06.30468096,13,5072,242,43
21.782155,-107.509062,2026-09-10 10:27:06.216633600,13,3268,251,52
22.150614,-105.601286,2026-09-10 10:27:06.253470720,13,9950,246,30
22.12693,-105.58168,2026-09-10 10:27:06.339133184,13,7423,246,36
25.774462,-83.089476,2026-09-10 10:27:06.787036160,13,8585,266,45
26.143464,-78.7768,2026-09-10 10:27:07.41541632,13,4821,267,30
25.890471,-84.456154,2026-09-10 10:27:08.37841664,13,4917,262,90
25.847493,-84.413277,2026-09-10 10:27:08.124877056,13,6317,263,56
25.880787,-84.422124,2026-09-10 10:27:08.228373760,13,11598,263,14
25.874327,-84.430162,2026-09-10 10:27:08.299697664,13,5699,263,40
29.85201,-88.773987,2026-09-10 10:27:09.417675776,13,7946,125,68
29.866473,-88.707605,2026-09-10 10:27:09.424376064,13,4986,162,56
29.822246,-88.827092,2026-09-10 10:27:09.645571072,13,11794,158,37
29.983,-88.727679,2026-09-10 10:27:09.645642752,13,5774,251,22
27.237863,-95.725237,2026-09-10 10:27:10.625593344,13,7975,228,104
27.224285,-95.689835,2026-09-10 10:27:10.625596160,13,10709,207,97
27.138869,-95.839059,2026-09-10 10:27:10.685854976,13,4542,243,35
29.795899,-89.432483,2026-09-10 10:27:12.32126976,13,6351,166,77
29.80568,-89.476245,2026-09-10 10:27:12.184563712,13,7694,169,46
29.146373,-90.628368,2026-09-10 10:27:12.831555328,13,12244,200,44
27.614153,-95.813842,2026-09-10 10:27:13.183145216,13,8102,191,43
22.428348,-106.674427,2026-09-10 10:27:15.323274240,13,4142,268,24
23.770735,-78.881015,2026-09-10 10:27:16.194289408,13,10057,243,73
23.767942,-78.926425,2026-09-10 10:27:16.307159808,13,3745,243,49
29.848777,-89.001219,2026-09-10 10:27:17.466170112,13,13817,261,22
26.471366,-94.825248,2026-09-10 10:27:17.989123840,13,12642,253,36
26.383799,-94.837791,2026-09-10 10:27:18.48392960,13,9750,212,42
25.438833,-81.960689,2026-09-10 10:27:18.508463616,13,5773,236,84
28.326337,-90.749479,2026-09-10 10:27:18.698283520,13,12244,192,86
28.384357,-90.734857,2026-09-10 10:27:18.698361344,13,10545,252,81
28.422819,-90.685015,2026-09-10 10:27:18.775243008,13,8588,259,24
28.217586,-90.770366,2026-09-10 10:27:18.938366208,13,14552,240,71
28.109592,-90.803231,2026-09-10 10:27:19.70606336,13,13563,247,49
39.056851,-95.505707,2026-09-10 10:27:19.506659072,13,13789,147,63
39.214028,-95.601768,2026-09-10 10:27:19.807134976,13,11726,198,31
25.772885,-83.074689,2026-09-10 10:27:20.518101760,13,8197,207,88
22.082836,-97.311688,2026-09-10 10:27:20.761522944,13,6639,242,89
42.704841,10.128452,2026-09-10 10:25:00.731222528,11,13639,188,220
42.709649,10.123119,2026-09-10 10:25:00.731228672,11,11122,154,335
42.694776,10.126356,2026-09-10 10:25:00.858448640,11,9615,175,134
42.861773,10.332534,2026-09-10 10:25:05.51951616,11,5019,226,187
42.859808,10.247984,2026-09-10 10:25:05.72598016,11,5843,90,206
44.051363,15.479231,2026-09-10 10:25:08.862270976,11,8044,198,23
42.676755,10.154959,2026-09-10 10:25:09.768765440,11,9278,198,134
42.490352,10.331718,2026-09-10 10:25:09.911910656,11,11877,255,41
42.679132,10.166914,2026-09-10 10:25:10.75888384,11,8111,146,41
44.043527,15.510403,2026-09-10 10:25:10.115228928,11,8900,130,31
42.559248,10.332721,2026-09-10 10:25:10.203837952,11,12491,171,149
42.544977,10.335531,2026-09-10 10:25:10.203833600,11,11581,138,109
42.766806,10.063404,2026-09-10 10:25:10.443265280,11,11399,95,22
41.537626,12.579284,2026-09-10 10:25:11.471662592,11,6386,148,161
42.854842,10.200725,2026-09-10 10:25:12.14795776,11,13674,198,36
28.964394,-91.226671,2026-09-10 10:25:12.369008896,11,11477,190,29
38.372034,6.352681,2026-09-10 10:25:13.254917120,11,14425,252,114
38.294257,6.412128,2026-09-10 10:25:13.254890240,11,7895,260,101
38.242476,6.466638,2026-09-10 10:25:13.254876672,11,7855,245,88
25.804679,-83.813202,2026-09-10 10:25:15.37166848,11,5332,222,45
29.313229,-110.538296,2026-09-10 10:25:15.326984704,11,7269,250,64
36.508524,-96.310469,2026-09-10 10:25:16.927627264,11,8958,147,245
42.773582,10.098127,2026-09-10 10:25:18.386702848,11,9446,168,74
42.800245,10.121226,2026-09-10 10:25:18.386731776,11,12717,244,62
42.829722,10.205279,2026-09-10 10:25:19.547250944,11,13779,218,25
44.079017,15.380114,2026-09-10 10:25:19.692307968,11,6660,237,39
42.597926,10.327054,2026-09-10 10:25:22.764651264,11,10214,178,370
42.830568,10.14845,2026-09-10 10:25:25.372125440,11,8845,240,58
42.805401,10.142309,2026-09-10 10:25:25.372163072,11,8809,160,62
42.785572,10.148131,2026-09-10 10:25:25.372158720,11,14079,158,38
43.506418,10.472229,2026-09-10 10:25:26.1869312,11,7477,219,111
43.492677,10.52667,2026-09-10 10:25:26.1861632,11,8318,225,233
43.576581,10.467475,2026-09-10 10:25:26.1882368,11,9300,207,133
38.269917,6.418125,2026-09-10 10:25:27.180935936,11,8462,211,51
25.525596,-85.642987,2026-09-10 10:25:27.293327360,11,10642,223,56
42.584874,10.188603,2026-09-10 10:25:27.621881344,11,12383,172,28
42.64436,10.226888,2026-09-10 10:25:29.317049856,11,5735,193,80
42.654196,10.250514,2026-09-10 10:25:29.317051392,11,10358,136,101
42.848502,10.287297,2026-09-10 10:25:32.45648384,11,14171,164,273
42.899896,10.261796,2026-09-10 10:25:32.45668864,11,11200,221,255
42.84864,10.303878,2026-09-10 10:25:32.45650944,11,8643,133,238
42.894681,10.320991,2026-09-10 10:25:32.45670912,11,6560,218,222
42.721304,10.189494,2026-09-10 10:25:32.845388032,11,4448,205,148
44.46628,15.434982,2026-09-10 10:25:38.605726976,11,9016,252,54
43.912025,15.355821,2026-09-10 10:25:39.770839040,11,10874,105,161
43.928056,15.350014,2026-09-10 10:25:39.923181568,11,4972,229,209
44.233955,15.471444,2026-09-10 10:25:42.77828096,11,13225,142,28
41.525483,12.616398,2026-09-10 10:25:47.338249984,11,6298,147,118
41.625437,12.733463,2026-09-10 10:25:47.338303232,11,13196,186,35
44.103017,15.46735,2026-09-10 10:25:47.672503808,11,12589,227,59
42.537329,10.148707,2026-09-10 10:25:47.984749824,11,14803,232,54
42.6772,10.20117,2026-09-10 10:25:47.984798208,11,11546,238,92
42.707752,10.179228,2026-09-10 10:25:47.984806400,11,9972,253,79
42.675924,10.179744,2026-09-10 10:25:47.984788736,11,4608,218,63
42.775074,10.137492,2026-09-10 10:25:49.132800256,11,7995,173,131
42.695192,10.140709,2026-09-10 10:25:49.534386432,11,7456,264,108
42.720846,10.138031,2026-09-10 10:25:51.444538112,11,4058,162,178
42.693841,10.143196,2026-09-10 10:25:51.444538880,11,4343,240,252
42.741401,10.129898,2026-09-10 10:25:51.444556288,11,6302,220,237
42.720526,10.121972,2026-09-10 10:25:56.360409344,11,4855,210,121
42.717931,10.132792,2026-09-10 10:25:56.360414976,11,8666,210,125
38.422529,6.400075,2026-09-10 10:25:58.310601728,11,5499,229,53
45.355214,9.99801,2026-09-10 10:26:01.693647616,11,7427,94,236
45.283215,9.611059,2026-09-10 10:26:02.176372224,11,12101,55,304
42.878762,10.271826,2026-09-10 10:26:05.707099904,11,5201,197,27
42.76112,10.300873,2026-09-10 10:26:05.707072000,11,5421,222,28
42.858797,10.254133,2026-09-10 10:26:09.590988032,11,6044,229,55
42.796664,10.359686,2026-09-10 10:26:09.590946816,11,11578,253,116
42.878973,10.248867,2026-09-10 10:26:09.590989056,11,4024,248,100
42.865146,10.231945,2026-09-10 10:26:09.590983680,11,10061,188,87
42.833399,10.264523,2026-09-10 10:26:09.625027584,11,5690,231,108
42.829246,10.225768,2026-09-10 10:26:09.625032960,11,11476,188,89
42.866055,10.259275,2026-09-10 10:26:09.625089280,11,6307,234,76
42.882803,10.260531,2026-09-10 10:26:09.625085184,11,7895,176,62
42.864507,10.247938,2026-09-10 10:26:09.625079296,11,6425,195,45
42.887352,10.268534,2026-09-10 10:26:09.625090304,11,6577,186,32
42.711897,10.096598,2026-09-10 10:26:09.869506048,11,7507,243,63
42.908278,10.284595,2026-09-10 10:26:09.869579520,11,10678,264,83
42.753766,10.112616,2026-09-10 10:26:09.869553152,11,5773,220,69
42.730099,10.117107,2026-09-10 10:26:09.869546496,11,4913,197,35
42.709333,10.114957,2026-09-10 10:26:09.869536256,11,7586,159,22
42.713625,10.152323,2026-09-10 10:26:11.438049536,11,3321,259,127
41.56583,12.682723,2026-09-10 10:26:12.342177536,11,9110,193,47
43.926218,15.397886,2026-09-10 10:26:16.396752128,11,5241,228,75
43.958718,15.391557,2026-09-10 10:26:16.396765440,11,4159,242,159
43.90838,15.411045,2026-09-10 10:26:16.396748288,11,7509,79,145
43.935522,15.399357,2026-09-10 10:26:16.396761600,11,7781,161,126
42.679515,10.110456,2026-09-10 10:26:16.990351872,11,11740,174,81
42.844027,10.008591,2026-09-10 10:26:18.271444480,11,13734,147,33
42.533504,10.254376,2026-09-10 10:26:18.900678656,11,8308,236,39
42.700275,10.154077,2026-09-10 10:26:19.772025600,11,9032,94,145
42.75493,10.148035,2026-09-10 10:26:22.664622080,11,7161,232,86
42.746651,10.145576,2026-09-10 10:26:22.664626432,11,4754,220,164
42.738032,10.161437,2026-09-10 10:26:22.664623616,11,10174,224,149
42.733178,10.152165,2026-09-10 10:26:22.664656128,11,6378,180,74
42.630513,10.207124,2026-09-10 10:26:24.152007424,11,6148,173,85
42.78209,10.137642,2026-09-10 10:26:27.112991488,11,7996,167,343
42.788846,10.146359,2026-09-10 10:26:27.343026688,11,8323,154,140
42.633674,10.260043,2026-09-10 10:26:29.8658688,11,5397,216,52
42.621597,10.096586,2026-09-10 10:26:31.786868224,11,6931,232,150
42.70198,10.084644,2026-09-10 10:26:34.320701440,11,3362,198,187
42.970817,9.981601,2026-09-10 10:26:34.320809984,11,6437,261,281
42.737672,10.098769,2026-09-10 10:26:34.383766528,11,3070,239,214
42.729085,10.09062,2026-09-10 10:26:34.383767552,11,5655,212,178
44.216617,15.484574,2026-09-10 10:26:35.143701248,11,14933,151,22
38.270715,6.544144,2026-09-10 10:26:35.871045888,11,9858,181,57
42.818693,10.248543,2026-09-10 10:26:36.916630784,11,7064,256,130
42.688745,10.247489,2026-09-10 10:26:36.916606208,11,12972,233,125
42.719136,10.220831,2026-09-10 10:26:36.916612608,11,7280,212,110
18.051489,-88.729573,2026-09-10 10:26:37.602676224,11,6188,269,59
41.557885,12.629242,2026-09-10 10:26:39.494943488,11,11837,114,75
41.586228,12.625894,2026-09-10 10:26:39.494995968,11,9518,187,57
41.573109,12.597961,2026-09-10 10:26:39.494995200,11,8029,170,43
42.675765,10.202289,2026-09-10 10:26:41.399610880,11,6160,198,116
42.659469,10.208085,2026-09-10 10:26:41.399607040,11,6631,238,272
42.648873,10.21559,2026-09-10 10:26:41.399605760,11,9864,221,253
42.661384,10.224319,2026-09-10 10:26:41.399612672,11,4597,254,231
42.666454,10.207079,2026-09-10 10:26:41.399617280,11,7065,233,186
42.679948,10.214105,2026-09-10 10:26:41.735207680,11,3917,260,116
42.63291,10.225002,2026-09-10 10:26:41.735196672,11,6068,137,145
37.99042,6.37691,2026-09-10 10:26:42.183718912,11,8523,263,68
38.123358,6.422513,2026-09-10 10:26:42.183773696,11,9742,193,69
43.830422,10.225029,2026-09-10 10:26:44.192839936,11,8222,132,30
42.691447,10.096962,2026-09-10 10:26:45.212054784,11,12785,243,43
43.072166,10.222209,2026-09-10 10:26:45.212175360,11,13493,262,64
42.772598,10.134425,2026-09-10 10:26:47.854302720,11,3470,241,198
42.799017,10.080725,2026-09-10 10:26:47.854317568,11,9366,134,177
41.582339,12.578694,2026-09-10 10:26:51.288759296,11,12281,182,35
41.613932,12.574164,2026-09-10 10:26:51.288769536,11,6046,252,50
43.918328,15.383832,2026-09-10 10:26:52.142352128,11,8237,245,59
43.93836,15.400352,2026-09-10 10:26:52.142360064,11,5485,193,67
42.975315,10.143855,2026-09-10 10:26:53.434756096,11,14867,251,31
42.731849,10.306404,2026-09-10 10:26:53.536556800,11,5994,226,40
42.699511,10.273887,2026-09-10 10:26:53.536552192,11,4710,199,38
38.355303,6.301291,2026-09-10 10:26:54.436137216,11,10956,206,56
42.755758,10.261718,2026-09-10 10:26:54.780976384,11,7391,225,75
42.692017,10.273873,2026-09-10 10:26:54.781007872,11,10675,246,62
28.566792,-90.813424,2026-09-10 10:26:55.487399424,11,9890,189,42
28.627515,-90.800922,2026-09-10 10:26:55.487472896,11,7477,235,29
43.951525,15.443771,2026-09-10 10:26:56.629610496,11,7171,232,27
44.437699,15.508628,2026-09-10 10:26:59.219279104,11,14159,223,68
42.813039,10.218335,2026-09-10 10:26:59.736562176,11,6962,198,23
42.726513,10.140695,2026-09-10 10:26:59.797832192,11,9673,187,105
43.921757,15.399664,2026-09-10 10:27:04.748064768,11,7780,100,253
43.917742,15.408906,2026-09-10 10:27:04.872870400,11,10534,105,203
42.734453,10.147943,2026-09-10 10:27:05.426788096,11,12700,173,193
44.233019,15.782513,2026-09-10 10:27:06.20628736,11,9462,267,50
38.325825,6.424766,2026-09-10 10:27:06.141198336,11,10410,200,33
38.454564,6.381852,2026-09-10 10:27:06.141248256,11,12292,239,23
42.681888,10.245416,2026-09-10 10:27:06.858659584,11,9197,170,50
42.650517,10.219267,2026-09-10 10:27:06.858657024,11,4154,190,42
42.679499,10.233324,2026-09-10 10:27:06.858712064,11,9177,157,27
45.592545,10.388162,2026-09-10 10:27:09.259516928,11,8780,160,123
45.587001,10.384676,2026-09-10 10:27:09.259523584,11,8256,84,246
42.801756,10.134695,2026-09-10 10:27:11.314745344,11,8545,191,161
42.68198,10.17089,2026-09-10 10:27:12.417394176,11,7775,94,200
42.7565,10.141013,2026-09-10 10:27:13.516594432,11,3593,256,163
42.759048,10.117418,2026-09-10 10:27:13.516597760,11,5436,233,216
42.732085,10.155415,2026-09-10 10:27:13.516590848,11,8642,135,202
42.741622,10.173795,2026-09-10 10:27:14.263999744,11,7449,220,92
42.736625,10.185814,2026-09-10 10:27:14.264003840,11,11766,218,130
42.976685,10.179362,2026-09-10 10:27:15.306895872,11,11151,244,31
42.694333,10.159221,2026-09-10 10:27:15.324870912,11,7598,176,57
43.949551,15.391166,2026-09-10 10:27:19.251030016,11,7363,232,88
43.98366,15.344947,2026-09-10 10:27:19.251042304,11,8234,244,76
43.938345,15.36935,2026-09-10 10:27:19.251026432,11,10333,175,63
43.987137,15.493114,2026-09-10 10:27:19.251070976,11,14083,164,52
42.613151,10.317894,2026-09-10 10:27:21.198664960,11,8759,227,29
42.836528,10.531166,2026-09-10 10:27:21.198774016,11,10491,220,38
42.714917,10.124596,2026-09-10 10:25:00.731225088,12,11648,187,219
42.709649,10.123119,2026-09-10 10:25:00.731228672,12,11122,154,335
42.866167,10.328729,2026-09-10 10:25:05.51952384,12,7658,182,190
42.859808,10.247984,2026-09-10 10:25:05.72598016,12,5843,90,206
44.406492,15.58277,2026-09-10 10:25:08.712815104,12,9387,163,106
42.689572,10.158618,2026-09-10 10:25:10.31136000,12,3965,170,46
42.682302,10.16009,2026-09-10 10:25:10.75887872,12,5544,94,131
42.70528,10.14682,2026-09-10 10:25:10.75901440,12,8998,211,108
42.719072,10.164674,2026-09-10 10:25:10.75949056,12,11416,236,62
44.043527,15.510403,2026-09-10 10:25:10.115228928,12,8900,127,33
42.559248,10.332721,2026-09-10 10:25:10.203837952,12,12491,171,148
42.544977,10.335531,2026-09-10 10:25:10.203833600,12,11581,138,108
42.732912,10.040953,2026-09-10 10:25:10.443251456,12,13961,188,20
41.574427,12.561616,2026-09-10 10:25:11.555056640,12,6476,231,192
41.572323,12.562257,2026-09-10 10:25:11.555062528,12,3046,265,226
42.866056,10.201466,2026-09-10 10:25:12.14797312,12,12383,198,39
28.964394,-91.226671,2026-09-10 10:25:12.369008896,12,11477,190,42
38.372034,6.352681,2026-09-10 10:25:13.254917120,12,14425,252,114
38.294257,6.412128,2026-09-10 10:25:13.254890240,12,7895,260,101
38.242476,6.466638,2026-09-10 10:25:13.254876672,12,7855,245,88
42.995389,10.027766,2026-09-10 10:25:14.974717696,12,14504,243,31
25.804679,-83.813202,2026-09-10 10:25:15.37166848,12,5332,222,43
29.313229,-110.538296,2026-09-10 10:25:15.326984704,12,7269,250,64
36.508524,-96.310469,2026-09-10 10:25:16.927627264,12,8958,147,244
42.792266,10.120929,2026-09-10 10:25:18.179909632,12,5320,167,64
42.829722,10.205279,2026-09-10 10:25:19.547250944,12,13779,218,25
42.7837,10.152777,2026-09-10 10:25:25.372105728,12,9399,155,128
42.774404,10.141621,2026-09-10 10:25:25.372111360,12,11133,165,58
42.744801,10.093116,2026-09-10 10:25:25.372139008,12,10909,146,31
43.506418,10.472229,2026-09-10 10:25:26.1869312,12,7477,219,111
43.492677,10.52667,2026-09-10 10:25:26.1861632,12,8318,225,233
43.798755,10.577301,2026-09-10 10:25:26.1962496,12,13771,238,220
43.511822,10.52703,2026-09-10 10:25:26.130266880,12,8673,239,92
38.051378,6.421096,2026-09-10 10:25:27.180855296,12,5938,246,61
38.261282,6.422808,2026-09-10 10:25:27.180930048,12,9529,191,49
25.525596,-85.642987,2026-09-10 10:25:27.293327360,12,10642,223,56
42.584874,10.188603,2026-09-10 10:25:27.621881344,12,12383,172,28
42.64436,10.226888,2026-09-10 10:25:29.317049856,12,5735,193,80
42.654196,10.250514,2026-09-10 10:25:29.317051392,12,10358,136,101
42.848502,10.287297,2026-09-10 10:25:32.45648384,12,14171,164,273
42.899896,10.261796,2026-09-10 10:25:32.45668864,12,11200,221,255
42.84864,10.303878,2026-09-10 10:25:32.45650944,12,8643,133,238
42.894681,10.320991,2026-09-10 10:25:32.45670912,12,6560,218,222
42.740788,10.125813,2026-09-10 10:25:36.679966720,12,9638,248,35
43.915415,15.353126,2026-09-10 10:25:39.770840576,12,9020,105,159
43.928056,15.350014,2026-09-10 10:25:39.923181568,12,4972,229,158
44.233955,15.471444,2026-09-10 10:25:42.77828096,12,13225,142,28
41.525483,12.616398,2026-09-10 10:25:47.338249984,12,6298,147,116
41.625437,12.733463,2026-09-10 10:25:47.338303232,12,13196,201,34
44.103017,15.46735,2026-09-10 10:25:47.672503808,12,12589,227,60
42.537329,10.148707,2026-09-10 10:25:47.984749824,12,14803,232,64
42.634685,10.287152,2026-09-10 10:25:47.984755200,12,14323,160,97
42.686648,10.194931,2026-09-10 10:25:47.984796416,12,8076,253,83
42.686528,10.183695,2026-09-10 10:25:47.984795904,12,4726,266,69
42.681957,10.188849,2026-09-10 10:25:47.984788480,12,6771,218,53
42.762453,10.116033,2026-09-10 10:25:49.132812544,12,10944,211,115
42.690203,10.145533,2026-09-10 10:25:49.534379264,12,5077,264,113
42.694916,10.130824,2026-09-10 10:25:51.444539392,12,9994,163,176
42.715835,10.136838,2026-09-10 10:25:51.444544256,12,5700,239,226
42.693724,10.139039,2026-09-10 10:25:51.444539648,12,7279,142,212
42.718287,10.182527,2026-09-10 10:25:52.72171776,12,8059,198,221
42.708999,10.132355,2026-09-10 10:25:56.360401920,12,12133,156,127
42.709333,10.120281,2026-09-10 10:25:56.360407552,12,6679,223,130
38.433523,6.388354,2026-09-10 10:25:58.310605568,12,5222,234,47
45.355214,9.99801,2026-09-10 10:26:01.693647616,12,7427,94,238
45.273354,9.607795,2026-09-10 10:26:02.176375552,12,7179,55,300
42.878762,10.271826,2026-09-10 10:26:05.707099904,12,5201,197,27
42.722593,10.288748,2026-09-10 10:26:05.707058944,12,7307,189,27
42.850889,10.254769,2026-09-10 10:26:09.287206912,12,10111,167,97
42.841351,10.252273,2026-09-10 10:26:09.287214592,12,11555,133,105
42.85901,10.25887,2026-09-10 10:26:09.590937856,12,5710,231,180
42.857421,10.257013,2026-09-10 10:26:09.590937856,12,5087,230,159
42.83833,10.253212,2026-09-10 10:26:09.590937856,12,11671,133,144
42.808544,10.367289,2026-09-10 10:26:09.590952192,12,7579,246,103
42.877018,10.248835,2026-09-10 10:26:09.590988544,12,5187,229,73
42.865141,10.250777,2026-09-10 10:26:09.625038080,12,6188,232,36
42.711897,10.096598,2026-09-10 10:26:09.869506048,12,7507,243,64
42.908278,10.284595,2026-09-10 10:26:09.869579520,12,10678,264,83
42.753766,10.112616,2026-09-10 10:26:09.869553152,12,5773,220,69
42.716736,10.097004,2026-09-10 10:26:09.869543936,12,10469,151,42
42.698634,10.159131,2026-09-10 10:26:11.438044928,12,8202,169,148
43.926218,15.397886,2026-09-10 10:26:16.396752128,12,5241,228,76
43.958718,15.391557,2026-09-10 10:26:16.396765440,12,4159,242,160
43.90838,15.411045,2026-09-10 10:26:16.396748288,12,7509,79,146
43.925774,15.390925,2026-09-10 10:26:16.396759552,12,6198,161,127
42.844027,10.008591,2026-09-10 10:26:18.271444480,12,13734,183,32
42.64982,10.258192,2026-09-10 10:26:18.900721664,12,7501,257,41
42.694574,10.177113,2026-09-10 10:26:19.888356864,12,9641,162,117
42.740359,10.139276,2026-09-10 10:26:19.888373248,12,4714,220,170
42.715939,10.167791,2026-09-10 10:26:22.664609536,12,12229,224,88
42.731318,10.150306,2026-09-10 10:26:22.664619520,12,3193,224,155
42.630513,10.207124,2026-09-10 10:26:24.152007424,12,6148,173,83
42.777838,10.138607,2026-09-10 10:26:27.112992256,12,5030,167,340
42.792952,10.158537,2026-09-10 10:26:27.343029248,12,5106,166,147
44.062097,15.487509,2026-09-10 10:26:28.368077056,12,12930,131,66
42.621739,10.085237,2026-09-10 10:26:31.786866944,12,6191,232,150
42.70198,10.084644,2026-09-10 10:26:34.320701440,12,3362,198,182
42.970817,9.981601,2026-09-10 10:26:34.320809984,12,6437,261,279
42.737672,10.098769,2026-09-10 10:26:34.383766528,12,3070,239,226
42.729085,10.09062,2026-09-10 10:26:34.383767552,12,5655,212,165
44.216617,15.484574,2026-09-10 10:26:35.143701248,12,14933,151,21
38.270715,6.544144,2026-09-10 10:26:35.871045888,12,9858,181,57
42.818693,10.248543,2026-09-10 10:26:36.916630784,12,7064,256,129
42.68489,10.27007,2026-09-10 10:26:36.916592384,12,10438,233,123
18.051489,-88.729573,2026-09-10 10:26:37.602676224,12,6188,269,57
41.549696,12.633984,2026-09-10 10:26:39.494943488,12,8624,125,108
41.666732,12.597081,2026-09-10 10:26:39.495028992,12,6344,200,94
41.585727,12.623623,2026-09-10 10:26:39.495000064,12,10074,187,64
41.578916,12.608509,2026-09-10 10:26:39.494994688,12,9897,170,53
41.626902,12.618802,2026-09-10 10:26:39.495014144,12,4432,237,30
42.675765,10.202289,2026-09-10 10:26:41.399610880,12,6160,198,116
42.659469,10.208085,2026-09-10 10:26:41.399607040,12,6631,238,270
42.648873,10.21559,2026-09-10 10:26:41.399605760,12,9864,221,251
42.661384,10.224319,2026-09-10 10:26:41.399612672,12,4597,254,229
42.714259,10.218204,2026-09-10 10:26:41.399631872,12,4189,263,200
42.679948,10.214105,2026-09-10 10:26:41.735207680,12,3917,260,111
42.664488,10.208158,2026-09-10 10:26:41.735203072,12,9283,215,104
37.759602,6.342569,2026-09-10 10:26:42.183633152,12,8345,247,82
42.742123,10.338599,2026-09-10 10:26:42.593931264,12,13067,182,35
43.830422,10.225029,2026-09-10 10:26:44.192839936,12,8222,132,30
42.599449,10.109904,2026-09-10 10:26:45.212018432,12,9509,172,92
42.675087,10.13532,2026-09-10 10:26:45.251967488,12,5444,136,31
42.804353,10.092295,2026-09-10 10:26:47.854318592,12,7405,200,299
42.817708,10.083316,2026-09-10 10:26:47.854324224,12,7712,187,164
42.805381,10.096111,2026-09-10 10:26:47.981888256,12,7636,159,141
42.714251,10.062022,2026-09-10 10:26:47.981896448,12,14024,136,86
42.827223,10.114003,2026-09-10 10:26:47.981932288,12,14109,207,49
42.802707,10.219797,2026-09-10 10:26:48.533456896,12,8891,171,41
42.794842,10.225128,2026-09-10 10:26:48.551504384,12,6274,134,65
42.72113,10.212002,2026-09-10 10:26:51.198993152,12,5634,162,49
43.918328,15.383832,2026-09-10 10:26:52.142352128,12,8237,245,59
43.90202,15.415209,2026-09-10 10:26:52.142349824,12,8905,139,69
42.731849,10.306404,2026-09-10 10:26:53.536556800,12,5994,226,53
38.391081,6.299941,2026-09-10 10:26:54.436146688,12,11653,191,31
42.765522,10.250037,2026-09-10 10:26:54.780988416,12,9082,185,67
42.738796,10.293403,2026-09-10 10:26:54.781024000,12,7536,201,61
42.811433,10.258006,2026-09-10 10:26:54.781044480,12,8055,235,48
28.566792,-90.813424,2026-09-10 10:26:55.487399424,12,9890,189,42
28.627515,-90.800922,2026-09-10 10:26:55.487472896,12,7477,235,28
43.951525,15.443771,2026-09-10 10:26:56.629610496,12,7171,232,26
44.384052,15.436768,2026-09-10 10:26:59.219289600,12,5090,207,48
42.819389,10.206853,2026-09-10 10:26:59.736558336,12,12384,201,24
42.724798,10.140121,2026-09-10 10:26:59.797831424,12,9805,187,107
43.921757,15.399664,2026-09-10 10:27:04.748064768,12,7780,100,224
43.917742,15.408906,2026-09-10 10:27:04.872870400,12,10534,105,200
42.734453,10.147943,2026-09-10 10:27:05.426788096,12,12700,173,194
38.325825,6.424766,2026-09-10 10:27:06.141198336,12,10410,200,33
42.694194,10.235928,2026-09-10 10:27:06.858668544,12,4258,235,52
42.687459,10.235292,2026-09-10 10:27:06.858667008,12,5562,223,48
45.592545,10.388162,2026-09-10 10:27:09.259516928,12,8780,160,122
45.587001,10.384676,2026-09-10 10:27:09.259523584,12,8256,84,245
42.80434,10.138645,2026-09-10 10:27:11.314746880,12,9689,191,179
42.68198,10.17089,2026-09-10 10:27:12.417394176,12,7775,94,227
42.7565,10.141013,2026-09-10 10:27:13.516594432,12,3593,256,163
42.776056,10.093883,2026-09-10 10:27:13.516606976,12,4281,211,216
42.745453,10.140264,2026-09-10 10:27:13.516594688,12,3260,230,202
42.705224,10.106299,2026-09-10 10:27:14.38799616,12,6518,219,163
42.678106,10.113203,2026-09-10 10:27:14.38795008,12,7158,207,150
42.976685,10.179362,2026-09-10 10:27:15.306895872,12,11151,244,31
42.694888,10.158501,2026-09-10 10:27:15.324871168,12,8055,176,58
34.20128,-41.958823,2026-09-10 10:27:15.986076160,12,14463,231,70
43.949551,15.391166,2026-09-10 10:27:19.251030016,12,7363,232,89
43.98366,15.344947,2026-09-10 10:27:19.251042304,12,8234,244,77
43.938345,15.36935,2026-09-10 10:27:19.251026432,12,10333,175,64
43.93323,15.367627,2026-09-10 10:27:19.251036416,12,13689,145,55
25.550089,-83.072149,2026-09-10 10:27:20.518076416,12,6868,228,32
42.613151,10.317894,2026-09-10 10:27:21.198664960,12,8759,227,27
42.836528,10.531166,2026-09-10 10:27:21.198774016,12,10491,220,38
43.968341,15.519786,2026-09-10 11:15:01.853078784,1,8907,180,71
43.944209,15.565963,2026-09-10 11:15:01.853067776,1,9887,152,56
43.984127,15.547621,2026-09-10 11:15:01.853134592,1,11727,171,43
44.010624,15.52764,2026-09-10 11:15:01.853142016,1,12903,134,29
25.783141,-82.994662,2026-09-10 11:15:00.588933376,13,3977,266,42
38.078503,-97.533941,2026-09-10 11:15:00.988945152,13,6042,149,34
38.062988,-97.525897,2026-09-10 11:15:00.988946944,13,10869,146,24
22.249399,-107.209141,2026-09-10 11:15:02.762608384,13,12328,248,47
29.016613,-110.414589,2026-09-10 11:15:02.917190656,13,11948,245,28
36.540568,-96.244655,2026-09-10 11:15:03.247119104,13,8920,155,91
36.557991,-96.20139,2026-09-10 11:15:03.247126016,13,9604,166,112
36.565451,-96.202059,2026-09-10 11:15:03.247134464,13,6395,186,96
36.57549,-96.184882,2026-09-10 11:15:03.561209600,13,14239,92,25
26.55745,-83.820332,2026-09-10 11:15:03.840815360,13,9779,155,68
26.580806,-83.874281,2026-09-10 11:15:03.926424832,13,4614,259,82
16.133196,-104.945329,2026-09-10 11:15:04.101172992,13,4911,267,84
39.779398,-91.234295,2026-09-10 11:15:04.231252992,13,7172,97,49
26.92015,-83.658359,2026-09-10 11:15:04.417026560,13,5156,237,61
27.078734,-83.611365,2026-09-10 11:15:04.417113088,13,10512,219,62
30.273128,-89.284584,2026-09-10 11:15:05.225843200,13,7525,216,54
30.449469,-89.238136,2026-09-10 11:15:05.225952512,13,10683,259,36
37.364243,-96.344265,2026-09-10 11:15:05.274087424,13,14960,160,25
24.71236,-85.884644,2026-09-10 11:15:05.802156288,13,11051,266,26
24.538561,-85.98903,2026-09-10 11:15:05.816736512,13,4002,269,56
22.411977,-105.571139,2026-09-10 11:15:07.285345792,13,3870,269,32
24.80092,-108.451842,2026-09-10 11:15:07.838031360,13,10575,211,86
37.460435,-102.88639,2026-09-10 11:15:10.872286208,13,7848,219,27
22.349348,-106.99961,2026-09-10 11:15:11.804544000,13,3930,232,16
25.647884,-82.9753,2026-09-10 11:15:12.118063616,13,4171,221,96
30.316417,-103.820661,2026-09-10 11:15:12.802009600,13,13750,242,34
38.511624,-84.359751,2026-09-10 11:15:13.914523648,13,7544,101,13
27.004844,-86.716284,2026-09-10 11:15:14.415736320,13,4723,246,116
26.983213,-86.71755,2026-09-10 11:15:14.415726848,13,5030,246,102
27.00571,-86.703498,2026-09-10 11:15:14.805572352,13,6762,257,49
28.388783,-80.046311,2026-09-10 11:15:14.832832256,13,6505,166,42
28.578944,-79.976929,2026-09-10 11:15:14.832946176,13,8903,210,47
26.898415,-86.595618,2026-09-10 11:15:14.998634496,13,8191,141,26
26.981987,-86.720692,2026-09-10 11:15:15.166027776,13,6303,257,58
25.834846,-83.7608,2026-09-10 11:15:16.256918016,13,12459,264,38
29.28389,-93.955829,2026-09-10 11:15:16.877971456,13,7375,254,25
22.951327,-106.622218,2026-09-10 11:15:17.815780864,13,5314,270,18
24.826,-93.307737,2026-09-10 11:15:18.388811264,13,10101,169,91
25.266239,-85.308587,2026-09-10 11:15:22.83969792,13,13713,217,45
21.947555,-107.028516,2026-09-10 11:15:22.416065536,13,5127,252,35
29.338993,-94.025214,2026-09-10 11:15:22.469175808,13,12276,224,67
30.231981,-89.27091,2026-09-10 11:15:22.599627520,13,8272,151,65
38.084998,-97.528539,2026-09-10 11:15:23.70608640,13,9794,135,25
27.717276,-95.451083,2026-09-10 11:15:23.239153920,13,11649,243,66
36.543727,-95.990824,2026-09-10 11:15:24.807105536,13,9514,140,47
36.588066,-95.993505,2026-09-10 11:15:24.807180032,13,12408,168,37
36.564576,-95.976941,2026-09-10 11:15:24.840453632,13,14597,102,23
36.600272,-96.010195,2026-09-10 11:15:24.901884672,13,14805,165,30
43.935332,15.582387,2026-09-10 11:15:01.806791424,11,14274,97,117
43.914855,15.587572,2026-09-10 11:15:01.806790912,11,5027,214,103
43.935514,15.573815,2026-09-10 11:15:01.806797824,11,5395,181,88
43.939738,15.38958,2026-09-10 11:15:04.214187520,11,13592,136,37
43.958546,15.502508,2026-09-10 11:15:04.214205440,11,12732,169,57
43.974323,15.598916,2026-09-10 11:15:04.217173248,11,10235,239,36
44.008636,15.53913,2026-09-10 11:15:04.941912576,11,5110,243,78
43.972567,15.576554,2026-09-10 11:15:04.941898240,11,7841,152,66
43.934147,15.524767,2026-09-10 11:15:06.157000704,11,7067,169,73
43.88459,15.594747,2026-09-10 11:15:06.156980480,11,7085,249,72
43.909327,15.416531,2026-09-10 11:15:06.157050112,11,14463,129,56
43.940335,15.510489,2026-09-10 11:15:06.157043200,11,10518,164,43
43.953611,15.527461,2026-09-10 11:15:06.157052416,11,5713,258,26
45.517539,10.62524,2026-09-10 11:15:06.516021504,11,8856,81,28
43.935388,15.558055,2026-09-10 11:15:06.858716160,11,14302,98,82
43.946832,15.536502,2026-09-10 11:15:06.873605632,11,8315,97,113
43.910349,15.586857,2026-09-10 11:15:06.873615360,11,8738,220,100
43.911912,15.58182,2026-09-10 11:15:06.873614336,11,5333,177,86
43.941585,15.570813,2026-09-10 11:15:06.873621760,11,8428,174,71
43.994421,15.654531,2026-09-10 11:15:06.873639168,11,12429,155,57
43.979083,15.603846,2026-09-10 11:15:06.873640704,11,13452,160,43
44.051361,15.557048,2026-09-10 11:15:07.437616384,11,10921,96,58
24.919937,-108.437579,2026-09-10 11:15:07.838123008,11,5980,249,39
43.144506,10.421505,2026-09-10 11:15:10.733519360,11,7291,221,44
43.132023,10.436213,2026-09-10 11:15:10.733529088,11,9139,214,103
43.965813,15.529593,2026-09-10 11:15:10.855676672,11,11792,132,76
58.286505,18.727663,2026-09-10 11:15:12.909719552,11,6374,211,121
38.250297,7.123951,2026-09-10 11:15:13.279157760,11,10256,236,66
38.374762,7.156133,2026-09-10 11:15:13.279243264,11,7176,216,59
38.444305,7.17677,2026-09-10 11:15:13.279266048,11,3685,227,45
44.075711,15.703388,2026-09-10 11:15:13.906598400,11,7328,146,28
41.299419,12.862661,2026-09-10 11:15:14.509921024,11,5552,218,206
41.319267,12.861602,2026-09-10 11:15:14.509934336,11,9485,262,313
44.006573,15.542145,2026-09-10 11:15:15.249844736,11,6354,99,203
43.996908,15.549152,2026-09-10 11:15:15.249846528,11,8111,175,248
44.001846,15.535115,2026-09-10 11:15:15.249842432,11,11713,211,149
44.015137,15.536118,2026-09-10 11:15:15.249853184,11,13412,92,60
43.97804,15.564364,2026-09-10 11:15:15.611123456,11,7126,145,43
38.523182,7.00972,2026-09-10 11:15:15.741690880,11,10628,204,33
38.472478,7.023176,2026-09-10 11:15:15.741666816,11,3083,266,30
38.170206,7.122793,2026-09-10 11:15:17.666912512,11,8346,249,256
38.12974,7.113534,2026-09-10 11:15:17.666899968,11,9282,237,372
38.308124,7.129201,2026-09-10 11:15:18.83254784,11,8370,223,145
38.402939,7.092803,2026-09-10 11:15:22.334474752,11,10709,227,183
38.773941,6.925778,2026-09-10 11:15:22.334617600,11,14342,246,167
38.276585,7.0389,2026-09-10 11:15:22.844164096,11,9642,198,33
43.128959,10.622372,2026-09-10 11:15:23.207471616,11,4803,215,34
43.121769,10.625125,2026-09-10 11:15:23.207469056,11,8044,224,35
43.955401,15.619993,2026-09-10 11:15:23.458957312,11,7566,201,14
43.998969,15.579862,2026-09-10 11:15:23.568456704,11,10504,216,48
43.986545,15.662395,2026-09-10 11:15:23.875587328,11,9966,164,30
43.935332,15.582387,2026-09-10 11:15:01.806791424,12,14274,97,117
43.914855,15.587572,2026-09-10 11:15:01.806790912,12,5027,214,102
43.935514,15.573815,2026-09-10 11:15:01.806797824,12,5395,181,87
42.969227,10.301599,2026-09-10 11:15:03.406220288,12,4890,194,29
43.939738,15.38958,2026-09-10 11:15:04.214187520,12,13592,136,35
43.958546,15.502508,2026-09-10 11:15:04.214205440,12,12732,169,57
44.017204,15.542017,2026-09-10 11:15:04.941915648,12,4513,230,77
43.973083,15.580986,2026-09-10 11:15:04.941899264,12,7286,152,65
43.952664,15.525183,2026-09-10 11:15:06.157006336,12,10263,169,74
43.919407,15.529126,2026-09-10 11:15:06.157004032,12,6481,177,70
43.909327,15.416531,2026-09-10 11:15:06.157050112,12,14463,129,56
43.940335,15.510489,2026-09-10 11:15:06.157043200,12,10518,164,43
43.953611,15.527461,2026-09-10 11:15:06.157052416,12,5713,258,26
45.517539,10.62524,2026-09-10 11:15:06.516021504,12,8856,81,28
43.935388,15.558055,2026-09-10 11:15:06.858716160,12,14302,98,82
43.946832,15.536502,2026-09-10 11:15:06.873605632,12,8315,97,113
43.910349,15.586857,2026-09-10 11:15:06.873615360,12,8738,220,100
43.911912,15.58182,2026-09-10 11:15:06.873614336,12,5333,177,86
43.941585,15.570813,2026-09-10 11:15:06.873621760,12,8428,174,71
43.994421,15.654531,2026-09-10 11:15:06.873639168,12,12429,155,57
43.979083,15.603846,2026-09-10 11:15:06.873640704,12,13452,160,43
44.017074,15.556129,2026-09-10 11:15:07.437620992,12,6956,98,82
44.039186,15.557633,2026-09-10 11:15:07.437612032,12,10862,211,100
24.955632,-108.427165,2026-09-10 11:15:07.838139904,12,4143,265,42
43.144506,10.421505,2026-09-10 11:15:10.733519360,12,7291,221,45
43.132023,10.436213,2026-09-10 11:15:10.733529088,12,9139,214,109
43.992463,15.546173,2026-09-10 11:15:10.855693824,12,4682,200,59
58.286505,18.727663,2026-09-10 11:15:12.909719552,12,6374,211,135
38.250297,7.123951,2026-09-10 11:15:13.279157760,12,10256,236,64
38.374762,7.156133,2026-09-10 11:15:13.279243264,12,7176,216,59
38.444305,7.17677,2026-09-10 11:15:13.279266048,12,3685,227,45
44.091573,15.690325,2026-09-10 11:15:13.906591232,12,13928,146,25
41.299419,12.862661,2026-09-10 11:15:14.509921024,12,5552,218,207
41.319267,12.861602,2026-09-10 11:15:14.509934336,12,9485,262,313
43.999753,15.519263,2026-09-10 11:15:15.249841920,12,13380,149,141
43.985611,15.550946,2026-09-10 11:15:15.249837312,12,7349,249,241
44.006814,15.545362,2026-09-10 11:15:15.249844992,12,11862,217,228
43.993171,15.545923,2026-09-10 11:15:15.249849344,12,7694,189,182
38.41911,6.952902,2026-09-10 11:15:15.741651456,12,12128,197,43
38.170206,7.122793,2026-09-10 11:15:17.666912512,12,8346,249,255
38.12974,7.113534,2026-09-10 11:15:17.666899968,12,9282,237,371
38.402939,7.092803,2026-09-10 11:15:22.334474752,12,10709,227,183
38.773941,6.925778,2026-09-10 11:15:22.334617600,12,14342,246,167
38.313312,7.123846,2026-09-10 11:15:22.844176640,12,6883,245,28
43.1221,10.617011,2026-09-10 11:15:23.207471360,12,5966,215,37
43.123431,10.633382,2026-09-10 11:15:23.207471872,12,9952,224,33
43.955401,15.619993,2026-09-10 11:15:23.458957312,12,7566,201,14
43.931354,15.589916,2026-09-10 11:15:23.568442368,12,7243,177,31
44.014588,15.646157,2026-09-10 11:15:23.875596800,12,6757,236,33
41.96764,12.426809,2026-09-10 14:30:04.990987264,1,14387,247,120
41.70082,12.487048,2026-09-10 14:30:04.990919936,1,5705,254,105
41.825864,12.517089,2026-09-10 14:30:04.990953728,1,9475,232,92
41.814332,12.545726,2026-09-10 14:30:04.991004160,1,13446,203,77
41.907881,12.532622,2026-09-10 14:30:04.991032832,1,14388,234,62
41.790293,12.468643,2026-09-10 14:30:04.990983424,1,11161,252,41
40.747439,11.865515,2026-09-10 14:30:05.24888064,1,8215,211,37
40.760276,11.882014,2026-09-10 14:30:05.24894976,1,14049,224,30
40.726496,11.959548,2026-09-10 14:30:05.85264640,1,3330,210,43
40.765848,11.920844,2026-09-10 14:30:05.85319936,1,13917,216,31
35.959277,-97.048241,2026-09-10 14:30:05.463105792,1,9793,177,37
35.780001,-97.084679,2026-09-10 14:30:05.496970240,1,13387,104,24
35.758628,-97.09259,2026-09-10 14:30:05.550011904,1,14327,104,28
40.494848,11.476632,2026-09-10 14:30:05.597738240,1,7700,255,99
40.403422,11.511979,2026-09-10 14:30:05.597715712,1,6391,228,92
40.500404,11.524756,2026-09-10 14:30:05.597748992,1,13502,205,78
40.488333,11.536807,2026-09-10 14:30:05.597774336,1,6176,248,61
40.392997,11.655112,2026-09-10 14:30:12.686208000,1,12594,232,161
40.404196,11.68116,2026-09-10 14:30:12.686221824,1,12348,190,141
40.422526,11.687489,2026-09-10 14:30:12.686231040,1,9658,238,123
40.411899,11.678049,2026-09-10 14:30:12.686228736,1,11791,227,105
40.447739,11.665911,2026-09-10 14:30:12.686269952,1,6041,261,73
40.427752,11.653638,2026-09-10 14:30:12.686265600,1,5085,265,57
41.713774,12.438058,2026-09-10 14:30:13.187308288,1,5581,129,21
40.892119,11.904036,2026-09-10 14:30:13.362477568,1,2286,214,164
40.903146,11.881173,2026-09-10 14:30:13.362484736,1,3927,221,150
40.913095,11.887721,2026-09-10 14:30:13.362487552,1,2445,182,136
40.882955,11.887288,2026-09-10 14:30:13.362481920,1,9931,126,122
40.911587,11.876497,2026-09-10 14:30:13.362489088,1,7539,214,106
40.642206,11.986106,2026-09-10 14:30:13.362416384,1,10869,267,93
40.924295,11.887401,2026-09-10 14:30:13.362529536,1,11550,263,77
40.964814,11.907391,2026-09-10 14:30:13.362536960,1,14892,227,64
41.037625,11.838775,2026-09-10 14:30:20.378100224,1,9569,219,81
41.785507,12.553104,2026-09-10 14:30:20.380640000,1,14472,262,95
41.720762,12.550732,2026-09-10 14:30:20.380660480,1,14480,172,77
40.78065,11.995157,2026-09-10 14:30:27.477789696,1,7411,184,197
40.789202,11.9794,2026-09-10 14:30:27.477796608,1,7326,225,307
40.790535,11.993766,2026-09-10 14:30:27.477798400,1,7941,253,288
40.787302,11.97771,2026-09-10 14:30:27.477796864,1,6569,130,269
40.826374,12.016037,2026-09-10 14:30:27.477813760,1,11042,221,250
40.785039,11.984025,2026-09-10 14:30:27.477797376,1,14280,177,230
40.809141,11.998973,2026-09-10 14:30:27.477798912,1,9386,192,212
40.820391,11.990532,2026-09-10 14:30:27.477809408,1,10913,225,196
40.832915,11.992486,2026-09-10 14:30:27.477846784,1,8320,238,177
40.805327,12.016208,2026-09-10 14:30:27.477834496,1,7775,256,139
40.790632,11.981473,2026-09-10 14:30:27.477804800,1,8518,217,111
40.998227,12.096364,2026-09-10 14:30:34.686288640,1,11910,196,45
40.9871,12.142201,2026-09-10 14:30:34.686316032,1,4637,197,29
41.040623,12.080278,2026-09-10 14:30:34.686340864,1,6506,265,16
40.388132,11.62945,2026-09-10 14:30:34.792723456,1,6298,179,229
40.454889,11.59412,2026-09-10 14:30:34.792750080,1,12031,251,214
40.45916,11.598734,2026-09-10 14:30:34.792752128,1,13912,189,197
40.468666,11.617089,2026-09-10 14:30:34.792758784,1,13661,186,179
40.491129,11.666021,2026-09-10 14:30:34.792764672,1,7952,245,160
40.455459,11.6243,2026-09-10 14:30:34.792742400,1,12426,205,147
40.462318,11.613466,2026-09-10 14:30:34.792751616,1,8196,246,129
40.486367,11.623568,2026-09-10 14:30:34.792795904,1,8851,264,111
40.525521,11.602368,2026-09-10 14:30:34.792813056,1,9943,257,96
40.544663,11.738497,2026-09-10 14:30:41.907769600,1,7279,265,36
40.560208,11.732743,2026-09-10 14:30:41.907772160,1,10066,177,125
40.549081,11.711479,2026-09-10 14:30:41.907777536,1,9738,177,110
40.59183,11.767661,2026-09-10 14:30:41.907789056,1,12484,236,92
40.595961,11.747745,2026-09-10 14:30:41.907816960,1,9241,221,79
40.517648,11.830999,2026-09-10 14:30:41.907784960,1,10423,243,61
40.526424,11.800738,2026-09-10 14:30:41.907790848,1,13529,222,45
40.835154,11.989686,2026-09-10 14:30:42.185086208,1,4290,219,146
40.862462,11.960551,2026-09-10 14:30:42.185099520,1,6886,260,133
40.912837,11.961327,2026-09-10 14:30:42.185119744,1,2261,254,117
40.879777,11.963089,2026-09-10 14:30:42.185108224,1,5838,238,104
40.919362,12.001838,2026-09-10 14:30:42.185127936,1,12163,233,91
40.907903,11.960637,2026-09-10 14:30:42.185148672,1,10766,244,78
40.908566,11.952391,2026-09-10 14:30:42.185149696,1,6556,213,64
24.181601,-108.103526,2026-09-10 14:30:49.226606592,1,14433,268,24
40.99344,11.997557,2026-09-10 14:30:49.267600896,1,11563,167,95
41.028804,11.974128,2026-09-10 14:30:49.267620352,1,10612,174,84
40.990206,11.943188,2026-09-10 14:30:49.267600384,1,13532,125,71
41.054532,12.023937,2026-09-10 14:30:49.267632640,1,8931,232,59
40.906751,12.114387,2026-09-10 14:30:49.267596288,1,8720,253,46
40.977827,12.00711,2026-09-10 14:30:49.267628800,1,12814,218,33
40.701804,11.774297,2026-09-10 14:30:49.447260416,1,14952,128,44
40.812439,11.890649,2026-09-10 14:30:49.447299328,1,9879,198,32
40.617495,11.811623,2026-09-10 14:30:49.476727552,1,13823,192,61
40.820825,11.769815,2026-09-10 14:30:49.476772352,1,7167,265,35
41.028873,12.136279,2026-09-10 14:30:49.654750208,1,4803,254,24
41.03191,12.115325,2026-09-10 14:30:49.654793216,1,11321,162,33
41.075928,12.104327,2026-09-10 14:30:49.654804224,1,8953,264,16
41.015277,11.955876,2026-09-10 14:30:49.740713984,1,9040,179,169
41.038935,11.954155,2026-09-10 14:30:49.740727552,1,5439,225,147
41.149635,11.987694,2026-09-10 14:30:49.740772608,1,9943,172,133
41.140288,11.975095,2026-09-10 14:30:49.740772352,1,7730,231,121
41.755198,12.598686,2026-09-10 14:30:56.794350592,1,6030,227,33
41.779007,12.610594,2026-09-10 14:30:56.794352896,1,5441,237,51
41.793756,12.630944,2026-09-10 14:30:56.794360064,1,5521,241,35
41.785916,12.625717,2026-09-10 14:30:56.794363392,1,8637,212,26
36.629679,-39.262865,2026-09-10 14:30:56.831431936,1,12830,184,46
41.961371,12.556518,2026-09-10 14:30:56.916634880,1,10769,206,18
35.96816,9.245605,2026-09-10 14:30:56.949660416,1,10943,251,24
41.943393,12.533775,2026-09-10 14:30:56.977970688,1,9944,91,216
41.033858,12.139997,2026-09-10 14:31:04.25294336,1,13442,174,140
41.039526,12.142005,2026-09-10 14:31:04.25307392,1,11925,124,118
41.039698,12.146135,2026-09-10 14:31:04.25306880,1,13571,178,97
41.110361,12.158666,2026-09-10 14:31:04.25358592,1,12660,224,84
41.055873,12.189839,2026-09-10 14:31:04.25342208,1,4169,263,68
41.106839,12.149263,2026-09-10 14:31:04.25362176,1,7235,226,55
41.078588,12.152122,2026-09-10 14:31:04.25360128,1,9547,237,24
41.044939,12.154518,2026-09-10 14:31:04.57947904,1,7313,124,52
41.084912,12.156823,2026-09-10 14:31:04.58000896,1,6698,188,38
41.068346,12.193526,2026-09-10 14:31:04.95261696,1,5842,218,67
41.118127,12.172085,2026-09-10 14:31:04.95320576,1,7830,211,53
40.925447,11.964701,2026-09-10 14:31:04.100399104,1,5516,258,81
40.949111,11.994342,2026-09-10 14:31:04.100410368,1,6409,213,73
40.964978,11.980138,2026-09-10 14:31:04.100448768,1,9786,199,59
40.964934,11.998053,2026-09-10 14:31:04.100449536,1,7169,226,45
40.960367,12.006004,2026-09-10 14:31:04.100451584,1,6904,266,30
40.906905,11.957559,2026-09-10 14:31:04.124636928,1,12419,126,34
40.901702,11.941127,2026-09-10 14:31:04.124630528,1,9511,126,21
41.120844,12.166076,2026-09-10 14:31:04.198690560,1,5628,262,210
41.78006,12.545704,2026-09-10 14:31:11.434339840,1,10995,161,298
41.771971,12.564693,2026-09-10 14:31:11.434344960,1,8176,264,274
41.816049,12.544462,2026-09-10 14:31:11.434368512,1,9300,262,252
41.804601,12.543712,2026-09-10 14:31:11.434360064,1,11825,202,231
41.789922,12.557666,2026-09-10 14:31:11.434352896,1,12162,161,212
41.776227,12.552558,2026-09-10 14:31:11.434355712,1,12581,116,198
41.773064,12.54235,2026-09-10 14:31:11.434350848,1,10091,116,183
41.783058,12.55572,2026-09-10 14:31:11.434357760,1,11599,205,167
41.946001,12.422702,2026-09-10 14:31:11.434425856,1,11042,260,154
41.844863,12.54708,2026-09-10 14:31:11.434403584,1,7482,264,137
41.802458,12.560233,2026-09-10 14:31:11.434397696,1,7960,264,124
41.850196,12.563564,2026-09-10 14:31:11.434403840,1,12040,250,107
41.82859,12.565565,2026-09-10 14:31:11.434407424,1,11752,220,90
41.827461,12.544235,2026-09-10 14:31:11.434403584,1,7258,234,77
41.967307,11.730149,2026-09-10 14:31:18.492196352,1,11039,116,133
42.012659,11.709097,2026-09-10 14:31:18.492218624,1,9519,227,111
41.991163,11.699491,2026-09-10 14:31:18.492216832,1,10924,158,98
42.009917,11.707697,2026-09-10 14:31:18.492262144,1,9422,205,83
42.011533,11.710744,2026-09-10 14:31:18.492255232,1,10302,208,69
41.993458,11.720066,2026-09-10 14:31:18.492248064,1,4817,245,43
42.044381,11.687634,2026-09-10 14:31:18.492269568,1,5847,257,23
24.596115,-80.040762,2026-09-10 14:31:18.530776832,1,13936,233,40
24.722016,-80.073061,2026-09-10 14:31:18.530863360,1,9250,268,27
41.977621,11.727773,2026-09-10 14:31:18.618806784,1,7672,115,147
41.988198,11.718724,2026-09-10 14:31:18.618815744,1,6260,269,120
42.31935,11.95452,2026-09-10 14:31:18.618956544,1,8767,255,106
42.033251,11.730331,2026-09-10 14:31:18.618873088,1,7446,215,93
42.020625,11.734125,2026-09-10 14:31:18.618868992,1,8150,229,80
41.985772,11.705915,2026-09-10 14:31:18.618857472,1,5136,220,68
41.795644,12.578145,2026-09-10 14:31:25.659661824,1,4326,222,235
41.782848,12.58252,2026-09-10 14:31:25.659661824,1,5927,251,240
41.771,12.578308,2026-09-10 14:31:25.659657728,1,4156,260,219
41.817811,12.5843,2026-09-10 14:31:25.659672064,1,12259,160,204
41.798335,12.572359,2026-09-10 14:31:25.659675648,1,14777,116,182
41.811612,12.588016,2026-09-10 14:31:25.659672576,1,6837,197,164
41.742939,12.434549,2026-09-10 14:31:25.659663872,1,9462,213,151
41.722336,12.508212,2026-09-10 14:31:25.659688704,1,14727,252,105
41.836523,12.570996,2026-09-10 14:31:25.659716864,1,10046,220,91
41.854957,12.552597,2026-09-10 14:31:25.659721472,1,10076,234,78
41.245167,11.900971,2026-09-10 14:31:32.723583488,1,14671,255,154
40.979569,11.953082,2026-09-10 14:31:32.723527424,1,6210,257,130
40.99078,11.962799,2026-09-10 14:31:32.723542272,1,10207,180,117
40.983394,11.952875,2026-09-10 14:31:32.723530240,1,11938,128,101
40.99489,11.977733,2026-09-10 14:31:32.723542016,1,11103,222,87
40.995414,11.963397,2026-09-10 14:31:32.723541504,1,6185,223,72
41.005342,11.957759,2026-09-10 14:31:32.723545600,1,8753,218,53
42.011371,12.235994,2026-09-10 14:31:32.748739072,1,14664,263,97
41.787184,12.378107,2026-09-10 14:31:32.748684288,1,10924,240,116
41.855165,12.390044,2026-09-10 14:31:32.748699904,1,12516,228,102
41.805637,12.387685,2026-09-10 14:31:32.748683520,1,14258,168,89
41.872841,12.435238,2026-09-10 14:31:32.748713984,1,5631,235,74
41.810174,12.410936,2026-09-10 14:31:32.748694784,1,5655,265,51
41.824768,12.408979,2026-09-10 14:31:32.748696320,1,7575,268,34
41.024177,12.130534,2026-09-10 14:31:39.901896448,1,14824,125,35
41.026589,12.123707,2026-09-10 14:31:39.901905152,1,13478,125,22
42.312447,11.603519,2026-09-10 14:31:39.983947520,1,9803,239,27
25.865484,-85.955795,2026-09-10 14:31:40.8241408,1,14508,216,22
36.453618,7.718388,2026-09-10 14:31:40.111774976,1,6867,260,16
40.88268,11.9594,2026-09-10 14:31:40.194092544,1,7857,126,50
41.732411,12.442468,2026-09-10 14:31:47.302580480,1,9111,244,169
42.100118,12.220809,2026-09-10 14:31:47.302728448,1,9629,264,169
41.747646,12.435445,2026-09-10 14:31:47.302608128,1,13024,235,156
41.723749,12.421925,2026-09-10 14:31:47.302600960,1,13067,208,143
41.708298,12.408362,2026-09-10 14:31:47.302591744,1,14446,117,129
41.714942,12.413088,2026-09-10 14:31:47.302601472,1,12945,116,113
41.745215,12.44465,2026-09-10 14:31:47.302611200,1,12122,189,98
41.899206,12.391845,2026-09-10 14:31:47.302672640,1,11932,234,73
42.005546,12.453012,2026-09-10 14:31:47.302704128,1,12974,243,60
41.769485,12.430082,2026-09-10 14:31:47.302653696,1,13251,254,45
41.836109,12.46039,2026-09-10 14:31:47.373441024,1,6208,209,23
40.877713,12.114029,2026-09-10 14:31:47.427363328,1,14509,153,56
41.041309,12.165269,2026-09-10 14:31:47.427381504,1,9536,185,43
41.067903,12.140375,2026-09-10 14:31:47.427402752,1,9389,246,29
40.802991,11.948217,2026-09-10 14:31:54.644033024,1,10110,212,48
40.752698,11.993056,2026-09-10 14:31:54.644042752,1,11386,193,33
40.902435,11.938538,2026-09-10 14:31:54.644102400,1,10161,244,16
40.509383,11.631297,2026-09-10 14:31:54.695029760,1,6572,168,82
40.419998,11.597927,2026-09-10 14:31:54.695072256,1,12156,132,64
40.601704,11.631231,2026-09-10 14:31:54.695105024,1,10157,204,51
40.585271,11.631577,2026-09-10 14:31:54.695091968,1,6863,228,32
40.46173,11.652405,2026-09-10 14:31:54.742360576,1,5611,202,42
40.508689,11.579079,2026-09-10 14:31:54.742420480,1,13444,230,29
40.898308,11.971003,2026-09-10 14:31:55.35663616,1,9290,176,100
40.925234,11.967305,2026-09-10 14:31:55.35725568,1,10485,221,76
40.916969,11.956733,2026-09-10 14:31:55.35715840,1,6508,223,62
40.976552,11.985562,2026-09-10 14:31:55.35733248,1,6090,258,40
43.445289,12.568568,2026-09-10 14:31:55.94590976,1,9495,117,77
43.446629,12.573494,2026-09-10 14:31:55.94587904,1,10450,117,72
40.898417,11.988961,2026-09-10 14:32:02.199156736,1,10575,179,241
40.914774,11.991124,2026-09-10 14:32:02.199165952,1,8308,262,228
40.929115,12.010479,2026-09-10 14:32:02.199164928,1,9232,175,203
40.927995,12.023288,2026-09-10 14:32:02.199168000,1,11568,181,190
40.792328,11.951462,2026-09-10 14:32:02.199167488,1,13631,177,171
40.918982,11.997854,2026-09-10 14:32:02.199163648,1,13521,191,151
41.039388,11.970781,2026-09-10 14:32:09.345054976,1,2766,263,43
41.020214,11.986574,2026-09-10 14:32:09.345043200,1,11840,125,30
40.472253,11.69158,2026-09-10 14:32:09.554329600,1,5846,180,77
40.478353,11.676393,2026-09-10 14:32:09.554324480,1,13149,131,76
40.503669,11.688011,2026-09-10 14:32:09.554383616,1,11829,205,60
40.555302,11.724288,2026-09-10 14:32:09.554393088,1,5715,243,33
40.5919,11.644857,2026-09-10 14:32:09.554412288,1,9509,245,20
41.742564,12.379412,2026-09-10 14:32:09.570060288,1,8830,250,64
41.76179,12.409116,2026-09-10 14:32:09.570066176,1,6445,244,56
41.816112,12.496961,2026-09-10 14:32:09.570087680,1,8791,246,45
40.524998,11.764665,2026-09-10 14:32:17.267637504,1,5709,239,44
40.574767,11.755513,2026-09-10 14:32:17.267693824,1,8203,171,30
40.911254,11.934976,2026-09-10 14:32:17.378444032,1,13879,242,19
41.078586,12.037411,2026-09-10 14:32:17.491321088,1,8017,242,32
40.859291,11.917129,2026-09-10 14:32:17.491273472,1,3121,247,20
41.288388,11.960404,2026-09-10 14:32:17.615255296,1,12452,244,94
40.972082,11.971528,2026-09-10 14:32:17.615175424,1,13198,200,82
40.929815,11.978601,2026-09-10 14:32:17.615158528,1,5079,232,69
40.89755,11.957916,2026-09-10 14:32:17.615150080,1,3084,250,55
41.110951,12.148474,2026-09-10 14:32:18.493192192,1,7555,229,28
40.359488,11.541937,2026-09-10 14:32:18.678315264,1,4376,236,87
40.225879,11.327133,2026-09-10 14:32:18.678293504,1,14670,240,66
40.421637,11.535682,2026-09-10 14:32:18.678372096,1,4094,245,54
40.890275,11.980196,2026-09-10 14:32:25.861021696,1,11492,126,40
40.931243,11.954389,2026-09-10 14:32:25.861074176,1,10219,246,23
40.779851,11.957383,2026-09-10 14:32:25.979482368,1,7500,258,79
40.766367,11.951801,2026-09-10 14:32:25.979483904,1,11316,212,65
40.789752,11.946648,2026-09-10 14:32:25.979522304,1,8937,243,52
40.776262,11.943251,2026-09-10 14:32:25.979519232,1,8077,235,39
40.870498,11.97997,2026-09-10 14:32:25.979553280,1,10751,262,24
40.787217,11.849798,2026-09-10 14:32:26.18858496,1,11914,200,21
41.141237,12.07739,2026-09-10 14:32:26.310787328,1,5136,222,34
40.669491,11.713891,2026-09-10 14:32:26.666960128,1,13236,225,75
40.858343,12.060358,2026-09-10 14:32:33.750826240,1,10802,221,67
40.785892,11.992184,2026-09-10 14:32:33.750852608,1,13339,164,53
40.808249,12.060859,2026-09-10 14:32:33.750839552,1,12722,253,40
41.008387,11.959622,2026-09-10 14:32:33.750923264,1,10277,254,25
40.879685,12.038292,2026-09-10 14:32:34.66983680,1,10173,257,51
40.876481,12.019958,2026-09-10 14:32:34.67024896,1,5719,198,33
40.91649,12.014486,2026-09-10 14:32:34.67039744,1,13104,268,17
23.372631,-107.1525,2026-09-10 14:32:34.95041792,1,12311,250,26
40.809285,11.838252,2026-09-10 14:32:34.262493440,1,3351,267,141
40.834968,11.866136,2026-09-10 14:32:34.262503936,1,3816,247,128
40.687662,11.695137,2026-09-10 14:32:34.262470144,1,13454,234,114
40.957112,11.754294,2026-09-10 14:32:34.262548224,1,13171,215,101
40.519402,11.733812,2026-09-10 14:32:41.355058688,1,8413,227,62
40.527714,11.750892,2026-09-10 14:32:41.355063808,1,10609,220,49
40.556058,11.752873,2026-09-10 14:32:41.355069440,1,3770,261,27
41.198258,12.272779,2026-09-10 14:32:41.456101376,1,3776,254,40
40.455121,11.626295,2026-09-10 14:32:41.457730048,1,10697,199,30
40.456473,11.644619,2026-09-10 14:32:41.457780224,1,9640,233,24
40.518098,11.759286,2026-09-10 14:32:41.467753984,1,8971,241,59
40.563115,11.766716,2026-09-10 14:32:41.467812096,1,14195,187,46
40.577204,11.770742,2026-09-10 14:32:41.467813888,1,4354,249,28
41.832916,12.48378,2026-09-10 14:32:41.916464640,1,2148,252,60
41.826908,12.469263,2026-09-10 14:32:41.916465152,1,3459,244,47
41.837963,12.471496,2026-09-10 14:32:41.916511232,1,4031,218,33
41.845812,12.477364,2026-09-10 14:32:41.916511232,1,3432,227,20
40.823234,11.945513,2026-09-10 14:32:42.10387200,1,8239,191,77
40.747383,11.887822,2026-09-10 14:32:42.10412544,1,13259,139,61
40.7957,11.937741,2026-09-10 14:32:42.10423808,1,5050,229,49
40.796367,11.943819,2026-09-10 14:32:42.20251392,1,7485,183,54
40.777334,11.935762,2026-09-10 14:32:42.20246016,1,3305,235,40
41.792341,12.461513,2026-09-10 14:32:42.40229888,1,7323,248,28
40.871122,11.921212,2026-09-10 14:32:49.346670336,1,6264,213,23
40.526882,11.748292,2026-09-10 14:32:49.992778240,1,8074,177,66
40.611327,11.719057,2026-09-10 14:32:49.992846336,1,3872,196,49
40.574938,11.73531,2026-09-10 14:32:49.992830464,1,10031,198,36
40.533132,11.755451,2026-09-10 14:32:50.68459264,1,8040,174,189
40.563564,11.761117,2026-09-10 14:32:50.68476416,1,3789,268,170
40.567546,11.757359,2026-09-10 14:32:50.68481024,1,4808,187,157
40.553124,11.750866,2026-09-10 14:32:50.68473344,1,6821,228,143
40.569769,11.763814,2026-09-10 14:32:50.68514304,1,6410,196,128
40.542417,11.73335,2026-09-10 14:32:50.68497152,1,5617,238,115
40.593498,11.743436,2026-09-10 14:32:50.68522240,1,11449,267,102
40.608442,11.756212,2026-09-10 14:32:50.68523520,1,4515,230,76
40.576909,11.748644,2026-09-10 14:32:50.68517376,1,4856,221,62
40.591001,11.775735,2026-09-10 14:32:50.68514304,1,8747,242,46
40.581921,11.748805,2026-09-10 14:32:50.68522496,1,5763,205,25
40.891757,11.969613,2026-09-10 14:32:50.306602240,1,6753,209,35
40.814213,11.937966,2026-09-10 14:32:50.306607360,1,11426,165,23
41.084593,12.041753,2026-09-10 14:32:50.405725440,1,5393,227,36
40.627966,11.739795,2026-09-10 14:32:50.486521600,1,6807,186,59
40.591478,11.795136,2026-09-10 14:32:50.486544896,1,5631,257,44
40.579091,11.783788,2026-09-10 14:32:50.499447808,1,14430,168,26
40.578666,11.763127,2026-09-10 14:32:50.531507200,1,4287,270,109
40.603369,11.783616,2026-09-10 14:32:50.531560960,1,11401,226,95
40.563416,11.750637,2026-09-10 14:32:50.531541504,1,8702,227,81
40.621026,11.808355,2026-09-10 14:32:50.531561472,1,4564,226,69
27.164203,-96.374704,2026-09-10 14:32:57.831804672,1,13086,250,16
40.452136,11.740163,2026-09-10 14:32:57.965895936,1,14541,189,114
40.429108,11.710087,2026-09-10 14:32:57.965890816,1,11194,186,102
40.441485,11.703514,2026-09-10 14:32:57.965901312,1,10264,193,87
40.449296,11.701354,2026-09-10 14:32:57.965902080,1,3600,222,71
41.723289,12.498083,2026-09-10 14:32:58.170226944,1,6498,177,26
40.931923,11.959625,2026-09-10 14:32:58.421094400,1,4592,215,35
41.04391,12.033989,2026-09-10 14:32:58.486263040,1,3075,210,17
27.229781,-85.783122,2026-09-10 14:32:58.551664128,1,7107,196,39
40.786999,12.01269,2026-09-10 14:33:05.654331392,1,8014,233,100
40.837098,11.996595,2026-09-10 14:33:05.654387968,1,10319,217,83
40.831592,11.999186,2026-09-10 14:33:05.654396672,1,11799,191,68
40.822908,11.998933,2026-09-10 14:33:05.654387968,1,3881,265,48
40.86357,12.001591,2026-09-10 14:33:05.654395648,1,8376,258,31
40.790882,12.005983,2026-09-10 14:33:05.765699840,1,8944,233,54
40.819743,11.995924,2026-09-10 14:33:05.765751808,1,10627,222,77
40.812233,11.971507,2026-09-10 14:33:05.765750528,1,7226,246,63
40.862697,11.997317,2026-09-10 14:33:05.765767936,1,9637,258,46
40.883633,11.990351,2026-09-10 14:33:05.765768960,1,7101,260,25
40.802697,11.991742,2026-09-10 14:33:05.899481856,1,11376,175,51
40.864859,12.025115,2026-09-10 14:33:05.899545856,1,5073,206,39
40.868971,12.020246,2026-09-10 14:33:05.899548416,1,5191,258,26
27.61965,-94.194734,2026-09-10 14:33:05.926741504,1,11120,202,29
40.80127,12.005437,2026-09-10 14:33:06.53878016,1,5707,266,96
40.765538,11.933607,2026-09-10 14:33:06.53897984,1,10179,208,82
40.825575,11.997246,2026-09-10 14:33:06.53926656,1,7431,200,68
40.855422,12.019569,2026-09-10 14:33:06.53935360,1,2546,258,48
41.703453,12.245022,2026-09-10 14:33:06.164995840,1,9522,156,35
41.776396,12.388285,2026-09-10 14:33:06.165046272,1,8069,237,22
40.575967,11.774403,2026-09-10 14:33:06.217256448,1,10769,248,39
40.57717,11.766679,2026-09-10 14:33:06.217261824,1,5631,261,34
40.967539,12.068638,2026-09-10 14:33:13.236067584,1,9931,267,148
40.942998,12.071752,2026-09-10 14:33:13.236061952,1,12555,175,135
40.959132,12.085396,2026-09-10 14:33:13.236068352,1,6744,177,117
41.176171,12.15792,2026-09-10 14:33:13.236140544,1,10377,245,102
40.937102,12.080274,2026-09-10 14:33:13.236104960,1,11317,199,89
40.908007,12.04452,2026-09-10 14:33:13.236084736,1,13712,268,57
40.541037,11.643786,2026-09-10 14:33:13.510691840,1,6416,231,82
40.542705,11.648216,2026-09-10 14:33:13.510690048,1,5828,240,69
41.008189,12.150983,2026-09-10 14:33:21.372246784,1,4948,211,21
41.974056,12.390554,2026-09-10 14:33:21.534455040,1,13940,171,26
40.820935,11.842039,2026-09-10 14:33:21.583053056,1,9554,214,28
40.815386,11.851716,2026-09-10 14:33:21.600617216,1,7904,191,41
40.811573,11.937696,2026-09-10 14:33:21.600647936,1,7579,165,27
41.962054,11.626622,2026-09-10 14:33:28.806351360,1,14759,215,37
42.017891,11.782983,2026-09-10 14:33:28.806392576,1,11181,186,24
40.728788,11.937824,2026-09-10 14:33:28.970169600,1,14700,162,23
36.449804,7.776295,2026-09-10 14:33:29.155957504,1,5316,241,38
36.506993,7.777588,2026-09-10 14:33:29.155972096,1,7404,254,24
40.55938,11.891534,2026-09-10 14:33:29.174362624,1,7661,203,31
40.62671,11.794787,2026-09-10 14:33:29.174389248,1,5250,218,21
40.550079,11.772241,2026-09-10 14:33:30.72632832,1,3818,216,170
40.545667,11.760952,2026-09-10 14:33:30.72630272,1,6746,268,162
40.475239,11.70431,2026-09-10 14:33:30.72647168,1,13534,134,150
40.453675,11.658185,2026-09-10 14:33:30.72635904,1,8413,191,139
41.9771,12.600544,2026-09-10 14:33:37.288642048,1,9743,235,32
41.170678,12.143576,2026-09-10 14:33:37.299535872,1,4669,255,281
41.20454,12.142677,2026-09-10 14:33:37.299546368,1,6668,217,268
41.201073,12.138343,2026-09-10 14:33:37.299550208,1,2985,259,248
41.179421,12.148783,2026-09-10 14:33:37.299545856,1,4340,217,236
41.180183,12.148339,2026-09-10 14:33:37.299544064,1,4445,171,222
41.206395,12.161684,2026-09-10 14:33:37.299553024,1,10798,177,209
41.172918,12.167163,2026-09-10 14:33:37.299542784,1,9393,184,196
40.649409,11.8479,2026-09-10 14:33:44.666101504,1,6691,180,99
40.691748,11.892695,2026-09-10 14:33:44.666152448,1,14053,193,88
40.64331,11.868657,2026-09-10 14:33:44.666137856,1,4214,203,76
40.614839,11.880241,2026-09-10 14:33:44.666128640,1,2395,267,63
40.642941,11.860387,2026-09-10 14:33:44.666136832,1,4946,218,44
40.674593,11.838694,2026-09-10 14:33:44.666153216,1,3131,264,25
41.728902,12.474111,2026-09-10 14:33:44.738935552,1,8544,146,39
41.755556,12.475376,2026-09-10 14:33:44.738996736,1,8768,210,27
40.910444,12.002135,2026-09-10 14:33:44.766703104,1,9353,213,57
40.905652,12.00467,2026-09-10 14:33:44.766700800,1,10749,191,44
40.888884,12.006409,2026-09-10 14:33:44.766700032,1,3877,216,26
41.752128,12.444624,2026-09-10 14:33:44.811717120,1,4107,145,53
41.884091,12.416275,2026-09-10 14:33:44.811763968,1,9586,235,45
40.691361,11.54766,2026-09-10 14:33:51.917760256,1,12908,267,74
40.612263,11.715943,2026-09-10 14:33:51.917736704,1,13552,181,61
40.639437,11.755569,2026-09-10 14:33:51.917749504,1,10102,225,43
41.124381,12.220645,2026-09-10 14:33:52.117275904,1,7732,245,62
41.200608,12.32529,2026-09-10 14:33:52.117322240,1,10355,222,49
41.207092,12.355243,2026-09-10 14:33:52.117332480,1,12949,254,36
41.067192,12.20669,2026-09-10 14:33:52.117295872,1,12372,215,23
40.749393,11.894204,2026-09-10 14:33:52.274493184,1,5418,192,59
40.76272,11.927297,2026-09-10 14:33:52.274501888,1,10454,231,46
40.746642,11.900067,2026-09-10 14:33:52.274529024,1,8719,174,33
40.747177,11.896387,2026-09-10 14:33:52.274524160,1,11394,217,20
40.746732,12.081242,2026-09-10 14:33:52.291848192,1,12170,250,40
40.919065,12.037561,2026-09-10 14:33:52.291914752,1,5962,181,122
40.87787,12.055782,2026-09-10 14:33:52.291895552,1,7376,214,106
40.854823,12.108167,2026-09-10 14:33:52.291885312,1,10813,257,93
40.904292,12.033402,2026-09-10 14:33:52.291909120,1,9669,226,79
41.017756,12.121873,2026-09-10 14:33:52.291944448,1,13807,253,65
45.524647,6.99184,2026-09-10 14:33:59.330465024,1,6047,74,31
41.762678,12.499809,2026-09-10 14:33:59.557555968,1,8929,244,83
41.655908,12.519388,2026-09-10 14:33:59.557581824,1,13987,208,111
41.7265,12.447604,2026-09-10 14:33:59.557611008,1,13606,176,91
41.890344,12.512634,2026-09-10 14:33:59.557633536,1,11427,231,76
41.831779,12.452617,2026-09-10 14:33:59.557626880,1,9411,248,57
41.72068,12.491653,2026-09-10 14:33:59.557583360,1,12174,210,44
-27.838127,127.837666,2026-09-10 14:30:17.780230912,2,12614,209,16
18.060446,143.892289,2026-09-10 14:30:25.517062656,2,12339,172,17
48.811475,127.257851,2026-09-10 14:30:26.944728320,2,5173,212,26
-21.346392,124.861927,2026-09-10 14:30:28.444372992,2,11641,268,22
-26.27749,126.409651,2026-09-10 14:30:35.302710016,2,14043,198,35
-26.319328,126.418031,2026-09-10 14:30:35.333512192,2,11143,222,16
-26.280695,128.691736,2026-09-10 14:30:55.395591936,2,8493,218,23
-28.198519,126.593052,2026-09-10 14:30:59.894093568,2,7484,225,24
-26.173432,128.723661,2026-09-10 14:31:08.238257152,2,14395,191,26
-26.712928,128.848925,2026-09-10 14:31:10.699097344,2,12291,221,28
19.828818,141.833934,2026-09-10 14:31:11.229432576,2,3284,248,28
-22.198382,127.851567,2026-09-10 14:31:19.67177728,2,9285,220,22
-26.297161,126.423757,2026-09-10 14:31:19.630369536,2,10495,199,21
18.06782,143.843106,2026-09-10 14:31:46.728828160,2,9873,174,16
14.157049,127.114569,2026-09-10 14:32:16.973807360,2,5026,249,34
-26.748822,128.854181,2026-09-10 14:32:22.601700352,2,9397,231,32
-26.679114,128.837293,2026-09-10 14:32:22.643063808,2,10382,189,17
17.658683,140.252809,2026-09-10 14:32:31.727782656,2,7305,253,26
16.326192,140.424619,2026-09-10 14:32:31.764453376,2,6903,175,17
-28.214267,126.49589,2026-09-10 14:33:12.851120128,2,7092,209,15
-28.22129,126.50581,2026-09-10 14:33:12.911124992,2,6055,209,16
-26.31859,126.438063,2026-09-10 14:33:13.11458304,2,11755,199,16
18.189637,143.899124,2026-09-10 14:33:24.596064256,2,5498,180,24
30.114761,-90.354582,2026-09-10 14:30:10.157568512,3,10911,152,26
30.098647,-90.36037,2026-09-10 14:30:10.157566464,3,6211,222,88
30.194211,-90.343808,2026-09-10 14:30:10.157635328,3,7523,240,73
30.186366,-90.346977,2026-09-10 14:30:10.157635072,3,9165,236,60
30.245022,-90.365966,2026-09-10 14:30:10.157645824,3,8011,235,44
30.241687,-90.274125,2026-09-10 14:30:10.157666816,3,13442,247,30
30.084082,-90.39386,2026-09-10 14:30:10.220210432,3,5188,217,19
30.124912,-90.355151,2026-09-10 14:30:10.268742912,3,9901,184,47
30.192458,-90.333844,2026-09-10 14:30:10.268795904,3,6518,249,26
30.107418,-90.351731,2026-09-10 14:30:10.430080512,3,12516,157,75
30.079001,-90.283959,2026-09-10 14:30:10.430101248,3,10865,115,61
30.078447,-90.261108,2026-09-10 14:30:10.430099456,3,3650,182,47
30.228177,-90.345987,2026-09-10 14:30:10.430159104,3,8437,239,23
24.156709,-108.930297,2026-09-10 14:30:10.617288192,3,8284,263,50
24.324648,-108.909559,2026-09-10 14:30:10.617346560,3,13494,248,37
24.150423,-108.931664,2026-09-10 14:30:10.781488384,3,10980,263,21
24.221468,-108.942523,2026-09-10 14:30:10.781515008,3,12873,264,26
26.540757,-86.097421,2026-09-10 14:30:12.444082176,3,4731,245,39
26.58359,-86.107807,2026-09-10 14:30:12.444095744,3,5455,218,78
23.516245,-106.37908,2026-09-10 14:30:21.424717568,3,14636,266,28
25.228188,-88.910898,2026-09-10 14:30:21.784281344,3,9320,225,86
25.352949,-88.936214,2026-09-10 14:30:21.784331520,3,10577,245,79
25.276944,-88.914005,2026-09-10 14:30:21.790336256,3,9751,177,90
25.343497,-88.930245,2026-09-10 14:30:21.790395648,3,5784,251,92
25.387518,-88.922024,2026-09-10 14:30:21.790414080,3,6856,260,80
25.293134,-88.93758,2026-09-10 14:30:21.868142848,3,10778,224,20
25.359402,-88.903909,2026-09-10 14:30:21.870730240,3,9152,263,24
25.154633,-82.491025,2026-09-10 14:30:29.510745856,3,10892,230,66
25.226786,-82.525398,2026-09-10 14:30:29.510797056,3,8817,267,58
25.12639,-82.399913,2026-09-10 14:30:29.670844160,3,10647,247,19
31.333415,-40.851742,2026-09-10 14:30:30.753439232,3,14784,196,17
31.562462,-40.830651,2026-09-10 14:30:30.805864448,3,11908,208,54
29.990343,-90.513337,2026-09-10 14:30:31.153447680,3,14798,164,26
25.368609,-94.57646,2026-09-10 14:30:31.732874496,3,14047,250,14
25.515634,-94.44097,2026-09-10 14:30:31.755766272,3,5052,244,66
25.393801,-94.4389,2026-09-10 14:30:31.755761408,3,7241,203,52
25.350942,-94.589035,2026-09-10 14:30:31.847055616,3,3348,253,29
27.175621,-84.030059,2026-09-10 14:30:32.412507904,3,5618,261,28
27.6032,-96.399554,2026-09-10 14:30:32.621033216,3,8689,167,38
36.077997,-39.991463,2026-09-10 14:30:40.850433536,3,9995,221,60
30.109806,-90.354829,2026-09-10 14:30:42.329276928,3,7334,224,14
30.166358,-90.366917,2026-09-10 14:30:42.329298688,3,10247,185,59
30.148753,-90.382692,2026-09-10 14:30:42.329327616,3,4877,222,34
30.20006,-90.307126,2026-09-10 14:30:42.591533312,3,6263,185,48
30.13001,-90.345221,2026-09-10 14:30:42.591535360,3,5523,193,33
30.081825,-90.41054,2026-09-10 14:30:42.627772416,3,8150,166,30
30.116323,-90.370228,2026-09-10 14:30:42.627789312,3,14446,194,17
30.101995,-90.421118,2026-09-10 14:30:42.674957056,3,9723,216,27
36.179036,-97.95918,2026-09-10 14:30:42.905440512,3,7190,124,125
36.215397,-97.989029,2026-09-10 14:30:42.905453056,3,4593,201,125
36.227534,-97.985468,2026-09-10 14:30:42.905453568,3,13120,156,110
28.23065,-89.687283,2026-09-10 14:30:49.964172032,3,14753,139,72
28.225189,-89.714333,2026-09-10 14:30:49.964205056,3,13832,176,55
28.275615,-89.695793,2026-09-10 14:30:49.964216064,3,13603,237,46
28.304558,-89.695054,2026-09-10 14:30:49.964229376,3,9454,246,36
28.248125,-89.650113,2026-09-10 14:30:50.15078656,3,6331,139,83
28.221345,-89.705135,2026-09-10 14:30:50.15098112,3,8855,192,69
28.286151,-89.670394,2026-09-10 14:30:50.15127808,3,4791,228,56
28.357555,-89.66337,2026-09-10 14:30:50.15148288,3,7727,243,44
17.561954,-88.067264,2026-09-10 14:30:50.55758592,3,8782,256,85
18.210343,-107.641028,2026-09-10 14:30:57.368875776,3,10116,262,56
18.087753,-107.736434,2026-09-10 14:30:57.368839424,3,10900,267,43
25.882624,-85.966098,2026-09-10 14:30:59.692771072,3,13321,208,18
25.978826,-85.961783,2026-09-10 14:31:00.140842240,3,10563,180,22
25.950515,-85.993475,2026-09-10 14:31:00.234905344,3,9110,179,16
37.234089,-39.74735,2026-09-10 14:31:00.503612416,3,14327,207,44
29.926214,-90.387857,2026-09-10 14:31:00.792611840,3,3412,157,32
30.025662,-90.321455,2026-09-10 14:31:00.792683776,3,11840,245,22
36.337884,-95.708204,2026-09-10 14:31:01.169125888,3,9408,83,18
28.71119,-91.505969,2026-09-10 14:31:01.585050624,3,4153,188,95
28.744336,-91.502463,2026-09-10 14:31:01.585064448,3,4147,256,89
29.962218,-88.985289,2026-09-10 14:31:08.811608064,3,11005,246,28
27.582446,-84.24707,2026-09-10 14:31:09.410801920,3,9246,251,34
27.301619,-84.125798,2026-09-10 14:31:09.410737408,3,9130,220,21
27.277493,-84.120019,2026-09-10 14:31:09.421972224,3,11734,188,41
27.30234,-84.120192,2026-09-10 14:31:09.421988096,3,7622,227,68
27.233711,-84.12622,2026-09-10 14:31:09.421996800,3,4946,220,56
27.581756,-84.260032,2026-09-10 14:31:09.512270080,3,8899,258,34
27.321496,-84.126572,2026-09-10 14:31:09.512198656,3,7613,252,21
29.580266,-90.266896,2026-09-10 14:31:09.687201280,3,11182,241,25
30.424822,-89.846528,2026-09-10 14:31:10.401894144,3,2839,193,109
30.396238,-89.833106,2026-09-10 14:31:10.401894400,3,5550,123,95
30.655507,-89.885187,2026-09-10 14:31:10.401987584,3,8311,247,78
30.202495,-89.708708,2026-09-10 14:31:10.527248640,3,3724,238,53
30.521803,-89.703083,2026-09-10 14:31:10.527355392,3,12654,225,44
30.480981,-89.837018,2026-09-10 14:31:10.527356160,3,4642,255,31
30.37986,-89.812594,2026-09-10 14:31:10.564911104,3,4562,215,48
30.527768,-89.669009,2026-09-10 14:31:10.564982784,3,9870,220,34
36.315248,-95.559435,2026-09-10 14:31:17.653555712,3,11537,103,37
36.348342,-95.543913,2026-09-10 14:31:17.653599488,3,11217,194,22
26.614684,-86.107758,2026-09-10 14:31:17.968347136,3,3684,261,83
26.602227,-86.099148,2026-09-10 14:31:17.968341504,3,7740,255,100
26.655584,-86.090547,2026-09-10 14:31:17.968399104,3,6861,265,74
26.65194,-86.083954,2026-09-10 14:31:17.968395008,3,7094,235,56
26.674487,-86.099253,2026-09-10 14:31:17.968400640,3,11895,256,42
26.650642,-86.100307,2026-09-10 14:31:18.8310784,3,6913,168,30
26.561002,-86.042454,2026-09-10 14:31:18.36284160,3,10452,170,43
26.569162,-86.097192,2026-09-10 14:31:18.67896320,3,9654,218,62
26.576447,-86.071658,2026-09-10 14:31:18.241234944,3,5663,261,25
24.683054,-80.132787,2026-09-10 14:31:18.530823424,3,8772,238,112
20.676184,-85.448333,2026-09-10 14:31:26.247174912,3,6707,254,16
20.318012,-85.294454,2026-09-10 14:31:26.489853952,3,10665,262,22
35.697777,-97.212849,2026-09-10 14:31:26.606574336,3,13313,193,26
24.783294,-80.072401,2026-09-10 14:31:27.230553856,3,7003,269,36
24.764894,-80.073388,2026-09-10 14:31:27.230540288,3,12617,243,17
24.811465,-80.102249,2026-09-10 14:31:27.453527808,3,3417,269,44
24.730624,-80.061692,2026-09-10 14:31:27.453506560,3,3953,243,28
25.359581,-109.251866,2026-09-10 14:31:27.782645248,3,9202,256,62
25.419734,-109.254908,2026-09-10 14:31:27.782700800,3,8756,262,48
23.988086,-108.720465,2026-09-10 14:31:28.195017728,3,8516,269,30
29.162684,-94.786782,2026-09-10 14:31:30.493696768,3,4688,253,37
29.057233,-94.690319,2026-09-10 14:31:30.493682176,3,5298,248,23
26.729277,-77.303178,2026-09-10 14:31:30.843585024,3,8782,259,48
26.730639,-77.290215,2026-09-10 14:31:30.843630848,3,6574,270,70
26.712061,-77.35467,2026-09-10 14:31:30.868779008,3,7133,250,32
26.711156,-77.466402,2026-09-10 14:31:30.873060096,3,13861,203,55
25.727344,-85.187447,2026-09-10 14:31:38.642152192,3,13357,215,21
25.950559,-85.550042,2026-09-10 14:31:38.668245504,3,3385,269,29
26.040724,-85.506152,2026-09-10 14:31:38.668283392,3,9595,260,74
26.228957,-85.487454,2026-09-10 14:31:38.668382208,3,9357,261,33
30.14687,-88.692453,2026-09-10 14:31:39.362649600,3,5915,217,23
26.066689,-85.942317,2026-09-10 14:31:40.8280576,3,3432,264,60
25.938463,-85.935178,2026-09-10 14:31:40.8258560,3,13197,260,46
26.292007,-86.011558,2026-09-10 14:31:40.35834624,3,10020,257,35
25.960535,-85.899022,2026-09-10 14:31:40.83879424,3,4615,210,23
26.034567,-85.938917,2026-09-10 14:31:40.225724672,3,9094,213,73
24.04673,-108.868907,2026-09-10 14:31:47.947558656,3,10972,264,47
24.105115,-108.87005,2026-09-10 14:31:47.947574784,3,12120,264,34
31.71802,-41.063602,2026-09-10 14:31:49.140250368,3,8411,224,36
16.370759,-88.329515,2026-09-10 14:31:49.543269120,3,7473,263,15
35.955926,-96.08433,2026-09-10 14:31:50.445631488,3,11697,134,23
36.072264,-95.955602,2026-09-10 14:31:50.495950592,3,4253,242,24
36.703588,-95.167545,2026-09-10 14:31:51.211959552,3,9032,103,50
36.738746,-95.143758,2026-09-10 14:31:51.211975936,3,13310,170,45
36.774736,-95.16963,2026-09-10 14:31:51.212018944,3,11226,197,29
27.371175,-96.243671,2026-09-10 14:31:51.251090176,3,8767,242,54
27.255076,-96.259544,2026-09-10 14:31:51.251073280,3,12621,207,46
27.517845,-96.122369,2026-09-10 14:31:51.251186944,3,6196,269,23
30.010235,-90.456273,2026-09-10 14:31:51.379508736,3,11826,156,38
30.398304,-89.817345,2026-09-10 14:31:51.804654848,3,8800,208,115
30.423012,-89.807288,2026-09-10 14:31:51.804665856,3,4151,269,96
30.408895,-89.816292,2026-09-10 14:31:51.804659200,3,9133,170,82
25.259057,-88.921029,2026-09-10 14:31:58.951705856,3,14534,177,70
25.409949,-88.959713,2026-09-10 14:31:58.951784192,3,6095,263,63
25.28346,-88.952664,2026-09-10 14:31:58.957402624,3,5301,180,98
25.369037,-88.949386,2026-09-10 14:31:58.957470208,3,9798,260,75
25.404222,-88.958629,2026-09-10 14:31:58.957473792,3,5429,257,60
25.256166,-88.901098,2026-09-10 14:31:59.41825280,3,8738,221,13
25.253906,-88.907686,2026-09-10 14:31:59.171361280,3,10053,222,41
40.46719,-38.731117,2026-09-10 14:32:08.544709376,3,8526,165,47
29.963448,-41.510727,2026-09-10 14:32:16.498965248,3,5651,203,29
28.708605,-91.488373,2026-09-10 14:32:18.103793664,3,6031,234,33
24.975479,-80.06619,2026-09-10 14:32:19.142045184,3,4542,269,55
24.964184,-80.064835,2026-09-10 14:32:19.194449920,3,3117,269,37
25.001242,-80.07956,2026-09-10 14:32:19.254510592,3,3154,268,34
36.463065,-95.594476,2026-09-10 14:32:19.355635456,3,9771,173,53
36.547001,-95.477693,2026-09-10 14:32:19.355676928,3,3578,173,39
36.537672,-95.483027,2026-09-10 14:32:19.355674112,3,7292,195,24
23.832978,-106.32529,2026-09-10 14:32:26.776487424,3,11958,262,30
28.704074,-91.705836,2026-09-10 14:32:27.191532544,3,7336,181,76
28.594864,-91.573421,2026-09-10 14:32:27.191516928,3,12892,248,54
28.807862,-91.701635,2026-09-10 14:32:27.191597056,3,12344,236,40
28.67773,-91.766396,2026-09-10 14:32:27.248654848,3,6631,231,18
28.781655,-91.726038,2026-09-10 14:32:27.368219136,3,12432,183,18
38.386145,-39.296815,2026-09-10 14:32:27.908843264,3,6395,175,41
25.331647,-86.538553,2026-09-10 14:32:29.280200704,3,2987,269,45
25.310798,-86.545873,2026-09-10 14:32:29.295621120,3,2808,270,78
25.221113,-86.574809,2026-09-10 14:32:29.295611648,3,11791,264,69
27.424007,-94.31955,2026-09-10 14:32:29.509789184,3,6221,260,16
25.285587,-86.500238,2026-09-10 14:32:29.709663232,3,5752,222,35
23.756193,-106.545488,2026-09-10 14:32:30.117495808,3,10513,265,27
25.69764,-85.198651,2026-09-10 14:32:30.387228416,3,8374,210,21
24.741681,-79.91567,2026-09-10 14:32:31.537939712,3,5601,236,104
28.852129,-90.9523,2026-09-10 14:32:39.839475968,3,7583,232,20
26.202507,-86.793265,2026-09-10 14:32:40.239065088,3,4290,252,83
26.225236,-86.784302,2026-09-10 14:32:40.239064064,3,12433,198,84
26.265733,-86.819667,2026-09-10 14:32:40.239117312,3,3376,248,47
26.260251,-86.780688,2026-09-10 14:32:40.239119616,3,5678,260,34
28.714581,-91.259726,2026-09-10 14:32:40.259190528,3,3956,233,28
28.773928,-91.209516,2026-09-10 14:32:40.268136960,3,4528,230,35
28.865244,-91.079233,2026-09-10 14:32:40.268195584,3,13180,239,61
26.19143,-86.771786,2026-09-10 14:32:40.287827712,3,5777,263,24
28.729204,-91.255797,2026-09-10 14:32:40.304467200,3,3659,185,33
26.033051,-85.943348,2026-09-10 14:32:40.339628288,3,1906,266,56
25.751523,-85.853538,2026-09-10 14:32:40.339550720,3,7791,268,45
28.747914,-91.190663,2026-09-10 14:32:40.346174464,3,6593,248,33
36.249085,-95.991119,2026-09-10 14:32:48.308575232,3,14622,111,86
36.248353,-95.930123,2026-09-10 14:32:48.308593408,3,13200,170,82
36.206047,-95.978673,2026-09-10 14:32:48.307890432,3,12214,136,61
30.13895,-90.439312,2026-09-10 14:32:48.386298112,3,12104,155,31
30.176355,-90.333812,2026-09-10 14:32:48.386336768,3,12762,238,25
26.560257,-86.082934,2026-09-10 14:32:48.430902016,3,3976,201,103
26.602466,-86.107782,2026-09-10 14:32:48.430915840,3,1350,253,116
26.574536,-86.095903,2026-09-10 14:32:48.430910720,3,10396,218,97
27.571093,-94.392956,2026-09-10 14:32:55.448125184,3,10951,260,41
27.477199,-94.268041,2026-09-10 14:32:55.448115968,3,12090,186,33
27.541288,-94.265802,2026-09-10 14:32:55.448141312,3,14545,242,22
30.448493,-89.82642,2026-09-10 14:32:55.462713344,3,7174,198,57
30.361804,-89.838809,2026-09-10 14:32:55.462726912,3,11610,113,47
30.479775,-89.847824,2026-09-10 14:32:55.462764032,3,7982,258,33
30.384734,-89.792899,2026-09-10 14:32:55.631377664,3,8954,211,51
30.346864,-89.813197,2026-09-10 14:32:55.724962560,3,4365,235,40
30.378766,-89.867053,2026-09-10 14:32:55.724999424,3,5512,241,24
29.292515,-89.486014,2026-09-10 14:32:56.634195200,3,4327,226,98
29.271788,-89.480889,2026-09-10 14:32:56.634192128,3,8234,177,81
23.396406,-106.436206,2026-09-10 14:32:56.704729856,3,8820,269,33
27.466884,-94.254214,2026-09-10 14:33:05.926692864,3,9285,137,63
27.607304,-94.20183,2026-09-10 14:33:05.926739456,3,8102,202,67
27.528384,-94.230541,2026-09-10 14:33:05.926745088,3,8485,244,53
27.62002,-94.241733,2026-09-10 14:33:05.926769664,3,12648,247,36
27.440793,-94.341529,2026-09-10 14:33:06.11414272,3,5699,220,28
27.453541,-94.259456,2026-09-10 14:33:06.289491200,3,4745,166,52
27.57911,-94.246086,2026-09-10 14:33:06.289532672,3,10513,185,62
27.471098,-94.237232,2026-09-10 14:33:06.289531648,3,4443,246,49
27.520637,-94.232845,2026-09-10 14:33:06.289545472,3,3243,267,36
27.445014,-94.338788,2026-09-10 14:33:06.479734528,3,7175,260,20
27.9368,-83.379008,2026-09-10 14:33:06.692532736,3,6912,252,73
27.946794,-83.364904,2026-09-10 14:33:06.692567040,3,13335,254,58
27.870263,-83.355783,2026-09-10 14:33:06.692546048,3,7328,207,45
27.843093,-83.40903,2026-09-10 14:33:06.748348928,3,6986,202,38
27.964611,-83.399746,2026-09-10 14:33:06.748421376,3,10947,248,38
28.145553,-83.486482,2026-09-10 14:33:06.846589440,3,6480,250,30
27.945617,-83.382956,2026-09-10 14:33:06.846544896,3,7632,249,17
28.053456,-83.396411,2026-09-10 14:33:06.940899584,3,8472,260,27
25.977078,-85.78737,2026-09-10 14:33:08.339660544,3,5871,268,32
25.87145,-85.713434,2026-09-10 14:33:08.365457664,3,7846,208,27
30.060216,-90.362806,2026-09-10 14:33:08.908857088,3,2634,218,83
30.120634,-90.358246,2026-09-10 14:33:08.908878080,3,3641,177,85
30.11888,-90.368103,2026-09-10 14:33:08.908880896,3,6968,177,72
30.158666,-90.371798,2026-09-10 14:33:08.908920832,3,11200,225,58
30.068776,-90.369602,2026-09-10 14:33:08.982508800,3,5359,217,43
30.104486,-90.341465,2026-09-10 14:33:08.982552320,3,5736,199,27
29.981058,-90.343205,2026-09-10 14:33:09.35830528,3,8649,215,30
23.756138,-106.347699,2026-09-10 14:33:17.488584960,3,6806,216,21
23.946098,-106.31818,2026-09-10 14:33:17.488679680,3,6047,241,63
25.213224,-82.438852,2026-09-10 14:33:19.412033536,3,6155,269,104
5.309356,-83.879714,2026-09-10 14:33:26.601976320,3,7267,253,36
36.633958,-96.077916,2026-09-10 14:33:27.25228032,3,12959,174,31
36.611266,-96.060827,2026-09-10 14:33:27.25242880,3,10103,200,17
23.220259,-107.237898,2026-09-10 14:33:27.150204672,3,11795,240,37
36.55665,-96.076304,2026-09-10 14:33:27.173236736,3,8669,151,63
36.587762,-96.043076,2026-09-10 14:33:27.173256448,3,5861,192,45
36.533829,-96.109008,2026-09-10 14:33:27.173274624,3,7734,213,30
36.597321,-96.039085,2026-09-10 14:33:27.439562752,3,3729,145,26
23.953534,-108.832513,2026-09-10 14:33:29.747370240,3,9965,221,50
24.215495,-108.844794,2026-09-10 14:33:29.747459072,3,4557,268,38
28.660393,-95.315604,2026-09-10 14:33:30.111516928,3,5547,162,81
28.660732,-95.302458,2026-09-10 14:33:30.111521024,3,4730,253,100
28.749813,-95.26513,2026-09-10 14:33:30.111554816,3,4917,230,89
28.721642,-95.268167,2026-09-10 14:33:30.111552000,3,7950,227,80
28.757807,-95.263205,2026-09-10 14:33:30.111561216,3,5827,235,74
26.844633,-77.375499,2026-09-10 14:33:30.407451904,3,3139,269,36
26.714727,-77.308931,2026-09-10 14:33:30.451128064,3,4618,259,58
35.729997,-97.596424,2026-09-10 14:33:37.844943616,3,9247,175,55
35.808607,-97.50363,2026-09-10 14:33:37.845011456,3,11830,166,49
35.803954,-97.509049,2026-09-10 14:33:37.845006080,3,11966,166,36
36.007754,-97.527415,2026-09-10 14:33:37.845081856,3,13706,234,24
7.058043,-84.406748,2026-09-10 14:33:38.124701952,3,7037,248,43
36.553683,-95.810231,2026-09-10 14:33:38.436180992,3,13310,176,42
36.608135,-95.732679,2026-09-10 14:33:38.436200448,3,4841,192,28
26.211528,-86.097697,2026-09-10 14:33:38.901650176,3,5777,258,40
25.940392,-86.013003,2026-09-10 14:33:38.966710016,3,6582,210,31
25.970574,-86.008831,2026-09-10 14:33:39.94469120,3,8550,266,18
25.984531,-86.015164,2026-09-10 14:33:39.225740288,3,8447,266,14
24.986223,-80.084598,2026-09-10 14:33:40.318689536,3,3673,269,29
24.876901,-80.147164,2026-09-10 14:33:47.527852544,3,7751,269,31
17.227862,-106.139174,2026-09-10 14:33:48.90432256,3,13928,263,24
30.365678,-89.740524,2026-09-10 14:33:48.592424448,3,14047,210,21
23.786149,-108.648522,2026-09-10 14:33:49.285703680,3,11568,222,66
24.041561,-108.66889,2026-09-10 14:33:49.285798912,3,6223,267,58
29.962299,-90.473374,2026-09-10 14:33:49.704303360,3,13538,218,18
23.913261,-109.094909,2026-09-10 14:33:49.891137536,3,11172,241,23
27.314976,-84.161937,2026-09-10 14:33:50.240091392,3,3206,253,23
27.153767,-84.152808,2026-09-10 14:33:50.240070656,3,5375,255,52
29.944942,-88.917979,2026-09-10 14:33:51.649131776,3,13797,251,22
36.106078,-96.992883,2026-09-10 14:33:53.21616384,3,10751,165,45
36.213618,-96.855751,2026-09-10 14:33:53.21672192,3,12967,248,31
36.403544,-96.112628,2026-09-10 14:33:55.246618880,3,3585,151,116
36.408984,-96.136121,2026-09-10 14:33:55.246621440,3,8086,179,103
36.446207,-96.0905,2026-09-10 14:33:55.246638336,3,9382,194,86
36.458479,-96.182696,2026-09-10 14:33:55.246661120,3,9494,182,64
36.384175,-96.221422,2026-09-10 14:33:55.246638336,3,5208,219,50
36.401088,-96.106036,2026-09-10 14:33:55.296680448,3,4473,118,73
36.437192,-96.102387,2026-09-10 14:33:55.296695296,3,1901,175,58
36.599019,-95.957875,2026-09-10 14:33:55.296762368,3,7798,213,45
36.409274,-96.121542,2026-09-10 14:33:55.319996160,3,6747,151,41
36.441662,-96.089914,2026-09-10 14:33:55.320051968,3,6396,173,28
36.432847,-96.260789,2026-09-10 14:33:55.419508480,3,9278,153,32
36.441685,-96.173475,2026-09-10 14:33:55.487756288,3,11464,121,27
36.438691,-96.156038,2026-09-10 14:33:55.563598080,3,5323,120,46
36.469131,-96.135769,2026-09-10 14:33:55.563644160,3,10722,172,34
28.691273,-91.113531,2026-09-10 14:33:56.950710272,3,2123,234,72
28.617971,-91.170634,2026-09-10 14:33:56.950678272,3,5934,257,71
28.650928,-91.098952,2026-09-10 14:33:56.991558656,3,6233,184,35
30.151771,-47.667383,2026-09-10 14:34:04.25118720,3,9565,238,38
36.448346,7.984428,2026-09-10 14:30:02.41972992,4,14130,244,30
42.343659,12.88253,2026-09-10 14:30:03.45906944,4,9907,189,25
42.360015,12.901494,2026-09-10 14:30:03.45918976,4,10506,158,35
41.812172,12.610162,2026-09-10 14:30:13.515007744,4,5466,221,30
45.526253,6.967092,2026-09-10 14:30:16.395063808,4,9958,167,23
41.884056,11.595531,2026-09-10 14:30:26.735653632,4,7060,210,27
41.917498,11.652317,2026-09-10 14:30:26.775865088,4,14240,165,26
40.803681,11.995044,2026-09-10 14:30:27.477795584,4,12117,177,30
40.75707,11.927596,2026-09-10 14:30:40.57529600,4,7912,224,32
42.048222,12.556006,2026-09-10 14:30:57.44696064,4,13166,162,28
40.77481,11.937343,2026-09-10 14:30:59.600891136,4,7429,224,36
40.38684,11.647507,2026-09-10 14:31:05.680251136,4,12965,231,29
36.476479,9.092138,2026-09-10 14:31:08.669018368,4,10742,238,24
19.850096,141.801999,2026-09-10 14:31:11.229442816,4,2149,250,28
57.727924,23.785105,2026-09-10 14:31:22.457914368,4,13188,168,36
41.797959,12.562467,2026-09-10 14:31:25.781508352,4,4033,202,30
41.794869,12.56515,2026-09-10 14:31:25.884958720,4,4156,202,27
41.781127,12.519816,2026-09-10 14:31:28.165012224,4,5045,231,24
40.772126,11.955925,2026-09-10 14:31:36.119590912,4,5132,237,27
38.449341,12.230595,2026-09-10 14:31:36.180163328,4,7490,254,31
40.780197,11.944511,2026-09-10 14:31:36.383668224,4,6578,237,31
40.825695,11.992795,2026-09-10 14:31:36.971130880,4,10524,259,23
41.682021,12.555445,2026-09-10 14:31:39.405397504,4,5552,247,26
36.864186,10.435395,2026-09-10 14:31:40.487234816,4,5237,270,37
36.721258,10.397725,2026-09-10 14:31:40.487221248,4,10712,256,24
40.957683,12.203205,2026-09-10 14:31:43.621589504,4,12061,175,27
39.857214,20.929478,2026-09-10 14:31:51.777862912,4,13508,185,41
41.106019,12.18473,2026-09-10 14:32:04.626007040,4,9239,173,26
41.060221,11.953408,2026-09-10 14:32:04.755280384,4,5737,219,37
41.830172,12.56395,2026-09-10 14:32:06.592793344,4,9321,190,19
41.841338,12.551739,2026-09-10 14:32:06.686050816,4,7837,190,26
38.310756,12.196851,2026-09-10 14:32:06.940216576,4,5432,226,38
38.274874,12.19356,2026-09-10 14:32:06.940242432,4,7486,243,24
41.83869,12.508969,2026-09-10 14:32:06.989304320,4,5039,202,31
41.052764,12.032998,2026-09-10 14:32:08.273726720,4,7554,219,29
40.797797,11.886245,2026-09-10 14:32:11.1156864,4,8375,224,32
14.147866,127.121369,2026-09-10 14:32:16.973794560,4,10034,215,35
40.793205,11.953618,2026-09-10 14:32:20.178969856,4,12688,201,23
42.844965,12.140723,2026-09-10 14:32:21.997794816,4,13162,227,27
36.450738,9.119373,2026-09-10 14:32:24.74772992,4,7942,224,32
17.639132,140.275228,2026-09-10 14:32:31.727775488,4,2461,254,37
17.656652,140.253821,2026-09-10 14:32:31.727783424,4,6818,249,22
41.808109,12.592566,2026-09-10 14:32:34.827511040,4,9498,201,29
57.377104,24.25188,2026-09-10 14:32:44.225397760,4,12453,134,29
41.988652,12.530988,2026-09-10 14:32:46.129296384,4,5253,199,30
42.082686,11.655718,2026-09-10 14:32:51.116461568,4,5785,229,32
37.993064,11.919935,2026-09-10 14:32:55.21029376,4,12418,196,24
30.354841,-89.861887,2026-09-10 14:32:55.145515264,4,12278,115,22
40.797156,11.968462,2026-09-10 14:32:55.969702144,4,11494,177,23
36.574489,9.055792,2026-09-10 14:32:56.746379008,4,12093,221,31
41.100666,12.072234,2026-09-10 14:33:14.277124352,4,7541,218,27
40.787336,11.910552,2026-09-10 14:33:22.885327616,4,6301,237,25
42.029021,12.538508,2026-09-10 14:33:35.762220800,4,8848,188,26
42.228179,12.834531,2026-09-10 14:33:41.735515392,4,9646,192,31
57.906708,23.924531,2026-09-10 14:33:51.146167040,4,5847,252,32
38.026899,11.986171,2026-09-10 14:33:53.182407168,4,5669,263,29
25.825741,-85.953712,2026-09-10 14:30:06.667393792,7,6305,197,20
25.872018,-86.082493,2026-09-10 14:30:06.713131520,7,4526,269,12
24.936998,-80.041711,2026-09-10 14:30:14.740009728,7,2875,242,21
28.777691,-80.024423,2026-09-10 14:30:14.861130240,7,3941,250,27
28.575614,-95.292753,2026-09-10 14:30:24.249894656,7,14789,122,14
28.638507,-95.381195,2026-09-10 14:30:24.319174400,7,5134,209,13
20.581513,-85.410377,2026-09-10 14:30:24.786498816,7,6441,251,15
25.362171,-94.571915,2026-09-10 14:30:31.847057152,7,5579,247,13
29.786348,-89.05113,2026-09-10 14:30:39.170493952,7,13029,154,36
29.875509,-89.054757,2026-09-10 14:30:39.170562816,7,12987,239,19
11.270991,-83.304177,2026-09-10 14:30:39.194701056,7,10105,230,11
23.40005,-92.606629,2026-09-10 14:30:47.911058432,7,7339,191,15
25.04923,-80.187777,2026-09-10 14:30:48.827977216,7,4445,232,29
25.998474,-85.499305,2026-09-10 14:31:38.668263936,7,6646,209,17
23.821704,-106.437107,2026-09-10 14:31:46.987273216,7,6132,244,21
26.416073,-86.057741,2026-09-10 14:31:56.723215872,7,3487,200,16
25.232015,-88.945692,2026-09-10 14:31:58.951695872,7,4225,225,26
25.283361,-88.952645,2026-09-10 14:31:58.957398528,7,5309,176,21
25.292153,-88.941148,2026-09-10 14:31:58.957441024,7,4364,247,28
25.265087,-88.907112,2026-09-10 14:31:59.41826816,7,5584,180,18
25.117162,-88.936688,2026-09-10 14:31:59.171342592,7,4500,223,19
28.541361,-91.078673,2026-09-10 14:31:59.599246592,7,1990,181,34
28.652971,-91.05459,2026-09-10 14:31:59.599288320,7,10659,229,24
24.914406,-80.106909,2026-09-10 14:31:59.908455424,7,1827,242,29
28.49532,-90.572147,2026-09-10 14:32:14.331270912,7,11537,117,30
28.577996,-90.568062,2026-09-10 14:32:14.331325696,7,13606,244,19
27.269746,-84.009767,2026-09-10 14:32:14.687396864,7,14296,170,13
17.568675,-88.03253,2026-09-10 14:32:15.323516672,7,4017,185,32
27.388117,-94.313787,2026-09-10 14:32:15.719849984,7,6367,220,18
27.468718,-94.216435,2026-09-10 14:32:15.963656448,7,10148,186,18
28.75445,-91.495994,2026-09-10 14:32:18.103802112,7,13043,182,10
24.940576,-80.050645,2026-09-10 14:32:19.142034944,7,4485,269,18
28.585778,-91.735597,2026-09-10 14:32:27.191529728,7,6458,184,25
28.719864,-91.693052,2026-09-10 14:32:27.191578624,7,11698,228,16
26.019682,-86.794303,2026-09-10 14:32:40.239038208,7,4810,206,27
26.100789,-86.751251,2026-09-10 14:32:40.239077376,7,5020,203,21
28.805714,-91.231638,2026-09-10 14:32:40.268145920,7,14696,113,12
25.924309,-85.99791,2026-09-10 14:32:40.339587584,7,5872,268,17
25.983121,-85.927707,2026-09-10 14:32:40.505346048,7,9438,206,15
26.562443,-86.07966,2026-09-10 14:32:48.430903296,7,3432,166,40
29.775686,-88.8456,2026-09-10 14:33:11.278043904,7,10423,158,35
29.846143,-88.860384,2026-09-10 14:33:11.278098688,7,12918,147,23
29.925329,-88.797187,2026-09-10 14:33:11.298483712,7,4430,165,12
29.819075,-88.840176,2026-09-10 14:33:11.343030272,7,5399,219,13
29.823044,-88.845711,2026-09-10 14:33:11.471172352,7,5939,219,13
28.929106,-90.966281,2026-09-10 14:33:11.559742976,7,4904,190,21
28.801531,-91.015245,2026-09-10 14:33:11.689461248,7,7358,186,18
28.773673,-91.01397,2026-09-10 14:33:11.857395200,7,6550,137,30
28.794533,-91.015187,2026-09-10 14:33:11.857401856,7,7895,228,19
29.953623,-88.824955,2026-09-10 14:33:11.979787008,7,5950,176,22
29.891249,-88.902485,2026-09-10 14:33:11.979800064,7,14550,226,12
25.157496,-82.428748,2026-09-10 14:33:19.412015616,7,10492,237,32
25.122326,-82.381072,2026-09-10 14:33:19.412035840,7,14454,135,20
23.201795,-107.272128,2026-09-10 14:33:27.150194432,7,10780,232,12
28.667686,-95.290025,2026-09-10 14:33:30.111518208,7,6671,150,32
28.69087,-95.273778,2026-09-10 14:33:30.111534848,7,6483,181,24
26.422595,-86.110408,2026-09-10 14:33:45.779474688,7,11251,205,31
26.615632,-86.078625,2026-09-10 14:33:45.779544320,7,8237,256,19
26.419173,-86.104166,2026-09-10 14:33:45.850994176,7,6333,198,16
25.186957,-80.286463,2026-09-10 14:33:46.944124160,7,11683,267,16
25.151121,-80.244799,2026-09-10 14:33:47.527921408,7,10816,267,15
24.073058,-108.652013,2026-09-10 14:33:49.285804288,7,7209,264,20
27.044568,-84.332935,2026-09-10 14:33:50.240007168,7,4858,255,24
27.148155,-84.155287,2026-09-10 14:33:50.240072448,7,4978,251,16
25.104903,-86.551151,2026-09-10 14:33:59.143886592,7,6684,219,26
25.241064,-86.519131,2026-09-10 14:33:59.143934720,7,12940,224,14
29.955975,-90.423242,2026-09-10 14:34:00.448709632,7,6360,119,37
29.963425,-90.438643,2026-09-10 14:34:00.504569344,7,9835,155,12
25.940822,-85.792688,2026-09-10 14:34:01.163674624,7,5240,210,18
25.844081,-85.752848,2026-09-10 14:34:01.234444288,7,13495,208,10
11.65549,13.934909,2026-09-10 14:30:30.220180224,5,5640,172,20
16.566194,24.714187,2026-09-10 14:31:11.424238336,5,13975,247,69
15.218182,-2.462989,2026-09-10 14:33:51.399759872,5,6647,214,20
56.01643,101.672032,2026-09-10 14:30:52.200469248,9,5762,239,21
19.834968,141.820599,2026-09-10 14:31:11.229434368,9,4528,248,23
12.760912,100.496124,2026-09-10 14:31:59.380341504,9,8752,269,22
17.658683,140.252809,2026-09-10 14:32:31.727782656,9,7305,253,26
30.597357,100.595149,2026-09-10 14:33:18.29971200,9,10614,248,16
31.996531,101.707155,2026-09-10 14:33:18.56527104,9,6488,263,20
40.466831,124.180865,2026-09-10 14:33:42.20081408,9,10451,180,18
30.304834,-90.400329,2026-09-10 14:34:00.448835328,9,11523,243,15
28.871789,-91.166097,2026-09-10 14:30:04.404618752,13,10129,181,34
35.859784,-97.183588,2026-09-10 14:30:05.463050496,13,7159,168,83
35.879796,-97.177587,2026-09-10 14:30:05.463062272,13,2104,257,103
35.905914,-97.162723,2026-09-10 14:30:05.463074816,13,6218,168,92
35.745951,-97.173139,2026-09-10 14:30:05.549988608,13,14333,88,48
26.622272,-77.376891,2026-09-10 14:30:06.157980160,13,9116,238,18
30.208609,-89.24252,2026-09-10 14:30:06.441310720,13,4821,260,113
30.329145,-89.171626,2026-09-10 14:30:06.441359104,13,4183,221,99
30.301688,-89.189946,2026-09-10 14:30:06.441352704,13,7486,181,86
30.229016,-89.210223,2026-09-10 14:30:06.441362944,13,11485,180,71
30.25758,-89.208026,2026-09-10 14:30:06.577261056,13,7075,181,36
25.880473,-86.070939,2026-09-10 14:30:06.667357184,13,5745,269,75
30.378654,-88.930807,2026-09-10 14:30:06.707459328,13,3939,235,30
30.285222,-89.21695,2026-09-10 14:30:07.194757888,13,7004,154,36
30.503599,-89.089627,2026-09-10 14:30:07.194884096,13,7382,258,21
27.478392,-94.29385,2026-09-10 14:30:07.715193088,13,5456,219,98
27.622943,-94.213308,2026-09-10 14:30:07.715249408,13,8424,222,82
27.432129,-94.372667,2026-09-10 14:30:07.861482496,13,8812,223,49
27.503181,-94.30104,2026-09-10 14:30:07.861514240,13,2893,226,37
30.1159,-90.350817,2026-09-10 14:30:10.157568256,13,8800,152,100
30.117663,-90.344339,2026-09-10 14:30:10.157569280,13,3009,227,89
30.194223,-90.343801,2026-09-10 14:30:10.157635328,13,7524,240,73
30.122754,-90.345414,2026-09-10 14:30:10.268740608,13,6125,184,38
30.128747,-90.327424,2026-09-10 14:30:10.268777728,13,3096,222,25
30.110111,-90.343168,2026-09-10 14:30:10.430080000,13,7676,157,81
30.084666,-90.282554,2026-09-10 14:30:10.430108160,13,11014,115,64
23.952058,-109.099261,2026-09-10 14:30:10.617196032,13,8623,240,50
24.160666,-108.922096,2026-09-10 14:30:10.781493248,13,7772,263,39
26.54077,-86.097415,2026-09-10 14:30:12.444082176,13,4731,245,93
26.498897,-86.117484,2026-09-10 14:30:12.444102400,13,8587,224,70
26.52225,-86.076814,2026-09-10 14:30:12.829733376,13,6214,206,61
26.472721,-86.018941,2026-09-10 14:30:12.968575232,13,8331,147,54
25.074731,-80.082531,2026-09-10 14:30:13.750494208,13,11895,268,25
29.952232,-78.441867,2026-09-10 14:30:14.741939712,13,9560,262,52
23.940878,-108.836834,2026-09-10 14:30:17.830206464,13,13213,206,41
29.861291,-89.02984,2026-09-10 14:30:17.840865024,13,7440,153,35
29.861469,-88.995263,2026-09-10 14:30:17.840912896,13,9554,257,27
29.958629,-90.405973,2026-09-10 14:30:18.73752320,13,9100,182,52
30.135014,-90.412228,2026-09-10 14:30:18.73855232,13,11038,260,31
29.947429,-90.4527,2026-09-10 14:30:18.672465152,13,9496,213,44
29.967943,-90.419481,2026-09-10 14:30:18.672496384,13,5649,196,31
23.935927,-106.297216,2026-09-10 14:30:18.998015488,13,6605,269,51
23.822141,-106.306758,2026-09-10 14:30:19.166815744,13,6328,264,39
23.853169,-106.30072,2026-09-10 14:30:19.323535872,13,9177,241,52
23.516301,-106.379077,2026-09-10 14:30:21.424717568,13,14638,266,28
25.228188,-88.910898,2026-09-10 14:30:21.784281344,13,9320,225,96
25.280936,-88.909472,2026-09-10 14:30:21.790338048,13,7460,177,94
25.305293,-88.916181,2026-09-10 14:30:21.868150784,13,3220,224,23
28.708628,-95.250002,2026-09-10 14:30:24.249928704,13,12815,242,28
28.659166,-95.374126,2026-09-10 14:30:24.319177472,13,6733,208,31
28.758816,-95.297842,2026-09-10 14:30:24.319226368,13,6357,258,20
30.360279,-89.823303,2026-09-10 14:30:25.775236864,13,13411,153,87
30.417925,-89.822609,2026-09-10 14:30:25.775257856,13,5194,242,68
30.428402,-89.845744,2026-09-10 14:30:25.795149824,13,6375,149,41
30.413546,-89.821381,2026-09-10 14:30:25.946422016,13,7165,212,42
30.419371,-89.811339,2026-09-10 14:30:25.946455296,13,8314,188,29
30.47976,-89.77208,2026-09-10 14:30:26.401561856,13,7989,179,29
30.387926,-89.825046,2026-09-10 14:30:26.401555456,13,11728,189,18
36.227828,-95.981217,2026-09-10 14:30:28.702312704,13,12088,118,29
25.238137,-82.496431,2026-09-10 14:30:29.670900480,13,9282,267,17
31.270576,-40.809743,2026-09-10 14:30:30.805798144,13,10456,247,28
29.993237,-90.511338,2026-09-10 14:30:31.153448960,13,13629,164,25
25.40874,-94.438182,2026-09-10 14:30:31.755766272,13,10659,219,33
25.347379,-94.595858,2026-09-10 14:30:31.847055360,13,4865,253,28
27.139695,-84.234755,2026-09-10 14:30:32.412502272,13,12161,246,24
27.600445,-96.401524,2026-09-10 14:30:32.621032192,13,10904,167,66
25.315523,-86.523739,2026-09-10 14:30:33.242562816,13,3508,269,60
25.331614,-86.503226,2026-09-10 14:30:33.242596352,13,8113,264,48
28.754777,-91.010844,2026-09-10 14:30:33.293999616,13,7101,177,71
28.835989,-91.032391,2026-09-10 14:30:33.397651456,13,9238,179,42
28.826886,-91.012889,2026-09-10 14:30:33.397696256,13,10777,255,33
28.781704,-91.061447,2026-09-10 14:30:33.481191168,13,9076,180,25
26.696267,-77.301984,2026-09-10 14:30:33.753158656,13,6324,259,117
28.284625,-83.359037,2026-09-10 14:30:34.238543616,13,9286,265,29
27.863845,-83.403609,2026-09-10 14:30:34.257093120,13,6193,201,39
28.164273,-83.494985,2026-09-10 14:30:34.333537536,13,5956,250,29
27.976685,-83.403931,2026-09-10 14:30:34.333491200,13,4353,250,32
27.862074,-83.444118,2026-09-10 14:30:34.482106880,13,6073,202,28
24.04325,-108.85053,2026-09-10 14:30:35.451248640,13,7464,263,35
29.96224,-90.48244,2026-09-10 14:30:35.512281600,13,6398,236,35
29.956156,-90.559739,2026-09-10 14:30:35.559784448,13,8097,218,25
24.027778,-108.839349,2026-09-10 14:30:35.744005888,13,9335,220,56
28.998031,-94.729925,2026-09-10 14:30:36.108550656,13,11918,238,17
27.277632,-85.797954,2026-09-10 14:30:38.612282624,13,5094,250,78
27.179814,-85.822825,2026-09-10 14:30:38.758445824,13,3517,250,60
29.801429,-89.0427,2026-09-10 14:30:39.170499840,13,5897,155,118
29.793639,-89.029894,2026-09-10 14:30:39.170501632,13,3853,195,105
29.871053,-89.051028,2026-09-10 14:30:39.170528256,13,6752,255,92
29.888317,-89.062125,2026-09-10 14:30:39.170568192,13,7264,253,76
36.162221,-40.124454,2026-09-10 14:30:40.850471168,13,13265,215,81
30.072711,-90.394801,2026-09-10 14:30:42.329290496,13,13785,154,42
30.148809,-90.38266,2026-09-10 14:30:42.329327616,13,4879,222,34
30.119984,-90.364059,2026-09-10 14:30:42.591503104,13,6870,213,39
30.116262,-90.356818,2026-09-10 14:30:42.591529216,13,11083,193,32
30.07627,-90.423027,2026-09-10 14:30:42.627776512,13,12844,166,19
30.102006,-90.421115,2026-09-10 14:30:42.674957056,13,9723,216,26
36.179031,-97.959173,2026-09-10 14:30:42.905440512,13,7190,124,133
36.207361,-97.990429,2026-09-10 14:30:42.905451776,13,10708,197,126
36.235297,-97.999323,2026-09-10 14:30:42.905452800,13,6598,170,106
36.139924,-97.958009,2026-09-10 14:30:42.946484736,13,14609,113,82
16.943957,-106.728595,2026-09-10 14:30:44.794924800,13,9033,265,43
25.878904,-85.316758,2026-09-10 14:30:45.688942080,13,13110,261,19
35.921353,-96.802214,2026-09-10 14:30:46.377596928,13,13909,90,67
35.992573,-96.734737,2026-09-10 14:30:46.377626368,13,8996,171,62
29.825437,-90.323489,2026-09-10 14:30:46.791260416,13,6572,242,44
29.995452,-90.382056,2026-09-10 14:30:46.791342080,13,8470,245,33
23.424931,-92.534725,2026-09-10 14:30:47.896673536,13,3746,268,18
23.401018,-92.631119,2026-09-10 14:30:47.911046656,13,3642,255,29
24.174176,-108.086583,2026-09-10 14:30:49.226606592,13,7464,266,56
28.210795,-89.691385,2026-09-10 14:30:49.964171264,13,8803,140,73
28.245607,-89.661946,2026-09-10 14:30:50.15079424,13,7054,187,64
29.234561,-89.483345,2026-09-10 14:30:52.617334784,13,9419,176,89
29.326594,-89.483575,2026-09-10 14:30:52.617396480,13,6514,256,85
28.961365,-89.291586,2026-09-10 14:30:52.706594560,13,10552,260,21
36.301301,-95.451817,2026-09-10 14:30:54.347474688,13,7584,171,44
36.401442,-95.473161,2026-09-10 14:30:54.347501312,13,9105,193,33
37.011557,-39.74359,2026-09-10 14:31:00.503583488,13,12393,211,30
29.927693,-90.393422,2026-09-10 14:31:00.792611584,13,5510,158,34
30.025587,-90.321531,2026-09-10 14:31:00.792683776,13,11840,245,19
36.337883,-95.708203,2026-09-10 14:31:01.169125888,13,9408,83,20
28.695144,-91.504395,2026-09-10 14:31:01.585048320,13,9502,131,106
36.702606,-94.958066,2026-09-10 14:31:03.296723968,13,12809,168,31
36.008722,-96.311506,2026-09-10 14:31:03.699444224,13,9343,154,54
36.157816,-96.288559,2026-09-10 14:31:03.699507200,13,14925,172,40
23.502717,-106.570898,2026-09-10 14:31:04.715892992,13,9805,242,49
23.543158,-106.55186,2026-09-10 14:31:04.715910912,13,4151,268,39
25.222713,-82.358323,2026-09-10 14:31:05.770066176,13,12496,227,42
25.232047,-82.439871,2026-09-10 14:31:05.829761536,13,6669,265,26
25.124774,-82.352442,2026-09-10 14:31:05.948552192,13,8095,239,21
25.187198,-82.441102,2026-09-10 14:31:06.26802432,13,10892,238,25
25.124723,-80.169559,2026-09-10 14:31:07.656139008,13,10208,268,27
25.019788,-80.152637,2026-09-10 14:31:07.763106816,13,4319,268,26
29.96218,-88.985239,2026-09-10 14:31:08.811608064,13,11006,246,30
27.322598,-84.122922,2026-09-10 14:31:09.422031872,13,7281,255,56
27.331443,-84.125344,2026-09-10 14:31:09.512201216,13,7449,252,22
30.403926,-89.834506,2026-09-10 14:31:10.401891328,13,8250,154,112
30.193904,-89.694942,2026-09-10 14:31:10.714423808,13,9436,240,29
28.816394,-91.061911,2026-09-10 14:31:11.934611968,13,3592,229,21
28.760097,-91.061754,2026-09-10 14:31:11.980010752,13,6918,230,18
28.827984,-91.053512,2026-09-10 14:31:12.39683840,13,4408,229,22
28.791244,-90.997286,2026-09-10 14:31:12.164061184,13,5199,204,41
28.838797,-91.011585,2026-09-10 14:31:12.164111360,13,5641,229,23
28.870148,-91.027594,2026-09-10 14:31:12.245967360,13,10849,136,22
28.762445,-91.053043,2026-09-10 14:31:12.634473216,13,3547,230,26
30.096383,-90.352165,2026-09-10 14:31:17.109399808,13,5593,228,62
30.049701,-90.334712,2026-09-10 14:31:17.109407488,13,7425,177,51
30.138048,-90.380534,2026-09-10 14:31:17.166404608,13,2781,212,47
30.117377,-90.366752,2026-09-10 14:31:17.166401024,13,7024,125,73
30.015343,-90.235121,2026-09-10 14:31:17.166386944,13,9508,210,61
30.12318,-90.370431,2026-09-10 14:31:17.219776512,13,7107,161,62
30.110907,-90.380677,2026-09-10 14:31:17.219772672,13,7851,125,91
30.17076,-90.375011,2026-09-10 14:31:17.219832832,13,13124,241,72
30.105936,-90.349213,2026-09-10 14:31:17.525963776,13,4518,158,51
30.119948,-90.390142,2026-09-10 14:31:17.525991680,13,12611,125,40
30.252721,-90.36799,2026-09-10 14:31:17.526047488,13,7801,259,24
36.320072,-95.562107,2026-09-10 14:31:17.653555200,13,9937,104,37
36.357046,-95.526258,2026-09-10 14:31:17.653605376,13,9095,194,23
26.593185,-86.106336,2026-09-10 14:31:17.968343808,13,6613,261,107
26.502165,-86.044703,2026-09-10 14:31:18.67865600,13,12745,172,49
24.804895,-80.072214,2026-09-10 14:31:18.530865408,13,12313,235,95
29.091416,-93.560467,2026-09-10 14:31:18.797665536,13,6219,190,120
29.091298,-93.653354,2026-09-10 14:31:18.923163648,13,3727,231,27
22.965422,-108.356,2026-09-10 14:31:19.823673856,13,12866,269,44
35.847199,-97.162565,2026-09-10 14:31:20.76179200,13,14007,98,50
23.406596,-106.440543,2026-09-10 14:31:20.536381952,13,11652,267,35
23.35982,-106.448243,2026-09-10 14:31:20.605789952,13,8842,267,48
16.391608,-88.286954,2026-09-10 14:31:21.54589696,13,4945,261,19
25.264723,-86.50665,2026-09-10 14:31:22.735140096,13,8509,222,39
25.08652,-86.592197,2026-09-10 14:31:22.824048384,13,3910,250,29
25.300837,-86.513814,2026-09-10 14:31:22.824133120,13,7106,230,16
24.151034,-108.308744,2026-09-10 14:31:23.870963968,13,9774,267,71
27.996274,-89.999427,2026-09-10 14:31:24.774357760,13,9155,186,64
24.965978,-86.241103,2026-09-10 14:31:25.355676160,13,14710,184,15
20.673403,-85.446997,2026-09-10 14:31:26.247167488,13,3238,256,25
35.773125,-97.093309,2026-09-10 14:31:26.606615040,13,9233,203,25
24.791474,-80.087032,2026-09-10 14:31:27.230551808,13,3322,269,37
25.322823,-109.269021,2026-09-10 14:31:27.782638336,13,5861,256,54
29.162908,-94.786964,2026-09-10 14:31:30.493696768,13,4688,253,36
29.060756,-94.687635,2026-09-10 14:31:30.493682688,13,6165,248,23
26.720574,-77.323347,2026-09-10 14:31:30.843595776,13,11437,252,81
26.840853,-77.363703,2026-09-10 14:31:30.873108480,13,7449,267,29
26.654388,-77.343868,2026-09-10 14:31:31.43502848,13,6896,241,38
26.616435,-77.307528,2026-09-10 14:31:31.72826112,13,14003,238,18
26.670177,-77.355024,2026-09-10 14:31:31.143271936,13,6541,237,19
28.649371,-95.319266,2026-09-10 14:31:31.648569088,13,7208,259,65
28.693801,-95.279257,2026-09-10 14:31:31.648614400,13,12128,191,52
28.635808,-95.38761,2026-09-10 14:31:32.132726784,13,6020,160,21
26.090279,-86.001837,2026-09-10 14:31:33.94433792,13,7112,265,24
28.697939,-91.452665,2026-09-10 14:31:34.43131648,13,5760,131,103
28.69136,-91.370466,2026-09-10 14:31:34.43153664,13,4758,251,78
36.960616,-94.810229,2026-09-10 14:31:34.138399744,13,11774,205,45
30.027599,-90.297474,2026-09-10 14:31:34.557102592,13,2566,234,43
30.1317,-90.375544,2026-09-10 14:31:34.557161472,13,9532,120,30
28.789855,-91.492445,2026-09-10 14:31:34.582595584,13,4544,181,43
30.112976,-90.424616,2026-09-10 14:31:34.665079296,13,6913,154,27
36.785376,-94.983801,2026-09-10 14:31:34.952453120,13,9675,101,103
36.817749,-94.950933,2026-09-10 14:31:34.952462592,13,8936,162,85
24.936395,-80.101204,2026-09-10 14:31:34.963068416,13,6996,245,42
27.133945,-85.778657,2026-09-10 14:31:35.379937024,13,10115,191,69
35.834865,-96.262081,2026-09-10 14:31:36.16604928,13,11231,154,36
23.421562,-106.41496,2026-09-10 14:31:36.852342784,13,11009,264,40
28.537996,-85.361011,2026-09-10 14:31:37.516897536,13,5648,248,38
26.007953,-85.517656,2026-09-10 14:31:38.668305152,13,3955,226,55
25.810875,-86.001734,2026-09-10 14:31:40.8227328,13,6962,263,24
26.290985,-86.011638,2026-09-10 14:31:40.35834368,13,10021,257,39
25.983815,-85.879925,2026-09-10 14:31:40.83886592,13,14641,209,18
25.857891,-85.983361,2026-09-10 14:31:40.225699328,13,6589,211,79
27.643955,-83.526819,2026-09-10 14:31:41.229012480,13,13859,269,40
27.885629,-83.386279,2026-09-10 14:31:41.322117376,13,5378,200,32
27.960189,-83.370704,2026-09-10 14:31:41.322177280,13,6403,249,18
23.382466,-106.434135,2026-09-10 14:31:42.645133056,13,9404,268,57
23.703109,-106.441294,2026-09-10 14:31:43.976055552,13,10378,265,46
30.38471,-89.351919,2026-09-10 14:31:44.493734144,13,13036,123,38
23.42407,-92.630076,2026-09-10 14:31:46.190929152,13,7495,163,51
23.723796,-106.361509,2026-09-10 14:31:46.987228672,13,7514,269,47
24.061861,-108.858218,2026-09-10 14:31:47.947564800,13,8110,264,48
36.701133,-95.162661,2026-09-10 14:31:51.211959552,13,8931,137,66
36.788278,-95.057773,2026-09-10 14:31:51.212004864,13,7799,197,48
36.75343,-95.162431,2026-09-10 14:31:51.212017152,13,8909,191,35
27.26102,-96.261858,2026-09-10 14:31:51.251049984,13,6624,152,59
29.997916,-90.473556,2026-09-10 14:31:51.379514112,13,9802,159,36
30.340088,-89.947599,2026-09-10 14:31:51.804612864,13,5399,267,101
30.383186,-89.797915,2026-09-10 14:31:51.804649728,13,4182,227,100
30.413378,-89.814581,2026-09-10 14:31:51.804664320,13,8928,151,87
30.45433,-89.811295,2026-09-10 14:31:51.804709632,13,8962,239,75
30.327098,-89.21928,2026-09-10 14:31:52.763936256,13,5127,213,68
30.234412,-89.159198,2026-09-10 14:31:52.763939584,13,9164,215,49
30.413404,-89.198752,2026-09-10 14:31:52.763994368,13,8745,248,36
30.22985,-89.195913,2026-09-10 14:31:52.845085952,13,6451,149,40
30.279779,-89.23363,2026-09-10 14:31:52.932366080,13,14860,150,21
26.639848,-95.100119,2026-09-10 14:31:52.991389184,13,11248,179,18
30.31915,-89.202552,2026-09-10 14:31:53.131936512,13,5867,214,33
30.302603,-89.223132,2026-09-10 14:31:53.131960576,13,7287,125,18
25.753953,-85.270508,2026-09-10 14:31:53.374304256,13,6906,219,20
23.30087,-107.135853,2026-09-10 14:31:54.427726080,13,5349,267,101
25.714606,-85.247673,2026-09-10 14:31:55.163747072,13,2446,269,110
25.694855,-85.245952,2026-09-10 14:31:55.163746560,13,10922,227,97
30.096037,-90.357079,2026-09-10 14:31:55.282142976,13,8095,154,67
35.154533,-98.123538,2026-09-10 14:31:55.802298368,13,11037,183,51
35.203135,-98.054946,2026-09-10 14:31:55.802363392,13,3930,185,38
35.224012,-98.06271,2026-09-10 14:31:55.802367232,13,12018,191,22
28.655652,-95.395936,2026-09-10 14:31:56.165532672,13,8762,177,39
28.706003,-95.395534,2026-09-10 14:31:56.165546752,13,6030,234,29
26.482766,-86.110663,2026-09-10 14:31:56.606004480,13,6108,224,56
27.311559,-84.166945,2026-09-10 14:31:56.642208512,13,5166,221,105
27.327497,-84.177384,2026-09-10 14:31:56.642217984,13,5702,253,86
26.580802,-86.070563,2026-09-10 14:31:56.723275264,13,9228,255,21
26.602262,-86.117878,2026-09-10 14:31:56.824194304,13,2869,261,23
24.086153,-107.802989,2026-09-10 14:31:57.411368192,13,7128,263,37
23.874884,-107.96494,2026-09-10 14:31:57.672111616,13,12658,229,41
25.251557,-88.943907,2026-09-10 14:31:58.951697664,13,6835,224,70
25.295739,-88.944263,2026-09-10 14:31:58.957403648,13,1984,227,73
25.309222,-88.983921,2026-09-10 14:31:58.957406208,13,2693,220,102
25.276945,-88.909832,2026-09-10 14:31:59.41827072,13,8422,180,52
25.257387,-88.903439,2026-09-10 14:31:59.171363072,13,8103,222,52
28.707588,-91.408572,2026-09-10 14:31:59.387370240,13,7673,133,24
28.673662,-91.066692,2026-09-10 14:31:59.599256064,13,3378,234,103
28.51736,-90.875366,2026-09-10 14:31:59.599229184,13,11042,212,31
25.160176,-82.436493,2026-09-10 14:32:01.869992448,13,4754,237,88
25.13327,-82.32037,2026-09-10 14:32:02.121590784,13,6370,230,27
24.946282,-80.291136,2026-09-10 14:32:04.73050112,13,10989,252,47
23.432464,-106.445841,2026-09-10 14:32:04.351137536,13,12380,267,21
23.422343,-106.478217,2026-09-10 14:32:04.677101568,13,12781,267,20
25.622133,-85.327884,2026-09-10 14:32:05.257324032,13,5304,270,49
16.524226,-71.676772,2026-09-10 14:32:06.261627648,13,8897,189,21
40.465661,-38.726842,2026-09-10 14:32:08.544708096,13,13658,165,64
28.814849,-91.014059,2026-09-10 14:32:09.884753152,13,6900,233,47
28.83067,-91.018735,2026-09-10 14:32:10.180954880,13,7337,187,63
28.888074,-91.015577,2026-09-10 14:32:10.180981248,13,10160,183,54
28.780695,-91.088936,2026-09-10 14:32:10.259141120,13,12419,234,16
28.759385,-91.071071,2026-09-10 14:32:10.306206464,13,7216,233,21
28.778783,-91.071724,2026-09-10 14:32:10.528663552,13,8550,182,21
26.645355,-77.355972,2026-09-10 14:32:11.760501504,13,5068,243,36
26.838167,-77.376699,2026-09-10 14:32:11.866044672,13,9067,265,25
26.624751,-77.353846,2026-09-10 14:32:11.982554112,13,5251,262,32
25.874957,-85.972187,2026-09-10 14:32:12.831659776,13,12898,208,41
23.734224,-106.557319,2026-09-10 14:32:13.651311872,13,14958,262,51
28.492109,-90.560669,2026-09-10 14:32:14.331267072,13,4582,183,118
28.496354,-90.571467,2026-09-10 14:32:14.331267840,13,10787,119,119
28.597811,-90.545478,2026-09-10 14:32:14.331334400,13,11274,251,96
28.518322,-90.628988,2026-09-10 14:32:14.384670720,13,14965,183,26
27.232911,-84.02881,2026-09-10 14:32:14.687397120,13,9884,171,29
17.577774,-88.0302,2026-09-10 14:32:15.323520000,13,5985,255,109
27.418545,-94.308245,2026-09-10 14:32:15.719849216,13,12675,220,63
27.466942,-94.231132,2026-09-10 14:32:15.719883008,13,7745,227,45
27.500422,-94.23032,2026-09-10 14:32:15.963635712,13,8097,218,56
29.96345,-41.510731,2026-09-10 14:32:16.498965248,13,5651,203,27
28.708605,-91.488373,2026-09-10 14:32:18.103793664,13,6031,234,33
24.971481,-80.078671,2026-09-10 14:32:19.194456064,13,6900,269,34
36.456143,-95.576209,2026-09-10 14:32:19.355650816,13,12706,136,50
36.540592,-95.480237,2026-09-10 14:32:19.355676672,13,6342,173,42
36.553073,-95.483349,2026-09-10 14:32:19.793757440,13,8596,106,36
36.591883,-95.430348,2026-09-10 14:32:19.793810176,13,9493,194,20
30.071381,-90.362102,2026-09-10 14:32:20.640778496,13,3062,233,67
30.223143,-90.248978,2026-09-10 14:32:20.640848128,13,11367,231,50
24.448681,-84.134726,2026-09-10 14:32:20.718696704,13,14891,238,77
28.717175,-91.507499,2026-09-10 14:32:21.175316480,13,4825,179,131
28.700065,-91.519741,2026-09-10 14:32:21.175311104,13,7517,131,114
30.106162,-90.389692,2026-09-10 14:32:21.200992000,13,4786,213,37
28.688514,-91.566359,2026-09-10 14:32:21.255326720,13,11951,184,52
28.671838,-91.559664,2026-09-10 14:32:21.297418752,13,12464,185,24
27.158529,-96.535938,2026-09-10 14:32:21.571966976,13,10720,253,51
25.039398,-86.361761,2026-09-10 14:32:22.78865152,13,3471,262,106
25.022916,-86.345859,2026-09-10 14:32:22.78856960,13,3185,263,92
24.926664,-86.305355,2026-09-10 14:32:22.168621824,13,7913,223,24
29.784366,-88.971544,2026-09-10 14:32:22.554142464,13,12129,159,50
26.094809,-85.963493,2026-09-10 14:32:23.241301248,13,6704,209,113
26.399565,-86.083626,2026-09-10 14:32:23.340182528,13,7914,257,34
37.199374,-39.803151,2026-09-10 14:32:23.507409920,13,13617,182,30
23.83298,-106.325286,2026-09-10 14:32:26.776487424,13,11958,262,30
28.69709,-91.695068,2026-09-10 14:32:27.191528192,13,3619,181,75
28.605052,-91.571609,2026-09-10 14:32:27.191520512,13,8962,247,56
28.68759,-91.769832,2026-09-10 14:32:27.368217344,13,9419,185,22
38.354571,-39.198174,2026-09-10 14:32:27.908807424,13,14007,199,47
25.328434,-86.536634,2026-09-10 14:32:29.280199424,13,4165,269,45
25.276491,-86.528622,2026-09-10 14:32:29.295604736,13,5217,221,55
25.228911,-86.44606,2026-09-10 14:32:29.709675776,13,5701,266,19
23.755442,-106.546539,2026-09-10 14:32:30.117495296,13,10511,265,28
25.697621,-85.198667,2026-09-10 14:32:30.387228416,13,8373,210,21
29.931469,-90.253011,2026-09-10 14:32:32.298541312,13,6367,241,24
29.940137,-90.254455,2026-09-10 14:32:32.380272128,13,6999,238,20
29.92867,-90.264799,2026-09-10 14:32:32.578635264,13,8293,241,22
28.8895,-91.108696,2026-09-10 14:32:32.671433728,13,10678,181,40
24.025356,-108.040517,2026-09-10 14:32:33.566746112,13,10496,217,56
25.662566,-85.187034,2026-09-10 14:32:33.944500480,13,5780,216,30
23.403678,-107.136265,2026-09-10 14:32:34.95058944,13,8210,246,53
23.357161,-107.119293,2026-09-10 14:32:34.154099200,13,10578,268,32
28.771717,-91.160993,2026-09-10 14:32:36.272116224,13,11412,230,21
23.847077,-109.005545,2026-09-10 14:32:36.791292160,13,8323,240,40
36.003638,-96.024949,2026-09-10 14:32:36.843447040,13,11350,150,62
36.055037,-95.94035,2026-09-10 14:32:36.843482112,13,8290,198,53
36.083151,-95.922512,2026-09-10 14:32:36.843492096,13,12132,172,41
28.828926,-90.941772,2026-09-10 14:32:39.839469824,13,10496,233,19
26.202507,-86.793265,2026-09-10 14:32:40.239065088,13,4290,252,95
26.231488,-86.781806,2026-09-10 14:32:40.239072000,13,6400,213,83
26.041226,-85.948697,2026-09-10 14:32:40.505364736,13,3468,266,49
25.769548,-85.854933,2026-09-10 14:32:40.505289472,13,5351,268,31
25.964459,-85.901675,2026-09-10 14:32:40.982691328,13,5832,207,21
28.2048,-84.532355,2026-09-10 14:32:42.236520448,13,2110,237,97
28.255699,-84.521976,2026-09-10 14:32:42.236540160,13,2248,251,85
28.215707,-84.518762,2026-09-10 14:32:42.236564992,13,5267,205,68
28.790389,-91.093056,2026-09-10 14:32:42.336618496,13,4697,234,42
23.372506,-92.646769,2026-09-10 14:32:44.194178816,13,7384,253,22
25.751379,-85.222654,2026-09-10 14:32:46.240379392,13,5736,214,43
25.677053,-85.185401,2026-09-10 14:32:46.361817600,13,13571,211,14
24.77292,-80.072102,2026-09-10 14:32:46.717113600,13,6418,269,27
36.237576,-95.978328,2026-09-10 14:32:48.308580864,13,13953,149,87
36.26752,-95.929308,2026-09-10 14:32:48.308601600,13,6179,170,83
26.546133,-86.092052,2026-09-10 14:32:48.430894080,13,11283,161,81
16.387225,-88.284097,2026-09-10 14:32:49.514633728,13,3884,261,28
27.23243,-84.1457,2026-09-10 14:32:51.498120960,13,2791,230,94
27.525753,-84.327879,2026-09-10 14:32:51.498233088,13,3141,260,82
27.248471,-84.153976,2026-09-10 14:32:51.668460032,13,2593,229,55
27.448517,-83.529575,2026-09-10 14:32:52.501780480,13,5664,214,93
27.83084,-83.780748,2026-09-10 14:32:52.501926656,13,11243,259,81
26.693861,-77.287184,2026-09-10 14:32:53.88128256,13,2660,262,91
36.051404,-96.245164,2026-09-10 14:32:53.462629888,13,10933,162,47
14.859961,-105.103674,2026-09-10 14:32:54.86892800,13,7655,269,63
30.368915,-89.851165,2026-09-10 14:32:55.145521408,13,7115,146,119
30.621903,-89.792215,2026-09-10 14:32:55.145618432,13,6474,259,90
27.502722,-94.280843,2026-09-10 14:32:55.448086528,13,5904,168,42
30.347133,-89.813146,2026-09-10 14:32:55.724962560,13,4315,235,40
29.270942,-89.473169,2026-09-10 14:32:56.634197504,13,10539,163,99
23.409047,-106.445133,2026-09-10 14:32:56.880563712,13,6378,268,50
34.976677,-99.933332,2026-09-10 14:32:57.240214784,13,6244,106,123
34.894079,-100.116618,2026-09-10 14:32:57.370788608,13,7790,227,39
34.938194,-99.969878,2026-09-10 14:32:57.458776832,13,12106,101,25
34.984972,-99.988776,2026-09-10 14:32:57.593184512,13,11259,115,19
27.188334,-96.3737,2026-09-10 14:32:57.831811840,13,6651,246,37
27.172739,-85.842712,2026-09-10 14:32:58.551644160,13,3668,251,98
27.244871,-85.805273,2026-09-10 14:32:58.551670784,13,6095,251,87
24.105507,-108.873192,2026-09-10 14:32:59.511420416,13,5284,267,54
25.914926,-86.003458,2026-09-10 14:33:00.689570304,13,5304,268,89
25.969449,-85.959431,2026-09-10 14:33:00.689631232,13,4649,227,67
25.974022,-85.910208,2026-09-10 14:33:00.924160512,13,9724,209,17
36.403281,-96.138358,2026-09-10 14:33:01.205412608,13,6881,182,79
36.423049,-96.090114,2026-09-10 14:33:01.205430016,13,9127,168,63
36.361755,-96.097711,2026-09-10 14:33:01.205467392,13,10452,136,46
28.740455,-91.448679,2026-09-10 14:33:02.645443072,13,7813,178,83
28.903625,-91.364098,2026-09-10 14:33:02.645506816,13,13676,240,84
28.647994,-91.390214,2026-09-10 14:33:02.739285760,13,3816,248,67
28.804262,-91.46111,2026-09-10 14:33:02.833879040,13,14900,244,32
27.513127,-94.245636,2026-09-10 14:33:05.926706944,13,6145,265,73
27.403695,-94.136804,2026-09-10 14:33:05.926691584,13,9366,247,64
27.559537,-94.258341,2026-09-10 14:33:06.289560064,13,9165,247,41
27.479429,-94.330542,2026-09-10 14:33:06.479744256,13,10259,155,19
27.936879,-83.378989,2026-09-10 14:33:06.692532736,13,6913,252,75
28.145319,-83.486281,2026-09-10 14:33:06.846589440,13,6517,250,30
25.977296,-85.787433,2026-09-10 14:33:08.339660544,13,5869,268,32
25.959765,-85.777007,2026-09-10 14:33:08.365496320,13,7270,265,27
30.068523,-90.368971,2026-09-10 14:33:08.908857088,13,4106,163,98
30.125441,-90.349429,2026-09-10 14:33:08.908878080,13,5851,177,83
30.080273,-90.37624,2026-09-10 14:33:08.982511104,13,7507,213,39
29.981067,-90.343206,2026-09-10 14:33:09.35830528,13,8649,215,33
23.832834,-106.549727,2026-09-10 14:33:09.732728576,13,8944,262,37
25.076221,-88.992195,2026-09-10 14:33:10.481973248,13,10041,224,78
29.814041,-88.857251,2026-09-10 14:33:11.278054400,13,5136,207,125
29.905107,-88.771571,2026-09-10 14:33:11.278095104,13,4736,237,110
29.85502,-88.848737,2026-09-10 14:33:11.278071040,13,9688,184,97
29.802324,-88.829743,2026-09-10 14:33:11.471170304,13,10390,220,44
28.818621,-91.030037,2026-09-10 14:33:11.559698944,13,2911,232,73
28.791084,-91.026774,2026-09-10 14:33:11.689458432,13,5458,186,39
28.777015,-91.030028,2026-09-10 14:33:11.857358080,13,12832,187,104
29.859077,-88.895952,2026-09-10 14:33:11.979750912,13,5042,219,87
25.108981,-86.409626,2026-09-10 14:33:12.263682048,13,1879,249,83
24.973366,-86.356616,2026-09-10 14:33:12.263671040,13,8860,227,66
29.897756,-88.908819,2026-09-10 14:33:12.749623552,13,10695,166,21
28.783426,-91.09448,2026-09-10 14:33:15.237851904,13,11134,233,41
23.826657,-106.319176,2026-09-10 14:33:17.488611328,13,4557,264,55
25.196417,-82.434361,2026-09-10 14:33:19.412029952,13,3239,269,110
30.096488,-90.363819,2026-09-10 14:33:20.495275008,13,10369,157,35
30.095631,-90.366157,2026-09-10 14:33:20.712769280,13,8374,152,34
30.101323,-90.393703,2026-09-10 14:33:20.712797184,13,4842,238,17
27.453509,-94.265556,2026-09-10 14:33:22.503771904,13,5715,190,43
26.044758,-85.956452,2026-09-10 14:33:22.776403456,13,4798,215,92
26.088616,-85.953172,2026-09-10 14:33:23.380655360,13,5448,265,21
36.324964,-95.970162,2026-09-10 14:33:24.656308480,13,14546,149,89
36.423255,-95.838405,2026-09-10 14:33:24.656354048,13,13641,174,73
36.405445,-95.872548,2026-09-10 14:33:24.656349952,13,12826,135,57
36.324574,-95.940747,2026-09-10 14:33:24.656370176,13,13787,124,44
24.008509,-108.897943,2026-09-10 14:33:24.925187584,13,12440,221,43
36.616394,-96.024806,2026-09-10 14:33:27.439565056,13,5858,163,18
23.953575,-108.832504,2026-09-10 14:33:29.747370240,13,9965,221,50
28.658611,-95.306472,2026-09-10 14:33:30.111518976,13,8070,165,94
28.706734,-95.250819,2026-09-10 14:33:30.111540480,13,7491,249,54
26.68346,-77.276734,2026-09-10 14:33:30.407360256,13,5439,264,50
26.835417,-77.363922,2026-09-10 14:33:30.407450880,13,6085,269,37
26.68706,-77.310258,2026-09-10 14:33:30.451122688,13,4737,269,43
29.860029,-90.401489,2026-09-10 14:33:30.778285824,13,4695,246,37
30.077886,-90.398251,2026-09-10 14:33:30.778366208,13,5841,257,32
27.465506,-94.338522,2026-09-10 14:33:30.904351744,13,9038,223,28
29.999199,-90.432045,2026-09-10 14:33:31.181530112,13,4270,213,70
29.929884,-90.355915,2026-09-10 14:33:31.181536512,13,10563,201,56
29.930297,-90.467693,2026-09-10 14:33:31.272381696,13,12151,165,24
27.463302,-94.330833,2026-09-10 14:33:31.278059008,13,4418,219,32
29.997506,-90.423569,2026-09-10 14:33:31.477709312,13,7444,218,30
29.989334,-90.420122,2026-09-10 14:33:31.639784960,13,6568,215,32
29.888492,-90.423777,2026-09-10 14:33:31.667160576,13,6111,158,27
29.942717,-90.463241,2026-09-10 14:33:31.826263040,13,6090,157,18
27.342927,-96.360957,2026-09-10 14:33:32.323577344,13,9261,165,42
23.360806,-106.424271,2026-09-10 14:33:34.360093184,13,4405,267,101
23.422093,-106.424244,2026-09-10 14:33:34.360148736,13,7811,240,89
26.131371,-85.983565,2026-09-10 14:33:36.448322304,13,4879,264,71
35.810285,-96.992891,2026-09-10 14:33:37.297444608,13,8826,166,28
35.82297,-97.008003,2026-09-10 14:33:37.298680832,13,9489,196,47
35.630865,-97.491751,2026-09-10 14:33:37.844985344,13,10512,120,61
35.794273,-97.498917,2026-09-10 14:33:37.845006848,13,9714,166,49
35.841106,-97.522333,2026-09-10 14:33:37.845016576,13,12994,180,34
36.551672,-95.824407,2026-09-10 14:33:38.436177408,13,11371,176,43
36.608105,-95.732831,2026-09-10 14:33:38.436197888,13,5013,192,30
25.975068,-86.028876,2026-09-10 14:33:38.901568000,13,4813,266,41
25.94302,-86.010118,2026-09-10 14:33:38.966711040,13,5106,210,53
24.933649,-80.058739,2026-09-10 14:33:40.506706432,13,9127,234,41
35.866233,-96.267434,2026-09-10 14:33:41.594102528,13,9338,182,78
35.870312,-96.271712,2026-09-10 14:33:41.594105088,13,9612,172,61
30.295054,-89.222526,2026-09-10 14:33:44.230473216,13,6056,197,97
30.323662,-89.201827,2026-09-10 14:33:44.230483200,13,11025,169,99
30.312295,-89.211071,2026-09-10 14:33:44.365002752,13,11283,212,39
30.2902,-89.193173,2026-09-10 14:33:44.433687552,13,3976,158,65
30.306139,-89.202665,2026-09-10 14:33:44.508969984,13,4494,214,57
26.579727,-86.079172,2026-09-10 14:33:45.779486720,13,7287,203,85
26.60927,-86.103886,2026-09-10 14:33:45.851023872,13,6068,260,39
30.095487,-89.55413,2026-09-10 14:33:48.592369664,13,7573,239,21
23.799473,-108.639317,2026-09-10 14:33:49.285705728,13,8759,222,73
27.176464,-84.117482,2026-09-10 14:33:50.240077056,13,8737,201,44
29.953572,-88.93119,2026-09-10 14:33:51.649133056,13,12639,251,23
36.408368,-96.122445,2026-09-10 14:33:55.246619136,13,6302,151,114
36.443693,-96.095012,2026-09-10 14:33:55.246639360,13,2147,194,99
36.440137,-96.111016,2026-09-10 14:33:55.246637568,13,10070,166,82
36.403385,-96.131378,2026-09-10 14:33:55.296678400,13,5613,152,59
36.439331,-96.162295,2026-09-10 14:33:55.563599104,13,11954,120,44
28.692719,-91.1156,2026-09-10 14:33:56.950711040,13,5875,231,85
28.62235,-91.149049,2026-09-10 14:33:56.991572480,13,12314,186,30
35.560466,-97.649027,2026-09-10 14:33:58.149243136,13,6140,175,89
25.330629,-86.555087,2026-09-10 14:33:59.143930880,13,6086,259,89
29.994299,-90.447888,2026-09-10 14:34:00.448719104,13,5317,200,123
30.010733,-90.417746,2026-09-10 14:34:00.448733696,13,4459,268,100
30.276409,-90.470707,2026-09-10 14:34:00.448828928,13,10007,248,85
29.056807,-93.501803,2026-09-10 14:34:01.746960128,13,10804,221,54
24.152675,-108.925994,2026-09-10 14:34:02.695132160,13,8793,263,24
28.825674,-90.989901,2026-09-10 14:34:04.958634496,13,13111,233,59
28.819728,-91.125451,2026-09-10 14:34:05.6134784,13,6112,231,69
28.816026,-91.131903,2026-09-10 14:34:05.66908416,13,2706,232,40
28.739625,-91.177302,2026-09-10 14:34:05.170198528,13,11843,179,20
28.815664,-91.129783,2026-09-10 14:34:05.312313344,13,4175,232,85
28.757481,-91.173923,2026-09-10 14:34:05.540239104,13,7231,177,33
29.406618,-87.974856,2026-09-10 14:34:05.824738304,13,3901,215,121
29.385332,-87.967695,2026-09-10 14:34:05.824730880,13,7547,167,108
28.756834,-91.175714,2026-09-10 14:34:06.173796608,13,9409,180,26
26.123957,-85.969868,2026-09-10 14:34:06.639025664,13,4341,265,53
26.120674,-85.996868,2026-09-10 14:34:06.737609984,13,3592,265,34
29.804541,-88.996403,2026-09-10 14:34:08.373190912,13,6436,162,91
29.831735,-88.99644,2026-09-10 14:34:08.373202432,13,7547,174,94
29.889344,-88.994678,2026-09-10 14:34:08.373256704,13,4961,253,73
29.786795,-88.935159,2026-09-10 14:34:08.658537216,13,9739,158,21
36.260295,-95.843659,2026-09-10 14:34:10.458586880,13,7793,175,45
36.395509,-95.813887,2026-09-10 14:34:10.458634752,13,8055,173,45
23.44378,-107.176888,2026-09-10 14:34:11.737369344,13,5817,269,47
28.834141,-91.036155,2026-09-10 14:34:12.379404800,13,4497,229,40
28.838327,-91.034602,2026-09-10 14:34:12.444954624,13,4493,229,57
28.812893,-91.025966,2026-09-10 14:34:12.628287744,13,5068,234,34
28.856949,-91.037982,2026-09-10 14:34:13.31405056,13,7231,231,30
30.130123,-90.363837,2026-09-10 14:34:13.359705600,13,8633,162,89
30.173499,-90.348673,2026-09-10 14:34:13.359727616,13,5436,176,70
30.214546,-90.36102,2026-09-10 14:34:13.359775744,13,4865,236,52
24.109423,-108.877664,2026-09-10 14:34:13.496185600,13,10593,263,28
28.76625,-91.132739,2026-09-10 14:34:14.773641216,13,6155,254,29
28.911534,-90.900981,2026-09-10 14:34:17.273205760,13,4755,181,40
28.760202,-90.713511,2026-09-10 14:34:17.273186816,13,7974,250,31
26.076634,-85.964174,2026-09-10 14:34:17.767309824,13,7311,259,25
26.050273,-85.958293,2026-09-10 14:34:17.828446976,13,3044,266,40
26.003486,-85.927789,2026-09-10 14:34:17.905979904,13,5628,214,29
25.970684,-85.919862,2026-09-10 14:34:18.370747392,13,11355,266,20
25.172957,-82.423086,2026-09-10 14:34:19.95973888,13,8085,236,71
14.157107,127.114602,2026-09-10 14:32:16.973807360,14,5026,249,40
41.695614,12.431383,2026-09-10 14:30:00.90396416,11,5610,255,43
42.355951,12.881885,2026-09-10 14:30:03.45909504,11,11598,210,318
42.169864,23.368524,2026-09-10 14:30:06.741557760,11,11005,98,196
38.320437,12.192297,2026-09-10 14:30:07.97715200,11,5345,253,54
40.463608,11.603067,2026-09-10 14:30:09.304813824,11,3337,256,141
40.575554,11.769797,2026-09-10 14:30:10.887685632,11,11105,214,64
41.784394,12.561706,2026-09-10 14:30:13.581472256,11,5395,253,135
41.139128,12.051016,2026-09-10 14:30:14.704662016,11,2348,258,178
45.581123,6.957885,2026-09-10 14:30:16.395076352,11,6869,227,110
45.521258,6.96084,2026-09-10 14:30:16.395066880,11,9854,150,289
45.535061,6.960968,2026-09-10 14:30:16.395067904,11,7473,171,272
45.504031,7.000515,2026-09-10 14:30:16.395059712,11,4834,94,234
41.790618,12.46611,2026-09-10 14:30:17.191147520,11,8684,207,83
40.84013,11.962338,2026-09-10 14:30:18.682883072,11,10675,182,60
40.845936,11.845424,2026-09-10 14:30:19.151354880,11,7421,227,55
40.527599,11.639415,2026-09-10 14:30:19.521238272,11,14073,202,29
25.666861,-89.031411,2026-09-10 14:30:21.784431872,11,6696,255,143
41.938505,12.314534,2026-09-10 14:30:22.415848704,11,6886,194,28
41.606735,11.266169,2026-09-10 14:30:23.713940992,11,14030,229,202
41.566694,11.328671,2026-09-10 14:30:24.544258560,11,5868,236,119
40.810884,11.987012,2026-09-10 14:30:27.477800192,11,11954,225,133
40.779156,11.989236,2026-09-10 14:30:27.477795328,11,12076,130,262
40.78469,11.98577,2026-09-10 14:30:27.605864704,11,5078,246,186
40.784621,11.975991,2026-09-10 14:30:27.605868288,11,4573,177,80
40.764995,11.984717,2026-09-10 14:30:27.605862656,11,8404,128,42
31.591627,-41.025841,2026-09-10 14:30:30.805921024,11,13894,240,77
40.813026,11.822663,2026-09-10 14:30:33.948801792,11,8154,234,50
40.436685,11.613925,2026-09-10 14:30:34.792739840,11,3928,253,152
38.265886,12.190569,2026-09-10 14:30:36.732495616,11,7740,213,98
38.271056,12.171703,2026-09-10 14:30:36.732493056,11,9163,213,179
40.790505,11.938678,2026-09-10 14:30:40.57540608,11,5565,256,101
41.827841,12.46585,2026-09-10 14:30:41.154223616,11,8879,246,51
40.484596,11.638098,2026-09-10 14:30:42.487790080,11,6859,251,113
40.85055,11.999582,2026-09-10 14:30:45.768232960,11,5579,240,84
45.177476,6.970861,2026-09-10 14:30:47.836078592,11,6182,176,244
45.172845,6.957956,2026-09-10 14:30:47.836107520,11,11501,156,98
41.021911,11.965677,2026-09-10 14:30:49.267614720,11,9887,174,84
41.009769,11.946696,2026-09-10 14:30:49.740713216,11,13511,195,92
40.771277,12.010117,2026-09-10 14:30:53.300928768,11,8628,241,84
40.80306,11.985583,2026-09-10 14:30:53.389881344,11,9790,190,82
59.776128,34.280248,2026-09-10 14:30:55.878031360,11,10162,192,104
40.772672,11.923688,2026-09-10 14:31:00.49228288,11,5125,233,145
40.426307,11.660049,2026-09-10 14:31:05.680263936,11,5101,235,265
38.301642,12.167368,2026-09-10 14:31:06.820012032,11,9232,242,100
42.342279,12.450315,2026-09-10 14:31:06.854069760,11,7807,231,140
36.617312,9.050044,2026-09-10 14:31:08.669046016,11,10846,253,165
41.761179,12.533516,2026-09-10 14:31:11.434338304,11,4354,179,204
36.286578,7.948219,2026-09-10 14:31:12.573935872,11,6309,217,31
41.056418,12.063567,2026-09-10 14:31:14.241753088,11,13573,256,130
41.060602,11.989765,2026-09-10 14:31:14.241750528,11,8978,214,236
41.053184,12.054469,2026-09-10 14:31:14.241766400,11,11447,179,216
41.911688,12.414307,2026-09-10 14:31:14.417520896,11,5841,253,54
41.809733,12.435963,2026-09-10 14:31:18.113274624,11,6859,229,62
40.548761,11.702244,2026-09-10 14:31:26.729689344,11,3468,221,102
41.820525,12.509725,2026-09-10 14:31:28.165023232,11,4659,266,91
40.7272,11.912402,2026-09-10 14:31:29.657699328,11,7525,173,57
40.782371,11.91919,2026-09-10 14:31:30.920857600,11,7115,228,216
41.744317,12.433241,2026-09-10 14:31:31.396501760,11,12375,165,100
41.778075,12.445752,2026-09-10 14:31:31.396518656,11,4075,246,103
41.748692,12.458924,2026-09-10 14:31:31.433701120,11,7266,246,47
40.576748,11.703127,2026-09-10 14:31:32.321177344,11,8229,204,57
40.59357,11.724373,2026-09-10 14:31:32.321185280,11,6361,204,85
41.905138,12.26837,2026-09-10 14:31:32.748698624,11,9374,266,85
40.791184,11.952698,2026-09-10 14:31:36.383669504,11,5499,237,252
40.802301,11.952987,2026-09-10 14:31:36.971121408,11,7036,233,167
38.02863,12.004601,2026-09-10 14:31:37.172104960,11,7264,178,127
40.803965,11.898253,2026-09-10 14:31:38.311977472,11,5548,250,53
40.808159,11.911698,2026-09-10 14:31:38.311976192,11,12481,212,55
41.788419,12.486411,2026-09-10 14:31:38.620836864,11,4263,252,49
41.829619,12.373693,2026-09-10 14:31:38.620868608,11,12976,115,73
36.755243,10.43242,2026-09-10 14:31:40.487190528,11,10256,237,185
36.711772,10.396449,2026-09-10 14:31:40.487187712,11,3573,254,328
41.801532,12.371499,2026-09-10 14:31:41.782449664,11,12362,250,176
41.746926,12.454198,2026-09-10 14:31:42.314017024,11,7710,159,94
41.773608,12.453771,2026-09-10 14:31:42.314031104,11,8131,208,107
41.799532,12.466044,2026-09-10 14:31:42.314071040,11,8289,167,94
41.748059,12.484409,2026-09-10 14:31:42.394398720,11,8714,159,130
40.974655,12.198387,2026-09-10 14:31:43.621594624,11,5154,224,271
40.951686,12.191629,2026-09-10 14:31:43.621595136,11,5751,174,78
41.136275,12.066349,2026-09-10 14:31:44.56318720,11,9495,260,69
41.046247,12.075491,2026-09-10 14:31:44.95241984,11,7222,186,47
40.885492,11.94331,2026-09-10 14:31:44.224658944,11,6842,129,74
40.915052,11.971013,2026-09-10 14:31:44.224670976,11,6614,201,54
41.997848,11.701691,2026-09-10 14:31:44.841423104,11,7976,157,46
42.036851,11.697839,2026-09-10 14:31:44.841466624,11,11424,194,35
42.040661,11.705337,2026-09-10 14:31:44.865001472,11,12480,107,20
41.643776,12.252026,2026-09-10 14:31:47.302600960,11,8104,230,35
41.716468,12.415017,2026-09-10 14:31:47.302595072,11,13894,116,128
41.697191,12.397121,2026-09-10 14:31:47.302596608,11,8215,117,113
41.745238,12.444648,2026-09-10 14:31:47.302612736,11,12121,189,100
41.059425,12.142591,2026-09-10 14:31:47.427380992,11,8735,176,39
40.807767,12.023563,2026-09-10 14:31:48.166964992,11,5036,214,57
41.85621,11.769834,2026-09-10 14:31:52.803744768,11,6090,246,75
41.778737,12.477552,2026-09-10 14:31:55.297312000,11,11835,229,74
41.867649,12.46738,2026-09-10 14:31:55.297345280,11,6332,211,157
41.742097,12.478122,2026-09-10 14:31:55.297307392,11,12008,116,142
41.788606,12.494111,2026-09-10 14:31:55.297322752,11,9054,223,128
41.797644,12.561065,2026-09-10 14:31:55.504299776,11,4976,247,55
40.879315,11.981118,2026-09-10 14:31:57.308082688,11,5710,183,65
40.728632,11.859468,2026-09-10 14:31:58.151281920,11,8676,173,95
40.87,11.942606,2026-09-10 14:31:58.480386560,11,7121,217,40
41.061129,11.911226,2026-09-10 14:31:58.602022656,11,5989,222,20
45.803806,7.025831,2026-09-10 14:32:00.353962496,11,12492,128,164
45.780186,7.05443,2026-09-10 14:32:00.353966080,11,4245,159,199
41.017883,12.057347,2026-09-10 14:32:00.534829056,11,9583,255,75
40.895864,12.000345,2026-09-10 14:32:02.199154688,11,9440,169,145
41.054007,12.03862,2026-09-10 14:32:08.273724160,11,6289,223,208
41.042844,12.066553,2026-09-10 14:32:08.273727232,11,11507,242,162
40.468551,-38.7426,2026-09-10 14:32:08.544712192,11,12357,165,233
40.472245,11.691803,2026-09-10 14:32:09.554329600,11,6002,180,84
40.800915,11.886948,2026-09-10 14:32:11.1155584,11,9852,203,189
40.827356,11.90552,2026-09-10 14:32:11.1166080,11,5512,257,324
40.840145,11.865698,2026-09-10 14:32:11.1175552,11,4203,263,309
40.838903,11.912269,2026-09-10 14:32:11.1177600,11,3949,203,176
41.736427,12.46842,2026-09-10 14:32:12.918559744,11,5173,247,120
36.715913,7.579131,2026-09-10 14:32:13.143277824,11,7948,269,66
40.968725,11.94399,2026-09-10 14:32:14.757358336,11,9370,258,107
40.911483,11.898487,2026-09-10 14:32:14.757380096,11,14003,129,94
40.998831,11.943739,2026-09-10 14:32:14.757380608,11,13172,178,81
40.995695,11.931177,2026-09-10 14:32:14.757373440,11,11800,236,68
41.023662,11.938369,2026-09-10 14:32:14.757407488,11,14190,183,55
40.99177,11.877547,2026-09-10 14:32:14.973201152,11,5635,227,40
40.878743,11.913207,2026-09-10 14:32:14.973202944,11,8744,217,27
45.484097,7.340054,2026-09-10 14:32:16.674020608,11,12586,121,109
36.464429,9.12097,2026-09-10 14:32:24.74779136,11,7436,255,174
36.460983,9.080279,2026-09-10 14:32:24.74774528,11,4552,243,344
38.362441,-39.29176,2026-09-10 14:32:27.908836352,11,13461,175,88
40.766624,11.979742,2026-09-10 14:32:28.622871808,11,7768,177,112
40.884591,11.985227,2026-09-10 14:32:29.64719104,11,4378,202,122
40.989159,12.086601,2026-09-10 14:32:29.366234880,11,5853,264,168
41.841423,12.528886,2026-09-10 14:32:30.23292160,11,5567,234,72
41.054665,12.145424,2026-09-10 14:32:30.807890688,11,4192,263,108
40.968661,12.228503,2026-09-10 14:32:36.53414400,11,5681,270,72
40.985366,12.228012,2026-09-10 14:32:36.53452288,11,13221,174,38
41.686943,21.078964,2026-09-10 14:32:36.834864384,11,8957,177,49
41.027631,12.175798,2026-09-10 14:32:37.114334208,11,7534,219,76
40.925415,11.964905,2026-09-10 14:32:37.379923712,11,7070,264,125
40.922678,11.976503,2026-09-10 14:32:37.425487872,11,7643,173,38
40.891596,12.034217,2026-09-10 14:32:37.528388864,11,12242,175,23
40.40728,11.732089,2026-09-10 14:32:37.820052224,11,3576,205,54
40.972992,12.065335,2026-09-10 14:32:38.163330560,11,5264,186,51
40.997005,12.063576,2026-09-10 14:32:38.163326976,11,13014,186,94
40.541097,11.747243,2026-09-10 14:32:38.983207168,11,6402,178,51
40.581886,11.754017,2026-09-10 14:32:38.983224832,11,11740,214,78
40.768147,11.973042,2026-09-10 14:32:39.340686336,11,14634,183,91
40.742371,11.947653,2026-09-10 14:32:39.340676864,11,7291,231,95
40.770232,11.989777,2026-09-10 14:32:39.340681728,11,13559,224,82
40.754972,11.989277,2026-09-10 14:32:39.340681472,11,4629,266,63
40.467226,-38.754164,2026-09-10 14:32:40.664913408,11,12376,165,180
41.72895,12.445425,2026-09-10 14:32:44.392135936,11,8286,192,143
41.770591,12.454767,2026-09-10 14:32:44.392157184,11,2827,249,162
40.802075,11.92515,2026-09-10 14:32:44.458890240,11,4760,267,159
40.387324,11.676941,2026-09-10 14:32:44.458778368,11,13383,270,82
41.962838,12.579698,2026-09-10 14:32:46.63538432,11,8341,154,145
42.024983,12.56462,2026-09-10 14:32:46.63568640,11,4893,266,155
41.976263,12.555024,2026-09-10 14:32:46.129284608,11,9690,154,289
41.975042,12.556732,2026-09-10 14:32:46.192977152,11,9457,153,153
40.899815,11.977128,2026-09-10 14:32:47.530185472,11,7213,260,71
40.987551,12.083273,2026-09-10 14:32:48.147411200,11,11141,180,75
40.894692,12.069687,2026-09-10 14:32:48.749167104,11,12411,257,61
41.06233,12.107709,2026-09-10 14:32:48.749216000,11,8217,230,62
41.098897,12.106106,2026-09-10 14:32:48.749232896,11,8803,239,43
41.074465,12.095933,2026-09-10 14:32:48.811675648,11,2323,264,29
41.182999,12.13949,2026-09-10 14:32:48.811708416,11,13830,245,23
42.074789,11.67538,2026-09-10 14:32:51.116456448,11,5213,223,171
42.036432,11.668687,2026-09-10 14:32:51.116447744,11,11107,160,363
42.06191,11.679247,2026-09-10 14:32:51.116457984,11,9192,257,343
42.021533,11.675268,2026-09-10 14:32:51.273096192,11,5105,213,46
41.993398,12.547909,2026-09-10 14:32:51.962885376,11,11059,238,36
40.804405,11.961509,2026-09-10 14:32:55.969702912,11,6784,263,116
40.78546,11.963255,2026-09-10 14:32:55.969701888,11,9228,177,137
41.778431,12.425915,2026-09-10 14:32:56.151528448,11,5436,243,40
41.751957,12.455236,2026-09-10 14:32:56.151528448,11,7958,204,51
41.765274,12.426085,2026-09-10 14:32:56.151563008,11,14025,246,25
41.668008,12.450585,2026-09-10 14:32:56.780395264,11,13297,257,47
41.746234,12.253603,2026-09-10 14:32:56.780438784,11,12576,159,44
40.377756,11.63226,2026-09-10 14:32:58.836750080,11,4443,254,246
40.374161,11.63642,2026-09-10 14:32:58.836752384,11,3612,185,152
41.728616,12.428994,2026-09-10 14:32:59.145296640,11,4285,253,124
40.739972,11.925207,2026-09-10 14:33:00.23074048,11,9803,131,26
41.133542,12.086942,2026-09-10 14:33:03.315139840,11,5648,240,79
41.131543,12.056651,2026-09-10 14:33:03.873936896,11,10628,261,203
41.130493,12.041093,2026-09-10 14:33:03.999636480,11,4401,239,137
40.8322,12.000163,2026-09-10 14:33:05.654349312,11,8490,210,83
41.543298,11.280823,2026-09-10 14:33:06.894810112,11,6596,225,98
41.601176,11.234402,2026-09-10 14:33:06.894826752,11,6976,252,186
42.179864,11.838941,2026-09-10 14:33:07.227949056,11,11172,148,211
41.094575,12.028917,2026-09-10 14:33:07.436780032,11,5140,263,114
42.221593,11.806919,2026-09-10 14:33:07.595567616,11,2747,241,189
40.557447,11.792147,2026-09-10 14:33:08.952932864,11,6128,268,134
40.501329,11.686861,2026-09-10 14:33:08.952956928,11,7600,228,116
40.590273,11.777783,2026-09-10 14:33:08.952991232,11,12785,195,103
40.789258,11.928706,2026-09-10 14:33:09.456966656,11,8840,217,31
40.816555,11.923193,2026-09-10 14:33:09.456962304,11,8954,201,36
40.781696,11.903775,2026-09-10 14:33:09.456955904,11,14490,220,23
40.794891,11.906497,2026-09-10 14:33:09.495753472,11,7055,199,33
41.735388,12.464128,2026-09-10 14:33:12.49620992,11,9955,244,145
41.782679,12.454222,2026-09-10 14:33:12.49642240,11,6277,229,233
41.111452,12.094194,2026-09-10 14:33:14.277125376,11,11934,213,99
40.8086,11.919469,2026-09-10 14:33:15.931103232,11,6410,177,95
40.646549,11.721434,2026-09-10 14:33:16.937497600,11,7444,231,267
41.760515,12.420269,2026-09-10 14:33:18.877406464,11,6554,208,57
41.885988,12.570058,2026-09-10 14:33:18.877469440,11,12935,165,80
41.031172,12.15385,2026-09-10 14:33:19.596480000,11,8195,227,128
40.922231,11.978776,2026-09-10 14:33:20.354479104,11,5076,247,79
41.70642,12.517739,2026-09-10 14:33:25.26472704,11,13093,177,124
41.00483,11.990417,2026-09-10 14:33:26.178433280,11,12131,263,223
29.97699,-90.409605,2026-09-10 14:33:31.181524480,11,7792,163,249
41.73857,12.395065,2026-09-10 14:33:37.521355520,11,7685,252,169
40.851226,11.9983,2026-09-10 14:33:38.712750336,11,12167,176,92
42.246396,12.827146,2026-09-10 14:33:41.735519488,11,10598,213,236
42.214163,12.838902,2026-09-10 14:33:41.735514624,11,11413,211,172
40.814789,11.917298,2026-09-10 14:33:42.550132992,11,6810,260,113
40.836597,11.907092,2026-09-10 14:33:42.771403776,11,3386,252,140
40.794005,11.957753,2026-09-10 14:33:43.569444608,11,4506,251,73
41.146433,12.143741,2026-09-10 14:33:44.230270720,11,5241,253,124
40.627489,11.859069,2026-09-10 14:33:44.666092288,11,13561,180,99
41.098718,12.080682,2026-09-10 14:33:46.348144384,11,4864,241,96
41.103552,12.112889,2026-09-10 14:33:46.348193024,11,5922,178,108
40.354186,11.658968,2026-09-10 14:33:46.446394880,11,7100,258,104
40.352868,11.638777,2026-09-10 14:33:46.446439168,11,7179,223,60
57.881402,23.889086,2026-09-10 14:33:51.146173952,11,6068,113,237
38.057598,12.022749,2026-09-10 14:33:53.233862400,11,12609,230,188
38.028921,12.021946,2026-09-10 14:33:53.233890304,11,7745,216,107
40.913895,11.970882,2026-09-10 14:33:53.991423744,11,3802,213,98
40.899829,11.969124,2026-09-10 14:33:53.991420672,11,6656,221,194
40.923929,11.974868,2026-09-10 14:33:53.991429888,11,5732,181,182
41.010426,11.966632,2026-09-10 14:33:54.14564096,11,5187,204,60
41.035647,12.162749,2026-09-10 14:33:54.692881920,11,7773,264,128
40.601922,11.802155,2026-09-10 14:33:56.460297472,11,13683,133,67
40.7032,11.980089,2026-09-10 14:33:57.199313408,11,8024,212,52
40.907951,11.985096,2026-09-10 14:33:58.480852736,11,3449,267,77
40.906205,12.000039,2026-09-10 14:33:58.480890624,11,6274,195,31
40.936174,12.00082,2026-09-10 14:33:58.480897024,11,2850,258,31
41.773444,12.516349,2026-09-10 14:33:59.24895488,11,5144,247,109
41.703384,12.403737,2026-09-10 14:34:11.438862336,11,5997,269,188
41.732927,12.407868,2026-09-10 14:34:11.438881024,11,7363,247,290
40.877487,11.973197,2026-09-10 14:34:11.965632512,11,7640,265,217
41.185765,12.189157,2026-09-10 14:34:12.280222208,11,13779,261,204
41.191622,12.23494,2026-09-10 14:34:12.280241664,11,12739,170,97
41.124461,12.219577,2026-09-10 14:34:12.280241152,11,11773,204,44
41.15117,12.213257,2026-09-10 14:34:12.280253952,11,11292,226,44
41.87419,12.237221,2026-09-10 14:34:12.431339264,11,10035,234,40
41.822679,12.377304,2026-09-10 14:34:12.431354368,11,12183,252,51
41.750156,12.431877,2026-09-10 14:34:12.618157056,11,5464,247,60
41.758323,12.451177,2026-09-10 14:34:12.618203392,11,8798,199,38
30.208113,-90.373874,2026-09-10 14:34:13.359776768,11,11205,225,23
40.810729,11.957809,2026-09-10 14:34:14.634251520,11,12152,236,64
40.852759,11.990235,2026-09-10 14:34:18.507993856,11,5611,244,105
40.899037,12.062952,2026-09-10 14:34:21.697184768,11,14563,180,67
41.691091,12.418316,2026-09-10 14:30:00.90402816,12,6315,234,54
42.361525,12.894366,2026-09-10 14:30:03.45909248,12,6602,210,324
42.158742,23.309375,2026-09-10 14:30:06.741564928,12,4967,132,215
38.220099,12.169696,2026-09-10 14:30:07.97676288,12,7865,221,97
40.429834,11.60266,2026-09-10 14:30:09.304803072,12,4389,234,144
40.868455,11.831816,2026-09-10 14:30:09.437748736,12,14803,199,35
40.95047,12.043178,2026-09-10 14:30:09.437799168,12,13450,217,22
40.567038,11.773464,2026-09-10 14:30:10.887689472,12,8304,214,63
41.803196,12.555377,2026-09-10 14:30:13.581477376,12,6866,225,155
41.8051,12.558074,2026-09-10 14:30:13.649094656,12,7751,202,62
45.581123,6.957885,2026-09-10 14:30:16.395076352,12,6869,227,110
45.521258,6.96084,2026-09-10 14:30:16.395066880,12,9854,150,289
45.535061,6.960968,2026-09-10 14:30:16.395067904,12,7473,171,272
45.512491,6.996754,2026-09-10 14:30:16.395067392,12,13127,94,115
40.84013,11.962338,2026-09-10 14:30:18.682883072,12,10675,182,60
40.950487,11.952649,2026-09-10 14:30:19.95627520,12,8833,183,59
41.007268,12.097909,2026-09-10 14:30:19.95662848,12,13532,199,52
40.885589,11.938505,2026-09-10 14:30:19.104883712,12,7574,260,40
40.910494,11.900006,2026-09-10 14:30:19.151388160,12,8434,217,59
40.527599,11.639415,2026-09-10 14:30:19.521238272,12,14073,202,28
25.666861,-89.031411,2026-09-10 14:30:21.784431872,12,6696,255,143
41.938505,12.314534,2026-09-10 14:30:22.415848704,12,6886,194,28
41.537591,11.255448,2026-09-10 14:30:23.713915136,12,6191,216,188
40.810884,11.987012,2026-09-10 14:30:27.477800192,12,11954,225,150
40.780683,11.987346,2026-09-10 14:30:27.605865216,12,4847,246,128
40.764916,11.966628,2026-09-10 14:30:27.605865472,12,7185,128,69
40.463693,11.587172,2026-09-10 14:30:27.613450240,12,12040,131,56
31.591627,-41.025841,2026-09-10 14:30:30.805921024,12,13894,240,77
40.732975,11.863261,2026-09-10 14:30:31.21582336,12,11941,179,64
40.813026,11.822663,2026-09-10 14:30:33.948801792,12,8154,234,50
38.265886,12.190569,2026-09-10 14:30:36.732495616,12,7740,213,97
38.271142,12.171648,2026-09-10 14:30:36.732493568,12,9162,213,177
40.77616,11.940784,2026-09-10 14:30:40.57536512,12,4284,264,138
40.483524,11.637797,2026-09-10 14:30:42.487783680,12,10235,218,116
40.934932,12.047141,2026-09-10 14:30:43.208237824,12,3335,260,111
40.85055,11.999582,2026-09-10 14:30:45.768232960,12,5579,240,84
45.177476,6.970861,2026-09-10 14:30:47.836078592,12,6182,176,242
45.19554,6.901255,2026-09-10 14:30:47.836110336,12,13798,161,143
40.807716,12.009748,2026-09-10 14:30:53.300938496,12,13386,219,78
59.776128,34.280248,2026-09-10 14:30:55.878031360,12,10162,192,104
40.779474,11.923734,2026-09-10 14:30:59.795862272,12,6620,266,142
40.426307,11.660049,2026-09-10 14:31:05.680263936,12,5101,235,231
38.301642,12.167368,2026-09-10 14:31:06.820012032,12,9232,242,100
42.308308,12.46259,2026-09-10 14:31:06.854060544,12,4198,211,139
41.761179,12.533516,2026-09-10 14:31:11.434338304,12,4354,179,205
36.300062,7.949225,2026-09-10 14:31:12.573931520,12,8198,196,48
40.952847,12.052081,2026-09-10 14:31:13.829805824,12,8787,198,103
41.129788,12.006954,2026-09-10 14:31:14.241771520,12,10174,239,271
41.057899,11.990871,2026-09-10 14:31:14.241748992,12,8489,218,120
41.809733,12.435963,2026-09-10 14:31:18.113274624,12,6859,229,62
41.936772,11.721774,2026-09-10 14:31:18.492193024,12,9141,229,100
40.57066,11.696293,2026-09-10 14:31:26.729693696,12,6894,221,90
41.820525,12.509725,2026-09-10 14:31:28.165023232,12,4659,266,91
40.747122,11.9042,2026-09-10 14:31:29.657708032,12,9843,131,88
40.791871,11.944944,2026-09-10 14:31:30.920864256,12,2988,255,128
40.780629,11.934154,2026-09-10 14:31:30.920858368,12,7301,178,214
41.745248,12.434042,2026-09-10 14:31:31.396502272,12,8044,159,118
41.740442,12.45653,2026-09-10 14:31:31.433698560,12,4370,247,47
40.576748,11.703127,2026-09-10 14:31:32.321177344,12,8229,204,52
40.597083,11.713835,2026-09-10 14:31:32.321183232,12,11917,204,79
40.957789,11.973002,2026-09-10 14:31:32.723522560,12,10077,180,140
40.798481,11.957464,2026-09-10 14:31:36.971120896,12,3641,233,166
38.05179,12.003529,2026-09-10 14:31:37.172118528,12,5148,217,170
40.781801,11.872675,2026-09-10 14:31:38.311966720,12,6095,244,65
41.788419,12.486411,2026-09-10 14:31:38.620836864,12,4263,252,55
41.829619,12.373693,2026-09-10 14:31:38.620868608,12,12976,115,73
41.816261,12.473744,2026-09-10 14:31:38.620884736,12,7295,206,60
36.738852,10.423616,2026-09-10 14:31:40.487186432,12,9181,237,206
41.741633,12.462573,2026-09-10 14:31:42.314017024,12,7623,159,68
41.749821,12.453345,2026-09-10 14:31:42.314021376,12,7847,116,102
41.789414,12.458504,2026-09-10 14:31:42.314069760,12,9138,228,89
41.757813,12.479749,2026-09-10 14:31:42.394400512,12,5771,159,136
40.974655,12.198387,2026-09-10 14:31:43.621594624,12,5154,224,271
40.951686,12.191629,2026-09-10 14:31:43.621595136,12,5751,195,62
41.111525,12.065351,2026-09-10 14:31:44.56310016,12,8180,256,63
41.046247,12.075491,2026-09-10 14:31:44.95241984,12,7222,186,51
40.864829,11.960297,2026-09-10 14:31:44.224650752,12,5323,269,53
40.915059,11.971018,2026-09-10 14:31:44.224669184,12,6614,201,56
40.913754,11.949093,2026-09-10 14:31:44.224699648,12,6736,250,42
42.07227,11.725042,2026-09-10 14:31:44.841475328,12,8904,229,37
42.059317,11.691652,2026-09-10 14:31:44.841476864,12,6521,239,31
42.040661,11.705337,2026-09-10 14:31:44.865001472,12,12480,107,20
41.685512,12.493048,2026-09-10 14:31:47.302571776,12,12856,269,169
41.722541,12.421527,2026-09-10 14:31:47.302599424,12,12327,162,84
40.807767,12.023563,2026-09-10 14:31:48.166964992,12,5036,214,57
40.835143,11.895419,2026-09-10 14:31:48.166999296,12,14143,130,53
40.934901,11.955463,2026-09-10 14:31:48.535714304,12,11617,190,45
40.949875,11.965758,2026-09-10 14:31:48.535707392,12,7154,209,77
41.867247,11.755714,2026-09-10 14:31:52.803743744,12,6751,250,127
40.944307,11.970704,2026-09-10 14:31:55.35680768,12,4587,266,80
41.729086,12.468139,2026-09-10 14:31:55.297288960,12,13650,111,84
41.781614,12.589148,2026-09-10 14:31:55.357795584,12,7283,249,53
40.744297,11.808762,2026-09-10 14:31:56.632138240,12,4628,268,42
40.737826,11.802377,2026-09-10 14:31:56.632134144,12,4519,259,88
40.896163,11.986876,2026-09-10 14:31:57.308086528,12,7187,169,55
40.717171,11.850878,2026-09-10 14:31:58.151281664,12,6560,173,83
40.87,11.942606,2026-09-10 14:31:58.480386560,12,7121,217,40
41.073346,11.91038,2026-09-10 14:31:58.602023168,12,11345,222,19
45.798071,7.030001,2026-09-10 14:32:00.353963776,12,13471,105,164
45.797303,7.019621,2026-09-10 14:32:00.353964544,12,12009,84,121
40.475183,11.596703,2026-09-10 14:32:00.568484096,12,7829,184,81
40.880921,12.012753,2026-09-10 14:32:02.199160576,12,9912,182,170
41.059867,12.043565,2026-09-10 14:32:08.273724928,12,7386,223,207
41.023949,12.062032,2026-09-10 14:32:08.273714176,12,8712,245,174
40.435446,-38.734442,2026-09-10 14:32:08.544713216,12,8714,198,219
40.476296,11.662933,2026-09-10 14:32:09.554371584,12,6789,228,51
40.786343,11.885344,2026-09-10 14:32:11.1157376,12,3692,205,188
40.819043,11.894012,2026-09-10 14:32:11.1166336,12,4218,228,333
40.841975,11.885533,2026-09-10 14:32:11.1177344,12,5665,217,194
40.961114,12.011477,2026-09-10 14:32:11.755513344,12,6655,241,72
40.832375,11.991436,2026-09-10 14:32:11.755501056,12,9983,127,62
41.744417,12.466944,2026-09-10 14:32:12.918561536,12,11353,159,118
36.70826,7.572381,2026-09-10 14:32:13.143275520,12,8359,269,84
40.968725,11.94399,2026-09-10 14:32:14.757358336,12,9370,258,106
40.911483,11.898487,2026-09-10 14:32:14.757380096,12,14003,129,93
40.998831,11.943739,2026-09-10 14:32:14.757380608,12,13172,178,80
40.995695,11.931177,2026-09-10 14:32:14.757373440,12,11800,236,67
41.023662,11.938369,2026-09-10 14:32:14.757407488,12,14190,183,54
41.091469,11.920221,2026-09-10 14:32:14.757441024,12,13526,256,40
40.887968,11.903695,2026-09-10 14:32:14.973209088,12,10452,247,29
27.51882,-94.089417,2026-09-10 14:32:15.719931904,12,10800,226,24
45.484097,7.340054,2026-09-10 14:32:16.674020608,12,12586,121,110
45.489981,7.341132,2026-09-10 14:32:16.674029312,12,11192,127,95
36.464429,9.12097,2026-09-10 14:32:24.74779136,12,7436,255,174
36.460983,9.080279,2026-09-10 14:32:24.74774528,12,4552,243,341
36.453325,9.093065,2026-09-10 14:32:24.74775808,12,11619,211,299
28.710861,-91.707946,2026-09-10 14:32:27.191533056,12,7061,186,65
38.362441,-39.29176,2026-09-10 14:32:27.908836352,12,13461,175,138
40.762794,11.968598,2026-09-10 14:32:28.622871040,12,8384,185,128
40.82522,11.955692,2026-09-10 14:32:29.17954816,12,4445,266,221
40.884591,11.985227,2026-09-10 14:32:29.64719104,12,4378,202,108
40.977481,12.086218,2026-09-10 14:32:29.366232832,12,7171,212,71
40.893974,12.014744,2026-09-10 14:32:29.366242816,12,14058,176,137
41.025029,12.150937,2026-09-10 14:32:30.807881472,12,4106,263,120
41.041019,12.150502,2026-09-10 14:32:30.807889408,12,6114,210,106
41.093042,12.148052,2026-09-10 14:32:35.665425152,12,6159,251,52
41.132187,12.145367,2026-09-10 14:32:35.665390080,12,7240,178,126
41.142409,12.147926,2026-09-10 14:32:35.665438464,12,14562,221,113
41.686943,21.078964,2026-09-10 14:32:36.834864384,12,8957,177,50
41.034688,12.156979,2026-09-10 14:32:37.114335232,12,9517,219,64
40.911606,11.966942,2026-09-10 14:32:37.379922176,12,3114,265,100
40.40728,11.732089,2026-09-10 14:32:37.820052224,12,3576,205,54
40.972992,12.065335,2026-09-10 14:32:38.163330560,12,5264,186,49
40.99632,12.084279,2026-09-10 14:32:38.163328768,12,8114,186,91
41.188374,12.130406,2026-09-10 14:32:38.163370752,12,13350,245,77
40.960555,12.088304,2026-09-10 14:32:38.295930624,12,3931,267,81
40.546444,11.754128,2026-09-10 14:32:38.983208192,12,5720,178,68
40.584571,11.758293,2026-09-10 14:32:38.983225600,12,10174,187,85
40.72578,11.924472,2026-09-10 14:32:39.340672768,12,6491,224,84
40.742371,11.947653,2026-09-10 14:32:39.340676864,12,7291,231,94
40.770232,11.989777,2026-09-10 14:32:39.340681728,12,13559,224,81
40.754972,11.989277,2026-09-10 14:32:39.340681472,12,4629,266,62
40.4907,11.610888,2026-09-10 14:32:39.421995776,12,13951,220,42
40.50212,11.709286,2026-09-10 14:32:39.422028800,12,5559,224,34
41.858348,12.420503,2026-09-10 14:32:39.742069248,12,13959,207,42
40.467226,-38.754164,2026-09-10 14:32:40.664913408,12,12376,165,178
41.785532,12.444183,2026-09-10 14:32:44.392156928,12,5350,264,105
41.766372,12.457708,2026-09-10 14:32:44.392158976,12,6820,203,153
40.802075,11.92515,2026-09-10 14:32:44.458890240,12,4760,267,161
41.991681,12.595483,2026-09-10 14:32:46.11699712,12,6318,184,106
41.962828,12.578571,2026-09-10 14:32:46.63538432,12,8447,154,129
41.977089,12.555266,2026-09-10 14:32:46.129284864,12,9972,171,150
41.99172,12.562926,2026-09-10 14:32:46.129303552,12,11850,203,294
41.985686,12.552911,2026-09-10 14:32:46.192981504,12,4999,153,142
40.899815,11.977128,2026-09-10 14:32:47.530185472,12,7213,260,68
40.828936,11.937537,2026-09-10 14:32:47.530161664,12,8497,130,98
42.078395,11.686284,2026-09-10 14:32:51.116457472,12,6218,221,142
42.061898,11.679246,2026-09-10 14:32:51.116456960,12,9192,221,346
42.067046,11.665425,2026-09-10 14:32:51.116457216,12,3512,235,324
41.993398,12.547909,2026-09-10 14:32:51.962885376,12,11059,238,36
38.042207,11.98906,2026-09-10 14:32:55.21066752,12,7784,236,95
40.804405,11.961509,2026-09-10 14:32:55.969702912,12,6784,263,116
40.788612,11.953168,2026-09-10 14:32:55.969703680,12,5399,177,173
41.778456,12.425921,2026-09-10 14:32:56.151528448,12,5436,243,40
41.733966,12.459787,2026-09-10 14:32:56.151516416,12,9145,204,50
41.765271,12.426084,2026-09-10 14:32:56.151563008,12,14025,242,28
36.555574,9.053161,2026-09-10 14:32:56.746370560,12,4942,240,141
27.164232,-96.374695,2026-09-10 14:32:57.831804672,12,13086,250,21
40.359393,11.634577,2026-09-10 14:32:58.836745728,12,7960,267,161
40.35831,11.621074,2026-09-10 14:32:58.836746752,12,4395,136,211
40.358069,11.641704,2026-09-10 14:32:58.836754688,12,7014,191,98
41.728616,12.428994,2026-09-10 14:32:59.145296640,12,4285,253,122
40.478521,11.755,2026-09-10 14:33:00.133827840,12,13910,220,23
41.133542,12.086942,2026-09-10 14:33:03.315139840,12,5648,240,79
41.144895,12.036581,2026-09-10 14:33:03.873937408,12,7139,261,155
41.137347,12.036447,2026-09-10 14:33:03.873940736,12,3885,217,184
40.8322,12.000163,2026-09-10 14:33:05.654349312,12,8490,198,89
41.528466,11.287045,2026-09-10 14:33:06.894807808,12,8217,226,103
41.595333,11.234029,2026-09-10 14:33:06.894823936,12,6745,252,184
42.179864,11.838941,2026-09-10 14:33:07.227949056,12,11172,148,218
42.254044,11.823217,2026-09-10 14:33:07.595578880,12,4428,259,88
42.231532,11.823604,2026-09-10 14:33:07.595573504,12,2244,262,197
40.933481,11.93619,2026-09-10 14:33:08.847106560,12,8891,175,61
40.58152,11.77623,2026-09-10 14:33:08.952942336,12,6768,258,106
40.587662,11.786002,2026-09-10 14:33:08.952945920,12,9464,187,95
40.789258,11.928706,2026-09-10 14:33:09.456966656,12,8840,217,30
40.797101,11.911823,2026-09-10 14:33:09.456969984,12,13309,220,34
40.794891,11.906497,2026-09-10 14:33:09.495753472,12,7055,199,34
41.735388,12.464128,2026-09-10 14:33:12.49620992,12,9955,244,143
41.766664,12.453729,2026-09-10 14:33:12.49635072,12,7025,230,249
41.111452,12.094194,2026-09-10 14:33:14.277125376,12,11934,213,99
40.491401,11.717669,2026-09-10 14:33:16.17610752,12,8743,208,62
40.563811,11.742218,2026-09-10 14:33:16.937486592,12,13844,247,103
40.554738,11.689715,2026-09-10 14:33:16.937481984,12,10576,132,73
41.769687,12.408832,2026-09-10 14:33:18.877406976,12,9539,236,55
31.49471,-41.12008,2026-09-10 14:33:19.463269120,12,7977,254,84
41.706069,12.526891,2026-09-10 14:33:25.26475008,12,12203,177,153
41.598845,12.541772,2026-09-10 14:33:25.670010880,12,10970,243,50
36.528362,9.131582,2026-09-10 14:33:25.771828480,12,12977,216,96
40.461123,11.662887,2026-09-10 14:33:26.219941888,12,5304,233,185
29.97699,-90.409605,2026-09-10 14:33:31.181524480,12,7792,163,241
41.750421,12.403489,2026-09-10 14:33:37.521355520,12,6574,252,148
40.825498,11.918016,2026-09-10 14:33:37.646243328,12,8019,242,251
40.821226,11.993643,2026-09-10 14:33:38.712748288,12,4547,253,89
42.246396,12.827146,2026-09-10 14:33:41.735519488,12,10598,213,236
42.240466,12.831525,2026-09-10 14:33:41.735523840,12,8822,240,288
40.814789,11.917298,2026-09-10 14:33:42.550132992,12,6810,260,113
40.83325,11.906295,2026-09-10 14:33:42.771403008,12,3501,253,126
40.794005,11.957753,2026-09-10 14:33:43.569444608,12,4506,251,68
41.160437,12.149051,2026-09-10 14:33:44.230276096,12,12439,184,122
40.677641,11.747354,2026-09-10 14:33:44.666132480,12,11632,220,97
40.382414,11.658036,2026-09-10 14:33:46.446451200,12,4967,224,45
40.355868,11.643037,2026-09-10 14:33:46.446440960,12,11108,198,144
40.375319,11.651398,2026-09-10 14:33:46.446443008,12,10946,230,126
41.061439,12.109621,2026-09-10 14:33:46.575963648,12,9943,103,64
41.74026,12.457052,2026-09-10 14:33:48.417476864,12,14675,244,95
57.881402,23.889086,2026-09-10 14:33:51.146173952,12,6068,113,236
38.012821,12.000347,2026-09-10 14:33:53.233844992,12,8911,231,191
38.02096,12.017838,2026-09-10 14:33:53.233889536,12,7754,216,191
40.913895,11.970882,2026-09-10 14:33:53.991423744,12,3802,213,99
40.909137,11.966923,2026-09-10 14:33:53.991424000,12,6862,216,193
40.913168,11.965752,2026-09-10 14:33:53.991426816,12,5802,176,180
40.975458,11.975026,2026-09-10 14:33:54.14554880,12,5810,265,80
41.022242,12.151484,2026-09-10 14:33:54.692883712,12,2913,264,129
41.032618,12.143211,2026-09-10 14:33:54.692886016,12,2909,258,129
40.597385,11.805763,2026-09-10 14:33:56.460301568,12,7053,169,50
40.863235,11.92489,2026-09-10 14:33:58.422034944,12,6827,263,38
40.908709,11.988666,2026-09-10 14:33:58.480853248,12,3070,267,86
40.898683,11.880695,2026-09-10 14:33:58.480865280,12,10032,129,88
40.890437,11.980336,2026-09-10 14:33:58.480888832,12,11317,213,45
41.774647,12.520482,2026-09-10 14:33:59.24896512,12,3689,247,125
41.703384,12.403737,2026-09-10 14:34:11.438862336,12,5997,269,196
41.732927,12.407868,2026-09-10 14:34:11.438881024,12,7363,247,290
41.16372,12.230221,2026-09-10 14:34:12.280220160,12,13183,183,97
41.150835,12.201303,2026-09-10 14:34:12.280248832,12,12615,203,58
41.15335,12.210115,2026-09-10 14:34:12.280258048,12,12385,204,43
41.87419,12.237221,2026-09-10 14:34:12.431339264,12,10035,234,40
41.822679,12.377304,2026-09-10 14:34:12.431354368,12,12183,252,51
41.739507,12.444549,2026-09-10 14:34:12.618152192,12,9005,170,66
30.208113,-90.373874,2026-09-10 14:34:13.359776768,12,11205,225,23
40.810729,11.957809,2026-09-10 14:34:14.634251520,12,12152,236,63
36.203296,-40.194701,2026-09-10 14:34:17.698622208,12,9095,215,181
40.859364,11.988589,2026-09-10 14:34:18.507995392,12,5809,244,111
40.899037,12.062952,2026-09-10 14:34:21.697184768,12,14563,180,68
38.153483,12.136589,2026-09-10 15:00:00.989110784,1,6929,240,100
38.197911,12.146422,2026-09-10 15:00:00.989123072,1,4025,260,85
38.217453,12.166314,2026-09-10 15:00:00.989125632,1,8822,247,71
38.231005,12.122877,2026-09-10 15:00:00.989136128,1,5188,267,47
38.159266,12.15763,2026-09-10 15:00:00.989111808,1,10622,200,29
36.481517,7.593197,2026-09-10 15:00:01.351848704,1,12759,216,75
36.632455,7.625377,2026-09-10 15:00:01.351900160,1,8274,207,62
36.707102,7.63618,2026-09-10 15:00:01.351909632,1,7638,207,49
36.733031,7.686047,2026-09-10 15:00:01.351931648,1,6696,266,36
40.781453,11.92253,2026-09-10 15:00:01.378256896,1,5286,264,16
38.145802,12.140401,2026-09-10 15:00:01.645843968,1,5976,221,276
38.123158,12.122445,2026-09-10 15:00:01.645838848,1,6807,230,259
38.175416,12.147476,2026-09-10 15:00:01.645856512,1,3673,222,244
38.170521,12.154461,2026-09-10 15:00:01.645892608,1,12940,267,226
38.162375,12.127847,2026-09-10 15:00:01.645884160,1,6328,242,212
37.954472,12.103085,2026-09-10 15:00:01.645809920,1,5927,251,200
38.134508,12.161112,2026-09-10 15:00:01.645877760,1,5581,267,186
38.135999,12.160448,2026-09-10 15:00:01.645876480,1,7187,244,172
41.962503,12.527551,2026-09-10 15:00:08.693173504,1,14059,248,50
41.952344,12.565295,2026-09-10 15:00:08.693160448,1,13451,245,107
41.830859,12.619623,2026-09-10 15:00:08.693147904,1,8496,242,94
41.824872,12.615947,2026-09-10 15:00:08.693142528,1,14259,164,81
41.887391,12.655181,2026-09-10 15:00:08.693165824,1,12883,218,66
41.798414,12.621331,2026-09-10 15:00:08.693137920,1,7445,240,49
41.756207,12.666472,2026-09-10 15:00:08.693132288,1,11022,261,36
41.854146,12.600309,2026-09-10 15:00:08.693166592,1,10557,246,21
36.662019,10.294838,2026-09-10 15:00:08.917635584,1,4499,206,31
36.641553,10.268073,2026-09-10 15:00:08.917620224,1,8401,270,19
41.68219,12.597523,2026-09-10 15:00:09.366866432,1,5103,270,71
41.708484,12.483752,2026-09-10 15:00:09.366892032,1,12331,117,52
41.72256,12.592405,2026-09-10 15:00:09.366914048,1,11643,240,31
41.856892,12.59789,2026-09-10 15:00:09.513971712,1,12160,115,47
42.042116,12.763517,2026-09-10 15:00:09.514043904,1,14867,175,43
30.775194,-86.032356,2026-09-10 15:00:09.522491136,1,13395,262,24
36.756828,10.133958,2026-09-10 15:00:17.215155456,1,8496,209,30
40.682063,12.012293,2026-09-10 15:00:17.375722240,1,5699,246,175
40.717693,12.026138,2026-09-10 15:00:17.375737856,1,3322,205,184
40.718966,12.018005,2026-09-10 15:00:17.375734528,1,9533,178,171
40.682465,12.02623,2026-09-10 15:00:17.375728640,1,7418,178,150
40.725863,12.012001,2026-09-10 15:00:17.375743488,1,8257,222,137
40.737904,11.921369,2026-09-10 15:00:24.534980608,1,12007,216,118
40.693431,11.863772,2026-09-10 15:00:24.534966528,1,12800,232,105
40.725117,12.038648,2026-09-10 15:00:24.534997760,1,6447,201,92
41.757517,12.57643,2026-09-10 15:00:31.653340672,1,9008,250,104
41.809363,12.589955,2026-09-10 15:00:31.653368576,1,9910,196,80
41.89701,12.505982,2026-09-10 15:00:31.653437184,1,10169,201,66
41.795653,12.557543,2026-09-10 15:00:31.653398272,1,9701,251,52
41.847972,12.579745,2026-09-10 15:00:31.653415168,1,6704,250,33
41.994856,12.479135,2026-09-10 15:00:31.653473024,1,13366,252,17
41.750021,12.563968,2026-09-10 15:00:31.688862720,1,5227,269,37
41.754446,12.474421,2026-09-10 15:00:31.688901376,1,12876,206,36
41.954254,12.511522,2026-09-10 15:00:31.688976896,1,8975,203,24
41.757613,12.571408,2026-09-10 15:00:31.725042176,1,8117,227,38
41.859048,12.577067,2026-09-10 15:00:31.725085440,1,13531,197,112
41.78903,12.593389,2026-09-10 15:00:31.725106944,1,11960,212,98
41.782844,12.552938,2026-09-10 15:00:31.725092864,1,10043,240,85
41.806355,12.574595,2026-09-10 15:00:31.725102080,1,5505,236,62
41.828459,12.567398,2026-09-10 15:00:31.725105408,1,6123,244,43
41.367891,12.306341,2026-09-10 15:00:31.883336192,1,4948,255,207
41.35071,12.306077,2026-09-10 15:00:31.883334144,1,4583,268,182
41.366981,12.306196,2026-09-10 15:00:31.883340544,1,7234,174,167
41.330385,12.332609,2026-09-10 15:00:31.883326720,1,9693,162,154
41.339443,12.300679,2026-09-10 15:00:31.883331840,1,13397,121,141
41.220424,12.295545,2026-09-10 15:00:31.883331840,1,8483,218,127
41.361822,12.327885,2026-09-10 15:00:31.883379712,1,5402,211,114
41.31314,12.365838,2026-09-10 15:00:31.883351808,1,4819,267,95
41.95341,12.596454,2026-09-10 15:00:38.979115520,1,7016,221,139
41.889647,12.578631,2026-09-10 15:00:38.979106048,1,5017,261,125
41.874216,12.5874,2026-09-10 15:00:38.979100928,1,7427,244,111
41.900053,12.612839,2026-09-10 15:00:38.979106048,1,14515,152,97
41.88442,12.509326,2026-09-10 15:00:38.979142144,1,14513,115,82
41.941839,12.623396,2026-09-10 15:00:38.979171328,1,9071,186,65
41.973126,12.594702,2026-09-10 15:00:38.979180288,1,7951,254,37
41.878057,12.686794,2026-09-10 15:00:38.979138304,1,13086,246,24
41.121438,12.129225,2026-09-10 15:00:39.325821952,1,4552,262,167
41.121114,12.128725,2026-09-10 15:00:39.325818112,1,7009,244,151
40.933798,12.202622,2026-09-10 15:00:39.325783040,1,11986,220,137
41.11291,12.166095,2026-09-10 15:00:39.325858048,1,13393,195,123
41.105063,12.140923,2026-09-10 15:00:39.325849344,1,5099,195,109
41.119324,12.158969,2026-09-10 15:00:39.325853184,1,4549,197,95
41.150391,12.149609,2026-09-10 15:00:39.325866752,1,3936,256,69
30.974365,-42.258812,2026-09-10 15:00:46.408854272,1,10089,198,25
39.739792,20.962536,2026-09-10 15:00:46.433055232,1,14125,182,17
41.918551,12.061713,2026-09-10 15:00:47.34135552,1,9708,232,56
42.069238,12.002825,2026-09-10 15:00:47.34227456,1,11335,240,42
42.125671,11.989658,2026-09-10 15:00:47.34261760,1,12771,208,28
41.814215,12.520678,2026-09-10 15:00:47.129777408,1,11728,251,65
41.666134,12.569683,2026-09-10 15:00:47.129743104,1,6252,262,51
41.581332,12.754481,2026-09-10 15:00:47.129733632,1,9306,212,38
41.896078,12.58273,2026-09-10 15:00:54.620540160,1,5384,207,40
42.001504,12.772661,2026-09-10 15:00:54.620607232,1,10853,251,24
41.736156,12.637256,2026-09-10 15:00:54.699476480,1,5808,253,40
40.980154,12.194317,2026-09-10 15:01:01.863618304,1,11834,227,53
40.961176,12.16875,2026-09-10 15:01:01.863609088,1,10777,249,40
40.939553,12.19635,2026-09-10 15:01:01.863596800,1,4860,269,18
40.960852,12.143756,2026-09-10 15:01:01.983348736,1,5538,238,107
41.02979,12.127287,2026-09-10 15:01:01.983373312,1,6175,256,95
40.983212,12.068709,2026-09-10 15:01:01.983393792,1,7423,240,80
41.023186,12.113504,2026-09-10 15:01:01.983405568,1,6277,228,67
41.048596,12.123041,2026-09-10 15:01:01.983414016,1,4562,257,45
41.067986,12.116709,2026-09-10 15:01:01.983421952,1,4615,255,29
41.850905,12.662012,2026-09-10 15:01:02.200336128,1,7178,266,131
41.834986,12.69054,2026-09-10 15:01:02.200343808,1,9824,262,119
41.902562,12.673463,2026-09-10 15:01:02.200361984,1,12916,206,106
41.904811,12.64652,2026-09-10 15:01:02.200364544,1,9622,206,93
41.92369,12.62541,2026-09-10 15:01:02.200382976,1,12307,201,80
41.798858,12.556721,2026-09-10 15:01:02.200361472,1,13348,202,64
41.849926,12.752013,2026-09-10 15:01:02.200369664,1,10269,248,50
41.905356,12.68862,2026-09-10 15:01:02.200397312,1,8110,259,32
41.78013,12.5356,2026-09-10 15:01:02.215226880,1,10750,208,65
41.827241,12.637195,2026-09-10 15:01:02.215258880,1,10567,191,52
41.868146,12.665631,2026-09-10 15:01:02.215255552,1,7257,190,39
41.904481,12.697911,2026-09-10 15:01:02.215276800,1,11404,181,25
41.871206,12.719395,2026-09-10 15:01:02.394669056,1,4965,220,40
41.910612,12.663575,2026-09-10 15:01:02.394725376,1,7970,114,46
41.906363,12.691977,2026-09-10 15:01:02.394721792,1,3301,234,32
41.939735,12.677027,2026-09-10 15:01:02.394733056,1,5781,218,20
36.682271,10.164345,2026-09-10 15:01:02.635173120,1,10822,188,60
36.772383,10.247321,2026-09-10 15:01:02.635221504,1,6667,235,47
36.733229,10.285546,2026-09-10 15:01:02.669575936,1,8394,266,16
41.026452,12.053452,2026-09-10 15:01:09.763878912,1,14085,211,59
40.964389,12.107602,2026-09-10 15:01:09.763893504,1,7105,255,46
42.038986,12.718959,2026-09-10 15:01:10.272661248,1,11034,243,27
41.814798,12.509456,2026-09-10 15:01:10.272608768,1,11251,237,15
36.370203,8.464517,2026-09-10 15:01:10.382722048,1,11671,241,143
36.314159,8.408722,2026-09-10 15:01:10.382694144,1,5481,216,129
36.390849,8.483001,2026-09-10 15:01:10.382729728,1,3850,201,112
36.414366,8.489503,2026-09-10 15:01:10.382734592,1,1899,265,97
40.989838,12.178853,2026-09-10 15:01:17.460068864,1,10365,208,32
41.034993,12.216788,2026-09-10 15:01:17.460078592,1,7909,216,16
41.006033,12.198164,2026-09-10 15:01:17.721363200,1,7788,264,134
40.991407,12.201031,2026-09-10 15:01:17.721365504,1,10127,125,115
41.003536,12.180665,2026-09-10 15:01:17.721409280,1,11598,207,97
41.019235,12.199264,2026-09-10 15:01:17.721401344,1,12614,198,84
41.062165,12.211251,2026-09-10 15:01:17.721423872,1,5037,218,66
41.045897,12.194109,2026-09-10 15:01:17.721414912,1,7825,219,50
41.170435,12.149043,2026-09-10 15:01:17.721461248,1,4534,243,28
40.974545,12.156773,2026-09-10 15:01:17.825122560,1,8787,220,23
41.025666,12.206781,2026-09-10 15:01:17.825134848,1,9435,216,16
60.175239,34.481558,2026-09-10 15:01:17.896519424,1,14378,213,30
41.00911,12.184979,2026-09-10 15:01:18.1216512,1,4252,232,65
40.97673,12.16794,2026-09-10 15:01:18.1245184,1,6596,221,52
41.000901,12.192525,2026-09-10 15:01:18.1250304,1,4616,232,39
41.013527,12.203437,2026-09-10 15:01:18.1259008,1,4664,257,22
34.789992,0.082521,2026-09-10 15:01:18.157586176,1,11877,237,161
41.856034,12.689373,2026-09-10 15:01:25.295098112,1,11558,168,55
41.805496,12.713405,2026-09-10 15:01:25.295089920,1,9698,269,41
41.902953,12.685546,2026-09-10 15:01:25.295163648,1,10154,152,26
41.880186,12.608143,2026-09-10 15:01:25.421513984,1,10021,214,19
41.691582,11.554743,2026-09-10 15:01:25.501212160,1,9843,254,57
41.731348,11.521504,2026-09-10 15:01:25.501251840,1,14882,189,33
41.754877,12.59317,2026-09-10 15:01:25.525355520,1,6014,269,134
41.897828,12.584907,2026-09-10 15:01:25.525407744,1,12110,244,110
41.837233,12.560025,2026-09-10 15:01:25.525427968,1,8516,176,97
41.853753,12.58566,2026-09-10 15:01:25.525429248,1,6131,211,81
41.807143,12.582413,2026-09-10 15:01:25.525415424,1,4800,245,64
41.823212,12.585725,2026-09-10 15:01:25.525420544,1,4546,244,48
40.962088,12.286595,2026-09-10 15:01:32.745412608,1,14853,162,49
41.007252,12.265868,2026-09-10 15:01:32.745457664,1,13404,162,30
41.010513,12.25531,2026-09-10 15:01:32.745469696,1,10442,218,17
41.892379,12.565699,2026-09-10 15:01:32.852113152,1,11558,190,25
41.799828,12.501536,2026-09-10 15:01:32.884079872,1,13486,180,46
41.837972,12.670225,2026-09-10 15:01:32.884123136,1,9695,197,33
40.884693,12.103526,2026-09-10 15:01:40.330826496,1,14436,227,74
40.820836,12.131187,2026-09-10 15:01:40.330816512,1,14325,179,61
40.835797,12.134484,2026-09-10 15:01:40.330822400,1,11937,198,44
40.976511,12.110232,2026-09-10 15:01:40.330871552,1,5493,244,22
40.981244,12.137584,2026-09-10 15:01:40.397082880,1,5368,264,165
40.990933,12.117705,2026-09-10 15:01:40.397090048,1,6400,262,148
41.004246,12.131061,2026-09-10 15:01:40.397093888,1,6024,174,132
41.144802,12.328909,2026-09-10 15:01:40.397159936,1,13580,229,115
40.994918,12.121223,2026-09-10 15:01:40.397136384,1,10065,186,102
41.014376,12.137438,2026-09-10 15:01:40.397134336,1,5865,248,88
41.024797,12.130692,2026-09-10 15:01:40.397140224,1,3143,269,73
41.02148,12.134976,2026-09-10 15:01:40.397138176,1,9046,218,59
41.020442,12.125393,2026-09-10 15:01:40.654503936,1,3118,264,104
40.991608,12.119849,2026-09-10 15:01:40.654499072,1,5005,257,144
40.980604,12.094038,2026-09-10 15:01:40.654491392,1,14366,225,116
40.989162,12.10645,2026-09-10 15:01:40.654533632,1,6330,222,103
41.036335,12.138264,2026-09-10 15:01:40.654548224,1,4100,223,90
40.603889,11.965152,2026-09-10 15:01:48.503507200,1,13018,235,20
40.539947,12.011734,2026-09-10 15:01:48.636817664,1,11144,222,33
41.733374,12.465822,2026-09-10 15:01:49.838638592,1,8424,166,23
41.753408,12.673733,2026-09-10 15:01:49.961894144,1,7050,257,67
41.846871,12.653992,2026-09-10 15:01:49.961960704,1,10844,244,55
41.807107,12.660641,2026-09-10 15:01:49.961953792,1,4160,235,38
44.451623,8.360603,2026-09-10 15:01:57.227696896,1,8585,125,51
44.437347,8.324529,2026-09-10 15:01:57.227708928,1,14928,104,33
42.484011,12.710253,2026-09-10 15:01:57.477585664,1,11662,197,18
42.484026,12.705292,2026-09-10 15:01:57.477594624,1,5702,236,243
42.487564,12.700265,2026-09-10 15:01:57.477601024,1,6383,250,222
42.491396,12.711893,2026-09-10 15:01:57.477605888,1,8847,229,202
42.491879,12.714913,2026-09-10 15:01:57.477602816,1,13088,191,184
42.477944,12.715704,2026-09-10 15:01:57.477601280,1,10326,191,167
42.476953,12.706403,2026-09-10 15:01:57.477597952,1,9279,189,152
42.46677,12.70215,2026-09-10 15:01:57.477603072,1,10549,121,136
42.254811,12.846034,2026-09-10 15:01:57.477557248,1,13858,259,118
42.411106,12.828542,2026-09-10 15:01:57.477598208,1,13133,269,99
42.537076,12.684046,2026-09-10 15:01:57.477658624,1,8428,243,80
42.48843,12.756147,2026-09-10 15:01:57.477627648,1,3332,265,62
36.782815,10.235429,2026-09-10 15:02:04.542610688,1,6488,200,25
40.878678,12.222921,2026-09-10 15:02:04.549823744,1,14905,218,157
40.968282,12.233881,2026-09-10 15:02:04.549852416,1,10859,220,159
40.988473,12.225737,2026-09-10 15:02:04.549859840,1,14337,173,142
40.977874,12.221836,2026-09-10 15:02:04.549855744,1,12479,179,123
41.001609,12.238979,2026-09-10 15:02:04.549872640,1,9790,198,108
41.214694,12.293601,2026-09-10 15:02:04.549937664,1,13286,238,95
41.044386,12.28382,2026-09-10 15:02:04.549886720,1,11299,238,76
41.111162,12.206513,2026-09-10 15:02:04.549913344,1,10139,226,64
40.976307,12.231503,2026-09-10 15:02:04.549896448,1,10608,255,40
40.555347,11.672786,2026-09-10 15:02:04.572355840,1,14566,130,24
41.756555,12.657506,2026-09-10 15:02:04.695218688,1,3548,254,96
41.755276,12.654327,2026-09-10 15:02:04.695220736,1,3109,258,83
41.933389,12.686933,2026-09-10 15:02:04.695287040,1,10977,214,68
41.778592,12.618679,2026-09-10 15:02:04.695270400,1,6128,213,55
41.819225,12.643889,2026-09-10 15:02:04.695278336,1,3931,258,39
41.950355,12.620294,2026-09-10 15:02:04.695324160,1,2940,237,24
40.8174,12.055565,2026-09-10 15:02:04.779150592,1,7716,198,53
40.875506,12.090136,2026-09-10 15:02:04.779199232,1,11155,204,39
40.902881,12.070023,2026-09-10 15:02:04.779214592,1,3686,258,24
41.041628,12.40195,2026-09-10 15:02:04.815115776,1,13797,235,24
41.784684,12.582147,2026-09-10 15:02:05.45004288,1,6089,114,18
41.749362,12.598678,2026-09-10 15:02:05.73258240,1,2995,258,49
41.659599,12.7568,2026-09-10 15:02:05.73244928,1,10200,211,34
41.777501,12.585838,2026-09-10 15:02:05.174678272,1,8608,114,19
40.894096,12.234571,2026-09-10 15:02:12.789999104,1,12671,265,28
38.033735,12.047147,2026-09-10 15:02:12.972082944,1,12625,233,96
38.045957,12.053825,2026-09-10 15:02:12.972098304,1,5619,238,84
38.038053,12.044996,2026-09-10 15:02:12.972089088,1,5724,231,71
38.045633,12.055965,2026-09-10 15:02:12.972096000,1,4560,231,55
38.081984,12.062756,2026-09-10 15:02:12.972108544,1,6122,245,39
38.272714,11.999213,2026-09-10 15:02:12.972177920,1,7460,256,18
40.874463,12.147073,2026-09-10 15:02:13.157113088,1,13572,227,109
40.793359,12.144621,2026-09-10 15:02:13.157098496,1,4743,176,92
40.842971,12.159238,2026-09-10 15:02:13.157143296,1,13607,252,64
41.763681,12.563884,2026-09-10 15:02:20.243979008,1,13608,191,38
41.775088,12.603323,2026-09-10 15:02:20.243983360,1,7413,203,25
42.136153,12.079434,2026-09-10 15:02:20.314329856,1,11053,183,28
41.78777,11.728657,2026-09-10 15:02:20.326258944,1,5448,235,165
41.705102,11.728576,2026-09-10 15:02:20.326238208,1,11967,268,151
41.816988,11.733392,2026-09-10 15:02:20.326282496,1,14573,206,134
41.769724,11.737493,2026-09-10 15:02:20.326273280,1,6349,233,111
41.842243,11.714077,2026-09-10 15:02:20.326302208,1,12043,179,97
41.822344,11.741485,2026-09-10 15:02:20.326326784,1,6602,209,84
41.869577,11.715481,2026-09-10 15:02:20.326339584,1,7915,255,61
41.824079,11.724187,2026-09-10 15:02:20.336386816,1,6973,255,43
36.74273,10.090142,2026-09-10 15:02:20.427458304,1,6581,268,338
36.709656,10.106841,2026-09-10 15:02:20.427445248,1,5892,229,343
36.70077,10.088712,2026-09-10 15:02:20.427441664,1,7961,233,325
36.71813,10.089753,2026-09-10 15:02:20.427451392,1,4191,253,309
36.7303,10.112623,2026-09-10 15:02:20.427457792,1,8370,244,296
41.910392,12.610206,2026-09-10 15:02:27.938964992,1,7920,268,57
41.914956,12.474735,2026-09-10 15:02:27.939000320,1,13816,170,43
41.947362,12.658995,2026-09-10 15:02:27.939030016,1,5580,197,30
41.894399,12.608287,2026-09-10 15:02:27.939023616,1,11718,251,16
29.326068,-64.600749,2026-09-10 15:02:27.989917952,1,14942,224,21
40.876868,12.067015,2026-09-10 15:02:28.202427904,1,8379,219,33
41.810617,12.599067,2026-09-10 15:02:28.354436864,1,4730,266,68
41.752072,12.623124,2026-09-10 15:02:28.354422016,1,5797,267,58
41.846334,12.618821,2026-09-10 15:02:28.354454016,1,4503,239,43
41.788525,12.59678,2026-09-10 15:02:28.354473728,1,6247,203,31
40.418458,11.93169,2026-09-10 15:02:28.379638528,1,14515,213,22
36.722929,10.110948,2026-09-10 15:02:28.652828672,1,2700,242,33
36.848387,10.112375,2026-09-10 15:02:28.652869632,1,6646,247,21
36.704503,10.433026,2026-09-10 15:02:28.682441472,1,7257,248,26
36.737489,10.435864,2026-09-10 15:02:28.682453760,1,3387,239,29
36.741572,10.452298,2026-09-10 15:02:28.723563520,1,6950,264,44
40.869101,12.094229,2026-09-10 15:02:35.913876992,1,7116,189,65
40.914258,12.159361,2026-09-10 15:02:35.913889792,1,7327,200,51
40.809096,12.260608,2026-09-10 15:02:35.913835520,1,3081,254,33
40.914974,12.080447,2026-09-10 15:02:35.913894656,1,4502,219,21
40.631429,12.049235,2026-09-10 15:02:35.957380864,1,14389,212,27
36.458171,10.044271,2026-09-10 15:02:36.23612928,1,5431,216,18
40.738802,12.139264,2026-09-10 15:02:36.572061184,1,5300,237,72
40.713268,12.145242,2026-09-10 15:02:36.572061696,1,10442,130,58
40.681745,12.215076,2026-09-10 15:02:36.572077056,1,4150,167,45
40.721247,12.146044,2026-09-10 15:02:36.572099840,1,6351,221,26
41.848405,12.677325,2026-09-10 15:02:36.606525952,1,5169,269,25
41.915987,12.642094,2026-09-10 15:02:36.606551808,1,14202,116,50
40.782696,12.210285,2026-09-10 15:02:36.611434752,1,6821,221,35
40.96117,12.177545,2026-09-10 15:02:36.611507456,1,8595,211,39
40.963905,12.265452,2026-09-10 15:02:36.611514368,1,14588,162,26
42.391075,12.706594,2026-09-10 15:02:44.340619776,1,4549,226,34
41.862367,12.640339,2026-09-10 15:02:44.560092416,1,6940,270,43
42.169221,12.977668,2026-09-10 15:02:44.602560256,1,3164,201,461
42.169419,12.97399,2026-09-10 15:02:44.602562048,1,4089,224,443
42.164207,12.981389,2026-09-10 15:02:44.602562304,1,3721,238,430
42.183478,12.972062,2026-09-10 15:02:44.602565376,1,3752,238,414
42.179724,12.971814,2026-09-10 15:02:44.602569472,1,5906,241,396
42.181619,12.977917,2026-09-10 15:02:44.602567424,1,5081,222,378
40.855369,12.020117,2026-09-10 15:02:52.406524928,1,13474,138,26
40.541099,11.964388,2026-09-10 15:02:52.551706368,1,10563,222,26
41.764425,12.669009,2026-09-10 15:02:52.594707456,1,10120,267,44
40.873985,12.188535,2026-09-10 15:02:52.593693696,1,10217,219,25
41.849958,12.652002,2026-09-10 15:02:52.594777088,1,5797,212,22
27.368727,-96.284558,2026-09-10 15:02:52.707882496,1,7899,210,25
40.816749,12.064658,2026-09-10 15:02:52.906522880,1,8608,232,109
40.743161,12.074313,2026-09-10 15:02:52.906508800,1,7819,180,95
2.616337,115.428722,2026-09-10 15:00:08.193393152,2,11443,232,25
7.381781,103.016592,2026-09-10 15:00:10.545906944,2,13804,194,25
15.912671,137.364999,2026-09-10 15:00:12.566338816,2,4103,248,25
31.115437,100.085074,2026-09-10 15:00:17.646321152,2,13360,242,33
-28.433127,126.889336,2026-09-10 15:00:41.651782912,2,9479,206,17
-28.473071,127.017458,2026-09-10 15:00:41.698584576,2,12499,206,16
-28.439852,126.918136,2026-09-10 15:00:41.726343424,2,10833,206,15
-18.686938,127.247933,2026-09-10 15:00:42.994168064,2,14008,240,15
2.61354,113.723183,2026-09-10 15:00:51.94744064,2,8379,209,27
7.68054,102.978446,2026-09-10 15:00:52.820975872,2,14419,194,28
-27.666766,127.30806,2026-09-10 15:00:58.363111936,2,9386,187,19
-27.739211,127.405292,2026-09-10 15:00:58.496612352,2,9858,211,15
-27.745807,127.375341,2026-09-10 15:00:58.898697216,2,8357,211,16
-28.147604,127.126572,2026-09-10 15:01:09.281480192,2,9291,214,32
-27.747457,127.387387,2026-09-10 15:01:30.35472384,2,9793,210,13
-28.358515,126.964005,2026-09-10 15:01:45.298679552,2,10492,182,24
-28.393498,126.950994,2026-09-10 15:01:45.321638912,2,8999,207,15
-27.696506,127.323014,2026-09-10 15:02:02.76345600,2,9542,211,15
-3.211652,138.634192,2026-09-10 15:02:22.524323328,2,10870,178,30
15.765511,137.590348,2026-09-10 15:02:28.552207360,2,13921,187,19
-27.713922,127.275551,2026-09-10 15:02:34.276073728,2,10832,211,14
-3.13917,138.692047,2026-09-10 15:02:40.334923520,2,7354,178,29
-28.362299,126.853995,2026-09-10 15:02:47.430117632,2,11329,183,22
54.709016,104.526772,2026-09-10 15:02:48.466460672,2,8710,214,37
-26.807306,129.234583,2026-09-10 15:02:51.151484416,2,6621,222,16
-27.70036,127.318444,2026-09-10 15:03:02.579081728,2,9427,211,17
-27.744776,127.383143,2026-09-10 15:03:02.628925696,2,9955,211,14
25.021809,-80.123552,2026-09-10 15:00:03.985855488,3,8284,234,75
24.803884,-80.071745,2026-09-10 15:00:03.985810432,3,5701,269,60
24.900024,-80.114672,2026-09-10 15:00:04.474698496,3,2148,269,31
24.88331,-80.097096,2026-09-10 15:00:04.696799232,3,8819,269,19
24.175574,-108.031012,2026-09-10 15:00:05.376017408,3,11419,263,49
24.21899,-107.981503,2026-09-10 15:00:05.426659328,3,5343,267,32
28.722319,-93.339779,2026-09-10 15:00:06.262389760,3,3622,249,76
28.869111,-93.331101,2026-09-10 15:00:06.262437632,3,3795,248,77
24.64599,-80.225295,2026-09-10 15:00:14.651162112,3,4250,246,83
24.786824,-80.274186,2026-09-10 15:00:14.686330880,3,3471,269,33
28.993838,-91.111964,2026-09-10 15:00:16.439311104,3,5756,180,122
28.897881,-91.066378,2026-09-10 15:00:16.439294720,3,5002,221,110
28.903156,-91.097675,2026-09-10 15:00:16.439290880,3,8169,182,94
25.85121,-85.308343,2026-09-10 15:00:23.626856960,3,6218,218,59
25.883709,-85.325769,2026-09-10 15:00:23.656564736,3,4108,268,57
25.898015,-85.318175,2026-09-10 15:00:23.656606976,3,3714,252,29
26.525659,-84.663693,2026-09-10 15:00:23.798757888,3,4885,267,41
23.886562,-109.06863,2026-09-10 15:00:31.201727744,3,13123,222,24
28.778799,-91.079458,2026-09-10 15:00:31.549040896,3,7598,179,35
28.891616,-91.064942,2026-09-10 15:00:32.99247616,3,5336,181,112
28.863292,-91.074799,2026-09-10 15:00:32.99244032,3,12649,132,101
28.92761,-91.056449,2026-09-10 15:00:32.99303424,3,12111,242,67
6.405959,-82.055049,2026-09-10 15:00:39.769599744,3,8161,229,51
25.153463,-82.534866,2026-09-10 15:00:41.209534720,3,12889,243,84
28.816176,-91.047458,2026-09-10 15:00:48.456957952,3,8736,130,58
28.940374,-91.036171,2026-09-10 15:00:48.457032192,3,5966,263,38
28.929759,-91.056961,2026-09-10 15:00:48.457031936,3,9355,245,25
16.94802,-106.176819,2026-09-10 15:00:48.995680256,3,7283,266,63
16.933404,-106.180257,2026-09-10 15:00:48.995674368,3,6315,264,66
28.816332,-91.038495,2026-09-10 15:00:49.243469312,3,3590,178,59
28.974143,-90.878572,2026-09-10 15:00:49.243554304,3,7910,244,49
28.864414,-91.022547,2026-09-10 15:00:49.243522048,3,7266,243,38
28.903746,-91.051669,2026-09-10 15:00:49.243529728,3,8716,246,24
28.849188,-91.616578,2026-09-10 15:00:49.915388928,3,5009,186,41
28.766347,-91.593666,2026-09-10 15:00:49.915397632,3,4799,258,30
24.890335,-89.663431,2026-09-10 15:00:51.237792768,3,6148,236,28
24.531953,-107.913437,2026-09-10 15:00:51.404530432,3,4368,265,45
24.461282,-107.915911,2026-09-10 15:00:51.463934464,3,14741,261,26
41.347386,-38.032692,2026-09-10 15:00:51.506113280,3,7882,173,32
26.200033,-84.508109,2026-09-10 15:00:59.583951104,3,9245,268,27
26.318943,-84.597555,2026-09-10 15:00:59.690113536,3,4911,210,27
26.33024,-84.577726,2026-09-10 15:00:59.867118080,3,12779,198,33
26.258697,-84.64275,2026-09-10 15:00:59.923151616,3,11254,257,15
28.885515,-90.918507,2026-09-10 15:01:02.828037632,3,10140,177,74
28.809465,-90.869648,2026-09-10 15:01:02.828046336,3,7534,184,51
29.044734,-90.928568,2026-09-10 15:01:02.828128000,3,4852,265,38
29.245888,-90.847714,2026-09-10 15:01:02.828201984,3,14711,261,16
27.734115,-83.401857,2026-09-10 15:01:03.160720640,3,11291,184,39
27.797548,-83.413417,2026-09-10 15:01:03.160737536,3,6692,252,67
27.770659,-83.396941,2026-09-10 15:01:03.160764928,3,8615,222,54
27.789906,-83.421039,2026-09-10 15:01:03.160767744,3,9456,220,37
27.724578,-83.397256,2026-09-10 15:01:03.281333504,3,4607,204,49
27.835516,-83.41466,2026-09-10 15:01:03.281408256,3,4295,252,33
27.765618,-83.389381,2026-09-10 15:01:03.281387008,3,7036,220,18
36.32407,-95.820028,2026-09-10 15:01:12.73597440,3,4756,145,29
36.343819,-95.760172,2026-09-10 15:01:12.73613824,3,13139,144,37
36.382655,-95.846961,2026-09-10 15:01:12.73627392,3,14529,152,23
36.416353,-96.05649,2026-09-10 15:01:12.124981248,3,12619,189,34
36.408669,-95.853928,2026-09-10 15:01:12.125044736,3,11147,194,22
36.392619,-95.888615,2026-09-10 15:01:12.185596160,3,9817,148,39
36.420386,-95.854478,2026-09-10 15:01:12.185648640,3,12345,167,25
28.763886,-91.099131,2026-09-10 15:01:19.727101952,3,10961,181,19
23.756966,-108.60674,2026-09-10 15:01:22.700241920,3,6988,265,38
23.733771,-108.627596,2026-09-10 15:01:22.700227584,3,10953,265,27
23.796098,-108.584395,2026-09-10 15:01:22.910643968,3,10747,265,52
23.774343,-108.616382,2026-09-10 15:01:22.910633984,3,14504,265,42
23.64592,-108.735794,2026-09-10 15:01:22.910618368,3,9575,263,26
37.242209,-39.649153,2026-09-10 15:01:23.70162688,3,12731,180,26
25.611702,-80.243938,2026-09-10 15:01:23.290890496,3,11149,270,65
25.547744,-80.215544,2026-09-10 15:01:23.290875648,3,4322,241,44
36.694173,-95.024555,2026-09-10 15:01:23.888457984,3,6728,169,37
36.762529,-94.946191,2026-09-10 15:01:23.888492288,3,9363,115,28
35.921858,-42.523392,2026-09-10 15:01:26.361949952,3,6614,216,64
30.136111,-42.189957,2026-09-10 15:01:36.174406400,3,10873,245,38
30.312912,-89.343826,2026-09-10 15:01:37.620968448,3,11677,155,109
30.380525,-89.33352,2026-09-10 15:01:37.621001472,3,7243,222,87
30.374456,-89.334548,2026-09-10 15:01:37.621031168,3,6136,240,73
30.349797,-89.336726,2026-09-10 15:01:37.621019136,3,13764,251,60
30.440716,-89.3435,2026-09-10 15:01:37.621048320,3,5412,255,45
30.312419,-89.349884,2026-09-10 15:01:37.621014528,3,9124,223,32
30.320887,-89.338483,2026-09-10 15:01:37.646077952,3,5284,212,36
30.310109,-89.344569,2026-09-10 15:01:37.646113280,3,12453,119,23
30.281179,-89.31705,2026-09-10 15:01:37.658438144,3,4296,239,41
30.315101,-89.298636,2026-09-10 15:01:37.658485248,3,3478,246,28
30.287632,-89.354821,2026-09-10 15:01:37.701233920,3,12898,215,21
30.120062,-89.156287,2026-09-10 15:01:37.721145856,3,4461,244,43
30.320116,-89.368825,2026-09-10 15:01:37.721221376,3,6103,249,29
30.332718,-89.329328,2026-09-10 15:01:37.721228032,3,12432,190,14
30.125343,-89.197749,2026-09-10 15:01:37.754255360,3,3983,242,36
30.304437,-89.350235,2026-09-10 15:01:37.754325248,3,9623,125,23
26.572475,-77.197108,2026-09-10 15:01:37.825860864,3,5950,255,62
26.735424,-77.271907,2026-09-10 15:01:37.825953280,3,5736,270,44
30.361066,-89.335133,2026-09-10 15:01:38.246871552,3,2557,213,46
30.323953,-89.328423,2026-09-10 15:01:38.246896128,3,9373,119,33
30.67693,-89.19971,2026-09-10 15:01:38.247023360,3,13765,262,15
30.307629,-89.296868,2026-09-10 15:01:38.305371136,3,6027,152,23
30.408006,-89.314643,2026-09-10 15:01:38.305433344,3,6614,240,27
30.352524,-89.330954,2026-09-10 15:01:38.443864064,3,4693,215,36
30.336326,-89.33628,2026-09-10 15:01:38.443893248,3,6540,124,22
25.918268,-85.346073,2026-09-10 15:01:46.854214656,3,4643,234,41
25.780438,-85.255429,2026-09-10 15:01:46.854194432,3,6074,245,25
25.65533,-85.342244,2026-09-10 15:01:47.119391744,3,6012,270,15
26.29585,-84.600967,2026-09-10 15:01:49.38635520,3,11933,199,29
26.293303,-84.686965,2026-09-10 15:01:49.88335872,3,4814,257,35
26.34495,-84.623613,2026-09-10 15:01:49.88384768,3,7247,230,21
26.381693,-84.656113,2026-09-10 15:01:49.235798528,3,10808,223,43
29.999946,-90.437081,2026-09-10 15:01:50.198533120,3,2599,234,62
30.031828,-90.47603,2026-09-10 15:01:50.198541568,3,9053,201,110
30.115301,-90.459877,2026-09-10 15:01:50.198573312,3,7784,241,97
25.835622,-85.330161,2026-09-10 15:01:59.563247360,3,2208,268,87
25.808215,-85.330678,2026-09-10 15:01:59.563243776,3,5519,226,79
25.860601,-85.330128,2026-09-10 15:01:59.673641984,3,5819,268,20
25.732447,-85.356266,2026-09-10 15:01:59.736409856,3,13218,262,34
27.786115,-83.441136,2026-09-10 15:02:01.719232512,3,6106,226,63
27.812658,-83.407758,2026-09-10 15:02:01.719282688,3,11063,224,45
27.820184,-83.433649,2026-09-10 15:02:01.719278336,3,6273,220,32
28.016967,-83.54146,2026-09-10 15:02:01.728481536,3,11348,248,27
27.792842,-83.42661,2026-09-10 15:02:01.756833024,3,1787,232,54
27.867693,-83.435416,2026-09-10 15:02:01.756886784,3,8391,254,43
27.75626,-83.442579,2026-09-10 15:02:01.884599040,3,1893,219,58
27.930682,-83.496517,2026-09-10 15:02:01.884690432,3,13886,254,43
27.793557,-83.413196,2026-09-10 15:02:01.903108608,3,8522,183,17
18.553449,-110.697697,2026-09-10 15:02:12.938932736,3,12007,266,21
25.783781,-85.253198,2026-09-10 15:02:12.968314368,3,4739,209,34
25.893562,-85.32345,2026-09-10 15:02:12.968355328,3,6440,261,21
25.880593,-85.329053,2026-09-10 15:02:13.423463936,3,954,270,53
25.826625,-85.368337,2026-09-10 15:02:13.423467520,3,3376,261,41
31.693475,-41.058562,2026-09-10 15:02:13.645533184,3,11687,205,58
17.187369,-106.324144,2026-09-10 15:02:16.741138176,3,9194,265,24
17.207898,-106.340388,2026-09-10 15:02:16.985694720,3,7104,265,30
20.366116,-85.442225,2026-09-10 15:02:17.751163648,3,10044,261,24
23.7545,-108.803987,2026-09-10 15:02:17.810107648,3,11028,265,23
28.702087,-91.542986,2026-09-10 15:02:18.696792064,3,5875,132,104
28.794702,-91.541898,2026-09-10 15:02:18.696857600,3,7021,249,75
30.282327,-42.204841,2026-09-10 15:02:26.325538560,3,14762,200,24
24.482834,-83.79445,2026-09-10 15:02:27.193834496,3,14488,234,18
28.779772,-64.120365,2026-09-10 15:02:27.989680384,3,10592,188,41
28.974958,-48.659403,2026-09-10 15:02:35.219187200,3,6704,241,42
20.359108,-85.434715,2026-09-10 15:02:42.575690240,3,13072,262,24
25.661639,-85.172154,2026-09-10 15:02:42.804331008,3,3317,270,36
25.75294,-85.232084,2026-09-10 15:02:42.894762496,3,5958,174,21
30.124522,-90.455472,2026-09-10 15:02:43.409266176,3,7027,215,22
30.045852,-90.337581,2026-09-10 15:02:43.490256128,3,2658,234,55
30.187587,-90.425887,2026-09-10 15:02:43.490298112,3,12785,120,42
30.213821,-90.389486,2026-09-10 15:02:43.490332416,3,6177,256,27
27.93884,-83.429026,2026-09-10 15:02:43.537095936,3,5644,262,43
27.844425,-83.425345,2026-09-10 15:02:43.537086208,3,6840,249,30
28.897784,-90.949548,2026-09-10 15:02:43.610650624,3,7141,181,97
28.985432,-90.930233,2026-09-10 15:02:43.610723072,3,10562,248,71
28.983979,-90.948773,2026-09-10 15:02:43.610709760,3,10457,232,58
28.997782,-90.954782,2026-09-10 15:02:43.610718720,3,9364,242,39
27.795223,-83.438973,2026-09-10 15:02:43.634246144,3,4098,218,37
27.900903,-83.451379,2026-09-10 15:02:43.634311936,3,5306,249,21
28.890192,-90.946385,2026-09-10 15:02:43.939171328,3,6609,181,76
28.92763,-90.949128,2026-09-10 15:02:43.939222016,3,10851,222,51
28.887196,-90.944016,2026-09-10 15:02:44.189846016,3,8423,181,31
28.925807,-90.935368,2026-09-10 15:02:44.189895936,3,13836,222,53
27.375173,-96.276429,2026-09-10 15:02:52.707852800,3,3190,189,67
27.352152,-96.279514,2026-09-10 15:02:52.707881216,3,8106,207,59
27.339991,-96.316042,2026-09-10 15:02:52.751495936,3,6506,263,34
27.305274,-96.382495,2026-09-10 15:02:52.785139456,3,5664,245,37
24.396699,-107.969761,2026-09-10 15:02:55.858797824,3,4013,232,75
24.25649,-107.990535,2026-09-10 15:02:55.858785792,3,13414,262,80
24.591274,-107.933567,2026-09-10 15:02:55.858895360,3,4812,264,71
24.284509,-108.1022,2026-09-10 15:02:55.885065472,3,11723,234,20
24.802245,-107.878246,2026-09-10 15:02:55.907543552,3,14423,261,37
28.874075,-91.174948,2026-09-10 15:02:55.952011520,3,9690,184,30
28.878654,-91.109542,2026-09-10 15:02:55.952025088,3,13413,183,17
28.700151,-90.954028,2026-09-10 15:02:56.55462656,3,2994,251,56
28.927677,-91.063771,2026-09-10 15:02:56.55546624,3,7637,239,43
28.99628,-91.06942,2026-09-10 15:02:56.55573760,3,7861,245,22
29.000923,-91.101727,2026-09-10 15:02:56.171356928,3,5040,135,44
30.01193,-89.877782,2026-09-10 15:02:56.811277824,3,6733,214,35
30.018757,-89.902542,2026-09-10 15:02:56.819393536,3,9474,180,30
28.299737,-79.978668,2026-09-10 15:02:57.688247552,3,2963,173,82
28.753856,-91.290896,2026-09-10 15:03:05.613041920,3,14719,193,22
41.730193,12.575519,2026-09-10 15:00:11.568066304,4,7004,217,29
42.22374,22.846109,2026-09-10 15:00:12.903522816,4,6465,146,31
41.813846,12.620541,2026-09-10 15:00:22.592073984,4,13204,191,22
41.788049,12.524623,2026-09-10 15:00:23.39019264,4,11914,165,23
42.041447,11.995013,2026-09-10 15:00:41.254603776,4,11570,203,25
41.958689,12.604999,2026-09-10 15:00:50.316742144,4,10511,199,37
40.469357,11.911058,2026-09-10 15:00:50.351366400,4,6840,240,31
41.951441,12.590669,2026-09-10 15:00:50.428145920,4,4758,213,32
44.438453,8.401772,2026-09-10 15:00:50.806080000,4,8349,188,30
36.685265,10.12139,2026-09-10 15:00:51.877850624,4,13981,209,22
36.640007,9.282152,2026-09-10 15:01:00.845070592,4,13677,236,41
36.360046,9.094262,2026-09-10 15:01:00.845001728,4,14034,253,27
41.381442,12.375391,2026-09-10 15:01:12.472503296,4,10474,210,24
59.129559,20.253457,2026-09-10 15:01:13.121187840,4,14232,199,22
45.789742,12.841686,2026-09-10 15:01:13.194462976,4,12625,123,25
45.692929,12.787766,2026-09-10 15:01:13.434550016,4,12200,125,30
45.834427,12.788669,2026-09-10 15:01:13.631317248,4,6744,148,25
36.549472,7.800216,2026-09-10 15:01:18.817066240,4,14211,214,28
40.493345,11.930182,2026-09-10 15:01:28.199994880,4,8173,180,29
40.57914,11.928227,2026-09-10 15:01:28.295500032,4,9745,225,23
41.761591,12.577968,2026-09-10 15:01:30.430438912,4,10109,191,24
42.728028,12.083098,2026-09-10 15:01:46.818782208,4,12719,131,31
44.749625,13.281184,2026-09-10 15:01:50.809226240,4,11279,108,36
44.758173,13.308852,2026-09-10 15:01:51.10697984,4,7985,191,31
42.492292,12.706247,2026-09-10 15:01:57.477596416,4,13997,183,22
41.00334,12.141775,2026-09-10 15:02:08.652052992,4,14732,223,28
45.800295,12.812727,2026-09-10 15:02:14.924267520,4,14905,122,24
42.177475,12.104109,2026-09-10 15:02:19.643495424,4,5500,220,33
36.710387,10.087284,2026-09-10 15:02:20.427442944,4,11911,221,31
41.115759,12.174165,2026-09-10 15:02:22.205462272,4,10379,213,29
36.826625,10.093769,2026-09-10 15:02:32.778551040,4,14557,233,32
40.536529,11.933398,2026-09-10 15:02:34.567143936,4,14888,171,27
41.73741,12.526763,2026-09-10 15:02:42.327480576,4,14552,156,24
42.152954,12.935922,2026-09-10 15:02:44.602552320,4,11664,192,42
42.280409,13.010139,2026-09-10 15:02:44.602606592,4,8798,171,25
54.714321,104.576985,2026-09-10 15:02:48.466477568,4,10346,174,44
41.079345,12.121299,2026-09-10 15:02:59.596359936,4,8977,165,28
28.754863,-93.369597,2026-09-10 15:00:06.262404096,7,11773,127,27
28.772083,-95.11025,2026-09-10 15:00:06.793986560,7,13116,121,15
26.376201,-84.561156,2026-09-10 15:00:08.191673088,7,10547,165,16
26.392092,-84.562249,2026-09-10 15:00:08.275330304,7,14300,175,12
29.838972,-85.939108,2026-09-10 15:00:09.522188800,7,5814,139,24
29.880305,-85.874777,2026-09-10 15:00:09.522222848,7,11200,201,13
28.960725,-91.149933,2026-09-10 15:00:16.738151680,7,12679,135,20
28.985851,-91.127807,2026-09-10 15:00:17.230488064,7,9882,135,14
28.98655,-91.130978,2026-09-10 15:00:17.497278208,7,7979,135,16
16.407127,-88.986901,2026-09-10 15:00:18.778920448,7,3262,227,19
25.962573,-86.052739,2026-09-10 15:00:20.453668352,7,6806,212,26
29.129305,-94.513321,2026-09-10 15:00:29.94738944,7,10075,177,19
29.251994,-94.461705,2026-09-10 15:00:29.106457856,7,5461,204,27
28.948176,-94.501656,2026-09-10 15:00:29.106401280,7,13269,215,18
29.080041,-94.579553,2026-09-10 15:00:29.149433600,7,6138,125,23
29.060832,-94.61268,2026-09-10 15:00:29.332620544,7,5861,187,11
24.180826,-108.067011,2026-09-10 15:00:29.357005312,7,14413,261,20
23.437955,-107.39024,2026-09-10 15:00:30.6524160,7,9389,262,21
27.758354,-94.128174,2026-09-10 15:00:30.492940288,7,3832,213,27
24.371383,-107.951837,2026-09-10 15:00:38.872475904,7,8954,262,21
28.812812,-91.05742,2026-09-10 15:00:48.456966400,7,12753,130,18
28.893685,-91.067113,2026-09-10 15:00:49.243487232,7,12583,183,18
28.764724,-91.635978,2026-09-10 15:00:49.915383808,7,13887,136,15
28.266438,-80.100594,2026-09-10 15:00:57.861802496,7,6289,154,27
24.793241,-80.259647,2026-09-10 15:01:12.582828544,7,2840,235,29
24.766873,-80.251843,2026-09-10 15:01:12.647740416,7,8453,269,14
23.341616,-107.427887,2026-09-10 15:01:53.432413952,7,9581,240,28
23.435771,-107.425818,2026-09-10 15:01:53.432483840,7,14382,262,35
28.322167,-79.950353,2026-09-10 15:02:02.906188544,7,3293,182,29
28.383103,-79.969141,2026-09-10 15:02:02.906241792,7,9193,228,18
28.702935,-91.039246,2026-09-10 15:02:03.364628224,7,3804,178,24
28.739567,-90.925472,2026-09-10 15:02:03.364628736,7,12988,185,14
25.811849,-85.234438,2026-09-10 15:02:12.968322304,7,11806,173,11
25.813593,-85.300616,2026-09-10 15:02:13.423438336,7,7436,208,17
28.819729,-91.083958,2026-09-10 15:02:29.964602368,7,11157,130,31
28.784486,-91.044884,2026-09-10 15:02:29.964627456,7,14170,172,15
28.818071,-91.078317,2026-09-10 15:02:30.31863296,7,9518,132,26
28.768601,-91.035023,2026-09-10 15:02:30.31893504,7,9707,184,14
28.753131,-95.274335,2026-09-10 15:02:30.127336192,7,8172,121,19
28.851891,-91.091919,2026-09-10 15:02:30.155300864,7,4001,175,26
28.803327,-91.053644,2026-09-10 15:02:30.155325952,7,9501,184,17
28.770186,-91.128388,2026-09-10 15:02:30.262088960,7,8267,132,14
28.939118,-91.013598,2026-09-10 15:02:30.393297152,7,7195,190,20
28.910479,-91.061364,2026-09-10 15:02:38.654183936,7,14335,131,14
24.380078,-108.091069,2026-09-10 15:02:55.858806784,7,14053,262,21
28.986851,-91.097495,2026-09-10 15:02:56.55532288,7,7159,179,19
28.993946,-91.093586,2026-09-10 15:02:56.171353088,7,8773,135,14
28.301004,-79.970529,2026-09-10 15:02:57.688256256,7,14567,156,24
28.355936,-79.991104,2026-09-10 15:02:57.688297216,7,9021,231,16
12.094483,15.042838,2026-09-10 15:02:46.231645952,5,5449,189,19
32.265073,100.786968,2026-09-10 15:00:17.646661120,9,6811,264,37
20.16846,115.044757,2026-09-10 15:01:36.871506432,9,10575,189,14
28.838891,125.800491,2026-09-10 15:01:36.982091008,9,3139,216,15
54.774213,104.535802,2026-09-10 15:02:48.466458880,9,3446,218,40
31.719016,99.755123,2026-09-10 15:02:48.941545984,9,10568,264,44
17.845943,106.282988,2026-09-10 15:03:04.179183104,9,6183,243,17
24.885977,-80.091046,2026-09-10 15:00:04.696799488,13,8322,269,19
23.806332,-108.002991,2026-09-10 15:00:05.375913728,13,10421,265,50
28.783797,-93.362036,2026-09-10 15:00:06.262406912,13,7251,236,72
28.771917,-93.330593,2026-09-10 15:00:06.262444032,13,12998,179,65
28.89832,-95.124516,2026-09-10 15:00:06.794031872,13,4695,260,48
26.296856,-84.658376,2026-09-10 15:00:08.191641856,13,4687,258,53
26.387083,-84.633282,2026-09-10 15:00:08.275325952,13,4108,267,38
29.97279,-85.940929,2026-09-10 15:00:09.522199552,13,6089,225,73
30.019217,-86.019773,2026-09-10 15:00:09.522237184,13,8433,205,56
30.054319,-89.188332,2026-09-10 15:00:09.995180800,13,14632,247,43
28.657481,-91.577071,2026-09-10 15:00:10.140916480,13,7584,131,89
28.621739,-91.50113,2026-09-10 15:00:10.140931584,13,8099,252,66
30.093051,-90.53427,2026-09-10 15:00:10.226970112,13,3977,153,97
30.085902,-90.639336,2026-09-10 15:00:10.335376384,13,10893,217,38
30.027555,-90.475403,2026-09-10 15:00:10.466808064,13,2352,229,63
30.074094,-90.505403,2026-09-10 15:00:10.559841536,13,4181,236,84
29.978828,-90.379309,2026-09-10 15:00:10.559830016,13,5162,205,71
30.17212,-90.515105,2026-09-10 15:00:10.559917056,13,10052,234,42
30.089076,-90.522532,2026-09-10 15:00:10.671834880,13,6600,125,68
30.077107,-90.508251,2026-09-10 15:00:10.813248000,13,3432,155,59
30.106347,-90.52881,2026-09-10 15:00:10.965074944,13,7205,228,31
31.602977,-40.939701,2026-09-10 15:00:11.701669632,13,6017,256,71
20.397645,-85.485749,2026-09-10 15:00:12.320856576,13,8467,260,36
30.16301,-42.275136,2026-09-10 15:00:16.16238336,13,6515,233,38
28.906219,-91.086501,2026-09-10 15:00:16.439292928,13,12457,183,114
28.886226,-91.068067,2026-09-10 15:00:16.439288064,13,5999,183,103
28.879747,-91.061866,2026-09-10 15:00:16.596410112,13,4212,131,81
28.754014,-90.926288,2026-09-10 15:00:16.596386816,13,11287,210,65
28.914778,-91.110438,2026-09-10 15:00:16.738135040,13,5948,183,51
28.88579,-91.090004,2026-09-10 15:00:17.230465280,13,5311,179,40
28.911751,-91.120966,2026-09-10 15:00:17.230504192,13,7325,182,23
28.896522,-91.094409,2026-09-10 15:00:17.497257984,13,4350,179,48
26.437693,-85.672998,2026-09-10 15:00:18.752600576,13,4464,263,49
26.179454,-86.036277,2026-09-10 15:00:20.453745408,13,4141,259,67
26.112099,-86.047922,2026-09-10 15:00:20.859447040,13,4184,267,18
28.654184,-91.30609,2026-09-10 15:00:21.744440576,13,3696,202,75
27.766822,-83.444974,2026-09-10 15:00:22.306044160,13,5419,227,58
27.877815,-83.473815,2026-09-10 15:00:22.306110464,13,2956,252,41
28.833077,-91.124329,2026-09-10 15:00:22.408404224,13,8878,185,41
28.601599,-80.058306,2026-09-10 15:00:22.717336832,13,11750,260,28
28.441786,-80.020284,2026-09-10 15:00:22.717319424,13,10859,252,15
25.869138,-85.318291,2026-09-10 15:00:23.626866688,13,2224,268,62
26.528099,-84.663376,2026-09-10 15:00:23.798758912,13,4338,267,41
25.809328,-85.255405,2026-09-10 15:00:24.412154368,13,3891,183,21
25.784583,-85.268485,2026-09-10 15:00:24.430121216,13,9188,219,17
23.520883,-106.556452,2026-09-10 15:00:24.962127360,13,10264,266,37
29.118048,-94.607827,2026-09-10 15:00:29.94711040,13,14939,125,50
29.117422,-94.533542,2026-09-10 15:00:29.106402304,13,4795,190,48
29.226843,-94.491383,2026-09-10 15:00:29.106445056,13,6445,189,68
29.093681,-94.51114,2026-09-10 15:00:29.149419264,13,6840,120,42
29.132032,-94.498698,2026-09-10 15:00:29.149471232,13,8183,177,45
29.104236,-94.606022,2026-09-10 15:00:29.247973376,13,6956,120,23
29.083025,-94.617393,2026-09-10 15:00:29.332620544,13,6555,186,35
24.148146,-108.072177,2026-09-10 15:00:29.356994048,13,10733,247,42
23.366714,-107.299679,2026-09-10 15:00:30.6489088,13,8641,265,107
23.495862,-107.351256,2026-09-10 15:00:30.6537984,13,9110,266,94
27.59233,-94.21064,2026-09-10 15:00:30.492874496,13,1922,269,76
27.724763,-94.166931,2026-09-10 15:00:30.492922880,13,6445,201,66
27.60117,-94.207165,2026-09-10 15:00:30.677551360,13,2596,216,60
27.581653,-94.122246,2026-09-10 15:00:30.677566976,13,13568,201,46
24.146641,-108.994731,2026-09-10 15:00:30.704106496,13,12548,267,36
24.083711,-109.021258,2026-09-10 15:00:30.767862528,13,6000,263,43
23.886566,-109.068626,2026-09-10 15:00:31.201727744,13,13123,222,25
28.778799,-91.079458,2026-09-10 15:00:31.549040896,13,7597,179,35
28.891697,-91.064732,2026-09-10 15:00:32.99247616,13,5338,181,111
28.882418,-91.075394,2026-09-10 15:00:32.99243264,13,7289,136,103
28.906262,-90.883591,2026-09-10 15:00:32.577570816,13,5373,180,50
25.733639,-85.209523,2026-09-10 15:00:34.352013312,13,6960,267,16
24.933532,-80.108468,2026-09-10 15:00:34.426233856,13,3358,269,26
42.945551,-36.49832,2026-09-10 15:00:37.799975424,13,10828,151,55
24.161441,-107.998947,2026-09-10 15:00:38.872372736,13,7775,262,70
29.969809,-90.975128,2026-09-10 15:00:41.675987968,13,9963,156,37
30.057404,-90.961035,2026-09-10 15:00:41.676052992,13,5352,257,24
26.42331,-84.664985,2026-09-10 15:00:42.906375936,13,5059,266,51
35.911633,-95.982869,2026-09-10 15:00:45.35981056,13,12619,102,46
35.935249,-95.971812,2026-09-10 15:00:45.36038144,13,7970,172,33
35.94143,-95.981827,2026-09-10 15:00:45.36043008,13,12177,177,20
25.733403,-85.228509,2026-09-10 15:00:45.316513536,13,7478,174,20
25.877224,-85.349813,2026-09-10 15:00:45.370361344,13,5255,261,30
22.888582,-108.042424,2026-09-10 15:00:47.30440192,13,9791,269,40
28.816176,-91.047458,2026-09-10 15:00:48.456957952,13,8735,130,58
28.940374,-91.036171,2026-09-10 15:00:48.457032192,13,5966,263,38
16.96029,-106.166371,2026-09-10 15:00:48.995686144,13,5069,266,81
28.821679,-91.046041,2026-09-10 15:00:49.243473408,13,6102,184,57
28.854524,-91.035641,2026-09-10 15:00:49.243520000,13,7990,229,41
28.822029,-91.610692,2026-09-10 15:00:49.915383296,13,10424,131,40
28.840782,-91.571488,2026-09-10 15:00:49.915424256,13,7539,222,27
24.799836,-89.749856,2026-09-10 15:00:51.237744640,13,5997,234,28
24.563722,-107.89776,2026-09-10 15:00:51.404537088,13,4077,265,33
41.345854,-38.025298,2026-09-10 15:00:51.506115328,13,7881,173,35
20.730807,-85.604703,2026-09-10 15:00:54.282936320,13,4873,239,63
25.915174,-85.392715,2026-09-10 15:00:56.360951296,13,7459,217,43
30.16635,-90.382813,2026-09-10 15:00:57.308965120,13,6063,178,28
30.161855,-90.440585,2026-09-10 15:00:57.378225664,13,6272,212,41
30.137572,-90.447135,2026-09-10 15:00:57.378250240,13,9477,127,25
30.091199,-90.463835,2026-09-10 15:00:57.422437632,13,6365,216,19
30.10722,-90.402075,2026-09-10 15:00:57.510433536,13,3847,234,53
30.126019,-90.419598,2026-09-10 15:00:57.510477312,13,11546,120,38
38.189219,-40.396259,2026-09-10 15:00:57.558437120,13,11935,204,36
28.293896,-79.991385,2026-09-10 15:00:57.861791232,13,7794,165,98
28.61427,-80.21063,2026-09-10 15:00:57.861928704,13,8605,261,77
28.244632,-79.997039,2026-09-10 15:00:58.17743616,13,10684,156,19
30.102562,-90.476095,2026-09-10 15:00:58.118045696,13,3780,216,24
28.686298,-90.988589,2026-09-10 15:00:59.287301120,13,12497,236,35
26.212955,-84.516434,2026-09-10 15:00:59.583956480,13,4080,268,27
26.318943,-84.597555,2026-09-10 15:00:59.690113536,13,4910,210,26
26.315345,-84.597352,2026-09-10 15:00:59.867117568,13,6556,210,32
26.258697,-84.64275,2026-09-10 15:00:59.923151616,13,11255,257,14
28.889703,-90.909829,2026-09-10 15:01:02.828038400,13,7079,176,74
28.809465,-90.869648,2026-09-10 15:01:02.828046336,13,7534,184,52
27.739673,-83.418045,2026-09-10 15:01:03.160716544,13,7170,228,73
27.778867,-83.390384,2026-09-10 15:01:03.160765696,13,8513,255,62
27.720937,-83.38996,2026-09-10 15:01:03.281336320,13,2022,204,49
40.497555,-38.443076,2026-09-10 15:01:04.410219264,13,6029,165,57
25.802011,-85.322356,2026-09-10 15:01:05.475942400,13,7353,213,51
25.84131,-85.341095,2026-09-10 15:01:05.603663872,13,3752,268,63
30.315402,-89.306134,2026-09-10 15:01:05.744568064,13,9084,215,28
36.325956,-97.920632,2026-09-10 15:01:07.374560768,13,11620,96,41
36.32577,-97.901679,2026-09-10 15:01:07.374565376,13,5426,147,50
28.806584,-91.097013,2026-09-10 15:01:09.971773696,13,8024,232,20
36.337277,-95.834896,2026-09-10 15:01:12.73590784,13,4744,222,48
36.343823,-95.760164,2026-09-10 15:01:12.73620992,13,13139,150,36
36.416353,-96.05649,2026-09-10 15:01:12.124981248,13,12618,189,35
36.408669,-95.853928,2026-09-10 15:01:12.125044736,13,11147,194,23
24.765972,-80.254817,2026-09-10 15:01:12.582823424,13,4296,236,50
24.78282,-80.269009,2026-09-10 15:01:12.647745280,13,5385,269,31
24.899769,-80.183677,2026-09-10 15:01:13.999417344,13,4719,269,23
20.53132,-85.512462,2026-09-10 15:01:14.716909056,13,8004,261,69
16.492802,-88.456339,2026-09-10 15:01:17.891529984,13,4299,262,26
25.143794,-80.059033,2026-09-10 15:01:19.394766080,13,3034,268,28
28.783631,-91.113563,2026-09-10 15:01:19.727108352,13,8257,181,19
23.756966,-108.60674,2026-09-10 15:01:22.700241920,13,6988,265,38
23.795169,-108.604821,2026-09-10 15:01:22.700248832,13,11688,268,26
23.852512,-108.588137,2026-09-10 15:01:22.910664448,13,14088,268,46
36.694168,-95.024547,2026-09-10 15:01:23.888457984,13,6729,169,37
36.761423,-94.940937,2026-09-10 15:01:23.888492544,13,10525,115,28
24.864959,-79.955266,2026-09-10 15:01:28.950030080,13,5709,269,27
26.386304,-84.643192,2026-09-10 15:01:28.991916544,13,7570,259,29
26.28183,-84.559734,2026-09-10 15:01:29.277587712,13,9367,165,19
26.283213,-84.561824,2026-09-10 15:01:29.354921472,13,5400,199,20
25.108974,-87.464813,2026-09-10 15:01:30.753166080,13,6566,186,27
24.172183,-107.997794,2026-09-10 15:01:31.186091264,13,9746,262,60
24.314244,-107.998219,2026-09-10 15:01:31.186134784,13,5529,269,46
28.864435,-91.060146,2026-09-10 15:01:31.241215744,13,7153,132,38
28.739073,-90.895761,2026-09-10 15:01:31.241202432,13,6453,210,43
28.823433,-91.107079,2026-09-10 15:01:31.300376064,13,3265,231,34
23.939619,-108.158376,2026-09-10 15:01:31.307282432,13,9903,231,24
28.990816,-91.18721,2026-09-10 15:01:31.354259200,13,5050,238,33
28.880566,-91.056434,2026-09-10 15:01:31.616428032,13,13705,176,36
28.904969,-91.059536,2026-09-10 15:01:31.616440832,13,14375,231,45
28.662635,-90.959541,2026-09-10 15:01:31.719485184,13,3750,251,60
26.115654,-86.020986,2026-09-10 15:01:33.233470976,13,6390,210,117
25.698181,-85.269137,2026-09-10 15:01:34.654906880,13,12331,220,16
36.716247,-96.972041,2026-09-10 15:01:34.912726272,13,14343,193,55
30.122072,-42.187218,2026-09-10 15:01:36.174403072,13,10322,245,39
30.296164,-89.315904,2026-09-10 15:01:37.620964352,13,4609,152,96
30.309981,-89.324337,2026-09-10 15:01:37.620970496,13,2884,224,92
30.481118,-89.316837,2026-09-10 15:01:37.621032448,13,9981,248,77
30.587476,-89.373909,2026-09-10 15:01:37.621071360,13,14767,250,62
26.573337,-77.197404,2026-09-10 15:01:37.825861120,13,6722,255,64
30.321948,-89.399747,2026-09-10 15:01:38.246889984,13,4994,227,24
30.307565,-89.297132,2026-09-10 15:01:38.305370880,13,6027,152,33
30.407966,-89.314659,2026-09-10 15:01:38.305433344,13,6616,240,33
30.285425,-89.277974,2026-09-10 15:01:38.443846144,13,5340,242,26
30.324072,-89.334707,2026-09-10 15:01:38.443889408,13,10100,119,21
25.622189,-80.264161,2026-09-10 15:01:41.638422528,13,10989,268,24
35.88716,-95.992344,2026-09-10 15:01:42.76976384,13,8915,172,38
28.906891,-90.883314,2026-09-10 15:01:42.751863296,13,5912,183,94
28.887191,-90.80625,2026-09-10 15:01:42.751884800,13,6478,262,69
28.865779,-90.942462,2026-09-10 15:01:42.884431104,13,6298,231,20
28.978957,-90.909781,2026-09-10 15:01:42.977016576,13,9703,135,41
28.90963,-90.90363,2026-09-10 15:01:42.977029632,13,6625,183,25
24.398566,-108.014044,2026-09-10 15:01:43.213195776,13,5916,261,69
24.391681,-108.031914,2026-09-10 15:01:43.213191936,13,14207,261,83
25.669177,-85.321577,2026-09-10 15:01:46.725861376,13,8355,221,45
25.918268,-85.346073,2026-09-10 15:01:46.854214656,13,4643,234,39
25.737072,-85.274812,2026-09-10 15:01:47.119416832,13,11284,236,15
30.104254,-90.571431,2026-09-10 15:01:50.198577152,13,7603,218,68
30.040731,-90.478855,2026-09-10 15:01:50.198544640,13,7027,126,112
30.364953,-90.516211,2026-09-10 15:01:50.198681344,13,14428,264,79
29.815074,-88.700849,2026-09-10 15:01:50.850080000,13,6648,206,113
29.873303,-88.702326,2026-09-10 15:01:50.850132480,13,11052,240,35
41.397131,-38.044029,2026-09-10 15:01:51.105395200,13,8465,173,40
20.529575,-85.525105,2026-09-10 15:01:51.769776640,13,3423,260,40
30.48557,-89.541266,2026-09-10 15:01:52.181103872,13,10024,150,47
30.48264,-89.532922,2026-09-10 15:01:52.181116672,13,12028,230,37
30.87616,-89.512914,2026-09-10 15:01:52.181263872,13,9880,266,28
29.990461,-89.852773,2026-09-10 15:01:52.377569536,13,7836,161,124
29.968429,-89.836574,2026-09-10 15:01:52.377559040,13,5550,122,106
36.047644,-95.835009,2026-09-10 15:01:52.579125248,13,8557,179,30
29.946473,-89.895931,2026-09-10 15:01:52.677811968,13,7642,219,39
30.02107,-89.868675,2026-09-10 15:01:52.889178880,13,4213,214,56
30.048041,-89.850313,2026-09-10 15:01:52.889187328,13,13239,126,49
24.116745,-107.942205,2026-09-10 15:01:53.282994176,13,8556,263,74
24.326237,-107.997436,2026-09-10 15:01:53.283069696,13,5621,265,58
23.399059,-107.392809,2026-09-10 15:01:53.432437248,13,4286,268,85
25.816658,-85.293182,2026-09-10 15:01:55.350020096,13,4052,218,21
25.83558,-85.330176,2026-09-10 15:01:59.563247360,13,2207,268,97
26.12418,-85.551757,2026-09-10 15:01:59.563358976,13,10906,267,82
25.732513,-85.356263,2026-09-10 15:01:59.736409856,13,13217,262,36
27.877099,-83.44615,2026-09-10 15:02:01.719265536,13,6048,252,46
27.812618,-83.407759,2026-09-10 15:02:01.719282688,13,11062,224,46
27.964771,-83.429242,2026-09-10 15:02:01.756928256,13,7504,253,29
27.817105,-83.434937,2026-09-10 15:02:01.884615936,13,8746,212,50
27.777085,-83.408761,2026-09-10 15:02:01.884647680,13,9211,220,39
27.793534,-83.413187,2026-09-10 15:02:01.903108608,13,8524,183,17
28.327263,-79.957667,2026-09-10 15:02:02.906191360,13,6570,166,69
28.334144,-79.919924,2026-09-10 15:02:02.906236160,13,8949,252,52
28.285481,-79.995852,2026-09-10 15:02:03.11750912,13,6456,156,21
28.321298,-79.94813,2026-09-10 15:02:03.85039872,13,5425,178,27
28.405575,-79.984945,2026-09-10 15:02:03.85101568,13,6189,252,21
23.297352,-107.38886,2026-09-10 15:02:03.253459200,13,5822,232,83
28.855363,-90.994093,2026-09-10 15:02:03.364624896,13,6345,175,80
21.031947,-84.119043,2026-09-10 15:02:04.403170048,13,13697,246,14
23.541992,-107.210501,2026-09-10 15:02:05.960198144,13,5356,266,58
23.48357,-107.224771,2026-09-10 15:02:06.41587712,13,6476,266,31
27.104675,-79.118672,2026-09-10 15:02:08.632734464,13,5979,270,94
27.106942,-79.118232,2026-09-10 15:02:08.632734976,13,9243,259,78
25.822231,-85.369874,2026-09-10 15:02:13.423465984,13,3407,261,36
17.194118,-106.341266,2026-09-10 15:02:16.985690112,13,8088,265,32
20.361461,-85.440092,2026-09-10 15:02:17.751161856,13,9354,261,29
23.754435,-108.804023,2026-09-10 15:02:17.810107648,13,11028,265,23
28.706287,-91.548737,2026-09-10 15:02:18.696794368,13,7529,137,60
28.643012,-91.422515,2026-09-10 15:02:18.696791808,13,8464,259,44
28.732681,-91.540855,2026-09-10 15:02:18.759615232,13,6746,242,40
24.063222,-108.969103,2026-09-10 15:02:18.900552192,13,9516,264,88
24.743815,-80.264415,2026-09-10 15:02:19.661474560,13,5894,243,42
24.121349,-108.015578,2026-09-10 15:02:28.937547520,13,8890,201,47
17.135004,-106.562146,2026-09-10 15:02:29.373078016,13,4545,268,34
28.837247,-91.07916,2026-09-10 15:02:29.964597248,13,7219,182,91
28.864289,-91.077371,2026-09-10 15:02:29.964616192,13,5677,166,73
28.83116,-91.099484,2026-09-10 15:02:30.31896064,13,12972,165,51
28.858508,-91.103312,2026-09-10 15:02:30.155298304,13,8449,178,44
28.985548,-91.130402,2026-09-10 15:02:30.155377408,13,10829,242,31
28.778662,-91.051974,2026-09-10 15:02:30.262064384,13,5171,131,35
28.870943,-91.074005,2026-09-10 15:02:30.393272576,13,7859,177,64
28.604035,-90.963531,2026-09-10 15:02:30.679983360,13,5229,252,65
28.770169,-91.10663,2026-09-10 15:02:30.680054528,13,12779,132,56
28.854515,-91.07077,2026-09-10 15:02:30.680079104,13,5804,229,44
26.375763,-84.462368,2026-09-10 15:02:34.729974784,13,11036,197,25
25.742021,-85.353571,2026-09-10 15:02:37.526512896,13,8219,184,28
25.787737,-85.356733,2026-09-10 15:02:37.692843008,13,5011,209,21
30.13583,-89.648326,2026-09-10 15:02:38.302714112,13,5844,157,35
30.083225,-89.638459,2026-09-10 15:02:38.302730752,13,9422,121,23
28.812234,-91.099028,2026-09-10 15:02:38.654187520,13,6720,180,31
23.403422,-106.478348,2026-09-10 15:02:41.146894848,13,10282,217,62
28.908156,-90.928711,2026-09-10 15:02:41.274648064,13,5273,183,93
28.773374,-90.796642,2026-09-10 15:02:41.274626304,13,11752,210,75
28.881615,-90.91563,2026-09-10 15:02:41.323308032,13,4132,248,76
28.944051,-90.924666,2026-09-10 15:02:41.427883520,13,8118,267,47
28.830122,-90.890437,2026-09-10 15:02:41.427874048,13,6613,184,56
28.902285,-90.882437,2026-09-10 15:02:41.583942400,13,8332,175,71
28.896278,-90.841773,2026-09-10 15:02:41.583968000,13,11875,249,27
23.320478,-106.500027,2026-09-10 15:02:41.812563968,13,8310,269,63
25.661763,-85.172162,2026-09-10 15:02:42.804331008,13,3318,270,39
25.754545,-85.239887,2026-09-10 15:02:42.894766080,13,3392,219,21
30.124519,-90.455473,2026-09-10 15:02:43.409266176,13,7026,215,21
30.04651,-90.33806,2026-09-10 15:02:43.490256128,13,2665,234,55
30.207836,-90.399065,2026-09-10 15:02:43.490297856,13,7373,204,43
28.984649,-90.953341,2026-09-10 15:02:43.610715136,13,3535,241,44
28.861807,-90.92777,2026-09-10 15:02:43.939163392,13,3429,248,67
28.886101,-90.9435,2026-09-10 15:02:44.189847296,13,8241,233,72
30.145754,-90.402486,2026-09-10 15:02:44.264221184,13,7455,155,64
28.846457,-90.99024,2026-09-10 15:02:44.421118464,13,12644,177,42
28.982632,-90.935629,2026-09-10 15:02:44.421167360,13,10957,243,41
28.84358,-90.99558,2026-09-10 15:02:44.467450368,13,7800,232,19
28.861543,-90.999363,2026-09-10 15:02:44.561150976,13,8154,184,26
38.686127,-39.024109,2026-09-10 15:02:44.835670528,13,6020,197,68
35.163657,-97.158624,2026-09-10 15:02:45.873379328,13,14004,159,36
35.261457,-97.181055,2026-09-10 15:02:45.873408000,13,10129,209,22
28.659271,-91.593971,2026-09-10 15:02:46.644689152,13,10404,235,18
28.77176,-91.034495,2026-09-10 15:02:46.857956608,13,5708,235,53
26.105271,-86.038262,2026-09-10 15:02:50.808570112,13,11293,210,120
26.051493,-85.941255,2026-09-10 15:02:50.897113088,13,11898,205,26
27.382377,-96.265537,2026-09-10 15:02:52.707856384,13,9392,189,72
24.491845,-107.933378,2026-09-10 15:02:55.858827776,13,8174,261,87
24.547046,-107.929504,2026-09-10 15:02:55.858880512,13,4948,265,77
28.862891,-91.16883,2026-09-10 15:02:55.952008448,13,10795,184,22
28.882426,-91.045584,2026-09-10 15:02:56.171325696,13,5645,250,42
29.639799,-89.620041,2026-09-10 15:02:56.811197184,13,9081,245,25
30.030611,-89.904556,2026-09-10 15:02:56.819394304,13,9636,166,31
28.296611,-79.97778,2026-09-10 15:02:57.688245504,13,12639,165,90
29.105699,-94.611245,2026-09-10 15:02:58.380065024,13,8714,235,27
29.149843,-94.506733,2026-09-10 15:02:58.384403968,13,11694,218,22
29.149361,-94.52836,2026-09-10 15:02:58.384400896,13,7840,214,25
41.12616,-38.011111,2026-09-10 15:02:59.456382720,13,6524,175,37
25.308786,-80.238984,2026-09-10 15:03:02.212896000,13,10875,270,47
26.157536,-85.929228,2026-09-10 15:03:03.515129344,13,7610,213,35
24.11347,-108.012373,2026-09-10 15:03:04.102888704,13,5899,263,87
24.170606,-108.003324,2026-09-10 15:03:04.102935296,13,9441,261,73
25.786102,-85.238048,2026-09-10 15:03:04.660529152,13,7212,219,28
28.698568,-91.256412,2026-09-10 15:03:05.632547072,13,3965,233,27
28.691586,-91.186871,2026-09-10 15:03:05.692790272,13,9422,178,38
28.708508,-91.187868,2026-09-10 15:03:05.739926272,13,6100,178,50
28.831333,-91.171224,2026-09-10 15:03:05.740003072,13,6922,258,33
28.606437,-91.236939,2026-09-10 15:03:05.773434880,13,13408,183,16
29.877321,-85.931323,2026-09-10 15:03:09.351271936,13,5020,230,123
29.671625,-85.681711,2026-09-10 15:03:09.351202816,13,3452,266,107
29.944863,-85.913006,2026-09-10 15:03:09.351297792,13,6665,254,93
28.89522,-94.585683,2026-09-10 15:03:09.750953472,13,4792,242,62
28.831462,-94.491285,2026-09-10 15:03:09.750949632,13,12383,179,58
28.862815,-94.477616,2026-09-10 15:03:09.750964992,13,9553,240,44
35.831776,-96.081322,2026-09-10 15:03:09.983057664,13,9408,151,74
35.896417,-95.967192,2026-09-10 15:03:09.983094272,13,4598,181,65
27.921451,-83.396211,2026-09-10 15:03:13.744537088,13,5974,260,33
27.734515,-83.344566,2026-09-10 15:03:14.40460544,13,13556,164,19
30.255251,-42.178472,2026-09-10 15:03:16.232646912,13,6129,240,53
25.637381,-85.129008,2026-09-10 15:03:17.27465216,13,14223,211,18
25.636817,-85.177765,2026-09-10 15:03:17.299032576,13,13708,221,14
25.855029,-85.338088,2026-09-10 15:03:17.849352448,13,3533,268,58
25.863481,-85.325799,2026-09-10 15:03:17.849388800,13,7344,262,44
23.35365,-107.372703,2026-09-10 15:03:18.11651584,13,7548,267,91
28.679266,-91.197515,2026-09-10 15:03:19.272788992,13,8176,241,22
30.129844,-90.409655,2026-09-10 15:03:19.534729984,13,7301,215,25
21.908996,137.680871,2026-09-10 15:01:22.177407488,14,11047,184,19
53.944643,105.08927,2026-09-10 15:03:14.413497088,14,3863,170,38
38.179046,12.146645,2026-09-10 15:00:00.921288448,11,4582,254,219
38.174606,12.143418,2026-09-10 15:00:00.921285376,11,4780,239,218
38.13746,12.13916,2026-09-10 15:00:01.645841152,11,6877,242,141
38.16098,12.136053,2026-09-10 15:00:01.645851392,11,6497,222,242
38.325186,12.320292,2026-09-10 15:00:01.645922816,11,8197,240,101
41.79707,11.68903,2026-09-10 15:00:02.346803712,11,14402,230,57
40.557628,11.890127,2026-09-10 15:00:02.889116416,11,5723,237,149
41.853911,12.605296,2026-09-10 15:00:05.618960384,11,7759,248,57
41.760038,12.58331,2026-09-10 15:00:06.676455936,11,7338,242,64
41.76517,12.572561,2026-09-10 15:00:06.676455936,11,13797,165,149
41.760841,12.573572,2026-09-10 15:00:06.676454144,11,14687,174,128
42.490943,12.688167,2026-09-10 15:00:06.922748928,11,6070,225,78
42.547402,12.695592,2026-09-10 15:00:06.922755072,11,14588,213,97
42.593941,12.731846,2026-09-10 15:00:06.922782976,11,13552,154,51
40.592635,11.921804,2026-09-10 15:00:07.618287872,11,11938,216,62
40.553825,11.920365,2026-09-10 15:00:07.618311168,11,9513,214,27
44.164676,-34.646326,2026-09-10 15:00:07.875105024,11,5488,161,38
41.769451,12.54271,2026-09-10 15:00:11.568083456,11,3497,264,177
40.481975,11.923458,2026-09-10 15:00:14.43968256,11,8151,235,240
40.802478,12.187212,2026-09-10 15:00:16.520146944,11,5038,267,149
41.018361,12.164223,2026-09-10 15:00:16.520220160,11,5038,203,85
36.742509,10.147718,2026-09-10 15:00:17.215147520,11,6855,212,37
40.831174,12.172971,2026-09-10 15:00:20.207857920,11,10178,247,53
40.998117,12.246086,2026-09-10 15:00:25.504305664,11,6850,265,83
57.854526,23.884784,2026-09-10 15:00:25.732442624,11,13716,151,67
41.027384,12.1252,2026-09-10 15:00:27.358597632,11,3757,263,117
36.661833,9.972177,2026-09-10 15:00:27.642992128,11,2952,213,46
36.697265,9.949511,2026-09-10 15:00:27.643004416,11,3356,239,39
41.837646,12.657575,2026-09-10 15:00:29.349846528,11,11369,228,115
41.23667,12.336632,2026-09-10 15:00:32.685612288,11,5858,238,159
43.010995,13.117196,2026-09-10 15:00:33.345414656,11,6291,207,66
42.323601,12.079127,2026-09-10 15:00:37.34161664,11,14525,215,180
42.324886,12.032021,2026-09-10 15:00:37.155512320,11,6714,211,178
42.921652,-36.506669,2026-09-10 15:00:37.799972864,11,7284,156,176
41.917109,12.603659,2026-09-10 15:00:38.979113216,11,5109,212,59
41.911519,12.568294,2026-09-10 15:00:41.436773120,11,9896,217,49
41.9125,12.591412,2026-09-10 15:00:41.436781568,11,11918,152,43
41.051046,12.147417,2026-09-10 15:00:42.56227584,11,5825,257,103
41.148066,12.197546,2026-09-10 15:00:42.56258048,11,14067,171,138
41.040971,12.163116,2026-09-10 15:00:42.56272384,11,7037,173,125
41.016233,12.159964,2026-09-10 15:00:42.56262656,11,11225,174,73
41.042037,12.156771,2026-09-10 15:00:42.56266240,11,8525,199,37
38.70335,-39.120543,2026-09-10 15:00:42.664671488,11,8548,174,274
40.63292,11.904279,2026-09-10 15:00:43.276601344,11,12683,183,50
41.744601,12.567845,2026-09-10 15:00:43.548632320,11,4382,248,94
41.879343,12.644042,2026-09-10 15:00:44.718945536,11,7075,250,111
41.921866,12.628773,2026-09-10 15:00:44.718959616,11,4899,212,138
41.899042,12.636479,2026-09-10 15:00:44.718947840,11,13863,114,123
41.909671,12.651416,2026-09-10 15:00:44.718956288,11,11165,161,100
41.827488,12.659067,2026-09-10 15:00:47.786448640,11,8502,214,41
40.493154,11.919503,2026-09-10 15:00:56.210224896,11,10542,247,200
40.494007,11.906028,2026-09-10 15:00:56.210231040,11,4654,188,143
40.738902,12.091369,2026-09-10 15:00:58.245430016,11,6830,262,80
40.779469,12.092225,2026-09-10 15:00:58.245442048,11,6474,183,173
41.279321,12.116624,2026-09-10 15:00:58.245615360,11,13135,264,157
40.835449,12.155253,2026-09-10 15:00:58.245473792,11,10593,221,144
40.854595,12.117656,2026-09-10 15:00:58.245476608,11,8407,169,50
41.773882,12.590108,2026-09-10 15:00:59.103095808,11,10430,229,79
41.743841,12.575812,2026-09-10 15:00:59.103090432,11,4740,208,143
41.760248,12.583984,2026-09-10 15:00:59.103147264,11,11199,232,130
41.883683,12.585147,2026-09-10 15:00:59.358504960,11,7553,183,59
36.604504,9.254239,2026-09-10 15:01:00.845058816,11,7424,269,318
36.656171,9.249402,2026-09-10 15:01:00.845075200,11,6367,236,171
40.609631,11.893168,2026-09-10 15:01:08.604971264,11,8538,218,168
36.386827,8.47514,2026-09-10 15:01:10.382728192,11,7331,189,50
36.411943,8.484931,2026-09-10 15:01:10.382735616,11,2758,241,63
45.807974,12.73661,2026-09-10 15:01:13.631297536,11,7613,89,170
45.820756,12.745334,2026-09-10 15:01:13.631305472,11,8192,115,108
45.802995,12.738391,2026-09-10 15:01:13.819416320,11,9528,83,150
45.814121,12.750297,2026-09-10 15:01:13.819420672,11,9116,185,125
40.549982,11.941248,2026-09-10 15:01:15.105046016,11,8464,256,111
41.001859,12.195435,2026-09-10 15:01:17.721365248,11,6885,258,103
36.50804,7.74428,2026-09-10 15:01:18.817063168,11,14637,260,154
36.603365,7.870708,2026-09-10 15:01:18.817065472,11,4600,261,262
38.032725,12.048589,2026-09-10 15:01:19.374719744,11,4042,224,215
38.068795,12.035507,2026-09-10 15:01:19.476952064,11,4545,212,181
41.74407,12.562758,2026-09-10 15:01:20.553858560,11,5237,226,138
41.755793,12.567237,2026-09-10 15:01:20.553864448,11,2602,246,180
11.770092,-9.783625,2026-09-10 15:01:21.555194112,11,11042,218,170
40.948202,12.102839,2026-09-10 15:01:22.592839680,11,7183,256,90
40.933573,12.110607,2026-09-10 15:01:22.807781888,11,8178,215,142
40.480005,11.946887,2026-09-10 15:01:24.292029184,11,6775,230,62
40.511651,11.962989,2026-09-10 15:01:24.292040192,11,10676,216,158
40.5089,11.938868,2026-09-10 15:01:24.292040704,11,13450,202,145
40.513083,11.973626,2026-09-10 15:01:24.292036352,11,3650,202,129
40.506876,11.95355,2026-09-10 15:01:24.292034560,11,3701,255,117
40.785586,12.194865,2026-09-10 15:01:24.905587456,11,7302,222,80
40.933077,12.366679,2026-09-10 15:01:24.905658880,11,13699,230,54
41.778636,12.578505,2026-09-10 15:01:25.525364480,11,4087,268,121
41.931035,12.596435,2026-09-10 15:01:29.87975680,11,3660,249,182
41.74319,12.554953,2026-09-10 15:01:30.430433792,11,5271,244,274
41.726799,12.547495,2026-09-10 15:01:30.430434304,11,5312,254,257
41.717613,12.548325,2026-09-10 15:01:30.472630016,11,7791,253,160
42.073963,12.022239,2026-09-10 15:01:34.860116224,11,5048,258,51
41.790763,12.581376,2026-09-10 15:01:35.628760576,11,14600,225,77
41.802666,12.637236,2026-09-10 15:01:37.101181440,11,6901,225,176
41.794793,12.642034,2026-09-10 15:01:37.101183488,11,7411,246,142
41.829979,12.700837,2026-09-10 15:01:38.552143104,11,4085,265,99
40.750918,11.989761,2026-09-10 15:01:40.215091712,11,14695,218,56
41.006388,12.121728,2026-09-10 15:01:40.397092352,11,6185,174,78
41.829687,12.559201,2026-09-10 15:01:41.50722304,11,6216,251,113
40.870529,12.109849,2026-09-10 15:01:41.977500416,11,13078,217,49
44.587124,7.574621,2026-09-10 15:01:44.484728832,11,9335,168,21
40.984437,12.273262,2026-09-10 15:01:46.171635456,11,9553,224,232
42.731824,12.088326,2026-09-10 15:01:46.818780160,11,8334,131,174
42.46526,12.705411,2026-09-10 15:01:57.477586432,11,10004,245,104
41.197065,12.235161,2026-09-10 15:01:57.588929792,11,3975,266,87
41.163281,12.343353,2026-09-10 15:01:57.610952704,11,7541,220,61
41.06412,12.182203,2026-09-10 15:01:59.370538240,11,5746,257,122
42.044819,12.621596,2026-09-10 15:01:59.894740480,11,14414,242,117
43.001708,12.434893,2026-09-10 15:02:00.305479936,11,8899,147,153
43.135015,12.53538,2026-09-10 15:02:00.305541632,11,6980,233,81
41.737839,12.526739,2026-09-10 15:02:01.107418624,11,7413,172,70
41.755842,12.565353,2026-09-10 15:02:01.107430144,11,10353,167,102
40.729488,12.045607,2026-09-10 15:02:01.474745856,11,14161,234,98
40.742024,12.053714,2026-09-10 15:02:01.474768384,11,8211,183,80
41.813051,23.82371,2026-09-10 15:02:01.930763264,11,10003,90,23
41.914668,12.66576,2026-09-10 15:02:03.506306560,11,8378,222,151
40.979873,12.219221,2026-09-10 15:02:04.549856512,11,7239,246,125
41.848508,12.629258,2026-09-10 15:02:06.727711488,11,7002,225,75
41.806331,12.565274,2026-09-10 15:02:08.681974784,11,2036,269,185
41.765082,12.568723,2026-09-10 15:02:08.742251776,11,9753,226,141
41.003593,12.13949,2026-09-10 15:02:08.871398656,11,6931,264,70
41.239059,12.301693,2026-09-10 15:02:08.871498752,11,6546,228,109
41.023092,12.130139,2026-09-10 15:02:08.871435776,11,10532,186,92
41.032217,12.140056,2026-09-10 15:02:09.147360000,11,7985,215,52
39.899866,20.845286,2026-09-10 15:02:10.598783744,11,10222,137,35
41.873283,12.627377,2026-09-10 15:02:10.760448000,11,7121,235,33
41.899474,12.539153,2026-09-10 15:02:11.882181376,11,9379,270,37
41.88251,12.52477,2026-09-10 15:02:11.882222336,11,7133,244,29
36.311909,9.441312,2026-09-10 15:02:12.12580096,11,6037,249,170
45.79337,12.80942,2026-09-10 15:02:14.924265216,11,10910,57,115
45.806614,12.813125,2026-09-10 15:02:14.924270336,11,5362,124,153
40.564859,11.909163,2026-09-10 15:02:14.957926400,11,7016,229,109
45.885858,12.776648,2026-09-10 15:02:15.226902272,11,10869,112,100
45.832406,12.776132,2026-09-10 15:02:15.226884352,11,7210,218,134
41.831287,12.632021,2026-09-10 15:02:16.48519936,11,5170,252,97
40.915105,12.129979,2026-09-10 15:02:16.374296832,11,6883,268,72
42.157497,12.048475,2026-09-10 15:02:19.643476992,11,5913,223,146
42.176303,12.063027,2026-09-10 15:02:19.643486464,11,7572,226,140
36.743935,10.090444,2026-09-10 15:02:20.427457536,11,6629,225,351
36.685193,10.078675,2026-09-10 15:02:20.427437056,11,10748,232,239
40.693698,11.822255,2026-09-10 15:02:21.231146752,11,9284,219,31
40.754988,11.841568,2026-09-10 15:02:21.231157760,11,5331,259,41
41.886116,12.670341,2026-09-10 15:02:21.277456128,11,9372,270,40
41.010707,12.161228,2026-09-10 15:02:22.205429248,11,5139,217,73
41.769221,12.557261,2026-09-10 15:02:25.171678208,11,9746,247,95
41.996917,12.672001,2026-09-10 15:02:25.380348160,11,6729,248,61
42.387685,12.751733,2026-09-10 15:02:30.546138368,11,13944,202,244
42.397066,12.751745,2026-09-10 15:02:30.546153472,11,5358,234,117
40.500018,11.884028,2026-09-10 15:02:33.165808896,11,11488,252,138
40.78965,11.986375,2026-09-10 15:02:35.146724608,11,5560,183,91
40.029268,20.811642,2026-09-10 15:02:37.289934592,11,9848,160,124
41.058144,12.180543,2026-09-10 15:02:39.657914112,11,4106,180,89
41.160203,12.164693,2026-09-10 15:02:39.657952000,11,5627,221,210
40.767656,12.12399,2026-09-10 15:02:40.887300096,11,11848,192,42
40.749801,12.118269,2026-09-10 15:02:40.887293440,11,7053,220,62
41.870078,12.045436,2026-09-10 15:02:40.891252480,11,14251,207,27
41.753125,12.582443,2026-09-10 15:02:42.327438336,11,10415,227,108
42.164595,12.971986,2026-09-10 15:02:44.602559744,11,9229,217,232
38.672535,-39.130431,2026-09-10 15:02:44.835706112,11,8689,174,182
40.914707,12.086156,2026-09-10 15:02:48.556536832,11,5103,265,196
41.772331,12.555247,2026-09-10 15:02:48.568716800,11,5908,252,110
41.738339,12.567825,2026-09-10 15:02:48.628956416,11,9135,253,122
41.797252,12.600488,2026-09-10 15:02:49.928337408,11,5845,215,47
41.700382,12.630002,2026-09-10 15:02:49.928313856,11,8263,243,101
41.822351,12.593601,2026-09-10 15:02:49.928342528,11,11375,169,88
41.79349,12.602454,2026-09-10 15:02:49.928349696,11,12364,179,74
41.825539,12.645803,2026-09-10 15:02:52.594724096,11,6578,270,62
41.785569,12.648554,2026-09-10 15:02:52.594724096,11,4981,244,55
40.631272,11.91037,2026-09-10 15:02:55.40203520,11,11410,196,66
40.748566,11.951592,2026-09-10 15:02:55.40206336,11,11399,183,119
40.753493,11.946752,2026-09-10 15:02:55.40215552,11,6728,247,106
40.788873,11.985582,2026-09-10 15:02:55.40232704,11,6264,267,94
40.999804,12.161194,2026-09-10 15:02:55.339146240,11,10745,254,32
36.552085,10.227399,2026-09-10 15:02:56.842727424,11,5670,217,59
36.549136,10.24016,2026-09-10 15:02:56.842729472,11,6012,219,89
41.91732,12.628437,2026-09-10 15:03:03.216958208,11,8819,243,127
42.002701,12.648386,2026-09-10 15:03:03.216982016,11,9374,259,256
41.831997,12.621026,2026-09-10 15:03:03.247218944,11,5496,227,181
40.50769,11.93812,2026-09-10 15:03:03.419675392,11,6239,253,150
59.433418,24.133837,2026-09-10 15:03:07.215308800,11,7307,157,183
40.791578,12.045176,2026-09-10 15:03:09.505611776,11,6087,233,114
40.784382,12.041705,2026-09-10 15:03:09.505614336,11,6516,177,226
41.026367,12.166977,2026-09-10 15:03:09.913334528,11,6561,242,195
41.691603,12.55073,2026-09-10 15:03:10.296181504,11,8168,254,118
41.734341,12.548901,2026-09-10 15:03:10.296199168,11,4064,253,112
41.806193,12.62128,2026-09-10 15:03:15.167875840,11,8655,205,19
41.028129,16.254797,2026-09-10 15:03:15.220960768,11,11699,199,192
41.724988,12.564623,2026-09-10 15:03:16.482871808,11,3806,258,167
41.77186,12.554256,2026-09-10 15:03:16.482888960,11,4961,161,62
41.155789,12.396398,2026-09-10 15:03:18.522103808,11,3762,251,77
41.15625,12.385155,2026-09-10 15:03:18.522108416,11,5164,170,148
41.137909,12.380515,2026-09-10 15:03:18.522095616,11,13863,174,99
41.180496,12.462913,2026-09-10 15:03:19.306465536,11,9418,185,64
41.183254,12.444836,2026-09-10 15:03:19.306471424,11,8748,187,93
41.703218,12.629179,2026-09-10 15:03:20.446034176,11,12525,204,88
38.179046,12.146645,2026-09-10 15:00:00.921288448,12,4582,254,216
38.174606,12.143418,2026-09-10 15:00:00.921285376,12,4780,239,209
38.13746,12.13916,2026-09-10 15:00:01.645841152,12,6877,242,145
38.166317,12.141413,2026-09-10 15:00:01.645856768,12,6362,222,246
38.165312,12.145385,2026-09-10 15:00:01.645851648,12,5067,218,229
41.851769,11.697487,2026-09-10 15:00:02.346824192,12,5864,220,44
40.557628,11.890127,2026-09-10 15:00:02.889116416,12,5723,237,141
40.475908,11.823573,2026-09-10 15:00:02.889122560,12,8063,169,49
41.860233,12.609419,2026-09-10 15:00:05.618961920,12,7471,248,56
41.842143,12.616653,2026-09-10 15:00:05.806320640,12,8844,252,115
41.720263,12.581427,2026-09-10 15:00:06.676442112,12,10704,248,73
41.769804,12.578539,2026-09-10 15:00:06.676457216,12,7148,167,158
41.76322,12.572445,2026-09-10 15:00:06.676460800,12,12841,165,140
42.490943,12.688167,2026-09-10 15:00:06.922748928,12,6070,225,82
42.540984,12.693881,2026-09-10 15:00:06.922760704,12,5221,221,97
41.790642,12.593951,2026-09-10 15:00:07.364397824,12,14528,192,58
41.836957,12.636147,2026-09-10 15:00:07.364365824,12,10332,166,110
40.505861,11.910167,2026-09-10 15:00:07.618260480,12,3677,256,77
40.491867,11.902486,2026-09-10 15:00:07.618258688,12,10089,203,86
40.521628,11.915228,2026-09-10 15:00:07.618304000,12,7173,247,70
40.945777,12.216275,2026-09-10 15:00:07.951486464,12,7413,187,39
40.496126,11.924708,2026-09-10 15:00:14.43965696,12,10553,234,247
40.484992,11.916532,2026-09-10 15:00:14.43969536,12,7349,182,127
24.782034,-80.253547,2026-09-10 15:00:14.651176448,12,4252,268,70
40.777709,12.188286,2026-09-10 15:00:16.520139520,12,3640,268,149
40.857984,12.072393,2026-09-10 15:00:16.520177920,12,8068,254,136
40.846156,12.183298,2026-09-10 15:00:16.686113536,12,6884,253,64
36.747083,10.150323,2026-09-10 15:00:17.215148800,12,9960,209,38
40.702458,11.837147,2026-09-10 15:00:18.941588480,12,13188,197,25
40.998117,12.246086,2026-09-10 15:00:25.504305664,12,6850,265,83
57.854526,23.884784,2026-09-10 15:00:25.732442624,12,13716,151,62
40.905132,12.033806,2026-09-10 15:00:26.683676672,12,6034,234,70
40.988019,12.138562,2026-09-10 15:00:27.294626560,12,4935,265,186
41.023278,12.12321,2026-09-10 15:00:27.294643968,12,5555,173,94
41.014716,12.128669,2026-09-10 15:00:27.358593536,12,6387,264,117
40.978142,12.09804,2026-09-10 15:00:27.358625792,12,10217,222,39
36.661833,9.972177,2026-09-10 15:00:27.642992128,12,2952,213,47
36.697265,9.949511,2026-09-10 15:00:27.643004416,12,3356,239,39
41.727576,12.495984,2026-09-10 15:00:28.639671552,12,8141,268,36
41.620012,12.746441,2026-09-10 15:00:29.349767424,12,14367,257,145
40.572189,11.820456,2026-09-10 15:00:30.392900096,12,10084,221,116
41.23667,12.336632,2026-09-10 15:00:32.685612288,12,5858,238,157
41.77365,12.610677,2026-09-10 15:00:33.463354624,12,14527,169,32
41.739869,12.572164,2026-09-10 15:00:33.463333888,12,9876,116,40
41.978326,12.667684,2026-09-10 15:00:33.822749184,12,8098,263,57
41.918264,12.673969,2026-09-10 15:00:33.822726144,12,9459,114,47
42.323601,12.079127,2026-09-10 15:00:37.34161664,12,14525,215,179
42.324886,12.032021,2026-09-10 15:00:37.155512320,12,6714,211,167
42.921652,-36.506669,2026-09-10 15:00:37.799972864,12,7284,156,173
41.897839,12.568614,2026-09-10 15:00:41.436771072,12,10038,218,49
41.915113,12.600255,2026-09-10 15:00:41.436780800,12,13176,152,42
41.051046,12.147417,2026-09-10 15:00:42.56227584,12,5825,257,103
41.148066,12.197546,2026-09-10 15:00:42.56258048,12,14067,171,138
41.040971,12.163116,2026-09-10 15:00:42.56272384,12,7037,173,125
41.016233,12.159964,2026-09-10 15:00:42.56262656,12,11225,174,66
38.70335,-39.120543,2026-09-10 15:00:42.664671488,12,8548,174,273
41.677143,11.58339,2026-09-10 15:00:43.612732416,12,4840,208,108
41.691028,11.583538,2026-09-10 15:00:43.612671488,12,5717,209,95
41.901869,11.601088,2026-09-10 15:00:43.612741120,12,9095,223,78
41.879343,12.644042,2026-09-10 15:00:44.718945536,12,7075,250,110
41.921866,12.628773,2026-09-10 15:00:44.718959616,12,4899,212,137
41.899042,12.636479,2026-09-10 15:00:44.718947840,12,13863,114,122
41.906617,12.651111,2026-09-10 15:00:44.718955520,12,11171,161,105
41.853572,12.5783,2026-09-10 15:00:45.542333184,12,6038,248,80
41.827488,12.659067,2026-09-10 15:00:47.786448640,12,8502,214,48
40.493154,11.919503,2026-09-10 15:00:56.210224896,12,10542,247,194
40.495073,11.908933,2026-09-10 15:00:56.210231040,12,4551,188,193
38.18591,-40.578503,2026-09-10 15:00:57.558491136,12,14075,207,61
40.742574,12.079994,2026-09-10 15:00:58.245428224,12,5506,259,89
40.779512,12.092275,2026-09-10 15:00:58.245443072,12,6475,177,171
40.753999,12.103153,2026-09-10 15:00:58.245473024,12,12165,200,155
40.791461,12.1232,2026-09-10 15:00:58.245453568,12,4948,255,142
40.772943,12.088062,2026-09-10 15:00:58.245441280,12,6527,246,100
40.814426,12.104038,2026-09-10 15:00:58.245488640,12,6103,253,92
40.739739,12.157384,2026-09-10 15:00:58.245461760,12,8552,215,42
41.735249,12.571136,2026-09-10 15:00:59.103083776,12,7672,263,138
41.75231,12.566132,2026-09-10 15:00:59.103094528,12,6780,161,117
41.877309,12.595209,2026-09-10 15:00:59.358504960,12,14131,183,52
36.627868,9.246398,2026-09-10 15:01:00.845065984,12,3520,269,274
41.744634,12.548296,2026-09-10 15:01:01.637151744,12,7826,171,78
40.609631,11.893168,2026-09-10 15:01:08.604971264,12,8538,218,159
36.386827,8.47514,2026-09-10 15:01:10.382728192,12,7331,189,48
42.096595,11.885338,2026-09-10 15:01:11.216962304,12,4703,240,54
45.810458,12.748923,2026-09-10 15:01:13.631298304,12,8686,88,160
45.810244,12.752838,2026-09-10 15:01:13.631298304,12,9069,115,237
45.811279,12.730173,2026-09-10 15:01:13.819417856,12,8211,52,168
41.020105,12.189453,2026-09-10 15:01:17.721369856,12,5205,257,74
36.624488,7.870193,2026-09-10 15:01:18.817070848,12,5051,261,192
36.594924,7.880382,2026-09-10 15:01:18.817059840,12,6754,214,133
41.12774,12.335937,2026-09-10 15:01:19.137770240,12,5135,262,109
38.059526,12.016031,2026-09-10 15:01:19.476951040,12,9011,212,176
41.757968,12.541161,2026-09-10 15:01:20.553860608,12,3567,255,127
41.737825,12.560797,2026-09-10 15:01:20.553855232,12,5111,220,183
11.564064,-10.103925,2026-09-10 15:01:21.555107328,12,8631,250,162
40.947918,12.103083,2026-09-10 15:01:22.592839680,12,7181,256,73
40.941207,12.086948,2026-09-10 15:01:22.592884992,12,11883,222,71
40.486853,11.930696,2026-09-10 15:01:24.292033536,12,6844,230,54
40.487993,11.875866,2026-09-10 15:01:24.292019456,12,7987,193,147
40.520611,11.970458,2026-09-10 15:01:24.292037888,12,6413,202,134
40.520546,11.953736,2026-09-10 15:01:24.292036352,12,5626,230,120
41.74319,12.554953,2026-09-10 15:01:30.430433792,12,5271,244,269
41.726799,12.547495,2026-09-10 15:01:30.430434304,12,5312,254,252
41.717613,12.548325,2026-09-10 15:01:30.472630016,12,7791,253,160
42.053111,12.031732,2026-09-10 15:01:34.860111104,12,4540,263,59
41.802666,12.637236,2026-09-10 15:01:37.101181440,12,6901,225,168
41.809021,12.638044,2026-09-10 15:01:37.101185280,12,4889,234,142
41.829979,12.700837,2026-09-10 15:01:38.552143104,12,4085,265,97
40.755015,11.989285,2026-09-10 15:01:40.215093248,12,13678,217,54
41.006388,12.121728,2026-09-10 15:01:40.397092352,12,6185,174,81
41.836562,12.551271,2026-09-10 15:01:41.50722816,12,5540,250,90
41.730148,12.595919,2026-09-10 15:01:41.884828160,12,4101,269,33
40.781294,11.982116,2026-09-10 15:01:41.977456384,12,13386,223,54
41.017262,12.273344,2026-09-10 15:01:46.171647232,12,2688,238,225
42.731824,12.088326,2026-09-10 15:01:46.818780160,12,8334,131,173
40.848523,12.070509,2026-09-10 15:01:53.853903104,12,13099,234,92
40.808412,12.134544,2026-09-10 15:01:54.26240512,12,9022,220,69
42.509016,12.706751,2026-09-10 15:01:57.477598720,12,12953,237,91
41.189722,12.24103,2026-09-10 15:01:57.588927232,12,4624,266,87
41.14401,12.352164,2026-09-10 15:01:57.610948352,12,6976,205,64
41.069326,12.161861,2026-09-10 15:01:59.370540288,12,6506,214,69
41.076812,12.198587,2026-09-10 15:01:59.370542336,12,8211,219,135
42.066184,12.582244,2026-09-10 15:01:59.894767872,12,14049,252,75
41.953357,12.656573,2026-09-10 15:01:59.894723584,12,12094,231,99
43.033995,12.422951,2026-09-10 15:02:00.305495552,12,6066,245,73
43.040238,12.432635,2026-09-10 15:02:00.305498112,12,5187,187,91
41.737839,12.526739,2026-09-10 15:02:01.107418624,12,7413,172,71
41.756545,12.538046,2026-09-10 15:02:01.107425024,12,5843,167,103
40.731285,11.990431,2026-09-10 15:02:01.428728320,12,11323,188,58
40.71834,11.940083,2026-09-10 15:02:01.428723200,12,9802,242,65
40.729488,12.045607,2026-09-10 15:02:01.474745856,12,14161,234,99
41.816652,23.840859,2026-09-10 15:02:01.930767616,12,8889,97,24
41.897008,12.678447,2026-09-10 15:02:03.506303744,12,12968,223,116
41.743695,12.414604,2026-09-10 15:02:03.865259264,12,14474,183,56
40.947539,12.230076,2026-09-10 15:02:04.549848320,12,9324,265,110
41.85757,12.626985,2026-09-10 15:02:06.727714816,12,6904,246,71
41.806331,12.565274,2026-09-10 15:02:08.681974784,12,2036,269,193
41.764608,12.568926,2026-09-10 15:02:08.742254080,12,8110,203,60
40.981547,12.145144,2026-09-10 15:02:08.871392768,12,5893,264,81
41.239059,12.301693,2026-09-10 15:02:08.871498752,12,6546,228,108
39.902827,20.847911,2026-09-10 15:02:10.598783488,12,8429,137,36
41.873283,12.627377,2026-09-10 15:02:10.760448000,12,7121,235,34
41.855024,12.538733,2026-09-10 15:02:11.882166272,12,11434,242,27
41.889793,12.529658,2026-09-10 15:02:11.882220032,12,5418,244,26
36.311909,9.441312,2026-09-10 15:02:12.12580096,12,6037,249,177
45.79337,12.80942,2026-09-10 15:02:14.924265216,12,10910,57,104
45.813677,12.821214,2026-09-10 15:02:14.924274688,12,6396,192,153
45.885862,12.776655,2026-09-10 15:02:15.226902272,12,10869,112,78
45.832406,12.776132,2026-09-10 15:02:15.226884352,12,7210,218,134
41.831287,12.632021,2026-09-10 15:02:16.48519936,12,5170,252,97
40.908085,12.13568,2026-09-10 15:02:16.374294784,12,9891,165,75
40.967112,12.316316,2026-09-10 15:02:17.520713984,12,2557,266,137
42.157497,12.048475,2026-09-10 15:02:19.643476992,12,5913,223,146
42.148679,12.063801,2026-09-10 15:02:19.643477248,12,10479,199,200
36.800388,10.058955,2026-09-10 15:02:20.427477248,12,5042,225,214
36.703184,10.096411,2026-09-10 15:02:20.427442176,12,8966,232,321
40.693698,11.822255,2026-09-10 15:02:21.231146752,12,9284,219,31
40.754988,11.841568,2026-09-10 15:02:21.231157760,12,5331,259,39
41.845601,12.666032,2026-09-10 15:02:21.277441536,12,7296,244,41
41.797069,12.685292,2026-09-10 15:02:21.277429504,12,5075,191,34
41.89901,12.661353,2026-09-10 15:02:21.277456128,12,13742,202,22
41.011595,12.157128,2026-09-10 15:02:22.205425664,12,8370,215,123
42.381212,12.757217,2026-09-10 15:02:30.546144256,12,9264,202,258
42.391544,12.744927,2026-09-10 15:02:30.546150656,12,5394,234,140
40.501493,11.888518,2026-09-10 15:02:33.165809664,12,4342,252,144
40.486496,11.901139,2026-09-10 15:02:34.674831360,12,5949,241,111
40.495855,11.919422,2026-09-10 15:02:34.674885376,12,14152,181,132
40.748166,11.991894,2026-09-10 15:02:35.146712832,12,2155,261,111
40.063477,20.943818,2026-09-10 15:02:37.289974016,12,12854,211,69
41.689355,12.49701,2026-09-10 15:02:37.684859392,12,8746,249,67
41.791018,12.605539,2026-09-10 15:02:38.279322880,12,5646,225,130
41.066744,12.18524,2026-09-10 15:02:39.657916416,12,6150,175,83
41.041129,12.181518,2026-09-10 15:02:39.657914112,12,8545,124,196
40.761965,12.126283,2026-09-10 15:02:40.887298560,12,9318,192,38
41.753125,12.582443,2026-09-10 15:02:42.327438336,12,10415,227,107
42.164595,12.971986,2026-09-10 15:02:44.602559744,12,9229,217,223
44.367201,7.536467,2026-09-10 15:02:46.426284032,12,8593,157,41
40.94881,12.090857,2026-09-10 15:02:48.556547840,12,10703,251,110
40.947318,12.083521,2026-09-10 15:02:48.556549632,12,4540,175,158
41.776612,12.548497,2026-09-10 15:02:48.568718848,12,5192,252,88
41.784495,12.564001,2026-09-10 15:02:48.628975104,12,4552,234,94
41.808777,12.60367,2026-09-10 15:02:49.928339968,12,6115,207,62
41.700382,12.630002,2026-09-10 15:02:49.928313856,12,8263,243,100
41.828123,12.578964,2026-09-10 15:02:49.928348160,12,10508,160,87
41.793479,12.602459,2026-09-10 15:02:49.928342528,12,12363,179,73
41.825539,12.645803,2026-09-10 15:02:52.594724096,12,6578,270,58
41.785569,12.648554,2026-09-10 15:02:52.594724096,12,4981,244,53
40.631272,11.91037,2026-09-10 15:02:55.40203520,12,11410,196,65
40.748566,11.951592,2026-09-10 15:02:55.40206336,12,11399,183,116
40.786423,11.971002,2026-09-10 15:02:55.40229376,12,11393,223,103
40.775071,11.995365,2026-09-10 15:02:55.40230656,12,7561,266,89
40.844511,12.014551,2026-09-10 15:02:55.40252160,12,5062,213,75
40.999804,12.161194,2026-09-10 15:02:55.339146240,12,10745,254,31
36.552085,10.227399,2026-09-10 15:02:56.842727424,12,5670,217,59
41.91732,12.628437,2026-09-10 15:03:03.216958208,12,8819,243,127
42.001725,12.64548,2026-09-10 15:03:03.216981504,12,6468,260,288
41.844284,12.613239,2026-09-10 15:03:03.247222528,12,6601,227,186
40.497849,11.931269,2026-09-10 15:03:03.419671808,12,6406,254,147
59.433418,24.133837,2026-09-10 15:03:07.215308800,12,7307,157,183
40.818143,12.05265,2026-09-10 15:03:09.505624320,12,4486,260,180
40.793582,12.0319,2026-09-10 15:03:09.505616640,12,5610,254,152
41.026367,12.166977,2026-09-10 15:03:09.913334528,12,6561,242,192
41.691603,12.55073,2026-09-10 15:03:10.296181504,12,8168,254,116
41.734341,12.548901,2026-09-10 15:03:10.296199168,12,4064,253,110
41.964665,12.698191,2026-09-10 15:03:14.422648064,12,5235,249,93
41.028129,16.254797,2026-09-10 15:03:15.220960768,12,11699,199,187
41.757933,12.556704,2026-09-10 15:03:16.482879232,12,6446,226,120
41.798998,12.568378,2026-09-10 15:03:16.482896384,12,3650,229,79
41.175683,12.364955,2026-09-10 15:03:16.615189760,12,5175,270,25
41.858981,12.526476,2026-09-10 15:03:16.762767360,12,14732,227,39
40.926231,12.103991,2026-09-10 15:03:17.427919104,12,13757,196,36
41.155789,12.396398,2026-09-10 15:03:18.522103808,12,3762,251,76
41.15625,12.385155,2026-09-10 15:03:18.522108416,12,5164,170,145
41.124926,12.406933,2026-09-10 15:03:18.522097408,12,9793,176,132
41.720633,12.648558,2026-09-10 15:03:20.446037504,12,12239,197,59
41.714774,12.6289,2026-09-10 15:03:20.446040832,12,10542,199,140
27.685502,-48.861635,2026-09-10 17:50:00.25937152,3,13130,245,29
34.791619,-96.680192,2026-09-10 17:50:00.222047232,3,6361,213,25
30.814509,-87.208637,2026-09-10 17:50:00.593494272,3,3230,218,32
37.382407,9.815671,2026-09-10 17:50:00.785788160,4,9208,215,31
36.60576,10.971315,2026-09-10 17:50:03.430350336,4,12625,247,22
36.509119,10.914112,2026-09-10 17:50:03.811235584,4,13241,221,23
61.681399,36.251307,2026-09-10 17:50:04.521786112,9,8293,184,11
30.824082,-87.21197,2026-09-10 17:50:00.593497600,13,8046,217,32
31.554534,-89.292493,2026-09-10 17:50:02.447575040,13,7433,270,52
31.154161,-89.432912,2026-09-10 17:50:02.447446528,13,6598,270,48
31.342342,-89.487623,2026-09-10 17:50:02.447513088,13,5823,251,34
25.364465,-88.752695,2026-09-10 17:50:02.879834880,13,9823,269,24
29.693862,-95.405821,2026-09-10 17:50:04.63789568,13,5155,232,25
30.760518,-88.927089,2026-09-10 17:50:04.553140224,13,8349,144,53
34.299124,-97.328555,2026-09-10 17:50:05.854968064,13,5419,178,22
30.629602,-85.302473,2026-09-10 17:50:06.772212480,13,1620,233,60
30.594548,-85.357237,2026-09-10 17:50:06.772229888,13,8883,221,47
27.937359,-80.703192,2026-09-10 17:50:06.915581696,13,4817,134,39
28.019664,-80.725835,2026-09-10 17:50:06.915644928,13,6208,256,53
29.890985,-96.300712,2026-09-10 17:50:07.270069248,13,10296,214,58
30.625464,-85.298307,2026-09-10 17:50:07.521514240,13,6298,210,58
31.499022,-91.38621,2026-09-10 17:50:07.620298240,13,9411,175,21
29.890334,-95.354196,2026-09-10 17:50:08.510933248,13,5988,167,29
29.920019,-95.302272,2026-09-10 17:50:08.638628864,13,5070,151,77
29.973835,-95.279795,2026-09-10 17:50:08.638678016,13,6469,229,63
26.586305,-84.103915,2026-09-10 17:50:08.712647680,13,6339,252,33
26.116978,-80.288922,2026-09-10 17:50:10.107983360,13,7016,227,81
29.249287,-94.212669,2026-09-10 17:50:10.519158272,13,4631,223,38
29.412414,-94.161659,2026-09-10 17:50:10.519208448,13,11553,236,28
25.962371,-82.942236,2026-09-10 17:50:11.476374784,13,6015,263,53
26.733477,-82.058554,2026-09-10 17:50:11.609840128,13,7392,260,36
29.48585,-90.154583,2026-09-10 17:50:11.939997184,13,6131,226,51
29.605254,-90.260438,2026-09-10 17:50:12.23491840,13,13845,224,28
29.721334,-90.234779,2026-09-10 17:50:12.470785792,13,6060,219,50
29.76925,-90.218209,2026-09-10 17:50:12.470829824,13,9705,242,35
29.550605,-90.135428,2026-09-10 17:50:12.839012096,13,4858,226,119
29.633333,-90.140506,2026-09-10 17:50:12.839038464,13,4308,171,102
29.659959,-90.135267,2026-09-10 17:50:13.91082752,13,5429,243,23
24.409372,-107.53663,2026-09-10 17:50:13.966929664,13,8944,262,18
24.632844,-107.469083,2026-09-10 17:50:14.246414848,13,11661,265,34
31.102612,-89.195259,2026-09-10 17:50:14.968550912,13,3941,205,100
31.156844,-89.211975,2026-09-10 17:50:14.968569856,13,4264,262,90
31.281071,-89.197531,2026-09-10 17:50:14.968617472,13,12276,242,75
26.264142,-81.231082,2026-09-10 17:50:15.107956224,13,13766,247,87
31.151078,-89.244031,2026-09-10 17:50:15.237015552,13,6882,189,103
31.164176,-89.225856,2026-09-10 17:50:15.237029632,13,6614,258,87
31.146673,-89.213606,2026-09-10 17:50:15.237057024,13,8937,232,25
30.640666,-88.930864,2026-09-10 17:50:15.726327296,13,10172,244,26
29.657229,-90.21331,2026-09-10 17:50:15.941389568,13,5379,197,54
29.719864,-90.196641,2026-09-10 17:50:15.941449216,13,6730,234,42
29.665215,-90.24957,2026-09-10 17:50:15.988677632,13,11491,170,28
29.72862,-90.213716,2026-09-10 17:50:15.988702976,13,4724,270,20
25.125881,-88.890464,2026-09-10 17:50:16.529092096,13,4864,262,25
25.394687,-82.575634,2026-09-10 17:50:16.950302208,13,5388,269,43
29.687479,-90.028115,2026-09-10 17:50:17.496624384,13,10781,223,28
18.487429,-67.307612,2026-09-10 17:50:17.505813760,13,7494,161,21
29.588082,-90.061595,2026-09-10 17:50:17.527518720,13,10513,231,24
29.678602,-90.046021,2026-09-10 17:50:17.601255936,13,5130,220,43
26.786184,-83.453726,2026-09-10 17:50:17.944352000,13,6511,257,40
26.774153,-83.462541,2026-09-10 17:50:18.14296064,13,5940,257,35
26.652001,-80.52066,2026-09-10 17:50:18.281580544,13,7271,264,24
26.634693,-80.478598,2026-09-10 17:50:18.398699776,13,10847,265,33
30.017695,-94.417178,2026-09-10 17:50:19.315468800,13,11974,161,18
29.889468,-95.375079,2026-09-10 17:50:19.513316096,13,6509,151,31
26.185088,-81.801386,2026-09-10 17:50:19.855295488,13,4375,258,45
52.868671,106.169542,2026-09-10 17:50:15.71189504,14,9929,198,55
44.728521,8.480073,2026-09-10 17:50:02.491618048,11,7584,135,158
44.738649,8.486706,2026-09-10 17:50:02.491628288,11,7731,181,177
44.994014,15.035246,2026-09-10 17:50:06.967617536,11,11946,182,78
44.908728,14.539681,2026-09-10 17:50:07.47396096,11,9860,142,95
44.914209,14.553351,2026-09-10 17:50:07.47400704,11,9770,159,98
44.591215,15.004517,2026-09-10 17:50:07.394627840,11,13920,105,106
44.60514,15.003445,2026-09-10 17:50:07.394639360,11,10740,144,163
35.896777,9.998081,2026-09-10 17:50:10.67410944,11,12496,212,62
26.017724,-80.262418,2026-09-10 17:50:10.107946752,11,7578,267,36
36.056897,10.064138,2026-09-10 17:50:10.504161280,11,5953,227,26
36.923407,10.956095,2026-09-10 17:50:11.186192384,11,4649,256,29
40.376306,12.936349,2026-09-10 17:50:12.921700352,11,12105,176,68
40.441236,12.927066,2026-09-10 17:50:12.921775616,11,12613,193,52
40.456125,12.887451,2026-09-10 17:50:12.921774336,11,4833,263,34
45.162823,7.462304,2026-09-10 17:50:14.807505408,11,12144,92,226
45.164722,7.462861,2026-09-10 17:50:14.807499008,11,3488,129,345
45.159277,7.468559,2026-09-10 17:50:14.807497728,11,8860,77,324
31.584431,-3.26244,2026-09-10 17:50:17.379742976,11,4383,219,26
44.028347,14.463538,2026-09-10 17:50:19.482843136,11,9504,134,139
44.038502,14.458996,2026-09-10 17:50:19.482842368,11,10941,154,122
40.442934,13.504998,2026-09-10 17:50:20.663086080,11,11330,204,36
44.728521,8.480073,2026-09-10 17:50:02.491618048,12,7584,135,159
44.738649,8.486706,2026-09-10 17:50:02.491628288,12,7731,181,177
44.994014,15.035246,2026-09-10 17:50:06.967617536,12,11946,182,74
44.887478,14.595675,2026-09-10 17:50:07.47382784,12,3080,244,101
44.595072,15.014769,2026-09-10 17:50:07.394636800,12,7408,105,85
44.605147,15.003437,2026-09-10 17:50:07.394646272,12,10741,144,162
44.717751,15.008576,2026-09-10 17:50:07.394675456,12,5045,248,142
35.896777,9.998081,2026-09-10 17:50:10.67410944,12,12496,212,63
36.0313,10.039978,2026-09-10 17:50:10.504153856,12,9452,224,40
36.923407,10.956095,2026-09-10 17:50:11.186192384,12,4649,256,29
40.376306,12.936349,2026-09-10 17:50:12.921700352,12,12105,176,69
40.441236,12.927066,2026-09-10 17:50:12.921775616,12,12613,193,53
40.40186,12.905728,2026-09-10 17:50:12.921758720,12,5112,257,38
45.162823,7.462304,2026-09-10 17:50:14.807505408,12,12144,92,226
45.164722,7.462861,2026-09-10 17:50:14.807499008,12,3488,129,346
45.159277,7.468559,2026-09-10 17:50:14.807497728,12,8860,77,325
31.584431,-3.26244,2026-09-10 17:50:17.379742976,12,4383,219,26
44.027722,14.467329,2026-09-10 17:50:19.482843904,12,8190,127,116
44.047972,14.44937,2026-09-10 17:50:19.482850048,12,3999,221,96
40.442934,13.504998,2026-09-10 17:50:20.663086080,12,11330,204,37
