36.075373,134.780406,2026-08-29 01:05:01.437661440,9,14877,178,25
36.033383,134.786197,2026-08-29 01:05:01.437648896,9,13730,166,24
35.783161,134.91603,2026-08-29 01:05:01.438927104,9,11151,187,23
35.994974,134.895285,2026-08-29 01:05:01.448313600,9,10002,222,19
35.933909,134.865637,2026-08-29 01:05:01.486506752,9,10071,218,14
46.445742,-65.981385,2026-08-29 01:05:00.166617344,13,4959,214,65
46.440299,-66.050248,2026-08-29 01:05:00.166688768,13,7463,188,27
37.390138,-76.020506,2026-08-29 01:05:00.297783040,13,5939,201,60
37.506172,-75.969872,2026-08-29 01:05:00.604219136,13,13587,206,30
46.829791,-65.65724,2026-08-29 01:05:01.253210112,13,3728,172,79
46.815308,-65.697438,2026-08-29 01:05:01.253219840,13,5964,169,63
46.926225,-65.557754,2026-08-29 01:05:01.253228544,13,5406,227,46
46.826419,-65.65414,2026-08-29 01:05:01.279221504,13,3770,218,65
46.828855,-65.70514,2026-08-29 01:05:01.279232768,13,8567,177,52
46.822447,-65.66824,2026-08-29 01:05:01.309693696,13,11105,207,44
31.157803,-83.976301,2026-08-29 01:05:01.702915584,13,11026,215,26
42.634515,-111.096159,2026-08-29 01:05:03.182678528,13,10308,90,29
48.681318,-63.870474,2026-08-29 01:05:05.787730688,13,11237,242,28
46.973615,-103.264832,2026-08-29 01:05:08.584036096,13,14526,94,30
46.976035,-103.299975,2026-08-29 01:05:08.613452800,13,11406,97,20
48.032998,-64.571227,2026-08-29 01:05:10.978133504,13,7661,166,65
24.803967,-79.548544,2026-08-29 01:05:12.622329344,13,5362,252,73
35.87436,5.048229,2026-08-29 01:05:00.962955008,11,5103,249,100
35.87436,5.048229,2026-08-29 01:05:00.962955008,12,5103,249,104
44.010695,-95.839826,2026-08-29 03:50:05.122874368,1,14232,133,43
44.020937,-95.891355,2026-08-29 03:50:05.122921216,1,13770,129,29
42.104306,37.326721,2026-08-29 03:50:06.250910720,1,12598,258,175
42.092061,37.26104,2026-08-29 03:50:06.250961664,1,5439,253,165
41.47264,-31.645788,2026-08-29 03:50:13.483984640,1,8707,263,85
25.422624,-108.599499,2026-08-29 03:50:20.566393344,1,6445,262,33
22.28879,-78.975491,2026-08-29 03:50:28.872531712,1,4449,245,28
50.027435,-60.335164,2026-08-29 03:50:37.676947200,1,4061,165,27
27.555239,-67.884043,2026-08-29 03:50:52.942065152,1,6921,265,32
42.047835,37.338967,2026-08-29 03:51:01.293787904,1,9693,250,29
41.968243,37.45084,2026-08-29 03:51:01.293792512,1,10998,243,127
22.319748,-79.051385,2026-08-29 03:51:08.725132800,1,5186,244,27
42.435777,39.855799,2026-08-29 03:51:15.935044096,1,10764,228,211
38.025787,5.555518,2026-08-29 03:51:37.532488448,1,11717,240,46
37.918638,5.427294,2026-08-29 03:51:37.645073152,1,13355,209,25
25.54543,-107.040996,2026-08-29 03:51:38.126529792,1,8218,257,21
27.521829,-108.002675,2026-08-29 03:51:38.596149248,1,7833,253,27
50.085956,20.260649,2026-08-29 03:51:46.634757376,1,12159,80,129
50.089609,20.276711,2026-08-29 03:51:46.634768640,1,13566,104,113
50.064036,20.297511,2026-08-29 03:51:46.634758656,1,8572,202,92
50.081725,20.360498,2026-08-29 03:51:46.634757120,1,12505,205,76
50.103397,20.297707,2026-08-29 03:51:46.634766592,1,8499,187,56
50.071753,20.37313,2026-08-29 03:51:46.634760448,1,8436,221,40
50.167061,20.260095,2026-08-29 03:51:46.634794240,1,8605,163,25
23.332334,-78.697877,2026-08-29 03:51:48.270330368,1,9235,241,34
47.444389,122.145864,2026-08-29 03:50:30.669889280,2,10798,170,36
12.720162,120.256997,2026-08-29 03:50:36.77618432,2,7459,244,22
46.307514,121.642569,2026-08-29 03:50:41.942843648,2,7069,171,25
22.242946,120.50701,2026-08-29 03:50:45.821995264,2,7600,220,29
19.653787,117.572747,2026-08-29 03:50:46.421242624,2,11528,250,32
-29.226118,120.749249,2026-08-29 03:51:07.905110016,2,11222,237,22
36.405456,134.668765,2026-08-29 03:51:09.234598912,2,12665,185,26
22.777146,119.297324,2026-08-29 03:51:29.637530880,2,8071,232,38
-29.106864,120.736503,2026-08-29 03:51:50.271166464,2,8490,238,26
28.478667,-85.484216,2026-08-29 03:50:02.488210944,3,6947,226,97
28.543159,-85.482934,2026-08-29 03:50:02.488237568,3,8117,239,93
28.503549,-85.460513,2026-08-29 03:50:02.488274944,3,9554,202,76
28.644786,-85.482601,2026-08-29 03:50:02.488315904,3,4743,261,51
28.626273,-85.474011,2026-08-29 03:50:02.488313088,3,5417,259,36
28.682701,-85.439442,2026-08-29 03:50:02.542259456,3,5337,246,50
28.579623,-85.479397,2026-08-29 03:50:02.542275072,3,6090,245,39
28.621459,-85.480341,2026-08-29 03:50:02.542286848,3,10797,258,24
28.623289,-85.483718,2026-08-29 03:50:02.634067456,3,9692,239,74
28.545341,-85.482055,2026-08-29 03:50:02.728505600,3,4051,247,72
28.609355,-85.477716,2026-08-29 03:50:02.728571648,3,5471,243,54
35.762366,-71.877445,2026-08-29 03:50:10.22492928,3,7576,239,102
35.781572,-71.86424,2026-08-29 03:50:10.22502144,3,6619,243,80
35.819565,-72.042858,2026-08-29 03:50:10.22554368,3,6775,199,63
35.748007,-71.808123,2026-08-29 03:50:10.22533376,3,8061,225,48
35.80803,-71.866853,2026-08-29 03:50:10.174237184,3,3780,265,74
35.788879,-71.860373,2026-08-29 03:50:10.174232320,3,4683,263,60
35.840194,-71.908755,2026-08-29 03:50:10.174258432,3,9219,216,50
35.742239,-71.825105,2026-08-29 03:50:10.174266880,3,10452,200,37
25.312313,-108.280466,2026-08-29 03:50:10.946652416,3,9391,256,25
25.405389,-87.088106,2026-08-29 03:50:12.475148800,3,10811,263,39
25.824919,-107.664399,2026-08-29 03:50:12.627179520,3,9689,207,26
44.549391,-98.723575,2026-08-29 03:50:12.672839168,3,8733,101,33
44.570854,-98.731877,2026-08-29 03:50:12.693217792,3,14702,92,23
25.142282,-108.364783,2026-08-29 03:50:16.337098496,3,13372,196,31
29.590095,-80.501926,2026-08-29 03:50:16.680390144,3,7810,261,49
29.76412,-80.487272,2026-08-29 03:50:16.680450048,3,11796,244,33
29.693069,-80.468673,2026-08-29 03:50:16.696457216,3,6701,148,100
29.771076,-80.491966,2026-08-29 03:50:16.696486144,3,4113,249,82
29.587466,-80.473576,2026-08-29 03:50:16.696468224,3,9666,201,69
29.701859,-80.557705,2026-08-29 03:50:16.696504832,3,6319,247,56
29.764857,-80.497119,2026-08-29 03:50:16.729538304,3,5250,263,57
29.60572,-80.526885,2026-08-29 03:50:16.729532928,3,2637,257,45
29.772571,-80.477692,2026-08-29 03:50:16.795491584,3,5895,243,34
29.788942,-80.501019,2026-08-29 03:50:16.795492608,3,3082,248,21
29.782532,-80.487476,2026-08-29 03:50:16.844786688,3,5460,262,43
50.549056,-60.459823,2026-08-29 03:50:24.277197056,3,9021,214,72
21.751786,-105.270758,2026-08-29 03:50:31.466433536,3,9220,206,21
21.407455,-79.438183,2026-08-29 03:50:31.593018624,3,10608,229,19
25.27315,-76.597006,2026-08-29 03:50:32.244258048,3,10809,229,74
25.383511,-76.596373,2026-08-29 03:50:32.283375360,3,10348,248,41
25.379604,-76.584584,2026-08-29 03:50:32.351756544,3,3923,248,25
33.935027,-84.912325,2026-08-29 03:50:33.62642432,3,3463,207,56
34.032702,-84.879403,2026-08-29 03:50:33.62675456,3,5117,118,49
33.931354,-84.887121,2026-08-29 03:50:33.62693376,3,9356,198,49
33.938363,-84.897476,2026-08-29 03:50:33.62703872,3,10752,244,36
14.789243,-99.154414,2026-08-29 03:50:40.476523776,3,5623,270,61
41.159229,-101.552106,2026-08-29 03:50:40.993909248,3,5322,160,95
41.154591,-101.404615,2026-08-29 03:50:40.993952256,3,10194,102,82
68.541098,-101.900478,2026-08-29 03:50:48.608826624,3,10549,262,28
68.185555,-101.45783,2026-08-29 03:50:49.261784832,3,6392,257,65
68.133423,-101.438635,2026-08-29 03:50:49.261805312,3,7653,252,57
21.305,-79.566643,2026-08-29 03:50:49.379635968,3,4306,255,32
21.344857,-79.597771,2026-08-29 03:50:49.387129088,3,3514,255,30
21.364972,-79.589881,2026-08-29 03:50:49.488870144,3,10532,254,38
53.84444,-102.059199,2026-08-29 03:50:49.708866048,3,8877,178,53
25.158148,-108.253038,2026-08-29 03:50:50.342935296,3,8552,238,17
44.547253,-98.642416,2026-08-29 03:50:50.519170560,3,7335,101,36
53.710073,-101.959396,2026-08-29 03:50:51.215483136,3,7554,234,19
16.209496,-99.011006,2026-08-29 03:50:58.501761280,3,10149,264,26
21.35149,-79.587902,2026-08-29 03:50:58.559246080,3,4848,255,35
27.125053,-106.545487,2026-08-29 03:51:00.289671424,3,8639,173,67
27.149666,-106.569617,2026-08-29 03:51:00.289728000,3,8735,248,70
27.108878,-106.597405,2026-08-29 03:51:00.335161344,3,8145,238,46
26.48234,-107.807076,2026-08-29 03:51:00.765229568,3,12801,268,31
35.716763,-71.890921,2026-08-29 03:51:01.348137216,3,9596,198,30
35.710751,-71.870222,2026-08-29 03:51:01.348130560,3,5737,198,19
21.2027,-79.628586,2026-08-29 03:51:01.484299264,3,3696,258,45
21.178918,-79.626883,2026-08-29 03:51:01.594612992,3,6306,256,80
22.325573,-79.035018,2026-08-29 03:51:08.725128192,3,10932,247,52
22.365437,-79.029297,2026-08-29 03:51:08.785700096,3,3255,253,46
44.626761,-98.849736,2026-08-29 03:51:09.395685120,3,11283,113,37
32.310764,-79.167507,2026-08-29 03:51:09.425561600,3,5328,255,52
32.344561,-79.232484,2026-08-29 03:51:09.425587200,3,13681,253,63
32.235795,-79.184722,2026-08-29 03:51:09.425605632,3,3587,254,55
32.311547,-79.175476,2026-08-29 03:51:09.425631744,3,4334,230,43
32.263823,-79.142197,2026-08-29 03:51:09.425613824,3,6483,211,26
25.345755,-76.613795,2026-08-29 03:51:09.823439872,3,6254,248,81
53.685633,-101.933966,2026-08-29 03:51:16.970750720,3,14865,199,19
41.150699,-101.659895,2026-08-29 03:51:17.66291968,3,12782,160,43
41.15071,-101.646765,2026-08-29 03:51:17.66286848,3,12295,138,31
25.233386,-108.285368,2026-08-29 03:51:17.252579840,3,9054,255,40
25.220468,-108.321782,2026-08-29 03:51:17.252585728,3,14064,257,24
25.253551,-108.278201,2026-08-29 03:51:17.312860928,3,7686,238,19
41.110183,-101.580692,2026-08-29 03:51:17.412871936,3,14486,185,30
25.195338,-108.301115,2026-08-29 03:51:17.553611264,3,9427,256,19
19.55968,-91.478624,2026-08-29 03:51:18.394193664,3,7992,236,15
44.577405,-98.853182,2026-08-29 03:51:18.686572544,3,7691,131,27
25.262518,-108.283487,2026-08-29 03:51:19.215924736,3,9343,256,35
25.116896,-108.410194,2026-08-29 03:51:19.241850112,3,5089,257,22
25.175886,-108.397743,2026-08-29 03:51:19.427527424,3,7782,239,24
35.77017,-111.886621,2026-08-29 03:51:20.32319744,3,14891,117,39
35.745032,-111.841819,2026-08-29 03:51:20.32334336,3,10404,199,27
35.720336,-111.961188,2026-08-29 03:51:20.112751872,3,11319,205,42
20.852706,-79.750889,2026-08-29 03:51:20.365178112,3,5588,257,57
20.86112,-79.759561,2026-08-29 03:51:20.477751808,3,3568,257,22
20.852958,-79.749737,2026-08-29 03:51:20.597109760,3,7524,259,57
23.327306,-78.594468,2026-08-29 03:51:27.658728448,3,11835,246,32
23.351669,-78.587189,2026-08-29 03:51:27.658725120,3,5792,245,39
36.747571,-73.742653,2026-08-29 03:51:28.614804736,3,8883,236,58
36.854337,-73.797082,2026-08-29 03:51:28.614836480,3,11354,163,49
25.157012,-108.220429,2026-08-29 03:51:28.817379328,3,5460,238,24
20.957284,-80.558049,2026-08-29 03:51:29.32262912,3,5751,256,47
20.951261,-80.555436,2026-08-29 03:51:29.66842880,3,2395,256,22
39.012571,-60.274265,2026-08-29 03:51:29.184845056,3,2462,231,67
38.994683,-60.289516,2026-08-29 03:51:29.184850688,3,7827,269,78
26.111235,-69.596486,2026-08-29 03:51:36.337107712,3,4510,262,27
41.205807,-101.568038,2026-08-29 03:51:36.797720832,3,14308,151,19
41.161565,-101.642042,2026-08-29 03:51:36.809342208,3,13962,160,18
44.632631,-98.731703,2026-08-29 03:51:38.95362816,3,8705,173,24
25.500946,-107.038172,2026-08-29 03:51:38.126520064,3,6639,254,37
27.515159,-107.969312,2026-08-29 03:51:38.475254528,3,8267,240,57
27.24417,-108.409052,2026-08-29 03:51:38.495227904,3,9683,223,29
27.550423,-107.994649,2026-08-29 03:51:38.495400960,3,10611,248,25
21.421978,-79.488867,2026-08-29 03:51:45.658802432,3,8540,255,25
21.307045,-79.576746,2026-08-29 03:51:45.853052672,3,7654,256,67
21.316092,-79.595807,2026-08-29 03:51:45.853051392,3,8516,255,58
21.379838,-79.674015,2026-08-29 03:51:45.853070592,3,6174,236,34
21.293241,-79.554485,2026-08-29 03:51:45.885209600,3,7093,255,29
44.627016,-98.757688,2026-08-29 03:51:47.732029184,3,13259,129,54
25.357113,-107.894438,2026-08-29 03:51:47.740976384,3,11248,253,35
24.88705,-77.826272,2026-08-29 03:51:47.805114880,3,5424,252,19
21.484091,-79.519703,2026-08-29 03:51:55.317587456,3,3760,253,64
21.479873,-79.510157,2026-08-29 03:51:55.317585152,3,4639,246,50
34.832532,-72.958185,2026-08-29 03:51:55.435754240,3,12867,242,40
34.943055,-72.870887,2026-08-29 03:51:55.435790592,3,4466,262,27
21.43056,-79.486486,2026-08-29 03:51:55.453680384,3,6161,266,18
35.726543,-71.917586,2026-08-29 03:51:55.481510144,3,11701,254,31
23.531683,-85.711086,2026-08-29 03:51:55.501381376,3,12435,255,63
42.204034,37.173849,2026-08-29 03:50:06.251009280,4,6238,232,25
42.248968,37.118386,2026-08-29 03:50:06.286997248,4,10336,237,20
18.15416,127.523227,2026-08-29 03:50:13.661756160,4,6477,208,27
12.716385,120.247568,2026-08-29 03:50:36.77616128,4,6430,245,23
46.307471,121.642648,2026-08-29 03:50:41.942843648,4,7069,171,24
22.241378,120.483169,2026-08-29 03:50:45.821988096,4,8956,198,31
19.652452,117.52763,2026-08-29 03:50:46.421234688,4,7660,250,31
42.176142,37.068829,2026-08-29 03:51:01.556698112,4,9966,237,24
38.303787,8.546451,2026-08-29 03:51:06.973400064,4,4876,207,28
36.405456,134.668765,2026-08-29 03:51:09.234598912,4,12665,185,26
50.14541,20.350297,2026-08-29 03:51:13.981306368,4,11449,82,16
38.917655,40.929999,2026-08-29 03:51:23.290459136,4,10687,247,24
22.70673,119.519173,2026-08-29 03:51:29.637557504,4,13442,230,41
28.443547,-85.531016,2026-08-29 03:50:02.488202240,7,4162,157,34
28.603282,-85.477247,2026-08-29 03:50:02.488302592,7,3338,238,25
28.584013,-85.476744,2026-08-29 03:50:02.488297216,7,7171,238,17
28.546586,-85.462148,2026-08-29 03:50:02.634055680,7,8847,196,20
28.585823,-85.48259,2026-08-29 03:50:02.728564992,7,6669,240,23
28.546707,-85.470558,2026-08-29 03:50:02.728556544,7,5993,249,11
25.238854,-76.529836,2026-08-29 03:50:06.352808192,7,3844,149,28
29.751526,-80.487811,2026-08-29 03:50:16.680451840,7,6691,249,12
29.773648,-80.497725,2026-08-29 03:50:16.696482560,7,5625,244,29
29.747806,-80.467304,2026-08-29 03:50:16.696530944,7,7435,247,18
29.623337,-80.514361,2026-08-29 03:50:16.729535744,7,7589,164,19
28.924492,-80.757767,2026-08-29 03:50:16.844465664,7,11109,246,15
25.48414,-106.940122,2026-08-29 03:50:17.108712192,7,3672,255,17
21.374482,-79.521207,2026-08-29 03:50:24.992635392,7,3998,254,18
22.261749,-105.640846,2026-08-29 03:50:28.475713792,7,12631,208,10
22.682521,-79.059205,2026-08-29 03:50:28.872627968,7,7458,248,28
22.319841,-78.991889,2026-08-29 03:50:28.872537088,7,8215,244,17
22.338609,-78.995738,2026-08-29 03:50:28.925083648,7,13442,251,13
18.320837,-94.448066,2026-08-29 03:50:28.978033920,7,11917,224,11
26.242408,-69.487497,2026-08-29 03:50:29.586043392,7,2086,240,33
26.268693,-69.430299,2026-08-29 03:50:29.586092800,7,1910,268,26
23.773717,-78.370725,2026-08-29 03:50:38.64948480,7,9123,258,14
26.200352,-75.721558,2026-08-29 03:50:41.64367104,7,6723,253,19
21.150451,-79.576963,2026-08-29 03:50:41.205096960,7,2402,247,26
21.082751,-79.543769,2026-08-29 03:50:41.478258944,7,10939,258,21
24.065763,-77.710402,2026-08-29 03:50:44.594088960,7,13763,250,30
24.184473,-77.760021,2026-08-29 03:50:44.594169088,7,8369,132,15
24.177541,-77.685981,2026-08-29 03:50:44.673176576,7,3191,242,22
24.175495,-77.704746,2026-08-29 03:50:44.778156544,7,3786,242,19
24.179987,-77.703522,2026-08-29 03:50:44.861137920,7,4012,241,18
22.272534,-78.255018,2026-08-29 03:50:45.76664320,7,2948,252,22
23.452733,-78.694323,2026-08-29 03:50:46.160364032,7,4429,245,20
25.243356,-76.440838,2026-08-29 03:50:46.765814528,7,8107,251,24
15.304487,-98.935452,2026-08-29 03:50:54.720760576,7,8112,268,20
15.308943,-98.931349,2026-08-29 03:50:54.852744192,7,9081,269,12
22.412731,-66.512571,2026-08-29 03:50:54.900474624,7,9959,173,17
24.108982,-77.607785,2026-08-29 03:50:54.986456576,7,9021,242,13
24.039657,-77.642653,2026-08-29 03:50:54.996701696,7,5310,250,12
24.094776,-77.590169,2026-08-29 03:50:54.996762368,7,4692,252,12
24.15824,-77.595737,2026-08-29 03:50:55.202574080,7,3447,242,19
19.320072,-91.174767,2026-08-29 03:50:57.292155392,7,5975,217,22
21.313353,-79.554868,2026-08-29 03:50:57.936289792,7,3740,255,21
27.435937,-67.698131,2026-08-29 03:50:58.426813952,7,7307,269,13
21.362172,-79.588284,2026-08-29 03:50:58.559252736,7,8843,229,16
27.014624,-106.692632,2026-08-29 03:51:00.289678080,7,13060,161,16
27.034071,-106.709579,2026-08-29 03:51:00.335121664,7,11834,212,15
21.174452,-79.645205,2026-08-29 03:51:01.484290560,7,4154,256,19
21.198041,-79.63727,2026-08-29 03:51:01.594615552,7,3964,219,29
24.112206,-77.343975,2026-08-29 03:51:02.347162624,7,8675,124,14
25.226086,-76.714186,2026-08-29 03:51:09.823435776,7,7639,144,28
25.302678,-76.582966,2026-08-29 03:51:09.823472896,7,6488,241,16
25.309186,-76.602773,2026-08-29 03:51:10.261988096,7,2250,250,25
25.548617,-74.649163,2026-08-29 03:51:11.169042944,7,1841,266,18
25.591023,-74.655251,2026-08-29 03:51:11.169054720,7,9882,172,30
25.529722,-74.751014,2026-08-29 03:51:11.441083392,7,12765,265,12
25.653518,-74.656233,2026-08-29 03:51:11.483239168,7,3975,267,15
25.407495,-74.661073,2026-08-29 03:51:11.558526720,7,4415,266,17
23.615125,-78.838968,2026-08-29 03:51:27.575178752,7,5372,255,29
23.275676,-78.544865,2026-08-29 03:51:27.575077120,7,9382,139,19
23.340905,-78.597189,2026-08-29 03:51:27.599101696,7,5110,220,16
23.305313,-78.572782,2026-08-29 03:51:27.658710784,7,3100,252,18
23.337103,-78.59639,2026-08-29 03:51:27.658722816,7,5443,252,10
20.950321,-80.551273,2026-08-29 03:51:29.32254720,7,3093,256,20
20.895715,-80.566977,2026-08-29 03:51:29.174397952,7,6701,257,18
26.129198,-69.620406,2026-08-29 03:51:36.337117952,7,8447,266,16
25.544291,-107.041138,2026-08-29 03:51:38.126526720,7,11039,255,15
27.556436,-107.961784,2026-08-29 03:51:38.596167168,7,11521,248,19
20.800935,-80.151728,2026-08-29 03:51:39.440598016,7,8520,247,28
28.29528,-68.920688,2026-08-29 03:51:41.121885184,7,12568,263,20
28.348046,-68.915079,2026-08-29 03:51:41.133302784,7,7069,269,27
28.348031,-68.915144,2026-08-29 03:51:41.133296128,7,7069,269,14
28.505027,-85.46508,2026-08-29 03:51:41.460537088,7,8988,132,39
28.591737,-85.456892,2026-08-29 03:51:41.475818496,7,2433,162,51
28.606002,-85.465595,2026-08-29 03:51:41.475822848,7,3945,240,52
21.314501,-79.499794,2026-08-29 03:51:49.724405504,7,6638,261,16
29.704642,-80.459064,2026-08-29 03:51:51.826608640,7,5609,159,26
29.792736,-80.463943,2026-08-29 03:51:51.826687744,7,2917,242,14
29.641757,-80.512777,2026-08-29 03:51:51.911412224,7,2982,166,17
29.765358,-80.463539,2026-08-29 03:51:51.911461632,7,3332,244,14
29.808162,-80.486288,2026-08-29 03:51:52.118019584,7,3639,242,24
29.806375,-80.486988,2026-08-29 03:51:52.118023936,7,4905,242,15
29.649916,-80.59402,2026-08-29 03:51:52.419543552,7,2026,146,22
20.830526,-80.514145,2026-08-29 03:51:52.940965120,7,3411,217,20
22.741863,119.47648,2026-08-29 03:50:01.386323200,9,7246,230,34
19.237275,115.636686,2026-08-29 03:50:13.645568256,9,9083,220,21
22.413959,111.771613,2026-08-29 03:50:44.237507328,9,9067,227,23
7.561602,106.393046,2026-08-29 03:50:46.415223296,9,6228,230,32
27.872439,124.484462,2026-08-29 03:50:54.313881856,9,9495,209,16
36.378587,134.685961,2026-08-29 03:51:09.234609664,9,5263,202,26
36.398233,134.673656,2026-08-29 03:51:09.234605824,9,4302,185,16
29.857914,127.265827,2026-08-29 03:51:29.774649856,9,14495,178,18
28.472262,-85.492503,2026-08-29 03:50:02.488207616,13,4911,227,108
28.552915,-85.484042,2026-08-29 03:50:02.488238848,13,3784,239,98
28.479858,-85.454991,2026-08-29 03:50:02.488267008,13,8733,202,85
28.494294,-85.477109,2026-08-29 03:50:02.542196480,13,8321,191,42
28.371536,-85.490624,2026-08-29 03:50:02.728495360,13,8137,167,40
28.570586,-85.492722,2026-08-29 03:50:02.842526976,13,7082,251,49
49.821369,-61.034062,2026-08-29 03:50:03.395205888,13,9190,150,26
49.776598,-61.107061,2026-08-29 03:50:03.395227648,13,11397,168,28
26.2854,-108.017406,2026-08-29 03:50:03.598441216,13,7080,248,28
35.962947,-112.413815,2026-08-29 03:50:03.707019520,13,9047,145,23
44.059035,-95.789864,2026-08-29 03:50:05.122870016,13,12025,81,117
44.010681,-95.789643,2026-08-29 03:50:05.122887680,13,7439,187,106
44.018666,-95.840442,2026-08-29 03:50:05.122874624,13,10693,125,89
25.054896,-108.469621,2026-08-29 03:50:05.911471616,13,11994,197,17
25.299003,-76.583841,2026-08-29 03:50:06.352784640,13,5562,249,114
25.207848,-108.276239,2026-08-29 03:50:06.555362560,13,9450,256,65
26.77292,-73.019955,2026-08-29 03:50:07.17692672,13,8751,269,115
35.692062,-72.008628,2026-08-29 03:50:09.691709440,13,13705,219,29
35.633427,-71.971689,2026-08-29 03:50:09.691685120,13,10283,214,21
35.762355,-71.877433,2026-08-29 03:50:10.22492928,13,7576,239,108
35.783452,-71.875738,2026-08-29 03:50:10.22502912,13,3824,243,92
35.781342,-71.879177,2026-08-29 03:50:10.22503424,13,6970,243,76
35.73619,-71.80569,2026-08-29 03:50:10.22534912,13,5419,225,47
25.32209,-108.269863,2026-08-29 03:50:10.946657280,13,6244,255,29
25.404906,-87.087843,2026-08-29 03:50:12.475148544,13,10808,263,40
29.69309,-80.468687,2026-08-29 03:50:16.696456448,13,6700,148,111
29.763015,-80.49573,2026-08-29 03:50:16.696483840,13,2102,252,90
29.74732,-80.477771,2026-08-29 03:50:16.696529152,13,8441,246,65
29.694579,-80.460925,2026-08-29 03:50:16.729511680,13,5458,162,60
29.615689,-80.522181,2026-08-29 03:50:16.729537024,13,7398,257,47
25.085774,-106.967468,2026-08-29 03:50:17.108561920,13,14827,256,82
35.51869,-72.195706,2026-08-29 03:50:17.844299520,13,6490,247,105
35.567386,-72.222667,2026-08-29 03:50:17.844320000,13,4256,256,92
35.593967,-72.374093,2026-08-29 03:50:17.844366080,13,6741,198,76
35.527293,-72.184137,2026-08-29 03:50:17.844358912,13,8172,195,63
19.549284,-91.420207,2026-08-29 03:50:18.219127552,13,6132,256,48
35.528145,-72.191715,2026-08-29 03:50:18.328573184,13,4584,259,76
22.285291,-78.536335,2026-08-29 03:50:20.207435008,13,5318,256,40
25.492058,-108.408349,2026-08-29 03:50:20.566401536,13,5973,194,115
25.542836,-108.413526,2026-08-29 03:50:20.566470912,13,9716,258,79
41.145104,-101.588981,2026-08-29 03:50:21.868306432,13,11087,121,61
41.172596,-101.704932,2026-08-29 03:50:21.868330496,13,4420,186,48
41.117877,-101.64294,2026-08-29 03:50:21.868356864,13,8994,131,36
27.426835,-108.035592,2026-08-29 03:50:22.81257984,13,5292,227,27
27.489065,-107.972669,2026-08-29 03:50:22.138527744,13,9810,238,17
27.57919,-107.970082,2026-08-29 03:50:22.229953536,13,7191,240,26
53.705832,-102.088409,2026-08-29 03:50:22.678171392,13,4609,224,31
21.179752,-79.63513,2026-08-29 03:50:23.310000640,13,5311,256,46
21.181027,-79.640425,2026-08-29 03:50:23.442720768,13,8269,255,63
21.169894,-79.638466,2026-08-29 03:50:23.516758272,13,7543,256,42
41.160259,-101.69733,2026-08-29 03:50:23.860244224,13,11917,165,17
26.745891,-100.367063,2026-08-29 03:50:24.544001280,13,10346,142,29
20.942793,-80.560704,2026-08-29 03:50:24.773256192,13,12854,230,35
21.368434,-79.520789,2026-08-29 03:50:24.992634880,13,6648,254,44
41.234777,-101.418752,2026-08-29 03:50:26.426415104,13,6144,158,40
41.18834,-101.593259,2026-08-29 03:50:26.437198848,13,5316,185,42
53.762466,-101.97304,2026-08-29 03:50:26.835485696,13,4692,224,20
40.026058,-102.359425,2026-08-29 03:50:27.454057472,13,12706,102,14
22.359442,-105.480447,2026-08-29 03:50:28.475785472,13,10560,245,20
25.243399,-108.291813,2026-08-29 03:50:28.725110016,13,8191,256,21
22.361244,-79.004634,2026-08-29 03:50:28.872559872,13,10131,250,93
44.565203,-98.802806,2026-08-29 03:50:29.114507520,13,6317,138,28
44.657635,-98.769546,2026-08-29 03:50:29.142944768,13,13424,114,21
23.391185,-105.043741,2026-08-29 03:50:29.416310016,13,6147,262,25
26.239436,-69.480546,2026-08-29 03:50:29.586043648,13,4772,240,128
20.945021,-80.574246,2026-08-29 03:50:31.22623744,13,7971,257,96
25.27315,-76.597016,2026-08-29 03:50:32.244258816,13,10809,230,83
33.935623,-84.905031,2026-08-29 03:50:33.62638336,13,5038,207,67
33.92515,-84.892989,2026-08-29 03:50:33.62693632,13,6053,197,56
33.943618,-84.898737,2026-08-29 03:50:33.62699776,13,5903,203,51
25.330053,-77.131863,2026-08-29 03:50:33.154401024,13,8648,235,33
25.371041,-77.160765,2026-08-29 03:50:33.351112448,13,8974,269,33
20.799047,-80.166054,2026-08-29 03:50:33.578535168,13,3317,231,42
21.406717,-79.461566,2026-08-29 03:50:33.939635200,13,6150,255,80
21.387715,-79.471735,2026-08-29 03:50:34.128973312,13,6688,255,88
53.637604,-102.203795,2026-08-29 03:50:34.737102336,13,12905,209,88
53.505875,-102.104489,2026-08-29 03:50:34.737152768,13,6540,240,77
53.565303,-102.114067,2026-08-29 03:50:34.792515584,13,13791,184,64
24.480821,-77.277702,2026-08-29 03:50:35.810633728,13,8059,242,94
34.993504,-72.983643,2026-08-29 03:50:37.542398208,13,12717,209,36
34.925261,-72.915909,2026-08-29 03:50:37.561506816,13,7241,251,39
34.921499,-72.908847,2026-08-29 03:50:37.561573888,13,10595,249,39
34.948079,-72.91733,2026-08-29 03:50:37.561573632,13,3685,239,22
34.975788,-72.970096,2026-08-29 03:50:37.619195392,13,14105,251,43
34.920195,-72.894935,2026-08-29 03:50:37.619159296,13,6457,240,30
50.165354,-60.004023,2026-08-29 03:50:37.676864768,13,10805,181,55
34.975823,-72.944308,2026-08-29 03:50:38.27608576,13,7730,267,65
25.093524,-108.462002,2026-08-29 03:50:39.350428160,13,10203,196,24
41.166857,-101.562878,2026-08-29 03:50:40.993909760,13,4468,161,90
41.154594,-101.404614,2026-08-29 03:50:40.993952000,13,10194,90,84
44.479176,-98.674464,2026-08-29 03:50:42.620757504,13,9448,179,24
44.604628,-98.739057,2026-08-29 03:50:43.666171904,13,14867,196,18
24.167712,-77.701261,2026-08-29 03:50:44.594121472,13,1904,255,125
22.257164,-78.257874,2026-08-29 03:50:45.76660480,13,5841,252,51
20.680363,-80.164593,2026-08-29 03:50:45.754560256,13,11786,256,100
23.463063,-78.692327,2026-08-29 03:50:46.160367104,13,3467,247,43
25.305115,-108.375924,2026-08-29 03:50:46.533089280,13,5564,238,24
25.202846,-76.469296,2026-08-29 03:50:46.765754880,13,11560,231,91
28.524964,-85.436563,2026-08-29 03:50:47.79942400,13,5664,171,126
28.544367,-85.454027,2026-08-29 03:50:47.79953664,13,5817,241,110
20.90531,-79.746052,2026-08-29 03:50:47.341843712,13,5263,257,53
28.777191,-85.480824,2026-08-29 03:50:47.504713728,13,6096,247,50
53.848758,-102.036238,2026-08-29 03:50:49.708868096,13,5873,180,50
44.532779,-98.821093,2026-08-29 03:50:50.519124992,13,5498,201,23
53.71399,-101.960901,2026-08-29 03:50:51.215482112,13,8501,234,19
37.059289,-70.768602,2026-08-29 03:50:52.990752256,13,6862,233,52
37.054326,-70.69537,2026-08-29 03:50:52.990801664,13,6180,230,34
25.441332,-107.000802,2026-08-29 03:50:53.149142272,13,7717,264,29
25.712235,-106.686438,2026-08-29 03:50:53.288526336,13,9978,269,34
23.424319,-104.99908,2026-08-29 03:50:53.538253056,13,3829,262,48
24.17109,-77.606849,2026-08-29 03:50:55.202580736,13,6744,255,48
39.600758,-112.558974,2026-08-29 03:50:55.349518080,13,10096,215,24
38.965764,-116.144377,2026-08-29 03:50:55.933379072,13,12632,111,58
38.953117,-116.341996,2026-08-29 03:50:55.933390592,13,4206,228,55
38.982416,-116.158187,2026-08-29 03:50:56.531456,13,12274,178,25
21.319226,-79.557968,2026-08-29 03:50:57.936299264,13,8426,255,69
21.342638,-79.584181,2026-08-29 03:50:58.559242496,13,4163,255,42
26.743654,-106.705152,2026-08-29 03:51:00.289583616,13,7767,258,73
27.108867,-106.59742,2026-08-29 03:51:00.335161344,13,8145,238,37
26.336551,-107.891099,2026-08-29 03:51:00.765183488,13,13655,249,31
35.716765,-71.890924,2026-08-29 03:51:01.348137216,13,9596,198,30
21.192379,-79.642015,2026-08-29 03:51:01.484296704,13,4836,256,28
21.178404,-79.639033,2026-08-29 03:51:01.594614016,13,7320,256,90
24.172031,-77.394354,2026-08-29 03:51:02.347136512,13,4402,267,114
24.205084,-77.391801,2026-08-29 03:51:02.609224704,13,9369,255,38
37.370046,-112.601701,2026-08-29 03:51:03.703547904,13,13404,199,48
15.799226,-88.931965,2026-08-29 03:51:05.290028800,13,4439,252,98
35.561763,-72.1792,2026-08-29 03:51:05.654356480,13,12857,258,28
35.570804,-72.181805,2026-08-29 03:51:05.654420224,13,8018,238,26
35.623536,-72.253274,2026-08-29 03:51:05.667074560,13,14910,238,26
25.071293,-108.596072,2026-08-29 03:51:05.774379776,13,14544,198,22
29.737829,-80.455596,2026-08-29 03:51:05.864386560,13,7402,201,21
22.350153,-79.026637,2026-08-29 03:51:08.605408256,13,8789,250,52
32.138485,-79.212164,2026-08-29 03:51:09.425574656,13,9525,158,42
32.200636,-79.227961,2026-08-29 03:51:09.425588224,13,3537,189,53
32.31753,-79.190168,2026-08-29 03:51:09.425629952,13,5044,230,40
32.280814,-79.141944,2026-08-29 03:51:09.425610240,13,14037,211,26
25.345756,-76.613786,2026-08-29 03:51:09.823439872,13,6254,248,95
25.576806,-74.657992,2026-08-29 03:51:11.169052160,13,7013,227,82
25.592287,-74.575381,2026-08-29 03:51:11.441094400,13,12347,238,26
25.66006,-74.656136,2026-08-29 03:51:11.483240704,13,3989,267,20
25.367272,-108.401086,2026-08-29 03:51:14.280374784,13,6020,254,80
44.552686,-98.537416,2026-08-29 03:51:14.750716160,13,14201,90,99
44.555063,-98.405246,2026-08-29 03:51:14.750764544,13,12671,144,81
44.575449,-98.612054,2026-08-29 03:51:15.114429952,13,11331,110,24
45.84708,-112.415831,2026-08-29 03:51:15.324121088,13,8597,99,24
44.619587,-98.697507,2026-08-29 03:51:16.310335232,13,6600,136,31
44.666849,-98.841749,2026-08-29 03:51:16.366322944,13,11518,132,54
53.669652,-101.936781,2026-08-29 03:51:16.970755072,13,10975,202,18
41.150699,-101.659895,2026-08-29 03:51:17.66291968,13,12783,160,42
41.143422,-101.657089,2026-08-29 03:51:17.66289152,13,8147,123,27
25.233331,-108.285399,2026-08-29 03:51:17.252579840,13,9054,255,43
41.113935,-101.57053,2026-08-29 03:51:17.412875008,13,10673,217,20
25.211256,-108.291285,2026-08-29 03:51:17.553617152,13,5967,256,18
44.577406,-98.853175,2026-08-29 03:51:18.686572544,13,7690,131,27
25.229792,-108.295157,2026-08-29 03:51:19.215915776,13,8080,238,36
25.185477,-108.397627,2026-08-29 03:51:19.241867008,13,7777,256,19
25.175895,-108.397724,2026-08-29 03:51:19.427527424,13,7782,239,27
35.774991,-111.882819,2026-08-29 03:51:20.32318208,13,9937,117,33
20.862875,-79.755204,2026-08-29 03:51:20.365182208,13,5250,257,62
20.853072,-79.749771,2026-08-29 03:51:20.597110272,13,7523,259,63
49.572964,-61.038607,2026-08-29 03:51:20.697387008,13,10490,266,36
49.502755,-61.235892,2026-08-29 03:51:20.697448704,13,5248,256,26
44.496525,-98.734394,2026-08-29 03:51:21.722902016,13,6747,140,28
52.684331,-101.612727,2026-08-29 03:51:21.878279680,13,11573,177,37
26.102944,-75.71686,2026-08-29 03:51:22.45583616,13,9082,267,25
41.112463,-101.506045,2026-08-29 03:51:22.305965312,13,8366,136,27
44.606182,-98.717848,2026-08-29 03:51:23.198989824,13,10743,103,49
27.563713,-107.955777,2026-08-29 03:51:23.618522880,13,5429,247,55
27.51634,-107.964312,2026-08-29 03:51:23.653269760,13,8849,253,30
20.823494,-80.1708,2026-08-29 03:51:24.407756288,13,9421,231,21
20.793545,-80.169269,2026-08-29 03:51:24.728631040,13,13182,220,62
21.27467,-79.582753,2026-08-29 03:51:24.931448064,13,9750,256,58
21.33781,-79.604714,2026-08-29 03:51:25.67557632,13,4580,255,50
39.897704,-113.930865,2026-08-29 03:51:25.307104000,13,10992,117,29
21.401267,-79.58664,2026-08-29 03:51:25.452122624,13,10217,255,17
21.383568,-79.501617,2026-08-29 03:51:26.490211328,13,4750,229,22
36.305541,-76.259163,2026-08-29 03:51:26.682790656,13,8537,260,38
23.283652,-78.599427,2026-08-29 03:51:27.575031808,13,7249,266,96
23.328736,-78.59539,2026-08-29 03:51:27.658728960,13,13682,246,44
36.77251,-73.758071,2026-08-29 03:51:28.614809856,13,14530,236,58
36.710732,-73.708473,2026-08-29 03:51:28.614795264,13,13313,228,49
25.139602,-108.238016,2026-08-29 03:51:28.817370880,13,9148,238,22
21.249138,-79.451902,2026-08-29 03:51:30.272269824,13,9680,256,77
39.249103,-103.34969,2026-08-29 03:51:30.720040704,13,11184,121,40
39.265607,-103.250944,2026-08-29 03:51:30.720061952,13,4730,230,29
21.185786,-79.606166,2026-08-29 03:51:31.65465344,13,6361,256,55
21.225285,-79.603052,2026-08-29 03:51:31.174545152,13,8359,230,17
23.408791,-105.024025,2026-08-29 03:51:32.159705088,13,8317,262,48
24.209779,-77.323294,2026-08-29 03:51:32.616611328,13,5581,243,46
35.5695,-110.797523,2026-08-29 03:51:33.81229568,13,7311,118,19
41.205798,-101.568009,2026-08-29 03:51:36.797720832,13,14307,151,19
41.161558,-101.641906,2026-08-29 03:51:36.809342208,13,13963,160,19
25.523578,-107.036646,2026-08-29 03:51:38.126524416,13,8035,236,28
27.412688,-108.070226,2026-08-29 03:51:38.475212288,13,14792,178,55
27.462833,-107.98796,2026-08-29 03:51:38.596057344,13,14212,177,72
41.136341,-101.442712,2026-08-29 03:51:39.472307456,13,7059,154,63
28.502422,-85.473487,2026-08-29 03:51:41.460538880,13,13508,163,116
28.546059,-85.477515,2026-08-29 03:51:41.531685376,13,6118,234,89
28.484034,-85.443731,2026-08-29 03:51:41.622457344,13,6686,163,68
28.499641,-85.453495,2026-08-29 03:51:41.711814400,13,12242,165,52
23.172863,-86.054799,2026-08-29 03:51:41.850738944,13,5950,263,24
25.408787,-87.118769,2026-08-29 03:51:43.317774848,13,3267,259,125
25.430266,-87.104721,2026-08-29 03:51:43.317784832,13,6589,202,111
26.190891,-75.70394,2026-08-29 03:51:44.361888000,13,6723,214,49
23.336056,-85.74307,2026-08-29 03:51:44.604144640,13,5327,211,107
38.492158,-103.30195,2026-08-29 03:51:44.987365376,13,6952,206,19
21.306778,-79.576688,2026-08-29 03:51:45.853052672,13,7656,256,75
44.627021,-98.757689,2026-08-29 03:51:47.732029184,13,13258,129,53
35.530091,-72.18229,2026-08-29 03:51:48.316248576,13,10864,181,73
35.523905,-72.168414,2026-08-29 03:51:48.316312064,13,9387,196,36
35.577266,-72.23438,2026-08-29 03:51:48.455532800,13,6135,254,51
26.295651,-107.807639,2026-08-29 03:51:50.313861888,13,8245,253,28
29.761702,-80.462527,2026-08-29 03:51:51.826626816,13,3262,263,84
30.184758,-80.797998,2026-08-29 03:51:51.826813696,13,14212,251,67
29.710081,-80.440276,2026-08-29 03:51:52.419525888,13,12477,148,72
25.449782,-106.982302,2026-08-29 03:51:53.40805632,13,14212,234,17
36.701846,-112.367482,2026-08-29 03:51:53.426058240,13,11198,83,98
36.847201,-112.266293,2026-08-29 03:51:53.426120192,13,13522,207,82
25.132457,-108.246443,2026-08-29 03:51:55.175852544,13,8331,257,47
40.476406,-101.839667,2026-08-29 03:51:56.867375360,13,7107,168,25
40.429589,-101.88272,2026-08-29 03:51:56.903111680,13,14061,125,17
49.37812,-61.227711,2026-08-29 03:51:57.196450304,13,13143,179,71
27.459647,-108.042316,2026-08-29 03:51:57.455149568,13,7771,223,24
35.447084,-72.151393,2026-08-29 03:51:57.871777536,13,9351,267,74
35.447741,-72.224401,2026-08-29 03:51:57.871788544,13,5171,250,72
35.39205,-72.105438,2026-08-29 03:51:57.871812864,13,7767,231,62
35.426042,-72.260511,2026-08-29 03:51:57.878745344,13,8295,240,98
35.432772,-72.244976,2026-08-29 03:51:57.878748160,13,3566,237,50
35.42287,-72.280034,2026-08-29 03:51:58.366723840,13,6819,240,35
35.687105,-72.288516,2026-08-29 03:51:58.484526080,13,7347,261,41
35.402918,-72.230083,2026-08-29 03:51:58.484474112,13,4673,263,29
20.784489,-80.145042,2026-08-29 03:52:02.6666240,13,11705,143,59
25.235153,-108.431374,2026-08-29 03:52:02.479043584,13,6365,261,23
22.84236,-105.366602,2026-08-29 03:52:03.246914560,13,7270,265,26
25.270896,-76.630564,2026-08-29 03:52:05.969168896,13,4730,239,130
16.071923,-99.030161,2026-08-29 03:52:07.881186816,13,9785,265,62
24.578743,-77.269069,2026-08-29 03:52:08.129216512,13,3730,253,101
24.608501,-77.251655,2026-08-29 03:52:08.185936640,13,10341,240,23
45.658109,-112.465878,2026-08-29 03:52:08.587137024,13,10273,73,59
21.369914,-79.524374,2026-08-29 03:52:08.912316160,13,4200,258,59
16.586565,-99.557176,2026-08-29 03:52:09.618903296,13,6358,265,52
44.479843,-98.697649,2026-08-29 03:52:09.938700032,13,11109,189,33
44.503492,-98.815759,2026-08-29 03:52:09.938740224,13,9101,145,20
26.666676,-108.314227,2026-08-29 03:52:10.599693568,13,5073,252,44
26.653248,-108.335435,2026-08-29 03:52:10.599686144,13,5406,256,44
19.652494,117.527625,2026-08-29 03:50:46.421234688,14,7659,250,30
36.386919,134.681279,2026-08-29 03:51:09.234606336,14,7469,184,26
22.790038,119.287437,2026-08-29 03:51:29.637525504,14,5950,232,40
28.534916,-85.469127,2026-08-29 03:50:02.488241408,11,11281,234,104
50.430854,-59.233956,2026-08-29 03:50:03.395695872,11,6092,193,127
26.926029,-73.343909,2026-08-29 03:50:07.17803008,11,11797,269,183
35.846292,-71.93701,2026-08-29 03:50:10.22530816,11,8166,209,206
5.859375,16.776262,2026-08-29 03:50:12.655664640,11,10827,239,78
37.133256,33.996924,2026-08-29 03:50:18.117097728,11,6912,261,148
41.539185,39.366848,2026-08-29 03:50:31.296778752,11,9461,253,75
24.742313,-77.797567,2026-08-29 03:50:33.82796544,11,12524,260,71
50.020959,-60.334706,2026-08-29 03:50:37.676948992,11,3663,168,87
42.031389,37.256409,2026-08-29 03:51:01.293814784,11,11314,242,133
38.270913,8.531037,2026-08-29 03:51:06.973383168,11,4082,236,299
38.310598,8.548288,2026-08-29 03:51:06.973399040,11,3930,248,268
22.317063,-79.042077,2026-08-29 03:51:08.725137664,11,10269,244,40
25.300805,-76.576858,2026-08-29 03:51:09.823473664,11,6899,241,184
26.527931,-67.984234,2026-08-29 03:51:13.363239424,11,14359,186,41
6.724903,9.67294,2026-08-29 03:51:17.149934336,11,6581,186,116
38.82172,33.592169,2026-08-29 03:51:19.915011840,11,11562,206,409
41.733387,37.078754,2026-08-29 03:51:34.207013120,11,11952,245,112
38.025787,5.555518,2026-08-29 03:51:37.532488448,11,11717,240,46
37.918657,5.427388,2026-08-29 03:51:37.645073152,11,13356,209,24
28.116006,-69.231649,2026-08-29 03:51:41.133327872,11,7456,247,97
28.499403,-85.469507,2026-08-29 03:51:41.460536320,11,10416,172,106
25.378474,-87.123293,2026-08-29 03:51:43.317770496,11,9760,259,249
50.087444,20.279657,2026-08-29 03:51:46.634752768,11,7679,81,126
22.554299,-78.768165,2026-08-29 03:51:56.145842688,11,12750,249,326
22.308157,-78.984997,2026-08-29 03:52:06.152556800,11,6150,245,91
42.075164,37.391289,2026-08-29 03:52:09.326856192,11,8393,251,209
28.534916,-85.469127,2026-08-29 03:50:02.488241408,12,11281,234,104
28.557409,-85.470422,2026-08-29 03:50:02.634054144,12,11261,200,65
50.430854,-59.233956,2026-08-29 03:50:03.395695872,12,6092,193,127
26.926029,-73.343909,2026-08-29 03:50:07.17803008,12,11797,269,186
35.846292,-71.93701,2026-08-29 03:50:10.22530816,12,8166,209,206
5.859375,16.776262,2026-08-29 03:50:12.655664640,12,10827,239,78
37.133256,33.996924,2026-08-29 03:50:18.117097728,12,6912,261,180
41.539185,39.366848,2026-08-29 03:50:31.296778752,12,9461,253,75
24.742313,-77.797567,2026-08-29 03:50:33.82796544,12,12524,260,73
50.020959,-60.334706,2026-08-29 03:50:37.676948992,12,3663,168,86
42.031389,37.256409,2026-08-29 03:51:01.293814784,12,11314,242,133
38.270913,8.531037,2026-08-29 03:51:06.973383168,12,4082,236,298
38.310949,8.548272,2026-08-29 03:51:06.973399296,12,3928,248,239
25.300805,-76.576858,2026-08-29 03:51:09.823473664,12,6899,241,159
6.724903,9.67294,2026-08-29 03:51:17.149934336,12,6581,186,115
6.721809,9.384706,2026-08-29 03:51:17.195169792,12,7394,178,63
38.82172,33.592169,2026-08-29 03:51:19.915011840,12,11562,206,409
38.170129,8.80944,2026-08-29 03:51:32.333201408,12,10132,260,50
38.424139,8.897262,2026-08-29 03:51:32.333289472,12,4779,198,43
41.733387,37.078754,2026-08-29 03:51:34.207013120,12,11952,245,120
38.025787,5.555518,2026-08-29 03:51:37.532488448,12,11717,240,46
37.918657,5.427388,2026-08-29 03:51:37.645073152,12,13356,209,24
28.116006,-69.231649,2026-08-29 03:51:41.133327872,12,7456,247,95
28.499403,-85.469507,2026-08-29 03:51:41.460536320,12,10416,172,238
22.554299,-78.768165,2026-08-29 03:51:56.145842688,12,12750,249,323
20.852245,-80.188497,2026-08-29 03:52:02.6686720,12,9330,247,33
22.308157,-78.984997,2026-08-29 03:52:06.152556800,12,6150,245,98
42.075164,37.391289,2026-08-29 03:52:09.326856192,12,8393,251,207
31.427239,-79.895243,2026-08-29 07:50:11.115625472,1,6071,236,33
36.541793,34.934883,2026-08-29 07:50:41.978715136,1,8351,239,71
25.63597,-83.072336,2026-08-29 07:50:49.7893760,1,7273,262,20
37.936458,-112.09594,2026-08-29 07:50:49.220857856,1,13293,221,28
19.635322,125.951894,2026-08-29 07:50:31.773230336,2,6272,186,25
36.419023,135.947779,2026-08-29 07:50:43.41955840,2,12326,224,48
36.408901,135.881141,2026-08-29 07:50:43.41939200,2,7621,179,40
19.005042,126.197031,2026-08-29 07:50:51.112423680,2,6746,192,25
35.229522,135.467085,2026-08-29 07:50:53.144117504,2,12712,204,23
35.233371,135.402587,2026-08-29 07:50:53.271046144,2,11190,157,27
44.602139,-97.237914,2026-08-29 07:50:00.490056448,3,13551,191,38
44.555204,-97.227521,2026-08-29 07:50:00.490061056,3,5193,205,25
15.544386,-101.067055,2026-08-29 07:50:00.619236608,3,4707,269,44
15.62142,-101.071036,2026-08-29 07:50:00.619257344,3,5576,267,63
43.516585,-96.628935,2026-08-29 07:50:00.679081216,3,14042,78,24
43.505534,-96.667905,2026-08-29 07:50:00.687874048,3,8234,154,21
43.657441,-96.674722,2026-08-29 07:50:00.711767552,3,12824,98,32
43.637428,-96.846058,2026-08-29 07:50:00.711788032,3,8842,130,19
43.603445,-96.633745,2026-08-29 07:50:00.788422656,3,14670,98,32
32.143878,-79.821366,2026-08-29 07:50:01.868754176,3,11289,233,28
27.923124,-109.443676,2026-08-29 07:50:02.246819840,3,12783,264,27
47.425306,-96.723,2026-08-29 07:50:02.381644544,3,10354,132,40
47.371658,-96.757552,2026-08-29 07:50:02.381657344,3,5953,166,26
24.930519,-89.455206,2026-08-29 07:50:02.583554816,3,5885,183,70
27.489409,-109.891717,2026-08-29 07:50:02.670604032,3,7713,245,24
44.628561,-97.261931,2026-08-29 07:50:10.599678976,3,14597,107,24
31.385333,-79.885772,2026-08-29 07:50:11.115612160,3,4565,264,106
31.416535,-79.885826,2026-08-29 07:50:11.115620608,3,6176,252,91
31.385975,-79.875861,2026-08-29 07:50:11.115620352,3,7035,187,76
31.427666,-79.890896,2026-08-29 07:50:11.115628032,3,10068,238,61
31.416291,-79.877811,2026-08-29 07:50:11.115677440,3,7721,232,48
31.46753,-79.869254,2026-08-29 07:50:11.115692288,3,10034,250,31
31.477727,-79.904792,2026-08-29 07:50:11.159593984,3,13575,240,28
31.379408,-79.874727,2026-08-29 07:50:11.181951488,3,13718,252,29
31.422527,-79.870676,2026-08-29 07:50:11.181960960,3,8406,249,18
29.260738,-79.166822,2026-08-29 07:50:11.425346560,3,9663,270,31
29.231069,-79.144378,2026-08-29 07:50:11.425334016,3,3897,247,18
29.123199,-79.142217,2026-08-29 07:50:11.447249920,3,8194,178,38
29.27239,-79.148493,2026-08-29 07:50:11.447304960,3,4787,253,26
29.24632,-79.106045,2026-08-29 07:50:11.489258496,3,10823,266,21
29.58133,-85.281574,2026-08-29 07:50:11.638225920,3,11092,232,31
29.575611,-85.293681,2026-08-29 07:50:11.638231552,3,3228,233,20
43.523947,-96.630892,2026-08-29 07:50:26.82492416,3,9272,165,21
43.54682,-96.903023,2026-08-29 07:50:26.121154560,3,10352,99,41
43.51647,-96.893635,2026-08-29 07:50:26.121157376,3,11044,130,27
43.55465,-96.837633,2026-08-29 07:50:26.873871616,3,11698,187,93
43.552817,-96.854924,2026-08-29 07:50:26.873862912,3,5887,231,82
43.521531,-97.041792,2026-08-29 07:50:26.873876224,3,13683,131,64
43.550463,-96.851335,2026-08-29 07:50:26.873918976,3,7008,146,42
34.444327,-74.157296,2026-08-29 07:50:27.137256704,3,5511,215,65
34.435363,-74.15093,2026-08-29 07:50:27.137260032,3,7515,191,55
34.477318,-74.156239,2026-08-29 07:50:27.137324032,3,4474,236,44
27.034196,-107.878878,2026-08-29 07:50:50.265746944,3,11532,242,15
18.803035,-100.82723,2026-08-29 07:50:50.608665344,3,8158,256,48
29.365931,-86.216699,2026-08-29 07:50:51.286505216,3,7706,240,35
29.308989,-86.24178,2026-08-29 07:50:51.286537984,3,2977,258,18
21.615979,-105.74426,2026-08-29 07:50:51.318688256,3,11186,259,67
16.663983,129.319103,2026-08-29 07:50:19.291584512,4,13525,233,41
50.751527,23.141701,2026-08-29 07:50:23.565367552,4,11807,205,50
50.673422,23.120088,2026-08-29 07:50:23.565395456,4,12995,170,31
36.236702,36.214029,2026-08-29 07:50:27.435890688,4,9184,256,23
19.624118,125.971713,2026-08-29 07:50:31.773235200,4,5192,186,25
36.804842,34.66974,2026-08-29 07:50:41.978877440,4,14389,254,21
36.418985,135.932384,2026-08-29 07:50:43.41951744,4,7002,225,51
36.390951,135.886958,2026-08-29 07:50:43.41940992,4,6249,179,45
19.005017,126.196997,2026-08-29 07:50:51.112423680,4,6748,192,26
35.229591,135.467173,2026-08-29 07:50:53.144117504,4,12710,204,23
35.243598,135.392168,2026-08-29 07:50:53.271044864,4,10277,152,26
50.82604,23.026525,2026-08-29 07:50:57.951132672,4,14695,166,25
24.615129,-89.515472,2026-08-29 07:50:02.583501568,7,5717,231,22
28.172589,-67.881141,2026-08-29 07:50:03.534309888,7,9859,137,23
28.17258,-67.881133,2026-08-29 07:50:03.534309376,7,9860,134,13
21.33794,-77.008076,2026-08-29 07:50:13.189172480,7,6276,267,28
21.369284,-77.028279,2026-08-29 07:50:13.189182208,7,6622,262,18
23.30059,-81.349073,2026-08-29 07:50:14.565288960,7,2372,268,25
19.129063,-102.039026,2026-08-29 07:50:14.737136896,7,6955,257,17
25.463641,-82.41936,2026-08-29 07:50:15.668961280,7,5962,219,16
22.815059,-78.258851,2026-08-29 07:50:18.831210496,7,8965,255,25
27.422196,-67.962683,2026-08-29 07:50:19.811050240,7,6623,266,13
29.231302,-88.282388,2026-08-29 07:50:22.998929664,7,14321,165,15
28.01472,-86.251582,2026-08-29 07:50:23.446090752,7,13345,175,16
27.990419,-86.383467,2026-08-29 07:50:23.519084800,7,7536,249,17
23.374406,-81.615776,2026-08-29 07:50:31.155407360,7,5489,233,18
23.230658,-81.429524,2026-08-29 07:50:31.361965312,7,14324,250,13
29.163573,-86.217617,2026-08-29 07:50:31.476402176,7,8437,158,15
29.12824,-86.193183,2026-08-29 07:50:31.476458752,7,6392,190,12
13.844645,-67.790816,2026-08-29 07:50:32.161571840,7,6122,192,19
23.527306,-83.2383,2026-08-29 07:50:35.477324032,7,5791,241,11
28.904394,-70.143546,2026-08-29 07:50:36.877235712,7,9911,254,26
22.70548,-78.158443,2026-08-29 07:50:37.383396608,7,3543,245,27
25.881666,-76.023805,2026-08-29 07:50:44.529751808,7,10905,260,12
23.686246,-82.768806,2026-08-29 07:50:45.941031424,7,12301,255,12
23.907529,-82.89127,2026-08-29 07:50:45.950595328,7,5313,256,13
23.943882,-82.913497,2026-08-29 07:50:45.950663680,7,5651,166,18
29.44866,-85.323399,2026-08-29 07:50:46.25097984,7,5130,206,20
23.726968,-106.538842,2026-08-29 07:50:46.679583744,7,3615,260,22
25.855449,-83.07558,2026-08-29 07:50:46.871864064,7,3743,261,25
25.592949,-83.064931,2026-08-29 07:50:47.247080960,7,6118,264,17
25.560292,-83.158697,2026-08-29 07:50:48.791861760,7,5172,265,24
25.582786,-83.046159,2026-08-29 07:50:48.878317056,7,5600,212,20
25.655213,-83.067887,2026-08-29 07:50:48.878396928,7,3724,254,21
25.627695,-83.075202,2026-08-29 07:50:49.7893248,7,3786,262,16
23.908194,-106.925047,2026-08-29 07:50:56.119493120,7,8453,249,19
22.005806,-77.653586,2026-08-29 07:50:56.880479744,7,3864,259,28
22.005892,-77.653604,2026-08-29 07:50:56.880479488,7,3862,259,18
22.04799,-77.679742,2026-08-29 07:50:56.991284224,7,3132,258,17
27.935488,-68.20293,2026-08-29 07:50:57.798980608,7,6606,256,13
27.863809,-68.181347,2026-08-29 07:50:57.918346752,7,1703,268,13
35.166825,135.363843,2026-08-29 07:50:22.536960000,9,9283,156,16
35.225005,135.348716,2026-08-29 07:50:22.558306304,9,12709,158,13
46.273324,122.719063,2026-08-29 07:50:31.97119232,9,14741,160,12
36.419023,135.947779,2026-08-29 07:50:43.41955840,9,12326,224,50
36.389478,135.888309,2026-08-29 07:50:43.41934848,9,6113,179,40
36.483987,135.799083,2026-08-29 07:50:43.41945856,9,13136,162,28
36.414853,135.814113,2026-08-29 07:50:43.45775360,9,11589,238,20
36.393449,135.881421,2026-08-29 07:50:43.48326656,9,9147,217,18
36.390617,135.867096,2026-08-29 07:50:43.94019584,9,8741,172,15
35.233983,135.437497,2026-08-29 07:50:53.107539200,9,8982,213,17
35.175967,135.404091,2026-08-29 07:50:53.144099840,9,3062,149,22
35.213816,135.38729,2026-08-29 07:50:53.144098304,9,13584,150,13
35.247069,135.414704,2026-08-29 07:50:53.159757568,9,5584,214,22
35.213097,135.380877,2026-08-29 07:50:53.159741952,9,12239,157,13
35.183718,135.419597,2026-08-29 07:50:53.271040768,9,3881,187,27
35.227798,135.404408,2026-08-29 07:50:53.271037952,9,5743,152,17
35.249104,135.434757,2026-08-29 07:50:53.490866944,9,7056,213,14
21.430249,107.71231,2026-08-29 07:50:55.897575936,9,12332,174,15
15.623296,-101.062145,2026-08-29 07:50:00.619260928,13,2549,267,65
43.637213,-96.831355,2026-08-29 07:50:00.711785728,13,14611,130,22
32.172988,-79.840871,2026-08-29 07:50:01.868759808,13,7327,233,25
27.923123,-109.443673,2026-08-29 07:50:02.246819840,13,12783,264,28
47.353685,-96.729886,2026-08-29 07:50:02.381668096,13,12633,188,28
24.930513,-89.455204,2026-08-29 07:50:02.583559424,13,5886,183,71
27.506896,-109.887691,2026-08-29 07:50:02.670621440,13,14244,245,16
34.643034,-74.012031,2026-08-29 07:50:04.350963968,13,13204,194,76
34.682991,-74.02473,2026-08-29 07:50:04.350981632,13,5462,237,70
54.78488,-99.050407,2026-08-29 07:50:05.551551232,13,8081,206,17
27.493313,-109.843525,2026-08-29 07:50:07.373308416,13,7248,245,23
43.559423,-96.339901,2026-08-29 07:50:08.33808640,13,14506,79,36
43.544296,-96.5449,2026-08-29 07:50:08.33843968,13,7306,134,32
45.434575,-93.082008,2026-08-29 07:50:08.800906752,13,10900,150,37
31.385333,-79.885772,2026-08-29 07:50:11.115612160,13,4565,264,115
31.416535,-79.885826,2026-08-29 07:50:11.115620608,13,6176,252,102
31.399339,-79.875828,2026-08-29 07:50:11.115621376,13,4975,186,77
29.261013,-79.166879,2026-08-29 07:50:11.425346560,13,9664,266,28
29.122054,-79.150614,2026-08-29 07:50:11.447251456,13,8219,173,29
29.295014,-79.159302,2026-08-29 07:50:11.447313920,13,8454,253,27
29.070687,-79.113753,2026-08-29 07:50:11.489202176,13,13956,175,19
29.598155,-85.317359,2026-08-29 07:50:11.638231808,13,7963,232,32
43.556178,-96.587875,2026-08-29 07:50:11.938014976,13,8661,164,57
43.531836,-96.686443,2026-08-29 07:50:11.938078464,13,9129,140,44
43.511013,-96.661078,2026-08-29 07:50:11.938080000,13,6882,134,30
32.543668,-78.29155,2026-08-29 07:50:13.147233024,13,14350,171,104
24.007753,-106.588559,2026-08-29 07:50:13.612457728,13,14256,261,25
19.158151,-102.014821,2026-08-29 07:50:14.737150208,13,7663,256,34
25.463881,-82.419254,2026-08-29 07:50:15.668961280,13,5957,219,32
47.035668,-95.651607,2026-08-29 07:50:16.403766784,13,11977,136,19
24.043803,-85.463895,2026-08-29 07:50:21.529351168,13,4352,236,28
44.379657,-96.780059,2026-08-29 07:50:22.445016832,13,10939,103,29
44.364147,-96.797582,2026-08-29 07:50:22.445026304,13,8639,131,17
28.188446,-68.605243,2026-08-29 07:50:23.927077376,13,14242,265,35
24.012101,-106.765677,2026-08-29 07:50:24.161798656,13,5578,250,36
44.066161,-96.422121,2026-08-29 07:50:24.522496256,13,13213,158,57
27.62223,-109.867868,2026-08-29 07:50:25.20557056,13,11174,263,24
43.534875,-96.897145,2026-08-29 07:50:26.121152512,13,10066,178,38
43.554726,-96.837566,2026-08-29 07:50:26.873871616,13,11697,187,94
34.485416,-74.152563,2026-08-29 07:50:27.137273088,13,4908,212,65
34.435475,-74.150955,2026-08-29 07:50:27.137256192,13,7514,197,65
32.522393,-78.328622,2026-08-29 07:50:27.664836608,13,11062,171,75
32.596445,-78.370087,2026-08-29 07:50:27.664924160,13,4144,236,18
19.211814,-102.016592,2026-08-29 07:50:27.891317760,13,3963,255,30
19.130416,-102.024034,2026-08-29 07:50:27.931495424,13,6769,255,41
19.16932,-102.042953,2026-08-29 07:50:28.10501120,13,4994,255,52
34.954809,-73.832489,2026-08-29 07:50:28.624240384,13,9354,220,25
25.856814,-83.16027,2026-08-29 07:50:28.906241792,13,2875,266,83
34.432477,-74.165941,2026-08-29 07:50:29.442621696,13,4131,215,105
34.423181,-74.139789,2026-08-29 07:50:29.442620672,13,9067,192,95
34.470329,-74.176406,2026-08-29 07:50:29.442642176,13,4306,255,74
34.488252,-74.166169,2026-08-29 07:50:29.442648064,13,14417,245,59
34.48122,-74.236035,2026-08-29 07:50:29.526526208,13,4936,260,50
27.413434,-71.197141,2026-08-29 07:50:30.58553856,13,9707,265,27
29.221231,-86.240549,2026-08-29 07:50:31.336688896,13,11373,159,30
29.026021,-86.271817,2026-08-29 07:50:31.476409856,13,11116,168,33
44.540144,-95.934282,2026-08-29 07:50:31.830530048,13,8518,237,22
21.631784,-105.813032,2026-08-29 07:50:33.359681024,13,3347,270,25
44.271134,-96.539187,2026-08-29 07:50:34.53411328,13,14460,109,33
44.258053,-96.510485,2026-08-29 07:50:34.53416192,13,14171,118,18
23.408217,-83.0852,2026-08-29 07:50:35.537201664,13,4474,263,39
44.686985,-97.197971,2026-08-29 07:50:36.569158144,13,10504,160,48
32.162887,-79.901186,2026-08-29 07:50:36.775185152,13,3990,252,68
32.157194,-79.886418,2026-08-29 07:50:36.775183872,13,6059,226,99
32.150148,-79.87292,2026-08-29 07:50:36.775185920,13,5963,233,72
22.703232,-78.161512,2026-08-29 07:50:37.383397632,13,4117,248,41
31.281547,-79.939917,2026-08-29 07:50:38.126076928,13,8765,151,29
31.358468,-79.868199,2026-08-29 07:50:38.126115840,13,5195,234,39
34.547925,-76.551208,2026-08-29 07:50:38.160167680,13,4924,253,39
34.554591,-76.717357,2026-08-29 07:50:38.160214528,13,10646,173,41
34.945806,-74.770469,2026-08-29 07:50:39.95944704,13,3579,246,61
34.933608,-74.942289,2026-08-29 07:50:39.95987968,13,11487,188,47
43.561158,-96.581002,2026-08-29 07:50:39.182944768,13,13601,159,69
19.082757,-102.045811,2026-08-29 07:50:40.384423936,13,8904,254,19
23.467713,-106.731918,2026-08-29 07:50:40.767921920,13,8726,243,27
32.526999,-78.300507,2026-08-29 07:50:45.917307648,13,6375,187,92
32.591176,-78.359382,2026-08-29 07:50:45.917333504,13,6738,245,60
23.660543,-106.555373,2026-08-29 07:50:46.679507200,13,9523,265,92
27.11962,-67.945788,2026-08-29 07:50:46.737884928,13,13130,243,66
34.673501,-74.447335,2026-08-29 07:50:47.368173824,13,6737,245,46
34.684034,-74.446357,2026-08-29 07:50:47.368173568,13,6756,180,66
34.639823,-74.402334,2026-08-29 07:50:47.368217600,13,5921,265,52
34.926861,-73.100035,2026-08-29 07:50:47.996107008,13,4362,266,58
34.875875,-73.080646,2026-08-29 07:50:47.996089856,13,6922,256,62
25.646076,-83.091999,2026-08-29 07:50:48.791855360,13,5463,266,128
37.716948,-112.051948,2026-08-29 07:50:49.220773632,13,13863,119,51
23.540574,-106.693433,2026-08-29 07:50:52.826196992,13,13346,268,68
47.47738,-96.068167,2026-08-29 07:50:53.259228672,13,10078,159,35
34.927306,-73.807013,2026-08-29 07:50:54.92745472,13,7198,214,39
34.914245,-73.782917,2026-08-29 07:50:54.92738048,13,7645,222,45
34.977791,-73.826094,2026-08-29 07:50:54.92817408,13,6541,246,31
34.872689,-73.778236,2026-08-29 07:50:54.150580736,13,10026,252,41
34.904122,-73.831778,2026-08-29 07:50:54.150666752,13,8764,216,36
43.742457,-97.705175,2026-08-29 07:50:55.336707584,13,14493,98,38
43.729712,-97.840561,2026-08-29 07:50:55.351393024,13,14540,126,53
24.011117,-106.745489,2026-08-29 07:50:56.119555584,13,6353,243,41
19.160255,-101.913632,2026-08-29 07:50:57.206618880,13,6591,256,23
27.472836,-109.499646,2026-08-29 07:50:57.365613056,13,5459,253,23
19.127273,-101.918379,2026-08-29 07:50:57.604579584,13,3603,256,28
27.79272,-68.149011,2026-08-29 07:50:57.798878720,13,5405,234,64
26.794346,-83.645068,2026-08-29 07:50:59.213790464,13,7825,260,65
26.598562,-83.669332,2026-08-29 07:50:59.213779712,13,6147,260,58
44.589413,-97.034842,2026-08-29 07:50:59.866723584,13,13448,101,24
19.189888,-102.021145,2026-08-29 07:51:00.223866112,13,5977,255,51
19.178765,-102.013852,2026-08-29 07:51:00.293322496,13,4462,255,37
29.846401,-84.94723,2026-08-29 07:51:00.463462144,13,8785,131,67
32.552016,-78.268603,2026-08-29 07:51:02.196873216,13,7870,190,48
32.529611,-78.29529,2026-08-29 07:51:02.313294080,13,5476,189,54
32.594953,-78.337374,2026-08-29 07:51:02.313385984,13,11873,232,38
55.378717,-99.938619,2026-08-29 07:51:02.732412928,13,9537,188,22
55.396394,-99.952618,2026-08-29 07:51:02.744892416,13,11124,183,19
29.191635,-84.851327,2026-08-29 07:51:02.908295680,13,8327,218,78
29.251928,-84.854759,2026-08-29 07:51:02.908322048,13,4335,237,110
29.320939,-84.832293,2026-08-29 07:51:02.908398848,13,5226,269,97
33.505224,-77.445626,2026-08-29 07:51:03.50595584,13,4179,178,58
43.738004,-96.457662,2026-08-29 07:51:04.109628416,13,12783,91,42
43.739538,-96.541543,2026-08-29 07:51:04.109682176,13,7944,128,50
34.47847,-74.14847,2026-08-29 07:51:04.871408384,13,3957,173,101
34.467908,-74.161442,2026-08-29 07:51:04.871413504,13,4025,165,120
34.449055,-74.149135,2026-08-29 07:51:04.871407360,13,6178,195,107
34.479853,-74.16518,2026-08-29 07:51:04.871414528,13,3765,238,89
34.539219,-74.151108,2026-08-29 07:51:04.871435520,13,4358,259,74
34.45315,-74.183566,2026-08-29 07:51:05.2950400,13,7759,215,61
34.464447,-74.175209,2026-08-29 07:51:05.2960384,13,3832,257,84
29.542307,-90.073597,2026-08-29 07:51:05.178299392,13,5256,209,77
29.665174,-90.053385,2026-08-29 07:51:05.178347520,13,7764,249,101
29.494874,-90.141376,2026-08-29 07:51:05.233545984,13,7638,166,37
34.440564,-74.164531,2026-08-29 07:51:05.463018752,13,6191,239,53
34.509169,-74.380209,2026-08-29 07:51:05.463100928,13,12333,196,54
34.272703,-74.213632,2026-08-29 07:51:05.463020032,13,9245,268,41
34.496598,-74.174756,2026-08-29 07:51:05.463099648,13,6595,232,27
29.514968,-90.194522,2026-08-29 07:51:05.627400704,13,8417,174,33
19.649193,-102.670379,2026-08-29 07:51:05.685741312,13,5431,263,24
21.63674,-105.760821,2026-08-29 07:51:06.946736896,13,8463,249,63
27.920199,-109.378892,2026-08-29 07:51:07.81817344,13,4999,251,29
43.93623,-94.441383,2026-08-29 07:51:07.225980416,13,14704,82,117
43.927332,-94.418458,2026-08-29 07:51:07.225998592,13,12002,100,97
44.540447,-96.313669,2026-08-29 07:51:07.688717312,13,8672,88,130
44.497896,-96.298833,2026-08-29 07:51:07.688730624,13,7714,180,114
44.515566,-96.32788,2026-08-29 07:51:07.688734720,13,8521,110,97
34.249591,-76.23838,2026-08-29 07:51:08.129622016,13,3879,252,83
34.222397,-76.235897,2026-08-29 07:51:08.129619712,13,11593,173,108
34.243114,-76.269826,2026-08-29 07:51:08.129625088,13,11118,113,86
34.262745,-76.23406,2026-08-29 07:51:08.129629696,13,9386,232,66
34.237925,-76.264355,2026-08-29 07:51:08.145290752,13,2646,192,96
34.225996,-76.227331,2026-08-29 07:51:08.145289216,13,11854,173,97
34.231205,-76.247313,2026-08-29 07:51:08.145289728,13,4680,177,55
36.419023,135.947779,2026-08-29 07:50:43.41955840,14,12327,224,51
36.281564,136.058827,2026-08-29 07:50:43.41989632,14,11629,228,42
19.009999,126.195416,2026-08-29 07:50:51.112424960,14,4864,192,26
35.229522,135.467085,2026-08-29 07:50:53.144117504,14,12712,204,23
35.233408,135.402572,2026-08-29 07:50:53.271046144,14,11188,152,26
24.770119,120.983925,2026-08-29 07:51:06.665737216,14,6249,222,34
34.644167,-74.015547,2026-08-29 07:50:04.350964224,11,8513,193,113
19.825133,-73.98379,2026-08-29 07:50:09.492875008,11,7470,259,28
31.442634,-79.889412,2026-08-29 07:50:11.115631360,11,4192,235,76
32.546446,-78.303782,2026-08-29 07:50:13.147236096,11,12043,163,55
50.733731,23.168226,2026-08-29 07:50:23.565358592,11,10817,201,360
44.062396,-96.574681,2026-08-29 07:50:24.522533120,11,11008,191,27
9.667047,-0.713413,2026-08-29 07:50:24.946786048,11,10532,235,25
45.505195,15.458123,2026-08-29 07:50:32.404658176,11,10959,110,32
45.508861,15.450821,2026-08-29 07:50:32.404663296,11,9227,88,17
22.7007,-78.152625,2026-08-29 07:50:37.383398144,11,5861,245,126
38.970293,9.4724,2026-08-29 07:50:48.313931008,11,7013,215,85
39.015888,9.459666,2026-08-29 07:50:48.313948672,11,9162,236,71
38.988159,9.425939,2026-08-29 07:50:48.313977856,11,5808,251,58
39.050792,9.478907,2026-08-29 07:50:48.313994240,11,7290,262,43
50.825862,23.031243,2026-08-29 07:50:57.951133184,11,7219,175,147
34.38079,-74.316379,2026-08-29 07:51:04.871532288,11,11343,168,67
34.448734,-74.179293,2026-08-29 07:51:05.2948352,11,7115,239,40
29.527482,-90.090717,2026-08-29 07:51:05.178295040,11,11197,173,45
34.449798,-74.165275,2026-08-29 07:51:05.463020800,11,10090,239,25
34.230347,-76.240875,2026-08-29 07:51:08.129614848,11,8337,174,107
34.247915,-76.265536,2026-08-29 07:51:08.145290496,11,8736,174,103
34.645954,-74.015334,2026-08-29 07:50:04.350964736,12,8494,193,110
31.442645,-79.889434,2026-08-29 07:50:11.115631360,12,4193,235,73
32.546446,-78.303782,2026-08-29 07:50:13.147236096,12,12043,163,55
50.733731,23.168226,2026-08-29 07:50:23.565358592,12,10817,201,359
9.689597,-0.657392,2026-08-29 07:50:24.946799104,12,12080,239,20
22.700705,-78.152627,2026-08-29 07:50:37.383398144,12,5862,245,126
38.970293,9.4724,2026-08-29 07:50:48.313931008,12,7013,215,85
39.015888,9.459666,2026-08-29 07:50:48.313948672,12,9162,236,71
38.988159,9.425939,2026-08-29 07:50:48.313977856,12,5808,251,58
39.050792,9.478907,2026-08-29 07:50:48.313994240,12,7290,262,43
26.957055,-70.064065,2026-08-29 07:50:49.235419904,12,13169,268,118
50.825862,23.031243,2026-08-29 07:50:57.951133184,12,7219,175,141
34.508637,-74.378642,2026-08-29 07:51:04.871547648,12,9167,225,63
34.448734,-74.179293,2026-08-29 07:51:05.2948352,12,7115,239,40
29.519552,-90.097415,2026-08-29 07:51:05.178286848,12,11124,174,44
34.449798,-74.165275,2026-08-29 07:51:05.463020800,12,10090,239,25
34.230347,-76.240875,2026-08-29 07:51:08.129614848,12,8337,174,107
34.247915,-76.265536,2026-08-29 07:51:08.145290496,12,8736,174,103
44.917547,16.97013,2026-08-29 10:30:00.949174784,4,14932,102,17
23.012112,-77.572625,2026-08-29 10:30:01.418847232,13,10028,250,77
23.149706,-77.639732,2026-08-29 10:30:01.580414976,13,3679,247,36
27.809234,-69.041281,2026-08-29 10:30:01.897439744,13,12408,224,68
22.212389,-76.521269,2026-08-29 10:30:04.80438528,13,4989,256,29
25.547776,-83.735937,2026-08-29 10:30:04.247416320,13,4805,265,128
25.498907,-83.725716,2026-08-29 10:30:04.247406080,13,3473,266,117
25.479976,-83.688786,2026-08-29 10:30:04.247443968,13,8485,220,67
22.710116,-87.889921,2026-08-29 10:30:04.282961152,13,13138,255,24
25.466402,-83.632134,2026-08-29 10:30:04.315129856,13,6170,263,31
29.593402,-84.493889,2026-08-29 10:30:04.560476672,13,5717,233,114
29.567511,-84.4363,2026-08-29 10:30:04.607587072,13,5483,236,26
34.165313,-74.537053,2026-08-29 10:30:06.39718656,13,8793,197,50
34.163452,-74.569272,2026-08-29 10:30:06.39731968,13,14816,193,60
34.553565,-74.53472,2026-08-29 10:30:06.39863808,13,13979,268,44
31.702522,-80.099187,2026-08-29 10:30:06.540690688,13,13868,163,69
31.119699,-79.649197,2026-08-29 10:30:07.371968512,13,7960,159,81
30.972208,-79.639118,2026-08-29 10:30:07.371915776,13,4107,242,103
28.492937,-68.823671,2026-08-29 10:30:07.562486272,13,2780,268,82
31.689035,-79.000527,2026-08-29 10:30:07.862032384,13,8818,269,21
34.679125,-73.914581,2026-08-29 10:30:08.128277760,13,8301,265,105
34.676852,-73.91999,2026-08-29 10:30:08.128281600,13,2395,256,98
34.679502,-73.9126,2026-08-29 10:30:08.128278528,13,7035,248,84
34.675536,-73.915779,2026-08-29 10:30:08.128283904,13,5837,237,61
34.681654,-73.911353,2026-08-29 10:30:08.180155648,13,5981,253,47
34.669604,-73.923948,2026-08-29 10:30:08.296997120,13,2843,247,59
29.707903,-84.378853,2026-08-29 10:30:08.457148416,13,2851,245,67
29.650247,-84.373937,2026-08-29 10:30:08.691495936,13,6353,201,49
29.663865,-84.306965,2026-08-29 10:30:08.691559168,13,10016,207,33
29.856608,-84.359208,2026-08-29 10:30:08.768360448,13,10368,148,22
28.293251,-88.288908,2026-08-29 10:30:10.203673600,13,8257,186,45
28.159798,-88.209874,2026-08-29 10:30:10.239953664,13,11997,148,35
27.444126,-85.222879,2026-08-29 10:30:10.907256832,13,3089,245,99
27.375954,-85.098491,2026-08-29 10:30:10.907269888,13,11946,227,27
27.385576,-85.12086,2026-08-29 10:30:10.992676352,13,11844,220,26
31.924512,-79.057843,2026-08-29 10:30:11.795034112,13,4719,261,83
31.936719,-79.075184,2026-08-29 10:30:11.795044096,13,4890,248,65
31.950352,-79.046918,2026-08-29 10:30:11.795081728,13,6515,233,45
31.909672,-79.067673,2026-08-29 10:30:11.854765824,13,5014,262,58
31.939711,-79.075504,2026-08-29 10:30:11.854776320,13,2991,243,68
46.665525,-94.067359,2026-08-29 10:30:12.578415360,13,8274,153,50
31.043703,-79.76741,2026-08-29 10:30:12.978118912,13,8309,160,39
35.796781,-73.357218,2026-08-29 10:30:13.241271808,13,11339,246,24
44.920699,16.955827,2026-08-29 10:30:00.949175552,11,7201,98,38
44.912291,16.956905,2026-08-29 10:30:00.949179904,11,13349,90,41
44.942891,17.004306,2026-08-29 10:30:00.949216256,11,10332,246,22
45.05359,16.919062,2026-08-29 10:30:06.79107072,11,4699,235,114
44.969583,16.960654,2026-08-29 10:30:06.79078656,11,11006,136,268
44.972967,16.956395,2026-08-29 10:30:06.79079168,11,8600,144,252
44.890281,17.14346,2026-08-29 10:30:06.79055872,11,11794,226,234
44.921581,16.981482,2026-08-29 10:30:06.79089664,11,12046,132,221
30.977617,-79.630975,2026-08-29 10:30:07.371916544,11,7020,243,43
34.63876,-73.88439,2026-08-29 10:30:08.128261376,11,4120,207,70
44.88792,16.999105,2026-08-29 10:30:08.838857728,11,13845,155,44
45.109047,16.98715,2026-08-29 10:30:08.838921216,11,8564,265,28
44.904809,17.00426,2026-08-29 10:30:08.999163648,11,10704,152,31
27.677156,-85.385439,2026-08-29 10:30:10.907327232,11,14744,246,38
31.932897,-79.08768,2026-08-29 10:30:11.795033600,11,10106,195,26
44.966651,17.010894,2026-08-29 10:30:12.313319168,11,6001,184,26
44.920699,16.955827,2026-08-29 10:30:00.949175552,12,7201,98,37
44.924033,16.975253,2026-08-29 10:30:00.949180160,12,7223,131,39
45.075012,17.075332,2026-08-29 10:30:02.544311552,12,14381,181,26
25.569649,-83.676116,2026-08-29 10:30:04.247470336,12,7017,261,40
29.618297,-84.463424,2026-08-29 10:30:04.560481792,12,13503,185,39
29.885827,-84.393011,2026-08-29 10:30:04.560617216,12,13246,263,27
30.913205,-79.628422,2026-08-29 10:30:07.371898880,12,12290,157,76
34.637152,-73.911402,2026-08-29 10:30:08.128262912,12,9108,194,70
44.89851,17.008152,2026-08-29 10:30:08.838856448,12,14855,155,43
27.510969,-85.185085,2026-08-29 10:30:10.907328768,12,10854,251,33
31.829811,-79.160708,2026-08-29 10:30:11.795034368,12,13492,156,25
44.966651,17.010894,2026-08-29 10:30:12.313319168,12,6001,184,26
39.761756,21.342857,2026-08-29 13:30:03.753287424,1,9341,85,28
44.585828,17.465862,2026-08-29 13:30:11.323104768,1,14110,99,38
44.581548,17.500556,2026-08-29 13:30:11.323094528,1,13683,141,23
44.59927,17.40938,2026-08-29 13:30:11.581049344,1,7240,246,66
44.610848,17.408563,2026-08-29 13:30:11.581057280,1,6371,244,46
44.595981,17.424199,2026-08-29 13:30:11.581056512,1,8081,157,31
44.62105,17.458169,2026-08-29 13:30:11.698209280,1,5835,187,266
44.616333,17.456157,2026-08-29 13:30:11.698211328,1,11734,116,244
44.619971,17.452537,2026-08-29 13:30:11.698207488,1,11348,101,226
44.627342,17.452931,2026-08-29 13:30:11.698215936,1,8476,157,213
44.635079,17.460744,2026-08-29 13:30:11.698221824,1,9098,154,202
44.609287,17.535113,2026-08-29 13:30:11.698196992,1,9973,222,190
44.19244,19.62844,2026-08-29 13:30:19.25556224,1,8002,171,82
44.169679,19.62149,2026-08-29 13:30:19.25552896,1,6963,149,70
44.04419,19.816165,2026-08-29 13:30:27.85674240,1,8930,156,15
43.853485,19.933984,2026-08-29 13:30:27.502930688,1,13606,137,19
43.856526,19.920586,2026-08-29 13:30:27.598656256,1,8063,151,48
43.845536,19.923545,2026-08-29 13:30:27.835471360,1,9611,135,100
43.899229,19.901298,2026-08-29 13:30:27.835494656,1,5661,256,78
43.842094,19.934725,2026-08-29 13:30:27.835482112,1,8023,109,60
43.807979,19.999564,2026-08-29 13:30:27.835496448,1,10240,159,46
44.202975,19.689385,2026-08-29 13:30:35.782752512,1,8847,128,23
24.961811,-82.319343,2026-08-29 13:30:36.213796864,1,10450,224,22
35.596174,-73.472127,2026-08-29 13:30:36.307785728,1,7449,241,33
44.216644,19.716658,2026-08-29 13:30:44.267007232,1,12180,128,30
44.192277,19.749932,2026-08-29 13:30:44.273631488,1,8801,217,16
44.973481,18.146111,2026-08-29 13:30:44.534361344,1,13062,114,25
44.932829,18.235394,2026-08-29 13:30:44.606652672,1,5032,193,26
23.911494,-79.423629,2026-08-29 13:30:44.941653760,1,8192,237,30
35.797122,7.286232,2026-08-29 13:30:52.37472256,1,7755,207,125
35.787906,7.304387,2026-08-29 13:30:52.37459200,1,7901,202,112
35.786277,7.301721,2026-08-29 13:30:52.37465088,1,4005,227,97
35.770082,7.297476,2026-08-29 13:30:52.37458944,1,3652,251,82
29.188845,-85.456055,2026-08-29 13:30:59.557905920,1,8914,235,26
26.057195,-79.745122,2026-08-29 13:30:59.594927616,1,14743,265,30
26.224672,-79.765243,2026-08-29 13:30:59.594994176,1,9318,229,18
44.162364,19.802859,2026-08-29 13:31:08.359891968,1,12452,190,16
44.14997,19.671373,2026-08-29 13:31:08.747449600,1,10622,152,25
44.192424,19.758177,2026-08-29 13:31:09.972011008,1,4750,129,20
44.124578,16.667448,2026-08-29 13:31:10.267921408,1,13539,235,107
44.074941,16.677588,2026-08-29 13:31:10.267954176,1,12592,209,82
44.10463,16.647262,2026-08-29 13:31:10.267958272,1,4370,242,53
35.456668,-77.214995,2026-08-29 13:31:17.366156032,1,6640,166,21
43.937399,20.001334,2026-08-29 13:31:17.695484160,1,4790,150,79
43.964484,20.072268,2026-08-29 13:31:17.695485184,1,6812,162,65
43.925803,20.100317,2026-08-29 13:31:17.695470592,1,8491,226,52
43.930859,20.02121,2026-08-29 13:31:17.695481856,1,13249,107,36
43.961008,20.019187,2026-08-29 13:31:17.702823936,1,13177,156,30
43.953691,20.018497,2026-08-29 13:31:17.702829824,1,7237,116,20
41.042555,21.530028,2026-08-29 13:31:18.680449280,1,2563,116,60
41.025805,21.555439,2026-08-29 13:31:18.680443648,1,3938,172,48
41.064884,21.524082,2026-08-29 13:31:18.680496128,1,10676,257,35
27.997394,-78.204217,2026-08-29 13:31:26.810840832,1,10811,267,28
44.104272,19.795169,2026-08-29 13:31:27.770046208,1,8157,221,39
44.138067,19.668318,2026-08-29 13:31:27.912528640,1,2853,174,104
44.135819,19.669387,2026-08-29 13:31:27.912529152,1,2888,171,100
44.069448,19.795294,2026-08-29 13:31:27.912491264,1,9596,221,86
44.109102,19.654405,2026-08-29 13:31:27.912511488,1,14334,89,72
44.193374,19.661796,2026-08-29 13:31:27.912552704,1,14841,110,59
44.118137,19.713642,2026-08-29 13:31:27.912536064,1,9052,147,46
44.112551,19.747323,2026-08-29 13:31:27.912523520,1,7296,240,32
42.981036,20.179399,2026-08-29 13:31:29.507555072,1,4202,140,22
46.256794,13.07122,2026-08-29 13:31:29.738681088,1,14238,78,18
44.163217,19.693836,2026-08-29 13:31:36.981158656,1,10212,129,27
44.78164,19.158826,2026-08-29 13:31:37.529399808,1,11323,113,24
44.778056,19.16657,2026-08-29 13:31:37.532288000,1,13158,131,38
44.791695,19.160892,2026-08-29 13:31:37.532297984,1,11767,100,26
44.286,18.635341,2026-08-29 13:31:38.497577472,1,7937,96,194
44.30136,18.635275,2026-08-29 13:31:38.497584128,1,6053,178,172
44.284767,18.614959,2026-08-29 13:31:38.497579520,1,5561,88,152
44.283031,18.631704,2026-08-29 13:31:38.497583872,1,5083,106,134
44.270347,18.678566,2026-08-29 13:31:38.497573888,1,5269,182,115
44.269881,18.641354,2026-08-29 13:31:38.497588736,1,10269,85,102
44.289296,18.65753,2026-08-29 13:31:38.497590528,1,6715,136,89
44.318593,18.627083,2026-08-29 13:31:38.497631744,1,5390,204,74
44.275306,18.713887,2026-08-29 13:31:38.497604096,1,5464,255,51
44.271046,18.685506,2026-08-29 13:31:38.497615616,1,5958,235,35
44.284615,18.622905,2026-08-29 13:31:38.536069632,1,3836,149,117
44.271645,18.676335,2026-08-29 13:31:38.536061696,1,4031,230,99
44.290761,18.629695,2026-08-29 13:31:38.536078336,1,9177,108,85
42.961028,19.717156,2026-08-29 13:31:46.300838912,1,9814,77,62
42.944587,19.813349,2026-08-29 13:31:46.300828928,1,4268,226,91
42.938782,19.772008,2026-08-29 13:31:46.300839168,1,5320,204,78
42.972487,19.735016,2026-08-29 13:31:46.300849408,1,9008,199,65
43.004059,19.696692,2026-08-29 13:31:46.300902912,1,5410,268,51
43.005815,19.736348,2026-08-29 13:31:46.300902144,1,7301,260,25
42.959086,19.718499,2026-08-29 13:31:46.431047168,1,10584,77,99
42.963633,19.735232,2026-08-29 13:31:46.431054592,1,4943,140,76
42.957504,19.747007,2026-08-29 13:31:46.431051520,1,6343,150,60
42.910301,19.983641,2026-08-29 13:31:46.431028224,1,5869,261,47
42.95562,19.763714,2026-08-29 13:31:46.431086848,1,4019,242,34
39.822505,21.258862,2026-08-29 13:31:54.106580992,1,14521,78,45
39.868468,21.270592,2026-08-29 13:31:54.106628352,1,9952,260,29
27.722378,-77.986223,2026-08-29 13:31:55.119155456,1,14566,223,21
44.150458,19.699909,2026-08-29 13:31:56.561749504,1,14533,154,18
46.58404,125.921509,2026-08-29 13:30:04.987128576,2,12385,168,24
36.529031,134.08248,2026-08-29 13:30:21.599783168,2,13875,220,35
36.452072,134.117185,2026-08-29 13:30:21.599791104,2,8132,171,25
36.44281,134.132734,2026-08-29 13:30:27.191118336,2,12832,174,27
36.402655,134.189391,2026-08-29 13:30:27.318609920,2,8234,185,23
36.453319,134.171891,2026-08-29 13:30:27.475652864,2,3840,219,19
36.492829,134.153026,2026-08-29 13:30:27.688205824,2,10110,193,22
15.713794,131.647332,2026-08-29 13:30:30.321926400,2,6130,227,41
15.824405,131.533004,2026-08-29 13:30:30.321949184,2,5706,220,21
16.276286,129.526242,2026-08-29 13:30:31.799619328,2,4511,212,22
28.401575,115.460511,2026-08-29 13:30:51.867533056,2,5698,228,32
28.627208,115.609799,2026-08-29 13:30:51.867610880,2,3258,269,19
24.949004,119.140724,2026-08-29 13:30:53.274967808,2,12595,240,40
28.623059,115.607433,2026-08-29 13:31:13.338345728,2,12821,210,18
-26.032011,121.87513,2026-08-29 13:31:19.491975168,2,13061,239,22
18.752107,115.647129,2026-08-29 13:31:25.444455936,2,8286,262,34
46.639419,125.943837,2026-08-29 13:31:37.272847104,2,14531,166,16
15.532762,133.645262,2026-08-29 13:31:38.390439424,2,11126,236,23
44.885782,126.490436,2026-08-29 13:31:47.260025344,2,10711,162,30
47.758463,127.640444,2026-08-29 13:31:47.945267200,2,14797,189,14
35.5759,-73.541221,2026-08-29 13:30:02.202457344,3,5596,258,13
35.592106,-73.536675,2026-08-29 13:30:02.202462208,3,9982,247,50
35.623079,-73.58695,2026-08-29 13:30:02.202477568,3,11919,193,38
35.253294,-76.777171,2026-08-29 13:30:02.205698560,3,9364,243,37
35.215874,-76.754021,2026-08-29 13:30:02.205699840,3,11846,233,30
35.20758,-76.75624,2026-08-29 13:30:02.420700672,3,5843,243,55
35.209145,-76.767779,2026-08-29 13:30:02.420704512,3,5148,238,37
35.252253,-76.772837,2026-08-29 13:30:02.420753408,3,6696,257,24
35.204192,-76.781086,2026-08-29 13:30:02.694747904,3,5375,240,65
35.22003,-76.777551,2026-08-29 13:30:02.694756352,3,8280,162,61
35.311641,-76.714137,2026-08-29 13:30:02.694798336,3,7741,251,44
35.21407,-76.761763,2026-08-29 13:30:02.694786560,3,9684,228,32
25.765586,-78.864668,2026-08-29 13:30:03.287674112,3,4736,267,26
23.446191,-83.301793,2026-08-29 13:30:04.322982144,3,7140,258,17
23.631702,-83.298784,2026-08-29 13:30:04.323079936,3,10369,245,74
34.965496,-74.409841,2026-08-29 13:30:05.801265152,3,3840,248,48
34.915995,-74.394306,2026-08-29 13:30:05.801251584,3,7045,249,33
34.94842,-74.39047,2026-08-29 13:30:05.801292032,3,4559,250,19
34.975855,-74.458427,2026-08-29 13:30:05.889386496,3,7376,248,43
34.967268,-74.455512,2026-08-29 13:30:05.889384192,3,6890,190,36
34.968844,-74.426997,2026-08-29 13:30:05.889419264,3,6179,263,19
28.491039,-85.124803,2026-08-29 13:30:06.694597376,3,6950,221,33
35.921696,-112.44543,2026-08-29 13:30:07.30492416,3,12923,175,55
35.981032,-112.448548,2026-08-29 13:30:07.30522880,3,8340,258,56
29.793485,-84.125476,2026-08-29 13:30:15.45360384,3,9780,234,29
41.859262,-94.383727,2026-08-29 13:30:15.391020032,3,13955,131,25
41.849042,-94.279344,2026-08-29 13:30:15.391049216,3,14272,125,24
23.628311,-80.388277,2026-08-29 13:30:16.251458048,3,8786,242,84
41.899281,-94.372248,2026-08-29 13:30:16.648335616,3,12207,106,33
39.896122,-114.669293,2026-08-29 13:30:17.182702080,3,14408,101,17
27.528195,-78.089885,2026-08-29 13:30:17.433750272,3,3316,228,63
29.387762,-85.415837,2026-08-29 13:30:24.641841152,3,5145,244,26
29.237317,-85.408382,2026-08-29 13:30:24.733045760,3,8937,163,30
29.323374,-85.453344,2026-08-29 13:30:24.733100800,3,14232,232,17
29.250844,-85.414856,2026-08-29 13:30:24.854676992,3,6255,202,24
29.295135,-85.438357,2026-08-29 13:30:24.854733312,3,11019,236,34
26.285988,-79.825443,2026-08-29 13:30:24.901652480,3,3650,262,50
26.257184,-80.13048,2026-08-29 13:30:25.744536320,3,11990,252,98
26.356582,-80.164334,2026-08-29 13:30:25.744565760,3,7215,268,88
26.161939,-80.139347,2026-08-29 13:30:25.744537088,3,7573,266,73
26.390539,-80.164038,2026-08-29 13:30:25.744609536,3,7806,227,59
32.314286,-78.047336,2026-08-29 13:30:25.760807680,3,12888,179,47
32.349287,-78.046629,2026-08-29 13:30:25.760867328,3,4009,240,32
26.256896,-80.190709,2026-08-29 13:30:26.280803328,3,5055,270,42
35.940772,-112.231003,2026-08-29 13:30:27.335289088,3,13638,99,27
25.818507,-82.737075,2026-08-29 13:30:28.707928576,3,8358,262,22
25.953729,-82.80215,2026-08-29 13:30:28.710228480,3,6259,265,20
28.322343,-84.834901,2026-08-29 13:30:29.229378048,3,5563,256,22
26.111965,-88.137218,2026-08-29 13:30:29.444386816,3,7904,262,16
36.146135,-110.442617,2026-08-29 13:30:29.665596672,3,14441,91,26
36.134093,-110.559732,2026-08-29 13:30:29.787036416,3,14167,122,25
36.171615,-110.484479,2026-08-29 13:30:29.856795136,3,9518,105,60
36.215968,-110.50214,2026-08-29 13:30:29.856841984,3,11866,167,49
30.742044,-79.718987,2026-08-29 13:30:36.959660544,3,11388,161,81
30.914606,-79.747398,2026-08-29 13:30:36.959727616,3,6265,238,60
30.808619,-79.740203,2026-08-29 13:30:36.959724800,3,9244,241,46
30.813341,-79.749401,2026-08-29 13:30:36.959730176,3,7811,238,29
30.749954,-79.70434,2026-08-29 13:30:37.35758080,3,10880,160,21
30.785019,-79.730916,2026-08-29 13:30:37.35814912,3,10399,239,44
30.801222,-79.733035,2026-08-29 13:30:37.35813376,3,8063,236,28
30.801242,-79.739813,2026-08-29 13:30:37.115389696,3,6276,257,67
30.796875,-79.733652,2026-08-29 13:30:37.115425792,3,10505,238,38
30.803238,-79.735258,2026-08-29 13:30:37.115422464,3,5851,238,23
42.115061,-93.538198,2026-08-29 13:30:37.541879808,3,14580,100,30
42.087722,-93.577851,2026-08-29 13:30:37.541924352,3,7478,124,25
42.11719,-93.516977,2026-08-29 13:30:37.600219648,3,11842,99,17
42.091205,-93.449674,2026-08-29 13:30:37.600253952,3,6272,191,36
42.06911,-93.53576,2026-08-29 13:30:37.600269312,3,8862,166,23
42.095196,-93.512774,2026-08-29 13:30:37.633653504,3,7850,99,16
42.071756,-93.429154,2026-08-29 13:30:37.633689344,3,5395,191,34
42.078823,-93.533486,2026-08-29 13:30:37.633696512,3,14090,109,21
42.101165,-93.51736,2026-08-29 13:30:37.678018304,3,14451,70,53
42.102444,-93.656732,2026-08-29 13:30:37.678024704,3,3987,233,39
42.089421,-93.536609,2026-08-29 13:30:37.903449856,3,14821,99,26
31.378782,-78.461599,2026-08-29 13:30:37.955152128,3,5830,172,48
31.431665,-78.479795,2026-08-29 13:30:37.955169280,3,4561,248,90
31.395528,-78.440747,2026-08-29 13:30:37.955164672,3,8017,239,72
31.326474,-78.470777,2026-08-29 13:30:38.3742720,3,9779,216,23
31.457011,-78.478416,2026-08-29 13:30:38.103622400,3,5806,248,30
31.461164,-78.473616,2026-08-29 13:30:38.103625216,3,8116,240,17
28.053029,-75.69434,2026-08-29 13:30:38.372222464,3,5750,240,106
40.368104,-114.05751,2026-08-29 13:30:45.544984576,3,10366,66,64
40.354423,-114.553687,2026-08-29 13:30:45.544906752,3,10032,269,51
24.912015,-81.795145,2026-08-29 13:30:47.56371456,3,9080,267,30
28.536215,-84.634485,2026-08-29 13:30:47.758850048,3,6604,211,90
28.593468,-84.64377,2026-08-29 13:30:47.758871296,3,4582,241,73
28.653077,-84.632571,2026-08-29 13:30:47.758926336,3,7548,262,44
28.568692,-84.6092,2026-08-29 13:30:47.758903296,3,5951,239,27
28.535186,-84.633545,2026-08-29 13:30:47.796456704,3,6585,211,36
28.632016,-84.656981,2026-08-29 13:30:47.796523264,3,4356,241,37
39.704381,-114.775152,2026-08-29 13:30:47.975689984,3,8295,91,31
39.73804,-114.87418,2026-08-29 13:30:47.975729664,3,12306,192,27
36.490527,-111.234547,2026-08-29 13:30:48.90898688,3,10486,80,31
25.468845,-81.907817,2026-08-29 13:30:49.377500928,3,13056,236,49
25.355986,-81.991308,2026-08-29 13:30:49.377501440,3,10840,268,37
24.864014,-82.130941,2026-08-29 13:30:49.669587200,3,4370,248,53
24.844705,-82.210779,2026-08-29 13:30:49.704797184,3,8281,267,23
24.90492,-82.144543,2026-08-29 13:30:49.772252928,3,8604,251,42
24.880841,-82.138692,2026-08-29 13:30:49.851326464,3,6085,247,47
28.933261,-68.590121,2026-08-29 13:30:57.47437824,3,9957,218,81
28.996401,-68.622628,2026-08-29 13:30:57.47490560,3,8270,263,33
26.964005,-86.531379,2026-08-29 13:30:57.222796800,3,10227,252,62
26.79313,-86.363348,2026-08-29 13:30:57.229065728,3,2036,263,63
26.820817,-86.381464,2026-08-29 13:30:57.229076992,3,2756,253,82
24.905335,-81.799554,2026-08-29 13:31:04.259022080,3,6789,270,17
20.945332,-80.248892,2026-08-29 13:31:04.517709824,3,12403,219,62
29.333155,-88.487091,2026-08-29 13:31:05.599550976,3,6091,169,47
29.302532,-88.537418,2026-08-29 13:31:05.599569152,3,6527,257,75
28.027985,-85.575844,2026-08-29 13:31:13.494803200,3,4123,251,47
28.04604,-85.557326,2026-08-29 13:31:13.494841088,3,4070,251,25
27.376015,-96.584266,2026-08-29 13:31:13.597806080,3,10333,242,20
32.30656,-78.147949,2026-08-29 13:31:13.665012224,3,10879,268,18
32.541063,-78.188425,2026-08-29 13:31:13.833498368,3,11294,263,21
32.307468,-78.058572,2026-08-29 13:31:13.841469952,3,6750,180,39
32.332466,-78.083948,2026-08-29 13:31:13.841514240,3,8522,243,37
32.51874,-78.212387,2026-08-29 13:31:13.924838400,3,10528,229,25
26.735732,-86.743364,2026-08-29 13:31:13.933939968,3,8143,253,36
26.542726,-86.601,2026-08-29 13:31:13.942706688,3,5512,243,59
36.464814,-111.455005,2026-08-29 13:31:13.990878720,3,14459,80,36
36.665479,-111.449048,2026-08-29 13:31:13.990930432,3,11610,247,21
25.593151,-80.040463,2026-08-29 13:31:21.36468224,3,6145,269,84
25.743628,-80.037979,2026-08-29 13:31:21.36522752,3,4869,228,65
25.834575,-80.082268,2026-08-29 13:31:21.36556032,3,12641,258,25
24.703548,-82.853749,2026-08-29 13:31:21.99340032,3,9035,247,45
39.746355,-114.843068,2026-08-29 13:31:21.140357120,3,9931,78,57
39.811472,-114.866802,2026-08-29 13:31:21.140379136,3,9893,191,75
29.496938,-84.033732,2026-08-29 13:31:29.247742976,3,2803,237,37
29.632249,-84.177368,2026-08-29 13:31:29.247803904,3,13688,242,45
29.52905,-84.020804,2026-08-29 13:31:29.247787520,3,5975,247,26
35.894602,-112.45848,2026-08-29 13:31:29.997707776,3,13303,98,38
32.278824,-78.102559,2026-08-29 13:31:30.386190848,3,4559,264,95
32.241859,-78.090152,2026-08-29 13:31:30.386179840,3,2848,187,97
32.440223,-78.016887,2026-08-29 13:31:30.386258944,3,5254,228,80
32.287676,-78.08493,2026-08-29 13:31:30.386201088,3,6364,239,68
35.90581,-112.487945,2026-08-29 13:31:30.397667328,3,13424,145,34
25.446208,-81.945624,2026-08-29 13:31:38.474623488,3,9803,236,66
25.737367,-82.076291,2026-08-29 13:31:38.474744064,3,4969,267,51
24.776884,-82.184946,2026-08-29 13:31:38.918139136,3,5491,249,42
24.824113,-82.196037,2026-08-29 13:31:38.918185728,3,6699,270,47
29.443391,-84.020882,2026-08-29 13:31:46.48902912,3,13573,149,77
29.371223,-84.011505,2026-08-29 13:31:46.48912384,3,8831,242,58
29.53556,-84.024847,2026-08-29 13:31:46.48969984,3,11056,256,38
29.441839,-84.028335,2026-08-29 13:31:46.123731456,3,7453,185,37
29.660949,-84.120629,2026-08-29 13:31:46.123819520,3,6750,238,43
29.426056,-84.041271,2026-08-29 13:31:46.123761152,3,5771,238,31
29.436975,-84.037706,2026-08-29 13:31:46.272207360,3,8065,186,78
29.501107,-84.031667,2026-08-29 13:31:46.272238592,3,5329,237,69
29.592785,-84.023929,2026-08-29 13:31:46.272295936,3,6919,258,38
29.512894,-84.005602,2026-08-29 13:31:46.272270592,3,12788,253,20
25.518455,-82.014928,2026-08-29 13:31:46.826857984,3,5404,264,23
29.280613,-85.421033,2026-08-29 13:31:47.97373440,3,9552,227,61
29.435587,-85.59,2026-08-29 13:31:47.97433344,3,13207,241,54
27.525436,-78.205924,2026-08-29 13:31:47.161173760,3,5181,270,61
27.7605,-78.013839,2026-08-29 13:31:55.119158528,3,5553,230,49
27.836513,-77.900821,2026-08-29 13:31:55.119195648,3,4452,262,36
27.767559,-77.857218,2026-08-29 13:31:55.119173888,3,6512,259,22
28.251465,-79.978875,2026-08-29 13:31:55.285879296,3,6523,253,17
26.295805,-88.958677,2026-08-29 13:31:58.293761792,3,7178,208,36
26.387819,-88.970717,2026-08-29 13:31:58.293823744,3,6857,256,16
41.720866,-94.264681,2026-08-29 13:31:58.557517824,3,14328,234,44
41.88416,-94.366935,2026-08-29 13:31:58.557503232,3,8858,141,31
46.58404,125.921509,2026-08-29 13:30:04.987128576,4,12385,178,25
44.628085,17.463987,2026-08-29 13:30:11.698214400,4,11719,107,29
43.381917,20.226895,2026-08-29 13:30:17.785833472,4,11400,113,35
36.611188,134.070211,2026-08-29 13:30:21.599753216,4,12729,220,39
36.447341,134.131824,2026-08-29 13:30:21.599795200,4,5219,171,28
43.502034,20.159634,2026-08-29 13:30:24.143322624,4,11999,125,24
36.546106,134.077453,2026-08-29 13:30:27.191099648,4,12413,219,31
36.402652,134.189407,2026-08-29 13:30:27.318609920,4,8235,185,23
36.453319,134.171891,2026-08-29 13:30:27.475652864,4,3840,219,20
36.473521,134.164776,2026-08-29 13:30:27.688217344,4,5782,188,23
40.791904,45.507905,2026-08-29 13:30:28.299006720,4,12555,267,22
15.713794,131.647332,2026-08-29 13:30:30.321926400,4,6130,227,44
42.968698,19.723917,2026-08-29 13:30:38.203840000,4,9370,123,23
44.289438,18.614018,2026-08-29 13:30:46.270888192,4,11254,126,20
35.763599,7.296091,2026-08-29 13:30:52.37460992,4,5792,251,19
15.773806,130.783364,2026-08-29 13:30:59.357607424,4,5277,222,35
44.616368,17.45312,2026-08-29 13:31:14.72554240,4,6300,107,27
17.673879,126.356942,2026-08-29 13:31:21.924992256,4,5440,181,39
18.765822,115.647122,2026-08-29 13:31:25.444452352,4,5171,262,35
46.632389,125.958852,2026-08-29 13:31:37.272842752,4,5987,166,17
44.287147,18.630369,2026-08-29 13:31:38.497586176,4,7902,109,28
44.896581,126.505997,2026-08-29 13:31:47.260029184,4,8704,162,36
47.758452,127.64046,2026-08-29 13:31:47.945267200,4,14798,189,14
25.571854,-80.611193,2026-08-29 13:30:08.592323072,7,5355,268,14
29.364077,-83.964266,2026-08-29 13:30:09.61890304,7,11919,130,22
29.309328,-84.231662,2026-08-29 13:30:09.111951360,7,11885,230,15
29.327095,-84.1547,2026-08-29 13:30:09.194523648,7,13840,196,16
28.277458,-84.874712,2026-08-29 13:30:09.338176000,7,5755,155,34
28.41632,-84.96008,2026-08-29 13:30:09.338213888,7,7962,199,30
28.290199,-84.867225,2026-08-29 13:30:09.338214912,7,7515,203,23
28.122636,-85.082553,2026-08-29 13:30:09.383987200,7,6535,244,24
28.346074,-84.914294,2026-08-29 13:30:09.384082944,7,5739,212,13
28.403164,-84.940981,2026-08-29 13:30:09.458620672,7,11150,169,16
24.790244,-80.70051,2026-08-29 13:30:09.735163392,7,5392,269,17
26.338396,-79.538851,2026-08-29 13:30:19.20655872,7,6301,268,37
26.093509,-79.388892,2026-08-29 13:30:19.20585984,7,5767,228,34
26.040814,-79.364283,2026-08-29 13:30:19.110696704,7,4439,265,18
26.274141,-71.632549,2026-08-29 13:30:19.629321472,7,2882,241,28
26.235361,-71.608444,2026-08-29 13:30:19.629309184,7,3929,148,22
24.777547,-82.186752,2026-08-29 13:30:19.643651840,7,5958,267,36
27.881117,-85.578783,2026-08-29 13:30:20.940158208,7,12434,170,17
24.878774,-81.78801,2026-08-29 13:30:20.986494464,7,8123,267,12
29.553233,-83.940675,2026-08-29 13:30:21.518599680,7,8136,236,19
28.902966,-84.654958,2026-08-29 13:30:21.545442816,7,5858,142,28
29.10522,-84.75176,2026-08-29 13:30:21.545479680,7,5689,174,29
29.378589,-84.016529,2026-08-29 13:30:21.568614144,7,11995,182,22
29.503014,-85.517775,2026-08-29 13:30:24.311628032,7,13897,233,17
29.133041,-85.442065,2026-08-29 13:30:24.854684160,7,9169,146,15
26.283336,-79.808111,2026-08-29 13:30:24.901647104,7,11160,262,16
26.468802,-80.171964,2026-08-29 13:30:25.744612864,7,3431,236,30
26.204909,-80.172152,2026-08-29 13:30:26.280783616,7,3547,262,16
25.006641,-81.436042,2026-08-29 13:30:30.55134976,7,2571,238,20
29.268606,-85.363717,2026-08-29 13:30:32.828599296,7,3114,216,31
29.322442,-85.321591,2026-08-29 13:30:32.828657664,7,7193,238,20
29.342544,-85.415704,2026-08-29 13:30:33.26484992,7,9242,235,16
26.792247,-86.119536,2026-08-29 13:30:33.963897600,7,10894,194,32
26.782465,-86.108363,2026-08-29 13:30:33.963933440,7,5713,202,17
26.635433,-86.241846,2026-08-29 13:30:34.175541504,7,6587,245,24
26.864076,-86.117808,2026-08-29 13:30:34.175635456,7,6392,244,13
27.064202,-77.551611,2026-08-29 13:30:35.169290496,7,6830,222,20
25.622486,-77.103517,2026-08-29 13:30:35.208182016,7,6560,261,13
27.700832,-96.574516,2026-08-29 13:30:35.368593152,7,3617,186,26
27.538449,-96.595939,2026-08-29 13:30:35.368583936,7,9038,206,18
26.829896,-77.493157,2026-08-29 13:30:35.470610688,7,6516,264,13
23.940305,-84.71845,2026-08-29 13:30:36.53896704,7,6735,267,16
24.97605,-82.33353,2026-08-29 13:30:36.213806848,7,7144,224,20
25.022991,-82.344364,2026-08-29 13:30:36.213820672,7,3685,259,16
28.000592,-75.728581,2026-08-29 13:30:38.372208640,7,3417,187,29
28.042283,-75.597641,2026-08-29 13:30:38.372228096,7,7522,264,24
25.612985,-82.241746,2026-08-29 13:30:41.671005184,7,5028,263,17
23.236073,-83.232803,2026-08-29 13:30:44.455599872,7,1938,262,17
23.88284,-79.380701,2026-08-29 13:30:44.941638144,7,8525,237,29
23.731608,-79.2577,2026-08-29 13:30:44.941607424,7,3159,238,15
28.429724,-84.722685,2026-08-29 13:30:47.758835712,7,6505,219,29
28.607133,-84.630663,2026-08-29 13:30:47.758908160,7,7328,239,15
28.583667,-84.633194,2026-08-29 13:30:47.796514560,7,4211,242,16
25.164749,-81.869126,2026-08-29 13:30:49.377450240,7,8431,234,19
25.377779,-81.961353,2026-08-29 13:30:49.377521152,7,11888,265,11
24.759967,-82.166118,2026-08-29 13:30:49.669585920,7,2102,267,18
24.827675,-82.189702,2026-08-29 13:30:49.772256768,7,8023,267,15
24.812905,-82.186604,2026-08-29 13:30:49.851341056,7,6441,267,15
25.582121,-76.802189,2026-08-29 13:30:49.936227072,7,13110,262,34
25.950086,-76.932106,2026-08-29 13:30:49.936364800,7,7632,199,30
25.926538,-76.929605,2026-08-29 13:30:49.936358656,7,14469,126,20
24.773036,-82.173558,2026-08-29 13:30:50.19548160,7,1156,267,18
28.072804,-85.840031,2026-08-29 13:30:50.946504448,7,5534,166,26
29.238981,-85.383935,2026-08-29 13:30:59.557928960,7,3402,235,22
29.235109,-85.38123,2026-08-29 13:30:59.557929984,7,6749,235,13
26.360465,-79.867722,2026-08-29 13:30:59.595009536,7,12292,189,26
26.150232,-79.703115,2026-08-29 13:30:59.594979584,7,12173,229,14
26.349951,-79.811455,2026-08-29 13:30:59.692527360,7,7584,269,15
25.893288,-79.775473,2026-08-29 13:31:00.211281920,7,6855,266,13
23.905881,-80.352365,2026-08-29 13:31:02.434177280,7,10040,241,12
20.989978,-80.258564,2026-08-29 13:31:04.517721600,7,3113,256,20
29.283993,-88.544454,2026-08-29 13:31:05.599564288,7,3328,231,28
29.291931,-88.473289,2026-08-29 13:31:05.599579392,7,7079,180,16
27.847022,-77.630505,2026-08-29 13:31:05.656588288,7,4953,216,12
28.04552,-78.040802,2026-08-29 13:31:07.69660928,7,10589,259,15
26.522875,-86.589697,2026-08-29 13:31:13.942698240,7,7520,200,17
24.583831,-82.908958,2026-08-29 13:31:21.99339776,7,9068,268,11
23.528527,-80.327183,2026-08-29 13:31:21.889934848,7,11341,234,23
26.032324,-79.325115,2026-08-29 13:31:22.413499648,7,11072,255,13
24.008831,-80.336661,2026-08-29 13:31:24.691844352,7,3515,232,24
24.059133,-80.382945,2026-08-29 13:31:24.691856896,7,11450,264,12
27.51318,-78.139205,2026-08-29 13:31:26.802122496,7,14221,219,12
27.569836,-78.119304,2026-08-29 13:31:26.810693376,7,7378,219,16
27.477267,-77.90667,2026-08-29 13:31:26.810676480,7,14547,263,15
27.586427,-77.981161,2026-08-29 13:31:26.912139008,7,2813,261,15
29.354931,-84.041581,2026-08-29 13:31:29.247732992,7,11001,131,15
24.669779,-82.837422,2026-08-29 13:31:32.185459712,7,6948,267,16
24.785411,-80.726315,2026-08-29 13:31:32.457298944,7,2746,268,19
24.819044,-81.764762,2026-08-29 13:31:33.174356224,7,2876,267,19
29.219417,-85.426756,2026-08-29 13:31:34.206884352,7,14564,144,28
23.189113,-83.234129,2026-08-29 13:31:36.965449216,7,14919,263,13
25.438876,-81.947192,2026-08-29 13:31:38.474659840,7,2907,264,21
25.438771,-81.947118,2026-08-29 13:31:38.474659584,7,2907,264,13
24.610562,-82.187278,2026-08-29 13:31:38.918112768,7,3667,268,16
24.785172,-82.18616,2026-08-29 13:31:38.980765952,7,5304,267,16
24.779488,-82.192676,2026-08-29 13:31:39.36385792,7,3793,267,15
24.619819,-82.186073,2026-08-29 13:31:39.237509376,7,4045,268,20
28.598089,-88.992301,2026-08-29 13:31:40.15732992,7,2940,236,24
28.621863,-88.906577,2026-08-29 13:31:40.269092608,7,4488,180,18
28.892582,-89.077914,2026-08-29 13:31:40.325982208,7,11580,233,18
27.305396,-87.576195,2026-08-29 13:31:40.611293952,7,6110,190,18
26.938076,-69.774345,2026-08-29 13:31:41.361210880,7,5690,268,21
24.370775,-82.769565,2026-08-29 13:31:41.592120576,7,7134,269,16
23.245912,-77.440991,2026-08-29 13:31:42.404557824,7,2909,252,25
25.79699,-82.689934,2026-08-29 13:31:45.623404032,7,6615,262,14
29.356741,-84.11969,2026-08-29 13:31:46.48893696,7,5085,248,23
29.635636,-84.076331,2026-08-29 13:31:46.48996864,7,14762,247,12
29.500037,-84.035801,2026-08-29 13:31:46.272230912,7,5864,245,24
29.494038,-84.033292,2026-08-29 13:31:46.272266752,7,7717,236,19
29.012359,-85.666744,2026-08-29 13:31:47.97307904,7,10628,239,18
27.557564,-78.063037,2026-08-29 13:31:47.161201152,7,5856,260,24
25.483513,-82.004785,2026-08-29 13:31:47.201860352,7,7591,264,20
28.327085,-85.20033,2026-08-29 13:31:47.844834304,7,6363,218,31
28.518619,-85.099459,2026-08-29 13:31:47.844917760,7,5196,239,19
27.798649,-77.875529,2026-08-29 13:31:55.119186688,7,4854,259,17
46.613211,125.942086,2026-08-29 13:30:04.987128064,9,5765,188,23
46.606284,125.940415,2026-08-29 13:30:04.987136000,9,11497,196,13
17.607874,115.513151,2026-08-29 13:30:20.692546560,9,5731,263,17
36.627873,134.005697,2026-08-29 13:30:21.599742464,9,5128,231,39
36.446211,134.127545,2026-08-29 13:30:21.599794176,9,5271,171,32
36.4808,134.299732,2026-08-29 13:30:21.599846656,9,12413,114,18
36.414979,134.151062,2026-08-29 13:30:27.191122176,9,6455,215,28
36.390956,134.221516,2026-08-29 13:30:27.191115264,9,7742,168,17
36.392708,134.194361,2026-08-29 13:30:27.318611456,9,6393,202,23
36.25699,134.273227,2026-08-29 13:30:27.318636288,9,9880,174,11
36.453311,134.171892,2026-08-29 13:30:27.475650560,9,3839,224,22
36.506127,134.064838,2026-08-29 13:30:27.479359744,9,11124,231,15
36.269699,134.210411,2026-08-29 13:30:27.479405568,9,13837,175,10
36.594374,134.097707,2026-08-29 13:30:27.688195840,9,5444,227,16
36.387422,134.443385,2026-08-29 13:30:27.688306176,9,11915,235,13
44.592499,127.154761,2026-08-29 13:30:30.872641024,9,3213,161,16
16.282351,129.523803,2026-08-29 13:30:31.799618816,9,6513,212,27
47.008717,123.388727,2026-08-29 13:30:46.708691712,9,9427,190,17
28.640761,115.619335,2026-08-29 13:30:51.547421440,9,13147,210,20
28.578722,115.595657,2026-08-29 13:30:51.867598080,9,2575,270,27
24.914855,119.29333,2026-08-29 13:30:53.274999040,9,4223,239,45
15.921188,130.825966,2026-08-29 13:30:59.341335808,9,14336,244,42
28.613005,115.571072,2026-08-29 13:31:13.338338304,9,6046,225,18
18.299345,116.700627,2026-08-29 13:31:15.322482176,9,13532,256,21
17.665033,126.379721,2026-08-29 13:31:21.924990720,9,2641,182,39
28.518721,115.293888,2026-08-29 13:31:25.411979264,9,13193,263,15
46.626875,125.876832,2026-08-29 13:31:28.312134144,9,14742,168,20
46.612818,125.923371,2026-08-29 13:31:28.462145280,9,9220,168,13
46.639417,125.943835,2026-08-29 13:31:37.272847104,9,14531,166,16
28.644996,115.342268,2026-08-29 13:31:43.234193920,9,9600,270,14
44.885782,126.490436,2026-08-29 13:31:47.260025344,9,10711,162,33
44.833104,126.487405,2026-08-29 13:31:47.260044800,9,10908,182,17
44.877856,126.518377,2026-08-29 13:31:47.443419136,9,5669,152,11
47.770987,127.660619,2026-08-29 13:31:47.945270272,9,6237,189,14
28.603843,124.560017,2026-08-29 13:31:52.960438528,9,5698,222,19
28.30493,-88.790972,2026-08-29 13:30:00.480767488,13,7525,257,43
28.128321,-85.539711,2026-08-29 13:30:00.499220480,13,5749,255,31
28.042918,-85.556888,2026-08-29 13:30:00.499223040,13,8156,246,18
35.526509,-73.436858,2026-08-29 13:30:01.549583872,13,3018,249,99
35.548406,-73.461231,2026-08-29 13:30:01.549592320,13,8415,241,98
35.562363,-73.478831,2026-08-29 13:30:01.549603328,13,6683,242,78
35.601507,-73.499348,2026-08-29 13:30:01.549618944,13,12225,183,59
35.56597,-73.485977,2026-08-29 13:30:01.602382848,13,4543,245,54
35.591796,-73.495243,2026-08-29 13:30:01.687414784,13,6948,258,55
35.597222,-73.483555,2026-08-29 13:30:01.755815680,13,1986,258,51
35.602781,-73.497751,2026-08-29 13:30:01.755820544,13,5404,247,67
35.598472,-73.543879,2026-08-29 13:30:02.202462208,13,12334,244,64
35.604395,-73.557184,2026-08-29 13:30:02.202474496,13,5277,249,49
35.274753,-76.792292,2026-08-29 13:30:02.205706240,13,6633,245,37
35.239106,-76.781462,2026-08-29 13:30:02.205708288,13,14494,233,28
35.203457,-76.762109,2026-08-29 13:30:02.420699136,13,3880,250,38
35.218689,-76.785193,2026-08-29 13:30:02.420710144,13,10733,237,28
35.22001,-76.786303,2026-08-29 13:30:02.694754048,13,9108,240,71
35.22003,-76.777551,2026-08-29 13:30:02.694754304,13,8280,162,58
35.335165,-76.720627,2026-08-29 13:30:02.694801152,13,10569,251,43
35.219412,-76.774766,2026-08-29 13:30:02.694790912,13,7961,226,31
25.765583,-78.864679,2026-08-29 13:30:03.287674112,13,4736,267,27
23.446189,-83.301792,2026-08-29 13:30:04.322982144,13,7139,258,89
27.991372,-75.684487,2026-08-29 13:30:04.687433472,13,9447,227,37
34.965534,-74.409853,2026-08-29 13:30:05.801265152,13,3840,248,42
34.974866,-74.527909,2026-08-29 13:30:05.801297408,13,5759,195,31
34.967211,-74.410059,2026-08-29 13:30:05.801308160,13,12267,233,17
34.969925,-74.449682,2026-08-29 13:30:05.889383168,13,3531,248,53
34.92305,-74.434457,2026-08-29 13:30:05.889370880,13,7662,241,40
34.924578,-74.403706,2026-08-29 13:30:05.889401088,13,5759,250,23
28.492108,-85.129846,2026-08-29 13:30:06.694603264,13,6867,243,32
35.921703,-112.445427,2026-08-29 13:30:07.30492416,13,12923,175,69
35.981048,-112.448537,2026-08-29 13:30:07.30522880,13,8340,258,57
42.123777,-94.895101,2026-08-29 13:30:07.308614912,13,9235,85,27
25.591088,-80.630276,2026-08-29 13:30:08.592331776,13,5123,270,70
25.432169,-80.602116,2026-08-29 13:30:08.670559488,13,8926,266,20
29.48073,-84.019829,2026-08-29 13:30:09.61884416,13,1714,248,75
29.492867,-84.039403,2026-08-29 13:30:09.61891328,13,8009,245,62
28.206773,-84.913298,2026-08-29 13:30:09.338173696,13,13774,176,46
28.271058,-84.912329,2026-08-29 13:30:09.384027648,13,3338,220,65
24.779817,-80.719715,2026-08-29 13:30:09.790939392,13,4094,269,24
24.825764,-82.240886,2026-08-29 13:30:09.835240960,13,5040,267,24
24.667595,-82.860633,2026-08-29 13:30:10.836856576,13,6125,267,30
24.529879,-82.748101,2026-08-29 13:30:11.37236992,13,9896,251,17
25.435317,-82.05081,2026-08-29 13:30:11.969992192,13,6908,242,60
26.052409,-88.143017,2026-08-29 13:30:12.462084864,13,7110,210,55
28.475585,-84.613703,2026-08-29 13:30:12.630472448,13,7531,170,59
28.652537,-84.606351,2026-08-29 13:30:12.678312704,13,9084,242,51
35.637601,-69.94752,2026-08-29 13:30:13.29924096,13,4757,259,75
35.66431,-69.955021,2026-08-29 13:30:13.29936640,13,5357,247,69
35.674274,-69.975447,2026-08-29 13:30:13.29943296,13,4446,257,51
35.63327,-69.915172,2026-08-29 13:30:13.29957120,13,5166,237,34
27.231934,-86.396511,2026-08-29 13:30:13.925850624,13,6181,185,120
27.227301,-86.392335,2026-08-29 13:30:13.925891840,13,10899,207,94
27.121018,-86.434214,2026-08-29 13:30:13.979099904,13,12253,189,29
29.793497,-84.125474,2026-08-29 13:30:15.45360384,13,9779,234,30
41.85926,-94.38372,2026-08-29 13:30:15.391020032,13,13956,131,42
41.845558,-94.372101,2026-08-29 13:30:15.391065088,13,13781,106,25
23.872075,-80.361641,2026-08-29 13:30:16.251511808,13,6955,242,93
41.903059,-94.378097,2026-08-29 13:30:16.648336384,13,13806,106,33
27.530561,-78.080491,2026-08-29 13:30:17.433747200,13,7274,228,66
36.470965,-111.259548,2026-08-29 13:30:18.105205760,13,10406,114,46
26.095234,-79.394948,2026-08-29 13:30:19.110714624,13,4562,270,32
26.17559,-71.642297,2026-08-29 13:30:19.629287424,13,5910,230,127
29.037265,-84.664866,2026-08-29 13:30:20.679643392,13,9180,239,35
28.905797,-84.529602,2026-08-29 13:30:20.820540160,13,5644,254,47
28.022209,-85.564972,2026-08-29 13:30:20.837883392,13,4064,256,29
28.009053,-85.553312,2026-08-29 13:30:20.940166144,13,5005,227,62
28.176544,-85.702169,2026-08-29 13:30:20.940225024,13,8203,247,49
29.499338,-84.03621,2026-08-29 13:30:21.518532352,13,6364,234,79
29.360587,-84.013139,2026-08-29 13:30:21.518516224,13,6208,239,65
28.933742,-84.646959,2026-08-29 13:30:21.545444096,13,14415,142,76
28.984622,-84.681764,2026-08-29 13:30:21.545460224,13,8843,237,114
29.660317,-84.114853,2026-08-29 13:30:21.568694016,13,8562,235,43
27.687206,-88.908566,2026-08-29 13:30:21.854641408,13,4201,249,38
29.653133,-84.10268,2026-08-29 13:30:21.896704512,13,7637,236,33
29.481931,-84.026914,2026-08-29 13:30:21.896664832,13,6810,237,21
27.652425,-88.956716,2026-08-29 13:30:21.973659392,13,8497,197,21
32.323307,-78.100266,2026-08-29 13:30:22.218814208,13,6084,260,78
32.343406,-78.099907,2026-08-29 13:30:22.218823680,13,9101,243,63
32.336624,-78.092947,2026-08-29 13:30:22.218860032,13,12561,231,45
35.814074,-74.58835,2026-08-29 13:30:22.262710016,13,8515,245,23
32.273302,-78.087977,2026-08-29 13:30:22.395267328,13,5670,217,37
32.364574,-78.125565,2026-08-29 13:30:22.847907584,13,3731,189,63
32.336905,-78.101923,2026-08-29 13:30:22.847899392,13,3053,243,47
32.337787,-78.107779,2026-08-29 13:30:22.847937792,13,8017,231,34
32.278894,-78.079583,2026-08-29 13:30:23.426753792,13,5894,217,32
32.32923,-78.103256,2026-08-29 13:30:23.426810624,13,6422,236,19
27.843664,-75.700098,2026-08-29 13:30:23.950629120,13,11645,234,22
29.287106,-85.416368,2026-08-29 13:30:24.641838592,13,7586,244,25
29.467387,-85.532362,2026-08-29 13:30:24.733124608,13,10044,231,31
29.283129,-85.437524,2026-08-29 13:30:24.854693120,13,4393,245,34
29.403439,-85.559476,2026-08-29 13:30:24.854734592,13,5083,239,40
26.246123,-80.137813,2026-08-29 13:30:25.744527360,13,2144,260,110
26.475098,-80.177959,2026-08-29 13:30:25.744607744,13,6357,268,98
26.268313,-80.205329,2026-08-29 13:30:26.280807680,13,4099,267,37
35.917975,-112.096732,2026-08-29 13:30:27.335286272,13,14975,90,29
25.815518,-82.746329,2026-08-29 13:30:28.707924736,13,3733,262,23
25.99687,-82.80547,2026-08-29 13:30:28.710233600,13,10487,265,22
28.321295,-84.833712,2026-08-29 13:30:29.229377536,13,5557,256,39
28.293669,-84.847657,2026-08-29 13:30:29.229398528,13,9799,251,17
25.875949,-88.131444,2026-08-29 13:30:29.444300032,13,6235,247,24
36.14612,-110.442601,2026-08-29 13:30:29.665596672,13,14441,91,26
36.128975,-110.547372,2026-08-29 13:30:29.787035392,13,13232,122,19
36.171623,-110.484493,2026-08-29 13:30:29.856795136,13,9517,105,63
26.771013,-78.308939,2026-08-29 13:30:29.973175040,13,12221,223,54
25.055899,-81.458772,2026-08-29 13:30:30.55114240,13,4127,261,54
32.366639,-78.086022,2026-08-29 13:30:31.109317888,13,2414,259,73
32.372765,-78.094782,2026-08-29 13:30:31.109321728,13,3007,265,58
32.38534,-78.091344,2026-08-29 13:30:31.109366272,13,10031,238,43
32.363201,-78.077282,2026-08-29 13:30:31.109356032,13,5870,245,30
25.204475,-81.695561,2026-08-29 13:30:32.665835008,13,6681,265,15
29.203032,-85.354433,2026-08-29 13:30:32.828611072,13,10304,161,51
29.350145,-85.34614,2026-08-29 13:30:33.26464256,13,2809,243,63
29.279813,-85.358438,2026-08-29 13:30:33.26475008,13,9923,235,46
31.998933,-78.085331,2026-08-29 13:30:33.709082368,13,7667,261,68
32.037672,-78.106738,2026-08-29 13:30:33.709133824,13,9445,240,49
26.687209,-86.13597,2026-08-29 13:30:33.963896576,13,8787,196,46
26.856342,-86.135179,2026-08-29 13:30:33.963919872,13,9799,202,88
26.845954,-86.12715,2026-08-29 13:30:34.11085056,13,2634,263,39
26.668575,-86.125198,2026-08-29 13:30:34.175572480,13,7935,260,42
27.764394,-96.502145,2026-08-29 13:30:35.368623872,13,13070,238,48
23.910674,-84.635366,2026-08-29 13:30:36.53867776,13,8265,245,46
24.966202,-82.333839,2026-08-29 13:30:36.213767936,13,4346,246,76
35.672854,-73.523335,2026-08-29 13:30:36.307820544,13,4439,197,51
35.616689,-73.498431,2026-08-29 13:30:36.307800320,13,2141,254,78
35.615266,-73.624372,2026-08-29 13:30:36.307839488,13,10569,215,30
30.805524,-79.743138,2026-08-29 13:30:36.959689728,13,4327,257,79
30.817311,-79.744853,2026-08-29 13:30:36.959695360,13,4376,250,61
30.810437,-79.740705,2026-08-29 13:30:37.35784192,13,8506,254,31
42.108687,-93.556511,2026-08-29 13:30:37.541882624,13,7404,169,48
42.080772,-93.564508,2026-08-29 13:30:37.541928704,13,8851,124,29
42.129344,-93.52567,2026-08-29 13:30:37.600218880,13,14446,51,35
42.069146,-93.535387,2026-08-29 13:30:37.600275968,13,8866,166,27
42.096053,-93.520749,2026-08-29 13:30:37.633653760,13,9630,51,42
42.043304,-93.506775,2026-08-29 13:30:37.633714176,13,9243,170,27
42.101169,-93.517362,2026-08-29 13:30:37.678018304,13,14450,70,57
31.387416,-78.46671,2026-08-29 13:30:37.955149568,13,11234,173,44
31.436134,-78.461332,2026-08-29 13:30:37.955174912,13,5700,239,75
31.327734,-78.470368,2026-08-29 13:30:38.3742208,13,9774,216,22
28.058855,-75.705449,2026-08-29 13:30:38.372226304,13,5685,240,108
28.055469,-75.695197,2026-08-29 13:30:38.372227072,13,4029,265,66
26.100565,-88.171818,2026-08-29 13:30:39.289787904,13,4944,265,40
32.359338,-78.112004,2026-08-29 13:30:40.222945024,13,3265,259,52
32.313262,-78.096206,2026-08-29 13:30:40.222932224,13,4146,248,41
32.355964,-78.076303,2026-08-29 13:30:40.330312448,13,5369,259,49
32.382038,-78.079389,2026-08-29 13:30:40.330321408,13,3678,242,58
32.377974,-78.076143,2026-08-29 13:30:40.330358016,13,6723,231,42
32.55432,-78.241872,2026-08-29 13:30:40.455332864,13,9213,241,32
28.503637,-84.967391,2026-08-29 13:30:40.664895488,13,5991,253,43
28.385137,-84.984819,2026-08-29 13:30:40.664903424,13,8055,244,29
35.896502,-112.195661,2026-08-29 13:30:40.996009728,13,10884,100,28
35.857329,-112.119829,2026-08-29 13:30:41.69320704,13,11389,107,31
25.503345,-82.140262,2026-08-29 13:30:41.670953728,13,5411,220,48
25.476146,-82.164778,2026-08-29 13:30:41.775341312,13,14463,233,15
34.909231,-74.412676,2026-08-29 13:30:43.123895040,13,10884,208,84
34.91309,-74.427376,2026-08-29 13:30:43.123905792,13,3612,257,66
34.942429,-74.435822,2026-08-29 13:30:43.123916032,13,2087,241,53
34.956065,-74.443883,2026-08-29 13:30:43.123923200,13,13690,185,40
34.973844,-74.462469,2026-08-29 13:30:43.195560960,13,4083,248,51
34.950917,-74.551716,2026-08-29 13:30:43.195588352,13,13412,251,35
34.889803,-74.40894,2026-08-29 13:30:43.257809664,13,11563,236,33
34.957063,-74.467805,2026-08-29 13:30:43.257840896,13,9517,194,33
34.946424,-74.437692,2026-08-29 13:30:43.257870592,13,11194,231,20
34.984135,-74.462669,2026-08-29 13:30:43.336558848,13,6313,269,37
34.954546,-74.447513,2026-08-29 13:30:43.336591872,13,3840,262,24
23.222333,-83.233005,2026-08-29 13:30:44.455596032,13,2953,262,48
40.368104,-114.05751,2026-08-29 13:30:45.544984576,13,10366,66,64
40.343352,-114.575101,2026-08-29 13:30:45.544900096,13,6416,270,51
24.911565,-81.795182,2026-08-29 13:30:47.56371456,13,9076,267,30
28.536203,-84.634485,2026-08-29 13:30:47.758850048,13,6603,211,94
28.586577,-84.624537,2026-08-29 13:30:47.758868736,13,7353,241,74
28.797512,-84.731192,2026-08-29 13:30:47.796564224,13,7581,239,33
39.645792,-114.797626,2026-08-29 13:30:47.975708416,13,7641,63,24
36.490522,-111.23455,2026-08-29 13:30:48.90898688,13,10485,80,31
36.543014,-111.279264,2026-08-29 13:30:48.90927616,13,13257,216,17
25.39363,-81.904864,2026-08-29 13:30:49.377478400,13,12041,226,49
25.933401,-76.936242,2026-08-29 13:30:49.936372736,13,12822,249,78
28.21736,-85.833431,2026-08-29 13:30:50.946518016,13,5032,236,90
28.208445,-85.833791,2026-08-29 13:30:50.946513920,13,7996,243,73
28.15619,-85.789566,2026-08-29 13:30:51.61803776,13,8242,167,26
28.024657,-85.546478,2026-08-29 13:30:52.543979776,13,5555,227,41
29.656375,-84.109309,2026-08-29 13:30:53.178604032,13,3206,235,38
29.751086,-84.117255,2026-08-29 13:30:53.241329408,13,6967,240,32
29.630474,-84.169735,2026-08-29 13:30:53.241285632,13,4669,239,46
29.493739,-84.036064,2026-08-29 13:30:53.308877312,13,3544,237,57
29.419142,-84.036766,2026-08-29 13:30:53.308888064,13,14047,238,41
29.489422,-84.039632,2026-08-29 13:30:53.482517504,13,5407,237,80
29.429758,-84.042833,2026-08-29 13:30:53.642654976,13,9054,186,53
29.69004,-84.239273,2026-08-29 13:30:53.642755072,13,5104,247,53
26.12309,-88.164017,2026-08-29 13:30:54.643283968,13,4211,262,51
35.5949,-73.413743,2026-08-29 13:30:55.247142144,13,3948,245,37
27.452239,-78.10797,2026-08-29 13:30:55.643900928,13,5840,220,39
27.433224,-78.195429,2026-08-29 13:30:55.713792768,13,11350,179,55
26.038739,-76.871671,2026-08-29 13:30:55.865064704,13,6589,261,48
26.360008,-77.001005,2026-08-29 13:30:56.58496000,13,2345,268,24
35.769287,-73.444006,2026-08-29 13:30:56.212258304,13,14643,248,34
28.962601,-68.610375,2026-08-29 13:30:57.47441152,13,5654,235,86
26.624375,-86.388277,2026-08-29 13:30:57.222721024,13,14546,198,55
26.766434,-86.344364,2026-08-29 13:30:57.229052416,13,6862,195,54
33.293916,-76.141076,2026-08-29 13:30:58.214743040,13,5606,195,92
33.304008,-76.150368,2026-08-29 13:30:58.214750208,13,3613,255,80
33.35811,-76.171815,2026-08-29 13:30:58.214775296,13,6277,248,68
25.996847,-79.945789,2026-08-29 13:30:58.339442688,13,9344,191,43
25.968805,-79.926406,2026-08-29 13:30:58.382075904,13,8718,264,35
26.026907,-79.951387,2026-08-29 13:30:58.445220096,13,14906,264,42
26.041279,-78.776256,2026-08-29 13:30:58.809561088,13,6487,262,24
29.23857,-85.388443,2026-08-29 13:30:59.557890304,13,4782,160,88
26.267939,-79.81725,2026-08-29 13:30:59.692494848,13,5701,265,37
26.282633,-79.811845,2026-08-29 13:31:00.66842368,13,3545,266,28
25.894336,-79.767903,2026-08-29 13:31:00.211282688,13,4895,267,45
31.196343,-68.244767,2026-08-29 13:31:01.272514816,13,5500,260,79
39.847294,-114.98536,2026-08-29 13:31:02.676219392,13,7149,86,37
32.270781,-78.039645,2026-08-29 13:31:02.709063936,13,7172,214,58
29.324045,-85.416314,2026-08-29 13:31:02.944882688,13,2929,232,21
28.258262,-85.029538,2026-08-29 13:31:03.3728128,13,6570,244,22
42.009555,-94.549851,2026-08-29 13:31:03.72549120,13,14645,142,22
27.456564,-96.206317,2026-08-29 13:31:03.196114432,13,7569,226,56
27.445845,-96.151622,2026-08-29 13:31:03.254600704,13,8564,165,26
29.296734,-88.45057,2026-08-29 13:31:05.599535872,13,4754,249,99
29.34734,-88.488657,2026-08-29 13:31:05.599552768,13,13248,228,91
29.302566,-88.537399,2026-08-29 13:31:05.599569152,13,6527,257,78
27.953619,-77.539012,2026-08-29 13:31:05.656627456,13,6659,270,48
27.855611,-77.650836,2026-08-29 13:31:05.753648640,13,5053,264,27
30.377394,-69.051344,2026-08-29 13:31:06.620390144,13,3884,191,60
27.707291,-77.843406,2026-08-29 13:31:07.69524736,13,12133,234,55
27.830855,-77.871957,2026-08-29 13:31:07.92779520,13,9518,264,21
34.945672,-74.432293,2026-08-29 13:31:07.604440064,13,8510,234,30
35.028585,-74.45079,2026-08-29 13:31:07.604515584,13,11778,261,17
34.996482,-74.444168,2026-08-29 13:31:07.681699584,13,13147,262,21
26.278081,-88.239198,2026-08-29 13:31:08.773723648,13,4746,256,42
26.062758,-88.115687,2026-08-29 13:31:08.836723712,13,4568,211,46
26.059977,-88.123091,2026-08-29 13:31:08.930102784,13,7364,211,49
29.559384,-83.998301,2026-08-29 13:31:10.222386944,13,5008,248,34
29.454346,-84.004832,2026-08-29 13:31:10.222386944,13,3344,238,20
26.553768,-79.612208,2026-08-29 13:31:10.652173312,13,4282,267,38
35.59569,-73.493139,2026-08-29 13:31:10.845910784,13,9072,244,41
35.583453,-73.474868,2026-08-29 13:31:10.898177280,13,5167,245,32
35.585372,-73.465051,2026-08-29 13:31:10.898181120,13,6323,247,38
35.600011,-73.464124,2026-08-29 13:31:10.898226176,13,7672,242,23
35.568668,-73.476934,2026-08-29 13:31:10.957366784,13,6246,245,41
35.563393,-73.44873,2026-08-29 13:31:10.957397504,13,8223,239,22
35.59966,-73.475754,2026-08-29 13:31:10.992681984,13,7902,267,31
35.564758,-73.468188,2026-08-29 13:31:11.31602688,13,8312,226,39
32.264423,-78.205763,2026-08-29 13:31:11.422349824,13,5106,169,43
32.33583,-78.102516,2026-08-29 13:31:11.422384896,13,8443,236,29
28.600869,-84.624766,2026-08-29 13:31:11.672609024,13,8578,243,21
25.505161,-82.071611,2026-08-29 13:31:11.888661760,13,7382,264,28
25.521641,-82.130697,2026-08-29 13:31:12.99866880,13,5912,269,25
28.028233,-85.575767,2026-08-29 13:31:13.494803200,13,4123,251,47
32.286852,-78.165838,2026-08-29 13:31:13.841494272,13,9267,170,38
32.315878,-78.056178,2026-08-29 13:31:13.841510144,13,8060,234,28
26.364514,-86.625275,2026-08-29 13:31:13.942686464,13,11248,264,22
28.913578,-87.192786,2026-08-29 13:31:14.102684160,13,8153,221,23
26.441945,-88.922374,2026-08-29 13:31:15.154621696,13,13013,213,18
42.141869,-93.547771,2026-08-29 13:31:15.506225152,13,9034,222,67
28.403797,-84.997572,2026-08-29 13:31:16.177606656,13,5051,236,86
28.6368,-85.169067,2026-08-29 13:31:16.177689600,13,13248,248,68
35.492975,-77.223768,2026-08-29 13:31:17.366168576,13,3595,255,55
35.45638,-77.215882,2026-08-29 13:31:17.366159360,13,4925,176,51
35.492276,-77.13394,2026-08-29 13:31:17.366187264,13,13767,157,32
35.481218,-77.206995,2026-08-29 13:31:17.366197504,13,9317,215,18
35.29525,-76.813144,2026-08-29 13:31:17.674494208,13,6851,167,43
35.262576,-76.761835,2026-08-29 13:31:17.674484736,13,14155,172,36
25.591598,-78.892646,2026-08-29 13:31:18.199635200,13,4797,267,34
28.035727,-86.591009,2026-08-29 13:31:18.583776256,13,10377,250,49
28.201803,-86.559913,2026-08-29 13:31:18.583835136,13,13760,262,55
32.285309,-78.058583,2026-08-29 13:31:19.315944960,13,10583,179,67
32.308541,-78.068194,2026-08-29 13:31:19.486207744,13,6818,262,47
36.44165,-111.569853,2026-08-29 13:31:19.548339712,13,9658,100,47
36.49936,-111.50872,2026-08-29 13:31:19.548345856,13,11820,201,71
26.090242,-93.27688,2026-08-29 13:31:19.586902784,13,10180,131,56
25.961578,-80.098824,2026-08-29 13:31:20.955427072,13,8518,228,105
39.745678,-114.842773,2026-08-29 13:31:21.140356864,13,4759,98,51
39.857038,-114.917682,2026-08-29 13:31:21.140401920,13,8185,226,26
33.266608,-76.183288,2026-08-29 13:31:22.627522560,13,4526,247,62
33.272323,-76.180192,2026-08-29 13:31:22.627527424,13,4178,180,49
33.307552,-76.186628,2026-08-29 13:31:22.627582208,13,10856,238,34
33.221952,-76.204284,2026-08-29 13:31:22.739947520,13,13493,215,49
33.337814,-76.164263,2026-08-29 13:31:22.827974400,13,5715,258,43
33.354842,-76.162721,2026-08-29 13:31:22.828016384,13,8033,254,30
31.352075,-80.186831,2026-08-29 13:31:23.720832512,13,6213,257,37
32.325927,-78.040542,2026-08-29 13:31:25.704416768,13,5830,265,36
28.718194,-84.635888,2026-08-29 13:31:26.569012992,13,10489,247,30
27.479568,-78.007394,2026-08-29 13:31:26.912103424,13,6506,221,43
42.092773,-94.94537,2026-08-29 13:31:27.694535424,13,12833,125,15
48.779181,-120.827499,2026-08-29 13:31:28.67155968,13,14894,207,18
29.496938,-84.033732,2026-08-29 13:31:29.247742976,13,2803,237,58
29.630115,-84.161541,2026-08-29 13:31:29.247792128,13,7214,242,44
29.547266,-84.023313,2026-08-29 13:31:29.247792896,13,7222,247,26
35.882274,-112.431128,2026-08-29 13:31:29.997707776,13,10864,121,45
32.269739,-78.082773,2026-08-29 13:31:30.386187264,13,2815,264,102
32.241855,-78.090156,2026-08-29 13:31:30.386181632,13,2849,187,104
32.283296,-78.099148,2026-08-29 13:31:30.386198016,13,2840,243,89
32.301913,-78.104202,2026-08-29 13:31:30.460473088,13,6969,179,63
32.2891,-78.10634,2026-08-29 13:31:30.553143808,13,3330,243,46
41.826413,-94.336371,2026-08-29 13:31:31.139814144,13,13950,140,75
41.816263,-94.352079,2026-08-29 13:31:31.139810560,13,8575,170,54
41.884566,-94.347117,2026-08-29 13:31:31.461873152,13,4330,206,34
24.515349,-82.735429,2026-08-29 13:31:32.51838208,13,3586,248,29
41.81457,-93.973282,2026-08-29 13:31:32.164029184,13,13108,233,50
24.768135,-80.710171,2026-08-29 13:31:32.545886720,13,2696,269,31
24.917238,-81.735835,2026-08-29 13:31:33.174356480,13,9052,253,65
29.223258,-85.456689,2026-08-29 13:31:34.206877952,13,5833,216,91
29.263715,-85.443834,2026-08-29 13:31:34.206892544,13,8267,232,77
32.378548,-78.090937,2026-08-29 13:31:34.305991424,13,4138,259,86
32.369334,-78.096881,2026-08-29 13:31:34.305992704,13,4103,259,74
32.361743,-78.098697,2026-08-29 13:31:34.306021888,13,7326,231,34
32.227854,-78.367244,2026-08-29 13:31:35.30390528,13,10816,249,34
32.04823,-78.209147,2026-08-29 13:31:35.30345472,13,9361,237,21
32.388384,-78.081481,2026-08-29 13:31:35.146692352,13,14181,268,33
32.410876,-76.617664,2026-08-29 13:31:36.11915264,13,11098,194,51
32.455231,-76.65571,2026-08-29 13:31:36.11979008,13,5643,250,39
32.508596,-76.656286,2026-08-29 13:31:36.71238144,13,3432,265,46
32.548377,-76.778888,2026-08-29 13:31:36.71279360,13,4378,270,33
32.447218,-76.638852,2026-08-29 13:31:36.71256576,13,7815,246,20
32.355536,-76.653281,2026-08-29 13:31:36.155852800,13,7019,264,64
32.437859,-76.611642,2026-08-29 13:31:36.155884544,13,7165,247,42
32.453524,-76.611567,2026-08-29 13:31:36.155896320,13,8518,247,29
25.433396,-81.929788,2026-08-29 13:31:38.474625280,13,3872,237,73
24.776907,-82.184962,2026-08-29 13:31:38.918139136,13,5489,249,67
24.80797,-82.194305,2026-08-29 13:31:39.466898688,13,6374,267,21
28.604923,-88.926327,2026-08-29 13:31:40.15708160,13,11203,172,53
28.720944,-88.923173,2026-08-29 13:31:40.15748096,13,8135,257,67
28.772813,-88.913369,2026-08-29 13:31:40.269183232,13,8355,266,33
28.55717,-88.953706,2026-08-29 13:31:40.325912576,13,12726,232,22
27.383602,-87.619197,2026-08-29 13:31:40.611320576,13,3625,254,62
28.299334,-85.662335,2026-08-29 13:31:40.883896576,13,7816,246,28
26.857718,-69.682082,2026-08-29 13:31:41.361170432,13,10236,233,94
32.301012,-78.090676,2026-08-29 13:31:41.495513600,13,5613,262,77
32.268572,-78.07853,2026-08-29 13:31:41.814257920,13,7602,173,56
32.264777,-78.064253,2026-08-29 13:31:41.975575296,13,10117,217,27
32.243682,-78.045864,2026-08-29 13:31:42.29717248,13,11547,218,23
22.856313,-77.217236,2026-08-29 13:31:42.404431616,13,7887,251,86
35.582694,-73.486674,2026-08-29 13:31:44.273222656,13,8205,231,106
35.590204,-73.479506,2026-08-29 13:31:44.273234176,13,10933,214,88
35.610571,-73.49201,2026-08-29 13:31:44.273241600,13,4860,238,65
35.586278,-73.484605,2026-08-29 13:31:44.305598464,13,6672,224,58
35.560203,-73.481403,2026-08-29 13:31:44.341892608,13,6106,253,120
35.577393,-73.494194,2026-08-29 13:31:44.341905920,13,5170,245,107
35.616865,-73.501142,2026-08-29 13:31:44.341918464,13,7264,247,90
35.558266,-73.461054,2026-08-29 13:31:44.341902848,13,7636,220,77
35.60725,-73.504005,2026-08-29 13:31:44.377754624,13,7502,244,53
35.618539,-73.502778,2026-08-29 13:31:44.400472320,13,6665,240,34
27.907838,-75.725694,2026-08-29 13:31:45.126722560,13,7765,238,46
25.831399,-82.628745,2026-08-29 13:31:45.623380480,13,8623,219,38
42.26729,-93.349442,2026-08-29 13:31:45.661514240,13,14479,176,26
29.507148,-84.042514,2026-08-29 13:31:46.48962816,13,6185,239,32
29.590153,-84.021091,2026-08-29 13:31:46.123786496,13,5895,243,57
29.651145,-84.114561,2026-08-29 13:31:46.123815424,13,8620,234,45
29.499617,-84.033075,2026-08-29 13:31:46.272230656,13,5147,237,82
29.496597,-84.02769,2026-08-29 13:31:46.272232448,13,2255,237,71
29.262451,-85.41328,2026-08-29 13:31:47.97416448,13,8620,238,34
31.452683,-78.646245,2026-08-29 13:31:47.679776256,13,6817,216,48
31.381053,-78.578956,2026-08-29 13:31:47.679754240,13,10540,238,68
28.356055,-85.113294,2026-08-29 13:31:47.844862976,13,13008,157,53
28.486586,-85.119411,2026-08-29 13:31:47.865008384,13,2051,249,38
32.427982,-78.170913,2026-08-29 13:31:48.668926720,13,13880,258,21
28.626641,-84.643618,2026-08-29 13:31:49.842322944,13,7207,241,28
31.18339,-78.661903,2026-08-29 13:31:49.930759424,13,7672,169,43
31.294954,-78.551801,2026-08-29 13:31:49.950442496,13,4997,249,45
31.292812,-78.545908,2026-08-29 13:31:49.950486016,13,12470,242,32
31.291979,-78.554992,2026-08-29 13:31:50.26237952,13,5330,244,21
25.995422,-79.181731,2026-08-29 13:31:50.952525056,13,4723,264,75
26.133352,-79.215986,2026-08-29 13:31:51.6370816,13,2752,267,37
26.13402,-79.22401,2026-08-29 13:31:51.172382720,13,2222,268,30
27.591238,-96.541227,2026-08-29 13:31:51.408060672,13,14389,140,31
32.291833,-78.082016,2026-08-29 13:31:51.774956032,13,5021,260,64
32.319818,-78.110761,2026-08-29 13:31:51.775004672,13,5899,239,42
32.272918,-78.063609,2026-08-29 13:31:51.774990592,13,8165,232,29
32.377568,-78.032321,2026-08-29 13:31:51.865907968,13,3659,267,55
26.997848,-77.570954,2026-08-29 13:31:52.10893312,13,10252,251,74
32.347619,-78.009231,2026-08-29 13:31:52.28463104,13,8064,173,23
25.137191,-82.466878,2026-08-29 13:31:53.492483584,13,6519,268,39
31.436308,-79.993167,2026-08-29 13:31:53.922231296,13,6033,239,23
27.670074,-77.893907,2026-08-29 13:31:55.119133952,13,7202,234,50
28.251457,-79.978873,2026-08-29 13:31:55.285879296,13,6524,253,16
26.295413,-88.956073,2026-08-29 13:31:58.293762816,13,7890,208,36
26.387768,-88.970723,2026-08-29 13:31:58.293825280,13,6858,256,14
41.720866,-94.264681,2026-08-29 13:31:58.557517824,13,14329,234,44
25.112808,-81.485733,2026-08-29 13:32:00.116999424,13,4974,266,28
24.540132,-81.89755,2026-08-29 13:32:00.200813056,13,11202,269,30
27.965932,-85.542429,2026-08-29 13:32:00.260329728,13,6869,174,23
28.21686,-84.848256,2026-08-29 13:32:00.908741632,13,8199,237,69
28.218629,-84.847216,2026-08-29 13:32:01.65234432,13,7546,237,89
29.375109,-83.993784,2026-08-29 13:32:01.824955904,13,8599,198,39
29.461414,-84.005918,2026-08-29 13:32:01.825017600,13,4820,238,22
26.23083,-93.397071,2026-08-29 13:32:02.69659904,13,7593,170,67
26.227798,-93.40195,2026-08-29 13:32:02.69693184,13,11124,200,53
29.40551,-83.987477,2026-08-29 13:32:02.146591232,13,6340,231,58
40.076171,-111.164339,2026-08-29 13:32:03.75933440,13,12370,73,41
40.073278,-111.37772,2026-08-29 13:32:03.75920896,13,11498,175,30
24.80626,-82.212519,2026-08-29 13:32:04.430946560,13,6396,267,28
29.281727,-85.424931,2026-08-29 13:32:04.748681728,13,5944,243,26
28.961065,-91.11781,2026-08-29 13:32:04.920748544,13,6206,255,36
43.02355,-93.699907,2026-08-29 13:32:05.325701888,13,14962,120,30
29.24074,-85.397032,2026-08-29 13:32:05.329561856,13,5320,186,38
29.299691,-85.444905,2026-08-29 13:32:05.329577472,13,8081,241,31
29.493158,-85.515273,2026-08-29 13:32:05.371521024,13,11766,238,23
42.972218,-93.098523,2026-08-29 13:32:05.596154624,13,9596,77,103
42.860176,-93.071533,2026-08-29 13:32:05.596188672,13,13914,168,89
26.53411,-86.568366,2026-08-29 13:32:05.792318720,13,5998,255,34
27.495598,-96.558909,2026-08-29 13:32:06.1707776,13,9274,235,53
27.42025,-96.57637,2026-08-29 13:32:06.77195776,13,12058,192,35
43.170808,-93.125868,2026-08-29 13:32:06.278384640,13,6937,161,34
43.112421,-93.101947,2026-08-29 13:32:06.278435840,13,6828,118,23
32.282555,-78.073002,2026-08-29 13:32:07.163662336,13,5280,260,70
32.279687,-78.075201,2026-08-29 13:32:07.163668992,13,4595,243,52
32.303747,-78.088492,2026-08-29 13:32:07.163705088,13,6132,180,39
29.577554,-84.03356,2026-08-29 13:32:07.344937984,13,10580,244,36
29.499211,-84.04479,2026-08-29 13:32:07.344942336,13,8740,238,21
29.512462,-84.054677,2026-08-29 13:32:07.391877120,13,12034,237,23
29.683499,-84.14866,2026-08-29 13:32:07.463737344,13,9416,239,28
26.117015,-88.244873,2026-08-29 13:32:07.545176320,13,7457,196,51
29.436171,-84.04181,2026-08-29 13:32:07.776671232,13,9157,189,40
26.079609,-88.160687,2026-08-29 13:32:07.784963584,13,6803,216,43
29.503835,-84.041818,2026-08-29 13:32:07.953585152,13,6518,237,52
29.365809,-84.030272,2026-08-29 13:32:07.953576960,13,3649,242,36
29.520802,-84.033353,2026-08-29 13:32:07.953628416,13,4384,247,23
35.558078,-73.468672,2026-08-29 13:32:08.650640896,13,10041,203,30
35.57993,-73.495501,2026-08-29 13:32:08.716498176,13,9757,267,34
35.585686,-73.475283,2026-08-29 13:32:09.12387328,13,6260,258,94
35.598319,-73.500681,2026-08-29 13:32:09.12398080,13,2655,250,78
35.592058,-73.493967,2026-08-29 13:32:09.12397824,13,4665,183,56
35.59211,-73.475626,2026-08-29 13:32:09.12429312,13,8619,233,29
35.700609,-74.882294,2026-08-29 13:32:09.319911936,13,2478,250,47
35.672493,-74.881922,2026-08-29 13:32:09.319902464,13,11665,197,43
35.67093,-74.88047,2026-08-29 13:32:09.319945216,13,8090,258,21
35.684236,-74.899111,2026-08-29 13:32:09.432161792,13,9334,230,20
35.703969,-74.912612,2026-08-29 13:32:09.519671808,13,9492,249,90
35.673656,-74.892594,2026-08-29 13:32:09.519662080,13,4701,235,69
26.312271,-96.220818,2026-08-29 13:32:11.543227392,13,11763,114,73
29.694318,-84.092396,2026-08-29 13:32:11.904820224,13,11921,236,25
34.922256,-74.426966,2026-08-29 13:32:12.486829312,13,8813,208,84
34.94668,-74.43281,2026-08-29 13:32:12.486843392,13,5751,254,64
28.404029,-85.039062,2026-08-29 13:32:13.2069504,13,2551,242,37
36.529038,134.082476,2026-08-29 13:30:21.599783168,14,13875,220,41
36.452072,134.117185,2026-08-29 13:30:21.599791104,14,8133,171,28
36.546106,134.077453,2026-08-29 13:30:27.191099648,14,12413,219,28
36.453519,134.172027,2026-08-29 13:30:27.475652864,14,3816,219,24
36.473499,134.164865,2026-08-29 13:30:27.688217344,14,5783,188,23
16.271161,129.524211,2026-08-29 13:30:31.799620864,14,4509,212,28
28.401575,115.460511,2026-08-29 13:30:51.867533056,14,5699,228,30
46.642136,12.599676,2026-08-29 13:30:01.944125952,11,8717,69,72
46.650736,12.62313,2026-08-29 13:30:01.944130048,11,13454,155,85
46.663639,12.612636,2026-08-29 13:30:01.944143872,11,8446,221,72
46.806199,12.535055,2026-08-29 13:30:01.944274944,11,7686,203,59
46.594919,12.621883,2026-08-29 13:30:01.962499840,11,6461,87,57
46.616692,12.598991,2026-08-29 13:30:01.962494976,11,12146,66,46
35.186202,-76.76297,2026-08-29 13:30:02.694739712,11,5164,232,33
44.21041,19.642276,2026-08-29 13:30:05.54251520,11,8285,94,17
46.338332,13.262649,2026-08-29 13:30:08.442957056,11,14261,127,150
46.283536,13.26931,2026-08-29 13:30:08.442973952,11,11159,96,64
28.214696,-84.916309,2026-08-29 13:30:09.338182656,11,12189,246,42
44.624303,17.454942,2026-08-29 13:30:11.698215424,11,6625,118,140
44.626699,17.451858,2026-08-29 13:30:11.698213632,11,6070,149,210
44.63548,17.460425,2026-08-29 13:30:11.698216192,11,9296,154,201
44.605631,17.567203,2026-08-29 13:30:11.698203136,11,13681,222,190
44.603906,17.471452,2026-08-29 13:30:11.698214912,11,10373,100,179
44.175591,19.726935,2026-08-29 13:30:12.687383552,11,7861,151,78
44.194933,19.727769,2026-08-29 13:30:12.687393536,11,4598,217,55
44.169089,19.74133,2026-08-29 13:30:12.687394048,11,12411,91,40
44.358388,19.584414,2026-08-29 13:30:12.687493376,11,13532,249,26
44.202083,19.705982,2026-08-29 13:30:12.774937856,11,13275,87,16
35.663656,-69.938735,2026-08-29 13:30:13.29931264,11,8044,263,37
27.242152,-86.431505,2026-08-29 13:30:13.925893632,11,8463,199,44
23.808846,-80.476476,2026-08-29 13:30:16.251501056,11,11815,235,57
39.868001,21.208157,2026-08-29 13:30:17.308619008,11,13932,72,83
39.891743,21.232839,2026-08-29 13:30:17.308670976,11,9009,265,61
39.89676,21.243384,2026-08-29 13:30:17.308666112,11,6633,184,44
39.846999,21.268261,2026-08-29 13:30:17.308649984,11,8037,268,27
27.443976,-78.063492,2026-08-29 13:30:17.433750272,11,10345,231,22
43.397958,20.202787,2026-08-29 13:30:17.785830656,11,7244,143,156
43.413815,20.224721,2026-08-29 13:30:17.785841664,11,12285,167,211
43.381804,20.204908,2026-08-29 13:30:17.785831424,11,5040,148,192
43.401591,20.199028,2026-08-29 13:30:17.785836544,11,11166,129,117
29.001653,-84.677909,2026-08-29 13:30:21.545451008,11,14978,196,75
29.517273,-84.703134,2026-08-29 13:30:21.545671680,11,13936,232,62
32.463088,-78.124342,2026-08-29 13:30:22.218866176,11,11876,235,28
42.95682,19.702476,2026-08-29 13:30:23.679419904,11,4491,152,76
42.943647,19.741805,2026-08-29 13:30:23.679413760,11,3984,204,93
43.492439,20.137515,2026-08-29 13:30:24.143324928,11,13205,138,168
43.555032,20.108336,2026-08-29 13:30:24.143351552,11,7250,270,144
43.493364,20.159724,2026-08-29 13:30:24.143323136,11,8550,146,125
43.495938,20.184578,2026-08-29 13:30:24.143322368,11,8042,156,107
43.323652,20.558244,2026-08-29 13:30:24.143241984,11,11126,262,89
42.959327,19.762056,2026-08-29 13:30:24.790915584,11,6132,139,40
43.849574,19.933321,2026-08-29 13:30:27.835476480,11,11353,131,48
43.807974,19.999569,2026-08-29 13:30:27.835496448,11,10240,159,46
44.1298,19.644299,2026-08-29 13:30:30.984240640,11,11534,144,51
32.482453,-78.120876,2026-08-29 13:30:31.109357312,11,10764,235,50
29.219001,-85.342558,2026-08-29 13:30:32.828613888,11,14466,238,33
32.130172,-78.127801,2026-08-29 13:30:33.709127680,11,9037,237,35
26.815624,-86.112714,2026-08-29 13:30:33.963903232,11,7449,203,38
35.596177,-73.472126,2026-08-29 13:30:36.307785728,11,7449,241,48
42.959781,19.694118,2026-08-29 13:30:38.203837184,11,6646,113,88
43.069095,19.666462,2026-08-29 13:30:38.203881984,11,6458,158,107
42.952552,19.715409,2026-08-29 13:30:38.203833600,11,13645,88,91
42.955446,19.74473,2026-08-29 13:30:38.203837952,11,7850,244,72
43.039146,19.662251,2026-08-29 13:30:38.203906560,11,5473,267,59
42.968714,19.70586,2026-08-29 13:30:38.203889152,11,6319,235,41
27.962699,-75.678317,2026-08-29 13:30:38.372191744,11,5648,238,110
41.069017,21.533728,2026-08-29 13:30:38.724850176,11,9065,95,57
41.108124,21.542935,2026-08-29 13:30:38.724860160,11,11504,269,44
44.180355,19.720787,2026-08-29 13:30:38.989842688,11,5006,157,49
44.158197,19.699599,2026-08-29 13:30:38.989841920,11,4461,129,41
42.479736,43.765323,2026-08-29 13:30:40.24818432,11,14878,250,40
44.137355,19.668533,2026-08-29 13:30:41.83531008,11,13952,130,20
34.914102,-74.417872,2026-08-29 13:30:43.123902464,11,5190,248,35
43.625145,18.355459,2026-08-29 13:30:43.187910144,11,8957,183,51
44.199889,19.715481,2026-08-29 13:30:44.267002112,11,3408,128,24
44.212087,19.724111,2026-08-29 13:30:44.266999552,11,9628,183,16
44.183488,19.736928,2026-08-29 13:30:44.273632256,11,5325,237,15
43.345928,19.996626,2026-08-29 13:30:45.519526656,11,10565,96,83
43.340927,19.994277,2026-08-29 13:30:45.519526656,11,8023,96,63
43.353669,20.014387,2026-08-29 13:30:45.519530496,11,11889,106,44
46.281761,13.093026,2026-08-29 13:30:46.6196736,11,14065,70,18
44.281691,18.615096,2026-08-29 13:30:46.270886144,11,4548,185,105
44.284491,18.601776,2026-08-29 13:30:46.270890752,11,12931,109,101
44.293927,18.616928,2026-08-29 13:30:46.270892032,11,11169,119,56
46.304196,13.103923,2026-08-29 13:30:46.398208256,11,4506,111,30
43.856654,20.003939,2026-08-29 13:30:47.133931776,11,7652,96,58
43.862649,20.023774,2026-08-29 13:30:47.133929984,11,7014,146,45
28.462651,-84.64492,2026-08-29 13:30:47.758856448,11,10177,171,28
44.197417,19.691283,2026-08-29 13:30:47.794241536,11,8597,242,32
42.963014,19.760712,2026-08-29 13:30:48.824848384,11,9450,95,34
42.961453,19.732207,2026-08-29 13:30:48.971357440,11,8586,114,35
26.045385,-76.976639,2026-08-29 13:30:49.936373248,11,8768,269,232
28.203794,-85.833646,2026-08-29 13:30:50.946513408,11,11594,234,30
44.150633,19.711203,2026-08-29 13:30:51.220304384,11,5550,129,25
34.032651,36.055358,2026-08-29 13:30:52.177255936,11,9183,232,159
38.6987,37.688197,2026-08-29 13:30:54.359275776,11,11990,269,32
44.125309,19.644342,2026-08-29 13:30:54.626628608,11,7173,210,36
36.060544,7.007495,2026-08-29 13:30:55.561697280,11,3242,215,352
31.741862,-68.460779,2026-08-29 13:31:01.272723968,11,12198,221,87
43.949591,19.451731,2026-08-29 13:31:07.733478144,11,9260,133,53
44.394884,19.65501,2026-08-29 13:31:08.266300160,11,7319,142,43
44.32012,19.719832,2026-08-29 13:31:08.266270720,11,11760,89,57
44.338668,19.597157,2026-08-29 13:31:08.266309120,11,12523,132,43
44.154223,19.687549,2026-08-29 13:31:08.747439104,11,14654,112,24
44.037896,16.74099,2026-08-29 13:31:10.267890432,11,7509,267,88
44.071159,16.676077,2026-08-29 13:31:10.267953408,11,11188,209,79
44.128144,16.724615,2026-08-29 13:31:10.521048576,11,2700,194,34
43.837418,18.438703,2026-08-29 13:31:11.849677824,11,10663,257,29
43.640092,18.511824,2026-08-29 13:31:11.849652736,11,10965,123,28
43.391289,20.15794,2026-08-29 13:31:12.813405440,11,10219,128,16
44.616074,17.338391,2026-08-29 13:31:13.551067904,11,5014,245,106
44.602887,17.355699,2026-08-29 13:31:13.551070208,11,12516,102,96
44.614323,17.344458,2026-08-29 13:31:13.551072256,11,12228,155,76
44.610194,17.45011,2026-08-29 13:31:14.72553728,11,7324,229,49
44.625455,17.45282,2026-08-29 13:31:14.72557568,11,7182,154,86
44.59665,17.455927,2026-08-29 13:31:14.72559104,11,6173,93,71
26.243541,-80.076397,2026-08-29 13:31:20.955563776,11,13606,258,64
35.813837,6.706739,2026-08-29 13:31:21.585349632,11,9352,226,42
42.870826,19.88515,2026-08-29 13:31:23.123986176,11,11029,184,32
44.140534,19.675586,2026-08-29 13:31:27.912529920,11,5575,140,49
44.194333,19.637879,2026-08-29 13:31:27.912550656,11,7903,136,64
44.188177,19.648564,2026-08-29 13:31:27.912541952,11,12720,133,50
44.126192,19.729786,2026-08-29 13:31:27.912524800,11,6539,240,37
32.242926,-78.095734,2026-08-29 13:31:30.386177536,11,6120,167,49
44.164146,19.700699,2026-08-29 13:31:30.747094528,11,3538,236,20
24.820021,-80.741136,2026-08-29 13:31:32.545901568,11,5384,268,19
44.11753,19.656774,2026-08-29 13:31:33.138287104,11,4574,103,53
29.189227,-85.499223,2026-08-29 13:31:34.206870272,11,9892,249,36
32.328041,-78.093403,2026-08-29 13:31:34.305975040,11,7170,166,33
40.069858,21.236615,2026-08-29 13:31:34.606376448,11,6844,267,62
39.803734,21.24086,2026-08-29 13:31:34.658963456,11,11556,92,39
8.002236,13.419636,2026-08-29 13:31:36.27511040,11,8603,161,42
7.971247,13.48573,2026-08-29 13:31:36.56703744,11,10730,185,38
4.4035,10.7189,2026-08-29 13:31:36.541586944,11,4479,177,23
44.285977,18.635361,2026-08-29 13:31:38.497577472,11,7936,96,194
44.295848,18.634969,2026-08-29 13:31:38.497582080,11,10244,130,172
44.291803,18.629217,2026-08-29 13:31:38.497579520,11,11643,88,149
44.284319,18.649018,2026-08-29 13:31:38.497579776,11,9399,118,126
42.908948,19.745858,2026-08-29 13:31:39.332749312,11,7091,66,74
42.979421,19.734127,2026-08-29 13:31:39.332771584,11,10820,116,97
43.043077,19.768312,2026-08-29 13:31:39.332786432,11,14561,225,79
28.62833,-88.893117,2026-08-29 13:31:40.15714816,11,11244,126,33
28.616441,-88.980168,2026-08-29 13:31:40.15746304,11,13300,182,20
32.281713,-78.093376,2026-08-29 13:31:41.495508480,11,3520,260,34
43.745648,19.884768,2026-08-29 13:31:44.248645120,11,11161,108,48
35.580352,-73.456711,2026-08-29 13:31:44.273221120,11,7503,201,47
35.6065,-73.474532,2026-08-29 13:31:44.305608192,11,3815,267,47
35.580176,-73.472926,2026-08-29 13:31:44.341901056,11,5913,241,37
42.952862,19.728061,2026-08-29 13:31:46.300839936,11,11108,95,55
42.968555,19.733817,2026-08-29 13:31:46.300848128,11,9384,105,68
42.959089,19.718502,2026-08-29 13:31:46.431047168,11,10583,77,59
42.955469,19.737893,2026-08-29 13:31:46.431045888,11,11388,140,74
42.952288,19.715209,2026-08-29 13:31:46.566680832,11,8728,103,76
42.974158,19.754957,2026-08-29 13:31:46.566686976,11,4767,152,106
42.970416,19.735427,2026-08-29 13:31:46.566685440,11,6306,150,92
44.140637,19.65965,2026-08-29 13:31:47.527463168,11,5069,156,45
44.149061,19.689816,2026-08-29 13:31:47.920844288,11,5969,119,31
27.35743,-77.533156,2026-08-29 13:31:52.11053568,11,13999,236,39
44.120602,19.679414,2026-08-29 13:31:52.597358592,11,7930,82,106
44.129695,19.675528,2026-08-29 13:31:52.597361920,11,12994,107,87
44.111895,19.711142,2026-08-29 13:31:52.597357312,11,10786,142,66
44.112865,19.701673,2026-08-29 13:31:52.597360128,11,8848,143,51
39.684941,21.389073,2026-08-29 13:31:54.106556928,11,11568,146,30
39.826801,21.317548,2026-08-29 13:31:54.106606848,11,10578,261,24
27.792289,-77.880555,2026-08-29 13:31:55.119179520,11,12081,260,23
44.16026,19.701269,2026-08-29 13:31:56.561751552,11,9505,154,18
44.189438,19.697141,2026-08-29 13:31:57.270376704,11,10005,149,253
44.183077,19.695726,2026-08-29 13:31:57.270368512,11,12467,125,246
44.177247,19.69642,2026-08-29 13:31:57.270376704,11,9205,136,136
44.133279,19.682841,2026-08-29 13:32:00.424083712,11,8786,139,24
44.131115,19.676017,2026-08-29 13:32:00.497702400,11,9098,119,32
44.158768,19.646564,2026-08-29 13:32:00.552015616,11,4615,154,60
44.130328,19.673887,2026-08-29 13:32:00.552007168,11,7047,118,62
44.127409,19.704562,2026-08-29 13:32:00.560611328,11,11144,154,41
44.179913,19.679852,2026-08-29 13:32:00.560633088,11,8774,111,70
44.125017,19.813408,2026-08-29 13:32:00.560625664,11,11403,221,57
44.138167,19.726697,2026-08-29 13:32:00.560642048,11,14414,90,44
44.118077,19.730823,2026-08-29 13:32:00.560650496,11,8316,173,31
29.214762,-84.225001,2026-08-29 13:32:02.146535936,11,13869,235,23
44.181705,19.702668,2026-08-29 13:32:03.133754624,11,11458,151,24
44.640335,17.4486,2026-08-29 13:32:04.422253056,11,8165,147,32
44.631211,17.497277,2026-08-29 13:32:04.422242304,11,8498,101,42
44.14119,19.695095,2026-08-29 13:32:09.874078976,11,7520,189,40
44.15997,19.7067,2026-08-29 13:32:09.874082560,11,6737,185,93
44.129265,19.776239,2026-08-29 13:32:09.874069504,11,9208,220,80
44.137917,19.768293,2026-08-29 13:32:09.874076672,11,8660,196,67
44.146222,19.730843,2026-08-29 13:32:09.874087680,11,5499,133,49
44.230607,19.729901,2026-08-29 13:32:09.874113536,11,5690,229,34
34.977864,-74.445953,2026-08-29 13:32:12.486850048,11,11463,187,62
46.642136,12.599676,2026-08-29 13:30:01.944125952,12,8717,69,72
46.650736,12.62313,2026-08-29 13:30:01.944130048,12,13454,155,85
46.663639,12.612636,2026-08-29 13:30:01.944143872,12,8446,221,72
46.806199,12.535055,2026-08-29 13:30:01.944274944,12,7686,203,59
46.603345,12.617203,2026-08-29 13:30:01.962496512,12,11129,87,58
46.610131,12.595328,2026-08-29 13:30:01.962502400,12,14513,66,44
44.21041,19.642275,2026-08-29 13:30:05.54255616,12,8285,94,16
46.338332,13.262649,2026-08-29 13:30:08.442957056,12,14261,127,150
28.424533,-84.956792,2026-08-29 13:30:09.338211328,12,13737,198,47
44.624303,17.454942,2026-08-29 13:30:11.698215424,12,6625,118,139
44.626699,17.451858,2026-08-29 13:30:11.698213632,12,6070,149,209
44.63548,17.460425,2026-08-29 13:30:11.698216192,12,9296,154,200
44.605631,17.567203,2026-08-29 13:30:11.698203136,12,13681,222,189
44.603906,17.471452,2026-08-29 13:30:11.698214912,12,10373,100,178
44.175591,19.726935,2026-08-29 13:30:12.687383552,12,7861,151,78
44.194933,19.727769,2026-08-29 13:30:12.687393536,12,4598,217,55
44.169089,19.74133,2026-08-29 13:30:12.687394048,12,12411,91,40
44.358388,19.584414,2026-08-29 13:30:12.687493376,12,13532,249,26
44.202083,19.705982,2026-08-29 13:30:12.774937856,12,13275,87,16
35.663656,-69.938735,2026-08-29 13:30:13.29931264,12,8044,263,37
27.242152,-86.431505,2026-08-29 13:30:13.925893632,12,8463,199,44
23.808846,-80.476476,2026-08-29 13:30:16.251501056,12,11815,235,57
43.437704,20.185265,2026-08-29 13:30:17.785848832,12,5147,256,98
43.39,20.216179,2026-08-29 13:30:17.785829888,12,5122,235,201
43.380656,20.205143,2026-08-29 13:30:17.785829120,12,6011,148,187
44.165242,19.706017,2026-08-29 13:30:20.111621632,12,14668,101,38
29.001653,-84.677909,2026-08-29 13:30:21.545451008,12,14978,196,76
29.517273,-84.703134,2026-08-29 13:30:21.545671680,12,13936,232,63
32.463116,-78.124354,2026-08-29 13:30:22.218866176,12,11885,235,28
42.95682,19.702476,2026-08-29 13:30:23.679419904,12,4491,152,76
42.943647,19.741805,2026-08-29 13:30:23.679413760,12,3984,204,93
43.492439,20.137515,2026-08-29 13:30:24.143324928,12,13205,138,168
43.499944,20.140777,2026-08-29 13:30:24.143330048,12,11651,129,144
43.502478,20.160603,2026-08-29 13:30:24.143326208,12,7844,140,119
43.546248,20.122774,2026-08-29 13:30:24.143343104,12,7336,154,101
43.323652,20.558244,2026-08-29 13:30:24.143241984,12,11126,262,88
42.947238,19.761804,2026-08-29 13:30:24.790915584,12,10515,95,41
43.849574,19.933321,2026-08-29 13:30:27.835476480,12,11353,131,47
43.807974,19.999569,2026-08-29 13:30:27.835496448,12,10240,159,45
44.1298,19.644299,2026-08-29 13:30:30.984240640,12,11534,144,52
32.482453,-78.120876,2026-08-29 13:30:31.109357312,12,10764,235,51
29.219001,-85.342558,2026-08-29 13:30:32.828613888,12,14466,238,33
32.130172,-78.127801,2026-08-29 13:30:33.709127680,12,9037,237,35
26.815683,-86.112691,2026-08-29 13:30:33.963903232,12,7443,203,46
44.201714,19.669658,2026-08-29 13:30:35.782756352,12,5356,183,23
35.596177,-73.472126,2026-08-29 13:30:36.307785728,12,7449,241,49
42.959781,19.694118,2026-08-29 13:30:38.203837184,12,6646,113,87
43.079582,19.674779,2026-08-29 13:30:38.203882240,12,5404,158,107
42.969547,19.716753,2026-08-29 13:30:38.203837952,12,9213,134,92
42.926605,19.759451,2026-08-29 13:30:38.203830784,12,9600,244,75
43.019371,19.659241,2026-08-29 13:30:38.203905536,12,6974,267,60
27.962699,-75.678317,2026-08-29 13:30:38.372191744,12,5648,238,111
41.069017,21.533728,2026-08-29 13:30:38.724850176,12,9065,95,56
44.180355,19.720787,2026-08-29 13:30:38.989842688,12,5006,157,49
44.158197,19.699599,2026-08-29 13:30:38.989841920,12,4461,129,42
44.203826,19.733997,2026-08-29 13:30:38.989846784,12,11652,114,29
44.134808,19.676973,2026-08-29 13:30:41.83529216,12,8065,130,21
34.91407,-74.417852,2026-08-29 13:30:43.123902464,12,5191,248,35
43.625145,18.355459,2026-08-29 13:30:43.187910144,12,8957,183,51
44.205219,19.726469,2026-08-29 13:30:44.267002112,12,6953,128,25
23.881995,-79.412437,2026-08-29 13:30:44.941642752,12,6322,237,73
43.345928,19.996626,2026-08-29 13:30:45.519526656,12,10565,96,84
43.347682,19.997008,2026-08-29 13:30:45.519524864,12,10898,96,64
43.338591,20.033451,2026-08-29 13:30:45.519522304,12,11237,154,43
46.281761,13.093026,2026-08-29 13:30:46.6196736,12,14065,70,18
44.281691,18.615096,2026-08-29 13:30:46.270886144,12,4548,185,104
44.288956,18.62018,2026-08-29 13:30:46.270888960,12,7802,112,101
44.293942,18.61331,2026-08-29 13:30:46.270892032,12,6089,151,83
46.318211,13.117953,2026-08-29 13:30:46.398202624,12,13045,68,51
43.856654,20.003939,2026-08-29 13:30:47.133931776,12,7652,96,57
43.862651,20.02377,2026-08-29 13:30:47.133929984,12,7014,146,45
28.462651,-84.64492,2026-08-29 13:30:47.758856448,12,10177,171,28
44.197277,19.691336,2026-08-29 13:30:47.794241536,12,8598,242,32
42.963014,19.760712,2026-08-29 13:30:48.824848384,12,9450,95,34
42.961448,19.732207,2026-08-29 13:30:48.971357440,12,8586,114,35
26.045385,-76.976639,2026-08-29 13:30:49.936373248,12,8768,269,232
28.203742,-85.833645,2026-08-29 13:30:50.946513408,12,11595,234,30
44.150649,19.711234,2026-08-29 13:30:51.220304384,12,5545,129,25
44.196151,19.679379,2026-08-29 13:30:51.824526336,12,7354,184,19
42.990408,19.712459,2026-08-29 13:30:51.900856320,12,9358,95,21
44.1271,19.65682,2026-08-29 13:30:54.626627584,12,8714,205,42
36.060544,7.007495,2026-08-29 13:30:55.561697280,12,3242,215,351
31.741862,-68.460779,2026-08-29 13:31:01.272723968,12,12198,221,87
44.136468,19.783779,2026-08-29 13:31:02.85915136,12,10617,133,48
44.147495,19.792262,2026-08-29 13:31:02.85925120,12,14723,143,36
42.972475,20.021654,2026-08-29 13:31:04.151792896,12,12064,128,16
43.949591,19.451731,2026-08-29 13:31:07.733478144,12,9260,133,49
43.925482,19.50003,2026-08-29 13:31:07.733453568,12,7840,219,39
44.328169,19.676471,2026-08-29 13:31:08.266276608,12,6356,113,59
44.368391,19.691651,2026-08-29 13:31:08.266271488,12,9600,113,70
44.32012,19.719832,2026-08-29 13:31:08.266270720,12,11760,89,57
44.338668,19.597157,2026-08-29 13:31:08.266309120,12,12523,132,40
44.154223,19.687549,2026-08-29 13:31:08.747439104,12,14654,112,24
44.037896,16.74099,2026-08-29 13:31:10.267890432,12,7509,267,88
44.071159,16.676077,2026-08-29 13:31:10.267953408,12,11188,209,79
44.128144,16.724615,2026-08-29 13:31:10.521048576,12,2700,194,33
43.837418,18.438703,2026-08-29 13:31:11.849677824,12,10663,257,29
43.640069,18.511843,2026-08-29 13:31:11.849652736,12,10962,123,28
43.391309,20.157959,2026-08-29 13:31:12.813405440,12,10214,128,18
44.616074,17.338391,2026-08-29 13:31:13.551067904,12,5014,245,106
44.602887,17.355699,2026-08-29 13:31:13.551070208,12,12516,102,96
44.614323,17.344458,2026-08-29 13:31:13.551072256,12,12228,155,76
44.610194,17.45011,2026-08-29 13:31:14.72553728,12,7324,229,45
44.625467,17.452843,2026-08-29 13:31:14.72557568,12,7174,154,86
44.596646,17.455944,2026-08-29 13:31:14.72559104,12,6171,93,73
44.602404,17.472892,2026-08-29 13:31:14.72589824,12,11936,129,27
44.113557,19.654086,2026-08-29 13:31:15.85049856,12,3379,112,35
26.243491,-80.076409,2026-08-29 13:31:20.955563776,12,13600,258,64
42.870826,19.88515,2026-08-29 13:31:23.123986176,12,11029,184,32
44.140534,19.675586,2026-08-29 13:31:27.912529920,12,5575,140,48
44.194333,19.637879,2026-08-29 13:31:27.912550656,12,7903,136,64
44.188146,19.648587,2026-08-29 13:31:27.912541952,12,12718,133,50
44.126192,19.729786,2026-08-29 13:31:27.912524800,12,6539,240,37
32.242926,-78.095734,2026-08-29 13:31:30.386177536,12,6120,167,49
44.164146,19.700699,2026-08-29 13:31:30.747094528,12,3538,236,20
44.11753,19.656774,2026-08-29 13:31:33.138287104,12,4574,103,53
39.840086,21.215623,2026-08-29 13:31:34.606298880,12,9180,197,81
39.814569,21.324747,2026-08-29 13:31:34.606310400,12,13111,245,64
39.857126,21.228921,2026-08-29 13:31:34.606344960,12,7975,184,51
39.81504,21.267683,2026-08-29 13:31:34.606327552,12,9002,262,37
39.803734,21.24086,2026-08-29 13:31:34.658963456,12,11556,92,38
39.727376,21.359901,2026-08-29 13:31:34.658967040,12,4439,268,23
8.002236,13.419636,2026-08-29 13:31:36.27511040,12,8603,161,42
7.967901,13.511416,2026-08-29 13:31:36.56700416,12,7584,185,44
4.4035,10.7189,2026-08-29 13:31:36.541586944,12,4479,177,22
44.285977,18.635361,2026-08-29 13:31:38.497577472,12,7936,96,194
44.295848,18.634969,2026-08-29 13:31:38.497582080,12,10244,130,172
44.291803,18.629217,2026-08-29 13:31:38.497579520,12,11643,88,149
44.284319,18.649018,2026-08-29 13:31:38.497579776,12,9399,118,126
42.914544,19.746307,2026-08-29 13:31:39.332747520,12,8622,62,92
42.930107,19.776914,2026-08-29 13:31:39.332753920,12,6449,151,100
42.922584,19.771362,2026-08-29 13:31:39.332751360,12,12282,106,87
42.773519,19.979988,2026-08-29 13:31:39.332707328,12,10085,247,71
28.611996,-88.923398,2026-08-29 13:31:40.15709440,12,9683,180,34
28.616441,-88.980168,2026-08-29 13:31:40.15746304,12,13300,182,20
32.281713,-78.093376,2026-08-29 13:31:41.495508480,12,3520,260,34
43.745648,19.884768,2026-08-29 13:31:44.248645120,12,11161,108,48
35.580368,-73.456717,2026-08-29 13:31:44.273221120,12,7503,201,47
42.952862,19.728061,2026-08-29 13:31:46.300839936,12,11108,95,52
42.968555,19.733817,2026-08-29 13:31:46.300848128,12,9384,105,68
42.959089,19.718502,2026-08-29 13:31:46.431047168,12,10583,77,59
42.955469,19.737893,2026-08-29 13:31:46.431045888,12,11388,140,74
42.952288,19.715209,2026-08-29 13:31:46.566680832,12,8728,103,76
42.974158,19.754957,2026-08-29 13:31:46.566686976,12,4767,152,106
42.970416,19.735427,2026-08-29 13:31:46.566685440,12,6306,150,92
44.114231,19.670814,2026-08-29 13:31:47.527453184,12,6086,153,34
44.127902,19.676146,2026-08-29 13:31:47.527455744,12,10747,96,57
31.339225,-78.585556,2026-08-29 13:31:47.679734272,12,3920,172,55
28.520533,-85.085805,2026-08-29 13:31:47.844917760,12,11806,254,31
44.149061,19.689816,2026-08-29 13:31:47.920844288,12,5969,119,33
27.357436,-77.533148,2026-08-29 13:31:52.11053568,12,13995,236,39
44.120602,19.679414,2026-08-29 13:31:52.597358592,12,7930,82,105
44.129695,19.675528,2026-08-29 13:31:52.597361920,12,12994,107,87
44.111895,19.711142,2026-08-29 13:31:52.597357312,12,10786,142,66
44.112865,19.701673,2026-08-29 13:31:52.597360128,12,8848,143,51
39.684941,21.389073,2026-08-29 13:31:54.106556928,12,11568,146,30
39.826801,21.317548,2026-08-29 13:31:54.106606848,12,10578,261,24
27.792289,-77.880555,2026-08-29 13:31:55.119179520,12,12081,260,23
44.16026,19.701269,2026-08-29 13:31:56.561751552,12,9505,154,18
44.189438,19.697141,2026-08-29 13:31:57.270376704,12,10005,149,253
44.183077,19.695726,2026-08-29 13:31:57.270368512,12,12467,125,246
44.145717,19.672653,2026-08-29 13:32:00.424088064,12,8661,174,23
44.131115,19.676017,2026-08-29 13:32:00.497702400,12,9098,119,32
44.158768,19.646564,2026-08-29 13:32:00.552015616,12,4615,154,60
44.130328,19.673887,2026-08-29 13:32:00.552007168,12,7047,118,62
44.127409,19.704562,2026-08-29 13:32:00.560611328,12,11144,154,41
44.179913,19.679852,2026-08-29 13:32:00.560633088,12,8774,111,70
44.125017,19.813408,2026-08-29 13:32:00.560625664,12,11403,221,57
44.138167,19.726697,2026-08-29 13:32:00.560642048,12,14414,90,44
44.118077,19.730823,2026-08-29 13:32:00.560650496,12,8316,173,31
44.181705,19.702668,2026-08-29 13:32:03.133754624,12,11458,151,31
44.640335,17.4486,2026-08-29 13:32:04.422253056,12,8165,147,32
44.631211,17.497277,2026-08-29 13:32:04.422242304,12,8498,101,42
26.126328,-79.840057,2026-08-29 13:32:08.631575296,12,10274,266,47
35.662016,-74.869262,2026-08-29 13:32:09.319893504,12,9708,208,24
44.147971,19.706462,2026-08-29 13:32:09.874082048,12,11362,114,69
44.15997,19.7067,2026-08-29 13:32:09.874082560,12,6737,185,93
44.129265,19.776239,2026-08-29 13:32:09.874069504,12,9208,220,80
44.137917,19.768293,2026-08-29 13:32:09.874076672,12,8660,196,67
44.151646,19.738769,2026-08-29 13:32:09.874086144,12,5171,134,39
34.977864,-74.445953,2026-08-29 13:32:12.486850048,12,11463,187,62
26.308512,-79.856652,2026-08-29 13:32:12.519851776,12,6578,261,84
