47.279414,10.055088,2026-08-20 00:20:01.986963712,1,13445,96,47
47.272252,10.080624,2026-08-20 00:20:01.986971904,1,13675,64,33
47.267707,10.064205,2026-08-20 00:20:01.988901120,1,14635,98,31
45.375669,37.848257,2026-08-20 00:20:02.147752448,1,10199,259,236
51.326771,17.334764,2026-08-20 00:20:10.763533568,1,6424,119,203
51.330606,17.30942,2026-08-20 00:20:10.763546112,1,13806,102,192
51.33867,17.326361,2026-08-20 00:20:10.763530496,1,11400,209,179
51.34965,17.357021,2026-08-20 00:20:10.763528448,1,4303,253,165
51.265798,16.740949,2026-08-20 00:20:10.763676928,1,12608,235,138
51.290889,17.192206,2026-08-20 00:20:10.763566848,1,13601,153,125
51.286393,17.114252,2026-08-20 00:20:10.763592704,1,6398,214,112
51.34056,17.360092,2026-08-20 00:20:10.763600128,1,13243,125,73
45.895468,11.907326,2026-08-20 00:20:18.200661248,1,11486,106,19
45.674373,38.180309,2026-08-20 00:20:18.992664576,1,7570,239,108
47.844097,12.952953,2026-08-20 00:20:26.387115264,1,14870,133,38
47.798611,12.922778,2026-08-20 00:20:26.400474624,1,5507,99,25
45.902807,11.956631,2026-08-20 00:20:34.493635072,1,13256,113,88
45.77051,12.22135,2026-08-20 00:20:34.493667584,1,14846,146,75
45.931204,11.970699,2026-08-20 00:20:41.885585664,1,7656,174,19
45.944531,11.868449,2026-08-20 00:20:43.24571392,1,9626,107,48
45.927909,11.879748,2026-08-20 00:20:43.34277632,1,5738,61,49
45.938446,11.880108,2026-08-20 00:20:43.34281216,1,8725,116,121
45.930078,11.870655,2026-08-20 00:20:43.34286592,1,6110,63,100
45.901759,11.963054,2026-08-20 00:20:43.34300416,1,13544,93,83
45.904436,11.814391,2026-08-20 00:20:43.34368000,1,13187,145,49
45.898483,11.82276,2026-08-20 00:20:43.34351360,1,12291,169,36
45.925777,11.875782,2026-08-20 00:20:43.169965056,1,6486,78,32
30.483643,-87.911052,2026-08-20 00:20:50.559265280,1,10044,148,15
17.582557,10.71867,2026-08-20 00:20:50.621666048,1,5384,146,42
36.943224,-69.830587,2026-08-20 00:20:50.727559168,1,10556,219,21
51.32531,16.545553,2026-08-20 00:20:58.204826880,1,9145,96,93
51.371744,16.626963,2026-08-20 00:20:58.204805632,1,9160,117,80
51.315779,16.615323,2026-08-20 00:20:58.204789760,1,9047,239,64
51.336864,16.553644,2026-08-20 00:20:58.204808704,1,10342,222,51
51.312189,16.693328,2026-08-20 00:20:58.204758016,1,14962,125,29
51.360926,16.464426,2026-08-20 00:20:58.229125120,1,5679,111,119
45.253407,37.868485,2026-08-20 00:21:05.888872448,1,9831,251,59
45.232296,37.876863,2026-08-20 00:21:05.888872704,1,6041,259,36
45.270532,37.630425,2026-08-20 00:21:05.908785408,1,11045,248,25
47.095454,10.141225,2026-08-20 00:21:05.973276160,1,11919,120,58
47.195439,9.981964,2026-08-20 00:21:05.973240320,1,9987,138,45
47.19667,9.957597,2026-08-20 00:21:05.973235712,1,12160,152,32
51.319555,16.599447,2026-08-20 00:21:31.787007488,1,13096,118,24
51.314535,16.588445,2026-08-20 00:21:31.867264512,1,12734,101,37
51.298952,16.597629,2026-08-20 00:21:31.872150528,1,7472,183,42
51.246329,16.607317,2026-08-20 00:21:31.872166912,1,10456,258,29
51.428333,16.65963,2026-08-20 00:21:32.162867200,1,14831,131,33
36.985017,-69.842142,2026-08-20 00:21:32.213471232,1,9308,203,24
44.713041,38.101286,2026-08-20 00:21:39.937499648,1,8695,224,35
44.737219,37.786038,2026-08-20 00:21:40.131497984,1,7518,260,21
44.688679,38.066609,2026-08-20 00:21:40.131420416,1,7187,261,35
44.699776,38.07947,2026-08-20 00:21:40.235351296,1,4752,257,121
50.460957,15.845208,2026-08-20 00:21:47.845730560,1,13421,113,34
45.654892,38.228288,2026-08-20 00:21:49.68787712,1,8640,210,55
45.642966,38.220697,2026-08-20 00:21:49.68783360,1,6863,249,53
45.953952,11.910499,2026-08-20 00:22:04.56588544,1,8786,113,24
45.958859,11.880859,2026-08-20 00:22:04.95036416,1,11666,116,224
45.928021,11.917626,2026-08-20 00:22:04.95127552,1,13294,92,183
43.837885,3.914038,2026-08-20 00:22:11.112620288,1,8507,89,504
43.859209,3.902527,2026-08-20 00:22:11.112627200,1,13873,136,488
43.869634,3.908472,2026-08-20 00:22:11.112634368,1,7949,219,467
43.841455,3.892512,2026-08-20 00:22:11.112628992,1,10681,143,446
43.847947,3.885254,2026-08-20 00:22:11.112632576,1,12236,138,423
43.857546,3.895194,2026-08-20 00:22:11.112634880,1,10680,138,401
43.82688,3.869946,2026-08-20 00:22:11.112621824,1,4969,250,379
43.875341,3.896792,2026-08-20 00:22:11.112638464,1,7712,256,362
43.86204,3.910715,2026-08-20 00:22:11.112639232,1,7336,263,337
43.853268,3.900162,2026-08-20 00:22:11.112636672,1,13013,162,316
43.887,3.907695,2026-08-20 00:22:11.112647424,1,9761,201,295
43.880535,3.899158,2026-08-20 00:22:11.112643840,1,5087,261,271
43.855365,3.886598,2026-08-20 00:22:11.112634880,1,4650,262,254
43.859242,3.888362,2026-08-20 00:22:11.112637184,1,6525,156,225
43.851849,3.875323,2026-08-20 00:22:11.112641536,1,9779,156,211
50.85155,16.294137,2026-08-20 00:22:25.565176320,1,11433,62,18
47.204965,9.961401,2026-08-20 00:22:35.471154944,1,11650,97,35
45.91821,11.976588,2026-08-20 00:22:36.528958720,1,9222,74,266
45.923015,11.91558,2026-08-20 00:22:36.528962304,1,5140,132,253
45.920075,11.908824,2026-08-20 00:22:36.528961792,1,10160,80,240
45.908613,11.865697,2026-08-20 00:22:36.528968960,1,6600,112,224
45.917729,11.917375,2026-08-20 00:22:36.528960000,1,8128,105,210
45.981155,11.935503,2026-08-20 00:22:36.528993280,1,8271,240,196
45.944796,11.895268,2026-08-20 00:22:36.528985088,1,7189,160,183
45.972696,11.918781,2026-08-20 00:22:36.528997376,1,5555,215,169
45.959165,11.910319,2026-08-20 00:22:36.528994560,1,9189,226,156
45.885322,11.881609,2026-08-20 00:22:36.528969472,1,8740,227,143
45.999082,11.910629,2026-08-20 00:22:36.528998656,1,14167,188,130
45.893248,12.05628,2026-08-20 00:22:36.529005824,1,13878,188,105
45.951877,11.904446,2026-08-20 00:22:36.529048064,1,5124,141,92
45.955464,11.924197,2026-08-20 00:22:36.529046016,1,5037,170,76
45.802356,11.979403,2026-08-20 00:22:36.528999680,1,8234,241,41
47.75925,12.943597,2026-08-20 00:23:02.982983424,1,14740,99,177
45.869112,11.956948,2026-08-20 00:23:10.454981120,1,14488,110,40
45.881829,11.939434,2026-08-20 00:23:10.454993920,1,14121,75,19
50.441909,15.917415,2026-08-20 00:23:18.602494976,1,14315,81,65
50.426521,15.825343,2026-08-20 00:23:18.602611456,1,14482,119,44
50.434954,15.983946,2026-08-20 00:23:18.602581248,1,13357,132,33
50.428,15.911519,2026-08-20 00:23:18.602576896,1,12849,124,20
46.030872,11.964383,2026-08-20 00:23:18.638112512,1,14703,233,49
45.902496,11.928775,2026-08-20 00:23:18.638052608,1,11718,154,35
40.552553,-89.19384,2026-08-20 00:23:20.156335872,1,14814,136,32
45.033319,4.882123,2026-08-20 00:23:28.766987008,1,14249,74,68
45.021596,4.875019,2026-08-20 00:23:28.766992640,1,14204,112,63
45.037019,4.88347,2026-08-20 00:23:28.766993920,1,13248,103,41
45.016589,4.867572,2026-08-20 00:23:28.767062016,1,6511,266,21
42.000174,2.763376,2026-08-20 00:23:29.63360000,1,10402,174,232
42.032562,2.731913,2026-08-20 00:23:29.63362816,1,14168,202,233
42.057393,2.764508,2026-08-20 00:23:29.63394048,1,8982,203,209
41.981441,2.648866,2026-08-20 00:23:29.63424000,1,7951,222,200
42.040796,2.717821,2026-08-20 00:23:29.63448064,1,9328,194,183
42.029579,2.714595,2026-08-20 00:23:29.63445248,1,4694,201,171
9.902432,-12.918993,2026-08-20 00:23:37.245239552,1,6180,265,35
51.167693,16.663256,2026-08-20 00:23:38.579375104,1,12886,90,21
51.173521,16.662027,2026-08-20 00:23:38.599064832,1,10708,67,31
45.979794,11.908877,2026-08-20 00:23:38.763715584,1,12774,108,75
45.969644,11.847307,2026-08-20 00:23:38.763821056,1,14889,158,45
45.994706,11.911135,2026-08-20 00:23:38.763808256,1,9680,134,32
45.998744,11.897413,2026-08-20 00:23:38.763805696,1,10578,93,20
51.340002,16.451563,2026-08-20 00:23:39.16310016,1,12018,208,28
47.659539,12.64304,2026-08-20 00:23:48.663911424,1,8291,144,30
47.572048,12.55518,2026-08-20 00:23:48.904797184,1,14531,115,74
38.795964,137.251612,2026-08-20 00:20:15.111104512,2,6426,197,34
38.744763,137.269177,2026-08-20 00:20:15.156290048,2,7755,215,38
38.787041,137.276609,2026-08-20 00:20:15.156275200,2,7841,165,20
38.797392,137.262226,2026-08-20 00:20:15.178820352,2,5744,177,21
38.835167,137.244354,2026-08-20 00:20:15.291548672,2,4971,198,29
38.784198,137.272841,2026-08-20 00:20:15.296294400,2,5716,177,16
38.717903,137.267458,2026-08-20 00:20:15.372103424,2,2279,214,30
38.780575,137.247489,2026-08-20 00:20:15.480318720,2,5236,196,26
38.781823,137.262064,2026-08-20 00:20:15.975895552,2,3974,177,17
38.781319,137.267082,2026-08-20 00:20:16.123348736,2,4563,177,17
38.693036,137.284721,2026-08-20 00:20:43.85772032,2,5925,216,38
38.74085,137.279982,2026-08-20 00:20:43.85754112,2,7482,169,19
24.645486,150.510275,2026-08-20 00:20:58.579049216,2,8131,265,21
38.905913,139.211581,2026-08-20 00:21:00.518324992,2,5189,159,27
38.761511,137.467133,2026-08-20 00:21:03.3149568,2,5598,193,27
38.720997,137.261803,2026-08-20 00:21:08.829827328,2,3176,214,29
38.775087,137.349277,2026-08-20 00:21:08.829835776,2,13108,169,15
38.733384,137.249675,2026-08-20 00:21:09.9916928,2,5443,217,39
38.784064,137.25622,2026-08-20 00:21:09.9901568,2,7266,170,22
27.289632,120.410847,2026-08-20 00:21:17.370504448,2,14467,234,30
20.716356,120.563571,2026-08-20 00:21:19.720785408,2,7112,218,26
38.750607,137.33695,2026-08-20 00:21:22.927604224,2,7230,221,34
38.738543,137.353925,2026-08-20 00:21:22.927607296,2,8519,166,34
38.762915,137.334715,2026-08-20 00:21:23.10662400,2,4843,200,17
38.74321,137.322388,2026-08-20 00:21:23.91353600,2,5799,176,21
38.737617,137.327603,2026-08-20 00:21:23.382292224,2,5194,176,18
27.460597,120.676519,2026-08-20 00:21:28.942491648,2,6662,225,27
38.810419,137.3026,2026-08-20 00:21:55.91990528,2,10472,223,34
38.739513,137.315876,2026-08-20 00:22:21.149919744,2,5649,216,38
38.791133,137.322647,2026-08-20 00:22:21.149904640,2,8051,170,22
38.748833,137.33501,2026-08-20 00:22:21.204476416,2,3014,215,39
38.804618,137.321325,2026-08-20 00:22:21.204459008,2,5873,170,25
38.799161,137.300354,2026-08-20 00:22:21.273732864,2,8731,223,41
38.786975,137.319169,2026-08-20 00:22:21.273739776,2,6356,170,24
38.798388,137.36937,2026-08-20 00:22:21.350448128,2,8341,195,29
38.705859,137.31295,2026-08-20 00:22:21.577171200,2,7479,178,24
20.810518,126.686198,2026-08-20 00:22:21.716290304,2,8658,169,39
38.972569,137.820888,2026-08-20 00:22:26.579442944,2,13909,173,23
35.264852,119.362185,2026-08-20 00:22:30.775506688,2,8767,146,24
38.755548,137.339338,2026-08-20 00:22:46.549971968,2,12005,221,48
38.730881,137.369714,2026-08-20 00:22:46.549977856,2,9649,163,30
38.676612,137.32575,2026-08-20 00:22:46.601387008,2,5792,214,36
38.734471,137.33894,2026-08-20 00:22:46.601370624,2,6478,169,20
38.742378,137.316916,2026-08-20 00:22:46.622965504,2,9014,196,27
38.736884,137.322631,2026-08-20 00:22:46.650892800,2,5269,196,29
38.681398,137.336303,2026-08-20 00:22:46.684653568,2,3898,212,32
38.733149,137.344044,2026-08-20 00:22:46.684637696,2,5012,169,17
38.739646,137.314932,2026-08-20 00:22:46.822117120,2,12339,166,38
38.739696,137.32885,2026-08-20 00:22:46.822120448,2,7575,164,25
38.732232,137.309818,2026-08-20 00:22:47.8643840,2,12755,176,23
38.740499,137.324717,2026-08-20 00:22:47.63620608,2,8508,176,20
38.687501,137.334987,2026-08-20 00:22:47.105703680,2,5287,212,34
38.73603,137.337257,2026-08-20 00:22:47.105688832,2,6074,169,20
27.292911,120.618672,2026-08-20 00:22:58.91081216,2,9781,181,48
27.42089,120.287893,2026-08-20 00:22:58.91021824,2,7725,239,33
27.384109,120.396251,2026-08-20 00:22:58.173875456,2,4550,226,28
38.777346,137.460774,2026-08-20 00:22:58.637786112,2,6278,194,29
38.818707,137.427449,2026-08-20 00:22:58.721552128,2,3578,195,29
38.8105,137.523449,2026-08-20 00:22:58.721569536,2,11747,168,15
38.780617,137.425958,2026-08-20 00:22:58.804799232,2,2078,211,25
38.735817,137.443308,2026-08-20 00:22:58.963249408,2,2725,211,28
38.788227,137.438624,2026-08-20 00:22:59.51456768,2,6416,175,21
38.718133,137.447483,2026-08-20 00:22:59.200617472,2,4425,211,28
43.510822,114.523841,2026-08-20 00:23:01.349605888,2,13810,176,29
38.74464,137.379267,2026-08-20 00:23:04.644741120,2,14018,175,17
38.752448,137.349775,2026-08-20 00:23:04.721760768,2,8430,176,25
38.912897,138.860048,2026-08-20 00:23:17.229517056,2,5707,185,31
38.903555,138.903393,2026-08-20 00:23:17.229525248,2,7975,153,21
30.973727,-83.723517,2026-08-20 00:20:00.165762816,3,8615,237,49
30.759366,-83.576784,2026-08-20 00:20:00.165723392,3,12150,226,39
30.152942,-87.659562,2026-08-20 00:20:00.263560704,3,3656,253,30
30.241231,-87.625179,2026-08-20 00:20:00.403247360,3,8220,256,23
20.853529,-101.482581,2026-08-20 00:20:02.758153728,3,8729,246,52
25.277,-106.40434,2026-08-20 00:20:04.160666624,3,13216,254,27
39.663751,-93.263558,2026-08-20 00:20:04.195459328,3,7502,108,90
39.667148,-93.287745,2026-08-20 00:20:04.195460096,3,6985,169,71
39.638091,-93.279129,2026-08-20 00:20:04.195471872,3,6526,124,56
25.146543,-106.435453,2026-08-20 00:20:04.242253824,3,12444,256,21
39.66023,-93.2433,2026-08-20 00:20:04.313944832,3,2440,102,45
39.617028,-93.303577,2026-08-20 00:20:04.313962496,3,14149,124,31
39.656231,-93.269482,2026-08-20 00:20:04.388075520,3,10836,114,32
40.605153,-89.249551,2026-08-20 00:20:11.756840192,3,12103,79,25
38.734189,-110.733739,2026-08-20 00:20:11.794439680,3,14649,109,31
39.108093,-103.378921,2026-08-20 00:20:12.156584448,3,12609,129,15
29.889814,-89.569099,2026-08-20 00:20:12.677368576,3,14785,163,36
28.464512,-82.14258,2026-08-20 00:20:12.684859904,3,8008,266,31
28.566493,-82.268621,2026-08-20 00:20:12.684909824,3,5893,250,35
32.670484,-89.00526,2026-08-20 00:20:12.939772160,3,10981,110,62
32.669596,-88.995011,2026-08-20 00:20:12.939773952,3,6327,206,81
32.718078,-89.03333,2026-08-20 00:20:13.5985792,3,5988,122,25
32.518167,-88.834557,2026-08-20 00:20:13.93346304,3,5197,227,30
40.514855,-90.15395,2026-08-20 00:20:20.337137152,3,14666,97,114
40.51442,-90.212511,2026-08-20 00:20:20.337179392,3,10264,110,91
40.477067,-90.147978,2026-08-20 00:20:20.337190144,3,13863,149,83
40.428576,-90.143958,2026-08-20 00:20:20.337202176,3,9155,155,68
40.496014,-90.245681,2026-08-20 00:20:20.337174784,3,9529,169,55
40.450498,-90.073137,2026-08-20 00:20:20.337219584,3,14680,99,39
30.704497,-83.594772,2026-08-20 00:20:21.70054400,3,3421,169,52
30.714185,-83.637797,2026-08-20 00:20:21.70089984,3,6076,229,33
30.709986,-83.598976,2026-08-20 00:20:21.149002496,3,5040,169,14
30.791491,-83.621741,2026-08-20 00:20:21.149069568,3,12022,230,32
30.710244,-83.599037,2026-08-20 00:20:21.223133696,3,5690,173,29
30.810403,-83.637543,2026-08-20 00:20:21.223201536,3,7416,233,16
30.691682,-83.645281,2026-08-20 00:20:21.336859648,3,5113,207,23
30.716823,-83.639758,2026-08-20 00:20:21.336898560,3,6472,229,33
25.777402,-105.241332,2026-08-20 00:20:23.78236160,3,8910,179,29
31.291006,-87.289097,2026-08-20 00:20:24.67025152,3,4486,208,26
34.003942,-109.7053,2026-08-20 00:20:24.84950016,3,5340,137,53
34.081514,-109.748998,2026-08-20 00:20:24.85001472,3,8501,252,31
34.023018,-109.833828,2026-08-20 00:20:24.310190336,3,7756,68,25
38.367936,-105.330942,2026-08-20 00:20:26.656087040,3,6653,79,70
38.348475,-105.227148,2026-08-20 00:20:26.656116992,3,8100,95,64
38.342049,-105.275155,2026-08-20 00:20:26.656107264,3,6290,138,51
40.854599,-89.189491,2026-08-20 00:20:26.748984320,3,11909,70,17
28.352234,-82.155405,2026-08-20 00:20:28.124283136,3,8259,248,27
32.381824,-87.774306,2026-08-20 00:20:35.402648064,3,11182,190,36
32.377821,-87.80349,2026-08-20 00:20:35.402685440,3,9167,180,20
30.917541,-86.595864,2026-08-20 00:20:36.599604224,3,13850,197,21
26.451622,-77.182418,2026-08-20 00:20:36.786526208,3,5214,243,33
30.468266,-88.017956,2026-08-20 00:20:37.941254912,3,7111,218,37
30.457849,-88.040913,2026-08-20 00:20:37.941290752,3,9348,197,28
31.359815,-112.167266,2026-08-20 00:20:38.171386368,3,12092,136,17
31.248287,-112.262079,2026-08-20 00:20:38.171391744,3,6427,218,50
31.305129,-112.274634,2026-08-20 00:20:38.393582592,3,13934,176,28
31.927722,-87.203518,2026-08-20 00:20:40.485502976,3,6312,200,16
39.978137,-92.698493,2026-08-20 00:20:41.259842304,3,7934,109,28
38.718508,-110.719626,2026-08-20 00:20:42.781930752,3,14113,103,31
38.72136,-110.873891,2026-08-20 00:20:42.781920512,3,11742,182,19
32.457911,-89.153529,2026-08-20 00:20:50.256828416,3,11537,235,66
32.431227,-89.153918,2026-08-20 00:20:50.256836864,3,14731,237,52
32.503326,-89.148279,2026-08-20 00:20:50.256851712,3,10732,212,44
32.423923,-89.1605,2026-08-20 00:20:50.388276224,3,4981,183,52
32.377913,-89.123283,2026-08-20 00:20:50.388271104,3,3022,232,42
30.530659,-87.946766,2026-08-20 00:20:50.559280384,3,3385,215,46
30.463749,-87.893353,2026-08-20 00:20:50.559261952,3,1878,221,67
35.079511,-109.36147,2026-08-20 00:20:57.984476160,3,12176,87,20
35.260375,-109.335897,2026-08-20 00:20:57.984526848,3,8473,241,22
35.105374,-109.425661,2026-08-20 00:20:57.998166016,3,12134,103,46
35.143619,-109.381318,2026-08-20 00:20:57.998184448,3,14837,153,32
31.219301,-89.121454,2026-08-20 00:20:58.747938560,3,7569,210,24
30.376456,-82.503455,2026-08-20 00:20:59.414355712,3,6824,234,31
30.208223,-82.418719,2026-08-20 00:20:59.414321152,3,6288,235,20
30.576565,-86.729875,2026-08-20 00:20:59.608386816,3,5116,255,28
30.067515,-82.454573,2026-08-20 00:20:59.668840192,3,11300,116,22
32.63686,-108.953829,2026-08-20 00:20:59.705077504,3,11180,115,37
30.471955,-82.251826,2026-08-20 00:21:07.614116608,3,11844,241,21
33.998962,-109.765613,2026-08-20 00:21:08.281165056,3,12584,74,47
34.003433,-109.759061,2026-08-20 00:21:08.281177344,3,6431,161,35
30.558236,-83.57641,2026-08-20 00:21:09.31155712,3,4549,187,76
30.575591,-83.629364,2026-08-20 00:21:09.31197184,3,9294,231,56
30.654348,-83.617032,2026-08-20 00:21:09.114152704,3,12771,231,20
32.627923,-88.936391,2026-08-20 00:21:09.338551040,3,4433,207,52
32.664216,-89.004806,2026-08-20 00:21:09.338571776,3,13506,198,44
32.703036,-89.049023,2026-08-20 00:21:09.338598400,3,7647,99,31
31.837821,-87.220112,2026-08-20 00:21:11.349681920,3,13728,130,49
31.804813,-87.231406,2026-08-20 00:21:11.349702912,3,9389,187,34
30.449016,-87.869644,2026-08-20 00:21:12.582695936,3,9741,199,79
30.480434,-87.847387,2026-08-20 00:21:12.582706432,3,5289,186,61
30.443266,-87.891875,2026-08-20 00:21:12.582725376,3,7742,191,47
30.575393,-87.869617,2026-08-20 00:21:12.582771968,3,5848,255,35
30.461456,-87.868016,2026-08-20 00:21:12.713437696,3,3173,216,70
30.461829,-87.867687,2026-08-20 00:21:12.713436160,3,7143,219,59
30.550848,-87.855542,2026-08-20 00:21:12.713502208,3,6921,255,33
31.568484,-87.784276,2026-08-20 00:21:20.437324544,3,8407,210,44
31.719342,-87.822361,2026-08-20 00:21:20.437419264,3,13277,249,35
33.446572,-107.432353,2026-08-20 00:21:20.531105024,3,9773,106,28
32.415993,-87.827114,2026-08-20 00:21:21.468517632,3,2144,201,54
32.353432,-87.768488,2026-08-20 00:21:21.468504832,3,3027,127,44
32.484458,-87.805985,2026-08-20 00:21:21.468588032,3,6668,245,30
30.854539,-83.623645,2026-08-20 00:21:21.621579776,3,9129,233,32
30.681208,-83.531248,2026-08-20 00:21:21.621541376,3,8769,231,18
30.572744,-83.544489,2026-08-20 00:21:21.743968512,3,7398,182,59
28.573502,-82.557041,2026-08-20 00:21:21.902397440,3,12242,260,67
30.581684,-83.544217,2026-08-20 00:21:22.99987968,3,2507,189,66
30.81131,-83.765919,2026-08-20 00:21:22.100080640,3,13864,233,52
31.645946,-86.791171,2026-08-20 00:21:29.176141056,3,6444,215,28
31.769554,-87.441727,2026-08-20 00:21:29.240574208,3,6129,210,56
31.454693,-87.132332,2026-08-20 00:21:29.240492032,3,9239,251,42
31.84046,-87.44583,2026-08-20 00:21:29.240634880,3,13739,231,29
31.744881,-87.437468,2026-08-20 00:21:29.304891392,3,8913,199,41
31.729676,-87.448933,2026-08-20 00:21:29.304935424,3,12995,190,22
31.758955,-87.433624,2026-08-20 00:21:29.409182720,3,10583,201,22
34.068003,-109.762819,2026-08-20 00:21:29.625085952,3,13182,107,31
31.747415,-87.415679,2026-08-20 00:21:29.632097792,3,6333,202,24
31.488878,-87.152678,2026-08-20 00:21:29.632027904,3,6818,246,23
31.75329,-87.431821,2026-08-20 00:21:29.722257664,3,9857,199,21
31.753489,-87.440389,2026-08-20 00:21:29.722290688,3,11294,190,18
31.722604,-87.396249,2026-08-20 00:21:29.975005440,3,7379,126,51
31.846771,-87.420842,2026-08-20 00:21:29.975088384,3,4922,249,34
31.816396,-87.434953,2026-08-20 00:21:29.975073536,3,14104,231,21
31.542148,-87.206854,2026-08-20 00:21:29.998976000,3,5354,242,37
31.760235,-87.45882,2026-08-20 00:21:29.999068928,3,4901,190,24
39.985422,-92.688769,2026-08-20 00:21:30.27532544,3,9813,62,61
39.954975,-92.701409,2026-08-20 00:21:30.27572480,3,10399,118,42
33.895292,-109.554251,2026-08-20 00:21:30.494225664,3,13800,147,66
29.508369,-82.390297,2026-08-20 00:21:31.87389952,3,4632,178,31
29.57034,-82.418445,2026-08-20 00:21:31.87450624,3,4705,240,33
31.828819,-87.033634,2026-08-20 00:21:39.906344192,3,9436,220,21
32.31742,-89.073236,2026-08-20 00:21:40.573593856,3,6953,208,48
32.466425,-89.158461,2026-08-20 00:21:40.573665792,3,9553,176,37
32.415133,-89.131196,2026-08-20 00:21:40.573656064,3,6962,249,23
31.447701,-86.568585,2026-08-20 00:21:41.726027264,3,7535,210,42
31.959008,-86.489368,2026-08-20 00:21:41.726246400,3,11292,258,22
38.771394,-101.187391,2026-08-20 00:21:41.808628480,3,12291,110,89
38.805969,-101.194391,2026-08-20 00:21:41.808639232,3,2892,129,70
38.809728,-101.176942,2026-08-20 00:21:41.808642560,3,11127,117,55
38.787932,-101.193596,2026-08-20 00:21:41.808677632,3,9230,179,37
30.568167,-83.563354,2026-08-20 00:21:41.850714368,3,13574,121,89
30.621008,-83.569837,2026-08-20 00:21:41.850726400,3,11790,236,74
32.691428,-108.901464,2026-08-20 00:21:41.874861312,3,14817,103,36
30.562795,-83.569664,2026-08-20 00:21:41.891084800,3,3872,170,42
34.0456,-109.740909,2026-08-20 00:21:49.619345152,3,8817,132,25
28.245093,-82.113994,2026-08-20 00:21:49.682118656,3,6939,190,42
28.355818,-82.173001,2026-08-20 00:21:49.682191104,3,4628,248,30
28.305036,-82.159183,2026-08-20 00:21:49.682175232,3,7922,221,18
28.244146,-82.124123,2026-08-20 00:21:49.747856896,3,4387,208,47
28.263279,-82.1728,2026-08-20 00:21:49.747900928,3,5894,249,36
28.286591,-82.144418,2026-08-20 00:21:49.747911168,3,6871,221,21
36.35761,-105.376284,2026-08-20 00:21:50.64551936,3,13103,102,42
36.464816,-105.380656,2026-08-20 00:21:50.64619008,3,10621,191,44
34.024301,-109.750056,2026-08-20 00:21:50.260312576,3,6817,107,34
34.098106,-109.700556,2026-08-20 00:21:50.260332800,3,9528,256,20
32.027514,-87.346238,2026-08-20 00:21:51.116978432,3,12581,208,22
31.94962,-87.373268,2026-08-20 00:21:51.139409152,3,4365,234,57
31.948132,-87.290001,2026-08-20 00:21:51.139418368,3,3857,241,48
32.076155,-87.340108,2026-08-20 00:21:51.139499264,3,4975,248,32
40.201958,-90.219712,2026-08-20 00:21:51.799253760,3,9655,72,17
33.730829,-109.588057,2026-08-20 00:21:52.523999488,3,13033,150,29
39.91664,-92.628669,2026-08-20 00:21:52.533840896,3,10385,137,16
31.792876,-89.391225,2026-08-20 00:21:52.709028352,3,4396,191,23
40.045654,-92.734274,2026-08-20 00:21:54.697718272,3,7945,165,23
40.043835,-92.817137,2026-08-20 00:21:54.756734976,3,7307,73,21
39.986188,-92.757963,2026-08-20 00:21:54.787837184,3,8283,91,26
39.99832,-92.770897,2026-08-20 00:21:54.823497216,3,6931,120,53
40.016316,-92.759723,2026-08-20 00:21:54.823597056,3,13864,143,34
15.227879,-107.520264,2026-08-20 00:21:56.960192000,3,6108,269,49
28.46357,-82.035197,2026-08-20 00:21:58.131714816,3,14753,206,28
28.349791,-82.053181,2026-08-20 00:21:58.208278528,3,11411,126,19
30.507331,-88.049391,2026-08-20 00:21:58.234416128,3,4719,222,30
28.372248,-82.050998,2026-08-20 00:21:58.472508928,3,6241,161,28
31.130507,-111.031033,2026-08-20 00:22:06.141156096,3,14584,206,27
33.978417,-109.756768,2026-08-20 00:22:06.467388160,3,7322,166,57
33.907885,-109.787683,2026-08-20 00:22:06.467376384,3,14190,186,44
34.036824,-109.757001,2026-08-20 00:22:06.467416064,3,6208,229,29
33.998577,-109.837959,2026-08-20 00:22:06.704482560,3,8885,97,30
34.022216,-109.757548,2026-08-20 00:22:06.704505344,3,14362,195,16
32.705704,-89.019707,2026-08-20 00:22:07.99449088,3,9627,161,28
57.068482,-106.209439,2026-08-20 00:22:08.335111680,3,9360,127,39
57.027466,-106.065187,2026-08-20 00:22:08.335140352,3,3946,196,26
32.666612,-108.95274,2026-08-20 00:22:08.682379520,3,12008,127,31
33.895027,-109.551902,2026-08-20 00:22:08.913565696,3,10198,147,53
38.345466,-105.253725,2026-08-20 00:22:08.973168640,3,14885,103,37
38.33891,-105.288999,2026-08-20 00:22:08.973176064,3,6460,196,24
33.800479,-109.63717,2026-08-20 00:22:08.987715328,3,14246,111,26
39.891396,-92.691523,2026-08-20 00:22:16.126304256,3,8255,195,16
33.330206,-109.922274,2026-08-20 00:22:17.141200384,3,6852,88,51
33.431422,-109.878234,2026-08-20 00:22:17.141239808,3,3422,193,39
33.491635,-109.919897,2026-08-20 00:22:17.141268992,3,6945,260,26
33.37408,-109.977588,2026-08-20 00:22:17.194562560,3,14664,114,23
33.326425,-109.978217,2026-08-20 00:22:17.248027904,3,10256,88,29
33.422631,-109.90449,2026-08-20 00:22:17.248043008,3,12867,217,16
33.402649,-109.976,2026-08-20 00:22:17.327132928,3,11338,156,27
29.492771,-82.411959,2026-08-20 00:22:18.480077568,3,9303,180,16
29.566935,-82.424132,2026-08-20 00:22:18.480141312,3,10857,240,27
30.682561,-83.512088,2026-08-20 00:22:19.75568896,3,6385,229,44
30.670289,-83.517646,2026-08-20 00:22:19.75603712,3,7037,229,29
30.673815,-83.502855,2026-08-20 00:22:19.142800128,3,7318,227,39
30.015495,-82.556888,2026-08-20 00:22:19.775702784,3,14714,179,25
32.105919,-87.50266,2026-08-20 00:22:21.531494400,3,5531,237,21
32.668695,-88.989596,2026-08-20 00:22:23.466068992,3,10296,126,44
32.759568,-89.00156,2026-08-20 00:22:23.466141952,3,11976,243,23
32.642524,-88.974091,2026-08-20 00:22:23.484928512,3,5137,208,31
32.618534,-88.971344,2026-08-20 00:22:23.540289024,3,4174,200,29
32.678274,-88.955348,2026-08-20 00:22:23.612232448,3,4424,203,41
32.682568,-89.057563,2026-08-20 00:22:23.612263936,3,3574,207,28
39.591874,-93.103362,2026-08-20 00:22:24.77628416,3,4673,105,38
39.576851,-93.12472,2026-08-20 00:22:24.77676800,3,7873,116,24
39.582044,-93.112991,2026-08-20 00:22:24.120301568,3,6507,78,44
39.570451,-93.153227,2026-08-20 00:22:24.120348672,3,13726,116,26
39.597808,-93.098925,2026-08-20 00:22:24.201661440,3,5240,175,57
39.595049,-93.128354,2026-08-20 00:22:24.201658624,3,9024,121,41
39.591853,-93.100823,2026-08-20 00:22:24.275656192,3,2986,175,36
39.59578,-93.110415,2026-08-20 00:22:24.346274048,3,5907,202,31
39.600486,-93.109011,2026-08-20 00:22:24.416739072,3,6555,201,30
39.601392,-93.10403,2026-08-20 00:22:24.530896896,3,4874,175,20
39.591345,-93.127261,2026-08-20 00:22:24.530895360,3,10960,121,46
39.570507,-93.141105,2026-08-20 00:22:24.530932736,3,13775,237,27
39.60115,-93.104674,2026-08-20 00:22:24.832981504,3,4829,201,25
32.365964,-87.799306,2026-08-20 00:22:33.77749504,3,11941,115,26
31.419817,-87.86952,2026-08-20 00:22:34.144463360,3,13071,213,31
39.784727,-92.971563,2026-08-20 00:22:36.766727168,3,13698,142,32
31.611155,-86.704491,2026-08-20 00:22:38.182782720,3,11964,207,30
31.633742,-86.704073,2026-08-20 00:22:38.182827008,3,7627,221,17
31.618207,-86.712924,2026-08-20 00:22:38.325775360,3,10375,205,27
31.588516,-86.692786,2026-08-20 00:22:38.667951616,3,8212,206,41
31.592109,-86.704917,2026-08-20 00:22:38.667984896,3,12436,189,29
29.791665,-82.594734,2026-08-20 00:22:38.723207168,3,12671,240,31
29.572638,-82.421451,2026-08-20 00:22:38.723142656,3,9524,241,19
30.525276,-87.923702,2026-08-20 00:22:38.847491328,3,10575,213,45
30.524767,-87.964908,2026-08-20 00:22:38.847525888,3,4657,190,30
30.536658,-87.865207,2026-08-20 00:22:38.949022976,3,4189,216,47
30.264921,-87.636987,2026-08-20 00:22:38.948941056,3,6373,257,47
41.125911,-93.429987,2026-08-20 00:22:39.789419520,3,4455,81,31
40.007762,-92.756497,2026-08-20 00:22:40.167756032,3,12930,120,43
40.166086,-92.605453,2026-08-20 00:22:40.167815936,3,14357,169,24
35.152107,-109.373497,2026-08-20 00:22:40.242514688,3,12886,173,26
32.664829,-108.938028,2026-08-20 00:22:40.283001600,3,13097,115,30
32.660768,-108.934714,2026-08-20 00:22:40.342106624,3,13050,127,23
32.650613,-89.034457,2026-08-20 00:22:40.704539136,3,9396,172,17
32.595644,-88.960078,2026-08-20 00:22:40.781010176,3,5592,200,46
32.722798,-89.018155,2026-08-20 00:22:40.781076480,3,10884,173,31
32.485486,-88.857755,2026-08-20 00:22:41.113197056,3,6587,220,25
30.106555,-82.320869,2026-08-20 00:22:41.762870528,3,10436,191,33
30.243872,-82.110976,2026-08-20 00:22:41.762943744,3,4292,237,20
40.059755,-92.796431,2026-08-20 00:22:43.205143040,3,3863,252,26
40.038623,-92.807168,2026-08-20 00:22:43.515895808,3,5585,104,48
39.97126,-92.849782,2026-08-20 00:22:43.515925760,3,12735,113,26
39.915279,-92.656385,2026-08-20 00:22:43.561598976,3,5685,109,27
33.50159,-107.261544,2026-08-20 00:22:43.769644032,3,13024,140,48
33.476025,-107.34436,2026-08-20 00:22:43.769665536,3,8821,172,37
33.6123,-107.246727,2026-08-20 00:22:43.769717248,3,9661,250,24
36.386991,-106.737795,2026-08-20 00:22:51.966897920,3,12577,116,43
30.105446,-82.319231,2026-08-20 00:22:53.629085440,3,12021,116,38
30.150388,-82.340534,2026-08-20 00:22:53.629141760,3,4751,236,26
32.602468,-108.910719,2026-08-20 00:22:53.666482176,3,13333,104,28
30.263657,-82.346236,2026-08-20 00:22:53.820375552,3,11632,237,32
31.754784,-87.421847,2026-08-20 00:22:54.520304384,3,6404,200,52
31.818247,-87.441995,2026-08-20 00:22:54.520366848,3,4482,192,34
31.779605,-87.457954,2026-08-20 00:22:54.581246464,3,4666,201,26
31.893984,-87.569238,2026-08-20 00:22:54.661341696,3,10318,208,29
31.768047,-87.431843,2026-08-20 00:22:54.783354624,3,4185,201,29
31.704671,-87.476216,2026-08-20 00:22:54.783372544,3,8031,215,16
31.771317,-87.441651,2026-08-20 00:22:54.874630912,3,8584,200,39
31.793991,-87.455976,2026-08-20 00:22:54.950887936,3,8389,209,35
34.013526,-109.761838,2026-08-20 00:22:55.58295808,3,4410,167,59
33.985948,-109.814149,2026-08-20 00:23:02.66597376,3,12176,80,29
34.053472,-109.739087,2026-08-20 00:23:02.114704384,3,10756,144,28
32.282885,-89.345732,2026-08-20 00:23:02.160389120,3,6459,201,28
32.310918,-89.368683,2026-08-20 00:23:02.160395008,3,7212,107,48
32.43696,-89.395638,2026-08-20 00:23:02.160475648,3,6250,245,36
32.447405,-89.372742,2026-08-20 00:23:02.160479744,3,7920,243,24
34.023869,-109.830816,2026-08-20 00:23:02.176646656,3,5526,96,33
34.017432,-109.769784,2026-08-20 00:23:02.176665600,3,6319,184,23
33.969926,-109.764957,2026-08-20 00:23:02.294876160,3,12970,85,34
34.010567,-109.831136,2026-08-20 00:23:02.294867712,3,10649,184,18
40.528859,-89.902467,2026-08-20 00:23:09.674785792,3,6278,101,14
32.675217,-108.991215,2026-08-20 00:23:10.689075968,3,13537,61,32
32.747899,-108.945447,2026-08-20 00:23:10.757040128,3,11454,103,41
32.62201,-108.966426,2026-08-20 00:23:10.757043968,3,4501,197,27
32.656831,-108.945914,2026-08-20 00:23:10.931612672,3,9215,104,38
32.712534,-108.986177,2026-08-20 00:23:10.931629312,3,6218,196,26
31.041871,-88.833203,2026-08-20 00:23:11.258182912,3,5684,235,24
31.04944,-88.840379,2026-08-20 00:23:11.555882240,3,5018,237,35
34.64544,-109.665394,2026-08-20 00:23:11.894911488,3,6487,109,31
34.71125,-109.61449,2026-08-20 00:23:11.894923776,3,12876,179,15
33.310458,-110.057143,2026-08-20 00:23:11.947975936,3,13363,112,40
40.670337,-89.360156,2026-08-20 00:23:19.639033600,3,13920,67,20
40.580027,-89.168251,2026-08-20 00:23:20.156327936,3,10721,74,77
40.566576,-89.25945,2026-08-20 00:23:20.156315136,3,8382,193,76
40.574707,-89.205503,2026-08-20 00:23:20.156332032,3,5196,123,56
40.567479,-89.215332,2026-08-20 00:23:20.156338176,3,6934,132,39
40.579717,-89.171562,2026-08-20 00:23:20.203872768,3,6576,115,21
40.557817,-89.201227,2026-08-20 00:23:20.203918336,3,14232,97,26
40.575156,-89.180015,2026-08-20 00:23:20.275756032,3,6400,74,28
40.567305,-89.221146,2026-08-20 00:23:20.275754240,3,10627,135,42
40.574794,-89.211976,2026-08-20 00:23:20.275794432,3,12650,125,29
40.091533,-92.619117,2026-08-20 00:23:20.369351936,3,8957,157,22
40.033138,-92.621311,2026-08-20 00:23:20.369365760,3,5910,198,100
40.0649,-92.650969,2026-08-20 00:23:20.369364224,3,8208,120,84
40.083144,-92.664301,2026-08-20 00:23:20.369359616,3,9977,243,64
40.085571,-92.625165,2026-08-20 00:23:20.412718848,3,4721,131,18
33.393292,-109.796858,2026-08-20 00:23:28.454376192,3,13274,117,25
40.091891,-85.533158,2026-08-20 00:23:29.301531136,3,14030,138,28
40.092613,-85.548064,2026-08-20 00:23:29.340537856,3,14520,79,13
49.63534,-58.951196,2026-08-20 00:23:29.764840192,3,9342,222,54
30.164339,-82.393017,2026-08-20 00:23:37.316525056,3,3607,237,46
30.159139,-82.467034,2026-08-20 00:23:37.316545792,3,6387,236,33
31.811518,-87.233233,2026-08-20 00:23:37.439090688,3,5986,201,27
32.609136,-107.978519,2026-08-20 00:23:39.382575104,3,10284,171,30
33.81754,-109.546137,2026-08-20 00:23:40.437484800,3,10932,148,34
33.942902,-109.709178,2026-08-20 00:23:42.273846272,3,14474,102,24
39.614326,-93.099101,2026-08-20 00:23:42.634139904,3,12470,250,17
28.5879,-82.241099,2026-08-20 00:23:42.910854656,3,12597,251,25
35.097828,-71.379891,2026-08-20 00:23:43.668376320,3,10744,252,94
35.145535,-71.42834,2026-08-20 00:23:43.668396032,3,3043,263,84
35.125437,-71.398637,2026-08-20 00:23:43.668390400,3,3996,262,71
35.120296,-71.417241,2026-08-20 00:23:43.668392192,3,11954,245,57
35.304409,-71.579377,2026-08-20 00:23:43.668477952,3,10904,234,48
32.343149,-87.766031,2026-08-20 00:23:46.479095296,3,10864,116,18
32.17121,-87.584416,2026-08-20 00:23:46.631413504,3,11655,236,24
40.185526,-90.21818,2026-08-20 00:23:47.258486272,3,6202,108,21
29.996088,-82.585877,2026-08-20 00:23:47.955277312,3,12077,177,20
28.219723,-81.675998,2026-08-20 00:23:48.226161920,3,9537,164,21
14.653928,-99.266843,2026-08-20 00:23:49.89392896,3,13440,268,56
37.461052,-65.650048,2026-08-20 00:23:49.203169024,3,8104,264,42
33.57227,-104.030494,2026-08-20 00:23:49.409962496,3,6324,207,26
30.47433,-87.995263,2026-08-20 00:23:57.540064512,3,6694,217,55
30.311173,-87.922475,2026-08-20 00:23:57.540037632,3,8349,221,38
45.294883,38.071316,2026-08-20 00:20:02.147761664,4,13714,219,25
43.838859,3.847697,2026-08-20 00:20:13.838395136,4,14673,159,38
38.736148,137.274312,2026-08-20 00:20:15.111127040,4,4535,215,37
38.789388,137.272612,2026-08-20 00:20:15.111107840,4,6239,170,21
38.744736,137.269195,2026-08-20 00:20:15.156290048,4,7755,215,39
38.787048,137.276615,2026-08-20 00:20:15.156275200,4,7841,165,20
38.787342,137.27023,2026-08-20 00:20:15.178824704,4,2865,177,22
38.832336,137.230586,2026-08-20 00:20:15.291549440,4,3248,201,29
38.7842,137.27772,2026-08-20 00:20:15.296296960,4,5288,177,16
38.78057,137.255543,2026-08-20 00:20:15.372080128,4,2884,197,31
38.778891,137.254883,2026-08-20 00:20:15.480319488,4,4054,197,27
38.781828,137.270718,2026-08-20 00:20:15.975897600,4,3217,177,19
38.78132,137.267067,2026-08-20 00:20:16.123348736,4,4563,177,18
42.897431,2.40277,2026-08-20 00:20:26.858652928,4,10506,213,38
43.036304,2.422628,2026-08-20 00:20:26.858680320,4,9432,264,38
38.691693,137.281066,2026-08-20 00:20:43.85772544,4,4112,216,40
38.740567,137.27992,2026-08-20 00:20:43.85753600,4,7671,169,24
51.301131,16.664751,2026-08-20 00:20:58.744756224,4,6989,84,35
38.782695,137.240237,2026-08-20 00:21:08.829808128,4,6816,222,32
38.733384,137.249675,2026-08-20 00:21:09.9916928,4,5443,217,41
38.781801,137.255722,2026-08-20 00:21:09.9897984,4,8369,170,24
27.325305,120.256526,2026-08-20 00:21:17.370477568,4,14614,228,25
20.716011,120.563226,2026-08-20 00:21:19.720785664,4,7113,218,30
20.722605,120.456101,2026-08-20 00:21:19.839903744,4,7538,195,21
38.753515,137.331968,2026-08-20 00:21:22.927602944,4,6824,221,53
38.738543,137.353925,2026-08-20 00:21:22.927612672,4,8519,166,36
38.762918,137.334715,2026-08-20 00:21:23.10662400,4,4843,200,18
38.743207,137.322389,2026-08-20 00:21:23.91353600,4,5799,176,23
38.750479,137.344742,2026-08-20 00:21:23.103955456,4,8017,171,15
38.745439,137.329879,2026-08-20 00:21:23.315451136,4,6203,176,15
50.373054,15.926605,2026-08-20 00:21:34.746671104,4,5793,72,34
50.384311,15.90505,2026-08-20 00:21:34.909647872,4,9603,76,29
44.107111,2.752624,2026-08-20 00:21:49.832997376,4,9748,252,31
38.810419,137.3026,2026-08-20 00:21:55.91990528,4,10472,223,34
50.452183,15.906234,2026-08-20 00:22:08.918956288,4,8169,75,41
43.787127,3.840867,2026-08-20 00:22:11.112607488,4,7334,250,45
43.849718,3.889437,2026-08-20 00:22:11.112690688,4,9535,240,32
38.799714,137.302903,2026-08-20 00:22:21.149897472,4,8312,223,39
38.791128,137.322645,2026-08-20 00:22:21.149899776,4,8051,170,20
38.750177,137.324229,2026-08-20 00:22:21.204475904,4,3138,216,42
38.804618,137.321325,2026-08-20 00:22:21.204459008,4,5873,170,28
38.7394,137.306604,2026-08-20 00:22:21.273755136,4,4118,216,42
38.792332,137.288604,2026-08-20 00:22:21.273738240,4,5500,196,28
38.804732,137.362675,2026-08-20 00:22:21.350445824,4,5812,196,30
38.706105,137.306077,2026-08-20 00:22:21.577171200,4,6287,178,25
20.810518,126.686203,2026-08-20 00:22:21.716290304,4,8658,169,40
38.972569,137.820888,2026-08-20 00:22:26.579442944,4,13909,173,25
51.015463,16.218864,2026-08-20 00:22:43.245899264,4,12786,83,41
38.741302,137.322677,2026-08-20 00:22:46.549977088,4,3790,224,50
38.738272,137.342665,2026-08-20 00:22:46.549981952,4,11463,175,36
38.809681,137.260495,2026-08-20 00:22:46.549982464,4,13072,165,17
38.685422,137.33197,2026-08-20 00:22:46.601383680,4,3798,214,37
38.738682,137.325792,2026-08-20 00:22:46.601365504,4,5100,169,23
38.675816,137.33904,2026-08-20 00:22:46.622990336,4,5080,212,30
38.730892,137.345261,2026-08-20 00:22:46.622970880,4,6214,169,16
38.74148,137.319138,2026-08-20 00:22:46.650891008,4,5065,196,30
38.737149,137.323906,2026-08-20 00:22:46.684632832,4,4382,196,34
38.737756,137.319746,2026-08-20 00:22:46.822117888,4,5238,199,38
38.740218,137.341512,2026-08-20 00:22:46.822124288,4,3850,165,28
38.737961,137.301794,2026-08-20 00:22:47.8644352,4,5163,197,27
38.740531,137.324722,2026-08-20 00:22:47.63620608,4,8510,176,21
38.685807,137.329367,2026-08-20 00:22:47.105701120,4,2942,213,35
38.736101,137.337136,2026-08-20 00:22:47.105691648,4,6092,169,22
45.985536,11.852638,2026-08-20 00:22:50.720198144,4,12280,120,26
27.292898,120.618539,2026-08-20 00:22:58.91081216,4,9783,181,49
47.272451,10.095963,2026-08-20 00:22:58.132939520,4,10240,108,26
43.768035,3.64653,2026-08-20 00:23:13.603793152,4,12162,270,22
38.918412,138.874624,2026-08-20 00:23:17.229520640,4,7301,193,38
38.908826,138.887385,2026-08-20 00:23:17.229520896,4,6184,154,22
47.77115,43.003875,2026-08-20 00:23:24.871042304,4,14116,187,18
43.039232,1.893622,2026-08-20 00:23:41.327918336,4,12213,266,34
50.439998,15.944147,2026-08-20 00:23:42.426521088,4,13989,63,34
46.000226,38.444912,2026-08-20 00:23:44.584045824,4,12510,224,18
47.268394,10.128257,2026-08-20 00:23:49.121670912,4,7906,108,45
47.254876,10.112189,2026-08-20 00:23:49.148266240,4,9033,74,29
47.259927,10.106388,2026-08-20 00:23:49.178342912,4,9583,108,29
29.867832,-89.551475,2026-08-20 00:20:12.677367296,7,14624,154,12
28.260734,-82.128727,2026-08-20 00:20:12.684791040,7,9004,160,17
28.518615,-82.248724,2026-08-20 00:20:12.684894464,7,13033,247,12
26.588678,-77.305848,2026-08-20 00:20:36.786567424,7,9288,239,13
27.92376,-82.39948,2026-08-20 00:21:21.902174976,7,4923,218,22
28.208214,-82.226502,2026-08-20 00:21:21.902297600,7,6406,222,15
24.055748,-78.798592,2026-08-20 00:21:30.974386944,7,5885,198,15
29.414606,-82.563392,2026-08-20 00:21:31.87389440,7,13129,183,17
28.350988,-82.071961,2026-08-20 00:21:58.472503040,7,6419,160,14
11.168366,-93.321244,2026-08-20 00:22:20.525056,7,10187,256,17
28.465576,-81.99797,2026-08-20 00:22:27.721211648,7,12526,221,14
28.355516,-82.116777,2026-08-20 00:22:29.436883200,7,9202,177,10
28.291623,-82.090142,2026-08-20 00:22:29.565549568,7,8464,153,14
28.085571,-82.16762,2026-08-20 00:22:31.588357632,7,7438,114,18
28.361503,-81.489584,2026-08-20 00:22:53.55158528,7,14197,107,9
8.924916,-80.481096,2026-08-20 00:23:35.551514112,7,10159,215,13
24.009197,-78.915989,2026-08-20 00:23:57.816011264,7,8924,197,16
12.386636,-12.694834,2026-08-20 00:22:47.342350080,5,4005,240,14
9.791637,-13.136719,2026-08-20 00:23:37.245172480,5,5784,248,15
38.73613,137.274327,2026-08-20 00:20:15.111127296,9,4535,215,36
38.789338,137.272546,2026-08-20 00:20:15.111107840,9,6239,170,20
38.744763,137.269177,2026-08-20 00:20:15.156290048,9,7755,215,39
38.787041,137.276609,2026-08-20 00:20:15.156275200,9,7841,165,20
38.797392,137.262226,2026-08-20 00:20:15.178820352,9,5744,177,22
38.835167,137.244354,2026-08-20 00:20:15.291548672,9,4971,198,29
38.818753,137.276238,2026-08-20 00:20:15.291558656,9,8186,170,13
38.783239,137.259066,2026-08-20 00:20:15.296294400,9,3677,197,14
38.780588,137.255538,2026-08-20 00:20:15.372078592,9,2885,197,30
38.775382,137.275147,2026-08-20 00:20:15.372084736,9,6000,172,16
38.776624,137.263906,2026-08-20 00:20:15.480320512,9,5048,197,27
38.781826,137.262057,2026-08-20 00:20:15.975893760,9,3974,177,18
38.781322,137.271059,2026-08-20 00:20:16.94992640,9,5099,177,11
38.78132,137.267074,2026-08-20 00:20:16.123348736,9,4562,177,18
38.787209,137.269676,2026-08-20 00:20:16.392125440,9,4078,178,12
20.530933,128.955281,2026-08-20 00:20:18.101922560,9,8582,185,17
20.719422,120.379448,2026-08-20 00:20:28.237967104,9,8152,196,19
38.693708,137.265745,2026-08-20 00:20:43.85771520,9,5028,216,40
38.740875,137.279986,2026-08-20 00:20:43.85756416,9,7483,169,22
38.743388,137.280032,2026-08-20 00:20:43.730472704,9,4815,176,10
38.840767,139.192289,2026-08-20 00:21:00.518347520,9,4460,172,27
38.761706,137.466474,2026-08-20 00:21:03.3149568,9,5660,193,28
38.768111,137.469673,2026-08-20 00:21:03.3153152,9,3790,175,16
38.782695,137.240237,2026-08-20 00:21:08.829808128,9,6816,202,30
38.782727,137.371694,2026-08-20 00:21:08.829824000,9,7020,169,12
38.784665,137.23644,2026-08-20 00:21:09.9897728,9,8951,224,40
38.784058,137.256222,2026-08-20 00:21:09.9903104,9,7266,170,21
27.209856,120.604862,2026-08-20 00:21:17.370545664,9,11764,233,36
27.335264,120.294439,2026-08-20 00:21:17.370490368,9,4544,229,26
20.76761,120.497169,2026-08-20 00:21:19.839922176,9,3051,200,21
38.753529,137.331964,2026-08-20 00:21:22.927602944,9,6824,221,35
38.738541,137.353926,2026-08-20 00:21:22.927612672,9,8519,166,36
38.747239,137.354826,2026-08-20 00:21:22.927611648,9,2129,170,15
38.62869,137.349287,2026-08-20 00:21:23.10711296,9,1394,258,18
38.759498,137.337948,2026-08-20 00:21:23.10664704,9,3182,176,14
38.74321,137.322388,2026-08-20 00:21:23.91353600,9,5799,176,22
38.754745,137.344743,2026-08-20 00:21:23.103956992,9,5506,171,13
38.760825,137.312066,2026-08-20 00:21:23.315443968,9,4635,233,11
38.759874,137.342263,2026-08-20 00:21:23.330860800,9,4735,176,15
38.887809,138.791242,2026-08-20 00:21:23.357726464,9,5135,212,16
38.742996,137.327065,2026-08-20 00:21:23.382289408,9,5345,176,25
38.762151,137.350495,2026-08-20 00:21:23.454025984,9,2672,181,13
27.460489,120.676371,2026-08-20 00:21:28.942491648,9,6662,222,25
27.563235,120.831608,2026-08-20 00:21:29.1666304,9,10196,230,21
40.550172,140.85168,2026-08-20 00:21:39.430688768,9,13930,148,17
38.79721,137.286141,2026-08-20 00:21:55.91995136,9,7066,223,34
38.797885,137.326821,2026-08-20 00:21:55.92025088,9,2207,168,29
38.739513,137.315876,2026-08-20 00:22:21.149919744,9,5649,216,39
38.791133,137.322647,2026-08-20 00:22:21.149904640,9,8051,170,22
38.806548,137.317409,2026-08-20 00:22:21.204454912,9,7175,223,40
38.796004,137.344073,2026-08-20 00:22:21.204461568,9,7263,169,22
38.7394,137.306604,2026-08-20 00:22:21.273755136,9,4118,216,41
38.790485,137.303052,2026-08-20 00:22:21.273734912,9,5373,170,25
38.804724,137.354616,2026-08-20 00:22:21.350445824,9,6126,196,30
38.800934,137.367949,2026-08-20 00:22:21.350446336,9,5462,169,13
38.705859,137.31295,2026-08-20 00:22:21.577171200,9,7479,178,24
38.966003,137.788478,2026-08-20 00:22:26.579446528,9,2786,189,24
38.960763,137.811409,2026-08-20 00:22:26.579447552,9,5597,173,16
35.324085,119.391954,2026-08-20 00:22:30.775523584,9,3646,236,26
35.279054,119.364388,2026-08-20 00:22:30.775514368,9,7046,146,16
38.744903,137.338002,2026-08-20 00:22:46.549975808,9,8749,220,49
38.734896,137.355059,2026-08-20 00:22:46.549985024,9,12969,164,31
38.708912,137.403207,2026-08-20 00:22:46.549985536,9,8221,169,11
38.74805,137.314073,2026-08-20 00:22:46.601358592,9,6604,200,33
38.733991,137.339658,2026-08-20 00:22:46.601368320,9,6454,169,15
38.676784,137.338801,2026-08-20 00:22:46.622990080,9,5081,212,29
38.730885,137.345254,2026-08-20 00:22:46.622970880,9,6214,169,15
38.741466,137.319143,2026-08-20 00:22:46.650891008,9,5066,196,30
38.736077,137.336334,2026-08-20 00:22:46.650894336,9,5113,169,13
38.743544,137.319053,2026-08-20 00:22:46.684630272,9,6778,196,34
38.733284,137.343796,2026-08-20 00:22:46.684635392,9,5020,169,16
38.739646,137.314932,2026-08-20 00:22:46.822117120,9,12339,166,38
38.739696,137.32885,2026-08-20 00:22:46.822120448,9,7575,164,25
38.737728,137.200037,2026-08-20 00:22:47.8631040,9,2235,242,25
38.738115,137.308067,2026-08-20 00:22:47.8649984,9,4610,208,16
38.740499,137.324717,2026-08-20 00:22:47.63620608,9,8508,176,21
38.687398,137.335109,2026-08-20 00:22:47.105700608,9,5287,212,34
38.736017,137.337256,2026-08-20 00:22:47.105686528,9,6073,169,20
27.217346,120.413221,2026-08-20 00:22:58.91017984,9,3937,247,49
27.261127,120.394823,2026-08-20 00:22:58.143076864,9,12260,154,16
27.387627,120.404982,2026-08-20 00:22:58.151195648,9,4786,235,32
26.887418,121.571153,2026-08-20 00:22:58.151416576,9,11124,223,24
27.451461,120.541695,2026-08-20 00:22:58.291721472,9,5391,231,22
38.794447,137.443448,2026-08-20 00:22:58.511171328,9,1620,219,20
38.778251,137.57461,2026-08-20 00:22:58.511193600,9,6582,169,11
27.327677,120.489188,2026-08-20 00:22:58.576293888,9,11960,153,15
27.172636,120.747845,2026-08-20 00:22:58.618728192,9,10063,223,16
38.787742,137.450682,2026-08-20 00:22:58.637785600,9,4532,194,28
38.768478,137.481334,2026-08-20 00:22:58.637792000,9,6219,173,15
38.818721,137.427394,2026-08-20 00:22:58.721552128,9,3555,195,30
38.808545,137.555921,2026-08-20 00:22:58.721570304,9,2149,167,15
38.727686,137.443835,2026-08-20 00:22:58.804818688,9,4071,211,26
38.78914,137.523175,2026-08-20 00:22:58.804807936,9,12707,168,12
38.790061,137.448563,2026-08-20 00:22:58.862622464,9,4243,175,14
38.730522,137.440886,2026-08-20 00:22:58.963251456,9,3588,211,29
38.782678,137.45698,2026-08-20 00:22:58.963234816,9,6213,168,13
38.799582,137.440913,2026-08-20 00:22:59.51454976,9,1900,200,22
38.789671,137.447212,2026-08-20 00:22:59.51458816,9,2635,175,11
38.726203,137.447124,2026-08-20 00:22:59.200618496,9,3119,211,28
38.788743,137.445042,2026-08-20 00:22:59.200596480,9,1756,175,15
27.302034,120.153263,2026-08-20 00:22:59.881609728,9,9324,225,15
38.74464,137.379267,2026-08-20 00:23:04.644741120,9,14018,175,18
38.752448,137.349775,2026-08-20 00:23:04.721760768,9,8430,194,26
36.029539,124.136726,2026-08-20 00:23:17.6945536,9,8882,192,17
38.867266,138.862638,2026-08-20 00:23:17.229533440,9,2677,177,36
38.90881,138.887403,2026-08-20 00:23:17.229517824,9,6180,154,25
38.91875,138.866183,2026-08-20 00:23:17.233246208,9,14567,166,19
37.625423,131.995845,2026-08-20 00:23:18.731042816,9,10772,214,13
38.884567,139.236365,2026-08-20 00:23:26.56036096,9,11089,158,19
38.906168,139.231381,2026-08-20 00:23:26.57354240,9,6839,185,25
38.901997,139.234137,2026-08-20 00:23:26.57353984,9,6827,161,23
38.736347,136.968974,2026-08-20 00:23:42.19269376,9,3333,179,13
37.706929,132.888103,2026-08-20 00:23:45.920279040,9,6429,252,23
38.697058,137.359614,2026-08-20 00:23:59.599179776,9,5005,214,53
38.747811,137.36796,2026-08-20 00:23:59.599164416,9,5270,166,34
38.768326,137.344181,2026-08-20 00:23:59.599164160,9,2422,169,15
38.75941,137.359903,2026-08-20 00:23:59.762955264,9,5615,220,49
38.756716,137.384823,2026-08-20 00:23:59.762956800,9,8124,174,33
38.732049,137.425076,2026-08-20 00:23:59.762962688,9,7388,169,13
30.998123,-83.759354,2026-08-20 00:20:00.165783808,13,13294,236,50
30.754988,-83.577861,2026-08-20 00:20:00.165713664,13,13850,229,37
30.195379,-87.694896,2026-08-20 00:20:00.263572480,13,7513,252,22
30.240915,-87.625219,2026-08-20 00:20:00.403247104,13,8221,256,22
21.099358,-101.366721,2026-08-20 00:20:02.758214656,13,11777,257,58
39.664555,-93.262082,2026-08-20 00:20:04.195458304,13,12774,170,65
39.673849,-93.292716,2026-08-20 00:20:04.195466496,13,5328,169,65
39.636297,-93.290133,2026-08-20 00:20:04.195471360,13,6489,130,52
39.667324,-93.256738,2026-08-20 00:20:04.313940736,13,10279,179,29
30.352427,-87.939423,2026-08-20 00:20:05.64381184,13,13764,146,24
39.983649,-92.808949,2026-08-20 00:20:08.577509888,13,7632,239,22
30.424282,-87.996344,2026-08-20 00:20:09.872250624,13,14705,144,23
38.787606,-110.79809,2026-08-20 00:20:11.794449664,13,11734,112,29
32.858771,-89.106019,2026-08-20 00:20:12.939847680,13,9733,204,46
32.666466,-89.087591,2026-08-20 00:20:13.6003712,13,8595,190,28
32.682753,-89.005188,2026-08-20 00:20:13.93374720,13,9483,116,15
32.561969,-88.87912,2026-08-20 00:20:13.170051840,13,10627,211,18
33.956353,-109.723355,2026-08-20 00:20:13.822896128,13,14351,170,72
34.159607,-109.703635,2026-08-20 00:20:13.822961920,13,9048,259,58
30.573582,-83.579984,2026-08-20 00:20:14.389588736,13,6760,183,52
30.162583,-82.515423,2026-08-20 00:20:15.105592064,13,9511,237,25
34.291101,-106.263046,2026-08-20 00:20:15.471399680,13,7049,101,43
34.474183,-106.284504,2026-08-20 00:20:15.471433472,13,7327,216,29
36.930816,-69.808131,2026-08-20 00:20:16.553004800,13,5491,258,38
36.977846,-69.846188,2026-08-20 00:20:16.553077504,13,9364,250,25
36.944762,-69.832408,2026-08-20 00:20:16.616685312,13,4266,256,38
38.296056,-105.36255,2026-08-20 00:20:17.318057984,13,13708,91,36
38.309093,-105.315371,2026-08-20 00:20:17.318077440,13,9211,175,27
36.728616,-105.759761,2026-08-20 00:20:17.345497600,13,12075,129,23
32.711418,-108.884577,2026-08-20 00:20:19.565257984,13,9695,115,37
32.827448,-108.796263,2026-08-20 00:20:19.565274624,13,11882,218,28
32.806593,-108.799315,2026-08-20 00:20:19.679345920,13,12883,196,41
32.92435,-108.791212,2026-08-20 00:20:19.679386880,13,6509,261,27
40.532726,-90.131419,2026-08-20 00:20:20.337147392,13,5666,142,96
40.520741,-90.187934,2026-08-20 00:20:20.337143040,13,12569,147,100
40.490896,-90.167001,2026-08-20 00:20:20.337191168,13,11155,154,92
40.471878,-90.145947,2026-08-20 00:20:20.337191680,13,11971,149,83
30.701468,-83.605868,2026-08-20 00:20:21.70054144,13,5520,169,51
30.748422,-83.618713,2026-08-20 00:20:21.70101248,13,11481,204,25
30.785173,-83.601798,2026-08-20 00:20:21.149026560,13,4325,226,41
30.77093,-83.622032,2026-08-20 00:20:21.149054464,13,12496,204,26
30.705052,-83.603989,2026-08-20 00:20:21.223131904,13,7246,173,30
30.691749,-83.645235,2026-08-20 00:20:21.336859648,13,5113,207,44
25.760199,-105.246112,2026-08-20 00:20:23.78231040,13,10814,251,27
34.003941,-109.705307,2026-08-20 00:20:24.84950016,13,5340,137,53
33.989051,-109.7636,2026-08-20 00:20:24.84964096,13,5646,133,40
38.336689,-105.298656,2026-08-20 00:20:26.656095232,13,7805,164,76
38.348476,-105.227147,2026-08-20 00:20:26.656116992,13,8101,95,65
38.341997,-105.275065,2026-08-20 00:20:26.656107264,13,6289,138,52
30.546543,-87.96955,2026-08-20 00:20:29.150782208,13,5578,222,63
30.451281,-87.896194,2026-08-20 00:20:29.150758400,13,6227,246,49
30.613773,-87.934399,2026-08-20 00:20:29.150848768,13,7588,255,36
30.467241,-87.914533,2026-08-20 00:20:29.687755008,13,11278,150,41
30.861204,-87.807289,2026-08-20 00:20:29.687928576,13,14090,260,22
39.660651,-93.072071,2026-08-20 00:20:29.812646400,13,9761,61,57
39.629493,-93.173796,2026-08-20 00:20:29.812672768,13,7927,124,39
40.315389,-90.136972,2026-08-20 00:20:31.557849856,13,13346,133,36
38.316433,-105.272447,2026-08-20 00:20:32.516642048,13,6443,81,80
38.307757,-105.293097,2026-08-20 00:20:32.516639744,13,7946,153,69
38.42139,-105.246297,2026-08-20 00:20:32.516688384,13,4882,176,54
31.563275,-86.739814,2026-08-20 00:20:33.151974400,13,9038,135,46
31.324635,-86.49923,2026-08-20 00:20:33.151913984,13,6865,250,40
31.692887,-86.756121,2026-08-20 00:20:33.152056320,13,5867,250,26
33.676308,-103.829424,2026-08-20 00:20:33.427892480,13,6373,112,47
33.813866,-103.83103,2026-08-20 00:20:33.427932672,13,8649,198,33
39.907922,-92.661855,2026-08-20 00:20:34.218522368,13,11919,110,24
33.980032,-109.754032,2026-08-20 00:20:35.92234240,13,13344,85,22
34.018679,-109.742949,2026-08-20 00:20:35.189940992,13,8611,107,39
34.201148,-109.657991,2026-08-20 00:20:35.190000896,13,6306,265,24
38.264786,-105.243126,2026-08-20 00:20:35.199790592,13,12510,114,21
32.381824,-87.774306,2026-08-20 00:20:35.402648064,13,11182,190,36
32.377823,-87.803488,2026-08-20 00:20:35.402685440,13,9167,180,20
26.657803,-77.180463,2026-08-20 00:20:36.786600960,13,11481,267,19
31.420496,-112.169466,2026-08-20 00:20:38.171406080,13,13507,197,62
31.240062,-112.276308,2026-08-20 00:20:38.171389952,13,7768,228,43
39.98186,-92.701054,2026-08-20 00:20:41.259842048,13,10193,108,30
38.725382,-110.869203,2026-08-20 00:20:42.781922304,13,11258,62,29
31.637695,-86.817914,2026-08-20 00:20:43.480533248,13,9848,206,26
31.638209,-86.78846,2026-08-20 00:20:43.536435456,13,7586,206,21
31.987521,-86.529613,2026-08-20 00:20:43.808557056,13,14887,268,21
33.387894,-109.974377,2026-08-20 00:20:44.731974144,13,13088,75,21
30.576447,-83.588644,2026-08-20 00:20:45.273182720,13,6885,237,35
30.563023,-83.597434,2026-08-20 00:20:45.373671680,13,7583,228,36
31.413874,-86.949294,2026-08-20 00:20:45.526861824,13,9137,248,21
30.644895,-83.584481,2026-08-20 00:20:45.784926976,13,8551,227,27
31.115041,-83.524441,2026-08-20 00:20:45.785117696,13,13733,259,22
30.455702,-87.855541,2026-08-20 00:20:45.905788672,13,8991,215,38
30.51665,-87.872439,2026-08-20 00:20:45.905841664,13,7883,229,23
31.703135,-87.352172,2026-08-20 00:20:45.973652480,13,6818,202,32
31.684557,-87.368095,2026-08-20 00:20:45.973684224,13,6329,188,24
31.573678,-87.234554,2026-08-20 00:20:46.27447296,13,2538,242,33
31.717145,-87.343097,2026-08-20 00:20:46.116704768,13,6164,202,27
28.986433,-81.798516,2026-08-20 00:20:46.739847936,13,8689,249,31
28.69154,-81.632681,2026-08-20 00:20:46.739771392,13,5297,247,25
30.557636,-87.365519,2026-08-20 00:20:47.130625024,13,6083,187,76
35.133655,-71.592907,2026-08-20 00:20:47.907265536,13,4783,262,54
35.105534,-71.575803,2026-08-20 00:20:47.907255808,13,6632,249,70
30.541297,-87.952857,2026-08-20 00:20:50.559284224,13,4825,215,69
30.462733,-87.896282,2026-08-20 00:20:50.559261184,13,2812,221,68
30.606883,-87.943506,2026-08-20 00:20:50.559350016,13,8560,258,32
36.874147,-69.792128,2026-08-20 00:20:51.161382144,13,7247,241,59
36.902399,-69.798624,2026-08-20 00:20:51.243001856,13,10442,266,36
36.888373,-69.814121,2026-08-20 00:20:51.558383872,13,4656,251,41
39.506699,-93.01269,2026-08-20 00:20:51.680062720,13,14497,173,28
32.045391,-87.576577,2026-08-20 00:20:52.161651968,13,2533,234,41
32.151348,-87.777449,2026-08-20 00:20:52.161703424,13,6871,210,29
31.332856,-86.475757,2026-08-20 00:20:52.869194496,13,5936,252,27
31.62584,-86.723685,2026-08-20 00:20:52.927429120,13,7522,207,21
31.324569,-86.463743,2026-08-20 00:20:52.991731200,13,5347,252,26
38.639461,-100.785828,2026-08-20 00:20:55.267025152,13,12261,76,32
39.908464,-92.846844,2026-08-20 00:20:55.443210496,13,12335,153,23
18.355306,-94.392101,2026-08-20 00:20:55.689449728,13,12507,220,24
35.108724,-109.408239,2026-08-20 00:20:57.984482560,13,10156,128,22
35.085989,-109.425225,2026-08-20 00:20:57.998170880,13,9544,144,32
35.126384,-109.396448,2026-08-20 00:20:57.998178048,13,12090,153,29
32.714367,-108.877297,2026-08-20 00:20:59.813582336,13,14345,146,54
31.314963,-89.034478,2026-08-20 00:21:01.745166848,13,5854,136,69
31.325402,-89.050452,2026-08-20 00:21:01.745175040,13,10702,173,78
36.308574,-92.807756,2026-08-20 00:21:02.364661504,13,7311,117,43
36.346416,-92.788329,2026-08-20 00:21:02.364717568,13,8074,123,27
40.116535,-85.549602,2026-08-20 00:21:02.741945856,13,6770,138,37
33.724907,-103.781108,2026-08-20 00:21:02.796110592,13,6912,119,31
33.863654,-103.787616,2026-08-20 00:21:02.796154368,13,5765,220,30
38.248962,-105.282879,2026-08-20 00:21:02.959906816,13,8251,102,49
38.372968,-105.261886,2026-08-20 00:21:02.959933696,13,10025,131,36
33.314237,-109.941031,2026-08-20 00:21:03.877140480,13,11556,88,27
33.32873,-109.97274,2026-08-20 00:21:03.969489664,13,12807,119,36
33.405283,-109.977588,2026-08-20 00:21:04.114406400,13,14313,156,22
30.58633,-83.363632,2026-08-20 00:21:06.374151936,13,7886,230,26
30.471662,-82.251866,2026-08-20 00:21:07.614116608,13,11840,241,21
33.998511,-109.766653,2026-08-20 00:21:08.281164800,13,12892,74,45
34.019007,-109.735569,2026-08-20 00:21:08.281182976,13,6074,188,31
30.621692,-83.57844,2026-08-20 00:21:09.31175424,13,2572,228,59
30.628491,-83.577702,2026-08-20 00:21:09.31179264,13,4393,228,66
30.516789,-83.590637,2026-08-20 00:21:09.31187456,13,9578,229,53
30.451181,-83.846266,2026-08-20 00:21:09.114052352,13,12071,211,20
32.627933,-88.941199,2026-08-20 00:21:09.338548992,13,3247,215,51
32.716002,-89.093878,2026-08-20 00:21:09.338585600,13,12149,125,43
32.711955,-89.059108,2026-08-20 00:21:09.338595328,13,13860,177,30
31.911094,-87.325484,2026-08-20 00:21:11.349700352,13,11451,207,49
31.762039,-87.169893,2026-08-20 00:21:11.349676544,13,10290,200,36
30.464711,-87.869271,2026-08-20 00:21:12.582699008,13,4374,216,78
30.453634,-87.870337,2026-08-20 00:21:12.582699008,13,11121,219,66
30.413629,-87.851167,2026-08-20 00:21:12.713423616,13,12050,145,45
32.013148,-87.534993,2026-08-20 00:21:13.298867712,13,6794,197,38
32.40541,-87.778663,2026-08-20 00:21:13.475833344,13,5249,189,20
32.684378,-108.895549,2026-08-20 00:21:15.503965184,13,14917,114,43
32.637502,-108.936027,2026-08-20 00:21:15.503994880,13,8935,154,30
40.19048,-90.209627,2026-08-20 00:21:15.579680512,13,7135,73,20
32.72717,-108.889568,2026-08-20 00:21:16.71421696,13,11184,250,18
29.75579,-82.558114,2026-08-20 00:21:16.228731904,13,11026,245,23
29.741162,-82.539882,2026-08-20 00:21:16.482007552,13,5271,243,31
32.295172,-112.55441,2026-08-20 00:21:16.929520128,13,12717,123,43
32.384219,-112.518589,2026-08-20 00:21:16.929555968,13,10661,218,32
31.079176,-88.868734,2026-08-20 00:21:18.189706240,13,5093,230,33
35.113495,-109.514345,2026-08-20 00:21:18.214028288,13,10333,97,22
28.289472,-81.588672,2026-08-20 00:21:19.500158208,13,8640,178,39
28.422285,-81.634006,2026-08-20 00:21:19.500237824,13,7751,248,26
28.847566,-81.502512,2026-08-20 00:21:19.530939904,13,12018,250,24
31.575642,-87.791805,2026-08-20 00:21:20.437327616,13,7084,210,55
31.719342,-87.822361,2026-08-20 00:21:20.437419264,13,13277,249,36
33.447507,-107.431722,2026-08-20 00:21:20.531105280,13,9345,106,28
32.416147,-87.826992,2026-08-20 00:21:21.468517632,13,2143,201,57
32.353439,-87.768496,2026-08-20 00:21:21.468504832,13,3028,127,44
30.645825,-83.53521,2026-08-20 00:21:21.743994112,13,6034,228,61
30.644867,-83.553079,2026-08-20 00:21:22.100006144,13,5350,225,47
30.507,-83.554463,2026-08-20 00:21:22.100011520,13,7056,232,47
30.234006,-87.828132,2026-08-20 00:21:22.166640384,13,2114,251,32
30.159027,-87.766294,2026-08-20 00:21:22.236033792,13,2573,252,49
38.0594,-104.28076,2026-08-20 00:21:22.637621760,13,9602,74,32
31.307345,-86.47286,2026-08-20 00:21:22.705252352,13,5308,252,32
31.330661,-86.466798,2026-08-20 00:21:22.847759104,13,7577,252,21
32.500881,-88.831542,2026-08-20 00:21:22.982373120,13,6687,220,19
49.352732,-71.707198,2026-08-20 00:21:25.538458880,13,4990,214,82
49.285199,-71.687302,2026-08-20 00:21:25.538477568,13,9181,157,109
38.038734,-104.325359,2026-08-20 00:21:26.973966592,13,8476,176,37
39.68358,-93.075587,2026-08-20 00:21:27.18240256,13,8756,203,18
31.869042,-110.530525,2026-08-20 00:21:28.216705792,13,8943,147,30
31.896473,-110.46351,2026-08-20 00:21:28.216710656,13,14377,188,14
25.847724,-105.22945,2026-08-20 00:21:28.511477248,13,9085,250,25
31.75279,-87.421883,2026-08-20 00:21:29.240573440,13,4549,211,57
31.635069,-87.42977,2026-08-20 00:21:29.240573952,13,6703,134,44
31.737016,-87.426702,2026-08-20 00:21:29.304892672,13,4622,202,32
34.067991,-109.762829,2026-08-20 00:21:29.625085952,13,13182,107,36
31.782447,-87.447021,2026-08-20 00:21:29.975021824,13,6426,210,58
39.978819,-92.679064,2026-08-20 00:21:30.27529472,13,6707,165,51
33.882633,-109.55528,2026-08-20 00:21:30.494231808,13,9557,148,70
29.505214,-82.399987,2026-08-20 00:21:31.87389440,13,6841,179,32
29.570792,-82.418672,2026-08-20 00:21:31.87450624,13,4681,240,34
28.363435,-82.164199,2026-08-20 00:21:31.459347968,13,7333,254,26
28.324907,-82.166937,2026-08-20 00:21:31.578850816,13,13831,249,18
36.91613,-69.798045,2026-08-20 00:21:32.213445888,13,6211,260,91
36.960489,-69.817421,2026-08-20 00:21:32.213464832,13,8831,244,69
36.868347,-69.806469,2026-08-20 00:21:32.672347904,13,5397,241,38
34.186305,-105.872483,2026-08-20 00:21:34.482843648,13,13672,130,80
30.46858,-87.913408,2026-08-20 00:21:35.190311168,13,9355,141,64
30.45957,-87.898413,2026-08-20 00:21:35.190315008,13,3840,222,58
30.41525,-87.971236,2026-08-20 00:21:35.591024128,13,9429,220,30
31.762978,-87.189893,2026-08-20 00:21:35.869131520,13,8362,121,34
31.720624,-86.921855,2026-08-20 00:21:39.906311424,13,11868,214,20
32.376215,-89.131494,2026-08-20 00:21:40.573597440,13,8981,117,41
32.395451,-89.180001,2026-08-20 00:21:40.573643776,13,6751,179,35
30.557921,-83.575411,2026-08-20 00:21:41.850711808,13,7891,170,102
30.627987,-83.578623,2026-08-20 00:21:41.850727680,13,6543,227,82
30.568931,-83.565413,2026-08-20 00:21:42.342761728,13,8556,170,43
30.610317,-83.584114,2026-08-20 00:21:42.342807808,13,9765,231,31
30.795034,-83.68832,2026-08-20 00:21:42.530931712,13,7041,235,34
30.611963,-83.590606,2026-08-20 00:21:42.530893568,13,4751,231,20
30.255838,-82.149854,2026-08-20 00:21:42.568046336,13,12607,150,17
30.442107,-87.839959,2026-08-20 00:21:44.98613248,13,10090,218,23
30.501762,-87.850709,2026-08-20 00:21:44.174739712,13,12701,186,18
30.12481,-82.397436,2026-08-20 00:21:45.134280448,13,8894,173,37
30.170129,-82.400838,2026-08-20 00:21:45.134334208,13,4834,245,31
30.071159,-82.443517,2026-08-20 00:21:45.285381120,13,14085,124,36
30.170588,-82.425469,2026-08-20 00:21:45.285415936,13,6312,211,36
38.305267,-105.102441,2026-08-20 00:21:45.588534784,13,9124,201,28
39.994007,-92.8399,2026-08-20 00:21:46.31234304,13,7534,192,18
28.177466,-82.20955,2026-08-20 00:21:47.718050560,13,10083,132,29
28.259899,-82.247928,2026-08-20 00:21:47.718107904,13,10213,249,17
31.465726,-112.445071,2026-08-20 00:21:47.936809984,13,10970,197,45
31.480055,-112.451035,2026-08-20 00:21:47.936850688,13,9058,237,41
31.404906,-112.539541,2026-08-20 00:21:48.45698560,13,7990,176,30
31.686756,-86.856398,2026-08-20 00:21:48.195826944,13,4247,214,42
31.621852,-86.874436,2026-08-20 00:21:48.195838720,13,13018,216,29
28.56987,-82.285594,2026-08-20 00:21:49.682250496,13,8785,251,44
28.356073,-82.172894,2026-08-20 00:21:49.682191104,13,4627,248,31
28.244071,-82.124149,2026-08-20 00:21:49.747856896,13,4389,208,53
28.278362,-82.177093,2026-08-20 00:21:49.747906048,13,7197,249,39
36.357618,-105.376287,2026-08-20 00:21:50.64551936,13,13104,102,64
36.464751,-105.380876,2026-08-20 00:21:50.64619008,13,10618,191,44
34.0243,-109.750053,2026-08-20 00:21:50.260312576,13,6818,107,33
34.098132,-109.700563,2026-08-20 00:21:50.260332800,13,9529,256,20
31.990907,-87.340886,2026-08-20 00:21:51.139426560,13,8502,196,59
31.942225,-87.283633,2026-08-20 00:21:51.139415040,13,4399,241,43
40.191275,-90.21158,2026-08-20 00:21:51.799253760,13,12748,73,17
33.694001,-109.597632,2026-08-20 00:21:52.524005376,13,9306,151,24
31.623846,-89.249529,2026-08-20 00:21:52.709003264,13,7031,219,23
40.050282,-92.734353,2026-08-20 00:21:54.697711616,13,11164,162,30
40.016319,-92.759533,2026-08-20 00:21:54.823597056,13,13863,143,36
30.4124,-88.061189,2026-08-20 00:21:58.234421248,13,5891,216,26
28.372304,-82.050993,2026-08-20 00:21:58.472508672,13,6241,161,28
39.646713,-93.10958,2026-08-20 00:22:00.26928896,13,9013,132,25
39.669277,-93.076542,2026-08-20 00:22:00.73127168,13,7016,69,35
39.674088,-93.072694,2026-08-20 00:22:00.115664128,13,11360,69,18
39.669567,-93.07576,2026-08-20 00:22:00.169213184,13,7175,131,22
39.663147,-92.942484,2026-08-20 00:22:00.814487296,13,10308,167,63
39.597354,-93.005923,2026-08-20 00:22:00.814527744,13,14538,104,48
26.663953,-107.612843,2026-08-20 00:22:01.178192384,13,12110,230,36
33.955546,-109.792993,2026-08-20 00:22:02.18537984,13,11297,92,29
29.965683,-82.304331,2026-08-20 00:22:04.392994048,13,8151,241,21
32.306045,-112.503748,2026-08-20 00:22:04.751757312,13,9640,184,28
32.284238,-112.508011,2026-08-20 00:22:04.941938688,13,8495,148,55
32.281375,-112.516498,2026-08-20 00:22:04.941938432,13,7284,175,42
40.058826,-92.781741,2026-08-20 00:22:05.777515520,13,5734,120,24
30.984084,-111.087302,2026-08-20 00:22:06.141145088,13,6879,171,23
33.978417,-109.756768,2026-08-20 00:22:06.467388160,13,7321,166,53
34.004737,-109.833303,2026-08-20 00:22:06.704482816,13,7145,97,30
32.705704,-89.019705,2026-08-20 00:22:07.99449088,13,9627,180,31
57.019362,-106.065748,2026-08-20 00:22:08.335138304,13,5888,196,31
33.803075,-109.562802,2026-08-20 00:22:08.913579264,13,7037,165,61
33.801173,-109.621622,2026-08-20 00:22:09.301762048,13,11853,113,30
33.867163,-110.378266,2026-08-20 00:22:11.6361344,13,7045,163,48
32.39851,-87.825963,2026-08-20 00:22:11.419683072,13,6510,190,42
31.674186,-86.830225,2026-08-20 00:22:11.799220736,13,2849,218,33
31.510156,-86.737113,2026-08-20 00:22:11.799196928,13,7883,217,20
32.381165,-87.807807,2026-08-20 00:22:12.19486976,13,8866,190,37
31.64055,-86.784691,2026-08-20 00:22:12.90697984,13,7518,206,42
6.815518,-67.156384,2026-08-20 00:22:13.1370624,13,5638,264,20
28.428179,-81.563352,2026-08-20 00:22:13.894907648,13,14671,188,22
33.330206,-109.922278,2026-08-20 00:22:17.141200384,13,6851,88,52
33.332889,-109.970278,2026-08-20 00:22:17.248025088,13,14931,88,22
30.673779,-83.513359,2026-08-20 00:22:19.75569408,13,8266,229,39
30.673813,-83.502852,2026-08-20 00:22:19.142800128,13,7319,227,38
30.015594,-82.556882,2026-08-20 00:22:19.775702784,13,14712,179,25
32.105604,-87.502678,2026-08-20 00:22:21.531494144,13,5529,237,21
32.449735,-88.965875,2026-08-20 00:22:23.466002432,13,12297,194,43
32.528788,-88.865498,2026-08-20 00:22:23.484916224,13,9567,212,21
32.661342,-88.943431,2026-08-20 00:22:23.612230656,13,5437,199,39
32.785242,-89.00568,2026-08-20 00:22:23.612303104,13,4648,270,26
39.591848,-93.103414,2026-08-20 00:22:24.77628416,13,4674,105,38
39.576967,-93.125374,2026-08-20 00:22:24.77676544,13,7871,116,24
39.592129,-93.119969,2026-08-20 00:22:24.120301824,13,10840,78,33
39.595342,-93.097382,2026-08-20 00:22:24.201661952,13,3793,179,29
39.594727,-93.246759,2026-08-20 00:22:24.201676288,13,6837,218,36
39.597847,-93.096173,2026-08-20 00:22:24.275657472,13,3993,179,24
39.598045,-93.109504,2026-08-20 00:22:24.416737024,13,8133,145,29
39.59957,-93.102617,2026-08-20 00:22:24.530897408,13,10099,101,28
39.597498,-93.115353,2026-08-20 00:22:24.832977152,13,8137,202,25
30.806368,-83.6961,2026-08-20 00:22:25.106321664,13,11660,224,32
38.706229,-110.769499,2026-08-20 00:22:25.290817792,13,6628,142,31
38.686511,-110.825647,2026-08-20 00:22:25.290803456,13,14450,200,18
30.83231,-83.727598,2026-08-20 00:22:25.338397952,13,10895,243,23
30.193611,-111.343981,2026-08-20 00:22:26.98018048,13,11248,223,25
29.445239,-82.557952,2026-08-20 00:22:27.175162880,13,14926,185,20
32.521392,-89.004805,2026-08-20 00:22:27.434076416,13,4551,260,50
32.384318,-89.224167,2026-08-20 00:22:27.434039040,13,9616,129,37
34.38124,-109.756525,2026-08-20 00:22:27.481260800,13,14475,126,27
28.589283,-82.005594,2026-08-20 00:22:27.721253376,13,5026,250,47
28.532129,-82.079663,2026-08-20 00:22:29.436953344,13,5510,252,45
28.406033,-82.089828,2026-08-20 00:22:29.436950016,13,4351,221,30
32.274714,-87.621645,2026-08-20 00:22:29.880358144,13,10171,192,45
32.280662,-87.610629,2026-08-20 00:22:29.940390656,13,9555,192,25
32.274093,-87.63175,2026-08-20 00:22:30.328337152,13,9800,192,22
30.117205,-82.150237,2026-08-20 00:22:30.636994560,13,7893,178,32
24.232188,-78.845763,2026-08-20 00:22:30.640866304,13,8258,255,28
30.785814,-86.74143,2026-08-20 00:22:30.730897408,13,8856,219,24
28.148268,-82.212093,2026-08-20 00:22:31.588331264,13,4318,191,50
28.255567,-82.240683,2026-08-20 00:22:31.588406016,13,5272,249,37
32.365964,-87.799306,2026-08-20 00:22:33.77749504,13,11941,115,26
31.41979,-87.869522,2026-08-20 00:22:34.144463360,13,13072,213,34
39.667933,-93.083321,2026-08-20 00:22:36.766781184,13,8782,167,27
31.641505,-86.719677,2026-08-20 00:22:38.182839552,13,10700,137,17
31.623743,-86.709432,2026-08-20 00:22:38.325777408,13,6950,205,21
31.523611,-86.69268,2026-08-20 00:22:38.667960832,13,14103,221,24
29.791676,-82.594756,2026-08-20 00:22:38.723207168,13,12671,240,31
30.531432,-87.929623,2026-08-20 00:22:38.847488768,13,11696,213,45
30.524837,-87.862086,2026-08-20 00:22:38.949014784,13,10760,213,60
30.645318,-87.846654,2026-08-20 00:22:38.949096960,13,9322,255,38
41.12998,-93.443511,2026-08-20 00:22:39.789419520,13,8402,99,22
40.009978,-92.756237,2026-08-20 00:22:40.167755776,13,11420,91,28
35.150577,-109.374228,2026-08-20 00:22:40.242514688,13,13554,173,26
32.645358,-108.97204,2026-08-20 00:22:40.283003136,13,11720,84,29
32.660746,-108.934743,2026-08-20 00:22:40.342106624,13,13049,127,21
32.579085,-88.971473,2026-08-20 00:22:40.704532992,13,3414,206,47
32.63242,-89.111435,2026-08-20 00:22:40.704569600,13,10347,201,32
32.595403,-88.960256,2026-08-20 00:22:40.781009920,13,5594,200,46
32.722785,-89.018162,2026-08-20 00:22:40.781076480,13,10885,173,31
32.503576,-88.876225,2026-08-20 00:22:41.113202176,13,9495,212,25
30.106467,-82.320899,2026-08-20 00:22:41.762870528,13,10434,191,33
30.260117,-82.120239,2026-08-20 00:22:41.762950144,13,8182,237,20
40.040524,-92.818893,2026-08-20 00:22:43.205134848,13,6720,130,23
40.037433,-92.804287,2026-08-20 00:22:43.515896832,13,3034,164,46
40.045735,-92.815341,2026-08-20 00:22:43.515895040,13,10673,118,35
39.910343,-92.659959,2026-08-20 00:22:43.561598720,13,4344,110,27
33.662061,-103.915537,2026-08-20 00:22:44.722544128,13,9304,198,24
30.560333,-83.563633,2026-08-20 00:22:45.286916096,13,6029,228,40
30.554764,-83.580989,2026-08-20 00:22:45.286949632,13,5704,205,27
39.674838,-93.04159,2026-08-20 00:22:46.136659968,13,9285,115,62
39.668264,-93.042715,2026-08-20 00:22:46.275988224,13,8252,143,21
39.668301,-93.037484,2026-08-20 00:22:46.401759232,13,6510,176,19
30.152431,-87.716801,2026-08-20 00:22:46.777098496,13,6353,256,33
36.883703,-69.788553,2026-08-20 00:22:48.637384960,13,5120,261,90
36.889293,-69.805526,2026-08-20 00:22:48.637394176,13,9198,240,71
36.975686,-70.013732,2026-08-20 00:22:48.637468928,13,14179,213,52
36.936829,-69.841833,2026-08-20 00:22:48.694223360,13,6209,259,36
31.320247,-85.404692,2026-08-20 00:22:49.425576448,13,3491,224,33
31.329814,-85.419094,2026-08-20 00:22:49.425616384,13,10107,228,20
28.521148,-81.36265,2026-08-20 00:22:49.852670208,13,7112,119,27
28.634011,-81.396183,2026-08-20 00:22:49.852750336,13,7016,248,15
35.776708,-108.835798,2026-08-20 00:22:50.720585728,13,11723,165,18
29.658316,-82.320348,2026-08-20 00:22:53.65450240,13,9593,139,20
30.178694,-82.357268,2026-08-20 00:22:53.629147904,13,7716,236,24
32.602467,-108.910712,2026-08-20 00:22:53.666482176,13,13333,104,28
30.349036,-82.464981,2026-08-20 00:22:53.820420096,13,9254,235,34
31.754747,-87.421801,2026-08-20 00:22:54.520304384,13,6402,200,53
31.710619,-87.480032,2026-08-20 00:22:54.520327168,13,5959,218,34
31.779711,-87.457846,2026-08-20 00:22:54.581246464,13,4668,201,26
33.994883,-109.645722,2026-08-20 00:22:55.58282752,13,10394,156,25
28.479935,-81.497363,2026-08-20 00:22:55.136859136,13,12540,186,28
38.311826,-105.280027,2026-08-20 00:22:55.431425792,13,10372,58,48
38.276537,-105.201462,2026-08-20 00:22:55.431448576,13,13023,92,52
31.308014,-112.563848,2026-08-20 00:22:55.679550976,13,11050,158,36
31.331833,-112.54968,2026-08-20 00:22:55.679564544,13,8875,219,25
31.776653,-87.444717,2026-08-20 00:22:55.709707776,13,7066,219,23
29.577063,-82.423915,2026-08-20 00:22:56.891388416,13,5225,258,29
24.424493,-102.134504,2026-08-20 00:22:57.329242880,13,8197,262,36
38.081152,-104.264234,2026-08-20 00:22:58.475171584,13,6808,73,41
30.432907,-87.850536,2026-08-20 00:22:58.786825472,13,5519,225,30
32.252631,-87.978911,2026-08-20 00:23:00.337162496,13,8112,216,47
32.541796,-87.784591,2026-08-20 00:23:00.337260800,13,9173,239,62
32.342178,-87.875357,2026-08-20 00:23:00.409838592,13,6680,119,28
18.504443,-94.346523,2026-08-20 00:23:01.488775680,13,9539,255,40
33.821004,-109.619822,2026-08-20 00:23:01.709366016,13,12964,73,32
34.082964,-109.522938,2026-08-20 00:23:01.709454080,13,6132,270,24
33.793342,-109.611056,2026-08-20 00:23:01.776320000,13,10133,87,24
32.296741,-89.358174,2026-08-20 00:23:02.160390144,13,4199,204,65
32.403368,-89.376421,2026-08-20 00:23:02.160430848,13,9442,215,46
31.88125,-110.474769,2026-08-20 00:23:03.710641408,13,14243,188,23
40.190769,-90.197654,2026-08-20 00:23:05.168851712,13,12640,108,26
30.410649,-87.982542,2026-08-20 00:23:05.317426688,13,11256,140,86
30.415044,-87.978225,2026-08-20 00:23:05.317435392,13,4223,221,66
30.768084,-87.96205,2026-08-20 00:23:05.317597184,13,11938,263,31
31.983461,-87.236045,2026-08-20 00:23:07.194001152,13,8159,125,53
31.915203,-87.244833,2026-08-20 00:23:07.194013440,13,12031,220,39
32.101513,-87.36559,2026-08-20 00:23:07.500660992,13,14397,188,31
33.95113,-109.799584,2026-08-20 00:23:07.804845312,13,11977,111,30
31.819998,-110.926025,2026-08-20 00:23:08.705193472,13,8881,151,25
40.479849,-90.074343,2026-08-20 00:23:09.414293248,13,14758,197,22
40.521677,-89.898033,2026-08-20 00:23:09.433107712,13,14642,51,30
40.528859,-89.902467,2026-08-20 00:23:09.674785792,13,6277,101,14
32.675219,-108.991214,2026-08-20 00:23:10.689073408,13,13538,61,31
32.7479,-108.94545,2026-08-20 00:23:10.757040128,13,11455,103,39
32.711732,-108.943022,2026-08-20 00:23:10.757076736,13,5615,230,27
31.041311,-88.833349,2026-08-20 00:23:11.258182656,13,5685,235,18
31.213575,-88.980028,2026-08-20 00:23:11.555918080,13,5057,229,34
31.102935,-87.677059,2026-08-20 00:23:15.776560640,13,11023,137,40
32.651147,-108.832928,2026-08-20 00:23:17.249583616,13,13722,62,22
32.504572,-88.780394,2026-08-20 00:23:17.660046080,13,14776,200,27
40.577497,-89.185672,2026-08-20 00:23:20.156321792,13,12957,72,93
40.565212,-89.253937,2026-08-20 00:23:20.156317184,13,6382,207,72
40.084646,-92.636578,2026-08-20 00:23:20.369348608,13,14343,146,113
40.033895,-92.627238,2026-08-20 00:23:20.369367296,13,6645,170,93
40.092019,-92.619459,2026-08-20 00:23:20.943514112,13,9857,117,49
40.065477,-92.72873,2026-08-20 00:23:20.943533824,13,7383,118,37
31.660919,-86.861747,2026-08-20 00:23:21.64802816,13,14102,222,37
30.452043,-82.211924,2026-08-20 00:23:21.369659392,13,10356,239,24
31.65667,-86.822998,2026-08-20 00:23:21.668933376,13,8481,134,45
30.175517,-87.635953,2026-08-20 00:23:21.745927680,13,12632,253,33
30.183107,-87.570554,2026-08-20 00:23:21.780022528,13,5181,257,23
45.634234,-74.811457,2026-08-20 00:23:22.465532672,13,8398,70,29
35.783198,-108.936403,2026-08-20 00:23:23.238117376,13,10739,88,30
35.904703,-108.84787,2026-08-20 00:23:23.238160384,13,9184,247,18
24.978356,-106.252227,2026-08-20 00:23:25.99613440,13,8711,198,53
25.162643,-106.344864,2026-08-20 00:23:25.99694592,13,13326,237,46
41.074929,-90.228384,2026-08-20 00:23:25.396307968,13,6198,164,62
41.078914,-90.187429,2026-08-20 00:23:25.396317440,13,7598,106,50
18.434937,-94.315636,2026-08-20 00:23:26.294759936,13,5679,243,33
29.656636,-82.40975,2026-08-20 00:23:26.561627392,13,7080,214,37
31.639103,-87.268489,2026-08-20 00:23:26.811015424,13,10587,129,53
31.613605,-87.257772,2026-08-20 00:23:26.811013120,13,13125,129,60
31.019642,-88.837292,2026-08-20 00:23:27.487742464,13,7934,237,20
39.566648,-93.253522,2026-08-20 00:23:27.618727936,13,11164,183,16
33.393292,-109.796858,2026-08-20 00:23:28.454376192,13,13274,117,25
40.083473,-85.532508,2026-08-20 00:23:29.301533440,13,9823,138,28
40.092616,-85.548067,2026-08-20 00:23:29.340533760,13,14520,79,17
36.897009,-69.805046,2026-08-20 00:23:31.117250048,13,7726,260,65
36.846671,-69.782472,2026-08-20 00:23:31.117300736,13,13981,203,42
36.865946,-69.738318,2026-08-20 00:23:31.158002176,13,3617,265,40
36.872888,-69.775587,2026-08-20 00:23:31.158056960,13,11215,206,28
36.875774,-69.785861,2026-08-20 00:23:31.205462784,13,5791,265,30
34.059169,-109.841955,2026-08-20 00:23:32.612314880,13,10266,96,33
34.028109,-109.812984,2026-08-20 00:23:32.715634176,13,14555,105,23
26.340941,-107.701927,2026-08-20 00:23:33.283578368,13,12679,246,37
31.148118,-87.165507,2026-08-20 00:23:33.639356416,13,14611,129,26
38.075218,-104.328371,2026-08-20 00:23:36.290636544,13,8038,113,36
38.128647,-104.308965,2026-08-20 00:23:36.290659840,13,5399,240,27
38.075781,-104.363875,2026-08-20 00:23:36.361012224,13,7005,102,32
30.16029,-82.399243,2026-08-20 00:23:37.316519424,13,7883,237,46
33.817541,-109.546142,2026-08-20 00:23:40.437484800,13,10932,148,34
33.939837,-109.724975,2026-08-20 00:23:42.273829632,13,14483,68,23
28.587958,-82.241086,2026-08-20 00:23:42.910854656,13,12599,251,27
35.102682,-71.406123,2026-08-20 00:23:43.668377344,13,5399,252,120
35.14072,-71.42421,2026-08-20 00:23:43.668394240,13,3549,263,103
35.142202,-71.425597,2026-08-20 00:23:43.668401408,13,5055,250,69
32.170097,-87.597278,2026-08-20 00:23:46.631412736,13,7307,235,22
28.217269,-81.676319,2026-08-20 00:23:48.226162944,13,9559,164,21
14.315363,-99.265124,2026-08-20 00:23:49.89315328,13,14130,270,53
37.457716,-65.660479,2026-08-20 00:23:49.203168000,13,9678,264,40
33.590807,-103.967614,2026-08-20 00:23:49.409976064,13,7321,222,26
33.350724,-109.985486,2026-08-20 00:23:49.714111232,13,5899,166,48
33.975017,-109.780843,2026-08-20 00:23:49.882944256,13,10802,105,31
30.495776,-87.921001,2026-08-20 00:23:49.961596416,13,6296,218,43
34.082612,-109.698123,2026-08-20 00:23:50.20235776,13,11022,190,30
37.301093,-104.001183,2026-08-20 00:23:51.62661120,13,3789,162,72
37.376132,-104.129335,2026-08-20 00:23:51.62614528,13,5673,216,67
33.998899,-103.996171,2026-08-20 00:23:51.268057344,13,3467,192,27
29.698738,-82.393749,2026-08-20 00:23:52.793649408,13,8183,242,34
30.149186,-87.717673,2026-08-20 00:23:57.539969280,13,6347,253,55
30.171371,-87.762875,2026-08-20 00:23:57.539979520,13,7916,257,42
40.387592,-86.646365,2026-08-20 00:23:58.33017088,13,8355,73,74
40.369621,-86.704635,2026-08-20 00:23:58.33021184,13,4329,203,58
40.38498,-86.707817,2026-08-20 00:23:58.33028352,13,9124,130,44
31.499311,-112.391176,2026-08-20 00:23:58.162303744,13,8689,137,44
31.527113,-112.411652,2026-08-20 00:23:58.162354176,13,6776,225,32
31.501478,-112.434401,2026-08-20 00:23:58.424165376,13,11418,188,24
34.668453,-72.400627,2026-08-20 00:24:00.140839680,13,4368,262,48
34.704058,-72.399396,2026-08-20 00:24:00.140851456,13,7638,218,36
34.632974,-72.383644,2026-08-20 00:24:00.140881920,13,13271,201,22
28.599031,-81.326738,2026-08-20 00:24:00.647642368,13,10934,114,33
28.712672,-81.360678,2026-08-20 00:24:00.647728128,13,6288,248,20
39.960688,-92.470296,2026-08-20 00:24:00.913969408,13,12567,117,25
38.066648,-104.382693,2026-08-20 00:24:01.261833472,13,14669,73,19
32.635224,-108.922957,2026-08-20 00:24:04.221359360,13,12958,105,34
32.694796,-108.942571,2026-08-20 00:24:04.221372160,13,13266,189,19
30.463637,-88.026653,2026-08-20 00:24:04.892965120,13,6980,218,32
28.865138,-82.20581,2026-08-20 00:24:04.984817408,13,12364,259,47
28.503806,-81.948263,2026-08-20 00:24:04.984716288,13,7572,248,40
30.456453,-88.034591,2026-08-20 00:24:05.250777600,13,9032,220,21
31.353061,-86.940872,2026-08-20 00:24:05.442573312,13,10827,249,22
28.534723,-81.561249,2026-08-20 00:24:06.211392512,13,13581,91,27
28.699137,-81.643291,2026-08-20 00:24:06.211445248,13,7607,251,15
38.481947,-100.767715,2026-08-20 00:24:06.882503424,13,12027,104,60
38.476746,-100.795716,2026-08-20 00:24:06.882494208,13,6523,196,47
30.254485,-81.852929,2026-08-20 00:24:08.538249984,13,13723,140,17
32.220221,-87.768727,2026-08-20 00:24:08.922079488,13,10087,192,27
31.649899,-86.828574,2026-08-20 00:24:09.197310208,13,12243,206,30
31.624823,-86.805153,2026-08-20 00:24:09.273230336,13,13026,122,20
31.562277,-86.834644,2026-08-20 00:24:09.378311680,13,13959,129,28
31.634314,-86.88277,2026-08-20 00:24:09.858386688,13,7871,212,29
39.864815,-92.980504,2026-08-20 00:24:11.379856128,13,13703,96,27
30.662451,-83.515982,2026-08-20 00:24:11.481369600,13,6833,228,28
30.598643,-83.555996,2026-08-20 00:24:11.481381632,13,3105,231,32
30.610245,-83.516375,2026-08-20 00:24:11.609448192,13,10435,181,58
30.85337,-83.690519,2026-08-20 00:24:11.675629824,13,13982,229,26
30.67263,-83.532058,2026-08-20 00:24:11.867111936,13,6112,229,48
30.623659,-83.563902,2026-08-20 00:24:11.867120128,13,9935,230,40
39.696293,-93.058463,2026-08-20 00:24:13.144662016,13,6108,176,25
38.795964,137.251612,2026-08-20 00:20:15.111104512,14,6426,197,35
38.744763,137.269177,2026-08-20 00:20:15.156290048,14,7755,215,39
38.787078,137.276627,2026-08-20 00:20:15.156275200,14,7841,165,21
38.787339,137.270236,2026-08-20 00:20:15.178824448,14,2865,177,21
38.835167,137.244354,2026-08-20 00:20:15.291548672,14,4971,198,29
38.717872,137.267485,2026-08-20 00:20:15.372103424,14,2278,214,31
38.776526,137.264042,2026-08-20 00:20:15.480320512,14,5045,196,26
38.781823,137.262056,2026-08-20 00:20:15.975895552,14,3974,177,18
38.693708,137.265745,2026-08-20 00:20:43.85771520,14,5029,216,39
38.740861,137.279985,2026-08-20 00:20:43.85754368,14,7482,169,21
38.905913,139.211591,2026-08-20 00:21:00.518324992,14,5191,159,27
38.761511,137.467133,2026-08-20 00:21:03.3149568,14,5599,193,28
38.720997,137.261803,2026-08-20 00:21:08.829827328,14,3176,214,29
38.775083,137.349285,2026-08-20 00:21:08.829835776,14,13108,169,15
38.79912,137.237046,2026-08-20 00:21:09.9892352,14,3332,225,41
38.779956,137.261382,2026-08-20 00:21:09.9903104,14,5144,170,29
20.716356,120.563571,2026-08-20 00:21:19.720785408,14,7112,218,32
20.777104,120.469246,2026-08-20 00:21:19.839913984,14,10338,201,22
38.750607,137.33695,2026-08-20 00:21:22.927604224,14,7229,221,52
38.738893,137.360163,2026-08-20 00:21:22.927612160,14,5892,166,34
38.760634,137.34711,2026-08-20 00:21:23.10665216,14,4644,176,20
38.743987,137.333181,2026-08-20 00:21:23.91356160,14,4179,176,21
27.456613,120.68378,2026-08-20 00:21:28.942495488,14,3941,222,25
38.810419,137.3026,2026-08-20 00:21:55.91990528,14,10471,223,35
38.739427,137.315893,2026-08-20 00:22:21.149919744,14,5649,214,36
38.791122,137.322646,2026-08-20 00:22:21.149903360,14,8050,170,23
38.748833,137.33501,2026-08-20 00:22:21.204476416,14,3014,215,33
38.79588,137.452397,2026-08-20 00:22:21.204482816,14,12747,169,26
38.790068,137.290917,2026-08-20 00:22:21.273736192,14,3112,225,41
38.790987,137.301224,2026-08-20 00:22:21.273739008,14,5190,195,29
38.798388,137.36937,2026-08-20 00:22:21.350448128,14,8341,195,29
38.707814,137.294319,2026-08-20 00:22:21.577170432,14,5074,178,24
20.816547,126.665786,2026-08-20 00:22:21.716297216,14,10583,169,30
38.963687,137.787151,2026-08-20 00:22:26.579454208,14,11847,173,23
38.741294,137.32268,2026-08-20 00:22:46.549977088,14,3791,224,49
38.738291,137.342669,2026-08-20 00:22:46.549981952,14,11463,175,34
38.676612,137.32575,2026-08-20 00:22:46.601387008,14,5792,214,37
38.738672,137.325803,2026-08-20 00:22:46.601367808,14,5100,169,21
38.685314,137.334401,2026-08-20 00:22:46.622986752,14,3474,212,28
38.733215,137.334837,2026-08-20 00:22:46.622965760,14,8503,169,17
38.736884,137.322627,2026-08-20 00:22:46.650892800,14,5269,196,29
38.681394,137.336393,2026-08-20 00:22:46.684653568,14,3883,212,33
38.733147,137.344042,2026-08-20 00:22:46.684637696,14,5013,169,18
38.739646,137.314932,2026-08-20 00:22:46.822117120,14,12339,166,40
38.743373,137.330391,2026-08-20 00:22:46.822119424,14,5075,164,26
38.732232,137.309818,2026-08-20 00:22:47.8643840,14,12755,176,24
38.737234,137.324358,2026-08-20 00:22:47.63623168,14,4771,176,18
38.687402,137.335098,2026-08-20 00:22:47.105703680,14,5287,212,34
38.736016,137.337257,2026-08-20 00:22:47.105686528,14,6074,169,20
27.292973,120.618821,2026-08-20 00:22:58.91081216,14,9789,181,49
38.783651,137.455177,2026-08-20 00:22:58.637783552,14,7940,196,17
38.760489,137.431942,2026-08-20 00:22:58.721573888,14,3983,212,32
38.810501,137.52344,2026-08-20 00:22:58.721569536,14,11747,168,18
38.789134,137.424213,2026-08-20 00:22:58.804796160,14,7111,194,24
38.730532,137.440883,2026-08-20 00:22:58.963251456,14,3589,211,28
38.788222,137.438627,2026-08-20 00:22:59.51456768,14,6415,175,21
38.784134,137.435311,2026-08-20 00:22:59.200598528,14,6887,194,28
38.733378,137.361693,2026-08-20 00:23:04.644748032,14,11636,175,17
38.75244,137.349898,2026-08-20 00:23:04.721761024,14,8427,176,26
38.918358,138.874627,2026-08-20 00:23:17.229513472,14,7302,166,35
38.747472,137.341922,2026-08-20 00:23:59.599161088,14,7086,223,51
38.75131,137.348477,2026-08-20 00:23:59.599160320,14,3100,195,34
38.746491,137.379376,2026-08-20 00:23:59.599160320,14,6218,164,19
38.700987,137.379674,2026-08-20 00:23:59.762977024,14,4910,213,48
38.75299,137.408012,2026-08-20 00:23:59.762964480,14,6691,173,31
38.696495,137.393645,2026-08-20 00:23:59.837617664,14,2888,213,29
38.747953,137.392759,2026-08-20 00:23:59.837596160,14,5606,168,27
38.708788,137.335844,2026-08-20 00:23:59.899274496,14,7330,214,42
38.749187,137.345268,2026-08-20 00:23:59.899256320,14,9451,169,24
38.758802,137.324045,2026-08-20 00:23:59.968901632,14,6828,195,26
38.714109,137.374385,2026-08-20 00:23:59.971531264,14,3448,260,25
38.757338,137.374649,2026-08-20 00:23:59.971519488,14,5263,175,22
46.910027,43.090674,2026-08-20 00:20:00.501132544,11,12277,245,25
45.363436,37.866964,2026-08-20 00:20:02.147746816,11,10843,238,176
51.169956,16.583856,2026-08-20 00:20:02.700062464,11,9191,96,112
45.073454,4.889254,2026-08-20 00:20:04.700287744,11,6695,112,104
45.290562,4.966624,2026-08-20 00:20:04.700372480,11,6233,226,144
41.979065,2.757799,2026-08-20 00:20:08.294734080,11,11975,239,81
42.004123,2.763634,2026-08-20 00:20:08.294747392,11,8558,198,222
51.33169,17.331208,2026-08-20 00:20:10.763528192,11,8263,92,172
51.32909,17.303645,2026-08-20 00:20:10.763544576,11,11982,102,179
47.677876,12.37964,2026-08-20 00:20:17.253635840,11,11010,115,207
45.674376,38.180266,2026-08-20 00:20:18.992664576,11,7570,239,109
43.047344,2.468808,2026-08-20 00:20:26.858674432,11,10266,155,210
43.019425,2.433296,2026-08-20 00:20:26.858672640,11,3374,241,472
47.202952,9.937512,2026-08-20 00:20:29.899056896,11,7551,67,85
47.197499,9.965033,2026-08-20 00:20:29.899069440,11,12953,103,74
47.403767,9.805694,2026-08-20 00:20:29.899143680,11,10617,217,60
47.221854,9.962617,2026-08-20 00:20:29.899157248,11,8498,201,46
51.16469,16.600282,2026-08-20 00:20:30.188904448,11,10704,67,47
47.655806,12.580141,2026-08-20 00:20:38.931892992,11,3862,97,169
47.649432,12.576383,2026-08-20 00:20:38.931896576,11,7951,99,155
47.681727,12.577466,2026-08-20 00:20:38.931895296,11,13842,141,136
47.681073,12.658219,2026-08-20 00:20:38.931896576,11,6840,239,123
47.648282,12.584621,2026-08-20 00:20:38.931923712,11,13000,86,110
47.638055,12.575139,2026-08-20 00:20:38.931914496,11,9326,118,60
50.762226,16.191218,2026-08-20 00:20:43.606485248,11,14037,50,102
47.746019,12.717856,2026-08-20 00:20:45.7806464,11,14638,95,93
47.740928,12.731196,2026-08-20 00:20:45.7802624,11,14856,128,202
47.755267,12.739751,2026-08-20 00:20:45.7806208,11,13532,106,181
47.949941,13.230395,2026-08-20 00:20:55.312410624,11,12328,125,88
47.917637,13.212701,2026-08-20 00:20:55.312410880,11,13964,45,154
47.937269,13.202732,2026-08-20 00:20:55.312412160,11,7348,112,132
47.939422,13.213263,2026-08-20 00:20:55.312421376,11,10452,201,116
51.394239,16.42932,2026-08-20 00:20:58.561533184,11,8091,56,209
51.295339,16.635951,2026-08-20 00:20:58.744747520,11,6794,101,208
51.188946,16.460937,2026-08-20 00:21:03.924793856,11,11703,156,23
47.19108,9.995304,2026-08-20 00:21:06.288363520,11,14740,129,45
46.482179,43.047087,2026-08-20 00:21:08.563672320,11,7090,239,77
47.274143,10.113864,2026-08-20 00:21:19.175523584,11,8752,94,135
47.292134,10.10511,2026-08-20 00:21:19.175532544,11,10924,130,207
47.288332,10.117798,2026-08-20 00:21:19.175522304,11,12656,91,185
45.910169,11.917563,2026-08-20 00:21:20.933562112,11,7209,69,86
45.914094,11.893367,2026-08-20 00:21:20.933561856,11,14268,54,89
45.9349,11.888852,2026-08-20 00:21:20.933569024,11,8961,142,68
45.927676,11.897405,2026-08-20 00:21:20.933573632,11,7582,94,53
45.121674,6.055975,2026-08-20 00:21:28.83422208,11,7549,160,59
45.091023,6.044963,2026-08-20 00:21:28.83415552,11,14774,163,64
45.267629,6.002287,2026-08-20 00:21:28.83501056,11,9470,236,45
45.112756,6.06031,2026-08-20 00:21:28.83506432,11,8684,230,40
50.378815,15.890253,2026-08-20 00:21:34.746660096,11,9169,78,147
50.377193,15.907783,2026-08-20 00:21:34.746664960,11,6832,77,277
50.387828,15.931193,2026-08-20 00:21:34.746663936,11,7940,192,256
50.385382,15.92904,2026-08-20 00:21:34.746663680,11,5218,223,236
44.723927,37.911843,2026-08-20 00:21:40.235393280,11,5644,260,115
50.460952,15.845208,2026-08-20 00:21:47.845730560,11,13421,113,34
44.178895,2.836866,2026-08-20 00:21:49.833021952,11,3251,240,191
44.164091,2.832261,2026-08-20 00:21:49.833015552,11,5776,142,385
44.164459,2.813248,2026-08-20 00:21:49.833019648,11,12183,132,367
44.175731,2.808768,2026-08-20 00:21:49.833021696,11,5190,157,344
45.918501,12.014642,2026-08-20 00:21:52.730922240,11,9539,90,41
45.916704,12.012826,2026-08-20 00:21:52.730924032,11,12944,123,35
45.898423,11.998523,2026-08-20 00:21:52.730993408,11,6500,172,22
45.914641,11.906404,2026-08-20 00:21:59.533533440,11,5871,166,22
51.313563,16.66141,2026-08-20 00:22:02.546499328,11,7809,76,44
51.317269,16.678876,2026-08-20 00:22:02.546504448,11,5328,161,111
45.923943,12.043198,2026-08-20 00:22:07.353446400,11,14536,161,101
50.440229,15.919852,2026-08-20 00:22:08.918943488,11,11249,57,365
50.429846,15.913155,2026-08-20 00:22:08.918951680,11,9788,87,259
50.44575,15.928597,2026-08-20 00:22:08.918951424,11,8653,80,65
45.935178,11.909789,2026-08-20 00:22:10.400923648,11,14896,99,84
43.842442,3.905839,2026-08-20 00:22:11.112620288,11,7987,89,298
43.861725,3.894747,2026-08-20 00:22:11.112633088,11,8137,146,137
51.194122,16.642188,2026-08-20 00:22:17.580989440,11,7578,86,119
47.692064,12.690869,2026-08-20 00:22:20.795314944,11,11625,75,147
50.388142,15.910231,2026-08-20 00:22:22.660816128,11,13842,75,110
50.415651,15.923021,2026-08-20 00:22:22.660834048,11,14359,61,135
50.39532,15.998714,2026-08-20 00:22:22.660818688,11,11054,210,116
50.418505,15.957335,2026-08-20 00:22:22.660833024,11,8426,176,102
50.16275,16.791368,2026-08-20 00:22:22.660705792,11,11756,259,78
43.865986,2.489036,2026-08-20 00:22:23.923698688,11,8251,143,49
43.840676,2.351894,2026-08-20 00:22:23.923767040,11,10588,160,44
43.822283,2.394555,2026-08-20 00:22:23.923772672,11,13442,238,31
45.987483,11.899882,2026-08-20 00:22:24.76253696,11,13752,189,25
45.767286,9.737145,2026-08-20 00:22:24.378054912,11,11119,121,19
51.319611,16.690825,2026-08-20 00:22:28.66834176,11,10409,104,52
51.322814,16.729125,2026-08-20 00:22:28.66848768,11,13633,106,77
51.327745,16.707271,2026-08-20 00:22:28.66840832,11,14641,189,60
51.267186,16.734523,2026-08-20 00:22:28.66930688,11,14540,200,41
47.893377,13.21932,2026-08-20 00:22:28.627024128,11,14554,106,38
47.846422,13.022062,2026-08-20 00:22:29.791694080,11,11362,65,103
47.164257,10.00787,2026-08-20 00:22:33.690417920,11,14285,115,164
45.672561,37.972041,2026-08-20 00:22:34.219470080,11,4868,258,37
47.199358,9.97129,2026-08-20 00:22:35.471150592,11,8389,97,31
45.923526,11.95032,2026-08-20 00:22:36.528953600,11,8884,82,224
45.923173,11.915212,2026-08-20 00:22:36.528958464,11,11239,122,244
45.906946,11.905554,2026-08-20 00:22:36.528957952,11,13742,59,227
45.917954,11.895867,2026-08-20 00:22:36.528961280,11,12874,94,208
44.69563,38.051015,2026-08-20 00:22:37.608545280,11,5838,254,40
44.708205,38.046322,2026-08-20 00:22:37.685301248,11,8072,210,42
44.734304,38.206864,2026-08-20 00:22:37.781307392,11,13682,224,35
50.258395,14.037931,2026-08-20 00:22:38.769933312,11,7837,120,162
50.247752,14.054166,2026-08-20 00:22:38.769935616,11,9136,132,191
50.252534,14.056617,2026-08-20 00:22:38.769933056,11,9181,82,171
51.007614,16.186695,2026-08-20 00:22:43.245906688,11,9617,99,220
45.888604,11.876828,2026-08-20 00:22:44.824336640,11,5366,150,197
36.965074,-69.847916,2026-08-20 00:22:48.637416960,11,9249,203,234
45.99792,11.86939,2026-08-20 00:22:50.720192000,11,9290,96,136
45.998383,11.862698,2026-08-20 00:22:50.720195328,11,7875,73,205
45.992554,11.874657,2026-08-20 00:22:50.720195584,11,5517,57,185
45.968727,11.922054,2026-08-20 00:22:50.720209920,11,7401,88,168
51.167216,16.657647,2026-08-20 00:22:53.239083520,11,12666,53,75
43.981098,4.029151,2026-08-20 00:22:56.455684608,11,5839,110,117
43.780754,3.642575,2026-08-20 00:23:13.603721472,11,5090,198,241
43.761229,3.642159,2026-08-20 00:23:13.603716096,11,8741,147,239
45.89569,11.881364,2026-08-20 00:23:24.365360384,11,9602,80,155
45.880993,11.935511,2026-08-20 00:23:24.365357824,11,8534,207,293
45.962956,11.875268,2026-08-20 00:23:24.365381376,11,13541,179,282
45.97274,11.886289,2026-08-20 00:23:24.365387776,11,12813,193,169
41.985328,2.613372,2026-08-20 00:23:29.63417088,11,5851,182,46
42.034304,2.729386,2026-08-20 00:23:29.63450368,11,10073,195,182
42.034361,2.721482,2026-08-20 00:23:29.63450880,11,8550,201,169
42.019834,2.732724,2026-08-20 00:23:29.63442432,11,7286,240,101
49.678328,-59.178776,2026-08-20 00:23:29.815379712,11,10386,188,103
45.996298,11.893571,2026-08-20 00:23:38.763713792,11,7473,155,74
43.411468,2.352746,2026-08-20 00:23:41.328037376,11,8863,112,267
43.411634,2.350731,2026-08-20 00:23:41.328045824,11,6289,123,339
50.254735,14.07833,2026-08-20 00:23:42.232118528,11,7646,43,224
35.075589,-71.386587,2026-08-20 00:23:43.668378624,11,10928,203,408
51.202923,16.716208,2026-08-20 00:23:45.577247488,11,5583,80,75
51.198419,16.757359,2026-08-20 00:23:45.577251328,11,6636,150,75
47.270067,10.122841,2026-08-20 00:23:49.178339584,11,6910,54,192
45.951057,11.938238,2026-08-20 00:23:49.373438464,11,9668,79,87
48.236321,15.158522,2026-08-20 00:23:59.885586432,11,7056,83,48
43.835932,2.452893,2026-08-20 00:24:02.490740736,11,9115,252,36
43.876237,2.443931,2026-08-20 00:24:02.490749184,11,5965,235,31
51.337081,16.54876,2026-08-20 00:24:04.336399616,11,12334,85,21
45.961505,11.943632,2026-08-20 00:24:04.791686144,11,7142,183,243
45.958667,11.932778,2026-08-20 00:24:04.791727360,11,8523,91,229
45.909845,12.002833,2026-08-20 00:24:07.110970368,11,9470,109,84
45.91205,11.950909,2026-08-20 00:24:07.110977792,11,7470,122,147
45.931851,11.991775,2026-08-20 00:24:07.110966016,11,5793,61,134
45.938759,11.982017,2026-08-20 00:24:07.110985472,11,9275,156,119
45.929178,11.983301,2026-08-20 00:24:07.110990848,11,12008,64,106
45.97263,11.979271,2026-08-20 00:24:07.111075328,11,11625,184,86
44.688116,38.070021,2026-08-20 00:24:07.600461824,11,7015,252,39
50.435228,15.917723,2026-08-20 00:24:10.615767808,11,6876,54,53
50.441101,15.927926,2026-08-20 00:24:10.615762432,11,11923,64,75
47.822441,13.018841,2026-08-20 00:24:12.999666688,11,8104,132,82
46.898295,43.087252,2026-08-20 00:20:00.501134592,12,11446,245,26
45.363436,37.866964,2026-08-20 00:20:02.147746816,12,10843,238,175
51.169956,16.583856,2026-08-20 00:20:02.700062464,12,9191,96,110
45.073454,4.889254,2026-08-20 00:20:04.700287744,12,6695,112,101
45.290562,4.966624,2026-08-20 00:20:04.700372480,12,6233,226,143
45.07582,4.908299,2026-08-20 00:20:04.700290816,12,10607,148,119
41.99983,2.751977,2026-08-20 00:20:08.294741504,12,10122,174,100
42.015044,2.772481,2026-08-20 00:20:08.294744320,12,6866,211,235
41.977856,2.750373,2026-08-20 00:20:08.294740992,12,5454,248,223
42.011328,2.759804,2026-08-20 00:20:08.294743296,12,10249,189,208
51.33169,17.331208,2026-08-20 00:20:10.763528192,12,8263,92,168
51.32909,17.303645,2026-08-20 00:20:10.763544576,12,11982,102,179
47.675521,12.362155,2026-08-20 00:20:17.253636608,12,14580,79,205
45.674376,38.180266,2026-08-20 00:20:18.992664576,12,7570,239,107
43.047418,2.470162,2026-08-20 00:20:26.858674432,12,10067,155,192
43.019425,2.433296,2026-08-20 00:20:26.858672640,12,3374,241,470
47.19817,9.925718,2026-08-20 00:20:29.899059456,12,5664,72,82
47.190851,9.967919,2026-08-20 00:20:29.899068672,12,11390,67,76
47.452666,9.838815,2026-08-20 00:20:29.899163136,12,9200,230,63
47.655806,12.580141,2026-08-20 00:20:38.931892992,12,3862,97,168
47.649432,12.576383,2026-08-20 00:20:38.931896576,12,7951,99,154
47.681727,12.577466,2026-08-20 00:20:38.931895296,12,13842,141,135
47.681073,12.658219,2026-08-20 00:20:38.931896576,12,6840,239,122
47.648282,12.584621,2026-08-20 00:20:38.931923712,12,13000,86,109
47.641527,12.590738,2026-08-20 00:20:38.931913728,12,7489,118,91
50.762226,16.191218,2026-08-20 00:20:43.606485248,12,14037,50,90
47.746019,12.717856,2026-08-20 00:20:45.7806464,12,14638,95,92
47.740928,12.731196,2026-08-20 00:20:45.7802624,12,14856,128,202
47.755267,12.739751,2026-08-20 00:20:45.7806208,12,13532,106,181
36.528935,-70.409392,2026-08-20 00:20:51.242996224,12,10632,240,91
47.949941,13.230395,2026-08-20 00:20:55.312410624,12,12328,125,88
47.917637,13.212701,2026-08-20 00:20:55.312410880,12,13964,45,154
47.93726,13.202722,2026-08-20 00:20:55.312412160,12,7345,112,132
47.939422,13.213263,2026-08-20 00:20:55.312421376,12,10452,201,115
51.394239,16.42932,2026-08-20 00:20:58.561533184,12,8091,65,202
51.29412,16.639298,2026-08-20 00:20:58.744747008,12,6461,57,242
51.188946,16.460937,2026-08-20 00:21:03.924793856,12,11703,156,23
47.209539,9.751316,2026-08-20 00:21:06.288414976,12,14413,130,42
46.482179,43.047087,2026-08-20 00:21:08.563672320,12,7090,239,79
45.361965,38.137604,2026-08-20 00:21:09.667681280,12,5263,255,62
47.274143,10.113864,2026-08-20 00:21:19.175523584,12,8752,94,135
47.292134,10.10511,2026-08-20 00:21:19.175532544,12,10924,130,209
47.288332,10.117798,2026-08-20 00:21:19.175522304,12,12656,91,187
45.910758,11.910102,2026-08-20 00:21:20.933561344,12,5957,69,86
45.9198,11.893064,2026-08-20 00:21:20.933564160,12,13982,54,92
45.933409,11.891554,2026-08-20 00:21:20.933570048,12,8785,142,71
45.923859,11.891578,2026-08-20 00:21:20.933571584,12,7229,94,57
45.062109,6.038848,2026-08-20 00:21:28.83415552,12,5501,122,62
45.080647,6.039186,2026-08-20 00:21:28.83416576,12,14543,163,64
45.091937,6.012443,2026-08-20 00:21:28.83493376,12,4533,247,43
45.108667,6.052411,2026-08-20 00:21:28.83502336,12,6825,236,36
36.659048,-70.310526,2026-08-20 00:21:32.213459200,12,11793,239,97
50.378815,15.890253,2026-08-20 00:21:34.746660096,12,9169,78,149
50.375529,15.899596,2026-08-20 00:21:34.746663424,12,7705,75,288
50.375666,15.904716,2026-08-20 00:21:34.746667776,12,7395,137,265
50.388516,15.931675,2026-08-20 00:21:34.746666496,12,7004,195,247
44.723927,37.911843,2026-08-20 00:21:40.235393280,12,5644,260,118
45.860597,11.916822,2026-08-20 00:21:41.407279360,12,14787,134,75
50.460952,15.845208,2026-08-20 00:21:47.845730560,12,13421,113,34
44.178895,2.836866,2026-08-20 00:21:49.833021952,12,3251,240,190
44.164091,2.832261,2026-08-20 00:21:49.833015552,12,5776,142,386
44.164459,2.813248,2026-08-20 00:21:49.833019648,12,12183,132,368
44.175731,2.808768,2026-08-20 00:21:49.833021696,12,5190,157,345
45.918319,12.021753,2026-08-20 00:21:52.730919424,12,6783,73,86
45.925868,12.012637,2026-08-20 00:21:52.730921728,12,10190,59,62
45.90961,12.01112,2026-08-20 00:21:52.730922240,12,13272,123,39
45.898423,11.998523,2026-08-20 00:21:52.730993408,12,6500,172,22
45.914641,11.906404,2026-08-20 00:21:59.533533440,12,5871,166,22
51.302968,16.652709,2026-08-20 00:22:02.546501888,12,6705,89,42
51.325154,16.677985,2026-08-20 00:22:02.546498304,12,13101,161,116
43.639086,-0.75513,2026-08-20 00:22:05.252507904,12,13923,93,187
43.641457,-0.776487,2026-08-20 00:22:05.252515328,12,8712,133,311
45.923943,12.043198,2026-08-20 00:22:07.353446400,12,14536,161,109
50.440229,15.919852,2026-08-20 00:22:08.918943488,12,11249,57,366
50.439954,15.919761,2026-08-20 00:22:08.918948096,12,11968,87,231
45.935178,11.909789,2026-08-20 00:22:10.400923648,12,14896,99,84
43.842446,3.905845,2026-08-20 00:22:11.112620288,12,7988,89,299
43.850246,3.905068,2026-08-20 00:22:11.112628224,12,13551,107,86
51.19399,16.679555,2026-08-20 00:22:17.580997376,12,8282,79,113
47.692064,12.690869,2026-08-20 00:22:20.795314944,12,11625,75,147
50.388142,15.910231,2026-08-20 00:22:22.660816128,12,13842,75,111
50.415651,15.923021,2026-08-20 00:22:22.660834048,12,14359,61,136
50.39532,15.998714,2026-08-20 00:22:22.660818688,12,11054,210,117
50.418505,15.957335,2026-08-20 00:22:22.660833024,12,8426,176,103
50.184246,16.695339,2026-08-20 00:22:22.660718848,12,11123,256,83
43.865986,2.489036,2026-08-20 00:22:23.923698688,12,8251,143,48
43.847008,2.372457,2026-08-20 00:22:23.923772672,12,11767,160,43
43.843589,2.435198,2026-08-20 00:22:23.923780864,12,5228,238,29
45.987483,11.899882,2026-08-20 00:22:24.76253696,12,13752,189,24
45.767286,9.737145,2026-08-20 00:22:24.378054912,12,11119,121,19
51.319611,16.690825,2026-08-20 00:22:28.66834176,12,10409,104,53
51.322814,16.729125,2026-08-20 00:22:28.66848768,12,13633,106,78
51.327745,16.707271,2026-08-20 00:22:28.66840832,12,14641,189,61
47.893377,13.21932,2026-08-20 00:22:28.627024128,12,14554,106,41
47.829898,12.97075,2026-08-20 00:22:29.791684608,12,7781,130,138
47.167157,9.999577,2026-08-20 00:22:33.690416384,12,14356,83,135
45.902802,11.872919,2026-08-20 00:22:36.528973568,12,5894,94,142
45.90457,11.908492,2026-08-20 00:22:36.528955904,12,14260,59,232
45.917677,11.917574,2026-08-20 00:22:36.528957952,12,8119,105,213
45.941868,11.916034,2026-08-20 00:22:36.528979968,12,9707,183,198
45.947039,11.893347,2026-08-20 00:22:36.528984832,12,6644,163,185
44.69563,38.051015,2026-08-20 00:22:37.608545280,12,5838,254,40
44.708205,38.046322,2026-08-20 00:22:37.685301248,12,8072,210,43
44.745506,37.905041,2026-08-20 00:22:37.781384960,12,11914,262,27
50.258395,14.037931,2026-08-20 00:22:38.769933312,12,7837,120,161
50.253516,14.042507,2026-08-20 00:22:38.769934336,12,7689,132,189
50.256427,14.057214,2026-08-20 00:22:38.769930496,12,8278,82,169
51.017073,16.191681,2026-08-20 00:22:43.245905664,12,5779,99,220
45.878108,11.881771,2026-08-20 00:22:44.824337408,12,7687,150,165
36.965043,-69.847957,2026-08-20 00:22:48.637416960,12,9245,203,236
45.99792,11.86939,2026-08-20 00:22:50.720192000,12,9290,96,122
45.998383,11.862698,2026-08-20 00:22:50.720195328,12,7875,73,206
45.992554,11.874657,2026-08-20 00:22:50.720195584,12,5517,57,186
45.968727,11.922054,2026-08-20 00:22:50.720209920,12,7401,88,169
45.951715,11.886838,2026-08-20 00:22:50.720211200,12,12011,105,158
43.944157,4.006573,2026-08-20 00:22:56.455676672,12,5442,264,78
47.274823,10.095735,2026-08-20 00:22:58.132938752,12,6548,68,261
47.276626,10.111018,2026-08-20 00:22:58.132937216,12,2542,143,251
45.931506,11.948864,2026-08-20 00:23:03.623983104,12,14893,84,30
43.758223,3.649265,2026-08-20 00:23:13.603718400,12,6832,90,266
43.763799,3.635269,2026-08-20 00:23:13.603718912,12,10158,130,183
45.89569,11.881364,2026-08-20 00:23:24.365360384,12,9602,80,155
45.863655,11.948427,2026-08-20 00:23:24.365353216,12,5957,210,294
41.985328,2.613372,2026-08-20 00:23:29.63417088,12,5851,182,46
42.034304,2.729386,2026-08-20 00:23:29.63450368,12,10073,195,182
42.034361,2.721482,2026-08-20 00:23:29.63450880,12,8550,201,169
42.008309,2.716764,2026-08-20 00:23:29.63439104,12,9421,237,77
45.996357,11.89352,2026-08-20 00:23:38.763713792,12,7469,155,74
47.245616,10.062474,2026-08-20 00:23:39.726164736,12,13571,112,40
47.255867,9.95652,2026-08-20 00:23:39.726138368,12,12466,116,34
47.230684,9.982609,2026-08-20 00:23:39.759818496,12,10357,97,44
47.247474,9.952229,2026-08-20 00:23:39.759828736,12,13030,90,31
43.411468,2.352746,2026-08-20 00:23:41.328037376,12,8863,112,267
43.411634,2.350731,2026-08-20 00:23:41.328045824,12,6289,123,338
50.254735,14.07833,2026-08-20 00:23:42.232118528,12,7646,43,221
35.075589,-71.386587,2026-08-20 00:23:43.668378624,12,10928,203,408
51.202923,16.716208,2026-08-20 00:23:45.577247488,12,5583,80,72
51.198419,16.757359,2026-08-20 00:23:45.577251328,12,6636,150,75
47.271298,10.123893,2026-08-20 00:23:49.178342656,12,7078,83,221
45.951057,11.938238,2026-08-20 00:23:49.373438464,12,9668,85,92
48.236321,15.158522,2026-08-20 00:23:59.885586432,12,7056,83,48
43.862471,2.450828,2026-08-20 00:24:02.490672640,12,13504,135,40
51.33711,16.548764,2026-08-20 00:24:04.336399616,12,12346,85,23
45.961505,11.943632,2026-08-20 00:24:04.791686144,12,7142,183,244
51.312553,16.691024,2026-08-20 00:24:05.15639296,12,9202,63,192
51.313218,16.68953,2026-08-20 00:24:05.15649024,12,10103,72,285
45.917781,12.007102,2026-08-20 00:24:07.110959104,12,14296,74,151
45.901229,12.01988,2026-08-20 00:24:07.110972160,12,13189,99,149
45.931854,11.99176,2026-08-20 00:24:07.110966016,12,5795,61,134
45.938769,11.982024,2026-08-20 00:24:07.110985472,12,9276,156,118
44.688116,38.070021,2026-08-20 00:24:07.600461824,12,7015,252,40
50.435228,15.917723,2026-08-20 00:24:10.615767808,12,6876,54,53
50.441101,15.927926,2026-08-20 00:24:10.615762432,12,11923,64,75
47.816976,13.032154,2026-08-20 00:24:12.999667712,12,12506,101,80
