49.027928,31.252304,2026-07-28 00:10:10.232791040,1,7870,244,204
48.921103,31.454806,2026-07-28 00:10:10.232745728,1,13447,199,185
48.936688,31.456898,2026-07-28 00:10:10.232803328,1,8774,244,175
48.940267,31.643561,2026-07-28 00:10:10.232754176,1,2291,259,152
48.962395,31.581272,2026-07-28 00:10:10.232771072,1,4408,221,126
13.277013,11.125489,2026-07-28 00:10:18.433118720,1,6926,189,30
40.390762,-75.780793,2026-07-28 00:11:06.431155200,1,13035,103,29
38.791373,-85.770527,2026-07-28 00:11:37.934733056,1,9970,97,25
36.505242,12.917706,2026-07-28 00:11:46.390288384,1,14612,246,98
36.445642,12.910912,2026-07-28 00:11:46.390338304,1,9196,248,218
36.503756,12.913911,2026-07-28 00:11:46.390362368,1,14779,258,204
36.670287,12.535991,2026-07-28 00:12:00.751360768,1,9013,244,19
48.475195,30.560096,2026-07-28 00:12:27.596870144,1,7789,190,306
48.456949,30.571144,2026-07-28 00:12:27.596870656,1,5898,260,285
48.529022,30.335176,2026-07-28 00:12:27.596931072,1,8155,248,268
48.498708,30.430664,2026-07-28 00:12:27.596910336,1,5332,166,252
49.106533,32.458314,2026-07-28 00:12:34.849811456,1,10249,248,46
49.117354,32.476695,2026-07-28 00:12:34.849807616,1,6152,245,38
49.146,32.400757,2026-07-28 00:12:34.849826048,1,6300,262,30
36.670406,12.534786,2026-07-28 00:12:35.243481088,1,6382,244,24
9.933709,12.051046,2026-07-28 00:12:50.489179648,1,11772,163,18
48.457452,30.549946,2026-07-28 00:12:57.886015744,1,10057,198,262
48.458793,30.57627,2026-07-28 00:12:57.886011648,1,8845,261,241
48.54914,30.295067,2026-07-28 00:12:57.886084352,1,11065,197,226
37.965606,136.607463,2026-07-28 00:10:00.159067392,2,6104,165,25
37.91811,136.604958,2026-07-28 00:10:00.192536832,2,5627,248,40
37.943585,136.595409,2026-07-28 00:10:00.192529920,2,7694,162,25
37.948169,136.612497,2026-07-28 00:10:00.220602368,2,3084,258,29
37.943539,136.613605,2026-07-28 00:10:00.657497600,2,2353,258,36
37.976795,136.701542,2026-07-28 00:10:00.657510400,2,5543,194,24
35.931436,136.310785,2026-07-28 00:10:00.672493568,2,12680,179,22
35.40386,137.111767,2026-07-28 00:10:02.193660672,2,11117,118,23
35.429882,137.145921,2026-07-28 00:10:02.296184320,2,9638,124,17
35.434876,137.138978,2026-07-28 00:10:02.482707200,2,10180,116,19
31.781777,139.018885,2026-07-28 00:10:02.667657728,2,4729,260,20
36.898175,137.470884,2026-07-28 00:10:04.394348800,2,5794,189,32
36.742234,134.563287,2026-07-28 00:10:04.980427520,2,13745,176,25
36.732622,134.581084,2026-07-28 00:10:05.91856384,2,3719,227,26
31.921438,139.525344,2026-07-28 00:10:06.74086656,2,7673,264,29
31.887223,139.564119,2026-07-28 00:10:06.236367872,2,7164,263,31
36.941851,137.09423,2026-07-28 00:10:07.472135680,2,6208,162,16
37.260696,137.015652,2026-07-28 00:10:08.208293632,2,6101,176,19
31.911479,139.505695,2026-07-28 00:10:08.737774080,2,14941,262,29
23.162997,159.167788,2026-07-28 00:10:12.190442496,2,9484,226,24
36.833024,134.448566,2026-07-28 00:10:13.728925440,2,9415,207,44
36.8278,134.441436,2026-07-28 00:10:13.728924928,2,6872,179,25
36.831899,134.445898,2026-07-28 00:10:13.808218624,2,9158,207,35
36.801291,134.464701,2026-07-28 00:10:14.297858304,2,2833,227,41
36.81915,134.457175,2026-07-28 00:10:14.297857536,2,6236,178,26
36.81947,134.449287,2026-07-28 00:10:14.538655744,2,4933,181,18
36.823955,134.600232,2026-07-28 00:10:14.607694592,2,11341,174,27
36.758988,134.537717,2026-07-28 00:10:14.722534400,2,5232,229,25
36.809525,134.59276,2026-07-28 00:10:14.761823744,2,7578,174,25
36.81505,134.608953,2026-07-28 00:10:15.269083392,2,10359,188,19
36.053594,136.119537,2026-07-28 00:10:16.7073536,2,3570,207,31
36.092002,136.105087,2026-07-28 00:10:16.7064832,2,6135,155,18
36.064235,136.111041,2026-07-28 00:10:16.72792832,2,5006,206,31
36.097442,136.069045,2026-07-28 00:10:16.133742080,2,12548,206,34
36.075882,136.430443,2026-07-28 00:10:17.652918784,2,11937,175,21
32.02086,139.581752,2026-07-28 00:10:19.197223168,2,3147,262,33
32.017537,139.582051,2026-07-28 00:10:19.346615808,2,2777,234,24
36.195647,136.131256,2026-07-28 00:10:19.912015360,2,5310,255,25
37.793156,134.873953,2026-07-28 00:10:21.129428480,2,10844,197,16
37.775028,134.909907,2026-07-28 00:10:21.134461696,2,9117,233,29
37.798679,134.883196,2026-07-28 00:10:21.134457600,2,8505,180,28
36.806214,136.373065,2026-07-28 00:10:22.378125312,2,8827,171,27
36.758124,134.662933,2026-07-28 00:10:24.731567104,2,4136,224,36
36.750767,134.666419,2026-07-28 00:10:24.731571456,2,4598,224,21
36.800854,134.639982,2026-07-28 00:10:24.915920896,2,10552,204,40
36.795354,134.643586,2026-07-28 00:10:24.915933184,2,6673,168,23
31.91111,139.540713,2026-07-28 00:10:25.825339904,2,3655,269,33
35.376044,137.118994,2026-07-28 00:10:27.422707968,2,2845,131,34
35.402065,137.108767,2026-07-28 00:10:27.422707456,2,10581,137,21
31.922815,139.489002,2026-07-28 00:10:28.790789888,2,12536,234,25
36.764433,134.570247,2026-07-28 00:10:28.955524864,2,10751,187,27
36.768995,134.558438,2026-07-28 00:10:29.14413312,2,10720,202,19
36.763931,134.559282,2026-07-28 00:10:29.93410816,2,10206,202,20
36.77391,134.565892,2026-07-28 00:10:29.288777984,2,10824,187,17
37.255488,137.028665,2026-07-28 00:10:31.711745536,2,10007,176,15
36.726589,134.689454,2026-07-28 00:10:33.510087680,2,13325,184,24
36.784912,134.615724,2026-07-28 00:10:33.642374400,2,12676,201,20
37.380945,136.716048,2026-07-28 00:10:34.184402944,2,6928,243,24
37.404992,136.740141,2026-07-28 00:10:34.409328384,2,8469,193,29
37.218016,136.639107,2026-07-28 00:10:34.610446848,2,7856,196,29
37.229239,136.646645,2026-07-28 00:10:34.630749696,2,9831,170,25
36.895991,134.373995,2026-07-28 00:10:38.9327616,2,8792,184,21
36.902851,134.382277,2026-07-28 00:10:38.210248704,2,8203,184,21
31.807047,139.018166,2026-07-28 00:10:40.965580032,2,3401,266,33
31.806327,138.988367,2026-07-28 00:10:40.965587200,2,10290,231,19
36.098807,136.200029,2026-07-28 00:10:41.281534720,2,4191,198,38
36.089585,136.228339,2026-07-28 00:10:41.281541120,2,7276,143,24
36.187233,136.262445,2026-07-28 00:10:41.375392768,2,7090,163,25
36.195819,136.233976,2026-07-28 00:10:41.835679744,2,4644,201,34
36.192156,136.251308,2026-07-28 00:10:41.835689728,2,13744,144,20
37.243639,137.070739,2026-07-28 00:10:46.383446016,2,9126,198,40
37.249907,137.067722,2026-07-28 00:10:46.383447552,2,10138,150,21
37.25051,137.086608,2026-07-28 00:10:46.444900864,2,9548,169,31
36.748894,134.560583,2026-07-28 00:10:48.873001216,2,6497,207,29
36.851968,134.410517,2026-07-28 00:10:49.792939264,2,10824,193,31
36.831686,134.424413,2026-07-28 00:10:49.856344320,2,6940,207,32
36.809623,134.431008,2026-07-28 00:10:49.956093696,2,4179,233,28
36.806934,134.646648,2026-07-28 00:10:50.113574144,2,10292,231,21
36.819609,134.431027,2026-07-28 00:10:50.250183936,2,3858,227,32
36.801607,134.434699,2026-07-28 00:10:50.385531648,2,4798,227,27
36.086748,136.219315,2026-07-28 00:10:52.286265088,2,10459,153,19
36.080744,136.214197,2026-07-28 00:10:52.483328256,2,5933,190,20
36.083963,136.213639,2026-07-28 00:10:52.656195584,2,7575,190,27
31.949815,139.490994,2026-07-28 00:10:53.273812992,2,3275,239,22
31.884362,139.558916,2026-07-28 00:10:53.798393088,2,6082,240,19
31.861553,139.573154,2026-07-28 00:10:53.862208512,2,5163,238,24
31.950042,139.525791,2026-07-28 00:10:53.967653632,2,5420,237,23
31.919438,139.516525,2026-07-28 00:10:54.108641280,2,6000,265,28
37.736764,136.900249,2026-07-28 00:10:55.334751744,2,7316,208,32
37.731967,136.912575,2026-07-28 00:10:55.396335104,2,6209,193,25
37.722653,136.820911,2026-07-28 00:10:55.495649792,2,7295,194,22
37.730625,136.898102,2026-07-28 00:10:55.539144448,2,8633,193,19
35.403548,137.134032,2026-07-28 00:10:55.647470848,2,9353,131,24
35.454243,137.15437,2026-07-28 00:10:55.733847552,2,12478,118,15
37.727876,136.902583,2026-07-28 00:10:55.936568576,2,8046,193,21
36.768378,134.654587,2026-07-28 00:10:57.1887488,2,10311,172,27
36.794882,134.652712,2026-07-28 00:10:57.204027136,2,11241,190,24
36.825964,134.630632,2026-07-28 00:10:57.810461696,2,13334,223,20
36.575552,134.958392,2026-07-28 00:10:58.19624960,2,13125,175,28
31.963575,139.50355,2026-07-28 00:10:59.55437056,2,13180,234,19
36.105705,136.16383,2026-07-28 00:11:00.36956672,2,8156,171,26
36.81323,134.62886,2026-07-28 00:11:00.959591168,2,12883,191,28
37.228991,137.03863,2026-07-28 00:11:04.694312960,2,1486,231,41
37.253169,137.039592,2026-07-28 00:11:04.694310656,2,7228,157,27
37.239561,137.047198,2026-07-28 00:11:05.71751424,2,7490,179,22
37.231862,137.053932,2026-07-28 00:11:05.199966720,2,10306,179,21
36.769223,134.57776,2026-07-28 00:11:05.219138048,2,12428,186,23
36.749071,134.594583,2026-07-28 00:11:05.298069760,2,6866,203,34
36.769634,134.584729,2026-07-28 00:11:05.407479040,2,12605,191,24
31.890456,139.554334,2026-07-28 00:11:05.895000320,2,4689,263,29
36.739186,134.559941,2026-07-28 00:11:05.959114496,2,6403,204,38
36.750866,134.547664,2026-07-28 00:11:05.959115008,2,7968,177,21
32.01414,139.474982,2026-07-28 00:11:07.152972288,2,11450,233,22
36.673218,134.863884,2026-07-28 00:11:07.926013952,2,8316,232,24
35.418903,137.213667,2026-07-28 00:11:10.50040576,2,12907,114,20
31.782661,139.009135,2026-07-28 00:11:10.411457536,2,4890,258,25
37.923196,136.651221,2026-07-28 00:11:12.606431488,2,11922,250,47
37.9632,136.63262,2026-07-28 00:11:12.606421504,2,7465,162,29
38.002005,136.647208,2026-07-28 00:11:12.686734848,2,7894,176,24
37.962304,136.619214,2026-07-28 00:11:12.708163584,2,5976,177,19
37.916383,136.657432,2026-07-28 00:11:12.791205632,2,12496,250,48
37.968683,136.635744,2026-07-28 00:11:12.791190784,2,7451,163,31
37.937626,136.634931,2026-07-28 00:11:12.857668096,2,4252,220,37
37.962927,136.634597,2026-07-28 00:11:12.857661184,2,7784,162,23
37.896698,136.64687,2026-07-28 00:11:12.897041408,2,7467,175,23
36.113186,136.180264,2026-07-28 00:11:18.842020864,2,7032,172,25
36.162858,136.25014,2026-07-28 00:11:19.179138304,2,10121,137,45
36.164384,136.233414,2026-07-28 00:11:19.179140352,2,13025,144,28
36.161979,136.239744,2026-07-28 00:11:19.249004800,2,11712,159,29
36.160293,136.24101,2026-07-28 00:11:19.304180224,2,9999,159,32
36.161896,136.238449,2026-07-28 00:11:19.380018432,2,11637,158,37
36.156244,136.251321,2026-07-28 00:11:19.380026624,2,7846,144,18
35.41938,137.206478,2026-07-28 00:11:19.525108736,2,9687,139,23
36.164624,136.234995,2026-07-28 00:11:19.560603904,2,8101,197,19
36.16112,136.24528,2026-07-28 00:11:19.560611584,2,5508,153,17
36.753179,134.601491,2026-07-28 00:11:19.638802688,2,3910,225,38
36.745248,134.609498,2026-07-28 00:11:19.638804992,2,2995,224,31
36.167721,136.224225,2026-07-28 00:11:19.641089280,2,6445,199,28
36.167833,136.214618,2026-07-28 00:11:19.729877760,2,7006,201,23
23.644957,130.378167,2026-07-28 00:11:21.528190976,2,6704,167,28
31.880325,139.552876,2026-07-28 00:11:23.180554496,2,4286,265,28
31.875148,139.553854,2026-07-28 00:11:23.246308608,2,4249,237,18
36.088443,135.650426,2026-07-28 00:11:24.424824832,2,14027,150,42
36.078081,135.652545,2026-07-28 00:11:24.424828928,2,6924,148,21
36.120995,135.686567,2026-07-28 00:11:24.610824448,2,8507,204,18
32.0288,139.618609,2026-07-28 00:11:25.160724992,2,4233,262,34
32.050256,139.573858,2026-07-28 00:11:25.160740864,2,9283,234,17
32.076759,139.577055,2026-07-28 00:11:25.224364800,2,3672,270,22
32.089732,139.562133,2026-07-28 00:11:25.265159680,2,4263,270,19
32.032001,139.617348,2026-07-28 00:11:25.349996288,2,4062,267,26
32.123591,139.524051,2026-07-28 00:11:25.477520128,2,8535,268,20
36.789576,134.640633,2026-07-28 00:11:26.221913600,2,3149,225,27
36.813371,134.631871,2026-07-28 00:11:26.293176832,2,7720,205,24
36.806675,134.631348,2026-07-28 00:11:26.418100224,2,4715,204,36
36.818954,134.63179,2026-07-28 00:11:26.418100992,2,5111,169,23
36.798792,134.638358,2026-07-28 00:11:26.539502336,2,3422,225,39
36.816111,134.630537,2026-07-28 00:11:26.539501824,2,4732,170,31
36.802939,134.603204,2026-07-28 00:11:26.541366272,2,7742,205,28
36.827551,134.625081,2026-07-28 00:11:26.658621440,2,10261,205,33
36.819648,134.625854,2026-07-28 00:11:26.840260608,2,8472,172,20
36.960922,134.282518,2026-07-28 00:11:28.432617984,2,8426,182,22
35.387181,137.168116,2026-07-28 00:11:29.215795200,2,11018,124,32
35.389273,137.150894,2026-07-28 00:11:29.258814464,2,6571,138,22
35.388836,137.154841,2026-07-28 00:11:29.284810752,2,6227,138,22
35.392209,137.158028,2026-07-28 00:11:29.320523520,2,7214,124,23
35.377345,137.137731,2026-07-28 00:11:29.393034496,2,3203,237,33
35.378154,137.176287,2026-07-28 00:11:29.393043712,2,12680,141,20
36.138882,136.261947,2026-07-28 00:11:33.46145536,2,3062,155,33
36.125657,136.265052,2026-07-28 00:11:33.46147072,2,7397,143,19
36.159141,136.295957,2026-07-28 00:11:33.164378624,2,8519,173,20
36.13443,136.232955,2026-07-28 00:11:33.446703872,2,6560,195,16
36.090473,136.275324,2026-07-28 00:11:33.625186560,2,3056,206,29
31.778918,139.034373,2026-07-28 00:11:33.713456640,2,4230,231,24
38.033778,136.548841,2026-07-28 00:11:34.724910336,2,10479,241,27
38.053572,136.536189,2026-07-28 00:11:34.724912128,2,8256,164,27
38.061593,136.540655,2026-07-28 00:11:34.757880064,2,6711,203,26
37.252371,137.090385,2026-07-28 00:11:35.939543040,2,8947,196,38
37.328878,137.016157,2026-07-28 00:11:35.939561472,2,12835,151,19
37.237775,137.085027,2026-07-28 00:11:36.34419712,2,10124,162,27
36.90278,134.344119,2026-07-28 00:11:37.111614464,2,11256,180,24
32.377042,138.777835,2026-07-28 00:11:37.135629568,2,13129,222,24
36.902369,134.347811,2026-07-28 00:11:37.161602048,2,10585,189,31
36.88566,134.367491,2026-07-28 00:11:37.277691904,2,6312,173,24
36.872851,134.380872,2026-07-28 00:11:40.803995904,2,8667,195,29
36.871437,134.381255,2026-07-28 00:11:41.265691904,2,9390,188,34
31.932011,139.517679,2026-07-28 00:11:41.354982400,2,3808,262,22
31.868026,139.574554,2026-07-28 00:11:44.238268416,2,5139,263,31
31.892104,139.539319,2026-07-28 00:11:44.339476224,2,5545,264,24
31.879339,139.538356,2026-07-28 00:11:44.401256704,2,13978,263,30
31.871276,139.565295,2026-07-28 00:11:44.519704320,2,3204,235,22
31.899193,139.544451,2026-07-28 00:11:44.617707008,2,7331,269,27
36.945468,134.460784,2026-07-28 00:11:45.68923648,2,6343,234,23
36.803246,134.640627,2026-07-28 00:11:45.993654272,2,12931,204,40
36.787988,134.652057,2026-07-28 00:11:45.993665024,2,6439,168,21
36.778037,134.656672,2026-07-28 00:11:46.623281664,2,4858,203,40
36.75553,134.662425,2026-07-28 00:11:46.623285504,2,1886,224,25
36.744069,134.858447,2026-07-28 00:11:46.967551488,2,14930,223,17
35.398464,137.144887,2026-07-28 00:11:50.82154496,2,6576,144,26
36.163331,136.236214,2026-07-28 00:11:56.804254976,2,6467,196,43
36.162893,136.259272,2026-07-28 00:11:56.804256000,2,8661,144,29
36.182531,136.320688,2026-07-28 00:11:57.194459392,2,11059,169,19
36.162345,136.257694,2026-07-28 00:11:57.503404544,2,11157,157,31
35.372996,137.186493,2026-07-28 00:11:58.655090688,2,13325,133,17
36.799017,134.632624,2026-07-28 00:11:58.757309696,2,4667,225,35
36.826583,134.614325,2026-07-28 00:11:58.757302528,2,5507,177,20
36.81899,134.621592,2026-07-28 00:11:58.807231488,2,6769,177,19
36.820293,134.616604,2026-07-28 00:11:58.843361536,2,6350,177,24
36.819072,134.627128,2026-07-28 00:11:58.989522688,2,7250,176,19
36.787136,134.636087,2026-07-28 00:11:59.352058880,2,3280,225,29
36.783767,134.634804,2026-07-28 00:11:59.521025280,2,5518,228,23
32.093232,139.508537,2026-07-28 00:12:00.351266560,2,14232,267,23
31.883474,139.593005,2026-07-28 00:12:00.441029120,2,3775,270,28
31.957463,139.510774,2026-07-28 00:12:00.670073088,2,14201,234,17
31.956993,139.516293,2026-07-28 00:12:00.878345216,2,14361,234,18
35.406898,137.136837,2026-07-28 00:12:01.685556224,2,9357,123,21
35.423947,137.180286,2026-07-28 00:12:01.853949952,2,6962,140,20
37.751651,134.917864,2026-07-28 00:12:02.115551744,2,8510,191,18
52.572863,123.101757,2026-07-28 00:12:05.717449472,2,14256,207,16
36.728941,134.677692,2026-07-28 00:12:09.254034176,2,8360,202,36
36.753857,134.666381,2026-07-28 00:12:09.254036224,2,6098,167,18
36.065255,136.057143,2026-07-28 00:12:10.590354944,2,7371,206,30
36.063737,136.058502,2026-07-28 00:12:10.905549056,2,8262,208,31
36.080944,136.125075,2026-07-28 00:12:11.137400064,2,8443,178,20
31.777167,139.008248,2026-07-28 00:12:11.681816832,2,7137,258,39
31.787748,139.014148,2026-07-28 00:12:11.765709824,2,4808,228,26
31.782198,139.002999,2026-07-28 00:12:11.902199296,2,12217,258,19
35.406817,137.134669,2026-07-28 00:12:13.790841088,2,8598,130,35
31.93442,139.502521,2026-07-28 00:12:16.689840128,2,4818,234,22
37.744345,136.907573,2026-07-28 00:12:16.753254400,2,6727,207,34
37.756416,136.915686,2026-07-28 00:12:16.806137088,2,12157,208,31
37.708701,136.880249,2026-07-28 00:12:16.907531008,2,8523,193,27
37.455344,134.863483,2026-07-28 00:12:17.193805056,2,8113,224,48
37.455458,134.854575,2026-07-28 00:12:17.193804032,2,8198,174,30
37.440244,134.878861,2026-07-28 00:12:17.207060224,2,5159,182,28
37.242779,137.105448,2026-07-28 00:12:18.479320832,2,13740,186,39
37.24055,137.131387,2026-07-28 00:12:18.479332608,2,6653,149,22
37.244047,137.095064,2026-07-28 00:12:18.539881472,2,10025,165,26
31.874583,139.587653,2026-07-28 00:12:18.594137600,2,1839,263,35
31.924016,139.522833,2026-07-28 00:12:18.594161664,2,10666,142,22
37.278651,137.056585,2026-07-28 00:12:18.611729408,2,6973,157,29
37.243887,137.098703,2026-07-28 00:12:18.694618880,2,12091,165,28
32.125976,139.456038,2026-07-28 00:12:18.754848768,2,14336,266,15
31.936097,139.522007,2026-07-28 00:12:18.839158528,2,2102,269,31
31.399765,139.640037,2026-07-28 00:12:19.517056512,2,4163,269,31
36.780019,134.662267,2026-07-28 00:12:20.465238272,2,6021,203,35
36.774122,134.656501,2026-07-28 00:12:20.525734912,2,2996,225,31
36.793699,134.648041,2026-07-28 00:12:20.583663360,2,7163,168,24
36.791647,134.652432,2026-07-28 00:12:20.759509760,2,5166,204,40
36.792781,134.654631,2026-07-28 00:12:20.759513088,2,8050,168,25
36.756421,134.660049,2026-07-28 00:12:21.150364416,2,4396,226,24
37.683686,134.848946,2026-07-28 00:12:22.675990784,2,6780,217,54
37.689813,134.846605,2026-07-28 00:12:22.675992576,2,6788,198,37
23.657953,131.165207,2026-07-28 00:12:24.661260800,2,4870,231,21
36.149394,136.269313,2026-07-28 00:12:26.162017792,2,9127,185,33
36.333387,136.415483,2026-07-28 00:12:28.156818944,2,10141,166,22
36.827139,136.392359,2026-07-28 00:12:30.472071680,2,14618,159,22
36.850493,136.446682,2026-07-28 00:12:30.489217536,2,13658,166,42
36.751232,136.432838,2026-07-28 00:12:30.489221888,2,10435,152,28
32.094008,139.546647,2026-07-28 00:12:30.546332160,2,9678,261,19
32.030245,139.619358,2026-07-28 00:12:30.597193728,2,6535,240,21
32.039757,139.610681,2026-07-28 00:12:30.662836992,2,4301,237,21
32.043249,139.606952,2026-07-28 00:12:30.846094848,2,4614,235,23
22.814092,129.190982,2026-07-28 00:12:32.374560512,2,6238,189,28
37.059472,137.451032,2026-07-28 00:12:34.806805504,2,4056,158,26
36.69005,134.7478,2026-07-28 00:12:35.837624832,2,4398,230,26
36.695637,134.738691,2026-07-28 00:12:35.908268288,2,4669,222,36
36.694243,134.73903,2026-07-28 00:12:35.908271872,2,4716,222,20
36.72089,134.732824,2026-07-28 00:12:35.961181696,2,6816,169,25
36.888013,134.40112,2026-07-28 00:12:37.925639424,2,8718,209,46
36.882047,134.396202,2026-07-28 00:12:37.925635840,2,8558,174,30
36.872321,134.417269,2026-07-28 00:12:38.499993600,2,4601,208,37
36.879822,134.416593,2026-07-28 00:12:38.499995904,2,8555,179,24
31.912472,139.557183,2026-07-28 00:12:39.470215680,2,7952,262,28
36.129449,136.226892,2026-07-28 00:12:41.153118720,2,5257,197,41
36.126572,136.247162,2026-07-28 00:12:41.153122048,2,7664,143,28
36.134792,136.206478,2026-07-28 00:12:41.214095360,2,6012,200,18
36.961093,134.326929,2026-07-28 00:12:42.576435712,2,6242,212,39
36.966581,134.32987,2026-07-28 00:12:42.576438528,2,8960,181,24
36.758717,134.659187,2026-07-28 00:12:44.833014528,2,11715,172,27
21.359798,113.023665,2026-07-28 00:12:44.883771904,2,11805,213,26
36.749761,134.621726,2026-07-28 00:12:44.898623232,2,4350,224,30
31.915729,139.509598,2026-07-28 00:12:46.934022144,2,12541,234,16
36.153296,136.285636,2026-07-28 00:12:48.16826368,2,8505,181,24
36.129089,136.231574,2026-07-28 00:12:48.783459328,2,6768,166,19
36.096892,136.251507,2026-07-28 00:12:48.806673408,2,5538,206,21
35.417097,137.154882,2026-07-28 00:12:50.952390912,2,11349,122,22
35.444669,137.186573,2026-07-28 00:12:50.996056320,2,8629,123,18
35.42129,137.150628,2026-07-28 00:12:51.23638272,2,5881,136,23
35.411134,137.206484,2026-07-28 00:12:51.70830848,2,2903,196,35
35.408223,137.137672,2026-07-28 00:12:51.70810880,2,14871,140,21
35.417466,137.143718,2026-07-28 00:12:51.161381120,2,9079,129,32
36.806603,134.635489,2026-07-28 00:12:51.433663488,2,4819,226,38
36.734315,134.669681,2026-07-28 00:12:51.433679616,2,5237,167,24
36.785143,134.640058,2026-07-28 00:12:51.500438272,2,3640,225,32
36.813997,134.631221,2026-07-28 00:12:51.500435200,2,7002,170,20
36.774317,134.649101,2026-07-28 00:12:51.622006784,2,3710,225,37
36.806964,134.634251,2026-07-28 00:12:51.622003968,2,5450,169,24
36.772986,134.647234,2026-07-28 00:12:51.687129344,2,4175,227,28
36.788029,134.640824,2026-07-28 00:12:51.762693632,2,4341,225,38
36.807696,134.634033,2026-07-28 00:12:51.762692608,2,8161,170,23
36.780934,134.639531,2026-07-28 00:12:51.813240320,2,5452,228,30
36.813475,134.628046,2026-07-28 00:12:52.74501376,2,9448,191,19
36.865472,134.335982,2026-07-28 00:12:52.488681984,2,11391,209,28
32.056237,139.592112,2026-07-28 00:12:55.449463040,2,7986,261,32
32.037886,139.596677,2026-07-28 00:12:55.591573248,2,6875,262,34
45.243101,-83.447877,2026-07-28 00:10:00.289245952,3,8201,132,39
45.16409,-83.451288,2026-07-28 00:10:00.289265920,3,13372,117,22
39.289035,-100.958801,2026-07-28 00:10:01.8684544,3,7529,108,28
39.286441,-101.047756,2026-07-28 00:10:01.67141888,3,13333,101,21
31.081964,-74.4548,2026-07-28 00:10:01.460196864,3,3417,213,71
31.078569,-74.450589,2026-07-28 00:10:01.460235008,3,10651,252,37
31.040312,-74.487471,2026-07-28 00:10:01.665037312,3,7345,148,34
35.82716,-104.69368,2026-07-28 00:10:03.241664768,3,6668,131,20
35.797662,-104.613615,2026-07-28 00:10:03.241694464,3,5201,121,29
35.854466,-104.674281,2026-07-28 00:10:03.332858368,3,13520,150,27
43.50448,-85.365595,2026-07-28 00:10:10.970425856,3,14629,114,24
30.766889,-75.001693,2026-07-28 00:10:11.560383744,3,8388,148,44
30.893424,-75.052919,2026-07-28 00:10:11.560459520,3,8384,254,28
39.168585,-105.103383,2026-07-28 00:10:11.592205824,3,10177,73,29
29.878515,-76.207451,2026-07-28 00:10:11.739557376,3,5490,203,57
29.823324,-76.170899,2026-07-28 00:10:11.862922496,3,6249,151,35
39.371109,-87.849877,2026-07-28 00:10:12.8889088,3,8481,150,24
32.305363,-73.074682,2026-07-28 00:10:12.655698688,3,10195,235,20
38.849812,-84.986468,2026-07-28 00:10:12.780808960,3,10464,103,54
38.956824,-84.971503,2026-07-28 00:10:12.780837888,3,3730,241,40
30.856979,-74.800883,2026-07-28 00:10:20.756387584,3,6339,148,37
39.234669,-87.784158,2026-07-28 00:10:21.24795136,3,12256,125,35
39.211783,-87.934128,2026-07-28 00:10:21.24799232,3,8905,191,24
31.640236,-73.723068,2026-07-28 00:10:21.459570944,3,7467,220,22
29.846858,-76.387037,2026-07-28 00:10:21.529686784,3,7460,206,47
29.838942,-76.381176,2026-07-28 00:10:21.529687552,3,3109,229,67
29.738288,-76.40307,2026-07-28 00:10:21.581772544,3,6763,202,30
35.73993,-75.133768,2026-07-28 00:10:21.598464768,3,12610,240,41
39.226625,-87.789015,2026-07-28 00:10:28.753553408,3,4985,126,48
39.294803,-87.880894,2026-07-28 00:10:28.753586176,3,8932,146,34
39.216632,-87.813007,2026-07-28 00:10:28.753596672,3,10822,152,18
36.928017,-103.174091,2026-07-28 00:10:28.796051712,3,14160,103,35
28.006633,-109.347631,2026-07-28 00:10:28.938715648,3,7065,236,24
31.72787,-73.793222,2026-07-28 00:10:29.116319744,3,10357,211,39
28.075802,-109.254544,2026-07-28 00:10:29.131610880,3,11732,238,25
28.060112,-109.267645,2026-07-28 00:10:29.211751168,3,12738,238,27
44.656403,-83.058909,2026-07-28 00:10:29.294359808,3,9820,128,23
28.086915,-109.272043,2026-07-28 00:10:29.483033344,3,13553,240,23
35.852673,-104.580777,2026-07-28 00:10:30.29290752,3,8305,105,48
35.859456,-104.600509,2026-07-28 00:10:30.29290240,3,6360,152,35
42.866873,-64.497189,2026-07-28 00:10:30.167176192,3,7578,247,38
35.896109,-104.77856,2026-07-28 00:10:30.268863232,3,11246,133,27
39.284776,-87.639189,2026-07-28 00:10:37.291739136,3,14875,107,34
39.291882,-87.646808,2026-07-28 00:10:37.291802112,3,13317,152,21
39.09918,-105.095127,2026-07-28 00:10:37.435442688,3,8932,126,24
25.775954,-58.480373,2026-07-28 00:10:37.443413504,3,10812,247,22
40.671653,-87.439454,2026-07-28 00:10:37.652773632,3,7160,116,23
25.776564,-58.450197,2026-07-28 00:10:37.658192384,3,10086,247,26
34.065905,-108.157491,2026-07-28 00:10:37.719872000,3,13100,180,34
34.071943,-108.167041,2026-07-28 00:10:37.719872512,3,13123,189,21
35.692952,-104.93499,2026-07-28 00:10:37.787717888,3,13362,153,24
28.903932,-109.520238,2026-07-28 00:10:38.69445632,3,5611,193,25
39.294898,-87.715269,2026-07-28 00:10:39.20337152,3,6490,112,52
39.369515,-87.810563,2026-07-28 00:10:39.20376320,3,4101,145,38
39.296109,-87.738389,2026-07-28 00:10:39.20386048,3,10958,151,21
39.347685,-87.804434,2026-07-28 00:10:39.73691136,3,7169,190,37
39.333521,-87.722607,2026-07-28 00:10:39.73714176,3,6160,234,23
39.363867,-87.803941,2026-07-28 00:10:39.128411904,3,11036,190,20
39.284415,-87.900615,2026-07-28 00:10:39.128380672,3,8211,197,23
39.2948,-87.71641,2026-07-28 00:10:39.190996992,3,8348,108,42
39.252931,-87.917085,2026-07-28 00:10:39.190991360,3,5685,198,29
45.340332,-79.026279,2026-07-28 00:10:39.363357696,3,8299,224,43
45.321441,-78.974985,2026-07-28 00:10:39.363374592,3,7407,127,30
44.499339,-79.418399,2026-07-28 00:10:39.383907840,3,9146,145,26
38.905272,-85.970831,2026-07-28 00:10:39.748243456,3,8555,202,26
35.917518,-108.856077,2026-07-28 00:10:40.433673984,3,5419,133,38
38.87673,-84.981602,2026-07-28 00:10:47.845396224,3,14910,74,47
38.894639,-85.004594,2026-07-28 00:10:47.845446912,3,9672,161,28
38.884737,-84.992599,2026-07-28 00:10:47.845444608,3,13842,124,15
38.877844,-84.988055,2026-07-28 00:10:47.921722880,3,14412,66,62
38.981525,-84.965512,2026-07-28 00:10:47.921760768,3,4466,249,47
38.803864,-85.148376,2026-07-28 00:10:47.921724160,3,7986,269,34
38.921077,-84.977313,2026-07-28 00:10:47.921782528,3,10084,160,21
46.852968,-78.776981,2026-07-28 00:10:48.164405248,3,6956,179,70
46.856211,-78.80889,2026-07-28 00:10:48.164404992,3,6335,189,56
46.837248,-78.679986,2026-07-28 00:10:48.164436736,3,12634,135,40
46.828472,-78.697339,2026-07-28 00:10:48.164446976,3,8746,143,28
40.149126,-87.332851,2026-07-28 00:10:48.365811456,3,8643,75,42
40.138473,-87.261123,2026-07-28 00:10:48.365831936,3,12942,176,27
40.163357,-87.350568,2026-07-28 00:10:48.429707008,3,10732,75,19
42.486893,-100.554404,2026-07-28 00:10:48.450362368,3,8410,99,25
42.496844,-100.455378,2026-07-28 00:10:48.450392576,3,14850,99,50
40.168114,-101.047862,2026-07-28 00:10:48.582159872,3,6588,120,25
47.129025,-80.654478,2026-07-28 00:10:48.808404480,3,4786,147,80
47.162255,-80.705686,2026-07-28 00:10:48.808389632,3,6248,172,75
47.153255,-80.745449,2026-07-28 00:10:48.808389120,3,2609,259,61
47.11326,-80.652855,2026-07-28 00:10:48.808417280,3,6408,160,48
47.114044,-80.640152,2026-07-28 00:10:48.808419840,3,6497,148,34
39.226879,-87.803729,2026-07-28 00:10:48.890466304,3,7911,70,35
39.291669,-87.885575,2026-07-28 00:10:48.890484736,3,9298,146,20
39.319382,-87.752863,2026-07-28 00:10:49.28559104,3,8640,70,24
39.252788,-87.809973,2026-07-28 00:10:49.172064000,3,8851,196,22
31.048042,-74.596577,2026-07-28 00:10:56.341485824,3,12534,214,31
31.176864,-74.547895,2026-07-28 00:10:56.341533952,3,13757,254,19
30.911108,-74.500687,2026-07-28 00:10:56.408235520,3,10571,217,34
31.152031,-74.494521,2026-07-28 00:10:56.408320768,3,5269,254,20
31.046154,-74.569299,2026-07-28 00:10:56.449398528,3,12641,230,17
40.649979,-87.471474,2026-07-28 00:10:56.464402688,3,5341,167,33
40.728288,-87.309895,2026-07-28 00:10:56.464454912,3,6702,226,19
30.899992,-74.504791,2026-07-28 00:10:56.550946304,3,8685,231,25
40.656577,-87.470946,2026-07-28 00:10:56.584892928,3,8452,167,25
40.65561,-87.376066,2026-07-28 00:10:56.651119872,3,13324,93,52
40.637325,-87.390985,2026-07-28 00:10:56.651165440,3,10600,113,32
40.645978,-87.393653,2026-07-28 00:10:56.651163648,3,12789,143,16
41.851414,-74.04263,2026-07-28 00:10:57.501216512,3,8823,99,26
25.597471,-58.36499,2026-07-28 00:10:57.512445952,3,8894,259,24
39.951697,-101.192081,2026-07-28 00:10:57.783361536,3,9562,103,28
38.902208,-85.840494,2026-07-28 00:10:58.343306496,3,6837,91,73
38.944143,-85.834165,2026-07-28 00:10:58.343318272,3,3747,203,58
38.972501,-85.819427,2026-07-28 00:10:58.343327744,3,6634,250,46
38.907096,-85.827332,2026-07-28 00:10:58.343348480,3,9000,165,29
38.911292,-85.079373,2026-07-28 00:10:58.933977856,3,6562,170,62
38.928879,-85.078829,2026-07-28 00:10:58.933985024,3,4261,204,48
38.969502,-85.07572,2026-07-28 00:10:58.933992448,3,9569,155,33
38.892226,-85.082563,2026-07-28 00:10:58.934015488,3,10934,121,17
38.956946,-85.152047,2026-07-28 00:10:59.51659520,3,6296,203,33
38.909765,-85.087126,2026-07-28 00:10:59.51672832,3,7404,163,21
45.140615,-83.326315,2026-07-28 00:10:59.179927296,3,10361,131,56
40.386699,-75.803573,2026-07-28 00:11:06.431155712,3,3178,139,82
40.419923,-75.767964,2026-07-28 00:11:06.431168256,3,7012,208,75
40.403959,-75.777495,2026-07-28 00:11:06.431166976,3,9906,171,56
40.414887,-75.73818,2026-07-28 00:11:06.431167232,3,14102,107,43
40.375792,-75.662665,2026-07-28 00:11:06.431195392,3,11653,156,28
31.024265,-74.384946,2026-07-28 00:11:07.56695040,3,6810,249,17
38.520566,-90.162748,2026-07-28 00:11:07.479870976,3,10258,96,24
42.632045,-100.773361,2026-07-28 00:11:08.227458304,3,14542,101,26
46.753068,-79.223684,2026-07-28 00:11:08.308587520,3,5627,188,68
46.707814,-79.199999,2026-07-28 00:11:08.308605184,3,7270,185,54
46.719384,-79.192719,2026-07-28 00:11:08.308601344,3,9530,139,36
46.751431,-79.244498,2026-07-28 00:11:08.337413120,3,9077,188,29
40.652046,-87.455324,2026-07-28 00:11:08.531425536,3,11017,139,41
40.613322,-87.407701,2026-07-28 00:11:08.531440128,3,5804,160,28
38.19105,-106.033743,2026-07-28 00:11:08.550954496,3,6308,127,26
29.70874,-76.423744,2026-07-28 00:11:09.129045504,3,6477,238,26
38.856403,-84.246156,2026-07-28 00:11:10.40566272,3,5860,73,35
38.821025,-84.365964,2026-07-28 00:11:10.40575232,3,9065,267,23
39.278298,-101.001773,2026-07-28 00:11:10.104002816,3,8870,114,18
38.846629,-84.355939,2026-07-28 00:11:10.242802944,3,13301,129,21
39.492335,-100.95589,2026-07-28 00:11:10.540801792,3,11476,104,22
42.353256,-100.293983,2026-07-28 00:11:10.775530752,3,10140,111,26
30.783851,-75.020978,2026-07-28 00:11:11.84881920,3,14863,261,14
28.212534,-109.321047,2026-07-28 00:11:11.289718272,3,8426,234,31
39.212221,-100.921417,2026-07-28 00:11:12.58117120,3,9212,108,25
40.690998,-87.504407,2026-07-28 00:11:19.259490816,3,9454,138,24
40.928286,-87.728811,2026-07-28 00:11:19.390868224,3,12094,143,20
39.30788,-87.869045,2026-07-28 00:11:19.555573248,3,10009,155,31
39.236508,-87.794298,2026-07-28 00:11:19.555584000,3,8477,151,19
39.215841,-87.733973,2026-07-28 00:11:19.636917248,3,11246,93,51
39.302694,-87.8133,2026-07-28 00:11:19.636955648,3,8965,146,36
39.212821,-87.734889,2026-07-28 00:11:19.636964864,3,11559,152,25
29.972813,-76.175379,2026-07-28 00:11:19.823248896,3,4361,249,28
38.537176,-84.960381,2026-07-28 00:11:19.878369280,3,8951,125,44
38.638805,-84.945409,2026-07-28 00:11:19.878397440,3,8639,218,58
38.464537,-84.912837,2026-07-28 00:11:19.878386688,3,7075,160,42
38.493418,-84.93647,2026-07-28 00:11:19.878397440,3,14698,171,29
47.099527,-80.620066,2026-07-28 00:11:19.996467968,3,11002,92,63
46.96803,-80.689313,2026-07-28 00:11:19.996499456,3,12120,197,56
47.039153,-80.593192,2026-07-28 00:11:19.996496128,3,9508,156,43
39.261429,-101.030326,2026-07-28 00:11:20.120384000,3,4170,121,27
39.245458,-100.925575,2026-07-28 00:11:20.120398336,3,9503,99,25
40.637859,-87.361443,2026-07-28 00:11:20.397637120,3,7156,93,58
40.643516,-87.509677,2026-07-28 00:11:20.397655808,3,6375,138,38
40.620498,-87.393292,2026-07-28 00:11:20.397682432,3,3012,134,23
31.648609,-73.824233,2026-07-28 00:11:20.445357056,3,8291,262,32
31.944542,-73.716867,2026-07-28 00:11:27.509895168,3,7080,144,42
32.020604,-73.746415,2026-07-28 00:11:27.509960448,3,5637,245,26
39.201192,-87.795599,2026-07-28 00:11:27.592973824,3,13771,103,36
39.207511,-87.807772,2026-07-28 00:11:27.593019136,3,12952,143,24
31.963431,-73.721188,2026-07-28 00:11:27.641281536,3,10159,140,51
31.944929,-73.673313,2026-07-28 00:11:27.641314304,3,4549,255,26
31.955297,-73.728813,2026-07-28 00:11:27.728066048,3,6040,214,36
31.997107,-73.728857,2026-07-28 00:11:27.728123392,3,10549,247,22
38.970194,-85.530558,2026-07-28 00:11:28.374641920,3,8900,111,34
38.784115,-85.848374,2026-07-28 00:11:28.453266432,3,13323,104,18
38.884923,-85.824461,2026-07-28 00:11:28.453298176,3,6876,161,24
29.774352,-76.376132,2026-07-28 00:11:28.995587584,3,4057,205,53
29.652192,-76.410582,2026-07-28 00:11:28.995580416,3,13930,230,41
29.785426,-76.506683,2026-07-28 00:11:29.51841280,3,3727,205,35
40.697069,-87.360708,2026-07-28 00:11:36.214018560,3,12554,92,18
38.832277,-85.049079,2026-07-28 00:11:36.732635904,3,12278,105,27
38.861452,-84.971373,2026-07-28 00:11:36.732667904,3,5169,156,20
38.486134,-90.165269,2026-07-28 00:11:37.92384256,3,13889,139,66
38.496294,-90.179937,2026-07-28 00:11:37.92387328,3,9621,101,45
38.524409,-90.151845,2026-07-28 00:11:37.92431872,3,6488,206,31
38.490486,-90.153447,2026-07-28 00:11:37.130920704,3,9893,114,53
38.424202,-90.197854,2026-07-28 00:11:37.130951936,3,5219,148,32
38.590204,-90.229022,2026-07-28 00:11:37.200385024,3,12561,135,24
30.926822,-74.906264,2026-07-28 00:11:37.521484288,3,10504,151,32
54.21306,-104.088875,2026-07-28 00:11:37.630553856,3,9560,184,55
38.945097,-85.701597,2026-07-28 00:11:37.750844928,3,6705,225,25
38.939615,-85.817767,2026-07-28 00:11:37.811917568,3,5821,226,36
38.856069,-85.73453,2026-07-28 00:11:37.811926528,3,4397,154,21
38.854185,-85.743894,2026-07-28 00:11:37.934706176,3,8289,102,70
38.924789,-85.747367,2026-07-28 00:11:37.934726144,3,10845,171,55
30.783794,-74.967301,2026-07-28 00:11:45.36765184,3,14790,224,30
30.884204,-74.982677,2026-07-28 00:11:45.36810496,3,12323,248,16
39.083557,-85.553397,2026-07-28 00:11:45.145338880,3,7204,152,21
35.912046,-104.744172,2026-07-28 00:11:45.430756608,3,8631,133,30
39.286908,-87.837371,2026-07-28 00:11:45.446649088,3,10688,151,22
38.860802,-84.26814,2026-07-28 00:11:45.465163776,3,7582,100,59
38.89378,-84.250345,2026-07-28 00:11:45.465180160,3,3957,206,52
38.884885,-84.282657,2026-07-28 00:11:45.465184000,3,9693,159,38
45.883472,-79.29131,2026-07-28 00:11:52.884482560,3,14370,107,45
45.872126,-79.327835,2026-07-28 00:11:52.884497920,3,8517,129,31
45.862033,-79.349164,2026-07-28 00:11:52.893341952,3,12081,226,26
45.882636,-79.348675,2026-07-28 00:11:52.893337856,3,6963,141,24
40.668605,-87.493008,2026-07-28 00:11:53.194917120,3,14484,167,26
40.682505,-87.491928,2026-07-28 00:11:53.194935296,3,13880,142,18
28.954903,-109.995546,2026-07-28 00:11:53.286530304,3,12822,233,21
11.023537,-81.536034,2026-07-28 00:11:53.628658432,3,6264,216,32
39.257081,-87.869168,2026-07-28 00:11:54.40316160,3,9735,143,41
39.187245,-87.806843,2026-07-28 00:11:54.40326400,3,9061,143,26
39.248216,-87.886209,2026-07-28 00:11:54.154434560,3,14825,142,22
39.224449,-87.740809,2026-07-28 00:11:54.418192896,3,13545,120,42
39.228708,-87.737478,2026-07-28 00:11:54.418200576,3,6364,171,29
32.543094,-72.997218,2026-07-28 00:11:54.724672000,3,8585,265,26
32.573915,-73.003989,2026-07-28 00:11:54.791813376,3,5029,265,38
37.147411,-103.259703,2026-07-28 00:11:54.912804608,3,8701,176,24
37.300307,-103.20866,2026-07-28 00:11:54.912856576,3,10609,184,38
38.242009,-105.896761,2026-07-28 00:12:02.222747904,3,8987,135,22
31.52495,-73.875246,2026-07-28 00:12:02.457666304,3,9430,248,31
38.810897,-84.959078,2026-07-28 00:12:02.511002880,3,8055,94,39
38.890256,-85.023045,2026-07-28 00:12:02.511043584,3,9022,167,28
39.218893,-87.75559,2026-07-28 00:12:02.546009856,3,7997,102,50
39.223631,-87.79987,2026-07-28 00:12:02.546060544,3,6052,143,32
39.241371,-87.7715,2026-07-28 00:12:02.546072832,3,9395,189,17
38.897542,-85.023986,2026-07-28 00:12:02.584458752,3,10068,167,27
32.025687,-82.641412,2026-07-28 00:12:02.756269568,3,6584,149,59
32.059353,-82.634918,2026-07-28 00:12:02.756292096,3,5182,224,46
32.1105,-82.630786,2026-07-28 00:12:02.756336384,3,8593,203,33
33.807242,-60.37046,2026-07-28 00:12:02.778462720,3,3198,234,24
32.096411,-82.662998,2026-07-28 00:12:02.822594304,3,7483,223,28
30.259026,-107.444152,2026-07-28 00:12:03.109422592,3,8251,206,41
42.109353,-76.073696,2026-07-28 00:12:03.125621248,3,3581,171,23
30.235795,-75.786123,2026-07-28 00:12:03.626705408,3,10931,149,18
44.89306,-83.182252,2026-07-28 00:12:04.15077888,3,3137,235,71
44.889428,-83.143569,2026-07-28 00:12:04.15088128,3,2239,165,68
44.849954,-83.144271,2026-07-28 00:12:04.15100672,3,4928,199,54
44.855559,-83.151815,2026-07-28 00:12:04.15095552,3,3101,123,40
39.376496,-87.773978,2026-07-28 00:12:11.160159744,3,11713,142,34
39.277257,-87.692947,2026-07-28 00:12:11.160176128,3,9222,143,20
31.595762,-73.862,2026-07-28 00:12:11.325857024,3,7987,248,29
44.765995,-83.156563,2026-07-28 00:12:11.468016896,3,10001,107,58
44.748523,-83.170101,2026-07-28 00:12:11.468046336,3,7279,139,49
44.73284,-83.166964,2026-07-28 00:12:11.468047616,3,11227,114,33
39.406874,-87.853092,2026-07-28 00:12:11.525092608,3,5424,145,26
47.650009,-75.505693,2026-07-28 00:12:12.95862272,3,6550,149,23
39.291913,-87.867934,2026-07-28 00:12:12.142759936,3,6570,151,26
47.549509,-75.531174,2026-07-28 00:12:12.351424000,3,14763,149,19
47.536328,-75.504838,2026-07-28 00:12:12.434356224,3,10622,149,17
38.984547,-112.299506,2026-07-28 00:12:12.858241536,3,12044,97,28
39.049078,-112.344585,2026-07-28 00:12:12.858248448,3,12945,186,15
39.857721,-106.074003,2026-07-28 00:12:13.109792000,3,14697,102,21
27.34229,-85.768257,2026-07-28 00:12:13.441429248,3,8965,250,24
30.323377,-75.532494,2026-07-28 00:12:13.601659904,3,4957,256,20
40.905575,-87.777211,2026-07-28 00:12:13.950635520,3,8194,159,33
40.893942,-87.702602,2026-07-28 00:12:13.950654976,3,9380,139,23
43.521329,-100.302223,2026-07-28 00:12:14.282301440,3,5244,176,54
43.548218,-100.235463,2026-07-28 00:12:14.282321920,3,11239,106,44
29.729764,-110.195434,2026-07-28 00:12:14.544730112,3,6585,222,32
32.010961,-73.830816,2026-07-28 00:12:14.765095680,3,7832,267,29
38.568496,-90.268812,2026-07-28 00:12:22.9966336,3,10749,135,28
38.516636,-90.201636,2026-07-28 00:12:22.9971712,3,12879,148,17
39.198608,-87.726274,2026-07-28 00:12:22.99124224,3,10029,101,17
39.210535,-87.741746,2026-07-28 00:12:22.99138560,3,11083,92,58
39.208218,-87.826374,2026-07-28 00:12:22.99149056,3,11351,144,35
39.239606,-87.730255,2026-07-28 00:12:22.99184896,3,6360,246,22
31.810526,-73.752493,2026-07-28 00:12:22.119722752,3,7127,242,23
31.553961,-73.818145,2026-07-28 00:12:22.151270912,3,8259,248,34
46.776737,-79.181645,2026-07-28 00:12:22.251764480,3,7865,187,38
46.662723,-79.114435,2026-07-28 00:12:22.251809024,3,11417,152,29
39.193461,-87.747229,2026-07-28 00:12:22.360803840,3,5243,134,39
39.286823,-87.820537,2026-07-28 00:12:22.360838400,3,4573,142,28
30.728732,-105.885155,2026-07-28 00:12:22.627334400,3,6379,196,43
30.92042,-105.842843,2026-07-28 00:12:22.627398400,3,10575,256,30
39.128293,-87.817191,2026-07-28 00:12:23.157036544,3,11925,111,33
39.192927,-87.774078,2026-07-28 00:12:23.157062912,3,5940,152,21
40.628132,-87.506425,2026-07-28 00:12:30.285258240,3,10272,140,26
40.716475,-87.303113,2026-07-28 00:12:30.311422208,3,14048,142,22
30.162046,-75.655782,2026-07-28 00:12:30.611842816,3,8871,205,26
30.148297,-75.628357,2026-07-28 00:12:30.725714176,3,8335,210,32
30.293711,-75.609078,2026-07-28 00:12:30.725763584,3,5172,260,16
29.755697,-76.399152,2026-07-28 00:12:30.765818880,3,8612,196,28
29.907963,-76.363137,2026-07-28 00:12:30.765864192,3,7173,249,16
31.758381,-73.692531,2026-07-28 00:12:30.884054016,3,14656,146,29
31.609987,-73.984085,2026-07-28 00:12:31.189284352,3,6336,263,23
45.136677,-85.155498,2026-07-28 00:12:32.113100032,3,10403,84,73
45.114652,-85.140714,2026-07-28 00:12:32.113103360,3,3614,167,67
45.057525,-85.078428,2026-07-28 00:12:32.113136384,3,3432,151,51
45.098424,-85.074909,2026-07-28 00:12:32.113126144,3,9359,116,29
40.584663,-87.459988,2026-07-28 00:12:32.415173376,3,12600,152,29
39.267596,-87.716563,2026-07-28 00:12:39.830425856,3,13622,117,37
39.251273,-87.732128,2026-07-28 00:12:39.830452992,3,14530,143,31
29.717923,-111.919524,2026-07-28 00:12:39.837547776,3,14521,230,23
29.716298,-111.919979,2026-07-28 00:12:40.34377472,3,13712,230,27
30.926517,-74.813938,2026-07-28 00:12:40.367206912,3,4659,210,46
31.019684,-74.843322,2026-07-28 00:12:40.367278336,3,7886,247,30
30.995603,-74.822031,2026-07-28 00:12:40.367264256,3,8995,247,16
30.96687,-74.819692,2026-07-28 00:12:40.419994368,3,6548,268,23
31.041959,-74.795617,2026-07-28 00:12:40.471762688,3,6315,249,19
42.208748,-100.370372,2026-07-28 00:12:40.622974720,3,14957,95,52
42.268078,-100.473653,2026-07-28 00:12:40.622999552,3,14677,119,40
36.287117,-104.141437,2026-07-28 00:12:41.704961280,3,6339,143,27
28.211715,-110.086266,2026-07-28 00:12:42.45801728,3,10699,238,24
39.19073,-87.747219,2026-07-28 00:12:42.757552896,3,11955,101,61
39.212103,-87.791154,2026-07-28 00:12:42.757559808,3,4064,122,50
39.185299,-87.847475,2026-07-28 00:12:42.757581824,3,7309,153,31
40.60539,-87.401926,2026-07-28 00:12:42.878430464,3,14336,143,23
45.962576,-75.80783,2026-07-28 00:12:43.66671872,3,7470,66,31
45.964982,-75.792623,2026-07-28 00:12:43.66680832,3,4866,112,23
38.802507,-84.917402,2026-07-28 00:12:43.895464704,3,12624,95,63
47.210982,-78.157888,2026-07-28 00:12:43.896152064,3,11290,141,47
47.590809,-75.350806,2026-07-28 00:12:51.346796544,3,8515,135,33
34.951649,-105.779655,2026-07-28 00:12:51.682204672,3,12734,189,29
44.756707,-77.378955,2026-07-28 00:12:52.310247936,3,9636,133,50
44.718871,-77.376584,2026-07-28 00:12:52.310263040,3,4118,108,29
39.217365,-87.82673,2026-07-28 00:12:53.5076480,3,7676,152,26
28.127668,-109.370332,2026-07-28 00:12:53.726200064,3,8088,235,35
40.614368,-87.337759,2026-07-28 00:12:53.917232128,3,4101,102,49
40.57932,-87.373493,2026-07-28 00:12:53.917273856,3,11895,93,24
40.607719,-87.358594,2026-07-28 00:12:54.1732096,3,13252,94,29
30.823405,-74.250037,2026-07-28 00:12:54.146806784,3,11283,257,32
30.817271,-74.322629,2026-07-28 00:12:54.199110400,3,13549,266,37
37.957238,136.61221,2026-07-28 00:10:00.159070464,4,4451,198,29
38.021952,136.505164,2026-07-28 00:10:00.159080448,4,13548,164,28
37.921857,136.596527,2026-07-28 00:10:00.192534016,4,1868,248,40
37.945488,136.609333,2026-07-28 00:10:00.192535552,4,4337,163,29
37.948238,136.612422,2026-07-28 00:10:00.220601856,4,3084,258,30
37.97476,136.619035,2026-07-28 00:10:00.220598016,4,5542,168,17
36.941851,137.09423,2026-07-28 00:10:07.472135680,4,6208,162,19
37.260696,137.015652,2026-07-28 00:10:08.208293632,4,6101,176,20
31.911479,139.505695,2026-07-28 00:10:08.737774080,4,14941,262,29
36.079322,136.427183,2026-07-28 00:10:17.652917248,4,11243,175,22
32.013409,139.583747,2026-07-28 00:10:19.197220352,4,2945,262,33
32.017539,139.58205,2026-07-28 00:10:19.346615808,4,2777,234,24
36.208021,136.140313,2026-07-28 00:10:19.912020736,4,7160,254,24
37.81039,134.873976,2026-07-28 00:10:21.129427456,4,6440,212,15
37.819207,134.880302,2026-07-28 00:10:21.134450432,4,12084,239,22
37.802546,134.892357,2026-07-28 00:10:21.134462208,4,7037,198,33
36.806013,136.374182,2026-07-28 00:10:22.378125824,4,8825,171,27
36.757951,134.662848,2026-07-28 00:10:24.731567104,4,4135,224,36
36.793531,134.650923,2026-07-28 00:10:24.731562752,4,6027,170,21
36.76896,134.659669,2026-07-28 00:10:24.915934208,4,4533,225,42
36.796117,134.643256,2026-07-28 00:10:24.915932160,4,6658,170,29
49.169667,32.455853,2026-07-28 00:10:25.456419840,4,14319,167,26
31.89332,139.54684,2026-07-28 00:10:25.825331456,4,6177,263,29
35.411683,137.164899,2026-07-28 00:10:27.422724608,4,5370,174,34
35.398983,137.101922,2026-07-28 00:10:27.422715904,4,14842,140,18
31.922799,139.489008,2026-07-28 00:10:28.790791168,4,12537,234,28
36.749797,134.577244,2026-07-28 00:10:28.955538176,4,5217,207,26
36.758358,134.573746,2026-07-28 00:10:29.93413632,4,6025,200,25
36.773911,134.565889,2026-07-28 00:10:29.288777984,4,10824,187,18
37.255485,137.028667,2026-07-28 00:10:31.711745536,4,10006,176,15
36.708619,134.684871,2026-07-28 00:10:33.510093568,4,7723,184,23
36.784871,134.615898,2026-07-28 00:10:33.642374400,4,12676,201,19
37.372319,136.742215,2026-07-28 00:10:34.184410112,4,7870,236,24
37.397974,136.728242,2026-07-28 00:10:34.409327872,4,4812,193,29
37.218775,136.646727,2026-07-28 00:10:34.610446848,4,8222,165,29
37.227436,136.659181,2026-07-28 00:10:34.630754560,4,6077,253,23
36.880865,134.381704,2026-07-28 00:10:38.9330688,4,5827,184,23
37.260196,137.05437,2026-07-28 00:10:46.383446272,4,5035,204,42
37.249903,137.067711,2026-07-28 00:10:46.383447040,4,10137,150,24
37.254936,137.072612,2026-07-28 00:10:46.444898816,4,7713,191,31
36.732015,134.568598,2026-07-28 00:10:48.873004032,4,4411,227,28
36.82776,134.429694,2026-07-28 00:10:49.792943104,4,4275,228,30
36.813538,134.43101,2026-07-28 00:10:49.856349440,4,3711,227,35
36.816766,134.433653,2026-07-28 00:10:49.956091136,4,1836,229,30
36.806905,134.646561,2026-07-28 00:10:50.113574144,4,10295,231,22
36.815797,134.43268,2026-07-28 00:10:50.250184704,4,3243,227,33
36.848988,134.420831,2026-07-28 00:10:50.250178048,4,6134,181,18
36.84978,134.372346,2026-07-28 00:10:50.385512704,4,4195,247,27
36.078687,136.221556,2026-07-28 00:10:52.286267904,4,8865,153,20
36.098031,136.27614,2026-07-28 00:10:52.483343360,4,6732,169,19
36.088214,136.200507,2026-07-28 00:10:52.656195328,4,4206,197,28
31.949839,139.490991,2026-07-28 00:10:53.273812992,4,3275,239,21
31.880969,139.565546,2026-07-28 00:10:53.798391552,4,5123,240,20
31.877849,139.558159,2026-07-28 00:10:53.862215680,4,3028,238,25
32.007865,139.48153,2026-07-28 00:10:53.967670016,4,4467,235,23
31.897527,139.545641,2026-07-28 00:10:54.108630272,4,3779,237,26
37.733755,136.912732,2026-07-28 00:10:55.334752512,4,6572,213,33
37.808107,136.825746,2026-07-28 00:10:55.334766592,4,13282,159,21
37.729183,136.934572,2026-07-28 00:10:55.396341248,4,4738,234,28
37.722994,136.836635,2026-07-28 00:10:55.495654400,4,5421,194,23
37.725141,136.989844,2026-07-28 00:10:55.539172864,4,7951,173,18
35.415494,137.127053,2026-07-28 00:10:55.647474176,4,2679,138,24
35.406211,137.136698,2026-07-28 00:10:55.647473408,4,8152,143,25
35.454246,137.15437,2026-07-28 00:10:55.733847552,4,12477,118,16
37.722605,136.903961,2026-07-28 00:10:55.936568832,4,4457,193,22
36.761485,134.65832,2026-07-28 00:10:57.1895680,4,3949,225,28
36.768061,134.654348,2026-07-28 00:10:57.204029952,4,9948,190,27
36.82577,134.631022,2026-07-28 00:10:57.810461952,4,13338,223,24
36.750442,134.907204,2026-07-28 00:10:58.19597568,4,9898,179,33
31.98199,139.49752,2026-07-28 00:10:59.55457024,4,14512,234,25
36.096724,136.160837,2026-07-28 00:11:00.36960000,4,6935,201,31
36.813222,134.62883,2026-07-28 00:11:00.959591168,4,12883,191,28
37.233849,137.038281,2026-07-28 00:11:04.694311424,4,2722,231,44
37.252072,137.041891,2026-07-28 00:11:04.694309376,4,11602,151,30
37.239831,137.04046,2026-07-28 00:11:05.71749888,4,9523,180,23
37.237059,137.051302,2026-07-28 00:11:05.199967488,4,7900,179,21
36.778532,134.57733,2026-07-28 00:11:05.219138048,4,11906,204,42
36.753261,134.600769,2026-07-28 00:11:05.219154688,4,10505,169,23
36.730925,134.600916,2026-07-28 00:11:05.298073344,4,3856,224,38
36.769646,134.584712,2026-07-28 00:11:05.407479040,4,12604,171,28
31.92849,139.527598,2026-07-28 00:11:05.895015424,4,3258,270,32
36.730212,134.555362,2026-07-28 00:11:05.959118336,4,3487,224,42
36.741721,134.553755,2026-07-28 00:11:05.959117312,4,3304,177,25
31.997492,139.446989,2026-07-28 00:11:07.152984576,4,9297,234,25
36.673606,134.864672,2026-07-28 00:11:07.926013952,4,8317,232,24
35.373085,137.158724,2026-07-28 00:11:10.50034176,4,14318,141,25
31.757666,139.024126,2026-07-28 00:11:10.411447552,4,1905,258,25
38.018903,136.582493,2026-07-28 00:11:12.606398464,4,3754,220,52
37.879383,136.752267,2026-07-28 00:11:12.606468608,4,3998,243,41
37.969353,136.632038,2026-07-28 00:11:12.606420480,4,4011,162,28
38.002167,136.647406,2026-07-28 00:11:12.686734848,4,7893,176,28
37.975085,136.622222,2026-07-28 00:11:12.708168192,4,5171,177,21
37.951671,136.624997,2026-07-28 00:11:12.791195136,4,3805,258,52
37.972229,136.631143,2026-07-28 00:11:12.791189504,4,8889,163,40
37.938343,136.637953,2026-07-28 00:11:12.857667840,4,3961,220,40
37.965436,136.641491,2026-07-28 00:11:12.857662208,4,3698,162,26
37.896906,136.634823,2026-07-28 00:11:12.897044992,4,3472,175,25
37.262925,137.035149,2026-07-28 00:11:16.809505792,4,8737,166,18
36.113186,136.180264,2026-07-28 00:11:18.842020864,4,7032,172,26
36.166662,136.221996,2026-07-28 00:11:19.179139328,4,4925,199,49
36.111185,136.264856,2026-07-28 00:11:19.179153408,4,6177,173,33
36.172054,136.219516,2026-07-28 00:11:19.249003008,4,6693,200,30
36.142714,136.251735,2026-07-28 00:11:19.304191744,4,3629,206,32
36.160818,136.244064,2026-07-28 00:11:19.304189440,4,5561,153,18
36.17487,136.243676,2026-07-28 00:11:19.380023296,4,4912,159,38
36.16174,136.24338,2026-07-28 00:11:19.380020736,4,4960,153,23
35.419383,137.206486,2026-07-28 00:11:19.525108736,4,9687,139,23
36.170436,136.244661,2026-07-28 00:11:19.560609024,4,3983,159,35
36.161102,136.245238,2026-07-28 00:11:19.560610816,4,5509,153,21
36.790771,134.589095,2026-07-28 00:11:19.638788608,4,9247,205,51
36.745271,134.609484,2026-07-28 00:11:19.638804992,4,2995,224,39
36.163025,136.22917,2026-07-28 00:11:19.641090560,4,5950,198,31
36.168554,136.226183,2026-07-28 00:11:19.729876480,4,8143,171,26
33.100705,139.877483,2026-07-28 00:11:19.991272448,4,12282,191,29
36.960826,134.282405,2026-07-28 00:11:28.432618240,4,8428,182,21
35.387181,137.16813,2026-07-28 00:11:29.215795200,4,11018,132,34
35.408992,137.197056,2026-07-28 00:11:29.236694528,4,6891,121,17
35.389273,137.150894,2026-07-28 00:11:29.258814464,4,6571,138,23
35.388836,137.154841,2026-07-28 00:11:29.284810752,4,6227,138,23
35.392209,137.158028,2026-07-28 00:11:29.320523520,4,7214,124,24
35.38455,137.151411,2026-07-28 00:11:29.393042432,4,7241,140,35
35.39355,137.153656,2026-07-28 00:11:29.393040640,4,10254,151,17
48.88783,32.386623,2026-07-28 00:11:30.122716672,4,13486,228,32
36.615631,12.504478,2026-07-28 00:11:30.477439488,4,8627,244,29
36.119691,136.32345,2026-07-28 00:11:33.46163200,4,2788,233,36
36.132094,136.255636,2026-07-28 00:11:33.46142464,4,4642,152,23
36.14683,136.304206,2026-07-28 00:11:33.164383232,4,6848,177,20
36.134431,136.232942,2026-07-28 00:11:33.446703872,4,6560,195,17
36.129015,136.2466,2026-07-28 00:11:33.625176320,4,5163,192,36
31.798203,139.021945,2026-07-28 00:11:33.713464320,4,2035,267,27
38.033921,136.548812,2026-07-28 00:11:34.724910336,4,10478,241,27
38.123332,136.431352,2026-07-28 00:11:34.724919552,4,9759,166,29
38.066078,136.543882,2026-07-28 00:11:34.757879552,4,7128,203,27
37.252374,137.090386,2026-07-28 00:11:35.939543040,4,8947,196,40
37.250142,137.10512,2026-07-28 00:11:35.939552000,4,7597,150,20
37.196138,137.100003,2026-07-28 00:11:36.34430720,4,9204,153,34
37.253539,137.084913,2026-07-28 00:11:36.34415104,4,10520,156,27
36.895405,134.349927,2026-07-28 00:11:37.111615744,4,6113,217,25
36.897676,134.357691,2026-07-28 00:11:37.161601792,4,7056,210,38
36.905835,134.353637,2026-07-28 00:11:37.161603072,4,6810,173,23
31.868026,139.574554,2026-07-28 00:11:44.238268416,4,5139,263,33
31.878294,139.551454,2026-07-28 00:11:44.339470336,4,6586,237,27
31.866134,139.565622,2026-07-28 00:11:44.401247232,4,3768,263,36
31.874367,139.561587,2026-07-28 00:11:44.519705344,4,3025,235,24
31.90118,139.547278,2026-07-28 00:11:44.617706496,4,4347,269,29
36.945473,134.460771,2026-07-28 00:11:45.68923648,4,6343,234,24
36.803412,134.650985,2026-07-28 00:11:45.993664512,4,3906,204,41
36.792577,134.650238,2026-07-28 00:11:45.993663744,4,5114,170,28
36.502251,12.916069,2026-07-28 00:11:46.390353152,4,9253,243,21
36.766295,134.65935,2026-07-28 00:11:46.623284224,4,4012,224,43
36.752248,134.664205,2026-07-28 00:11:46.623286016,4,2075,224,28
36.744066,134.858457,2026-07-28 00:11:46.967551488,4,14930,223,17
35.400812,137.139266,2026-07-28 00:11:50.82155776,4,5382,143,27
50.176119,32.936986,2026-07-28 00:11:55.933540352,4,10118,229,15
36.166475,136.244049,2026-07-28 00:11:56.804253184,4,4076,196,47
36.146523,136.269899,2026-07-28 00:11:56.804263936,4,4082,186,35
36.14755,136.28052,2026-07-28 00:11:56.804259840,4,6290,177,20
36.182536,136.320698,2026-07-28 00:11:57.194462720,4,11059,169,19
36.17589,136.263718,2026-07-28 00:11:57.503409664,4,5872,157,33
36.158831,136.265061,2026-07-28 00:11:57.503407104,4,6311,152,21
35.340934,137.194795,2026-07-28 00:11:58.655098368,4,10645,131,18
36.794405,134.63706,2026-07-28 00:11:58.757313792,4,3159,225,38
36.825586,134.613114,2026-07-28 00:11:58.757305600,4,5510,177,23
36.818989,134.621585,2026-07-28 00:11:58.807231488,4,6769,177,19
36.811305,134.610313,2026-07-28 00:11:58.843364608,4,3002,225,25
36.819074,134.627124,2026-07-28 00:11:58.989522688,4,7250,176,19
36.797295,134.633951,2026-07-28 00:11:59.352056576,4,1967,225,31
36.819004,134.625006,2026-07-28 00:11:59.521012736,4,6942,181,22
32.050926,139.574391,2026-07-28 00:12:00.351250432,4,3677,268,23
31.912813,139.572487,2026-07-28 00:12:00.441039872,4,3313,269,30
31.957463,139.510773,2026-07-28 00:12:00.670075904,4,14201,234,18
31.957125,139.516167,2026-07-28 00:12:00.878345984,4,14362,234,17
35.406898,137.136837,2026-07-28 00:12:01.685556224,4,9357,123,22
35.405273,137.134466,2026-07-28 00:12:01.853932800,4,5071,143,21
37.748238,134.922628,2026-07-28 00:12:02.115553280,4,6820,191,19
36.612501,13.919846,2026-07-28 00:12:05.507658496,4,13433,215,35
36.624816,13.932739,2026-07-28 00:12:05.507654400,4,9255,215,23
36.728986,134.677613,2026-07-28 00:12:09.254034176,4,8353,202,38
36.753861,134.666389,2026-07-28 00:12:09.254034176,4,6098,167,21
36.080802,136.120341,2026-07-28 00:12:10.590373888,4,4719,193,29
36.064378,136.054827,2026-07-28 00:12:10.905548800,4,8522,208,33
36.068298,136.131541,2026-07-28 00:12:11.137403648,4,7383,178,21
31.778492,139.014773,2026-07-28 00:12:11.681819136,4,3506,258,47
31.807285,138.979815,2026-07-28 00:12:11.681829376,4,10317,231,32
31.776167,139.027597,2026-07-28 00:12:11.765704448,4,1686,258,24
31.789531,139.019171,2026-07-28 00:12:11.902202624,4,4191,258,21
35.406817,137.134669,2026-07-28 00:12:13.790841088,4,8598,130,37
31.935473,139.502492,2026-07-28 00:12:16.689840384,4,4817,262,35
37.735932,136.926222,2026-07-28 00:12:16.753257984,4,11285,207,36
37.750778,136.924072,2026-07-28 00:12:16.806148096,4,5884,207,33
37.708954,136.878678,2026-07-28 00:12:16.907529728,4,8788,193,27
37.455169,134.863699,2026-07-28 00:12:17.193805056,4,8113,224,52
37.452394,134.6996,2026-07-28 00:12:17.193760512,4,7530,209,34
37.440243,134.878871,2026-07-28 00:12:17.207060224,4,5159,198,30
37.25245,137.101402,2026-07-28 00:12:18.479322624,4,9464,187,42
37.242305,137.128795,2026-07-28 00:12:18.479332864,4,6916,149,26
37.25168,137.099799,2026-07-28 00:12:18.539884288,4,5619,165,27
31.874438,139.587744,2026-07-28 00:12:18.594137600,4,1843,263,36
31.90771,139.535724,2026-07-28 00:12:18.594160640,4,7677,142,23
37.279362,137.056281,2026-07-28 00:12:18.611729408,4,6897,181,30
37.245432,137.093836,2026-07-28 00:12:18.694617856,4,11944,195,15
32.173621,139.414999,2026-07-28 00:12:18.754866432,4,8166,266,16
31.934331,139.522194,2026-07-28 00:12:18.839157760,4,4385,269,34
31.386386,139.649417,2026-07-28 00:12:19.517049600,4,7251,269,31
36.775174,134.659112,2026-07-28 00:12:20.465240320,4,6819,203,40
36.804445,134.643344,2026-07-28 00:12:20.465236224,4,5654,170,24
36.821244,134.640657,2026-07-28 00:12:20.525725696,4,7430,206,35
36.793387,134.648668,2026-07-28 00:12:20.583663360,4,7670,170,27
36.78305,134.657442,2026-07-28 00:12:20.759510784,4,3771,204,43
36.780084,134.655392,2026-07-28 00:12:20.759510784,4,5179,185,30
36.756576,134.659873,2026-07-28 00:12:21.150364416,4,4400,226,24
37.678062,134.851579,2026-07-28 00:12:22.675992576,4,3885,217,57
37.687236,134.852593,2026-07-28 00:12:22.675990016,4,4394,210,44
37.682644,134.848944,2026-07-28 00:12:22.675990784,4,6253,177,29
23.662059,131.166342,2026-07-28 00:12:24.661262336,4,3046,231,29
36.145769,136.189513,2026-07-28 00:12:26.162001920,4,3304,202,34
36.126945,136.227382,2026-07-28 00:12:26.162006784,4,7301,152,21
48.533796,30.439072,2026-07-28 00:12:27.596905728,4,7874,121,34
48.45625,30.613848,2026-07-28 00:12:27.596929536,4,9821,210,21
36.333492,136.415852,2026-07-28 00:12:28.156813824,4,10139,168,23
36.827139,136.392359,2026-07-28 00:12:30.472071680,4,14618,159,22
36.851159,136.434243,2026-07-28 00:12:30.489214720,4,11201,166,41
36.828552,136.400699,2026-07-28 00:12:30.489210880,4,8997,151,28
32.09326,139.546957,2026-07-28 00:12:30.546332416,4,9540,261,19
32.046642,139.604338,2026-07-28 00:12:30.597201152,4,3236,240,23
32.062301,139.577253,2026-07-28 00:12:30.662842880,4,7575,237,19
32.068901,139.593757,2026-07-28 00:12:30.846099968,4,3932,268,23
22.802859,129.208472,2026-07-28 00:12:32.374561024,4,4640,189,29
37.062121,137.46237,2026-07-28 00:12:34.806809088,4,6920,110,29
36.690059,134.747797,2026-07-28 00:12:35.837624832,4,4398,230,25
36.69563,134.738741,2026-07-28 00:12:35.908268288,4,4669,222,40
36.686924,134.742829,2026-07-28 00:12:35.908269312,4,4614,222,25
36.692941,134.746674,2026-07-28 00:12:35.961185536,4,5262,223,26
36.842754,134.420211,2026-07-28 00:12:37.925649152,4,4810,234,49
36.857519,134.418117,2026-07-28 00:12:37.925646336,4,2396,228,37
36.882631,134.392637,2026-07-28 00:12:37.925637120,4,7957,180,23
36.862129,134.420414,2026-07-28 00:12:38.499995904,4,3479,228,40
36.844065,134.425395,2026-07-28 00:12:38.500003072,4,4559,228,28
31.902232,139.569453,2026-07-28 00:12:39.470210816,4,5503,263,30
36.127404,136.212652,2026-07-28 00:12:41.153115648,4,6463,198,44
36.125074,136.249348,2026-07-28 00:12:41.153123328,4,8396,143,29
36.134789,136.206461,2026-07-28 00:12:41.214095360,4,6011,200,18
36.976627,134.313248,2026-07-28 00:12:42.576433152,4,11036,212,41
36.964388,134.322947,2026-07-28 00:12:42.576435712,4,5530,181,24
36.718532,134.672971,2026-07-28 00:12:44.833031680,4,5974,223,29
21.389052,113.028991,2026-07-28 00:12:44.883778560,4,12343,129,31
36.749627,134.623725,2026-07-28 00:12:44.898622720,4,4352,224,35
36.786376,134.612774,2026-07-28 00:12:44.898618112,4,5990,170,20
36.154912,136.290727,2026-07-28 00:12:48.16827648,4,4846,183,26
36.129085,136.231543,2026-07-28 00:12:48.783459328,4,6767,166,20
36.096963,136.253093,2026-07-28 00:12:48.806673152,4,5554,206,21
35.417092,137.1549,2026-07-28 00:12:50.952390912,4,11348,122,25
35.444665,137.18657,2026-07-28 00:12:50.996056320,4,8629,123,18
35.421332,137.150693,2026-07-28 00:12:51.23638272,4,5879,136,25
35.403292,137.130833,2026-07-28 00:12:51.70808832,4,2339,256,32
35.408225,137.137674,2026-07-28 00:12:51.70810624,4,14871,140,19
35.418689,137.14945,2026-07-28 00:12:51.161379584,4,5801,129,34
36.80241,134.643108,2026-07-28 00:12:51.433662976,4,2119,225,40
36.823134,134.633835,2026-07-28 00:12:51.433658624,4,3679,170,27
36.786005,134.639056,2026-07-28 00:12:51.500438272,4,4037,225,34
36.728457,134.672652,2026-07-28 00:12:51.500454912,4,7261,167,21
36.828211,134.626323,2026-07-28 00:12:51.621991680,4,8615,205,38
36.808572,134.631107,2026-07-28 00:12:51.622001152,4,5188,169,20
36.787352,134.643666,2026-07-28 00:12:51.687127552,4,3756,225,30
36.787126,134.643616,2026-07-28 00:12:51.762695168,4,3084,225,39
36.807706,134.634031,2026-07-28 00:12:51.762689280,4,8162,170,26
36.782305,134.646749,2026-07-28 00:12:51.813238528,4,2500,225,31
36.812613,134.622272,2026-07-28 00:12:51.813228544,4,6236,178,19
36.815121,134.618758,2026-07-28 00:12:52.74503936,4,7495,191,18
36.858168,134.338461,2026-07-28 00:12:52.488683776,4,4323,229,31
36.848883,134.339296,2026-07-28 00:12:52.488688896,4,4805,173,22
32.079474,139.580679,2026-07-28 00:12:55.449470464,4,2375,269,30
32.065094,139.585941,2026-07-28 00:12:55.591581440,4,7072,261,32
48.460456,30.576992,2026-07-28 00:12:57.886006784,4,10810,219,30
24.994762,-57.923231,2026-07-28 00:10:02.824462592,7,9353,205,10
29.894989,-76.234933,2026-07-28 00:10:11.739560448,7,3866,153,17
29.894203,-76.416092,2026-07-28 00:10:21.529706496,7,2669,254,24
29.811276,-76.347816,2026-07-28 00:10:21.529679616,7,6166,253,15
29.787306,-76.492049,2026-07-28 00:10:21.581781248,7,10768,149,9
29.882319,-76.31941,2026-07-28 00:10:36.135235584,7,6405,155,12
29.839983,-76.239183,2026-07-28 00:11:03.774619392,7,2960,208,13
29.754364,-76.453808,2026-07-28 00:11:28.995611392,7,1285,206,19
29.759926,-76.458433,2026-07-28 00:11:29.51835904,7,2699,206,16
29.779028,-76.505978,2026-07-28 00:11:29.148385792,7,6037,152,15
28.099436,-68.985996,2026-07-28 00:11:38.881815552,7,8314,252,20
29.819103,-76.115215,2026-07-28 00:11:48.610608384,7,10762,206,12
29.862673,-76.178622,2026-07-28 00:12:20.202570752,7,11947,151,15
29.774234,-76.431969,2026-07-28 00:12:30.765822208,7,6687,150,12
29.846646,-76.126561,2026-07-28 00:12:46.659142912,7,5737,151,14
29.834406,-76.106053,2026-07-28 00:12:46.972883200,7,5309,152,15
13.658458,0.365016,2026-07-28 00:12:55.764409600,5,4301,171,17
37.965634,136.607483,2026-07-28 00:10:00.159067392,9,6103,165,27
37.964286,136.611843,2026-07-28 00:10:00.159070208,9,4052,180,16
37.91811,136.604958,2026-07-28 00:10:00.192536832,9,5627,248,41
37.881608,136.608086,2026-07-28 00:10:00.192547584,9,1107,176,26
37.934568,136.615644,2026-07-28 00:10:00.192534272,9,4782,163,17
37.968669,136.566231,2026-07-28 00:10:00.220588544,9,845,265,30
37.973162,136.614894,2026-07-28 00:10:00.220600576,9,5025,168,21
37.943539,136.613605,2026-07-28 00:10:00.657497600,9,2353,258,37
37.974027,136.612595,2026-07-28 00:10:00.657494272,9,7326,169,26
36.046552,136.243465,2026-07-28 00:10:00.672466944,9,5586,190,24
35.356039,137.242903,2026-07-28 00:10:02.140662528,9,9009,199,14
35.406515,137.110851,2026-07-28 00:10:02.193669120,9,4774,137,21
35.407774,137.11783,2026-07-28 00:10:02.296167680,9,7851,137,23
35.393402,137.18145,2026-07-28 00:10:02.482713600,9,3053,204,20
31.779329,139.011441,2026-07-28 00:10:02.667657472,9,4074,260,20
36.965038,137.331002,2026-07-28 00:10:04.394306304,9,7141,216,13
36.943419,137.378789,2026-07-28 00:10:04.394303744,9,4286,180,19
36.742617,134.565879,2026-07-28 00:10:04.980427520,9,13777,170,26
36.732673,134.580911,2026-07-28 00:10:05.91856384,9,3721,227,27
36.76685,134.563867,2026-07-28 00:10:05.91852032,9,4693,177,14
31.87736,139.563713,2026-07-28 00:10:06.74067456,9,1839,268,31
31.898429,139.542735,2026-07-28 00:10:06.74076928,9,6291,237,22
31.903571,139.543262,2026-07-28 00:10:06.236373760,9,7130,262,29
36.915687,137.107153,2026-07-28 00:10:07.472145152,9,1336,235,19
37.267591,137.039284,2026-07-28 00:10:08.52495872,9,4253,166,19
37.248888,137.01934,2026-07-28 00:10:08.208291840,9,4716,191,16
37.256093,137.032079,2026-07-28 00:10:08.208290048,9,4883,166,13
31.927116,139.486814,2026-07-28 00:10:08.737776384,9,5038,261,28
31.965816,139.553025,2026-07-28 00:10:09.627876608,9,8673,235,15
36.068773,136.251809,2026-07-28 00:10:10.368737536,9,12487,176,15
37.852736,134.987791,2026-07-28 00:10:12.938376960,9,12724,191,15
36.805627,134.457736,2026-07-28 00:10:13.728931328,9,5585,233,47
36.793747,134.467092,2026-07-28 00:10:13.728935680,9,2636,205,34
36.815233,134.462678,2026-07-28 00:10:13.728929792,9,9303,178,21
36.918902,134.389371,2026-07-28 00:10:13.756084736,9,7144,230,15
36.831908,134.445881,2026-07-28 00:10:13.808218624,9,9157,207,38
36.831493,134.447469,2026-07-28 00:10:13.808220928,9,5109,173,24
36.806085,134.46484,2026-07-28 00:10:14.297856768,9,3582,227,43
36.819156,134.457194,2026-07-28 00:10:14.297856768,9,6235,171,27
36.797041,134.461994,2026-07-28 00:10:14.538659584,9,2460,233,18
36.806634,134.570654,2026-07-28 00:10:14.607691520,9,1286,244,26
36.813319,134.591942,2026-07-28 00:10:14.607695360,9,4109,187,15
36.73073,134.697314,2026-07-28 00:10:14.694738432,9,5051,185,14
36.703728,134.776809,2026-07-28 00:10:14.722606848,9,6089,229,25
36.66412,134.6267,2026-07-28 00:10:14.722568448,9,5859,177,13
36.781681,134.605822,2026-07-28 00:10:14.761828608,9,3005,228,26
36.813142,134.578133,2026-07-28 00:10:14.761814784,9,5706,189,14
36.807578,134.589514,2026-07-28 00:10:15.269085184,9,4378,188,19
36.068392,136.107122,2026-07-28 00:10:16.7068672,9,3228,249,30
36.091998,136.105092,2026-07-28 00:10:16.7064832,9,6135,155,15
36.113626,136.148216,2026-07-28 00:10:16.72797696,9,1385,193,34
36.081566,136.110307,2026-07-28 00:10:16.72786944,9,2488,167,25
36.082722,136.119453,2026-07-28 00:10:16.72790016,9,6384,145,15
36.082179,136.191154,2026-07-28 00:10:16.133776384,9,2077,253,33
36.048931,136.125305,2026-07-28 00:10:16.133755392,9,1961,196,25
36.066814,136.142964,2026-07-28 00:10:16.133746944,9,4488,182,15
36.205472,136.354281,2026-07-28 00:10:17.651271168,9,5856,204,13
36.073063,136.409425,2026-07-28 00:10:17.652916992,9,7009,176,17
36.061525,136.366194,2026-07-28 00:10:17.652900608,9,11206,161,19
36.745098,134.619996,2026-07-28 00:10:17.827742976,9,5062,238,11
32.062204,139.562875,2026-07-28 00:10:19.197233664,9,4439,269,32
32.037308,139.548076,2026-07-28 00:10:19.197231104,9,9221,234,14
32.018912,139.579114,2026-07-28 00:10:19.346616576,9,2405,234,24
36.154269,136.233709,2026-07-28 00:10:19.912049664,9,1783,220,23
37.786401,134.886249,2026-07-28 00:10:21.129435136,9,4765,197,16
37.677707,134.872219,2026-07-28 00:10:21.130420480,9,11291,253,19
37.807759,134.998941,2026-07-28 00:10:21.131723520,9,5964,245,26
37.780269,134.910983,2026-07-28 00:10:21.134461696,9,3765,238,23
37.764709,134.901551,2026-07-28 00:10:21.134464256,9,3071,225,35
37.790216,134.894734,2026-07-28 00:10:21.134458368,9,7411,178,24
36.801645,136.362708,2026-07-28 00:10:22.378126592,9,5621,171,27
36.76557,134.662032,2026-07-28 00:10:24.731568384,9,3898,224,35
36.787245,134.653669,2026-07-28 00:10:24.731561984,9,7852,170,19
36.768957,134.65967,2026-07-28 00:10:24.915934208,9,4533,225,42
36.796006,134.643285,2026-07-28 00:10:24.915932160,9,6660,170,29
36.812948,134.625778,2026-07-28 00:10:25.489904128,9,9411,240,13
31.91111,139.540713,2026-07-28 00:10:25.825339904,9,3655,270,35
31.889621,139.549557,2026-07-28 00:10:25.825329920,9,5645,237,17
35.37689,137.115543,2026-07-28 00:10:27.422708224,9,3568,131,35
35.394744,137.17717,2026-07-28 00:10:27.422727936,9,955,201,22
35.401898,137.121969,2026-07-28 00:10:27.422714624,9,5334,142,13
36.026386,136.284363,2026-07-28 00:10:28.264177408,9,8968,168,20
31.925614,139.484496,2026-07-28 00:10:28.790791168,9,2874,236,27
31.961896,139.409793,2026-07-28 00:10:28.790817536,9,11491,234,12
36.743986,134.580224,2026-07-28 00:10:28.955538944,9,3936,229,25
36.686812,134.68032,2026-07-28 00:10:28.955572736,9,4643,184,12
36.727967,134.583832,2026-07-28 00:10:29.14434816,9,2822,251,20
36.736755,134.577789,2026-07-28 00:10:29.93419776,9,5755,241,24
36.738178,134.576836,2026-07-28 00:10:29.288795648,9,4828,236,17
36.807416,134.619865,2026-07-28 00:10:29.436295168,9,7991,201,13
37.180348,137.011648,2026-07-28 00:10:31.413213440,9,8999,179,18
37.221311,137.038839,2026-07-28 00:10:31.711757568,9,6054,245,15
37.257231,137.085293,2026-07-28 00:10:31.715004672,9,7289,199,13
37.234897,137.030745,2026-07-28 00:10:31.727331328,9,6696,190,15
52.53473,123.124613,2026-07-28 00:10:32.718971648,9,12846,207,12
36.720353,134.663931,2026-07-28 00:10:33.510088448,9,5649,224,23
36.696523,134.737735,2026-07-28 00:10:33.642424832,9,5318,185,19
36.796734,134.634315,2026-07-28 00:10:33.848947968,9,11264,201,16
36.794826,134.639348,2026-07-28 00:10:33.965461760,9,10680,201,11
37.398631,136.814034,2026-07-28 00:10:34.182882304,9,9870,165,22
37.38096,136.715989,2026-07-28 00:10:34.184402944,9,6926,259,23
37.381457,136.828659,2026-07-28 00:10:34.184440064,9,8901,186,14
37.340014,136.761727,2026-07-28 00:10:34.209511680,9,4426,192,14
37.380772,136.739976,2026-07-28 00:10:34.409337344,9,2014,249,28
37.408844,136.729697,2026-07-28 00:10:34.409330432,9,7737,170,16
37.313864,136.756161,2026-07-28 00:10:34.503525888,9,7730,181,12
37.221936,136.629301,2026-07-28 00:10:34.610444800,9,6738,205,30
37.146573,136.777974,2026-07-28 00:10:34.630800128,9,3063,254,26
37.229276,136.647037,2026-07-28 00:10:34.630753024,9,6285,170,15
36.788685,134.519718,2026-07-28 00:10:37.974091264,9,6572,186,19
36.880861,134.381713,2026-07-28 00:10:38.9330688,9,5827,184,22
36.916027,134.371174,2026-07-28 00:10:38.63796736,9,4243,206,16
36.81407,134.506236,2026-07-28 00:10:38.96499712,9,13288,187,17
36.862685,134.592779,2026-07-28 00:10:38.210309120,9,5006,232,22
36.898778,134.394719,2026-07-28 00:10:38.274974208,9,5378,194,16
36.834883,137.348142,2026-07-28 00:10:39.634122496,9,4402,165,18
37.29219,137.014084,2026-07-28 00:10:40.480749824,9,10399,177,11
37.262112,136.992055,2026-07-28 00:10:40.803345152,9,13781,166,20
31.798905,138.99506,2026-07-28 00:10:40.965575936,9,12048,257,31
31.769493,139.058578,2026-07-28 00:10:41.3548672,9,4272,229,18
36.105235,136.194486,2026-07-28 00:10:41.281532672,9,3332,199,39
36.089587,136.228337,2026-07-28 00:10:41.281541120,9,7276,143,24
36.185564,136.258401,2026-07-28 00:10:41.375393792,9,5095,164,24
36.839814,134.602131,2026-07-28 00:10:41.759147264,9,12665,171,21
36.150392,136.346033,2026-07-28 00:10:41.835717120,9,1704,210,37
36.147635,136.280861,2026-07-28 00:10:41.835698688,9,2744,174,27
36.158643,136.312467,2026-07-28 00:10:41.835686144,9,2542,183,14
27.015657,133.451498,2026-07-28 00:10:42.156948224,9,3350,230,15
37.250768,137.074766,2026-07-28 00:10:46.383448832,9,3635,244,38
37.249909,137.067727,2026-07-28 00:10:46.383447552,9,10138,150,23
37.26702,137.072079,2026-07-28 00:10:46.444901632,9,5606,192,32
37.26907,137.147552,2026-07-28 00:10:46.444917248,9,9487,169,15
37.289487,137.140991,2026-07-28 00:10:46.524396544,9,3350,187,11
37.343009,137.178308,2026-07-28 00:10:46.875220992,9,7354,226,9
37.046414,137.147329,2026-07-28 00:10:46.974947328,9,14449,202,13
36.726465,134.572812,2026-07-28 00:10:48.873007104,9,4258,232,28
36.765384,134.55232,2026-07-28 00:10:48.873001472,9,7833,178,13
31.034142,139.997189,2026-07-28 00:10:48.988178688,9,6598,246,13
36.794113,134.680461,2026-07-28 00:10:49.762430720,9,4139,231,21
36.755773,134.45166,2026-07-28 00:10:49.762369280,9,14660,178,12
36.820666,134.42674,2026-07-28 00:10:49.792945152,9,4963,228,32
36.853001,134.412719,2026-07-28 00:10:49.792935168,9,6282,181,17
36.820287,134.421807,2026-07-28 00:10:49.856348160,9,7225,227,35
36.842075,134.420547,2026-07-28 00:10:49.856342016,9,8707,179,20
36.804455,134.436347,2026-07-28 00:10:49.898345472,9,3484,235,21
36.809623,134.431008,2026-07-28 00:10:49.956093696,9,4179,228,29
36.749527,134.469744,2026-07-28 00:10:49.956106496,9,6702,178,13
36.831084,134.414703,2026-07-28 00:10:50.113512704,9,2368,225,21
36.819466,134.431015,2026-07-28 00:10:50.250183168,9,3859,227,31
36.837148,134.415138,2026-07-28 00:10:50.250179584,9,3763,181,15
36.82435,134.426756,2026-07-28 00:10:50.385525504,9,6901,207,26
36.040015,136.241904,2026-07-28 00:10:52.286277376,9,2615,205,19
36.101624,136.271704,2026-07-28 00:10:52.483348992,9,3951,169,11
36.059024,136.287915,2026-07-28 00:10:52.656221696,9,1754,232,25
36.014271,136.332915,2026-07-28 00:10:52.656235008,9,7966,168,14
32.074404,139.425443,2026-07-28 00:10:53.273858304,9,2740,236,16
32.020316,139.44911,2026-07-28 00:10:53.292355328,9,3720,235,14
31.879365,139.563756,2026-07-28 00:10:53.798392832,9,4802,240,14
31.889419,139.537461,2026-07-28 00:10:53.862220032,9,6797,237,25
31.954871,139.509409,2026-07-28 00:10:53.967652608,9,964,236,21
31.886991,139.55575,2026-07-28 00:10:54.108629760,9,1223,238,25
31.921948,139.498848,2026-07-28 00:10:54.108648704,9,10429,235,14
37.738329,136.878596,2026-07-28 00:10:55.334741504,9,1292,267,37
37.673724,136.925237,2026-07-28 00:10:55.334768384,9,5377,168,29
37.697619,136.97555,2026-07-28 00:10:55.334753536,9,3752,187,18
37.725518,136.870784,2026-07-28 00:10:55.396328704,9,1041,236,28
37.734916,137.042547,2026-07-28 00:10:55.396359680,9,2902,162,19
37.722653,136.820911,2026-07-28 00:10:55.495649792,9,7295,194,24
37.727611,136.914334,2026-07-28 00:10:55.539152896,9,5332,193,17
35.404937,137.122499,2026-07-28 00:10:55.647472640,9,6078,130,37
35.402576,137.143022,2026-07-28 00:10:55.647475712,9,5470,154,18
35.407694,137.114066,2026-07-28 00:10:55.733840896,9,4020,149,16
35.396596,137.119303,2026-07-28 00:10:55.810006784,9,6033,151,12
35.425937,137.164877,2026-07-28 00:10:55.869470976,9,6779,147,12
37.665234,136.997863,2026-07-28 00:10:55.936606464,9,1470,185,23
37.727846,136.979257,2026-07-28 00:10:55.936581120,9,8828,173,13
36.761485,134.65832,2026-07-28 00:10:57.1895680,9,3949,225,28
36.782805,134.64702,2026-07-28 00:10:57.1891584,9,4800,170,14
36.711168,134.716125,2026-07-28 00:10:57.204061440,9,1916,222,26
36.723211,134.754614,2026-07-28 00:10:57.204070656,9,3872,184,18
36.844563,136.434604,2026-07-28 00:10:57.249146880,9,12939,221,11
36.854444,134.701254,2026-07-28 00:10:57.478986240,9,7544,239,19
36.803852,134.646726,2026-07-28 00:10:57.810470656,9,9069,222,23
36.770723,134.800226,2026-07-28 00:10:58.19616768,9,9171,202,15
36.722626,134.830549,2026-07-28 00:10:58.19627520,9,7114,165,22
32.001611,139.480158,2026-07-28 00:10:59.55449856,9,4969,236,25
36.074499,136.285329,2026-07-28 00:11:00.36994304,9,2964,251,28
36.102538,136.165223,2026-07-28 00:11:00.36957184,9,3972,172,15
36.797929,134.6666,2026-07-28 00:11:00.959591680,9,10611,206,31
37.233852,137.038274,2026-07-28 00:11:04.694311424,9,2722,231,43
37.223401,137.047027,2026-07-28 00:11:04.694316288,9,1461,208,29
37.177374,137.157755,2026-07-28 00:11:04.694302464,9,1921,187,19
37.239823,137.040462,2026-07-28 00:11:05.71748864,9,9523,180,22
37.231862,137.053932,2026-07-28 00:11:05.199966720,9,10306,179,21
36.732616,134.602449,2026-07-28 00:11:05.219153664,9,2956,224,41
36.760092,134.590627,2026-07-28 00:11:05.219155456,9,11022,170,29
36.788463,134.58311,2026-07-28 00:11:05.298058496,9,9082,184,35
36.72626,134.605736,2026-07-28 00:11:05.407495936,9,2610,224,25
36.772345,134.592953,2026-07-28 00:11:05.407485696,9,6542,170,15
31.896541,139.541707,2026-07-28 00:11:05.895003136,9,2429,262,31
31.882507,139.557226,2026-07-28 00:11:05.894997760,9,4310,240,15
36.761994,134.542713,2026-07-28 00:11:05.959111936,9,11148,204,29
36.750169,134.546763,2026-07-28 00:11:05.959116032,9,7970,177,21
35.414804,137.131334,2026-07-28 00:11:06.65602048,9,3005,175,18
35.448656,137.191974,2026-07-28 00:11:06.157126144,9,3446,147,11
36.74969,134.547676,2026-07-28 00:11:06.179141632,9,7060,192,15
32.138471,139.237126,2026-07-28 00:11:07.153016576,9,4621,231,24
32.035083,139.395697,2026-07-28 00:11:07.152996352,9,6553,233,15
36.698654,134.680039,2026-07-28 00:11:07.925953536,9,4271,241,24
36.747326,134.643069,2026-07-28 00:11:07.925937664,9,6824,200,13
35.40132,137.215963,2026-07-28 00:11:09.960212480,9,2491,138,19
35.367244,137.232801,2026-07-28 00:11:10.50051584,9,3790,137,23
35.392136,137.217447,2026-07-28 00:11:10.50045440,9,14922,162,16
31.76401,139.014222,2026-07-28 00:11:10.411447552,9,3727,258,19
36.950344,137.130934,2026-07-28 00:11:11.725744896,9,10393,157,12
37.902682,136.658198,2026-07-28 00:11:12.606437888,9,10790,249,51
37.911173,136.631266,2026-07-28 00:11:12.606436608,9,2886,176,34
37.954655,136.655512,2026-07-28 00:11:12.606419456,9,2268,178,20
37.680981,136.715989,2026-07-28 00:11:12.639953152,9,4902,249,24
37.980922,136.749562,2026-07-28 00:11:12.639901952,9,8983,194,16
37.968682,136.64864,2026-07-28 00:11:12.686747904,9,1328,262,27
38.008357,136.734181,2026-07-28 00:11:12.686755328,9,10498,169,20
37.899526,136.723022,2026-07-28 00:11:12.708207616,9,3259,176,21
37.948333,136.628517,2026-07-28 00:11:12.791196416,9,3414,258,51
37.87169,136.745259,2026-07-28 00:11:12.791239424,9,1716,243,40
37.96865,136.635738,2026-07-28 00:11:12.791194624,9,7452,162,29
37.938343,136.637953,2026-07-28 00:11:12.857667840,9,3961,220,40
37.968867,136.640342,2026-07-28 00:11:12.857660928,9,5649,162,26
37.966474,136.546334,2026-07-28 00:11:12.897009664,9,2631,244,22
34.848314,115.072557,2026-07-28 00:11:14.771335424,9,12826,171,17
35.949895,136.282712,2026-07-28 00:11:15.62976256,9,13007,163,20
37.200813,137.063594,2026-07-28 00:11:16.809520896,9,5761,165,17
36.592384,134.75116,2026-07-28 00:11:18.491016960,9,13983,184,22
36.078123,136.207631,2026-07-28 00:11:18.842032128,9,2883,216,25
36.070813,136.320377,2026-07-28 00:11:18.842067456,9,2299,197,17
36.166675,136.222025,2026-07-28 00:11:19.179139328,9,4925,199,48
36.118905,136.260193,2026-07-28 00:11:19.179149568,9,3759,174,30
36.128877,136.290999,2026-07-28 00:11:19.179142912,9,9118,177,16
36.131775,136.34784,2026-07-28 00:11:19.249040896,9,1241,251,30
36.139224,136.255204,2026-07-28 00:11:19.249014272,9,1740,207,19
36.14394,136.255019,2026-07-28 00:11:19.304192512,9,2631,207,33
36.165164,136.244849,2026-07-28 00:11:19.304189440,9,4096,153,21
32.004981,139.461842,2026-07-28 00:11:19.363510784,9,3034,238,21
36.161896,136.238449,2026-07-28 00:11:19.380018432,9,11637,158,38
36.11943,136.265661,2026-07-28 00:11:19.380026112,9,3207,197,19
36.121712,136.256801,2026-07-28 00:11:19.434247936,9,3713,219,18
35.438818,137.189784,2026-07-28 00:11:19.525105664,9,3724,140,23
36.170436,136.244661,2026-07-28 00:11:19.560609024,9,3983,159,35
36.170684,136.24091,2026-07-28 00:11:19.560609280,9,1758,161,21
36.751968,134.604583,2026-07-28 00:11:19.638802176,9,2725,225,48
36.760145,134.6063,2026-07-28 00:11:19.638801664,9,1836,225,32
36.167085,136.22836,2026-07-28 00:11:19.641089024,9,5963,198,33
36.121588,136.259156,2026-07-28 00:11:19.641096704,9,3014,217,25
36.183874,136.226554,2026-07-28 00:11:19.729877760,9,3427,172,25
36.183717,136.300402,2026-07-28 00:11:19.729900800,9,6847,169,16
35.905571,135.408389,2026-07-28 00:11:22.870242560,9,13873,172,31
31.864949,139.563637,2026-07-28 00:11:23.180551680,9,3859,237,26
31.870154,139.556203,2026-07-28 00:11:23.246309632,9,2379,237,14
36.888449,134.551845,2026-07-28 00:11:23.596110336,9,12788,244,17
36.06532,135.660445,2026-07-28 00:11:24.424830976,9,1695,186,45
36.050315,135.781864,2026-07-28 00:11:24.424865792,9,1648,239,35
36.093639,135.652571,2026-07-28 00:11:24.424825088,9,9326,148,25
32.04018,139.598887,2026-07-28 00:11:25.160731904,9,2658,236,28
32.178392,139.450737,2026-07-28 00:11:25.160784640,9,11195,232,15
32.112098,139.537397,2026-07-28 00:11:25.224385792,9,9081,268,14
32.08509,139.564141,2026-07-28 00:11:25.265162240,9,3516,270,14
32.038377,139.597888,2026-07-28 00:11:25.349999360,9,1172,267,27
32.069824,139.564534,2026-07-28 00:11:25.350016768,9,7143,215,14
32.083978,139.569505,2026-07-28 00:11:25.477504000,9,4108,270,22
36.789136,134.64069,2026-07-28 00:11:26.221913856,9,3149,225,28
36.818103,134.632141,2026-07-28 00:11:26.221910784,9,4019,169,12
36.789218,134.638112,2026-07-28 00:11:26.293181952,9,4178,225,32
36.817514,134.630313,2026-07-28 00:11:26.293180416,9,4654,169,16
36.775769,134.660264,2026-07-28 00:11:26.418111232,9,727,244,35
36.819019,134.63197,2026-07-28 00:11:26.418099456,9,5111,170,26
36.818906,134.624741,2026-07-28 00:11:26.539499776,9,9377,205,42
36.816122,134.630524,2026-07-28 00:11:26.539501056,9,4733,170,31
36.770786,134.615884,2026-07-28 00:11:26.541372160,9,4088,226,30
36.802566,134.603589,2026-07-28 00:11:26.541367552,9,3531,205,18
36.78958,134.642028,2026-07-28 00:11:26.658630400,9,697,225,32
36.817408,134.624224,2026-07-28 00:11:26.658622208,9,5254,169,23
36.790018,134.638732,2026-07-28 00:11:26.840265728,9,2140,226,24
45.87458,126.868701,2026-07-28 00:11:28.282160384,9,8750,164,17
36.960922,134.282518,2026-07-28 00:11:28.432617984,9,8426,182,21
35.437462,137.182182,2026-07-28 00:11:29.186211840,9,13454,123,11
35.370382,137.177685,2026-07-28 00:11:29.215799808,9,682,162,34
35.373535,137.175842,2026-07-28 00:11:29.215793408,9,6344,133,24
35.385103,137.154237,2026-07-28 00:11:29.236682240,9,3809,144,15
35.389285,137.150972,2026-07-28 00:11:29.258814464,9,6570,138,22
35.384011,137.157459,2026-07-28 00:11:29.284813824,9,3148,144,19
35.392205,137.158035,2026-07-28 00:11:29.320523520,9,7214,124,23
35.386676,137.153541,2026-07-28 00:11:29.393037568,9,4993,140,34
35.366627,137.175428,2026-07-28 00:11:29.393042688,9,3804,159,18
31.965822,139.455056,2026-07-28 00:11:31.645332736,9,9743,234,14
37.239167,137.461,2026-07-28 00:11:31.728248576,9,10116,166,22
37.213253,137.420397,2026-07-28 00:11:31.730421760,9,12167,119,25
37.213321,137.414272,2026-07-28 00:11:31.733338112,9,14830,125,19
36.101041,136.450801,2026-07-28 00:11:33.46202624,9,2764,257,34
36.125653,136.265047,2026-07-28 00:11:33.46146560,9,7397,143,21
36.131168,136.247587,2026-07-28 00:11:33.164367872,9,3988,171,22
36.066212,136.358437,2026-07-28 00:11:33.235685632,9,4802,168,14
36.097335,136.259313,2026-07-28 00:11:33.446710784,9,2298,244,17
36.13011,136.258071,2026-07-28 00:11:33.446706432,9,6748,154,17
36.103892,136.264046,2026-07-28 00:11:33.625183232,9,1400,239,34
36.114316,136.266733,2026-07-28 00:11:33.625182976,9,4392,153,23
36.693597,134.668796,2026-07-28 00:11:33.643380736,9,7870,184,19
31.799349,139.020926,2026-07-28 00:11:33.713463296,9,2040,267,24
36.131759,136.258348,2026-07-28 00:11:33.905108992,9,6917,167,12
37.978605,136.649996,2026-07-28 00:11:34.724951296,9,3068,254,45
38.052484,136.536986,2026-07-28 00:11:34.724911872,9,8639,165,38
38.026224,136.585771,2026-07-28 00:11:34.724909312,9,4479,179,17
38.066357,136.540503,2026-07-28 00:11:34.757884672,9,4861,204,26
38.074922,136.672648,2026-07-28 00:11:34.757905664,9,12501,169,10
36.738723,134.613157,2026-07-28 00:11:34.996627712,9,11900,186,12
37.2393,137.086192,2026-07-28 00:11:35.939549952,9,1360,257,40
37.210985,137.102148,2026-07-28 00:11:35.939557376,9,3573,191,28
37.217295,137.154996,2026-07-28 00:11:35.939546880,9,3825,194,15
37.265059,137.094325,2026-07-28 00:11:36.34419968,9,4741,166,33
37.217173,137.090092,2026-07-28 00:11:36.34425344,9,9649,186,33
37.222731,137.136793,2026-07-28 00:11:36.34415360,9,3709,181,20
37.293888,137.192044,2026-07-28 00:11:36.553954304,9,4998,174,15
36.895398,134.349944,2026-07-28 00:11:37.111615744,9,6114,217,25
36.900433,134.340004,2026-07-28 00:11:37.111609344,9,4990,181,12
31.735979,139.790407,2026-07-28 00:11:37.138084608,9,7533,266,17
36.882557,134.362009,2026-07-28 00:11:37.161605376,9,2049,229,38
36.903484,134.35368,2026-07-28 00:11:37.161600256,9,3666,175,27
36.91593,134.348483,2026-07-28 00:11:37.190794752,9,6779,195,16
36.870241,134.369927,2026-07-28 00:11:37.277696000,9,1926,237,24
36.897719,134.35876,2026-07-28 00:11:37.277689856,9,7089,173,22
36.753975,134.619269,2026-07-28 00:11:38.255603712,9,6869,201,12
36.846091,134.390169,2026-07-28 00:11:40.804008192,9,2308,235,28
36.882026,134.37617,2026-07-28 00:11:40.803998976,9,6031,180,16
36.868778,134.383723,2026-07-28 00:11:41.265700096,9,6679,209,33
36.878546,134.380783,2026-07-28 00:11:41.265696768,9,6053,180,16
31.931411,139.517969,2026-07-28 00:11:41.354980864,9,3697,234,26
35.35914,137.156091,2026-07-28 00:11:41.446608384,9,4323,139,17
36.166695,136.238833,2026-07-28 00:11:42.915525376,9,13745,191,13
36.159622,136.225126,2026-07-28 00:11:43.153159680,9,12274,186,14
35.998843,136.234521,2026-07-28 00:11:43.166685184,9,13232,169,13
36.087923,136.199411,2026-07-28 00:11:43.392772352,9,4054,166,14
37.226549,137.109144,2026-07-28 00:11:43.485894656,9,11125,165,16
36.823849,134.718429,2026-07-28 00:11:43.682031360,9,5479,234,20
31.889294,139.546854,2026-07-28 00:11:44.238274304,9,2925,263,31
31.888885,139.532998,2026-07-28 00:11:44.238277888,9,10033,235,15
31.878298,139.551448,2026-07-28 00:11:44.339469312,9,6586,237,22
31.916747,139.541669,2026-07-28 00:11:44.401266176,9,2433,270,30
31.874917,139.558195,2026-07-28 00:11:44.401251072,9,7915,237,16
31.870897,139.565334,2026-07-28 00:11:44.519704064,9,3187,235,22
31.875917,139.552086,2026-07-28 00:11:44.617696512,9,2122,238,24
37.231276,135.287683,2026-07-28 00:11:44.910365952,9,14557,176,17
36.945468,134.460784,2026-07-28 00:11:45.68923648,9,6343,234,24
36.91891,134.284991,2026-07-28 00:11:45.68878592,9,12483,181,11
36.776661,134.663604,2026-07-28 00:11:45.993665536,9,5357,203,42
36.790542,134.647928,2026-07-28 00:11:45.993667584,9,5002,170,28
36.982956,134.557119,2026-07-28 00:11:46.623230208,9,2122,265,43
36.775502,134.65918,2026-07-28 00:11:46.623282944,9,2290,225,34
36.785611,134.649124,2026-07-28 00:11:46.623281408,9,3837,176,20
36.729326,134.817285,2026-07-28 00:11:46.967555328,9,1648,225,17
35.400812,137.139266,2026-07-28 00:11:50.82155776,9,5382,143,27
37.184492,137.068371,2026-07-28 00:11:53.79730432,9,12359,165,19
36.163331,136.236214,2026-07-28 00:11:56.804254976,9,6467,196,46
36.138426,136.274967,2026-07-28 00:11:56.804263680,9,1024,198,30
36.112163,136.327997,2026-07-28 00:11:56.804256512,9,5138,184,21
36.159486,136.236394,2026-07-28 00:11:57.194442496,9,2675,198,19
36.129575,136.273847,2026-07-28 00:11:57.503411712,9,2926,206,29
36.167527,136.259391,2026-07-28 00:11:57.503409408,9,2888,155,18
35.349046,137.135435,2026-07-28 00:11:58.637869312,9,4293,138,22
35.372996,137.186493,2026-07-28 00:11:58.655090688,9,13325,133,18
36.79397,134.63666,2026-07-28 00:11:58.757313792,9,2602,225,38
36.822463,134.621067,2026-07-28 00:11:58.757304832,9,6351,169,21
36.797691,134.628776,2026-07-28 00:11:58.807239680,9,2675,235,19
36.81916,134.622838,2026-07-28 00:11:58.843362304,9,7048,169,25
36.803351,134.619123,2026-07-28 00:11:58.906463488,9,2634,245,16
36.796097,134.629034,2026-07-28 00:11:58.989528320,9,1680,237,19
36.779627,134.640286,2026-07-28 00:11:59.352062464,9,2913,225,28
36.824312,134.621276,2026-07-28 00:11:59.352052736,9,4872,178,13
36.819004,134.625007,2026-07-28 00:11:59.521017856,9,6942,176,23
32.04927,139.565125,2026-07-28 00:12:00.351249920,9,7195,268,23
31.866192,139.591527,2026-07-28 00:12:00.670038528,9,2829,263,18
31.87858,139.593829,2026-07-28 00:12:00.878316288,9,2560,263,17
36.761873,134.6656,2026-07-28 00:12:01.40607232,9,4224,200,15
35.406898,137.136837,2026-07-28 00:12:01.685556224,9,9357,123,22
35.404709,137.14648,2026-07-28 00:12:01.685558016,9,4749,142,15
35.37648,137.155829,2026-07-28 00:12:01.853939456,9,2020,187,20
37.753343,134.991187,2026-07-28 00:12:02.115572992,9,2994,188,18
35.412701,137.189243,2026-07-28 00:12:04.132029952,9,6402,139,13
20.054079,106.545453,2026-07-28 00:12:08.947270656,9,8697,250,20
36.728988,134.677607,2026-07-28 00:12:09.254034176,9,8353,202,38
36.721858,134.679566,2026-07-28 00:12:09.254043392,9,2722,223,20
36.030187,136.079947,2026-07-28 00:12:10.590362112,9,1821,216,28
36.056891,136.07775,2026-07-28 00:12:10.590360576,9,6329,154,17
36.016499,136.173641,2026-07-28 00:12:10.905582080,9,1805,244,31
36.075693,136.127832,2026-07-28 00:12:10.905565952,9,7590,170,22
35.986767,136.177785,2026-07-28 00:12:11.137425152,9,2927,169,21
31.778178,139.020188,2026-07-28 00:12:11.681819392,9,5092,258,39
31.890031,138.90587,2026-07-28 00:12:11.681857024,9,6598,135,22
31.658863,139.231138,2026-07-28 00:12:11.719398912,9,10020,234,25
31.602574,139.286535,2026-07-28 00:12:11.719382016,9,12824,235,18
31.783228,139.022082,2026-07-28 00:12:11.765709824,9,3921,228,25
31.796689,139.018104,2026-07-28 00:12:11.902206976,9,2390,267,17
35.413537,137.151754,2026-07-28 00:12:13.790841856,9,891,269,34
35.396832,137.141518,2026-07-28 00:12:13.790834688,9,7170,144,25
31.938646,139.495619,2026-07-28 00:12:16.689836800,9,4604,234,28
37.74734,136.886449,2026-07-28 00:12:16.753251072,9,1457,249,35
37.67571,136.933759,2026-07-28 00:12:16.753280768,9,2022,175,26
37.733971,136.940107,2026-07-28 00:12:16.753266944,9,5899,163,16
36.770448,134.550251,2026-07-28 00:12:16.778935296,9,12348,190,13
37.750063,136.894544,2026-07-28 00:12:16.806136832,9,2407,249,32
37.74731,136.939029,2026-07-28 00:12:16.806153984,9,8848,163,21
37.714706,136.887114,2026-07-28 00:12:16.907536640,9,5804,171,24
37.455149,134.863724,2026-07-28 00:12:17.193805056,9,8113,224,51
37.446806,134.867351,2026-07-28 00:12:17.193809408,9,3155,194,33
37.439072,134.883644,2026-07-28 00:12:17.193814784,9,7607,180,19
37.431395,134.882572,2026-07-28 00:12:17.207061248,9,8155,185,29
37.706049,136.876065,2026-07-28 00:12:17.328897280,9,9822,172,15
37.25244,137.101408,2026-07-28 00:12:18.479322624,9,9463,187,42
37.211281,137.179863,2026-07-28 00:12:18.479325952,9,2004,182,25
37.212045,137.159959,2026-07-28 00:12:18.479330816,9,4193,174,16
37.252929,137.091445,2026-07-28 00:12:18.539883008,9,2659,187,27
37.178606,137.123127,2026-07-28 00:12:18.539905536,9,12073,164,15
31.927242,139.528769,2026-07-28 00:12:18.594153216,9,9774,142,40
31.884092,139.578786,2026-07-28 00:12:18.594139136,9,6896,237,17
37.278536,137.049451,2026-07-28 00:12:18.611727616,9,2736,191,30
37.198599,137.062671,2026-07-28 00:12:18.611757056,9,5972,157,21
32.046358,139.388339,2026-07-28 00:12:18.672576768,9,3663,235,15
31.895699,139.517288,2026-07-28 00:12:18.684012544,9,3440,240,16
37.243513,137.10931,2026-07-28 00:12:18.694627328,9,1774,193,21
37.25917,137.167357,2026-07-28 00:12:18.694639104,9,9343,169,24
37.254417,137.106909,2026-07-28 00:12:18.695429632,9,6366,196,23
31.874729,139.555955,2026-07-28 00:12:18.712354048,9,12663,235,15
32.145732,139.454705,2026-07-28 00:12:18.754859264,9,4565,270,15
31.923148,139.526347,2026-07-28 00:12:18.839152640,9,1441,269,31
31.912369,139.524635,2026-07-28 00:12:18.839151104,9,4096,236,21
37.247827,137.110101,2026-07-28 00:12:18.860660480,9,8410,175,12
37.290124,137.044305,2026-07-28 00:12:19.171920640,9,3872,169,12
31.38742,139.650971,2026-07-28 00:12:19.517054464,9,1960,239,26
36.743751,134.599639,2026-07-28 00:12:19.647070464,9,7716,190,13
36.807846,134.471151,2026-07-28 00:12:19.943124224,9,7101,193,12
36.77353,134.65685,2026-07-28 00:12:20.465242368,9,984,225,37
36.73646,134.81636,2026-07-28 00:12:20.465291520,9,2423,199,24
36.820451,134.632743,2026-07-28 00:12:20.525728000,9,3340,214,33
36.799007,134.647083,2026-07-28 00:12:20.525732608,9,5881,170,22
36.798358,134.645543,2026-07-28 00:12:20.583662848,9,3583,170,27
36.792119,134.650215,2026-07-28 00:12:20.583665920,9,5109,169,13
36.808843,134.757675,2026-07-28 00:12:20.759539968,9,3747,265,43
36.808883,134.756152,2026-07-28 00:12:20.759540224,9,2315,265,33
36.791089,134.65706,2026-07-28 00:12:20.759510784,9,7803,168,23
36.731688,134.668711,2026-07-28 00:12:21.150369024,9,1506,225,24
36.711019,134.67495,2026-07-28 00:12:21.150373632,9,2807,167,15
36.815782,134.6286,2026-07-28 00:12:21.242595584,9,7846,201,11
36.813467,134.645256,2026-07-28 00:12:21.560493056,9,8461,201,11
37.688827,134.847625,2026-07-28 00:12:22.675989248,9,4182,218,57
37.646765,134.993441,2026-07-28 00:12:22.676033536,9,1133,264,43
37.602219,134.880284,2026-07-28 00:12:22.676010496,9,4723,188,34
37.669695,134.873413,2026-07-28 00:12:22.675993856,9,3948,177,21
37.669597,134.862578,2026-07-28 00:12:22.705126912,9,2632,198,17
36.753805,134.745967,2026-07-28 00:12:22.866542848,9,10119,244,15
36.095322,136.24022,2026-07-28 00:12:26.162014976,9,3077,205,33
36.131769,136.227823,2026-07-28 00:12:26.162008320,9,5641,152,18
31.634935,139.49871,2026-07-28 00:12:27.100131584,9,9221,265,11
36.302499,136.435391,2026-07-28 00:12:28.156825088,9,2705,220,23
36.266377,136.540657,2026-07-28 00:12:28.156859648,9,4586,152,13
36.847296,136.476342,2026-07-28 00:12:30.472093440,9,10492,199,18
36.834011,136.389047,2026-07-28 00:12:30.472073216,9,12509,159,19
36.850493,136.446678,2026-07-28 00:12:30.489211648,9,13659,166,46
36.751266,136.433064,2026-07-28 00:12:30.489222144,9,10436,152,30
32.128567,139.568912,2026-07-28 00:12:30.546344704,9,3168,239,20
32.034692,139.610153,2026-07-28 00:12:30.597195776,9,5121,240,17
32.036973,139.611977,2026-07-28 00:12:30.662833152,9,4182,237,19
32.039087,139.609868,2026-07-28 00:12:30.846089472,9,4000,235,19
32.072993,139.673172,2026-07-28 00:12:30.940069888,9,8392,235,13
32.041779,139.59038,2026-07-28 00:12:31.26097408,9,5714,261,13
35.421875,137.1537,2026-07-28 00:12:31.957756416,9,10419,123,16
35.335039,137.230516,2026-07-28 00:12:31.960627968,9,4346,146,16
35.353326,137.176547,2026-07-28 00:12:32.35921664,9,11971,146,13
22.796281,129.208452,2026-07-28 00:12:32.374558464,9,3435,189,31
36.119207,136.055004,2026-07-28 00:12:33.502982144,9,7093,163,20
35.955592,136.115991,2026-07-28 00:12:33.503000576,9,12887,181,11
36.076008,135.923144,2026-07-28 00:12:33.743535360,9,13387,195,17
36.796732,134.600677,2026-07-28 00:12:34.674466560,9,13792,181,15
37.010736,137.47763,2026-07-28 00:12:34.806825728,9,948,252,27
36.965865,137.553478,2026-07-28 00:12:34.806852864,9,1066,202,18
36.69005,134.7478,2026-07-28 00:12:35.837624832,9,4398,230,25
36.634378,134.778845,2026-07-28 00:12:35.837633280,9,4531,173,10
36.713014,134.732138,2026-07-28 00:12:35.908265472,9,6465,201,39
36.694243,134.73903,2026-07-28 00:12:35.908271872,9,4716,222,22
36.6929,134.746841,2026-07-28 00:12:35.961189120,9,5262,223,27
36.721419,134.736546,2026-07-28 00:12:35.961184000,9,7006,168,11
36.574134,134.773957,2026-07-28 00:12:36.37025536,9,8166,231,13
36.853675,134.413874,2026-07-28 00:12:37.925647104,9,5962,235,49
36.837108,134.425179,2026-07-28 00:12:37.925651200,9,4002,213,36
36.883103,134.411484,2026-07-28 00:12:37.925640192,9,9604,180,20
36.872321,134.417269,2026-07-28 00:12:38.499993600,9,4601,208,40
36.814734,134.444641,2026-07-28 00:12:38.500005888,9,6998,173,27
36.797255,134.393396,2026-07-28 00:12:38.502252288,9,6627,217,26
31.903903,139.541421,2026-07-28 00:12:39.470214144,9,14132,262,30
36.123818,136.23905,2026-07-28 00:12:41.153117696,9,8632,158,40
36.08722,136.304336,2026-07-28 00:12:41.153117440,9,1770,184,23
36.100188,136.317609,2026-07-28 00:12:41.214130688,9,2214,225,18
36.812431,134.684441,2026-07-28 00:12:42.77274112,9,5845,199,12
36.944513,134.333963,2026-07-28 00:12:42.576439552,9,2443,231,41
36.965233,134.32138,2026-07-28 00:12:42.576432384,9,6684,176,29
36.967746,134.32916,2026-07-28 00:12:42.791682304,9,6425,187,15
31.900715,139.667258,2026-07-28 00:12:44.517384960,9,5453,236,14
36.718532,134.672971,2026-07-28 00:12:44.833031680,9,5974,223,29
36.749625,134.662897,2026-07-28 00:12:44.833028096,9,8917,169,14
36.749664,134.622476,2026-07-28 00:12:44.898623744,9,4350,224,32
36.786381,134.612793,2026-07-28 00:12:44.898615808,9,5989,170,17
36.745065,134.805886,2026-07-28 00:12:45.161688064,9,6129,230,17
32.018902,139.634622,2026-07-28 00:12:45.946318336,9,7188,237,22
31.929318,139.510903,2026-07-28 00:12:46.934027264,9,5292,234,17
35.399617,137.202837,2026-07-28 00:12:47.310044416,9,6479,144,17
36.157381,136.278679,2026-07-28 00:12:47.759314688,9,5369,186,16
36.148025,136.298623,2026-07-28 00:12:48.16826624,9,4089,192,25
36.133122,136.236657,2026-07-28 00:12:48.16811008,9,5579,163,13
36.139839,136.218535,2026-07-28 00:12:48.99817984,9,4703,200,15
36.134241,136.21451,2026-07-28 00:12:48.331611648,9,3508,199,17
36.141771,136.226812,2026-07-28 00:12:48.416023040,9,5776,171,15
36.1371,136.207293,2026-07-28 00:12:48.752552448,9,6302,200,13
36.097651,136.25414,2026-07-28 00:12:48.783469312,9,2052,216,20
36.096917,136.253253,2026-07-28 00:12:48.806673152,9,5553,206,23
36.142753,136.304261,2026-07-28 00:12:49.107220480,9,4127,177,10
35.417096,137.154882,2026-07-28 00:12:50.952390912,9,11349,122,27
35.40405,137.222766,2026-07-28 00:12:50.996067072,9,2225,201,14
35.421311,137.150676,2026-07-28 00:12:51.23638272,9,5880,136,24
35.394271,137.157137,2026-07-28 00:12:51.70815232,9,1033,171,33
35.407115,137.161338,2026-07-28 00:12:51.70817280,9,5249,136,23
35.389382,137.158953,2026-07-28 00:12:51.161376256,9,1839,171,31
35.405314,137.163958,2026-07-28 00:12:51.161378304,9,6352,136,20
36.805758,134.636254,2026-07-28 00:12:51.433663488,9,4789,226,41
36.826561,134.628403,2026-07-28 00:12:51.433657344,9,7073,170,27
36.78519,134.640004,2026-07-28 00:12:51.500438272,9,3641,225,34
36.75572,134.652999,2026-07-28 00:12:51.500447488,9,2891,231,23
36.820429,134.628191,2026-07-28 00:12:51.621998848,9,9649,205,40
36.796789,134.638957,2026-07-28 00:12:51.622005504,9,4436,168,21
36.777893,134.649137,2026-07-28 00:12:51.687131392,9,2422,225,30
36.810661,134.634806,2026-07-28 00:12:51.687126528,9,7550,171,15
36.776829,134.646362,2026-07-28 00:12:51.762695424,9,3841,225,39
36.783468,134.644727,2026-07-28 00:12:51.762697472,9,3394,225,24
36.77275,134.650162,2026-07-28 00:12:51.813244416,9,3494,225,28
36.811076,134.628885,2026-07-28 00:12:51.813233920,9,4225,178,14
36.812829,134.626643,2026-07-28 00:12:52.74505728,9,6149,191,19
36.842752,134.356131,2026-07-28 00:12:52.488691968,9,1667,251,31
36.893097,134.321592,2026-07-28 00:12:52.488675840,9,5909,175,26
32.080384,139.554071,2026-07-28 00:12:55.449473024,9,12155,261,32
32.05089,139.589643,2026-07-28 00:12:55.500482816,9,5617,261,18
32.060934,139.58985,2026-07-28 00:12:55.591583488,9,6879,236,26
36.730682,134.757481,2026-07-28 00:12:55.662732544,9,5976,229,13
31.923798,139.538977,2026-07-28 00:12:56.210219520,9,1630,234,17
37.595977,136.897281,2026-07-28 00:12:58.708374528,9,9241,256,17
37.290942,136.864258,2026-07-28 00:12:58.721896448,9,14244,201,13
36.000647,136.320128,2026-07-28 00:13:01.465248512,9,13550,179,15
38.880344,-84.984593,2026-07-28 00:10:00.63798272,13,6439,170,44
38.956798,-84.967841,2026-07-28 00:10:00.63822848,13,5783,241,36
45.243101,-83.447877,2026-07-28 00:10:00.289245952,13,8202,132,39
45.16409,-83.451288,2026-07-28 00:10:00.289265920,13,13373,117,22
39.291391,-100.96507,2026-07-28 00:10:01.8683264,13,10715,108,28
31.08196,-74.45481,2026-07-28 00:10:01.460196864,13,6260,213,82
31.042202,-74.481954,2026-07-28 00:10:01.665037568,13,8218,148,37
35.798789,-104.693937,2026-07-28 00:10:03.241671424,13,5540,130,41
35.797662,-104.613615,2026-07-28 00:10:03.241694464,13,5201,121,30
29.968734,-76.21659,2026-07-28 00:10:03.498109696,13,5972,202,28
53.351387,-109.766689,2026-07-28 00:10:03.665780736,13,14219,231,26
39.230184,-87.769802,2026-07-28 00:10:04.492770816,13,5591,114,54
39.300926,-87.879175,2026-07-28 00:10:04.492806144,13,8269,122,40
29.682818,-110.143567,2026-07-28 00:10:04.558353920,13,6225,222,53
39.99234,-101.186438,2026-07-28 00:10:05.42198272,13,7230,87,56
39.965396,-101.091552,2026-07-28 00:10:05.42217472,13,8102,131,42
39.969337,-101.191032,2026-07-28 00:10:05.42249984,13,7128,124,28
40.716956,-87.458456,2026-07-28 00:10:05.132931584,13,7134,133,31
40.717429,-87.472101,2026-07-28 00:10:05.132931072,13,9027,133,29
46.760975,-79.242069,2026-07-28 00:10:05.578503936,13,2971,204,39
46.750673,-79.219822,2026-07-28 00:10:05.578507520,13,5526,189,31
38.828839,-84.288296,2026-07-28 00:10:05.766646272,13,9284,162,22
40.161156,-87.31047,2026-07-28 00:10:05.869164544,13,8866,104,26
40.60542,-87.380938,2026-07-28 00:10:06.461809664,13,8308,107,78
40.59433,-87.403372,2026-07-28 00:10:06.461806080,13,12421,138,64
40.634212,-87.37744,2026-07-28 00:10:06.461853952,13,12969,237,43
31.863865,-73.814433,2026-07-28 00:10:07.244566016,13,4816,216,45
53.565441,-107.960894,2026-07-28 00:10:07.373397248,13,13926,213,61
39.351807,-87.851739,2026-07-28 00:10:08.102972416,13,9485,145,22
40.638777,-87.371602,2026-07-28 00:10:08.111047424,13,5904,93,34
38.845795,-85.839524,2026-07-28 00:10:08.450250240,13,8547,154,36
38.774602,-85.773942,2026-07-28 00:10:08.450260224,13,4822,154,21
32.332752,-82.476537,2026-07-28 00:10:09.104094208,13,14237,118,42
32.468928,-82.571595,2026-07-28 00:10:09.104124416,13,5916,218,33
39.049157,-85.230415,2026-07-28 00:10:09.156555008,13,9563,219,44
32.487835,-82.573827,2026-07-28 00:10:09.622149376,13,13029,218,35
35.573486,-105.038271,2026-07-28 00:10:10.3281152,13,5076,137,27
30.76777,-75.003347,2026-07-28 00:10:11.560377088,13,7777,148,50
39.168587,-105.103386,2026-07-28 00:10:11.592205824,13,10178,73,33
29.864394,-76.240317,2026-07-28 00:10:11.862928384,13,12424,206,40
39.352551,-87.84529,2026-07-28 00:10:12.8887552,13,14666,142,19
38.849816,-84.986457,2026-07-28 00:10:12.780808960,13,10463,95,59
38.934171,-84.979115,2026-07-28 00:10:12.780833536,13,4744,156,40
38.878608,-84.992243,2026-07-28 00:10:12.780847872,13,13331,122,20
42.827508,-64.41563,2026-07-28 00:10:13.11740160,13,3709,250,56
42.806935,-64.37078,2026-07-28 00:10:13.11730944,13,8648,170,53
41.561793,-73.341155,2026-07-28 00:10:13.567953152,13,8369,162,24
41.574327,-73.355638,2026-07-28 00:10:13.626726656,13,11836,142,49
41.556091,-73.342721,2026-07-28 00:10:14.280496128,13,4735,147,20
47.043061,-80.585962,2026-07-28 00:10:14.593307904,13,9310,92,53
47.034387,-80.661491,2026-07-28 00:10:14.593320448,13,7895,140,42
46.997768,-80.622138,2026-07-28 00:10:14.593343488,13,5023,159,37
45.292417,-71.740332,2026-07-28 00:10:14.636096000,13,8104,95,17
39.215045,-87.779462,2026-07-28 00:10:15.26945792,13,11180,102,75
39.229137,-87.804218,2026-07-28 00:10:15.26958080,13,6510,116,53
38.835142,-111.469388,2026-07-28 00:10:15.344894208,13,14198,104,32
38.827886,-111.59983,2026-07-28 00:10:15.344914944,13,5370,203,28
28.204574,-68.497299,2026-07-28 00:10:16.430019328,13,14097,245,26
40.675026,-87.395543,2026-07-28 00:10:16.521903872,13,12722,93,32
46.637295,-83.045631,2026-07-28 00:10:16.575403264,13,5830,197,43
46.668916,-83.192739,2026-07-28 00:10:16.602560000,13,11126,157,29
39.286512,-87.865661,2026-07-28 00:10:17.356886272,13,6059,119,27
39.217716,-87.799991,2026-07-28 00:10:17.356894720,13,5741,143,27
44.765134,-83.062482,2026-07-28 00:10:17.440837888,13,13624,97,53
39.201673,-87.881591,2026-07-28 00:10:17.791262208,13,12400,172,24
39.222322,-87.827564,2026-07-28 00:10:17.866744320,13,10842,228,24
39.21444,-87.745128,2026-07-28 00:10:17.866764544,13,10939,143,29
39.212106,-87.744505,2026-07-28 00:10:17.946415360,13,10307,173,67
39.277425,-87.734947,2026-07-28 00:10:17.946438912,13,6608,146,51
39.241852,-87.764358,2026-07-28 00:10:17.946460672,13,9800,179,37
30.18607,-107.417029,2026-07-28 00:10:18.202506752,13,11541,205,30
40.815942,-87.801719,2026-07-28 00:10:19.638029312,13,12306,90,35
30.856976,-74.800883,2026-07-28 00:10:20.756387584,13,6338,148,41
39.290777,-87.883599,2026-07-28 00:10:21.24834048,13,13819,146,35
39.211776,-87.934133,2026-07-28 00:10:21.24799232,13,8906,191,25
29.846973,-76.387027,2026-07-28 00:10:21.529686784,13,7459,206,94
39.998756,-87.397509,2026-07-28 00:10:21.735393536,13,7849,108,25
29.754559,-76.438773,2026-07-28 00:10:22.203520000,13,3458,206,33
40.517169,-111.060616,2026-07-28 00:10:23.240700928,13,12875,126,21
40.51167,-110.9757,2026-07-28 00:10:23.412049664,13,12218,72,45
38.734645,-84.343548,2026-07-28 00:10:24.2449152,13,6803,105,32
38.495734,-90.104286,2026-07-28 00:10:24.169504512,13,5976,152,38
39.210072,-87.808007,2026-07-28 00:10:24.439341056,13,7631,113,70
47.053967,-79.142507,2026-07-28 00:10:24.597300992,13,8270,186,41
29.532798,-111.916174,2026-07-28 00:10:25.120538112,13,11285,232,17
30.821995,-75.043054,2026-07-28 00:10:25.161454592,13,3970,256,28
39.055555,-106.588663,2026-07-28 00:10:25.323176448,13,10869,95,41
39.061381,-106.550466,2026-07-28 00:10:25.323210240,13,10570,129,29
39.073932,-87.505301,2026-07-28 00:10:26.145932288,13,11258,65,67
39.145355,-87.590443,2026-07-28 00:10:26.145966080,13,14985,121,43
40.71529,-87.42138,2026-07-28 00:10:26.502347008,13,11189,135,30
45.325867,-85.580875,2026-07-28 00:10:26.921976832,13,8689,113,49
45.383369,-85.509913,2026-07-28 00:10:26.922005504,13,13924,105,32
31.917196,-73.77163,2026-07-28 00:10:28.354979584,13,9309,212,30
40.695025,-87.369333,2026-07-28 00:10:28.569601280,13,7794,139,26
39.156192,-87.858688,2026-07-28 00:10:28.753572096,13,14112,111,20
36.924691,-103.195055,2026-07-28 00:10:28.796054016,13,10234,103,36
32.642668,-73.75143,2026-07-28 00:10:29.116659968,13,12790,252,22
28.058932,-109.271384,2026-07-28 00:10:29.131607040,13,8993,238,25
44.656402,-83.058904,2026-07-28 00:10:29.294359808,13,9820,128,23
28.086939,-109.272041,2026-07-28 00:10:29.483033344,13,13552,239,23
35.855955,-104.719723,2026-07-28 00:10:30.29258752,13,7397,186,47
35.854656,-104.605414,2026-07-28 00:10:30.29283072,13,8155,150,34
35.879117,-104.750866,2026-07-28 00:10:30.268860928,13,11580,133,25
38.945043,-85.288657,2026-07-28 00:10:30.413537536,13,12789,228,24
35.791348,-104.785506,2026-07-28 00:10:30.552597760,13,3336,187,24
31.808892,-73.7933,2026-07-28 00:10:32.496392192,13,8536,215,40
40.930917,-79.440479,2026-07-28 00:10:32.565080832,13,8216,71,41
39.273933,-101.088395,2026-07-28 00:10:32.850133248,13,10836,102,20
40.644368,-87.517646,2026-07-28 00:10:33.147054336,13,7143,176,28
39.25789,-87.808122,2026-07-28 00:10:34.421539840,13,10022,178,35
39.240747,-87.807405,2026-07-28 00:10:34.421538816,13,13061,120,40
40.631897,-87.413981,2026-07-28 00:10:34.448324608,13,6961,94,42
40.621129,-87.446612,2026-07-28 00:10:34.448370944,13,11273,104,28
39.032629,-85.44061,2026-07-28 00:10:34.747834112,13,14305,93,22
39.042968,-85.439455,2026-07-28 00:10:34.747886336,13,11585,154,20
32.528339,-71.905671,2026-07-28 00:10:35.646393344,13,11620,267,33
29.991894,-76.202315,2026-07-28 00:10:36.135278592,13,5179,260,34
40.642741,-87.387325,2026-07-28 00:10:36.767339520,13,9359,96,22
33.688513,-64.642495,2026-07-28 00:10:37.25985024,13,10869,189,45
33.729205,-64.645144,2026-07-28 00:10:37.26032640,13,13596,233,41
33.642216,-64.553514,2026-07-28 00:10:37.173023744,13,6318,194,22
35.667211,-104.953519,2026-07-28 00:10:37.188701184,13,14169,136,34
39.284276,-87.637442,2026-07-28 00:10:37.291753472,13,14116,107,26
25.779777,-58.472632,2026-07-28 00:10:37.658197248,13,10499,252,28
34.024947,-108.238196,2026-07-28 00:10:37.719853056,13,8216,123,29
28.90375,-109.520212,2026-07-28 00:10:38.69442304,13,5610,228,40
39.366356,-87.816063,2026-07-28 00:10:39.20372736,13,13260,142,35
39.304212,-87.753977,2026-07-28 00:10:39.20380416,13,7054,142,26
39.347686,-87.804434,2026-07-28 00:10:39.73691392,13,7169,138,31
39.292726,-87.735614,2026-07-28 00:10:39.73703936,13,11889,139,25
39.357963,-87.808423,2026-07-28 00:10:39.128411136,13,8645,138,30
39.294805,-87.716413,2026-07-28 00:10:39.190996992,13,8347,108,43
39.341717,-87.789627,2026-07-28 00:10:39.191031040,13,8826,138,30
45.336988,-79.016836,2026-07-28 00:10:39.363358976,13,6314,224,26
45.261834,-78.905798,2026-07-28 00:10:39.363401728,13,4821,121,28
44.509118,-79.422581,2026-07-28 00:10:39.383904000,13,11730,145,27
35.914269,-108.860625,2026-07-28 00:10:40.433675776,13,14874,109,36
36.071374,-108.831363,2026-07-28 00:10:40.433733632,13,11708,236,24
30.987534,-74.422273,2026-07-28 00:10:40.680306432,13,13898,149,39
39.208635,-87.763247,2026-07-28 00:10:41.964879872,13,11951,85,39
39.191876,-87.850981,2026-07-28 00:10:41.964911872,13,8462,143,23
39.20369,-87.773766,2026-07-28 00:10:42.229708032,13,8924,144,24
47.171405,-78.141704,2026-07-28 00:10:42.745791488,13,8731,182,42
29.912925,-76.199934,2026-07-28 00:10:42.989227520,13,8867,150,53
31.797251,-68.090674,2026-07-28 00:10:43.120733952,13,7709,229,38
40.625496,-87.417039,2026-07-28 00:10:43.370980096,13,14304,74,37
40.602527,-87.569995,2026-07-28 00:10:43.370983424,13,6440,266,22
40.622085,-87.43004,2026-07-28 00:10:43.593890816,13,6839,113,45
39.232657,-87.779364,2026-07-28 00:10:44.233570304,13,11335,125,47
39.291521,-87.86889,2026-07-28 00:10:44.233597440,13,7383,142,37
39.249813,-87.769666,2026-07-28 00:10:44.233619456,13,7325,202,28
30.223584,-75.705571,2026-07-28 00:10:44.316017664,13,11970,204,23
39.231293,-87.776731,2026-07-28 00:10:46.149621504,13,14258,102,62
39.234927,-87.814775,2026-07-28 00:10:46.149631744,13,9843,131,57
39.23926,-87.782074,2026-07-28 00:10:46.149667328,13,13575,153,42
32.478501,-72.958926,2026-07-28 00:10:46.233285888,13,8916,221,31
38.870104,-84.998639,2026-07-28 00:10:47.845401088,13,6634,104,46
38.894154,-84.986786,2026-07-28 00:10:47.921734912,13,5953,160,35
38.981693,-84.965457,2026-07-28 00:10:47.921760768,13,4466,249,50
46.854018,-78.758307,2026-07-28 00:10:48.164409088,13,11286,116,34
46.856211,-78.808886,2026-07-28 00:10:48.164409856,13,6335,189,57
42.448091,-100.467025,2026-07-28 00:10:48.450383360,13,8365,119,43
47.142026,-80.674381,2026-07-28 00:10:48.808398336,13,8130,176,39
47.102445,-80.673137,2026-07-28 00:10:48.808415488,13,3478,203,64
47.131636,-80.660431,2026-07-28 00:10:48.808405504,13,11363,157,50
39.231623,-87.79531,2026-07-28 00:10:48.890459392,13,10887,70,36
39.212444,-87.711759,2026-07-28 00:10:49.696850176,13,7940,106,24
45.302539,-85.256786,2026-07-28 00:10:50.487117056,13,7453,129,46
45.245928,-85.21642,2026-07-28 00:10:50.487142144,13,10123,167,42
45.150128,-85.09656,2026-07-28 00:10:50.487176704,13,10467,206,28
40.606807,-87.301739,2026-07-28 00:10:50.562870016,13,4451,199,41
40.6164,-87.427699,2026-07-28 00:10:50.562896384,13,10576,121,29
40.612263,-87.339189,2026-07-28 00:10:50.735683840,13,10049,69,22
39.22541,-87.814314,2026-07-28 00:10:50.777270016,13,7727,106,50
30.923798,-74.821883,2026-07-28 00:10:50.896992256,13,12035,147,38
58.516724,-116.93387,2026-07-28 00:10:51.461296128,13,14187,265,24
31.147358,-74.530261,2026-07-28 00:10:51.606423040,13,8067,213,53
31.206385,-74.57036,2026-07-28 00:10:51.606443008,13,6950,255,54
31.730928,-73.917222,2026-07-28 00:10:51.950503424,13,10095,246,28
30.161211,-75.565893,2026-07-28 00:10:52.844497920,13,3665,200,33
30.820585,-72.221132,2026-07-28 00:10:53.317325824,13,7289,165,46
30.665652,-72.256616,2026-07-28 00:10:53.382808576,13,12806,230,27
39.14728,-87.900587,2026-07-28 00:10:53.729701888,13,7728,148,28
39.210606,-87.783657,2026-07-28 00:10:53.729733376,13,7884,147,25
40.13666,-87.462456,2026-07-28 00:10:54.609986048,13,8574,179,30
40.126899,-87.364256,2026-07-28 00:10:54.610013440,13,7500,239,18
46.80901,-83.343169,2026-07-28 00:10:55.77856256,13,11821,91,55
46.773792,-83.362245,2026-07-28 00:10:55.77879040,13,5232,170,43
47.016098,-80.134924,2026-07-28 00:10:55.426949632,13,11427,110,74
44.51897,-79.315806,2026-07-28 00:10:55.834761472,13,6267,164,45
44.476294,-79.299612,2026-07-28 00:10:55.834777856,13,4395,188,69
44.49898,-79.323123,2026-07-28 00:10:55.834771712,13,4760,93,54
44.451731,-79.356942,2026-07-28 00:10:55.834788352,13,12423,130,39
39.163143,-87.919142,2026-07-28 00:10:56.8734208,13,9230,150,28
39.266242,-87.908222,2026-07-28 00:10:56.8752640,13,9354,123,39
30.871372,-74.526695,2026-07-28 00:10:56.341426688,13,11219,232,34
40.659009,-87.471349,2026-07-28 00:10:56.464403712,13,5061,167,32
40.650299,-87.37609,2026-07-28 00:10:56.651117824,13,14167,101,41
41.851411,-74.042631,2026-07-28 00:10:57.501216512,13,8822,99,24
25.59771,-58.365108,2026-07-28 00:10:57.512445952,13,8895,259,31
38.908703,-85.829668,2026-07-28 00:10:58.343305984,13,12411,83,72
38.99931,-85.819377,2026-07-28 00:10:58.343335680,13,4159,244,52
38.921302,-85.833813,2026-07-28 00:10:58.343354368,13,11543,162,38
38.91107,-85.079923,2026-07-28 00:10:58.933978112,13,6561,170,63
38.935493,-85.077021,2026-07-28 00:10:58.933987072,13,9850,203,49
38.91499,-85.10777,2026-07-28 00:10:58.934017536,13,6925,158,31
38.901116,-85.079455,2026-07-28 00:10:58.934012672,13,13554,121,18
38.947686,-85.152682,2026-07-28 00:10:59.51657984,13,7337,202,31
45.148835,-83.331449,2026-07-28 00:10:59.179924992,13,13541,97,56
36.34428,-59.095294,2026-07-28 00:10:59.576258048,13,10752,211,19
30.137373,-84.572168,2026-07-28 00:11:00.31606016,13,6502,137,26
53.891415,-109.241657,2026-07-28 00:11:00.104993536,13,12449,246,25
46.958329,-77.920748,2026-07-28 00:11:00.798558976,13,12847,165,48
46.952742,-78.000221,2026-07-28 00:11:00.798567424,13,14774,180,33
32.15105,-107.560302,2026-07-28 00:11:01.11464960,13,13113,198,25
34.252116,-111.034403,2026-07-28 00:11:01.179706112,13,13995,71,35
44.757305,-83.129224,2026-07-28 00:11:01.752549632,13,7668,140,28
39.903102,-106.113236,2026-07-28 00:11:01.781913344,13,13717,103,31
38.781238,-84.293716,2026-07-28 00:11:01.792645632,13,8348,102,37
38.789554,-84.2914,2026-07-28 00:11:01.792686592,13,8077,162,27
40.954353,-87.775841,2026-07-28 00:11:02.72663552,13,14645,87,42
39.189809,-87.753024,2026-07-28 00:11:02.367875328,13,10795,133,27
29.95648,-75.842817,2026-07-28 00:11:02.671956992,13,7308,210,28
31.942822,-73.768254,2026-07-28 00:11:03.487045632,13,8510,140,58
31.983083,-73.73102,2026-07-28 00:11:03.554363648,13,10316,268,34
30.614681,-75.042735,2026-07-28 00:11:04.201266688,13,12912,226,58
31.850965,-73.754129,2026-07-28 00:11:04.446595840,13,6551,270,22
39.201015,-87.757458,2026-07-28 00:11:04.528177920,13,12895,144,25
39.286507,-87.786568,2026-07-28 00:11:05.23956480,13,14202,140,42
39.249601,-87.842194,2026-07-28 00:11:05.23970304,13,13630,143,28
39.35824,-87.827466,2026-07-28 00:11:05.34570752,13,6420,194,24
35.665654,-104.805293,2026-07-28 00:11:05.122070272,13,3808,189,26
39.305365,-87.905384,2026-07-28 00:11:06.20852224,13,13713,195,32
33.832402,-105.538883,2026-07-28 00:11:06.143402496,13,9496,242,24
40.386742,-75.804225,2026-07-28 00:11:06.431155712,13,14821,115,82
40.421126,-75.79279,2026-07-28 00:11:06.431163648,13,11089,171,79
40.386914,-75.760704,2026-07-28 00:11:06.431168768,13,7107,99,58
40.405624,-75.733412,2026-07-28 00:11:06.431178496,13,8199,107,46
31.024262,-74.384948,2026-07-28 00:11:07.56695040,13,6811,249,18
38.57354,-90.243161,2026-07-28 00:11:07.479896320,13,13137,135,23
46.756847,-79.227217,2026-07-28 00:11:08.308586240,13,3904,188,48
46.707888,-79.200109,2026-07-28 00:11:08.308605184,13,7270,185,56
46.719381,-79.192719,2026-07-28 00:11:08.308601344,13,9529,139,38
46.751756,-79.243472,2026-07-28 00:11:08.337413120,13,9098,188,29
40.652044,-87.455321,2026-07-28 00:11:08.531419392,13,11017,139,40
40.619575,-87.367911,2026-07-28 00:11:08.531444736,13,6156,235,27
38.191027,-106.033778,2026-07-28 00:11:08.550954496,13,6308,127,27
29.869623,-76.417518,2026-07-28 00:11:09.129098752,13,4705,254,27
38.864855,-84.24645,2026-07-28 00:11:10.40567296,13,5401,71,37
38.821057,-84.36593,2026-07-28 00:11:10.40575232,13,9065,267,24
39.278301,-101.001774,2026-07-28 00:11:10.104002816,13,8871,114,18
39.495875,-100.976815,2026-07-28 00:11:10.540807680,13,13483,105,21
42.351824,-100.288396,2026-07-28 00:11:10.775532288,13,12275,111,26
30.784005,-75.020999,2026-07-28 00:11:11.84881920,13,14863,261,14
28.123717,-109.294164,2026-07-28 00:11:11.289721856,13,7006,237,29
39.195569,-87.781181,2026-07-28 00:11:12.773799424,13,12872,102,82
39.204126,-87.810804,2026-07-28 00:11:12.773819648,13,12940,116,59
29.874412,-110.02815,2026-07-28 00:11:12.964369664,13,9970,225,52
44.824422,-78.971124,2026-07-28 00:11:13.384368640,13,3739,165,37
44.791201,-78.972848,2026-07-28 00:11:13.384378880,13,4589,175,41
35.897517,-104.881828,2026-07-28 00:11:13.874426368,13,14685,104,35
40.846156,-63.354481,2026-07-28 00:11:14.20978176,13,6713,199,58
40.841234,-63.224209,2026-07-28 00:11:14.20970496,13,11958,201,44
47.319862,-79.538971,2026-07-28 00:11:14.666527488,13,14589,235,23
39.228641,-87.77286,2026-07-28 00:11:15.130696704,13,5699,173,61
39.283435,-87.829885,2026-07-28 00:11:15.130727680,13,8757,143,47
39.202899,-87.771473,2026-07-28 00:11:15.130732800,13,5229,143,32
45.273477,-78.857131,2026-07-28 00:11:16.20115712,13,14637,109,23
32.45962,-72.961164,2026-07-28 00:11:16.158945024,13,4836,222,58
32.61524,-72.983459,2026-07-28 00:11:16.159001856,13,12367,261,41
39.298342,-87.853969,2026-07-28 00:11:16.288736256,13,10121,142,23
39.292944,-87.843593,2026-07-28 00:11:16.385039104,13,10044,142,27
32.282661,-73.071689,2026-07-28 00:11:16.618153216,13,11787,235,22
32.401113,-73.095522,2026-07-28 00:11:16.965303808,13,12967,219,35
30.83114,-72.236606,2026-07-28 00:11:17.301184000,13,7054,232,55
30.900844,-72.228008,2026-07-28 00:11:17.344978944,13,9219,266,29
30.596714,-72.306639,2026-07-28 00:11:17.393637888,13,8468,253,34
30.954794,-72.27551,2026-07-28 00:11:17.532455168,13,3616,231,33
30.897505,-75.025272,2026-07-28 00:11:18.163248128,13,3391,202,31
35.816594,-104.711073,2026-07-28 00:11:18.280381440,13,7227,121,29
35.937332,-104.730206,2026-07-28 00:11:18.280412160,13,8867,212,21
38.906066,-85.990075,2026-07-28 00:11:18.907762432,13,13405,152,24
40.733045,-87.49936,2026-07-28 00:11:19.259490560,13,12095,113,24
38.542043,-84.970961,2026-07-28 00:11:19.878366976,13,13043,125,73
38.608262,-84.987073,2026-07-28 00:11:19.878380288,13,11052,108,50
47.109141,-80.635444,2026-07-28 00:11:19.996466688,13,8104,115,65
47.158474,-80.57251,2026-07-28 00:11:19.996482816,13,13181,171,55
47.039154,-80.593189,2026-07-28 00:11:19.996496128,13,9508,156,43
39.288205,-100.944854,2026-07-28 00:11:20.120405760,13,6537,113,26
39.264732,-100.934625,2026-07-28 00:11:20.120406784,13,12399,91,23
40.624145,-87.392095,2026-07-28 00:11:20.397641472,13,7337,57,33
40.643375,-87.509804,2026-07-28 00:11:20.397655808,13,6372,138,41
38.838605,-84.286415,2026-07-28 00:11:20.671506176,13,3923,167,24
31.079498,-74.480503,2026-07-28 00:11:20.825033728,13,3788,264,41
19.217464,-102.380522,2026-07-28 00:11:21.444670208,13,8536,264,99
46.38207,-84.225674,2026-07-28 00:11:21.495635456,13,3519,192,56
37.708689,-102.033136,2026-07-28 00:11:21.979326976,13,5245,145,64
37.707872,-101.998038,2026-07-28 00:11:21.979332608,13,13185,86,51
37.684518,-101.912197,2026-07-28 00:11:21.979343616,13,7403,201,38
30.252138,-107.982199,2026-07-28 00:11:22.126212096,13,9915,205,26
38.838523,-85.847562,2026-07-28 00:11:22.267525888,13,14436,156,27
40.68119,-87.397679,2026-07-28 00:11:23.43607552,13,12409,93,39
40.662824,-87.403483,2026-07-28 00:11:23.43647744,13,7229,142,21
39.315037,-87.471745,2026-07-28 00:11:23.593903616,13,10573,122,47
39.263281,-87.868043,2026-07-28 00:11:24.561463552,13,9875,143,45
42.834918,-64.41658,2026-07-28 00:11:25.104656128,13,5327,248,40
42.804692,-64.343655,2026-07-28 00:11:25.104648448,13,8687,238,26
41.850184,-74.04777,2026-07-28 00:11:25.365862400,13,7671,150,32
38.91324,-85.121352,2026-07-28 00:11:26.12506624,13,8289,170,30
40.680513,-87.403361,2026-07-28 00:11:26.79180800,13,13759,93,30
45.310241,-78.987313,2026-07-28 00:11:27.70889728,13,10425,172,28
37.490674,-107.843945,2026-07-28 00:11:27.225796864,13,12896,100,27
39.278403,-87.879724,2026-07-28 00:11:27.593011200,13,10945,146,27
31.949536,-73.718055,2026-07-28 00:11:27.728062208,13,5352,214,40
31.997318,-73.72883,2026-07-28 00:11:27.728121344,13,10546,247,30
38.970219,-85.530557,2026-07-28 00:11:28.374641920,13,8901,111,33
38.785686,-85.860372,2026-07-28 00:11:28.453266688,13,14143,104,24
29.759316,-76.344268,2026-07-28 00:11:28.995583488,13,9470,207,37
46.757722,-79.188804,2026-07-28 00:11:29.860979712,13,6242,181,59
46.733257,-79.149972,2026-07-28 00:11:29.860995072,13,10222,134,41
40.666845,-87.461989,2026-07-28 00:11:30.160808448,13,6917,137,34
39.204635,-87.661169,2026-07-28 00:11:30.214987520,13,8295,84,28
39.243337,-87.702944,2026-07-28 00:11:30.214996224,13,9278,143,30
40.679566,-87.472064,2026-07-28 00:11:30.315985152,13,5311,175,39
31.961786,-73.779074,2026-07-28 00:11:30.626494976,13,6703,243,44
32.009315,-73.791028,2026-07-28 00:11:30.626557696,13,7883,247,32
31.86776,-73.828628,2026-07-28 00:11:30.693796096,13,6498,259,33
31.569054,-73.738706,2026-07-28 00:11:30.931370496,13,10360,244,22
31.82415,-73.814002,2026-07-28 00:11:31.49242112,13,6308,216,27
40.576285,-87.375104,2026-07-28 00:11:31.147746048,13,8800,90,31
40.555221,-87.359444,2026-07-28 00:11:31.147787776,13,13159,143,16
39.37385,-87.715051,2026-07-28 00:11:32.81497600,13,9063,151,29
47.047752,-80.363831,2026-07-28 00:11:32.529585920,13,11123,249,44
46.974397,-80.128194,2026-07-28 00:11:32.529644544,13,6135,158,32
31.070835,-74.481164,2026-07-28 00:11:32.693050880,13,7445,212,44
39.207893,-87.742228,2026-07-28 00:11:32.923703040,13,12908,101,69
39.231466,-87.767374,2026-07-28 00:11:32.923714560,13,8098,116,47
30.169975,-75.578718,2026-07-28 00:11:33.277268736,13,7103,200,28
39.194412,-87.669274,2026-07-28 00:11:33.311646208,13,7156,154,26
54.018197,-109.53837,2026-07-28 00:11:33.662627584,13,12950,197,24
29.867216,-76.296989,2026-07-28 00:11:34.811037440,13,11934,155,15
45.288631,-79.01289,2026-07-28 00:11:35.323161600,13,9411,186,42
45.259759,-78.942989,2026-07-28 00:11:35.323182592,13,9509,99,29
40.669336,-87.474212,2026-07-28 00:11:35.505582592,13,12427,133,23
38.955764,-85.045185,2026-07-28 00:11:36.732664064,13,6106,225,32
38.896093,-84.99723,2026-07-28 00:11:36.732666368,13,5320,156,19
38.492327,-90.146169,2026-07-28 00:11:37.92382720,13,8179,138,40
38.496287,-90.179947,2026-07-28 00:11:37.92387328,13,9622,101,46
38.492546,-90.145208,2026-07-28 00:11:37.130919936,13,7431,123,50
38.536437,-90.297211,2026-07-28 00:11:37.130935808,13,4593,147,33
38.590235,-90.228993,2026-07-28 00:11:37.200381184,13,12561,135,22
30.926039,-74.90635,2026-07-28 00:11:37.521484544,13,10507,151,35
54.226858,-104.062013,2026-07-28 00:11:37.630555904,13,8476,191,54
38.947365,-85.69654,2026-07-28 00:11:37.750843904,13,6732,225,22
38.853338,-85.742882,2026-07-28 00:11:37.934707456,13,8560,107,68
38.935986,-85.797922,2026-07-28 00:11:37.934738944,13,8158,202,53
38.809319,-85.709611,2026-07-28 00:11:37.934748928,13,3433,167,30
38.867443,-85.729438,2026-07-28 00:11:38.38168576,13,11917,112,73
38.887355,-85.744003,2026-07-28 00:11:38.38173440,13,7567,172,58
38.932992,-84.992157,2026-07-28 00:11:38.178075392,13,11275,100,35
39.018595,-84.964683,2026-07-28 00:11:38.178141952,13,7480,244,23
39.268498,-101.001866,2026-07-28 00:11:38.377236480,13,14422,101,25
27.983472,-68.815413,2026-07-28 00:11:38.881742080,13,4668,260,72
41.141594,-77.999733,2026-07-28 00:11:39.176516096,13,14744,159,35
31.98041,-68.182708,2026-07-28 00:11:39.461632512,13,10228,250,51
31.870726,-68.056933,2026-07-28 00:11:39.461622016,13,12424,240,34
39.187778,-87.788761,2026-07-28 00:11:39.973396736,13,11302,102,66
39.196389,-87.799358,2026-07-28 00:11:39.973402112,13,9485,104,47
31.844792,-73.825757,2026-07-28 00:11:40.22052608,13,14874,201,38
38.875309,-85.735837,2026-07-28 00:11:40.530202880,13,14632,172,55
38.931472,-85.7259,2026-07-28 00:11:40.530228736,13,6250,153,39
39.189389,-87.759571,2026-07-28 00:11:43.354517504,13,14140,102,62
39.208164,-87.8538,2026-07-28 00:11:43.354538240,13,8511,166,39
39.236646,-87.757213,2026-07-28 00:11:43.354571520,13,9188,189,30
32.391121,-72.531909,2026-07-28 00:11:43.679465728,13,9817,204,27
42.108592,-76.01099,2026-07-28 00:11:43.725399296,13,14795,101,21
31.254602,-111.283054,2026-07-28 00:11:43.939197696,13,11190,218,26
42.842329,-100.716968,2026-07-28 00:11:44.299885568,13,13226,115,33
30.732129,-74.97437,2026-07-28 00:11:44.828603648,13,11036,148,33
38.858348,-84.264001,2026-07-28 00:11:45.465165568,13,8458,83,73
38.893741,-84.250344,2026-07-28 00:11:45.465178368,13,3958,206,52
38.88491,-84.282615,2026-07-28 00:11:45.465184000,13,9693,159,39
38.868814,-84.282012,2026-07-28 00:11:45.640750080,13,6504,74,58
29.57842,-110.183033,2026-07-28 00:11:46.56137472,13,14088,227,29
40.638957,-87.379401,2026-07-28 00:11:46.490694656,13,12664,140,36
40.587183,-87.544147,2026-07-28 00:11:46.490688000,13,5260,242,37
40.597534,-87.377655,2026-07-28 00:11:46.490734336,13,6572,135,20
38.901047,-84.991628,2026-07-28 00:11:47.531444224,13,5908,241,20
38.861275,-84.958542,2026-07-28 00:11:47.604908032,13,8549,103,53
38.915443,-85.045484,2026-07-28 00:11:47.604940032,13,9737,156,40
44.508782,-79.313455,2026-07-28 00:11:47.701209344,13,10173,125,28
46.937983,-79.744023,2026-07-28 00:11:47.730245632,13,12894,172,29
46.956766,-77.869354,2026-07-28 00:11:47.799428608,13,11129,187,32
39.172885,-87.754173,2026-07-28 00:11:48.395544064,13,10505,86,66
39.18997,-87.792082,2026-07-28 00:11:48.395565824,13,10658,120,48
39.244581,-87.766322,2026-07-28 00:11:48.395606016,13,5334,202,35
29.872473,-76.250832,2026-07-28 00:11:48.610625536,13,11966,197,19
38.958658,-85.034546,2026-07-28 00:11:49.115590400,13,7254,171,19
30.906569,-74.476214,2026-07-28 00:11:49.907681280,13,6781,217,27
42.745207,-64.318906,2026-07-28 00:11:50.348507904,13,7432,268,27
30.743169,-72.238403,2026-07-28 00:11:51.11380224,13,11447,219,29
39.329944,-87.809469,2026-07-28 00:11:51.260736512,13,10982,142,40
40.664402,-87.420497,2026-07-28 00:11:51.493826816,13,14655,73,50
38.741844,-84.328697,2026-07-28 00:11:51.872161792,13,8041,108,35
31.7632,-73.819875,2026-07-28 00:11:51.990436864,13,11587,201,23
31.843481,-73.779007,2026-07-28 00:11:52.95946240,13,6040,215,42
31.911305,-73.791877,2026-07-28 00:11:52.96014848,13,8198,246,44
31.998551,-73.834425,2026-07-28 00:11:52.407140608,13,10471,268,19
45.870625,-79.414593,2026-07-28 00:11:52.884470016,13,13951,184,38
45.863956,-79.3311,2026-07-28 00:11:52.884499200,13,5029,143,31
45.868087,-79.33417,2026-07-28 00:11:52.893340160,13,9047,97,30
39.257076,-87.869157,2026-07-28 00:11:54.40316160,13,9733,143,41
39.182901,-87.808509,2026-07-28 00:11:54.40327936,13,6681,143,24
39.223577,-87.74118,2026-07-28 00:11:54.418193152,13,13406,120,28
37.132115,-103.214528,2026-07-28 00:11:54.912807680,13,8807,126,41
37.154485,-103.141415,2026-07-28 00:11:54.912830464,13,8346,193,35
25.541331,-58.411819,2026-07-28 00:11:55.57012992,13,9681,227,35
39.300168,-87.894015,2026-07-28 00:11:55.174691072,13,10377,151,22
40.620902,-87.348085,2026-07-28 00:11:55.521516800,13,5829,102,54
41.527207,-73.254384,2026-07-28 00:11:56.151940096,13,12712,170,20
38.885004,-85.810528,2026-07-28 00:11:56.700494592,13,12108,91,47
38.9059,-85.833059,2026-07-28 00:11:56.700542720,13,8604,153,29
38.610063,-85.350524,2026-07-28 00:11:57.229326336,13,8517,106,36
38.738737,-85.317575,2026-07-28 00:11:57.229365504,13,5394,251,47
38.616987,-85.425016,2026-07-28 00:11:57.229359616,13,6758,142,27
39.236061,-87.695306,2026-07-28 00:11:57.301837824,13,13695,81,29
40.926072,-87.737298,2026-07-28 00:11:57.623982592,13,7838,87,30
39.771244,-105.901809,2026-07-28 00:11:57.868749824,13,10661,91,44
39.157877,-87.790916,2026-07-28 00:11:58.23109888,13,4954,134,60
39.189273,-87.778461,2026-07-28 00:11:58.23114752,13,9639,120,46
38.218548,-105.991678,2026-07-28 00:11:58.200154880,13,8680,153,25
38.89841,-85.906507,2026-07-28 00:11:58.828622336,13,12428,153,34
39.172319,-87.769583,2026-07-28 00:11:59.225271296,13,8981,102,61
39.18845,-87.790804,2026-07-28 00:11:59.225285632,13,6510,122,42
39.123432,-87.808371,2026-07-28 00:11:59.225304832,13,6984,152,31
29.795309,-76.228805,2026-07-28 00:11:59.468342528,13,9400,198,30
38.858842,-84.209165,2026-07-28 00:11:59.780237312,13,10296,105,35
38.952366,-84.199025,2026-07-28 00:11:59.780261632,13,4414,239,43
38.935534,-84.204272,2026-07-28 00:11:59.780259328,13,11874,158,29
40.648275,-87.388052,2026-07-28 00:11:59.801783040,13,14952,162,33
40.577925,-87.355145,2026-07-28 00:11:59.801839872,13,6397,143,28
40.647945,-87.364755,2026-07-28 00:11:59.914313984,13,4141,93,41
40.651377,-87.394198,2026-07-28 00:11:59.914319360,13,6931,211,42
42.819755,-64.352326,2026-07-28 00:12:00.259026432,13,6040,244,41
30.180132,-75.614455,2026-07-28 00:12:00.772609280,13,5665,204,30
30.20783,-75.637354,2026-07-28 00:12:01.56944640,13,9846,151,21
39.901983,-106.099743,2026-07-28 00:12:01.290642688,13,10269,122,29
40.683563,-100.99111,2026-07-28 00:12:01.786026752,13,10758,90,46
40.677218,-87.5444,2026-07-28 00:12:01.812429312,13,13942,143,25
31.697553,-73.812231,2026-07-28 00:12:02.457739264,13,5739,202,30
38.810897,-84.959075,2026-07-28 00:12:02.511002880,13,8055,94,39
39.292759,-87.86936,2026-07-28 00:12:02.546048512,13,8966,145,26
32.01392,-82.631101,2026-07-28 00:12:02.756264192,13,14591,149,42
32.035788,-82.624946,2026-07-28 00:12:02.756289280,13,7192,224,41
32.095838,-82.649011,2026-07-28 00:12:02.822595840,13,8237,223,29
44.895387,-83.145726,2026-07-28 00:12:04.15087360,13,6221,107,32
44.819059,-83.096169,2026-07-28 00:12:04.15114240,13,5286,215,50
44.85715,-83.062762,2026-07-28 00:12:04.15109632,13,10194,112,30
44.875805,-83.230898,2026-07-28 00:12:04.90581760,13,12597,142,28
44.871113,-83.143677,2026-07-28 00:12:04.90613248,13,12198,115,22
44.892514,-83.239409,2026-07-28 00:12:04.192541184,13,8640,134,27
44.882695,-83.146444,2026-07-28 00:12:04.263611136,13,12666,110,22
44.871882,-83.300325,2026-07-28 00:12:04.263624192,13,6824,262,31
44.882752,-83.141214,2026-07-28 00:12:04.413316608,13,14044,94,30
44.85234,-83.449269,2026-07-28 00:12:04.413294592,13,9630,231,33
30.824443,-72.222088,2026-07-28 00:12:05.525333760,13,3820,232,71
30.80003,-72.185957,2026-07-28 00:12:05.594311680,13,7030,233,31
30.765206,-72.115132,2026-07-28 00:12:06.100684800,13,5346,224,27
38.792729,-85.861563,2026-07-28 00:12:06.548390144,13,13743,104,40
46.73409,-79.299222,2026-07-28 00:12:06.676492800,13,12507,204,33
46.699602,-79.236686,2026-07-28 00:12:06.676513024,13,5802,153,41
46.722256,-79.24114,2026-07-28 00:12:06.723208448,13,13952,140,38
39.381144,-87.765161,2026-07-28 00:12:06.855415296,13,9917,142,33
47.164864,-78.884924,2026-07-28 00:12:07.907443200,13,8606,191,27
38.97627,-85.22112,2026-07-28 00:12:09.409615360,13,7365,155,31
38.744583,-84.887189,2026-07-28 00:12:09.422618880,13,13739,166,26
40.646329,-87.39381,2026-07-28 00:12:09.675288832,13,14256,93,24
28.225362,-109.47271,2026-07-28 00:12:09.964097280,13,14631,240,30
38.839856,-84.307889,2026-07-28 00:12:10.273106688,13,10731,155,34
38.852907,-84.265871,2026-07-28 00:12:10.273163264,13,9142,161,29
44.793092,-83.142369,2026-07-28 00:12:11.468021248,13,14072,108,61
44.771243,-83.189641,2026-07-28 00:12:11.468040704,13,9967,111,45
39.404983,-87.850979,2026-07-28 00:12:11.525093888,13,5284,145,25
47.650266,-75.505753,2026-07-28 00:12:12.95862272,13,6547,149,23
39.297647,-87.863071,2026-07-28 00:12:12.142756608,13,8616,151,27
39.029467,-112.349074,2026-07-28 00:12:12.858238976,13,13834,106,26
29.666386,-110.166217,2026-07-28 00:12:14.544746240,13,9187,227,27
32.01095,-73.830817,2026-07-28 00:12:14.765095680,13,7833,267,32
38.927145,-85.902916,2026-07-28 00:12:15.184400128,13,8912,152,36
38.865718,-85.839785,2026-07-28 00:12:15.184403712,13,13354,153,24
45.082311,-83.373097,2026-07-28 00:12:15.780700928,13,9125,122,23
45.028907,-83.575827,2026-07-28 00:12:15.780667392,13,4410,269,45
45.013064,-83.338606,2026-07-28 00:12:15.780729856,13,4295,155,32
45.076177,-83.369744,2026-07-28 00:12:15.879163904,13,7906,134,32
30.753323,-74.997519,2026-07-28 00:12:16.689692928,13,7509,200,34
35.900134,-108.838587,2026-07-28 00:12:17.174833920,13,8073,92,48
35.94724,-108.894914,2026-07-28 00:12:17.174851584,13,13219,180,34
35.956743,-108.825926,2026-07-28 00:12:17.192339968,13,12459,163,23
35.971073,-108.821389,2026-07-28 00:12:17.332628480,13,9479,163,23
38.990553,-85.901106,2026-07-28 00:12:17.518013440,13,6823,159,23
39.242837,-87.738616,2026-07-28 00:12:18.186091520,13,9301,178,40
39.155524,-87.763971,2026-07-28 00:12:18.186113024,13,4277,143,40
39.288323,-87.806146,2026-07-28 00:12:18.243109632,13,10580,153,25
39.285725,-87.807718,2026-07-28 00:12:18.285704448,13,6840,142,31
39.206387,-87.736345,2026-07-28 00:12:18.344852480,13,10320,115,39
41.85461,-74.00165,2026-07-28 00:12:19.229506304,13,6554,137,30
41.828196,-74.011338,2026-07-28 00:12:19.229506304,13,14110,107,24
41.864418,-74.040637,2026-07-28 00:12:19.245914112,13,5680,150,35
38.867049,-85.081305,2026-07-28 00:12:19.771054080,13,6711,183,37
38.956812,-84.980076,2026-07-28 00:12:19.771095552,13,3108,249,43
39.275294,-87.939116,2026-07-28 00:12:19.884386304,13,8354,151,24
29.875132,-76.223297,2026-07-28 00:12:20.202578688,13,8851,197,24
29.98027,-76.159676,2026-07-28 00:12:20.313007104,13,6283,227,64
40.613313,-87.344782,2026-07-28 00:12:20.697353984,13,14716,79,55
31.872025,-73.767249,2026-07-28 00:12:21.518393088,13,10360,141,53
31.966951,-73.976547,2026-07-28 00:12:21.592730624,13,13341,212,26
39.189882,-87.76862,2026-07-28 00:12:22.99124992,13,9585,157,27
39.223752,-87.778571,2026-07-28 00:12:22.99139584,13,12011,122,44
39.208243,-87.824564,2026-07-28 00:12:22.99153408,13,6193,153,28
46.781985,-79.210338,2026-07-28 00:12:22.251764736,13,7865,188,43
39.201338,-87.739306,2026-07-28 00:12:22.360811520,13,9961,109,40
30.81887,-105.807423,2026-07-28 00:12:22.627356672,13,12413,206,29
30.920378,-105.842837,2026-07-28 00:12:22.627398400,13,10576,256,30
31.722364,-73.75777,2026-07-28 00:12:23.393785600,13,13768,262,33
31.808687,-73.742182,2026-07-28 00:12:23.393822720,13,5444,257,23
41.659562,-73.226045,2026-07-28 00:12:23.798166528,13,6342,155,32
46.414864,-78.974257,2026-07-28 00:12:24.134136832,13,14881,94,19
45.334679,-78.962521,2026-07-28 00:12:24.189148160,13,7997,183,25
44.751517,-83.219941,2026-07-28 00:12:24.648825344,13,10127,129,22
39.333182,-87.910212,2026-07-28 00:12:24.665046016,13,9846,145,29
30.890651,-74.840246,2026-07-28 00:12:25.294447616,13,7163,150,42
39.395494,-87.739642,2026-07-28 00:12:25.389678848,13,12349,170,41
39.32716,-87.737215,2026-07-28 00:12:25.389675264,13,14492,142,38
39.352394,-87.762019,2026-07-28 00:12:25.413495552,13,12485,151,27
38.850231,-85.869799,2026-07-28 00:12:25.569282048,13,12564,153,29
40.727432,-87.481488,2026-07-28 00:12:25.785059840,13,14928,137,24
39.152018,-87.772673,2026-07-28 00:12:26.85889024,13,13672,102,38
39.212113,-87.764408,2026-07-28 00:12:26.85949440,13,8832,202,23
39.307088,-100.833198,2026-07-28 00:12:26.522232064,13,12942,107,27
39.212764,-87.902868,2026-07-28 00:12:28.399683840,13,12191,196,20
39.29886,-87.810249,2026-07-28 00:12:28.564167424,13,14062,195,27
47.004359,-78.81757,2026-07-28 00:12:28.644629248,13,14238,180,30
39.397293,-87.812454,2026-07-28 00:12:28.711694592,13,9709,150,19
40.657775,-87.516361,2026-07-28 00:12:30.285256448,13,10429,167,16
40.71649,-87.303113,2026-07-28 00:12:30.311422208,13,14049,142,22
30.154752,-75.642352,2026-07-28 00:12:30.611841280,13,5690,205,29
45.097553,-85.150314,2026-07-28 00:12:32.113104896,13,7956,156,25
45.064717,-85.062542,2026-07-28 00:12:32.113137152,13,14399,151,53
45.098427,-85.07491,2026-07-28 00:12:32.113126144,13,9359,116,30
40.584666,-87.459995,2026-07-28 00:12:32.415173376,13,12600,152,28
39.649763,-100.933423,2026-07-28 00:12:33.63618560,13,10979,92,36
39.80129,-100.994376,2026-07-28 00:12:33.63648000,13,14079,135,62
39.263247,-87.885745,2026-07-28 00:12:33.155378944,13,13971,142,30
44.882793,-83.111843,2026-07-28 00:12:34.179280640,13,14565,100,33
44.878269,-83.024452,2026-07-28 00:12:34.179314176,13,13595,113,23
45.291368,-71.694003,2026-07-28 00:12:34.550221312,13,11353,117,27
45.29936,-71.787068,2026-07-28 00:12:34.633378048,13,9257,94,21
44.932281,-83.199734,2026-07-28 00:12:34.976868608,13,10391,100,40
47.021297,-80.558203,2026-07-28 00:12:35.543787520,13,12419,155,20
47.011466,-80.79062,2026-07-28 00:12:35.662617088,13,14235,211,33
47.006409,-80.777883,2026-07-28 00:12:35.662635008,13,4883,253,28
30.996262,-74.460777,2026-07-28 00:12:36.125809920,13,8600,267,28
39.269485,-87.724173,2026-07-28 00:12:36.191612928,13,7703,139,42
32.305272,-73.129925,2026-07-28 00:12:36.400498688,13,8957,203,38
30.950729,-72.258437,2026-07-28 00:12:36.556673024,13,2413,234,59
30.952454,-109.910624,2026-07-28 00:12:37.382769664,13,8616,204,33
31.836255,-73.781324,2026-07-28 00:12:37.824505088,13,3806,212,76
39.189587,-100.662213,2026-07-28 00:12:38.63466240,13,7513,107,35
29.949546,-76.092918,2026-07-28 00:12:39.66224128,13,6292,150,60
38.889471,-84.993025,2026-07-28 00:12:39.161274624,13,14780,126,29
38.886035,-84.98872,2026-07-28 00:12:39.161323776,13,10951,163,16
38.917491,-84.993867,2026-07-28 00:12:39.380667392,13,8705,188,23
39.110151,-104.969058,2026-07-28 00:12:39.596356608,13,12594,88,25
29.625773,-111.920761,2026-07-28 00:12:39.623523072,13,5604,222,28
29.370071,-112.019641,2026-07-28 00:12:39.623479552,13,4984,233,24
39.277828,-87.808177,2026-07-28 00:12:39.830452224,13,13568,199,24
30.925296,-74.832718,2026-07-28 00:12:40.367212032,13,6496,147,45
39.193464,-87.717723,2026-07-28 00:12:42.757551360,13,3678,171,68
39.219262,-87.770558,2026-07-28 00:12:42.757560832,13,9211,153,55
39.185301,-87.847464,2026-07-28 00:12:42.757581824,13,7310,153,32
40.60539,-87.401927,2026-07-28 00:12:42.878430464,13,14335,143,23
45.963515,-75.804574,2026-07-28 00:12:43.66671104,13,7924,66,23
38.805211,-84.925567,2026-07-28 00:12:43.895463424,13,14690,78,64
38.8039,-84.909298,2026-07-28 00:12:44.71125248,13,10304,162,54
38.747942,-85.014237,2026-07-28 00:12:44.71138304,13,8863,147,35
31.783082,-73.477641,2026-07-28 00:12:44.353732864,13,13764,217,34
30.524134,-110.016276,2026-07-28 00:12:45.165884672,13,7184,212,29
37.518077,-103.668626,2026-07-28 00:12:45.944870656,13,10305,88,26
39.179224,-87.77922,2026-07-28 00:12:46.383208704,13,13214,66,43
39.164263,-87.849145,2026-07-28 00:12:46.383236608,13,5991,179,31
39.161979,-87.808506,2026-07-28 00:12:46.383252736,13,8096,162,19
30.310249,-76.390761,2026-07-28 00:12:46.659287296,13,13331,254,22
29.883389,-76.201777,2026-07-28 00:12:46.972895232,13,14093,204,47
35.935872,-104.641009,2026-07-28 00:12:47.286629120,13,14396,105,50
36.040989,-104.612712,2026-07-28 00:12:47.286682624,13,13753,156,45
31.228677,-74.812137,2026-07-28 00:12:47.968264192,13,5942,256,27
46.949497,-79.662333,2026-07-28 00:12:48.332913152,13,11436,110,25
39.266985,-87.910044,2026-07-28 00:12:48.565177600,13,10257,142,36
39.178378,-87.834759,2026-07-28 00:12:48.565187328,13,12126,88,21
42.14819,-99.943159,2026-07-28 00:12:48.667145472,13,13399,101,27
39.309396,-100.910064,2026-07-28 00:12:49.40021504,13,11311,84,47
39.286915,-100.796369,2026-07-28 00:12:49.40036096,13,13971,102,32
40.040585,-87.39053,2026-07-28 00:12:49.164473600,13,13700,107,19
30.877888,-88.082414,2026-07-28 00:12:49.372076544,13,9410,136,29
30.845481,-88.142204,2026-07-28 00:12:49.671355904,13,2827,213,42
39.201203,-87.704521,2026-07-28 00:12:49.994909440,13,11161,98,61
39.210853,-87.734773,2026-07-28 00:12:49.994926336,13,7118,120,42
39.222692,-87.778247,2026-07-28 00:12:50.214532096,13,13479,106,35
39.199871,-87.785005,2026-07-28 00:12:50.214560256,13,13824,88,27
47.595889,-75.375421,2026-07-28 00:12:51.346795264,13,14317,135,33
34.991595,-105.817269,2026-07-28 00:12:51.682216960,13,6145,188,28
44.759446,-77.385135,2026-07-28 00:12:52.310247168,13,11858,133,49
44.726777,-77.378784,2026-07-28 00:12:52.310262016,13,8416,73,28
39.217358,-87.826712,2026-07-28 00:12:53.5076480,13,7676,152,25
28.062445,-109.339708,2026-07-28 00:12:53.726173952,13,7247,238,40
40.607352,-87.33954,2026-07-28 00:12:53.917229312,13,5359,94,48
31.219956,-74.088318,2026-07-28 00:12:54.289056256,13,8679,247,21
39.23771,-87.762285,2026-07-28 00:12:55.311668480,13,9892,154,76
39.241252,-87.769655,2026-07-28 00:12:55.311672576,13,7302,153,61
39.234315,-87.794993,2026-07-28 00:12:55.311699456,13,10083,148,41
38.966678,-85.675868,2026-07-28 00:12:56.31437056,13,7000,165,35
38.969849,-85.680729,2026-07-28 00:12:56.31432448,13,6735,160,41
42.826365,-64.449579,2026-07-28 00:12:57.124662528,13,5786,248,21
42.78767,-64.378928,2026-07-28 00:12:57.124649728,13,8381,170,25
42.803838,-64.378943,2026-07-28 00:12:57.157064704,13,9988,170,25
42.813559,-64.437354,2026-07-28 00:12:57.173776384,13,6033,248,28
42.833382,-64.451114,2026-07-28 00:12:57.173786880,13,14162,169,25
42.80308,-64.352818,2026-07-28 00:12:57.218854656,13,13030,265,39
42.805055,-64.352491,2026-07-28 00:12:57.254944768,13,6207,265,28
43.869225,-99.32647,2026-07-28 00:12:59.406268672,13,10701,102,22
39.23084,-87.835526,2026-07-28 00:12:59.985887488,13,11519,119,31
38.94615,-84.989721,2026-07-28 00:13:00.154064384,13,5335,248,20
40.627572,-87.371858,2026-07-28 00:13:02.62713344,13,11432,89,50
40.532272,-87.594761,2026-07-28 00:13:02.62698240,13,7521,218,37
29.810667,-76.200947,2026-07-28 00:13:02.242264064,13,8567,207,44
39.186365,-87.741942,2026-07-28 00:13:02.929904384,13,13053,101,74
39.206197,-87.775289,2026-07-28 00:13:02.929914880,13,6956,120,41
30.944173,-111.185401,2026-07-28 00:13:03.234432000,13,9874,211,26
41.832596,-74.026967,2026-07-28 00:13:03.334204928,13,6624,113,21
44.761357,-83.138386,2026-07-28 00:13:03.499016192,13,6674,152,38
46.743554,-79.30559,2026-07-28 00:13:03.883814144,13,3554,184,63
46.742676,-79.293347,2026-07-28 00:13:03.883813632,13,8828,151,51
32.752481,-107.349443,2026-07-28 00:13:03.926942464,13,10331,157,65
39.146669,-87.947788,2026-07-28 00:13:04.112426240,13,13463,204,21
40.6244,-87.470953,2026-07-28 00:13:04.843671552,13,6044,168,28
46.79436,-80.222936,2026-07-28 00:13:05.223485952,13,10436,109,44
46.734022,-80.264285,2026-07-28 00:13:05.223497984,13,10847,157,37
46.740044,-80.18742,2026-07-28 00:13:05.223516928,13,6930,151,28
29.780095,-76.14693,2026-07-28 00:13:05.456399616,13,4812,230,25
28.609999,-109.018031,2026-07-28 00:13:06.578925824,13,7027,229,47
39.199244,-99.44141,2026-07-28 00:13:06.581823488,13,9234,115,33
42.800226,-101.125213,2026-07-28 00:13:07.5954816,13,6566,94,47
45.549201,-85.430025,2026-07-28 00:13:08.635851008,13,4457,141,36
45.526644,-85.350794,2026-07-28 00:13:08.635863296,13,13454,90,23
31.022062,-74.388489,2026-07-28 00:13:08.988677120,13,13690,151,52
38.201839,-106.043411,2026-07-28 00:13:09.625088768,13,14698,100,30
38.208076,-105.963758,2026-07-28 00:13:09.625107200,13,14003,135,17
39.191774,-87.794087,2026-07-28 00:13:10.657413376,13,7267,102,55
39.187591,-87.814754,2026-07-28 00:13:10.657452800,13,5185,143,38
39.095671,-111.699211,2026-07-28 00:13:10.937047808,13,9390,158,25
39.040634,-111.761539,2026-07-28 00:13:10.937040896,13,11800,203,19
30.574548,-75.010028,2026-07-28 00:13:11.708746752,13,5185,237,22
40.684782,-87.429302,2026-07-28 00:13:12.44450816,13,9267,186,44
31.572481,-73.842979,2026-07-28 00:13:12.609625344,13,9237,248,20
31.730503,-73.814275,2026-07-28 00:13:12.688902912,13,10201,215,41
37.95842,136.610379,2026-07-28 00:10:00.159070208,14,6350,165,25
37.918077,136.604987,2026-07-28 00:10:00.192536832,14,5628,248,30
37.947032,136.601086,2026-07-28 00:10:00.192532736,14,5468,162,24
37.948551,136.612123,2026-07-28 00:10:00.220602112,14,3083,258,29
37.910828,136.713374,2026-07-28 00:10:00.657527808,14,4934,251,36
37.976786,136.70179,2026-07-28 00:10:00.657510656,14,5545,194,23
35.931338,136.310454,2026-07-28 00:10:00.672493312,14,12679,179,22
35.406523,137.110868,2026-07-28 00:10:02.193667840,14,4774,137,19
35.419099,137.158323,2026-07-28 00:10:02.296185856,14,7270,123,20
35.434872,137.138983,2026-07-28 00:10:02.482707200,14,10179,114,21
31.799866,139.004139,2026-07-28 00:10:02.667664128,14,4013,260,23
36.898171,137.470911,2026-07-28 00:10:04.394347520,14,5794,189,33
36.731708,134.572433,2026-07-28 00:10:04.980431872,14,3563,232,20
36.756599,134.566782,2026-07-28 00:10:05.91853056,14,7440,172,25
31.921438,139.525348,2026-07-28 00:10:06.74086656,14,7672,264,30
31.908672,139.536053,2026-07-28 00:10:06.236378112,14,3737,262,32
36.941853,137.094256,2026-07-28 00:10:07.472135680,14,6209,162,22
37.260696,137.015652,2026-07-28 00:10:08.208293632,14,6101,176,20
31.923157,139.488713,2026-07-28 00:10:08.737779712,14,4293,262,29
36.819571,134.453765,2026-07-28 00:10:13.728928256,14,6681,207,45
36.827783,134.441324,2026-07-28 00:10:13.728924928,14,6869,179,28
36.832998,134.443609,2026-07-28 00:10:13.808211456,14,9065,208,21
36.805206,134.464718,2026-07-28 00:10:14.297857024,14,3621,227,41
36.826456,134.446894,2026-07-28 00:10:14.297857792,14,7447,179,26
36.819468,134.449288,2026-07-28 00:10:14.538655744,14,4933,181,19
36.758624,134.574255,2026-07-28 00:10:14.722541824,14,6615,180,23
36.809522,134.592761,2026-07-28 00:10:14.761823744,14,7577,174,21
36.090862,136.080615,2026-07-28 00:10:16.7061248,14,4850,205,33
36.095885,136.096678,2026-07-28 00:10:16.7061248,14,4892,164,21
36.095369,136.099822,2026-07-28 00:10:16.72781824,14,11620,162,33
36.09744,136.069049,2026-07-28 00:10:16.133742080,14,12549,206,37
36.091574,136.100506,2026-07-28 00:10:16.133748480,14,9663,144,19
32.01905,139.579142,2026-07-28 00:10:19.197221632,14,3056,262,34
32.276735,139.465459,2026-07-28 00:10:19.346715648,14,10896,268,15
37.788186,134.905155,2026-07-28 00:10:21.129437440,14,8957,197,17
37.782894,134.895597,2026-07-28 00:10:21.134457088,14,5648,234,33
36.841666,136.350623,2026-07-28 00:10:22.378116352,14,7598,180,29
36.76039,134.6633,2026-07-28 00:10:24.731566336,14,4157,224,35
36.793518,134.650927,2026-07-28 00:10:24.731560192,14,6026,170,19
36.768957,134.65967,2026-07-28 00:10:24.915934208,14,4533,225,40
36.799198,134.641712,2026-07-28 00:10:24.915931392,14,6597,170,27
31.909847,139.540627,2026-07-28 00:10:25.825339392,14,3654,269,33
35.413123,137.16267,2026-07-28 00:10:27.422725376,14,4611,174,33
35.399015,137.10197,2026-07-28 00:10:27.422715904,14,14844,140,18
31.922361,139.485979,2026-07-28 00:10:28.790791168,14,2235,236,26
36.764433,134.570247,2026-07-28 00:10:28.955524864,14,10750,187,25
36.773912,134.565896,2026-07-28 00:10:29.288777984,14,10825,187,19
36.708615,134.684872,2026-07-28 00:10:33.510093568,14,7722,184,23
36.784912,134.615724,2026-07-28 00:10:33.642374400,14,12675,201,19
37.380945,136.716048,2026-07-28 00:10:34.184402944,14,6928,243,25
37.412512,136.733977,2026-07-28 00:10:34.409326848,14,8465,197,32
37.22191,136.629252,2026-07-28 00:10:34.610444800,14,6737,205,29
37.240865,136.619948,2026-07-28 00:10:34.630743808,14,6524,234,18
36.892119,134.373165,2026-07-28 00:10:38.9322752,14,7503,194,24
36.902845,134.382288,2026-07-28 00:10:38.210248704,14,8203,184,21
31.804222,139.017935,2026-07-28 00:10:40.965576448,14,3403,265,32
36.105235,136.194486,2026-07-28 00:10:41.281532672,14,3332,199,39
36.089588,136.228345,2026-07-28 00:10:41.281539584,14,7276,143,26
36.195608,136.24675,2026-07-28 00:10:41.375391232,14,7219,166,21
36.171483,136.246312,2026-07-28 00:10:41.835692032,14,7159,192,19
37.25685,137.055256,2026-07-28 00:10:46.383445760,14,4806,203,32
37.249907,137.067723,2026-07-28 00:10:46.383449088,14,10138,150,24
37.267342,137.068656,2026-07-28 00:10:46.444897024,14,5868,190,33
36.731958,134.568624,2026-07-28 00:10:48.873004032,14,4409,227,31
36.85197,134.410521,2026-07-28 00:10:49.792939264,14,10824,179,21
36.813347,134.432117,2026-07-28 00:10:49.856348160,14,3712,227,33
36.696717,134.496716,2026-07-28 00:10:49.856380416,14,11157,194,18
36.810155,134.430675,2026-07-28 00:10:49.956093696,14,4189,233,27
36.806927,134.64663,2026-07-28 00:10:50.113574144,14,10293,231,21
36.819026,134.430972,2026-07-28 00:10:50.250184192,14,3862,227,28
36.753309,134.466299,2026-07-28 00:10:50.250202368,14,6799,178,17
36.801407,134.43482,2026-07-28 00:10:50.385531648,14,4802,227,27
36.086748,136.219315,2026-07-28 00:10:52.286265088,14,10459,153,21
36.080739,136.214192,2026-07-28 00:10:52.483328256,14,5933,190,21
36.081686,136.220127,2026-07-28 00:10:52.656195840,14,9368,153,27
31.949922,139.491018,2026-07-28 00:10:53.273812992,14,3274,239,24
31.880958,139.565552,2026-07-28 00:10:53.798391552,14,5124,240,21
31.973459,139.513435,2026-07-28 00:10:53.862248448,14,3121,236,24
31.944097,139.519099,2026-07-28 00:10:53.967651840,14,3193,237,24
31.887424,139.548412,2026-07-28 00:10:54.108626688,14,6649,237,26
37.729444,136.923722,2026-07-28 00:10:55.334753536,14,5603,177,30
37.731967,136.912575,2026-07-28 00:10:55.396335104,14,6209,196,22
37.722656,136.820907,2026-07-28 00:10:55.495649792,14,7295,194,24
37.737498,136.883231,2026-07-28 00:10:55.539140352,14,8113,213,16
35.404817,137.12265,2026-07-28 00:10:55.647474432,14,6069,130,39
37.727832,136.902583,2026-07-28 00:10:55.936568576,14,8046,193,23
36.761358,134.658523,2026-07-28 00:10:57.1895680,14,3949,227,25
36.768027,134.654235,2026-07-28 00:10:57.204029952,14,9958,190,24
36.825964,134.630632,2026-07-28 00:10:57.810461696,14,13334,223,22
32.001034,139.480244,2026-07-28 00:10:59.55450112,14,4520,236,25
36.094571,136.173277,2026-07-28 00:11:00.36960000,14,5809,170,27
36.813275,134.628961,2026-07-28 00:11:00.959591168,14,12887,191,28
37.233852,137.038274,2026-07-28 00:11:04.694311424,14,2721,231,43
37.253182,137.039593,2026-07-28 00:11:04.694308608,14,7229,157,29
37.246766,137.05103,2026-07-28 00:11:05.71753984,14,5377,179,25
37.237063,137.051295,2026-07-28 00:11:05.199967488,14,7900,179,21
36.769223,134.57776,2026-07-28 00:11:05.219138048,14,12427,186,27
36.730876,134.601257,2026-07-28 00:11:05.298073344,14,3856,224,27
36.762988,134.575153,2026-07-28 00:11:05.407481088,14,9482,191,22
31.927081,139.527861,2026-07-28 00:11:05.895014912,14,3263,270,30
36.729948,134.555801,2026-07-28 00:11:05.959118336,14,3490,224,39
36.746601,134.544713,2026-07-28 00:11:05.959118336,14,6551,169,26
31.997631,139.446967,2026-07-28 00:11:07.152984576,14,9297,234,26
36.673218,134.863884,2026-07-28 00:11:07.926013952,14,8315,232,23
35.373084,137.158721,2026-07-28 00:11:10.50034176,14,14317,141,21
31.78023,139.011492,2026-07-28 00:11:10.411451648,14,3534,258,24
38.018903,136.582493,2026-07-28 00:11:12.606398464,14,3754,220,51
37.879314,136.752327,2026-07-28 00:11:12.606468608,14,3999,243,38
37.959804,136.638555,2026-07-28 00:11:12.606424320,14,7396,162,25
37.974088,136.615004,2026-07-28 00:11:12.708160000,14,7012,177,19
37.95167,136.625,2026-07-28 00:11:12.791195136,14,3805,258,48
37.971991,136.63122,2026-07-28 00:11:12.791189504,14,8896,163,33
37.963914,136.620737,2026-07-28 00:11:12.897019648,14,9025,180,16
36.129219,136.245235,2026-07-28 00:11:18.842040064,14,10060,177,24
36.158403,136.253531,2026-07-28 00:11:19.179139328,14,11656,136,48
36.164386,136.233425,2026-07-28 00:11:19.179140352,14,13008,144,29
36.167479,136.216858,2026-07-28 00:11:19.249004800,14,5257,200,30
36.144086,136.254013,2026-07-28 00:11:19.304192256,14,2633,207,31
36.160852,136.244147,2026-07-28 00:11:19.304184320,14,5558,153,18
36.166413,136.242517,2026-07-28 00:11:19.560607488,14,8099,159,36
36.803532,134.591164,2026-07-28 00:11:19.638789120,14,8527,205,39
36.790138,134.587988,2026-07-28 00:11:19.638792704,14,5766,178,28
36.167729,136.224217,2026-07-28 00:11:19.641089280,14,6446,199,30
36.168557,136.226178,2026-07-28 00:11:19.729876480,14,8144,171,20
23.609715,130.471105,2026-07-28 00:11:21.528200704,14,10911,184,37
31.875894,139.557981,2026-07-28 00:11:23.180556288,14,3686,265,33
36.088447,135.650415,2026-07-28 00:11:24.424824832,14,14027,150,45
36.078129,135.652692,2026-07-28 00:11:24.424833280,14,6925,148,24
36.133287,135.675347,2026-07-28 00:11:24.610824448,14,14514,205,17
32.035659,139.604522,2026-07-28 00:11:25.160728832,14,2105,265,35
32.044139,139.591525,2026-07-28 00:11:25.160731904,14,9199,234,25
32.117087,139.53685,2026-07-28 00:11:25.224384768,14,10498,268,19
32.088202,139.562795,2026-07-28 00:11:25.265159936,14,4037,270,19
32.038081,139.608673,2026-07-28 00:11:25.349998848,14,3548,267,32
32.083815,139.56958,2026-07-28 00:11:25.477504000,14,4111,270,23
36.789576,134.640633,2026-07-28 00:11:26.221913600,14,3149,225,28
36.845244,134.618062,2026-07-28 00:11:26.293170944,14,6834,206,33
36.813308,134.63436,2026-07-28 00:11:26.418097920,14,7330,205,37
36.819061,134.632085,2026-07-28 00:11:26.418100992,14,5111,169,23
36.832396,134.621832,2026-07-28 00:11:26.539496704,14,11493,205,46
36.811587,134.636865,2026-07-28 00:11:26.539503872,14,6586,169,34
36.807806,134.593291,2026-07-28 00:11:26.541359104,14,11314,205,32
36.790282,134.638133,2026-07-28 00:11:26.658628608,14,3013,225,37
36.819693,134.625942,2026-07-28 00:11:26.840260608,14,8471,172,22
36.960923,134.282485,2026-07-28 00:11:28.432617984,14,8427,182,23
35.386475,137.162783,2026-07-28 00:11:29.215796736,14,6749,133,21
35.38928,137.150919,2026-07-28 00:11:29.258814464,14,6571,138,21
35.388778,137.155645,2026-07-28 00:11:29.393041664,14,5207,140,35
35.393532,137.153663,2026-07-28 00:11:29.393041408,14,10255,151,18
36.119764,136.322713,2026-07-28 00:11:33.46163200,14,2792,233,37
36.125658,136.265051,2026-07-28 00:11:33.46145792,14,7397,143,24
36.159141,136.295957,2026-07-28 00:11:33.164378624,14,8519,173,20
36.12458,136.248229,2026-07-28 00:11:33.446705920,14,5854,163,24
36.126145,136.252125,2026-07-28 00:11:33.625176832,14,8030,156,31
31.778216,139.036069,2026-07-28 00:11:33.713456384,14,4203,231,25
38.033916,136.548815,2026-07-28 00:11:34.724910336,14,10478,214,44
38.053573,136.536193,2026-07-28 00:11:34.724906752,14,8256,164,25
38.067854,136.552694,2026-07-28 00:11:34.757880832,14,8083,203,27
37.259082,137.082618,2026-07-28 00:11:35.939543040,14,5815,188,37
37.328862,137.016172,2026-07-28 00:11:35.939561472,14,12836,151,18
37.228338,137.083151,2026-07-28 00:11:36.34423808,14,7402,196,31
37.197114,137.100765,2026-07-28 00:11:36.34431744,14,9237,153,25
36.902804,134.344055,2026-07-28 00:11:37.111614720,14,11247,180,27
36.898628,134.349785,2026-07-28 00:11:37.161602816,14,10448,191,17
36.885659,134.367492,2026-07-28 00:11:37.277691904,14,6312,173,22
36.872886,134.380923,2026-07-28 00:11:40.803995904,14,8661,195,28
36.857357,134.390263,2026-07-28 00:11:41.265702144,14,2997,229,39
36.880978,134.377487,2026-07-28 00:11:41.265699584,14,6420,172,28
31.932011,139.517677,2026-07-28 00:11:41.354983168,14,3807,262,28
31.8893,139.546853,2026-07-28 00:11:44.238276864,14,2925,263,35
31.8783,139.551452,2026-07-28 00:11:44.339470336,14,6586,237,27
31.867351,139.56537,2026-07-28 00:11:44.401250048,14,3771,263,32
31.871276,139.565295,2026-07-28 00:11:44.519704320,14,3204,235,22
31.875526,139.561127,2026-07-28 00:11:44.617692928,14,4622,235,18
37.231273,135.287689,2026-07-28 00:11:44.910365952,14,14558,176,21
36.94547,134.460727,2026-07-28 00:11:45.68923648,14,6344,234,24
36.777469,134.661277,2026-07-28 00:11:45.993665792,14,5988,203,39
36.787991,134.652056,2026-07-28 00:11:45.993665536,14,6438,168,26
36.766295,134.659351,2026-07-28 00:11:46.623284224,14,4011,224,41
36.793301,134.644662,2026-07-28 00:11:46.623278080,14,6917,168,27
36.744069,134.858447,2026-07-28 00:11:46.967551488,14,14929,223,17
35.400813,137.139277,2026-07-28 00:11:50.82155776,14,5383,143,28
36.156436,136.243076,2026-07-28 00:11:56.804256768,14,5524,195,43
36.162893,136.259272,2026-07-28 00:11:56.804256000,14,8660,144,30
36.161864,136.259338,2026-07-28 00:11:57.503404544,14,6747,153,20
36.792931,134.637668,2026-07-28 00:11:58.757314304,14,3147,225,35
36.826296,134.613995,2026-07-28 00:11:58.757305856,14,5508,177,22
36.818982,134.62156,2026-07-28 00:11:58.807231488,14,6770,177,20
36.820282,134.61664,2026-07-28 00:11:58.843361536,14,6354,177,24
36.819069,134.627129,2026-07-28 00:11:58.989522688,14,7251,176,19
36.786226,134.638293,2026-07-28 00:11:59.352058624,14,2959,225,30
36.821474,134.611369,2026-07-28 00:11:59.521020160,14,11232,177,24
32.049189,139.565152,2026-07-28 00:12:00.351249920,14,7193,268,23
31.887643,139.589127,2026-07-28 00:12:00.441029888,14,1701,270,30
31.957469,139.510758,2026-07-28 00:12:00.670075904,14,14200,234,17
31.957374,139.515928,2026-07-28 00:12:00.878346240,14,14363,234,18
35.406886,137.136845,2026-07-28 00:12:01.685556224,14,9357,123,28
35.423929,137.180251,2026-07-28 00:12:01.853949952,14,6960,140,24
37.751641,134.917811,2026-07-28 00:12:02.115551744,14,8511,191,18
36.72899,134.677583,2026-07-28 00:12:09.254034176,14,8352,202,37
36.080801,136.120338,2026-07-28 00:12:10.590373888,14,4720,193,31
36.06335,136.050686,2026-07-28 00:12:10.905549312,14,6137,208,33
36.056804,136.079084,2026-07-28 00:12:10.905552640,14,6548,153,18
36.068311,136.131538,2026-07-28 00:12:11.137403648,14,7383,178,21
31.777657,139.014557,2026-07-28 00:12:11.681818624,14,3504,258,41
31.807256,138.979838,2026-07-28 00:12:11.681829376,14,10319,231,27
31.780948,139.023819,2026-07-28 00:12:11.765707008,14,3875,258,27
31.789815,139.019134,2026-07-28 00:12:11.902202624,14,4188,258,21
35.406826,137.134682,2026-07-28 00:12:13.790841088,14,8598,130,37
31.930986,139.501031,2026-07-28 00:12:16.689836288,14,2444,234,30
37.668328,137.027446,2026-07-28 00:12:16.753296640,14,9504,197,27
37.757091,136.949073,2026-07-28 00:12:16.806144256,14,9331,219,15
37.714392,136.877219,2026-07-28 00:12:16.907530752,14,5742,208,19
37.460746,134.864889,2026-07-28 00:12:17.193804544,14,3790,218,32
37.455747,134.861719,2026-07-28 00:12:17.193807872,14,4966,176,33
37.432812,134.882391,2026-07-28 00:12:17.207061248,14,7879,198,29
37.252437,137.101428,2026-07-28 00:12:18.479322624,14,9464,187,43
37.24055,137.131412,2026-07-28 00:12:18.479332608,14,6652,149,24
37.25167,137.099667,2026-07-28 00:12:18.539884288,14,5576,165,24
31.926303,139.529336,2026-07-28 00:12:18.594154496,14,9066,142,36
37.278646,137.056581,2026-07-28 00:12:18.611729408,14,6972,157,29
37.172701,137.179771,2026-07-28 00:12:18.694655744,14,12196,169,24
31.935967,139.518361,2026-07-28 00:12:18.839158528,14,3332,269,32
31.395688,139.643512,2026-07-28 00:12:19.517053184,14,3996,269,29
36.775171,134.659107,2026-07-28 00:12:20.465241600,14,6818,203,40
36.774122,134.656501,2026-07-28 00:12:20.525734912,14,2996,225,34
36.794353,134.646722,2026-07-28 00:12:20.583663616,14,7569,168,25
36.783028,134.657431,2026-07-28 00:12:20.759510784,14,3772,204,41
36.798538,134.643432,2026-07-28 00:12:20.759511040,14,6138,170,28
36.756431,134.660034,2026-07-28 00:12:21.150364416,14,4396,226,23
37.683696,134.848933,2026-07-28 00:12:22.675990784,14,6778,217,55
37.692992,134.849595,2026-07-28 00:12:22.675993600,14,6716,198,39
37.562184,134.934597,2026-07-28 00:12:22.676007424,14,10592,97,24
23.699897,131.202038,2026-07-28 00:12:24.661280512,14,4781,196,20
36.128659,136.207464,2026-07-28 00:12:26.162006272,14,6905,198,33
36.131784,136.227866,2026-07-28 00:12:26.162011136,14,5641,152,17
36.351436,136.469846,2026-07-28 00:12:28.156832512,14,6662,177,19
36.831014,136.407047,2026-07-28 00:12:30.472075776,14,7461,159,23
36.839514,136.428848,2026-07-28 00:12:30.489216768,14,4365,166,31
36.725971,136.444006,2026-07-28 00:12:30.489229568,14,7988,151,28
32.093246,139.546959,2026-07-28 00:12:30.546332416,14,9541,261,20
32.049389,139.601203,2026-07-28 00:12:30.597198848,14,3155,240,26
32.062331,139.577236,2026-07-28 00:12:30.662842880,14,7574,237,20
32.034921,139.594561,2026-07-28 00:12:30.846087680,14,12419,234,20
37.055841,137.461612,2026-07-28 00:12:34.806806272,14,10397,109,28
36.701828,134.745739,2026-07-28 00:12:35.837620480,14,2751,231,25
36.713014,134.732138,2026-07-28 00:12:35.908265472,14,6465,201,24
36.721059,134.724744,2026-07-28 00:12:35.908261376,14,6133,176,24
36.697624,134.748222,2026-07-28 00:12:35.961184000,14,3648,223,25
36.884044,134.409326,2026-07-28 00:12:37.925639168,14,5607,209,49
36.857608,134.417737,2026-07-28 00:12:37.925646080,14,2396,228,36
36.882618,134.392589,2026-07-28 00:12:37.925637120,14,7955,180,23
36.856548,134.422409,2026-07-28 00:12:38.499997184,14,3479,228,39
36.884993,134.4088,2026-07-28 00:12:38.499995648,14,9371,172,27
31.902843,139.568858,2026-07-28 00:12:39.470211072,14,5495,263,28
36.143632,136.293103,2026-07-28 00:12:41.153133568,14,7430,182,42
36.123317,136.251826,2026-07-28 00:12:41.153124608,14,9245,143,26
36.134785,136.206439,2026-07-28 00:12:41.214095360,14,6010,200,18
36.946917,134.337517,2026-07-28 00:12:42.576438272,14,3955,231,40
36.965231,134.321377,2026-07-28 00:12:42.576432384,14,6683,176,28
36.758284,134.64109,2026-07-28 00:12:44.833015808,14,5401,190,27
21.35981,113.023681,2026-07-28 00:12:44.883771904,14,11806,213,28
36.749692,134.621761,2026-07-28 00:12:44.898623232,14,4350,224,33
36.782901,134.608332,2026-07-28 00:12:44.898617088,14,6857,178,18
31.914191,139.513722,2026-07-28 00:12:46.934021888,14,12524,234,17
36.154907,136.290718,2026-07-28 00:12:48.16827648,14,4845,183,27
36.129088,136.231591,2026-07-28 00:12:48.783459328,14,6769,166,19
36.097218,136.251823,2026-07-28 00:12:48.806675456,14,5555,206,24
35.417095,137.154882,2026-07-28 00:12:50.952390912,14,11350,122,28
35.442714,137.183708,2026-07-28 00:12:50.996057344,14,8372,123,18
35.42129,137.150628,2026-07-28 00:12:51.23638272,14,5880,136,25
35.403287,137.130824,2026-07-28 00:12:51.70808832,14,2340,256,30
35.408228,137.137679,2026-07-28 00:12:51.70810624,14,14871,140,17
35.417466,137.143718,2026-07-28 00:12:51.161381120,14,9079,129,33
36.815279,134.632238,2026-07-28 00:12:51.433661952,14,6661,205,39
36.734315,134.669681,2026-07-28 00:12:51.433679616,14,5237,167,24
36.786062,134.63888,2026-07-28 00:12:51.500438272,14,4033,225,34
36.728486,134.672757,2026-07-28 00:12:51.500454912,14,7258,167,22
36.820593,134.628128,2026-07-28 00:12:51.621998848,14,4639,205,22
36.790482,134.635552,2026-07-28 00:12:51.687127296,14,3729,228,28
36.823319,134.629664,2026-07-28 00:12:51.762682112,14,9935,205,18
36.807697,134.634021,2026-07-28 00:12:51.762690048,14,8163,170,22
36.781109,134.639072,2026-07-28 00:12:51.813240320,14,5450,228,30
36.814363,134.620361,2026-07-28 00:12:52.74499072,14,10871,191,19
36.865749,134.333597,2026-07-28 00:12:52.488682496,14,11380,209,34
36.848886,134.33929,2026-07-28 00:12:52.488685056,14,4805,180,18
32.090756,139.572275,2026-07-28 00:12:55.449476096,14,2772,268,32
32.077133,139.555594,2026-07-28 00:12:55.449469952,14,11162,234,16
32.057604,139.588947,2026-07-28 00:12:55.591581184,14,3185,261,36
31.775342,139.022666,2026-07-28 00:13:06.737829376,14,3394,258,38
31.765675,139.033712,2026-07-28 00:13:06.737825280,14,9153,234,21
31.764858,139.018884,2026-07-28 00:13:06.820002304,14,5327,258,35
31.861136,138.996271,2026-07-28 00:13:06.898726144,14,3878,230,24
36.119092,136.210528,2026-07-28 00:13:07.873063936,14,3446,249,32
36.125842,136.248643,2026-07-28 00:13:07.873078528,14,5400,153,18
36.152084,136.291578,2026-07-28 00:13:07.934807808,14,7887,185,18
36.137169,136.22856,2026-07-28 00:13:08.64893440,14,6178,196,35
36.118977,136.259419,2026-07-28 00:13:08.64905984,14,8282,143,18
36.156286,136.248507,2026-07-28 00:13:08.575104000,14,9884,195,38
36.151298,136.275198,2026-07-28 00:13:08.575106304,14,8036,143,21
36.156984,136.265319,2026-07-28 00:13:08.772783872,14,10616,137,47
36.110371,136.284804,2026-07-28 00:13:08.772794624,14,2768,173,29
36.126829,136.278122,2026-07-28 00:13:08.852081664,14,3762,206,25
36.148996,136.277178,2026-07-28 00:13:08.852075264,14,8814,143,23
31.922571,139.523005,2026-07-28 00:13:09.418865408,14,2934,262,33
31.948526,139.475704,2026-07-28 00:13:09.418872832,14,10789,234,18
31.922324,139.523234,2026-07-28 00:13:09.494259968,14,6705,237,23
31.946135,139.544662,2026-07-28 00:13:09.909898752,14,3837,234,21
23.654438,130.475252,2026-07-28 00:13:10.705774592,14,11303,193,50
23.645247,130.508078,2026-07-28 00:13:10.805049344,14,6151,192,30
36.939374,134.332222,2026-07-28 00:13:10.823789568,14,2278,231,37
36.968289,134.313662,2026-07-28 00:13:10.823781632,14,8968,174,24
36.928586,134.369093,2026-07-28 00:13:11.105374464,14,4927,232,24
36.962874,134.352368,2026-07-28 00:13:11.320571136,14,7257,176,27
36.979491,134.341228,2026-07-28 00:13:11.398978048,14,9747,198,24
35.420907,137.160671,2026-07-28 00:13:12.847570432,14,6660,129,36
28.771456,-68.59882,2026-07-28 00:10:16.430233600,11,9252,249,334
49.256102,32.182094,2026-07-28 00:10:25.456440320,11,8579,203,180
33.534945,-65.065093,2026-07-28 00:10:37.26010880,11,13959,239,290
13.924198,0.421068,2026-07-28 00:10:46.49073664,11,8939,203,179
32.265609,-73.210438,2026-07-28 00:10:46.142920448,11,6830,173,65
50.347034,32.73861,2026-07-28 00:11:24.209467648,11,9341,219,29
36.59797,12.549013,2026-07-28 00:11:30.477367552,11,8286,209,260
36.623582,12.516007,2026-07-28 00:11:30.477384192,11,7808,230,176
13.817858,0.547174,2026-07-28 00:11:41.279301120,11,12526,210,153
36.501875,12.916481,2026-07-28 00:11:46.390354944,11,7890,270,83
42.665584,-64.813662,2026-07-28 00:12:00.259068416,11,10639,235,111
48.972818,32.398818,2026-07-28 00:12:03.832818176,11,11037,146,250
8.709538,9.832342,2026-07-28 00:12:04.449844480,11,14516,154,122
48.469489,30.612541,2026-07-28 00:12:27.596858624,11,2933,268,238
29.775789,-76.332502,2026-07-28 00:12:39.66324480,11,14778,167,105
35.997262,13.260299,2026-07-28 00:12:54.108122368,11,5804,249,71
48.457096,30.57082,2026-07-28 00:12:57.886012416,11,3812,264,163
48.534974,30.155623,2026-07-28 00:12:58.195605760,11,9058,267,158
28.771456,-68.59882,2026-07-28 00:10:16.430233600,12,9252,249,334
49.256102,32.182094,2026-07-28 00:10:25.456440320,12,8579,203,179
33.534945,-65.065093,2026-07-28 00:10:37.26010880,12,13959,239,292
13.924198,0.421068,2026-07-28 00:10:46.49073664,12,8939,203,181
32.265609,-73.210438,2026-07-28 00:10:46.142920448,12,6830,173,66
12.063542,10.070068,2026-07-28 00:11:18.656205568,12,13424,169,19
50.346575,32.738958,2026-07-28 00:11:24.209467392,12,9338,219,28
31.484302,-74.520711,2026-07-28 00:11:27.641190912,12,13850,265,116
36.587222,12.525466,2026-07-28 00:11:30.477362688,12,9089,190,191
36.628759,12.512119,2026-07-28 00:11:30.477382912,12,9726,244,198
36.501875,12.916481,2026-07-28 00:11:46.390354944,12,7890,270,83
42.665584,-64.813662,2026-07-28 00:12:00.259068416,12,10639,235,111
48.972653,32.401986,2026-07-28 00:12:03.832809728,12,12324,146,106
48.989959,32.377623,2026-07-28 00:12:03.832889856,12,7131,139,76
8.709538,9.832342,2026-07-28 00:12:04.449844480,12,14516,154,130
48.469489,30.612541,2026-07-28 00:12:27.596858624,12,2933,268,238
29.538726,-76.646438,2026-07-28 00:12:39.66200064,12,9200,260,139
35.997262,13.260299,2026-07-28 00:12:54.108122368,12,5804,249,71
