39.685375,12.841436,2026-09-11 00:25:04.824075776,1,5417,221,131
39.626973,12.797908,2026-09-11 00:25:04.824131584,1,12346,219,113
39.677109,12.834389,2026-09-11 00:25:04.824146688,1,14165,248,100
39.663343,12.809352,2026-09-11 00:25:04.824130560,1,6913,225,81
39.680542,12.81697,2026-09-11 00:25:04.824136192,1,7161,227,62
39.704923,12.80993,2026-09-11 00:25:04.824142592,1,4784,261,42
39.849295,12.759514,2026-09-11 00:25:04.824194816,1,3616,260,24
39.871144,12.756946,2026-09-11 00:25:04.894314496,1,11775,170,42
39.683926,12.83797,2026-09-11 00:25:04.894310400,1,7654,142,29
43.970547,15.612886,2026-09-11 00:25:28.890859008,1,4907,89,457
43.986112,15.615099,2026-09-11 00:25:28.890864384,1,2682,217,443
43.980292,15.615505,2026-09-11 00:25:28.890862336,1,4375,185,425
44.002224,15.609528,2026-09-11 00:25:28.890870272,1,2730,268,405
43.97304,15.64226,2026-09-11 00:25:28.890856448,1,3810,214,391
43.995614,15.607663,2026-09-11 00:25:28.890869248,1,9496,174,379
39.859736,12.28337,2026-09-11 00:25:36.914291712,1,14459,244,31
39.866866,12.138308,2026-09-11 00:25:36.914279680,1,12225,249,18
31.014243,-81.955781,2026-09-11 00:25:53.209569024,1,8454,232,19
40.847266,-35.352739,2026-09-11 00:25:53.244253184,1,12048,176,211
26.844457,-61.83031,2026-09-11 00:26:00.366792448,1,7243,226,22
40.267151,12.548707,2026-09-11 00:26:15.187034368,1,13340,258,120
40.073307,12.636723,2026-09-11 00:26:15.187028480,1,8947,224,107
40.109063,12.646917,2026-09-11 00:26:15.187038720,1,6419,240,91
40.10679,12.633954,2026-09-11 00:26:15.187034624,1,6591,236,75
40.138306,12.644832,2026-09-11 00:26:15.187040512,1,5880,226,54
39.369967,14.674134,2026-09-11 00:26:15.210032128,1,7410,207,24
39.367567,14.647659,2026-09-11 00:26:15.214343936,1,11871,208,35
39.321082,14.656191,2026-09-11 00:26:15.214316800,1,5801,233,31
39.323786,14.498569,2026-09-11 00:26:15.971789568,1,12635,212,89
39.376827,14.491772,2026-09-11 00:26:15.979774720,1,8314,222,173
39.399168,14.491579,2026-09-11 00:26:15.979781632,1,4966,207,162
39.42355,14.503133,2026-09-11 00:26:15.979783936,1,8070,234,150
27.86607,-58.925013,2026-09-11 00:26:23.93838592,1,8106,243,24
36.442113,5.676166,2026-09-11 00:26:30.556708352,1,14090,203,57
36.458005,5.668749,2026-09-11 00:26:30.556704768,1,4382,227,45
39.788999,12.162052,2026-09-11 00:26:32.62619136,1,12587,214,185
39.83599,12.182215,2026-09-11 00:26:32.62706176,1,11619,191,170
39.799289,12.17603,2026-09-11 00:26:32.62688512,1,10667,192,157
39.79919,12.169295,2026-09-11 00:26:32.62686976,1,6136,222,141
39.79786,12.183848,2026-09-11 00:26:32.62686208,1,4557,198,127
39.779411,12.152942,2026-09-11 00:26:32.62672640,1,2433,237,113
39.789952,12.168688,2026-09-11 00:26:32.62676736,1,2824,240,99
39.80489,12.191251,2026-09-11 00:26:32.62678784,1,6732,226,78
39.713952,11.963065,2026-09-11 00:26:32.72970240,1,12490,222,96
39.791031,12.157519,2026-09-11 00:26:32.73025280,1,4217,235,85
39.790689,12.159127,2026-09-11 00:26:32.73022720,1,4323,249,72
44.170343,15.807216,2026-09-11 00:26:46.224467200,1,10399,97,182
44.181977,15.800268,2026-09-11 00:26:46.224468480,1,9040,165,162
44.179101,15.820011,2026-09-11 00:26:46.224466944,1,10067,234,141
44.170951,15.835833,2026-09-11 00:26:46.224557056,1,11134,141,99
44.174573,15.802368,2026-09-11 00:26:46.224551936,1,7438,157,84
44.168334,15.942351,2026-09-11 00:26:46.224521216,1,14080,236,52
39.280302,14.634772,2026-09-11 00:26:46.435510528,1,14109,218,75
45.416979,15.864839,2026-09-11 00:26:53.473651456,1,13923,145,34
45.22426,15.674617,2026-09-11 00:26:53.473657088,1,12847,166,29
43.8166,15.424985,2026-09-11 00:27:01.137103104,1,10019,102,21
43.842996,15.459125,2026-09-11 00:27:01.137182720,1,14221,123,27
43.856167,15.419016,2026-09-11 00:27:01.384570368,1,12285,219,30
43.798934,15.428809,2026-09-11 00:27:01.489294336,1,5995,178,22
22.571834,-83.224984,2026-09-11 00:27:09.284238848,1,7731,232,20
39.753266,12.160137,2026-09-11 00:27:16.729967872,1,12273,141,32
39.56303,14.796865,2026-09-11 00:27:17.238891776,1,9432,206,115
39.29461,14.804069,2026-09-11 00:27:17.238895872,1,14866,188,108
39.543245,14.7921,2026-09-11 00:27:17.238962944,1,10733,214,68
39.497107,14.740041,2026-09-11 00:27:17.238946560,1,11919,182,56
37.362552,7.841468,2026-09-11 00:27:46.39453184,1,14474,245,255
37.301857,7.888124,2026-09-11 00:27:46.39430144,1,4811,217,241
31.221778,-82.131654,2026-09-11 00:27:53.91449088,1,14650,227,31
31.044476,-82.054156,2026-09-11 00:27:53.91426560,1,14227,229,17
37.952182,-38.385455,2026-09-11 00:28:01.883825152,1,9929,176,142
44.044343,15.633953,2026-09-11 00:28:09.445722368,1,12825,130,40
44.065974,15.648841,2026-09-11 00:28:09.445727744,1,7046,195,28
44.018469,15.626987,2026-09-11 00:28:09.445713152,1,6643,234,17
39.461157,14.684333,2026-09-11 00:28:17.748134144,1,14044,211,76
39.420191,14.61574,2026-09-11 00:28:17.748114176,1,8573,249,63
39.370142,14.624205,2026-09-11 00:28:17.748092416,1,4113,264,50
39.329875,14.595394,2026-09-11 00:28:18.106769408,1,4151,146,29
39.335261,14.610097,2026-09-11 00:28:18.106772992,1,2442,208,277
39.373734,14.609154,2026-09-11 00:28:18.106789376,1,5549,229,262
39.37915,14.618509,2026-09-11 00:28:18.106786816,1,6272,234,248
29.251401,-86.155918,2026-09-11 00:28:39.853053696,1,14421,163,28
39.019495,14.582185,2026-09-11 00:28:40.117065216,1,9699,154,85
39.053917,14.575115,2026-09-11 00:28:40.117143808,1,5677,240,73
39.069214,14.600214,2026-09-11 00:28:40.117145344,1,2932,225,60
39.090084,14.598006,2026-09-11 00:28:40.117149952,1,7383,266,46
43.925243,15.58002,2026-09-11 00:28:47.410342400,1,14372,160,25
43.656512,15.641216,2026-09-11 00:28:47.444980224,1,13351,191,23
37.528194,7.72013,2026-09-11 00:28:56.93815040,1,7893,268,363
37.513928,7.724704,2026-09-11 00:28:56.93814784,1,5183,245,418
-27.392078,128.638884,2026-09-11 00:25:41.864909824,2,9370,219,19
-25.975343,128.042175,2026-09-11 00:26:23.428596480,2,13555,238,17
16.148731,124.727343,2026-09-11 00:27:11.516819200,2,8920,195,38
7.921588,117.06194,2026-09-11 00:27:45.681651456,2,7456,191,25
-1.59413,137.871203,2026-09-11 00:28:41.352530176,2,14663,152,34
31.10152,-81.95172,2026-09-11 00:25:00.201623808,3,9674,120,16
36.639976,-91.03069,2026-09-11 00:25:00.399889664,3,14622,117,61
36.65884,-91.043762,2026-09-11 00:25:00.399893504,3,8900,131,38
36.720578,-91.047051,2026-09-11 00:25:00.399959552,3,13438,217,25
28.743834,-82.138705,2026-09-11 00:25:01.304520448,3,7287,135,50
28.935701,-82.224271,2026-09-11 00:25:01.304615680,3,4035,248,30
30.960324,-81.925797,2026-09-11 00:25:01.379687680,3,12268,111,86
30.991826,-81.957958,2026-09-11 00:25:01.379748352,3,6862,232,66
31.005956,-81.965581,2026-09-11 00:25:01.379748096,3,11974,190,54
31.062328,-81.962592,2026-09-11 00:25:01.379768832,3,9262,255,35
28.668216,-82.172179,2026-09-11 00:25:01.477135104,3,9250,201,23
28.741651,-81.944046,2026-09-11 00:25:01.516023296,3,7095,129,41
28.804621,-81.956868,2026-09-11 00:25:01.516088832,3,5672,246,25
28.74435,-82.145015,2026-09-11 00:25:01.557833728,3,8737,135,77
28.799133,-82.147949,2026-09-11 00:25:01.557900032,3,6026,207,60
28.723915,-81.840856,2026-09-11 00:25:01.564634880,3,6533,127,36
28.75782,-81.92378,2026-09-11 00:25:01.620283648,3,6018,129,20
28.806044,-81.952059,2026-09-11 00:25:01.620347904,3,3784,207,30
30.558967,-111.09755,2026-09-11 00:25:01.811069184,3,6666,218,48
30.97847,-81.947713,2026-09-11 00:25:01.820440832,3,2487,231,67
31.031615,-81.947764,2026-09-11 00:25:01.820459008,3,4755,231,68
30.91485,-81.971604,2026-09-11 00:25:01.820467456,3,5416,231,53
30.959468,-81.933824,2026-09-11 00:25:01.960297472,3,7041,135,17
30.629432,-111.103423,2026-09-11 00:25:01.976097792,3,10040,217,24
20.345497,-86.321666,2026-09-11 00:25:09.341012480,3,6554,237,77
44.885465,-32.765546,2026-09-11 00:25:09.357864704,3,6612,216,42
36.31175,-85.847387,2026-09-11 00:25:16.936161792,3,13428,73,74
36.373961,-85.84426,2026-09-11 00:25:16.936212224,3,13919,143,57
36.307691,-85.956575,2026-09-11 00:25:16.936228608,3,11201,91,43
36.365715,-85.891063,2026-09-11 00:25:16.936259072,3,12126,172,29
40.915816,-35.213664,2026-09-11 00:25:17.243318016,3,9295,158,22
30.828504,-115.364153,2026-09-11 00:25:17.938808576,3,11924,209,48
30.855502,-115.401492,2026-09-11 00:25:17.938857984,3,11427,245,40
28.332203,-108.904474,2026-09-11 00:25:18.169602304,3,10905,232,25
30.746587,-82.029328,2026-09-11 00:25:18.345277184,3,6104,110,101
30.813875,-82.04594,2026-09-11 00:25:18.345299456,3,4296,233,83
30.652214,-82.028564,2026-09-11 00:25:18.345298688,3,9250,236,67
30.761735,-82.11217,2026-09-11 00:25:18.345320960,3,6124,192,52
30.739693,-82.030755,2026-09-11 00:25:18.580418304,3,6119,113,35
30.815275,-82.062794,2026-09-11 00:25:18.580491520,3,10227,233,27
28.317651,-108.907845,2026-09-11 00:25:18.639361792,3,10506,233,22
30.744991,-82.028849,2026-09-11 00:25:18.691800576,3,7004,128,24
30.802525,-82.038445,2026-09-11 00:25:18.778782976,3,5259,247,56
30.783188,-82.063863,2026-09-11 00:25:18.778825216,3,7963,192,30
28.755587,-82.075602,2026-09-11 00:25:18.824039680,3,3445,166,56
28.840843,-82.105744,2026-09-11 00:25:18.824114944,3,5398,246,36
34.892145,-101.376919,2026-09-11 00:25:18.834678784,3,9400,116,27
34.911545,-101.417728,2026-09-11 00:25:18.834716672,3,12586,226,21
28.772667,-82.054083,2026-09-11 00:25:18.910280448,3,6745,132,23
28.828058,-82.071137,2026-09-11 00:25:18.910348800,3,5444,207,37
30.968001,-82.006304,2026-09-11 00:25:18.984525312,3,7677,132,54
30.915062,-82.077039,2026-09-11 00:25:18.984556800,3,5646,245,35
29.215064,-82.183937,2026-09-11 00:25:27.26952960,3,12895,149,57
29.2797,-82.156528,2026-09-11 00:25:27.27037952,3,11573,201,44
29.301293,-82.164322,2026-09-11 00:25:27.27037440,3,10465,252,26
36.191827,-104.899571,2026-09-11 00:25:27.140824320,3,14034,238,24
47.467931,-59.276053,2026-09-11 00:25:27.724117248,3,11849,164,23
31.553086,-103.043855,2026-09-11 00:25:28.441762048,3,8737,146,32
31.635837,-103.037853,2026-09-11 00:25:28.477868288,3,10373,142,50
31.735121,-103.031304,2026-09-11 00:25:28.477937152,3,3469,247,30
18.727178,-74.21457,2026-09-11 00:25:29.19664128,3,3002,201,46
30.612353,-102.592998,2026-09-11 00:25:45.543921152,3,8868,163,17
18.608897,-91.396004,2026-09-11 00:25:45.559775488,3,4853,243,21
34.689252,-102.717124,2026-09-11 00:25:45.920315904,3,9693,158,13
31.107085,-81.949584,2026-09-11 00:25:46.384871680,3,7825,120,22
36.335573,-85.856076,2026-09-11 00:25:46.507216896,3,11317,93,51
36.358324,-85.895577,2026-09-11 00:25:46.507228672,3,13805,174,49
36.378334,-85.929255,2026-09-11 00:25:46.507281408,3,12732,184,30
35.508241,-90.106398,2026-09-11 00:25:46.855813632,3,11915,81,23
35.536556,-90.133871,2026-09-11 00:25:46.855821824,3,12830,141,70
35.594236,-90.157769,2026-09-11 00:25:46.855844096,3,14842,212,54
29.185302,-85.775725,2026-09-11 00:25:47.165644544,3,14752,225,57
29.264544,-85.791361,2026-09-11 00:25:47.165660672,3,6849,202,87
58.637756,-97.654875,2026-09-11 00:25:54.235524608,3,14677,168,29
22.715871,-80.694728,2026-09-11 00:25:54.460014848,3,10759,247,68
22.454834,-80.670687,2026-09-11 00:25:54.459953152,3,9744,249,53
30.743298,-82.034799,2026-09-11 00:25:55.505152512,3,11135,113,49
30.801686,-82.047059,2026-09-11 00:25:55.505217536,3,10447,190,34
28.2949,-82.6416,2026-09-11 00:25:55.825736448,3,10062,250,86
28.288218,-82.66511,2026-09-11 00:25:55.825748480,3,6858,211,71
36.356084,-87.982898,2026-09-11 00:26:02.870207232,3,13072,82,27
36.409031,-88.134805,2026-09-11 00:26:02.870246912,3,6260,172,34
36.47119,-87.99881,2026-09-11 00:26:02.870291712,3,11264,256,21
36.365761,-87.981156,2026-09-11 00:26:02.922648832,3,10304,65,60
36.356516,-88.090034,2026-09-11 00:26:02.922685184,3,13638,120,41
36.426596,-88.009414,2026-09-11 00:26:02.922711552,3,6930,226,26
30.873996,-82.141598,2026-09-11 00:26:04.362662656,3,10211,168,26
20.456917,-86.403382,2026-09-11 00:26:04.904097792,3,11218,235,15
29.987596,-92.90548,2026-09-11 00:26:08.212916480,3,3496,188,32
30.092751,-92.868423,2026-09-11 00:26:08.212955904,3,6440,233,18
28.774375,-82.078846,2026-09-11 00:26:10.502587136,3,3389,163,89
28.825721,-82.093471,2026-09-11 00:26:10.502603776,3,2731,250,77
30.671622,-82.30371,2026-09-11 00:26:17.650720256,3,10346,187,35
26.982939,-111.909575,2026-09-11 00:26:18.334014976,3,7820,249,47
26.863988,-111.907929,2026-09-11 00:26:18.334011904,3,6532,251,35
31.003676,-81.995319,2026-09-11 00:26:18.418273280,3,13676,110,86
31.065324,-82.020266,2026-09-11 00:26:18.418297344,3,6323,238,65
31.007434,-82.081702,2026-09-11 00:26:18.418322944,3,7404,190,56
36.380521,-88.034088,2026-09-11 00:26:25.438100736,3,13189,198,16
22.452797,-81.273804,2026-09-11 00:26:25.841844480,3,6617,249,50
22.481106,-81.297762,2026-09-11 00:26:25.841854208,3,13427,248,39
36.335064,-87.971069,2026-09-11 00:26:27.62855936,3,13894,78,37
29.527957,-81.937626,2026-09-11 00:26:27.431993600,3,9510,117,72
29.579885,-81.940018,2026-09-11 00:26:27.432052736,3,12896,201,50
29.559547,-81.978289,2026-09-11 00:26:27.432046848,3,3164,266,33
29.53045,-81.934142,2026-09-11 00:26:27.455439872,3,9509,117,37
29.605951,-81.964708,2026-09-11 00:26:27.455512576,3,10175,241,21
36.052311,-31.688759,2026-09-11 00:26:28.571873792,3,9643,215,40
25.1805,-106.300406,2026-09-11 00:26:28.808346624,3,14988,255,45
30.66325,-82.094524,2026-09-11 00:26:35.920898816,3,9968,116,23
30.667764,-82.230962,2026-09-11 00:26:36.108421632,3,10141,181,35
30.784525,-82.075573,2026-09-11 00:26:36.108491264,3,7692,261,20
27.41871,-112.669188,2026-09-11 00:26:36.503624448,3,11700,249,40
27.414375,-112.658632,2026-09-11 00:26:36.503623168,3,6710,254,28
27.581613,-108.400193,2026-09-11 00:26:36.691801088,3,9977,238,32
27.578481,-108.422454,2026-09-11 00:26:36.691789824,3,13389,240,20
28.768386,-82.102716,2026-09-11 00:26:39.66362624,3,6471,156,93
28.819221,-82.101642,2026-09-11 00:26:39.66379008,3,6733,263,79
28.806179,-82.099082,2026-09-11 00:26:39.66434560,3,12112,206,64
7.65403,-77.131893,2026-09-11 00:26:46.534118144,3,8812,262,19
32.818374,-108.719565,2026-09-11 00:26:46.554263552,3,13322,110,35
32.817085,-108.67919,2026-09-11 00:26:46.554264064,3,5860,206,22
32.837114,-108.718089,2026-09-11 00:26:46.680511488,3,11776,109,30
30.391188,-111.769895,2026-09-11 00:26:48.100378112,3,13876,168,48
30.378922,-111.758637,2026-09-11 00:26:48.100380672,3,11934,194,75
30.398054,-111.794189,2026-09-11 00:26:48.100427520,3,13800,255,63
30.374245,-111.831853,2026-09-11 00:26:48.100407808,3,8817,254,50
30.114897,-112.068253,2026-09-11 00:26:48.100335104,3,13893,267,33
30.959326,-82.231771,2026-09-11 00:26:49.788927232,3,7047,190,35
20.402374,-86.296548,2026-09-11 00:26:51.295607552,3,7351,222,19
29.996525,-92.840121,2026-09-11 00:26:59.31159296,3,9160,156,44
29.987268,-92.919312,2026-09-11 00:26:59.31186176,3,10936,261,45
29.988155,-92.850941,2026-09-11 00:26:59.94289152,3,5040,185,40
30.085372,-92.879774,2026-09-11 00:26:59.94350848,3,7078,261,20
29.980205,-92.823093,2026-09-11 00:26:59.169220352,3,5030,186,29
22.9489,-100.742477,2026-09-11 00:27:07.25343744,3,12993,237,29
29.202261,-85.80506,2026-09-11 00:27:07.410467328,3,6904,224,108
29.223012,-85.81433,2026-09-11 00:27:07.410471168,3,12094,232,91
29.230559,-85.812285,2026-09-11 00:27:07.410475008,3,10383,197,73
29.236566,-85.812774,2026-09-11 00:27:07.410482432,3,9246,191,60
29.199479,-85.816199,2026-09-11 00:27:07.410515712,3,5086,201,42
29.234552,-85.840578,2026-09-11 00:27:07.410520320,3,13614,146,29
29.23928,-85.83078,2026-09-11 00:27:07.469368832,3,8138,234,79
29.10831,-85.851121,2026-09-11 00:27:07.469373440,3,14505,244,63
29.170578,-85.85814,2026-09-11 00:27:07.469388032,3,14062,191,45
29.248943,-85.833526,2026-09-11 00:27:07.469425920,3,10319,256,23
29.409129,-86.009905,2026-09-11 00:27:07.522764544,3,13922,235,29
28.754228,-82.067719,2026-09-11 00:27:07.612913152,3,5175,133,63
33.891115,-101.011093,2026-09-11 00:27:07.661296640,3,9732,133,25
28.765575,-82.110471,2026-09-11 00:27:07.724549632,3,4675,159,44
22.613608,-83.208858,2026-09-11 00:27:09.284257024,3,4598,248,64
22.47198,-83.241942,2026-09-11 00:27:09.284209664,3,5845,226,34
36.37646,-87.967514,2026-09-11 00:27:09.306074624,3,7648,131,29
36.354112,-87.957045,2026-09-11 00:27:09.623033600,3,8642,95,23
23.61042,-100.304068,2026-09-11 00:27:09.840271104,3,7217,260,37
35.482458,-90.067284,2026-09-11 00:27:09.889057792,3,3468,120,40
35.497407,-90.073016,2026-09-11 00:27:09.889056000,3,6940,100,38
35.610744,-90.073589,2026-09-11 00:27:09.889136896,3,8322,260,25
25.036113,-82.005249,2026-09-11 00:27:17.23556608,3,7901,266,32
26.739718,-107.924909,2026-09-11 00:27:17.903549184,3,12689,265,28
27.076182,-107.761703,2026-09-11 00:27:17.903670784,3,13065,248,33
31.639776,-103.011213,2026-09-11 00:27:19.32330240,3,7431,142,16
31.554219,-103.015612,2026-09-11 00:27:19.106694912,3,9547,146,17
41.863178,-34.707908,2026-09-11 00:27:19.610784512,3,7961,206,33
25.57873,-102.07435,2026-09-11 00:27:20.645612032,3,8851,256,38
28.772844,-82.121029,2026-09-11 00:27:21.918959616,3,9268,183,56
28.852559,-82.135277,2026-09-11 00:27:21.919035392,3,7203,245,38
28.67815,-82.197524,2026-09-11 00:27:21.975489536,3,7598,208,35
28.839621,-82.128189,2026-09-11 00:27:21.975553024,3,3159,207,22
28.698598,-82.089039,2026-09-11 00:27:22.24781568,3,7502,195,22
30.718793,-82.090426,2026-09-11 00:27:29.649152256,3,4909,247,24
36.411518,-86.030451,2026-09-11 00:27:29.855327232,3,8340,104,57
36.427111,-86.049403,2026-09-11 00:27:29.855340800,3,11320,159,50
36.369729,-86.109043,2026-09-11 00:27:29.855374080,3,6011,179,39
36.440431,-86.059362,2026-09-11 00:27:29.855400960,3,7398,256,25
36.41883,-86.045076,2026-09-11 00:27:30.93547264,3,8021,158,23
36.419063,-86.041349,2026-09-11 00:27:30.93547264,3,10664,140,55
36.437462,-86.153447,2026-09-11 00:27:30.93596672,3,6597,241,34
36.414525,-86.028358,2026-09-11 00:27:30.196557312,3,13375,74,20
36.419859,-86.08236,2026-09-11 00:27:30.286579712,3,13022,156,14
30.856785,-81.999233,2026-09-11 00:27:30.459651072,3,2767,247,43
30.623158,-82.0252,2026-09-11 00:27:30.459637248,3,12581,248,29
31.023364,-82.021502,2026-09-11 00:27:32.581334784,3,14012,117,85
31.072409,-82.042751,2026-09-11 00:27:32.581350656,3,9454,234,64
31.028604,-82.102492,2026-09-11 00:27:32.581379840,3,4111,190,51
31.02016,-82.03082,2026-09-11 00:27:32.702378752,3,3333,132,68
30.959322,-82.05613,2026-09-11 00:27:32.702409984,3,6695,234,49
31.085702,-82.074288,2026-09-11 00:27:32.702446080,3,5989,235,36
31.198703,-82.230592,2026-09-11 00:27:32.732630016,3,11538,242,16
20.999648,-103.772975,2026-09-11 00:27:40.371106048,3,10658,265,36
21.148501,-103.784478,2026-09-11 00:27:40.371202048,3,10537,252,27
18.367025,-75.152503,2026-09-11 00:27:40.515002624,3,7148,197,29
31.086561,-81.976099,2026-09-11 00:27:40.655054592,3,4371,156,53
31.088573,-81.98325,2026-09-11 00:27:40.655115520,3,9431,190,30
29.889985,-81.310061,2026-09-11 00:27:48.548597504,3,7310,245,27
29.646991,-81.150001,2026-09-11 00:27:48.548535552,3,6151,243,15
36.451317,-85.995334,2026-09-11 00:27:48.847482624,3,13408,154,106
36.522419,-85.960762,2026-09-11 00:27:48.847512576,3,8364,219,98
36.481579,-85.982485,2026-09-11 00:27:48.847511552,3,14581,167,86
36.453832,-85.972758,2026-09-11 00:27:48.847494912,3,13904,90,71
36.472493,-85.986581,2026-09-11 00:27:48.847501568,3,14809,179,53
41.857732,-34.727076,2026-09-11 00:27:48.847949568,3,10252,153,44
36.442674,-85.951313,2026-09-11 00:27:48.996389888,3,6882,107,28
28.69182,-110.585065,2026-09-11 00:27:49.43801344,3,10685,233,33
28.832298,-81.987486,2026-09-11 00:27:49.161825280,3,5004,250,27
22.722224,-83.135577,2026-09-11 00:27:51.375765504,3,9244,267,15
22.519362,-101.354183,2026-09-11 00:27:58.638995968,3,12758,235,39
29.547843,-81.947702,2026-09-11 00:27:59.170521344,3,10861,249,51
29.534403,-81.928173,2026-09-11 00:27:59.170520064,3,9843,202,52
29.54239,-81.943523,2026-09-11 00:27:59.170513152,3,5214,222,42
31.003804,-82.025828,2026-09-11 00:28:00.164780032,3,3235,119,47
30.920271,-112.189489,2026-09-11 00:28:07.750981376,3,8901,217,32
30.993777,-112.093848,2026-09-11 00:28:07.751014656,3,11822,250,19
20.512964,-77.250047,2026-09-11 00:28:08.18110464,3,11616,173,59
44.901575,-32.773253,2026-09-11 00:28:09.456541184,3,8845,202,41
30.97288,-82.181681,2026-09-11 00:28:10.816800768,3,5251,236,41
30.910474,-82.176193,2026-09-11 00:28:10.859541760,3,13775,245,34
30.797036,-82.059179,2026-09-11 00:28:10.859534848,3,7502,234,23
30.745521,-82.051986,2026-09-11 00:28:10.894824192,3,6695,192,22
22.845842,-100.729258,2026-09-11 00:28:10.923125504,3,11945,243,37
30.794646,-82.067697,2026-09-11 00:28:10.950052352,3,9047,237,44
30.789053,-82.065288,2026-09-11 00:28:10.950049280,3,7413,234,30
21.458806,-101.361734,2026-09-11 00:28:19.5738240,3,13173,260,49
25.1744,-82.191751,2026-09-11 00:28:19.345044224,3,9349,233,52
34.86536,-101.393224,2026-09-11 00:28:19.461854464,3,9996,90,50
34.923272,-101.407374,2026-09-11 00:28:19.461906176,3,3215,268,34
34.866878,-101.38909,2026-09-11 00:28:19.514729728,3,5967,117,36
34.906252,-101.417178,2026-09-11 00:28:19.514772480,3,7504,236,23
34.880132,-101.464584,2026-09-11 00:28:19.599095296,3,8740,85,35
34.992658,-101.27733,2026-09-11 00:28:19.599160320,3,6351,222,22
28.793132,-82.076741,2026-09-11 00:28:20.61811968,3,6246,163,15
28.9665,-82.083554,2026-09-11 00:28:20.61873920,3,6900,247,68
28.846692,-82.114142,2026-09-11 00:28:20.61881856,3,7517,205,59
56.6545,-99.386006,2026-09-11 00:28:27.678266112,3,10487,203,26
56.652221,-99.387879,2026-09-11 00:28:27.706263040,3,8034,203,19
30.719247,-82.048695,2026-09-11 00:28:28.456816896,3,13387,235,16
31.293568,-99.131768,2026-09-11 00:28:29.483725568,3,13699,210,38
30.962631,-82.00092,2026-09-11 00:28:30.789216768,3,8104,153,58
31.008642,-82.018776,2026-09-11 00:28:30.789292032,3,10870,189,39
31.029161,-82.021307,2026-09-11 00:28:30.789288704,3,10516,233,21
31.1049,-81.952379,2026-09-11 00:28:30.930108928,3,4290,239,65
30.886154,-81.966061,2026-09-11 00:28:30.930086656,3,7344,238,52
31.228943,-82.117176,2026-09-11 00:28:31.22242048,3,6996,239,34
31.014064,-81.981977,2026-09-11 00:28:31.22196992,3,6215,232,21
40.854728,-35.308373,2026-09-11 00:28:31.204808960,3,6052,209,43
40.898775,-35.307744,2026-09-11 00:28:31.267373056,3,6344,160,29
34.531211,-101.5412,2026-09-11 00:28:38.693287936,3,11867,122,35
30.839088,-115.395512,2026-09-11 00:28:38.809673472,3,13768,203,28
28.489625,-60.267638,2026-09-11 00:28:38.911455488,3,10572,201,78
29.504395,-86.172208,2026-09-11 00:28:39.359444224,3,10649,241,39
36.350232,-87.939243,2026-09-11 00:28:39.606361600,3,9041,79,49
36.4774,-87.966869,2026-09-11 00:28:39.606450688,3,6819,264,26
29.242689,-85.899264,2026-09-11 00:28:39.736468736,3,4126,244,52
29.221027,-85.915108,2026-09-11 00:28:39.736507904,3,9518,202,40
29.192898,-85.8214,2026-09-11 00:28:39.781433856,3,8265,157,23
30.932845,-105.215286,2026-09-11 00:28:46.853485312,3,13825,189,20
30.728204,-102.603148,2026-09-11 00:28:46.892407808,3,10059,193,17
30.595697,-102.540571,2026-09-11 00:28:46.969032704,3,13755,189,32
28.561985,-82.304819,2026-09-11 00:28:47.573428992,3,9144,216,17
34.072108,-102.034073,2026-09-11 00:28:47.849330944,3,14461,179,18
27.929566,-58.284395,2026-09-11 00:28:49.185062400,3,10363,199,22
30.637309,-82.126757,2026-09-11 00:28:49.550929920,3,5874,193,25
30.176651,-100.020416,2026-09-11 00:28:50.105521920,3,10051,138,38
30.293819,-100.106656,2026-09-11 00:28:50.105583360,3,3376,258,25
20.940038,-75.005267,2026-09-11 00:28:50.169627136,3,5605,201,27
36.346089,-87.946024,2026-09-11 00:28:50.371331072,3,4460,161,38
24.996708,-104.935631,2026-09-11 00:28:58.784578816,3,7449,250,81
25.140306,-104.896792,2026-09-11 00:28:58.784661504,3,12554,245,95
25.149261,-104.918637,2026-09-11 00:28:58.858762240,3,6081,232,35
39.629931,12.795226,2026-09-11 00:25:04.522556160,4,4750,232,34
39.657689,12.827524,2026-09-11 00:25:04.522629376,4,5619,203,21
39.630537,12.819106,2026-09-11 00:25:04.596709376,4,13420,180,26
43.809833,15.425394,2026-09-11 00:25:07.50179328,4,4955,147,36
40.039363,12.648556,2026-09-11 00:25:07.73710080,4,13804,176,26
40.066447,12.634746,2026-09-11 00:25:07.108134656,4,7561,234,25
43.782367,15.459858,2026-09-11 00:25:17.181580800,4,9375,147,28
43.778867,15.459983,2026-09-11 00:25:17.235308288,4,9473,147,29
43.777963,15.477142,2026-09-11 00:25:17.321345792,4,6682,147,30
45.45868,16.325149,2026-09-11 00:25:18.198185216,4,5469,223,38
40.47357,12.743549,2026-09-11 00:25:22.159596544,4,11289,217,22
40.438452,12.790203,2026-09-11 00:25:22.412034816,4,13621,170,25
37.130867,4.472463,2026-09-11 00:25:27.666551296,4,5578,270,33
37.149094,4.488153,2026-09-11 00:25:27.666557952,4,5611,270,20
44.221822,15.730549,2026-09-11 00:25:27.916196608,4,13291,115,32
44.052012,15.620991,2026-09-11 00:25:28.226166528,4,13024,142,20
44.377754,15.76377,2026-09-11 00:25:28.233099008,4,3161,239,36
44.382068,15.841656,2026-09-11 00:25:28.233109504,4,8549,204,27
43.987003,15.612614,2026-09-11 00:25:28.890864640,4,10120,177,20
43.989919,15.595429,2026-09-11 00:25:29.45335552,4,9997,177,21
43.994864,15.607902,2026-09-11 00:25:29.97206272,4,7819,172,27
39.32987,14.609453,2026-09-11 00:25:31.744151040,4,12846,199,34
39.378883,14.625676,2026-09-11 00:25:31.784901632,4,8479,193,20
43.801157,15.462187,2026-09-11 00:25:38.864518912,4,6059,147,30
43.78865,15.417265,2026-09-11 00:25:38.953082624,4,9734,147,23
43.786357,15.427726,2026-09-11 00:25:39.218757888,4,7283,126,32
37.182144,7.813155,2026-09-11 00:25:48.477129472,4,8457,262,25
37.175623,7.84321,2026-09-11 00:25:48.604223744,4,8598,209,22
44.08394,15.670384,2026-09-11 00:25:49.205612544,4,13327,170,20
39.813415,14.846438,2026-09-11 00:25:51.499725568,4,6888,221,40
39.189804,14.6432,2026-09-11 00:26:01.737930240,4,10226,229,31
39.191939,14.684586,2026-09-11 00:26:01.990556672,4,4795,229,35
39.183433,14.712091,2026-09-11 00:26:01.990615296,4,9439,184,20
44.225523,15.695783,2026-09-11 00:26:11.510284800,4,7131,143,34
39.047724,14.681164,2026-09-11 00:26:29.584001792,4,8895,257,34
39.037579,14.710893,2026-09-11 00:26:29.584059136,4,5032,185,23
39.040946,14.707991,2026-09-11 00:26:29.694780416,4,6103,231,42
39.039105,14.707725,2026-09-11 00:26:29.772720128,4,7130,195,28
39.135185,14.678217,2026-09-11 00:26:32.365830912,4,6856,230,37
39.139692,14.709068,2026-09-11 00:26:32.365896192,4,8474,184,23
39.142495,14.672306,2026-09-11 00:26:32.409460480,4,14611,184,29
37.325207,7.945466,2026-09-11 00:26:33.436339456,4,9186,252,22
39.081596,14.439789,2026-09-11 00:26:42.283742208,4,7342,229,16
39.100904,14.491598,2026-09-11 00:26:42.283751680,4,14267,195,29
39.086223,14.44907,2026-09-11 00:26:42.332888576,4,6976,229,32
39.099796,14.440123,2026-09-11 00:26:42.365415680,4,13370,185,25
39.163269,14.459729,2026-09-11 00:26:42.403597312,4,12262,218,35
39.117899,14.456498,2026-09-11 00:26:42.403641088,4,4606,195,23
39.063547,14.467895,2026-09-11 00:26:42.865974528,4,5951,185,25
39.779504,12.417727,2026-09-11 00:26:52.460068608,4,8372,180,27
39.785216,12.411176,2026-09-11 00:26:52.468966400,4,11914,179,21
44.38441,15.792749,2026-09-11 00:26:52.736745728,4,4332,239,38
44.406996,15.796175,2026-09-11 00:26:52.861682688,4,6039,164,22
39.19935,14.639244,2026-09-11 00:26:55.435127808,4,13703,184,25
39.94349,13.244381,2026-09-11 00:26:58.796068352,4,4686,229,42
39.938618,13.28524,2026-09-11 00:26:58.796073216,4,9581,189,28
39.738193,13.667448,2026-09-11 00:26:59.69719040,4,4031,224,36
43.806958,15.48791,2026-09-11 00:27:07.879843584,4,6346,147,29
43.812068,15.506621,2026-09-11 00:27:07.924055552,4,4939,147,32
43.812275,15.458866,2026-09-11 00:27:07.970411008,4,6027,147,28
43.811091,15.510105,2026-09-11 00:27:08.34343168,4,5719,147,30
43.858462,15.468664,2026-09-11 00:27:08.352269056,4,4199,133,44
43.952758,15.533433,2026-09-11 00:27:08.352305152,4,14082,149,29
45.428161,16.412711,2026-09-11 00:27:12.462896640,4,8071,93,39
44.429779,15.947181,2026-09-11 00:27:32.228741120,4,13320,162,27
39.025255,14.647886,2026-09-11 00:27:33.607350016,4,7215,185,24
39.563029,14.659729,2026-09-11 00:27:35.629872384,4,13771,181,22
39.557579,14.661816,2026-09-11 00:27:35.956028160,4,14451,181,25
39.565759,14.665351,2026-09-11 00:27:36.477342464,4,13934,181,24
39.326731,14.619826,2026-09-11 00:27:36.655744256,4,7672,183,25
44.008415,15.654241,2026-09-11 00:27:45.562207488,4,8581,152,19
37.277089,7.916576,2026-09-11 00:27:45.903586304,4,11031,227,17
39.681233,12.854025,2026-09-11 00:27:47.288753152,4,9068,192,25
39.63898,12.880736,2026-09-11 00:27:47.404178944,4,7771,192,27
39.487231,14.533197,2026-09-11 00:27:55.723728128,4,12579,222,30
37.113899,7.350634,2026-09-11 00:27:56.87218176,4,14671,264,16
39.812839,12.549855,2026-09-11 00:27:58.512175104,4,6204,231,17
39.826161,12.556766,2026-09-11 00:27:58.548445952,4,4011,256,34
39.800865,12.513907,2026-09-11 00:27:58.632071680,4,9091,231,29
39.522332,14.671039,2026-09-11 00:27:59.241735936,4,14441,221,26
39.850299,12.142357,2026-09-11 00:28:08.694331904,4,10882,211,24
39.631299,12.827171,2026-09-11 00:28:12.239741696,4,3497,231,39
39.664929,12.851414,2026-09-11 00:28:12.239811328,4,4692,183,27
39.650882,12.832282,2026-09-11 00:28:12.282834432,4,7184,231,28
39.6328,12.870212,2026-09-11 00:28:12.363272704,4,10934,183,28
40.489296,12.708634,2026-09-11 00:28:25.735837952,4,13884,250,24
39.485628,14.552741,2026-09-11 00:28:28.962389504,4,9354,222,34
39.584072,14.677012,2026-09-11 00:28:39.743137280,4,9245,176,21
43.787911,15.49915,2026-09-11 00:28:53.368758016,4,7294,177,18
39.198898,14.669894,2026-09-11 00:29:00.997384192,4,9606,226,37
39.23922,14.676105,2026-09-11 00:29:01.39772672,4,12602,181,21
39.190015,14.679822,2026-09-11 00:29:01.91534848,4,4847,229,39
39.203414,14.668764,2026-09-11 00:29:01.138523392,4,5617,229,36
39.312759,14.641721,2026-09-11 00:29:01.333299456,4,8924,228,34
10.146284,-81.053477,2026-09-11 00:25:04.986637824,7,7044,230,18
28.77397,-82.082663,2026-09-11 00:25:05.632943360,7,2331,155,11
28.675906,-82.245971,2026-09-11 00:25:05.795712000,7,11932,184,13
28.692531,-82.083881,2026-09-11 00:25:05.841716992,7,2368,176,17
29.557107,-82.245542,2026-09-11 00:25:21.478148864,7,6698,175,20
24.91543,-105.068476,2026-09-11 00:25:21.637524736,7,10074,190,26
29.22985,-82.025943,2026-09-11 00:25:31.66848512,7,4807,171,15
22.382177,-80.648822,2026-09-11 00:25:54.459931648,7,3637,174,23
20.120024,-72.992373,2026-09-11 00:26:03.21651712,7,7934,174,19
20.17214,-86.328313,2026-09-11 00:26:04.510845184,7,3719,238,15
20.260829,-86.335311,2026-09-11 00:26:04.586466560,7,13563,237,13
29.938694,-82.031662,2026-09-11 00:26:14.740025856,7,13140,164,16
27.956976,-58.398117,2026-09-11 00:26:22.978686464,7,7611,209,21
27.921289,-58.667343,2026-09-11 00:26:22.978770432,7,14864,214,15
29.136365,-82.046482,2026-09-11 00:26:30.566256896,7,10177,107,13
18.49959,-91.416428,2026-09-11 00:26:39.552257024,7,8247,222,14
28.271321,-109.084874,2026-09-11 00:26:40.276645376,7,14364,161,12
20.440543,-86.317777,2026-09-11 00:26:51.295614976,7,7214,225,11
20.276018,-86.415855,2026-09-11 00:26:51.295590144,7,11977,257,26
20.337575,-86.292379,2026-09-11 00:26:51.369191424,7,7016,245,17
20.393988,-86.278176,2026-09-11 00:26:51.480216320,7,8095,222,11
29.994531,-92.842309,2026-09-11 00:26:59.31161600,7,6827,156,28
29.976844,-92.84467,2026-09-11 00:26:59.31211264,7,12084,165,17
29.197491,-85.811041,2026-09-11 00:27:07.410511616,7,5008,201,25
29.197484,-85.811036,2026-09-11 00:27:07.410511616,7,5007,201,16
28.991863,-86.076348,2026-09-11 00:27:07.469291264,7,9438,236,21
28.76533,-82.069465,2026-09-11 00:27:14.652733440,7,4928,187,18
11.490717,-100.312687,2026-09-11 00:27:31.763348992,7,9714,265,15
22.507922,-83.183527,2026-09-11 00:27:51.375739392,7,1748,181,24
20.508599,-77.253118,2026-09-11 00:28:08.18105344,7,9488,150,19
22.865807,-71.829772,2026-09-11 00:28:25.625478144,7,7657,170,12
25.018893,-82.040352,2026-09-11 00:28:25.871340288,7,3121,268,23
25.039585,-82.04522,2026-09-11 00:28:26.502577664,7,5629,266,10
18.984755,105.5198,2026-09-11 00:27:39.965469440,9,9493,236,35
25.448269,130.114284,2026-09-11 00:27:45.689620480,9,4931,179,24
36.676013,-91.030683,2026-09-11 00:25:00.399905792,13,5966,223,34
36.715536,-91.059214,2026-09-11 00:25:00.399957248,13,13425,217,30
29.075481,-82.29791,2026-09-11 00:25:01.304652288,13,6956,252,46
31.001832,-81.94368,2026-09-11 00:25:01.379699712,13,11570,222,47
30.991826,-81.957958,2026-09-11 00:25:01.379748352,13,6862,232,69
30.990046,-81.970806,2026-09-11 00:25:01.379743488,13,5806,242,52
28.785347,-82.15011,2026-09-11 00:25:01.557900288,13,4923,249,33
28.160709,-103.531477,2026-09-11 00:25:03.217083392,13,10538,233,24
27.327921,-108.409524,2026-09-11 00:25:04.218244864,13,11699,240,20
41.077377,-35.339811,2026-09-11 00:25:06.50220800,13,11917,195,40
34.428762,-102.695108,2026-09-11 00:25:06.195071744,13,10780,163,22
30.944352,-110.811385,2026-09-11 00:25:06.432453120,13,9187,208,63
18.400155,-75.10035,2026-09-11 00:25:06.589983744,13,7992,176,77
31.030635,-82.016739,2026-09-11 00:25:06.917556224,13,9088,119,72
31.149334,-82.075824,2026-09-11 00:25:06.917637888,13,13989,233,50
31.041876,-82.081295,2026-09-11 00:25:06.917601792,13,4298,190,38
31.076896,-82.053715,2026-09-11 00:25:06.997401856,13,3538,244,57
31.082528,-82.070556,2026-09-11 00:25:06.997450752,13,7625,232,42
31.146275,-82.073984,2026-09-11 00:25:06.997468928,13,5651,250,28
31.022449,-82.007471,2026-09-11 00:25:07.90087424,13,3978,230,46
30.998533,-82.003325,2026-09-11 00:25:07.257456128,13,6968,158,27
20.345304,-86.321751,2026-09-11 00:25:09.341012480,13,6553,237,89
22.552333,-100.631121,2026-09-11 00:25:10.635480576,13,11221,152,62
36.397639,-86.014689,2026-09-11 00:25:11.610482944,13,6417,152,34
36.424901,-86.042282,2026-09-11 00:25:11.610544640,13,10478,179,25
26.125458,-111.966518,2026-09-11 00:25:13.399259392,13,13685,258,28
27.081543,-112.632161,2026-09-11 00:25:14.157337088,13,12516,252,32
36.653277,-90.921266,2026-09-11 00:25:15.371683840,13,8852,53,37
36.263902,-85.844402,2026-09-11 00:25:16.936170752,13,12625,89,69
36.384116,-85.853303,2026-09-11 00:25:16.936212224,13,12167,149,57
36.314072,-85.961612,2026-09-11 00:25:16.936228608,13,8984,91,44
36.359383,-85.881572,2026-09-11 00:25:16.936259072,13,6071,172,32
30.741756,-82.006064,2026-09-11 00:25:18.345280000,13,6328,134,62
30.666827,-82.040011,2026-09-11 00:25:18.345302016,13,11898,238,77
30.735202,-82.087114,2026-09-11 00:25:18.345312000,13,11186,192,61
30.743938,-82.033055,2026-09-11 00:25:18.580416768,13,8663,113,43
30.794428,-82.040528,2026-09-11 00:25:18.778779904,13,4909,247,54
28.78076,-82.046383,2026-09-11 00:25:18.910279680,13,7020,162,43
30.889516,-82.068911,2026-09-11 00:25:18.984543744,13,8551,115,32
30.882774,-82.145438,2026-09-11 00:25:19.83792384,13,13425,161,45
31.023066,-82.05032,2026-09-11 00:25:19.83850752,13,12268,242,33
29.140209,-82.308632,2026-09-11 00:25:19.100755456,13,14123,258,36
30.966084,-82.014507,2026-09-11 00:25:19.257442048,13,7004,153,39
31.013018,-82.040281,2026-09-11 00:25:19.257510400,13,9979,190,26
30.963098,-82.012118,2026-09-11 00:25:19.386935552,13,8613,117,34
28.769639,-82.057471,2026-09-11 00:25:19.433431808,13,7261,156,43
28.836588,-82.077406,2026-09-11 00:25:19.433498880,13,6371,207,44
28.886842,-86.267505,2026-09-11 00:25:19.550981888,13,4672,228,105
28.9176,-86.411015,2026-09-11 00:25:19.551027968,13,13938,194,36
28.846488,-86.218536,2026-09-11 00:25:19.604226816,13,8805,162,46
29.428039,-82.175883,2026-09-11 00:25:21.478120704,13,6640,133,68
29.452045,-82.191774,2026-09-11 00:25:21.478130432,13,8155,247,68
29.565397,-82.263645,2026-09-11 00:25:21.478155008,13,9833,201,60
25.113729,-104.9013,2026-09-11 00:25:21.637553152,13,8881,254,57
24.659421,-104.830272,2026-09-11 00:25:22.291464960,13,8335,267,28
34.489394,-102.267475,2026-09-11 00:25:25.653837568,13,11162,159,47
34.603896,-102.22095,2026-09-11 00:25:25.653877248,13,13745,162,48
29.622326,-82.371552,2026-09-11 00:25:27.27117824,13,10674,246,55
29.283551,-82.155754,2026-09-11 00:25:27.27032320,13,10190,201,42
31.756183,-103.023818,2026-09-11 00:25:28.441828352,13,5632,257,28
31.643879,-103.029913,2026-09-11 00:25:28.477869824,13,5831,169,35
31.602287,-103.140945,2026-09-11 00:25:28.477875968,13,6317,258,37
31.585235,-102.915905,2026-09-11 00:25:28.787670528,13,7879,218,24
18.74707,-74.192349,2026-09-11 00:25:29.19665152,13,11282,183,48
30.630408,-82.041162,2026-09-11 00:25:29.372365568,13,14182,118,85
30.596647,-82.09742,2026-09-11 00:25:29.372399360,13,7269,237,62
31.01793,-81.915016,2026-09-11 00:25:29.926920960,13,3592,245,70
31.108746,-81.894679,2026-09-11 00:25:29.926951680,13,8657,231,57
31.00096,-81.923223,2026-09-11 00:25:29.926967552,13,4723,190,41
30.940395,-81.897739,2026-09-11 00:25:29.998057472,13,7795,120,25
30.940406,-81.900618,2026-09-11 00:25:30.47210240,13,9395,120,45
30.991699,-81.930583,2026-09-11 00:25:30.47281664,13,7968,188,37
31.155537,-82.09139,2026-09-11 00:25:30.329950208,13,10313,247,21
30.871722,-81.924542,2026-09-11 00:25:30.457723136,13,9327,119,39
30.985363,-81.917391,2026-09-11 00:25:30.457757696,13,11099,190,43
36.441201,-85.848408,2026-09-11 00:25:30.655459072,13,9908,176,37
36.404157,-85.931163,2026-09-11 00:25:30.655487232,13,10055,155,46
36.495895,-85.883016,2026-09-11 00:25:30.655524352,13,10949,225,30
36.421772,-85.813305,2026-09-11 00:25:30.818003712,13,7290,128,56
36.347582,-86.046279,2026-09-11 00:25:30.817996800,13,12114,186,42
36.421762,-85.839441,2026-09-11 00:25:30.949033984,13,11405,73,26
29.234519,-82.063437,2026-09-11 00:25:31.66839808,13,8254,141,39
28.821256,-82.151572,2026-09-11 00:25:31.949790976,13,3773,249,25
28.831467,-81.75021,2026-09-11 00:25:32.811480064,13,14523,262,25
29.135623,-85.915099,2026-09-11 00:25:32.888179968,13,9498,243,47
30.757389,-82.037208,2026-09-11 00:25:33.126763008,13,5520,233,51
30.68757,-82.086373,2026-09-11 00:25:33.126777344,13,5699,191,39
30.732628,-102.494023,2026-09-11 00:25:33.557610240,13,10813,190,18
30.59483,-102.506303,2026-09-11 00:25:33.941792256,13,7230,163,16
28.695116,-85.825325,2026-09-11 00:25:34.427895552,13,3179,247,57
28.55494,-85.85276,2026-09-11 00:25:34.427894016,13,8068,240,44
30.978371,-82.180858,2026-09-11 00:25:34.519899136,13,10480,174,27
31.154766,-81.979248,2026-09-11 00:25:34.519984384,13,12183,231,14
30.768926,-110.848941,2026-09-11 00:25:35.979347200,13,12585,212,26
30.771173,-110.876575,2026-09-11 00:25:36.55041792,13,14685,120,22
28.924951,-82.080969,2026-09-11 00:25:38.62705920,13,7704,249,53
28.74958,-82.071793,2026-09-11 00:25:38.62696960,13,6341,246,47
28.664631,-82.155918,2026-09-11 00:25:38.139326464,13,10041,150,47
28.752803,-82.09165,2026-09-11 00:25:38.426737152,13,6619,158,43
28.864371,-82.132361,2026-09-11 00:25:38.426818048,13,9475,245,30
26.8805,-107.587097,2026-09-11 00:25:39.392227072,13,13254,243,30
20.189498,-72.216874,2026-09-11 00:25:39.654294016,13,6775,173,17
36.406518,-88.024635,2026-09-11 00:25:41.289232384,13,10689,64,65
36.430192,-88.053917,2026-09-11 00:25:41.289238272,13,9626,160,53
36.419703,-88.236427,2026-09-11 00:25:41.289251328,13,9288,210,40
36.411446,-88.043062,2026-09-11 00:25:41.330583808,13,10208,81,41
36.473148,-88.220704,2026-09-11 00:25:41.330613248,13,10439,171,39
36.37966,-88.075162,2026-09-11 00:25:41.397536256,13,12926,92,40
36.452899,-88.233168,2026-09-11 00:25:41.397564160,13,13877,117,43
36.43275,-88.027153,2026-09-11 00:25:41.464483840,13,4743,163,72
36.414985,-88.022912,2026-09-11 00:25:41.464481792,13,7824,112,58
36.408216,-88.237959,2026-09-11 00:25:41.464491008,13,13961,210,44
36.41288,-88.02934,2026-09-11 00:25:41.700475648,13,2665,91,68
36.409655,-88.018666,2026-09-11 00:25:41.700480000,13,5561,120,54
36.453529,-88.197448,2026-09-11 00:25:41.700511744,13,13521,116,38
36.40925,-87.888119,2026-09-11 00:25:41.772706048,13,5456,221,23
36.402774,-88.027809,2026-09-11 00:25:42.155435008,13,8346,86,26
30.600222,-111.93738,2026-09-11 00:25:44.17016832,13,11234,221,46
30.562109,-111.952149,2026-09-11 00:25:44.17047552,13,8236,237,50
34.607159,-102.830809,2026-09-11 00:25:45.920311808,13,14635,183,23
36.418471,-85.872002,2026-09-11 00:25:46.507258624,13,11298,187,38
36.397162,-85.859336,2026-09-11 00:25:46.507258112,13,12179,92,33
36.364006,-85.904287,2026-09-11 00:25:46.507285760,13,11700,228,20
35.529379,-90.104637,2026-09-11 00:25:46.855814912,13,12130,102,59
29.200462,-85.789414,2026-09-11 00:25:47.165639424,13,11957,224,47
34.861757,-101.406922,2026-09-11 00:25:47.712492800,13,11594,128,49
34.931302,-101.409909,2026-09-11 00:25:47.712551168,13,5806,189,33
34.87655,-101.406951,2026-09-11 00:25:47.804052224,13,10489,140,25
34.821423,-101.363426,2026-09-11 00:25:48.41959424,13,3851,241,50
34.940348,-101.408406,2026-09-11 00:25:48.41984768,13,7330,189,38
28.617641,-108.64868,2026-09-11 00:25:48.662017280,13,10178,228,71
36.418058,-85.966098,2026-09-11 00:25:48.768422912,13,9854,176,22
36.363656,-87.959305,2026-09-11 00:25:48.811246336,13,13421,81,24
31.074256,-81.975823,2026-09-11 00:25:49.867192320,13,14104,120,30
37.885467,-38.271994,2026-09-11 00:25:50.255822336,13,5500,203,49
17.491526,-93.300633,2026-09-11 00:25:51.865412608,13,8844,251,39
30.975931,-81.927009,2026-09-11 00:25:53.79697152,13,9703,119,75
40.845051,-35.182886,2026-09-11 00:25:53.244227328,13,7821,169,36
36.658538,-90.942133,2026-09-11 00:25:53.882493184,13,4085,115,45
36.717845,-90.950856,2026-09-11 00:25:53.882563072,13,8279,217,28
30.740852,-82.043745,2026-09-11 00:25:55.505152000,13,9056,156,51
30.782807,-82.049379,2026-09-11 00:25:55.505222912,13,13347,190,35
28.126181,-82.546609,2026-09-11 00:25:55.825699840,13,9661,146,56
34.675478,-101.811717,2026-09-11 00:25:57.381991680,13,14819,122,36
22.641127,-100.22615,2026-09-11 00:25:57.429542912,13,11360,236,42
29.07958,-86.017296,2026-09-11 00:25:58.148185600,13,11229,158,56
31.063985,-81.984829,2026-09-11 00:25:58.722680576,13,5929,229,50
31.111823,-82.00945,2026-09-11 00:25:58.722741248,13,8571,232,40
30.245076,-81.66007,2026-09-11 00:25:58.887209472,13,10050,240,34
26.908882,-61.859929,2026-09-11 00:26:00.185389312,13,5463,254,25
31.003964,-81.99534,2026-09-11 00:26:00.513221888,13,13833,142,47
31.010529,-82.017796,2026-09-11 00:26:00.513284864,13,5725,231,58
34.083998,-102.176833,2026-09-11 00:26:00.644578304,13,10609,257,20
35.224461,-93.071077,2026-09-11 00:26:00.679777536,13,8645,157,20
26.168805,-111.95933,2026-09-11 00:26:00.784000000,13,5348,254,69
20.570143,-100.456157,2026-09-11 00:26:01.260862464,13,8557,247,33
30.644578,-82.011509,2026-09-11 00:26:01.605999360,13,8138,124,25
30.718606,-82.012699,2026-09-11 00:26:01.727302912,13,4520,261,32
30.74377,-81.974492,2026-09-11 00:26:02.296923392,13,11638,236,39
30.780046,-81.999719,2026-09-11 00:26:02.296925696,13,4684,234,32
36.386868,-88.1174,2026-09-11 00:26:02.870244864,13,9069,163,33
36.368052,-87.985179,2026-09-11 00:26:02.922647552,13,9071,81,35
36.362871,-88.078163,2026-09-11 00:26:02.922681088,13,10023,119,45
20.170419,-86.327007,2026-09-11 00:26:04.510846464,13,3870,242,37
28.771828,-82.096053,2026-09-11 00:26:10.502581504,13,6593,186,91
28.955446,-82.082926,2026-09-11 00:26:10.502650624,13,3836,252,73
28.769166,-82.032096,2026-09-11 00:26:10.641480960,13,10891,147,51
28.654371,-81.903873,2026-09-11 00:26:11.495962112,13,7965,204,24
28.717115,-81.791683,2026-09-11 00:26:11.559259136,13,7859,141,22
28.544943,-81.952478,2026-09-11 00:26:11.627046400,13,10319,226,23
30.894643,-110.810452,2026-09-11 00:26:12.355937792,13,10860,209,51
30.80824,-110.789847,2026-09-11 00:26:12.355941888,13,9655,219,40
30.543637,-111.146028,2026-09-11 00:26:14.503315712,13,8361,222,20
30.620002,-81.989699,2026-09-11 00:26:14.600348928,13,13842,119,32
30.009596,-81.866155,2026-09-11 00:26:14.740029696,13,6049,119,32
30.065574,-81.902266,2026-09-11 00:26:14.740092160,13,4599,245,31
31.830949,-86.847759,2026-09-11 00:26:17.241927424,13,13140,140,24
30.671553,-82.271483,2026-09-11 00:26:17.650725120,13,9064,187,29
31.002601,-81.998361,2026-09-11 00:26:18.418272256,13,14159,110,68
31.080995,-82.02327,2026-09-11 00:26:18.418299392,13,5221,238,62
30.955104,-82.222571,2026-09-11 00:26:18.690137600,13,11447,161,20
30.924983,-82.063169,2026-09-11 00:26:19.57663744,13,12447,118,25
20.608292,-77.285118,2026-09-11 00:26:19.503879936,13,7347,172,42
30.826486,-99.634016,2026-09-11 00:26:21.304311296,13,11156,218,24
31.104058,-99.556637,2026-09-11 00:26:21.365859328,13,10987,239,40
30.832698,-99.550327,2026-09-11 00:26:21.460198144,13,7928,219,39
23.437872,-100.334881,2026-09-11 00:26:22.587097344,13,8876,241,28
20.809682,-84.186861,2026-09-11 00:26:24.69488640,13,7131,244,81
21.919277,-100.515675,2026-09-11 00:26:24.477373696,13,7498,250,47
30.728935,-82.021876,2026-09-11 00:26:25.221299200,13,9850,110,67
30.766846,-82.044752,2026-09-11 00:26:25.221368320,13,10614,191,45
30.683961,-82.020428,2026-09-11 00:26:25.311419392,13,6227,140,66
30.734027,-82.049986,2026-09-11 00:26:25.311479552,13,11705,192,39
30.689996,-82.025071,2026-09-11 00:26:25.376099584,13,6282,140,51
22.452797,-81.273804,2026-09-11 00:26:25.841844480,13,6617,249,54
36.335064,-87.971076,2026-09-11 00:26:27.62855936,13,13894,78,37
29.533361,-81.933423,2026-09-11 00:26:27.431992576,13,4848,155,57
29.571023,-81.950766,2026-09-11 00:26:27.432055808,13,11564,201,51
29.530449,-81.934141,2026-09-11 00:26:27.455439872,13,9508,117,37
29.593864,-81.963798,2026-09-11 00:26:27.455509504,13,5195,241,18
35.996047,-31.531374,2026-09-11 00:26:28.571825664,13,14361,224,38
25.170983,-106.298267,2026-09-11 00:26:28.808345344,13,14555,257,28
19.460203,-86.763025,2026-09-11 00:26:29.691675136,13,8351,219,40
31.103873,-82.039841,2026-09-11 00:26:29.973409792,13,11826,244,30
29.25841,-82.108223,2026-09-11 00:26:30.566296320,13,7217,241,31
30.584247,-82.04139,2026-09-11 00:26:30.892786176,13,7365,141,48
30.627921,-82.066602,2026-09-11 00:26:30.892847872,13,6326,242,33
30.496227,-110.349626,2026-09-11 00:26:31.956420608,13,10989,221,40
27.182507,-61.985289,2026-09-11 00:26:32.532695040,13,13757,243,22
31.00222,-82.016552,2026-09-11 00:26:34.296658432,13,9762,110,99
31.054035,-82.036451,2026-09-11 00:26:34.296675584,13,8431,236,77
31.049251,-82.023276,2026-09-11 00:26:34.296676864,13,7916,232,60
30.993105,-82.0353,2026-09-11 00:26:34.498231552,13,9106,128,51
31.020354,-82.019875,2026-09-11 00:26:34.498239488,13,7553,234,88
31.020073,-82.033886,2026-09-11 00:26:34.675890688,13,3504,230,64
30.928774,-82.097328,2026-09-11 00:26:34.762325504,13,11574,179,26
30.992021,-82.017216,2026-09-11 00:26:34.893025536,13,9771,110,79
31.00159,-82.010579,2026-09-11 00:26:35.246367488,13,11246,119,37
30.663582,-82.084662,2026-09-11 00:26:35.711629312,13,8404,125,24
30.66325,-82.094524,2026-09-11 00:26:35.920898816,13,9969,116,23
30.668844,-82.230514,2026-09-11 00:26:36.108421376,13,10140,181,29
27.448035,-112.651725,2026-09-11 00:26:36.503636736,13,6754,249,36
28.322582,-108.972036,2026-09-11 00:26:40.276680704,13,7828,235,26
28.321109,-108.977364,2026-09-11 00:26:40.382106880,13,10602,232,16
30.512795,-82.114255,2026-09-11 00:26:41.864493824,13,9300,125,26
25.638077,-86.454692,2026-09-11 00:26:42.768110592,13,4123,258,120
25.607172,-86.459603,2026-09-11 00:26:42.768107520,13,6588,258,104
36.410709,-88.038273,2026-09-11 00:26:43.85447168,13,7407,79,34
36.390603,-88.056824,2026-09-11 00:26:43.443468032,13,13848,80,39
29.42524,-81.192877,2026-09-11 00:26:43.912365824,13,14046,244,20
36.354507,-87.837955,2026-09-11 00:26:45.243781632,13,13413,116,17
36.367445,-85.927314,2026-09-11 00:26:45.426777088,13,11499,180,24
41.789938,-34.575269,2026-09-11 00:26:45.556025088,13,6808,180,60
32.784477,-108.66469,2026-09-11 00:26:46.554250496,13,11638,192,23
32.839397,-108.701594,2026-09-11 00:26:46.680503808,13,11125,145,21
30.42795,-111.736946,2026-09-11 00:26:48.100390400,13,11364,233,69
30.470748,-111.656416,2026-09-11 00:26:48.100431360,13,12231,255,73
31.087143,-82.000271,2026-09-11 00:26:49.789007616,13,5567,259,26
20.387194,-86.265673,2026-09-11 00:26:51.295602176,13,12914,244,90
20.488419,-86.448528,2026-09-11 00:26:51.480274432,13,14366,238,74
30.680925,-82.074716,2026-09-11 00:26:51.738530560,13,5987,234,76
30.510029,-82.049474,2026-09-11 00:26:51.738530304,13,9046,237,64
30.549611,-82.078047,2026-09-11 00:26:51.738539520,13,3135,238,49
28.678524,-81.948639,2026-09-11 00:26:51.843999744,13,12611,130,33
30.57236,-82.283042,2026-09-11 00:26:52.145356032,13,11362,172,28
36.334726,-85.860927,2026-09-11 00:26:54.424451072,13,11915,73,17
31.183292,-90.595035,2026-09-11 00:26:55.526161408,13,3795,209,55
31.369325,-90.678644,2026-09-11 00:26:55.526204928,13,13126,227,45
31.001063,-82.044635,2026-09-11 00:26:55.532171264,13,3966,230,46
31.001627,-82.030192,2026-09-11 00:26:55.532227072,13,9053,234,46
30.980222,-82.083996,2026-09-11 00:26:55.532205568,13,8283,232,34
30.943126,-82.25768,2026-09-11 00:26:55.581984512,13,11645,165,25
31.190024,-82.205299,2026-09-11 00:26:55.613924096,13,11387,242,28
31.03698,-82.043745,2026-09-11 00:26:55.736493568,13,2675,244,64
31.010109,-82.052059,2026-09-11 00:26:55.736537856,13,6655,234,48
31.055066,-82.071219,2026-09-11 00:26:55.736538624,13,9606,190,35
30.860008,-110.78051,2026-09-11 00:26:56.484518912,13,5160,219,36
30.787576,-110.866305,2026-09-11 00:26:56.553365504,13,12898,120,31
30.862729,-110.81548,2026-09-11 00:26:56.829206784,13,3842,201,37
29.356702,-85.097185,2026-09-11 00:26:57.549572608,13,2555,235,74
29.279309,-85.159053,2026-09-11 00:26:57.549585664,13,5065,238,33
29.986317,-92.837157,2026-09-11 00:26:59.31158016,13,8333,210,91
29.817857,-92.739162,2026-09-11 00:26:59.169189632,13,8352,230,23
36.41936,-85.919709,2026-09-11 00:26:59.812032256,13,5400,108,98
36.456103,-85.940483,2026-09-11 00:26:59.812042240,13,7116,192,86
36.437397,-85.948345,2026-09-11 00:26:59.812041984,13,11265,174,72
36.475526,-86.088922,2026-09-11 00:26:59.812081920,13,12547,176,54
36.406423,-85.973968,2026-09-11 00:27:00.127374336,13,14460,92,37
30.705737,-82.035794,2026-09-11 00:27:00.622525952,13,8703,110,73
30.662979,-82.058485,2026-09-11 00:27:00.622559744,13,8780,236,56
30.568052,-111.092764,2026-09-11 00:27:01.511658752,13,6262,218,28
30.903023,-112.097958,2026-09-11 00:27:02.894825216,13,10181,223,39
31.068059,-112.024666,2026-09-11 00:27:03.446762240,13,10612,222,32
30.844085,-112.12252,2026-09-11 00:27:03.446737408,13,9198,224,27
30.798275,-82.01339,2026-09-11 00:27:03.818272256,13,10828,134,48
30.892695,-82.055938,2026-09-11 00:27:03.818299392,13,7106,234,82
30.793084,-82.051947,2026-09-11 00:27:03.931489024,13,6498,155,61
30.849334,-82.027177,2026-09-11 00:27:03.931508480,13,11465,244,47
30.72961,-82.092702,2026-09-11 00:27:04.78871296,13,12232,117,25
20.209875,-72.237584,2026-09-11 00:27:04.625872896,13,6461,191,21
22.9489,-100.742477,2026-09-11 00:27:07.25343744,13,12994,237,28
29.155316,-85.789234,2026-09-11 00:27:07.410453248,13,5476,163,112
29.216885,-85.809034,2026-09-11 00:27:07.410469120,13,8074,234,97
29.223943,-85.811739,2026-09-11 00:27:07.410472704,13,10695,197,83
29.239156,-85.830859,2026-09-11 00:27:07.469368832,13,8138,234,70
33.890874,-101.021169,2026-09-11 00:27:07.661289728,13,9551,133,33
28.680832,-82.176935,2026-09-11 00:27:07.724559616,13,8976,161,30
22.610773,-83.226345,2026-09-11 00:27:09.284257024,13,8879,248,62
22.472163,-83.241915,2026-09-11 00:27:09.284209920,13,5846,226,38
36.381061,-87.982949,2026-09-11 00:27:09.306069760,13,9687,101,26
36.354616,-87.933269,2026-09-11 00:27:09.623037184,13,5389,100,24
23.443064,-100.364695,2026-09-11 00:27:09.840210688,13,7975,226,44
35.483356,-90.082521,2026-09-11 00:27:09.889053184,13,9461,86,30
35.574175,-90.100534,2026-09-11 00:27:09.889125632,13,13114,226,30
29.370232,-81.957452,2026-09-11 00:27:10.28365824,13,8394,159,59
30.590792,-102.489567,2026-09-11 00:27:11.553244928,13,7936,161,37
34.569236,-102.199719,2026-09-11 00:27:14.256450560,13,10062,120,26
28.537313,-85.862186,2026-09-11 00:27:16.91609344,13,6269,240,24
31.10878,-115.473009,2026-09-11 00:27:16.870776576,13,11905,234,29
25.007997,-81.999652,2026-09-11 00:27:17.23545856,13,3785,266,37
27.067153,-107.771574,2026-09-11 00:27:17.903667456,13,7845,241,31
41.831426,-34.715742,2026-09-11 00:27:19.610775296,13,9849,207,25
25.584287,-102.075258,2026-09-11 00:27:20.645613568,13,8379,256,38
28.769287,-82.115152,2026-09-11 00:27:21.918966784,13,5099,183,58
28.852524,-82.101698,2026-09-11 00:27:22.782768640,13,7696,249,20
20.196414,-72.157662,2026-09-11 00:27:22.985509888,13,6595,182,59
36.405946,-88.053566,2026-09-11 00:27:23.297683712,13,9711,72,33
36.39969,-88.049433,2026-09-11 00:27:23.363322112,13,13549,65,55
36.48214,-88.08395,2026-09-11 00:27:23.363398656,13,6285,252,34
30.970151,-82.005512,2026-09-11 00:27:23.647703296,13,12341,123,38
31.090701,-82.002317,2026-09-11 00:27:23.647739648,13,9372,232,25
40.89175,-35.331888,2026-09-11 00:27:24.424831232,13,13183,209,34
27.993592,-103.775634,2026-09-11 00:27:24.459272192,13,12523,238,37
34.811615,-101.467776,2026-09-11 00:27:25.927927040,13,11864,118,38
34.837558,-101.489032,2026-09-11 00:27:25.927973120,13,5973,251,23
34.808537,-101.462782,2026-09-11 00:27:26.253034752,13,8970,118,33
34.888545,-101.460292,2026-09-11 00:27:26.253092352,13,6414,254,17
34.734371,-101.521321,2026-09-11 00:27:26.332487168,13,14298,143,19
31.385787,-103.575818,2026-09-11 00:27:27.323622656,13,7592,239,23
36.413967,-86.009181,2026-09-11 00:27:29.855331072,13,5051,116,62
36.440012,-86.050391,2026-09-11 00:27:29.855341568,13,9420,167,48
36.418824,-86.045076,2026-09-11 00:27:30.93547264,13,8020,158,66
36.424453,-86.031822,2026-09-11 00:27:30.93552640,13,8075,125,53
31.023363,-82.021498,2026-09-11 00:27:32.581334784,13,14012,117,86
31.081368,-82.03645,2026-09-11 00:27:32.581354496,13,10227,234,66
31.0945,-82.083709,2026-09-11 00:27:32.581404928,13,5820,235,52
31.023308,-82.038271,2026-09-11 00:27:32.702374912,13,7660,116,69
31.044746,-82.04599,2026-09-11 00:27:32.702437888,13,7002,235,50
20.307848,-86.267193,2026-09-11 00:27:34.40370432,13,11991,237,70
34.819207,-101.47679,2026-09-11 00:27:34.184207360,13,9539,164,25
26.15529,-111.953597,2026-09-11 00:27:35.706420992,13,9616,255,44
26.077902,-111.997465,2026-09-11 00:27:35.706404352,13,9919,266,27
30.664756,-82.003403,2026-09-11 00:27:35.815757312,13,7026,119,54
30.693369,-82.01316,2026-09-11 00:27:35.815825408,13,3985,238,36
30.800197,-102.761758,2026-09-11 00:27:36.679648512,13,6279,186,33
30.897144,-102.752157,2026-09-11 00:27:36.679712256,13,7006,221,36
30.724897,-102.751774,2026-09-11 00:27:36.768494080,13,9076,208,24
30.735886,-111.088985,2026-09-11 00:27:37.50473472,13,13366,215,34
22.03078,-100.522285,2026-09-11 00:27:38.513987072,13,11724,240,75
20.999648,-103.772975,2026-09-11 00:27:40.371106048,13,10658,265,38
19.26364,-72.794693,2026-09-11 00:27:40.443373824,13,14261,175,41
31.074548,-81.976146,2026-09-11 00:27:40.655047936,13,7281,151,49
18.382289,-75.120644,2026-09-11 00:27:40.716437504,13,7057,188,42
30.676747,-81.979621,2026-09-11 00:27:41.583038208,13,9126,156,66
30.730288,-81.997082,2026-09-11 00:27:41.583111680,13,6623,192,54
24.458296,-105.232372,2026-09-11 00:27:43.687486976,13,6191,250,49
36.419262,-85.843295,2026-09-11 00:27:44.619226368,13,14313,70,24
41.106398,-35.333508,2026-09-11 00:27:45.299540736,13,12283,193,30
30.403026,-111.179202,2026-09-11 00:27:46.629460992,13,11609,219,23
30.638309,-82.046041,2026-09-11 00:27:47.715863552,13,6771,146,83
30.525679,-82.034845,2026-09-11 00:27:47.715879168,13,10268,240,78
30.577901,-82.069852,2026-09-11 00:27:47.715894016,13,7397,235,66
30.692645,-82.038927,2026-09-11 00:27:48.196346368,13,4423,248,46
30.684897,-82.067726,2026-09-11 00:27:48.196395776,13,9624,191,34
36.443982,-85.96998,2026-09-11 00:27:48.847491584,13,11150,86,80
36.483859,-85.971939,2026-09-11 00:27:48.847504640,13,7301,198,93
36.463426,-85.971477,2026-09-11 00:27:48.847502080,13,7233,167,79
36.461283,-86.090609,2026-09-11 00:27:48.847521792,13,11470,91,64
36.386602,-86.181216,2026-09-11 00:27:48.847494912,13,12084,253,47
28.734823,-110.544617,2026-09-11 00:27:49.43815936,13,11735,233,26
28.818065,-81.992368,2026-09-11 00:27:49.161820160,13,8628,250,30
26.874658,-107.761146,2026-09-11 00:27:51.601193472,13,11205,243,33
30.860257,-115.397089,2026-09-11 00:27:51.842567936,13,12387,236,32
35.249259,-93.031376,2026-09-11 00:27:52.283646208,13,13056,113,25
30.974662,-82.00671,2026-09-11 00:27:52.942049024,13,7221,142,67
31.018336,-81.990601,2026-09-11 00:27:52.942070272,13,10486,237,80
30.965402,-82.057982,2026-09-11 00:27:52.942086144,13,9841,187,66
30.963811,-81.991608,2026-09-11 00:27:53.18411264,13,5439,119,81
30.996774,-81.986669,2026-09-11 00:27:53.91355648,13,12643,119,84
31.010367,-82.015244,2026-09-11 00:27:53.91417088,13,5331,229,36
31.009986,-81.972996,2026-09-11 00:27:53.261187072,13,7118,157,31
31.054716,-81.981883,2026-09-11 00:27:53.261253888,13,4353,239,18
30.791179,-99.690582,2026-09-11 00:27:53.486826240,13,9231,235,35
29.540588,-82.210239,2026-09-11 00:27:54.681524992,13,5082,171,95
36.583783,-91.114485,2026-09-11 00:27:54.952930304,13,6412,150,48
28.771399,-82.119097,2026-09-11 00:27:55.204331008,13,7792,186,56
29.068528,-82.395986,2026-09-11 00:27:55.204460288,13,10763,253,73
28.860574,-82.156408,2026-09-11 00:27:55.437764608,13,8265,245,25
20.972288,-84.334258,2026-09-11 00:27:57.37001472,13,8426,232,65
36.359927,-85.889047,2026-09-11 00:27:57.729646848,13,7365,120,53
36.347606,-85.92993,2026-09-11 00:27:57.729651456,13,14225,86,35
36.438461,-86.027005,2026-09-11 00:27:57.729709568,13,13057,243,21
22.564838,-101.35222,2026-09-11 00:27:58.639006208,13,11034,253,43
29.435468,-81.868534,2026-09-11 00:27:59.170486016,13,9182,121,50
29.534401,-81.928168,2026-09-11 00:27:59.170520064,13,9844,202,52
29.54237,-81.943541,2026-09-11 00:27:59.170513152,13,5214,222,42
31.00861,-82.02836,2026-09-11 00:28:00.164780800,13,6734,119,47
30.866834,-82.05393,2026-09-11 00:28:00.164787968,13,10682,245,27
40.838371,-35.325363,2026-09-11 00:28:00.627062016,13,11593,176,26
29.990271,-81.672704,2026-09-11 00:28:00.780701184,13,13252,118,108
29.878592,-81.683973,2026-09-11 00:28:00.780718336,13,7898,243,84
37.413654,-77.527482,2026-09-11 00:28:01.148995840,13,11642,197,47
26.929092,-107.287369,2026-09-11 00:28:01.226225152,13,9802,250,31
37.396391,-77.501875,2026-09-11 00:28:01.304073728,13,3647,245,44
37.42927,-77.533875,2026-09-11 00:28:01.304084736,13,6818,197,49
37.905278,-38.246109,2026-09-11 00:28:01.883782656,13,10355,181,66
30.947832,-82.179681,2026-09-11 00:28:02.309336576,13,6623,238,46
30.712887,-82.0362,2026-09-11 00:28:02.309289216,13,5930,191,28
29.083854,-81.895181,2026-09-11 00:28:02.905996800,13,5501,244,29
31.08336,-81.980321,2026-09-11 00:28:03.723803392,13,7339,151,42
31.025377,-82.052309,2026-09-11 00:28:03.723835136,13,3757,244,27
36.409118,-85.954543,2026-09-11 00:28:04.238762240,13,10374,112,76
36.424168,-85.953804,2026-09-11 00:28:04.238772480,13,6934,167,64
36.400872,-86.044426,2026-09-11 00:28:04.238794752,13,11200,93,51
36.404673,-85.913933,2026-09-11 00:28:04.391695104,13,5547,158,82
36.485991,-85.953458,2026-09-11 00:28:04.391717376,13,9498,142,70
36.402691,-86.047861,2026-09-11 00:28:04.391731712,13,9126,91,36
36.446383,-85.94554,2026-09-11 00:28:04.730113280,13,8945,227,51
36.47673,-85.938942,2026-09-11 00:28:04.730124544,13,13704,90,65
23.045641,-100.635046,2026-09-11 00:28:05.268674560,13,5727,265,58
36.345617,-87.937107,2026-09-11 00:28:05.333278720,13,8979,149,32
30.517779,-81.903423,2026-09-11 00:28:05.747985920,13,5049,262,24
28.245523,-108.870971,2026-09-11 00:28:06.106452992,13,8460,232,88
28.283727,-108.8009,2026-09-11 00:28:06.106481920,13,13231,179,86
30.920263,-112.189489,2026-09-11 00:28:07.750981376,13,8900,217,31
44.867695,-32.807196,2026-09-11 00:28:09.456548096,13,13012,127,35
30.972893,-82.181678,2026-09-11 00:28:10.816800768,13,5250,236,42
22.852992,-100.724716,2026-09-11 00:28:10.923128320,13,8985,239,41
28.798112,-82.122929,2026-09-11 00:28:11.900088064,13,6854,180,55
28.849789,-82.136176,2026-09-11 00:28:11.900152832,13,6232,207,41
31.036544,-81.977473,2026-09-11 00:28:14.285820160,13,12818,130,39
31.073446,-81.974683,2026-09-11 00:28:14.285839360,13,7974,237,89
31.009939,-82.022413,2026-09-11 00:28:14.291099904,13,6219,131,77
31.069259,-82.043445,2026-09-11 00:28:14.291114496,13,7790,244,100
31.06131,-82.04068,2026-09-11 00:28:14.291113984,13,8864,234,87
31.054934,-82.031252,2026-09-11 00:28:14.291113472,13,8246,230,78
31.333359,-81.894981,2026-09-11 00:28:14.291231232,13,14313,251,57
27.412372,-112.676443,2026-09-11 00:28:16.12352768,13,9501,250,29
33.955262,-100.925937,2026-09-11 00:28:17.159668736,13,6424,256,24
33.834509,-100.933534,2026-09-11 00:28:17.787973888,13,8440,127,24
21.548744,-101.358794,2026-09-11 00:28:19.5760256,13,11381,264,53
34.86536,-101.393223,2026-09-11 00:28:19.461857792,13,9997,117,41
34.918861,-101.416161,2026-09-11 00:28:19.461900032,13,4257,268,34
34.863545,-101.397388,2026-09-11 00:28:19.514734848,13,9479,117,33
34.894165,-101.465973,2026-09-11 00:28:19.599097088,13,9926,201,24
34.937246,-101.39087,2026-09-11 00:28:19.599128832,13,6155,253,18
28.780131,-82.087783,2026-09-11 00:28:20.61813504,13,7251,157,83
28.857504,-82.126898,2026-09-11 00:28:20.61888768,13,7894,249,65
31.088875,-82.184817,2026-09-11 00:28:20.371867648,13,7787,231,31
30.823291,-82.029822,2026-09-11 00:28:20.371818496,13,12106,233,18
31.11508,-81.930616,2026-09-11 00:28:23.255854848,13,7108,197,25
30.896589,-81.986589,2026-09-11 00:28:23.509644032,13,7515,187,23
34.087968,-101.659334,2026-09-11 00:28:25.402678016,13,11686,129,32
33.873486,-100.85187,2026-09-11 00:28:25.451094784,13,11724,99,28
33.873525,-100.948139,2026-09-11 00:28:25.451122688,13,12952,163,33
35.240327,-93.013784,2026-09-11 00:28:25.490699776,13,8595,116,30
35.213127,-93.031599,2026-09-11 00:28:25.490691072,13,3813,267,35
35.673325,-92.916176,2026-09-11 00:28:25.490872576,13,13238,260,23
54.89461,-107.740021,2026-09-11 00:28:26.456656896,13,11696,196,85
30.909789,-110.833252,2026-09-11 00:28:26.495367680,13,11706,209,49
30.844156,-110.804838,2026-09-11 00:28:26.551751936,13,11241,220,26
56.649269,-99.384465,2026-09-11 00:28:27.678266624,13,9229,203,25
30.887187,-82.181597,2026-09-11 00:28:28.456846848,13,7263,233,20
31.318051,-99.151579,2026-09-11 00:28:29.483733248,13,8897,209,37
30.962589,-82.000917,2026-09-11 00:28:30.789216768,13,8104,153,54
31.02397,-82.020042,2026-09-11 00:28:30.789288960,13,10806,188,39
31.078011,-81.933971,2026-09-11 00:28:30.930105600,13,6746,231,45
30.89626,-81.973876,2026-09-11 00:28:30.930094080,13,9203,236,54
31.228938,-82.117173,2026-09-11 00:28:31.22242048,13,6995,239,33
31.025992,-81.989789,2026-09-11 00:28:31.22201856,13,8451,232,21
40.854899,-35.30887,2026-09-11 00:28:31.204808704,13,6051,209,67
36.438778,-85.955303,2026-09-11 00:28:31.432566784,13,12870,104,27
40.816123,-35.178098,2026-09-11 00:28:31.447865088,13,7893,171,64
36.454661,-85.942648,2026-09-11 00:28:31.553336320,13,13655,94,45
36.520664,-85.943832,2026-09-11 00:28:31.553367808,13,10428,90,63
21.037826,-74.846185,2026-09-11 00:28:31.905946112,13,6868,264,50
20.909056,-74.805561,2026-09-11 00:28:32.361585408,13,3871,192,36
20.528013,-77.512802,2026-09-11 00:28:33.67052288,13,8479,176,66
28.740601,-82.085222,2026-09-11 00:28:33.705078528,13,7703,158,91
28.808938,-82.082399,2026-09-11 00:28:33.705101568,13,7260,255,77
28.746484,-82.146974,2026-09-11 00:28:33.705125888,13,7972,208,64
28.808745,-82.121761,2026-09-11 00:28:33.819331840,13,10732,246,17
28.815197,-82.124493,2026-09-11 00:28:33.864365056,13,9478,249,31
34.034396,-101.664396,2026-09-11 00:28:34.222884352,13,7075,101,23
41.867901,-34.707498,2026-09-11 00:28:34.240112384,13,10430,153,26
32.292934,-42.15948,2026-09-11 00:28:34.292252416,13,3846,204,43
19.499193,-86.685201,2026-09-11 00:28:34.526332160,13,5457,228,120
20.937938,-84.195417,2026-09-11 00:28:34.880672256,13,6869,256,29
36.355556,-85.822653,2026-09-11 00:28:36.510867456,13,10430,60,65
36.378876,-85.892113,2026-09-11 00:28:36.510924032,13,12118,91,49
34.652148,-88.455194,2026-09-11 00:28:36.509921280,13,13295,201,34
36.355496,-85.801088,2026-09-11 00:28:36.594893824,13,10874,60,23
34.522957,-101.549285,2026-09-11 00:28:38.693278720,13,7312,168,33
30.839064,-115.39552,2026-09-11 00:28:38.809673472,13,13770,203,28
29.436067,-86.135364,2026-09-11 00:28:39.359425024,13,8818,156,39
29.316562,-86.194735,2026-09-11 00:28:39.853076992,13,3558,233,32
36.382198,-85.846101,2026-09-11 00:28:40.50068224,13,9393,182,28
29.948274,-92.881025,2026-09-11 00:28:41.852768768,13,6081,207,64
24.460224,-80.540255,2026-09-11 00:28:41.861037824,13,14869,237,47
31.097088,-82.039518,2026-09-11 00:28:43.369778176,13,12317,230,41
31.047589,-82.10818,2026-09-11 00:28:43.369795328,13,11832,230,29
34.846088,-101.376298,2026-09-11 00:28:43.433710336,13,8119,117,43
31.007333,-82.041376,2026-09-11 00:28:43.613259776,13,8520,153,53
25.447108,-106.26697,2026-09-11 00:28:43.893524480,13,13212,255,38
30.699737,-82.053787,2026-09-11 00:28:45.414638592,13,2459,263,76
30.897073,-82.198447,2026-09-11 00:28:45.555062272,13,11468,237,25
10.340097,-72.290438,2026-09-11 00:28:46.438831616,13,6889,239,19
29.010783,-82.050999,2026-09-11 00:28:46.605748992,13,12965,176,45
29.195701,-81.89748,2026-09-11 00:28:46.605827584,13,8228,247,33
40.930524,-35.310374,2026-09-11 00:28:46.796928512,13,10187,170,36
30.598747,-102.541488,2026-09-11 00:28:46.969032448,13,14290,189,28
28.561955,-82.304822,2026-09-11 00:28:47.573428992,13,9145,216,18
34.071285,-102.034673,2026-09-11 00:28:47.849330944,13,14162,180,16
30.637259,-82.126781,2026-09-11 00:28:49.550929920,13,5875,193,25
30.180256,-100.237601,2026-09-11 00:28:50.105531648,13,10789,198,32
36.350932,-87.945207,2026-09-11 00:28:50.371330048,13,11467,90,27
32.85937,-108.685378,2026-09-11 00:28:51.664439296,13,12112,123,27
22.533318,-101.419452,2026-09-11 00:28:51.945987840,13,4772,238,57
36.368103,-85.985508,2026-09-11 00:28:52.184120576,13,4344,168,56
36.454115,-86.007828,2026-09-11 00:28:52.184147968,13,13885,160,41
36.363038,-86.024462,2026-09-11 00:28:52.257104128,13,9091,122,28
36.403663,-86.018965,2026-09-11 00:28:52.427752192,13,8667,166,61
36.453873,-86.006593,2026-09-11 00:28:52.427765760,13,9304,95,60
30.913756,-81.933247,2026-09-11 00:28:52.609404160,13,14617,123,27
31.068797,-82.02864,2026-09-11 00:28:52.609431296,13,4521,236,26
28.705498,-82.177938,2026-09-11 00:28:53.747288064,13,11007,150,22
35.861939,-88.406695,2026-09-11 00:28:56.567117056,13,13686,203,28
35.968239,-88.140763,2026-09-11 00:28:56.574292224,13,11318,79,94
35.975269,-88.143317,2026-09-11 00:28:56.574295296,13,9820,126,81
36.022283,-88.139843,2026-09-11 00:28:56.574317824,13,4267,196,64
30.641774,-81.92938,2026-09-11 00:28:56.806863104,13,7841,160,50
30.70216,-81.936407,2026-09-11 00:28:56.806929664,13,5527,191,35
27.338079,-108.460187,2026-09-11 00:28:56.863311872,13,9676,240,28
30.692994,-81.932594,2026-09-11 00:28:57.70102016,13,6633,234,35
30.713583,-81.955847,2026-09-11 00:28:57.70110464,13,3397,234,22
30.929963,-82.08224,2026-09-11 00:28:57.181418496,13,7379,238,39
30.703344,-81.938968,2026-09-11 00:28:57.181370624,13,7588,234,17
21.551008,-101.328587,2026-09-11 00:28:57.345894912,13,8468,253,69
26.847889,-111.912439,2026-09-11 00:28:57.491400704,13,12837,251,30
24.996723,-104.935626,2026-09-11 00:28:58.784574976,13,7448,267,105
25.104561,-104.929687,2026-09-11 00:28:58.858746368,13,10087,233,28
36.383053,-88.020736,2026-09-11 00:28:59.815809792,13,13332,80,47
36.384634,-88.126155,2026-09-11 00:28:59.815845632,13,9192,163,28
25.030977,-82.119756,2026-09-11 00:29:00.734989056,13,5932,269,22
31.349013,-82.121294,2026-09-11 00:29:00.911380480,13,13725,246,27
30.815828,-112.068221,2026-09-11 00:29:01.355741440,13,12297,207,37
21.145887,-103.779592,2026-09-11 00:29:02.881982464,13,9953,247,41
31.101227,-81.951985,2026-09-11 00:29:02.982368512,13,4657,232,22
27.67044,-113.239824,2026-09-11 00:29:03.875467520,13,14460,212,38
25.568737,-86.395451,2026-09-11 00:29:05.121999616,13,6416,221,60
30.903735,-82.221977,2026-09-11 00:29:05.664552704,13,14594,249,26
26.096961,-111.938061,2026-09-11 00:29:05.762512384,13,13547,208,26
22.626308,-102.313778,2026-09-11 00:29:06.787724800,13,6483,242,48
28.782033,-82.141931,2026-09-11 00:29:07.940965632,13,6344,180,70
28.642232,-82.116978,2026-09-11 00:29:07.940972032,13,8006,254,68
29.020325,-82.308579,2026-09-11 00:29:08.332667904,13,11334,261,36
27.42887,-108.37455,2026-09-11 00:29:09.152483072,13,3852,247,33
40.843808,-35.168977,2026-09-11 00:29:09.372237568,13,5873,171,50
40.841879,-35.170409,2026-09-11 00:29:09.439218688,13,9157,169,31
36.356602,-85.778499,2026-09-11 00:29:10.689840896,13,14202,113,37
36.375966,-85.975047,2026-09-11 00:29:10.689872896,13,4939,172,24
35.228078,-93.030464,2026-09-11 00:29:10.988128512,13,10225,96,56
35.212763,-93.300636,2026-09-11 00:29:10.988095232,13,12732,245,58
35.267859,-93.003431,2026-09-11 00:29:11.40986368,13,8347,107,47
28.754747,-82.097622,2026-09-11 00:29:11.345061120,13,5141,250,67
28.786799,-82.160449,2026-09-11 00:29:11.685404672,13,5802,246,26
30.876991,-82.149343,2026-09-11 00:29:11.731080960,13,7078,236,32
30.664356,-82.020911,2026-09-11 00:29:11.731031296,13,3041,238,28
30.629024,-81.999824,2026-09-11 00:29:11.923745280,13,11706,236,25
27.387041,-85.847276,2026-09-11 00:29:12.25767680,13,6648,250,30
27.542391,-107.726988,2026-09-11 00:29:12.538860032,13,10213,175,62
28.738725,-81.910504,2026-09-11 00:29:14.308261120,13,4799,154,85
28.595523,-81.896919,2026-09-11 00:29:14.308262400,13,9390,255,65
28.61117,-81.852832,2026-09-11 00:29:14.579378176,13,7369,155,77
29.031257,-82.164561,2026-09-11 00:29:14.579551232,13,10120,258,64
28.649631,-81.995031,2026-09-11 00:29:14.773747968,13,6165,158,21
34.533689,-101.560819,2026-09-11 00:29:15.35171584,13,11432,122,23
28.652787,-81.972121,2026-09-11 00:29:15.179533824,13,11199,147,30
54.154977,-106.128109,2026-09-11 00:29:15.854073856,13,12367,216,45
28.674326,-82.197133,2026-09-11 00:29:16.351411200,13,9120,174,32
39.224594,14.624711,2026-09-11 00:25:02.798253824,11,7297,199,63
39.689013,12.825077,2026-09-11 00:25:04.522575360,11,5791,246,153
43.7699,15.474015,2026-09-11 00:25:17.235302144,11,3808,104,172
39.421009,14.496344,2026-09-11 00:25:19.266949120,11,5128,210,227
39.485155,14.557608,2026-09-11 00:25:19.545614592,11,3471,214,245
39.53565,14.585073,2026-09-11 00:25:19.545633792,11,2598,233,144
40.454687,12.789849,2026-09-11 00:25:22.504445440,11,6169,246,239
43.802467,15.437658,2026-09-11 00:25:25.565520640,11,11094,197,67
39.865485,12.137891,2026-09-11 00:25:26.690019072,11,3558,224,135
39.301372,14.617987,2026-09-11 00:25:31.744143616,11,10243,122,169
39.333389,14.60444,2026-09-11 00:25:31.744153856,11,3157,237,182
43.880011,15.433779,2026-09-11 00:25:33.203462912,11,10422,255,85
43.784901,15.467198,2026-09-11 00:25:39.33133056,11,5397,81,158
39.129224,14.413536,2026-09-11 00:25:42.611500032,11,11411,230,63
39.167835,14.444741,2026-09-11 00:25:42.611507456,11,8298,266,103
41.476003,12.729003,2026-09-11 00:25:47.464529664,11,14720,190,108
37.212872,7.81195,2026-09-11 00:25:48.477089792,11,3091,265,291
44.309336,16.233241,2026-09-11 00:25:55.810444800,11,6302,102,281
44.323886,16.223752,2026-09-11 00:25:55.810445312,11,5861,155,175
39.20979,14.66497,2026-09-11 00:26:01.737934080,11,7805,215,285
39.223325,14.665558,2026-09-11 00:26:01.737940992,11,5122,236,263
39.182922,14.676458,2026-09-11 00:26:01.990557952,11,9198,200,196
44.015372,15.504945,2026-09-11 00:26:04.659154944,11,8936,223,22
43.774574,15.575115,2026-09-11 00:26:08.182845952,11,3994,144,97
44.21264,15.704517,2026-09-11 00:26:11.510278144,11,6742,119,117
44.222719,15.697109,2026-09-11 00:26:11.510286592,11,6269,168,309
39.386035,14.499241,2026-09-11 00:26:15.979777280,11,10643,207,95
43.776701,15.443519,2026-09-11 00:26:21.107872768,11,8386,185,53
43.775693,15.500891,2026-09-11 00:26:21.107962624,11,13693,177,45
44.035257,15.664654,2026-09-11 00:26:23.796077824,11,7580,151,206
39.555158,14.662174,2026-09-11 00:26:25.944632832,11,5698,241,172
39.554035,14.661185,2026-09-11 00:26:25.944632320,11,5166,219,262
39.015766,14.690066,2026-09-11 00:26:29.694769920,11,5209,234,342
37.146486,4.593807,2026-09-11 00:26:35.1995264,11,5743,251,243
37.092912,4.614944,2026-09-11 00:26:35.1979392,11,5935,265,154
39.212107,14.664119,2026-09-11 00:26:36.965782528,11,12116,241,148
41.833287,-34.667125,2026-09-11 00:26:45.618710016,11,6340,179,79
44.358947,15.815243,2026-09-11 00:26:52.736732928,11,13084,116,224
39.258613,14.645578,2026-09-11 00:26:55.435151616,11,11158,224,72
39.215132,14.659703,2026-09-11 00:26:55.435129856,11,7411,197,146
39.93547,13.251667,2026-09-11 00:26:58.796066816,11,6968,223,200
39.923972,13.262619,2026-09-11 00:26:58.796065024,11,6190,203,220
39.767865,13.670592,2026-09-11 00:26:59.69722880,11,8481,225,253
39.742073,13.666374,2026-09-11 00:26:59.69724416,11,13500,193,331
43.819925,15.497713,2026-09-11 00:27:08.352251904,11,4845,227,269
29.372742,-81.960045,2026-09-11 00:27:10.28360704,11,7356,178,54
45.418957,16.426549,2026-09-11 00:27:12.462900736,11,6209,84,186
44.895671,16.233368,2026-09-11 00:27:12.959048960,11,7375,70,78
39.380577,14.325125,2026-09-11 00:27:15.869447168,11,11580,232,62
43.711902,15.459314,2026-09-11 00:27:24.942558720,11,7108,108,149
43.727695,15.462139,2026-09-11 00:27:24.942568192,11,7339,221,359
43.731426,15.456483,2026-09-11 00:27:24.942566656,11,7493,180,336
43.709562,15.472203,2026-09-11 00:27:24.942563584,11,7703,138,227
39.954715,12.084221,2026-09-11 00:27:28.723095808,11,8355,232,56
39.7919,12.149576,2026-09-11 00:27:28.723094784,11,8514,215,76
44.438739,15.911491,2026-09-11 00:27:32.228744960,11,2995,267,127
39.012199,14.63362,2026-09-11 00:27:33.367899904,11,4384,218,174
39.801675,12.186514,2026-09-11 00:27:37.207165952,11,3281,268,126
43.787996,15.468103,2026-09-11 00:27:40.490624256,11,11065,103,96
43.742778,15.526446,2026-09-11 00:27:40.490614784,11,3349,259,179
43.784175,15.484183,2026-09-11 00:27:40.490633472,11,4179,247,165
37.319779,7.937524,2026-09-11 00:27:46.39486464,11,8095,266,165
39.846245,12.54505,2026-09-11 00:27:58.632079872,11,3724,244,273
39.278539,14.602642,2026-09-11 00:28:05.711622144,11,9487,191,80
39.269861,14.608739,2026-09-11 00:28:05.711619840,11,6769,196,143
39.299296,14.59398,2026-09-11 00:28:05.711630080,11,8990,265,128
39.280471,14.587423,2026-09-11 00:28:06.223076352,11,10531,183,32
38.938566,14.364307,2026-09-11 00:28:14.537180416,11,9249,195,149
39.798293,12.173206,2026-09-11 00:28:22.941874176,11,10128,240,53
39.719576,12.113476,2026-09-11 00:28:22.941829120,11,12747,268,75
39.925295,12.195639,2026-09-11 00:28:22.941885696,11,8526,236,60
40.536453,12.732925,2026-09-11 00:28:25.735866624,11,7364,169,75
40.857133,12.880261,2026-09-11 00:28:25.735997440,11,7782,247,148
40.632852,12.732254,2026-09-11 00:28:25.735957248,11,7605,270,135
39.514683,14.572502,2026-09-11 00:28:28.962402560,11,5295,225,138
36.145549,-31.708296,2026-09-11 00:28:37.317238784,11,6496,241,33
45.053639,16.199521,2026-09-11 00:28:44.369735424,11,11098,100,176
45.063812,16.212433,2026-09-11 00:28:44.369747456,11,7701,166,330
43.774925,15.487678,2026-09-11 00:28:53.368754432,11,8374,107,144
43.764588,15.502357,2026-09-11 00:28:53.368759552,11,7392,99,257
43.797121,15.493704,2026-09-11 00:28:53.368765184,11,6847,190,239
37.52825,7.720104,2026-09-11 00:28:56.93815040,11,7892,268,343
39.183589,14.688061,2026-09-11 00:29:01.91527424,11,8007,181,235
39.367877,14.621924,2026-09-11 00:29:03.994381824,11,6643,213,55
39.363049,14.630376,2026-09-11 00:29:03.994382848,11,8769,222,73
39.743197,14.662879,2026-09-11 00:29:10.42295808,11,4765,131,143
39.240626,14.615432,2026-09-11 00:29:14.443977472,11,4873,224,170
39.2401,14.625547,2026-09-11 00:29:14.443974912,11,7160,208,258
39.207315,14.613451,2026-09-11 00:29:14.848790016,11,9433,145,228
39.224594,14.624711,2026-09-11 00:25:02.798253824,12,7297,199,63
39.689013,12.825077,2026-09-11 00:25:04.522575360,12,5791,246,154
43.763849,15.471443,2026-09-11 00:25:17.235302912,12,7617,105,163
39.429292,14.494414,2026-09-11 00:25:19.266951936,12,8100,213,226
39.498916,14.569608,2026-09-11 00:25:19.545616896,12,4219,214,244
39.536524,14.584908,2026-09-11 00:25:19.545632256,12,2380,233,152
39.295786,14.604261,2026-09-11 00:25:31.744140288,12,9158,122,184
39.325072,14.604014,2026-09-11 00:25:31.744151296,12,2926,241,176
43.880011,15.433779,2026-09-11 00:25:33.203462912,12,10422,255,86
39.129224,14.413536,2026-09-11 00:25:42.611500032,12,11411,230,62
39.167358,14.444709,2026-09-11 00:25:42.611507200,12,8300,266,97
39.062988,14.376849,2026-09-11 00:25:43.697314560,12,8502,204,218
44.309336,16.233241,2026-09-11 00:25:55.810444800,12,6302,102,282
44.324666,16.22451,2026-09-11 00:25:55.810445312,12,6770,155,172
39.20979,14.66497,2026-09-11 00:26:01.737934080,12,7805,215,284
38.76619,14.522715,2026-09-11 00:26:01.737830656,12,10625,256,262
38.729986,14.474354,2026-09-11 00:26:01.737826816,12,14095,265,237
39.024697,14.779554,2026-09-11 00:26:02.944450816,12,9451,255,78
39.096843,14.730143,2026-09-11 00:26:02.944461568,12,8997,198,136
39.1835,14.6696,2026-09-11 00:26:02.944483328,12,12746,265,121
44.015372,15.504945,2026-09-11 00:26:04.659154944,12,8936,223,22
39.75752,12.263924,2026-09-11 00:26:08.408127488,12,9426,244,129
44.213019,15.702587,2026-09-11 00:26:11.510277888,12,5861,119,137
44.234254,15.695898,2026-09-11 00:26:11.510287360,12,8635,172,320
40.083556,12.647315,2026-09-11 00:26:14.938291712,12,5511,241,158
39.38182,14.498928,2026-09-11 00:26:15.979780096,12,11008,207,86
43.74073,15.427736,2026-09-11 00:26:21.107856896,12,14134,106,35
43.771235,15.509582,2026-09-11 00:26:21.107960064,12,8595,177,42
44.035257,15.664654,2026-09-11 00:26:23.796077824,12,7580,151,208
39.555154,14.662173,2026-09-11 00:26:25.944632832,12,5698,241,171
39.554035,14.661185,2026-09-11 00:26:25.944632320,12,5166,219,262
39.013098,14.688555,2026-09-11 00:26:29.694768896,12,4887,228,341
37.148781,4.606092,2026-09-11 00:26:35.1994240,12,3154,249,274
37.143002,4.611233,2026-09-11 00:26:35.1996032,12,4735,253,141
43.776015,15.504469,2026-09-11 00:26:46.537219072,12,12338,103,66
44.358947,15.815243,2026-09-11 00:26:52.736732928,12,13084,116,224
39.258613,14.645578,2026-09-11 00:26:55.435151616,12,11158,224,72
39.215132,14.659703,2026-09-11 00:26:55.435129856,12,7411,197,146
39.94772,13.261577,2026-09-11 00:26:58.796071168,12,5837,223,229
39.94391,13.260046,2026-09-11 00:26:58.796072192,12,4866,235,221
39.767865,13.670592,2026-09-11 00:26:59.69722880,12,8481,225,255
39.742073,13.666374,2026-09-11 00:26:59.69724416,12,13500,193,330
43.801306,15.508426,2026-09-11 00:27:08.352246272,12,7189,144,273
43.800566,15.50856,2026-09-11 00:27:08.424316416,12,6025,101,116
29.372742,-81.960045,2026-09-11 00:27:10.28360704,12,7356,178,54
45.418957,16.426549,2026-09-11 00:27:12.462900736,12,6209,84,185
39.380577,14.325125,2026-09-11 00:27:15.869447168,12,11580,232,63
43.711902,15.459314,2026-09-11 00:27:24.942558720,12,7108,108,151
43.727695,15.462139,2026-09-11 00:27:24.942568192,12,7339,221,358
43.731426,15.456483,2026-09-11 00:27:24.942566656,12,7493,180,335
43.723527,15.466441,2026-09-11 00:27:24.942568960,12,3911,188,218
39.954715,12.084221,2026-09-11 00:27:28.723095808,12,8355,232,54
39.792004,12.149689,2026-09-11 00:27:28.723094784,12,8538,215,76
44.36438,15.930425,2026-09-11 00:27:32.228717824,12,6285,232,94
39.030892,14.639237,2026-09-11 00:27:33.367906048,12,2634,248,171
43.787996,15.468103,2026-09-11 00:27:40.490624256,12,11065,103,96
43.742778,15.526446,2026-09-11 00:27:40.490614784,12,3349,259,179
43.784542,15.484105,2026-09-11 00:27:40.490633728,12,4195,247,165
37.319779,7.937524,2026-09-11 00:27:46.39486464,12,8095,266,170
39.818005,12.567623,2026-09-11 00:27:58.512179968,12,4522,244,252
39.871714,12.548675,2026-09-11 00:27:58.632089344,12,6169,251,129
39.278539,14.602642,2026-09-11 00:28:05.711622144,12,9487,191,79
39.269861,14.608739,2026-09-11 00:28:05.711619840,12,6769,196,143
39.299296,14.59398,2026-09-11 00:28:05.711630080,12,8990,265,128
39.268693,14.625697,2026-09-11 00:28:06.58246400,12,9173,196,49
38.971135,14.329472,2026-09-11 00:28:06.222955008,12,11596,223,42
39.798293,12.173206,2026-09-11 00:28:22.941874176,12,10128,240,53
39.719576,12.113476,2026-09-11 00:28:22.941829120,12,12747,268,75
39.925295,12.195639,2026-09-11 00:28:22.941885696,12,8526,236,60
40.536453,12.732925,2026-09-11 00:28:25.735866624,12,7364,169,75
39.758698,12.849296,2026-09-11 00:28:33.243325184,12,4131,214,137
36.145549,-31.708296,2026-09-11 00:28:37.317238784,12,6496,241,33
38.918693,14.41085,2026-09-11 00:28:41.303185408,12,12488,116,270
45.053639,16.199521,2026-09-11 00:28:44.369735424,12,11098,100,182
45.062483,16.20994,2026-09-11 00:28:44.369740288,12,8893,151,337
43.774925,15.487678,2026-09-11 00:28:53.368754432,12,8374,107,143
43.806719,15.485859,2026-09-11 00:28:53.368767744,12,4492,194,257
43.80652,15.487536,2026-09-11 00:28:53.368766208,12,5374,196,243
37.504031,7.712295,2026-09-11 00:28:56.93813504,12,4379,260,342
39.183495,14.688124,2026-09-11 00:29:01.91527168,12,8008,181,210
39.358096,14.613776,2026-09-11 00:29:03.994380032,12,5163,231,57
39.364266,14.628247,2026-09-11 00:29:03.994385408,12,8197,218,83
39.35444,14.62048,2026-09-11 00:29:03.994373120,12,3375,241,66
39.795412,14.663584,2026-09-11 00:29:10.42313984,12,7777,235,118
39.805306,14.654525,2026-09-11 00:29:10.42314240,12,3877,229,312
39.232871,14.623465,2026-09-11 00:29:14.443975680,12,4890,224,178
39.240621,14.623079,2026-09-11 00:29:14.443976704,12,4426,208,214
10.91701,11.333806,2026-09-11 00:29:17.12443136,12,10054,166,133
40.560472,12.855575,2026-09-11 01:05:21.479185664,1,13002,130,22
40.728168,12.870256,2026-09-11 01:05:21.553479168,1,7636,203,50
40.580659,12.84995,2026-09-11 01:05:21.553503744,1,12511,130,38
40.618297,12.819137,2026-09-11 01:05:21.553514752,1,6871,242,23
30.798163,-81.953101,2026-09-11 01:05:22.93239296,1,5578,234,25
38.174547,14.614606,2026-09-11 01:05:22.167275264,1,8888,215,304
39.960544,12.275206,2026-09-11 01:05:30.120484096,1,13353,229,60
40.027105,12.294397,2026-09-11 01:05:30.120498688,1,4047,248,48
40.57284,12.832224,2026-09-11 01:05:45.17910784,1,8769,197,95
40.577816,12.88039,2026-09-11 01:05:53.441897728,1,13925,208,66
40.575612,12.859259,2026-09-11 01:05:53.441893120,1,14390,198,53
33.135538,135.753944,2026-09-11 01:05:20.209115904,2,6083,198,20
53.225411,-99.884143,2026-09-11 01:05:00.96089856,3,12720,173,39
53.198319,-99.825467,2026-09-11 01:05:00.96113664,3,6123,173,24
53.536938,-99.516992,2026-09-11 01:05:00.661769216,3,4783,180,25
31.063629,-99.254625,2026-09-11 01:05:02.972573440,3,9109,240,30
31.298829,-99.098634,2026-09-11 01:05:02.972710144,3,4146,251,46
31.232001,-99.171723,2026-09-11 01:05:02.972676608,3,4014,230,33
31.129952,-99.247051,2026-09-11 01:05:03.75049472,3,5994,213,41
31.217563,-99.18181,2026-09-11 01:05:03.75080448,3,6826,187,31
31.134254,-99.234266,2026-09-11 01:05:03.132072960,3,6274,198,28
31.209354,-99.201824,2026-09-11 01:05:03.132097280,3,13490,224,13
30.463331,-111.944439,2026-09-11 01:05:03.364361728,3,6242,222,38
30.397602,-111.986275,2026-09-11 01:05:03.364383232,3,8140,238,27
30.516401,-111.971353,2026-09-11 01:05:03.578449152,3,11989,222,25
34.583108,-102.611697,2026-09-11 01:05:04.947312128,3,11637,127,39
34.605159,-102.655771,2026-09-11 01:05:04.947351040,3,10162,175,26
31.679348,-103.167461,2026-09-11 01:05:05.876528128,3,8762,199,33
31.690771,-103.17419,2026-09-11 01:05:05.876527872,3,6122,214,21
36.777772,-31.912881,2026-09-11 01:05:06.286071808,3,8415,193,25
27.770041,-108.788263,2026-09-11 01:05:08.109732864,3,11059,248,29
36.641576,-90.928038,2026-09-11 01:05:08.367083776,3,9720,257,24
47.024894,-30.800417,2026-09-11 01:05:09.3163904,3,14879,162,31
20.312947,-72.307126,2026-09-11 01:05:09.445569024,3,9611,173,54
26.696167,-61.809396,2026-09-11 01:05:16.691163136,3,8848,222,21
25.271667,-106.579422,2026-09-11 01:05:17.11646464,3,6494,255,39
36.355949,-87.757859,2026-09-11 01:05:24.441694208,3,13556,93,31
36.359545,-87.746298,2026-09-11 01:05:24.500508928,3,8023,93,40
36.426087,-87.764951,2026-09-11 01:05:24.500585216,3,10618,173,23
36.372105,-87.737051,2026-09-11 01:05:24.770009600,3,6102,110,41
36.476539,-87.75856,2026-09-11 01:05:24.770092288,3,4523,264,25
18.188671,-92.232214,2026-09-11 01:05:32.437188608,3,9280,253,26
26.998276,-107.537993,2026-09-11 01:05:32.740663040,3,7464,177,46
27.031854,-107.560266,2026-09-11 01:05:32.740713728,3,8747,242,37
36.587454,-90.974652,2026-09-11 01:05:33.602126592,3,6461,175,31
41.271181,-34.864919,2026-09-11 01:05:33.631421184,3,11965,156,25
30.943025,-81.971109,2026-09-11 01:05:34.856612864,3,5338,118,76
30.855509,-81.970246,2026-09-11 01:05:34.856641024,3,7552,237,64
30.998943,-81.980402,2026-09-11 01:05:34.856692224,3,9648,188,51
30.954543,-81.977421,2026-09-11 01:05:35.32448256,3,4211,231,84
30.870452,-81.983372,2026-09-11 01:05:35.32478208,3,11124,237,72
30.99253,-81.973347,2026-09-11 01:05:35.32511232,3,7546,188,57
27.235693,-85.782634,2026-09-11 01:05:35.53494528,3,6462,253,39
27.239729,-85.774367,2026-09-11 01:05:35.131829760,3,9642,253,19
30.823548,-81.996648,2026-09-11 01:05:35.210720768,3,6228,178,29
26.689662,-106.565904,2026-09-11 01:05:43.242481664,3,11357,241,30
20.502549,-86.22346,2026-09-11 01:05:43.273995776,3,13439,224,62
36.468382,-87.567079,2026-09-11 01:05:50.514706944,3,13303,218,20
36.760097,-90.897725,2026-09-11 01:05:51.143686656,3,8056,90,25
36.740943,-90.995867,2026-09-11 01:05:51.143712512,3,9851,138,20
20.381707,-72.400253,2026-09-11 01:05:51.187259136,3,12723,173,39
17.733404,-93.29463,2026-09-11 01:05:52.965029120,3,3827,252,22
29.379482,-80.979968,2026-09-11 01:05:55.509641472,3,4478,146,51
29.449308,-81.001512,2026-09-11 01:05:55.509716992,3,6582,202,48
26.313416,-70.607192,2026-09-11 01:06:02.617045760,3,5742,269,32
37.298156,7.825739,2026-09-11 01:05:09.941649408,4,8561,218,35
33.135538,135.753944,2026-09-11 01:05:20.209115904,4,6083,198,21
39.387017,11.581326,2026-09-11 01:05:22.939278336,4,12047,195,28
40.82179,12.92396,2026-09-11 01:05:28.706158848,4,14916,241,35
39.414154,14.787558,2026-09-11 01:05:32.66185728,4,6936,222,27
39.491082,12.009598,2026-09-11 01:05:42.760617472,4,10907,184,30
39.509546,11.999021,2026-09-11 01:05:42.760623616,4,8919,194,17
39.525961,12.002118,2026-09-11 01:05:58.116240640,4,9309,184,26
29.450343,-81.003054,2026-09-11 01:05:55.509717504,7,6660,203,16
33.114338,135.762319,2026-09-11 01:05:20.209107968,9,5102,199,21
53.235479,-99.895456,2026-09-11 01:05:00.96092416,13,7989,173,29
53.217875,-99.883547,2026-09-11 01:05:00.96101888,13,5590,269,26
53.541028,-99.503848,2026-09-11 01:05:00.661771008,13,6457,192,23
31.051017,-99.094698,2026-09-11 01:05:02.972620800,13,7428,153,52
31.201227,-99.17766,2026-09-11 01:05:02.972667136,13,5034,214,46
30.463334,-111.944432,2026-09-11 01:05:03.364361728,13,6242,222,39
30.397412,-111.986166,2026-09-11 01:05:03.364383488,13,8141,238,27
30.5164,-111.971352,2026-09-11 01:05:03.578449152,13,11988,222,25
34.583109,-102.6117,2026-09-11 01:05:04.947312128,13,11636,127,39
34.606722,-102.656688,2026-09-11 01:05:04.947351552,13,2544,175,26
31.679334,-103.167472,2026-09-11 01:05:05.876528128,13,8761,199,33
36.953863,-32.145071,2026-09-11 01:05:06.286161152,13,6137,245,74
35.419139,-41.198516,2026-09-11 01:05:08.137887488,13,8171,207,44
46.961421,-30.78834,2026-09-11 01:05:09.3155456,13,9786,129,39
20.323411,-72.286829,2026-09-11 01:05:09.445570304,13,6866,173,54
29.630828,-85.299005,2026-09-11 01:05:09.568779264,13,4694,229,94
29.633399,-85.291772,2026-09-11 01:05:09.568779008,13,2732,230,82
36.942965,-31.263048,2026-09-11 01:05:09.839823104,13,10220,211,49
25.767935,-86.942861,2026-09-11 01:05:10.212141056,13,2860,256,91
25.745563,-86.940525,2026-09-11 01:05:10.212138240,13,5040,216,82
36.786392,-90.934774,2026-09-11 01:05:11.245656064,13,6593,110,59
36.769843,-90.93698,2026-09-11 01:05:11.245713152,13,14753,126,47
36.760439,-91.011766,2026-09-11 01:05:11.245686528,13,7838,229,36
36.779768,-90.94,2026-09-11 01:05:11.338621952,13,8360,98,63
36.772624,-90.937066,2026-09-11 01:05:11.389497600,13,9336,91,30
36.775932,-90.944105,2026-09-11 01:05:11.533998080,13,12984,79,39
36.858552,-90.930695,2026-09-11 01:05:11.534071552,13,7707,260,26
29.636557,-81.055913,2026-09-11 01:05:12.183569152,13,13277,133,111
29.691559,-81.079128,2026-09-11 01:05:12.183596800,13,7243,246,89
36.520776,-87.910189,2026-09-11 01:05:13.17619968,13,12683,157,46
36.573346,-88.072971,2026-09-11 01:05:13.17664256,13,8020,161,30
36.559102,-87.928002,2026-09-11 01:05:13.104960256,13,12692,149,36
36.586507,-87.971538,2026-09-11 01:05:13.104961792,13,12864,171,23
36.648022,-90.923461,2026-09-11 01:05:16.444786688,13,9031,91,28
25.240033,-106.592725,2026-09-11 01:05:17.11636992,13,12299,186,65
25.370035,-106.609232,2026-09-11 01:05:17.11720448,13,12790,257,98
35.448369,-90.158663,2026-09-11 01:05:17.799257088,13,10549,105,44
25.401078,-87.024389,2026-09-11 01:05:19.128978432,13,8552,224,45
25.694857,-87.002423,2026-09-11 01:05:19.154604288,13,10848,220,24
25.723488,-87.015787,2026-09-11 01:05:19.243982336,13,12690,219,30
28.649723,-108.052232,2026-09-11 01:05:20.443172352,13,7898,226,82
28.750824,-108.072151,2026-09-11 01:05:20.443248128,13,13241,233,67
20.889877,-74.966243,2026-09-11 01:05:21.331830016,13,6913,201,34
28.659348,-108.020324,2026-09-11 01:05:21.420957184,13,12803,227,38
28.731141,-108.033462,2026-09-11 01:05:21.420988672,13,6911,256,35
30.888515,-81.921743,2026-09-11 01:05:22.67926016,13,11519,234,26
30.836963,-81.952805,2026-09-11 01:05:22.93254144,13,10919,237,53
30.796993,-81.954376,2026-09-11 01:05:22.93244928,13,8011,192,40
22.721025,-81.271341,2026-09-11 01:05:22.847092992,13,4008,247,60
22.804488,-81.364849,2026-09-11 01:05:22.847109888,13,5155,250,44
20.13011,-101.044782,2026-09-11 01:05:23.370936064,13,4822,251,39
36.631576,-91.129481,2026-09-11 01:05:24.634177280,13,11394,141,35
36.617217,-90.951501,2026-09-11 01:05:24.634221312,13,10550,114,38
36.43531,-87.785,2026-09-11 01:05:24.770086144,13,7500,264,24
30.938064,-81.87174,2026-09-11 01:05:26.674110976,13,7458,151,67
30.987181,-81.878086,2026-09-11 01:05:26.674187264,13,5672,189,52
36.641648,-90.883457,2026-09-11 01:05:27.344454656,13,14800,122,28
33.92103,-100.919122,2026-09-11 01:05:27.897928192,13,11086,213,33
23.338167,-109.769084,2026-09-11 01:05:28.78129152,13,13221,268,21
36.266346,-85.646289,2026-09-11 01:05:29.366142464,13,7103,128,82
36.299236,-85.68547,2026-09-11 01:05:29.366151680,13,13492,164,66
36.26357,-85.682436,2026-09-11 01:05:29.366196992,13,12183,93,53
36.273528,-85.683643,2026-09-11 01:05:29.818989056,13,5480,164,35
36.26517,-85.702469,2026-09-11 01:05:29.819045120,13,13813,149,36
36.277435,-85.678183,2026-09-11 01:05:30.47938048,13,14301,84,50
29.514547,-81.13871,2026-09-11 01:05:30.122641408,13,11092,130,39
36.300446,-85.700096,2026-09-11 01:05:30.182129920,13,8345,174,28
36.349562,-85.700161,2026-09-11 01:05:30.182141952,13,7562,241,22
29.668307,-81.121316,2026-09-11 01:05:30.479981056,13,13040,200,44
29.423582,-80.986299,2026-09-11 01:05:30.692482048,13,6730,203,26
18.187308,-92.232296,2026-09-11 01:05:32.437188608,13,8758,253,37
26.998275,-107.537989,2026-09-11 01:05:32.740663040,13,7464,177,49
27.061463,-107.547079,2026-09-11 01:05:32.740723200,13,7293,241,23
41.323571,-35.058357,2026-09-11 01:05:33.631466240,13,8994,229,23
30.940753,-81.971613,2026-09-11 01:05:34.856612096,13,6658,118,76
30.855517,-81.970247,2026-09-11 01:05:34.856641024,13,7551,237,63
31.010518,-81.984559,2026-09-11 01:05:34.856691968,13,9471,188,50
30.932314,-81.960826,2026-09-11 01:05:35.32439296,13,10670,142,48
30.855889,-81.972106,2026-09-11 01:05:35.32467456,13,8362,237,71
30.902162,-82.014634,2026-09-11 01:05:35.32480000,13,2769,233,58
27.197816,-85.783966,2026-09-11 01:05:35.53480448,13,7597,251,41
30.886659,-111.083184,2026-09-11 01:05:36.128668160,13,12113,212,32
30.886128,-111.088067,2026-09-11 01:05:36.592283904,13,11737,212,21
29.581878,-85.227027,2026-09-11 01:05:39.940316672,13,13465,146,83
29.676752,-85.268372,2026-09-11 01:05:39.940388352,13,10832,191,59
29.585075,-85.200023,2026-09-11 01:05:40.169668864,13,8819,148,59
36.612391,-90.914354,2026-09-11 01:05:41.113490176,13,11846,122,23
36.461963,-87.786113,2026-09-11 01:05:41.286539264,13,7951,93,58
29.8957,-92.614996,2026-09-11 01:05:41.387191040,13,6055,251,51
36.48127,-87.804435,2026-09-11 01:05:41.498546176,13,9116,84,39
36.467563,-87.766578,2026-09-11 01:05:41.643423232,13,8551,84,38
36.633604,-87.73077,2026-09-11 01:05:41.643536128,13,8386,268,21
36.464264,-87.766426,2026-09-11 01:05:41.943428096,13,8713,84,41
36.503791,-87.803866,2026-09-11 01:05:41.943488512,13,9216,163,24
30.839847,-99.564054,2026-09-11 01:05:44.855387904,13,7516,202,37
35.261773,-92.771422,2026-09-11 01:05:45.587373312,13,6508,107,44
35.374679,-92.764062,2026-09-11 01:05:45.587461120,13,5712,262,25
36.646545,-90.907159,2026-09-11 01:05:48.237256960,13,11389,71,23
29.697947,-81.099675,2026-09-11 01:05:49.48816896,13,7116,243,40
36.759958,-90.898465,2026-09-11 01:05:51.143686656,13,8083,90,36
20.366723,-72.423995,2026-09-11 01:05:51.187245568,13,7811,174,40
20.366947,-72.430614,2026-09-11 01:05:51.358025984,13,4608,185,31
17.724575,-93.302754,2026-09-11 01:05:52.965029888,13,5205,252,39
29.446473,-80.999253,2026-09-11 01:05:55.509714176,13,4586,247,26
21.788741,-100.569097,2026-09-11 01:05:55.603284992,13,11429,237,27
34.162911,-101.628515,2026-09-11 01:05:56.110523648,13,6618,174,23
31.435418,-103.364095,2026-09-11 01:06:00.293811968,13,7134,229,41
31.762421,-103.096423,2026-09-11 01:06:00.293961728,13,5773,250,31
36.636712,-90.889413,2026-09-11 01:06:00.494143744,13,11369,174,26
31.058951,-82.007118,2026-09-11 01:06:00.875987456,13,3613,244,64
31.042768,-82.004899,2026-09-11 01:06:00.876039424,13,7646,234,51
31.307486,-82.1689,2026-09-11 01:06:01.17112320,13,5070,236,57
31.031018,-81.994075,2026-09-11 01:06:01.17057536,13,7138,234,47
24.7046,-104.077472,2026-09-11 01:06:01.55355904,13,6571,255,54
31.048179,-82.002871,2026-09-11 01:06:01.416572416,13,2406,244,82
31.174625,-81.992686,2026-09-11 01:06:01.416615680,13,5119,238,68
31.034468,-81.997318,2026-09-11 01:06:01.416623616,13,3851,230,62
30.93014,-82.255775,2026-09-11 01:06:01.787331584,13,10224,185,36
31.049176,-82.006094,2026-09-11 01:06:02.111031552,13,3732,244,67
31.023701,-81.990943,2026-09-11 01:06:02.111080960,13,4727,234,51
31.074664,-82.027283,2026-09-11 01:06:02.111089408,13,3427,235,38
34.55666,-102.815199,2026-09-11 01:06:04.301708288,13,12832,192,32
30.946465,-81.893409,2026-09-11 01:06:05.694724864,13,12197,112,93
30.970451,-81.886021,2026-09-11 01:06:05.694733568,13,4925,234,90
30.976578,-81.893344,2026-09-11 01:06:05.694737664,13,4155,233,75
28.818291,-82.388005,2026-09-11 01:06:06.666172672,13,3090,217,37
20.221074,-85.426737,2026-09-11 01:06:07.913737728,13,7843,242,77
23.41334,-109.74422,2026-09-11 01:06:08.821396480,13,13187,267,24
19.60327,-97.067801,2026-09-11 01:06:09.634068224,13,3254,267,66
29.658308,-81.033009,2026-09-11 01:06:10.783027712,13,9823,199,57
29.679387,-81.036911,2026-09-11 01:06:10.783024896,13,10538,199,55
33.983346,-100.869282,2026-09-11 01:06:11.54525440,13,9988,197,23
30.223728,-112.026827,2026-09-11 01:06:11.374172416,13,5287,239,37
36.663264,-90.897483,2026-09-11 01:06:12.103184896,13,4881,99,31
25.648731,-86.554602,2026-09-11 01:06:13.730580736,13,7832,261,21
31.152187,-110.630485,2026-09-11 01:06:14.409838848,13,12192,216,30
29.820671,-85.648078,2026-09-11 01:06:15.796184832,13,10983,147,45
28.784111,-108.115203,2026-09-11 01:06:16.138532608,13,11089,242,45
28.662717,-108.028059,2026-09-11 01:06:17.876713216,13,11652,230,25
20.134289,-76.448639,2026-09-11 01:06:18.392719616,13,7736,264,23
33.248139,135.862545,2026-09-11 01:05:20.209169664,14,12771,262,19
39.771732,14.999516,2026-09-11 01:05:01.246080000,11,8538,216,207
44.361343,16.205575,2026-09-11 01:05:02.151228928,11,13807,107,158
44.377283,16.209906,2026-09-11 01:05:02.151239680,11,6858,147,157
44.514413,16.212436,2026-09-11 01:05:02.151284224,11,6607,259,142
44.399397,16.18803,2026-09-11 01:05:02.151246592,11,11757,169,134
39.59385,11.883673,2026-09-11 01:05:03.426236672,11,7182,268,154
36.901832,-32.056585,2026-09-11 01:05:06.286123264,11,9649,239,274
29.625773,-81.074537,2026-09-11 01:05:12.183573760,11,11615,128,138
36.509073,-87.872037,2026-09-11 01:05:13.17629696,11,10477,86,21
43.785841,15.662655,2026-09-11 01:05:15.927233024,11,14839,100,138
43.769528,15.669077,2026-09-11 01:05:15.927239168,11,10699,186,117
39.525316,12.102531,2026-09-11 01:05:20.584412928,11,9817,245,37
39.526572,12.102085,2026-09-11 01:05:20.584405248,11,4350,245,36
38.174547,14.614607,2026-09-11 01:05:22.167275264,11,8888,215,290
39.406117,11.582914,2026-09-11 01:05:22.939217920,11,8025,190,216
39.161321,11.534469,2026-09-11 01:05:22.939194624,11,14943,189,197
39.390953,11.590188,2026-09-11 01:05:22.939278592,11,6867,262,184
41.557406,12.946722,2026-09-11 01:05:23.650169344,11,9987,231,405
39.45899,12.016473,2026-09-11 01:05:25.968686336,11,10263,136,83
40.904996,12.87617,2026-09-11 01:05:28.706192384,11,3557,245,348
40.841173,12.902895,2026-09-11 01:05:28.706168064,11,3972,237,254
40.849488,12.928246,2026-09-11 01:05:28.706175232,11,6279,197,192
39.420649,14.778553,2026-09-11 01:05:31.687815936,11,6528,243,154
41.224026,-34.873902,2026-09-11 01:05:33.631405056,11,7709,210,151
39.523255,12.007532,2026-09-11 01:05:42.760571648,11,8743,196,223
39.263249,11.906415,2026-09-11 01:05:42.760561152,11,13936,186,202
39.483325,11.979791,2026-09-11 01:05:42.760623872,11,5643,252,92
40.572848,12.832228,2026-09-11 01:05:45.17910784,11,8768,197,124
45.632577,16.043532,2026-09-11 01:05:48.493432576,11,9109,117,41
40.689061,12.866378,2026-09-11 01:05:59.615109632,11,6002,256,71
40.613223,12.748588,2026-09-11 01:05:59.615102976,11,14460,193,77
40.590355,12.851126,2026-09-11 01:05:59.659221760,11,6527,196,111
40.539244,12.849255,2026-09-11 01:05:59.659206400,11,4701,211,97
40.559866,12.863026,2026-09-11 01:05:59.659216640,11,14384,132,83
40.590225,12.853843,2026-09-11 01:05:59.659215104,11,9758,211,64
40.583805,12.863148,2026-09-11 01:05:59.659213568,11,8850,246,51
31.029203,-81.930315,2026-09-11 01:06:05.694742528,11,5027,229,184
7.588564,10.019957,2026-09-11 01:06:07.226425600,11,10760,175,32
40.567744,12.782296,2026-09-11 01:06:08.543569152,11,12278,209,87
40.388364,12.814913,2026-09-11 01:06:08.543592960,11,9307,213,159
40.443382,12.873259,2026-09-11 01:06:08.543606272,11,9733,167,146
40.546661,12.807764,2026-09-11 01:06:08.543638528,11,8653,178,133
40.555897,12.7969,2026-09-11 01:06:08.543645952,11,10160,188,119
29.54716,-81.136717,2026-09-11 01:06:10.782966784,11,8637,161,72
29.570156,-81.08511,2026-09-11 01:06:10.882715392,11,14604,160,21
44.361343,16.205575,2026-09-11 01:05:02.151228928,12,13807,107,156
44.377283,16.209906,2026-09-11 01:05:02.151239680,12,6858,147,155
44.514413,16.212436,2026-09-11 01:05:02.151284224,12,6607,259,140
44.399397,16.18803,2026-09-11 01:05:02.151246592,12,11757,169,132
39.741045,11.879779,2026-09-11 01:05:03.426291456,12,13926,254,174
39.504591,12.006649,2026-09-11 01:05:03.426277376,12,11254,227,152
36.901832,-32.056585,2026-09-11 01:05:06.286123264,12,9649,239,274
35.439784,-41.330438,2026-09-11 01:05:08.137920768,12,13993,192,240
29.625773,-81.074537,2026-09-11 01:05:12.183573760,12,11615,128,137
36.509073,-87.872037,2026-09-11 01:05:13.17629696,12,10477,86,21
43.785841,15.662655,2026-09-11 01:05:15.927233024,12,14839,100,137
43.769528,15.669077,2026-09-11 01:05:15.927239168,12,10699,186,116
43.819609,15.643515,2026-09-11 01:05:15.927249664,12,10040,162,94
39.525316,12.102531,2026-09-11 01:05:20.584412928,12,9817,245,38
39.526572,12.102085,2026-09-11 01:05:20.584405248,12,4350,245,36
38.174547,14.614607,2026-09-11 01:05:22.167275264,12,8888,215,289
39.406117,11.582914,2026-09-11 01:05:22.939217920,12,8025,190,214
39.161321,11.534469,2026-09-11 01:05:22.939194624,12,14943,189,195
39.390953,11.590188,2026-09-11 01:05:22.939278592,12,6867,262,182
41.557406,12.946722,2026-09-11 01:05:23.650169344,12,9987,231,402
39.45899,12.016473,2026-09-11 01:05:25.968686336,12,10263,136,83
40.904996,12.87617,2026-09-11 01:05:28.706192384,12,3557,245,346
40.913087,12.879709,2026-09-11 01:05:28.706192384,12,7412,233,333
40.832644,12.924287,2026-09-11 01:05:28.706168832,12,7894,192,202
39.420649,14.778553,2026-09-11 01:05:31.687815936,12,6528,243,152
41.224026,-34.873902,2026-09-11 01:05:33.631405056,12,7709,210,139
39.523255,12.007532,2026-09-11 01:05:42.760571648,12,8743,196,223
39.263249,11.906415,2026-09-11 01:05:42.760561152,12,13936,186,202
40.57806,12.841326,2026-09-11 01:05:45.349988352,12,14743,209,57
40.551987,12.812122,2026-09-11 01:05:45.349974016,12,11470,201,65
40.622639,12.778891,2026-09-11 01:05:45.349986048,12,6113,237,22
39.481367,12.002354,2026-09-11 01:05:45.394075136,12,14593,216,22
40.705881,12.873511,2026-09-11 01:05:59.615115264,12,7879,203,71
40.552504,12.845147,2026-09-11 01:05:59.615140352,12,7843,166,74
40.590355,12.851126,2026-09-11 01:05:59.659221760,12,6527,196,111
40.548014,12.853354,2026-09-11 01:05:59.659208448,12,12087,174,97
40.542216,12.88986,2026-09-11 01:05:59.659211776,12,10789,133,78
31.029203,-81.930315,2026-09-11 01:06:05.694742528,12,5027,229,182
7.592414,10.128179,2026-09-11 01:06:07.226423296,12,10771,174,33
40.56908,12.780048,2026-09-11 01:06:08.543569920,12,12904,209,117
40.760118,13.067294,2026-09-11 01:06:08.543677952,12,14209,210,165
40.431287,12.864916,2026-09-11 01:06:08.543612672,12,12651,167,150
10.440615,11.456463,2026-09-11 01:06:10.738104064,12,13837,173,89
29.54716,-81.136717,2026-09-11 01:06:10.782966784,12,8637,161,72
38.516215,-33.282474,2026-09-11 05:55:04.814717696,1,5480,233,176
36.661981,-89.374588,2026-09-11 05:55:12.258755328,1,8706,95,32
36.711905,-89.238503,2026-09-11 05:55:12.258794496,1,9371,201,21
43.497373,16.371423,2026-09-11 05:55:21.656715520,1,8407,154,18
35.819978,-91.428822,2026-09-11 05:55:21.814577664,1,7077,112,48
35.816026,-91.535453,2026-09-11 05:55:21.814620672,1,8914,257,32
42.995419,17.765781,2026-09-11 05:55:23.438081792,1,5160,122,47
42.999174,17.736709,2026-09-11 05:55:23.438087680,1,10522,62,31
43.022189,17.836878,2026-09-11 05:55:23.706153728,1,10706,81,26
43.003546,17.764302,2026-09-11 05:55:23.942189056,1,12264,89,79
43.019751,17.758511,2026-09-11 05:55:23.942202112,1,5816,164,66
43.013922,17.756408,2026-09-11 05:55:23.942193408,1,13691,102,50
42.964966,17.815368,2026-09-11 05:55:23.942220288,1,7752,140,37
43.045593,17.754353,2026-09-11 05:55:23.942248448,1,5680,267,23
17.291569,-95.087013,2026-09-11 05:55:39.218387456,1,9012,268,25
43.461014,16.222715,2026-09-11 05:55:39.916749056,1,14797,84,48
43.554129,16.325757,2026-09-11 05:55:39.916774400,1,11316,164,35
43.537701,16.36894,2026-09-11 05:55:39.935324416,1,12824,56,73
43.543547,16.387676,2026-09-11 05:55:39.935400192,1,11060,135,33
43.499512,16.332706,2026-09-11 05:55:40.146195200,1,6805,114,38
30.160444,-109.955756,2026-09-11 05:55:40.339588608,1,8464,245,22
43.756819,16.49427,2026-09-11 05:55:41.344739328,1,11723,94,320
43.767179,16.490701,2026-09-11 05:55:41.344743424,1,5042,137,296
43.773745,16.484739,2026-09-11 05:55:41.344751104,1,8227,169,279
43.799448,16.512639,2026-09-11 05:55:41.344758528,1,4384,204,256
43.744942,16.522774,2026-09-11 05:55:41.344741120,1,6624,158,241
43.775476,16.508555,2026-09-11 05:55:41.344756224,1,5445,169,227
43.781883,16.498689,2026-09-11 05:55:41.344753664,1,4787,178,212
43.741692,16.526742,2026-09-11 05:55:41.344740864,1,3862,256,197
43.767066,16.525572,2026-09-11 05:55:41.344750336,1,5735,130,184
43.768543,16.500924,2026-09-11 05:55:41.344753408,1,4288,139,167
43.801286,16.510373,2026-09-11 05:55:41.344763648,1,3896,246,151
43.776148,16.511138,2026-09-11 05:55:41.344756736,1,6147,243,138
43.769172,16.532139,2026-09-11 05:55:41.344751872,1,12033,243,124
44.668421,17.67308,2026-09-11 05:55:48.559877888,1,8470,136,169
44.670416,17.66037,2026-09-11 05:55:48.559879168,1,10786,115,147
44.6524,17.659252,2026-09-11 05:55:48.559880192,1,12325,99,124
44.655702,17.693734,2026-09-11 05:55:48.559877120,1,6661,167,101
44.646885,17.736082,2026-09-11 05:55:48.559869440,1,8154,190,87
44.779903,17.704755,2026-09-11 05:55:48.559920896,1,13910,132,74
44.663112,17.687359,2026-09-11 05:55:48.559917824,1,10840,131,59
44.64953,17.783561,2026-09-11 05:55:48.559901184,1,3635,266,45
44.664761,17.700092,2026-09-11 05:55:48.559920640,1,4270,234,32
44.65141,17.653096,2026-09-11 05:55:48.601717760,1,6498,136,73
44.649326,17.656767,2026-09-11 05:55:48.601718272,1,9685,115,137
44.647054,17.656691,2026-09-11 05:55:48.601721856,1,13754,99,115
44.644547,17.684085,2026-09-11 05:55:48.601716992,1,8592,167,92
44.702926,17.741658,2026-09-11 05:55:48.601749504,1,14286,132,76
44.641449,17.660598,2026-09-11 05:55:48.601765376,1,7815,126,63
44.692787,17.651725,2026-09-11 05:55:48.601777152,1,3972,251,28
44.643297,17.680706,2026-09-11 05:55:48.670736640,1,6750,137,172
44.672179,17.654156,2026-09-11 05:55:48.670747648,1,3811,243,155
44.6314,17.68817,2026-09-11 05:55:48.670731776,1,8392,188,139
44.654965,17.672294,2026-09-11 05:55:48.670744320,1,4633,106,119
44.664151,17.678373,2026-09-11 05:55:48.670745344,1,5172,138,104
44.620851,17.743428,2026-09-11 05:55:48.670727168,1,4514,231,87
44.64526,17.682051,2026-09-11 05:55:48.670737920,1,11143,81,74
44.650173,17.84195,2026-09-11 05:55:48.670755840,1,13120,142,59
37.171971,-36.638819,2026-09-11 05:56:04.16880384,1,13558,178,91
35.990807,-37.50761,2026-09-11 05:56:11.233228800,1,9115,184,95
31.167772,-44.503195,2026-09-11 05:56:18.485525504,1,9418,219,22
36.391623,-37.044614,2026-09-11 05:56:18.584124160,1,5459,213,59
36.963721,-38.551247,2026-09-11 05:56:33.272593152,1,10202,211,100
36.616501,-37.054732,2026-09-11 05:56:41.28494592,1,13194,218,83
36.784786,-89.262517,2026-09-11 05:56:49.145941504,1,13772,130,32
25.805495,-53.408195,2026-09-11 05:57:13.588049152,1,12680,201,80
43.161529,17.327426,2026-09-11 05:57:27.734353152,1,7611,132,20
30.251882,-86.960983,2026-09-11 05:57:28.726193152,1,10179,147,28
30.361442,-86.972089,2026-09-11 05:57:28.726286336,1,7042,236,30
30.091383,-86.993473,2026-09-11 05:57:28.846451968,1,12100,153,35
30.323894,-86.974181,2026-09-11 05:57:28.846539264,1,9791,239,22
37.159828,-28.783018,2026-09-11 05:57:30.30198784,1,12432,265,25
43.090962,17.268765,2026-09-11 05:57:45.478315520,1,4066,102,16
43.087195,17.270399,2026-09-11 05:57:45.478319616,1,7214,157,287
43.121505,17.249953,2026-09-11 05:57:45.478331392,1,3353,242,265
43.098384,17.26921,2026-09-11 05:57:45.478325504,1,7176,161,252
43.103077,17.275534,2026-09-11 05:57:45.478324224,1,5449,187,232
43.131353,17.289244,2026-09-11 05:57:45.478338304,1,3841,233,216
43.064818,17.261318,2026-09-11 05:57:45.478327040,1,5174,99,203
43.09881,17.299154,2026-09-11 05:57:45.478322432,1,7057,142,187
43.098125,17.279277,2026-09-11 05:57:45.478328832,1,3153,213,169
43.092428,17.284075,2026-09-11 05:57:45.478331392,1,5130,213,156
43.247617,17.275855,2026-09-11 05:57:45.478379776,1,7205,266,142
25.825917,-53.411381,2026-09-11 05:57:53.6236672,1,9523,242,75
36.845772,-89.218882,2026-09-11 05:58:01.263131904,1,11100,91,27
33.834548,137.278131,2026-09-11 05:55:08.58943232,2,9235,246,51
33.839302,137.285276,2026-09-11 05:55:08.58946048,2,7915,198,35
33.860039,137.273113,2026-09-11 05:55:08.121287936,2,7554,203,29
33.840154,137.287912,2026-09-11 05:55:08.121276416,2,10388,198,24
33.858992,137.266786,2026-09-11 05:55:08.164880640,2,6926,212,35
33.802607,137.313141,2026-09-11 05:55:08.164873984,2,7897,211,18
33.855634,137.275506,2026-09-11 05:55:09.10367744,2,6755,200,46
33.843289,137.271898,2026-09-11 05:55:09.10358272,2,10520,198,28
33.835828,137.26354,2026-09-11 05:55:09.159640320,2,5821,245,46
33.838577,137.288021,2026-09-11 05:55:09.159643392,2,8831,198,31
33.846671,137.263391,2026-09-11 05:55:09.320472832,2,5800,198,30
49.514257,132.286852,2026-09-11 05:55:10.464260096,2,7608,211,24
33.840716,137.26473,2026-09-11 05:55:25.224871680,2,3706,245,41
33.847064,137.27904,2026-09-11 05:55:25.224875520,2,9792,198,26
33.856305,137.260311,2026-09-11 05:55:25.254520320,2,6671,197,20
33.828676,137.258988,2026-09-11 05:55:25.335889408,2,9273,246,40
33.829019,137.283888,2026-09-11 05:55:25.335894528,2,7624,198,21
49.111295,133.18332,2026-09-11 05:55:34.514162432,2,13982,203,18
16.72977,135.585013,2026-09-11 05:55:43.915497728,2,5530,254,41
33.80966,137.263015,2026-09-11 05:55:45.961811712,2,3285,246,47
33.820491,137.287071,2026-09-11 05:55:45.961820160,2,11606,199,35
33.785372,137.265941,2026-09-11 05:55:46.22206976,2,2088,247,35
33.823154,137.269518,2026-09-11 05:55:46.22216704,2,9304,198,25
33.866972,137.261681,2026-09-11 05:55:46.404826624,2,9043,197,29
33.830646,137.276464,2026-09-11 05:55:46.547906304,2,11513,198,18
33.91394,137.319222,2026-09-11 05:55:47.98243840,2,5094,197,18
51.203993,137.519227,2026-09-11 05:55:58.950627584,2,7945,226,24
33.829118,137.269465,2026-09-11 05:56:05.643776768,2,6918,246,50
33.823901,137.307757,2026-09-11 05:56:05.643780864,2,13410,199,32
33.831485,137.327796,2026-09-11 05:56:05.737385728,2,3818,202,33
33.8389,137.267939,2026-09-11 05:56:05.737374976,2,5619,198,19
33.840204,137.269145,2026-09-11 05:56:05.764310016,2,4828,245,30
33.836527,137.267661,2026-09-11 05:56:05.800977408,2,6292,245,36
33.838474,137.272948,2026-09-11 05:56:05.831546368,2,5422,198,24
33.83089,137.26981,2026-09-11 05:56:06.291229952,2,6747,198,28
33.843234,137.270993,2026-09-11 05:56:06.309118720,2,5177,198,20
33.798718,137.377716,2026-09-11 05:56:07.5696768,2,2292,247,41
33.825037,137.387803,2026-09-11 05:56:07.5707264,2,10118,200,28
33.769648,137.3572,2026-09-11 05:56:07.153673984,2,2975,248,39
33.807851,137.341317,2026-09-11 05:56:07.153682176,2,14202,199,26
33.809033,137.357064,2026-09-11 05:56:07.245067264,2,7490,200,26
33.803666,137.35532,2026-09-11 05:56:07.308296704,2,3967,200,23
33.799304,137.359007,2026-09-11 05:56:07.459614720,2,6004,200,23
33.807179,137.344357,2026-09-11 05:56:07.516721152,2,6226,246,29
33.825429,137.251959,2026-09-11 05:56:26.427261952,2,5639,246,41
33.833971,137.264522,2026-09-11 05:56:26.427265024,2,11456,198,32
33.808456,137.269825,2026-09-11 05:56:26.756096256,2,3068,246,40
33.836567,137.288362,2026-09-11 05:56:26.756108544,2,11783,198,26
33.785353,137.270766,2026-09-11 05:56:26.860928512,2,3468,248,44
33.824506,137.284501,2026-09-11 05:56:26.860935424,2,9650,198,34
48.019182,132.508729,2026-09-11 05:56:34.594666240,2,10649,237,32
47.926728,132.464033,2026-09-11 05:56:35.123665664,2,11158,186,20
51.995007,110.436341,2026-09-11 05:56:41.606006528,2,8864,190,28
33.845628,137.294565,2026-09-11 05:56:45.167806208,2,6514,245,48
33.855839,137.305761,2026-09-11 05:56:45.167812096,2,10372,198,29
33.862872,137.293674,2026-09-11 05:56:45.296860160,2,4280,245,43
33.849853,137.32115,2026-09-11 05:56:45.296862208,2,11680,198,27
33.829606,137.296432,2026-09-11 05:56:45.366127616,2,3487,246,32
33.855038,137.311917,2026-09-11 05:56:45.366137600,2,10941,198,18
33.832696,137.299717,2026-09-11 05:56:45.409792000,2,3323,246,40
33.830671,137.32208,2026-09-11 05:56:45.409798400,2,3302,204,27
33.88145,137.299583,2026-09-11 05:56:45.508718848,2,7760,218,42
33.847332,137.305429,2026-09-11 05:56:45.508710144,2,8490,213,24
33.854357,137.291942,2026-09-11 05:56:45.575497472,2,6630,198,24
33.883591,137.296897,2026-09-11 05:56:46.584841216,2,11085,199,37
33.853017,137.313452,2026-09-11 05:56:46.584820480,2,10271,198,18
33.850832,137.301608,2026-09-11 05:57:01.357586944,2,5027,245,35
33.878852,137.298819,2026-09-11 05:57:01.438602240,2,5104,244,36
33.895343,137.306403,2026-09-11 05:57:01.438607872,2,6530,208,20
33.828637,137.299175,2026-09-11 05:57:01.851058432,2,9147,246,45
33.849101,137.316944,2026-09-11 05:57:01.851068928,2,12064,198,28
6.875131,103.819566,2026-09-11 05:57:18.277675264,2,14908,236,23
33.83513,137.259223,2026-09-11 05:57:20.758446080,2,5794,257,46
33.849233,137.260375,2026-09-11 05:57:20.758447104,2,14850,197,30
33.863024,137.260355,2026-09-11 05:57:20.818685184,2,7810,211,35
33.841613,137.280311,2026-09-11 05:57:21.639041792,2,10472,198,35
33.840954,137.25949,2026-09-11 05:57:21.712338944,2,5141,198,27
33.881769,137.261014,2026-09-11 05:57:21.825513728,2,3434,221,33
33.84146,137.270898,2026-09-11 05:57:21.825503744,2,8407,218,20
33.849631,137.257684,2026-09-11 05:57:21.904025088,2,5789,197,27
33.837613,137.262123,2026-09-11 05:57:22.20794368,2,3903,245,37
33.839432,137.25827,2026-09-11 05:57:22.20794112,2,7358,198,23
33.84634,137.26349,2026-09-11 05:57:22.236048128,2,5068,198,23
33.812894,137.283021,2026-09-11 05:57:33.991306752,2,3375,247,45
33.847288,137.275446,2026-09-11 05:57:33.991314432,2,3659,198,32
33.852205,137.277227,2026-09-11 05:57:34.52860672,2,3079,245,29
33.850171,137.27989,2026-09-11 05:57:34.52862720,2,7683,198,20
33.849651,137.284122,2026-09-11 05:57:34.106253824,2,7296,198,30
33.833523,137.272686,2026-09-11 05:57:34.163622144,2,6903,201,42
33.847041,137.291576,2026-09-11 05:57:34.163629824,2,10089,198,27
33.881432,137.271239,2026-09-11 05:57:34.227110144,2,5875,244,20
33.850133,137.275865,2026-09-11 05:57:34.288547328,2,4488,198,26
33.922002,137.276594,2026-09-11 05:57:34.329023232,2,12481,197,14
33.863019,137.269775,2026-09-11 05:57:34.504257792,2,7361,244,34
33.809894,137.284264,2026-09-11 05:57:34.585485824,2,4351,246,35
33.856252,137.274517,2026-09-11 05:57:34.585498368,2,6882,197,21
33.843593,137.273178,2026-09-11 05:57:34.725894144,2,7699,198,26
33.853124,137.272679,2026-09-11 05:57:34.772178432,2,9979,198,25
33.850134,137.273945,2026-09-11 05:57:34.817883648,2,9510,198,25
33.846704,137.283687,2026-09-11 05:57:34.969372160,2,3914,198,17
34.006878,137.212111,2026-09-11 05:57:34.971307520,2,14232,190,18
47.481387,132.442006,2026-09-11 05:57:43.749051136,2,10883,223,24
33.873679,137.260502,2026-09-11 05:57:45.334898432,2,7129,197,28
33.816462,137.261402,2026-09-11 05:57:45.574266112,2,4530,246,40
33.849312,137.258093,2026-09-11 05:57:45.574273792,2,8001,197,26
33.854267,137.263014,2026-09-11 05:57:45.648744448,2,6734,203,24
33.849762,137.256568,2026-09-11 05:57:46.29512704,2,8511,197,25
47.879969,133.22305,2026-09-11 05:57:46.155945472,2,4127,220,24
-6.66706,137.915625,2026-09-11 05:57:52.489112064,2,8425,184,26
36.675208,-89.253665,2026-09-11 05:55:06.720309760,3,9294,158,28
36.71804,-89.282,2026-09-11 05:55:06.720373248,3,9322,153,39
36.730596,-89.236976,2026-09-11 05:55:06.720392704,3,10646,219,25
36.696837,-89.264988,2026-09-11 05:55:06.781029632,3,9350,108,61
36.670635,-89.277411,2026-09-11 05:55:06.781090816,3,14044,105,47
36.676176,-89.372732,2026-09-11 05:55:06.781060608,3,6403,185,34
36.683139,-89.008326,2026-09-11 05:55:06.816124672,3,12586,213,31
36.716689,-89.249209,2026-09-11 05:55:06.816143360,3,8161,247,18
36.668719,-89.244388,2026-09-11 05:55:07.258034688,3,7497,100,47
36.704504,-89.271264,2026-09-11 05:55:07.258102784,3,9217,125,31
36.761748,-89.231986,2026-09-11 05:55:07.258122240,3,9371,257,16
36.664116,-89.055468,2026-09-11 05:55:07.358516992,3,12308,230,19
25.32717,-109.733717,2026-09-11 05:55:07.396009728,3,4618,256,55
25.40604,-109.742024,2026-09-11 05:55:07.396029696,3,8844,257,43
25.371375,-109.735399,2026-09-11 05:55:07.466279680,3,5504,253,66
36.666023,-89.2494,2026-09-11 05:55:07.485648128,3,4048,115,54
36.668915,-89.320357,2026-09-11 05:55:07.485704448,3,11565,209,36
36.655263,-89.067852,2026-09-11 05:55:07.660871936,3,14347,230,22
27.176864,-106.632262,2026-09-11 05:55:08.95461120,3,6980,229,34
36.773098,-89.363633,2026-09-11 05:55:16.235353088,3,13670,113,42
36.742947,-89.272049,2026-09-11 05:55:16.235377152,3,14554,219,29
30.000368,-110.149071,2026-09-11 05:55:16.663359744,3,8970,218,79
29.947726,-110.157979,2026-09-11 05:55:16.663406336,3,5306,224,85
30.049392,-110.153996,2026-09-11 05:55:16.663430400,3,9526,266,70
35.676402,-93.633947,2026-09-11 05:55:16.907808512,3,11989,155,37
35.794186,-93.509954,2026-09-11 05:55:16.907852800,3,9452,214,24
36.951109,-38.422072,2026-09-11 05:55:18.108860672,3,4194,209,63
21.33411,-100.552172,2026-09-11 05:55:26.676691456,3,11095,239,50
36.813353,-89.152736,2026-09-11 05:55:26.724392192,3,11275,128,31
36.823762,-89.153187,2026-09-11 05:55:26.724390912,3,7083,157,18
21.335189,-100.544885,2026-09-11 05:55:26.815803648,3,8349,243,30
21.322261,-100.562045,2026-09-11 05:55:26.815802624,3,4410,245,92
36.830468,-89.117083,2026-09-11 05:55:26.871398656,3,4636,196,74
36.822,-89.139308,2026-09-11 05:55:26.871396096,3,8596,117,62
36.79909,-89.329947,2026-09-11 05:55:26.871408640,3,6577,257,45
36.717904,-89.390324,2026-09-11 05:55:34.457177088,3,12410,101,37
36.796513,-89.382098,2026-09-11 05:55:34.457272576,3,6136,263,25
24.792055,-93.82957,2026-09-11 05:55:42.202550272,3,6198,262,56
25.034917,-93.60852,2026-09-11 05:55:42.202668032,3,4274,258,44
25.057659,-93.604777,2026-09-11 05:55:42.202673408,3,10344,258,27
24.94704,-93.612187,2026-09-11 05:55:42.290959104,3,10304,224,26
36.722981,-89.321833,2026-09-11 05:55:42.464445440,3,5606,108,74
36.737443,-89.33535,2026-09-11 05:55:42.464454144,3,7819,118,58
36.726331,-89.328925,2026-09-11 05:55:42.464508672,3,6124,164,46
36.774375,-89.327665,2026-09-11 05:55:42.464520448,3,4624,219,33
36.712006,-89.355307,2026-09-11 05:55:42.541867264,3,6933,90,77
36.713831,-89.37125,2026-09-11 05:55:42.541867520,3,10571,79,62
36.716545,-89.316924,2026-09-11 05:55:49.642816000,3,14950,125,35
36.743253,-89.386271,2026-09-11 05:55:49.642811392,3,6338,236,21
36.727309,-89.223505,2026-09-11 05:55:49.885647360,3,6841,105,24
36.763076,-89.255182,2026-09-11 05:55:49.885723392,3,12450,153,37
36.800307,-89.220455,2026-09-11 05:55:49.885734912,3,6857,218,24
36.719864,-89.302407,2026-09-11 05:55:49.919389952,3,10554,136,25
35.861376,-91.417817,2026-09-11 05:55:50.79430912,3,10245,95,24
35.899291,-91.422485,2026-09-11 05:55:50.79501824,3,4700,238,29
36.686759,-89.4296,2026-09-11 05:55:50.406989312,3,12396,136,32
36.685982,-89.42865,2026-09-11 05:55:50.406992896,3,10580,151,19
37.692518,-28.800853,2026-09-11 05:55:50.899739136,3,11939,159,39
27.077764,-111.254889,2026-09-11 05:55:52.81569024,3,7517,252,22
36.439399,-89.866219,2026-09-11 05:55:52.215905536,3,12023,83,54
36.425709,-89.966886,2026-09-11 05:55:52.215941632,3,14224,129,35
36.448201,-89.842341,2026-09-11 05:55:52.215979008,3,11328,114,20
36.511484,-89.806827,2026-09-11 05:55:52.550362624,3,12750,137,29
36.509955,-89.805158,2026-09-11 05:55:52.550356736,3,8130,165,17
36.80951,-37.043763,2026-09-11 05:55:53.955591168,3,9406,180,35
27.794952,-105.872293,2026-09-11 05:55:54.279873280,3,11155,231,19
33.098096,-102.05416,2026-09-11 05:55:54.611269376,3,3833,263,21
35.595425,-37.334328,2026-09-11 05:56:02.623462912,3,13193,186,38
36.812423,-89.282926,2026-09-11 05:56:02.701278720,3,7098,105,22
36.835617,-89.285728,2026-09-11 05:56:02.701284352,3,10317,117,49
36.889026,-89.267549,2026-09-11 05:56:02.701358080,3,6080,217,32
36.926981,-89.257384,2026-09-11 05:56:02.701373696,3,5469,257,18
36.825046,-89.304969,2026-09-11 05:56:02.731809792,3,12481,105,52
36.842618,-89.290636,2026-09-11 05:56:02.731883776,3,6977,152,36
36.888939,-89.279261,2026-09-11 05:56:02.731898624,3,7338,218,20
36.793732,-89.244639,2026-09-11 05:56:02.819390464,3,5502,104,85
36.812859,-89.256479,2026-09-11 05:56:02.819400704,3,9189,117,69
36.793287,-89.259718,2026-09-11 05:56:02.819397888,3,13331,125,56
37.747345,-87.565124,2026-09-11 05:56:02.820060160,3,12515,173,45
36.866461,-89.253176,2026-09-11 05:56:02.819472384,3,7227,205,34
36.790947,-89.229713,2026-09-11 05:56:02.944090368,3,8279,99,23
36.810852,-89.265328,2026-09-11 05:56:02.944158464,3,4440,135,25
36.815351,-89.280293,2026-09-11 05:56:03.15141888,3,4938,105,35
36.851125,-89.289956,2026-09-11 05:56:03.15203328,3,9500,146,38
36.891949,-89.280819,2026-09-11 05:56:03.15221504,3,3848,217,23
36.784027,-89.245547,2026-09-11 05:56:03.361766656,3,11925,91,83
36.801345,-89.252598,2026-09-11 05:56:03.361773824,3,6504,117,62
36.825517,-89.247849,2026-09-11 05:56:03.361843456,3,8087,132,49
36.85286,-89.245364,2026-09-11 05:56:03.361850112,3,6239,205,33
36.764614,-89.063112,2026-09-11 05:56:03.493111296,3,9514,229,26
36.812622,-89.248111,2026-09-11 05:56:03.493135104,3,9240,150,21
36.575228,-89.449977,2026-09-11 05:56:03.730234112,3,11960,203,24
36.5334,-89.638365,2026-09-11 05:56:03.734832128,3,13343,214,26
36.771222,-89.253012,2026-09-11 05:56:04.86281728,3,12770,234,31
36.773585,-89.53298,2026-09-11 05:56:04.86290176,3,9017,157,18
37.057862,-85.699737,2026-09-11 05:56:04.463388416,3,13059,86,30
26.291667,-110.718565,2026-09-11 05:56:04.805638912,3,6885,252,81
36.701844,-89.204652,2026-09-11 05:56:14.46224128,3,9008,99,38
36.740288,-89.218215,2026-09-11 05:56:14.46302208,3,14079,141,25
36.749193,-89.219756,2026-09-11 05:56:14.475444224,3,8263,129,27
36.759843,-89.220658,2026-09-11 05:56:14.552260352,3,13256,125,34
36.752549,-89.225072,2026-09-11 05:56:14.552258048,3,5437,151,21
36.723958,-89.199036,2026-09-11 05:56:14.662040832,3,4358,104,38
36.746476,-89.214884,2026-09-11 05:56:14.662046208,3,10803,118,53
36.753375,-89.216945,2026-09-11 05:56:14.662105600,3,5211,157,39
36.880637,-89.179029,2026-09-11 05:56:14.662147584,3,4663,211,23
36.533193,-89.431617,2026-09-11 05:56:14.746321408,3,14864,198,33
36.749084,-89.220908,2026-09-11 05:56:14.746396160,3,5834,151,20
36.7279,-89.192104,2026-09-11 05:56:15.74947328,3,10022,99,40
36.761388,-89.231438,2026-09-11 05:56:15.75013120,3,6168,140,30
35.99614,-91.403533,2026-09-11 05:56:15.194223104,3,8310,137,32
36.724424,-89.673569,2026-09-11 05:56:15.747900672,3,12389,117,28
37.239767,-36.631887,2026-09-11 05:56:24.358488576,3,6184,224,40
35.772489,-91.400998,2026-09-11 05:56:25.907465728,3,12644,191,22
36.788745,-89.179971,2026-09-11 05:56:26.836867840,3,11421,99,55
36.810965,-89.247806,2026-09-11 05:56:26.836873984,3,13498,176,40
36.891212,-89.205762,2026-09-11 05:56:26.836964352,3,9976,217,27
36.432963,-89.85305,2026-09-11 05:56:29.479288320,3,13431,101,100
36.451204,-89.860295,2026-09-11 05:56:29.479291136,3,10086,119,79
36.431808,-89.847806,2026-09-11 05:56:29.479349504,3,14350,147,58
36.418586,-89.875692,2026-09-11 05:56:29.479348480,3,7116,187,46
36.716719,-89.310962,2026-09-11 05:56:29.819506944,3,5345,115,122
36.756312,-89.302943,2026-09-11 05:56:29.819522560,3,6079,207,106
36.694964,-89.225454,2026-09-11 05:56:29.819501568,3,4547,214,91
36.818016,-89.310209,2026-09-11 05:56:29.819543808,3,8775,216,77
36.698941,-89.29972,2026-09-11 05:56:29.819574528,3,11589,130,63
36.718718,-89.308204,2026-09-11 05:56:29.839097088,3,8648,175,54
36.742476,-89.316602,2026-09-11 05:56:29.839170560,3,9100,207,42
36.792738,-89.160315,2026-09-11 05:56:37.629927424,3,13307,99,44
36.843968,-89.20623,2026-09-11 05:56:37.630009856,3,14771,117,31
36.828097,-89.162572,2026-09-11 05:56:37.629989120,3,11864,158,18
36.825957,-89.203098,2026-09-11 05:56:37.645312000,3,9998,103,17
36.726838,-89.350664,2026-09-11 05:56:38.716932608,3,12381,97,89
36.751404,-89.359662,2026-09-11 05:56:38.716942080,3,10712,118,72
36.72244,-89.45033,2026-09-11 05:56:38.716968192,3,8548,166,57
36.81972,-89.357847,2026-09-11 05:56:38.717017344,3,5637,219,44
36.731847,-89.313619,2026-09-11 05:56:38.789879552,3,7457,100,45
36.768,-89.341893,2026-09-11 05:56:38.789951488,3,9281,128,34
36.756351,-89.341667,2026-09-11 05:56:38.789945088,3,6788,158,25
36.726093,-89.321627,2026-09-11 05:56:38.834924544,3,8997,101,45
36.764876,-89.335719,2026-09-11 05:56:38.834995200,3,7229,125,28
36.730591,-89.318363,2026-09-11 05:56:38.924427264,3,3634,107,55
36.828654,-89.292178,2026-09-11 05:56:38.924455680,3,10624,97,41
36.799326,-89.315702,2026-09-11 05:56:38.924508160,3,5108,218,28
36.798497,-89.249547,2026-09-11 05:56:38.954696960,3,11870,117,52
36.794879,-89.398199,2026-09-11 05:56:38.954729472,3,14749,155,45
25.204062,-109.748726,2026-09-11 05:56:39.1610496,3,11464,214,72
18.742833,-79.308393,2026-09-11 05:56:46.88315648,3,6877,270,50
36.725246,-89.310492,2026-09-11 05:56:47.314507008,3,13278,92,40
36.730887,-89.312534,2026-09-11 05:56:47.314511872,3,12617,124,80
36.710885,-89.291213,2026-09-11 05:56:47.314575360,3,11411,143,62
36.781344,-89.307258,2026-09-11 05:56:47.314582528,3,10484,207,49
36.79079,-89.302018,2026-09-11 05:56:47.314582016,3,10307,205,25
36.230804,-89.449208,2026-09-11 05:56:47.348393472,3,13005,265,27
36.71576,-89.310355,2026-09-11 05:56:47.394029568,3,14325,90,49
36.731912,-89.327704,2026-09-11 05:56:47.394102016,3,13441,164,36
36.767649,-89.305721,2026-09-11 05:56:47.394105088,3,11730,201,23
37.03684,-85.691663,2026-09-11 05:56:47.456233984,3,4078,164,109
37.082671,-85.725606,2026-09-11 05:56:47.456252160,3,10043,207,96
37.09425,-85.717763,2026-09-11 05:56:47.456261888,3,7974,239,78
37.114958,-85.71665,2026-09-11 05:56:47.456273408,3,8782,144,63
37.03667,-85.822022,2026-09-11 05:56:47.456283904,3,5426,143,49
37.052017,-85.728517,2026-09-11 05:56:47.456308224,3,5266,140,36
37.045632,-85.722901,2026-09-11 05:56:47.498560256,3,3436,163,37
37.091917,-85.718402,2026-09-11 05:56:47.498640128,3,5918,121,24
36.722176,-89.302622,2026-09-11 05:56:47.512320256,3,12596,92,46
36.717146,-89.283876,2026-09-11 05:56:47.512321280,3,4630,218,89
36.805672,-89.277456,2026-09-11 05:56:47.512354560,3,8934,204,76
36.712993,-89.394776,2026-09-11 05:56:47.512366336,3,4557,267,54
37.049418,-85.689798,2026-09-11 05:56:47.543479040,3,4352,159,84
37.089923,-85.710911,2026-09-11 05:56:47.543496448,3,8166,218,72
37.046186,-85.902569,2026-09-11 05:56:47.543499008,3,13147,189,58
37.1123,-85.724761,2026-09-11 05:56:47.543561984,3,6726,208,36
37.050116,-85.745032,2026-09-11 05:56:47.748583168,3,7781,164,45
37.115053,-85.717368,2026-09-11 05:56:47.748678144,3,6406,168,29
37.051833,-85.752543,2026-09-11 05:56:47.801293824,3,9837,164,31
36.716529,-89.310256,2026-09-11 05:56:47.853004288,3,12370,92,91
36.735196,-89.316148,2026-09-11 05:56:47.853008384,3,8549,118,76
36.707167,-89.302101,2026-09-11 05:56:47.853062400,3,13518,89,59
36.707314,-89.365449,2026-09-11 05:56:55.311939328,3,11267,93,111
36.749431,-89.353384,2026-09-11 05:56:55.311952640,3,8014,205,107
36.73864,-89.387742,2026-09-11 05:56:55.311949824,3,11793,120,89
36.800379,-89.370536,2026-09-11 05:56:55.311977472,3,9331,130,72
36.704076,-89.498765,2026-09-11 05:56:55.311979264,3,11483,183,59
36.738373,-89.355717,2026-09-11 05:56:55.312017408,3,11791,158,34
36.717863,-89.37481,2026-09-11 05:56:55.360962304,3,11900,109,67
36.706434,-89.386539,2026-09-11 05:56:55.361020416,3,13484,178,48
36.693267,-89.497326,2026-09-11 05:56:55.360994304,3,7175,249,27
36.753739,-89.396869,2026-09-11 05:56:55.423118592,3,13814,126,28
36.737396,-89.411685,2026-09-11 05:56:55.423123968,3,9195,135,21
36.682545,-89.393257,2026-09-11 05:56:55.463926528,3,6496,117,19
36.71215,-89.402034,2026-09-11 05:56:55.463998976,3,11262,125,31
36.765837,-89.386213,2026-09-11 05:56:55.464008448,3,8890,218,24
36.675349,-89.396271,2026-09-11 05:56:55.896033536,3,3523,109,73
36.702816,-89.414191,2026-09-11 05:56:55.896041216,3,7895,118,58
36.698809,-89.388718,2026-09-11 05:56:55.896106496,3,8553,164,44
36.748458,-89.39845,2026-09-11 05:56:55.896112896,3,7894,206,31
37.28299,-85.68889,2026-09-11 05:57:05.942427392,3,14041,99,21
37.436807,-85.786413,2026-09-11 05:57:06.25138688,3,12207,162,32
37.441328,-85.797164,2026-09-11 05:57:06.25127936,3,5092,165,19
37.081266,-85.729612,2026-09-11 05:57:06.133563648,3,9353,164,35
37.233669,-85.638019,2026-09-11 05:57:06.133679616,3,10902,244,21
29.649962,-111.559806,2026-09-11 05:57:06.268052992,3,11990,222,31
29.646784,-111.533234,2026-09-11 05:57:06.268054272,3,12083,229,75
36.758508,-89.351819,2026-09-11 05:57:14.327018752,3,4771,158,146
36.741216,-89.360665,2026-09-11 05:57:14.327011584,3,10143,105,134
36.744749,-89.384657,2026-09-11 05:57:14.327013632,3,6585,139,115
36.780162,-89.365064,2026-09-11 05:57:14.327030272,3,3064,213,96
36.715862,-89.375147,2026-09-11 05:57:14.327014144,3,8894,133,84
30.292129,-109.699755,2026-09-11 05:57:21.427298048,3,9987,211,70
30.290505,-109.69024,2026-09-11 05:57:21.427352832,3,9360,220,69
30.315973,-109.70101,2026-09-11 05:57:21.427371520,3,9510,244,53
30.332945,-109.69164,2026-09-11 05:57:21.427375360,3,7619,261,34
30.170693,-109.92643,2026-09-11 05:57:21.427359232,3,10221,241,21
30.180615,-109.891294,2026-09-11 05:57:21.487938560,3,6176,250,23
30.281217,-109.695466,2026-09-11 05:57:21.582830848,3,10345,221,73
30.278848,-109.706686,2026-09-11 05:57:21.582833664,3,8209,233,74
30.124955,-86.848611,2026-09-11 05:57:22.219167232,3,5964,152,65
30.164111,-86.845859,2026-09-11 05:57:22.261446400,3,8883,156,21
30.110006,-86.851934,2026-09-11 05:57:22.294100992,3,11118,143,51
40.286954,-31.737599,2026-09-11 05:57:30.436158464,3,10741,197,21
36.732816,-89.251537,2026-09-11 05:57:30.609739520,3,4933,105,85
36.746995,-89.264941,2026-09-11 05:57:30.609745920,3,8286,118,65
36.785363,-89.251724,2026-09-11 05:57:30.609813248,3,8544,132,51
36.725008,-89.238842,2026-09-11 05:57:30.657476864,3,4521,105,72
36.745654,-89.257762,2026-09-11 05:57:30.657486080,3,5911,118,53
36.728684,-89.359165,2026-09-11 05:57:30.657512960,3,8517,169,40
36.825127,-89.224009,2026-09-11 05:57:30.657572608,3,6021,203,24
36.724922,-89.24126,2026-09-11 05:57:30.684086016,3,10994,100,52
36.748981,-89.269858,2026-09-11 05:57:30.684155392,3,11095,125,39
36.764453,-89.230991,2026-09-11 05:57:30.684166144,3,10683,200,26
36.727949,-89.234908,2026-09-11 05:57:30.713923584,3,4154,105,69
36.751466,-89.246826,2026-09-11 05:57:30.714000384,3,13921,148,52
36.739742,-89.248766,2026-09-11 05:57:30.713993728,3,4738,151,39
36.724754,-89.236061,2026-09-11 05:57:30.757814272,3,5148,105,74
36.75145,-89.266158,2026-09-11 05:57:30.757821184,3,4698,129,57
36.734931,-89.24728,2026-09-11 05:57:30.757885440,3,7206,158,44
36.723416,-89.2415,2026-09-11 05:57:30.802896896,3,9336,100,41
36.754751,-89.259459,2026-09-11 05:57:30.802974464,3,11410,118,25
36.72767,-89.233121,2026-09-11 05:57:30.845859584,3,6463,105,50
36.768408,-89.265774,2026-09-11 05:57:30.845935616,3,11710,153,35
25.944835,-110.718709,2026-09-11 05:57:39.401809920,3,5862,256,22
25.934561,-110.711747,2026-09-11 05:57:39.434956032,3,7045,254,39
26.063717,-110.686099,2026-09-11 05:57:39.435001088,3,10022,269,25
25.967778,-110.704905,2026-09-11 05:57:39.541039360,3,7557,255,25
25.976104,-110.711618,2026-09-11 05:57:39.541036288,3,12809,252,57
25.974007,-110.708069,2026-09-11 05:57:39.573328640,3,7385,254,32
27.211503,-111.265593,2026-09-11 05:57:39.860983296,3,13991,248,38
24.637077,-109.716449,2026-09-11 05:57:40.232012544,3,10890,244,24
26.900206,-106.826158,2026-09-11 05:57:41.20371456,3,10210,254,51
29.448153,-111.092138,2026-09-11 05:57:48.498585344,3,10340,230,36
29.543123,-111.085153,2026-09-11 05:57:48.498616576,3,9453,260,19
39.300276,-32.756507,2026-09-11 05:57:49.27960064,3,5817,202,23
36.705803,-89.290634,2026-09-11 05:57:57.527593984,3,9880,107,88
36.72889,-89.290892,2026-09-11 05:57:57.527599360,3,11469,118,67
36.630792,-89.492957,2026-09-11 05:57:57.527586816,3,7873,253,48
36.687199,-89.314514,2026-09-11 05:57:58.152422656,3,5081,186,50
36.705744,-89.313996,2026-09-11 05:57:58.152482048,3,12739,153,38
33.898876,137.27326,2026-09-11 05:55:08.58960640,4,7392,210,53
33.851944,137.283862,2026-09-11 05:55:08.58949632,4,12909,198,39
33.865226,137.243638,2026-09-11 05:55:08.58948864,4,11451,112,20
33.877016,137.260123,2026-09-11 05:55:08.98232064,4,12552,199,26
33.912177,137.276287,2026-09-11 05:55:08.121290240,4,14892,199,40
33.853015,137.279826,2026-09-11 05:55:08.121286400,4,5680,218,44
33.859015,137.2668,2026-09-11 05:55:08.164880640,4,6927,212,34
33.855656,137.275501,2026-09-11 05:55:09.10367744,4,6755,200,48
33.853029,137.273205,2026-09-11 05:55:09.10361344,4,7183,203,30
33.83808,137.268261,2026-09-11 05:55:09.159641856,4,4526,248,52
33.842177,137.266244,2026-09-11 05:55:09.159642368,4,14541,198,36
33.848996,137.264536,2026-09-11 05:55:09.320473856,4,4481,198,40
33.837355,137.275888,2026-09-11 05:55:09.570342912,4,3820,198,18
49.507048,132.280777,2026-09-11 05:55:10.464257280,4,4143,225,31
43.152184,17.268904,2026-09-11 05:55:37.12832256,4,5049,132,30
43.102898,17.300881,2026-09-11 05:55:37.129272832,4,14864,136,26
43.791352,16.478912,2026-09-11 05:55:41.344755200,4,4894,176,36
43.825122,16.564805,2026-09-11 05:55:41.344770048,4,14332,118,23
43.771991,16.505253,2026-09-11 05:55:41.698166016,4,10579,174,27
43.762742,16.500777,2026-09-11 05:55:41.743510784,4,8885,125,17
43.769882,16.51041,2026-09-11 05:55:41.791800576,4,8459,142,26
16.732866,135.581095,2026-09-11 05:55:43.915499520,4,5385,255,44
16.665809,135.669749,2026-09-11 05:55:44.537544192,4,10668,238,15
33.831841,137.280702,2026-09-11 05:55:45.961819904,4,6821,209,39
33.787222,137.265314,2026-09-11 05:55:46.22207232,4,2372,247,39
33.814585,137.276165,2026-09-11 05:55:46.22217728,4,4686,199,27
33.902746,137.257234,2026-09-11 05:55:46.45246464,4,14400,197,17
33.857072,137.252793,2026-09-11 05:55:46.404822016,4,2647,245,33
33.849642,137.275623,2026-09-11 05:55:46.547910912,4,8387,198,21
33.915814,137.320321,2026-09-11 05:55:47.98244096,4,3916,197,20
44.660792,17.689581,2026-09-11 05:55:48.559878912,4,6230,138,24
44.655684,17.660633,2026-09-11 05:55:48.601723904,4,9247,106,17
44.658755,17.681817,2026-09-11 05:55:48.670742528,4,5796,124,26
51.184513,137.476727,2026-09-11 05:55:58.950628096,4,6769,226,24
43.193834,17.352424,2026-09-11 05:56:02.156667136,4,10271,134,14
33.837955,137.273508,2026-09-11 05:56:05.643780096,4,4114,246,50
33.844439,137.291389,2026-09-11 05:56:05.643782144,4,4498,219,34
33.893832,137.221367,2026-09-11 05:56:05.643793152,4,13302,114,18
33.837446,137.300986,2026-09-11 05:56:05.653997568,4,13155,198,21
33.842879,137.273947,2026-09-11 05:56:05.737377280,4,2667,245,40
33.842357,137.269628,2026-09-11 05:56:05.737375744,4,3693,198,30
33.832213,137.274937,2026-09-11 05:56:05.764306688,4,3721,246,32
33.803764,137.252642,2026-09-11 05:56:05.800962816,4,2660,203,35
33.824037,137.28661,2026-09-11 05:56:05.800975104,4,5140,198,22
33.832465,137.279006,2026-09-11 05:56:05.831543552,4,3963,198,27
33.842154,137.273218,2026-09-11 05:56:06.291231744,4,3927,245,29
33.834217,137.279785,2026-09-11 05:56:06.309114624,4,3160,198,22
33.835936,137.369966,2026-09-11 05:56:07.5706752,4,3055,245,42
33.825036,137.387804,2026-09-11 05:56:07.5705472,4,10118,200,26
33.813539,137.345857,2026-09-11 05:56:07.153685248,4,4458,247,43
33.809051,137.351108,2026-09-11 05:56:07.153685248,4,6136,200,26
33.802369,137.357218,2026-09-11 05:56:07.245065216,4,3668,200,27
33.811688,137.357738,2026-09-11 05:56:07.308297984,4,1205,210,24
33.88852,137.346812,2026-09-11 05:56:07.438740480,4,12784,200,13
33.80632,137.353,2026-09-11 05:56:07.459617792,4,4412,200,24
33.806434,137.349904,2026-09-11 05:56:07.516721920,4,2737,247,31
33.881905,137.34783,2026-09-11 05:56:07.727203840,4,13465,200,17
44.944006,17.69152,2026-09-11 05:56:32.678160128,4,3691,245,39
44.901947,17.736195,2026-09-11 05:56:32.678150912,4,13069,122,29
43.17584,17.31709,2026-09-11 05:56:34.298786560,4,5943,135,34
48.269968,132.918812,2026-09-11 05:56:34.642960384,4,14570,220,24
42.998195,17.731903,2026-09-11 05:56:42.14899456,4,8892,136,20
33.846123,137.294789,2026-09-11 05:56:45.167806464,4,6516,246,49
33.855839,137.305761,2026-09-11 05:56:45.167809536,4,10372,198,31
33.862872,137.293674,2026-09-11 05:56:45.296860160,4,4280,245,44
33.849853,137.32115,2026-09-11 05:56:45.296862208,4,11680,198,27
33.811023,137.300841,2026-09-11 05:56:45.366123008,4,2977,246,38
33.855033,137.311927,2026-09-11 05:56:45.366137088,4,10940,198,26
33.864601,137.288587,2026-09-11 05:56:45.409799168,4,4459,244,42
33.830687,137.322039,2026-09-11 05:56:45.409798400,4,3301,205,29
33.855134,137.307409,2026-09-11 05:56:45.508712704,4,5539,219,42
33.835838,137.319522,2026-09-11 05:56:45.508705280,4,6952,211,27
33.851363,137.290581,2026-09-11 05:56:45.575497216,4,6495,198,26
33.883591,137.296897,2026-09-11 05:56:46.584841216,4,11085,199,38
33.857166,137.305014,2026-09-11 05:56:46.584829184,4,9104,198,19
40.792146,13.847177,2026-09-11 05:56:47.922223872,4,7516,218,23
44.029205,16.8482,2026-09-11 05:56:53.46226176,4,12091,119,21
25.87443,-110.502751,2026-09-11 05:56:53.238868480,4,14744,265,21
36.714135,-89.368306,2026-09-11 05:56:55.311946752,4,8360,116,20
43.179251,17.32189,2026-09-11 05:56:56.367547136,4,12768,134,28
43.175382,17.329658,2026-09-11 05:56:56.403108352,4,6710,134,21
43.185649,17.319699,2026-09-11 05:56:56.997359872,4,9888,134,15
36.729741,-89.359567,2026-09-11 05:57:14.396661760,4,8918,108,24
44.531003,17.538705,2026-09-11 05:57:17.169587200,4,8724,108,25
44.346387,17.41192,2026-09-11 05:57:17.595097344,4,13075,112,37
44.608073,17.660568,2026-09-11 05:57:17.828520704,4,3894,250,45
44.574639,17.697286,2026-09-11 05:57:17.828511744,4,6940,127,31
44.609043,17.580937,2026-09-11 05:57:17.934789120,4,9648,107,30
43.629548,16.378946,2026-09-11 05:57:18.564045312,4,5449,128,35
43.643835,16.372999,2026-09-11 05:57:18.590286592,4,7649,128,26
33.849137,137.282006,2026-09-11 05:57:20.758450432,4,5309,220,40
33.891776,137.218601,2026-09-11 05:57:20.758470144,4,12455,114,23
33.878135,137.261325,2026-09-11 05:57:20.818689792,4,3246,222,35
33.821877,137.287955,2026-09-11 05:57:20.818674688,4,7330,210,22
33.84403,137.267959,2026-09-11 05:57:21.639039488,4,5915,198,35
33.840739,137.259393,2026-09-11 05:57:21.712338944,4,5134,198,29
33.880818,137.260047,2026-09-11 05:57:21.825513216,4,3436,221,33
33.842086,137.270388,2026-09-11 05:57:21.825504000,4,8404,218,19
33.834215,137.265696,2026-09-11 05:57:21.904024064,4,3460,198,28
33.840145,137.260573,2026-09-11 05:57:22.20792064,4,4025,246,37
33.811246,137.281039,2026-09-11 05:57:22.20792320,4,5008,199,22
43.07727,17.265768,2026-09-11 05:57:22.191585024,4,12463,153,24
43.071414,17.247809,2026-09-11 05:57:22.230318080,4,9672,137,44
33.85005,137.275099,2026-09-11 05:57:33.991315968,4,3476,245,46
33.840804,137.297541,2026-09-11 05:57:33.991319296,4,9883,198,30
33.845929,137.275811,2026-09-11 05:57:34.52858624,4,4632,245,30
33.853054,137.277452,2026-09-11 05:57:34.52861440,4,7683,198,18
33.847588,137.275606,2026-09-11 05:57:34.106255360,4,5693,198,31
33.833523,137.272686,2026-09-11 05:57:34.163622144,4,6903,204,43
33.847035,137.291591,2026-09-11 05:57:34.163633152,4,10087,198,28
33.837059,137.279828,2026-09-11 05:57:34.227099136,4,3763,198,29
33.844305,137.280706,2026-09-11 05:57:34.288544768,4,3628,198,27
33.861768,137.280153,2026-09-11 05:57:34.329001216,4,4156,208,15
33.854744,137.272598,2026-09-11 05:57:34.504262912,4,4376,245,35
33.851234,137.278468,2026-09-11 05:57:34.504258816,4,7098,198,21
33.895299,137.275946,2026-09-11 05:57:34.514217472,4,10222,198,16
33.855643,137.275191,2026-09-11 05:57:34.585494528,4,6995,198,29
33.9232,137.274234,2026-09-11 05:57:34.612919808,4,11780,196,14
33.851496,137.281319,2026-09-11 05:57:34.725896448,4,3025,198,27
33.853124,137.272679,2026-09-11 05:57:34.772178432,4,9979,198,24
33.850134,137.273945,2026-09-11 05:57:34.817883648,4,9510,198,25
33.846704,137.283687,2026-09-11 05:57:34.969372160,4,3914,198,18
33.986587,137.214756,2026-09-11 05:57:34.971300096,4,10475,192,19
36.701976,-89.319348,2026-09-11 05:57:42.690625024,4,6826,107,24
33.872455,137.259927,2026-09-11 05:57:45.334897920,4,7073,197,28
43.097753,17.281447,2026-09-11 05:57:45.478326016,4,12007,136,34
43.103677,17.27851,2026-09-11 05:57:45.530561536,4,8976,136,23
43.098615,17.275219,2026-09-11 05:57:45.553885184,4,9674,136,17
33.84308,137.259446,2026-09-11 05:57:45.574271744,4,4860,246,42
33.8291,137.277354,2026-09-11 05:57:45.574274048,4,9892,198,24
33.844801,137.275136,2026-09-11 05:57:45.648744704,4,3340,204,24
33.845665,137.254657,2026-09-11 05:57:46.29511168,4,5340,197,26
43.003434,17.799496,2026-09-11 05:57:46.69585408,4,7282,135,27
42.996466,17.727217,2026-09-11 05:57:58.197880576,4,8891,136,25
43.004388,17.820863,2026-09-11 05:57:58.933731328,4,13793,135,25
44.055196,16.906594,2026-09-11 05:57:59.463488000,4,13856,118,19
25.327054,-109.742099,2026-09-11 05:55:07.396010240,7,12827,255,18
25.238368,-109.953935,2026-09-11 05:55:07.466194688,7,8674,255,19
29.310359,-111.242575,2026-09-11 05:55:09.118942720,7,8130,264,25
29.066972,-111.659114,2026-09-11 05:55:09.319843328,7,10822,237,14
29.124909,-111.6016,2026-09-11 05:55:09.517299712,7,3633,236,19
21.296946,-100.561188,2026-09-11 05:55:26.676673536,7,8514,252,14
21.313507,-100.558476,2026-09-11 05:55:26.815800064,7,6510,258,22
24.997306,-91.703844,2026-09-11 05:55:27.675510528,7,7593,235,32
25.387852,-91.565728,2026-09-11 05:55:27.675664384,7,12624,232,24
25.264007,-91.695493,2026-09-11 05:55:27.737272064,7,5434,235,18
25.301767,-91.67936,2026-09-11 05:55:27.783817472,7,11249,173,15
25.243482,-91.69194,2026-09-11 05:55:27.825725696,7,6380,231,16
25.282308,-91.663163,2026-09-11 05:55:27.928997632,7,12752,230,16
25.26246,-91.651024,2026-09-11 05:55:28.129148416,7,7646,235,15
27.329441,-79.842295,2026-09-11 05:55:36.810114816,7,3584,258,21
27.32948,-79.842299,2026-09-11 05:55:36.810114816,7,3583,258,12
17.889606,-95.66797,2026-09-11 05:56:37.984283904,7,9188,230,13
25.215747,-110.073596,2026-09-11 05:56:39.1568768,7,3791,267,26
20.693349,-86.328762,2026-09-11 05:56:51.475819520,7,11142,270,12
25.514694,-110.870584,2026-09-11 05:56:53.238681856,7,9652,247,17
25.65292,-110.779477,2026-09-11 05:56:53.532303616,7,6583,261,21
17.049925,-80.938614,2026-09-11 05:57:10.723291136,7,8857,248,14
29.991131,-86.883647,2026-09-11 05:57:22.219175168,7,3526,142,25
26.379063,-110.587606,2026-09-11 05:57:39.541179648,7,14461,253,19
25.935836,-110.728051,2026-09-11 05:57:39.573320704,7,11894,255,17
17.013024,-95.188926,2026-09-11 05:57:39.724856832,7,14184,263,13
26.968001,-106.796386,2026-09-11 05:57:41.130739712,7,12926,214,16
25.785547,-53.589053,2026-09-11 05:57:53.6281984,7,6362,224,29
25.320652,-109.915165,2026-09-11 05:57:53.451049728,7,14759,255,17
29.934846,-110.384866,2026-09-11 05:57:53.889178112,7,4270,252,21
33.830105,137.27566,2026-09-11 05:55:08.58941440,9,11827,246,53
33.840593,137.265226,2026-09-11 05:55:08.58941952,9,12754,198,35
33.901197,137.201122,2026-09-11 05:55:08.58958336,9,8028,123,16
33.833027,137.274121,2026-09-11 05:55:08.98214400,9,5904,208,25
33.84667,137.274557,2026-09-11 05:55:08.121284352,9,3027,211,37
33.840159,137.287903,2026-09-11 05:55:08.121278976,9,10389,198,38
33.795012,137.31161,2026-09-11 05:55:08.164871936,9,3400,212,24
33.830151,137.281901,2026-09-11 05:55:08.164878336,9,8868,231,13
33.855831,137.275291,2026-09-11 05:55:09.10367744,9,6757,200,47
33.830774,137.292717,2026-09-11 05:55:09.10353920,9,8352,198,29
33.817628,137.242401,2026-09-11 05:55:09.16907520,9,7726,198,22
29.247733,-111.268241,2026-09-11 05:55:09.118920448,9,9305,254,11
33.838078,137.268259,2026-09-11 05:55:09.159641856,9,4526,248,49
33.852499,137.260019,2026-09-11 05:55:09.159645952,9,2252,208,31
33.814551,137.201839,2026-09-11 05:55:09.159669760,9,8780,222,28
33.921845,137.266869,2026-09-11 05:55:09.246168576,9,12515,208,10
33.815901,137.265664,2026-09-11 05:55:09.320463872,9,13507,198,28
33.837355,137.275888,2026-09-11 05:55:09.570342912,9,3820,198,18
30.024641,-110.150505,2026-09-11 05:55:16.663424768,9,10151,248,12
36.192631,-91.387775,2026-09-11 05:55:21.444759552,9,12614,225,13
33.846632,137.255678,2026-09-11 05:55:25.224871680,9,6531,245,42
33.829395,137.282555,2026-09-11 05:55:25.224871424,9,6106,198,24
33.856306,137.260308,2026-09-11 05:55:25.254520320,9,6671,197,22
33.826092,137.272858,2026-09-11 05:55:25.335891200,9,3824,246,41
33.831013,137.281047,2026-09-11 05:55:25.335894528,9,3657,198,25
33.835858,137.27183,2026-09-11 05:55:25.361947392,9,4007,198,14
49.093756,133.154743,2026-09-11 05:55:34.514180096,9,8337,232,12
16.732778,135.581108,2026-09-11 05:55:43.915499520,9,5385,255,43
16.679474,135.624664,2026-09-11 05:55:44.537557504,9,4955,238,15
33.817738,137.282709,2026-09-11 05:55:45.961818624,9,8342,199,36
33.838623,137.244594,2026-09-11 05:55:45.963462144,9,2129,245,28
33.831601,137.256412,2026-09-11 05:55:45.963461888,9,2079,198,23
33.797615,137.293647,2026-09-11 05:55:46.22216448,9,7687,199,25
33.8171,137.269694,2026-09-11 05:55:46.45225984,9,3660,198,17
33.870449,137.270451,2026-09-11 05:55:46.404827392,9,1454,208,28
33.854363,137.258588,2026-09-11 05:55:46.404825088,9,4163,197,18
33.847982,137.273444,2026-09-11 05:55:46.547910656,9,8389,198,20
33.890265,137.324326,2026-09-11 05:55:47.98237440,9,1802,243,20
30.051923,-110.164456,2026-09-11 05:55:57.576914688,9,10280,248,9
30.045326,-110.166777,2026-09-11 05:55:57.790110464,9,8861,248,9
51.15868,137.420637,2026-09-11 05:55:58.950642176,9,12998,239,21
26.333943,-110.711261,2026-09-11 05:56:04.805709824,9,7976,264,11
33.828718,137.26928,2026-09-11 05:56:05.643776768,9,6916,246,49
33.823896,137.307762,2026-09-11 05:56:05.643782656,9,13410,199,30
33.860343,137.275342,2026-09-11 05:56:05.654002688,9,7311,200,19
33.890046,137.272014,2026-09-11 05:56:05.685139712,9,8216,200,11
33.893765,137.271717,2026-09-11 05:56:05.697628672,9,7173,198,10
33.83581,137.279911,2026-09-11 05:56:05.710848768,9,3568,198,17
33.834036,137.269897,2026-09-11 05:56:05.737374464,9,4728,246,36
33.838874,137.267925,2026-09-11 05:56:05.737373440,9,5618,198,20
33.840187,137.269138,2026-09-11 05:56:05.764310016,9,4827,245,32
33.843047,137.269022,2026-09-11 05:56:05.764310784,9,4673,198,15
33.806943,137.291709,2026-09-11 05:56:05.800971776,9,2076,199,23
33.831215,137.274942,2026-09-11 05:56:05.800973824,9,11197,210,14
33.838474,137.272948,2026-09-11 05:56:05.831546368,9,5422,198,26
33.836421,137.271591,2026-09-11 05:56:06.291230720,9,4594,245,29
33.836016,137.270405,2026-09-11 05:56:06.291233280,9,6630,198,13
33.843234,137.270993,2026-09-11 05:56:06.309118720,9,5177,198,22
33.822033,137.376301,2026-09-11 05:56:07.5702912,9,786,246,38
33.825036,137.387804,2026-09-11 05:56:07.5705472,9,10118,200,26
33.813585,137.345876,2026-09-11 05:56:07.153685248,9,4460,247,39
33.811185,137.338315,2026-09-11 05:56:07.153683968,9,13408,199,20
33.827525,137.354251,2026-09-11 05:56:07.245069568,9,729,210,27
33.811613,137.347211,2026-09-11 05:56:07.245063680,9,5014,199,14
33.803666,137.35532,2026-09-11 05:56:07.308296704,9,3967,200,24
33.809217,137.355958,2026-09-11 05:56:07.402024704,9,3286,200,17
33.814042,137.359117,2026-09-11 05:56:07.438722560,9,2125,247,13
33.809943,137.354285,2026-09-11 05:56:07.459618304,9,2613,210,24
33.815324,137.349209,2026-09-11 05:56:07.516723968,9,4041,199,27
33.797957,137.353253,2026-09-11 05:56:07.727184128,9,3772,247,15
33.854037,137.277247,2026-09-11 05:56:26.427277568,9,9203,244,43
33.829643,137.259533,2026-09-11 05:56:26.427268352,9,10168,225,23
33.870478,137.269897,2026-09-11 05:56:26.756120320,9,11619,200,41
33.845601,137.260456,2026-09-11 05:56:26.756102400,9,14784,198,21
33.891957,137.29625,2026-09-11 05:56:26.808192768,9,6783,199,11
33.830271,137.26323,2026-09-11 05:56:26.860940288,9,4038,246,43
33.823275,137.286972,2026-09-11 05:56:26.860942592,9,10088,198,29
33.826293,137.272015,2026-09-11 05:56:26.904110592,9,2171,198,12
47.942151,132.543461,2026-09-11 05:56:34.594665216,9,2728,236,31
47.976814,132.46155,2026-09-11 05:56:34.594688768,9,4995,230,18
25.363865,-109.829175,2026-09-11 05:56:39.1665536,9,8738,266,11
33.856489,137.299479,2026-09-11 05:56:45.167810560,9,3688,245,50
33.850648,137.316318,2026-09-11 05:56:45.167812608,9,9440,198,34
34.253679,136.848238,2026-09-11 05:56:45.167914496,9,14327,209,14
33.840098,137.346026,2026-09-11 05:56:45.181622784,9,14884,201,17
33.862872,137.293674,2026-09-11 05:56:45.296860160,9,4280,245,44
33.849856,137.321141,2026-09-11 05:56:45.296859904,9,11681,198,26
33.842177,137.31862,2026-09-11 05:56:45.333113088,9,3827,209,16
33.820407,137.298358,2026-09-11 05:56:45.366125312,9,1822,246,36
33.862244,137.289166,2026-09-11 05:56:45.366131456,9,8112,198,21
33.834577,137.297153,2026-09-11 05:56:45.409792256,9,2240,245,40
33.783142,137.264794,2026-09-11 05:56:45.409773312,9,2026,199,28
33.835588,137.316129,2026-09-11 05:56:45.409797376,9,7712,204,19
33.870796,137.304638,2026-09-11 05:56:45.508716544,9,8756,209,39
33.830174,137.313073,2026-09-11 05:56:45.508711936,9,6539,217,21
33.854354,137.291942,2026-09-11 05:56:45.575497472,9,6630,198,25
33.858025,137.292823,2026-09-11 05:56:46.584826624,9,3762,245,38
33.862006,137.295183,2026-09-11 05:56:46.584826368,9,5345,198,21
33.854414,137.299819,2026-09-11 05:56:46.706391040,9,1787,245,13
33.857422,137.299577,2026-09-11 05:56:46.784974336,9,1683,198,12
49.695724,132.794451,2026-09-11 05:56:49.878049280,9,13049,230,17
33.850841,137.301612,2026-09-11 05:57:01.357589504,9,5027,245,35
33.849821,137.29841,2026-09-11 05:57:01.357586176,9,5449,198,16
33.871104,137.2997,2026-09-11 05:57:01.438599424,9,4774,245,37
33.895353,137.306408,2026-09-11 05:57:01.438612224,9,6530,208,16
33.849436,137.310954,2026-09-11 05:57:01.472710912,9,3283,245,11
33.848261,137.283138,2026-09-11 05:57:01.524793600,9,2869,245,11
33.839315,137.305267,2026-09-11 05:57:01.851066368,9,5338,245,43
33.822465,137.339471,2026-09-11 05:57:01.851068928,9,7385,199,26
33.876153,137.283939,2026-09-11 05:57:20.758452480,9,14617,199,48
33.819892,137.292146,2026-09-11 05:57:20.758442240,9,6866,199,28
33.909174,137.245655,2026-09-11 05:57:20.758469120,9,14836,136,14
33.863024,137.260355,2026-09-11 05:57:20.818685184,9,7810,211,35
34.161027,136.940104,2026-09-11 05:57:20.818762752,9,11662,207,18
33.907595,137.275296,2026-09-11 05:57:20.840877824,9,10362,197,10
33.953265,137.325675,2026-09-11 05:57:21.396810240,9,8567,196,16
33.840001,137.255761,2026-09-11 05:57:21.639037952,9,6986,257,46
33.841605,137.280329,2026-09-11 05:57:21.639042816,9,10471,198,28
33.84076,137.259404,2026-09-11 05:57:21.712338944,9,5135,198,29
33.860753,137.266663,2026-09-11 05:57:21.825508864,9,5795,211,33
34.114059,136.968322,2026-09-11 05:57:21.825575680,9,7129,208,18
33.847906,137.256896,2026-09-11 05:57:21.904024576,9,5714,197,28
33.824625,137.256189,2026-09-11 05:57:22.20786688,9,7247,246,37
33.81947,137.27739,2026-09-11 05:57:22.20793344,9,2593,198,20
33.84634,137.26349,2026-09-11 05:57:22.236048128,9,5068,198,24
26.997861,-111.196667,2026-09-11 05:57:31.245497600,9,8766,262,12
33.846267,137.2759,2026-09-11 05:57:33.991311872,9,4437,245,47
33.860085,137.281684,2026-09-11 05:57:33.991319040,9,7284,203,26
33.845929,137.275811,2026-09-11 05:57:34.52858624,9,4632,245,30
33.858874,137.267759,2026-09-11 05:57:34.52865280,9,2834,208,17
33.847586,137.275607,2026-09-11 05:57:34.106250240,9,5693,245,28
33.873648,137.27242,2026-09-11 05:57:34.163636480,9,1290,248,43
33.847041,137.291576,2026-09-11 05:57:34.163629824,9,10089,198,27
33.856088,137.281625,2026-09-11 05:57:34.216781056,9,2116,245,12
33.837023,137.279787,2026-09-11 05:57:34.227097088,9,3763,198,28
33.853512,137.27281,2026-09-11 05:57:34.227098880,9,4132,198,14
33.851651,137.279725,2026-09-11 05:57:34.288546560,9,3174,198,27
33.845989,137.283813,2026-09-11 05:57:34.329000704,9,1775,208,15
33.846849,137.275154,2026-09-11 05:57:34.504261120,9,5031,245,35
33.852342,137.273793,2026-09-11 05:57:34.504261376,9,3892,198,19
33.848444,137.282612,2026-09-11 05:57:34.514204160,9,1410,245,14
33.874649,137.270942,2026-09-11 05:57:34.585502208,9,1797,248,39
33.827201,137.30092,2026-09-11 05:57:34.585495040,9,6468,199,18
33.850196,137.285335,2026-09-11 05:57:34.612902912,9,3000,208,14
33.846405,137.277301,2026-09-11 05:57:34.725899264,9,4659,198,27
33.834078,137.281616,2026-09-11 05:57:34.772174592,9,5096,198,28
33.831049,137.293756,2026-09-11 05:57:34.817881088,9,6189,198,14
33.846704,137.283687,2026-09-11 05:57:34.969372160,9,3914,198,18
33.956075,137.214862,2026-09-11 05:57:34.971292672,9,2021,241,18
11.477266,125.26668,2026-09-11 05:57:40.774248960,9,8367,245,15
47.349134,132.136343,2026-09-11 05:57:43.749104128,9,3856,221,23
47.479629,132.404802,2026-09-11 05:57:43.749055744,9,7595,223,14
33.87247,137.259937,2026-09-11 05:57:45.334894848,9,7074,197,29
33.843095,137.259453,2026-09-11 05:57:45.574271744,9,4861,246,42
33.875127,137.249713,2026-09-11 05:57:45.574281984,9,2787,213,24
33.863352,137.235836,2026-09-11 05:57:45.574278144,9,11100,217,20
33.827774,137.291242,2026-09-11 05:57:45.648742656,9,973,204,25
33.825953,137.293331,2026-09-11 05:57:45.648738560,9,5344,204,15
33.907348,137.271893,2026-09-11 05:57:45.682824960,9,9884,199,11
33.81447,137.335158,2026-09-11 05:57:46.29521408,9,1190,217,33
33.851021,137.255261,2026-09-11 05:57:46.29517056,9,8314,197,18
25.351964,-109.92305,2026-09-11 05:57:53.304358400,9,8842,266,10
30.034681,-110.160917,2026-09-11 05:57:54.56653312,9,9132,248,9
35.984069,-91.441618,2026-09-11 05:55:00.674402304,13,9865,132,19
33.45154,-101.937572,2026-09-11 05:55:00.960911616,13,7923,160,28
33.345381,-101.891329,2026-09-11 05:55:01.31469312,13,3520,138,32
33.433276,-101.927033,2026-09-11 05:55:01.31489280,13,3834,201,19
36.22668,-91.3913,2026-09-11 05:55:05.224540672,13,11380,253,27
36.6747,-89.2447,2026-09-11 05:55:06.720311808,13,4919,80,54
36.678118,-89.252031,2026-09-11 05:55:06.720379136,13,6114,130,41
36.696825,-89.264991,2026-09-11 05:55:06.781029632,13,9351,108,64
36.7328,-89.392333,2026-09-11 05:55:06.781040128,13,10364,126,51
36.662063,-89.308899,2026-09-11 05:55:06.781077248,13,4859,143,34
36.66609,-89.258918,2026-09-11 05:55:06.816060928,13,8664,201,26
36.702685,-89.268612,2026-09-11 05:55:06.816137728,13,8200,152,20
36.704497,-89.271272,2026-09-11 05:55:07.258102784,13,9217,125,28
36.737216,-89.246858,2026-09-11 05:55:07.258119168,13,5927,257,26
25.316925,-109.733845,2026-09-11 05:55:07.396005888,13,3479,256,61
25.346218,-109.735236,2026-09-11 05:55:07.466270464,13,5781,257,48
36.668553,-89.041907,2026-09-11 05:55:07.660883968,13,10687,233,24
37.064597,-85.705246,2026-09-11 05:55:08.674811904,13,9543,163,32
37.057078,-85.697851,2026-09-11 05:55:08.777206528,13,7938,71,58
37.095659,-85.710975,2026-09-11 05:55:08.777263104,13,8203,103,41
37.171164,-85.686338,2026-09-11 05:55:08.777290496,13,7795,218,26
29.223744,-111.26911,2026-09-11 05:55:09.118854912,13,8836,230,92
29.198226,-111.272489,2026-09-11 05:55:09.118907648,13,9483,233,75
29.112581,-111.393158,2026-09-11 05:55:09.158934272,13,10167,191,24
29.148591,-111.326039,2026-09-11 05:55:09.319932928,13,9471,233,55
29.214105,-111.298126,2026-09-11 05:55:09.517390080,13,8487,233,57
29.207468,-111.30497,2026-09-11 05:55:09.693931264,13,6612,234,38
29.167581,-111.320638,2026-09-11 05:55:09.900071168,13,11699,191,20
30.48275,-79.995811,2026-09-11 05:55:10.196854784,13,6968,153,47
31.84994,-79.335289,2026-09-11 05:55:10.197410048,13,12701,243,48
36.521636,-36.917701,2026-09-11 05:55:10.466740480,13,7827,210,39
36.650867,-89.230949,2026-09-11 05:55:12.142113792,13,9126,99,36
36.675608,-89.250708,2026-09-11 05:55:12.142184960,13,7062,164,20
36.644598,-89.260593,2026-09-11 05:55:12.258780928,13,12529,182,52
37.112956,-85.739585,2026-09-11 05:55:14.791267584,13,7131,166,25
37.065115,-85.70214,2026-09-11 05:55:14.953355008,13,13463,177,25
36.710738,-89.153851,2026-09-11 05:55:15.30074880,13,14346,235,32
36.746961,-89.384092,2026-09-11 05:55:15.30088448,13,11011,140,19
36.538877,-89.430363,2026-09-11 05:55:16.62467584,13,14721,209,27
36.773043,-89.36375,2026-09-11 05:55:16.235353088,13,13670,113,45
36.730364,-89.297682,2026-09-11 05:55:16.235357696,13,14525,184,31
29.992508,-110.149575,2026-09-11 05:55:16.663356928,13,6474,218,100
29.954486,-110.154202,2026-09-11 05:55:16.663407616,13,4740,224,86
35.66566,-93.636831,2026-09-11 05:55:16.907812608,13,10078,155,41
35.793493,-93.493445,2026-09-11 05:55:16.907860480,13,12865,188,28
37.031503,-38.561896,2026-09-11 05:55:18.108907264,13,9968,225,84
37.301382,-85.892728,2026-09-11 05:55:19.420538624,13,14832,166,37
37.538482,-85.771563,2026-09-11 05:55:19.420608256,13,7089,250,24
36.867265,-89.195285,2026-09-11 05:55:21.179201792,13,5930,153,34
36.878833,-89.207325,2026-09-11 05:55:21.179201280,13,5279,156,28
36.832815,-89.204001,2026-09-11 05:55:21.310992640,13,7614,103,40
36.851136,-89.225609,2026-09-11 05:55:21.311059200,13,12494,134,25
36.837808,-89.202162,2026-09-11 05:55:21.436939264,13,11517,147,95
35.846321,-91.420706,2026-09-11 05:55:21.444637184,13,4204,204,69
35.837786,-91.429066,2026-09-11 05:55:21.444633344,13,9427,95,116
35.81487,-91.442951,2026-09-11 05:55:21.594992896,13,8835,112,107
35.811763,-91.431417,2026-09-11 05:55:21.595002112,13,6057,95,75
35.82762,-91.433113,2026-09-11 05:55:21.739884800,13,8965,95,70
35.824116,-91.427216,2026-09-11 05:55:21.814576384,13,11155,108,80
36.655785,-89.321496,2026-09-11 05:55:22.682346496,13,11645,130,26
35.175355,-93.744792,2026-09-11 05:55:22.760176640,13,7776,153,31
36.709874,-89.225371,2026-09-11 05:55:23.764567296,13,9628,78,47
36.753489,-89.266764,2026-09-11 05:55:23.764640512,13,10365,153,33
36.772059,-89.221196,2026-09-11 05:55:23.764650496,13,10369,219,17
36.697941,-89.235357,2026-09-11 05:55:24.143916544,13,14465,99,63
36.69123,-89.200516,2026-09-11 05:55:24.144000000,13,14881,108,45
36.784416,-89.236099,2026-09-11 05:55:24.144001792,13,11250,218,32
54.629303,-93.693851,2026-09-11 05:55:24.175077632,13,7261,211,33
36.711826,-89.224295,2026-09-11 05:55:24.214626816,13,8387,99,41
36.734708,-89.248213,2026-09-11 05:55:24.214696192,13,6808,136,27
36.732421,-89.234685,2026-09-11 05:55:24.311908608,13,14976,129,28
36.735398,-89.243411,2026-09-11 05:55:24.311904000,13,9213,151,15
36.739046,-89.244127,2026-09-11 05:55:24.394455808,13,9828,129,27
20.629317,-86.199258,2026-09-11 05:55:24.674722816,13,6204,253,94
21.354125,-100.54864,2026-09-11 05:55:26.676692992,13,5970,245,51
21.351805,-100.547016,2026-09-11 05:55:26.815809024,13,7183,246,94
36.816503,-89.124429,2026-09-11 05:55:26.871394560,13,9872,75,63
36.840511,-89.1668,2026-09-11 05:55:27.545559808,13,11131,153,29
25.333664,-91.572913,2026-09-11 05:55:27.675592192,13,9675,234,109
25.380697,-91.570184,2026-09-11 05:55:27.737320704,13,10433,264,36
25.286229,-91.678634,2026-09-11 05:55:27.783813120,13,4723,235,47
25.384889,-91.504411,2026-09-11 05:55:27.929054720,13,9945,215,28
25.061493,-91.604953,2026-09-11 05:55:28.129082368,13,13816,232,64
37.038441,-38.568423,2026-09-11 05:55:29.193908480,13,11059,181,42
37.040832,-85.721271,2026-09-11 05:55:29.740463104,13,10870,133,50
37.049573,-85.723747,2026-09-11 05:55:29.740531200,13,8065,103,37
37.086891,-85.705594,2026-09-11 05:55:29.740551936,13,7301,168,23
35.367138,-37.283087,2026-09-11 05:55:30.198478592,13,13501,187,39
36.21032,-91.333353,2026-09-11 05:55:30.728168960,13,5316,138,25
20.698239,-86.286495,2026-09-11 05:55:31.694882048,13,14777,270,24
39.129165,-32.811981,2026-09-11 05:55:33.679847168,13,9472,201,51
35.936967,-91.420361,2026-09-11 05:55:33.904843776,13,11025,132,43
35.987924,-91.40342,2026-09-11 05:55:33.904938240,13,8305,205,25
36.741082,-89.43048,2026-09-11 05:55:35.83128832,13,12571,94,107
36.755552,-89.435352,2026-09-11 05:55:35.83143168,13,11921,139,86
36.718549,-89.410883,2026-09-11 05:55:35.83195904,13,9642,144,72
36.727511,-89.410982,2026-09-11 05:55:35.83195648,13,13285,130,63
36.677408,-89.384208,2026-09-11 05:55:35.379515392,13,13674,125,26
27.256048,-79.833766,2026-09-11 05:55:36.810030848,13,5748,187,62
27.355444,-79.856605,2026-09-11 05:55:36.810120448,13,7164,258,47
36.740253,-89.273482,2026-09-11 05:55:37.177028096,13,12282,154,27
36.786296,-89.283948,2026-09-11 05:55:37.177042944,13,7870,218,31
29.697248,-110.918237,2026-09-11 05:55:37.247461120,13,14769,182,61
29.732483,-110.927518,2026-09-11 05:55:37.247523584,13,4343,263,50
36.728179,-89.263308,2026-09-11 05:55:37.665564160,13,7094,85,46
36.729419,-89.147586,2026-09-11 05:55:37.839281920,13,11433,106,35
36.779137,-89.270162,2026-09-11 05:55:37.839326976,13,11644,214,23
36.718841,-89.283351,2026-09-11 05:55:37.855122688,13,9471,115,26
30.173271,-109.972008,2026-09-11 05:55:40.339589376,13,9769,260,42
36.808808,-89.243564,2026-09-11 05:55:40.713489408,13,7664,100,36
36.815444,-89.249195,2026-09-11 05:55:40.920806144,13,7449,118,69
36.834019,-89.257289,2026-09-11 05:55:40.920812544,13,10399,117,50
36.795772,-89.355867,2026-09-11 05:55:40.920844288,13,8052,169,37
36.818054,-89.244498,2026-09-11 05:55:41.61257984,13,6081,118,32
36.8397,-89.259705,2026-09-11 05:55:41.61327104,13,9714,134,24
36.79912,-89.059346,2026-09-11 05:55:41.120167936,13,12202,232,17
36.86598,-89.19908,2026-09-11 05:55:41.392827136,13,6933,196,94
36.857152,-89.265155,2026-09-11 05:55:41.392811520,13,13022,80,82
36.886276,-89.312472,2026-09-11 05:55:41.392830208,13,9160,139,63
24.792133,-93.829543,2026-09-11 05:55:42.202550272,13,6200,262,57
24.954196,-93.605336,2026-09-11 05:55:42.290958080,13,6972,224,27
36.714575,-89.370923,2026-09-11 05:55:42.541866240,13,11703,90,64
33.021587,-101.259191,2026-09-11 05:55:43.48301056,13,6983,153,44
33.123902,-101.384307,2026-09-11 05:55:43.48318720,13,4551,175,33
43.773784,-114.283839,2026-09-11 05:55:48.737212672,13,9209,132,109
43.824957,-114.419191,2026-09-11 05:55:48.737225728,13,11068,139,104
36.748949,-89.236365,2026-09-11 05:55:49.885725696,13,14797,153,33
36.786985,-89.223107,2026-09-11 05:55:49.885730816,13,5264,218,26
35.855717,-91.416292,2026-09-11 05:55:50.79432960,13,8905,95,42
37.796972,-28.990703,2026-09-11 05:55:50.899808000,13,12661,228,40
27.077844,-111.254848,2026-09-11 05:55:52.81569024,13,7519,252,22
36.441249,-89.854424,2026-09-11 05:55:52.215904256,13,10021,83,56
36.422218,-89.962097,2026-09-11 05:55:52.215941376,13,13087,128,40
36.492657,-89.870418,2026-09-11 05:55:52.215989760,13,14322,201,26
36.513214,-89.826517,2026-09-11 05:55:52.550357760,13,6683,151,24
27.799899,-105.865763,2026-09-11 05:55:54.279875840,13,7884,231,19
27.522349,-57.414124,2026-09-11 05:55:55.220612608,13,3046,236,27
20.727379,-86.235723,2026-09-11 05:55:56.651643648,13,7002,238,92
29.520168,-110.563913,2026-09-11 05:55:57.530893312,13,12586,265,41
29.999857,-110.170413,2026-09-11 05:55:57.790099968,13,6078,239,34
29.98798,-110.172517,2026-09-11 05:55:57.984933120,13,7067,219,97
29.98133,-110.190513,2026-09-11 05:55:58.56882944,13,11138,179,22
29.921582,-110.281823,2026-09-11 05:55:58.191804928,13,3546,176,40
36.783839,-89.150506,2026-09-11 05:55:58.628077312,13,14303,90,89
36.805965,-89.157161,2026-09-11 05:55:58.628086016,13,9318,118,66
36.768272,-89.245148,2026-09-11 05:55:58.628116992,13,11116,177,50
36.799647,-89.146433,2026-09-11 05:55:58.656797440,13,11785,98,40
36.806822,-89.13751,2026-09-11 05:55:58.693498880,13,8072,153,66
36.783825,-89.127959,2026-09-11 05:55:58.693491456,13,10661,125,76
30.717252,-79.905211,2026-09-11 05:56:00.778819328,13,6430,157,73
30.602718,-79.946033,2026-09-11 05:56:00.778834688,13,6597,255,56
30.77816,-79.927401,2026-09-11 05:56:00.778894848,13,3930,192,42
35.495617,-37.178457,2026-09-11 05:56:02.623405056,13,11456,220,63
36.81816,-89.266042,2026-09-11 05:56:02.701276416,13,6841,83,41
36.834894,-89.295977,2026-09-11 05:56:02.701282304,13,7981,125,48
36.817485,-89.259398,2026-09-11 05:56:02.731817728,13,7478,100,53
36.783295,-89.245406,2026-09-11 05:56:02.819387904,13,12598,91,44
36.807775,-89.248934,2026-09-11 05:56:02.819391488,13,11014,117,72
36.944384,-89.379067,2026-09-11 05:56:02.819448320,13,13856,155,59
36.790309,-89.234851,2026-09-11 05:56:02.944091136,13,8372,100,39
36.808801,-89.284769,2026-09-11 05:56:03.15141120,13,8869,105,35
36.837144,-89.272944,2026-09-11 05:56:03.15204096,13,12494,147,38
36.921413,-89.257202,2026-09-11 05:56:03.15233536,13,3617,263,21
36.783663,-89.246795,2026-09-11 05:56:03.361764352,13,12452,91,75
36.810731,-89.263569,2026-09-11 05:56:03.361775104,13,8679,140,59
36.703315,-89.546662,2026-09-11 05:56:03.361745664,13,8415,211,45
36.757652,-89.068092,2026-09-11 05:56:03.493111296,13,12223,229,29
36.812619,-89.248111,2026-09-11 05:56:03.493135104,13,9240,150,20
37.173992,-36.502738,2026-09-11 05:56:04.16854528,13,5262,210,56
37.062734,-85.716651,2026-09-11 05:56:04.463387392,13,7130,163,29
26.291671,-110.718564,2026-09-11 05:56:04.805639936,13,6884,252,107
36.337128,-88.19716,2026-09-11 05:56:05.737045248,13,12521,154,30
35.863086,-91.460066,2026-09-11 05:56:06.96112128,13,5505,150,27
36.672595,-89.226289,2026-09-11 05:56:07.118519296,13,13375,89,63
36.682194,-89.231198,2026-09-11 05:56:07.118591488,13,9408,158,45
36.759179,-89.222742,2026-09-11 05:56:07.118606080,13,5444,222,32
36.68216,-89.212452,2026-09-11 05:56:07.138197248,13,9990,100,25
36.67529,-89.229832,2026-09-11 05:56:07.786401536,13,13966,89,62
36.705163,-89.231212,2026-09-11 05:56:07.786468608,13,11272,93,41
36.716435,-89.216635,2026-09-11 05:56:07.786479616,13,6357,127,24
54.179491,-94.441511,2026-09-11 05:56:09.471713280,13,8825,258,49
37.906335,-35.562316,2026-09-11 05:56:10.340767744,13,3301,200,62
37.330775,-86.378891,2026-09-11 05:56:10.508272896,13,13862,132,54
36.044148,-37.506941,2026-09-11 05:56:11.233240576,13,5903,229,45
36.73639,-89.219346,2026-09-11 05:56:14.46299904,13,10463,118,20
36.751104,-89.224708,2026-09-11 05:56:14.475442688,13,10101,129,24
36.759854,-89.220657,2026-09-11 05:56:14.552260352,13,13256,125,34
36.721167,-89.208455,2026-09-11 05:56:14.662038784,13,13053,89,65
36.625714,-89.193978,2026-09-11 05:56:14.746345216,13,14440,145,35
40.278159,-31.650854,2026-09-11 05:56:14.963861760,13,9455,156,48
36.727899,-89.192105,2026-09-11 05:56:15.74947328,13,10022,99,38
36.724415,-89.67357,2026-09-11 05:56:15.747900672,13,12390,117,28
39.262643,-32.810484,2026-09-11 05:56:17.394607872,13,8538,232,57
36.425683,-37.058273,2026-09-11 05:56:18.646643200,13,8902,177,29
30.271253,-109.718408,2026-09-11 05:56:19.424879872,13,11928,233,28
30.225289,-109.7712,2026-09-11 05:56:19.519902976,13,5545,233,29
30.21209,-109.818495,2026-09-11 05:56:19.555991552,13,12993,86,39
37.083658,-85.640351,2026-09-11 05:56:20.579232768,13,12986,161,41
33.297528,-101.293979,2026-09-11 05:56:20.735086336,13,9191,163,31
29.726214,-111.46374,2026-09-11 05:56:20.786861824,13,8891,251,23
37.175839,-85.625607,2026-09-11 05:56:20.863488256,13,8641,237,29
37.095896,-85.645224,2026-09-11 05:56:20.989852928,13,4882,162,38
37.035561,-85.544333,2026-09-11 05:56:20.989894912,13,10751,120,37
37.131188,-85.682333,2026-09-11 05:56:20.989927936,13,7682,168,24
35.926129,-91.442282,2026-09-11 05:56:21.842492672,13,13645,119,27
25.312609,-109.896958,2026-09-11 05:56:22.251813120,13,6146,257,48
25.302726,-109.896615,2026-09-11 05:56:22.271029248,13,8820,256,82
36.773913,-89.099849,2026-09-11 05:56:22.443528192,13,13621,110,34
32.930818,-102.406075,2026-09-11 05:56:22.518995968,13,10139,264,20
35.772615,-91.400177,2026-09-11 05:56:25.907465984,13,12638,191,22
36.786898,-89.172116,2026-09-11 05:56:26.836870400,13,8813,99,56
36.810965,-89.247806,2026-09-11 05:56:26.836873984,13,13498,176,42
36.896571,-89.216795,2026-09-11 05:56:26.836966656,13,4972,221,29
36.437886,-89.8364,2026-09-11 05:56:29.479290368,13,7348,88,98
36.462459,-89.86729,2026-09-11 05:56:29.479292928,13,7206,132,78
36.539625,-90.046037,2026-09-11 05:56:29.479317760,13,14712,150,64
36.399291,-89.825098,2026-09-11 05:56:29.479365632,13,14188,134,52
36.502681,-89.849618,2026-09-11 05:56:29.479367680,13,5949,209,38
36.710503,-89.320549,2026-09-11 05:56:29.819505408,13,11923,92,122
36.715377,-89.298645,2026-09-11 05:56:29.819513856,13,5839,110,99
36.733223,-89.343002,2026-09-11 05:56:29.819512064,13,12236,115,83
36.722831,-89.315693,2026-09-11 05:56:29.856460544,13,10386,81,68
36.722853,-89.301155,2026-09-11 05:56:29.896931584,13,5177,156,81
36.720375,-89.335903,2026-09-11 05:56:29.896943360,13,10371,124,88
36.713648,-89.321312,2026-09-11 05:56:29.932610048,13,13114,92,85
36.722167,-89.32031,2026-09-11 05:56:29.956859392,13,12974,92,53
36.718142,-89.317514,2026-09-11 05:56:30.838587904,13,7778,100,42
36.753611,-89.35385,2026-09-11 05:56:30.838656768,13,6648,128,27
36.959329,-38.404495,2026-09-11 05:56:33.272556544,13,12130,209,90
29.94086,-110.153794,2026-09-11 05:56:33.283927552,13,14497,176,39
30.062996,-110.158446,2026-09-11 05:56:33.333588736,13,7103,243,32
26.60145,-70.705235,2026-09-11 05:56:35.662785024,13,14659,269,41
36.795869,-89.194304,2026-09-11 05:56:37.629916416,13,14319,103,42
36.867797,-89.216061,2026-09-11 05:56:37.629999872,13,13427,125,30
36.825957,-89.203098,2026-09-11 05:56:37.645312000,13,9998,103,21
36.726838,-89.350663,2026-09-11 05:56:38.716932608,13,12382,97,90
36.751394,-89.359669,2026-09-11 05:56:38.716942080,13,10714,118,72
36.72244,-89.450323,2026-09-11 05:56:38.716968192,13,8548,166,57
36.819954,-89.357485,2026-09-11 05:56:38.717017344,13,5638,219,44
36.725047,-89.318444,2026-09-11 05:56:38.789878784,13,8188,100,45
36.7507,-89.342652,2026-09-11 05:56:38.789946368,13,6707,135,31
36.726096,-89.321679,2026-09-11 05:56:38.834924544,13,8997,101,29
36.769246,-89.340913,2026-09-11 05:56:38.834996480,13,8558,125,28
36.732225,-89.31485,2026-09-11 05:56:38.924427008,13,7050,100,55
36.75981,-89.3377,2026-09-11 05:56:38.924498688,13,7378,118,37
25.216133,-109.749479,2026-09-11 05:56:39.1614592,13,13817,202,83
24.296765,-110.671759,2026-09-11 05:56:39.882353152,13,9768,262,65
36.781534,-37.071366,2026-09-11 05:56:41.28534528,13,11078,214,52
20.771795,-86.280282,2026-09-11 05:56:41.738987776,13,7098,269,42
36.648722,-89.090726,2026-09-11 05:56:43.830765312,13,14916,106,42
36.702533,-89.269645,2026-09-11 05:56:43.830797824,13,6961,119,29
36.819949,-89.475026,2026-09-11 05:56:44.457390080,13,12609,102,37
36.850147,-89.467337,2026-09-11 05:56:44.457460992,13,12704,152,25
36.78784,-89.537022,2026-09-11 05:56:44.741229312,13,9559,112,56
36.755891,-89.584716,2026-09-11 05:56:44.741271808,13,13815,127,41
36.779864,-89.511561,2026-09-11 05:56:44.741289472,13,12584,109,27
36.77316,-89.213853,2026-09-11 05:56:45.364574976,13,13128,125,36
36.833347,-89.384447,2026-09-11 05:56:45.364592128,13,9142,157,20
29.62751,-110.949688,2026-09-11 05:56:45.543083520,13,7908,238,39
25.233776,-109.845301,2026-09-11 05:56:45.992281344,13,8321,255,18
18.700317,-79.325034,2026-09-11 05:56:46.88297472,13,5047,267,54
36.723502,-89.305107,2026-09-11 05:56:47.314505472,13,10845,92,99
36.723676,-89.318579,2026-09-11 05:56:47.314502144,13,13178,79,82
36.703294,-89.272006,2026-09-11 05:56:47.314569216,13,14093,119,64
36.709488,-89.426312,2026-09-11 05:56:47.314542848,13,5478,264,50
36.717624,-89.303068,2026-09-11 05:56:47.394034688,13,10160,90,62
37.042711,-85.697287,2026-09-11 05:56:47.456235008,13,7362,118,65
37.088349,-85.716093,2026-09-11 05:56:47.456323328,13,10891,212,38
37.086275,-85.71732,2026-09-11 05:56:47.543497216,13,8851,206,63
37.048523,-85.715635,2026-09-11 05:56:47.543491840,13,13135,104,62
37.050445,-85.755009,2026-09-11 05:56:47.748581632,13,10495,164,45
37.148264,-85.700464,2026-09-11 05:56:47.748687616,13,4544,263,27
37.052076,-85.759478,2026-09-11 05:56:47.801292800,13,11950,164,30
36.716528,-89.310273,2026-09-11 05:56:47.853004288,13,12370,92,98
36.739174,-89.315221,2026-09-11 05:56:47.853007104,13,10582,118,76
36.79223,-89.506949,2026-09-11 05:56:47.853030144,13,12835,162,58
36.713778,-89.122312,2026-09-11 05:56:48.79895552,13,11769,234,28
35.968435,-91.389855,2026-09-11 05:56:48.325382656,13,4294,209,29
35.93139,-91.488341,2026-09-11 05:56:48.325348864,13,4328,226,34
36.766169,-89.252025,2026-09-11 05:56:49.145939200,13,7730,104,37
36.809887,-89.203806,2026-09-11 05:56:49.267698176,13,5766,103,45
36.730521,-89.061304,2026-09-11 05:56:52.758522880,13,11009,237,25
25.811265,-110.490673,2026-09-11 05:56:53.238789376,13,5707,254,132
25.787098,-110.478389,2026-09-11 05:56:53.376022784,13,8012,255,36
25.809201,-110.479527,2026-09-11 05:56:53.532339456,13,6503,254,60
37.178046,-86.355334,2026-09-11 05:56:53.730768128,13,13062,170,20
27.274386,-79.821709,2026-09-11 05:56:54.492940800,13,4902,185,95
27.363391,-79.858035,2026-09-11 05:56:54.493029632,13,11283,218,80
27.373023,-79.861025,2026-09-11 05:56:54.552719360,13,3465,219,31
27.27229,-79.828663,2026-09-11 05:56:54.589416960,13,4114,185,68
27.392075,-79.87131,2026-09-11 05:56:54.589510144,13,6002,261,44
36.709292,-89.36258,2026-09-11 05:56:55.311939584,13,11670,93,120
36.749395,-89.353378,2026-09-11 05:56:55.311952640,13,8015,205,109
36.738655,-89.387664,2026-09-11 05:56:55.311949824,13,11795,120,91
36.672406,-89.415016,2026-09-11 05:56:55.463924480,13,14236,102,40
36.677115,-89.397792,2026-09-11 05:56:55.896034304,13,5960,109,73
36.700668,-89.4051,2026-09-11 05:56:55.896045568,13,11307,118,56
36.659151,-89.495389,2026-09-11 05:56:55.896072448,13,6990,165,40
27.129503,-111.244283,2026-09-11 05:56:59.839971840,13,4652,248,47
37.396406,-85.928822,2026-09-11 05:57:04.213505792,13,11370,122,24
48.450729,-114.434787,2026-09-11 05:57:05.452533760,13,13283,214,23
29.675957,-111.538573,2026-09-11 05:57:06.268063744,13,6424,222,81
29.352395,-111.663041,2026-09-11 05:57:06.268007680,13,8572,234,80
36.733072,-89.225132,2026-09-11 05:57:07.133834240,13,10446,125,29
26.946777,-111.380634,2026-09-11 05:57:07.476809216,13,5634,251,26
29.999883,-110.190825,2026-09-11 05:57:07.713786880,13,8912,218,83
30.003162,-110.203816,2026-09-11 05:57:07.713848832,13,4352,242,69
29.997735,-110.163528,2026-09-11 05:57:07.836824832,13,12607,226,34
29.83332,-110.45827,2026-09-11 05:57:08.327423488,13,7131,260,26
36.341594,-88.19738,2026-09-11 05:57:09.146343680,13,12880,150,31
36.337948,-88.188087,2026-09-11 05:57:09.146335232,13,8201,173,18
37.341923,-85.840332,2026-09-11 05:57:11.982184704,13,4609,86,55
37.359628,-85.853996,2026-09-11 05:57:11.982183168,13,13360,79,42
37.509756,-85.831766,2026-09-11 05:57:11.982286592,13,5750,249,26
32.869157,-101.324792,2026-09-11 05:57:12.446027264,13,11110,124,56
32.981215,-101.445993,2026-09-11 05:57:12.446048000,13,13065,152,56
36.091471,-91.458423,2026-09-11 05:57:12.544979200,13,10167,225,22
36.755497,-89.34509,2026-09-11 05:57:14.327016960,13,6991,158,151
36.743244,-89.360266,2026-09-11 05:57:14.327009792,13,11220,105,137
36.742134,-89.391003,2026-09-11 05:57:14.327012608,13,12073,114,119
36.791627,-89.364573,2026-09-11 05:57:14.327029248,13,5613,213,101
36.807316,-89.408336,2026-09-11 05:57:14.327032576,13,3473,131,85
36.733773,-89.357948,2026-09-11 05:57:14.396662528,13,10645,93,76
36.725621,-89.314973,2026-09-11 05:57:14.396657152,13,3881,214,105
36.743627,-89.386435,2026-09-11 05:57:14.396669696,13,5890,149,92
36.821698,-89.347372,2026-09-11 05:57:14.396698368,13,9266,182,77
36.723134,-89.432524,2026-09-11 05:57:14.396709632,13,5310,132,61
36.721875,-89.365995,2026-09-11 05:57:14.436301824,13,14496,93,71
36.721418,-89.32517,2026-09-11 05:57:14.436299264,13,5663,218,71
36.737715,-89.355831,2026-09-11 05:57:14.551234560,13,10189,95,66
36.748744,-89.372805,2026-09-11 05:57:14.551236608,13,8341,118,80
36.698131,-89.313397,2026-09-11 05:57:14.622353408,13,14324,92,80
36.734669,-89.340183,2026-09-11 05:57:14.739550464,13,7271,85,50
36.684135,-89.383632,2026-09-11 05:57:14.905012992,13,14679,96,22
21.660081,-100.403508,2026-09-11 05:57:15.754354432,13,4997,253,99
30.017514,-110.378899,2026-09-11 05:57:18.638867200,13,8281,254,53
36.692356,-89.223249,2026-09-11 05:57:19.399408640,13,9608,77,70
36.757444,-89.437653,2026-09-11 05:57:19.399434752,13,12807,152,58
36.68443,-89.383057,2026-09-11 05:57:19.399438848,13,5790,254,45
36.744444,-89.249622,2026-09-11 05:57:19.399483904,13,6979,208,32
37.225981,-85.566271,2026-09-11 05:57:19.536229120,13,10033,223,21
36.687647,-89.22987,2026-09-11 05:57:19.848069120,13,6018,99,35
36.706945,-89.228235,2026-09-11 05:57:19.848142592,13,14616,154,39
36.756245,-89.232228,2026-09-11 05:57:19.848146432,13,5479,218,28
36.725483,-89.256083,2026-09-11 05:57:19.913771008,13,13425,125,24
39.717901,-31.775273,2026-09-11 05:57:20.212086784,13,9425,173,64
36.662825,-35.705895,2026-09-11 05:57:20.522044928,13,9744,214,65
29.73889,-110.787966,2026-09-11 05:57:20.982088192,13,5480,256,32
30.283578,-109.702942,2026-09-11 05:57:21.427295488,13,8266,211,78
30.290541,-109.690222,2026-09-11 05:57:21.427352832,13,9359,220,69
30.313477,-109.699621,2026-09-11 05:57:21.582841344,13,5719,239,63
30.116925,-86.844045,2026-09-11 05:57:22.219158784,13,7330,146,67
30.240963,-86.865635,2026-09-11 05:57:22.219259648,13,5492,260,36
36.587005,-89.228607,2026-09-11 05:57:22.796272128,13,13894,145,24
24.206541,-110.700428,2026-09-11 05:57:27.38797568,13,5307,264,27
35.980346,-91.402837,2026-09-11 05:57:28.520793600,13,14488,95,65
30.287793,-86.970614,2026-09-11 05:57:28.726208768,13,3700,208,120
30.2813,-86.978151,2026-09-11 05:57:28.726207488,13,7596,207,107
30.257892,-86.948226,2026-09-11 05:57:28.774319872,13,14930,150,55
30.057417,-86.972499,2026-09-11 05:57:28.846455552,13,7617,230,48
17.590457,-95.211524,2026-09-11 05:57:28.916006144,13,6291,264,37
36.731756,-89.231042,2026-09-11 05:57:30.757814528,13,8123,94,63
36.726384,-89.232492,2026-09-11 05:57:30.845864192,13,6412,99,44
26.973027,-111.185409,2026-09-11 05:57:31.245434112,13,6620,247,104
26.887007,-111.212302,2026-09-11 05:57:31.677823744,13,6466,207,40
36.601448,-89.177597,2026-09-11 05:57:34.994205184,13,14774,158,60
36.642891,-89.168802,2026-09-11 05:57:34.994216448,13,9360,130,48
36.728945,-89.257256,2026-09-11 05:57:34.994244608,13,10130,257,35
25.967737,-110.70492,2026-09-11 05:57:39.541039360,13,7558,254,69
25.973938,-110.708083,2026-09-11 05:57:39.573328640,13,7385,254,50
27.200293,-111.276614,2026-09-11 05:57:39.860982272,13,14395,248,35
24.613617,-109.734059,2026-09-11 05:57:40.232004864,13,13730,244,23
27.003231,-106.686036,2026-09-11 05:57:41.20430080,13,8784,249,29
27.021285,-106.664306,2026-09-11 05:57:41.52524288,13,10459,243,35
27.016187,-106.673845,2026-09-11 05:57:41.95231232,13,9884,241,18
27.040342,-106.662784,2026-09-11 05:57:41.130787328,13,9002,240,37
26.876153,-106.819391,2026-09-11 05:57:41.162786816,13,5658,260,25
36.700657,-89.306804,2026-09-11 05:57:42.438680064,13,10540,81,60
36.710455,-89.32059,2026-09-11 05:57:42.438689792,13,11212,124,78
36.679833,-89.296327,2026-09-11 05:57:42.438752768,13,9544,129,65
36.708753,-89.305826,2026-09-11 05:57:42.527640832,13,12771,90,39
36.698478,-89.301835,2026-09-11 05:57:42.690620672,13,11284,92,118
36.707535,-89.309876,2026-09-11 05:57:42.690619904,13,12829,79,98
36.729493,-89.344918,2026-09-11 05:57:42.690634496,13,10199,158,75
36.695848,-89.299302,2026-09-11 05:57:42.871111936,13,11176,100,57
36.725235,-89.287157,2026-09-11 05:57:42.871189760,13,14082,153,41
36.706636,-89.300439,2026-09-11 05:57:42.986596864,13,10099,100,55
36.727716,-89.298368,2026-09-11 05:57:42.986659840,13,14494,156,33
35.950574,-91.409409,2026-09-11 05:57:43.629484800,13,7413,95,57
35.98296,-91.398648,2026-09-11 05:57:43.629549824,13,12432,137,43
35.949883,-91.390855,2026-09-11 05:57:43.688968704,13,9992,95,81
35.955463,-91.415297,2026-09-11 05:57:43.688982528,13,12594,130,60
35.956428,-91.409007,2026-09-11 05:57:43.980395264,13,5555,106,69
35.978296,-91.389515,2026-09-11 05:57:43.980457728,13,14863,155,53
35.9349,-91.478131,2026-09-11 05:57:43.980441600,13,5362,226,40
35.925,-91.523939,2026-09-11 05:57:44.30733568,13,11058,138,27
35.997062,-91.40781,2026-09-11 05:57:44.326737408,13,8441,237,20
27.133271,-111.254638,2026-09-11 05:57:47.662782720,13,10527,248,44
29.461258,-111.096455,2026-09-11 05:57:48.498589696,13,6890,231,33
39.275278,-32.768714,2026-09-11 05:57:49.27955968,13,4694,201,46
36.741235,-89.349181,2026-09-11 05:57:50.495635712,13,8911,75,61
36.734791,-89.482675,2026-09-11 05:57:50.495671040,13,5826,175,79
36.736737,-89.442236,2026-09-11 05:57:50.495680768,13,10894,134,63
36.93105,-38.385257,2026-09-11 05:57:51.10056448,13,4312,185,115
36.77784,-89.580212,2026-09-11 05:57:51.454493440,13,10523,138,30
37.090033,-85.584704,2026-09-11 05:57:52.222239232,13,2762,123,55
36.916082,-85.734521,2026-09-11 05:57:52.222244608,13,11525,238,43
37.18285,-85.608415,2026-09-11 05:57:52.222330112,13,3851,256,27
37.093384,-85.636086,2026-09-11 05:57:52.369418752,13,5046,161,34
25.379207,-109.9247,2026-09-11 05:57:53.304363264,13,6352,260,58
25.310851,-109.904712,2026-09-11 05:57:53.451042048,13,7348,257,56
30.005251,-110.150937,2026-09-11 05:57:53.889251072,13,10484,226,55
30.009865,-110.170247,2026-09-11 05:57:54.56647424,13,5412,230,38
29.902885,-110.295153,2026-09-11 05:57:54.95003136,13,12524,222,18
36.714389,-89.270942,2026-09-11 05:57:57.527591936,13,6860,106,95
36.714571,-89.294212,2026-09-11 05:57:57.527593216,13,14270,79,76
36.791093,-89.279642,2026-09-11 05:57:57.527675136,13,5181,145,50
34.553362,-37.286124,2026-09-11 05:57:57.737089792,13,12558,227,32
38.669495,-32.789245,2026-09-11 05:57:58.135683072,13,13802,192,41
25.338121,-109.749294,2026-09-11 05:57:59.407666688,13,8208,241,29
18.910942,-82.819718,2026-09-11 05:58:00.251918592,13,9199,264,23
36.760279,-89.239059,2026-09-11 05:58:00.925720320,13,8586,125,30
36.747756,-89.211072,2026-09-11 05:58:00.925711616,13,14486,164,15
36.728649,-89.218478,2026-09-11 05:58:01.107153408,13,7891,99,39
36.760045,-89.236433,2026-09-11 05:58:01.107229696,13,11103,140,24
36.787571,-89.220259,2026-09-11 05:58:01.263046400,13,11976,114,82
36.842005,-89.221743,2026-09-11 05:58:01.263130624,13,11091,93,67
36.388094,-36.901892,2026-09-11 05:58:01.995998208,13,12181,214,48
17.357106,-95.058734,2026-09-11 05:58:04.997193728,13,4669,266,79
30.694728,-80.008004,2026-09-11 05:58:06.231005952,13,10631,158,54
27.098316,-106.597134,2026-09-11 05:58:07.11346432,13,7732,172,76
16.930292,-95.381609,2026-09-11 05:58:07.207427328,13,14505,247,16
25.206697,-109.793889,2026-09-11 05:58:09.94315520,13,8852,257,21
36.728163,-89.173468,2026-09-11 05:58:11.95675136,13,13088,89,58
36.739366,-89.186001,2026-09-11 05:58:11.95744000,13,9704,164,42
36.722245,-89.158956,2026-09-11 05:58:11.172835072,13,8879,99,34
36.757028,-89.176426,2026-09-11 05:58:11.172901888,13,7233,154,35
36.693077,-89.185261,2026-09-11 05:58:11.903934464,13,14332,78,49
36.720756,-89.189278,2026-09-11 05:58:11.904003840,13,11352,154,34
36.687794,-89.189665,2026-09-11 05:58:12.21257984,13,9158,104,36
36.489467,-90.015831,2026-09-11 05:58:12.154595584,13,9147,116,32
36.697683,-89.184908,2026-09-11 05:58:12.270039552,13,12478,117,56
36.665096,-89.147811,2026-09-11 05:58:12.270116352,13,7394,108,41
28.448604,-79.840848,2026-09-11 05:58:12.528228608,13,9830,169,26
27.169318,-111.247351,2026-09-11 05:58:14.721083392,13,4949,247,89
27.045102,-111.407092,2026-09-11 05:58:14.721023744,13,10686,247,75
27.155353,-111.262048,2026-09-11 05:58:14.862036992,13,14111,247,43
27.011917,-111.233392,2026-09-11 05:58:15.737228032,13,8096,247,59
27.007406,-111.227236,2026-09-11 05:58:16.113340160,13,8140,249,42
36.75523,-89.412994,2026-09-11 05:58:17.113730304,13,8189,86,84
36.724336,-89.334876,2026-09-11 05:58:17.113720832,13,5184,213,98
33.805331,137.272614,2026-09-11 05:55:08.58935552,14,10080,247,52
33.839296,137.285286,2026-09-11 05:55:08.58940160,14,7914,198,35
33.859642,137.274331,2026-09-11 05:55:08.164882176,14,7733,212,35
33.817261,137.297928,2026-09-11 05:55:08.164875776,14,8991,213,17
33.837347,137.28919,2026-09-11 05:55:09.10361856,14,2989,219,37
33.83077,137.292723,2026-09-11 05:55:09.10353920,14,8352,198,31
33.824862,137.262184,2026-09-11 05:55:09.159636992,14,8576,248,47
33.847252,137.268731,2026-09-11 05:55:09.159641856,14,6138,198,31
33.821948,137.280833,2026-09-11 05:55:09.320467456,14,4821,199,24
49.519713,132.285155,2026-09-11 05:55:10.464250368,14,7546,226,32
33.823169,137.268792,2026-09-11 05:55:25.224867584,14,2253,246,42
33.847048,137.27907,2026-09-11 05:55:25.224870400,14,9789,198,29
33.856305,137.260311,2026-09-11 05:55:25.254520320,14,6670,197,20
33.831356,137.26534,2026-09-11 05:55:25.335891456,14,7542,246,40
33.816757,137.293574,2026-09-11 05:55:25.335894016,14,7067,199,22
49.11132,133.183299,2026-09-11 05:55:34.514162432,14,13982,203,19
16.732809,135.58112,2026-09-11 05:55:43.915499520,14,5386,255,45
33.793815,137.266367,2026-09-11 05:55:45.961807616,14,2632,248,49
33.82436,137.279306,2026-09-11 05:55:45.961816064,14,9350,198,39
33.787104,137.265172,2026-09-11 05:55:46.22207744,14,2372,247,37
33.798913,137.294515,2026-09-11 05:55:46.22216704,14,7686,199,25
33.861157,137.247273,2026-09-11 05:55:46.404822016,14,6446,197,33
33.830481,137.276686,2026-09-11 05:55:46.547906304,14,11554,198,20
33.91394,137.319222,2026-09-11 05:55:47.98243840,14,5095,197,19
51.203993,137.519227,2026-09-11 05:55:58.950627584,14,7945,226,24
33.834185,137.271784,2026-09-11 05:56:05.643778816,14,5212,246,51
33.827722,137.300062,2026-09-11 05:56:05.643782912,14,11485,198,34
33.837523,137.26869,2026-09-11 05:56:05.737375488,14,4330,245,34
33.847474,137.272487,2026-09-11 05:56:05.764310784,14,3179,245,24
33.838458,137.272948,2026-09-11 05:56:05.831546368,14,5422,198,23
33.836419,137.271588,2026-09-11 05:56:06.291230720,14,4593,198,30
33.834188,137.279772,2026-09-11 05:56:06.309114624,14,3159,198,22
33.808565,137.372569,2026-09-11 05:56:07.5698816,14,3349,246,38
33.801685,137.401234,2026-09-11 05:56:07.5703680,14,6605,200,24
33.821825,137.349463,2026-09-11 05:56:07.153688320,14,2808,247,40
33.816929,137.348601,2026-09-11 05:56:07.153686784,14,8216,199,26
33.809063,137.35701,2026-09-11 05:56:07.245067264,14,7492,200,26
33.803716,137.355338,2026-09-11 05:56:07.308296704,14,3967,200,23
33.799378,137.35902,2026-09-11 05:56:07.459614720,14,6005,200,23
33.807153,137.344346,2026-09-11 05:56:07.516721152,14,6226,246,29
33.802955,137.260651,2026-09-11 05:56:26.427257088,14,2257,247,49
33.827309,137.275574,2026-09-11 05:56:26.427259392,14,9659,198,37
33.818505,137.27062,2026-09-11 05:56:26.756099328,14,5859,246,41
33.845592,137.260452,2026-09-11 05:56:26.756106240,14,14785,198,25
33.830273,137.263233,2026-09-11 05:56:26.860940288,14,4037,246,47
33.824496,137.284515,2026-09-11 05:56:26.860935424,14,9649,198,35
47.926752,132.463999,2026-09-11 05:56:35.123665664,14,11159,186,22
33.850653,137.316307,2026-09-11 05:56:45.167809024,14,9441,198,39
33.864898,137.285223,2026-09-11 05:56:45.167823616,14,12047,216,19
33.852843,137.317327,2026-09-11 05:56:45.296861696,14,11624,209,24
33.811052,137.300854,2026-09-11 05:56:45.366123008,14,2976,246,35
33.862249,137.289165,2026-09-11 05:56:45.366137088,14,8112,198,22
33.832798,137.299799,2026-09-11 05:56:45.409792256,14,3322,246,33
33.830679,137.322041,2026-09-11 05:56:45.409798400,14,3301,204,28
33.851243,137.307897,2026-09-11 05:56:45.508711424,14,5472,219,29
33.8358,137.319563,2026-09-11 05:56:45.508705024,14,6951,211,29
33.854357,137.291942,2026-09-11 05:56:45.575497472,14,6630,198,26
33.868583,137.290604,2026-09-11 05:56:46.584829184,14,2606,246,36
33.862018,137.295153,2026-09-11 05:56:46.584828160,14,5347,198,23
33.850832,137.301608,2026-09-11 05:57:01.357586944,14,5027,245,35
33.831903,137.306577,2026-09-11 05:57:01.851064320,14,3062,246,45
33.843408,137.328527,2026-09-11 05:57:01.851064320,14,10567,198,32
33.835117,137.259225,2026-09-11 05:57:20.758446080,14,5795,257,47
33.831415,137.268405,2026-09-11 05:57:20.758444032,14,12755,198,31
33.851563,137.259083,2026-09-11 05:57:20.818681600,14,6258,201,26
33.849269,137.276034,2026-09-11 05:57:21.639042560,14,8912,208,35
33.840731,137.25939,2026-09-11 05:57:21.712342016,14,5133,198,29
33.880876,137.26012,2026-09-11 05:57:21.825513216,14,3436,221,34
33.841073,137.271212,2026-09-11 05:57:21.825503744,14,8409,218,21
33.84961,137.257687,2026-09-11 05:57:21.904025088,14,5790,197,27
33.8267,137.254745,2026-09-11 05:57:22.20787456,14,7163,246,36
33.835909,137.256053,2026-09-11 05:57:22.20790784,14,9429,198,19
33.846316,137.263474,2026-09-11 05:57:22.236048128,14,5067,198,23
33.844194,137.276365,2026-09-11 05:57:33.991314688,14,4359,246,45
33.840804,137.297538,2026-09-11 05:57:33.991319296,14,9882,198,29
33.855599,137.27688,2026-09-11 05:57:34.52861952,14,2713,245,29
33.852186,137.278902,2026-09-11 05:57:34.52862464,14,7682,198,21
33.849642,137.284139,2026-09-11 05:57:34.106253824,14,7295,198,30
33.808718,137.285328,2026-09-11 05:57:34.163620864,14,4067,205,32
33.846893,137.291879,2026-09-11 05:57:34.163629568,14,10063,198,31
33.849691,137.280015,2026-09-11 05:57:34.227102720,14,7799,198,22
33.854357,137.273747,2026-09-11 05:57:34.288543744,14,5129,245,20
33.922001,137.276597,2026-09-11 05:57:34.329023232,14,12481,197,14
33.846269,137.274714,2026-09-11 05:57:34.504260864,14,5028,245,34
33.64789,137.418112,2026-09-11 05:57:34.504240384,14,14811,204,18
33.918263,137.272761,2026-09-11 05:57:34.514226176,14,13312,197,15
33.791516,137.286683,2026-09-11 05:57:34.585480960,14,3894,247,37
33.856235,137.274546,2026-09-11 05:57:34.585498368,14,6880,197,24
33.848638,137.275355,2026-09-11 05:57:34.725895680,14,5018,198,26
33.850235,137.273796,2026-09-11 05:57:34.817884416,14,9496,198,24
33.846699,137.283678,2026-09-11 05:57:34.969372160,14,3914,198,19
34.006871,137.212122,2026-09-11 05:57:34.971307520,14,14233,190,20
33.870312,137.266924,2026-09-11 05:57:45.334898688,14,4691,197,29
33.798831,137.265683,2026-09-11 05:57:45.574261760,14,2449,247,40
33.841544,137.271228,2026-09-11 05:57:45.574275328,14,9976,198,28
33.844819,137.275119,2026-09-11 05:57:45.648744704,14,3340,204,24
33.847518,137.258889,2026-09-11 05:57:46.29511680,14,8861,200,20
33.866155,137.29535,2026-09-11 05:58:07.96236544,14,8074,200,52
33.854089,137.314609,2026-09-11 05:58:07.96232704,14,10161,198,33
15.868424,137.269222,2026-09-11 05:58:07.291097600,14,3626,248,39
33.867028,137.329481,2026-09-11 05:58:07.776210176,14,6158,204,24
33.851304,137.333326,2026-09-11 05:58:07.909139968,14,4885,198,21
33.853389,137.296408,2026-09-11 05:58:08.10306560,14,4014,198,28
33.84613,137.334042,2026-09-11 05:58:08.878471424,14,4634,245,34
50.482141,133.040375,2026-09-11 05:58:17.385626624,14,13326,221,45
37.643117,-29.287046,2026-09-11 05:55:03.565750016,11,6400,190,202
43.001447,17.748791,2026-09-11 05:55:16.747825152,11,14073,148,102
43.00102,17.761422,2026-09-11 05:55:16.747838208,11,11288,137,103
42.948375,17.830315,2026-09-11 05:55:16.747811328,11,5757,264,89
42.943614,17.825664,2026-09-11 05:55:16.747809280,11,9206,269,76
43.041572,17.747504,2026-09-11 05:55:16.747853056,11,7064,260,60
37.008389,-38.550929,2026-09-11 05:55:18.108898816,11,11108,211,343
45.015292,17.894196,2026-09-11 05:55:20.830203392,11,3869,110,144
21.362294,-100.53272,2026-09-11 05:55:26.815818752,11,5793,251,58
43.620478,16.388143,2026-09-11 05:55:32.225205248,11,5508,175,52
43.582428,16.394473,2026-09-11 05:55:32.225187328,11,13501,90,79
43.614777,16.404299,2026-09-11 05:55:32.225207808,11,10514,169,65
43.10595,17.294632,2026-09-11 05:55:37.12813312,11,7009,126,123
43.113461,17.286536,2026-09-11 05:55:37.12822784,11,5965,160,287
43.122656,17.29529,2026-09-11 05:55:37.12816128,11,7850,186,266
43.126598,17.308403,2026-09-11 05:55:37.12824832,11,4072,156,247
43.099636,17.301024,2026-09-11 05:55:37.63563520,11,5245,125,132
43.751071,16.504152,2026-09-11 05:55:41.344743936,11,7425,110,170
43.771264,16.486041,2026-09-11 05:55:41.344746240,11,10640,212,268
43.790107,16.513534,2026-09-11 05:55:41.344755200,11,7526,204,244
43.762956,16.502966,2026-09-11 05:55:41.344746496,11,13789,121,227
43.760523,16.497855,2026-09-11 05:55:41.791794432,11,6765,91,169
43.773164,16.49232,2026-09-11 05:55:41.791798784,11,7724,136,152
9.545919,8.540665,2026-09-11 05:55:47.613061120,11,12021,174,43
44.666515,17.673728,2026-09-11 05:55:48.559877120,11,7920,81,149
44.664565,17.671501,2026-09-11 05:55:48.559883520,11,9950,94,139
37.572672,-29.154421,2026-09-11 05:55:50.899664128,11,14500,236,138
43.498045,16.342146,2026-09-11 05:55:51.570014464,11,7881,184,19
36.715639,-37.043932,2026-09-11 05:55:53.955563776,11,13246,212,251
43.550494,16.425689,2026-09-11 05:55:58.443756288,11,9394,97,25
37.185631,-36.639472,2026-09-11 05:56:04.16890368,11,12538,210,232
26.287894,-110.732197,2026-09-11 05:56:04.805693184,11,7473,252,36
42.948669,17.778022,2026-09-11 05:56:06.571877120,11,6927,142,78
42.958437,17.777471,2026-09-11 05:56:06.571879936,11,10765,145,58
43.12203,17.866107,2026-09-11 05:56:06.571934208,11,13848,131,41
42.944515,17.785943,2026-09-11 05:56:06.776881664,11,6627,142,49
42.948585,17.795464,2026-09-11 05:56:06.776882176,11,5669,115,31
37.987422,-35.773486,2026-09-11 05:56:10.340828416,11,7620,207,233
36.001563,-37.504657,2026-09-11 05:56:11.233228288,11,7901,184,286
36.34635,-37.05212,2026-09-11 05:56:18.646635008,11,12922,219,147
37.64387,-29.592012,2026-09-11 05:56:20.553275136,11,14260,270,296
36.788825,-35.729922,2026-09-11 05:56:20.636224768,11,7154,212,234
38.752507,-27.169653,2026-09-11 05:56:22.850021632,11,9024,253,93
42.988022,17.78254,2026-09-11 05:56:23.446065920,11,11591,57,40
42.992972,17.791497,2026-09-11 05:56:23.446071296,11,13821,115,23
36.72008,-89.309789,2026-09-11 05:56:29.819509760,11,10688,105,38
36.712083,-89.293394,2026-09-11 05:56:29.819576576,11,12060,127,31
36.723172,-89.306587,2026-09-11 05:56:29.932615424,11,11282,104,32
36.732908,-89.333605,2026-09-11 05:56:30.1913600,11,11062,122,44
44.874022,17.745144,2026-09-11 05:56:32.567385600,11,2138,235,220
44.832892,17.744931,2026-09-11 05:56:32.567374592,11,12660,110,223
44.901708,17.705323,2026-09-11 05:56:32.678143232,11,8006,82,174
37.062346,-38.562999,2026-09-11 05:56:33.272615936,11,5843,180,230
43.088632,17.288517,2026-09-11 05:56:35.851298560,11,8545,102,184
43.108408,17.280318,2026-09-11 05:56:35.851304448,11,10375,154,198
43.129529,17.280869,2026-09-11 05:56:35.851311872,11,9718,162,175
43.103998,17.29041,2026-09-11 05:56:35.851315456,11,11550,99,153
43.106754,17.309491,2026-09-11 05:56:35.851310848,11,6004,139,132
43.097455,17.330429,2026-09-11 05:56:35.851310592,11,7625,254,118
43.17385,17.290113,2026-09-11 05:56:35.851368960,11,3948,268,101
43.07305,17.283857,2026-09-11 05:56:35.911126528,11,9072,136,140
36.793584,-89.317083,2026-09-11 05:56:38.717025536,11,11619,196,35
42.96706,17.836674,2026-09-11 05:56:39.489242368,11,8977,127,25
42.966223,17.876182,2026-09-11 05:56:39.743321344,11,7753,142,38
42.963543,17.884736,2026-09-11 05:56:39.783689216,11,8291,180,35
36.604182,-37.04639,2026-09-11 05:56:41.28495616,11,7603,222,198
42.984483,17.7316,2026-09-11 05:56:41.850164224,11,11809,93,65
42.984376,17.735569,2026-09-11 05:56:42.14896384,11,11174,92,70
43.005872,17.7382,2026-09-11 05:56:42.14909184,11,10568,165,90
42.980055,17.738874,2026-09-11 05:56:42.109952000,11,4457,100,82
40.843726,13.852978,2026-09-11 05:56:47.922244096,11,7196,232,73
40.765984,13.882042,2026-09-11 05:56:47.922216960,11,5485,266,111
40.786491,13.864299,2026-09-11 05:56:47.922231040,11,4746,222,98
40.801187,13.977063,2026-09-11 05:56:47.922249472,11,14056,259,84
40.812305,13.853593,2026-09-11 05:56:47.922266880,11,5158,258,64
44.036379,16.860273,2026-09-11 05:56:53.46220800,11,5744,232,168
44.034024,16.849981,2026-09-11 05:56:53.46223104,11,7635,130,201
38.51745,-33.230639,2026-09-11 05:56:53.909455872,11,5586,225,272
36.026721,-37.495765,2026-09-11 05:56:57.229742080,11,9626,219,311
43.023246,17.773025,2026-09-11 05:57:07.974826752,11,4900,188,80
37.003161,-38.532114,2026-09-11 05:57:09.815132416,11,8684,181,214
36.725668,-89.37323,2026-09-11 05:57:14.327016704,11,13868,84,132
42.941753,17.920268,2026-09-11 05:57:14.596731904,11,7822,142,39
42.992168,17.854209,2026-09-11 05:57:14.596752896,11,8417,132,50
43.053476,17.845523,2026-09-11 05:57:14.872990208,11,13557,137,39
21.327565,-100.525815,2026-09-11 05:57:15.754277376,11,12083,251,36
43.621476,16.385414,2026-09-11 05:57:18.564034560,11,9618,92,280
43.052417,17.26119,2026-09-11 05:57:22.191576320,11,3840,140,154
43.069729,17.25994,2026-09-11 05:57:22.191578880,11,7553,159,202
43.090527,17.262273,2026-09-11 05:57:22.191593216,11,5836,161,182
43.070589,17.266139,2026-09-11 05:57:22.191585280,11,11332,113,162
43.026634,17.74816,2026-09-11 05:57:26.757160960,11,13634,139,91
43.041237,17.748491,2026-09-11 05:57:26.757170176,11,8461,164,71
43.016346,17.769278,2026-09-11 05:57:26.757163776,11,6669,114,49
43.016313,17.755051,2026-09-11 05:57:26.757165056,11,13422,132,33
43.076881,17.734992,2026-09-11 05:57:26.757223936,11,8671,267,19
43.246414,16.130824,2026-09-11 05:57:32.849354496,11,7874,111,66
43.297024,16.064758,2026-09-11 05:57:32.849379840,11,7579,144,64
43.352276,16.139897,2026-09-11 05:57:32.849410048,11,14453,175,50
43.232316,16.113044,2026-09-11 05:57:32.849406976,11,8108,146,37
43.010894,17.822322,2026-09-11 05:57:37.906309888,11,12046,84,86
43.031075,17.815776,2026-09-11 05:57:37.906320896,11,9799,113,62
42.984677,17.750217,2026-09-11 05:57:38.7574784,11,11038,91,48
43.003316,17.752653,2026-09-11 05:57:38.7592704,11,12796,134,58
43.062588,17.829321,2026-09-11 05:57:38.7616000,11,14355,136,38
43.040218,17.836191,2026-09-11 05:57:38.336107008,11,6918,124,41
43.031552,17.838589,2026-09-11 05:57:38.336104192,11,7735,115,59
43.534638,16.326221,2026-09-11 05:57:38.642371840,11,8597,143,48
43.533678,16.355185,2026-09-11 05:57:38.642371328,11,7007,178,72
43.500219,16.378729,2026-09-11 05:57:38.642363648,11,12026,90,59
43.521846,16.368869,2026-09-11 05:57:38.642396672,11,11932,140,41
43.506616,16.410905,2026-09-11 05:57:38.642387968,11,14272,121,29
42.957011,17.810129,2026-09-11 05:57:40.972671488,11,7237,131,56
42.998389,17.798284,2026-09-11 05:57:40.972688640,11,12613,144,55
43.085984,17.279742,2026-09-11 05:57:45.478313216,11,10314,127,168
43.112007,17.249263,2026-09-11 05:57:45.478328064,11,2933,245,253
43.120993,17.253674,2026-09-11 05:57:45.478334720,11,3770,258,239
43.108671,17.274818,2026-09-11 05:57:45.478324736,11,6102,186,223
43.141401,17.267006,2026-09-11 05:57:45.478338560,11,3895,140,135
44.042785,16.518209,2026-09-11 05:57:47.354192896,11,12879,104,123
44.070685,16.509077,2026-09-11 05:57:47.354196224,11,6701,162,101
44.094287,16.507122,2026-09-11 05:57:47.354207744,11,5768,158,84
44.076885,16.509514,2026-09-11 05:57:47.354204672,11,14396,154,69
44.058365,16.52618,2026-09-11 05:57:47.354202368,11,14312,120,49
44.076072,16.516358,2026-09-11 05:57:47.354244864,11,12722,249,25
38.608901,-33.243828,2026-09-11 05:57:50.53293312,11,6396,241,272
36.972495,-38.560177,2026-09-11 05:57:51.10100224,11,14950,181,336
42.94138,17.828412,2026-09-11 05:57:55.832622848,11,6770,89,187
43.003825,17.794863,2026-09-11 05:57:55.832640512,11,12388,136,176
42.938383,17.812701,2026-09-11 05:57:55.832638464,11,11629,84,122
42.968707,17.830652,2026-09-11 05:57:55.832644352,11,10404,140,41
42.97159,17.839136,2026-09-11 05:57:55.832651264,11,11017,124,36
36.712363,-89.297138,2026-09-11 05:57:57.527597056,11,11932,183,264
42.981402,17.789246,2026-09-11 05:57:58.933724672,11,9060,89,169
43.003985,17.791482,2026-09-11 05:57:58.933733632,11,10895,136,214
43.000196,17.79682,2026-09-11 05:57:58.933739776,11,8246,162,194
43.98648,17.007488,2026-09-11 05:57:59.463457536,11,6215,267,54
44.066559,16.884622,2026-09-11 05:57:59.463498752,11,13665,152,65
44.051301,16.896801,2026-09-11 05:57:59.669667584,11,6077,108,27
36.321362,-37.031183,2026-09-11 05:58:01.996022272,11,12671,188,150
37.444836,-36.26957,2026-09-11 05:58:10.192459520,11,14101,209,133
36.735557,-36.953038,2026-09-11 05:58:10.469016064,11,14686,203,26
37.643117,-29.287046,2026-09-11 05:55:03.565750016,12,6400,190,202
38.495174,-33.282847,2026-09-11 05:55:04.814714624,12,3983,233,122
23.646238,-78.277978,2026-09-11 05:55:13.172125952,12,11585,250,27
43.001447,17.748791,2026-09-11 05:55:16.747825152,12,14073,148,101
43.00102,17.761422,2026-09-11 05:55:16.747838208,12,11288,137,101
42.948375,17.830315,2026-09-11 05:55:16.747811328,12,5757,264,87
42.943614,17.825664,2026-09-11 05:55:16.747809280,12,9206,269,74
43.041572,17.747504,2026-09-11 05:55:16.747853056,12,7064,260,58
37.008389,-38.550929,2026-09-11 05:55:18.108898816,12,11108,211,341
45.017952,17.892278,2026-09-11 05:55:20.830204160,12,3634,155,170
45.020826,17.898784,2026-09-11 05:55:20.830204928,12,4143,124,348
21.320481,-100.573126,2026-09-11 05:55:26.815805440,12,9237,253,56
43.620478,16.388143,2026-09-11 05:55:32.225205248,12,5508,175,53
43.582428,16.394473,2026-09-11 05:55:32.225187328,12,13501,90,80
43.584316,16.388633,2026-09-11 05:55:32.225193984,12,13889,85,50
35.352031,-37.418318,2026-09-11 05:55:34.344352256,12,14083,187,140
43.10595,17.294632,2026-09-11 05:55:37.12813312,12,7009,126,122
43.113461,17.286536,2026-09-11 05:55:37.12822784,12,5965,160,286
43.123175,17.295401,2026-09-11 05:55:37.12816384,12,7847,186,265
43.126598,17.308403,2026-09-11 05:55:37.12824832,12,4072,156,246
43.100473,17.288241,2026-09-11 05:55:37.63560704,12,9845,125,111
43.751071,16.504152,2026-09-11 05:55:41.344743936,12,7425,110,170
43.771264,16.486041,2026-09-11 05:55:41.344746240,12,10640,212,267
43.790107,16.513534,2026-09-11 05:55:41.344755200,12,7526,204,243
43.772763,16.502629,2026-09-11 05:55:41.344749312,12,8293,159,136
44.666515,17.673728,2026-09-11 05:55:48.559877120,12,7920,81,150
44.664553,17.671505,2026-09-11 05:55:48.559883520,12,9947,94,140
37.572672,-29.154421,2026-09-11 05:55:50.899664128,12,14500,236,137
36.715639,-37.043932,2026-09-11 05:55:53.955563776,12,13246,212,250
43.550494,16.425689,2026-09-11 05:55:58.443756288,12,9394,97,24
37.185631,-36.639472,2026-09-11 05:56:04.16890368,12,12538,210,231
26.287894,-110.732197,2026-09-11 05:56:04.805693184,12,7473,252,36
42.948669,17.778022,2026-09-11 05:56:06.571877120,12,6927,142,78
42.958437,17.777471,2026-09-11 05:56:06.571879936,12,10765,145,58
43.12203,17.866107,2026-09-11 05:56:06.571934208,12,13848,131,41
42.944515,17.785943,2026-09-11 05:56:06.776881664,12,6627,142,49
42.948585,17.795464,2026-09-11 05:56:06.776882176,12,5669,115,31
37.987422,-35.773486,2026-09-11 05:56:10.340828416,12,7620,207,233
36.001563,-37.504657,2026-09-11 05:56:11.233228288,12,7901,184,286
36.34635,-37.05212,2026-09-11 05:56:18.646635008,12,12922,219,145
37.64387,-29.592012,2026-09-11 05:56:20.553275136,12,14260,270,296
36.788825,-35.729922,2026-09-11 05:56:20.636224768,12,7154,212,234
38.752507,-27.169653,2026-09-11 05:56:22.850021632,12,9024,253,93
43.003396,17.784939,2026-09-11 05:56:23.446071040,12,7042,144,28
36.720054,-89.309689,2026-09-11 05:56:29.819509760,12,10686,105,38
36.712083,-89.293394,2026-09-11 05:56:29.819576576,12,12060,127,31
36.723144,-89.306529,2026-09-11 05:56:29.932615424,12,11280,104,38
36.718673,-89.312796,2026-09-11 05:56:29.932679424,12,14147,128,25
44.874022,17.745144,2026-09-11 05:56:32.567385600,12,2138,235,220
44.832892,17.744931,2026-09-11 05:56:32.567374592,12,12660,110,223
44.901126,17.71135,2026-09-11 05:56:32.678141696,12,9270,82,194
37.062346,-38.562999,2026-09-11 05:56:33.272615936,12,5843,180,228
43.088632,17.288517,2026-09-11 05:56:35.851298560,12,8545,102,183
43.108408,17.280318,2026-09-11 05:56:35.851304448,12,10375,154,197
43.103041,17.27238,2026-09-11 05:56:35.851312640,12,13584,83,174
43.10303,17.286176,2026-09-11 05:56:35.851305728,12,6956,109,150
43.108755,17.308883,2026-09-11 05:56:35.851307520,12,7323,139,134
43.097455,17.330429,2026-09-11 05:56:35.851310592,12,7625,254,118
43.17385,17.290113,2026-09-11 05:56:35.851368960,12,3948,268,101
43.07305,17.283857,2026-09-11 05:56:35.911126528,12,9072,136,139
43.091422,17.274439,2026-09-11 05:56:35.911134208,12,7198,156,84
36.793584,-89.317083,2026-09-11 05:56:38.717025536,12,11619,196,35
42.968195,17.83542,2026-09-11 05:56:39.489242880,12,13852,127,24
42.966223,17.876182,2026-09-11 05:56:39.743321344,12,7753,142,37
42.963543,17.884736,2026-09-11 05:56:39.783689216,12,8291,180,35
43.186261,17.905265,2026-09-11 05:56:39.783767552,12,13641,225,35
36.604182,-37.04639,2026-09-11 05:56:41.28495616,12,7603,222,197
42.984483,17.7316,2026-09-11 05:56:41.850164224,12,11809,93,64
42.984376,17.735569,2026-09-11 05:56:42.14896384,12,11174,92,70
43.005872,17.7382,2026-09-11 05:56:42.14909184,12,10568,165,89
42.980055,17.738874,2026-09-11 05:56:42.109952000,12,4457,100,81
40.843527,13.852994,2026-09-11 05:56:47.922244096,12,7192,232,73
40.765984,13.882042,2026-09-11 05:56:47.922216960,12,5485,266,110
40.786594,13.864322,2026-09-11 05:56:47.922231040,12,4745,218,97
40.962983,13.79586,2026-09-11 05:56:47.922320640,12,7814,269,81
40.812305,13.853593,2026-09-11 05:56:47.922266880,12,5158,258,64
44.036379,16.860273,2026-09-11 05:56:53.46220800,12,5744,232,168
44.034024,16.849981,2026-09-11 05:56:53.46223104,12,7635,130,200
38.51745,-33.230639,2026-09-11 05:56:53.909455872,12,5586,225,271
36.026721,-37.495765,2026-09-11 05:56:57.229742080,12,9626,219,304
37.125985,-28.875964,2026-09-11 05:56:59.284809728,12,12819,193,166
42.966513,17.800886,2026-09-11 05:57:01.335590144,12,6074,144,104
43.023246,17.773025,2026-09-11 05:57:07.974826752,12,4900,188,79
37.003161,-38.532114,2026-09-11 05:57:09.815132416,12,8684,181,213
36.725668,-89.37323,2026-09-11 05:57:14.327016704,12,13868,84,124
43.067875,17.831222,2026-09-11 05:57:14.872994816,12,11397,193,28
21.387256,-100.503694,2026-09-11 05:57:15.754305536,12,7097,251,52
43.621476,16.385414,2026-09-11 05:57:18.564034560,12,9618,92,279
43.066021,17.260682,2026-09-11 05:57:22.191577856,12,8547,103,189
43.090219,17.246359,2026-09-11 05:57:22.191592192,12,12296,161,193
43.089236,17.260412,2026-09-11 05:57:22.191588352,12,5961,187,172
43.062433,17.269446,2026-09-11 05:57:22.191579648,12,7389,109,155
43.026634,17.74816,2026-09-11 05:57:26.757160960,12,13634,139,90
43.041237,17.748491,2026-09-11 05:57:26.757170176,12,8461,164,70
43.022303,17.757096,2026-09-11 05:57:26.757166592,12,5521,114,48
43.012359,17.776344,2026-09-11 05:57:26.757165312,12,9483,132,35
43.022539,17.78243,2026-09-11 05:57:26.757206016,12,7132,267,22
43.246414,16.130824,2026-09-11 05:57:32.849354496,12,7874,111,67
43.297024,16.064758,2026-09-11 05:57:32.849379840,12,7579,144,64
43.352276,16.139897,2026-09-11 05:57:32.849410048,12,14453,175,50
43.232316,16.113044,2026-09-11 05:57:32.849406976,12,8108,146,37
43.010894,17.822322,2026-09-11 05:57:37.906309888,12,12046,84,87
43.032684,17.822064,2026-09-11 05:57:37.906319616,12,10379,160,63
42.984677,17.750217,2026-09-11 05:57:38.7574784,12,11038,91,49
43.003316,17.752653,2026-09-11 05:57:38.7592704,12,12796,134,58
43.062588,17.829321,2026-09-11 05:57:38.7616000,12,14355,136,38
43.040218,17.836191,2026-09-11 05:57:38.336107008,12,6918,124,41
43.031552,17.838589,2026-09-11 05:57:38.336104192,12,7735,115,59
43.534638,16.326221,2026-09-11 05:57:38.642371840,12,8597,143,48
43.51562,16.344427,2026-09-11 05:57:38.642368512,12,13341,90,73
43.546156,16.339668,2026-09-11 05:57:38.642379264,12,12446,164,57
43.521846,16.368869,2026-09-11 05:57:38.642396672,12,11932,140,41
43.506616,16.410905,2026-09-11 05:57:38.642387968,12,14272,121,29
42.957011,17.810129,2026-09-11 05:57:40.972671488,12,7237,131,57
42.998389,17.798284,2026-09-11 05:57:40.972688640,12,12613,144,56
42.998235,17.797682,2026-09-11 05:57:40.972686592,12,13436,99,41
42.966365,17.809541,2026-09-11 05:57:41.52944640,12,5201,138,44
42.986746,17.805942,2026-09-11 05:57:41.52952064,12,10149,115,58
43.085984,17.279742,2026-09-11 05:57:45.478313216,12,10314,127,165
43.112007,17.249263,2026-09-11 05:57:45.478328064,12,2933,245,253
43.120993,17.253674,2026-09-11 05:57:45.478334720,12,3770,258,239
43.108671,17.274818,2026-09-11 05:57:45.478324736,12,6102,186,223
43.089105,17.266849,2026-09-11 05:57:45.530559744,12,6048,135,104
44.042785,16.518209,2026-09-11 05:57:47.354192896,12,12879,104,123
44.070685,16.509077,2026-09-11 05:57:47.354196224,12,6701,162,101
44.094287,16.507122,2026-09-11 05:57:47.354207744,12,5768,158,84
44.076885,16.509514,2026-09-11 05:57:47.354204672,12,14396,154,69
44.058365,16.52618,2026-09-11 05:57:47.354202368,12,14312,120,49
43.050144,17.839693,2026-09-11 05:57:49.292574720,12,12331,138,35
38.608901,-33.243828,2026-09-11 05:57:50.53293312,12,6396,241,273
37.036448,-38.55841,2026-09-11 05:57:51.10117888,12,8580,225,322
42.985337,17.805236,2026-09-11 05:57:55.832635136,12,6796,127,141
42.973367,17.780412,2026-09-11 05:57:55.832645632,12,10220,136,170
42.940617,17.802186,2026-09-11 05:57:55.832634880,12,8693,84,157
42.926877,17.782541,2026-09-11 05:57:55.832637952,12,12273,99,144
42.942485,17.841756,2026-09-11 05:57:55.832636928,12,7199,152,131
42.79662,18.01511,2026-09-11 05:57:55.832571904,12,6946,266,118
42.976207,17.857369,2026-09-11 05:57:55.832650752,12,4312,233,105
43.008498,17.805334,2026-09-11 05:57:55.832668672,12,6318,265,87
43.106567,17.819954,2026-09-11 05:57:55.832708608,12,9072,240,74
42.92104,18.009467,2026-09-11 05:57:55.832616448,12,10508,261,31
36.712363,-89.297138,2026-09-11 05:57:57.527597056,12,11932,183,264
42.982017,17.793111,2026-09-11 05:57:58.933725184,12,11810,88,212
43.007416,17.783494,2026-09-11 05:57:58.933732608,12,9201,136,212
43.000218,17.796799,2026-09-11 05:57:58.933739776,12,8247,162,192
36.321362,-37.031183,2026-09-11 05:58:01.996022272,12,12671,188,150
37.444836,-36.26957,2026-09-11 05:58:10.192459520,12,14101,209,133
25.530673,-110.35701,2026-09-11 09:30:04.980559616,1,10803,268,23
42.92589,18.062064,2026-09-11 09:30:06.334076160,1,10117,81,136
42.93225,18.041181,2026-09-11 09:30:06.334091520,1,12111,85,114
42.932583,18.066664,2026-09-11 09:30:06.334081536,1,8874,118,91
42.999818,18.0705,2026-09-11 09:30:06.334109696,1,10382,153,74
42.952895,18.050264,2026-09-11 09:30:06.334128384,1,9472,266,60
42.924881,18.069082,2026-09-11 09:30:06.334119168,1,4657,227,44
42.959411,18.071445,2026-09-11 09:30:06.334127104,1,7648,259,31
42.925329,18.085324,2026-09-11 09:30:06.535959552,1,8074,85,59
42.95025,18.08581,2026-09-11 09:30:06.535972608,1,11101,113,38
42.282562,15.18106,2026-09-11 09:30:06.571224576,1,2899,246,220
42.285643,15.174866,2026-09-11 09:30:06.571226368,1,5084,213,207
42.304735,15.155815,2026-09-11 09:30:06.571234816,1,3221,256,185
42.277464,15.182261,2026-09-11 09:30:06.571227904,1,4896,165,172
42.273581,15.182721,2026-09-11 09:30:06.571230464,1,9958,165,160
42.28157,15.184061,2026-09-11 09:30:06.571232000,1,4674,192,143
42.298362,15.194525,2026-09-11 09:30:06.571236608,1,7296,208,129
42.26436,15.176777,2026-09-11 09:30:06.571267840,1,8538,151,115
42.265481,15.184008,2026-09-11 09:30:06.571261184,1,5553,241,97
42.3503,15.163231,2026-09-11 09:30:06.571291648,1,3853,267,78
42.303099,15.179429,2026-09-11 09:30:06.571273984,1,1508,243,58
43.019761,18.309192,2026-09-11 09:30:14.338443520,1,12677,79,122
43.027525,18.320471,2026-09-11 09:30:14.338457344,1,8566,137,105
43.020487,18.327818,2026-09-11 09:30:14.338446592,1,13127,121,83
43.026227,18.341503,2026-09-11 09:30:14.338456576,1,13949,96,65
43.022782,18.342296,2026-09-11 09:30:14.338489088,1,8827,228,35
43.075128,18.228856,2026-09-11 09:30:14.469630720,1,7924,135,66
43.034776,18.178126,2026-09-11 09:30:14.469632256,1,11929,68,54
43.119842,18.222049,2026-09-11 09:30:14.469656320,1,10643,127,36
37.339232,-68.543764,2026-09-11 09:30:15.664379392,1,10751,225,31
42.257885,15.191202,2026-09-11 09:30:24.404015616,1,9017,138,50
42.379134,15.341116,2026-09-11 09:30:24.404076288,1,14196,179,26
42.291781,15.189885,2026-09-11 09:30:24.511952384,1,2776,245,172
42.296616,15.183853,2026-09-11 09:30:24.511957248,1,2634,256,164
42.274606,15.193961,2026-09-11 09:30:24.511953920,1,4650,215,151
42.257204,15.19378,2026-09-11 09:30:24.511945216,1,5291,215,136
42.247721,15.213994,2026-09-11 09:30:24.511943424,1,3840,262,121
42.275169,15.191425,2026-09-11 09:30:24.511957248,1,2460,192,108
42.282517,15.20064,2026-09-11 09:30:24.511958528,1,6129,157,95
42.248982,15.254731,2026-09-11 09:30:24.511972608,1,4814,181,80
43.196692,18.024968,2026-09-11 09:30:31.646705152,1,9266,136,21
42.920102,18.106609,2026-09-11 09:30:33.527309568,1,8899,159,28
37.270989,-35.934768,2026-09-11 09:30:41.309206528,1,12968,176,57
42.256252,15.18454,2026-09-11 09:30:48.380930816,1,9313,129,163
42.307077,15.150164,2026-09-11 09:30:48.380955904,1,1810,265,143
42.25449,15.181293,2026-09-11 09:30:48.380942848,1,6716,212,131
42.279348,15.185888,2026-09-11 09:30:48.380950528,1,12401,170,115
42.257507,15.182456,2026-09-11 09:30:48.380947456,1,10621,158,102
42.435648,15.256298,2026-09-11 09:30:48.381012480,1,11779,218,88
42.240235,15.2302,2026-09-11 09:30:48.380969216,1,9920,181,72
42.289886,15.225551,2026-09-11 09:30:48.380984832,1,6085,261,60
42.317248,15.192876,2026-09-11 09:30:48.380991488,1,8651,209,46
42.29741,15.188265,2026-09-11 09:30:48.380994560,1,7146,202,26
42.256847,15.175954,2026-09-11 09:30:48.516986112,1,10268,128,121
42.286338,15.166308,2026-09-11 09:30:48.517001216,1,7343,194,97
42.288202,15.199378,2026-09-11 09:30:48.517004544,1,8703,198,77
42.271949,15.315423,2026-09-11 09:30:48.517009664,1,14887,180,63
42.239369,15.259896,2026-09-11 09:30:48.517016320,1,6506,110,50
42.279909,15.216311,2026-09-11 09:30:48.517035008,1,3096,267,35
42.278603,15.206169,2026-09-11 09:30:48.517037312,1,10171,253,18
32.523058,-101.013633,2026-09-11 09:30:48.749074688,1,9168,225,19
37.082641,-68.70064,2026-09-11 09:30:48.903744512,1,3963,263,39
37.164021,-68.874607,2026-09-11 09:30:48.952942336,1,14328,259,27
42.336677,15.199625,2026-09-11 09:30:48.966827008,1,6909,210,38
42.247367,15.141706,2026-09-11 09:30:56.18965760,1,8856,128,48
42.20888,15.212361,2026-09-11 09:30:56.18958592,1,14649,167,62
42.3765,15.207146,2026-09-11 09:30:56.19020032,1,8018,177,49
42.27326,15.192464,2026-09-11 09:30:56.18992896,1,12324,181,36
42.149498,15.194709,2026-09-11 09:30:56.18973184,1,11790,267,23
42.929544,18.043504,2026-09-11 09:30:57.759425792,1,13041,78,19
43.426864,16.879291,2026-09-11 09:30:58.839897344,1,12714,184,46
37.014538,-70.257917,2026-09-11 09:31:07.513702912,1,6050,259,30
43.205783,18.47432,2026-09-11 09:31:08.693926144,1,13608,146,49
43.197784,18.461316,2026-09-11 09:31:08.693922816,1,14535,108,30
42.972461,18.12579,2026-09-11 09:31:09.656734720,1,12303,141,91
42.971618,18.124267,2026-09-11 09:31:09.656738816,1,11819,141,122
42.933863,18.162495,2026-09-11 09:31:09.656726528,1,10986,127,104
42.973981,18.152219,2026-09-11 09:31:09.656738560,1,14358,133,86
42.944383,18.215567,2026-09-11 09:31:09.656729088,1,6965,270,73
43.116534,18.178667,2026-09-11 09:31:09.656791552,1,8656,266,52
42.924189,18.093768,2026-09-11 09:31:10.99876352,1,3140,141,37
42.265103,15.246184,2026-09-11 09:31:17.740740096,1,5944,93,41
37.400037,-87.613705,2026-09-11 09:31:17.945963008,1,6692,77,43
37.379957,-87.588517,2026-09-11 09:31:17.994609408,1,9832,126,29
37.379875,-87.599488,2026-09-11 09:31:18.20463616,1,13890,127,33
29.897217,-87.640805,2026-09-11 09:31:25.376537088,1,8538,224,39
29.927831,-87.618005,2026-09-11 09:31:25.376599552,1,13870,239,28
30.174627,-87.562547,2026-09-11 09:31:25.407219712,1,11547,253,27
29.885853,-87.605359,2026-09-11 09:31:25.438622464,1,13734,235,24
34.929403,-37.950377,2026-09-11 09:31:26.323570944,1,9380,190,110
35.539246,-36.545266,2026-09-11 09:31:34.759651840,1,12210,235,60
42.932867,18.072122,2026-09-11 09:31:35.675866112,1,5753,113,15
42.955407,18.066786,2026-09-11 09:31:35.675876608,1,5119,113,28
43.280766,17.517902,2026-09-11 09:31:43.257769216,1,6447,200,58
43.312785,17.486961,2026-09-11 09:31:43.257780736,1,6531,150,45
43.337037,17.474866,2026-09-11 09:31:43.257834240,1,10086,156,26
43.323447,17.446324,2026-09-11 09:31:43.282076160,1,8264,129,31
44.677319,18.052396,2026-09-11 09:31:43.732179200,1,7885,254,17
44.662408,18.063076,2026-09-11 09:31:43.840523008,1,9454,116,330
44.667028,18.054633,2026-09-11 09:31:43.840529664,1,8322,167,399
44.670541,18.065201,2026-09-11 09:31:43.840530176,1,4263,182,376
44.659507,18.047299,2026-09-11 09:31:43.840527360,1,9151,101,361
44.653736,18.059626,2026-09-11 09:31:43.840527104,1,11550,99,339
44.637855,18.083404,2026-09-11 09:31:43.840518912,1,4819,247,316
44.644978,18.094088,2026-09-11 09:31:43.840526336,1,6224,176,303
44.659603,18.064762,2026-09-11 09:31:43.840530688,1,10284,91,287
44.64016,18.107059,2026-09-11 09:31:43.840523776,1,4270,226,268
44.658619,18.09485,2026-09-11 09:31:43.840527104,1,10329,131,254
44.658621,18.09169,2026-09-11 09:31:43.840529664,1,2816,263,237
44.64885,18.134976,2026-09-11 09:31:43.840526592,1,7498,268,223
44.710372,18.069371,2026-09-11 09:31:43.840551936,1,5414,178,199
44.700691,18.075814,2026-09-11 09:31:43.840542720,1,8935,174,184
44.851418,17.874728,2026-09-11 09:31:43.840632320,1,10016,235,155
37.067649,-69.519524,2026-09-11 09:31:51.91770112,1,11125,234,38
9.262257,6.926724,2026-09-11 09:31:51.533080832,1,11511,110,23
51.805933,115.235889,2026-09-11 09:30:01.837047296,2,12951,198,18
50.693427,133.004664,2026-09-11 09:30:24.347107840,2,9059,209,20
47.828751,137.092069,2026-09-11 09:31:17.903087872,2,11171,254,28
11.428391,125.583396,2026-09-11 09:31:53.388139776,2,9725,260,46
25.352349,-110.504983,2026-09-11 09:30:04.980475136,3,11617,256,68
25.514276,-110.355536,2026-09-11 09:30:04.980547328,3,10885,255,66
23.834914,-111.308889,2026-09-11 09:30:05.364357120,3,8878,266,37
35.037277,-37.962033,2026-09-11 09:30:08.108980480,3,4574,220,46
29.779611,-79.521207,2026-09-11 09:30:10.818322944,3,4395,174,118
29.837813,-79.547318,2026-09-11 09:30:10.818344960,3,2859,265,103
37.407812,-87.639871,2026-09-11 09:30:18.941255936,3,11706,71,125
37.440233,-87.642973,2026-09-11 09:30:18.941268736,3,7671,174,109
37.383416,-87.695602,2026-09-11 09:30:18.941255936,3,4775,238,91
37.406507,-87.650461,2026-09-11 09:30:18.941271296,3,10454,116,79
37.403331,-87.794473,2026-09-11 09:30:18.941290496,3,7122,249,62
37.452029,-87.633369,2026-09-11 09:30:18.941339904,3,7249,204,50
37.428935,-87.622347,2026-09-11 09:30:18.941335040,3,11423,163,38
37.400947,-87.630611,2026-09-11 09:30:18.962052608,3,12701,89,16
37.462412,-87.608098,2026-09-11 09:30:18.962143744,3,6893,233,24
37.410383,-87.602259,2026-09-11 09:30:19.6866176,3,8539,71,102
37.418415,-87.632474,2026-09-11 09:30:19.6869248,3,9943,106,81
37.474775,-87.816822,2026-09-11 09:30:19.6897920,3,10645,164,68
37.408305,-87.73686,2026-09-11 09:30:19.6904064,3,8986,165,55
37.457998,-87.622431,2026-09-11 09:30:19.6945024,3,6644,202,35
37.431157,-87.593111,2026-09-11 09:30:19.40428032,3,7835,195,44
37.479928,-87.602629,2026-09-11 09:30:19.40509440,3,4988,217,32
37.482305,-87.594555,2026-09-11 09:30:19.40506880,3,8578,251,18
30.067136,-86.59056,2026-09-11 09:30:19.461881600,3,10907,155,35
30.098642,-86.607748,2026-09-11 09:30:19.461880576,3,10219,224,21
30.034477,-86.591776,2026-09-11 09:30:19.478542848,3,10457,139,84
30.044407,-86.617318,2026-09-11 09:30:19.478600448,3,5066,203,74
34.744328,-93.559509,2026-09-11 09:30:19.600264704,3,8678,148,21
30.640936,-112.231187,2026-09-11 09:30:26.784283904,3,12880,225,58
30.331596,-112.407199,2026-09-11 09:30:26.784234752,3,12174,228,50
30.332983,-112.431557,2026-09-11 09:30:26.784228864,3,8140,257,38
22.478997,-74.83174,2026-09-11 09:30:29.324542720,3,3970,267,106
28.643951,-79.711732,2026-09-11 09:30:36.465890048,3,11564,171,46
28.795158,-79.673846,2026-09-11 09:30:36.465948672,3,6405,208,35
37.577592,-83.49009,2026-09-11 09:30:36.475267328,3,12708,105,24
37.625352,-83.486692,2026-09-11 09:30:36.485792000,3,5014,220,49
37.565288,-83.468439,2026-09-11 09:30:36.485774848,3,13148,100,36
37.573981,-83.461441,2026-09-11 09:30:36.485775872,3,8176,100,24
25.356587,-110.391388,2026-09-11 09:30:37.442830336,3,13915,216,41
25.490364,-110.376096,2026-09-11 09:30:37.442874112,3,8347,261,28
27.612913,-83.969811,2026-09-11 09:30:37.524901376,3,12519,252,40
27.621374,-83.984169,2026-09-11 09:30:37.524899840,3,6539,216,28
27.54078,-84.029241,2026-09-11 09:30:37.661668864,3,4403,217,72
27.629559,-84.020798,2026-09-11 09:30:37.661756160,3,5268,251,61
27.574122,-84.008904,2026-09-11 09:30:37.661737984,3,4704,219,43
27.636228,-83.996523,2026-09-11 09:30:37.661759232,3,12671,244,24
24.56738,-90.492282,2026-09-11 09:30:46.278772224,3,10426,234,56
25.005995,-90.390981,2026-09-11 09:30:46.278914304,3,14131,257,43
25.031235,-90.398684,2026-09-11 09:30:46.278928640,3,13779,232,25
24.902732,-90.414919,2026-09-11 09:30:46.293874688,3,6751,232,23
25.015892,-90.405477,2026-09-11 09:30:46.293972992,3,6511,270,86
24.990506,-90.426606,2026-09-11 09:30:46.293957888,3,10566,257,70
25.003227,-90.411466,2026-09-11 09:30:46.293962496,3,12042,236,45
24.994586,-90.390678,2026-09-11 09:30:46.347094272,3,5217,234,27
22.409124,-74.872538,2026-09-11 09:30:46.853093376,3,6198,268,49
25.481462,-110.33708,2026-09-11 09:30:47.32134656,3,7770,214,40
25.509252,-110.375708,2026-09-11 09:30:47.32152064,3,9496,253,28
32.483429,-101.020973,2026-09-11 09:30:48.749066752,3,9165,193,55
32.483886,-101.02169,2026-09-11 09:30:48.749062144,3,3144,190,42
37.135602,-68.81655,2026-09-11 09:30:48.903769344,3,8054,148,109
37.123714,-68.812892,2026-09-11 09:30:48.903773440,3,4066,252,91
37.15297,-68.827312,2026-09-11 09:30:48.903784704,3,3795,253,80
37.13146,-68.822733,2026-09-11 09:30:48.903780608,3,6581,238,66
37.12812,-68.837556,2026-09-11 09:30:48.916959488,3,7360,156,50
37.119057,-68.78832,2026-09-11 09:30:48.917023232,3,11096,249,31
37.158302,-68.873706,2026-09-11 09:30:48.952940800,3,3524,263,46
37.160279,-68.840503,2026-09-11 09:30:48.952941824,3,4792,253,55
37.112642,-68.800659,2026-09-11 09:30:48.952979200,3,10161,208,44
13.968645,-83.337451,2026-09-11 09:30:56.43756800,3,6293,259,48
37.572819,-87.350753,2026-09-11 09:30:59.634836224,3,4128,135,23
36.956698,-70.2264,2026-09-11 09:31:07.513679872,3,9056,129,79
37.001195,-70.248737,2026-09-11 09:31:07.513702144,3,6643,248,57
36.941995,-70.202807,2026-09-11 09:31:07.513738752,3,10495,199,41
36.939013,-70.176566,2026-09-11 09:31:07.513727744,3,14135,199,32
34.333525,-74.603291,2026-09-11 09:31:12.228388096,3,9199,252,39
34.346904,-74.59455,2026-09-11 09:31:12.228461312,3,14056,252,28
34.259355,-74.586943,2026-09-11 09:31:12.390980096,3,7376,169,75
34.286914,-74.754341,2026-09-11 09:31:12.391037184,3,11490,192,58
34.284887,-74.781528,2026-09-11 09:31:12.391039488,3,10834,193,45
34.256743,-74.564541,2026-09-11 09:31:12.391038464,3,8604,245,32
34.272197,-74.561129,2026-09-11 09:31:12.391042816,3,8638,236,15
34.168825,-74.583238,2026-09-11 09:31:12.617243136,3,13538,195,33
34.225742,-74.571705,2026-09-11 09:31:12.617238016,3,7893,237,20
34.554581,-94.512872,2026-09-11 09:31:15.399552768,3,8948,125,30
34.58296,-94.509723,2026-09-11 09:31:15.399619072,3,11333,256,42
34.549828,-94.523853,2026-09-11 09:31:15.402688768,3,7974,126,46
34.61118,-94.475335,2026-09-11 09:31:15.402771968,3,9870,221,41
34.605238,-94.496224,2026-09-11 09:31:15.402765056,3,5347,189,31
34.594879,-94.512738,2026-09-11 09:31:15.402759424,3,9476,182,22
34.478001,-94.48524,2026-09-11 09:31:15.584344576,3,7382,125,70
34.481732,-94.48535,2026-09-11 09:31:15.584407296,3,9079,134,50
34.473236,-94.507295,2026-09-11 09:31:15.584400128,3,13052,132,36
37.433736,-67.388851,2026-09-11 09:31:15.974219776,3,13947,248,89
37.444342,-67.378697,2026-09-11 09:31:15.974224128,3,6628,258,70
37.397909,-67.306867,2026-09-11 09:31:15.974255360,3,7132,213,56
37.38718,-67.234909,2026-09-11 09:31:15.974236928,3,5690,249,40
37.575242,-87.630585,2026-09-11 09:31:16.173836288,3,10284,70,80
37.578101,-87.660011,2026-09-11 09:31:16.173842944,3,9171,98,95
37.590427,-87.646007,2026-09-11 09:31:16.173851136,3,9111,78,77
37.583193,-87.761236,2026-09-11 09:31:16.173875200,3,9537,166,62
29.847092,-87.62528,2026-09-11 09:31:25.376519424,3,11927,148,81
29.917869,-87.631229,2026-09-11 09:31:25.376541696,3,9224,254,116
29.873464,-87.636039,2026-09-11 09:31:25.376537344,3,12056,196,96
29.935779,-87.62265,2026-09-11 09:31:25.376606976,3,7948,252,84
29.904925,-87.646828,2026-09-11 09:31:25.376592896,3,6056,255,68
29.916285,-87.625949,2026-09-11 09:31:25.376601600,3,11762,206,54
29.938902,-87.606185,2026-09-11 09:31:25.376611072,3,6981,240,36
29.864522,-87.616651,2026-09-11 09:31:25.407056640,3,13835,148,88
29.857049,-87.634279,2026-09-11 09:31:25.407123200,3,5599,190,69
30.709407,-111.419493,2026-09-11 09:31:33.702484736,3,11831,210,24
25.545683,-110.337278,2026-09-11 09:31:37.120413696,3,5318,256,82
26.026497,-110.520383,2026-09-11 09:31:45.280133632,3,8256,254,50
26.107466,-110.519983,2026-09-11 09:31:45.280158464,3,5798,258,41
28.911732,-111.917303,2026-09-11 09:31:55.993046528,3,12325,248,25
25.534422,-110.386494,2026-09-11 09:31:57.436700160,3,7236,256,63
25.562448,-110.393423,2026-09-11 09:31:57.436703488,3,7769,253,55
25.485757,-110.43451,2026-09-11 09:31:57.436684800,3,7628,261,37
25.496839,-110.393926,2026-09-11 09:31:57.533872896,3,5979,255,65
25.528043,-110.404513,2026-09-11 09:31:57.533881600,3,9288,253,58
25.420619,-110.417074,2026-09-11 09:31:57.566410496,3,7226,257,29
34.668195,-94.357271,2026-09-11 09:31:59.74580224,3,11754,150,46
34.689495,-94.31168,2026-09-11 09:31:59.74598912,3,13205,171,43
34.628077,-94.327788,2026-09-11 09:31:59.92356864,3,9465,149,46
34.706982,-94.258881,2026-09-11 09:31:59.92392960,3,3374,254,31
30.607657,-88.457219,2026-09-11 09:31:59.589651200,3,9076,142,38
30.697038,-88.479465,2026-09-11 09:31:59.589740032,3,4328,237,28
30.667113,-88.496659,2026-09-11 09:31:59.600967168,3,6906,213,76
30.667674,-88.470351,2026-09-11 09:31:59.601017856,3,13539,212,58
51.794726,115.337981,2026-09-11 09:30:01.837079296,4,9576,168,20
42.275836,15.180841,2026-09-11 09:30:06.571220992,4,7244,170,28
50.693398,133.004687,2026-09-11 09:30:24.347107840,4,9058,209,20
44.635335,18.070488,2026-09-11 09:30:25.222595840,4,8340,125,41
44.692618,18.053709,2026-09-11 09:30:25.222624768,4,12573,123,28
44.741284,17.998777,2026-09-11 09:30:25.271517952,4,9548,104,43
42.265919,15.183125,2026-09-11 09:30:48.63557376,4,5503,170,28
42.269386,15.169253,2026-09-11 09:30:48.198347776,4,8827,170,27
42.28414,15.194741,2026-09-11 09:30:48.262363904,4,12720,169,22
42.282773,15.168761,2026-09-11 09:30:48.380941056,4,12434,169,23
42.388048,15.3165,2026-09-11 09:31:14.842979840,4,13177,182,23
47.828751,137.092069,2026-09-11 09:31:17.903087872,4,11171,254,31
25.563642,-110.344367,2026-09-11 09:31:37.120416768,4,11875,246,16
43.908762,17.544641,2026-09-11 09:31:38.229087488,4,9594,119,28
43.556387,16.947894,2026-09-11 09:31:38.279496192,4,14022,128,39
43.896895,17.529579,2026-09-11 09:31:38.301832704,4,7271,119,24
42.256627,15.180083,2026-09-11 09:31:39.852964096,4,5161,170,21
42.274046,15.201148,2026-09-11 09:31:39.963081472,4,5354,169,25
42.260088,15.231681,2026-09-11 09:31:40.190254080,4,14788,169,32
42.282841,15.229179,2026-09-11 09:31:40.354798848,4,10629,169,22
44.655839,18.060781,2026-09-11 09:31:43.840528384,4,9403,105,39
11.428391,125.583396,2026-09-11 09:31:53.388139776,4,9725,260,45
25.419964,-110.385867,2026-09-11 09:30:04.980525056,7,11251,269,19
22.041112,-74.617345,2026-09-11 09:30:17.293295616,7,3170,258,29
21.94874,-74.564412,2026-09-11 09:30:17.293261824,7,2052,266,23
29.920071,-86.627253,2026-09-11 09:30:19.478561024,7,6372,141,24
29.592674,-79.209016,2026-09-11 09:30:22.564080640,7,4362,186,31
29.621094,-79.208615,2026-09-11 09:30:22.564148736,7,5849,228,20
25.168018,-79.853087,2026-09-11 09:30:22.733018624,7,3638,233,20
29.545394,-79.240328,2026-09-11 09:30:22.882480128,7,9054,166,20
25.195163,-79.876584,2026-09-11 09:30:22.954933248,7,11319,268,12
21.969888,-73.932202,2026-09-11 09:30:23.189546240,7,5419,260,28
13.858347,-83.267983,2026-09-11 09:30:34.324838656,7,7816,234,30
28.776395,-79.660052,2026-09-11 09:30:36.465946880,7,5594,209,19
28.802615,-79.667664,2026-09-11 09:30:36.465947648,7,6784,208,10
25.017388,-90.415495,2026-09-11 09:30:46.278916352,7,13274,233,11
24.966917,-90.412007,2026-09-11 09:30:46.293955328,7,3717,233,28
24.965023,-90.413723,2026-09-11 09:30:46.293954304,7,6269,233,19
22.412886,-74.868735,2026-09-11 09:30:46.853093120,7,8144,256,19
17.282059,-81.129072,2026-09-11 09:30:57.389821696,7,3160,269,23
17.302033,-81.132324,2026-09-11 09:30:57.389824000,7,6022,269,14
29.838077,-87.625878,2026-09-11 09:31:25.376519936,7,11737,117,34
29.951649,-87.623458,2026-09-11 09:31:25.376599040,7,13825,208,20
29.588985,-88.185867,2026-09-11 09:31:25.406926592,7,7900,255,24
29.922599,-87.629803,2026-09-11 09:31:25.407129856,7,12766,196,15
29.88297,-87.632597,2026-09-11 09:31:25.438624512,7,7730,196,24
29.88299,-87.632605,2026-09-11 09:31:25.438620160,7,7732,196,13
29.908739,-87.633009,2026-09-11 09:31:25.456267008,7,5782,195,22
29.885249,-87.634283,2026-09-11 09:31:25.456264704,7,7090,196,12
29.695081,-87.793026,2026-09-11 09:31:25.495519232,7,6988,154,22
29.882645,-87.634329,2026-09-11 09:31:25.495606272,7,7120,196,13
25.527444,-51.642332,2026-09-11 09:31:36.306571776,7,13989,218,16
25.55563,-110.345601,2026-09-11 09:31:37.120418048,7,10072,255,20
25.491522,-110.361425,2026-09-11 09:31:37.279459584,7,13305,269,16
25.509376,-110.362393,2026-09-11 09:31:37.499073024,7,14805,270,15
24.89333,-90.480522,2026-09-11 09:31:37.587002624,7,11401,175,11
29.133615,-78.080708,2026-09-11 09:31:45.674166784,7,4941,253,12
23.477737,-111.51116,2026-09-11 09:31:50.142411776,7,14824,250,22
25.403118,-110.680419,2026-09-11 09:31:57.436601088,7,11894,246,17
25.446975,-110.418208,2026-09-11 09:31:57.533853440,7,12828,228,17
9.251626,6.887995,2026-09-11 09:31:51.533079808,5,5470,193,20
51.857846,115.26621,2026-09-11 09:30:01.837051136,9,4492,199,19
11.588316,125.528063,2026-09-11 09:30:21.472093952,9,6387,243,24
25.673986,132.493641,2026-09-11 09:30:21.477834240,9,7992,223,20
50.768759,133.09285,2026-09-11 09:30:24.347080960,9,3885,234,18
17.577564,121.261719,2026-09-11 09:30:29.314141184,9,3067,173,23
30.75917,-111.715386,2026-09-11 09:30:44.662482432,9,12281,248,12
47.862181,137.14861,2026-09-11 09:31:17.903063040,9,9407,257,18
51.81757,115.340878,2026-09-11 09:31:39.457327104,9,13754,190,15
31.357553,-88.782353,2026-09-11 09:30:02.781064448,13,6438,200,90
31.387422,-88.780673,2026-09-11 09:30:02.781132800,13,13146,220,28
25.517841,-110.352477,2026-09-11 09:30:04.980557312,13,9514,255,79
23.834939,-111.30888,2026-09-11 09:30:05.364357120,13,8878,266,37
35.037274,-37.962036,2026-09-11 09:30:08.108980480,13,4574,220,65
29.774832,-79.514564,2026-09-11 09:30:10.818322176,13,13205,169,130
29.849473,-79.564819,2026-09-11 09:30:10.818351872,13,7489,260,106
29.818402,-79.521955,2026-09-11 09:30:10.818393856,13,12402,247,79
29.779801,-79.51203,2026-09-11 09:30:10.914016768,13,5243,169,61
29.767689,-79.450702,2026-09-11 09:30:11.51397376,13,12016,180,97
30.449856,-86.641214,2026-09-11 09:30:13.7544064,13,3897,208,88
30.475103,-86.640046,2026-09-11 09:30:13.7612160,13,9454,217,72
30.434977,-86.634986,2026-09-11 09:30:13.71959296,13,6332,205,59
36.377167,-89.232543,2026-09-11 09:30:13.180265728,13,13999,179,34
36.442904,-89.223864,2026-09-11 09:30:13.180347648,13,9046,148,31
30.476475,-86.698188,2026-09-11 09:30:13.436881664,13,7244,215,39
30.704209,-111.454281,2026-09-11 09:30:14.138663936,13,6853,227,25
28.478551,-79.538022,2026-09-11 09:30:15.215879424,13,9711,251,30
28.147231,-79.550519,2026-09-11 09:30:15.335950336,13,12337,169,19
37.257464,-68.498683,2026-09-11 09:30:15.664349184,13,13560,150,82
37.246272,-68.486913,2026-09-11 09:30:15.664347648,13,7288,239,59
37.233123,-68.457919,2026-09-11 09:30:15.664402176,13,10056,226,45
30.760209,-87.070577,2026-09-11 09:30:15.803636736,13,5384,222,30
30.789801,-111.85132,2026-09-11 09:30:16.289300224,13,7363,257,53
30.633504,-111.918337,2026-09-11 09:30:16.289302528,13,5313,248,37
30.670988,-111.737597,2026-09-11 09:30:16.487847936,13,10629,251,26
30.634071,-111.766137,2026-09-11 09:30:16.577115904,13,12898,211,22
34.559745,-94.298093,2026-09-11 09:30:16.952193024,13,5574,148,70
34.583948,-94.266141,2026-09-11 09:30:16.952269824,13,13081,146,50
34.522147,-94.281559,2026-09-11 09:30:16.967396096,13,3074,200,38
34.656011,-93.960192,2026-09-11 09:30:16.967502336,13,11095,270,52
34.546629,-94.329534,2026-09-11 09:30:16.967446784,13,5593,131,32
37.407486,-87.640401,2026-09-11 09:30:18.941255936,13,11704,71,124
37.440225,-87.642967,2026-09-11 09:30:18.941268480,13,7672,174,107
37.422969,-87.665155,2026-09-11 09:30:18.941265920,13,5392,150,87
37.492133,-87.743198,2026-09-11 09:30:18.941274112,13,8242,173,72
37.408869,-87.621606,2026-09-11 09:30:19.6863360,13,13291,65,44
37.428573,-87.637282,2026-09-11 09:30:19.6878976,13,7834,156,70
29.910315,-86.637443,2026-09-11 09:30:19.478554368,13,7869,232,76
34.744286,-93.559541,2026-09-11 09:30:19.600264704,13,8680,148,21
25.439066,-110.333805,2026-09-11 09:30:20.778059520,13,5120,257,46
29.835971,-79.258469,2026-09-11 09:30:22.564168448,13,5945,248,63
25.180367,-79.848843,2026-09-11 09:30:22.954928128,13,5803,268,32
35.87156,-92.069292,2026-09-11 09:30:23.20408064,13,7686,102,33
35.877338,-92.219258,2026-09-11 09:30:23.20436992,13,5910,102,34
25.465692,-110.404602,2026-09-11 09:30:23.140879616,13,6618,255,80
25.518087,-110.399137,2026-09-11 09:30:23.540827392,13,4276,257,36
25.460159,-110.415044,2026-09-11 09:30:23.698142208,13,10680,215,19
23.717044,-93.93598,2026-09-11 09:30:25.462711040,13,4325,256,89
23.785112,-93.925039,2026-09-11 09:30:25.462793472,13,3536,264,75
37.579482,-83.665702,2026-09-11 09:30:26.10138112,13,7624,230,39
37.607426,-83.682885,2026-09-11 09:30:26.10135808,13,9027,233,22
37.191089,-68.856051,2026-09-11 09:30:26.332713984,13,13867,261,48
37.163291,-68.785894,2026-09-11 09:30:26.332755712,13,11693,215,29
30.640936,-112.231187,2026-09-11 09:30:26.784283904,13,12881,226,54
30.348632,-112.380848,2026-09-11 09:30:26.784235008,13,3879,228,51
22.491588,-74.837905,2026-09-11 09:30:29.324547840,13,5049,267,133
22.477899,-74.793402,2026-09-11 09:30:30.12766976,13,6923,267,47
22.502227,-74.782152,2026-09-11 09:30:30.93750016,13,10240,267,23
22.477758,-74.783465,2026-09-11 09:30:31.154291200,13,4523,267,78
34.761197,-94.326259,2026-09-11 09:30:33.241273600,13,11448,123,27
37.334418,-67.613999,2026-09-11 09:30:33.329955072,13,9203,147,20
37.992849,-66.160213,2026-09-11 09:30:35.326202368,13,5867,166,31
28.643957,-79.711732,2026-09-11 09:30:36.465890048,13,11565,171,47
37.593149,-83.490193,2026-09-11 09:30:36.485787904,13,8632,175,32
37.57029,-83.463611,2026-09-11 09:30:36.485777152,13,8267,100,36
25.423348,-110.366427,2026-09-11 09:30:37.442851584,13,13915,257,39
27.612961,-83.969819,2026-09-11 09:30:37.524901376,13,12517,252,40
27.821385,-84.003821,2026-09-11 09:30:37.661772544,13,7416,258,73
27.610711,-84.007354,2026-09-11 09:30:37.661746432,13,6088,251,59
30.013148,-79.453099,2026-09-11 09:30:38.956480256,13,10048,210,33
30.70525,-79.19281,2026-09-11 09:30:43.703228160,13,6326,176,62
30.678558,-79.199376,2026-09-11 09:30:43.718994432,13,8853,168,59
30.745391,-79.211883,2026-09-11 09:30:43.719080192,13,5074,231,82
30.773433,-79.204766,2026-09-11 09:30:43.719087360,13,9518,231,68
30.755484,-79.211533,2026-09-11 09:30:43.776335616,13,7073,203,28
30.676162,-79.196128,2026-09-11 09:30:43.898028800,13,6070,170,84
30.744593,-79.199778,2026-09-11 09:30:43.898110720,13,4359,231,66
30.737708,-111.679352,2026-09-11 09:30:44.662476288,13,4993,222,70
24.567921,-90.492578,2026-09-11 09:30:46.278772480,13,10428,234,56
24.946482,-90.421677,2026-09-11 09:30:46.293888256,13,5414,256,63
22.384342,-74.859134,2026-09-11 09:30:46.853083648,13,4493,268,49
25.466825,-110.333223,2026-09-11 09:30:47.32137728,13,13854,215,36
37.135368,-68.816418,2026-09-11 09:30:48.903771136,13,7184,148,73
37.107337,-68.81001,2026-09-11 09:30:48.903767808,13,4302,240,104
37.152856,-68.821098,2026-09-11 09:30:48.903784960,13,6876,253,88
37.202821,-68.976288,2026-09-11 09:30:48.903827712,13,14012,205,72
37.120276,-68.826517,2026-09-11 09:30:49.26863360,13,6903,156,40
37.110337,-68.850764,2026-09-11 09:30:49.239088384,13,7551,155,44
37.099294,-68.792567,2026-09-11 09:30:49.239137792,13,6336,239,32
30.758991,-86.982754,2026-09-11 09:30:52.471177728,13,13814,136,46
30.813502,-87.006501,2026-09-11 09:30:52.472383744,13,9370,204,27
37.572812,-87.35075,2026-09-11 09:30:59.634836224,13,4128,135,33
23.85008,-111.290093,2026-09-11 09:31:00.759885824,13,4694,267,48
23.837291,-111.292445,2026-09-11 09:31:00.816938240,13,10332,265,62
15.251744,-82.243843,2026-09-11 09:31:01.181931520,13,6915,254,34
19.34049,-99.022501,2026-09-11 09:31:03.258684672,13,6657,259,43
36.193415,-90.787034,2026-09-11 09:31:03.959731712,13,12589,113,34
36.171439,-90.636016,2026-09-11 09:31:03.959771392,13,10419,134,21
20.157582,-76.666974,2026-09-11 09:31:04.149642240,13,6973,221,105
28.796199,-111.921852,2026-09-11 09:31:05.630708992,13,4297,236,34
28.835862,-111.884924,2026-09-11 09:31:05.704276992,13,13708,197,18
29.02254,-111.859161,2026-09-11 09:31:05.849651968,13,10103,235,74
28.734076,-112.026538,2026-09-11 09:31:05.849587200,13,9808,260,60
37.00446,-70.136643,2026-09-11 09:31:07.140690432,13,8136,249,24
36.928101,-70.04728,2026-09-11 09:31:07.144049920,13,11683,262,38
36.948669,-70.087062,2026-09-11 09:31:07.144134912,13,9723,244,28
36.98638,-70.11597,2026-09-11 09:31:07.144144640,13,8291,243,18
36.962391,-70.228572,2026-09-11 09:31:07.513682176,13,8176,129,80
36.997496,-70.248005,2026-09-11 09:31:07.513700864,13,6766,248,60
36.935897,-70.135517,2026-09-11 09:31:07.513722368,13,7465,231,33
34.34284,-74.61567,2026-09-11 09:31:12.228396288,13,6535,252,41
34.214071,-74.544262,2026-09-11 09:31:12.390957824,13,11837,242,37
34.245656,-74.573622,2026-09-11 09:31:12.390976512,13,5861,174,55
34.208287,-74.705294,2026-09-11 09:31:12.391008512,13,12178,254,42
34.278807,-74.58382,2026-09-11 09:31:12.391045888,13,10031,236,29
34.169385,-74.583163,2026-09-11 09:31:12.617243392,13,13540,195,34
34.225743,-74.571708,2026-09-11 09:31:12.617238016,13,7893,237,21
34.554538,-94.512941,2026-09-11 09:31:15.399552768,13,8947,125,43
34.582958,-94.509726,2026-09-11 09:31:15.399619072,13,11332,256,42
34.549833,-94.52385,2026-09-11 09:31:15.402688768,13,7974,126,46
34.611184,-94.475325,2026-09-11 09:31:15.402771968,13,9870,221,41
34.605233,-94.49623,2026-09-11 09:31:15.402765056,13,5347,189,31
34.479976,-94.485098,2026-09-11 09:31:15.584343808,13,6274,125,37
34.52374,-94.455046,2026-09-11 09:31:15.584423680,13,8426,190,49
37.582663,-87.625609,2026-09-11 09:31:16.173843456,13,6339,70,95
37.614048,-87.632057,2026-09-11 09:31:16.173855488,13,8935,188,93
37.592694,-87.652928,2026-09-11 09:31:16.173849344,13,11978,78,78
37.565292,-87.633639,2026-09-11 09:31:16.228724224,13,14436,138,29
37.395183,-87.609594,2026-09-11 09:31:17.945959680,13,9116,71,113
37.385143,-87.635845,2026-09-11 09:31:17.945961984,13,6312,98,120
37.371054,-87.668431,2026-09-11 09:31:17.945956352,13,5991,205,103
37.367992,-87.61068,2026-09-11 09:31:17.945970944,13,4392,170,89
37.387997,-87.587256,2026-09-11 09:31:18.58002432,13,6171,89,49
37.381138,-87.589582,2026-09-11 09:31:18.208001536,13,11456,121,72
37.398512,-87.570935,2026-09-11 09:31:18.208004352,13,9584,103,53
37.395312,-87.595728,2026-09-11 09:31:18.480449024,13,12106,71,79
37.438836,-87.768741,2026-09-11 09:31:18.480473344,13,13705,155,68
28.332697,-79.544911,2026-09-11 09:31:19.211377920,13,7529,254,43
28.310965,-79.550817,2026-09-11 09:31:19.211372544,13,8914,254,34
28.185447,-79.547757,2026-09-11 09:31:19.378640640,13,3848,185,97
29.777116,-79.526699,2026-09-11 09:31:19.549835008,13,10136,167,116
29.826673,-79.540709,2026-09-11 09:31:19.549851648,13,6715,245,84
29.772496,-79.534876,2026-09-11 09:31:19.706087168,13,7642,178,57
29.819267,-79.53935,2026-09-11 09:31:19.706163200,13,8566,249,38
29.788174,-79.503931,2026-09-11 09:31:19.766829056,13,7588,170,43
29.854613,-79.514067,2026-09-11 09:31:19.766914304,13,6485,249,19
29.847086,-87.625277,2026-09-11 09:31:25.376519424,13,11927,148,130
29.867767,-87.624453,2026-09-11 09:31:25.376531456,13,10595,200,62
29.703904,-87.692468,2026-09-11 09:31:25.438560512,13,14172,150,43
29.863682,-87.638178,2026-09-11 09:31:25.781957632,13,13536,151,33
29.97352,-87.630331,2026-09-11 09:31:25.781981952,13,5077,226,22
29.883635,-87.645512,2026-09-11 09:31:25.873609728,13,11183,151,27
34.960103,-37.843349,2026-09-11 09:31:26.323545600,13,4016,224,78
30.300387,-87.629541,2026-09-11 09:31:27.214783488,13,2992,203,121
30.266592,-87.596446,2026-09-11 09:31:27.214773248,13,4438,148,114
30.294674,-87.635917,2026-09-11 09:31:27.214787072,13,8685,186,99
30.205086,-87.66362,2026-09-11 09:31:27.214808832,13,5161,198,85
30.323479,-87.628657,2026-09-11 09:31:27.259789056,13,9929,228,47
25.40719,-110.332971,2026-09-11 09:31:27.701044736,13,11410,257,64
25.606747,-110.305602,2026-09-11 09:31:27.701102592,13,7664,260,51
29.650828,-87.793294,2026-09-11 09:31:29.472706048,13,9644,160,95
29.713907,-87.795175,2026-09-11 09:31:29.472735488,13,6614,248,93
29.713615,-87.820971,2026-09-11 09:31:29.472731904,13,8432,258,85
29.470353,-87.860314,2026-09-11 09:31:29.606752000,13,8601,234,57
29.669146,-87.803513,2026-09-11 09:31:29.952427776,13,4056,228,74
29.241369,-87.465735,2026-09-11 09:31:29.952302336,13,5745,262,61
29.743053,-87.776948,2026-09-11 09:31:29.952511232,13,8624,262,26
29.593278,-87.813321,2026-09-11 09:31:31.858381568,13,9945,160,29
37.100292,-68.760584,2026-09-11 09:31:32.230026496,13,6104,213,29
30.709407,-111.419493,2026-09-11 09:31:33.702484736,13,11830,210,24
25.532065,-110.34408,2026-09-11 09:31:37.120409344,13,5394,257,85
25.553342,-110.361119,2026-09-11 09:31:37.279478528,13,5348,260,42
25.556083,-110.349383,2026-09-11 09:31:37.356259840,13,10182,261,28
25.502849,-110.349313,2026-09-11 09:31:37.499076864,13,4270,256,65
32.582041,-101.27256,2026-09-11 09:31:37.525182976,13,4926,210,26
25.495343,-110.349315,2026-09-11 09:31:37.714116864,13,5443,256,39
25.573973,-110.347524,2026-09-11 09:31:37.714137088,13,8120,263,28
37.000926,-85.507962,2026-09-11 09:31:38.469782272,13,8514,249,67
36.787006,-85.569888,2026-09-11 09:31:38.469777664,13,14968,95,29
25.344482,-110.606626,2026-09-11 09:31:40.226807296,13,13609,261,75
25.415671,-110.358869,2026-09-11 09:31:43.95688960,13,12306,216,23
29.053731,-78.032384,2026-09-11 09:31:45.674077696,13,3537,218,65
29.13966,-78.096779,2026-09-11 09:31:45.674168576,13,4492,264,53
25.358786,-110.376646,2026-09-11 09:31:45.681531136,13,9721,215,34
30.395994,-86.68331,2026-09-11 09:31:45.889820416,13,5808,226,113
25.48132,-110.36492,2026-09-11 09:31:47.33163264,13,10121,260,31
37.567538,-87.6176,2026-09-11 09:31:48.282460416,13,12381,70,107
37.580565,-87.627864,2026-09-11 09:31:48.282470400,13,12474,79,87
37.575424,-87.636547,2026-09-11 09:31:48.282469120,13,8950,111,70
37.571635,-87.753597,2026-09-11 09:31:48.282502400,13,8954,173,55
37.573659,-87.607819,2026-09-11 09:31:48.352271104,13,8620,84,70
27.28633,-80.000784,2026-09-11 09:31:48.776144384,13,12117,172,28
27.335466,-80.014903,2026-09-11 09:31:48.869282048,13,11400,170,28
23.829262,-111.296212,2026-09-11 09:31:50.142541824,13,9952,266,84
37.031656,-69.4417,2026-09-11 09:31:51.91747328,13,4047,269,126
37.059875,-69.4621,2026-09-11 09:31:51.91758592,13,6553,260,116
37.033718,-69.438924,2026-09-11 09:31:51.91756800,13,6439,252,100
37.049874,-69.491458,2026-09-11 09:31:51.91771904,13,4893,269,87
28.911061,-111.894814,2026-09-11 09:31:55.993048064,13,9268,248,23
25.534422,-110.386494,2026-09-11 09:31:57.436700160,13,7237,256,66
25.450832,-110.405789,2026-09-11 09:31:57.533857024,13,5295,215,71
34.6682,-94.357264,2026-09-11 09:31:59.74580224,13,11753,150,45
30.642871,-88.511462,2026-09-11 09:31:59.601009920,13,6324,231,39
37.186886,-68.816725,2026-09-11 09:32:02.518754304,13,6802,264,54
37.167677,-68.76984,2026-09-11 09:32:02.518799616,13,5331,215,39
30.962043,-79.256997,2026-09-11 09:32:03.526139136,13,14220,168,38
37.510629,-87.623564,2026-09-11 09:32:03.783548416,13,11254,77,28
20.033119,-76.664679,2026-09-11 09:32:04.693948928,13,7882,206,136
31.314467,-88.715332,2026-09-11 09:32:06.382647552,13,8489,133,84
31.416677,-88.72755,2026-09-11 09:32:06.382680064,13,8497,174,98
28.109834,-110.987867,2026-09-11 09:32:07.96806656,13,11862,249,26
25.528097,-110.348728,2026-09-11 09:32:09.236552448,13,6372,255,80
25.54445,-110.354094,2026-09-11 09:32:09.348331008,13,10482,241,32
35.195911,-94.326894,2026-09-11 09:32:10.463277056,13,7027,231,23
35.223196,-94.321819,2026-09-11 09:32:10.463280384,13,8320,254,16
30.98648,-88.9764,2026-09-11 09:32:13.29687552,13,10348,139,112
31.104405,-88.98186,2026-09-11 09:32:13.29782784,13,9505,246,58
30.940429,-88.945195,2026-09-11 09:32:13.199661056,13,8227,168,42
37.405234,-67.993761,2026-09-11 09:32:13.601876224,13,8045,256,83
37.354431,-67.939309,2026-09-11 09:32:13.601854464,13,5813,253,67
37.349955,-67.905381,2026-09-11 09:32:13.601908224,13,5078,211,53
37.359308,-67.888239,2026-09-11 09:32:13.656074496,13,5575,211,38
36.961282,-70.077333,2026-09-11 09:32:14.64049920,13,12785,206,38
36.977485,-70.001061,2026-09-11 09:32:14.64021504,13,14095,236,28
29.825404,-87.672785,2026-09-11 09:32:16.428777728,13,3408,243,110
29.889398,-87.641255,2026-09-11 09:32:16.428804352,13,6579,211,98
29.882763,-87.630535,2026-09-11 09:32:16.460823808,13,4634,213,57
25.565496,-110.979937,2026-09-11 09:32:17.579946240,13,7213,257,64
25.52361,-111.042435,2026-09-11 09:32:17.627552768,13,7740,257,47
51.814008,115.353237,2026-09-11 09:30:01.837074432,14,8362,168,21
50.693427,133.004664,2026-09-11 09:30:24.347107840,14,9060,209,20
11.4371,125.587923,2026-09-11 09:31:53.388140032,14,6743,260,57
43.205678,18.500827,2026-09-11 09:30:01.380882944,11,12666,165,30
43.217702,18.508138,2026-09-11 09:30:01.383489792,11,7762,165,54
43.258579,18.455233,2026-09-11 09:30:01.383513088,11,6513,123,55
42.334387,15.143968,2026-09-11 09:30:03.181036544,11,10782,210,75
42.282637,15.231698,2026-09-11 09:30:03.300421888,11,14711,166,38
42.944399,18.050081,2026-09-11 09:30:06.334084352,11,8485,142,100
42.933995,18.053034,2026-09-11 09:30:06.334090752,11,13276,81,98
42.2696,15.16763,2026-09-11 09:30:06.571224832,11,3775,227,103
42.275652,15.170532,2026-09-11 09:30:06.571224576,11,4925,215,187
42.272581,15.182902,2026-09-11 09:30:06.571230720,11,10109,165,171
42.274118,15.184571,2026-09-11 09:30:06.571230464,11,10393,156,154
42.284601,15.182512,2026-09-11 09:30:06.571230464,11,4897,195,135
42.944225,18.076329,2026-09-11 09:30:06.667869440,11,7564,136,133
42.390241,15.100094,2026-09-11 09:30:06.708777728,11,8057,212,61
34.946677,-37.939225,2026-09-11 09:30:08.108950528,11,12001,190,339
42.376109,15.161018,2026-09-11 09:30:13.92320000,11,11523,165,24
43.033823,18.327327,2026-09-11 09:30:14.338447616,11,10932,136,102
43.002539,18.3516,2026-09-11 09:30:14.338440448,11,4202,197,90
43.018656,18.341559,2026-09-11 09:30:14.338450176,11,10374,121,76
42.978735,18.402004,2026-09-11 09:30:14.338437376,11,4979,234,58
43.060181,18.228896,2026-09-11 09:30:14.469630208,11,10984,101,47
37.355585,-68.611395,2026-09-11 09:30:15.664400896,11,6497,238,29
37.024336,-70.219805,2026-09-11 09:30:21.83769088,11,9284,216,39
42.290157,15.261721,2026-09-11 09:30:21.563960576,11,8886,166,34
44.659195,18.052792,2026-09-11 09:30:25.222605056,11,1931,249,470
42.841064,18.157349,2026-09-11 09:30:31.235361536,11,6004,143,86
42.962113,18.052619,2026-09-11 09:30:36.918954752,11,7644,139,85
42.950732,18.059624,2026-09-11 09:30:36.918963200,11,9170,149,124
42.914932,18.092944,2026-09-11 09:30:36.918943744,11,8080,231,105
42.97389,18.065143,2026-09-11 09:30:36.918961664,11,8720,223,92
42.940938,18.062533,2026-09-11 09:30:36.975091968,11,7638,144,83
42.952317,18.048863,2026-09-11 09:30:36.975093248,11,10142,142,106
42.323919,15.182848,2026-09-11 09:30:40.54488064,11,5584,178,29
37.278009,-35.925841,2026-09-11 09:30:41.309207808,11,9125,176,141
30.73699,-111.726432,2026-09-11 09:30:44.662474240,11,14579,248,87
42.25278,15.231176,2026-09-11 09:30:44.674021376,11,6916,172,65
42.431613,15.13156,2026-09-11 09:30:44.674089728,11,14501,163,48
42.320378,15.317637,2026-09-11 09:30:45.580721664,11,9758,165,32
42.261424,15.184145,2026-09-11 09:30:48.63558144,11,7000,171,172
42.282574,15.175855,2026-09-11 09:30:48.63567872,11,4216,194,212
42.294211,15.191183,2026-09-11 09:30:48.63575296,11,9100,165,197
42.281247,15.18923,2026-09-11 09:30:48.63569152,11,10369,162,179
42.267011,15.195349,2026-09-11 09:30:48.63566080,11,11203,148,160
42.320401,15.237729,2026-09-11 09:30:51.626800640,11,11867,128,25
43.043337,18.247211,2026-09-11 09:30:55.323194880,11,6392,210,47
42.227117,15.226039,2026-09-11 09:30:56.18977536,11,10568,215,41
42.274402,15.219705,2026-09-11 09:30:56.18987264,11,7473,181,38
42.136775,15.220994,2026-09-11 09:30:56.18969856,11,7897,267,25
42.278379,15.193807,2026-09-11 09:30:59.825425408,11,7541,192,69
42.243725,15.187279,2026-09-11 09:30:59.873033984,11,3452,240,214
43.012147,18.254118,2026-09-11 09:31:00.559750144,11,4127,160,80
43.032148,18.234433,2026-09-11 09:31:00.559760896,11,8665,132,72
43.025334,18.262142,2026-09-11 09:31:00.614237440,11,4351,191,133
42.999643,18.237873,2026-09-11 09:31:00.614238208,11,10223,140,120
42.982804,18.269765,2026-09-11 09:31:00.614230016,11,3262,184,85
23.845688,-111.319316,2026-09-11 09:31:00.759881728,11,7235,255,33
44.47383,17.954297,2026-09-11 09:31:01.115262720,11,12835,98,169
44.494795,17.895239,2026-09-11 09:31:01.115247616,11,14894,115,192
41.778086,-32.685469,2026-09-11 09:31:02.877062144,11,10767,171,144
20.073881,-76.657423,2026-09-11 09:31:04.149659904,11,9192,192,80
29.010683,-111.815674,2026-09-11 09:31:05.849699328,11,7903,256,24
37.019758,-70.26608,2026-09-11 09:31:07.513705216,11,6326,258,27
42.962354,18.129005,2026-09-11 09:31:09.656727296,11,12515,106,75
42.943045,18.044046,2026-09-11 09:31:10.182831616,11,12792,52,29
42.335563,15.137678,2026-09-11 09:31:14.842960896,11,4490,250,99
42.256776,15.17954,2026-09-11 09:31:14.842934016,11,5471,216,155
42.287219,15.171837,2026-09-11 09:31:14.842944000,11,4873,199,140
42.274268,15.176114,2026-09-11 09:31:14.842945792,11,7854,171,126
42.347752,15.197868,2026-09-11 09:31:14.842965504,11,9698,150,111
42.221889,15.298642,2026-09-11 09:31:14.842940416,11,5608,214,98
42.256686,15.188635,2026-09-11 09:31:14.842969344,11,4434,241,86
42.265929,15.063319,2026-09-11 09:31:17.740794368,11,12004,116,40
37.40044,-87.619158,2026-09-11 09:31:17.945963008,11,9084,77,46
43.131281,18.372838,2026-09-11 09:31:18.646693888,11,5227,130,46
43.168381,18.321175,2026-09-11 09:31:18.646716160,11,13391,98,31
43.131208,18.36368,2026-09-11 09:31:18.854275072,11,7639,155,20
43.162294,18.026424,2026-09-11 09:31:20.811241216,11,8749,164,72
43.184029,18.014991,2026-09-11 09:31:20.811257088,11,7704,150,57
43.261793,18.102557,2026-09-11 09:31:20.811290112,11,9254,127,43
42.869471,18.138411,2026-09-11 09:31:23.886155776,11,12004,114,23
34.939114,-37.947926,2026-09-11 09:31:26.323570944,11,10235,190,344
30.27042,-87.599327,2026-09-11 09:31:27.214782208,11,8331,158,44
42.936875,18.189609,2026-09-11 09:31:27.311506432,11,12097,101,27
29.539248,-87.834022,2026-09-11 09:31:29.472672512,11,14467,168,42
29.71959,-87.787008,2026-09-11 09:31:29.952506880,11,14672,236,21
43.474859,18.558028,2026-09-11 09:31:30.885044224,11,5830,174,25
42.933958,18.068253,2026-09-11 09:31:35.675865600,11,12826,85,31
43.556368,16.935384,2026-09-11 09:31:38.279492864,11,3897,173,265
43.887125,17.540855,2026-09-11 09:31:38.301825280,11,12473,117,80
42.548301,15.324089,2026-09-11 09:31:40.190369536,11,8039,212,76
42.29477,15.226792,2026-09-11 09:31:40.190273024,11,7001,191,236
42.270456,15.240735,2026-09-11 09:31:40.190264576,11,11749,148,225
42.970202,18.037356,2026-09-11 09:31:42.781875200,11,8014,201,23
44.680334,18.056338,2026-09-11 09:31:43.840535040,11,3089,243,315
44.665107,18.052358,2026-09-11 09:31:43.840522752,11,8607,167,378
44.646045,18.066751,2026-09-11 09:31:43.840521728,11,2698,149,357
29.145311,-78.083597,2026-09-11 09:31:45.674168320,11,4496,253,25
42.791737,18.191587,2026-09-11 09:31:47.697795328,11,14381,130,40
42.85559,18.165622,2026-09-11 09:31:47.719269632,11,6123,101,66
42.919762,18.138519,2026-09-11 09:31:47.719297280,11,7006,144,46
42.863543,18.172257,2026-09-11 09:31:47.719318528,11,4832,131,33
42.850789,18.14612,2026-09-11 09:31:47.802477568,11,8114,111,39
37.570703,-87.745556,2026-09-11 09:31:48.282509056,11,11782,87,23
37.565278,-87.613047,2026-09-11 09:31:48.352268544,11,14207,69,36
43.031274,18.19913,2026-09-11 09:31:48.989428992,11,4397,117,96
43.069583,18.154972,2026-09-11 09:31:48.989440512,11,9820,152,89
43.124569,18.209749,2026-09-11 09:31:48.989459968,11,8434,137,75
42.960087,18.133317,2026-09-11 09:31:48.989464064,11,12744,115,42
9.244676,6.84843,2026-09-11 09:31:51.533077504,11,12281,194,189
43.08995,18.407702,2026-09-11 09:31:54.38203136,11,7569,130,23
43.097134,18.388905,2026-09-11 09:31:54.40346624,11,8804,95,30
43.100122,18.384043,2026-09-11 09:31:54.40345088,11,9773,130,27
43.004821,18.139855,2026-09-11 09:32:00.718981376,11,13497,140,48
42.990231,18.157607,2026-09-11 09:32:00.718974976,11,8161,133,54
42.978284,18.168126,2026-09-11 09:32:00.718973952,11,10097,130,41
42.300002,15.226833,2026-09-11 09:32:01.413675520,11,3738,246,45
42.283699,15.247347,2026-09-11 09:32:01.413677568,11,9846,174,50
42.246927,15.193756,2026-09-11 09:32:13.849103872,11,10552,171,152
42.279028,15.19833,2026-09-11 09:32:13.849117184,11,9434,165,229
42.279686,15.208923,2026-09-11 09:32:13.849114112,11,6979,199,210
42.27307,15.200158,2026-09-11 09:32:13.849116416,11,8668,192,193
42.237174,15.200669,2026-09-11 09:32:13.988524544,11,7001,130,208
43.139889,18.005846,2026-09-11 09:32:16.245782016,11,7892,135,85
42.287321,15.195049,2026-09-11 09:32:18.603188992,11,10945,92,38
42.303588,15.193701,2026-09-11 09:32:18.603226624,11,14749,137,20
43.205678,18.500827,2026-09-11 09:30:01.380882944,12,12666,165,30
43.217702,18.508138,2026-09-11 09:30:01.383489792,12,7762,165,54
43.258579,18.455233,2026-09-11 09:30:01.383513088,12,6513,123,55
42.334387,15.143968,2026-09-11 09:30:03.181036544,12,10782,210,75
42.280575,15.240094,2026-09-11 09:30:03.300408576,12,14579,124,37
42.944399,18.050081,2026-09-11 09:30:06.334084352,12,8485,142,100
42.933995,18.053034,2026-09-11 09:30:06.334090752,12,13276,81,98
42.2696,15.16763,2026-09-11 09:30:06.571224832,12,3775,227,103
42.275652,15.170532,2026-09-11 09:30:06.571224576,12,4925,215,187
42.272581,15.182902,2026-09-11 09:30:06.571230720,12,10109,165,171
42.274118,15.184571,2026-09-11 09:30:06.571230464,12,10393,156,154
42.284601,15.182512,2026-09-11 09:30:06.571230464,12,4897,195,135
42.944225,18.076329,2026-09-11 09:30:06.667869440,12,7564,136,172
34.946677,-37.939225,2026-09-11 09:30:08.108950528,12,12001,190,339
42.376109,15.161018,2026-09-11 09:30:13.92320000,12,11523,165,24
43.033823,18.327327,2026-09-11 09:30:14.338447616,12,10932,136,102
43.002539,18.3516,2026-09-11 09:30:14.338440448,12,4202,197,90
43.018656,18.341559,2026-09-11 09:30:14.338450176,12,10374,121,76
42.978735,18.402004,2026-09-11 09:30:14.338437376,12,4979,234,58
43.060181,18.228896,2026-09-11 09:30:14.469630208,12,10984,101,50
37.355585,-68.611395,2026-09-11 09:30:15.664400896,12,6497,238,29
37.024336,-70.219805,2026-09-11 09:30:21.83769088,12,9284,216,40
42.290157,15.261721,2026-09-11 09:30:21.563960576,12,8886,166,34
44.659195,18.052792,2026-09-11 09:30:25.222605056,12,1931,249,471
42.962113,18.052619,2026-09-11 09:30:36.918954752,12,7644,139,85
42.950732,18.059624,2026-09-11 09:30:36.918963200,12,9170,149,124
42.914932,18.092944,2026-09-11 09:30:36.918943744,12,8080,231,105
42.97389,18.065143,2026-09-11 09:30:36.918961664,12,8720,223,92
42.940938,18.062533,2026-09-11 09:30:36.975091968,12,7638,144,83
42.952317,18.048863,2026-09-11 09:30:36.975093248,12,10142,142,106
42.947522,18.052191,2026-09-11 09:30:37.23508992,12,7705,140,117
42.323919,15.182848,2026-09-11 09:30:40.54488064,12,5584,178,29
37.278009,-35.925841,2026-09-11 09:30:41.309207808,12,9125,176,141
30.73699,-111.726432,2026-09-11 09:30:44.662474240,12,14579,248,86
42.320378,15.317637,2026-09-11 09:30:45.580721664,12,9758,165,31
42.262612,15.193942,2026-09-11 09:30:48.63560448,12,5471,126,205
42.279366,15.172043,2026-09-11 09:30:48.63565568,12,6263,215,225
42.282609,15.175863,2026-09-11 09:30:48.63568896,12,4216,178,204
42.28149,15.190091,2026-09-11 09:30:48.63571200,12,10142,165,187
42.279315,15.186517,2026-09-11 09:30:48.63567616,12,4360,192,169
42.320401,15.237729,2026-09-11 09:30:51.626800640,12,11867,128,25
43.043337,18.247211,2026-09-11 09:30:55.323194880,12,6392,210,47
42.260468,15.177462,2026-09-11 09:30:56.18962944,12,6268,146,75
42.20888,15.212361,2026-09-11 09:30:56.18958592,12,14649,167,62
42.3765,15.207146,2026-09-11 09:30:56.19020032,12,8018,177,49
42.27326,15.192464,2026-09-11 09:30:56.18992896,12,12324,181,36
42.278379,15.193807,2026-09-11 09:30:59.825425408,12,7541,192,63
42.243725,15.187279,2026-09-11 09:30:59.873033984,12,3452,240,214
44.491599,17.969014,2026-09-11 09:31:01.115258112,12,10425,115,125
41.778086,-32.685469,2026-09-11 09:31:02.877062144,12,10767,171,145
20.073881,-76.657423,2026-09-11 09:31:04.149659904,12,9192,192,81
28.904763,-111.845247,2026-09-11 09:31:05.849672448,12,10304,256,22
37.019758,-70.26608,2026-09-11 09:31:07.513705216,12,6326,258,30
42.962354,18.129005,2026-09-11 09:31:09.656727296,12,12515,106,75
42.859475,18.251219,2026-09-11 09:31:09.656702720,12,12446,235,83
42.944403,18.215502,2026-09-11 09:31:09.656729088,12,6965,264,70
42.269418,15.167473,2026-09-11 09:31:14.842937088,12,8010,255,76
42.284604,15.165503,2026-09-11 09:31:14.842944000,12,7006,199,139
42.274277,15.176113,2026-09-11 09:31:14.842942208,12,7854,194,123
42.220259,15.322219,2026-09-11 09:31:14.842934016,12,12520,242,105
42.247694,15.193908,2026-09-11 09:31:14.842963200,12,3989,241,92
37.584648,-87.76298,2026-09-11 09:31:16.173885440,12,12091,79,33
42.262411,15.068071,2026-09-11 09:31:17.740788480,12,11705,116,31
37.40044,-87.619158,2026-09-11 09:31:17.945963008,12,9084,77,46
43.130966,18.356424,2026-09-11 09:31:18.646694912,12,10259,114,47
43.129439,18.362741,2026-09-11 09:31:18.854274560,12,8211,132,31
43.162294,18.026424,2026-09-11 09:31:20.811241216,12,8749,138,73
43.178079,18.022739,2026-09-11 09:31:20.811252224,12,12785,151,58
43.270934,18.100986,2026-09-11 09:31:20.811286272,12,14430,127,42
42.869471,18.138411,2026-09-11 09:31:23.886155776,12,12004,114,24
34.9495,-37.944926,2026-09-11 09:31:26.323570688,12,11471,189,344
30.27042,-87.599327,2026-09-11 09:31:27.214782208,12,8331,158,44
42.936875,18.189609,2026-09-11 09:31:27.311506432,12,12097,101,27
29.539248,-87.834022,2026-09-11 09:31:29.472672512,12,14467,168,42
29.71959,-87.787008,2026-09-11 09:31:29.952506880,12,14672,236,21
43.430136,18.544809,2026-09-11 09:31:30.885027840,12,6027,125,26
42.33459,15.17551,2026-09-11 09:31:32.191112192,12,7347,164,21
42.933958,18.068253,2026-09-11 09:31:35.675865600,12,12826,85,31
43.554676,16.936755,2026-09-11 09:31:38.279486720,12,10713,150,250
43.889422,17.533165,2026-09-11 09:31:38.301826048,12,11805,113,108
42.538215,15.334341,2026-09-11 09:31:40.190366208,12,8780,212,71
42.351716,15.211455,2026-09-11 09:31:40.190294784,12,5971,265,221
42.970821,18.053688,2026-09-11 09:31:42.781878016,12,9639,155,31
43.280766,17.517902,2026-09-11 09:31:43.257769216,12,6448,200,60
43.295984,17.502303,2026-09-11 09:31:43.257776640,12,4973,183,47
43.395005,17.443482,2026-09-11 09:31:43.257819648,12,14707,129,34
43.323447,17.446324,2026-09-11 09:31:43.282076160,12,8264,129,33
44.644053,18.062361,2026-09-11 09:31:43.732167424,12,2999,257,18
44.659522,18.069822,2026-09-11 09:31:43.840522240,12,8976,116,408
44.666939,18.0547,2026-09-11 09:31:43.840529408,12,8323,151,386
44.648634,18.067027,2026-09-11 09:31:43.840524032,12,3652,103,363
29.145311,-78.083597,2026-09-11 09:31:45.674168320,12,4496,253,25
42.852782,18.138239,2026-09-11 09:31:47.697771776,12,10176,71,58
42.792776,18.202788,2026-09-11 09:31:47.697798400,12,14912,129,45
42.85559,18.165622,2026-09-11 09:31:47.719269632,12,6123,101,67
42.919762,18.138519,2026-09-11 09:31:47.719297280,12,7006,144,46
42.863543,18.172257,2026-09-11 09:31:47.719318528,12,4832,131,33
42.850789,18.14612,2026-09-11 09:31:47.802477568,12,8114,111,39
37.570703,-87.745556,2026-09-11 09:31:48.282509056,12,11782,87,23
37.565278,-87.613047,2026-09-11 09:31:48.352268544,12,14207,69,36
43.047529,18.186767,2026-09-11 09:31:48.989439232,12,4745,170,95
43.074624,18.159056,2026-09-11 09:31:48.989450496,12,7943,152,88
43.124569,18.209749,2026-09-11 09:31:48.989459968,12,8434,137,75
9.244676,6.84843,2026-09-11 09:31:51.533077504,12,12281,194,189
43.102849,18.391969,2026-09-11 09:31:54.38212608,12,11705,130,32
43.097133,18.388919,2026-09-11 09:31:54.40346624,12,8803,95,34
43.150233,18.369333,2026-09-11 09:31:54.40369152,12,10678,95,24
43.004821,18.139855,2026-09-11 09:32:00.718981376,12,13497,140,48
42.990231,18.157607,2026-09-11 09:32:00.718974976,12,8161,133,54
42.978284,18.168126,2026-09-11 09:32:00.718973952,12,10097,130,41
42.300002,15.226833,2026-09-11 09:32:01.413675520,12,3738,246,45
42.283699,15.247347,2026-09-11 09:32:01.413677568,12,9846,174,50
42.246927,15.193756,2026-09-11 09:32:13.849103872,12,10552,171,152
42.279028,15.19833,2026-09-11 09:32:13.849117184,12,9434,165,229
42.279686,15.208923,2026-09-11 09:32:13.849114112,12,6979,199,210
42.27307,15.200158,2026-09-11 09:32:13.849116416,12,8668,192,193
42.315629,15.200275,2026-09-11 09:32:13.849130496,12,7980,176,164
43.139889,18.005846,2026-09-11 09:32:16.245782016,12,7892,135,85
30.399483,-87.019553,2026-09-11 11:05:04.435888128,1,12396,145,43
30.333893,-86.91629,2026-09-11 11:05:04.435935232,1,11861,182,25
32.398829,-78.126643,2026-09-11 11:05:08.948208128,1,13641,165,25
30.54755,-87.160495,2026-09-11 11:05:16.202812160,1,13532,143,25
22.221784,-110.22846,2026-09-11 11:05:16.309775104,1,14001,227,26
28.586467,-58.739456,2026-09-11 11:05:17.246601216,1,9550,212,23
38.403181,16.413508,2026-09-11 11:05:20.681347840,1,11333,157,27
43.17173,17.910746,2026-09-11 11:05:22.298393856,1,13536,70,46
43.17934,17.89773,2026-09-11 11:05:22.298402816,1,12960,96,36
21.946271,-110.187402,2026-09-11 11:05:22.683072256,1,5692,259,27
25.309923,-71.310736,2026-09-11 11:05:23.156919808,1,9958,270,23
43.229561,17.953693,2026-09-11 11:05:23.550510592,1,6049,72,95
43.280478,17.896177,2026-09-11 11:05:23.550540800,1,3584,228,98
43.247437,17.95703,2026-09-11 11:05:23.550521088,1,6262,174,85
43.227757,17.987792,2026-09-11 11:05:23.550514176,1,13512,117,68
43.24562,17.881435,2026-09-11 11:05:23.550567168,1,11495,169,36
43.221248,17.915334,2026-09-11 11:05:23.566301184,1,5250,139,68
43.23822,17.941657,2026-09-11 11:05:23.566309888,1,4427,151,55
43.240909,17.944897,2026-09-11 11:05:23.566312960,1,4673,166,41
43.225911,17.999864,2026-09-11 11:05:23.566298368,1,10247,118,26
43.286001,17.91916,2026-09-11 11:05:23.652437248,1,6008,129,20
43.231322,17.946563,2026-09-11 11:05:23.711728640,1,6190,148,116
43.245698,17.949615,2026-09-11 11:05:31.369056000,1,7459,208,15
43.272802,17.898894,2026-09-11 11:05:31.817483520,1,5343,126,46
43.260618,17.888543,2026-09-11 11:05:31.817481984,1,9259,95,33
12.767096,37.079349,2026-09-11 11:05:33.213047040,1,7104,239,67
30.277636,-87.038899,2026-09-11 11:05:40.317261056,1,14722,109,32
30.459463,-87.072265,2026-09-11 11:05:40.317331968,1,12517,261,21
30.338369,-87.073177,2026-09-11 11:05:40.486297856,1,13836,230,26
43.189767,17.902873,2026-09-11 11:05:41.882331648,1,3385,123,76
43.210728,17.892966,2026-09-11 11:05:41.882340096,1,3435,192,61
43.25176,17.996843,2026-09-11 11:05:41.882361600,1,9985,129,42
43.183522,17.929164,2026-09-11 11:05:41.882368512,1,7135,231,29
43.201972,17.937271,2026-09-11 11:05:41.947064576,1,10476,71,84
43.205859,17.927645,2026-09-11 11:05:41.947073792,1,5812,156,61
43.254211,17.921844,2026-09-11 11:05:41.947086592,1,11403,128,48
43.205183,17.952183,2026-09-11 11:05:41.947114240,1,9587,137,29
28.777163,-111.976702,2026-09-11 11:05:43.921770496,1,11376,266,19
43.145806,17.8634,2026-09-11 11:05:46.116369920,1,8944,73,48
43.182367,17.807263,2026-09-11 11:05:46.116389120,1,10219,146,46
43.160241,17.817815,2026-09-11 11:05:46.118783488,1,13600,136,27
43.155086,17.841627,2026-09-11 11:05:46.136811264,1,2400,144,184
43.16909,17.814693,2026-09-11 11:05:46.136817920,1,3621,132,170
43.17265,17.822163,2026-09-11 11:05:53.454400512,1,8779,156,40
43.165045,17.837299,2026-09-11 11:05:53.454399232,1,11420,111,59
43.159205,17.842792,2026-09-11 11:05:53.454433792,1,14367,134,36
39.95222,18.453064,2026-09-11 11:05:54.623636992,1,13689,232,68
40.257279,18.534824,2026-09-11 11:05:54.623705088,1,12277,257,60
40.133383,18.6115,2026-09-11 11:05:54.623668736,1,10614,246,47
30.613976,-87.175163,2026-09-11 11:05:54.877755648,1,12176,202,41
30.687834,-87.154381,2026-09-11 11:05:54.877787648,1,9635,173,28
43.227419,17.927249,2026-09-11 11:06:03.706602496,1,10967,119,19
43.148075,17.802521,2026-09-11 11:06:04.841315072,1,12365,191,14
25.212521,-110.487215,2026-09-11 11:06:05.212054016,1,9709,269,20
25.215992,-110.490294,2026-09-11 11:06:05.350444288,1,8289,269,18
35.27892,-36.393023,2026-09-11 11:06:13.421253632,1,8694,239,54
43.250419,17.926064,2026-09-11 11:06:20.913869312,1,11013,206,139
43.233268,17.956553,2026-09-11 11:06:20.913860096,1,8294,148,123
43.229593,17.962615,2026-09-11 11:06:20.913854464,1,8298,140,107
43.223079,17.985658,2026-09-11 11:06:20.913855232,1,10515,117,93
43.315722,17.933608,2026-09-11 11:06:20.913924864,1,8553,263,68
43.200969,18.028298,2026-09-11 11:06:20.913886208,1,3580,233,49
43.232485,17.96618,2026-09-11 11:06:27.952106752,1,14757,69,43
43.236331,17.927866,2026-09-11 11:06:27.952093440,1,13857,158,22
43.409548,18.068372,2026-09-11 11:06:28.216471808,1,14508,145,25
43.251763,17.998866,2026-09-11 11:06:28.394519808,1,3023,159,69
43.321222,17.965961,2026-09-11 11:06:28.394549248,1,8831,164,55
43.393124,18.040145,2026-09-11 11:06:28.394576896,1,14488,127,34
30.421553,-87.041565,2026-09-11 11:06:28.540263424,1,12528,149,39
30.626985,-86.980013,2026-09-11 11:06:28.540371712,1,10325,256,25
38.038864,15.975983,2026-09-11 11:06:29.618121472,1,13789,164,36
38.057813,16.003647,2026-09-11 11:06:29.618164736,1,12568,222,23
43.229021,17.911394,2026-09-11 11:06:30.131388928,1,8865,78,34
43.313005,17.974457,2026-09-11 11:06:30.131427840,1,12977,100,19
37.983309,16.025833,2026-09-11 11:06:30.258318592,1,12526,165,39
38.022988,16.018723,2026-09-11 11:06:30.258326272,1,5789,249,27
38.057253,15.994931,2026-09-11 11:06:30.524409856,1,8388,164,33
38.044959,16.015122,2026-09-11 11:06:30.524445184,1,12579,244,21
27.773021,-95.287599,2026-09-11 11:06:38.3246592,1,9562,202,23
28.811264,-95.755843,2026-09-11 11:06:38.182955776,1,12584,211,28
28.215968,-79.973369,2026-09-11 11:06:38.702686464,1,11769,159,27
43.248769,17.992683,2026-09-11 11:06:40.238434048,1,14910,112,93
43.226233,17.942959,2026-09-11 11:06:40.238438144,1,12707,100,80
43.250984,17.891474,2026-09-11 11:06:40.238498560,1,12258,128,52
43.262804,17.988541,2026-09-11 11:06:40.238468096,1,8700,150,38
43.361107,17.964741,2026-09-11 11:06:40.238509568,1,9261,255,26
43.216819,17.978783,2026-09-11 11:06:41.400744192,1,8707,191,24
43.235307,17.939131,2026-09-11 11:06:41.460340992,1,12963,135,14
43.064892,17.737874,2026-09-11 11:06:45.462984704,1,10878,85,77
43.09852,17.760116,2026-09-11 11:06:45.462997760,1,13985,163,64
43.115756,17.753615,2026-09-11 11:06:45.462999808,1,7892,134,50
43.027715,17.864144,2026-09-11 11:06:45.462968832,1,9501,230,38
43.283868,17.929259,2026-09-11 11:06:45.817399552,1,12062,133,19
43.349449,17.868179,2026-09-11 11:06:46.84748544,1,9653,149,67
43.392134,17.878542,2026-09-11 11:06:46.84756736,1,13350,119,60
43.291415,17.916682,2026-09-11 11:06:46.135786496,1,5874,182,34
43.302902,17.919145,2026-09-11 11:06:46.135797504,1,10936,147,18
43.243242,17.968089,2026-09-11 11:06:47.849151744,1,9542,91,17
43.21625,17.989167,2026-09-11 11:06:47.992013824,1,10234,136,59
43.230687,17.998444,2026-09-11 11:06:47.992084736,1,13520,128,40
43.238565,17.990982,2026-09-11 11:06:47.992081664,1,10255,128,27
43.155771,17.972913,2026-09-11 11:06:48.139476224,1,13829,140,64
43.16187,17.987818,2026-09-11 11:06:48.139464448,1,12292,132,45
43.130487,18.013693,2026-09-11 11:06:48.139464960,1,14588,183,32
28.034386,-95.274974,2026-09-11 11:06:55.673878784,1,14091,199,26
43.282582,17.920861,2026-09-11 11:06:56.161357824,1,3750,187,22
29.158498,-79.481857,2026-09-11 11:06:57.857153792,1,7092,174,35
35.170224,-38.337894,2026-09-11 11:06:58.492260864,1,11355,189,65
43.154992,17.907443,2026-09-11 11:07:07.87559424,1,11524,129,55
43.301007,17.930247,2026-09-11 11:07:07.87553536,1,11420,98,39
43.3017,17.960257,2026-09-11 11:07:07.87560704,1,10920,97,26
28.871247,-111.933226,2026-09-11 11:07:08.66859520,1,12905,239,26
28.756886,-111.971177,2026-09-11 11:07:08.141875200,1,11613,257,17
28.751546,-111.972018,2026-09-11 11:07:08.210539776,1,10478,257,19
43.25958,17.900468,2026-09-11 11:07:09.44867072,1,7182,91,23
38.297068,15.905469,2026-09-11 11:07:10.728916224,1,4859,268,64
38.121792,15.969332,2026-09-11 11:07:10.728899328,1,4948,261,51
37.986504,15.974339,2026-09-11 11:07:10.728846848,1,6793,242,39
38.139005,15.969763,2026-09-11 11:07:10.728896000,1,6796,244,26
38.062222,15.976978,2026-09-11 11:07:10.973274368,1,4168,206,230
38.088107,15.97942,2026-09-11 11:07:10.973282048,1,2392,261,216
38.084389,15.976739,2026-09-11 11:07:10.973281792,1,3290,264,202
38.065824,15.99327,2026-09-11 11:07:10.973317376,1,6250,222,189
38.120891,15.993734,2026-09-11 11:07:10.973326848,1,6599,268,150
30.834301,-87.502486,2026-09-11 11:07:25.385879040,1,13435,140,25
43.269764,17.97574,2026-09-11 11:07:25.545523456,1,6428,192,27
43.249299,17.976099,2026-09-11 11:07:25.572003584,1,5338,135,16
43.256984,17.977476,2026-09-11 11:07:25.657495040,1,7517,155,29
43.286936,17.946209,2026-09-11 11:07:25.713109760,1,7241,196,84
43.281924,17.956843,2026-09-11 11:07:25.713110528,1,3882,150,71
43.282166,17.958812,2026-09-11 11:07:25.713108224,1,3766,173,58
43.274905,17.970197,2026-09-11 11:07:25.713106176,1,12058,95,44
43.230428,18.044297,2026-09-11 11:07:25.713129984,1,12904,93,26
28.019989,-79.442923,2026-09-11 11:07:25.984140544,1,12432,254,27
43.108865,17.754316,2026-09-11 11:07:26.68762880,1,8032,137,30
43.23604,17.942389,2026-09-11 11:07:33.189765632,1,13512,91,29
28.011278,-80.034835,2026-09-11 11:07:33.565508352,1,14895,157,19
43.184205,17.958771,2026-09-11 11:07:35.38174464,1,13651,136,40
43.260756,17.969982,2026-09-11 11:07:35.38225408,1,13152,159,27
43.279815,17.876231,2026-09-11 11:07:36.510021632,1,14082,79,36
28.897108,-111.902921,2026-09-11 11:07:36.684505600,1,8509,257,20
43.292775,17.930986,2026-09-11 11:07:36.775767040,1,2900,126,85
43.308675,17.92478,2026-09-11 11:07:36.775770624,1,10479,150,71
43.43872,17.992246,2026-09-11 11:07:36.775817728,1,13973,216,47
43.375156,17.845189,2026-09-11 11:07:36.811054080,1,14235,113,29
43.254832,18.014533,2026-09-11 11:07:36.846096640,1,3770,219,59
43.32296,17.968388,2026-09-11 11:07:36.846121472,1,8027,231,46
43.273011,17.964468,2026-09-11 11:07:37.653306112,1,3725,192,37
43.310202,17.933745,2026-09-11 11:07:37.653320192,1,3143,130,25
43.17351,17.7948,2026-09-11 11:07:38.727396608,1,8348,136,31
43.175272,17.789623,2026-09-11 11:07:38.736658432,1,6872,131,23
43.172875,17.85935,2026-09-11 11:07:38.756112384,1,7092,71,137
43.190156,17.841765,2026-09-11 11:07:38.756122368,1,2906,149,115
43.192287,17.849892,2026-09-11 11:07:38.756122368,1,5594,176,101
43.168464,17.87007,2026-09-11 11:07:38.756121600,1,6615,116,83
43.182555,17.874838,2026-09-11 11:07:38.756120064,1,14188,129,69
43.239613,17.829464,2026-09-11 11:07:38.756178688,1,6500,258,49
43.338649,17.811376,2026-09-11 11:07:38.756216576,1,4653,262,35
43.142621,17.853875,2026-09-11 11:07:38.793790464,1,4871,118,109
43.160885,17.838635,2026-09-11 11:07:38.793799936,1,3691,153,154
43.154249,17.838409,2026-09-11 11:07:38.793798912,1,3261,176,141
43.153056,17.854819,2026-09-11 11:07:38.793804288,1,8087,111,128
43.15088,17.855676,2026-09-11 11:07:38.793801728,1,10941,115,112
43.147353,17.854826,2026-09-11 11:07:38.793806336,1,7791,138,100
43.158024,17.844049,2026-09-11 11:07:38.793839104,1,7906,259,87
43.151603,17.86935,2026-09-11 11:07:38.793838080,1,4687,259,74
43.291788,17.835234,2026-09-11 11:07:38.793886720,1,4944,256,61
38.361897,16.518505,2026-09-11 11:07:46.200793088,1,10862,157,26
43.265824,17.98583,2026-09-11 11:07:48.819090176,1,8190,127,46
43.31683,17.984612,2026-09-11 11:07:48.819115776,1,11693,123,30
43.203704,17.921452,2026-09-11 11:07:56.345604096,1,11876,95,13
43.178334,17.938157,2026-09-11 11:07:56.447604736,1,9780,136,15
30.204383,-87.138356,2026-09-11 11:07:57.31070208,1,13914,149,25
43.237537,17.964585,2026-09-11 11:07:57.362774784,1,8346,147,29
43.235622,17.985606,2026-09-11 11:07:57.383706368,1,5185,135,19
43.222794,17.989501,2026-09-11 11:07:57.524873728,1,10951,76,122
43.244419,17.997047,2026-09-11 11:07:57.524880896,1,6171,151,107
43.238806,17.995071,2026-09-11 11:07:57.524875776,1,14266,96,93
43.226787,18.008413,2026-09-11 11:07:57.524876032,1,13340,95,70
43.238703,18.027086,2026-09-11 11:07:57.524878592,1,4281,261,49
43.168795,18.049436,2026-09-11 11:07:57.524883712,1,12917,231,32
43.259834,18.019972,2026-09-11 11:07:57.524927488,1,8474,256,19
43.093494,17.764381,2026-09-11 11:07:57.670799104,1,14397,81,43
43.25177,18.036387,2026-09-11 11:07:57.679953664,1,10411,78,71
43.248148,18.009443,2026-09-11 11:07:57.679961088,1,11372,82,57
43.183465,18.110404,2026-09-11 11:07:57.679979776,1,14478,183,26
36.251349,-38.650294,2026-09-11 11:07:57.725295104,1,7554,185,75
18.528883,143.104486,2026-09-11 11:05:51.798365952,2,3547,260,28
17.17576,122.083383,2026-09-11 11:07:34.42968576,2,9071,170,36
51.065386,137.427841,2026-09-11 11:07:39.991725056,2,5779,250,24
34.923714,-93.951339,2026-09-11 11:05:00.117814272,3,13448,182,37
34.810345,-94.033536,2026-09-11 11:05:00.117813248,3,13826,97,24
37.082629,-67.708992,2026-09-11 11:05:00.848786432,3,5791,224,22
30.272605,-87.049089,2026-09-11 11:05:00.900997632,3,5882,220,107
30.070511,-86.865708,2026-09-11 11:05:00.900932352,3,3440,258,96
30.269449,-87.058866,2026-09-11 11:05:00.901004800,3,11412,189,81
30.251992,-86.996766,2026-09-11 11:05:00.901036800,3,14066,186,66
30.396013,-86.995158,2026-09-11 11:05:00.901077504,3,5542,260,50
30.292161,-87.005395,2026-09-11 11:05:00.901053952,3,6011,240,35
30.285594,-87.059638,2026-09-11 11:05:00.948879872,3,3665,223,35
30.358555,-87.003811,2026-09-11 11:05:00.948945664,3,6293,250,30
30.272342,-87.081979,2026-09-11 11:05:01.229923584,3,6587,223,43
30.339374,-87.025296,2026-09-11 11:05:01.229984768,3,5910,261,26
30.293371,-87.062297,2026-09-11 11:05:01.274014720,3,3506,223,40
30.083726,-86.956603,2026-09-11 11:05:01.273989120,3,10593,227,29
30.285096,-87.054642,2026-09-11 11:05:01.320115712,3,3738,223,25
30.231308,-86.912115,2026-09-11 11:05:01.320137216,3,4757,227,30
29.182536,-111.876563,2026-09-11 11:05:02.874012672,3,12212,235,33
30.399488,-87.01507,2026-09-11 11:05:04.435892736,3,12596,142,116
30.441325,-87.030993,2026-09-11 11:05:04.435906816,3,9804,220,106
30.420913,-87.038009,2026-09-11 11:05:04.435905024,3,13077,199,85
30.483546,-86.976391,2026-09-11 11:05:04.435965696,3,8353,250,68
30.448006,-87.047012,2026-09-11 11:05:04.460568832,3,6212,221,37
30.74212,-86.923113,2026-09-11 11:05:04.460716032,3,12067,262,23
30.414057,-87.017021,2026-09-11 11:05:04.548720640,3,7185,152,22
30.522836,-86.977768,2026-09-11 11:05:04.548798208,3,4222,259,28
30.362072,-86.985156,2026-09-11 11:05:04.634924032,3,5809,153,55
30.423905,-86.951363,2026-09-11 11:05:04.634983424,3,13194,232,39
29.322147,-79.282039,2026-09-11 11:05:12.671154176,3,6810,177,36
29.524781,-79.29235,2026-09-11 11:05:12.671257856,3,8616,248,25
22.76816,-75.380452,2026-09-11 11:05:12.798662400,3,12995,169,87
30.582992,-87.202359,2026-09-11 11:05:16.63747072,3,4930,243,19
30.583677,-87.078071,2026-09-11 11:05:16.63756800,3,4085,253,89
30.694994,-87.110827,2026-09-11 11:05:16.63799808,3,6684,186,74
30.694316,-87.07585,2026-09-11 11:05:16.63840000,3,7938,249,60
30.690282,-87.102113,2026-09-11 11:05:16.63835904,3,10927,192,43
30.614566,-87.04581,2026-09-11 11:05:16.63820288,3,14153,239,24
30.68881,-87.147445,2026-09-11 11:05:16.143125760,3,4478,215,50
30.674297,-87.137192,2026-09-11 11:05:16.143119616,3,9937,215,67
30.648644,-87.088444,2026-09-11 11:05:16.143157504,3,6118,197,49
30.769283,-87.085549,2026-09-11 11:05:16.143193088,3,6118,240,28
30.677969,-87.149288,2026-09-11 11:05:16.202820352,3,3191,216,69
30.31424,-86.812303,2026-09-11 11:05:16.202712832,3,5778,257,58
30.631775,-87.119958,2026-09-11 11:05:16.276194304,3,7085,140,59
30.742312,-87.059226,2026-09-11 11:05:16.276277504,3,4770,217,50
36.838116,-69.729451,2026-09-11 11:05:25.687190272,3,8331,135,79
36.870865,-69.746374,2026-09-11 11:05:25.687206144,3,4885,267,58
36.876279,-69.77031,2026-09-11 11:05:25.687216128,3,8815,202,45
36.811379,-69.495239,2026-09-11 11:05:25.687180288,3,6808,235,30
36.876327,-69.78003,2026-09-11 11:05:25.794363648,3,4408,261,46
36.824493,-69.705989,2026-09-11 11:05:25.794378496,3,11975,202,28
36.854599,-69.72607,2026-09-11 11:05:25.888475136,3,7777,141,22
37.906135,-86.696532,2026-09-11 11:05:26.141943296,3,12722,234,27
37.862744,-34.515925,2026-09-11 11:05:27.347026688,3,13974,172,24
29.697344,-87.382757,2026-09-11 11:05:28.254874624,3,2562,229,53
29.290695,-87.045435,2026-09-11 11:05:28.254745600,3,8197,267,41
29.140844,-87.264628,2026-09-11 11:05:36.708014080,3,2917,255,84
29.200013,-87.205358,2026-09-11 11:05:36.708040448,3,8976,231,74
29.230509,-87.148423,2026-09-11 11:05:36.708099072,3,5189,259,61
29.284991,-87.153488,2026-09-11 11:05:36.708113920,3,8439,222,47
29.256959,-87.154673,2026-09-11 11:05:36.708102656,3,12267,247,26
29.144747,-87.114094,2026-09-11 11:05:36.733252864,3,13757,135,35
29.283352,-87.139202,2026-09-11 11:05:36.733301504,3,7956,261,19
15.88118,-106.603742,2026-09-11 11:05:39.853078784,3,9072,265,37
15.907378,-106.603274,2026-09-11 11:05:39.987955456,3,10271,265,29
30.256485,-87.217002,2026-09-11 11:05:40.317211136,3,3872,234,78
30.324215,-87.143041,2026-09-11 11:05:40.317240576,3,8032,211,88
30.291867,-87.116506,2026-09-11 11:05:40.317271296,3,6188,186,76
30.308558,-87.126185,2026-09-11 11:05:40.317281280,3,8352,183,64
30.426152,-87.095869,2026-09-11 11:05:40.317318656,3,6114,256,49
30.298693,-87.069034,2026-09-11 11:05:40.317283840,3,13885,241,28
30.241349,-87.021937,2026-09-11 11:05:40.334532352,3,12582,193,51
30.362625,-87.148751,2026-09-11 11:05:40.418393088,3,3644,224,60
29.951726,-86.804866,2026-09-11 11:05:40.418266880,3,8053,264,67
29.352135,-79.296611,2026-09-11 11:05:48.210427648,3,9418,176,70
29.318127,-79.340117,2026-09-11 11:05:48.210453504,3,6873,261,51
29.426137,-79.292196,2026-09-11 11:05:48.210493696,3,9328,248,36
15.347128,-105.90422,2026-09-11 11:05:48.266976000,3,6587,269,36
34.875806,-92.808648,2026-09-11 11:05:48.336253696,3,10020,103,85
34.891521,-92.805999,2026-09-11 11:05:48.336253440,3,9392,217,82
34.959332,-92.772604,2026-09-11 11:05:48.336284416,3,10074,209,68
34.867958,-92.752805,2026-09-11 11:05:48.336302848,3,9979,128,56
15.511873,-105.919131,2026-09-11 11:05:48.415892224,3,5684,269,22
30.045691,-65.674085,2026-09-11 11:05:48.494590976,3,6393,270,75
30.669134,-87.157943,2026-09-11 11:05:55.618342912,3,8950,203,30
36.884436,-69.706279,2026-09-11 11:05:55.928053504,3,8252,143,81
36.895874,-69.72351,2026-09-11 11:05:55.928070400,3,12630,250,59
36.891619,-69.825729,2026-09-11 11:05:55.928103680,3,9460,219,41
36.846878,-69.548173,2026-09-11 11:05:55.928055040,3,13285,246,27
30.668051,-87.162487,2026-09-11 11:05:55.949941504,3,7202,203,40
30.724273,-87.096719,2026-09-11 11:05:55.949997312,3,8072,229,26
34.454765,-93.015266,2026-09-11 11:05:56.38208768,3,9800,62,58
34.509486,-92.959811,2026-09-11 11:05:56.38286336,3,12471,167,37
34.514099,-92.960892,2026-09-11 11:05:56.38285056,3,10152,150,24
36.872231,-69.705702,2026-09-11 11:05:56.100186880,3,11043,141,26
35.278667,-94.045754,2026-09-11 11:05:56.775779840,3,11233,199,26
30.594933,-86.195271,2026-09-11 11:06:06.739877376,3,6654,222,61
30.660739,-86.135855,2026-09-11 11:06:06.739938816,3,7689,248,48
30.696139,-86.132002,2026-09-11 11:06:06.739946752,3,9827,256,34
34.691327,-94.116201,2026-09-11 11:06:07.673901824,3,9797,74,41
34.723957,-94.082155,2026-09-11 11:06:07.673973248,3,11845,214,34
34.703199,-94.065655,2026-09-11 11:06:07.673966592,3,9619,128,23
34.71479,-94.227475,2026-09-11 11:06:07.826396672,3,7551,122,67
34.779092,-94.192728,2026-09-11 11:06:07.826418432,3,6516,126,56
34.734945,-94.15471,2026-09-11 11:06:07.826460672,3,12183,146,46
34.849018,-94.143578,2026-09-11 11:06:07.826491648,3,5523,235,23
34.948212,-92.666593,2026-09-11 11:06:08.555003904,3,8347,146,29
34.671774,-93.050924,2026-09-11 11:06:11.303384320,3,14054,87,24
34.632053,-92.948907,2026-09-11 11:06:11.313089280,3,14188,111,26
29.77487,-88.092627,2026-09-11 11:06:11.644810496,3,8763,154,26
29.784364,-88.105106,2026-09-11 11:06:11.739071488,3,8806,162,29
29.747085,-87.985009,2026-09-11 11:06:11.739093248,3,9270,191,41
29.956597,-88.039127,2026-09-11 11:06:11.739168256,3,7086,242,27
29.819108,-88.111801,2026-09-11 11:06:11.911623168,3,4325,225,59
29.746471,-87.959232,2026-09-11 11:06:11.911639552,3,8375,198,45
29.918326,-88.053265,2026-09-11 11:06:11.911702016,3,8995,242,30
36.80463,-69.655067,2026-09-11 11:06:21.482680064,3,8416,144,63
36.811644,-69.672627,2026-09-11 11:06:21.482692352,3,10807,225,41
18.07575,-99.072306,2026-09-11 11:06:21.843106560,3,4044,258,41
16.105488,-106.167002,2026-09-11 11:06:22.708129792,3,9859,267,71
30.864446,-87.803706,2026-09-11 11:06:31.99094784,3,5973,146,23
30.886218,-87.831997,2026-09-11 11:06:31.99099648,3,10491,201,103
30.870536,-87.859046,2026-09-11 11:06:31.99101440,3,12219,193,85
30.961504,-87.786542,2026-09-11 11:06:31.99171328,3,8375,247,70
30.924843,-87.780112,2026-09-11 11:06:31.99159296,3,6565,200,51
30.893811,-87.788374,2026-09-11 11:06:31.99152896,3,8081,191,38
30.939779,-87.738865,2026-09-11 11:06:31.99181056,3,13100,262,26
30.908608,-87.842387,2026-09-11 11:06:31.121268224,3,5247,211,48
30.999735,-87.781372,2026-09-11 11:06:31.121340416,3,5770,253,31
31.14201,-87.687699,2026-09-11 11:06:31.121392640,3,13675,254,18
28.423999,-69.974286,2026-09-11 11:06:33.209842432,3,5505,261,36
30.592105,-86.211417,2026-09-11 11:06:34.391747072,3,4363,222,46
30.511382,-86.027686,2026-09-11 11:06:34.391754752,3,5644,247,31
30.744558,-86.136105,2026-09-11 11:06:34.391839232,3,9269,255,18
30.603062,-86.185142,2026-09-11 11:06:34.551562752,3,4095,222,23
28.113716,-95.525709,2026-09-11 11:06:35.311399680,3,7945,239,39
29.233623,-79.302481,2026-09-11 11:06:36.154935040,3,8902,198,29
30.331661,-87.147561,2026-09-11 11:06:36.292956160,3,2563,205,34
30.293305,-87.104965,2026-09-11 11:06:36.292944128,3,4426,256,114
30.368609,-87.140259,2026-09-11 11:06:36.292972800,3,5189,250,98
30.305247,-87.169263,2026-09-11 11:06:36.292954112,3,11828,195,86
28.827746,-111.95281,2026-09-11 11:06:44.417436416,3,4730,257,37
28.8303,-111.948951,2026-09-11 11:06:44.417434880,3,12269,264,26
37.006639,-68.317225,2026-09-11 11:06:45.375520256,3,9554,255,44
36.957165,-68.231192,2026-09-11 11:06:45.375528448,3,9868,255,29
36.964838,-68.276346,2026-09-11 11:06:45.500009728,3,9341,154,38
36.959201,-68.223887,2026-09-11 11:06:45.500043008,3,8548,233,22
36.962745,-68.267952,2026-09-11 11:06:45.539473152,3,10269,162,26
30.441606,-87.025784,2026-09-11 11:06:48.835977984,3,5228,205,103
30.425872,-87.018152,2026-09-11 11:06:48.835973120,3,9695,206,91
30.342632,-87.015919,2026-09-11 11:06:48.835990528,3,7551,200,67
30.521099,-86.982136,2026-09-11 11:06:48.836049152,3,7716,248,53
30.455747,-86.983704,2026-09-11 11:06:48.836037376,3,7388,203,36
30.42264,-87.011385,2026-09-11 11:06:48.888230656,3,6599,152,22
30.416396,-87.000119,2026-09-11 11:06:49.34154240,3,8195,150,100
30.428084,-87.02808,2026-09-11 11:06:49.34162176,3,10898,188,84
27.945534,-95.453481,2026-09-11 11:06:56.294091264,3,9059,223,21
28.618505,-83.428094,2026-09-11 11:06:57.119241472,3,9084,152,26
28.593562,-83.239793,2026-09-11 11:06:57.119258112,3,8984,228,22
28.73409,-83.418637,2026-09-11 11:06:57.268694528,3,9318,246,23
29.102479,-83.509938,2026-09-11 11:06:57.299925248,3,13146,240,28
29.154073,-79.474396,2026-09-11 11:06:57.857156608,3,4179,174,69
29.232289,-79.504341,2026-09-11 11:06:57.857182720,3,5870,254,84
29.098902,-79.467592,2026-09-11 11:06:57.857169664,3,9152,253,73
29.254666,-79.473645,2026-09-11 11:06:57.857226752,3,12706,251,60
29.227314,-79.470629,2026-09-11 11:06:57.857220608,3,7051,252,47
29.084101,-79.428867,2026-09-11 11:06:57.920629504,3,14826,167,15
28.937575,-111.862571,2026-09-11 11:06:59.554884864,3,5996,238,25
29.003791,-111.869649,2026-09-11 11:06:59.554902528,3,4222,257,32
36.805737,-69.523952,2026-09-11 11:07:00.897659136,3,6147,137,87
36.793024,-69.520599,2026-09-11 11:07:00.897660416,3,4942,237,67
36.84662,-69.593771,2026-09-11 11:07:00.897695744,3,3919,236,55
36.772502,-69.507037,2026-09-11 11:07:00.897673984,3,10495,208,37
36.872731,-69.554705,2026-09-11 11:07:00.938385920,3,4987,261,59
36.808532,-69.451856,2026-09-11 11:07:00.938360064,3,9757,262,47
36.859008,-69.508549,2026-09-11 11:07:00.938415104,3,5020,246,33
36.820206,-69.524394,2026-09-11 11:07:00.965879808,3,5448,145,41
36.835806,-69.522725,2026-09-11 11:07:00.965919232,3,4548,252,28
36.814874,-69.514944,2026-09-11 11:07:00.995702784,3,6531,144,30
36.81687,-69.516891,2026-09-11 11:07:00.995737856,3,6901,252,17
28.735513,-111.979939,2026-09-11 11:07:08.66817792,3,12432,244,85
28.792969,-111.977756,2026-09-11 11:07:08.66836992,3,11289,264,72
28.692589,-111.970677,2026-09-11 11:07:08.85841664,3,4860,240,43
28.741302,-111.9397,2026-09-11 11:07:08.141870080,3,4608,238,56
30.414628,-87.029089,2026-09-11 11:07:15.414100224,3,13147,136,110
30.416157,-87.008641,2026-09-11 11:07:15.414100480,3,4595,259,99
30.572324,-86.969901,2026-09-11 11:07:15.414200576,3,6298,264,74
30.613787,-86.97006,2026-09-11 11:07:15.414210816,3,3969,258,60
30.484335,-86.992382,2026-09-11 11:07:15.414170368,3,5242,202,47
30.482887,-86.991725,2026-09-11 11:07:15.414177536,3,8612,202,33
30.464108,-87.054711,2026-09-11 11:07:15.484733440,3,4855,218,46
30.405649,-86.900542,2026-09-11 11:07:15.484748032,3,5788,199,34
30.802379,-86.947537,2026-09-11 11:07:15.484890880,3,6333,268,21
30.482379,-87.060964,2026-09-11 11:07:15.843375872,3,5129,219,43
30.558018,-86.987278,2026-09-11 11:07:15.843446528,3,5024,256,26
30.61689,-87.113176,2026-09-11 11:07:16.70969600,3,13330,143,18
30.647125,-87.122673,2026-09-11 11:07:16.70982656,3,6225,217,116
30.620021,-87.135074,2026-09-11 11:07:16.70976256,3,4875,193,89
28.709984,-83.401664,2026-09-11 11:07:24.240330240,3,9368,244,26
29.023659,-95.245117,2026-09-11 11:07:24.846778368,3,6280,137,99
29.072941,-95.195474,2026-09-11 11:07:24.846798848,3,13814,178,96
29.055812,-95.246378,2026-09-11 11:07:25.140980224,3,2566,243,71
29.052264,-95.182299,2026-09-11 11:07:25.141035264,3,7708,192,57
27.731084,-95.34739,2026-09-11 11:07:32.201637632,3,4205,258,29
27.85117,-95.347874,2026-09-11 11:07:32.201670912,3,14368,258,20
35.24257,-94.131874,2026-09-11 11:07:32.458172672,3,10506,125,18
35.220852,-94.080487,2026-09-11 11:07:32.458230272,3,14062,133,25
35.189276,-94.098464,2026-09-11 11:07:32.771454208,3,10983,64,41
35.215692,-94.040854,2026-09-11 11:07:32.771512832,3,8879,195,24
28.039432,-79.86046,2026-09-11 11:07:33.565496320,3,5795,171,50
28.179145,-79.902784,2026-09-11 11:07:33.565575168,3,3201,257,36
28.604269,-111.790576,2026-09-11 11:07:34.132315392,3,12495,239,29
30.371424,-87.166607,2026-09-11 11:07:34.484247296,3,10827,233,50
30.240125,-86.918238,2026-09-11 11:07:34.484261632,3,12658,232,39
30.407448,-87.051569,2026-09-11 11:07:34.618812160,3,7642,152,25
28.747175,-111.936992,2026-09-11 11:07:36.684394496,3,13560,198,21
28.756566,-111.924647,2026-09-11 11:07:36.684463360,3,6302,238,63
28.852413,-111.921571,2026-09-11 11:07:36.684489984,3,6074,265,49
28.784202,-111.89617,2026-09-11 11:07:36.760733184,3,6282,244,36
30.467717,-87.071469,2026-09-11 11:07:38.52619008,3,4376,219,78
30.072599,-86.743033,2026-09-11 11:07:38.52496896,3,11453,262,66
30.42319,-87.011996,2026-09-11 11:07:38.52653056,3,13676,197,53
30.566402,-87.019447,2026-09-11 11:07:38.52697088,3,4830,241,32
30.473938,-87.070951,2026-09-11 11:07:38.134415616,3,8241,219,28
30.443636,-87.016914,2026-09-11 11:07:38.134440704,3,14220,199,20
30.473397,-87.069888,2026-09-11 11:07:38.180939520,3,6289,220,37
30.451434,-87.031304,2026-09-11 11:07:38.180970752,3,13790,194,16
30.400956,-87.10817,2026-09-11 11:07:38.248946688,3,4094,232,47
30.55012,-87.006023,2026-09-11 11:07:38.249049856,3,4283,256,23
19.346396,-99.083313,2026-09-11 11:07:39.185242112,3,8487,251,48
34.696119,-94.188571,2026-09-11 11:07:39.224014080,3,14767,145,26
19.462215,-99.030786,2026-09-11 11:07:39.353004288,3,5404,253,33
35.451751,-92.927826,2026-09-11 11:07:40.438604032,3,9966,124,112
35.377766,-92.962773,2026-09-11 11:07:40.438571264,3,9671,230,111
35.53491,-92.841151,2026-09-11 11:07:40.438639616,3,12264,179,103
30.651391,-112.31837,2026-09-11 11:07:47.944990208,3,10247,225,27
30.687935,-112.315,2026-09-11 11:07:47.944993280,3,13016,232,44
30.696409,-112.325942,2026-09-11 11:07:47.944998400,3,14315,253,30
30.783704,-88.623449,2026-09-11 11:07:48.346906880,3,13248,170,53
30.887504,-88.575731,2026-09-11 11:07:48.346990336,3,5024,257,25
30.820781,-88.636554,2026-09-11 11:07:48.396719104,3,5240,210,37
30.898702,-88.574723,2026-09-11 11:07:48.396791808,3,4690,267,24
30.792064,-88.625446,2026-09-11 11:07:48.434026496,3,10419,167,31
30.917141,-88.587487,2026-09-11 11:07:48.434109440,3,4963,245,40
30.942067,-88.546768,2026-09-11 11:07:48.434123264,3,4251,241,27
16.151874,-106.149942,2026-09-11 11:07:48.669846528,3,5878,267,83
25.191859,-110.496285,2026-09-11 11:07:56.202714112,3,14062,259,31
30.290448,-87.092795,2026-09-11 11:07:57.31068928,3,11998,138,65
30.422897,-87.056433,2026-09-11 11:07:57.31161088,3,11791,242,25
29.317892,-87.095394,2026-09-11 11:07:57.216399872,3,12322,153,57
29.470469,-87.0643,2026-09-11 11:07:57.216495872,3,6740,245,31
30.068051,-86.712922,2026-09-11 11:07:57.463653376,3,13969,262,35
30.539515,-86.992272,2026-09-11 11:07:57.463833856,3,6278,256,24
37.708762,-86.630672,2026-09-11 11:07:59.729968128,3,6637,216,45
37.638085,-86.519756,2026-09-11 11:07:59.748669184,3,12522,85,36
37.877592,-86.510022,2026-09-11 11:07:59.748739840,3,7739,247,23
43.251187,18.108598,2026-09-11 11:05:13.636383744,4,13958,165,35
43.249255,18.099129,2026-09-11 11:05:13.680240128,4,10399,168,24
35.408129,88.856337,2026-09-11 11:05:17.698340608,4,12567,229,26
38.0401,16.02765,2026-09-11 11:05:25.135242240,4,9901,236,19
43.044278,17.761678,2026-09-11 11:05:38.302065408,4,11114,135,17
43.176746,17.832264,2026-09-11 11:05:46.136812032,4,9608,132,25
44.16923,18.209265,2026-09-11 11:05:51.425259520,4,14504,112,41
44.196292,18.208471,2026-09-11 11:05:51.457609216,4,11326,112,15
44.205824,18.224695,2026-09-11 11:05:51.465475840,4,11589,112,29
18.562112,143.058354,2026-09-11 11:05:51.798379264,4,8418,254,16
43.148789,17.694042,2026-09-11 11:05:58.939002624,4,3690,268,32
43.100581,17.766206,2026-09-11 11:06:18.293227264,4,14893,134,26
43.0978,17.750821,2026-09-11 11:06:18.505219840,4,8917,134,25
43.168518,17.845819,2026-09-11 11:06:35.670247168,4,13455,132,27
43.16427,17.816706,2026-09-11 11:06:35.714343168,4,10488,132,28
38.068869,15.993637,2026-09-11 11:07:10.973272832,4,8878,236,29
43.26243,17.999138,2026-09-11 11:07:14.416147968,4,14356,141,17
17.186176,122.037682,2026-09-11 11:07:34.42976000,4,10859,171,37
43.193243,17.861742,2026-09-11 11:07:38.756116736,4,8853,131,18
43.165184,17.855492,2026-09-11 11:07:38.793794048,4,8296,132,23
43.191546,17.866621,2026-09-11 11:07:38.954379520,4,12019,131,25
43.058068,17.761782,2026-09-11 11:07:50.552880384,4,9333,135,22
43.113275,17.77088,2026-09-11 11:07:50.622835712,4,8888,133,19
43.217285,17.928071,2026-09-11 11:08:03.518413568,4,7485,131,22
43.21996,17.935844,2026-09-11 11:08:03.577480192,4,6657,130,18
29.762752,-88.0856,2026-09-11 11:05:09.169772800,7,14665,151,14
21.734818,-110.31107,2026-09-11 11:05:22.683009792,7,9061,242,20
25.269412,-71.281267,2026-09-11 11:05:23.156908544,7,6046,264,22
29.256052,-87.177782,2026-09-11 11:05:36.708108544,7,13025,200,22
29.258698,-87.19128,2026-09-11 11:05:36.708095744,7,12765,200,12
28.812103,-112.084346,2026-09-11 11:05:44.92651776,7,9455,249,21
9.018615,-77.580859,2026-09-11 11:05:45.724515840,7,4336,229,23
29.44031,-79.295805,2026-09-11 11:05:48.210497024,7,3260,181,16
27.709268,-95.353916,2026-09-11 11:05:49.358531328,7,2906,226,31
27.75696,-95.268924,2026-09-11 11:05:49.594234112,7,7893,212,22
28.343822,-95.390881,2026-09-11 11:06:17.235108352,7,8409,180,22
28.328032,-95.37458,2026-09-11 11:06:17.235114752,7,9577,180,13
28.29081,-95.517643,2026-09-11 11:06:17.310295040,7,8870,128,19
28.326201,-95.372689,2026-09-11 11:06:17.310343936,7,14322,198,12
28.227047,-95.397071,2026-09-11 11:06:17.679228416,7,14666,181,18
28.43655,-69.99261,2026-09-11 11:06:33.209847808,7,3035,261,15
22.242855,-110.241943,2026-09-11 11:06:51.265516288,7,14887,269,12
28.009539,-95.363481,2026-09-11 11:06:55.673806336,7,7809,133,20
28.029739,-95.293635,2026-09-11 11:06:55.673872640,7,7347,186,18
28.545861,-83.325198,2026-09-11 11:06:57.119275520,7,9570,104,13
28.483726,-83.647178,2026-09-11 11:06:57.268582400,7,11388,197,12
9.625634,-81.398833,2026-09-11 11:06:57.405208576,7,10199,213,14
29.152612,-79.478888,2026-09-11 11:06:57.857158144,7,7360,183,29
28.694977,-111.976852,2026-09-11 11:07:08.210522880,7,13165,249,14
29.064451,-95.207854,2026-09-11 11:07:24.846793216,7,12161,174,18
29.121264,-95.184437,2026-09-11 11:07:24.846855424,7,5621,212,23
29.082195,-95.174021,2026-09-11 11:07:24.846846208,7,14405,227,14
29.054107,-95.180868,2026-09-11 11:07:25.141034240,7,7691,203,21
28.976512,-95.267756,2026-09-11 11:07:25.141005824,7,13013,193,12
28.04172,-79.442013,2026-09-11 11:07:25.984148736,7,4503,190,19
27.931677,-79.44934,2026-09-11 11:07:26.68154624,7,2906,177,17
27.930288,-79.550748,2026-09-11 11:07:26.150715904,7,12647,171,10
27.901185,-79.457883,2026-09-11 11:07:26.203206656,7,3612,178,14
27.468223,-95.640731,2026-09-11 11:07:31.623702016,7,5015,270,26
27.741577,-95.347273,2026-09-11 11:07:31.684145664,7,10571,130,30
27.736571,-95.274202,2026-09-11 11:07:31.684209920,7,12152,185,19
27.71584,-95.336172,2026-09-11 11:07:31.735610624,7,4149,233,22
27.743164,-95.283453,2026-09-11 11:07:31.735627520,7,12241,202,18
27.727951,-95.466865,2026-09-11 11:07:31.812859904,7,13053,130,16
27.709934,-95.470653,2026-09-11 11:07:31.870975232,7,14431,133,19
27.736902,-95.488842,2026-09-11 11:07:32.83588864,7,13748,129,20
28.0047,-79.934038,2026-09-11 11:07:33.565507584,7,7422,159,18
19.352615,-99.084167,2026-09-11 11:07:39.185243904,7,4061,251,17
28.668255,-83.436151,2026-09-11 11:07:42.188293120,7,9629,157,10
28.757613,-83.412387,2026-09-11 11:07:42.188366080,7,4116,215,19
28.587937,-83.457235,2026-09-11 11:07:42.237214464,7,7731,155,16
28.592033,-83.386839,2026-09-11 11:07:42.350976256,7,12841,104,13
28.585951,-83.457788,2026-09-11 11:07:42.559982848,7,7415,159,21
28.737748,-83.414803,2026-09-11 11:07:42.560043008,7,9429,215,11
27.456992,-95.661539,2026-09-11 11:08:02.284575488,7,4231,250,26
27.692739,-95.3805,2026-09-11 11:08:02.284706048,7,8121,230,19
27.762107,-95.310495,2026-09-11 11:08:02.381350656,7,5156,189,25
12.641242,37.237679,2026-09-11 11:05:33.213016832,5,4181,177,29
8.037436,6.219645,2026-09-11 11:05:56.859107840,5,11120,179,13
13.007012,-10.276626,2026-09-11 11:06:48.126263552,5,9637,229,20
35.191231,88.289915,2026-09-11 11:05:17.698164480,9,12469,269,24
32.794883,-164.26588,2026-09-11 11:05:24.819835392,9,10404,224,21
18.5831,143.012982,2026-09-11 11:05:51.798396160,9,5835,260,27
22.347582,154.273607,2026-09-11 11:06:02.783283200,9,7441,173,19
33.202097,92.238663,2026-09-11 11:06:09.116957440,9,9815,259,18
31.188691,93.740343,2026-09-11 11:06:14.652072448,9,8765,247,19
18.785371,117.145448,2026-09-11 11:06:45.310283520,9,2509,252,43
22.369146,154.271856,2026-09-11 11:07:31.478372096,9,9928,219,14
46.746353,135.669571,2026-09-11 11:07:39.991644160,9,13759,247,23
51.078094,137.477702,2026-09-11 11:07:39.991716864,9,3957,250,23
21.866307,154.26112,2026-09-11 11:07:40.41814272,9,4209,221,17
20.33156,152.461578,2026-09-11 11:07:57.937806592,9,11999,226,18
34.923714,-93.951339,2026-09-11 11:05:00.117814272,13,13447,182,37
34.852686,-94.026477,2026-09-11 11:05:00.117818368,13,13489,194,23
30.206075,-86.984959,2026-09-11 11:05:00.900975360,13,3569,249,84
30.069677,-86.864937,2026-09-11 11:05:00.900932096,13,3443,258,97
30.269452,-87.058867,2026-09-11 11:05:00.901004800,13,11413,189,81
30.2897,-87.067206,2026-09-11 11:05:00.948885248,13,7305,223,36
30.336376,-87.017147,2026-09-11 11:05:01.229981952,13,9143,261,22
29.182543,-111.876565,2026-09-11 11:05:02.874012928,13,12212,235,33
30.435966,-87.037192,2026-09-11 11:05:04.435900160,13,3414,204,120
30.386934,-86.982632,2026-09-11 11:05:04.435886080,13,6962,255,117
30.866712,-87.050854,2026-09-11 11:05:04.436070912,13,11543,268,54
30.45469,-87.043324,2026-09-11 11:05:05.56187648,13,4366,221,41
30.63695,-87.108002,2026-09-11 11:05:05.298949376,13,7205,150,60
30.407707,-86.996881,2026-09-11 11:05:05.298927104,13,11930,223,48
30.805341,-87.057507,2026-09-11 11:05:05.299060224,13,7700,262,37
32.40778,-78.11852,2026-09-11 11:05:08.948204032,13,6846,174,72
32.481362,-78.113633,2026-09-11 11:05:08.948231680,13,3311,251,71
32.460694,-78.134494,2026-09-11 11:05:08.948223488,13,7414,236,64
36.93234,-68.286902,2026-09-11 11:05:09.405972992,13,2843,155,62
29.648975,-88.162075,2026-09-11 11:05:09.498399232,13,10187,234,24
36.961447,-68.274385,2026-09-11 11:05:09.718946304,13,2138,166,64
36.941216,-68.268388,2026-09-11 11:05:09.827102720,13,3401,155,69
36.955938,-68.251282,2026-09-11 11:05:09.827107328,13,8842,256,65
36.940633,-68.270927,2026-09-11 11:05:09.938908416,13,4580,155,56
36.951762,-68.2465,2026-09-11 11:05:09.938912512,13,8531,256,52
36.978902,-68.309737,2026-09-11 11:05:09.999462912,13,4624,255,29
34.685605,-94.128576,2026-09-11 11:05:10.447150336,13,10472,154,20
30.647919,-87.138065,2026-09-11 11:05:16.63779840,13,6419,201,98
30.596649,-87.089645,2026-09-11 11:05:16.63759616,13,4553,253,85
30.686697,-87.073097,2026-09-11 11:05:16.63836928,13,10211,252,67
30.691542,-87.146395,2026-09-11 11:05:16.143122432,13,4699,215,48
30.64647,-87.098529,2026-09-11 11:05:16.143111168,13,3826,253,68
30.767728,-87.083013,2026-09-11 11:05:16.143196416,13,8166,240,54
30.677817,-87.149143,2026-09-11 11:05:16.202820352,13,3241,216,42
30.314142,-86.812089,2026-09-11 11:05:16.202712832,13,5780,257,58
30.631794,-87.11992,2026-09-11 11:05:16.276194304,13,7086,140,63
30.700368,-87.055807,2026-09-11 11:05:16.471676672,13,11667,148,33
30.671239,-87.105401,2026-09-11 11:05:16.956745984,13,6019,216,43
34.880131,-92.830594,2026-09-11 11:05:18.571031296,13,6363,143,19
37.850212,-86.691989,2026-09-11 11:05:19.69074432,13,11331,114,73
30.519389,-86.033119,2026-09-11 11:05:19.269223936,13,10988,175,27
15.563345,-106.17103,2026-09-11 11:05:19.933701632,13,4916,268,35
21.890385,-110.192383,2026-09-11 11:05:22.866089728,13,11256,246,21
36.841392,-69.729323,2026-09-11 11:05:25.687187200,13,7935,135,88
36.83195,-69.735047,2026-09-11 11:05:25.687190016,13,4696,225,68
36.882967,-69.772675,2026-09-11 11:05:25.687219456,13,9113,202,53
36.818409,-69.522597,2026-09-11 11:05:25.687177472,13,10708,239,32
36.876704,-69.780157,2026-09-11 11:05:25.794363904,13,4409,261,46
37.768973,-86.783347,2026-09-11 11:05:26.141905664,13,13097,92,28
29.700978,-87.384256,2026-09-11 11:05:28.254875904,13,3131,229,53
24.131,-111.882966,2026-09-11 11:05:29.922406144,13,4286,266,76
30.422281,-87.088878,2026-09-11 11:05:30.273048832,13,13036,218,61
30.45638,-87.104825,2026-09-11 11:05:30.273063168,13,14914,188,74
27.988724,-95.200315,2026-09-11 11:05:30.337419776,13,14149,126,55
28.110699,-95.293645,2026-09-11 11:05:30.446665984,13,10677,237,84
30.485813,-87.099597,2026-09-11 11:05:30.818971392,13,5168,220,35
30.441671,-87.028262,2026-09-11 11:05:30.819000320,13,10938,197,17
28.815604,-95.791118,2026-09-11 11:05:31.424952064,13,6452,238,35
29.145819,-95.683943,2026-09-11 11:05:31.425062400,13,12581,255,23
28.848289,-95.770399,2026-09-11 11:05:31.501997824,13,7632,237,26
28.83597,-95.777948,2026-09-11 11:05:31.577898240,13,9389,180,31
28.826005,-95.776694,2026-09-11 11:05:31.738456064,13,13770,136,30
28.55241,-111.830634,2026-09-11 11:05:32.484420096,13,10568,246,23
28.708804,-111.948285,2026-09-11 11:05:33.598961152,13,12120,239,21
25.191935,-110.529662,2026-09-11 11:05:34.101153024,13,11897,258,28
28.736743,-111.966164,2026-09-11 11:05:34.743533568,13,5913,239,78
28.680317,-111.988394,2026-09-11 11:05:34.743518976,13,9668,199,67
36.167935,-38.467909,2026-09-11 11:05:34.969108480,13,11174,220,34
29.134196,-87.255675,2026-09-11 11:05:36.708016896,13,7327,254,89
29.194476,-87.216926,2026-09-11 11:05:36.708037120,13,11846,196,71
29.267672,-87.147864,2026-09-11 11:05:36.708107520,13,7446,256,58
29.21386,-87.128252,2026-09-11 11:05:36.733282304,13,8059,237,30
15.871579,-106.594254,2026-09-11 11:05:39.853074176,13,3968,268,47
30.246719,-87.247476,2026-09-11 11:05:40.317206784,13,3586,240,72
30.323675,-87.155193,2026-09-11 11:05:40.317250048,13,12413,188,83
30.372309,-87.091698,2026-09-11 11:05:40.317304320,13,6809,251,71
30.274134,-87.187059,2026-09-11 11:05:40.418362368,13,5182,234,75
28.232668,-95.392591,2026-09-11 11:05:41.187300608,13,11958,217,45
28.439734,-95.438678,2026-09-11 11:05:41.187359488,13,11187,235,36
36.006276,-91.317946,2026-09-11 11:05:41.401197056,13,5666,114,47
22.196078,-110.263376,2026-09-11 11:05:43.199085312,13,10611,224,24
35.141463,-92.526967,2026-09-11 11:05:43.388078336,13,8661,75,40
35.060777,-92.228178,2026-09-11 11:05:43.388070400,13,10293,239,25
28.716109,-111.963482,2026-09-11 11:05:43.921758208,13,5288,238,63
28.733404,-112.040413,2026-09-11 11:05:44.92603648,13,6591,252,44
28.731481,-111.969665,2026-09-11 11:05:44.440531456,13,5208,238,35
28.738055,-111.965087,2026-09-11 11:05:44.991869440,13,13931,244,33
16.114077,-106.740704,2026-09-11 11:05:45.949699328,13,5728,269,42
29.352135,-79.296611,2026-09-11 11:05:48.210427648,13,9418,176,74
29.329289,-79.33007,2026-09-11 11:05:48.210452224,13,5083,261,51
15.331747,-105.89889,2026-09-11 11:05:48.266971904,13,5462,269,54
30.02205,-65.63946,2026-09-11 11:05:48.494579712,13,7778,267,87
27.707418,-95.349386,2026-09-11 11:05:49.358530560,13,6253,226,114
27.782593,-95.289159,2026-09-11 11:05:49.461460480,13,5718,258,41
27.76399,-95.291229,2026-09-11 11:05:49.594233856,13,11633,198,47
30.859921,-87.438334,2026-09-11 11:05:52.938575872,13,8188,224,22
30.800431,-87.48299,2026-09-11 11:05:53.362999040,13,9662,144,51
30.899045,-87.577516,2026-09-11 11:05:53.363045888,13,6473,182,58
30.634391,-87.147718,2026-09-11 11:05:54.877766656,13,9654,143,97
30.641432,-87.168455,2026-09-11 11:05:54.877777152,13,10135,193,86
36.884436,-69.706279,2026-09-11 11:05:55.928053504,13,8253,143,91
36.913023,-69.708604,2026-09-11 11:05:55.928072448,13,6796,251,69
34.348869,-92.903037,2026-09-11 11:05:56.38234368,13,14566,150,40
34.509485,-92.959811,2026-09-11 11:05:56.38286336,13,12472,167,37
28.544962,-95.931874,2026-09-11 11:05:59.478293248,13,10361,257,31
28.851555,-95.803773,2026-09-11 11:05:59.586359040,13,9079,147,62
28.814935,-95.795425,2026-09-11 11:05:59.776389632,13,7146,234,90
28.826887,-95.771037,2026-09-11 11:05:59.776457984,13,11930,190,78
30.424917,-87.107521,2026-09-11 11:06:00.311701760,13,12280,232,107
30.440434,-87.029194,2026-09-11 11:06:00.311719424,13,2867,256,87
30.493736,-87.01002,2026-09-11 11:06:00.311780352,13,6375,253,63
35.16782,-93.256144,2026-09-11 11:06:01.823668480,13,6589,161,55
29.986845,-87.088616,2026-09-11 11:06:04.552561664,13,6745,245,50
29.90439,-87.18855,2026-09-11 11:06:04.567115520,13,4249,236,54
29.874224,-87.06723,2026-09-11 11:06:04.567112448,13,6555,259,70
29.959978,-87.243533,2026-09-11 11:06:04.567167488,13,11685,191,56
29.960559,-87.157089,2026-09-11 11:06:04.736468224,13,4832,225,39
29.540333,-86.814415,2026-09-11 11:06:04.736340224,13,6500,266,51
28.762706,-111.97948,2026-09-11 11:06:04.788788224,13,8159,239,40
29.050405,-95.179435,2026-09-11 11:06:05.225551872,13,9485,190,69
29.072881,-95.170097,2026-09-11 11:06:05.298241280,13,6748,196,25
24.943231,-110.461121,2026-09-11 11:06:05.350348800,13,11090,264,67
28.987808,-95.323395,2026-09-11 11:06:05.462351360,13,6240,143,44
34.577416,-92.920123,2026-09-11 11:06:05.640829952,13,8260,118,85
34.581718,-92.919125,2026-09-11 11:06:05.640830976,13,7132,204,66
25.25136,-110.498562,2026-09-11 11:06:05.717870080,13,6994,264,30
29.076511,-95.202202,2026-09-11 11:06:05.959433728,13,7576,196,40
29.02279,-95.167521,2026-09-11 11:06:05.959417856,13,4510,238,28
30.597422,-86.198921,2026-09-11 11:06:06.739874816,13,3625,222,58
30.660739,-86.135855,2026-09-11 11:06:06.739938816,13,7690,248,48
30.71454,-86.140439,2026-09-11 11:06:06.739955712,13,7513,255,33
34.691327,-94.116201,2026-09-11 11:06:07.673901824,13,9796,74,41
34.72396,-94.082154,2026-09-11 11:06:07.673973248,13,11845,214,34
34.7032,-94.065642,2026-09-11 11:06:07.673966592,13,9620,128,23
34.714805,-94.227493,2026-09-11 11:06:07.826396672,13,7550,122,69
34.779082,-94.192732,2026-09-11 11:06:07.826418176,13,6517,126,57
34.947772,-92.665574,2026-09-11 11:06:08.555003904,13,8127,146,28
34.576801,-92.842432,2026-09-11 11:06:11.303356416,13,13216,167,25
34.632053,-92.948907,2026-09-11 11:06:11.313089280,13,14188,111,26
29.826846,-88.14145,2026-09-11 11:06:11.739082496,13,7793,222,56
29.420739,-87.807413,2026-09-11 11:06:11.911509248,13,4415,260,37
37.050806,-68.004967,2026-09-11 11:06:15.708574208,13,6585,259,73
37.113654,-68.081569,2026-09-11 11:06:15.708610816,13,3704,256,55
37.075279,-68.021273,2026-09-11 11:06:15.708596992,13,10687,227,42
37.070576,-68.041142,2026-09-11 11:06:15.753044736,13,2945,269,57
37.023577,-67.987954,2026-09-11 11:06:15.753029376,13,6578,256,42
37.092442,-68.006859,2026-09-11 11:06:15.832056064,13,2184,258,57
37.089958,-68.478737,2026-09-11 11:06:16.607155456,13,9762,254,30
28.301067,-95.428898,2026-09-11 11:06:17.235051264,13,5676,143,84
28.335561,-95.384518,2026-09-11 11:06:17.235120896,13,9515,180,71
28.500732,-95.264803,2026-09-11 11:06:17.235177984,13,6372,258,53
28.261248,-95.510749,2026-09-11 11:06:17.310294016,13,13544,125,46
28.301653,-95.395859,2026-09-11 11:06:17.310331136,13,2240,256,44
28.464714,-95.54015,2026-09-11 11:06:17.388148736,13,6406,265,40
28.400757,-95.455393,2026-09-11 11:06:17.536435968,13,9987,215,31
28.337783,-95.4262,2026-09-11 11:06:17.679246080,13,6465,180,65
28.35963,-95.422405,2026-09-11 11:06:17.679248896,13,2954,198,51
36.795587,-69.641951,2026-09-11 11:06:21.482678784,13,8461,144,60
36.834986,-69.67932,2026-09-11 11:06:21.482703616,13,8499,252,40
30.468891,-86.292054,2026-09-11 11:06:26.778968064,13,4684,207,105
30.447175,-86.287614,2026-09-11 11:06:26.778956544,13,11877,217,92
30.434618,-86.237509,2026-09-11 11:06:26.779006720,13,12252,202,74
30.544453,-86.245296,2026-09-11 11:06:26.779034624,13,9205,248,54
30.470635,-86.308151,2026-09-11 11:06:26.832653568,13,4984,223,43
30.359216,-86.310417,2026-09-11 11:06:26.832655360,13,6601,233,40
28.728781,-95.93377,2026-09-11 11:06:28.53170688,13,13807,215,26
30.385012,-87.113011,2026-09-11 11:06:28.540239104,13,7261,238,108
30.405935,-87.008188,2026-09-11 11:06:28.540248832,13,3889,255,102
30.440498,-87.057833,2026-09-11 11:06:28.540260864,13,10019,199,85
30.701024,-87.005717,2026-09-11 11:06:28.540356608,13,14244,252,72
28.747137,-111.939966,2026-09-11 11:06:28.636060672,13,8055,237,22
30.479789,-87.050886,2026-09-11 11:06:29.82015232,13,8797,220,30
30.844559,-87.784194,2026-09-11 11:06:31.99084032,13,3098,247,121
30.859846,-87.799004,2026-09-11 11:06:31.99089152,13,4368,144,109
30.959148,-87.813169,2026-09-11 11:06:31.99129856,13,8577,270,95
30.877767,-87.843482,2026-09-11 11:06:31.99105024,13,10166,193,78
28.425495,-69.990231,2026-09-11 11:06:33.209843712,13,8670,261,37
30.599547,-86.217853,2026-09-11 11:06:34.391757568,13,7973,140,46
28.113686,-95.525716,2026-09-11 11:06:35.311399680,13,7946,239,39
30.341871,-87.143233,2026-09-11 11:06:36.292963840,13,11258,206,98
30.333688,-87.164325,2026-09-11 11:06:36.292963072,13,14339,188,91
30.300487,-87.102058,2026-09-11 11:06:36.343333376,13,7532,145,57
30.34985,-87.1333,2026-09-11 11:06:36.557642496,13,3628,222,43
30.082915,-86.732023,2026-09-11 11:06:36.557571584,13,9665,262,30
27.726578,-95.33987,2026-09-11 11:06:38.3231232,13,10194,262,54
27.756628,-95.300388,2026-09-11 11:06:38.3238400,13,6008,237,51
27.752998,-95.47372,2026-09-11 11:06:38.66086656,13,9611,129,48
28.811373,-95.808897,2026-09-11 11:06:38.182893056,13,5913,249,45
28.780311,-95.775542,2026-09-11 11:06:38.182947328,13,10398,177,62
28.83647,-95.811714,2026-09-11 11:06:38.230982144,13,7927,254,47
28.832443,-95.744702,2026-09-11 11:06:38.304374016,13,9958,198,29
28.173485,-79.736944,2026-09-11 11:06:38.702688512,13,6388,170,47
28.337418,-79.788732,2026-09-11 11:06:38.702748160,13,5887,212,54
28.798568,-95.795358,2026-09-11 11:06:39.312657664,13,7969,220,42
29.363538,-91.522376,2026-09-11 11:06:41.585764608,13,11677,177,21
29.48883,-91.443889,2026-09-11 11:06:41.644203776,13,11154,232,35
37.806259,-86.911,2026-09-11 11:06:42.220891136,13,14520,64,48
37.930603,-86.995911,2026-09-11 11:06:42.220947456,13,14290,156,26
37.797759,-86.925745,2026-09-11 11:06:42.283267072,13,13432,130,34
37.934455,-86.997671,2026-09-11 11:06:42.339091200,13,13719,157,28
37.845088,-86.913132,2026-09-11 11:06:42.339100928,13,8575,155,29
34.805411,-94.059813,2026-09-11 11:06:42.479601920,13,8435,133,55
34.842555,-93.988442,2026-09-11 11:06:42.479674880,13,11807,158,38
28.827746,-111.95281,2026-09-11 11:06:44.417436416,13,4730,257,39
37.006639,-68.317225,2026-09-11 11:06:45.375520256,13,9554,255,46
36.990091,-68.291223,2026-09-11 11:06:45.375548160,13,7836,249,30
36.968859,-68.269858,2026-09-11 11:06:45.500009472,13,7654,154,38
36.959222,-68.223901,2026-09-11 11:06:45.500041984,13,8547,233,23
36.962664,-68.26788,2026-09-11 11:06:45.539473152,13,10267,162,23
30.38458,-87.082296,2026-09-11 11:06:48.835950336,13,4154,231,106
30.381087,-86.973619,2026-09-11 11:06:48.835960064,13,3554,256,93
30.444278,-87.0313,2026-09-11 11:06:49.34163456,13,5723,205,109
30.442527,-87.025422,2026-09-11 11:06:49.34161920,13,9469,220,92
30.49269,-86.977804,2026-09-11 11:06:49.34221312,13,9394,251,53
30.653828,-87.086739,2026-09-11 11:06:49.578419968,13,3759,201,100
30.31027,-86.761695,2026-09-11 11:06:49.578317568,13,6640,257,88
30.598189,-87.036552,2026-09-11 11:06:49.578463232,13,11812,187,72
30.730289,-87.035354,2026-09-11 11:06:49.578495744,13,4634,249,60
37.805828,-66.075462,2026-09-11 11:06:50.514731776,13,3932,185,67
37.79306,-66.065167,2026-09-11 11:06:50.514732544,13,6010,260,53
37.802079,-66.064545,2026-09-11 11:06:50.514770176,13,8808,211,39
37.837481,-86.720398,2026-09-11 11:06:50.867910144,13,13290,100,76
37.891509,-86.736297,2026-09-11 11:06:50.867932160,13,5125,210,76
37.923322,-86.708714,2026-09-11 11:06:50.867949312,13,8670,155,63
37.872378,-86.716909,2026-09-11 11:06:50.867970304,13,6874,169,49
37.841958,-86.671882,2026-09-11 11:06:50.923846912,13,4831,147,36
37.874103,-86.69114,2026-09-11 11:06:50.923901440,13,6440,156,39
37.861181,-86.692793,2026-09-11 11:06:50.949397760,13,4737,187,42
24.865316,-110.892773,2026-09-11 11:06:51.448818432,13,6094,255,28
37.778918,-86.94028,2026-09-11 11:06:53.885239808,13,8456,64,65
37.879882,-87.008549,2026-09-11 11:06:53.885284864,13,14051,154,49
37.783399,-86.917521,2026-09-11 11:06:53.930927616,13,8092,130,38
37.907003,-86.994937,2026-09-11 11:06:53.930981376,13,10993,160,34
28.048214,-95.346239,2026-09-11 11:06:55.673820160,13,7050,228,81
28.051919,-95.31291,2026-09-11 11:06:55.673866240,13,14417,186,67
28.609331,-83.455575,2026-09-11 11:06:57.119232768,13,4609,190,37
28.601318,-83.250979,2026-09-11 11:06:57.119259648,13,6394,228,24
28.748316,-83.43257,2026-09-11 11:06:57.268699904,13,6387,247,35
29.102497,-83.509955,2026-09-11 11:06:57.299925248,13,13145,240,29
29.152807,-79.477395,2026-09-11 11:06:57.857155584,13,8034,174,109
29.247001,-79.502698,2026-09-11 11:06:57.857190656,13,5579,254,87
28.992203,-111.869615,2026-09-11 11:06:59.554904064,13,5714,250,28
36.817414,-69.525784,2026-09-11 11:07:00.897659136,13,9151,143,100
36.796617,-69.52528,2026-09-11 11:07:00.897665792,13,7227,237,80
36.846616,-69.593731,2026-09-11 11:07:00.897695744,13,3920,236,62
36.814803,-69.536661,2026-09-11 11:07:00.897688320,13,11006,203,43
36.831123,-69.489733,2026-09-11 11:07:00.938364160,13,8239,136,62
36.859211,-69.505082,2026-09-11 11:07:00.938418944,13,9302,252,45
36.82706,-69.471909,2026-09-11 11:07:00.938403584,13,5893,237,32
36.825211,-69.516962,2026-09-11 11:07:00.965879552,13,6291,144,32
36.797463,-69.498154,2026-09-11 11:07:00.995738624,13,9783,215,23
36.89083,-69.589572,2026-09-11 11:07:01.66923264,13,4452,225,27
36.78973,-69.507651,2026-09-11 11:07:01.145295104,13,7850,208,20
35.176132,-93.105951,2026-09-11 11:07:03.307697920,13,12516,108,22
25.404333,-108.800602,2026-09-11 11:07:04.53780736,13,8693,255,94
29.3432,-79.285374,2026-09-11 11:07:04.423483648,13,9623,176,53
29.395744,-79.325917,2026-09-11 11:07:04.423540224,13,4519,270,38
29.350346,-79.280532,2026-09-11 11:07:04.508039168,13,6805,190,42
25.400296,-108.735428,2026-09-11 11:07:04.611215360,13,9587,255,15
28.700977,-111.877006,2026-09-11 11:07:05.52894464,13,13774,240,24
28.735549,-111.97991,2026-09-11 11:07:08.66817792,13,12432,244,84
28.768121,-111.945768,2026-09-11 11:07:08.85859072,13,6728,239,33
34.788384,-94.035552,2026-09-11 11:07:08.198651648,13,9846,75,40
28.796547,-111.913643,2026-09-11 11:07:08.210551040,13,3283,238,34
28.731524,-111.954377,2026-09-11 11:07:08.280253952,13,11475,238,54
37.266707,-69.192907,2026-09-11 11:07:08.499842816,13,11994,251,20
34.749525,-94.135501,2026-09-11 11:07:08.810948864,13,13566,148,77
36.946258,-68.296849,2026-09-11 11:07:11.76219904,13,6196,153,36
36.955138,-68.288458,2026-09-11 11:07:11.76262144,13,4208,257,24
36.973063,-68.347552,2026-09-11 11:07:11.130478080,13,3845,255,31
36.962043,-68.322308,2026-09-11 11:07:11.130513152,13,6710,249,28
36.92292,-68.274221,2026-09-11 11:07:11.224564736,13,9019,162,30
36.957102,-68.366169,2026-09-11 11:07:11.305924864,13,4543,268,28
36.934605,-68.295877,2026-09-11 11:07:11.305947392,13,7784,242,30
36.993219,-68.31672,2026-09-11 11:07:12.63219712,13,4058,268,55
36.88832,-68.092827,2026-09-11 11:07:12.63192320,13,14134,234,39
36.90566,-68.178609,2026-09-11 11:07:12.63210240,13,13131,240,26
30.453354,-87.045858,2026-09-11 11:07:15.414113792,13,3851,204,121
30.401673,-86.992574,2026-09-11 11:07:15.414093568,13,6146,255,107
30.577134,-86.96868,2026-09-11 11:07:15.414202112,13,5368,264,72
30.482391,-87.063191,2026-09-11 11:07:15.843375872,13,2972,226,43
30.624211,-87.091745,2026-09-11 11:07:16.70973440,13,6190,143,116
30.795872,-87.048425,2026-09-11 11:07:16.230062080,13,4548,260,42
30.696344,-87.128659,2026-09-11 11:07:16.293166080,13,3919,216,74
30.547969,-87.129175,2026-09-11 11:07:16.352984832,13,12967,141,32
30.636768,-87.097214,2026-09-11 11:07:16.498775552,13,10996,145,55
15.549362,-106.152614,2026-09-11 11:07:17.656958464,13,5924,270,66
28.810296,-95.817126,2026-09-11 11:07:18.722401024,13,6299,228,90
28.950464,-95.718321,2026-09-11 11:07:18.722464512,13,7758,190,70
28.845763,-95.819948,2026-09-11 11:07:19.219522816,13,6335,253,87
28.814465,-95.773272,2026-09-11 11:07:19.219577600,13,12930,191,74
28.842178,-95.736406,2026-09-11 11:07:19.219577600,13,3408,227,58
30.32893,-87.140877,2026-09-11 11:07:19.381237504,13,4638,205,114
30.254028,-87.073272,2026-09-11 11:07:19.381217536,13,4123,256,99
30.314904,-87.151519,2026-09-11 11:07:19.381242880,13,12918,188,83
35.257567,-94.144812,2026-09-11 11:07:19.607836928,13,4446,167,79
35.288968,-94.131393,2026-09-11 11:07:19.607849984,13,2268,198,92
35.289329,-94.125787,2026-09-11 11:07:19.607850496,13,8651,193,79
35.241217,-94.123347,2026-09-11 11:07:19.735418368,13,12362,104,48
35.289915,-94.067549,2026-09-11 11:07:19.735479296,13,5248,193,30
30.283405,-87.122339,2026-09-11 11:07:20.188213248,13,6689,151,83
30.324084,-87.217107,2026-09-11 11:07:20.188248320,13,12088,198,82
30.358583,-87.074149,2026-09-11 11:07:20.188288000,13,6027,251,65
30.296906,-87.117941,2026-09-11 11:07:20.270593792,13,7598,153,41
30.268749,-87.011,2026-09-11 11:07:20.270619648,13,8100,192,32
30.408747,-87.081782,2026-09-11 11:07:20.542637312,13,7052,252,28
30.297129,-87.117191,2026-09-11 11:07:20.647027200,13,5453,153,43
30.295758,-87.112437,2026-09-11 11:07:20.869366528,13,10093,150,53
30.339429,-87.145601,2026-09-11 11:07:20.869413376,13,5567,188,42
30.234737,-87.698724,2026-09-11 11:07:21.62987264,13,10595,260,24
37.820306,-86.897382,2026-09-11 11:07:22.254293760,13,14969,143,20
28.710002,-83.401669,2026-09-11 11:07:24.240330240,13,9368,244,26
29.023617,-95.245129,2026-09-11 11:07:24.846778368,13,6280,137,106
29.064444,-95.197453,2026-09-11 11:07:24.846796032,13,12241,174,97
29.080869,-95.225338,2026-09-11 11:07:24.846811136,13,12051,220,83
29.129183,-95.248667,2026-09-11 11:07:25.141006080,13,12564,202,51
29.050903,-95.183319,2026-09-11 11:07:25.141034496,13,7721,188,56
30.850772,-87.48131,2026-09-11 11:07:25.385885952,13,7513,143,104
30.853429,-87.470204,2026-09-11 11:07:25.385883392,13,5042,254,88
30.875029,-87.529635,2026-09-11 11:07:25.385893888,13,11274,183,77
30.825998,-87.488874,2026-09-11 11:07:25.426688000,13,11405,146,61
30.841373,-87.469042,2026-09-11 11:07:25.654897664,13,9239,140,50
28.046049,-79.441035,2026-09-11 11:07:25.984151040,13,6786,246,109
27.921151,-79.428546,2026-09-11 11:07:26.68154368,13,5731,175,31
28.182349,-79.45559,2026-09-11 11:07:26.203305728,13,4543,258,22
27.865773,-79.48736,2026-09-11 11:07:26.572711168,13,9059,174,21
27.743115,-95.333436,2026-09-11 11:07:31.623802368,13,3958,134,120
27.742384,-95.338261,2026-09-11 11:07:31.684155136,13,5336,243,57
27.724527,-95.317608,2026-09-11 11:07:31.735572480,13,8731,130,56
27.771565,-95.341556,2026-09-11 11:07:31.773985536,13,8092,224,44
27.775418,-95.457184,2026-09-11 11:07:31.812866816,13,8998,226,45
27.807405,-95.284919,2026-09-11 11:07:31.936353280,13,8696,202,41
27.749739,-95.465599,2026-09-11 11:07:31.999584256,13,12354,133,34
27.794159,-95.297169,2026-09-11 11:07:31.999633920,13,5697,243,40
27.821621,-95.305438,2026-09-11 11:07:32.83640832,13,13076,202,36
35.168926,-94.000092,2026-09-11 11:07:32.458200576,13,11072,182,23
35.199673,-94.109452,2026-09-11 11:07:32.771448320,13,7066,123,41
35.215651,-94.040858,2026-09-11 11:07:32.771512832,13,8880,195,25
28.177722,-79.906993,2026-09-11 11:07:33.565574656,13,5926,257,36
28.604303,-111.790585,2026-09-11 11:07:34.132315392,13,12494,239,29
30.451037,-87.028222,2026-09-11 11:07:34.484300800,13,10448,219,56
30.422827,-87.010694,2026-09-11 11:07:34.484284928,13,13186,220,43
30.399654,-87.048336,2026-09-11 11:07:34.618809344,13,9138,152,21
28.747188,-111.936982,2026-09-11 11:07:36.684394496,13,13559,198,75
28.754324,-111.925957,2026-09-11 11:07:36.684463104,13,6489,238,61
28.803063,-111.884197,2026-09-11 11:07:36.760742400,13,8708,238,35
30.468301,-87.072014,2026-09-11 11:07:38.52619264,13,4387,219,84
30.07253,-86.743016,2026-09-11 11:07:38.52496896,13,11451,262,67
30.420084,-87.008268,2026-09-11 11:07:38.52653056,13,5771,199,53
30.473937,-87.070944,2026-09-11 11:07:38.134415616,13,8241,219,32
30.462803,-87.071659,2026-09-11 11:07:38.248974592,13,2176,219,42
30.406259,-86.937706,2026-09-11 11:07:38.248991744,13,9738,192,35
19.378172,-99.074532,2026-09-11 11:07:39.185254144,13,5818,259,63
35.451742,-92.927825,2026-09-11 11:07:40.438604032,13,9966,124,117
35.377347,-92.963012,2026-09-11 11:07:40.438571264,13,9675,230,111
35.534984,-92.841156,2026-09-11 11:07:40.438639616,13,12265,179,103
29.460832,-79.741572,2026-09-11 11:07:40.579832576,13,13473,261,37
28.676332,-95.609333,2026-09-11 11:07:40.852850432,13,11475,254,53
28.740415,-95.56605,2026-09-11 11:07:40.852877824,13,5847,252,43
28.652868,-83.463557,2026-09-11 11:07:42.188289024,13,5790,216,110
28.583833,-83.449776,2026-09-11 11:07:42.188304640,13,12566,251,97
28.778494,-83.492996,2026-09-11 11:07:42.351028480,13,6126,243,41
28.722278,-83.421641,2026-09-11 11:07:42.560043008,13,6155,247,62
30.299406,-87.063651,2026-09-11 11:07:42.943948032,13,3480,207,123
30.22887,-86.995411,2026-09-11 11:07:42.943923712,13,6635,256,108
25.202733,-110.475641,2026-09-11 11:07:42.947351552,13,12686,267,30
30.267617,-87.035542,2026-09-11 11:07:43.25561600,13,6598,154,53
37.294226,-67.639896,2026-09-11 11:07:43.794389504,13,6322,247,78
37.336066,-67.6645,2026-09-11 11:07:43.794410240,13,6700,257,59
25.172293,-110.509779,2026-09-11 11:07:45.985420800,13,4584,258,54
25.137045,-110.537115,2026-09-11 11:07:46.274367744,13,6941,259,30
30.601047,-112.365095,2026-09-11 11:07:47.944976896,13,7520,242,26
30.737652,-88.659852,2026-09-11 11:07:48.346927360,13,7148,220,38
30.887501,-88.575732,2026-09-11 11:07:48.346993152,13,5024,257,24
30.820909,-88.636435,2026-09-11 11:07:48.396719104,13,5239,210,32
30.794301,-88.619273,2026-09-11 11:07:48.434028288,13,4649,169,40
30.74714,-88.416686,2026-09-11 11:07:48.434034432,13,14063,215,51
30.887163,-88.595883,2026-09-11 11:07:48.434109184,13,13733,227,36
35.073944,-92.766763,2026-09-11 11:07:49.677651200,13,8384,82,61
35.170075,-92.745108,2026-09-11 11:07:49.677670912,13,13564,118,42
36.827576,-69.617296,2026-09-11 11:07:49.942194432,13,6142,248,118
30.416847,-86.985152,2026-09-11 11:07:50.128118016,13,8660,143,76
30.411418,-86.984966,2026-09-11 11:07:50.226610432,13,9631,142,48
36.482235,-38.120518,2026-09-11 11:07:50.380823296,13,7916,184,44
30.672075,-87.101156,2026-09-11 11:07:51.910411008,13,3540,218,76
30.65487,-87.126354,2026-09-11 11:07:51.910400768,13,11111,196,80
30.632506,-87.086089,2026-09-11 11:07:51.954883328,13,8932,141,56
30.678006,-87.097688,2026-09-11 11:07:52.176884992,13,9156,150,65
30.68034,-87.098886,2026-09-11 11:07:52.233988096,13,9105,172,37
30.759096,-87.086133,2026-09-11 11:07:52.459468032,13,12197,258,34
30.45848,-86.17372,2026-09-11 11:07:53.794568448,13,14628,176,25
30.488354,-86.296907,2026-09-11 11:07:53.842672896,13,11784,148,32
29.145082,-79.479012,2026-09-11 11:07:55.89907456,13,6885,174,53
25.191859,-110.496285,2026-09-11 11:07:56.202714112,13,14062,259,33
30.293256,-87.101366,2026-09-11 11:07:57.31070976,13,13848,145,64
29.281311,-87.170411,2026-09-11 11:07:57.216380416,13,5500,241,62
30.068001,-86.712905,2026-09-11 11:07:57.463653376,13,13968,262,35
30.549738,-86.994661,2026-09-11 11:07:57.463837440,13,5545,256,24
37.708603,-86.630632,2026-09-11 11:07:59.729968128,13,6638,216,45
27.71656,-95.362913,2026-09-11 11:08:02.284671232,13,10288,130,93
27.774884,-95.325374,2026-09-11 11:08:02.284692992,13,9809,223,89
28.025155,-95.444665,2026-09-11 11:08:02.381395712,13,9897,265,72
35.86427,-91.752327,2026-09-11 11:08:02.494809856,13,14516,222,48
27.874421,-95.437436,2026-09-11 11:08:05.178153728,13,3511,224,91
27.885408,-95.38058,2026-09-11 11:08:05.178219520,13,13943,184,76
28.786044,-95.814058,2026-09-11 11:08:06.824691200,13,7656,211,73
28.785922,-95.768387,2026-09-11 11:08:06.824748288,13,11193,191,60
28.786318,-95.8063,2026-09-11 11:08:06.879644160,13,5644,211,44
28.807123,-95.7552,2026-09-11 11:08:06.879709184,13,4051,194,69
29.796142,-88.097628,2026-09-11 11:08:07.38537728,13,7451,211,80
29.788305,-88.113066,2026-09-11 11:08:07.38540544,13,9219,197,58
29.324278,-79.299972,2026-09-11 11:08:08.515116288,13,7331,177,54
29.528815,-79.334067,2026-09-11 11:08:08.515190016,13,9371,203,77
28.810739,-112.013886,2026-09-11 11:08:08.616253696,13,7381,261,41
29.330716,-79.286926,2026-09-11 11:08:08.994487808,13,9851,185,19
29.690909,-87.380388,2026-09-11 11:08:11.724626176,13,4051,227,53
34.546572,-93.002961,2026-09-11 11:08:13.748889600,13,7211,129,62
34.519824,-92.914882,2026-09-11 11:08:13.748939520,13,11618,142,47
34.549053,-93.000816,2026-09-11 11:08:13.795379456,13,8603,120,46
34.512564,-92.906463,2026-09-11 11:08:13.795419136,13,8912,132,45
34.533619,-92.99949,2026-09-11 11:08:13.899115776,13,8195,121,31
29.758996,-87.461202,2026-09-11 11:08:14.245688832,13,8525,153,75
29.739234,-87.498866,2026-09-11 11:08:14.373514240,13,8223,155,52
34.601227,-92.927025,2026-09-11 11:08:17.72978432,13,14052,63,79
34.750611,-92.839445,2026-09-11 11:08:17.73041920,13,5685,209,61
30.406068,-86.900475,2026-09-11 11:08:17.175567104,13,11191,154,33
17.175668,122.083337,2026-09-11 11:07:34.42968576,14,9070,170,44
30.246065,-87.251698,2026-09-11 11:05:04.435851776,11,14003,239,26
32.399885,-78.13135,2026-09-11 11:05:08.948208128,11,13883,165,50
37.137246,-68.448486,2026-09-11 11:05:09.406054144,11,12607,248,22
37.168013,-68.587356,2026-09-11 11:05:09.827226624,11,13800,179,35
37.023988,-68.323534,2026-09-11 11:05:09.938939392,11,13083,228,19
43.159778,17.846888,2026-09-11 11:05:12.376180992,11,9381,72,92
43.176579,17.830524,2026-09-11 11:05:12.435613696,11,5311,158,72
43.170442,17.821559,2026-09-11 11:05:12.435609856,11,9686,150,57
43.176669,17.907923,2026-09-11 11:05:12.752751360,11,14643,69,53
43.215503,17.909913,2026-09-11 11:05:12.752760064,11,7648,169,65
43.199867,17.897109,2026-09-11 11:05:12.910699776,11,13450,216,22
43.243608,18.097673,2026-09-11 11:05:13.680229632,11,6222,129,211
30.526909,-87.12598,2026-09-11 11:05:16.63778560,11,12108,143,33
30.719545,-87.099285,2026-09-11 11:05:16.63851264,11,11204,234,22
30.488762,-87.543762,2026-09-11 11:05:16.143027200,11,14757,251,24
30.547546,-87.160495,2026-09-11 11:05:16.202812160,11,13532,143,28
38.403202,16.413537,2026-09-11 11:05:20.681347840,11,11335,157,25
43.208724,17.934845,2026-09-11 11:05:23.550522624,11,7514,155,46
43.241392,17.962469,2026-09-11 11:05:23.550515968,11,9094,156,78
43.128892,17.887453,2026-09-11 11:05:23.550533888,11,13986,143,63
43.23133,17.946558,2026-09-11 11:05:23.711725824,11,6189,148,111
38.021567,16.032408,2026-09-11 11:05:25.135236864,11,7244,197,399
38.083733,16.056078,2026-09-11 11:05:25.135262464,11,9858,268,378
38.027247,16.032624,2026-09-11 11:05:25.135244288,11,5065,236,359
38.02919,15.974888,2026-09-11 11:05:25.203379456,11,7128,207,96
43.253357,17.965339,2026-09-11 11:05:26.498990592,11,10022,190,13
43.225306,17.887977,2026-09-11 11:05:28.133545984,11,7213,122,34
24.101839,-111.920275,2026-09-11 11:05:29.922394112,11,5697,256,30
43.057645,17.650957,2026-09-11 11:05:30.203508736,11,12455,139,29
30.397083,-86.969132,2026-09-11 11:05:30.273077760,11,13927,104,33
43.271,17.90088,2026-09-11 11:05:31.817482752,11,6672,126,44
36.088708,-38.602165,2026-09-11 11:05:34.969130240,11,14968,191,163
43.220754,17.967484,2026-09-11 11:05:35.711015424,11,10538,135,24
43.167585,17.907739,2026-09-11 11:05:37.437925888,11,8409,73,178
43.240491,17.769749,2026-09-11 11:05:37.437963520,11,13764,160,183
43.124302,17.868019,2026-09-11 11:05:37.437934592,11,12851,97,170
43.026313,17.764878,2026-09-11 11:05:38.302061568,11,10847,86,127
43.056991,17.750735,2026-09-11 11:05:38.302074880,11,7714,179,104
43.027587,17.777032,2026-09-11 11:05:38.302067456,11,6888,114,83
43.040578,17.768133,2026-09-11 11:05:38.302066688,11,13762,98,68
42.95147,17.812886,2026-09-11 11:05:38.302078464,11,14922,240,55
43.096249,17.754297,2026-09-11 11:05:38.550963456,11,3782,82,67
43.239754,18.00035,2026-09-11 11:05:39.71364608,11,10336,135,45
43.262239,17.935162,2026-09-11 11:05:39.668832000,11,6053,209,74
43.193487,17.907653,2026-09-11 11:05:41.882330624,11,6605,123,50
43.201973,17.937276,2026-09-11 11:05:41.947064576,11,10475,71,50
43.212313,17.930952,2026-09-11 11:05:41.947075584,11,7347,156,61
43.254214,17.921844,2026-09-11 11:05:41.947086592,11,11403,128,47
43.205191,17.952164,2026-09-11 11:05:41.947114240,11,9586,137,29
43.167375,17.822733,2026-09-11 11:05:46.136816128,11,6390,132,86
43.167121,17.842419,2026-09-11 11:05:46.136813312,11,8721,116,126
43.22984,17.831702,2026-09-11 11:05:46.136838912,11,5125,164,108
43.184963,17.841927,2026-09-11 11:05:46.136828160,11,8900,219,94
43.165266,17.821807,2026-09-11 11:05:46.191014912,11,9231,73,95
43.186613,17.820394,2026-09-11 11:05:46.191030016,11,7897,167,125
43.171314,17.82312,2026-09-11 11:05:46.191029760,11,8019,111,103
43.230792,17.828075,2026-09-11 11:05:46.191049472,11,9418,151,87
43.192318,17.837427,2026-09-11 11:05:46.191063040,11,7209,160,73
43.203519,17.81685,2026-09-11 11:05:46.191074304,11,5844,264,60
43.150379,17.857489,2026-09-11 11:05:46.288591872,11,4964,72,51
43.167245,17.856756,2026-09-11 11:05:46.288603392,11,8618,110,33
43.161323,17.853508,2026-09-11 11:05:46.556600320,11,5966,136,58
43.167089,17.848434,2026-09-11 11:05:46.556607744,11,10414,110,38
43.145196,17.916887,2026-09-11 11:05:49.269792256,11,9307,137,43
27.724207,-95.34318,2026-09-11 11:05:49.358531328,11,7767,229,40
27.782611,-95.277583,2026-09-11 11:05:49.594238720,11,14475,202,34
44.170999,18.190706,2026-09-11 11:05:51.425259264,11,4962,167,457
44.177111,18.191576,2026-09-11 11:05:51.425265152,11,3368,186,452
44.164402,18.187199,2026-09-11 11:05:51.425266688,11,12307,92,124
43.165206,17.829169,2026-09-11 11:05:53.454397696,11,5816,153,69
39.97323,18.463099,2026-09-11 11:05:54.623641600,11,10014,231,65
40.30212,18.506969,2026-09-11 11:05:54.623731200,11,14544,257,65
40.214163,18.54943,2026-09-11 11:05:54.623690240,11,14715,260,54
30.605753,-87.175803,2026-09-11 11:05:54.877757184,11,8207,202,31
43.262439,17.909882,2026-09-11 11:05:56.276184832,11,9621,193,43
8.028242,6.127068,2026-09-11 11:05:56.859091200,11,2776,217,87
43.071924,17.739544,2026-09-11 11:05:58.938979072,11,8170,106,325
43.107102,17.725152,2026-09-11 11:05:58.938978560,11,11382,133,304
43.148987,17.687619,2026-09-11 11:05:58.939001088,11,2569,261,280
43.103826,17.718977,2026-09-11 11:05:58.938987776,11,6327,176,209
43.087854,17.734372,2026-09-11 11:05:59.750848,11,8357,106,153
43.088377,17.724072,2026-09-11 11:05:59.190647296,11,9225,61,37
25.212156,-110.487294,2026-09-11 11:06:05.212054016,11,9717,269,21
43.095739,17.733613,2026-09-11 11:06:07.922900992,11,8886,94,31
43.21944,17.952954,2026-09-11 11:06:09.880877056,11,12687,73,93
43.237119,17.929115,2026-09-11 11:06:09.880880640,11,14338,151,85
43.236992,17.931717,2026-09-11 11:06:09.880886272,11,13793,79,66
43.184908,18.017996,2026-09-11 11:06:09.880864512,11,8644,227,48
42.835201,22.673301,2026-09-11 11:06:11.681758464,11,9784,250,40
43.093418,17.752898,2026-09-11 11:06:18.225160192,11,8183,139,139
43.094932,17.751973,2026-09-11 11:06:18.293223936,11,8273,108,242
43.112569,17.739417,2026-09-11 11:06:18.293231616,11,6181,133,222
43.0995,17.74529,2026-09-11 11:06:18.293232640,11,13547,97,95
43.24037,17.9627,2026-09-11 11:06:20.913858816,11,7243,151,73
43.22972,17.965464,2026-09-11 11:06:20.913858816,11,12056,96,114
43.220563,17.967956,2026-09-11 11:06:20.913852416,11,11998,117,96
43.174894,17.900943,2026-09-11 11:06:22.151086848,11,6504,158,81
43.176219,17.91968,2026-09-11 11:06:22.151089920,11,12444,132,104
43.067196,18.076145,2026-09-11 11:06:22.151064320,11,11021,267,85
43.202352,17.934592,2026-09-11 11:06:22.217595392,11,8081,136,102
43.222832,17.933959,2026-09-11 11:06:22.217608704,11,6000,175,80
43.207561,17.941612,2026-09-11 11:06:22.217600768,11,11179,99,59
30.435221,-86.277714,2026-09-11 11:06:26.778950144,11,11834,139,41
30.617033,-86.221978,2026-09-11 11:06:26.779059456,11,10285,254,29
43.177995,17.825913,2026-09-11 11:06:27.30451712,11,12004,92,30
43.242712,17.946085,2026-09-11 11:06:27.952101888,11,14982,126,24
43.309415,17.967712,2026-09-11 11:06:28.394538240,11,11495,118,38
43.408885,18.07016,2026-09-11 11:06:28.394574592,11,10985,127,40
30.416094,-87.038362,2026-09-11 11:06:28.540262400,11,9602,149,39
37.969318,15.993473,2026-09-11 11:06:29.618141440,11,9797,165,24
37.95451,16.010928,2026-09-11 11:06:29.618130944,11,8382,248,21
28.431202,-69.996793,2026-09-11 11:06:33.209849344,11,4337,263,33
43.155788,17.828264,2026-09-11 11:06:35.670236160,11,8169,74,198
43.178104,17.808889,2026-09-11 11:06:35.670249728,11,6372,165,186
43.178142,17.822667,2026-09-11 11:06:35.670249728,11,4889,183,165
43.160124,17.835688,2026-09-11 11:06:35.670248448,11,10142,112,145
43.183908,17.829723,2026-09-11 11:06:35.670250240,11,6694,225,125
30.286013,-87.150678,2026-09-11 11:06:36.292948736,11,14227,151,36
27.773021,-95.287599,2026-09-11 11:06:38.3246592,11,9562,202,22
28.805516,-95.764084,2026-09-11 11:06:38.182953216,11,12746,194,28
28.212815,-79.973712,2026-09-11 11:06:38.702687744,11,13934,159,28
43.260649,17.97788,2026-09-11 11:06:40.238429184,11,12004,113,85
43.226249,17.942937,2026-09-11 11:06:40.238438144,11,12707,100,76
43.251447,17.892065,2026-09-11 11:06:40.238498816,11,12403,128,51
43.251646,17.998397,2026-09-11 11:06:40.238472960,11,9275,133,38
43.361115,17.964732,2026-09-11 11:06:40.238509568,11,9261,255,26
43.202741,17.982345,2026-09-11 11:06:41.400741120,11,6142,191,24
43.096323,17.764939,2026-09-11 11:06:45.462999040,11,7107,164,51
43.188854,17.69976,2026-09-11 11:06:45.463026432,11,13976,131,55
43.113274,17.728322,2026-09-11 11:06:45.463001088,11,13867,134,43
43.349448,17.868179,2026-09-11 11:06:46.84748544,11,9652,149,61
43.296881,17.919416,2026-09-11 11:06:46.84733440,11,14426,117,57
43.211759,18.010075,2026-09-11 11:06:51.623619072,11,8073,189,120
43.280891,17.9623,2026-09-11 11:06:51.623646464,11,5146,150,107
43.282905,17.968025,2026-09-11 11:06:51.623643904,11,8017,165,93
43.270757,17.981969,2026-09-11 11:06:51.623639552,11,13773,114,77
43.221513,18.054217,2026-09-11 11:06:51.623660800,11,7119,133,64
43.240488,18.039738,2026-09-11 11:06:51.623663360,11,7084,270,51
43.23386,17.97093,2026-09-11 11:06:54.603878656,11,5063,129,157
43.256752,17.946064,2026-09-11 11:06:54.603880960,11,6702,151,169
43.251344,17.94826,2026-09-11 11:06:54.603887616,11,5904,151,153
43.258446,17.975982,2026-09-11 11:06:54.603890432,11,12288,145,137
43.239013,17.985914,2026-09-11 11:06:54.603884544,11,9266,120,121
43.283018,18.01712,2026-09-11 11:06:54.603904768,11,13298,150,108
43.230464,17.959702,2026-09-11 11:06:54.676368384,11,13726,131,31
28.037896,-95.271163,2026-09-11 11:06:55.673880064,11,14031,199,32
22.921324,-75.602982,2026-09-11 11:06:55.933509632,11,13302,269,34
43.291379,17.918313,2026-09-11 11:06:56.161363712,11,7610,159,20
44.413088,18.471983,2026-09-11 11:06:59.765596160,11,12487,129,24
43.209751,17.898466,2026-09-11 11:07:00.557988352,11,6032,154,50
43.197786,17.906563,2026-09-11 11:07:00.612347136,11,9062,69,69
43.206877,17.896203,2026-09-11 11:07:00.612354304,11,11123,96,98
43.198036,17.923742,2026-09-11 11:07:00.612352000,11,6976,117,75
43.205911,17.893907,2026-09-11 11:07:00.783544320,11,8075,136,55
43.200255,17.905239,2026-09-11 11:07:01.194324992,11,7221,69,61
43.213362,17.911048,2026-09-11 11:07:01.194330624,11,10134,110,47
43.076171,17.774608,2026-09-11 11:07:02.490349312,11,8334,189,164
43.07017,17.763538,2026-09-11 11:07:02.490351360,11,7387,181,211
25.463203,-108.792424,2026-09-11 11:07:04.53847552,11,3538,245,31
43.154984,17.907435,2026-09-11 11:07:07.87559424,11,11525,129,56
43.301003,17.930254,2026-09-11 11:07:07.87553536,11,11420,98,40
28.854813,-111.964855,2026-09-11 11:07:08.66854912,11,14997,246,31
43.258307,17.905299,2026-09-11 11:07:09.44865792,11,9322,91,19
38.064499,15.992124,2026-09-11 11:07:10.973316864,11,6398,223,140
43.234466,17.954055,2026-09-11 11:07:14.416141312,11,13356,115,60
43.332691,17.901048,2026-09-11 11:07:14.416182528,11,8053,230,78
43.247353,17.969259,2026-09-11 11:07:14.416164864,11,7648,109,64
43.24895,17.989107,2026-09-11 11:07:14.416162048,11,8203,109,51
43.233952,17.966091,2026-09-11 11:07:14.428736000,11,13893,73,49
43.270222,17.948434,2026-09-11 11:07:14.428751360,11,14240,191,42
43.092272,17.784514,2026-09-11 11:07:14.491829760,11,5949,80,62
43.120447,17.777337,2026-09-11 11:07:14.491841536,11,8995,147,43
43.112229,17.78554,2026-09-11 11:07:14.865403904,11,3905,164,40
43.164517,17.765605,2026-09-11 11:07:14.865421312,11,11620,130,44
43.108415,17.790196,2026-09-11 11:07:14.865445120,11,10780,121,26
43.260852,17.924405,2026-09-11 11:07:18.981801472,11,6554,127,37
35.237906,-94.163865,2026-09-11 11:07:19.607827200,11,10805,142,38
30.282938,-87.128786,2026-09-11 11:07:20.188207360,11,14261,147,41
30.369859,-87.103947,2026-09-11 11:07:20.188290304,11,10378,236,26
43.061329,17.711653,2026-09-11 11:07:21.489085184,11,9692,87,18
43.229034,17.989421,2026-09-11 11:07:23.200074496,11,13972,75,68
43.248031,17.969931,2026-09-11 11:07:23.200086528,11,5022,174,59
43.2474,17.977797,2026-09-11 11:07:23.200084736,11,10384,98,45
43.243382,17.987731,2026-09-11 11:07:23.200131072,11,13103,123,32
43.278001,17.960683,2026-09-11 11:07:25.713106944,11,10899,101,33
43.274149,17.973735,2026-09-11 11:07:25.713113088,11,11921,116,34
28.027371,-79.444397,2026-09-11 11:07:25.984142848,11,12424,254,63
43.171986,17.939772,2026-09-11 11:07:26.255731456,11,12897,252,51
43.266915,17.883454,2026-09-11 11:07:32.320906752,11,10618,129,70
43.270508,17.890963,2026-09-11 11:07:32.320910336,11,11776,140,59
43.25329,17.924473,2026-09-11 11:07:32.320907520,11,11003,117,41
43.233061,17.929924,2026-09-11 11:07:32.501019648,11,9152,135,21
43.240317,17.933319,2026-09-11 11:07:33.189768448,11,9798,91,29
43.184321,17.958081,2026-09-11 11:07:35.38174720,11,13653,136,39
43.266354,17.985645,2026-09-11 11:07:35.38225920,11,9416,159,26
43.300468,17.925325,2026-09-11 11:07:36.775770368,11,6925,155,44
43.353504,17.915566,2026-09-11 11:07:36.775785984,11,10613,127,44
43.321335,17.9608,2026-09-11 11:07:36.846119680,11,6144,249,34
43.19349,17.846456,2026-09-11 11:07:38.756120576,11,7465,154,83
43.178763,17.867399,2026-09-11 11:07:38.756130304,11,12035,96,88
43.152809,17.84629,2026-09-11 11:07:38.793793792,11,6052,136,105
43.149415,17.840259,2026-09-11 11:07:38.793790464,11,11839,156,151
43.163056,17.847509,2026-09-11 11:07:38.793795072,11,10912,147,134
43.150877,17.855656,2026-09-11 11:07:38.793800192,11,10940,115,115
43.14631,17.874268,2026-09-11 11:07:38.793798400,11,8261,135,103
43.040265,17.763962,2026-09-11 11:07:39.877384192,11,12622,85,78
43.148397,17.651787,2026-09-11 11:07:39.877426688,11,7910,151,62
43.105314,17.751797,2026-09-11 11:07:39.877406208,11,12470,97,49
43.068084,17.747578,2026-09-11 11:07:39.877406720,11,13464,105,36
35.445827,-93.006102,2026-09-11 11:07:40.438604032,11,13940,153,39
43.2222,17.983899,2026-09-11 11:07:41.617999872,11,13666,94,28
28.500506,-83.695704,2026-09-11 11:07:42.188246016,11,13838,238,41
43.304145,18.039212,2026-09-11 11:07:43.554983424,11,11272,153,29
37.364976,-67.705094,2026-09-11 11:07:43.794420992,11,7395,212,46
43.242747,18.002641,2026-09-11 11:07:44.393629696,11,11477,149,38
43.244105,18.00508,2026-09-11 11:07:44.393634304,11,11741,118,53
43.247572,18.021312,2026-09-11 11:07:44.393631232,11,10464,131,37
36.744398,-70.252555,2026-09-11 11:07:49.942200320,11,7322,269,34
36.483774,-38.124213,2026-09-11 11:07:50.380822016,11,13394,183,191
30.66585,-87.127251,2026-09-11 11:07:51.910417920,11,13263,217,41
43.257987,17.934553,2026-09-11 11:07:54.353329664,11,13449,91,42
43.17912,18.001229,2026-09-11 11:07:54.353377024,11,14961,133,28
30.207252,-87.142478,2026-09-11 11:07:57.31070976,11,14662,152,31
43.263833,17.980071,2026-09-11 11:07:57.362791680,11,9938,186,19
43.228912,18.00357,2026-09-11 11:07:57.383703296,11,7480,135,19
36.253571,-38.6506,2026-09-11 11:07:57.725294848,11,7416,190,111
43.213852,17.957549,2026-09-11 11:08:00.903104000,11,8081,135,19
43.206333,17.95095,2026-09-11 11:08:01.26613504,11,10510,127,26
27.951523,-95.282999,2026-09-11 11:08:02.284807936,11,14977,250,30
27.735981,-95.312234,2026-09-11 11:08:02.381349888,11,13663,202,30
35.738059,-91.455338,2026-09-11 11:08:02.388899328,11,13064,98,43
43.210263,17.882104,2026-09-11 11:08:03.642069504,11,5360,179,76
43.195937,17.896584,2026-09-11 11:08:03.642062336,11,12354,110,174
43.190593,17.923496,2026-09-11 11:08:03.642062080,11,12651,130,153
43.226881,17.880584,2026-09-11 11:08:03.642078208,11,5789,253,90
43.10455,17.739056,2026-09-11 11:08:07.6049280,11,5192,197,24
29.772262,-88.116671,2026-09-11 11:08:07.38521856,11,13208,221,34
43.264214,17.957606,2026-09-11 11:08:08.485820672,11,6347,168,99
43.257153,17.972908,2026-09-11 11:08:08.485821440,11,10147,165,97
43.251574,17.985289,2026-09-11 11:08:08.485814016,11,11406,117,80
43.244538,17.980623,2026-09-11 11:08:08.485822208,11,12909,95,63
43.202558,17.887481,2026-09-11 11:08:09.166478336,11,12229,121,22
43.185391,17.83069,2026-09-11 11:08:09.265750528,11,11763,131,15
43.28578,17.999663,2026-09-11 11:08:09.912683264,11,8591,150,54
43.251109,17.998571,2026-09-11 11:08:09.912678912,11,7128,115,42
43.247944,18.032197,2026-09-11 11:08:09.912674304,11,11145,118,29
43.248327,18.007845,2026-09-11 11:08:10.49129472,11,7840,132,24
43.256173,18.054024,2026-09-11 11:08:10.186935296,11,11426,165,39
43.104313,17.796617,2026-09-11 11:08:11.703497216,11,14260,135,43
43.122981,17.721567,2026-09-11 11:08:11.725737472,11,12782,82,39
37.921877,15.883795,2026-09-11 11:08:12.693060608,11,11615,235,35
38.104265,15.968372,2026-09-11 11:08:12.724260096,11,9463,214,40
38.11731,16.012081,2026-09-11 11:08:12.724279040,11,10375,235,44
38.38914,16.193277,2026-09-11 11:08:12.724393472,11,12384,269,31
43.088522,17.727645,2026-09-11 11:08:15.901532928,11,9397,139,168
43.085149,17.726209,2026-09-11 11:08:15.901533952,11,12357,82,182
43.079691,17.745213,2026-09-11 11:08:15.901531648,11,7082,112,165
43.088685,17.73984,2026-09-11 11:08:15.901536768,11,12190,114,153
43.140807,17.733249,2026-09-11 11:08:15.901555456,11,10564,226,138
43.245466,17.984884,2026-09-11 11:08:19.16730880,11,9441,135,17
30.246065,-87.251698,2026-09-11 11:05:04.435851776,12,14003,239,26
32.399885,-78.13135,2026-09-11 11:05:08.948208128,12,13883,165,50
37.127913,-68.424618,2026-09-11 11:05:09.406046208,12,13653,265,21
37.168013,-68.587356,2026-09-11 11:05:09.827226624,12,13800,179,35
37.023988,-68.323534,2026-09-11 11:05:09.938939392,12,13083,228,19
43.226128,17.952499,2026-09-11 11:05:11.197114112,12,7744,127,66
43.159778,17.846888,2026-09-11 11:05:12.376180992,12,9381,72,94
43.176579,17.830524,2026-09-11 11:05:12.435613696,12,5311,158,67
43.182266,17.904634,2026-09-11 11:05:12.752749056,12,14369,70,48
43.167838,17.885894,2026-09-11 11:05:12.752753664,12,8759,142,60
23.544517,-75.426899,2026-09-11 11:05:12.798964736,12,9760,237,49
43.199867,17.897109,2026-09-11 11:05:12.910699776,12,13450,216,22
43.243608,18.097673,2026-09-11 11:05:13.680229632,12,6222,129,214
30.526909,-87.12598,2026-09-11 11:05:16.63778560,12,12108,143,33
30.719545,-87.099285,2026-09-11 11:05:16.63851264,12,11204,234,22
30.488762,-87.543762,2026-09-11 11:05:16.143027200,12,14757,251,24
30.547546,-87.160495,2026-09-11 11:05:16.202812160,12,13532,143,28
38.403202,16.413537,2026-09-11 11:05:20.681347840,12,11335,157,25
43.208724,17.934845,2026-09-11 11:05:23.550522624,12,7514,155,46
43.241392,17.962469,2026-09-11 11:05:23.550515968,12,9094,156,78
43.128892,17.887453,2026-09-11 11:05:23.550533888,12,13986,143,63
43.23133,17.946558,2026-09-11 11:05:23.711725824,12,6189,148,111
38.021567,16.032408,2026-09-11 11:05:25.135236864,12,7244,197,399
38.083733,16.056078,2026-09-11 11:05:25.135262464,12,9858,268,378
38.027247,16.032624,2026-09-11 11:05:25.135244288,12,5065,236,359
38.004471,15.859279,2026-09-11 11:05:25.203384832,12,7712,240,90
43.253357,17.965339,2026-09-11 11:05:26.498990592,12,10022,190,13
43.232798,17.889036,2026-09-11 11:05:28.133543168,12,7905,122,38
24.101839,-111.920275,2026-09-11 11:05:29.922394112,12,5697,256,30
43.057645,17.650957,2026-09-11 11:05:30.203508736,12,12455,139,29
30.397083,-86.969132,2026-09-11 11:05:30.273077760,12,13927,104,32
43.271,17.90088,2026-09-11 11:05:31.817482752,12,6672,126,44
36.088708,-38.602165,2026-09-11 11:05:34.969130240,12,14968,191,163
43.220754,17.967484,2026-09-11 11:05:35.711015424,12,10538,135,24
43.167585,17.907739,2026-09-11 11:05:37.437925888,12,8409,73,178
43.240491,17.769749,2026-09-11 11:05:37.437963520,12,13764,160,183
43.124302,17.868019,2026-09-11 11:05:37.437934592,12,12851,97,170
43.189062,17.981409,2026-09-11 11:05:37.437952512,12,13660,132,54
43.026313,17.764878,2026-09-11 11:05:38.302061568,12,10847,86,127
43.056991,17.750735,2026-09-11 11:05:38.302074880,12,7714,179,104
43.027587,17.777032,2026-09-11 11:05:38.302067456,12,6888,114,83
43.040578,17.768133,2026-09-11 11:05:38.302066688,12,13762,98,68
42.95147,17.812886,2026-09-11 11:05:38.302078464,12,14922,240,55
43.096249,17.754297,2026-09-11 11:05:38.550963456,12,3782,82,67
43.23691,18.009689,2026-09-11 11:05:39.71363328,12,11927,135,42
43.254544,17.943057,2026-09-11 11:05:39.668829440,12,10448,134,71
43.300543,17.914363,2026-09-11 11:05:39.668850176,12,7664,144,53
43.193487,17.907653,2026-09-11 11:05:41.882330624,12,6605,123,50
43.201973,17.937276,2026-09-11 11:05:41.947064576,12,10475,71,50
43.212313,17.930952,2026-09-11 11:05:41.947075584,12,7347,156,61
43.254214,17.921844,2026-09-11 11:05:41.947086592,12,11403,128,47
43.205191,17.952164,2026-09-11 11:05:41.947114240,12,9586,137,29
43.167375,17.822733,2026-09-11 11:05:46.136816128,12,6390,132,86
43.167121,17.842419,2026-09-11 11:05:46.136813312,12,8721,116,126
43.22984,17.831702,2026-09-11 11:05:46.136838912,12,5125,164,108
43.184963,17.841927,2026-09-11 11:05:46.136828160,12,8900,219,94
43.165266,17.821807,2026-09-11 11:05:46.191014912,12,9231,73,95
43.186613,17.820394,2026-09-11 11:05:46.191030016,12,7897,167,125
43.171314,17.82312,2026-09-11 11:05:46.191029760,12,8019,111,103
43.230792,17.828075,2026-09-11 11:05:46.191049472,12,9418,151,87
43.192318,17.837427,2026-09-11 11:05:46.191063040,12,7209,160,73
43.203519,17.81685,2026-09-11 11:05:46.191074304,12,5844,264,60
43.150379,17.857489,2026-09-11 11:05:46.288591872,12,4964,72,51
43.167245,17.856756,2026-09-11 11:05:46.288603392,12,8618,110,33
43.161323,17.853508,2026-09-11 11:05:46.556600320,12,5966,136,58
43.167089,17.848434,2026-09-11 11:05:46.556607744,12,10414,110,38
43.145196,17.916887,2026-09-11 11:05:49.269792256,12,9307,137,43
27.724207,-95.34318,2026-09-11 11:05:49.358531328,12,7767,229,40
44.170999,18.190706,2026-09-11 11:05:51.425259264,12,4962,167,457
44.177111,18.191576,2026-09-11 11:05:51.425265152,12,3368,186,452
44.163077,18.194531,2026-09-11 11:05:51.425268480,12,11283,110,157
39.97323,18.463099,2026-09-11 11:05:54.623641600,12,10014,231,65
40.30212,18.506969,2026-09-11 11:05:54.623731200,12,14544,257,65
40.214163,18.54943,2026-09-11 11:05:54.623690240,12,14715,260,54
30.61394,-87.175168,2026-09-11 11:05:54.877755648,12,12177,202,44
30.687845,-87.154378,2026-09-11 11:05:54.877787648,12,9635,173,31
30.557434,-87.177445,2026-09-11 11:05:54.950505216,12,14934,147,28
43.262439,17.909882,2026-09-11 11:05:56.276184832,12,9621,193,43
8.028242,6.127068,2026-09-11 11:05:56.859091200,12,2776,217,87
43.071924,17.739544,2026-09-11 11:05:58.938979072,12,8170,106,325
43.107102,17.725152,2026-09-11 11:05:58.938978560,12,11382,133,304
43.148987,17.687619,2026-09-11 11:05:58.939001088,12,2569,261,280
43.109228,17.714102,2026-09-11 11:05:58.938990080,12,9879,187,189
43.102108,17.725325,2026-09-11 11:05:59.53887232,12,11295,154,68
43.11323,17.729765,2026-09-11 11:05:59.53892864,12,8855,194,47
25.212156,-110.487294,2026-09-11 11:06:05.212054016,12,9717,269,21
43.095739,17.733613,2026-09-11 11:06:07.922900992,12,8886,94,31
43.21944,17.952954,2026-09-11 11:06:09.880877056,12,12687,73,93
43.237119,17.929115,2026-09-11 11:06:09.880880640,12,14338,151,85
43.236992,17.931717,2026-09-11 11:06:09.880886272,12,13793,79,66
43.184908,18.017996,2026-09-11 11:06:09.880864512,12,8644,227,48
42.835201,22.673301,2026-09-11 11:06:11.681758464,12,9784,250,40
43.097581,17.748012,2026-09-11 11:06:18.225164288,12,8182,155,83
43.094932,17.751973,2026-09-11 11:06:18.293223936,12,8273,108,242
43.112569,17.739417,2026-09-11 11:06:18.293231616,12,6181,133,222
43.113807,17.756229,2026-09-11 11:06:18.293240064,12,9869,175,203
43.093178,17.757008,2026-09-11 11:06:18.293235200,12,5823,98,162
43.24037,17.9627,2026-09-11 11:06:20.913858816,12,7243,151,73
43.22972,17.965464,2026-09-11 11:06:20.913858816,12,12056,96,114
43.220563,17.967956,2026-09-11 11:06:20.913852416,12,11998,117,96
43.174894,17.900943,2026-09-11 11:06:22.151086848,12,6504,158,80
43.176219,17.91968,2026-09-11 11:06:22.151089920,12,12444,132,104
43.067196,18.076145,2026-09-11 11:06:22.151064320,12,11021,267,85
43.202352,17.934592,2026-09-11 11:06:22.217595392,12,8081,136,102
43.222832,17.933959,2026-09-11 11:06:22.217608704,12,6000,175,80
43.207561,17.941612,2026-09-11 11:06:22.217600768,12,11179,99,59
30.435221,-86.277714,2026-09-11 11:06:26.778950144,12,11834,139,41
30.617033,-86.221978,2026-09-11 11:06:26.779059456,12,10285,254,29
43.234212,17.968417,2026-09-11 11:06:27.952094464,12,5838,135,39
43.255152,17.96122,2026-09-11 11:06:27.952100608,12,13660,157,25
43.309415,17.967712,2026-09-11 11:06:28.394538240,12,11495,118,38
43.408885,18.07016,2026-09-11 11:06:28.394574592,12,10985,127,40
30.416094,-87.038362,2026-09-11 11:06:28.540262400,12,9602,149,39
37.969318,15.993473,2026-09-11 11:06:29.618141440,12,9797,165,24
37.95451,16.010928,2026-09-11 11:06:29.618130944,12,8382,248,21
28.431202,-69.996793,2026-09-11 11:06:33.209849344,12,4337,263,33
43.155788,17.828264,2026-09-11 11:06:35.670236160,12,8169,74,199
43.179301,17.803254,2026-09-11 11:06:35.670251008,12,2718,232,187
43.159236,17.821293,2026-09-11 11:06:35.670245376,12,13825,96,171
43.158286,17.832336,2026-09-11 11:06:35.670243840,12,14710,97,148
43.183908,17.829723,2026-09-11 11:06:35.670250240,12,6694,225,125
30.286013,-87.150678,2026-09-11 11:06:36.292948736,12,14227,151,36
27.773021,-95.287599,2026-09-11 11:06:38.3246592,12,9562,202,22
28.805516,-95.764084,2026-09-11 11:06:38.182953216,12,12746,194,28
28.212815,-79.973712,2026-09-11 11:06:38.702687744,12,13934,159,28
43.247649,17.992403,2026-09-11 11:06:40.238434560,12,14903,112,86
43.226249,17.942937,2026-09-11 11:06:40.238438144,12,12707,100,77
43.251447,17.892065,2026-09-11 11:06:40.238498816,12,12403,128,51
43.251646,17.998397,2026-09-11 11:06:40.238472960,12,9275,133,38
43.361115,17.964732,2026-09-11 11:06:40.238509568,12,9261,255,26
43.202741,17.982345,2026-09-11 11:06:41.400741120,12,6142,191,24
43.096323,17.764939,2026-09-11 11:06:45.462999040,12,7107,164,51
43.188854,17.69976,2026-09-11 11:06:45.463026432,12,13976,131,55
43.113274,17.728322,2026-09-11 11:06:45.463001088,12,13867,134,43
43.349448,17.868179,2026-09-11 11:06:46.84748544,12,9652,149,61
43.296881,17.919416,2026-09-11 11:06:46.84733440,12,14426,117,57
43.273235,17.955993,2026-09-11 11:06:51.623641856,12,6644,150,66
43.263172,17.960572,2026-09-11 11:06:51.623637760,12,14254,145,89
43.270779,17.981913,2026-09-11 11:06:51.623639552,12,13773,95,76
43.220769,18.056734,2026-09-11 11:06:51.623661312,12,7533,133,62
43.248489,18.042757,2026-09-11 11:06:51.623667200,12,5323,270,47
7.981912,5.927993,2026-09-11 11:06:52.409467136,12,6044,193,42
43.23386,17.97093,2026-09-11 11:06:54.603878656,12,5063,129,159
43.284362,17.896091,2026-09-11 11:06:54.603900416,12,6456,226,171
43.25106,17.947358,2026-09-11 11:06:54.603885312,12,6067,151,157
43.253228,17.954667,2026-09-11 11:06:54.603882496,12,11800,145,141
43.248125,17.976829,2026-09-11 11:06:54.603884800,12,7964,117,125
43.283285,18.01657,2026-09-11 11:06:54.603904512,12,13301,150,108
28.037896,-95.271163,2026-09-11 11:06:55.673880064,12,14031,199,32
43.102165,17.74954,2026-09-11 11:06:58.990354432,12,5760,82,31
44.413088,18.471983,2026-09-11 11:06:59.765596160,12,12487,129,24
43.208642,17.89699,2026-09-11 11:07:00.557987840,12,5957,154,51
43.197786,17.906563,2026-09-11 11:07:00.612347136,12,9062,69,68
43.206877,17.896203,2026-09-11 11:07:00.612354304,12,11123,96,99
43.195387,17.919604,2026-09-11 11:07:00.612352256,12,8494,117,77
43.196286,17.909868,2026-09-11 11:07:00.783539968,12,4686,69,95
43.200167,17.904649,2026-09-11 11:07:01.194324992,12,7082,69,71
43.21256,17.91255,2026-09-11 11:07:01.194335232,12,10878,99,40
43.068619,17.770753,2026-09-11 11:07:02.490348032,12,8831,134,165
43.07017,17.763538,2026-09-11 11:07:02.490351360,12,7387,181,212
25.463203,-108.792424,2026-09-11 11:07:04.53847552,12,3538,245,31
43.154984,17.907435,2026-09-11 11:07:07.87559424,12,11525,129,56
43.301003,17.930254,2026-09-11 11:07:07.87553536,12,11420,98,40
28.854813,-111.964855,2026-09-11 11:07:08.66854912,12,14997,246,31
43.258307,17.905299,2026-09-11 11:07:09.44865792,12,9322,91,19
38.065827,15.993271,2026-09-11 11:07:10.973317376,12,6250,223,141
43.234466,17.954055,2026-09-11 11:07:14.416141312,12,13356,115,61
43.332691,17.901048,2026-09-11 11:07:14.416182528,12,8053,230,79
43.247353,17.969259,2026-09-11 11:07:14.416164864,12,7648,109,65
43.240564,17.980794,2026-09-11 11:07:14.416163328,12,5522,109,52
43.233952,17.966091,2026-09-11 11:07:14.428736000,12,13893,73,48
43.270222,17.948434,2026-09-11 11:07:14.428751360,12,14240,191,43
43.092272,17.784514,2026-09-11 11:07:14.491829760,12,5949,80,62
43.120447,17.777337,2026-09-11 11:07:14.491841536,12,8995,147,43
43.112229,17.78554,2026-09-11 11:07:14.865403904,12,3905,164,40
43.164517,17.765605,2026-09-11 11:07:14.865421312,12,11620,130,44
43.108415,17.790196,2026-09-11 11:07:14.865445120,12,10780,121,26
43.260852,17.924405,2026-09-11 11:07:18.981801472,12,6554,127,38
35.237906,-94.163865,2026-09-11 11:07:19.607827200,12,10805,142,38
30.282938,-87.128786,2026-09-11 11:07:20.188207360,12,14261,147,41
30.369859,-87.103947,2026-09-11 11:07:20.188290304,12,10378,236,26
43.061329,17.711653,2026-09-11 11:07:21.489085184,12,9692,87,18
43.229034,17.989421,2026-09-11 11:07:23.200074496,12,13972,75,68
43.248031,17.969931,2026-09-11 11:07:23.200086528,12,5022,174,59
43.2474,17.977797,2026-09-11 11:07:23.200084736,12,10384,98,45
43.243382,17.987731,2026-09-11 11:07:23.200131072,12,13103,123,32
43.278001,17.960683,2026-09-11 11:07:25.713106944,12,10899,101,33
43.274149,17.973735,2026-09-11 11:07:25.713113088,12,11921,116,34
28.027371,-79.444397,2026-09-11 11:07:25.984142848,12,12424,254,63
43.171986,17.939772,2026-09-11 11:07:26.255731456,12,12897,252,54
43.266915,17.883454,2026-09-11 11:07:32.320906752,12,10618,129,70
43.270508,17.890963,2026-09-11 11:07:32.320910336,12,11776,140,59
43.25329,17.924473,2026-09-11 11:07:32.320907520,12,11003,117,41
43.233061,17.929924,2026-09-11 11:07:32.501019648,12,9152,135,21
43.240317,17.933319,2026-09-11 11:07:33.189768448,12,9798,91,29
43.184321,17.958081,2026-09-11 11:07:35.38174720,12,13653,136,39
43.266354,17.985645,2026-09-11 11:07:35.38225920,12,9416,159,26
43.300468,17.925325,2026-09-11 11:07:36.775770368,12,6925,155,44
43.353504,17.915566,2026-09-11 11:07:36.775785984,12,10613,127,44
43.321335,17.9608,2026-09-11 11:07:36.846119680,12,6144,249,29
43.19349,17.846456,2026-09-11 11:07:38.756120576,12,7465,154,83
43.178763,17.867399,2026-09-11 11:07:38.756130304,12,12035,96,88
43.152809,17.84629,2026-09-11 11:07:38.793793792,12,6052,136,105
43.149415,17.840259,2026-09-11 11:07:38.793790464,12,11839,156,151
43.163056,17.847509,2026-09-11 11:07:38.793795072,12,10912,147,134
43.150877,17.855656,2026-09-11 11:07:38.793800192,12,10940,115,115
43.14631,17.874268,2026-09-11 11:07:38.793798400,12,8261,135,103
43.040265,17.763962,2026-09-11 11:07:39.877384192,12,12622,85,78
43.148397,17.651787,2026-09-11 11:07:39.877426688,12,7910,151,62
43.105314,17.751797,2026-09-11 11:07:39.877406208,12,12470,97,49
43.068084,17.747578,2026-09-11 11:07:39.877406720,12,13464,105,36
35.445827,-93.006102,2026-09-11 11:07:40.438604032,12,13940,153,39
43.2222,17.983899,2026-09-11 11:07:41.617999872,12,13666,94,28
28.500506,-83.695704,2026-09-11 11:07:42.188246016,12,13838,238,41
43.304145,18.039212,2026-09-11 11:07:43.554983424,12,11272,153,29
37.364976,-67.705094,2026-09-11 11:07:43.794420992,12,7395,212,46
43.242747,18.002641,2026-09-11 11:07:44.393629696,12,11477,149,38
43.244105,18.00508,2026-09-11 11:07:44.393634304,12,11741,118,53
43.247572,18.021312,2026-09-11 11:07:44.393631232,12,10464,131,37
36.489782,-38.113437,2026-09-11 11:07:50.380824320,12,10881,183,278
30.66585,-87.127251,2026-09-11 11:07:51.910417920,12,13263,217,41
43.257987,17.934553,2026-09-11 11:07:54.353329664,12,13449,91,42
43.17912,18.001229,2026-09-11 11:07:54.353377024,12,14961,133,28
30.207252,-87.142478,2026-09-11 11:07:57.31070976,12,14662,152,31
43.263833,17.980071,2026-09-11 11:07:57.362791680,12,9938,186,19
43.228912,18.00357,2026-09-11 11:07:57.383703296,12,7480,135,19
36.253571,-38.6506,2026-09-11 11:07:57.725294848,12,7416,190,111
43.213852,17.957549,2026-09-11 11:08:00.903104000,12,8081,135,19
43.206333,17.95095,2026-09-11 11:08:01.26613504,12,10510,127,26
27.951523,-95.282999,2026-09-11 11:08:02.284807936,12,14977,250,30
27.735981,-95.312234,2026-09-11 11:08:02.381349888,12,13663,202,30
35.738059,-91.455338,2026-09-11 11:08:02.388899328,12,13064,98,43
43.210263,17.882104,2026-09-11 11:08:03.642069504,12,5360,179,76
43.195937,17.896584,2026-09-11 11:08:03.642062336,12,12354,110,174
43.190593,17.923496,2026-09-11 11:08:03.642062080,12,12651,130,153
43.10455,17.739056,2026-09-11 11:08:07.6049280,12,5192,197,24
29.772262,-88.116671,2026-09-11 11:08:07.38521856,12,13208,221,34
29.676136,-88.123157,2026-09-11 11:08:07.117803264,12,13996,162,34
37.013604,-113.932653,2026-09-11 11:08:07.349216512,12,14968,238,28
43.264214,17.957606,2026-09-11 11:08:08.485820672,12,6347,168,99
43.257153,17.972908,2026-09-11 11:08:08.485821440,12,10147,165,97
43.251574,17.985289,2026-09-11 11:08:08.485814016,12,11406,117,80
43.244538,17.980623,2026-09-11 11:08:08.485822208,12,12909,95,63
43.202558,17.887481,2026-09-11 11:08:09.166478336,12,12229,121,23
43.185391,17.83069,2026-09-11 11:08:09.265750528,12,11763,131,15
43.28578,17.999663,2026-09-11 11:08:09.912683264,12,8591,150,54
43.251109,17.998571,2026-09-11 11:08:09.912678912,12,7128,115,42
43.247944,18.032197,2026-09-11 11:08:09.912674304,12,11145,118,29
43.248327,18.007845,2026-09-11 11:08:10.49129472,12,7840,132,24
43.256173,18.054024,2026-09-11 11:08:10.186935296,12,11426,165,39
43.104313,17.796617,2026-09-11 11:08:11.703497216,12,14260,135,43
43.122981,17.721567,2026-09-11 11:08:11.725737472,12,12782,82,39
37.921877,15.883795,2026-09-11 11:08:12.693060608,12,11615,235,35
38.104265,15.968372,2026-09-11 11:08:12.724260096,12,9463,214,40
38.11731,16.012081,2026-09-11 11:08:12.724279040,12,10375,235,44
38.38914,16.193277,2026-09-11 11:08:12.724393472,12,12384,269,31
43.088522,17.727645,2026-09-11 11:08:15.901532928,12,9397,139,168
43.085149,17.726209,2026-09-11 11:08:15.901533952,12,12357,82,182
43.079691,17.745213,2026-09-11 11:08:15.901531648,12,7082,112,165
43.088685,17.73984,2026-09-11 11:08:15.901536768,12,12190,114,153
43.140807,17.733249,2026-09-11 11:08:15.901555456,12,10564,226,138
43.192221,17.963715,2026-09-11 11:08:16.104104704,12,3001,248,69
30.311449,-87.083567,2026-09-11 11:08:17.175531264,12,11253,205,25
43.245466,17.984884,2026-09-11 11:08:19.16730880,12,9441,135,17
