35.524259,-85.992528,2026-08-14 00:40:24.304989440,1,12273,106,31
46.781395,-64.452341,2026-08-14 00:41:00.413758208,1,8438,152,23
57.8737,3.577027,2026-08-14 00:41:07.782682112,1,10000,151,266
57.857838,3.57123,2026-08-14 00:41:07.782686976,1,13547,149,251
57.853272,3.572559,2026-08-14 00:41:07.782702080,1,14688,222,232
57.868911,3.553499,2026-08-14 00:41:07.782695424,1,6723,218,213
57.876223,3.541025,2026-08-14 00:41:07.782695680,1,8083,218,196
57.65666,3.879355,2026-08-14 00:41:07.782796032,1,13574,235,179
57.900846,3.492034,2026-08-14 00:41:07.782737408,1,14005,199,166
57.880289,3.489294,2026-08-14 00:41:07.782744832,1,13615,251,149
57.839579,3.595771,2026-08-14 00:41:07.782756608,1,9898,241,135
17.120836,-5.319396,2026-08-14 00:41:15.277046272,1,7244,232,20
42.792389,-60.408986,2026-08-14 00:41:22.850077696,1,13042,138,181
55.922834,-6.011216,2026-08-14 00:41:30.829842176,1,5295,253,91
55.875326,-6.011162,2026-08-14 00:41:30.829855744,1,8850,247,77
55.907226,-5.973917,2026-08-14 00:41:30.829922816,1,13961,269,56
41.89914,41.597527,2026-08-14 00:41:53.462283264,1,14503,242,21
17.328183,-3.903651,2026-08-14 00:41:53.992293632,1,9973,189,22
41.769052,40.598915,2026-08-14 00:41:54.66360064,1,6379,258,181
4.078096,22.900758,2026-08-14 00:42:01.595588096,1,11628,251,26
37.543772,-82.793603,2026-08-14 00:42:23.951774976,1,10880,148,26
16.811953,-5.845869,2026-08-14 00:42:31.190883072,1,9513,234,44
17.506807,-5.474073,2026-08-14 00:42:32.260349696,1,8738,220,57
21.674727,-80.128271,2026-08-14 00:42:49.797522688,1,7301,244,26
30.340476,-81.731171,2026-08-14 00:43:13.268588288,1,11670,138,22
17.202474,133.897231,2026-08-14 00:40:12.893903616,2,5498,228,23
31.485606,119.853217,2026-08-14 00:40:16.620962560,2,5996,267,27
19.029754,127.502362,2026-08-14 00:40:21.48891904,2,8643,182,30
19.549017,124.657583,2026-08-14 00:40:31.630368256,2,12621,159,37
19.073999,127.485602,2026-08-14 00:40:56.416978688,2,9180,182,29
19.042998,127.489495,2026-08-14 00:41:17.262453504,2,4694,182,24
17.92207,132.377899,2026-08-14 00:41:22.84836864,2,5887,218,29
17.923093,132.382844,2026-08-14 00:41:22.127972096,2,3455,218,22
17.978218,132.386594,2026-08-14 00:41:22.311096832,2,5388,217,19
22.542836,115.356532,2026-08-14 00:41:30.238756864,2,10773,205,34
22.546183,115.394285,2026-08-14 00:41:30.817619200,2,14689,192,25
21.714758,134.028267,2026-08-14 00:41:34.568123904,2,3597,209,29
26.305824,117.373076,2026-08-14 00:41:45.353889536,2,12939,174,24
18.786979,128.960682,2026-08-14 00:41:53.844985088,2,10120,194,33
19.046887,126.968242,2026-08-14 00:41:59.355017728,2,10739,179,37
19.030647,126.971279,2026-08-14 00:41:59.403202304,2,3170,178,28
28.643838,123.795765,2026-08-14 00:42:06.114757888,2,8121,209,44
28.713696,123.738217,2026-08-14 00:42:06.114755072,2,6575,222,31
28.706557,123.718452,2026-08-14 00:42:06.356754176,2,6806,200,27
17.906247,132.372426,2026-08-14 00:42:43.627256832,2,9621,218,35
20.289944,117.954,2026-08-14 00:43:22.536708864,2,7024,244,31
37.374024,-83.190421,2026-08-14 00:40:06.573051392,3,14206,148,35
37.36473,-83.200538,2026-08-14 00:40:06.713127680,3,10621,125,35
25.650681,-107.115849,2026-08-14 00:40:06.902346496,3,13470,185,29
30.323655,-82.073617,2026-08-14 00:40:08.688990720,3,10742,122,19
42.550698,-107.9908,2026-08-14 00:40:08.934383360,3,14859,76,44
42.517779,-108.076285,2026-08-14 00:40:08.934407680,3,10740,68,31
37.949571,-102.165744,2026-08-14 00:40:09.1374208,3,7752,122,62
37.938918,-102.215281,2026-08-14 00:40:09.1374464,3,5834,199,48
38.003721,-102.07438,2026-08-14 00:40:09.1416448,3,5594,124,34
45.187055,-117.599293,2026-08-14 00:40:09.638422272,3,6171,118,31
30.624831,-81.394719,2026-08-14 00:40:09.840718080,3,5744,129,47
30.698639,-81.441493,2026-08-14 00:40:09.840780032,3,4378,234,34
30.762602,-81.478501,2026-08-14 00:40:09.840799232,3,5779,235,19
45.840395,-112.345477,2026-08-14 00:40:09.946332672,3,4977,160,58
45.792424,-112.418083,2026-08-14 00:40:09.946355712,3,7302,139,46
45.850148,-112.378547,2026-08-14 00:40:09.946366976,3,10524,117,33
38.097728,-83.591397,2026-08-14 00:40:10.555184640,3,9642,80,25
47.405903,-121.18983,2026-08-14 00:40:11.540277248,3,4352,104,31
47.389877,-121.156424,2026-08-14 00:40:11.563254528,3,3958,104,39
30.617531,-81.763181,2026-08-14 00:40:11.999357696,3,12754,251,38
37.464799,-82.928772,2026-08-14 00:40:19.283734272,3,10943,94,28
38.052176,-83.240888,2026-08-14 00:40:19.849199872,3,10639,75,17
29.147099,-104.052005,2026-08-14 00:40:20.403512832,3,7965,231,25
37.380401,-83.097311,2026-08-14 00:40:20.524171776,3,12116,84,27
42.132061,-91.122351,2026-08-14 00:40:21.76291840,3,6144,68,62
42.105407,-91.145827,2026-08-14 00:40:21.76297984,3,12298,113,55
37.966003,-83.055587,2026-08-14 00:40:21.193999104,3,9284,63,49
37.979603,-83.05654,2026-08-14 00:40:21.194057216,3,11753,171,24
34.797571,-100.679322,2026-08-14 00:40:21.520359680,3,5980,141,32
34.913965,-100.615051,2026-08-14 00:40:21.520411392,3,7371,203,18
34.792794,-100.700568,2026-08-14 00:40:21.632796416,3,8365,155,21
34.800757,-100.639605,2026-08-14 00:40:21.701741312,3,8371,133,23
34.849265,-100.611152,2026-08-14 00:40:21.837825536,3,5256,97,36
34.921058,-100.624725,2026-08-14 00:40:21.837873920,3,4254,203,31
34.795995,-100.681385,2026-08-14 00:40:22.107756032,3,6087,155,26
33.754152,-80.292239,2026-08-14 00:40:22.226790912,3,7592,117,14
47.945874,-120.396084,2026-08-14 00:40:30.998686976,3,12629,92,68
47.929599,-120.404483,2026-08-14 00:40:30.998687488,3,11292,176,60
47.951733,-120.582747,2026-08-14 00:40:30.998693120,3,5719,220,51
37.388276,-83.079584,2026-08-14 00:40:31.179237376,3,11822,122,22
37.45894,-83.05783,2026-08-14 00:40:31.203021568,3,3633,95,85
37.471543,-83.057982,2026-08-14 00:40:31.203026176,3,4306,103,73
37.482155,-83.053524,2026-08-14 00:40:31.203026432,3,12502,178,58
37.472837,-83.042935,2026-08-14 00:40:31.203038464,3,3740,175,38
37.460234,-83.041505,2026-08-14 00:40:31.271009792,3,4029,78,40
37.513136,-83.035741,2026-08-14 00:40:31.271024128,3,5876,243,38
22.861586,-105.365082,2026-08-14 00:40:31.461508352,3,5307,270,35
37.460887,-83.060738,2026-08-14 00:40:31.626789120,3,7176,74,34
37.487576,-83.062404,2026-08-14 00:40:31.797894144,3,5568,130,29
37.487675,-83.049534,2026-08-14 00:40:31.797899520,3,3517,144,58
37.537386,-83.05236,2026-08-14 00:40:31.797914112,3,8308,135,43
37.532018,-83.034133,2026-08-14 00:40:31.797918720,3,5913,103,29
46.133641,-112.02519,2026-08-14 00:40:32.385683712,3,14831,74,69
46.107898,-112.138999,2026-08-14 00:40:32.385711872,3,7451,156,52
35.123546,-60.146993,2026-08-14 00:40:39.506134784,3,7093,203,21
32.131339,-102.682555,2026-08-14 00:40:39.551879936,3,3295,170,30
32.24359,-102.729263,2026-08-14 00:40:39.551907072,3,6134,194,17
37.534744,-82.661782,2026-08-14 00:40:39.728649216,3,7480,94,31
37.54816,-82.694219,2026-08-14 00:40:39.934877184,3,13331,114,22
35.047196,-60.047179,2026-08-14 00:40:41.711440384,3,9941,246,28
46.678516,-112.134541,2026-08-14 00:40:41.886263296,3,9584,103,33
41.087152,-58.654796,2026-08-14 00:40:42.94496768,3,7429,268,28
36.317315,-105.670189,2026-08-14 00:40:42.340980736,3,10811,99,63
22.882084,-105.365319,2026-08-14 00:40:50.35366400,3,13967,196,19
44.867147,-72.352527,2026-08-14 00:40:50.52362752,3,10646,79,28
30.353133,-81.682983,2026-08-14 00:40:50.103096832,3,12127,154,20
30.373733,-81.66558,2026-08-14 00:40:50.172940288,3,4589,154,22
38.626241,-101.916478,2026-08-14 00:40:50.688782592,3,13188,103,45
38.597757,-101.945634,2026-08-14 00:40:50.688780800,3,11813,143,32
39.097461,-97.4338,2026-08-14 00:40:59.552909824,3,11805,195,31
46.885402,-64.176575,2026-08-14 00:41:00.413628416,3,4579,222,28
46.888015,-64.173563,2026-08-14 00:41:00.470350336,3,5461,239,34
30.754108,-111.375894,2026-08-14 00:41:00.822241280,3,12087,207,53
39.60236,-57.52879,2026-08-14 00:41:01.39948032,3,6304,180,26
35.769515,-62.889416,2026-08-14 00:41:08.216574208,3,9753,263,48
35.753142,-62.844031,2026-08-14 00:41:08.216610560,3,4730,259,36
36.020774,-63.103294,2026-08-14 00:41:08.302883328,3,14706,206,17
39.229683,-104.063305,2026-08-14 00:41:08.502093824,3,4402,89,29
25.806973,-107.118603,2026-08-14 00:41:08.514391552,3,14284,253,22
39.289403,-105.158502,2026-08-14 00:41:09.210609920,3,11000,167,19
39.284245,-105.168573,2026-08-14 00:41:09.337783296,3,10801,148,24
38.046291,-83.208571,2026-08-14 00:41:10.227833856,3,7934,83,35
38.033592,-83.187847,2026-08-14 00:41:10.227869440,3,10609,170,22
35.521906,-85.875722,2026-08-14 00:41:10.265841152,3,3729,77,59
35.609566,-85.876255,2026-08-14 00:41:10.265870080,3,6538,169,46
30.620375,-81.389647,2026-08-14 00:41:10.274009600,3,2860,136,70
30.695404,-81.415191,2026-08-14 00:41:10.274035456,3,6526,243,58
41.387701,-104.192699,2026-08-14 00:41:17.386825728,3,9761,98,27
34.817028,-100.666409,2026-08-14 00:41:17.405264896,3,14800,135,17
23.004333,-105.548162,2026-08-14 00:41:17.413885184,3,11643,243,20
34.830968,-100.672481,2026-08-14 00:41:17.486814464,3,13518,134,21
35.452657,-86.033705,2026-08-14 00:41:17.658726144,3,11387,119,23
30.307969,-108.145304,2026-08-14 00:41:18.178381312,3,14663,152,35
30.349822,-108.146013,2026-08-14 00:41:18.178436864,3,12339,224,51
30.330191,-108.142238,2026-08-14 00:41:18.178438912,3,6029,241,35
30.272351,-108.223846,2026-08-14 00:41:18.288515072,3,9899,153,43
30.258993,-108.216092,2026-08-14 00:41:18.288519936,3,14784,164,41
32.733377,-107.35527,2026-08-14 00:41:18.345913600,3,14149,165,43
22.922964,-105.359124,2026-08-14 00:41:19.44625920,3,8976,198,37
40.283512,-55.865004,2026-08-14 00:41:26.360038400,3,6054,183,28
40.256873,-55.869362,2026-08-14 00:41:26.423787264,3,5454,184,19
40.332781,-56.089753,2026-08-14 00:41:26.547152384,3,7380,171,19
32.484198,-101.999757,2026-08-14 00:41:26.587985152,3,5423,162,45
32.614241,-102.039602,2026-08-14 00:41:26.588018944,3,5560,239,30
37.938551,-102.143291,2026-08-14 00:41:26.766052608,3,10349,85,20
38.966018,-113.232549,2026-08-14 00:41:26.955098624,3,10721,142,21
41.428022,-104.315689,2026-08-14 00:41:27.162124288,3,10762,116,29
32.8211,-101.147775,2026-08-14 00:41:27.656510976,3,5473,150,38
32.951054,-101.204424,2026-08-14 00:41:27.656544000,3,4383,238,23
35.344117,-60.238449,2026-08-14 00:41:27.731544320,3,12712,226,15
35.483656,-102.159012,2026-08-14 00:41:27.938981376,3,7079,163,25
30.421517,-81.686212,2026-08-14 00:41:28.474182912,3,13456,124,56
30.449374,-81.704185,2026-08-14 00:41:28.474236928,3,6121,235,40
30.465883,-81.719274,2026-08-14 00:41:28.515195648,3,2441,240,27
30.458999,-81.720055,2026-08-14 00:41:28.611607808,3,6051,123,53
30.574292,-81.792391,2026-08-14 00:41:28.611681536,3,10529,234,39
23.381159,-94.034017,2026-08-14 00:41:28.727170560,3,2801,223,65
23.443928,-94.035335,2026-08-14 00:41:28.727229696,3,8302,262,54
37.439829,-82.737956,2026-08-14 00:41:36.647312128,3,6219,93,16
37.483024,-82.771416,2026-08-14 00:41:36.647372800,3,10788,177,18
42.590686,-106.881889,2026-08-14 00:41:37.639911936,3,12614,76,80
42.63399,-106.882769,2026-08-14 00:41:37.639941120,3,12698,108,67
42.627982,-106.880601,2026-08-14 00:41:37.639943424,3,9020,102,52
30.536971,-82.466024,2026-08-14 00:41:37.759765504,3,11760,129,18
42.671686,-106.983592,2026-08-14 00:41:38.581233152,3,12848,101,27
37.781533,-102.222326,2026-08-14 00:41:38.658471936,3,6895,88,52
37.775636,-102.210378,2026-08-14 00:41:38.658476032,3,7064,205,41
33.75251,-80.29212,2026-08-14 00:41:38.673875968,3,9327,117,41
53.783164,-41.303196,2026-08-14 00:41:45.953474304,3,12448,265,19
32.527529,-102.339875,2026-08-14 00:41:46.30051840,3,5201,127,39
32.614335,-102.338303,2026-08-14 00:41:46.30112000,3,3924,239,26
37.441546,-82.759288,2026-08-14 00:41:46.247824384,3,10818,92,25
33.836301,-102.689453,2026-08-14 00:41:46.258865408,3,7210,108,22
38.467758,-98.695207,2026-08-14 00:41:46.279619584,3,9704,123,31
25.324453,-106.995278,2026-08-14 00:41:46.441782528,3,13860,261,25
30.421997,-81.669342,2026-08-14 00:41:54.487413504,3,13823,124,25
30.408003,-81.734888,2026-08-14 00:41:54.487459840,3,14433,237,55
30.404122,-81.727992,2026-08-14 00:41:54.487452160,3,4964,237,42
30.423381,-81.697989,2026-08-14 00:41:54.555611648,3,13325,123,45
30.486224,-81.742483,2026-08-14 00:41:54.555675648,3,8428,236,31
30.396432,-81.681708,2026-08-14 00:41:54.639139328,3,9564,124,21
30.462128,-81.718012,2026-08-14 00:41:54.639202816,3,5978,237,25
37.395644,-83.173555,2026-08-14 00:41:54.680929280,3,11953,64,86
37.440494,-83.170587,2026-08-14 00:41:54.680948480,3,4536,223,67
37.441963,-83.181495,2026-08-14 00:41:54.680954112,3,10314,118,51
37.41742,-83.181438,2026-08-14 00:41:54.680945664,3,9159,175,32
37.395391,-83.180147,2026-08-14 00:41:54.775584768,3,12155,103,70
37.394315,-83.17725,2026-08-14 00:41:54.775592448,3,4291,179,47
37.448274,-83.182791,2026-08-14 00:41:54.775615232,3,8731,128,34
37.444375,-82.938507,2026-08-14 00:41:54.870398976,3,14836,167,14
37.392783,-83.190283,2026-08-14 00:41:54.877402368,3,10755,125,27
37.396135,-83.184393,2026-08-14 00:41:54.947678976,3,10653,125,21
45.654532,-65.871485,2026-08-14 00:41:55.210453504,3,9301,190,31
45.646038,-65.919699,2026-08-14 00:41:55.366054912,3,3429,137,40
45.655517,-65.90611,2026-08-14 00:41:55.366056704,3,8590,197,27
43.475742,-59.734779,2026-08-14 00:42:02.826524416,3,9647,253,79
38.978901,-97.714623,2026-08-14 00:42:02.843697920,3,13878,123,30
43.527827,-59.850731,2026-08-14 00:42:02.866364672,3,5218,251,41
42.004233,-90.204892,2026-08-14 00:42:10.126612736,3,9305,69,75
41.993201,-90.245979,2026-08-14 00:42:10.126615040,3,14676,118,102
41.999671,-90.239807,2026-08-14 00:42:10.126626560,3,13461,90,86
41.928224,-90.197901,2026-08-14 00:42:10.126643712,3,6272,135,68
42.048213,-90.218881,2026-08-14 00:42:10.196719616,3,8113,71,70
42.019891,-90.250378,2026-08-14 00:42:10.196726528,3,8045,122,49
38.789339,-103.1903,2026-08-14 00:42:19.842269440,3,12473,80,60
38.792298,-103.237833,2026-08-14 00:42:19.842274304,3,6510,204,48
38.857716,-103.129016,2026-08-14 00:42:19.842313472,3,14917,157,33
35.511369,-85.87176,2026-08-14 00:42:20.311629056,3,14638,68,33
35.571418,-85.863003,2026-08-14 00:42:20.311651584,3,10417,149,67
35.547763,-85.885657,2026-08-14 00:42:20.311645440,3,9136,189,53
35.588223,-86.001686,2026-08-14 00:42:20.311666688,3,12676,188,38
35.553434,-85.810639,2026-08-14 00:42:20.311665664,3,12918,170,25
35.522313,-85.911838,2026-08-14 00:42:20.408954112,3,11864,59,37
35.580176,-85.927934,2026-08-14 00:42:20.409010176,3,11364,94,30
30.371996,-81.881243,2026-08-14 00:42:20.594895104,3,12620,162,28
39.000645,-112.848442,2026-08-14 00:42:20.723456000,3,13594,58,20
38.566911,-101.915736,2026-08-14 00:42:20.882628608,3,13574,101,23
24.844982,-107.15706,2026-08-14 00:42:21.938514176,3,13507,258,24
30.450367,-81.686971,2026-08-14 00:42:22.315576832,3,8577,144,39
23.379597,-94.079178,2026-08-14 00:42:22.474438144,3,4234,263,98
39.328133,-104.070278,2026-08-14 00:42:29.507860736,3,13876,138,30
35.486705,-85.996567,2026-08-14 00:42:29.516183040,3,14551,81,40
35.498205,-85.999801,2026-08-14 00:42:29.669818112,3,13948,134,27
35.532003,-86.031506,2026-08-14 00:42:29.669875712,3,8505,186,24
35.486435,-86.076738,2026-08-14 00:42:29.813694720,3,10339,110,24
26.546069,-105.008623,2026-08-14 00:42:29.835533568,3,11959,165,40
26.419367,-105.141364,2026-08-14 00:42:29.835538176,3,9293,224,26
42.767394,-107.942762,2026-08-14 00:42:31.501618432,3,8448,139,76
42.665086,-107.965225,2026-08-14 00:42:31.501596160,3,13217,109,61
42.455645,-106.668599,2026-08-14 00:42:39.651868416,3,9194,182,34
42.522714,-106.858392,2026-08-14 00:42:39.723489536,3,14530,83,26
37.67522,-83.849783,2026-08-14 00:42:39.811640064,3,11023,106,43
37.697089,-83.782285,2026-08-14 00:42:39.811670016,3,7650,139,30
37.695934,-83.909024,2026-08-14 00:42:39.811681280,3,11714,169,17
25.00863,-106.855947,2026-08-14 00:42:40.829511424,3,11500,257,23
37.475182,-83.194991,2026-08-14 00:42:41.66379520,3,10842,121,68
37.471109,-83.130435,2026-08-14 00:42:41.66403328,3,5240,167,57
37.464353,-83.118316,2026-08-14 00:42:41.66403840,3,8679,179,46
37.523168,-83.118962,2026-08-14 00:42:41.66425344,3,12519,102,34
32.165019,-102.631918,2026-08-14 00:42:41.736650496,3,7500,171,18
32.158611,-102.641971,2026-08-14 00:42:41.832710656,3,5463,171,23
32.153337,-102.649263,2026-08-14 00:42:41.899327488,3,6575,171,19
32.137033,-102.72925,2026-08-14 00:42:41.938291712,3,4542,243,25
21.752626,-80.128996,2026-08-14 00:42:49.797513216,3,10254,252,75
21.68544,-80.134713,2026-08-14 00:42:49.797526016,3,11368,250,68
39.267811,-104.108763,2026-08-14 00:42:49.889636864,3,8797,133,26
39.262958,-104.111713,2026-08-14 00:42:49.946576640,3,5135,115,26
25.534137,-107.304124,2026-08-14 00:42:49.950032896,3,10228,187,19
42.858589,-121.326371,2026-08-14 00:42:50.46242560,3,6812,112,23
33.785534,-80.295068,2026-08-14 00:42:57.164218880,3,8573,132,39
33.760896,-80.28738,2026-08-14 00:42:57.924372736,3,6736,131,34
33.720197,-80.383683,2026-08-14 00:42:58.47582976,3,11615,152,21
37.469848,-83.042612,2026-08-14 00:42:58.387943936,3,9162,69,79
37.472323,-83.020212,2026-08-14 00:42:58.387954688,3,10499,137,57
37.528415,-83.03433,2026-08-14 00:42:58.387969280,3,7619,166,37
37.467581,-83.042475,2026-08-14 00:42:58.438376960,3,9445,119,57
37.464933,-83.042107,2026-08-14 00:42:58.438424832,3,11928,103,32
38.018689,-83.189603,2026-08-14 00:42:58.740591360,3,3301,96,54
38.027098,-83.180384,2026-08-14 00:42:58.740595712,3,5437,134,40
38.076982,-83.235691,2026-08-14 00:42:58.740647936,3,6723,169,27
38.029707,-83.1979,2026-08-14 00:42:58.886641408,3,7914,131,36
38.059117,-83.510226,2026-08-14 00:42:58.916903168,3,2378,85,63
38.07451,-83.509238,2026-08-14 00:42:58.916909568,3,2327,155,49
38.075808,-83.501245,2026-08-14 00:42:58.916912128,3,7533,172,36
38.06297,-83.506152,2026-08-14 00:42:58.916947712,3,11803,98,23
38.060046,-83.526046,2026-08-14 00:42:58.962941184,3,6707,86,39
45.844668,-71.475402,2026-08-14 00:42:59.47812608,3,7102,199,29
37.471907,-83.042521,2026-08-14 00:42:59.69022464,3,8969,90,46
37.432871,-83.186838,2026-08-14 00:42:59.69032192,3,11520,158,25
43.314615,-59.252211,2026-08-14 00:43:08.270876928,3,9659,256,42
41.032577,-58.689882,2026-08-14 00:43:15.615556096,3,8217,262,22
30.497178,-81.465718,2026-08-14 00:43:15.834777088,3,8093,168,34
30.696004,-81.398892,2026-08-14 00:43:15.834852096,3,5022,239,18
44.785607,-72.224706,2026-08-14 00:43:16.390775296,3,7781,79,16
34.96994,-60.216998,2026-08-14 00:43:17.110440448,3,5674,261,34
34.9682,-60.228894,2026-08-14 00:43:17.110443008,3,7330,243,20
34.956872,-60.2619,2026-08-14 00:43:17.130589440,3,8234,245,23
30.43432,-103.071838,2026-08-14 00:43:17.974830592,3,8135,198,25
32.606034,-102.327457,2026-08-14 00:43:19.320129280,3,11523,126,21
37.899322,-83.684467,2026-08-14 00:43:19.496017664,3,14650,60,30
37.907953,-83.682212,2026-08-14 00:43:19.496027904,3,8039,169,42
37.897768,-83.690889,2026-08-14 00:43:19.496068608,3,8128,102,26
37.904134,-83.689271,2026-08-14 00:43:19.611552512,3,11735,70,48
37.923385,-83.70299,2026-08-14 00:43:19.611607552,3,11568,169,27
33.734236,-80.170712,2026-08-14 00:43:19.632565760,3,5945,151,26
37.907274,-83.675326,2026-08-14 00:43:19.696236800,3,7826,101,31
30.19802,-81.769561,2026-08-14 00:43:20.237295872,3,8862,122,38
38.008159,-102.093131,2026-08-14 00:43:20.255304704,3,13864,84,24
33.781977,-80.269688,2026-08-14 00:43:20.964209152,3,3834,237,55
33.708302,-80.393874,2026-08-14 00:43:20.964217088,3,7286,138,42
33.815386,-80.310632,2026-08-14 00:43:20.964262144,3,3131,219,27
33.797786,-80.286805,2026-08-14 00:43:21.64251904,3,9537,233,62
33.822098,-80.279801,2026-08-14 00:43:21.64259072,3,12974,223,58
33.817479,-80.260959,2026-08-14 00:43:21.64262400,3,7816,264,53
37.753191,-83.862353,2026-08-14 00:43:21.66529280,3,7313,155,51
37.820069,-83.914445,2026-08-14 00:43:21.66537984,3,8175,147,30
46.144655,-112.067185,2026-08-14 00:43:21.87700480,3,6943,144,38
46.063887,-112.050898,2026-08-14 00:43:21.87753216,3,7981,166,25
37.754791,-83.86823,2026-08-14 00:43:21.127947264,3,11067,95,48
37.876089,-83.838656,2026-08-14 00:43:21.128024320,3,7486,255,27
37.743633,-83.841214,2026-08-14 00:43:21.194271488,3,4385,95,38
37.797356,-83.834934,2026-08-14 00:43:21.194288896,3,7753,268,46
35.430042,-85.924326,2026-08-14 00:43:21.196411392,3,10897,82,33
35.455934,-85.935366,2026-08-14 00:43:21.196418048,3,4257,173,45
35.468876,-85.945412,2026-08-14 00:43:21.196422144,3,9850,190,38
35.486486,-85.966865,2026-08-14 00:43:21.196470016,3,6911,215,23
33.842942,-80.310631,2026-08-14 00:43:21.208625664,3,11243,136,27
33.886091,-80.31111,2026-08-14 00:43:21.208647168,3,6499,263,15
37.733066,-83.820405,2026-08-14 00:43:21.264743424,3,5418,100,54
37.75451,-83.814707,2026-08-14 00:43:21.264742400,3,12005,128,40
37.696392,-83.979214,2026-08-14 00:43:21.264748032,3,6371,166,22
35.426826,-85.923354,2026-08-14 00:43:21.414020096,3,11078,68,29
28.483568,-104.829732,2026-08-14 00:43:29.319270400,3,8516,225,22
18.975603,-83.842315,2026-08-14 00:43:30.148492288,3,6741,253,17
35.154129,-60.117036,2026-08-14 00:43:31.565688832,3,3325,203,25
44.70537,-72.0037,2026-08-14 00:43:32.169822976,3,8192,147,22
37.954667,-102.134244,2026-08-14 00:43:32.220666624,3,6514,85,20
37.935303,-102.019583,2026-08-14 00:43:32.220686592,3,9361,87,102
37.954123,-102.210454,2026-08-14 00:43:32.220655360,3,4438,255,90
45.676397,-65.812474,2026-08-14 00:43:39.441839616,3,13096,190,39
45.65422,-65.793258,2026-08-14 00:43:39.441844992,3,10731,200,33
25.160802,-107.093096,2026-08-14 00:43:40.135214592,3,11829,254,25
37.907575,-83.676925,2026-08-14 00:43:40.492524544,3,9024,59,47
37.900801,-83.680113,2026-08-14 00:43:40.716367360,3,9124,93,51
37.982994,-83.754029,2026-08-14 00:43:40.716410368,3,12505,168,29
37.547499,-82.735058,2026-08-14 00:43:40.964941056,3,10790,87,35
29.694035,-103.468872,2026-08-14 00:43:41.410836992,3,7286,207,28
30.300245,-108.152338,2026-08-14 00:43:41.487928064,3,7646,204,20
30.26228,-108.163114,2026-08-14 00:43:41.487964672,3,11752,172,61
32.956123,-101.205422,2026-08-14 00:43:41.505572352,3,6229,191,26
42.53987,-59.982445,2026-08-14 00:43:49.942644736,3,8632,259,31
42.689251,-60.464969,2026-08-14 00:43:49.942778880,3,13796,158,14
33.323003,-107.826741,2026-08-14 00:43:49.991791872,3,12025,115,28
33.180344,-107.832068,2026-08-14 00:43:50.75803648,3,13413,188,26
37.411417,-83.013517,2026-08-14 00:43:50.137834240,3,13063,120,16
33.297365,-107.843123,2026-08-14 00:43:50.335214848,3,5631,143,44
33.174064,-107.863631,2026-08-14 00:43:50.335220480,3,3996,188,32
23.322359,-94.115008,2026-08-14 00:43:50.574472704,3,5589,186,21
39.380929,-103.992998,2026-08-14 00:43:50.974746368,3,14093,137,39
17.202474,133.897231,2026-08-14 00:40:12.893903616,4,5498,228,23
31.297634,120.393292,2026-08-14 00:40:16.621105664,4,8296,249,33
19.549007,124.657607,2026-08-14 00:40:31.630368256,4,12620,159,39
42.073313,41.5325,2026-08-14 00:40:51.599552512,4,13037,244,33
42.078606,41.544791,2026-08-14 00:40:51.599554560,4,11790,236,22
19.220905,126.249357,2026-08-14 00:40:53.153307392,4,8995,173,42
19.073999,127.485602,2026-08-14 00:40:56.416978688,4,9180,182,30
22.609376,115.457283,2026-08-14 00:41:03.295411456,4,14907,192,25
57.922494,3.513607,2026-08-14 00:41:07.782738176,4,11554,232,25
41.715807,40.695245,2026-08-14 00:41:16.852268032,4,8721,213,21
19.027946,127.502013,2026-08-14 00:41:17.262446336,4,5477,182,27
17.909783,132.394784,2026-08-14 00:41:22.84834304,4,4313,218,30
17.920468,132.385719,2026-08-14 00:41:22.127971840,4,3137,218,25
22.477372,115.204427,2026-08-14 00:41:30.238705920,4,6753,262,37
22.527846,115.365132,2026-08-14 00:41:30.817619968,4,12649,205,28
21.716115,134.066502,2026-08-14 00:41:34.568131584,4,10188,221,43
26.305824,117.373076,2026-08-14 00:41:45.353889536,4,12939,174,26
18.780447,128.990659,2026-08-14 00:41:53.844983040,4,3922,212,34
19.130259,127.009077,2026-08-14 00:41:59.355047168,4,6379,201,42
19.048412,126.951757,2026-08-14 00:41:59.403200512,4,4853,178,27
28.713483,123.737916,2026-08-14 00:42:06.114751488,4,6576,222,30
28.711566,123.771769,2026-08-14 00:42:06.356767488,4,6277,210,25
42.076644,41.348,2026-08-14 00:42:12.494421504,4,6800,240,24
14.56528,120.367004,2026-08-14 00:42:23.684528640,4,7886,217,26
14.618648,120.583214,2026-08-14 00:42:47.232054272,4,6840,234,25
28.336444,-104.249914,2026-08-14 00:40:43.159866368,7,9821,243,23
21.432441,-66.662019,2026-08-14 00:41:29.336824832,7,13536,241,56
18.047859,-84.874702,2026-08-14 00:41:50.995966976,7,6622,251,15
21.673933,-80.115817,2026-08-14 00:42:49.797518336,7,8533,244,22
21.765518,-80.033938,2026-08-14 00:42:49.797561088,7,6148,177,10
22.227662,-77.554883,2026-08-14 00:42:50.487900416,7,4002,249,19
23.34261,-94.118704,2026-08-14 00:43:50.574472704,7,8369,186,20
12.358959,-18.198052,2026-08-14 00:40:24.122775808,5,14732,262,18
17.312369,-5.808418,2026-08-14 00:42:32.260310784,5,12934,222,28
8.380483,16.989085,2026-08-14 00:43:48.766003712,5,14092,185,16
14.624349,120.478582,2026-08-14 00:40:05.479276032,9,11357,214,20
31.105316,119.656568,2026-08-14 00:40:16.620854272,9,3644,257,35
31.697491,119.996004,2026-08-14 00:40:16.621030144,9,5404,254,25
19.029754,127.502348,2026-08-14 00:40:21.48890624,9,8644,191,13
21.507302,113.070392,2026-08-14 00:40:32.348767232,9,6073,263,18
21.215541,112.872366,2026-08-14 00:40:43.79329280,9,6256,264,16
19.212182,126.271038,2026-08-14 00:40:53.153315840,9,7797,173,42
20.859502,112.488963,2026-08-14 00:40:57.248925696,9,9969,217,25
22.541123,120.123495,2026-08-14 00:41:02.626318080,9,9963,226,19
19.027965,127.50201,2026-08-14 00:41:17.262446336,9,5478,182,26
18.392937,128.645156,2026-08-14 00:41:17.468114688,9,9471,195,15
20.278774,109.42143,2026-08-14 00:41:20.434156032,9,8828,239,39
17.998953,132.406243,2026-08-14 00:41:22.84859392,9,8427,232,32
17.978971,132.386784,2026-08-14 00:41:22.311096576,9,5388,217,19
22.474342,115.231995,2026-08-14 00:41:30.817573376,9,3121,259,24
21.766457,134.027194,2026-08-14 00:41:34.568142848,9,1305,268,37
26.335959,117.71467,2026-08-14 00:41:45.266356992,9,12985,248,40
26.142928,117.492311,2026-08-14 00:41:45.353930752,9,6642,249,29
18.786978,128.960686,2026-08-14 00:41:53.844990976,9,10120,194,34
19.039657,126.962263,2026-08-14 00:41:59.403201280,9,2063,178,27
28.620143,123.831907,2026-08-14 00:42:06.114753280,9,8334,208,21
28.713072,123.716435,2026-08-14 00:42:06.114752000,9,3601,214,19
28.713611,123.763836,2026-08-14 00:42:06.192871424,9,4766,208,12
22.199031,114.669442,2026-08-14 00:42:08.510686720,9,3256,210,37
21.064483,113.367578,2026-08-14 00:42:23.538923520,9,13956,263,21
21.187333,112.853082,2026-08-14 00:42:27.539909376,9,8100,222,33
20.285465,117.975838,2026-08-14 00:43:22.536713728,9,2273,244,18
18.819507,128.683375,2026-08-14 00:43:41.195926016,9,5558,210,21
39.091711,-114.910957,2026-08-14 00:40:00.761509632,13,7743,57,51
39.202116,-114.788352,2026-08-14 00:40:00.761567232,13,11160,212,35
25.572283,-107.168145,2026-08-14 00:40:01.614456320,13,5738,269,41
22.990585,-105.43201,2026-08-14 00:40:02.244111616,13,9680,243,38
45.937807,-111.94669,2026-08-14 00:40:02.713233152,13,13450,75,30
40.805494,-117.592993,2026-08-14 00:40:02.844112128,13,10732,48,43
52.939466,-122.617174,2026-08-14 00:40:02.945410560,13,10339,264,43
52.466186,-122.335844,2026-08-14 00:40:02.945570048,13,12971,268,30
42.677395,-107.620237,2026-08-14 00:40:03.458613248,13,7127,108,58
42.546764,-107.660375,2026-08-14 00:40:03.458620672,13,11112,75,58
37.471329,-82.889745,2026-08-14 00:40:03.743872768,13,8386,75,51
37.48243,-82.876021,2026-08-14 00:40:03.743883776,13,8783,80,32
37.407458,-82.909531,2026-08-14 00:40:03.934875392,13,3576,263,38
37.431675,-82.829742,2026-08-14 00:40:03.934896640,13,7218,145,52
37.445069,-82.953587,2026-08-14 00:40:03.934930176,13,13859,103,37
37.407289,-82.830775,2026-08-14 00:40:04.21442048,13,9597,79,42
37.468655,-82.82577,2026-08-14 00:40:04.21460224,13,11980,134,46
37.419725,-82.830383,2026-08-14 00:40:04.258576384,13,8564,145,44
37.478649,-82.8302,2026-08-14 00:40:04.258593024,13,8761,132,40
37.421777,-82.843815,2026-08-14 00:40:04.258620672,13,13303,115,26
41.887132,-89.763048,2026-08-14 00:40:04.624710912,13,8035,97,64
41.893144,-89.79953,2026-08-14 00:40:04.624722432,13,10129,136,53
37.421929,-82.824591,2026-08-14 00:40:04.654647552,13,14702,84,35
18.922215,-83.785811,2026-08-14 00:40:05.855489792,13,5881,248,46
32.466667,-102.625867,2026-08-14 00:40:06.43890944,13,13092,213,30
32.522613,-102.47617,2026-08-14 00:40:06.469220608,13,5202,164,16
37.364803,-83.192531,2026-08-14 00:40:06.573059072,13,7990,119,35
37.430813,-83.204991,2026-08-14 00:40:06.573116672,13,6750,238,22
37.370815,-83.198943,2026-08-14 00:40:06.713130496,13,9347,127,26
30.734442,-81.45522,2026-08-14 00:40:09.840794368,13,7136,234,37
45.824032,-112.337748,2026-08-14 00:40:09.946341376,13,4707,154,34
45.778795,-112.406106,2026-08-14 00:40:09.946360320,13,8891,129,37
38.097727,-83.591393,2026-08-14 00:40:10.555184640,13,9642,80,25
47.398576,-121.183036,2026-08-14 00:40:11.540274944,13,9734,86,30
47.382716,-121.150776,2026-08-14 00:40:11.563252480,13,8650,86,24
30.360732,-81.691193,2026-08-14 00:40:11.999270912,13,6994,155,41
39.111477,-105.307143,2026-08-14 00:40:14.588352256,13,13541,150,21
38.186836,-102.447302,2026-08-14 00:40:14.658792704,13,12490,128,27
32.576007,-102.329901,2026-08-14 00:40:14.918223616,13,4586,163,27
42.468582,-107.040103,2026-08-14 00:40:15.749847040,13,8998,112,81
43.049772,-58.565564,2026-08-14 00:40:15.837718016,13,8508,173,24
41.418776,-104.139712,2026-08-14 00:40:16.452649472,13,6232,86,42
41.406667,-104.146289,2026-08-14 00:40:16.452653824,13,9127,84,28
33.809993,-80.316824,2026-08-14 00:40:16.815004672,13,7201,219,41
23.300914,-94.096172,2026-08-14 00:40:17.366251264,13,5142,264,69
42.051468,-90.225892,2026-08-14 00:40:18.76922112,13,6662,126,50
37.464799,-82.928772,2026-08-14 00:40:19.283734272,13,10944,94,28
37.380392,-83.097322,2026-08-14 00:40:20.524171776,13,12115,84,27
42.13267,-91.126181,2026-08-14 00:40:21.76291072,13,7497,62,57
42.105486,-91.145823,2026-08-14 00:40:21.76299520,13,12299,113,53
37.969107,-83.057344,2026-08-14 00:40:21.193999872,13,11657,63,49
34.797916,-100.694641,2026-08-14 00:40:21.520364032,13,10745,141,27
34.788499,-100.699055,2026-08-14 00:40:21.632796160,13,11840,155,19
34.800146,-100.629715,2026-08-14 00:40:21.701751296,13,7086,198,22
34.801787,-100.693117,2026-08-14 00:40:21.837830144,13,9202,157,28
34.787905,-100.680393,2026-08-14 00:40:22.107758848,13,11056,155,25
33.75238,-80.288908,2026-08-14 00:40:22.226791936,13,6640,131,31
32.815992,-101.142735,2026-08-14 00:40:23.31658240,13,14813,143,30
32.957267,-101.2233,2026-08-14 00:40:23.31690752,13,4113,214,41
32.802504,-101.141659,2026-08-14 00:40:23.94372352,13,4766,150,32
38.415595,-98.545124,2026-08-14 00:40:23.161309440,13,13167,102,31
35.430315,-86.191495,2026-08-14 00:40:24.304940800,13,9134,173,93
35.583121,-86.020086,2026-08-14 00:40:24.305016320,13,5828,242,82
35.598839,-86.020254,2026-08-14 00:40:24.305021440,13,5820,159,67
35.536677,-86.033733,2026-08-14 00:40:24.305002752,13,4268,184,54
35.596946,-86.130155,2026-08-14 00:40:24.305039360,13,14899,216,39
42.806527,-60.217508,2026-08-14 00:40:28.721033984,13,4036,255,77
42.810535,-106.867221,2026-08-14 00:40:28.965362432,13,12959,159,26
35.113009,-100.571553,2026-08-14 00:40:29.361355264,13,7367,120,24
47.932237,-120.4078,2026-08-14 00:40:30.998689280,13,9204,92,80
47.92956,-120.404427,2026-08-14 00:40:30.998689792,13,11292,115,66
37.45993,-83.046914,2026-08-14 00:40:31.203021568,13,12515,72,56
37.484799,-83.064768,2026-08-14 00:40:31.203028224,13,9305,175,55
37.479644,-83.046856,2026-08-14 00:40:31.203031296,13,12495,175,36
37.467223,-83.046912,2026-08-14 00:40:31.271006976,13,8723,78,44
37.50806,-83.048805,2026-08-14 00:40:31.271022336,13,5637,237,33
22.881276,-105.359318,2026-08-14 00:40:31.461515008,13,8592,270,59
37.472056,-83.039342,2026-08-14 00:40:31.797895168,13,11313,110,36
37.529732,-83.038879,2026-08-14 00:40:31.797915904,13,7963,103,36
46.128072,-112.025644,2026-08-14 00:40:32.385681920,13,12545,83,58
46.181166,-112.125412,2026-08-14 00:40:32.385688576,13,7415,212,42
35.550811,-85.899727,2026-08-14 00:40:33.324381184,13,9971,152,75
35.558298,-85.906087,2026-08-14 00:40:33.324389632,13,9270,182,60
35.549862,-85.902827,2026-08-14 00:40:33.324386816,13,13731,187,43
35.58439,-85.905974,2026-08-14 00:40:33.402527744,13,6970,252,49
35.563236,-85.907657,2026-08-14 00:40:33.402525696,13,9995,182,63
35.556222,-85.903797,2026-08-14 00:40:33.402521856,13,13668,190,47
25.144791,-107.126109,2026-08-14 00:40:33.835828992,13,10695,256,25
38.619042,-103.810921,2026-08-14 00:40:34.713769984,13,6518,203,23
34.183794,-100.629227,2026-08-14 00:40:34.794669056,13,5056,161,51
34.264668,-100.640746,2026-08-14 00:40:34.794723328,13,6563,229,38
34.182802,-100.625946,2026-08-14 00:40:34.925394432,13,6697,97,56
34.253241,-100.64377,2026-08-14 00:40:34.925446912,13,12682,184,45
43.020838,-60.19095,2026-08-14 00:40:35.286990592,13,11371,253,53
33.746854,-80.266691,2026-08-14 00:40:35.847211264,13,8354,118,49
33.800833,-80.312776,2026-08-14 00:40:35.847279104,13,10647,268,25
30.424171,-81.702511,2026-08-14 00:40:36.243871744,13,14333,129,31
30.570961,-81.703338,2026-08-14 00:40:36.243910912,13,9826,240,58
38.250754,-83.547891,2026-08-14 00:40:36.437007104,13,9781,73,38
38.291433,-83.541299,2026-08-14 00:40:36.437022464,13,5919,212,64
38.335145,-83.569023,2026-08-14 00:40:36.564027392,13,6927,219,44
20.469085,-97.763385,2026-08-14 00:40:37.224614144,13,14594,245,85
37.595715,-83.469188,2026-08-14 00:40:38.578157568,13,12149,237,41
24.932124,-106.871096,2026-08-14 00:40:38.763057664,13,14443,258,23
25.196449,-106.906375,2026-08-14 00:40:38.840215552,13,7906,187,21
37.557954,-82.697218,2026-08-14 00:40:39.69675776,13,8532,113,41
37.598285,-82.67842,2026-08-14 00:40:39.69692928,13,7010,206,30
37.548608,-82.679057,2026-08-14 00:40:39.137527040,13,11212,106,35
32.131335,-102.682566,2026-08-14 00:40:39.551879936,13,3295,170,26
32.24894,-102.745535,2026-08-14 00:40:39.551902976,13,12881,194,15
37.534743,-82.661777,2026-08-14 00:40:39.728649216,13,7480,94,31
37.546486,-82.683808,2026-08-14 00:40:39.934878208,13,9805,113,23
35.186663,-60.127783,2026-08-14 00:40:41.711493632,13,11760,213,28
46.631664,-112.107584,2026-08-14 00:40:41.886249728,13,11722,110,30
41.199111,-59.101802,2026-08-14 00:40:42.331517696,13,10590,214,26
36.311634,-105.673352,2026-08-14 00:40:42.340978432,13,12786,91,58
28.707992,-104.109147,2026-08-14 00:40:43.159927808,13,14662,219,50
26.095496,-105.52107,2026-08-14 00:40:43.649096960,13,12245,259,32
26.421606,-105.471121,2026-08-14 00:40:43.649217536,13,7680,241,29
31.954358,-85.661914,2026-08-14 00:40:46.125879808,13,8874,203,35
37.724402,-83.846082,2026-08-14 00:40:47.36590592,13,5742,170,50
37.806496,-83.835087,2026-08-14 00:40:47.36618752,13,12711,136,36
29.596206,-104.501202,2026-08-14 00:40:49.123675904,13,11220,255,31
23.039963,-105.422406,2026-08-14 00:40:50.35419136,13,12275,264,41
44.867146,-72.352535,2026-08-14 00:40:50.52362752,13,10646,81,26
30.353137,-81.682988,2026-08-14 00:40:50.103096832,13,12127,154,19
35.27889,-60.454544,2026-08-14 00:40:51.459953664,13,6491,225,21
37.911789,-101.924234,2026-08-14 00:40:52.147726592,13,10430,92,34
37.943456,-102.054838,2026-08-14 00:40:52.147712000,13,3939,130,56
37.50443,-82.928749,2026-08-14 00:40:52.969560832,13,8935,147,29
45.179792,-117.198542,2026-08-14 00:40:55.483273984,13,9300,70,40
45.171926,-117.297403,2026-08-14 00:40:55.483291648,13,13446,116,38
30.316025,-81.888962,2026-08-14 00:40:55.826461440,13,8855,177,23
33.202725,-107.850629,2026-08-14 00:40:57.283254016,13,6543,141,60
33.187902,-107.850286,2026-08-14 00:40:57.283253248,13,14680,188,50
32.694521,-102.587871,2026-08-14 00:40:57.449813760,13,6939,177,29
33.753791,-102.994103,2026-08-14 00:40:57.601405696,13,13166,198,22
34.176171,-103.087956,2026-08-14 00:40:57.666543360,13,4671,148,23
33.773696,-102.852138,2026-08-14 00:40:57.687659776,13,10756,152,25
33.879209,-102.925459,2026-08-14 00:40:57.687670016,13,7432,171,21
33.268937,-107.915002,2026-08-14 00:40:57.702352128,13,10008,139,31
32.726781,-102.615111,2026-08-14 00:40:58.112629504,13,13403,176,36
39.138995,-97.406732,2026-08-14 00:40:59.552926208,13,7615,248,23
39.003814,-97.57491,2026-08-14 00:40:59.552903424,13,13379,192,20
46.884884,-64.156031,2026-08-14 00:41:00.413626624,13,9849,223,43
46.881771,-64.173769,2026-08-14 00:41:00.470348032,13,6528,239,32
30.573328,-111.447289,2026-08-14 00:41:00.822218496,13,8262,222,58
38.796189,-103.176384,2026-08-14 00:41:01.644619264,13,6747,140,77
38.810622,-103.308341,2026-08-14 00:41:01.644593152,13,4951,254,84
40.085836,-112.188507,2026-08-14 00:41:02.92815616,13,10530,61,26
30.381352,-81.877276,2026-08-14 00:41:03.661924352,13,11095,161,23
30.352699,-81.770508,2026-08-14 00:41:03.759142912,13,11841,130,20
39.396793,-103.691363,2026-08-14 00:41:05.163053056,13,12347,123,18
42.687305,-60.433228,2026-08-14 00:41:06.958774528,13,7644,258,57
42.665947,-60.434427,2026-08-14 00:41:07.95747584,13,11195,246,27
39.366021,-104.02507,2026-08-14 00:41:08.502134528,13,4992,193,27
25.80685,-107.118539,2026-08-14 00:41:08.514391552,13,14282,253,25
39.289396,-105.158505,2026-08-14 00:41:09.210609920,13,10999,167,19
39.217124,-105.223889,2026-08-14 00:41:09.337753856,13,14774,93,23
38.043726,-83.216687,2026-08-14 00:41:10.227827968,13,10626,155,33
35.612689,-85.874702,2026-08-14 00:41:10.265866752,13,8322,169,46
30.628366,-81.380465,2026-08-14 00:41:10.274013440,13,12723,151,46
33.860952,-80.366578,2026-08-14 00:41:10.836874752,13,14842,135,27
37.434344,-82.760291,2026-08-14 00:41:12.608016896,13,13586,162,26
37.502707,-82.759738,2026-08-14 00:41:12.608041728,13,7947,114,39
37.458009,-82.760251,2026-08-14 00:41:12.650430464,13,10921,105,60
37.506322,-82.765673,2026-08-14 00:41:12.650449152,13,6368,116,38
43.439548,-59.479797,2026-08-14 00:41:13.515165696,13,5325,256,46
32.141721,-102.668574,2026-08-14 00:41:14.436493312,13,10040,170,23
38.142995,-83.539725,2026-08-14 00:41:14.604000512,13,12569,102,16
37.909518,-83.753328,2026-08-14 00:41:14.753426688,13,9521,105,28
37.909614,-83.763423,2026-08-14 00:41:14.814389248,13,10607,95,40
37.915781,-83.812705,2026-08-14 00:41:14.814425856,13,12889,164,23
37.913168,-83.773194,2026-08-14 00:41:14.903361792,13,11031,95,22
37.912987,-83.776633,2026-08-14 00:41:14.964465152,13,12986,95,42
42.980232,-60.189734,2026-08-14 00:41:15.314030080,13,6742,254,45
42.966511,-60.157767,2026-08-14 00:41:15.314080000,13,4842,268,25
42.986654,-60.193344,2026-08-14 00:41:15.365644032,13,4617,255,35
30.387541,-81.62122,2026-08-14 00:41:16.734583296,13,13009,126,22
25.186694,-107.054891,2026-08-14 00:41:17.64860160,13,8041,239,28
41.387738,-104.192689,2026-08-14 00:41:17.386825728,13,9763,98,27
34.811533,-100.687623,2026-08-14 00:41:17.405270528,13,11010,163,22
23.004379,-105.548143,2026-08-14 00:41:17.413885184,13,11645,243,20
34.837743,-100.660733,2026-08-14 00:41:17.486812160,13,13284,134,21
30.32032,-108.134672,2026-08-14 00:41:18.178386176,13,9812,154,67
30.349707,-108.146097,2026-08-14 00:41:18.178436864,13,12338,224,52
30.258902,-108.216293,2026-08-14 00:41:18.288519936,13,7954,164,44
32.907411,-107.338929,2026-08-14 00:41:18.345961216,13,7390,188,37
22.901348,-105.365524,2026-08-14 00:41:19.44625664,13,11257,196,37
34.986518,-60.10287,2026-08-14 00:41:19.536068096,13,2936,266,24
40.678417,-117.645926,2026-08-14 00:41:20.826805760,13,11990,93,27
45.668698,-65.75083,2026-08-14 00:41:21.499487744,13,4781,198,21
45.637447,-65.93674,2026-08-14 00:41:21.648977664,13,5154,242,52
37.806236,-119.275063,2026-08-14 00:41:22.723722752,13,9707,183,77
37.794019,-119.348371,2026-08-14 00:41:22.723706880,13,7344,242,68
37.774441,-119.281073,2026-08-14 00:41:22.741233408,13,11175,97,39
42.781301,-60.031473,2026-08-14 00:41:22.891863808,13,14485,225,21
43.715706,-119.061071,2026-08-14 00:41:24.522947840,13,14807,102,28
30.384837,-81.8479,2026-08-14 00:41:25.150961664,13,7412,119,22
41.981658,-90.071083,2026-08-14 00:41:25.942521088,13,8312,72,25
32.484216,-101.99968,2026-08-14 00:41:26.587985152,13,5424,162,41
32.614195,-102.039677,2026-08-14 00:41:26.588018944,13,5560,239,30
37.938545,-102.143298,2026-08-14 00:41:26.766052608,13,10350,85,19
38.966013,-113.232542,2026-08-14 00:41:26.955098624,13,10720,142,22
41.424408,-104.250138,2026-08-14 00:41:27.162124544,13,14729,137,19
32.818698,-101.157596,2026-08-14 00:41:27.656509184,13,2934,150,38
32.941763,-101.206656,2026-08-14 00:41:27.656540928,13,5811,238,24
35.344119,-60.238454,2026-08-14 00:41:27.731544320,13,12712,222,14
35.483563,-102.157331,2026-08-14 00:41:27.938980864,13,6340,163,23
30.421516,-81.686213,2026-08-14 00:41:28.474182912,13,13455,124,57
30.448482,-81.713191,2026-08-14 00:41:28.474235392,13,8980,235,42
23.38719,-94.036471,2026-08-14 00:41:28.727168512,13,4532,223,69
23.444057,-94.035275,2026-08-14 00:41:28.727229696,13,8302,262,57
34.455505,-100.662987,2026-08-14 00:41:29.77018112,13,10035,139,28
37.82957,-83.749256,2026-08-14 00:41:30.149200128,13,8131,233,40
37.730508,-83.749158,2026-08-14 00:41:30.149186304,13,12684,117,35
37.750055,-83.756755,2026-08-14 00:41:30.149186048,13,10862,172,25
33.795516,-80.293942,2026-08-14 00:41:30.396228864,13,8300,132,17
32.504618,-79.896211,2026-08-14 00:41:31.201755648,13,4785,148,76
32.5368,-79.913584,2026-08-14 00:41:31.201765120,13,6510,246,66
32.562971,-79.939559,2026-08-14 00:41:31.201817600,13,6639,230,49
32.5693,-79.937655,2026-08-14 00:41:31.201818112,13,10093,225,37
38.953684,-115.562751,2026-08-14 00:41:31.459772672,13,14803,189,25
38.898958,-115.641314,2026-08-14 00:41:31.459757824,13,10791,215,31
37.688226,-83.400162,2026-08-14 00:41:32.149714176,13,5929,70,40
37.699443,-83.389671,2026-08-14 00:41:32.149725952,13,14359,99,38
37.711845,-83.393143,2026-08-14 00:41:32.149742080,13,13801,172,27
35.540971,-85.841036,2026-08-14 00:41:32.672719360,13,7535,95,36
35.542064,-85.887922,2026-08-14 00:41:32.740605184,13,12567,77,54
35.617049,-85.881837,2026-08-14 00:41:32.740634880,13,11065,99,37
38.075297,-83.718912,2026-08-14 00:41:32.756524544,13,10267,254,27
37.520622,-82.660749,2026-08-14 00:41:34.513212416,13,4695,75,76
37.528537,-82.650148,2026-08-14 00:41:34.513220352,13,10712,105,60
37.583809,-82.669922,2026-08-14 00:41:34.513237760,13,11088,113,37
37.531025,-82.668784,2026-08-14 00:41:34.571144448,13,10161,81,38
37.567165,-82.655515,2026-08-14 00:41:34.654368768,13,11834,69,42
37.53015,-82.670906,2026-08-14 00:41:34.740814592,13,8837,78,29
37.558577,-82.686431,2026-08-14 00:41:34.740877056,13,10835,186,26
37.574331,-82.669591,2026-08-14 00:41:34.929238272,13,11041,81,40
37.562889,-82.665266,2026-08-14 00:41:35.187746048,13,7405,81,32
37.571626,-82.673517,2026-08-14 00:41:35.359150336,13,10640,88,32
42.601476,-106.852574,2026-08-14 00:41:37.639923968,13,12405,61,80
42.648019,-106.884109,2026-08-14 00:41:37.639944704,13,10687,108,67
42.628015,-106.88056,2026-08-14 00:41:37.639943424,13,9021,102,52
33.782737,-80.310801,2026-08-14 00:41:38.673886720,13,5816,237,25
43.466916,-57.848912,2026-08-14 00:41:40.804625152,13,10195,161,22
43.384135,-57.543966,2026-08-14 00:41:40.909265920,13,7483,265,14
30.527973,-82.089242,2026-08-14 00:41:42.35651840,13,12108,126,29
30.583243,-81.972285,2026-08-14 00:41:42.507233792,13,6533,157,52
30.646282,-81.999605,2026-08-14 00:41:42.507301120,13,14208,243,43
30.724543,-82.03364,2026-08-14 00:41:42.507314944,13,5134,234,31
37.488212,-83.199343,2026-08-14 00:41:42.977200896,13,12914,130,77
37.594566,-83.015107,2026-08-14 00:41:42.977264640,13,8276,210,64
30.464568,-102.970479,2026-08-14 00:41:43.398000896,13,14853,132,16
33.271425,-107.836672,2026-08-14 00:41:44.473858048,13,12874,106,39
33.30161,-107.839749,2026-08-14 00:41:44.473907456,13,11456,188,26
33.277735,-107.839279,2026-08-14 00:41:44.510043136,13,12548,106,30
33.260849,-107.885119,2026-08-14 00:41:44.510066944,13,5968,201,25
33.216846,-107.846134,2026-08-14 00:41:45.78650112,13,5797,167,56
33.173236,-107.851908,2026-08-14 00:41:45.78650112,13,13601,187,45
32.460587,-102.294577,2026-08-14 00:41:46.30075648,13,13001,152,33
37.439259,-82.762955,2026-08-14 00:41:46.247824896,13,13270,92,25
38.467763,-98.6952,2026-08-14 00:41:46.279619584,13,9705,123,31
37.390451,-82.769208,2026-08-14 00:41:47.449128704,13,12297,92,33
42.518291,-106.86677,2026-08-14 00:41:48.918630912,13,14316,138,31
39.287148,-104.049175,2026-08-14 00:41:49.135268096,13,10254,100,26
39.316412,-104.049727,2026-08-14 00:41:49.135261184,13,9675,148,23
39.298906,-104.147552,2026-08-14 00:41:49.174211328,13,10142,75,31
39.321876,-104.051896,2026-08-14 00:41:49.174234112,13,8664,149,23
39.305551,-104.040634,2026-08-14 00:41:49.199599360,13,12026,93,31
39.316684,-104.054464,2026-08-14 00:41:49.199601920,13,10252,103,29
39.304386,-104.145831,2026-08-14 00:41:49.250248448,13,8049,137,22
39.361519,-104.049482,2026-08-14 00:41:49.409796608,13,12710,70,42
39.337439,-104.009259,2026-08-14 00:41:49.409813760,13,13859,103,34
34.809034,-100.641552,2026-08-14 00:41:50.149486848,13,7340,133,20
18.002692,-84.831668,2026-08-14 00:41:50.995950080,13,11992,256,66
37.859066,-101.934225,2026-08-14 00:41:51.316608256,13,8631,67,38
37.885787,-101.851592,2026-08-14 00:41:51.316638720,13,9517,175,22
33.841063,-80.349694,2026-08-14 00:41:51.691740928,13,4200,233,59
33.773595,-80.428667,2026-08-14 00:41:51.691764736,13,14235,223,43
33.860279,-80.40106,2026-08-14 00:41:51.691788800,13,7159,216,31
30.605077,-81.850851,2026-08-14 00:41:52.412670720,13,10527,237,25
46.16326,-64.36045,2026-08-14 00:41:52.710755840,13,5903,231,39
39.863627,-104.210089,2026-08-14 00:41:53.952759040,13,10622,97,24
30.415485,-81.688416,2026-08-14 00:41:54.487408384,13,8678,124,73
30.379894,-81.706137,2026-08-14 00:41:54.487442944,13,9465,237,56
30.42338,-81.69799,2026-08-14 00:41:54.555611648,13,13324,123,45
37.386952,-83.187048,2026-08-14 00:41:54.680929792,13,14691,78,41
37.441967,-83.178353,2026-08-14 00:41:54.680955136,13,7678,135,49
37.395387,-83.180152,2026-08-14 00:41:54.775584768,13,12155,103,70
37.395684,-83.177307,2026-08-14 00:41:54.775593216,13,10972,175,23
45.653453,-65.913364,2026-08-14 00:41:55.366051840,13,6276,197,33
45.512788,-70.542842,2026-08-14 00:41:55.890628608,13,2951,126,60
38.73294,-103.226586,2026-08-14 00:41:56.641930496,13,13935,97,34
18.718684,-103.03891,2026-08-14 00:41:57.2644736,13,13300,258,34
27.818341,-105.345677,2026-08-14 00:41:58.386139392,13,8694,171,82
46.180703,-112.070065,2026-08-14 00:41:58.571292160,13,11013,116,25
37.587396,-83.812874,2026-08-14 00:41:58.696416000,13,10021,124,26
37.506068,-82.757867,2026-08-14 00:42:00.687094272,13,6740,83,33
37.514298,-82.76288,2026-08-14 00:42:00.830820608,13,11375,72,48
37.538184,-82.875401,2026-08-14 00:42:00.830851584,13,10658,107,34
39.855316,-104.264198,2026-08-14 00:42:01.147896832,13,5645,144,32
43.482227,-59.712263,2026-08-14 00:42:02.826524928,13,8498,253,84
43.516169,-59.784527,2026-08-14 00:42:02.866396672,13,11084,265,29
30.046816,-111.760313,2026-08-14 00:42:03.321669888,13,7863,226,40
30.031786,-111.783432,2026-08-14 00:42:03.321701376,13,8931,245,25
30.468253,-103.104643,2026-08-14 00:42:03.733249280,13,9109,169,23
39.644736,-103.309837,2026-08-14 00:42:04.658277376,13,8063,89,31
39.657214,-103.365786,2026-08-14 00:42:04.658268160,13,6404,203,66
39.707262,-103.231032,2026-08-14 00:42:04.658304256,13,11325,126,53
42.042419,-90.809261,2026-08-14 00:42:04.999792384,13,14133,105,35
40.650808,-117.591715,2026-08-14 00:42:05.150903296,13,7647,97,23
33.774959,-80.381413,2026-08-14 00:42:05.348092160,13,13532,235,19
33.739041,-80.197018,2026-08-14 00:42:05.457597952,13,6878,227,20
41.357559,-104.268815,2026-08-14 00:42:06.853919744,13,14202,101,46
41.391419,-104.203107,2026-08-14 00:42:06.853946368,13,12084,108,39
41.346949,-104.254558,2026-08-14 00:42:06.938877184,13,5698,174,22
41.389029,-104.196984,2026-08-14 00:42:06.938899968,13,9143,84,35
38.963145,-109.56672,2026-08-14 00:42:07.543088640,13,7835,111,26
40.713331,-117.596264,2026-08-14 00:42:07.606278656,13,9054,77,30
34.93869,-100.635614,2026-08-14 00:42:07.634441472,13,7269,131,30
40.694728,-117.618247,2026-08-14 00:42:07.669134336,13,9688,88,26
19.054219,-83.908642,2026-08-14 00:42:08.665477632,13,7819,253,69
26.559959,-105.164365,2026-08-14 00:42:09.39402752,13,8770,250,35
26.645802,-105.173116,2026-08-14 00:42:09.163743232,13,9737,223,36
42.021444,-90.357392,2026-08-14 00:42:10.126597888,13,6027,248,76
41.98344,-90.239677,2026-08-14 00:42:10.126626048,13,3891,238,98
42.043556,-90.211333,2026-08-14 00:42:10.196719616,13,6452,143,58
42.045671,-90.202541,2026-08-14 00:42:10.461044224,13,7332,81,60
42.027671,-90.236754,2026-08-14 00:42:10.461049344,13,12402,122,42
37.359863,-83.271657,2026-08-14 00:42:10.594663424,13,13492,126,28
37.382365,-83.165746,2026-08-14 00:42:10.594686976,13,10928,176,32
39.060234,-97.419332,2026-08-14 00:42:10.923920640,13,11043,80,28
39.765478,-58.428818,2026-08-14 00:42:11.99192320,13,7253,196,24
30.322303,-81.896136,2026-08-14 00:42:11.349221376,13,9404,236,27
30.50431,-82.080693,2026-08-14 00:42:11.444136192,13,12145,250,37
30.377726,-81.911794,2026-08-14 00:42:11.444114688,13,5667,237,32
37.766827,-83.866985,2026-08-14 00:42:11.743918592,13,11569,95,66
37.772093,-83.845956,2026-08-14 00:42:11.743925504,13,3989,170,44
37.828588,-83.847867,2026-08-14 00:42:11.743940096,13,11246,97,31
30.447302,-81.805707,2026-08-14 00:42:12.186083328,13,9179,123,30
30.632318,-81.926411,2026-08-14 00:42:12.280523008,13,14819,239,29
30.586988,-81.81108,2026-08-14 00:42:12.280526848,13,4939,235,47
47.220921,-63.839463,2026-08-14 00:42:12.516493824,13,5001,198,37
30.285549,-108.157035,2026-08-14 00:42:12.885997056,13,12004,204,32
30.139803,-108.189753,2026-08-14 00:42:12.885996288,13,5761,217,70
30.32576,-108.138884,2026-08-14 00:42:13.228996352,13,12055,154,28
38.166528,-83.306272,2026-08-14 00:42:13.642911232,13,8474,120,25
38.176912,-83.236569,2026-08-14 00:42:13.838493184,13,6399,203,23
38.212946,-83.337811,2026-08-14 00:42:13.879703808,13,8974,76,26
38.217836,-83.339123,2026-08-14 00:42:14.21101824,13,7194,98,26
38.210955,-83.330386,2026-08-14 00:42:14.143774208,13,8101,105,38
37.563186,-83.264458,2026-08-14 00:42:15.916646656,13,12947,156,63
37.623408,-83.28374,2026-08-14 00:42:15.916680960,13,14703,223,57
37.577834,-83.288872,2026-08-14 00:42:15.916665600,13,10367,118,44
37.558378,-83.297022,2026-08-14 00:42:15.916662528,13,13897,101,29
38.791509,-103.19235,2026-08-14 00:42:19.842270208,13,12651,80,62
38.792792,-103.236799,2026-08-14 00:42:19.842270208,13,6322,204,45
35.617968,-85.863803,2026-08-14 00:42:20.311667200,13,8512,233,68
35.581262,-85.869754,2026-08-14 00:42:20.311655680,13,6369,149,70
35.559907,-85.898312,2026-08-14 00:42:20.311643904,13,13269,95,57
35.522318,-85.911836,2026-08-14 00:42:20.408950272,13,11863,93,43
38.566908,-101.915731,2026-08-14 00:42:20.882628608,13,13572,101,22
23.391811,-94.079926,2026-08-14 00:42:22.474441216,13,5076,263,104
23.560402,-94.108111,2026-08-14 00:42:22.474541056,13,4204,264,85
39.282606,-105.024282,2026-08-14 00:42:23.99180800,13,8120,118,54
39.283616,-105.035315,2026-08-14 00:42:23.99185920,13,13208,105,46
35.068827,-100.48026,2026-08-14 00:42:23.531427072,13,14798,118,23
37.564547,-82.768229,2026-08-14 00:42:23.951769344,13,10810,120,51
37.612471,-82.774844,2026-08-14 00:42:23.951785728,13,6359,222,69
37.619205,-82.771309,2026-08-14 00:42:23.951795968,13,8796,126,53
42.926797,-60.057514,2026-08-14 00:42:24.63794176,13,6399,255,82
33.26386,-107.886628,2026-08-14 00:42:24.785291008,13,12021,160,28
37.803652,-102.103221,2026-08-14 00:42:25.509159168,13,13483,96,71
37.815627,-102.140837,2026-08-14 00:42:25.509157376,13,6133,130,71
32.6152,-101.402723,2026-08-14 00:42:26.108024064,13,6839,185,25
30.49221,-103.041389,2026-08-14 00:42:26.161521664,13,14414,195,15
45.660499,-65.795955,2026-08-14 00:42:26.783486464,13,7781,223,35
45.632979,-65.8445,2026-08-14 00:42:26.783504384,13,8352,199,26
22.130211,-104.982807,2026-08-14 00:42:27.265942528,13,10403,246,29
32.462804,-102.484471,2026-08-14 00:42:27.498717184,13,14336,165,18
39.182421,-97.308211,2026-08-14 00:42:28.964946688,13,13000,180,23
35.522068,-85.979356,2026-08-14 00:42:29.393503232,13,9756,180,19
35.486705,-85.996575,2026-08-14 00:42:29.516183040,13,14550,81,39
35.573361,-85.993592,2026-08-14 00:42:29.669845504,13,9441,99,33
35.491859,-86.04532,2026-08-14 00:42:29.669861376,13,7486,195,19
26.564792,-105.002289,2026-08-14 00:42:29.835538944,13,9228,165,33
42.768129,-107.948423,2026-08-14 00:42:31.501612544,13,13854,153,41
42.645142,-107.95535,2026-08-14 00:42:31.501610752,13,6472,106,51
39.401543,-103.668944,2026-08-14 00:42:32.294529024,13,9671,79,31
25.580819,-106.978884,2026-08-14 00:42:33.81611776,13,11654,260,28
24.818863,-111.089555,2026-08-14 00:42:33.110665472,13,13643,223,20
39.1051,-105.315558,2026-08-14 00:42:33.321350912,13,12089,73,44
39.154338,-105.295892,2026-08-14 00:42:33.321403904,13,12035,169,31
30.906218,-102.872322,2026-08-14 00:42:33.407189760,13,12980,185,27
30.342385,-81.687416,2026-08-14 00:42:34.529261056,13,13002,154,18
41.084234,-58.735701,2026-08-14 00:42:34.819512320,13,4879,153,27
41.079379,-58.642038,2026-08-14 00:42:34.850027008,13,6881,262,22
28.223362,-69.817396,2026-08-14 00:42:35.459178496,13,4867,253,38
37.912262,-83.67883,2026-08-14 00:42:36.461605888,13,11314,59,39
35.655681,-101.693303,2026-08-14 00:42:36.740981248,13,9494,122,41
35.747483,-101.789442,2026-08-14 00:42:36.741027840,13,8391,193,28
46.23223,-64.313854,2026-08-14 00:42:37.705667584,13,8084,239,25
33.788752,-80.295323,2026-08-14 00:42:38.242763264,13,6394,234,42
33.749891,-80.34443,2026-08-14 00:42:38.242789120,13,12815,224,25
42.466719,-106.847105,2026-08-14 00:42:39.651903744,13,12770,101,33
37.683162,-83.778821,2026-08-14 00:42:39.811663104,13,8391,137,24
37.705615,-83.90477,2026-08-14 00:42:39.811696896,13,12847,99,20
37.446391,-83.129319,2026-08-14 00:42:41.66395136,13,7023,241,38
37.525696,-83.121463,2026-08-14 00:42:41.66419968,13,13566,102,38
37.511397,-82.74888,2026-08-14 00:42:42.256476160,13,7056,87,55
37.571526,-82.745101,2026-08-14 00:42:42.256497408,13,6110,124,50
37.524104,-82.735999,2026-08-14 00:42:42.518337536,13,14481,61,76
37.527524,-82.736947,2026-08-14 00:42:42.518352896,13,13535,139,68
37.519121,-82.752304,2026-08-14 00:42:42.594820864,13,10247,86,25
37.523506,-82.760261,2026-08-14 00:42:42.706279424,13,10385,112,21
37.528608,-82.74351,2026-08-14 00:42:42.829590784,13,11164,146,24
37.532277,-82.827179,2026-08-14 00:42:42.955603456,13,10249,104,26
37.601496,-82.858207,2026-08-14 00:42:42.955626752,13,10041,125,35
37.528156,-82.751597,2026-08-14 00:42:43.278575872,13,9380,145,25
22.200654,-105.048709,2026-08-14 00:42:43.616501248,13,9324,245,24
37.948441,-102.117964,2026-08-14 00:42:44.750800128,13,10111,85,28
23.346725,-94.221704,2026-08-14 00:42:44.955032064,13,13473,185,19
32.004703,-85.439435,2026-08-14 00:42:45.110472448,13,10290,122,44
31.970516,-85.507426,2026-08-14 00:42:45.110503680,13,13616,217,28
31.956076,-85.475486,2026-08-14 00:42:45.257516288,13,11211,117,32
37.830903,-102.263472,2026-08-14 00:42:45.308787712,13,9175,114,33
37.978428,-102.202067,2026-08-14 00:42:45.308832512,13,11648,140,20
30.368052,-81.67269,2026-08-14 00:42:45.919595520,13,7720,160,22
30.380395,-81.900386,2026-08-14 00:42:46.912805632,13,11610,162,34
30.508474,-81.785169,2026-08-14 00:42:46.912868864,13,5922,236,21
30.450861,-81.765679,2026-08-14 00:42:46.999469312,13,3206,244,50
30.562829,-81.739024,2026-08-14 00:42:46.999505152,13,8572,243,37
34.149748,-103.287388,2026-08-14 00:42:47.80882176,13,14302,177,21
30.372615,-81.923935,2026-08-14 00:42:47.207767552,13,5383,178,25
34.979765,-100.578768,2026-08-14 00:42:47.625071616,13,5679,110,32
35.046454,-100.595282,2026-08-14 00:42:47.625128960,13,8085,214,19
47.444036,-121.193071,2026-08-14 00:42:47.982744832,13,7187,131,30
39.005187,-112.413904,2026-08-14 00:42:48.12316928,13,13109,108,23
21.773461,-80.160906,2026-08-14 00:42:49.797520896,13,14542,252,89
42.162546,-91.070161,2026-08-14 00:42:52.49664768,13,10269,69,46
42.133177,-91.09586,2026-08-14 00:42:52.49722624,13,12449,112,47
30.135191,-111.760406,2026-08-14 00:42:52.560542208,13,12084,184,28
38.773135,-97.798794,2026-08-14 00:42:52.767308544,13,12699,110,50
38.863362,-97.702182,2026-08-14 00:42:52.767355392,13,7189,197,31
33.785785,-80.272997,2026-08-14 00:42:53.177642496,13,6837,192,35
33.771323,-80.241884,2026-08-14 00:42:53.177629696,13,13354,148,44
33.816778,-80.295619,2026-08-14 00:42:53.177697792,13,5603,215,32
30.093487,-108.077884,2026-08-14 00:42:53.631815680,13,8961,210,32
42.63738,-60.280652,2026-08-14 00:42:53.914737152,13,10911,255,31
42.549172,-60.052579,2026-08-14 00:42:54.321921792,13,8996,257,35
18.728905,-102.863691,2026-08-14 00:42:54.380554496,13,12436,236,34
38.804299,-103.181183,2026-08-14 00:42:56.822178560,13,11800,131,35
38.849815,-103.179448,2026-08-14 00:42:56.822192640,13,6230,153,85
37.487861,-82.783202,2026-08-14 00:42:56.901352448,13,6006,110,57
33.778775,-80.294229,2026-08-14 00:42:57.164217600,13,7306,132,23
33.80087,-80.300843,2026-08-14 00:42:57.924378624,13,4124,251,22
33.713938,-80.424784,2026-08-14 00:42:58.47573760,13,12573,151,18
37.473145,-83.032468,2026-08-14 00:42:58.387944192,13,7480,57,79
37.472321,-83.020209,2026-08-14 00:42:58.387953408,13,10500,137,59
37.523332,-83.05003,2026-08-14 00:42:58.387969536,13,12469,102,37
37.467578,-83.042476,2026-08-14 00:42:58.438376960,13,9446,119,44
37.464942,-83.042112,2026-08-14 00:42:58.438424832,13,11928,103,32
38.027553,-83.186512,2026-08-14 00:42:58.740595968,13,6766,96,26
38.146045,-83.174329,2026-08-14 00:42:58.740670720,13,7861,249,26
38.029256,-83.187139,2026-08-14 00:42:58.886652672,13,10023,114,35
38.063416,-83.516801,2026-08-14 00:42:58.916905728,13,7384,85,62
38.059791,-83.512928,2026-08-14 00:42:58.916905216,13,5048,127,43
38.054237,-83.514929,2026-08-14 00:42:58.916944384,13,12303,98,28
38.070389,-83.53241,2026-08-14 00:42:58.962945280,13,12131,86,26
45.844665,-71.4754,2026-08-14 00:42:59.47812608,13,7102,199,30
37.473617,-83.042433,2026-08-14 00:42:59.69021952,13,10019,90,44
37.432802,-83.186828,2026-08-14 00:42:59.69032192,13,11521,158,24
38.938423,-115.042032,2026-08-14 00:43:04.561333504,13,9250,101,24
38.90158,-115.243448,2026-08-14 00:43:04.561325056,13,14257,179,33
35.860577,-62.916932,2026-08-14 00:43:04.995361792,13,9219,232,47
39.04827,-97.510542,2026-08-14 00:43:05.435651072,13,11082,214,31
39.057151,-97.42715,2026-08-14 00:43:05.864993792,13,5793,111,32
39.102516,-97.468358,2026-08-14 00:43:05.865034240,13,12838,173,24
30.323606,-82.426547,2026-08-14 00:43:05.922534656,13,9011,132,22
38.380483,-98.530039,2026-08-14 00:43:06.42596608,13,14418,134,19
43.359982,-59.282246,2026-08-14 00:43:08.270882560,13,10463,256,53
41.962282,-90.753601,2026-08-14 00:43:09.151365888,13,12624,112,35
43.530372,-59.87082,2026-08-14 00:43:09.932471296,13,6443,251,87
45.689876,-66.229848,2026-08-14 00:43:10.419347200,13,9912,197,38
45.697333,-66.094496,2026-08-14 00:43:10.419322368,13,6611,267,57
45.634697,-66.424632,2026-08-14 00:43:10.600519168,13,14470,258,18
35.521317,-85.901152,2026-08-14 00:43:11.304320256,13,13134,136,68
35.626288,-85.883511,2026-08-14 00:43:11.304355328,13,6970,169,73
35.566631,-85.900506,2026-08-14 00:43:11.304336896,13,7303,184,61
32.47704,-102.545479,2026-08-14 00:43:11.412619008,13,5791,182,25
32.47469,-102.533094,2026-08-14 00:43:11.643795712,13,4955,165,37
32.610787,-102.595015,2026-08-14 00:43:11.643827200,13,4988,238,24
35.52627,-85.875437,2026-08-14 00:43:11.657737216,13,14689,91,19
34.835282,-100.622542,2026-08-14 00:43:12.930897664,13,5501,198,38
30.405613,-81.700585,2026-08-14 00:43:13.268553728,13,8046,154,63
30.361245,-81.712964,2026-08-14 00:43:13.268594176,13,6766,237,50
30.343693,-81.747441,2026-08-14 00:43:13.338326784,13,9720,128,46
30.412685,-81.824148,2026-08-14 00:43:14.485633024,13,6807,161,30
30.497066,-81.465742,2026-08-14 00:43:15.834777088,13,8092,168,34
30.679741,-81.386775,2026-08-14 00:43:15.834849024,13,6187,239,19
30.410359,-103.082108,2026-08-14 00:43:17.974828032,13,14195,198,24
37.899538,-83.684493,2026-08-14 00:43:19.496017664,13,14605,60,63
37.907946,-83.68219,2026-08-14 00:43:19.496028160,13,8037,170,40
37.901663,-83.690092,2026-08-14 00:43:19.611552000,13,10490,90,25
37.94078,-83.742302,2026-08-14 00:43:19.611598336,13,9290,100,24
33.734238,-80.170708,2026-08-14 00:43:19.632565760,13,5944,151,25
37.906188,-83.685226,2026-08-14 00:43:19.696238848,13,12501,103,29
30.198539,-81.760804,2026-08-14 00:43:20.237293056,13,11720,122,39
33.798326,-80.273915,2026-08-14 00:43:20.964214272,13,3839,219,45
33.699506,-80.396382,2026-08-14 00:43:20.964218880,13,6471,148,37
33.759479,-80.306606,2026-08-14 00:43:21.64228864,13,6486,160,43
33.822106,-80.279807,2026-08-14 00:43:21.64259072,13,12973,223,62
33.813281,-80.263443,2026-08-14 00:43:21.64260608,13,7820,264,57
37.753194,-83.862366,2026-08-14 00:43:21.66529280,13,7311,155,55
37.424172,-83.049421,2026-08-14 00:43:22.201535488,13,6157,119,27
35.064308,-100.519178,2026-08-14 00:43:22.569594368,13,7241,182,17
42.872046,-60.152799,2026-08-14 00:43:23.54536448,13,11557,247,22
39.092758,-115.614859,2026-08-14 00:43:23.432492544,13,13411,104,26
41.880212,-89.718923,2026-08-14 00:43:24.286046464,13,6275,97,62
41.87084,-89.803912,2026-08-14 00:43:24.286046208,13,4201,196,71
41.884882,-89.719576,2026-08-14 00:43:24.328868096,13,9111,75,30
32.212392,-102.666098,2026-08-14 00:43:24.622731008,13,9982,136,41
32.301065,-102.6822,2026-08-14 00:43:24.622786048,13,5628,240,27
37.475215,-82.724333,2026-08-14 00:43:24.892939776,13,12398,75,42
37.436277,-82.727772,2026-08-14 00:43:24.937776640,13,6555,74,41
37.432536,-82.731595,2026-08-14 00:43:24.937780224,13,3367,121,51
37.496249,-82.724273,2026-08-14 00:43:24.937797376,13,7314,131,37
37.502293,-82.715847,2026-08-14 00:43:24.973959680,13,4803,233,43
37.440676,-82.732948,2026-08-14 00:43:25.791903488,13,8110,88,27
28.273848,-107.667662,2026-08-14 00:43:26.293924096,13,6224,253,23
31.97767,-85.470058,2026-08-14 00:43:26.652549376,13,12328,117,51
30.410712,-81.551628,2026-08-14 00:43:27.448084224,13,10253,139,33
30.428593,-81.591105,2026-08-14 00:43:27.528763136,13,9719,236,41
30.510436,-81.630158,2026-08-14 00:43:27.561131520,13,8372,236,27
28.483568,-104.829732,2026-08-14 00:43:29.319270400,13,8515,225,22
18.965367,-83.837301,2026-08-14 00:43:30.148490496,13,5876,254,22
44.70329,-71.978841,2026-08-14 00:43:32.169816832,13,13277,98,22
37.954041,-102.118928,2026-08-14 00:43:32.220663040,13,14612,81,111
37.938352,-102.110903,2026-08-14 00:43:32.220667904,13,9837,130,97
38.08692,-102.111102,2026-08-14 00:43:32.220711168,13,10698,177,83
38.717485,-97.980748,2026-08-14 00:43:33.77108480,13,10459,168,33
32.143999,-102.701821,2026-08-14 00:43:33.504610560,13,5143,135,47
32.112916,-102.753749,2026-08-14 00:43:33.504593664,13,4691,249,35
43.431474,-59.652788,2026-08-14 00:43:35.151359488,13,7522,161,23
43.017713,-58.427904,2026-08-14 00:43:37.516188160,13,5576,263,87
42.029989,-90.185521,2026-08-14 00:43:37.657254400,13,8466,64,70
39.251524,-104.124277,2026-08-14 00:43:38.81929216,13,10309,90,20
32.696545,-102.445071,2026-08-14 00:43:38.625189376,13,8585,199,21
25.16098,-107.093166,2026-08-14 00:43:40.135214592,13,11830,254,24
37.902893,-83.667863,2026-08-14 00:43:40.492521472,13,7818,59,45
37.903281,-83.683669,2026-08-14 00:43:40.716357376,13,10970,93,53
37.979923,-83.757848,2026-08-14 00:43:40.716408832,13,12504,168,30
37.548522,-82.744082,2026-08-14 00:43:40.964944128,13,11927,91,32
30.323071,-108.144768,2026-08-14 00:43:41.487970816,13,12065,164,39
47.225768,-63.870658,2026-08-14 00:43:43.472472064,13,5571,269,101
46.919967,-64.062138,2026-08-14 00:43:44.257969664,13,6599,243,41
22.117186,-104.929601,2026-08-14 00:43:44.482675968,13,14557,200,24
32.124814,-102.699788,2026-08-14 00:43:44.975089920,13,4001,242,22
33.789002,-80.204759,2026-08-14 00:43:46.56880640,13,8969,148,28
33.789349,-80.307001,2026-08-14 00:43:46.273523456,13,9935,246,58
33.725666,-80.358601,2026-08-14 00:43:46.273550592,13,5353,216,35
33.824761,-80.347972,2026-08-14 00:43:46.273575680,13,13597,224,22
33.749746,-80.305939,2026-08-14 00:43:46.392359936,13,6494,116,51
33.805951,-80.361203,2026-08-14 00:43:46.392426752,13,9109,218,25
30.382909,-81.760695,2026-08-14 00:43:48.91351552,13,10157,192,23
30.385413,-81.790882,2026-08-14 00:43:48.254985216,13,13925,138,29
32.573507,-101.153778,2026-08-14 00:43:48.468376064,13,13213,164,31
32.491277,-102.459413,2026-08-14 00:43:48.536620032,13,13644,174,35
26.491987,-105.077694,2026-08-14 00:43:48.579819520,13,9339,166,45
32.622705,-101.187181,2026-08-14 00:43:48.803903232,13,11419,154,54
32.756186,-101.201829,2026-08-14 00:43:48.803970816,13,4425,189,45
35.167733,-100.530157,2026-08-14 00:43:49.237704960,13,6096,198,25
42.566735,-59.992732,2026-08-14 00:43:49.942649344,13,6188,258,33
33.322995,-107.826735,2026-08-14 00:43:49.991791872,13,12024,115,29
33.170877,-107.852077,2026-08-14 00:43:50.335232256,13,13393,146,40
23.250196,-94.270098,2026-08-14 00:43:50.574461952,13,12985,264,37
39.36926,-104.022208,2026-08-14 00:43:50.974737664,13,11777,112,39
39.434768,-103.965448,2026-08-14 00:43:50.974776576,13,8737,165,26
39.048,-97.55886,2026-08-14 00:43:53.83724544,13,8328,163,34
38.997755,-97.800287,2026-08-14 00:43:55.34723072,13,3153,165,43
38.944167,-97.858891,2026-08-14 00:43:55.34742016,13,13307,160,29
30.883702,-102.896513,2026-08-14 00:43:55.384312320,13,12105,127,37
39.002806,-97.785408,2026-08-14 00:43:55.502968320,13,9144,71,34
39.042211,-97.798793,2026-08-14 00:43:55.503028992,13,11754,90,35
32.325857,-103.298113,2026-08-14 00:43:57.139876096,13,6411,203,33
30.356107,-81.711126,2026-08-14 00:43:59.41763328,13,6794,123,68
30.403986,-81.72775,2026-08-14 00:43:59.41826048,13,9918,239,57
37.441444,-83.138351,2026-08-14 00:43:59.660613120,13,12856,152,34
31.76654,-111.006572,2026-08-14 00:44:00.160521728,13,14918,233,25
37.437081,-82.806145,2026-08-14 00:44:00.758832384,13,10240,78,68
37.450296,-82.802372,2026-08-14 00:44:00.758838784,13,3274,181,69
37.486546,-82.814811,2026-08-14 00:44:00.758847488,13,9325,223,56
37.485324,-82.799515,2026-08-14 00:44:00.758856960,13,9306,152,45
37.440768,-82.8162,2026-08-14 00:44:00.990409984,13,10629,105,29
37.495926,-82.819592,2026-08-14 00:44:00.990424576,13,13263,125,44
37.495298,-82.815054,2026-08-14 00:44:00.990432000,13,12931,111,32
39.775271,-104.329077,2026-08-14 00:44:02.53923328,13,13767,100,16
42.94153,-106.81797,2026-08-14 00:44:03.303456768,13,14744,161,21
42.913025,-106.865519,2026-08-14 00:44:03.552016384,13,11410,162,33
38.037448,-83.135469,2026-08-14 00:44:04.952345856,13,10326,71,50
38.065803,-83.141861,2026-08-14 00:44:04.952355328,13,8720,236,36
42.587495,-106.921668,2026-08-14 00:44:05.70155008,13,10479,128,21
42.641654,-106.883558,2026-08-14 00:44:05.103733504,13,11583,85,25
37.388455,-82.821529,2026-08-14 00:44:06.759450624,13,12200,113,33
37.474482,-82.826449,2026-08-14 00:44:06.759522816,13,4998,243,20
18.85353,-96.901621,2026-08-14 00:44:07.590511360,13,4829,260,84
33.757765,-80.243011,2026-08-14 00:44:07.949377792,13,10505,120,61
33.912144,-80.287098,2026-08-14 00:44:07.949477888,13,14929,222,45
33.820926,-80.297237,2026-08-14 00:44:07.949446144,13,8785,221,31
37.909956,-83.693471,2026-08-14 00:44:08.114057216,13,14827,93,40
38.002458,-83.677742,2026-08-14 00:44:08.114122496,13,8477,233,20
37.89096,-83.700868,2026-08-14 00:44:08.198225408,13,9068,104,22
45.527439,-70.492025,2026-08-14 00:44:08.463522304,13,11271,69,48
34.192815,-100.537274,2026-08-14 00:44:08.520797184,13,13023,113,34
43.102758,-106.637792,2026-08-14 00:44:10.431791872,13,13582,65,46
43.038506,-106.651479,2026-08-14 00:44:10.431788544,13,10681,105,33
30.395272,119.284269,2026-08-14 00:40:16.620652032,14,9738,267,37
19.032213,127.490308,2026-08-14 00:40:21.48887040,14,3057,182,32
19.549041,124.657606,2026-08-14 00:40:31.630368256,14,12622,159,37
19.226686,126.249087,2026-08-14 00:40:53.153309184,14,5391,173,48
19.063554,127.478564,2026-08-14 00:40:56.416968448,14,5752,182,29
19.03787,127.507701,2026-08-14 00:41:17.262455808,14,8156,182,26
17.986061,132.410644,2026-08-14 00:41:22.84859392,14,4398,232,32
22.476797,115.203356,2026-08-14 00:41:30.238705664,14,6749,262,33
21.714758,134.028267,2026-08-14 00:41:34.568123904,14,3597,209,29
18.786981,128.960684,2026-08-14 00:41:53.844985088,14,10120,194,35
19.030403,126.991909,2026-08-14 00:41:59.355015424,14,7351,179,40
19.040257,126.954719,2026-08-14 00:41:59.403202560,14,3239,178,28
28.643909,123.795628,2026-08-14 00:42:06.114757888,14,8114,209,43
28.706557,123.718452,2026-08-14 00:42:06.356754176,14,6806,200,26
22.121933,113.642801,2026-08-14 00:42:28.795063040,14,14445,168,26
21.544984,113.135627,2026-08-14 00:42:47.138804480,14,10981,263,23
18.842522,128.657033,2026-08-14 00:43:41.195929600,14,5316,209,22
58.012402,3.535049,2026-08-14 00:40:03.183553536,11,9131,154,208
43.137967,-58.855867,2026-08-14 00:40:15.777509376,11,14558,179,299
34.927998,-60.309045,2026-08-14 00:40:41.711474432,11,8673,226,49
35.253514,-61.45027,2026-08-14 00:40:45.133359104,11,14343,188,154
41.544422,38.758344,2026-08-14 00:40:46.952577792,11,10557,266,27
57.997244,3.53397,2026-08-14 00:40:51.263318784,11,6150,240,61
57.989838,3.589433,2026-08-14 00:40:51.263397888,11,11137,217,69
58.024564,3.518462,2026-08-14 00:40:51.263382528,11,11923,196,56
58.008752,3.561803,2026-08-14 00:40:51.263386112,11,6897,203,40
42.02707,41.547238,2026-08-14 00:40:51.599542016,11,8028,261,278
46.772971,-64.567362,2026-08-14 00:41:00.413730560,11,6763,152,48
42.737109,-60.639815,2026-08-14 00:41:06.958889728,11,13364,166,172
57.860581,3.559452,2026-08-14 00:41:07.782676736,11,12023,117,239
57.82338,3.654227,2026-08-14 00:41:07.782700544,11,5548,211,236
42.902033,-60.25444,2026-08-14 00:41:35.665710080,11,6220,168,110
45.79425,-65.280616,2026-08-14 00:41:40.400556544,11,14147,165,19
57.764805,3.285881,2026-08-14 00:41:40.947995392,11,11892,149,206
57.848201,3.332628,2026-08-14 00:41:40.947994112,11,7229,196,253
57.860354,3.313091,2026-08-14 00:41:40.947994368,11,7022,227,240
41.25393,-58.876909,2026-08-14 00:42:04.450931456,11,11112,172,72
41.965172,41.525375,2026-08-14 00:42:12.494359040,11,5123,205,207
57.834303,3.309013,2026-08-14 00:42:21.795069440,11,11909,188,54
57.805587,3.281529,2026-08-14 00:42:21.795159296,11,14571,197,49
57.793019,3.305094,2026-08-14 00:42:21.795146496,11,12360,200,35
43.335418,-57.760539,2026-08-14 00:42:23.81621248,11,9283,158,59
35.815595,-70.191479,2026-08-14 00:42:24.60067072,11,11341,226,124
57.288686,2.307027,2026-08-14 00:42:29.713553920,11,13952,140,247
57.277428,2.328487,2026-08-14 00:42:29.713556992,11,11697,196,266
57.288007,2.252132,2026-08-14 00:42:29.713550848,11,6612,237,247
35.32682,-60.336779,2026-08-14 00:42:30.395025920,11,10290,197,96
41.169228,-58.896897,2026-08-14 00:42:34.819557632,11,12996,180,56
30.36754,-81.698798,2026-08-14 00:42:45.919591936,11,14558,121,77
42.525723,-60.612776,2026-08-14 00:42:53.914814464,11,7235,214,42
42.561891,-60.499825,2026-08-14 00:42:54.322042368,11,10082,197,41
35.890688,-62.971154,2026-08-14 00:43:04.995376128,11,13725,162,371
57.489746,2.682143,2026-08-14 00:43:18.159127296,11,10277,163,111
35.273085,-60.341597,2026-08-14 00:43:31.517312768,11,10157,187,72
35.264641,-60.309251,2026-08-14 00:43:31.565761024,11,12083,187,82
42.997638,-58.758453,2026-08-14 00:43:37.516278272,11,7831,165,217
8.243429,17.063262,2026-08-14 00:43:48.766009856,11,8589,215,29
35.030723,-61.46956,2026-08-14 00:44:03.461836032,11,12938,223,279
58.028572,3.513385,2026-08-14 00:40:03.183552256,12,12666,155,287
34.927684,-60.309613,2026-08-14 00:40:41.711474432,12,8674,226,49
35.253508,-61.450269,2026-08-14 00:40:45.133359104,12,14344,188,154
41.545417,38.753141,2026-08-14 00:40:46.952579072,12,10553,266,26
57.997244,3.53397,2026-08-14 00:40:51.263318784,12,6150,240,78
46.819061,-64.44047,2026-08-14 00:41:00.413750528,12,9568,156,121
42.737109,-60.639815,2026-08-14 00:41:06.958889728,12,13364,166,172
57.860581,3.559452,2026-08-14 00:41:07.782676736,12,12023,117,239
57.82338,3.654227,2026-08-14 00:41:07.782700544,12,5548,211,236
46.633793,-60.136785,2026-08-14 00:41:15.841096704,12,11210,150,42
42.902033,-60.25444,2026-08-14 00:41:35.665710080,12,6220,168,110
45.79425,-65.280616,2026-08-14 00:41:40.400556544,12,14147,165,19
57.764805,3.285881,2026-08-14 00:41:40.947995392,12,11892,149,206
57.848201,3.332628,2026-08-14 00:41:40.947994112,12,7229,196,253
57.860354,3.313091,2026-08-14 00:41:40.947994368,12,7022,227,240
41.253931,-58.876909,2026-08-14 00:42:04.450931456,12,11112,172,79
41.965172,41.525375,2026-08-14 00:42:12.494359040,12,5123,205,207
57.834303,3.309013,2026-08-14 00:42:21.795069440,12,11909,188,53
57.805587,3.281529,2026-08-14 00:42:21.795159296,12,14571,197,49
57.793019,3.305094,2026-08-14 00:42:21.795146496,12,12360,200,35
43.321754,-57.751406,2026-08-14 00:42:23.81621248,12,8509,158,63
35.815595,-70.191479,2026-08-14 00:42:24.60067072,12,11341,226,124
57.288686,2.307027,2026-08-14 00:42:29.713553920,12,13952,140,247
57.277428,2.328487,2026-08-14 00:42:29.713556992,12,11697,196,265
57.288007,2.252132,2026-08-14 00:42:29.713550848,12,6612,237,246
41.169228,-58.896166,2026-08-14 00:42:34.819557376,12,12991,180,56
30.36754,-81.698798,2026-08-14 00:42:45.919591936,12,14558,121,77
42.525723,-60.612776,2026-08-14 00:42:53.914814464,12,7235,214,42
42.551516,-60.495185,2026-08-14 00:42:54.322041344,12,11362,197,38
35.890688,-62.971154,2026-08-14 00:43:04.995376128,12,13725,162,372
57.489746,2.682143,2026-08-14 00:43:18.159127296,12,10277,163,120
35.273085,-60.341597,2026-08-14 00:43:31.517312768,12,10157,187,72
35.26952,-60.330025,2026-08-14 00:43:31.565766912,12,13862,187,71
42.997638,-58.758453,2026-08-14 00:43:37.516278272,12,7831,165,217
8.243429,17.063262,2026-08-14 00:43:48.766009856,12,8589,215,29
35.030723,-61.46956,2026-08-14 00:44:03.461836032,12,12938,223,279
39.713329,-57.337625,2026-08-14 01:20:00.653588736,1,13450,178,24
32.144442,-52.848283,2026-08-14 01:20:07.740635648,1,9744,244,19
18.361677,-5.509331,2026-08-14 01:20:09.48169472,1,7760,218,43
41.835425,41.698909,2026-08-14 01:20:34.875572992,1,4927,211,141
53.478255,-39.486396,2026-08-14 01:20:42.472511232,1,6360,270,427
35.612412,-85.969023,2026-08-14 01:20:50.817717504,1,11384,91,25
35.630689,-85.937085,2026-08-14 01:20:50.822164224,1,9047,106,27
54.014536,-41.52166,2026-08-14 01:21:04.966697728,1,14753,164,107
46.823515,-60.006133,2026-08-14 01:21:13.17552128,1,13044,139,26
41.811873,41.717728,2026-08-14 01:21:30.352479744,1,14925,249,26
43.038717,-59.826892,2026-08-14 01:21:31.164588288,1,5281,150,46
43.178026,-57.9986,2026-08-14 01:21:39.50274304,1,14545,173,30
31.13335,119.730325,2026-08-14 01:20:02.443728384,2,8780,241,27
31.097007,119.840419,2026-08-14 01:20:02.812366592,2,13374,151,22
19.671859,124.854604,2026-08-14 01:20:10.636605696,2,5593,177,31
19.593703,127.158793,2026-08-14 01:20:11.448766464,2,8873,178,37
21.858588,120.306159,2026-08-14 01:20:30.552689664,2,8944,200,30
17.036564,134.167984,2026-08-14 01:20:35.456355072,2,7024,244,30
18.301228,132.114726,2026-08-14 01:20:36.957425408,2,4787,214,32
30.911351,120.854952,2026-08-14 01:20:57.343948544,2,14070,147,23
31.981484,118.256005,2026-08-14 01:20:59.306623232,2,13002,157,21
18.397524,132.636957,2026-08-14 01:21:07.491959296,2,5909,235,37
19.595731,127.14968,2026-08-14 01:21:12.12813056,2,4142,177,32
30.299985,136.740424,2026-08-14 01:21:13.471685120,2,14550,269,19
19.58271,124.828544,2026-08-14 01:21:34.980606720,2,3973,183,38
19.624119,124.828315,2026-08-14 01:21:35.110257152,2,7061,177,24
37.398668,-82.827535,2026-08-14 01:20:06.771739136,3,5857,185,96
37.381771,-82.877396,2026-08-14 01:20:06.771729920,3,3802,257,85
37.41033,-82.834697,2026-08-14 01:20:06.771745280,3,14560,180,70
37.449234,-82.835601,2026-08-14 01:20:06.771763456,3,8904,126,47
37.360785,-82.825305,2026-08-14 01:20:06.858652928,3,4560,83,54
37.385818,-82.833952,2026-08-14 01:20:06.858662144,3,5290,146,41
37.363405,-82.882879,2026-08-14 01:20:06.858702080,3,8234,171,24
38.756914,-114.786141,2026-08-14 01:20:06.915409152,3,13664,98,19
37.470651,-82.729101,2026-08-14 01:20:07.17546752,3,11194,86,30
37.380204,-82.856934,2026-08-14 01:20:07.86091264,3,8640,125,48
37.354067,-82.86312,2026-08-14 01:20:07.86143232,3,7749,158,35
37.362435,-82.879705,2026-08-14 01:20:07.86133248,3,8870,159,20
37.342719,-82.829442,2026-08-14 01:20:07.348658944,3,6436,121,39
37.363429,-82.857993,2026-08-14 01:20:07.348708864,3,10947,159,26
41.370325,-104.188474,2026-08-14 01:20:07.616984320,3,9349,154,71
41.419151,-104.146713,2026-08-14 01:20:07.617004800,3,9141,90,59
41.403731,-104.13636,2026-08-14 01:20:07.617008896,3,8113,110,44
32.729241,-101.38801,2026-08-14 01:20:09.120966656,3,3113,224,27
32.443185,-102.52027,2026-08-14 01:20:10.75452672,3,12389,75,19
32.407996,-102.42698,2026-08-14 01:20:10.75467264,3,9768,130,50
37.262121,-82.989902,2026-08-14 01:20:17.705605120,3,7837,140,34
37.320297,-82.865932,2026-08-14 01:20:17.705642752,3,9343,177,21
42.683824,-59.812959,2026-08-14 01:20:19.660209920,3,8712,258,54
24.14032,-94.438065,2026-08-14 01:20:20.77673472,3,4224,176,57
24.176713,-94.452239,2026-08-14 01:20:20.77727488,3,8720,213,46
30.336033,-81.095479,2026-08-14 01:20:20.125234688,3,5762,134,38
30.429785,-81.122536,2026-08-14 01:20:20.125311232,3,3957,237,45
32.655466,-101.311704,2026-08-14 01:20:27.322533632,3,4373,120,31
32.671958,-101.410738,2026-08-14 01:20:27.322560256,3,14278,73,21
32.565041,-101.394227,2026-08-14 01:20:27.400440320,3,7814,184,22
32.650306,-101.317649,2026-08-14 01:20:27.455614720,3,4869,120,33
32.922234,-86.960189,2026-08-14 01:20:35.325978624,3,13416,113,34
33.048174,-86.895687,2026-08-14 01:20:35.326036992,3,4983,204,21
38.875144,-103.670054,2026-08-14 01:20:35.410074368,3,14743,120,99
38.864969,-103.624243,2026-08-14 01:20:35.410084608,3,3543,105,83
38.890891,-103.649013,2026-08-14 01:20:35.410087168,3,8437,134,70
38.962897,-103.604278,2026-08-14 01:20:35.410101760,3,14741,122,56
38.90486,-103.722496,2026-08-14 01:20:35.410130944,3,14399,127,43
38.90805,-97.434863,2026-08-14 01:20:35.467426304,3,5944,162,42
38.901778,-97.444962,2026-08-14 01:20:35.467471616,3,12328,192,26
35.304357,-100.424993,2026-08-14 01:20:35.838360064,3,8651,105,21
35.325138,-100.520073,2026-08-14 01:20:35.838388480,3,11921,89,43
35.270251,-100.463114,2026-08-14 01:20:35.895964416,3,12972,111,25
35.229948,-100.520053,2026-08-14 01:20:35.944420352,3,6987,148,23
37.181699,-83.190954,2026-08-14 01:20:36.166124800,3,8470,68,47
37.184832,-83.18198,2026-08-14 01:20:36.166130944,3,8071,115,29
42.587798,-118.052594,2026-08-14 01:20:36.189749760,3,12131,97,24
37.808802,-100.478844,2026-08-14 01:20:36.600109056,3,11314,86,38
35.086815,-59.805416,2026-08-14 01:20:36.712277504,3,2927,247,30
41.730728,-89.329941,2026-08-14 01:20:36.739010048,3,9226,84,97
41.690553,-89.349853,2026-08-14 01:20:36.739013632,3,8086,158,81
41.705604,-89.355128,2026-08-14 01:20:36.739009792,3,3434,113,65
38.897292,-62.764014,2026-08-14 01:20:43.970533632,3,5793,267,66
38.879997,-62.693636,2026-08-14 01:20:43.970569216,3,13119,252,50
38.806336,-62.692494,2026-08-14 01:20:43.999031552,3,14483,257,39
37.217168,-83.246292,2026-08-14 01:20:44.48710144,3,6269,138,35
37.268717,-83.234806,2026-08-14 01:20:44.48783360,3,7692,269,22
37.19857,-83.2237,2026-08-14 01:20:44.196474624,3,8407,68,62
37.271434,-83.212681,2026-08-14 01:20:44.196498176,3,5857,138,44
37.275513,-83.199813,2026-08-14 01:20:44.196503552,3,14165,102,29
47.047212,-63.627301,2026-08-14 01:20:51.879115520,3,4748,270,66
30.253681,-64.254645,2026-08-14 01:20:59.217562880,3,14603,229,14
45.635264,-112.051629,2026-08-14 01:20:59.831856640,3,10598,128,16
27.237732,-108.368577,2026-08-14 01:21:00.476784128,3,6712,240,47
27.252224,-108.375568,2026-08-14 01:21:00.476830720,3,5200,183,41
27.267238,-108.38936,2026-08-14 01:21:00.476832768,3,8442,243,28
21.525452,-80.631944,2026-08-14 01:21:01.51289088,3,12681,263,52
32.897648,-101.19303,2026-08-14 01:21:01.377584384,3,5668,115,32
37.19691,-82.697466,2026-08-14 01:21:02.49212672,3,11407,83,25
37.708803,-83.487918,2026-08-14 01:21:02.159777536,3,12717,62,32
37.74976,-83.48348,2026-08-14 01:21:02.159790848,3,5729,218,78
37.78635,-83.478843,2026-08-14 01:21:02.159806464,3,4551,149,60
37.709465,-83.43297,2026-08-14 01:21:02.159782656,3,7885,184,42
37.741145,-83.633811,2026-08-14 01:21:02.180772864,3,13568,139,41
37.638098,-83.560586,2026-08-14 01:21:02.180768768,3,3769,163,29
37.694964,-83.484103,2026-08-14 01:21:02.210753536,3,7576,122,44
37.703759,-83.530688,2026-08-14 01:21:02.210800128,3,11212,163,26
37.155884,-83.120031,2026-08-14 01:21:09.705588736,3,14084,112,27
41.798961,-118.77351,2026-08-14 01:21:10.510222336,3,14336,49,22
38.70514,-98.014072,2026-08-14 01:21:10.553328896,3,11716,138,21
32.174534,-102.306159,2026-08-14 01:21:11.475421184,3,6353,204,22
32.457573,-102.53755,2026-08-14 01:21:11.964499200,3,5889,223,20
42.741665,-106.655773,2026-08-14 01:21:12.533498112,3,5723,103,21
37.255521,-82.962941,2026-08-14 01:21:12.629479936,3,13784,70,25
38.110234,-63.496624,2026-08-14 01:21:12.849931520,3,5772,248,26
37.362959,-82.895822,2026-08-14 01:21:12.884254976,3,12648,64,30
46.92939,-59.882134,2026-08-14 01:21:13.17450496,3,8753,223,53
40.189152,-103.483959,2026-08-14 01:21:13.279883264,3,12849,107,48
40.211236,-103.39201,2026-08-14 01:21:13.279914752,3,11423,158,36
38.254863,-101.905101,2026-08-14 01:21:13.356689408,3,10357,136,15
39.126562,-103.930213,2026-08-14 01:21:15.214932480,3,8192,62,24
39.143333,-103.936617,2026-08-14 01:21:15.277820416,3,4311,66,27
39.132648,-103.918639,2026-08-14 01:21:15.424621056,3,10620,108,20
38.953762,-97.538545,2026-08-14 01:21:15.691097856,3,6243,163,48
38.960403,-97.562046,2026-08-14 01:21:15.691092480,3,5254,205,37
38.931527,-97.576032,2026-08-14 01:21:15.691148032,3,8810,193,24
30.666249,-102.636021,2026-08-14 01:21:15.793368576,3,4848,216,22
30.621191,-102.805474,2026-08-14 01:21:15.908722432,3,9332,163,15
38.963471,-97.513762,2026-08-14 01:21:16.237026304,3,9810,172,18
38.95953,-97.54933,2026-08-14 01:21:16.354579968,3,6155,163,31
38.985257,-97.430565,2026-08-14 01:21:16.354610176,3,13806,153,27
30.267681,-104.013205,2026-08-14 01:21:24.578119424,3,12031,130,47
30.335955,-104.033914,2026-08-14 01:21:24.578176768,3,7166,250,34
37.195893,-82.850666,2026-08-14 01:21:24.865618688,3,13622,80,34
37.240478,-82.833765,2026-08-14 01:21:25.90964736,3,7507,123,40
37.202588,-82.908193,2026-08-14 01:21:25.91000576,3,6825,172,24
37.214356,-82.710031,2026-08-14 01:21:28.351070208,3,8365,125,24
37.291434,-82.672824,2026-08-14 01:21:28.351150080,3,3873,243,25
37.177626,-82.668793,2026-08-14 01:21:28.415873536,3,5848,98,35
37.220244,-82.798471,2026-08-14 01:21:28.415910656,3,12689,105,28
37.182881,-82.705948,2026-08-14 01:21:28.415921920,3,8053,163,21
37.19429,-82.683344,2026-08-14 01:21:28.470089216,3,3726,125,50
37.224365,-82.799884,2026-08-14 01:21:28.470124032,3,10028,105,32
37.185674,-82.726988,2026-08-14 01:21:28.470129664,3,11671,164,18
37.298685,-82.66878,2026-08-14 01:21:28.557875712,3,7916,142,39
37.25115,-82.682427,2026-08-14 01:21:28.557916672,3,10294,240,24
37.193452,-82.684329,2026-08-14 01:21:28.939679488,3,12608,92,46
37.181515,-82.721978,2026-08-14 01:21:28.939730944,3,12530,170,25
37.194674,-82.688028,2026-08-14 01:21:29.145526272,3,10488,86,28
37.203337,-82.707265,2026-08-14 01:21:29.358031616,3,6406,134,35
38.919448,-97.396522,2026-08-14 01:21:29.588491008,3,10835,119,31
38.907771,-97.456472,2026-08-14 01:21:29.588521216,3,14617,169,18
37.237027,-83.264306,2026-08-14 01:21:29.944115456,3,10606,177,24
42.797222,-106.539717,2026-08-14 01:21:30.710864896,3,12980,211,28
42.736657,-106.603292,2026-08-14 01:21:30.779356928,3,14105,92,37
42.613351,-106.620576,2026-08-14 01:21:30.779335168,3,7692,100,24
41.911001,-90.438706,2026-08-14 01:21:31.104258816,3,9551,79,23
43.133669,-59.694332,2026-08-14 01:21:31.164488192,3,7375,255,47
43.0441,-59.395684,2026-08-14 01:21:31.233274112,3,10039,257,34
30.256723,-103.519399,2026-08-14 01:21:38.901624064,3,10289,136,36
30.388789,-103.579973,2026-08-14 01:21:38.901660672,3,9042,203,23
43.192531,-57.815197,2026-08-14 01:21:39.50166272,3,12027,265,27
43.148701,-57.842382,2026-08-14 01:21:39.50226432,3,13140,160,48
26.618989,-104.764088,2026-08-14 01:21:39.58051840,3,10234,163,53
26.62668,-104.851917,2026-08-14 01:21:39.58083072,3,14663,222,41
26.958258,-104.723298,2026-08-14 01:21:39.58218496,3,8509,252,29
43.080964,-57.380582,2026-08-14 01:21:39.83362304,3,5804,267,31
43.179932,-57.859859,2026-08-14 01:21:39.83497472,3,8112,173,23
43.256409,-58.065829,2026-08-14 01:21:39.99829248,3,10173,168,14
30.744584,-102.861154,2026-08-14 01:21:47.57204224,3,11197,89,14
30.820913,-102.862764,2026-08-14 01:21:47.57264384,3,12188,185,29
39.02323,-97.575737,2026-08-14 01:21:48.107162624,3,13882,237,29
45.928579,-121.246063,2026-08-14 01:21:48.625460480,3,13094,86,29
30.63775,-102.937582,2026-08-14 01:21:56.371375104,3,7146,189,41
30.676987,-102.960086,2026-08-14 01:21:56.371426048,3,9581,200,28
32.378353,-102.548214,2026-08-14 01:21:56.787146496,3,10869,203,25
31.164897,119.877478,2026-08-14 01:20:02.812383744,4,6351,250,24
19.663634,124.854154,2026-08-14 01:20:10.636603136,4,6033,177,33
19.592474,127.17039,2026-08-14 01:20:11.448762624,4,3800,196,41
21.852512,120.365635,2026-08-14 01:20:30.552702720,4,6251,221,32
18.652259,119.203555,2026-08-14 01:20:34.729004288,4,2814,235,29
41.834902,41.614919,2026-08-14 01:20:35.96120832,4,6794,249,19
31.981484,118.256005,2026-08-14 01:20:59.306623232,4,13002,157,20
19.556298,124.901863,2026-08-14 01:21:34.980614656,4,5903,165,41
42.023245,40.409517,2026-08-14 01:21:37.433752320,4,7804,240,24
24.128836,-94.440219,2026-08-14 01:20:20.77667072,7,7435,144,22
16.893238,-97.168915,2026-08-14 01:20:39.933186304,7,13408,259,13
27.234081,-108.486892,2026-08-14 01:21:00.476799488,7,10226,178,19
9.427224,2.045639,2026-08-14 01:21:47.379539200,5,9367,223,22
31.170685,119.888095,2026-08-14 01:20:02.443780096,9,5883,257,16
19.652301,124.887133,2026-08-14 01:20:10.636606720,9,3728,177,33
19.664969,127.21269,2026-08-14 01:20:11.448794112,9,1419,199,40
18.647616,119.235919,2026-08-14 01:20:34.729010176,9,952,234,29
17.002756,134.188769,2026-08-14 01:20:35.456350464,9,4863,244,34
21.763947,113.425289,2026-08-14 01:20:53.749614336,9,10484,208,24
31.009679,120.913923,2026-08-14 01:20:57.343976448,9,6408,257,15
32.056772,118.302373,2026-08-14 01:20:59.306649088,9,6457,254,18
18.731222,129.53919,2026-08-14 01:21:39.603129088,9,6429,215,34
20.224293,112.21475,2026-08-14 01:21:50.368137216,9,5338,229,25
41.251254,-104.116973,2026-08-14 01:20:02.838829056,13,10762,90,31
33.758674,-102.782478,2026-08-14 01:20:05.81866240,13,7296,149,17
37.394476,-82.844744,2026-08-14 01:20:06.771741184,13,8292,105,94
37.411058,-82.835731,2026-08-14 01:20:06.771743744,13,14305,180,80
37.448302,-82.831065,2026-08-14 01:20:06.771761152,13,7130,126,57
37.36548,-82.843342,2026-08-14 01:20:06.858648320,13,11170,83,42
37.359768,-82.892336,2026-08-14 01:20:06.858701824,13,10008,171,27
37.472432,-82.715819,2026-08-14 01:20:07.17543680,13,12833,87,29
37.381933,-82.845801,2026-08-14 01:20:07.86089472,13,12124,125,50
37.358422,-82.8875,2026-08-14 01:20:07.86139648,13,7559,159,34
41.394015,-104.216683,2026-08-14 01:20:07.616986112,13,14720,124,73
41.429621,-104.203601,2026-08-14 01:20:07.616992000,13,6820,175,58
41.409734,-104.127174,2026-08-14 01:20:07.617007872,13,14345,94,45
32.729518,-101.365717,2026-08-14 01:20:09.120971776,13,7234,128,23
32.443185,-102.52027,2026-08-14 01:20:10.75452672,13,12390,75,68
32.454239,-102.451866,2026-08-14 01:20:10.75490560,13,10407,218,49
34.997105,-59.96754,2026-08-14 01:20:10.264885248,13,6390,255,36
37.202189,-82.666803,2026-08-14 01:20:10.550798848,13,11891,74,33
37.226649,-82.672812,2026-08-14 01:20:10.714351616,13,6286,213,38
37.243006,-82.670024,2026-08-14 01:20:10.714360064,13,5381,227,68
37.264707,-82.675744,2026-08-14 01:20:10.714366976,13,6099,161,50
43.145762,-59.529058,2026-08-14 01:20:12.943310848,13,4410,256,66
42.992767,-59.557734,2026-08-14 01:20:13.67856896,13,10717,260,30
42.998443,-59.500978,2026-08-14 01:20:13.702982400,13,7748,257,38
43.020326,-59.520161,2026-08-14 01:20:13.778548736,13,10283,257,50
37.134548,-83.397903,2026-08-14 01:20:14.613669376,13,5151,135,26
42.720051,-106.616961,2026-08-14 01:20:14.878055424,13,8269,75,66
42.717905,-106.614771,2026-08-14 01:20:14.878064640,13,8350,140,61
32.882394,-101.221684,2026-08-14 01:20:15.421430016,13,13749,116,67
33.040711,-101.220348,2026-08-14 01:20:15.421514240,13,5284,223,50
42.898862,-106.586875,2026-08-14 01:20:15.656597760,13,14088,198,28
27.784948,-106.987005,2026-08-14 01:20:15.715082752,13,8252,234,30
32.370264,-102.576385,2026-08-14 01:20:16.660283648,13,6051,203,25
37.311962,-82.861043,2026-08-14 01:20:17.705645056,13,8463,177,28
37.303134,-82.868826,2026-08-14 01:20:17.705643264,13,12100,177,16
42.694568,-59.8399,2026-08-14 01:20:19.660218112,13,4813,258,85
24.130405,-94.440678,2026-08-14 01:20:20.77672448,13,7750,144,61
30.340372,-81.110662,2026-08-14 01:20:20.125231872,13,10964,134,46
24.055631,-94.567914,2026-08-14 01:20:20.139984896,13,9785,260,25
24.077957,-94.524967,2026-08-14 01:20:20.440700928,13,10039,257,31
28.241404,-106.012983,2026-08-14 01:20:20.970585088,13,13076,226,52
39.880248,-109.515648,2026-08-14 01:20:21.92712192,13,14317,53,23
37.192698,-82.721048,2026-08-14 01:20:21.965604096,13,13223,147,25
41.837181,-89.049678,2026-08-14 01:20:24.769506560,13,11843,82,22
38.894655,-97.565615,2026-08-14 01:20:24.829667584,13,12890,171,26
18.886584,-91.382102,2026-08-14 01:20:25.368962048,13,7136,238,77
37.203067,-83.259661,2026-08-14 01:20:25.811374336,13,12378,113,35
43.392775,-57.071789,2026-08-14 01:20:26.307267584,13,10892,268,43
32.69551,-101.264654,2026-08-14 01:20:26.474144512,13,8701,119,23
30.366154,-103.255225,2026-08-14 01:20:28.703502592,13,8205,200,23
30.37707,-103.229885,2026-08-14 01:20:29.592890880,13,8958,193,22
38.51375,-102.490919,2026-08-14 01:20:30.918639360,13,12026,116,18
40.853448,-117.54421,2026-08-14 01:20:31.474999808,13,7320,79,29
29.736405,-106.033694,2026-08-14 01:20:31.709890560,13,9265,221,45
38.914993,-97.894516,2026-08-14 01:20:31.878522880,13,12397,218,28
38.476233,-102.359456,2026-08-14 01:20:33.758831104,13,14553,107,59
38.472955,-102.437097,2026-08-14 01:20:33.758829824,13,5675,203,59
37.134515,-82.768936,2026-08-14 01:20:34.427028992,13,8139,156,84
37.231113,-82.67074,2026-08-14 01:20:34.427072512,13,7305,183,71
37.267266,-82.674872,2026-08-14 01:20:34.427084800,13,9364,117,57
38.856991,-103.649543,2026-08-14 01:20:35.410078720,13,11915,112,62
38.868053,-103.716523,2026-08-14 01:20:35.410074624,13,8181,208,85
35.301539,-100.430358,2026-08-14 01:20:35.838361600,13,11146,105,59
35.430725,-100.427393,2026-08-14 01:20:35.838433280,13,7489,218,37
37.18843,-83.201977,2026-08-14 01:20:36.166120960,13,9471,107,28
42.587803,-118.05259,2026-08-14 01:20:36.189749760,13,12131,97,23
37.808793,-100.478853,2026-08-14 01:20:36.600109056,13,11313,86,38
41.718907,-89.317049,2026-08-14 01:20:36.739006976,13,9401,142,77
41.70854,-89.357493,2026-08-14 01:20:36.739002112,13,12394,113,71
41.704517,-89.366111,2026-08-14 01:20:36.827037696,13,8314,78,25
37.210574,-83.088045,2026-08-14 01:20:37.910657536,13,9062,62,63
37.265867,-83.083354,2026-08-14 01:20:37.910676224,13,4507,225,69
37.276632,-83.096005,2026-08-14 01:20:37.910685696,13,9106,135,55
37.259771,-83.109716,2026-08-14 01:20:37.910676992,13,11671,105,39
37.209842,-83.083121,2026-08-14 01:20:37.958480384,13,8962,70,43
37.346097,-83.19485,2026-08-14 01:20:37.958543872,13,8693,179,35
37.263943,-83.126995,2026-08-14 01:20:37.958540288,13,14600,184,21
37.238703,-83.094903,2026-08-14 01:20:38.296862720,13,6678,153,91
37.22608,-83.088193,2026-08-14 01:20:38.296858112,13,14600,106,86
37.274721,-83.090922,2026-08-14 01:20:38.296875008,13,8559,228,68
39.2358,-105.888577,2026-08-14 01:20:38.462532864,13,6138,134,25
42.97332,-60.016103,2026-08-14 01:20:39.257334272,13,10398,186,24
32.434217,-102.426626,2026-08-14 01:20:40.380451072,13,7111,210,22
46.144352,-64.2054,2026-08-14 01:20:40.544047360,13,12480,192,35
46.111089,-64.570191,2026-08-14 01:20:40.544195328,13,10293,146,20
37.274694,-82.961514,2026-08-14 01:20:42.362254080,13,8273,121,34
38.883447,-97.381292,2026-08-14 01:20:42.840309760,13,8415,119,30
37.241021,-83.126295,2026-08-14 01:20:43.119136512,13,13610,123,30
37.269575,-83.08703,2026-08-14 01:20:43.220720640,13,9492,177,22
37.202897,-83.230947,2026-08-14 01:20:43.675041536,13,13902,64,52
37.247609,-83.220688,2026-08-14 01:20:43.675065856,13,6937,226,64
37.267085,-83.246175,2026-08-14 01:20:43.675076352,13,12598,168,52
38.937165,-62.793178,2026-08-14 01:20:43.970543872,13,9418,256,55
37.219248,-83.248473,2026-08-14 01:20:44.196480256,13,6291,105,62
18.973369,-91.533703,2026-08-14 01:20:46.311325440,13,8413,237,42
34.267157,-102.991275,2026-08-14 01:20:46.553983744,13,7155,171,24
30.71528,-102.782059,2026-08-14 01:20:47.491676928,13,13786,89,70
37.395426,-82.955856,2026-08-14 01:20:48.395761152,13,13974,84,29
37.372053,-82.947842,2026-08-14 01:20:49.270354944,13,7409,86,38
37.367971,-82.941655,2026-08-14 01:20:49.463016192,13,9410,83,86
37.382312,-82.941867,2026-08-14 01:20:49.463021056,13,11130,105,79
37.39975,-82.94756,2026-08-14 01:20:49.463031296,13,14294,182,62
37.381774,-83.07721,2026-08-14 01:20:49.463043840,13,13245,167,49
37.375205,-82.939358,2026-08-14 01:20:49.698733312,13,9357,73,52
39.238992,-103.345732,2026-08-14 01:20:49.759714560,13,8786,123,16
38.887105,-97.365605,2026-08-14 01:20:50.386541056,13,14298,112,28
35.6501,-85.969331,2026-08-14 01:20:50.817701632,13,9310,95,75
35.638575,-85.98461,2026-08-14 01:20:50.817723392,13,8649,179,65
35.607647,-85.957488,2026-08-14 01:20:50.822155520,13,14839,65,96
35.717851,-85.954359,2026-08-14 01:20:50.822190336,13,9543,231,97
35.624306,-85.953507,2026-08-14 01:20:50.822163456,13,11846,92,92
35.65058,-85.979767,2026-08-14 01:20:50.822173184,13,12370,182,72
35.60764,-85.968694,2026-08-14 01:20:50.903084800,13,13203,63,36
47.044183,-63.65465,2026-08-14 01:20:51.879119360,13,9886,270,60
31.948697,-64.799504,2026-08-14 01:20:52.226711296,13,2865,256,22
41.929659,-90.464446,2026-08-14 01:20:53.637690624,13,5264,75,22
38.866448,-97.418049,2026-08-14 01:20:53.892278016,13,6424,161,37
38.865853,-97.484571,2026-08-14 01:20:53.892321792,13,9172,146,24
38.883772,-97.422318,2026-08-14 01:20:54.98363904,13,6342,162,40
37.351224,-82.873282,2026-08-14 01:20:55.796075008,13,13933,141,28
37.315642,-83.04208,2026-08-14 01:20:55.796084992,13,9008,164,31
32.352557,-102.469233,2026-08-14 01:20:57.144628992,13,12726,202,17
45.635266,-112.051635,2026-08-14 01:20:59.831852288,13,10599,128,18
27.237925,-108.368959,2026-08-14 01:21:00.476784128,13,6711,242,50
27.25157,-108.383165,2026-08-14 01:21:00.476832000,13,7912,183,41
32.893301,-101.196136,2026-08-14 01:21:01.377584896,13,13071,115,53
32.91689,-101.272226,2026-08-14 01:21:01.377610240,13,11450,139,42
37.201845,-82.671813,2026-08-14 01:21:02.49207296,13,11562,68,25
37.738085,-83.483056,2026-08-14 01:21:02.159785472,13,6653,195,93
37.723824,-83.489703,2026-08-14 01:21:02.159787008,13,2453,172,84
37.794323,-83.473683,2026-08-14 01:21:02.159809792,13,3319,250,72
37.722571,-83.493433,2026-08-14 01:21:02.159793664,13,6941,170,56
37.717617,-83.491111,2026-08-14 01:21:02.210748672,13,11865,139,27
37.244718,-82.651337,2026-08-14 01:21:02.356511744,13,7599,99,33
42.670717,-106.725953,2026-08-14 01:21:02.773949696,13,12588,104,30
42.617944,-106.821405,2026-08-14 01:21:02.773962240,13,11530,100,32
45.656431,-65.751833,2026-08-14 01:21:03.725654016,13,5040,244,84
41.936645,-89.662485,2026-08-14 01:21:03.932929024,13,7432,201,61
41.946079,-89.696086,2026-08-14 01:21:03.932922880,13,9357,256,89
41.926334,-89.588009,2026-08-14 01:21:03.932946944,13,9348,88,60
40.688598,-111.690727,2026-08-14 01:21:03.966724864,13,11105,70,45
43.08725,-59.7824,2026-08-14 01:21:05.909229824,13,9080,256,48
42.971392,-59.588,2026-08-14 01:21:05.939285760,13,10051,263,26
32.607588,-101.343851,2026-08-14 01:21:06.870098432,13,6083,150,20
31.960631,-111.703684,2026-08-14 01:21:07.877006336,13,8346,210,76
35.654402,-61.896976,2026-08-14 01:21:08.679734272,13,11985,262,71
37.194224,-83.191367,2026-08-14 01:21:09.705583360,13,8503,149,25
41.798951,-118.773523,2026-08-14 01:21:10.510222848,13,14336,62,44
38.69785,-98.004326,2026-08-14 01:21:10.553331200,13,9432,112,21
32.170371,-102.313021,2026-08-14 01:21:11.475420160,13,7454,204,22
40.192209,-103.488316,2026-08-14 01:21:13.279891456,13,12828,130,40
40.211218,-103.392017,2026-08-14 01:21:13.279914752,13,11424,158,37
32.975908,-86.918139,2026-08-14 01:21:17.547321856,13,4932,123,35
32.832113,-86.98009,2026-08-14 01:21:17.778631680,13,9583,203,26
37.212201,-83.077938,2026-08-14 01:21:18.177393408,13,12987,89,45
37.204861,-83.06675,2026-08-14 01:21:18.278099200,13,6390,70,33
37.208002,-83.067551,2026-08-14 01:21:18.278101248,13,12362,178,42
37.182495,-83.042034,2026-08-14 01:21:18.278162688,13,6862,157,30
37.219884,-83.057735,2026-08-14 01:21:18.401870848,13,13527,62,60
37.208547,-83.07908,2026-08-14 01:21:18.401921024,13,12243,154,42
37.270672,-83.052802,2026-08-14 01:21:18.506603008,13,3854,233,40
37.289322,-83.051803,2026-08-14 01:21:18.506607104,13,9340,136,46
37.200044,-83.056938,2026-08-14 01:21:18.506641664,13,10824,107,34
37.21132,-83.054178,2026-08-14 01:21:18.656888320,13,11647,70,28
37.244993,-83.084907,2026-08-14 01:21:18.656949248,13,6828,269,20
39.801905,-119.2118,2026-08-14 01:21:19.357114368,13,5567,87,27
39.786222,-119.426521,2026-08-14 01:21:19.357100288,13,14735,211,23
19.521594,-91.30351,2026-08-14 01:21:19.402131200,13,6453,232,25
35.30699,-100.34478,2026-08-14 01:21:19.567497728,13,10360,108,68
35.37267,-100.421362,2026-08-14 01:21:19.567526912,13,13372,155,74
37.282072,-83.182545,2026-08-14 01:21:22.90035712,13,4157,247,65
37.262812,-83.191477,2026-08-14 01:21:22.90031104,13,8072,243,53
37.269675,-83.203335,2026-08-14 01:21:22.90035200,13,8402,129,39
37.219817,-83.267252,2026-08-14 01:21:22.390117376,13,7763,128,52
37.201813,-83.319461,2026-08-14 01:21:22.390153216,13,10365,102,36
37.273313,-83.22776,2026-08-14 01:21:22.568932608,13,5578,265,36
30.232264,-104.105255,2026-08-14 01:21:24.578139392,13,12476,131,39
37.204244,-82.847947,2026-08-14 01:21:24.865621760,13,12986,92,33
37.240479,-82.83376,2026-08-14 01:21:25.90964736,13,7507,123,36
37.230535,-82.980051,2026-08-14 01:21:25.90995968,13,14907,107,27
37.229348,-82.675541,2026-08-14 01:21:28.351136512,13,9920,240,25
37.186365,-82.667971,2026-08-14 01:21:28.415870464,13,10482,66,26
37.18401,-82.697926,2026-08-14 01:21:28.415923712,13,7769,163,26
37.202179,-82.685837,2026-08-14 01:21:28.470091776,13,7941,125,35
37.218893,-82.795066,2026-08-14 01:21:28.470123776,13,12214,105,32
37.298686,-82.668781,2026-08-14 01:21:28.557875712,13,7916,142,39
37.193453,-82.684326,2026-08-14 01:21:28.939679488,13,12608,92,49
37.202402,-82.803365,2026-08-14 01:21:28.939713024,13,11059,162,27
37.194677,-82.688028,2026-08-14 01:21:29.145526272,13,10487,86,28
37.183801,-82.683014,2026-08-14 01:21:29.358029056,13,6329,91,35
38.955039,-97.384302,2026-08-14 01:21:29.588504576,13,9647,97,32
38.907764,-97.456478,2026-08-14 01:21:29.588527360,13,14617,169,19
37.23693,-83.264343,2026-08-14 01:21:29.944115456,13,10604,177,21
42.797204,-106.539722,2026-08-14 01:21:30.710864896,13,12981,211,28
42.736654,-106.603289,2026-08-14 01:21:30.779356928,13,14105,92,36
42.613349,-106.620554,2026-08-14 01:21:30.779335168,13,7694,100,23
43.125236,-59.67457,2026-08-14 01:21:31.164483328,13,6465,255,54
38.767953,-97.927782,2026-08-14 01:21:31.836938240,13,9824,112,34
30.717955,-102.95614,2026-08-14 01:21:31.886653440,13,13454,161,53
33.011004,-102.084673,2026-08-14 01:21:33.109244928,13,13526,173,71
25.364917,-106.786036,2026-08-14 01:21:33.466744320,13,13115,234,36
32.423768,-102.568827,2026-08-14 01:21:34.373216000,13,7798,129,18
24.148047,-94.376712,2026-08-14 01:21:35.680221184,13,5101,255,50
24.329286,-94.400138,2026-08-14 01:21:35.745117952,13,10786,254,22
24.06936,-94.548142,2026-08-14 01:21:35.833730560,13,9048,257,30
30.582928,-102.789077,2026-08-14 01:21:36.38160384,13,10091,187,17
32.871724,-101.216338,2026-08-14 01:21:36.294387456,13,13542,144,38
39.214498,-105.715784,2026-08-14 01:21:36.852369920,13,10580,71,49
39.241633,-105.680604,2026-08-14 01:21:36.852406784,13,8158,125,37
38.991521,-114.562727,2026-08-14 01:21:39.601718528,13,10603,101,24
35.245219,-100.476243,2026-08-14 01:21:41.130330880,13,9425,148,33
45.41573,-67.240887,2026-08-14 01:21:41.656845568,13,10200,175,34
30.587668,-103.016041,2026-08-14 01:21:41.891803648,13,6269,201,27
37.214568,-83.111424,2026-08-14 01:21:43.21206528,13,9576,80,82
45.692758,-71.198448,2026-08-14 01:21:43.191936768,13,12376,72,29
37.477233,-82.751893,2026-08-14 01:21:43.558369792,13,9469,81,53
45.779691,-71.30728,2026-08-14 01:21:43.747292672,13,5432,88,15
30.820913,-102.862769,2026-08-14 01:21:47.57264384,13,12188,185,30
45.937576,-121.243514,2026-08-14 01:21:48.625458176,13,8982,87,23
37.053815,-82.836717,2026-08-14 01:21:50.183503872,13,13361,154,21
30.647953,-103.005463,2026-08-14 01:21:51.688635392,13,13464,91,109
30.775332,-103.000349,2026-08-14 01:21:51.688704256,13,13242,228,87
35.570279,-86.171299,2026-08-14 01:21:51.889366528,13,10568,116,22
35.655443,-86.209666,2026-08-14 01:21:52.24841216,13,10886,90,28
35.62877,-86.161595,2026-08-14 01:21:52.24850944,13,6796,200,23
32.696221,-101.388871,2026-08-14 01:21:52.800744704,13,13908,194,43
32.828109,-101.303058,2026-08-14 01:21:52.800804864,13,4865,257,30
37.27856,-82.919738,2026-08-14 01:21:53.221991680,13,10250,178,24
37.583885,-82.459873,2026-08-14 01:21:53.927159040,13,8939,118,48
41.934973,-89.57709,2026-08-14 01:21:53.990329856,13,11979,64,47
41.935303,-89.592184,2026-08-14 01:21:53.990340352,13,11400,113,56
30.552015,-81.098379,2026-08-14 01:21:54.308036352,13,11794,240,34
30.381779,-81.218128,2026-08-14 01:21:54.320912384,13,5534,146,34
30.657163,-102.86436,2026-08-14 01:21:55.26223872,13,11734,162,21
32.426077,-102.396586,2026-08-14 01:21:55.417904640,13,6334,125,46
32.479417,-102.444718,2026-08-14 01:21:55.417940224,13,5218,180,33
32.384649,-102.33985,2026-08-14 01:21:55.522748672,13,4584,166,30
32.342381,-102.505543,2026-08-14 01:21:55.638346752,13,10089,203,23
45.620634,-65.763273,2026-08-14 01:21:57.648328704,13,3827,200,34
45.66273,-65.605932,2026-08-14 01:21:57.648343040,13,11646,270,32
45.628087,-65.694637,2026-08-14 01:21:58.115671808,13,8364,192,45
45.642547,-65.648158,2026-08-14 01:21:58.450220800,13,11644,202,26
40.813048,-117.136052,2026-08-14 01:22:00.809349120,13,8204,76,27
38.591175,-102.52743,2026-08-14 01:22:01.808589824,13,6301,155,42
38.619592,-102.479922,2026-08-14 01:22:01.808608256,13,9315,174,48
37.270496,-82.921258,2026-08-14 01:22:02.966582272,13,12712,88,33
18.306044,-83.958126,2026-08-14 01:22:03.444212480,13,14996,256,65
42.7201,-106.555617,2026-08-14 01:22:03.935452928,13,12578,88,71
42.730447,-106.535104,2026-08-14 01:22:03.935457280,13,13624,113,58
37.197815,-83.072506,2026-08-14 01:22:04.293783040,13,9509,118,46
37.204982,-83.008666,2026-08-14 01:22:04.293803776,13,13548,178,35
37.220581,-83.033996,2026-08-14 01:22:04.293863168,13,11694,184,18
41.920687,-90.446019,2026-08-14 01:22:04.826339072,13,8258,75,70
41.897085,-90.47408,2026-08-14 01:22:04.826344448,13,9860,120,56
37.385994,-82.742955,2026-08-14 01:22:04.989639680,13,10034,84,34
37.346638,-82.888211,2026-08-14 01:22:05.498612224,13,10722,143,18
32.832868,-101.236236,2026-08-14 01:22:05.766493440,13,5978,177,26
32.850677,-101.118855,2026-08-14 01:22:05.903260160,13,5887,149,24
37.632007,-83.554658,2026-08-14 01:22:06.60643840,13,14094,110,26
37.713131,-83.553396,2026-08-14 01:22:06.151535360,13,11458,90,41
35.942223,-105.116964,2026-08-14 01:22:06.677097216,13,11401,189,32
30.665791,-102.97653,2026-08-14 01:22:06.686530560,13,5448,187,27
30.740465,-102.99433,2026-08-14 01:22:06.686590976,13,12606,199,35
30.523281,-103.015594,2026-08-14 01:22:07.41978368,13,6020,259,27
31.016443,-102.844777,2026-08-14 01:22:07.42171136,13,13235,253,15
38.913659,-97.534236,2026-08-14 01:22:07.334247936,13,11873,112,32
32.574729,-101.38099,2026-08-14 01:22:07.987867648,13,9316,184,22
39.909516,-119.409078,2026-08-14 01:22:08.499216896,13,13450,92,18
38.904253,-97.388407,2026-08-14 01:22:09.324723200,13,14090,127,25
37.207507,-82.663377,2026-08-14 01:22:09.561751040,13,5810,136,63
37.247493,-82.631124,2026-08-14 01:22:09.561768704,13,13516,132,43
19.671859,124.854604,2026-08-14 01:20:10.636605696,14,5592,177,33
19.593707,127.158798,2026-08-14 01:20:11.448758528,14,8873,178,38
21.855715,120.355254,2026-08-14 01:20:30.552701440,14,6444,221,29
19.600893,127.167969,2026-08-14 01:21:12.12822272,14,4781,196,39
19.595202,124.837755,2026-08-14 01:21:34.980615424,14,3974,177,39
18.751387,129.527609,2026-08-14 01:21:39.603135744,14,7873,215,32
14.729004,120.909494,2026-08-14 01:21:58.72237568,14,6910,206,45
43.219555,-59.889942,2026-08-14 01:20:12.943408128,11,11028,162,199
58.055963,3.372096,2026-08-14 01:20:25.192224512,11,14708,162,74
57.360445,2.93669,2026-08-14 01:21:01.976475392,11,10596,194,58
45.569129,-65.979263,2026-08-14 01:21:03.725763840,11,12065,125,250
46.833805,-60.016404,2026-08-14 01:21:13.17552896,11,6860,139,160
5.575908,14.066336,2026-08-14 01:21:13.695607296,11,9799,210,23
41.867448,41.554127,2026-08-14 01:21:28.35073024,11,8545,251,22
43.155174,-59.879665,2026-08-14 01:21:31.164597248,11,14671,171,164
41.86216,-90.543518,2026-08-14 01:22:04.826384640,11,13098,96,23
41.852342,41.604728,2026-08-14 01:22:06.803656704,11,6935,188,206
39.716356,-57.35118,2026-08-14 01:20:00.653590784,12,8255,178,180
42.954682,-59.938459,2026-08-14 01:20:13.778654976,12,5978,174,99
57.893759,3.761289,2026-08-14 01:20:25.167617536,12,8564,182,61
57.360445,2.93669,2026-08-14 01:21:01.976475392,12,10596,194,57
45.569125,-65.979278,2026-08-14 01:21:03.725763840,12,12063,125,249
46.833805,-60.016404,2026-08-14 01:21:13.17552896,12,6860,139,160
5.575908,14.066336,2026-08-14 01:21:13.695607296,12,9799,210,23
37.212922,-83.07587,2026-08-14 01:21:18.506641152,12,14387,107,20
41.867448,41.554127,2026-08-14 01:21:28.35073024,12,8545,251,22
43.155174,-59.879665,2026-08-14 01:21:31.164597248,12,14671,171,164
45.542114,-66.091745,2026-08-14 01:21:57.648412672,12,14385,127,101
41.868203,-90.552598,2026-08-14 01:22:04.826382848,12,10648,183,22
41.852342,41.604728,2026-08-14 01:22:06.803656704,12,6935,188,206
41.374779,-87.696332,2026-08-14 03:10:12.967733760,1,7373,84,36
35.638855,-55.004482,2026-08-14 03:10:35.107092992,1,10213,202,16
39.424346,-56.233721,2026-08-14 03:10:42.188944896,1,9788,175,31
39.434269,-56.304639,2026-08-14 03:10:42.188968960,1,13602,168,88
43.237179,-57.609531,2026-08-14 03:11:02.634235648,1,12642,151,55
41.202233,-90.56638,2026-08-14 03:11:09.844596480,1,14311,108,27
41.175682,-90.50311,2026-08-14 03:11:09.844594176,1,10686,120,17
55.048821,-42.154744,2026-08-14 03:11:11.132861440,1,10329,162,61
41.857867,-89.623827,2026-08-14 03:11:19.776384256,1,12532,84,35
41.820026,-89.573918,2026-08-14 03:11:19.776444160,1,10159,116,25
21.834446,-75.488692,2026-08-14 03:11:29.305827072,1,10468,249,20
40.7617,22.749823,2026-08-14 03:11:36.573861632,1,11662,114,26
40.778233,22.63639,2026-08-14 03:11:36.634913024,1,8127,84,139
40.787002,22.636393,2026-08-14 03:11:36.634913280,1,10196,154,123
40.741548,22.747636,2026-08-14 03:11:36.634973696,1,8994,240,108
40.774319,22.745464,2026-08-14 03:11:36.634973440,1,5897,215,90
18.387234,-7.182197,2026-08-14 03:11:47.445774848,1,12568,189,156
57.337762,3.346796,2026-08-14 03:12:02.120074240,1,14630,119,62
57.302252,3.375094,2026-08-14 03:12:02.120096256,1,5428,217,39
57.386499,3.053586,2026-08-14 03:12:02.120093440,1,12760,214,26
32.151298,-85.66671,2026-08-14 03:12:26.927377920,1,11634,127,20
32.198306,-86.141226,2026-08-14 03:12:34.738025984,1,12660,123,33
38.717622,-98.03154,2026-08-14 03:12:41.947233536,1,9797,118,29
38.920628,-57.474435,2026-08-14 03:13:07.914137856,1,14928,181,23
40.774798,22.682102,2026-08-14 03:13:22.465266688,1,9877,163,23
32.09173,-85.990221,2026-08-14 03:13:42.979536128,1,14848,117,35
41.341416,-87.857711,2026-08-14 03:13:45.957506560,1,6915,106,24
31.013079,120.708174,2026-08-14 03:10:02.441363456,2,5599,241,39
31.048238,120.714168,2026-08-14 03:10:02.441365504,2,5559,229,26
16.737645,134.442343,2026-08-14 03:10:11.776117760,2,8934,233,30
18.818186,129.165588,2026-08-14 03:10:34.12706816,2,10252,195,35
35.855377,140.531185,2026-08-14 03:10:56.213884416,2,12452,224,27
35.858453,140.543573,2026-08-14 03:10:56.328095232,2,11671,225,33
35.837121,140.641672,2026-08-14 03:10:56.648560128,2,10440,232,19
30.295148,117.090732,2026-08-14 03:11:11.270010112,2,14162,173,26
48.761144,138.596734,2026-08-14 03:11:22.293654016,2,11963,222,23
19.301073,127.192626,2026-08-14 03:11:31.916641280,2,6447,179,41
22.567004,115.790639,2026-08-14 03:11:40.354782720,2,13416,204,29
19.827584,130.975015,2026-08-14 03:11:42.599379200,2,6882,201,29
19.836378,130.979477,2026-08-14 03:11:42.656990464,2,5970,201,22
21.568669,113.83295,2026-08-14 03:12:07.548576000,2,13004,215,37
35.838985,140.538356,2026-08-14 03:12:32.806139648,2,12999,226,18
35.837549,140.534333,2026-08-14 03:12:32.944632576,2,11144,223,38
35.834383,140.538582,2026-08-14 03:12:33.3885056,2,12082,226,18
35.842773,140.531079,2026-08-14 03:12:33.56410624,2,10792,225,20
35.850422,140.520028,2026-08-14 03:12:33.155403520,2,11368,224,35
35.852994,140.521839,2026-08-14 03:12:33.236606976,2,8002,224,33
19.826074,130.9488,2026-08-14 03:12:36.934228224,2,4435,200,26
17.262941,132.366385,2026-08-14 03:12:52.183813376,2,4425,221,29
19.669617,125.598265,2026-08-14 03:12:55.752420608,2,5687,176,36
31.723365,118.94598,2026-08-14 03:13:40.345974528,2,10337,167,25
21.20042,128.064875,2026-08-14 03:13:50.677803008,2,5542,176,27
35.481502,-60.474197,2026-08-14 03:10:04.508614912,3,7497,269,30
19.555188,-100.999477,2026-08-14 03:10:05.24691968,3,14417,251,19
38.484845,-61.709069,2026-08-14 03:10:05.468978944,3,11207,263,42
38.439692,-61.68728,2026-08-14 03:10:05.468963840,3,4001,259,31
39.069526,-96.998294,2026-08-14 03:10:05.811930112,3,9980,88,26
41.301492,-88.158775,2026-08-14 03:10:05.883208448,3,7145,61,108
41.301951,-88.214601,2026-08-14 03:10:05.883209984,3,7149,176,89
41.288248,-88.186232,2026-08-14 03:10:05.883224832,3,4484,139,72
41.284653,-88.180925,2026-08-14 03:10:05.883277568,3,6065,176,50
41.303346,-88.164964,2026-08-14 03:10:06.4189440,3,5063,61,53
41.295014,-88.503001,2026-08-14 03:10:06.4168704,3,9800,262,38
41.304008,-88.188373,2026-08-14 03:10:06.4253184,3,7177,127,19
41.30903,-88.168997,2026-08-14 03:10:06.59241216,3,9497,66,61
41.265467,-88.729353,2026-08-14 03:10:06.59162112,3,13282,266,42
41.310084,-88.179342,2026-08-14 03:10:06.102148608,3,7591,179,22
35.659635,-54.994691,2026-08-14 03:10:13.325544448,3,6144,201,47
41.358278,-87.672708,2026-08-14 03:10:13.432263936,3,5285,53,87
41.339263,-87.684807,2026-08-14 03:10:13.432276736,3,6142,166,68
41.360228,-87.722339,2026-08-14 03:10:13.432266752,3,7864,194,55
41.359184,-87.711792,2026-08-14 03:10:13.432327936,3,2981,192,36
38.812992,-100.874072,2026-08-14 03:10:13.524881920,3,7651,164,21
41.248252,-88.249368,2026-08-14 03:10:13.581100800,3,8941,102,49
41.217313,-88.553347,2026-08-14 03:10:13.581093120,3,8814,190,38
41.237347,-88.249047,2026-08-14 03:10:13.581172480,3,11348,127,19
38.854855,-99.954765,2026-08-14 03:10:21.248225024,3,7670,177,17
16.884845,-97.123907,2026-08-14 03:10:21.575784448,3,12036,259,45
41.05655,-91.366917,2026-08-14 03:10:21.803334912,3,7731,121,26
41.032214,-91.362464,2026-08-14 03:10:21.803409152,3,13221,106,16
38.923765,-97.102385,2026-08-14 03:10:21.828896000,3,8893,153,21
38.927635,-97.099193,2026-08-14 03:10:22.70431488,3,5140,153,26
38.934508,-97.087228,2026-08-14 03:10:22.70433280,3,11394,141,27
38.928219,-97.09054,2026-08-14 03:10:22.149145088,3,12190,89,32
38.750418,-100.976578,2026-08-14 03:10:22.304254464,3,7619,186,18
46.25036,-111.223968,2026-08-14 03:10:22.852965888,3,10892,159,22
46.180903,-111.335547,2026-08-14 03:10:22.852995584,3,9610,144,81
46.261759,-111.22295,2026-08-14 03:10:22.929950464,3,13578,78,43
46.200682,-111.248932,2026-08-14 03:10:22.930028544,3,9499,205,77
38.978189,-99.828803,2026-08-14 03:10:30.174043392,3,11183,102,33
38.945302,-99.880566,2026-08-14 03:10:30.174032640,3,13033,201,17
41.294282,-88.169035,2026-08-14 03:10:38.842722304,3,12397,104,91
41.304031,-88.22278,2026-08-14 03:10:38.842729728,3,13877,178,80
41.267547,-88.292068,2026-08-14 03:10:38.842760960,3,6524,115,62
41.270944,-88.284933,2026-08-14 03:10:38.842761984,3,3011,168,49
41.285377,-88.301674,2026-08-14 03:10:38.842758400,3,8060,97,36
41.253553,-88.140806,2026-08-14 03:10:38.842790912,3,9197,103,24
38.862607,-97.520074,2026-08-14 03:10:38.888721920,3,8321,157,33
38.700024,-98.078938,2026-08-14 03:10:38.917211392,3,7731,174,25
41.423318,-90.92386,2026-08-14 03:10:38.942908928,3,12467,78,33
41.453962,-90.898046,2026-08-14 03:10:38.942983424,3,7076,205,17
38.922684,-97.520038,2026-08-14 03:10:38.972477440,3,10625,162,60
38.988189,-97.765602,2026-08-14 03:10:38.972462336,3,13040,207,47
38.91506,-97.512775,2026-08-14 03:10:38.972546816,3,8154,196,35
38.897415,-97.538652,2026-08-14 03:10:38.972544512,3,12067,196,20
41.411119,-90.972751,2026-08-14 03:10:39.47630080,3,12907,78,34
38.928305,-97.498876,2026-08-14 03:10:39.48734976,3,5093,157,31
38.922395,-97.532837,2026-08-14 03:10:39.48725248,3,9893,213,24
41.417201,-90.946112,2026-08-14 03:10:39.134486528,3,10795,146,27
41.427622,-90.923097,2026-08-14 03:10:39.134544896,3,5144,110,44
41.392579,-91.04578,2026-08-14 03:10:39.134508544,3,7349,183,33
38.918659,-97.509535,2026-08-14 03:10:39.445845760,3,11000,157,32
38.914445,-97.496524,2026-08-14 03:10:39.445835264,3,14385,196,16
38.843063,-100.379899,2026-08-14 03:10:39.562861568,3,8979,165,18
41.212144,-91.38133,2026-08-14 03:10:39.767339008,3,14002,126,26
41.072831,-91.220912,2026-08-14 03:10:39.767358464,3,13407,105,13
38.62822,-100.968834,2026-08-14 03:10:39.821581824,3,5735,169,16
41.299955,-90.744879,2026-08-14 03:10:39.998271232,3,14067,164,31
41.099319,-103.78135,2026-08-14 03:10:40.344311552,3,6164,178,19
41.20192,-91.164427,2026-08-14 03:10:40.804167936,3,5389,74,37
41.179662,-91.18349,2026-08-14 03:10:40.804227328,3,11787,111,24
41.193715,-90.543588,2026-08-14 03:10:41.301250048,3,12420,99,31
38.976804,-97.324507,2026-08-14 03:10:41.378843648,3,7440,142,20
39.089676,-96.712789,2026-08-14 03:10:41.408561152,3,4889,150,38
39.104141,-96.703816,2026-08-14 03:10:41.408562944,3,4474,146,24
29.539997,-107.255431,2026-08-14 03:10:41.872040448,3,3773,225,53
29.599721,-107.266482,2026-08-14 03:10:41.872109568,3,6842,241,84
41.313593,-90.305403,2026-08-14 03:10:48.896870656,3,6686,115,44
41.312709,-90.320508,2026-08-14 03:10:48.896940032,3,11651,99,29
38.954747,-99.837554,2026-08-14 03:10:49.22112512,3,13221,129,45
38.938668,-99.895429,2026-08-14 03:10:49.22154496,3,13746,133,30
38.945649,-99.90217,2026-08-14 03:10:49.22169600,3,14726,204,18
41.355578,-90.432232,2026-08-14 03:10:49.176910336,3,13440,168,40
41.303098,-90.308989,2026-08-14 03:10:49.176938240,3,10430,108,27
18.383018,-98.100883,2026-08-14 03:10:49.900334336,3,10842,254,32
39.149828,-56.400846,2026-08-14 03:10:50.271607040,3,7941,270,15
38.649603,-100.785091,2026-08-14 03:10:50.410579968,3,8704,168,21
38.601377,-98.04282,2026-08-14 03:10:50.423051264,3,8563,148,27
38.990725,-99.835501,2026-08-14 03:10:50.730058752,3,7123,221,23
38.347239,-100.461997,2026-08-14 03:10:50.991878144,3,8587,183,21
44.453435,-118.304857,2026-08-14 03:10:51.418283008,3,8234,118,24
36.800356,-83.414679,2026-08-14 03:10:52.493669120,3,11151,72,71
36.825559,-83.401026,2026-08-14 03:10:52.493683200,3,8330,222,57
36.78877,-83.418558,2026-08-14 03:10:52.493735168,3,8735,158,44
36.862381,-83.406123,2026-08-14 03:10:52.493751808,3,7656,211,31
41.231363,-91.125044,2026-08-14 03:10:52.884515072,3,7668,104,49
41.21223,-91.121278,2026-08-14 03:10:52.884573184,3,11798,84,44
39.070899,-96.689125,2026-08-14 03:10:53.255773184,3,7369,150,35
39.054235,-96.688124,2026-08-14 03:10:53.255762688,3,7675,193,20
41.065082,-91.261618,2026-08-14 03:10:53.266762496,3,12525,173,26
40.728238,-103.647011,2026-08-14 03:10:53.284773120,3,9466,118,29
41.322702,-87.613286,2026-08-14 03:10:53.322672128,3,13152,174,35
41.335533,-87.387658,2026-08-14 03:10:53.322740224,3,4693,164,29
41.317379,-87.353601,2026-08-14 03:10:53.322745856,3,12146,78,17
41.390515,-90.857108,2026-08-14 03:10:53.761221632,3,6011,158,39
41.382826,-90.809324,2026-08-14 03:10:53.761286400,3,11856,103,23
41.192293,-90.541849,2026-08-14 03:10:53.998672640,3,3021,78,18
38.743257,-100.884276,2026-08-14 03:10:54.537798400,3,12801,86,14
40.616062,-86.018598,2026-08-14 03:10:54.814116608,3,11116,90,44
40.63848,-86.057847,2026-08-14 03:10:54.814173696,3,5764,239,36
40.638871,-86.031488,2026-08-14 03:10:54.814180096,3,4590,154,23
40.62608,-86.098192,2026-08-14 03:10:54.925756160,3,8695,150,37
40.658219,-86.10496,2026-08-14 03:10:54.925822720,3,5418,154,26
40.622693,-86.065524,2026-08-14 03:10:55.57236992,3,12823,90,31
40.656737,-86.101079,2026-08-14 03:10:55.57299456,3,6471,154,19
32.802862,-101.59981,2026-08-14 03:10:55.99088128,3,8749,204,25
32.495512,-101.516611,2026-08-14 03:10:55.151371520,3,9863,150,21
40.636284,-86.08313,2026-08-14 03:10:55.193571584,3,11390,87,52
40.640884,-86.077661,2026-08-14 03:10:55.193627648,3,3323,194,36
38.69181,-98.105084,2026-08-14 03:10:55.315710464,3,10690,217,25
43.333075,-57.665634,2026-08-14 03:11:02.634247680,3,12187,159,42
41.216343,-90.532927,2026-08-14 03:11:09.844513280,3,11765,120,21
41.280424,-90.526112,2026-08-14 03:11:09.844539648,3,14033,164,71
41.238194,-90.459865,2026-08-14 03:11:09.844566016,3,8902,191,59
41.169808,-90.516243,2026-08-14 03:11:09.844601088,3,6242,162,46
41.192166,-90.531898,2026-08-14 03:11:09.844596736,3,14245,100,30
39.08156,-96.699328,2026-08-14 03:11:09.896461056,3,13836,87,34
39.181893,-96.674677,2026-08-14 03:11:09.896495360,3,8206,185,21
38.859604,-100.879135,2026-08-14 03:11:10.896048128,3,12956,107,27
38.022026,-100.608955,2026-08-14 03:11:10.897701376,3,8985,102,22
55.10996,-42.084879,2026-08-14 03:11:11.132840704,3,13089,161,41
38.644012,-101.087518,2026-08-14 03:11:11.187706880,3,14963,76,29
38.908707,-97.576288,2026-08-14 03:11:11.319204864,3,11439,89,23
38.839205,-100.965115,2026-08-14 03:11:12.166563840,3,8032,160,26
41.036342,-91.423362,2026-08-14 03:11:12.493407232,3,7482,117,23
41.073297,-91.300086,2026-08-14 03:11:13.8659200,3,7609,84,66
41.073019,-91.344599,2026-08-14 03:11:13.8720128,3,5282,195,47
29.503619,-106.996473,2026-08-14 03:11:13.31646976,3,7267,212,48
38.835289,-99.930609,2026-08-14 03:11:14.200730368,3,7386,161,25
38.925862,-97.464615,2026-08-14 03:11:14.999867136,3,9101,106,13
38.910694,-97.498144,2026-08-14 03:11:14.999868416,3,5690,205,77
38.930553,-97.46811,2026-08-14 03:11:14.999932160,3,7810,137,63
34.324016,-60.684173,2026-08-14 03:11:22.255449344,3,4495,263,42
34.328635,-60.72425,2026-08-14 03:11:22.255461632,3,7229,243,33
34.302895,-62.184589,2026-08-14 03:11:22.418319872,3,3639,269,33
41.280902,-88.223503,2026-08-14 03:11:22.773209600,3,5569,86,38
41.283789,-88.271914,2026-08-14 03:11:22.773271296,3,13617,168,27
41.370276,-87.954576,2026-08-14 03:11:23.133567744,3,7510,178,26
41.088584,-91.265911,2026-08-14 03:11:23.154996224,3,10852,112,25
41.36467,-87.911146,2026-08-14 03:11:23.263139072,3,6343,92,56
41.374106,-87.937224,2026-08-14 03:11:23.263207168,3,10876,152,39
41.399127,-87.974335,2026-08-14 03:11:23.263195392,3,6007,167,28
25.080917,-107.737918,2026-08-14 03:11:23.341371136,3,10103,193,22
41.319006,-88.154771,2026-08-14 03:11:23.455684096,3,6131,176,25
41.188426,-91.199268,2026-08-14 03:11:23.481574144,3,4687,68,84
41.184225,-91.275235,2026-08-14 03:11:23.481570048,3,7952,209,67
41.175089,-91.202716,2026-08-14 03:11:23.481636608,3,5158,216,51
39.079705,-97.274886,2026-08-14 03:11:30.817006592,3,8447,155,45
39.083304,-97.273105,2026-08-14 03:11:30.816999424,3,11837,194,31
39.09792,-97.259318,2026-08-14 03:11:31.31081472,3,10829,118,83
39.087322,-97.279083,2026-08-14 03:11:31.31088384,3,12918,160,76
39.122031,-97.251614,2026-08-14 03:11:31.31152384,3,9993,140,58
39.115473,-97.256852,2026-08-14 03:11:31.31158784,3,10654,159,42
43.414645,-57.172217,2026-08-14 03:11:31.830223360,3,14729,267,52
43.412077,-57.243914,2026-08-14 03:11:31.853805568,3,4127,256,26
43.394598,-57.431195,2026-08-14 03:11:31.875809280,3,4581,185,17
38.885008,-99.940116,2026-08-14 03:11:32.534934016,3,12273,161,25
38.953582,-97.48302,2026-08-14 03:11:33.854532096,3,10565,156,26
41.355839,-87.703336,2026-08-14 03:11:41.224035072,3,9974,99,85
41.376581,-87.778688,2026-08-14 03:11:41.224019968,3,3857,249,90
41.362816,-87.711361,2026-08-14 03:11:41.224035328,3,12130,76,76
41.329147,-87.684627,2026-08-14 03:11:41.224104704,3,14359,128,49
41.320209,-87.686979,2026-08-14 03:11:41.224092416,3,11163,125,36
41.316042,-87.670422,2026-08-14 03:11:41.224105728,3,11022,103,20
30.00324,-64.80011,2026-08-14 03:11:41.372849152,3,6293,260,69
29.998605,-64.80111,2026-08-14 03:11:41.372850688,3,7752,260,58
30.439145,-64.959827,2026-08-14 03:11:41.373017856,3,13269,265,33
41.364846,-87.701054,2026-08-14 03:11:41.403548416,3,9439,79,79
41.358334,-87.707816,2026-08-14 03:11:41.403548416,3,12545,145,84
41.323028,-87.724859,2026-08-14 03:11:41.403555584,3,11452,146,73
41.315085,-87.694196,2026-08-14 03:11:41.403558144,3,8119,166,61
38.925037,-97.422017,2026-08-14 03:11:41.517783296,3,7638,72,60
38.94127,-97.42851,2026-08-14 03:11:41.517845504,3,14122,83,57
38.560372,-101.29557,2026-08-14 03:11:48.575571456,3,11569,77,25
38.812241,-100.000606,2026-08-14 03:11:48.919397376,3,10744,178,18
39.068458,-97.127141,2026-08-14 03:11:49.293656064,3,12461,72,19
39.032591,-97.20942,2026-08-14 03:11:49.293689856,3,11169,211,41
39.05461,-97.122283,2026-08-14 03:11:49.350080000,3,7496,123,78
39.062655,-97.17213,2026-08-14 03:11:49.350082048,3,9793,154,65
39.069121,-97.148069,2026-08-14 03:11:49.350149632,3,5492,130,52
39.074058,-97.170593,2026-08-14 03:11:49.350141440,3,13053,107,37
39.048494,-97.275358,2026-08-14 03:11:49.596857600,3,3367,260,24
38.942657,-97.055367,2026-08-14 03:11:50.69524736,3,7753,153,32
38.926436,-97.141421,2026-08-14 03:11:50.69500928,3,4257,258,20
41.175615,-90.528597,2026-08-14 03:11:50.983500544,3,13432,108,29
38.618098,-101.093686,2026-08-14 03:11:58.215751424,3,10939,174,18
41.083805,-90.585826,2026-08-14 03:11:58.418871808,3,11852,112,36
41.10884,-91.287735,2026-08-14 03:12:05.637165312,3,13655,112,31
41.080043,-91.279061,2026-08-14 03:12:05.637160960,3,14700,106,18
41.376128,-87.927291,2026-08-14 03:12:05.968023552,3,9826,94,83
41.386719,-87.964444,2026-08-14 03:12:05.968023040,3,10127,151,64
41.319794,-88.118392,2026-08-14 03:12:05.968040192,3,4467,218,46
41.349716,-87.934345,2026-08-14 03:12:05.968088576,3,12910,94,31
41.357224,-87.900812,2026-08-14 03:12:06.114862336,3,11550,85,67
41.348528,-87.924659,2026-08-14 03:12:06.114930688,3,13262,137,46
41.376543,-87.956642,2026-08-14 03:12:06.114921216,3,2922,167,32
41.328903,-87.908174,2026-08-14 03:12:06.114928640,3,11082,95,20
41.371256,-87.909062,2026-08-14 03:12:06.348010240,3,3899,105,61
41.330054,-88.170776,2026-08-14 03:12:06.348014592,3,10829,177,48
41.385872,-87.961816,2026-08-14 03:12:06.348073728,3,5219,167,28
39.155109,-101.416132,2026-08-14 03:12:06.406115072,3,5157,189,31
23.394945,-99.189554,2026-08-14 03:12:06.917170688,3,7879,231,34
47.119355,-62.890773,2026-08-14 03:12:06.931489536,3,13376,197,21
38.603624,-100.962327,2026-08-14 03:12:07.102036736,3,3919,169,19
27.489177,-70.08495,2026-08-14 03:12:14.731301376,3,8630,266,20
27.576629,-70.128202,2026-08-14 03:12:14.731383296,3,12341,268,51
27.450027,-69.990842,2026-08-14 03:12:14.761546752,3,6616,267,32
27.52884,-70.104237,2026-08-14 03:12:14.782646016,3,6854,255,14
38.60405,-100.744651,2026-08-14 03:12:15.85632768,3,7140,88,23
38.947681,-96.990715,2026-08-14 03:12:15.209773568,3,9993,137,30
39.122032,-96.999094,2026-08-14 03:12:15.261848576,3,6427,152,41
39.101117,-97.085458,2026-08-14 03:12:15.261826816,3,3672,258,26
39.140013,-96.980264,2026-08-14 03:12:15.295569664,3,14919,135,32
38.872304,-96.987158,2026-08-14 03:12:15.416666624,3,7266,157,34
38.891475,-97.293571,2026-08-14 03:12:15.416649984,3,12843,215,49
38.867828,-96.991605,2026-08-14 03:12:15.416737792,3,5425,121,36
36.816872,-83.355582,2026-08-14 03:12:22.511807232,3,8376,179,28
36.818084,-83.350937,2026-08-14 03:12:22.511806208,3,7085,179,15
39.025054,-101.115552,2026-08-14 03:12:22.915834368,3,8807,168,19
16.748071,-97.421156,2026-08-14 03:12:23.519176960,3,8619,265,22
41.05987,-90.217925,2026-08-14 03:12:23.652157696,3,7537,84,15
38.375878,-100.392083,2026-08-14 03:12:23.918275840,3,3039,182,31
41.210229,-91.143735,2026-08-14 03:12:23.954284032,3,6255,106,17
41.185716,-91.1614,2026-08-14 03:12:23.954343680,3,7500,215,25
38.652584,-100.894916,2026-08-14 03:12:24.40449536,3,8076,125,30
18.967613,-92.078381,2026-08-14 03:12:24.422724352,3,12562,249,65
41.348135,-90.776172,2026-08-14 03:12:24.730990848,3,9009,95,22
41.34962,-87.688927,2026-08-14 03:12:24.908192768,3,4524,112,118
41.360345,-87.653765,2026-08-14 03:12:24.908189440,3,3840,177,101
41.336077,-87.696959,2026-08-14 03:12:24.908201728,3,3945,145,88
41.341099,-87.728965,2026-08-14 03:12:24.908193792,3,5801,227,75
41.447153,-87.710049,2026-08-14 03:12:24.908228608,3,13079,177,53
41.405451,-90.758931,2026-08-14 03:12:33.115297024,3,14596,101,31
41.406572,-90.776344,2026-08-14 03:12:33.115303424,3,12671,121,19
41.38765,-90.94612,2026-08-14 03:12:33.386143744,3,6902,97,16
41.370859,-90.940033,2026-08-14 03:12:33.386217216,3,13912,85,25
32.54735,-102.005602,2026-08-14 03:12:33.634190080,3,7607,264,24
38.713345,-101.074155,2026-08-14 03:12:33.658872064,3,12207,124,31
38.830964,-100.437474,2026-08-14 03:12:33.852324096,3,7481,164,29
38.49777,-61.775605,2026-08-14 03:12:34.489452544,3,6638,257,24
38.666024,-100.952073,2026-08-14 03:12:34.678804992,3,12860,84,36
38.761406,-100.933351,2026-08-14 03:12:34.678828288,3,14200,104,29
32.178231,-86.154448,2026-08-14 03:12:34.738022912,3,11084,110,89
32.192265,-86.157926,2026-08-14 03:12:34.738032384,3,4806,211,100
32.260344,-86.173174,2026-08-14 03:12:34.738057728,3,6414,242,83
38.577018,-101.075371,2026-08-14 03:12:41.789778432,3,13733,85,46
38.675377,-101.021657,2026-08-14 03:12:41.789811200,3,12836,119,32
38.675874,-101.039536,2026-08-14 03:12:41.789810944,3,9546,193,17
38.675217,-101.029464,2026-08-14 03:12:41.874774784,3,12285,166,27
38.725674,-97.995716,2026-08-14 03:12:41.904586752,3,12816,72,66
38.738147,-98.02138,2026-08-14 03:12:41.904648448,3,14823,108,47
38.706232,-98.059683,2026-08-14 03:12:41.904637440,3,10397,195,32
38.726967,-97.992425,2026-08-14 03:12:41.947224832,3,11672,116,93
38.72074,-98.066921,2026-08-14 03:12:41.947225856,3,6803,209,74
38.732116,-98.013099,2026-08-14 03:12:41.947297024,3,8250,133,58
38.793712,-98.007609,2026-08-14 03:12:41.947303680,3,3747,220,41
38.677685,-98.04452,2026-08-14 03:12:41.947288064,3,6460,169,25
38.736481,-98.07995,2026-08-14 03:12:42.7102464,3,10008,182,58
38.738162,-98.064737,2026-08-14 03:12:42.7168768,3,10855,109,44
38.711862,-98.100671,2026-08-14 03:12:42.7163904,3,3755,213,31
38.859918,-98.208157,2026-08-14 03:12:42.38428672,3,11370,172,37
38.716257,-98.089426,2026-08-14 03:12:42.38472448,3,12519,174,24
38.915011,-100.867179,2026-08-14 03:12:42.94717184,3,7511,94,35
38.943997,-100.886909,2026-08-14 03:12:42.94784512,3,12193,150,40
39.035826,-100.892125,2026-08-14 03:12:42.94810112,3,9620,220,27
38.743501,-97.878218,2026-08-14 03:12:42.115088640,3,14256,160,39
38.700524,-98.08006,2026-08-14 03:12:42.115096832,3,6167,217,26
38.673732,-98.013032,2026-08-14 03:12:42.194561280,3,8374,152,45
38.724384,-98.038126,2026-08-14 03:12:42.194611456,3,14100,108,31
41.088957,-91.237788,2026-08-14 03:12:42.211501056,3,7356,116,25
38.730883,-98.052188,2026-08-14 03:12:42.606524672,3,9284,168,43
38.731978,-98.061973,2026-08-14 03:12:42.606523136,3,12103,150,32
38.910069,-97.39009,2026-08-14 03:12:43.80478720,3,7482,142,23
22.539959,-105.205575,2026-08-14 03:12:43.271058944,3,10740,259,33
38.782875,-100.42535,2026-08-14 03:12:43.328194560,3,7704,182,25
30.548779,-103.392149,2026-08-14 03:12:43.485910528,3,4882,192,57
30.535125,-103.474174,2026-08-14 03:12:43.485947392,3,5766,208,53
41.325963,-91.2038,2026-08-14 03:12:51.428986112,3,14146,125,35
41.21794,-91.131586,2026-08-14 03:12:51.429004800,3,14015,104,22
39.160812,-104.363178,2026-08-14 03:12:52.595905792,3,12226,89,22
41.285284,-88.177857,2026-08-14 03:12:52.612281344,3,10795,82,126
41.292158,-88.250084,2026-08-14 03:12:52.612268800,3,6926,241,110
41.276394,-88.198923,2026-08-14 03:12:52.612283136,3,6532,115,90
41.250482,-88.18254,2026-08-14 03:12:52.612292864,3,7789,147,71
41.344287,-88.167143,2026-08-14 03:12:52.612308480,3,6706,96,54
41.246786,-88.156918,2026-08-14 03:12:52.612344576,3,6896,112,38
41.415644,-90.907662,2026-08-14 03:12:59.697490432,3,14522,96,21
38.795416,-100.444941,2026-08-14 03:12:59.880694016,3,12654,182,37
38.796294,-100.382849,2026-08-14 03:12:59.880700672,3,14506,153,23
41.295603,-88.234942,2026-08-14 03:12:59.972807424,3,12839,87,41
41.284974,-88.236141,2026-08-14 03:12:59.972877568,3,10512,98,28
41.165804,-88.524659,2026-08-14 03:13:00.78381056,3,11054,213,28
41.283993,-88.237699,2026-08-14 03:13:00.78475520,3,10009,108,14
41.346691,-87.686533,2026-08-14 03:13:07.310149120,3,7834,62,123
41.348066,-87.675691,2026-08-14 03:13:07.310150144,3,8612,94,115
41.346288,-87.728089,2026-08-14 03:13:07.310153984,3,11145,140,97
41.339194,-87.723453,2026-08-14 03:13:07.310153472,3,12665,103,75
41.338548,-87.708017,2026-08-14 03:13:07.310168832,3,10383,129,54
41.334671,-87.817845,2026-08-14 03:13:07.310184704,3,7734,95,40
41.313261,-87.675779,2026-08-14 03:13:07.310214400,3,11921,98,27
38.819819,-100.950953,2026-08-14 03:13:07.760654592,3,13966,229,16
40.603282,-53.634787,2026-08-14 03:13:15.183657984,3,5453,169,22
20.624667,-100.982523,2026-08-14 03:13:15.212028928,3,4643,245,40
20.624462,-100.98394,2026-08-14 03:13:15.212031744,3,7727,246,46
39.078308,-97.045207,2026-08-14 03:13:15.375588864,3,6901,153,31
39.129856,-96.995492,2026-08-14 03:13:15.375607808,3,13019,210,16
41.080404,-89.922223,2026-08-14 03:13:16.828896768,3,12738,84,29
41.420324,-90.753222,2026-08-14 03:13:16.920370944,3,11602,101,29
41.420772,-90.71959,2026-08-14 03:13:16.926958080,3,7157,92,34
41.428638,-90.797354,2026-08-14 03:13:16.927010816,3,5532,217,34
41.383987,-90.75954,2026-08-14 03:13:16.956815616,3,13687,94,19
38.895853,-100.45644,2026-08-14 03:13:17.111409408,3,9801,105,21
38.691694,-100.988209,2026-08-14 03:13:17.209482496,3,4755,169,24
38.87263,-99.914278,2026-08-14 03:13:17.224596224,3,12628,102,27
46.515725,-111.347393,2026-08-14 03:13:17.368706048,3,8596,76,67
46.437795,-111.459237,2026-08-14 03:13:17.368727040,3,14802,135,57
38.738374,-100.485813,2026-08-14 03:13:17.592614656,3,5062,182,31
38.743074,-100.475502,2026-08-14 03:13:17.592624128,3,12391,107,26
32.707183,-101.450705,2026-08-14 03:13:18.190960128,3,14738,192,28
32.857221,-101.373338,2026-08-14 03:13:18.378355456,3,14325,153,23
38.835515,-100.560981,2026-08-14 03:13:18.480433152,3,10917,183,46
38.858404,-100.544783,2026-08-14 03:13:18.480435200,3,11790,123,33
38.337857,-100.536323,2026-08-14 03:13:18.533171200,3,10213,184,20
38.930685,-97.528168,2026-08-14 03:13:18.615230208,3,7169,124,54
38.975121,-97.583461,2026-08-14 03:13:18.615286016,3,13095,136,40
43.345428,-57.800321,2026-08-14 03:13:25.632204288,3,11201,264,58
43.369316,-57.893379,2026-08-14 03:13:25.632281088,3,11365,160,39
43.35861,-57.823534,2026-08-14 03:13:25.680232960,3,8096,264,56
54.528212,-38.736254,2026-08-14 03:13:33.785462016,3,5650,172,35
38.847583,-96.987921,2026-08-14 03:13:34.18105344,3,5714,153,17
23.111923,-99.308357,2026-08-14 03:13:34.135092992,3,7412,225,33
25.301865,-107.973425,2026-08-14 03:13:34.240497408,3,13561,205,37
25.372893,-108.008965,2026-08-14 03:13:34.240525056,3,6578,259,32
39.160604,-97.053572,2026-08-14 03:13:34.270199296,3,9324,193,33
25.313581,-107.999961,2026-08-14 03:13:34.296263936,3,8947,192,19
25.330793,-107.980377,2026-08-14 03:13:34.366125312,3,13278,192,66
41.214911,-90.75618,2026-08-14 03:13:41.480013568,3,11984,129,27
38.849543,-100.631214,2026-08-14 03:13:41.800134144,3,10785,183,18
38.900317,-99.786047,2026-08-14 03:13:42.583424,3,11197,156,18
38.744678,-100.502709,2026-08-14 03:13:42.260574208,3,9636,123,25
38.717924,-100.468202,2026-08-14 03:13:42.260578048,3,13922,102,20
38.857524,-100.473951,2026-08-14 03:13:42.291435776,3,10069,229,23
38.809576,-100.476342,2026-08-14 03:13:42.323209216,3,12148,207,19
38.532088,-101.260841,2026-08-14 03:13:42.358934784,3,12278,117,20
39.087349,-101.166694,2026-08-14 03:13:42.398306048,3,11004,135,26
41.056438,-90.89054,2026-08-14 03:13:42.741717504,3,14110,150,33
41.152812,-90.781796,2026-08-14 03:13:42.741750016,3,8705,159,29
41.209425,-90.805753,2026-08-14 03:13:42.757530880,3,6789,93,14
41.193202,-90.815359,2026-08-14 03:13:42.757598976,3,5670,216,33
41.204662,-90.82086,2026-08-14 03:13:42.757591296,3,8111,125,18
41.203836,-90.812331,2026-08-14 03:13:42.800224000,3,11228,71,31
41.20551,-90.81329,2026-08-14 03:13:42.800296704,3,11673,91,36
32.084517,-86.041267,2026-08-14 03:13:42.979532288,3,4188,213,90
32.069782,-85.996182,2026-08-14 03:13:42.979546624,3,6637,126,95
32.135802,-86.03026,2026-08-14 03:13:42.979553280,3,9796,215,82
19.048149,-92.072425,2026-08-14 03:13:50.46343168,3,3239,261,50
38.803448,-100.506175,2026-08-14 03:13:50.203618048,3,10662,209,19
32.753346,-101.542686,2026-08-14 03:13:50.303225088,3,7272,201,33
32.757355,-101.554264,2026-08-14 03:13:50.303229184,3,14719,231,20
38.657665,-100.847237,2026-08-14 03:13:50.329566464,3,13594,103,45
38.669899,-100.814527,2026-08-14 03:13:50.329570816,3,14494,154,32
38.655135,-100.823475,2026-08-14 03:13:50.341354240,3,11070,103,21
38.655217,-100.850131,2026-08-14 03:13:50.341350656,3,10593,127,18
38.948881,-97.400899,2026-08-14 03:13:50.560196608,3,13494,82,66
38.944798,-97.419821,2026-08-14 03:13:50.560264192,3,6715,143,49
38.939397,-97.408107,2026-08-14 03:13:50.601279232,3,5677,123,71
38.970228,-97.428841,2026-08-14 03:13:50.601337088,3,10703,131,55
38.955006,-97.456658,2026-08-14 03:13:50.634184448,3,12567,162,75
38.958195,-97.424691,2026-08-14 03:13:50.634256128,3,13142,83,59
38.811495,-100.403576,2026-08-14 03:13:58.73404160,3,12699,87,23
32.778841,-101.588729,2026-08-14 03:13:58.187035392,3,5560,188,36
32.79126,-101.594211,2026-08-14 03:13:58.187031296,3,13314,231,23
40.924267,-89.919163,2026-08-14 03:13:58.308426240,3,11914,142,27
18.868287,-99.042717,2026-08-14 03:13:58.308813824,3,7280,261,21
31.09402,120.772407,2026-08-14 03:10:02.441389056,4,5942,262,28
41.36898,-87.688034,2026-08-14 03:10:12.967727104,4,11853,95,20
35.932135,140.396012,2026-08-14 03:10:30.135740672,4,14300,228,24
35.84086,140.558145,2026-08-14 03:10:56.213874944,4,8293,227,29
35.855637,140.557367,2026-08-14 03:10:56.328091648,4,8085,226,38
35.816333,140.650113,2026-08-14 03:10:56.648552960,4,9561,234,20
41.328209,-88.194399,2026-08-14 03:11:04.72906496,4,14526,118,18
48.761153,138.596733,2026-08-14 03:11:22.293653760,4,11963,222,24
41.323032,-87.733529,2026-08-14 03:11:26.867051008,4,6837,103,23
19.30132,127.192746,2026-08-14 03:11:31.916641280,4,6446,181,46
22.711348,115.854752,2026-08-14 03:11:40.354845184,4,13314,159,30
19.835285,130.961307,2026-08-14 03:11:42.599373824,4,6219,200,27
23.993265,117.590646,2026-08-14 03:11:43.836996864,4,14389,176,24
21.621175,113.847935,2026-08-14 03:12:07.519730176,4,14813,171,29
21.582139,113.850412,2026-08-14 03:12:07.548587264,4,13330,130,38
35.839093,140.538112,2026-08-14 03:12:32.806139648,4,13001,226,20
35.837403,140.533603,2026-08-14 03:12:32.944632576,4,11147,223,39
35.8685,140.512891,2026-08-14 03:12:32.944647680,4,6162,232,18
35.835137,140.536871,2026-08-14 03:12:33.3885568,4,12094,226,19
35.842775,140.531062,2026-08-14 03:12:33.56410624,4,10793,225,22
35.844434,140.521503,2026-08-14 03:12:33.155402752,4,9481,224,37
35.848221,140.530118,2026-08-14 03:12:33.236603904,4,5344,225,34
35.872132,140.503984,2026-08-14 03:12:33.236621312,4,6258,235,18
18.804083,129.196858,2026-08-14 03:13:22.588667136,4,7767,195,39
31.723297,118.945746,2026-08-14 03:13:40.345973248,4,10337,167,27
20.915629,-101.055262,2026-08-14 03:10:09.425875200,7,14766,254,14
16.864502,-97.139863,2026-08-14 03:10:21.575776256,7,5658,261,15
22.999122,-99.380894,2026-08-14 03:10:24.178703616,7,8225,241,18
23.395405,-99.169052,2026-08-14 03:10:24.278490368,7,11784,260,17
19.10341,-92.284846,2026-08-14 03:10:26.721730048,7,5257,250,24
19.168494,-92.243448,2026-08-14 03:10:26.811345920,7,6787,248,16
16.951196,-97.36567,2026-08-14 03:10:27.434967808,7,11340,261,9
29.501002,-107.405961,2026-08-14 03:10:41.872060928,7,7113,184,28
29.523595,-107.320418,2026-08-14 03:10:41.872081152,7,8535,242,19
20.835768,-101.386699,2026-08-14 03:10:42.408066816,7,9425,244,15
27.254177,-69.939857,2026-08-14 03:10:42.993673728,7,7506,262,17
27.430089,-70.031646,2026-08-14 03:10:43.316928,7,3798,264,26
29.435207,-107.154502,2026-08-14 03:11:13.31658752,7,11713,122,15
19.414204,-101.33818,2026-08-14 03:12:02.341452032,7,8104,252,13
23.424214,-99.18562,2026-08-14 03:12:06.917181440,7,9617,238,16
19.50485,-101.046556,2026-08-14 03:12:46.46283776,7,7944,251,16
25.31691,-108.055295,2026-08-14 03:12:55.419814912,7,5284,257,21
25.312087,-108.071821,2026-08-14 03:12:55.419804160,7,8101,257,14
19.558692,-100.590079,2026-08-14 03:13:56.835173120,7,8901,260,12
18.710633,-6.96575,2026-08-14 03:10:37.801393664,5,4835,269,43
17.651937,-4.652502,2026-08-14 03:10:40.886481152,5,1795,217,40
13.78174,-18.183992,2026-08-14 03:13:03.544145408,5,9780,230,38
18.387833,-6.66938,2026-08-14 03:13:39.574163456,5,10554,223,17
31.029758,120.693815,2026-08-14 03:10:02.441356800,9,1575,244,42
31.073019,120.665466,2026-08-14 03:10:02.441360384,9,1635,229,26
20.729175,112.687511,2026-08-14 03:10:23.141608192,9,9297,170,18
35.908468,140.44416,2026-08-14 03:10:30.135725824,9,11905,228,32
35.891736,140.485654,2026-08-14 03:10:30.135723264,9,9299,238,23
18.881448,129.219849,2026-08-14 03:10:34.12730624,9,1959,216,39
21.017205,113.336992,2026-08-14 03:10:34.87206656,9,11984,268,26
21.782848,114.858881,2026-08-14 03:10:47.991185152,9,8319,268,27
35.855377,140.531185,2026-08-14 03:10:56.213884416,9,12452,224,28
35.99734,140.467745,2026-08-14 03:10:56.216410112,9,11034,234,21
35.859884,140.561295,2026-08-14 03:10:56.328091904,9,11025,226,34
35.932266,140.536388,2026-08-14 03:10:56.328118016,9,11439,230,15
35.837121,140.641672,2026-08-14 03:10:56.648560128,9,10440,232,21
30.817102,119.523262,2026-08-14 03:11:01.105005056,9,10830,166,17
31.703863,118.959778,2026-08-14 03:11:02.476862208,9,12413,167,17
19.682071,127.521983,2026-08-14 03:11:09.818487552,9,4744,197,16
29.394182,133.702396,2026-08-14 03:11:09.893061632,9,14566,200,19
30.148338,117.370318,2026-08-14 03:11:11.270081280,9,2524,259,25
48.862178,138.73659,2026-08-14 03:11:22.293610496,9,5667,251,23
35.846998,140.487509,2026-08-14 03:11:30.602979328,9,8340,232,13
35.872212,140.509112,2026-08-14 03:11:30.625072128,9,10010,234,14
35.761791,140.663139,2026-08-14 03:11:30.714039296,9,7531,237,24
35.905951,140.56141,2026-08-14 03:11:30.714097920,9,14601,234,14
19.112945,128.173752,2026-08-14 03:11:30.799810048,9,4086,264,21
19.310608,127.172144,2026-08-14 03:11:31.916648704,9,2378,181,45
19.83499,130.96124,2026-08-14 03:11:42.599373824,9,6221,200,28
23.994129,117.609467,2026-08-14 03:11:43.837001984,9,7377,176,23
21.93536,114.293794,2026-08-14 03:11:45.965171200,9,6709,212,18
35.808482,140.50114,2026-08-14 03:11:52.304962816,9,8767,236,20
17.344079,132.433465,2026-08-14 03:11:54.805655552,9,7750,240,37
17.261348,132.379307,2026-08-14 03:11:54.879855360,9,7941,221,21
31.082547,120.811841,2026-08-14 03:11:56.677443328,9,14987,251,14
26.740533,120.522763,2026-08-14 03:12:07.522673920,9,6503,253,30
35.839012,140.538297,2026-08-14 03:12:32.806139648,9,13015,226,20
35.837549,140.534333,2026-08-14 03:12:32.944632576,9,11144,223,40
35.868503,140.512785,2026-08-14 03:12:32.944647680,9,6161,232,19
35.834272,140.538832,2026-08-14 03:12:33.3885056,9,12096,226,19
35.842763,140.531132,2026-08-14 03:12:33.56410624,9,10804,225,21
35.865428,140.472057,2026-08-14 03:12:33.155418368,9,2929,231,36
35.852646,140.519013,2026-08-14 03:12:33.155408896,9,8542,233,25
35.852652,140.534443,2026-08-14 03:12:33.236604416,9,8137,225,34
35.858482,140.525786,2026-08-14 03:12:33.236613632,9,4179,235,15
19.836508,130.952221,2026-08-14 03:12:36.874639872,9,4891,215,29
22.02228,114.473624,2026-08-14 03:12:54.350158336,9,9038,173,15
31.723377,118.946039,2026-08-14 03:13:40.345974528,9,10337,167,25
31.69677,118.993295,2026-08-14 03:13:40.345992704,9,12517,154,11
56.732535,-50.645227,2026-08-14 03:13:47.71734528,9,12732,148,16
21.091469,113.692448,2026-08-14 03:13:50.627728384,9,5010,268,30
19.535012,127.140078,2026-08-14 03:13:50.677107456,9,6727,177,28
35.831107,140.442026,2026-08-14 03:13:56.560472320,9,9445,231,13
26.282078,-107.507675,2026-08-14 03:10:00.230281472,13,10556,264,54
30.040702,-106.847828,2026-08-14 03:10:00.607296000,13,13241,220,27
32.676378,-101.534761,2026-08-14 03:10:00.780093440,13,11997,143,67
32.688228,-101.601693,2026-08-14 03:10:00.780137216,13,6613,189,50
41.333151,-87.729231,2026-08-14 03:10:00.921621760,13,8742,148,54
41.351228,-87.762849,2026-08-14 03:10:00.921612544,13,13262,182,68
32.52889,-101.674073,2026-08-14 03:10:00.983781120,13,7941,197,46
39.057435,-97.088371,2026-08-14 03:10:02.99493120,13,7530,258,35
39.068175,-97.075904,2026-08-14 03:10:02.99494912,13,12190,210,25
39.115633,-97.035303,2026-08-14 03:10:02.181664000,13,8160,153,28
38.60851,-101.09481,2026-08-14 03:10:02.607053312,13,14468,137,26
38.604723,-101.094938,2026-08-14 03:10:03.378285568,13,12975,120,16
38.441947,-61.699247,2026-08-14 03:10:05.468966912,13,5699,259,27
41.314814,-88.171479,2026-08-14 03:10:05.883214336,13,5822,78,81
41.324083,-88.261722,2026-08-14 03:10:05.883199744,13,4785,254,91
41.293594,-88.192674,2026-08-14 03:10:05.883222272,13,7612,139,77
41.312661,-88.156498,2026-08-14 03:10:06.4190720,13,8853,66,48
41.335777,-88.233676,2026-08-14 03:10:06.4244736,13,6789,210,33
41.306679,-88.17185,2026-08-14 03:10:06.59242240,13,8510,92,57
32.927559,-101.901367,2026-08-14 03:10:07.132083456,13,13069,152,54
32.930422,-101.846107,2026-08-14 03:10:07.132102400,13,6734,225,41
32.973068,-101.797498,2026-08-14 03:10:07.236965376,13,14684,204,31
32.929644,-101.901354,2026-08-14 03:10:07.321462784,13,14537,152,27
32.961547,-101.808809,2026-08-14 03:10:07.321492224,13,14918,187,35
38.618073,-100.713078,2026-08-14 03:10:07.384646912,13,9260,185,14
38.366158,-99.27448,2026-08-14 03:10:07.778220032,13,12385,154,19
39.24411,-101.683616,2026-08-14 03:10:09.867469568,13,12777,69,31
39.263537,-101.721056,2026-08-14 03:10:09.867472128,13,5274,131,92
39.20252,-104.350858,2026-08-14 03:10:10.127837440,13,8550,92,32
39.212354,-104.355745,2026-08-14 03:10:10.127830528,13,11550,112,36
38.787824,-100.913342,2026-08-14 03:10:10.386140928,13,12649,107,35
32.805157,-101.510834,2026-08-14 03:10:10.793736192,13,13313,175,35
32.815574,-101.594882,2026-08-14 03:10:10.793727488,13,5117,205,32
41.492831,-90.828393,2026-08-14 03:10:10.981077248,13,6579,73,39
39.083981,-101.075159,2026-08-14 03:10:11.470377472,13,8129,121,14
38.802589,-100.478462,2026-08-14 03:10:11.822095360,13,11104,132,38
38.847245,-100.522431,2026-08-14 03:10:11.822085632,13,6502,106,40
38.741142,-100.53224,2026-08-14 03:10:11.822082560,13,6810,174,26
41.36047,-87.679934,2026-08-14 03:10:12.967726592,13,13125,63,99
41.348363,-87.692313,2026-08-14 03:10:12.967736320,13,2919,147,83
41.350787,-87.697817,2026-08-14 03:10:12.967739904,13,5612,118,70
35.629107,-55.005435,2026-08-14 03:10:13.325538048,13,5351,226,50
41.365228,-87.647067,2026-08-14 03:10:13.432261888,13,4917,167,50
41.348132,-87.727283,2026-08-14 03:10:13.432262400,13,7653,171,66
41.357934,-87.697481,2026-08-14 03:10:13.432332544,13,5217,132,48
35.38783,-61.356614,2026-08-14 03:10:14.399379968,13,8262,249,22
35.434702,-61.425036,2026-08-14 03:10:14.435452928,13,4339,201,22
32.752982,-101.219846,2026-08-14 03:10:14.593903360,13,4703,157,41
32.883416,-101.375359,2026-08-14 03:10:14.593916416,13,3999,259,25
41.416091,-90.924043,2026-08-14 03:10:14.643592960,13,10182,58,27
41.243826,-90.707346,2026-08-14 03:10:14.997523200,13,7508,108,36
32.700295,-101.690626,2026-08-14 03:10:15.157505280,13,10565,259,33
47.151575,-63.012249,2026-08-14 03:10:15.589264640,13,6997,246,48
38.705059,-101.007598,2026-08-14 03:10:15.938332928,13,6645,187,22
41.456846,-90.937208,2026-08-14 03:10:17.181984512,13,9225,110,24
19.632689,-100.561961,2026-08-14 03:10:17.533570560,13,9128,249,40
19.6212,-100.580761,2026-08-14 03:10:17.744687104,13,13570,250,43
41.340005,-91.134195,2026-08-14 03:10:18.47548160,13,8934,121,25
41.348356,-91.095473,2026-08-14 03:10:18.47562496,13,8855,254,13
47.486202,-59.034345,2026-08-14 03:10:18.452507392,13,7763,232,33
40.747651,-86.152424,2026-08-14 03:10:18.516422144,13,14859,124,26
40.545433,-86.294383,2026-08-14 03:10:18.516360448,13,3985,205,30
40.65453,-86.023916,2026-08-14 03:10:18.752708352,13,12382,52,58
40.684151,-86.197907,2026-08-14 03:10:18.752736512,13,14053,126,41
40.672794,-86.063837,2026-08-14 03:10:18.752760832,13,7726,154,28
39.095654,-96.999531,2026-08-14 03:10:19.557101056,13,11861,97,53
39.053068,-97.149616,2026-08-14 03:10:19.758826496,13,10399,158,78
29.92105,-106.912481,2026-08-14 03:10:19.905033728,13,14788,217,33
39.079515,-97.237073,2026-08-14 03:10:19.966377984,13,12139,155,20
39.054654,-97.150855,2026-08-14 03:10:20.13959168,13,6985,154,25
44.973061,-119.728458,2026-08-14 03:10:20.322471168,13,12657,129,70
38.676037,-64.395837,2026-08-14 03:10:20.421302272,13,11909,242,20
47.169947,-62.770622,2026-08-14 03:10:20.589225216,13,8636,258,70
16.910949,-97.121071,2026-08-14 03:10:21.575794176,13,14284,259,57
41.056544,-91.366927,2026-08-14 03:10:21.803334912,13,7732,121,29
41.032223,-91.362475,2026-08-14 03:10:21.803409152,13,13222,106,16
38.918824,-97.081617,2026-08-14 03:10:21.828900864,13,12615,153,21
38.926638,-97.101238,2026-08-14 03:10:22.70431232,13,9919,137,32
38.917492,-97.074156,2026-08-14 03:10:22.149144576,13,6781,144,22
38.943387,-97.093338,2026-08-14 03:10:22.149137664,13,7896,147,15
38.743359,-100.971793,2026-08-14 03:10:22.304260864,13,6142,168,18
46.227988,-111.191427,2026-08-14 03:10:22.852957440,13,8249,161,93
46.180905,-111.335546,2026-08-14 03:10:22.852995584,13,9610,144,80
46.262242,-111.201586,2026-08-14 03:10:22.929950464,13,10341,161,52
46.194591,-111.24625,2026-08-14 03:10:22.930020096,13,7921,215,44
38.789701,-97.695816,2026-08-14 03:10:23.124201984,13,8893,136,41
38.802005,-97.717272,2026-08-14 03:10:23.124192000,13,6904,126,43
38.781099,-97.699621,2026-08-14 03:10:23.181830656,13,13705,158,33
38.789727,-97.711862,2026-08-14 03:10:23.181893632,13,7237,90,32
38.939721,-97.408496,2026-08-14 03:10:23.214703104,13,6992,156,30
38.747139,-100.362416,2026-08-14 03:10:23.992289536,13,11736,122,78
38.757305,-100.412097,2026-08-14 03:10:23.992282112,13,12659,182,65
23.386792,-99.180319,2026-08-14 03:10:24.178800384,13,11383,259,57
38.665344,-100.956154,2026-08-14 03:10:24.432263168,13,4581,186,32
38.850013,-100.163668,2026-08-14 03:10:24.443781632,13,8507,227,28
38.871043,-100.021774,2026-08-14 03:10:24.443824128,13,6930,223,29
38.939308,-97.019232,2026-08-14 03:10:25.204165888,13,6916,136,26
40.979299,-90.032327,2026-08-14 03:10:25.359321600,13,5956,132,39
40.990115,-90.049695,2026-08-14 03:10:25.359386112,13,3870,176,25
40.985226,-90.080677,2026-08-14 03:10:25.452106240,13,8145,118,49
40.967412,-90.074034,2026-08-14 03:10:25.452175360,13,11489,113,38
40.991615,-90.116614,2026-08-14 03:10:25.569252608,13,10299,188,28
38.962837,-99.823802,2026-08-14 03:10:26.115242240,13,6437,176,18
19.202421,-92.253163,2026-08-14 03:10:26.811353600,13,7116,250,39
38.805537,-100.864941,2026-08-14 03:10:26.983622912,13,13464,86,18
38.575799,-101.150628,2026-08-14 03:10:27.557982976,13,4142,167,20
41.390124,-90.785866,2026-08-14 03:10:28.875013376,13,8433,78,63
41.34386,-91.136342,2026-08-14 03:10:28.874986496,13,12362,212,50
41.386645,-90.826848,2026-08-14 03:10:28.875063552,13,11214,109,35
40.714852,-104.471842,2026-08-14 03:10:28.914255872,13,12156,104,47
40.696997,-104.606328,2026-08-14 03:10:28.914218752,13,12393,176,28
32.684529,-101.530294,2026-08-14 03:10:29.199703552,13,9399,177,28
38.859351,-99.886612,2026-08-14 03:10:29.485493760,13,11252,103,36
38.837077,-100.482977,2026-08-14 03:10:29.650302464,13,14816,122,21
38.969568,-99.860187,2026-08-14 03:10:30.174048768,13,9876,167,22
38.175545,-99.822646,2026-08-14 03:10:30.843889920,13,8306,189,20
38.702258,-100.429443,2026-08-14 03:10:31.341268992,13,11916,161,23
43.416571,-57.201089,2026-08-14 03:10:32.31983360,13,12134,267,57
43.439703,-57.035122,2026-08-14 03:10:32.231073792,13,5376,238,30
38.895506,-97.037656,2026-08-14 03:10:32.265042944,13,12185,100,33
32.744836,-101.762867,2026-08-14 03:10:32.781313536,13,7812,121,102
32.815068,-101.767293,2026-08-14 03:10:32.781328384,13,11087,106,89
41.368365,-87.71045,2026-08-14 03:10:33.232664320,13,7173,138,59
41.365784,-87.705581,2026-08-14 03:10:33.232668160,13,7350,135,70
41.374185,-87.723526,2026-08-14 03:10:33.423354624,13,6588,170,71
33.670528,-62.716912,2026-08-14 03:10:34.314779648,13,6480,258,20
45.53717,-115.214162,2026-08-14 03:10:34.449180928,13,11002,65,47
41.232011,-90.700614,2026-08-14 03:10:35.43481856,13,5923,226,22
38.688479,-100.553293,2026-08-14 03:10:35.484418048,13,8157,131,26
36.797122,-84.182342,2026-08-14 03:10:35.902227456,13,11401,171,86
36.885747,-84.115018,2026-08-14 03:10:35.902273536,13,11791,226,78
38.672108,-100.56707,2026-08-14 03:10:36.357453056,13,8290,154,22
31.001525,-106.674974,2026-08-14 03:10:36.559703552,13,11760,206,29
41.294279,-88.16903,2026-08-14 03:10:38.842722304,13,12397,104,103
41.30401,-88.222756,2026-08-14 03:10:38.842729728,13,13877,178,82
41.30546,-88.209743,2026-08-14 03:10:38.842786048,13,6487,168,52
38.862033,-97.51469,2026-08-14 03:10:38.888718080,13,7968,157,29
38.898074,-97.488484,2026-08-14 03:10:38.972558848,13,13921,157,25
41.417198,-90.946115,2026-08-14 03:10:39.134486528,13,10794,146,62
38.918635,-97.509336,2026-08-14 03:10:39.445845760,13,11008,157,32
38.914441,-97.496525,2026-08-14 03:10:39.445835264,13,14386,196,16
38.843072,-100.379949,2026-08-14 03:10:39.562861568,13,8981,165,17
41.072827,-91.220905,2026-08-14 03:10:39.767358464,13,13407,105,20
41.299956,-90.744884,2026-08-14 03:10:39.998271232,13,14067,164,31
41.099342,-103.781578,2026-08-14 03:10:40.344311552,13,6163,178,20
41.201921,-91.164435,2026-08-14 03:10:40.804167936,13,5390,74,31
41.179667,-91.18352,2026-08-14 03:10:40.804227328,13,11784,111,24
41.193717,-90.543585,2026-08-14 03:10:41.301250048,13,12421,99,31
39.060743,-96.781944,2026-08-14 03:10:41.408534528,13,10341,169,17
29.544878,-107.253316,2026-08-14 03:10:41.872040960,13,11376,212,67
29.587031,-107.270302,2026-08-14 03:10:41.872105216,13,11432,227,85
41.357925,-87.726807,2026-08-14 03:10:42.307024384,13,13974,61,58
41.346782,-87.725129,2026-08-14 03:10:42.307028224,13,7983,227,58
41.392526,-87.78086,2026-08-14 03:10:42.365434368,13,7477,195,24
20.798866,-101.391547,2026-08-14 03:10:42.408059392,13,9034,245,38
41.363987,-87.719949,2026-08-14 03:10:42.749114880,13,12363,52,56
38.946395,-97.614953,2026-08-14 03:10:43.564720128,13,12342,141,25
39.071951,-97.07673,2026-08-14 03:10:44.688794112,13,4419,108,47
39.071736,-97.111882,2026-08-14 03:10:44.688795392,13,9753,153,76
39.089793,-97.079379,2026-08-14 03:10:44.688860672,13,6528,136,62
41.072177,-91.280791,2026-08-14 03:10:44.726901760,13,9865,89,72
41.123593,-90.343344,2026-08-14 03:10:44.817268736,13,3520,72,37
38.640662,-101.020197,2026-08-14 03:10:45.650528256,13,11486,89,29
38.62051,-100.973393,2026-08-14 03:10:45.677914368,13,10402,98,23
38.615141,-101.029931,2026-08-14 03:10:45.677911808,13,11752,104,18
38.562635,-101.278867,2026-08-14 03:10:45.764203008,13,13941,77,47
38.618067,-101.193304,2026-08-14 03:10:45.764228608,13,11604,134,32
38.994509,-97.109882,2026-08-14 03:10:45.939092224,13,9849,88,37
38.838948,-100.526258,2026-08-14 03:10:46.219827200,13,14864,161,38
39.075827,-101.352,2026-08-14 03:10:46.324995840,13,5587,126,25
38.837586,-100.139869,2026-08-14 03:10:46.519075840,13,10028,227,19
23.305889,-99.247352,2026-08-14 03:10:47.231304960,13,6204,236,63
41.381653,-87.931846,2026-08-14 03:10:47.869209088,13,7072,94,64
41.36866,-87.972414,2026-08-14 03:10:47.869210880,13,8760,191,50
41.364653,-87.968076,2026-08-14 03:10:47.906744064,13,9068,119,29
41.344369,-90.408308,2026-08-14 03:10:48.771591936,13,7856,125,40
41.305977,-90.300337,2026-08-14 03:10:48.771622144,13,12545,84,39
41.314405,-90.291373,2026-08-14 03:10:48.896873216,13,3696,115,45
41.302771,-90.310971,2026-08-14 03:10:48.896938752,13,5484,108,31
38.954747,-99.837554,2026-08-14 03:10:49.22112512,13,13221,129,45
38.938668,-99.895429,2026-08-14 03:10:49.22154496,13,13747,133,30
41.348946,-90.522396,2026-08-14 03:10:49.176875520,13,14110,169,37
18.398501,-98.084206,2026-08-14 03:10:49.900341248,13,8848,254,47
44.454115,-118.291442,2026-08-14 03:10:51.418281216,13,13587,118,21
36.804953,-83.405136,2026-08-14 03:10:52.493671168,13,9999,72,68
36.82556,-83.40103,2026-08-14 03:10:52.493683200,13,8329,222,58
36.788787,-83.418547,2026-08-14 03:10:52.493735168,13,8734,158,45
36.806138,-83.398761,2026-08-14 03:10:52.493740544,13,6034,186,30
41.231345,-91.125045,2026-08-14 03:10:52.884515072,13,7669,104,59
41.212228,-91.121281,2026-08-14 03:10:52.884573184,13,11798,84,44
39.070888,-96.689138,2026-08-14 03:10:53.255773184,13,7369,150,35
39.054262,-96.688067,2026-08-14 03:10:53.255762688,13,7675,193,20
41.065081,-91.261611,2026-08-14 03:10:53.266762496,13,12525,173,28
41.247279,-87.645754,2026-08-14 03:10:53.322665216,13,6474,210,29
41.390517,-90.857105,2026-08-14 03:10:53.761221632,13,6010,158,39
41.382827,-90.809325,2026-08-14 03:10:53.761286400,13,11857,103,23
41.197986,-90.533053,2026-08-14 03:10:53.998670080,13,7123,74,21
40.62612,-86.006677,2026-08-14 03:10:54.814112000,13,13415,87,46
40.638542,-86.03105,2026-08-14 03:10:54.814179328,13,4676,167,34
40.597992,-85.998899,2026-08-14 03:10:54.814183680,13,9434,183,20
40.622836,-86.096572,2026-08-14 03:10:54.925754880,13,11123,150,38
40.658208,-86.104985,2026-08-14 03:10:54.925822720,13,5417,154,26
32.731943,-101.700487,2026-08-14 03:10:55.99048704,13,5521,142,35
40.631351,-86.127534,2026-08-14 03:10:55.193613824,13,4212,267,26
38.694918,-98.072493,2026-08-14 03:10:55.315717888,13,9434,217,25
30.280255,-103.62015,2026-08-14 03:10:55.891344128,13,11788,243,48
30.610061,-103.425542,2026-08-14 03:10:55.931376128,13,13896,194,22
30.576419,-103.436,2026-08-14 03:10:56.303206656,13,6230,232,32
39.052711,-97.035226,2026-08-14 03:10:57.185042944,13,4386,209,27
38.933973,-99.853912,2026-08-14 03:10:57.231672576,13,14884,160,20
47.484372,-59.528424,2026-08-14 03:10:57.691529984,13,12495,264,55
38.657342,-100.508299,2026-08-14 03:10:57.920217344,13,11536,162,21
38.634535,-100.503953,2026-08-14 03:10:58.25554688,13,6118,162,32
38.63693,-100.497443,2026-08-14 03:10:58.199159040,13,6062,168,33
38.603,-100.537826,2026-08-14 03:10:58.199154176,13,7651,204,17
38.631396,-100.498324,2026-08-14 03:10:58.299975168,13,7097,102,35
41.034444,-91.327425,2026-08-14 03:10:59.48460288,13,7583,82,90
41.033517,-91.333495,2026-08-14 03:10:59.48464384,13,14395,106,70
41.026484,-91.328987,2026-08-14 03:10:59.48525312,13,7547,112,52
38.70709,-100.915682,2026-08-14 03:10:59.374975232,13,12747,198,17
38.37141,-99.253312,2026-08-14 03:10:59.464482304,13,8460,157,16
22.464192,-105.301527,2026-08-14 03:10:59.654289152,13,4895,245,34
41.071063,-86.770597,2026-08-14 03:11:00.516843008,13,10818,103,56
41.08785,-86.808773,2026-08-14 03:11:00.516833024,13,7170,199,66
41.033714,-86.855391,2026-08-14 03:11:00.516871424,13,10619,202,46
38.87426,-99.931622,2026-08-14 03:11:00.698540288,13,10260,172,17
38.999592,-101.084278,2026-08-14 03:11:00.883737344,13,13699,168,18
42.272401,-105.938457,2026-08-14 03:11:01.584756992,13,12496,61,94
42.246413,-105.957489,2026-08-14 03:11:01.584768512,13,11717,100,81
41.064735,-91.273152,2026-08-14 03:11:03.328340736,13,8443,84,86
41.05507,-91.354788,2026-08-14 03:11:03.328339968,13,8403,210,66
38.821824,-100.410508,2026-08-14 03:11:03.867586816,13,13145,87,26
41.321421,-88.188276,2026-08-14 03:11:04.72902656,13,11591,94,115
41.320384,-88.203717,2026-08-14 03:11:04.72902400,13,13269,78,92
41.292186,-88.215055,2026-08-14 03:11:04.110878720,13,11502,99,26
41.322956,-88.207977,2026-08-14 03:11:04.175438592,13,12611,88,26
41.324576,-88.213022,2026-08-14 03:11:04.251297536,13,9360,74,72
41.308602,-88.201545,2026-08-14 03:11:04.251300096,13,11636,106,60
20.843436,-100.849368,2026-08-14 03:11:04.807166976,13,6231,248,32
35.621016,-55.039351,2026-08-14 03:11:04.991472640,13,3779,203,27
32.890689,-101.905365,2026-08-14 03:11:05.238993408,13,9014,140,28
32.08413,-86.201813,2026-08-14 03:11:05.483364608,13,12748,215,34
32.815203,-101.752149,2026-08-14 03:11:05.658614528,13,7233,170,28
32.168855,-86.168119,2026-08-14 03:11:05.699107840,13,8511,213,26
32.207708,-86.165749,2026-08-14 03:11:05.787072512,13,8695,209,27
32.207409,-86.169963,2026-08-14 03:11:05.977612288,13,14429,212,25
32.240918,-86.216063,2026-08-14 03:11:06.48037632,13,11682,208,25
41.181512,-90.741401,2026-08-14 03:11:06.627251968,13,11850,249,25
41.328856,-87.768598,2026-08-14 03:11:06.845107200,13,12391,60,75
41.327775,-87.768971,2026-08-14 03:11:06.845115648,13,8200,103,64
41.338314,-87.796063,2026-08-14 03:11:06.845161472,13,6549,166,45
38.969827,-99.750858,2026-08-14 03:11:06.900621568,13,13292,101,62
41.378159,-87.725302,2026-08-14 03:11:06.913948672,13,9146,111,44
38.410558,-61.649232,2026-08-14 03:11:06.974546176,13,4920,263,20
39.004803,-97.12434,2026-08-14 03:11:08.569819392,13,11562,150,27
41.352827,-88.16052,2026-08-14 03:11:09.410846720,13,10960,72,24
41.229076,-90.52862,2026-08-14 03:11:09.844517888,13,10184,120,79
41.210382,-90.632526,2026-08-14 03:11:09.844519168,13,6415,221,66
39.080617,-96.728014,2026-08-14 03:11:09.896462336,13,7426,150,29
38.859938,-100.860614,2026-08-14 03:11:10.896044800,13,6018,107,27
38.033902,-100.621474,2026-08-14 03:11:10.897696256,13,6263,102,22
38.908546,-97.567824,2026-08-14 03:11:11.319205888,13,11229,95,21
38.827635,-100.899341,2026-08-14 03:11:12.166575872,13,13907,168,25
41.036345,-91.423351,2026-08-14 03:11:12.493407232,13,7482,117,23
41.075952,-91.300159,2026-08-14 03:11:13.8658944,13,11690,66,40
41.075235,-91.337696,2026-08-14 03:11:13.8720896,13,5751,195,45
29.495362,-107.006439,2026-08-14 03:11:13.31637504,13,8986,212,54
29.443831,-107.119567,2026-08-14 03:11:13.31663360,13,5180,210,39
38.838557,-99.934032,2026-08-14 03:11:14.200730624,13,13000,161,26
38.914412,-97.47012,2026-08-14 03:11:14.999862528,13,12303,96,37
38.940232,-97.473571,2026-08-14 03:11:14.999929856,13,9331,142,66
38.915529,-97.509058,2026-08-14 03:11:15.60032768,13,9947,157,22
38.833958,-97.557696,2026-08-14 03:11:15.385139968,13,11556,93,37
38.92792,-97.455623,2026-08-14 03:11:15.385182208,13,8076,145,24
43.304775,-60.290255,2026-08-14 03:11:15.913016576,13,5892,251,42
32.172613,-86.215658,2026-08-14 03:11:16.176322816,13,13922,212,58
31.96155,-86.158941,2026-08-14 03:11:16.176313344,13,10571,215,36
38.851134,-97.016003,2026-08-14 03:11:16.871638016,13,4839,251,31
41.190868,-90.527162,2026-08-14 03:11:16.890509568,13,12847,91,29
41.203798,-90.559838,2026-08-14 03:11:16.890560000,13,3825,180,28
41.174346,-90.502464,2026-08-14 03:11:16.957262592,13,5117,94,35
41.194544,-90.512285,2026-08-14 03:11:16.957340416,13,10312,107,22
38.882478,-97.030972,2026-08-14 03:11:17.282991360,13,10827,200,17
41.076619,-91.466617,2026-08-14 03:11:17.443221760,13,10463,181,24
38.507383,-100.42608,2026-08-14 03:11:17.768973824,13,7059,182,24
38.924008,-97.031293,2026-08-14 03:11:18.179941888,13,13348,122,29
39.082421,-96.665451,2026-08-14 03:11:18.218158336,13,9622,150,27
32.982562,-101.266266,2026-08-14 03:11:18.427027456,13,10168,204,19
38.927907,-97.046619,2026-08-14 03:11:18.654479872,13,13949,88,38
32.799732,-101.279959,2026-08-14 03:11:18.698728960,13,9967,146,31
41.861068,-89.581899,2026-08-14 03:11:19.776372736,13,3707,129,65
41.901192,-89.739601,2026-08-14 03:11:19.776344576,13,5273,268,90
41.846892,-89.617187,2026-08-14 03:11:19.776381184,13,4103,120,78
41.86164,-89.58982,2026-08-14 03:11:19.808126464,13,4610,99,34
20.664764,-101.175052,2026-08-14 03:11:19.970455040,13,9135,246,36
32.855114,-101.772745,2026-08-14 03:11:20.842350592,13,6936,211,32
46.220791,-111.385271,2026-08-14 03:11:21.470503424,13,9453,159,89
46.178663,-111.419195,2026-08-14 03:11:21.470550016,13,10179,144,79
39.121643,-101.416906,2026-08-14 03:11:21.874038784,13,10129,170,25
39.133968,-101.366937,2026-08-14 03:11:21.874057216,13,14228,139,19
41.259536,-88.366563,2026-08-14 03:11:22.773249280,13,12530,140,24
41.262693,-88.235426,2026-08-14 03:11:22.773276672,13,14517,105,24
41.3356,-88.166361,2026-08-14 03:11:23.133508864,13,11556,176,28
41.304995,-87.897233,2026-08-14 03:11:23.263211520,13,4954,183,25
41.397281,-87.984618,2026-08-14 03:11:23.263197184,13,8641,167,26
25.080901,-107.73795,2026-08-14 03:11:23.341371136,13,10104,193,21
41.197753,-91.200339,2026-08-14 03:11:23.481567488,13,12712,68,84
41.207331,-91.193572,2026-08-14 03:11:23.557656576,13,12964,68,67
41.205988,-91.198331,2026-08-14 03:11:23.650191360,13,13044,86,95
41.208952,-91.184937,2026-08-14 03:11:23.819926784,13,9781,68,48
41.179442,-91.199625,2026-08-14 03:11:23.820001536,13,10703,187,44
23.325116,-99.423438,2026-08-14 03:11:24.58064128,13,6794,236,69
41.176634,-91.386437,2026-08-14 03:11:24.119100672,13,8581,153,29
30.602797,-103.384601,2026-08-14 03:11:25.369682688,13,11236,218,27
30.547656,-103.463796,2026-08-14 03:11:25.785382656,13,4626,208,36
41.350849,-87.6787,2026-08-14 03:11:26.867027200,13,8320,157,140
41.361732,-87.781036,2026-08-14 03:11:26.867024640,13,4442,236,124
41.342346,-87.715673,2026-08-14 03:11:26.867040768,13,7579,145,110
41.381904,-87.763421,2026-08-14 03:11:26.867039232,13,5748,186,81
41.356819,-87.670086,2026-08-14 03:11:26.927459584,13,4322,186,94
41.315447,-87.677426,2026-08-14 03:11:26.927534336,13,9339,104,25
41.356476,-87.686479,2026-08-14 03:11:27.161848064,13,8424,111,88
41.354333,-87.73676,2026-08-14 03:11:27.161854720,13,9318,170,72
39.104098,-101.452584,2026-08-14 03:11:27.200884480,13,9647,121,70
39.140238,-101.488543,2026-08-14 03:11:27.200893696,13,12706,103,56
18.945451,-92.143433,2026-08-14 03:11:28.302508032,13,5486,238,99
19.008953,-92.100242,2026-08-14 03:11:28.464700672,13,8459,215,18
38.96208,-99.883765,2026-08-14 03:11:29.478823168,13,6365,220,24
38.806043,-97.686769,2026-08-14 03:11:29.785300224,13,9372,158,32
38.788984,-97.659243,2026-08-14 03:11:29.818878208,13,6957,158,23
39.089258,-97.281917,2026-08-14 03:11:31.31083008,13,6355,160,94
39.090995,-97.294002,2026-08-14 03:11:31.31084800,13,5930,203,78
39.096379,-97.24077,2026-08-14 03:11:31.31155968,13,7400,136,60
43.414719,-57.172385,2026-08-14 03:11:31.830223360,13,14730,267,59
43.401947,-57.220278,2026-08-14 03:11:31.853801728,13,6358,256,21
38.900893,-99.982871,2026-08-14 03:11:32.534917376,13,14182,122,17
38.926951,-97.526127,2026-08-14 03:11:33.854515712,13,8544,169,27
41.316985,-90.286608,2026-08-14 03:11:34.513416704,13,12037,82,45
41.298436,-90.312567,2026-08-14 03:11:34.513481728,13,7748,106,50
41.308087,-90.267403,2026-08-14 03:11:35.39770624,13,7521,112,25
35.619443,-55.024333,2026-08-14 03:11:35.94713088,13,3589,212,20
38.780187,-97.900977,2026-08-14 03:11:35.519193600,13,13505,80,24
42.896162,-105.558499,2026-08-14 03:11:35.820726272,13,8270,87,35
43.341431,-57.184056,2026-08-14 03:11:35.866134528,13,7257,267,33
42.844783,-105.572913,2026-08-14 03:11:35.870041856,13,13800,87,23
43.337463,-57.176595,2026-08-14 03:11:36.154713600,13,5439,256,19
38.978447,-97.017816,2026-08-14 03:11:36.990286592,13,8433,197,29
38.691944,-100.928903,2026-08-14 03:11:37.1835776,13,8593,234,19
41.101786,-91.316759,2026-08-14 03:11:38.44755712,13,13550,118,38
41.047032,-91.637519,2026-08-14 03:11:38.44730368,13,12973,219,25
39.116511,-97.024493,2026-08-14 03:11:38.947945472,13,14504,139,21
45.163541,-70.413633,2026-08-14 03:11:39.456330752,13,8325,167,25
18.789761,-99.082091,2026-08-14 03:11:39.805731840,13,11597,252,39
25.051562,-107.279827,2026-08-14 03:11:40.406873344,13,8714,261,39
41.129952,-90.320742,2026-08-14 03:11:40.441830400,13,6562,43,55
41.117106,-90.289545,2026-08-14 03:11:40.504661248,13,2905,83,43
16.739983,-97.279535,2026-08-14 03:11:41.17078016,13,7662,260,46
38.932517,-97.406226,2026-08-14 03:11:41.25848064,13,12676,69,53
41.35537,-87.696647,2026-08-14 03:11:41.224033280,13,14665,78,63
41.349164,-87.712115,2026-08-14 03:11:41.224040192,13,5830,135,78
30.003198,-64.800101,2026-08-14 03:11:41.372849152,13,6294,260,52
41.363429,-87.706676,2026-08-14 03:11:41.403548416,13,11170,79,88
38.717115,-98.068358,2026-08-14 03:11:41.616864000,13,6749,162,29
38.709435,-97.998808,2026-08-14 03:11:41.770117632,13,12269,112,62
38.709666,-97.999966,2026-08-14 03:11:41.956923904,13,10638,71,80
38.703447,-98.062933,2026-08-14 03:11:41.956926464,13,8303,209,69
32.736256,-101.704682,2026-08-14 03:11:42.291652864,13,9222,96,52
32.793115,-101.599413,2026-08-14 03:11:42.291693568,13,11100,192,60
41.245178,-90.493348,2026-08-14 03:11:43.79496192,13,10938,73,65
41.239138,-90.503094,2026-08-14 03:11:43.79578624,13,4853,176,48
40.634054,-85.977377,2026-08-14 03:11:43.791498496,13,9321,104,90
40.608507,-85.978607,2026-08-14 03:11:43.791500544,13,7427,88,72
40.611273,-86.016094,2026-08-14 03:11:43.791497216,13,10486,177,56
40.609086,-86.099407,2026-08-14 03:11:43.791530496,13,7469,154,40
38.659532,-100.876247,2026-08-14 03:11:44.497030912,13,13688,203,13
38.646963,-100.765662,2026-08-14 03:11:44.615440640,13,10048,167,16
38.827822,-100.549828,2026-08-14 03:11:44.648726016,13,9501,183,22
41.063663,-91.287904,2026-08-14 03:11:45.155458304,13,6753,56,47
41.052667,-91.296592,2026-08-14 03:11:45.155530752,13,13913,72,27
38.628201,-100.980349,2026-08-14 03:11:45.189136128,13,8102,125,30
41.532919,-90.886703,2026-08-14 03:11:45.243052032,13,13298,119,31
41.519265,-90.893265,2026-08-14 03:11:45.259031808,13,14309,142,28
32.801265,-101.249069,2026-08-14 03:11:45.930607616,13,14690,146,24
38.868245,-100.855309,2026-08-14 03:11:45.998998016,13,12690,134,16
41.382093,-88.131793,2026-08-14 03:11:46.372945664,13,14646,140,35
41.326627,-88.25755,2026-08-14 03:11:46.377830656,13,14887,177,39
38.720862,-100.46752,2026-08-14 03:11:46.434244096,13,12075,131,33
38.737787,-100.530051,2026-08-14 03:11:46.434232576,13,9397,102,44
38.694149,-100.560209,2026-08-14 03:11:46.434228224,13,2181,204,29
38.914508,-97.476796,2026-08-14 03:11:46.474950912,13,10069,110,32
41.341533,-88.104405,2026-08-14 03:11:47.482042624,13,5427,90,53
41.358806,-88.120259,2026-08-14 03:11:47.482112000,13,9098,149,43
41.356814,-88.119838,2026-08-14 03:11:47.578052608,13,14602,81,59
41.305411,-88.104589,2026-08-14 03:11:47.578120960,13,4439,184,43
41.028855,-90.169196,2026-08-14 03:11:47.805784832,13,11515,167,43
41.003025,-90.141656,2026-08-14 03:11:47.896587264,13,11095,115,78
41.006719,-90.161178,2026-08-14 03:11:47.896645888,13,6546,201,50
41.352888,-88.172326,2026-08-14 03:11:48.17182720,13,5042,184,56
41.332337,-88.124128,2026-08-14 03:11:48.17242112,13,6984,126,44
45.689328,-115.272162,2026-08-14 03:11:48.278531072,13,12114,83,76
45.6925,-115.434263,2026-08-14 03:11:48.278550784,13,8264,222,57
40.99624,-90.06943,2026-08-14 03:11:48.403918336,13,9958,113,22
39.07053,-97.158735,2026-08-14 03:11:49.350158336,13,11993,95,22
39.059272,-97.209837,2026-08-14 03:11:49.596876544,13,7613,211,23
38.942654,-97.055373,2026-08-14 03:11:50.69524736,13,7753,153,32
38.926449,-97.141113,2026-08-14 03:11:50.69500928,13,4251,258,20
47.216768,-63.060276,2026-08-14 03:11:51.553251840,13,9826,210,35
38.746487,-100.54934,2026-08-14 03:11:51.617718528,13,12600,84,29
32.669927,-101.673554,2026-08-14 03:11:52.129759744,13,14511,155,47
45.130616,-64.401604,2026-08-14 03:11:52.516459520,13,8507,214,40
38.821555,-100.85782,2026-08-14 03:11:52.920756736,13,13900,113,15
38.589871,-101.018153,2026-08-14 03:11:52.981408512,13,10062,90,36
38.744778,-101.007146,2026-08-14 03:11:52.981459200,13,6811,201,25
38.64351,-100.872169,2026-08-14 03:11:53.278219520,13,12988,127,21
38.683128,-101.146262,2026-08-14 03:11:54.237306624,13,12596,122,19
38.620018,-100.940974,2026-08-14 03:11:55.432314880,13,11264,138,16
38.963164,-97.619932,2026-08-14 03:11:55.706110976,13,9398,140,23
38.95661,-97.616026,2026-08-14 03:11:55.715087360,13,7434,158,31
38.710255,-100.931049,2026-08-14 03:11:55.811231232,13,9037,168,27
41.340366,-87.75963,2026-08-14 03:11:57.440344832,13,9046,96,53
41.32829,-87.778233,2026-08-14 03:11:57.440347136,13,6541,194,66
41.292024,-87.740618,2026-08-14 03:11:57.440407296,13,5389,177,49
41.337325,-87.754474,2026-08-14 03:11:57.522614272,13,8993,79,47
41.313938,-87.752202,2026-08-14 03:11:57.522618880,13,4720,220,66
41.072177,-91.26916,2026-08-14 03:11:57.968023552,13,6936,91,49
41.097036,-91.325559,2026-08-14 03:11:57.968080128,13,3947,195,31
34.256216,-60.538564,2026-08-14 03:11:58.551987200,13,9038,262,24
34.267511,-60.560966,2026-08-14 03:11:58.812224768,13,2350,264,24
19.622873,-100.563439,2026-08-14 03:11:59.381506560,13,8911,251,31
38.630167,-100.807246,2026-08-14 03:11:59.412724480,13,5464,124,38
38.789523,-100.851088,2026-08-14 03:11:59.593181184,13,5010,161,25
35.447822,-60.82015,2026-08-14 03:11:59.871982080,13,6499,268,30
16.914162,-97.306956,2026-08-14 03:11:59.927335424,13,5618,261,30
41.246737,-90.708218,2026-08-14 03:12:00.389716992,13,13563,127,42
41.215264,-90.57001,2026-08-14 03:12:00.389758720,13,12933,108,30
41.277819,-91.244695,2026-08-14 03:12:01.321054208,13,14648,101,22
38.339836,-58.556014,2026-08-14 03:12:01.469958912,13,13520,264,16
38.774333,-100.405914,2026-08-14 03:12:01.958731776,13,11647,181,37
41.445205,-90.935999,2026-08-14 03:12:02.282972672,13,13490,123,36
19.431291,-101.322062,2026-08-14 03:12:02.341459712,13,7731,252,21
40.90763,-104.004266,2026-08-14 03:12:02.406906368,13,6798,105,28
41.40563,-90.781023,2026-08-14 03:12:02.648795392,13,8585,93,53
41.401899,-90.835687,2026-08-14 03:12:02.648847616,13,11154,194,45
41.369341,-90.979978,2026-08-14 03:12:02.744640512,13,13200,134,27
41.387935,-90.814642,2026-08-14 03:12:02.744684288,13,11513,109,20
41.396351,-90.811185,2026-08-14 03:12:02.874702848,13,9776,109,34
41.376645,-90.814401,2026-08-14 03:12:02.874698496,13,9700,109,25
41.390489,-90.811716,2026-08-14 03:12:02.964731648,13,11533,109,28
38.9686,-97.595559,2026-08-14 03:12:03.171521024,13,11428,91,40
38.943595,-97.707451,2026-08-14 03:12:03.171486976,13,3802,262,28
41.379794,-87.698535,2026-08-14 03:12:03.426943232,13,13101,84,41
41.394552,-87.733113,2026-08-14 03:12:03.426996736,13,4880,166,27
39.102431,-96.710437,2026-08-14 03:12:04.46977536,13,13982,113,77
39.041654,-96.631639,2026-08-14 03:12:04.47052032,13,12898,148,55
41.10884,-91.287735,2026-08-14 03:12:05.637165312,13,13655,112,31
41.081647,-91.281431,2026-08-14 03:12:05.637161984,13,13606,106,16
41.373179,-87.920979,2026-08-14 03:12:05.968022272,13,5635,94,74
41.379988,-87.971309,2026-08-14 03:12:05.968027648,13,11671,143,67
41.356581,-87.913698,2026-08-14 03:12:06.114865664,13,12195,84,36
41.34297,-87.911128,2026-08-14 03:12:06.114928128,13,9188,94,25
41.314067,-88.183231,2026-08-14 03:12:06.348005376,13,3916,195,25
41.364703,-87.931712,2026-08-14 03:12:06.348072448,13,7826,127,28
39.155166,-101.415994,2026-08-14 03:12:06.406115072,13,5161,189,23
23.412848,-99.206762,2026-08-14 03:12:06.917175296,13,11527,231,29
16.720139,-97.401523,2026-08-14 03:12:08.290621184,13,13699,265,14
38.733873,-56.798005,2026-08-14 03:12:08.356273152,13,5155,269,46
41.285542,-88.256617,2026-08-14 03:12:09.393434112,13,11798,82,39
38.600623,-100.978737,2026-08-14 03:12:09.725087232,13,14591,150,17
38.932443,-99.793889,2026-08-14 03:12:10.81938688,13,8028,107,23
42.812186,-118.006416,2026-08-14 03:12:10.329220864,13,14133,68,37
42.805636,-118.389121,2026-08-14 03:12:10.329181440,13,8104,256,23
41.340749,-87.742397,2026-08-14 03:12:11.230845440,13,11004,100,61
41.319514,-87.756135,2026-08-14 03:12:11.230845440,13,10279,103,76
41.42757,-87.750114,2026-08-14 03:12:11.230878464,13,11519,177,53
39.071995,-96.745337,2026-08-14 03:12:11.629977856,13,14128,176,20
41.073255,-91.28008,2026-08-14 03:12:11.893811200,13,7956,74,59
41.049198,-91.279563,2026-08-14 03:12:11.893883392,13,9727,111,45
25.065739,-107.821892,2026-08-14 03:12:12.741171712,13,13556,238,29
41.26666,-91.219486,2026-08-14 03:12:12.754987264,13,11743,131,32
41.236807,-91.076508,2026-08-14 03:12:12.755015680,13,4592,158,18
38.360713,-100.556567,2026-08-14 03:12:13.256208384,13,12604,102,32
25.096792,-107.802778,2026-08-14 03:12:13.268455168,13,11703,193,40
25.088938,-107.832743,2026-08-14 03:12:13.268442368,13,6915,238,40
25.086036,-107.818789,2026-08-14 03:12:13.392249088,13,13574,251,54
27.490179,-70.085662,2026-08-14 03:12:14.731306752,13,12526,263,110
38.601439,-100.754666,2026-08-14 03:12:15.85632768,13,10070,88,17
38.864613,-96.944808,2026-08-14 03:12:15.416673536,13,9978,112,62
38.870304,-96.994749,2026-08-14 03:12:15.416735744,13,8804,104,48
38.887201,-100.881998,2026-08-14 03:12:15.507606528,13,8356,149,30
38.875808,-96.995093,2026-08-14 03:12:15.737619968,13,6979,153,35
38.78591,-100.475113,2026-08-14 03:12:15.883183872,13,8238,161,27
41.218814,-90.495016,2026-08-14 03:12:16.130528768,13,5495,118,62
41.232625,-90.550588,2026-08-14 03:12:16.130583296,13,3100,180,26
46.485904,-111.36047,2026-08-14 03:12:16.853656576,13,13601,179,118
46.372754,-111.398604,2026-08-14 03:12:16.853704192,13,5718,195,105
41.290785,-88.181071,2026-08-14 03:12:17.432275968,13,8931,73,91
41.28719,-88.241969,2026-08-14 03:12:17.432273664,13,6813,177,70
41.291762,-88.190139,2026-08-14 03:12:17.529719552,13,5487,79,50
41.294759,-88.216593,2026-08-14 03:12:17.529720320,13,7667,146,78
41.289141,-88.313074,2026-08-14 03:12:17.629495552,13,10288,105,26
41.306226,-88.234975,2026-08-14 03:12:17.629526016,13,5244,168,20
38.659639,-101.029478,2026-08-14 03:12:18.81654784,13,13746,66,42
38.632188,-101.040838,2026-08-14 03:12:18.81663744,13,8699,102,27
38.800898,-99.946181,2026-08-14 03:12:18.501099520,13,14610,122,31
38.970837,-99.883013,2026-08-14 03:12:18.501148928,13,10902,197,23
38.945633,-99.726588,2026-08-14 03:12:18.569520896,13,13382,131,23
38.639424,-101.072373,2026-08-14 03:12:18.742528512,13,13294,87,16
38.682271,-100.544305,2026-08-14 03:12:18.823311872,13,12997,119,23
39.033889,-99.93867,2026-08-14 03:12:20.406060288,13,6785,105,35
40.590161,-103.137003,2026-08-14 03:12:20.520265728,13,13324,79,22
41.203486,-90.541879,2026-08-14 03:12:20.924973824,13,7369,78,45
41.179683,-90.554551,2026-08-14 03:12:20.925039872,13,5651,108,38
41.153572,-90.562955,2026-08-14 03:12:21.268893184,13,6545,122,25
38.794349,-97.636409,2026-08-14 03:12:21.621697536,13,7819,88,38
38.80589,-97.623724,2026-08-14 03:12:21.682089472,13,9571,73,73
38.805918,-97.672249,2026-08-14 03:12:21.682095616,13,5887,164,60
38.791253,-97.692509,2026-08-14 03:12:21.682145792,13,6271,215,43
43.105969,-58.217125,2026-08-14 03:12:22.395761664,13,5801,264,55
43.065009,-58.195857,2026-08-14 03:12:22.440347904,13,9866,252,26
36.826787,-83.362434,2026-08-14 03:12:22.511807488,13,7989,179,27
39.025055,-101.115539,2026-08-14 03:12:22.915834368,13,8808,168,19
38.371154,-100.393971,2026-08-14 03:12:23.918277376,13,5052,182,31
41.177419,-91.33392,2026-08-14 03:12:23.954295808,13,6045,156,20
38.683301,-100.978513,2026-08-14 03:12:24.40434944,13,5765,120,23
41.348149,-90.776175,2026-08-14 03:12:24.730990848,13,9009,95,22
41.353721,-87.693252,2026-08-14 03:12:24.908193536,13,9098,86,111
41.373138,-87.80038,2026-08-14 03:12:24.908180224,13,6563,236,97
41.343249,-87.708074,2026-08-14 03:12:24.908201728,13,4595,145,82
41.331765,-87.660661,2026-08-14 03:12:25.10658560,13,8400,81,61
41.3261,-87.720397,2026-08-14 03:12:25.10652160,13,5504,171,86
18.752243,-92.169409,2026-08-14 03:12:25.643634688,13,7959,239,130
40.558872,-86.003491,2026-08-14 03:12:25.854167040,13,11364,97,70
40.548245,-86.009401,2026-08-14 03:12:25.854227712,13,7727,149,36
38.627953,-100.953513,2026-08-14 03:12:26.16724736,13,12850,101,55
18.82655,-92.019987,2026-08-14 03:12:26.483248896,13,7653,250,66
29.609273,-107.336124,2026-08-14 03:12:26.655004928,13,6756,225,57
29.594708,-107.424178,2026-08-14 03:12:26.655030016,13,8233,216,46
32.331894,-85.714916,2026-08-14 03:12:26.927379200,13,14029,116,57
32.140708,-85.67073,2026-08-14 03:12:26.927386880,13,14630,219,45
38.695452,-98.954398,2026-08-14 03:12:28.279944192,13,9353,150,24
41.237785,-91.108442,2026-08-14 03:12:28.414315776,13,11344,104,28
41.309984,-88.070871,2026-08-14 03:12:28.655588608,13,5993,88,60
41.298483,-88.118883,2026-08-14 03:12:28.655591936,13,8852,175,53
41.289972,-88.094216,2026-08-14 03:12:28.655657472,13,9938,115,44
23.035743,-99.511287,2026-08-14 03:12:28.985135360,13,13516,233,30
41.278195,-88.315119,2026-08-14 03:12:29.142487296,13,9949,178,31
41.306546,-88.072989,2026-08-14 03:12:29.192770560,13,4315,103,35
41.341963,-88.144178,2026-08-14 03:12:29.192827136,13,5303,188,37
41.229188,-90.679322,2026-08-14 03:12:29.254509056,13,13465,126,30
41.257081,-90.501463,2026-08-14 03:12:29.254561792,13,5524,205,18
41.304917,-87.911739,2026-08-14 03:12:29.917830912,13,8554,173,31
41.341358,-87.704508,2026-08-14 03:12:29.917888000,13,11931,85,18
43.256032,-57.874312,2026-08-14 03:12:30.133437440,13,6730,264,70
41.360489,-87.705177,2026-08-14 03:12:30.352958464,13,13294,104,40
41.356115,-87.71962,2026-08-14 03:12:30.956251648,13,4431,189,22
41.247642,-89.892652,2026-08-14 03:12:31.908523008,13,13309,78,23
41.356915,-90.957679,2026-08-14 03:12:33.115245824,13,11243,150,19
41.388915,-90.948524,2026-08-14 03:12:33.386145792,13,5327,97,36
41.381687,-90.944188,2026-08-14 03:12:33.386215936,13,10614,85,23
32.166036,-86.176434,2026-08-14 03:12:34.738023936,13,6728,191,43
32.222334,-86.17517,2026-08-14 03:12:34.738044416,13,9488,217,97
32.274253,-86.144461,2026-08-14 03:12:34.925395712,13,6478,211,37
38.921692,-101.359931,2026-08-14 03:12:35.402548992,13,4917,113,103
38.930606,-101.44728,2026-08-14 03:12:35.402539520,13,4755,238,116
38.939611,-101.373611,2026-08-14 03:12:35.402562304,13,9171,117,102
39.134502,-101.384279,2026-08-14 03:12:35.402628864,13,8994,173,39
39.005847,-96.989624,2026-08-14 03:12:35.596861184,13,14307,120,31
38.992303,-97.006856,2026-08-14 03:12:35.596852992,13,10123,103,33
38.77111,-100.988017,2026-08-14 03:12:36.630051328,13,10762,186,35
41.345738,-87.660946,2026-08-14 03:12:37.833547520,13,11883,80,25
41.32816,-87.677744,2026-08-14 03:12:37.833558272,13,5082,237,61
41.344118,-87.695082,2026-08-14 03:12:37.833610240,13,3547,170,42
39.095592,-97.129545,2026-08-14 03:12:38.688755968,13,5908,110,99
39.098694,-97.171987,2026-08-14 03:12:38.688751104,13,4209,159,86
39.118784,-97.129882,2026-08-14 03:12:38.688763904,13,7076,135,70
39.064336,-97.20223,2026-08-14 03:12:38.902595840,13,5560,199,44
39.060289,-97.18098,2026-08-14 03:12:38.902658560,13,13663,91,38
41.179264,-90.51705,2026-08-14 03:12:39.98496256,13,7531,123,25
32.958355,-101.347182,2026-08-14 03:12:39.114091008,13,8537,207,29
32.691517,-101.651945,2026-08-14 03:12:39.151992064,13,9620,258,28
40.964268,-103.893395,2026-08-14 03:12:39.538452224,13,14746,114,66
41.006866,-103.997304,2026-08-14 03:12:39.538424064,13,11543,88,52
32.714282,-101.579591,2026-08-14 03:12:39.757471488,13,8737,121,103
32.794276,-101.569383,2026-08-14 03:12:39.757494016,13,6502,105,91
38.959043,-97.349299,2026-08-14 03:12:40.100152064,13,4589,161,70
38.966684,-97.367331,2026-08-14 03:12:40.100149248,13,5671,204,57
39.003621,-97.327988,2026-08-14 03:12:40.137750272,13,7076,141,50
38.957914,-97.317771,2026-08-14 03:12:40.271864832,13,7293,111,73
38.995639,-97.318693,2026-08-14 03:12:40.271872512,13,8252,122,55
38.978972,-97.365888,2026-08-14 03:12:40.660356096,13,7670,194,60
38.978556,-97.670058,2026-08-14 03:12:40.660335872,13,13627,219,46
38.977172,-97.379618,2026-08-14 03:12:40.872172032,13,5339,204,29
38.953157,-97.429951,2026-08-14 03:12:40.872155648,13,6209,261,19
39.010783,-97.175558,2026-08-14 03:12:41.56816640,13,12314,137,27
32.771736,-101.586664,2026-08-14 03:12:41.125666816,13,7450,193,32
39.046916,-97.274214,2026-08-14 03:12:41.169739776,13,14165,95,36
38.932741,-99.767231,2026-08-14 03:12:41.314183168,13,10040,159,21
39.024653,-101.307863,2026-08-14 03:12:41.676072448,13,12984,170,23
38.663633,-101.089361,2026-08-14 03:12:41.789786112,13,8493,86,39
38.675397,-101.021673,2026-08-14 03:12:41.789811456,13,12835,119,33
38.716721,-98.041362,2026-08-14 03:12:41.904586496,13,6158,168,64
38.790102,-97.875445,2026-08-14 03:12:41.904635136,13,14260,167,49
38.774737,-98.030002,2026-08-14 03:12:41.904658688,13,4338,179,36
38.717521,-97.911822,2026-08-14 03:12:41.947269376,13,6328,140,37
38.736549,-98.080718,2026-08-14 03:12:42.7102208,13,10055,182,45
38.730758,-98.062382,2026-08-14 03:12:42.7170304,13,10251,108,24
38.705961,-98.026935,2026-08-14 03:12:42.606536192,13,3584,243,28
38.91007,-97.390075,2026-08-14 03:12:43.80478720,13,7482,142,22
22.539953,-105.205576,2026-08-14 03:12:43.271058944,13,10741,259,35
30.533023,-103.503406,2026-08-14 03:12:43.485947392,13,7759,123,39
38.955677,-97.491632,2026-08-14 03:12:43.649097728,13,9251,157,31
38.83362,-100.946078,2026-08-14 03:12:43.980609280,13,8757,168,22
39.192815,-101.313853,2026-08-14 03:12:44.551953408,13,9846,188,26
41.880988,-89.598023,2026-08-14 03:12:44.986228736,13,12591,108,62
41.838724,-89.574601,2026-08-14 03:12:44.986285568,13,9426,102,25
46.135289,-111.604755,2026-08-14 03:12:45.572400896,13,12349,126,44
19.509743,-101.024734,2026-08-14 03:12:46.46288128,13,7754,251,47
38.722604,-100.951775,2026-08-14 03:12:46.581650688,13,12131,168,28
38.817819,-100.4365,2026-08-14 03:12:46.602178304,13,6630,164,18
45.00168,-64.672174,2026-08-14 03:12:46.762246144,13,11604,222,77
38.600426,-101.098025,2026-08-14 03:12:46.958713088,13,8070,138,21
41.474009,-90.758822,2026-08-14 03:12:47.269543936,13,13359,81,44
41.474586,-90.81427,2026-08-14 03:12:47.269603328,13,8513,159,28
39.032907,-97.608695,2026-08-14 03:12:47.836632576,13,12554,107,44
39.041476,-97.594082,2026-08-14 03:12:47.836643584,13,8485,120,32
41.5268,-89.146736,2026-08-14 03:12:48.270070784,13,4191,134,38
23.353709,-99.119806,2026-08-14 03:12:48.361168384,13,9773,231,41
41.26059,-90.525303,2026-08-14 03:12:48.627656192,13,5865,192,41
38.821043,-96.985999,2026-08-14 03:12:50.171660544,13,5609,108,30
41.325979,-91.203792,2026-08-14 03:12:51.428986112,13,14147,125,36
41.214385,-91.133301,2026-08-14 03:12:51.429004288,13,8801,104,23
41.286318,-88.185716,2026-08-14 03:12:52.612282368,13,12139,74,103
41.27954,-88.234005,2026-08-14 03:12:52.612279296,13,7520,178,105
41.278224,-88.259613,2026-08-14 03:12:52.612270592,13,3977,268,85
41.286033,-88.170233,2026-08-14 03:12:52.684843264,13,4758,86,61
41.257575,-88.187123,2026-08-14 03:12:52.757825024,13,12774,107,40
41.082694,-91.26215,2026-08-14 03:12:53.541145856,13,9885,73,66
41.096656,-91.2596,2026-08-14 03:12:53.708801792,13,10283,97,64
41.034448,-91.123309,2026-08-14 03:12:53.708843520,13,13297,226,53
38.578242,-100.266733,2026-08-14 03:12:54.329297152,13,7052,181,25
38.581017,-100.23837,2026-08-14 03:12:54.503312384,13,12871,139,24
32.819128,-101.588685,2026-08-14 03:12:54.623856384,13,13529,188,50
25.403038,-107.964192,2026-08-14 03:12:55.419788544,13,9198,192,72
25.383014,-107.992868,2026-08-14 03:12:55.419836928,13,7520,237,57
25.313616,-107.988985,2026-08-14 03:12:55.505987584,13,8974,224,32
25.285858,-108.005986,2026-08-14 03:12:55.581003264,13,13875,193,18
25.242928,-107.99993,2026-08-14 03:12:55.803990016,13,6334,193,48
30.975561,-106.646829,2026-08-14 03:12:56.8681472,13,4322,190,50
30.938196,-106.76752,2026-08-14 03:12:56.8697344,13,12866,200,38
38.781168,-100.507474,2026-08-14 03:12:56.319477504,13,8126,106,20
38.714142,-100.566616,2026-08-14 03:12:56.528979968,13,9232,225,22
38.603625,-101.074192,2026-08-14 03:12:56.634133248,13,6303,170,19
41.440261,-87.868274,2026-08-14 03:12:57.45680640,13,13888,83,38
41.219784,-90.518206,2026-08-14 03:12:59.205913344,13,9835,110,19
38.960064,-97.602244,2026-08-14 03:12:59.331799552,13,12311,102,24
41.289904,-88.210973,2026-08-14 03:13:00.239601152,13,8296,80,55
32.864745,-101.392754,2026-08-14 03:13:01.605082624,13,6557,185,20
40.616673,-85.993698,2026-08-14 03:13:01.889537024,13,8748,79,35
40.629971,-85.997556,2026-08-14 03:13:01.889537792,13,9825,137,57
40.635127,-86.009668,2026-08-14 03:13:01.889602048,13,13082,145,18
40.607616,-86.007644,2026-08-14 03:13:02.179539200,13,10819,89,55
40.519183,-86.249019,2026-08-14 03:13:02.179523328,13,10665,198,38
40.529429,-86.205962,2026-08-14 03:13:02.511296512,13,9704,183,25
38.937666,-97.433816,2026-08-14 03:13:02.847570432,13,11726,119,56
38.928319,-97.409395,2026-08-14 03:13:02.847642880,13,9943,174,43
32.731664,-101.917059,2026-08-14 03:13:03.228414976,13,14065,153,35
38.636537,-101.021748,2026-08-14 03:13:03.286951168,13,14749,169,17
38.723861,-100.470006,2026-08-14 03:13:03.502689024,13,13058,99,25
32.754469,-101.83476,2026-08-14 03:13:03.907438336,13,11294,194,29
41.211093,-90.270721,2026-08-14 03:13:04.399522304,13,11825,212,32
41.245608,-89.958403,2026-08-14 03:13:04.502314240,13,10703,99,38
41.241113,-89.929619,2026-08-14 03:13:04.773593088,13,6989,70,81
37.948242,-100.511529,2026-08-14 03:13:04.994274560,13,13036,106,68
39.049129,-97.145833,2026-08-14 03:13:05.95002368,13,10530,112,58
39.028888,-97.187933,2026-08-14 03:13:05.95002880,13,6291,202,86
41.198671,-90.787369,2026-08-14 03:13:05.269334784,13,13005,78,39
41.185046,-90.794198,2026-08-14 03:13:05.269404160,13,9933,105,23
39.045103,-97.171515,2026-08-14 03:13:05.786613248,13,10494,117,54
38.931603,-97.164726,2026-08-14 03:13:05.927777536,13,3905,159,60
41.085998,-91.251887,2026-08-14 03:13:06.98820864,13,7239,66,63
41.089615,-91.298912,2026-08-14 03:13:06.98881536,13,3688,184,31
41.082122,-91.266232,2026-08-14 03:13:06.242895360,13,8697,93,42
41.080521,-91.255209,2026-08-14 03:13:06.299115008,13,6282,89,42
41.009859,-90.136606,2026-08-14 03:13:06.573393408,13,13492,79,35
41.346898,-87.679592,2026-08-14 03:13:07.310147328,13,6384,111,83
41.348012,-87.658763,2026-08-14 03:13:07.310148096,13,3359,167,116
41.346797,-87.73114,2026-08-14 03:13:07.310148096,13,9948,171,103
41.338286,-87.718277,2026-08-14 03:13:07.310155008,13,10705,103,81
46.260762,-111.285986,2026-08-14 03:13:08.539207936,13,7621,129,105
46.199077,-111.372795,2026-08-14 03:13:08.539235840,13,8885,144,93
39.114927,-101.442434,2026-08-14 03:13:08.970762240,13,5955,118,118
39.10938,-101.440642,2026-08-14 03:13:08.970765568,13,11138,139,113
39.114643,-101.517141,2026-08-14 03:13:09.181394176,13,8900,167,23
44.425173,-118.197017,2026-08-14 03:13:10.115069952,13,8988,114,44
16.914288,-97.280565,2026-08-14 03:13:10.388779776,13,8691,259,71
38.676781,-100.925221,2026-08-14 03:13:11.433387776,13,10130,186,25
38.882669,-100.90029,2026-08-14 03:13:11.646816512,13,10199,185,22
39.110782,-96.604145,2026-08-14 03:13:12.759390976,13,13173,86,22
39.053522,-96.605874,2026-08-14 03:13:12.804275456,13,12466,156,21
41.085194,-91.228755,2026-08-14 03:13:13.520036352,13,6298,165,66
41.069272,-91.219385,2026-08-14 03:13:13.520105984,13,11717,121,51
41.095567,-91.255868,2026-08-14 03:13:13.520092928,13,3618,195,38
41.347748,-87.669981,2026-08-14 03:13:14.177913344,13,13812,83,51
41.358328,-87.672297,2026-08-14 03:13:14.181807872,13,11979,94,54
20.785517,-101.000153,2026-08-14 03:13:14.376026624,13,7451,255,65
41.127387,-90.52167,2026-08-14 03:13:14.842540800,13,11542,172,17
41.283183,-88.232032,2026-08-14 03:13:14.872386816,13,11136,82,28
20.624686,-100.98253,2026-08-14 03:13:15.212028928,13,4642,245,60
39.078291,-97.045189,2026-08-14 03:13:15.375588864,13,6901,153,28
25.085936,-107.744959,2026-08-14 03:13:15.864793856,13,9712,257,18
41.077122,-89.932514,2026-08-14 03:13:16.828883968,13,13437,85,29
41.410113,-90.728482,2026-08-14 03:13:16.927026176,13,12895,165,37
41.429348,-90.732862,2026-08-14 03:13:16.927026432,13,8970,149,20
41.38393,-90.759494,2026-08-14 03:13:16.956815616,13,13687,94,18
38.895852,-100.456439,2026-08-14 03:13:17.111409408,13,9801,105,21
38.683982,-100.989905,2026-08-14 03:13:17.209485056,13,7296,169,24
38.872621,-99.914252,2026-08-14 03:13:17.224596224,13,12629,102,27
46.511835,-111.373951,2026-08-14 03:13:17.368704256,13,10091,113,57
46.464933,-111.444157,2026-08-14 03:13:17.368730368,13,14959,135,52
38.730053,-100.492123,2026-08-14 03:13:17.592615424,13,9500,182,37
38.76838,-100.454879,2026-08-14 03:13:17.592623872,13,6300,153,23
32.690857,-101.474881,2026-08-14 03:13:18.190957568,13,9134,193,28
32.857425,-101.373107,2026-08-14 03:13:18.378355456,13,14328,153,23
38.83553,-100.56099,2026-08-14 03:13:18.480433152,13,10918,183,46
38.858425,-100.544763,2026-08-14 03:13:18.480435200,13,11790,123,33
38.941171,-97.592517,2026-08-14 03:13:18.615225600,13,8536,157,49
38.990855,-101.193514,2026-08-14 03:13:19.135505920,13,13379,100,21
38.976451,-99.860424,2026-08-14 03:13:19.922168064,13,13142,160,20
38.598785,-101.201607,2026-08-14 03:13:20.101980672,13,13280,126,40
38.533612,-101.161566,2026-08-14 03:13:20.101995264,13,8336,163,26
38.927316,-96.992954,2026-08-14 03:13:20.396608768,13,6485,152,23
38.919644,-96.981794,2026-08-14 03:13:20.532431872,13,12664,86,30
38.905112,-96.986377,2026-08-14 03:13:20.532434176,13,8362,191,20
39.211834,-101.569179,2026-08-14 03:13:20.824396800,13,11156,86,33
38.933889,-97.417067,2026-08-14 03:13:21.189160448,13,5582,122,30
38.926951,-97.422851,2026-08-14 03:13:21.255831552,13,9631,116,62
39.017607,-97.027624,2026-08-14 03:13:21.440799744,13,9690,153,28
39.093978,-97.241878,2026-08-14 03:13:21.469907456,13,7828,159,22
38.960916,-97.465542,2026-08-14 03:13:21.597201408,13,12065,162,65
38.951093,-97.472482,2026-08-14 03:13:21.597208576,13,8037,205,53
43.235368,-57.385936,2026-08-14 03:13:21.778233088,13,8406,267,73
38.959828,-97.436929,2026-08-14 03:13:22.8480768,13,13705,67,29
38.748995,-98.081927,2026-08-14 03:13:22.700469760,13,8272,148,27
38.745606,-100.477658,2026-08-14 03:13:22.769758464,13,6191,161,23
38.867602,-99.887173,2026-08-14 03:13:23.482405376,13,7467,175,21
38.882928,-99.929852,2026-08-14 03:13:23.604871680,13,9039,177,22
38.681028,-101.040043,2026-08-14 03:13:23.881138176,13,7783,169,21
39.103041,-97.018097,2026-08-14 03:13:23.981738496,13,7195,152,25
41.140754,-90.041564,2026-08-14 03:13:24.413007872,13,12699,125,34
41.061891,-89.920861,2026-08-14 03:13:24.413045760,13,11857,187,21
43.119039,-105.76421,2026-08-14 03:13:25.14293760,13,11668,82,58
43.087026,-105.771573,2026-08-14 03:13:25.14287104,13,5277,83,45
43.289618,-57.732957,2026-08-14 03:13:25.632194560,13,7087,265,64
43.359287,-57.828944,2026-08-14 03:13:25.680234496,13,8154,264,43
41.32233,-87.678197,2026-08-14 03:13:25.890939904,13,13182,87,62
41.313668,-87.919232,2026-08-14 03:13:25.890935808,13,12717,252,50
41.364135,-87.961244,2026-08-14 03:13:26.309207552,13,10174,77,123
41.377597,-87.965248,2026-08-14 03:13:26.309213440,13,4764,126,105
41.353208,-87.979955,2026-08-14 03:13:26.309213696,13,6481,116,92
41.260532,-87.756013,2026-08-14 03:13:26.309206016,13,12980,175,75
41.371295,-87.968935,2026-08-14 03:13:26.365277952,13,9894,78,53
41.397336,-88.01697,2026-08-14 03:13:26.395520512,13,6243,210,32
41.374936,-87.962466,2026-08-14 03:13:26.850592768,13,8678,178,23
38.372578,-100.486646,2026-08-14 03:13:27.128150528,13,6602,139,24
38.427974,-100.411202,2026-08-14 03:13:27.128172288,13,12308,156,14
27.510341,-70.0843,2026-08-14 03:13:27.600691456,13,4957,263,39
39.001342,-97.145915,2026-08-14 03:13:28.132859648,13,8210,259,32
38.991822,-96.985206,2026-08-14 03:13:28.356372480,13,5767,197,26
38.995443,-96.948386,2026-08-14 03:13:28.420667648,13,9739,132,31
41.272605,-91.192162,2026-08-14 03:13:28.765315840,13,11682,109,37
41.225606,-91.059055,2026-08-14 03:13:28.765357568,13,11661,110,26
41.251964,-91.045572,2026-08-14 03:13:28.841058560,13,6751,105,36
41.226228,-91.058684,2026-08-14 03:13:28.841124096,13,12108,104,27
38.796349,-97.650167,2026-08-14 03:13:29.867356416,13,7665,92,75
38.790628,-97.68072,2026-08-14 03:13:29.867356160,13,9944,158,59
38.789335,-97.649338,2026-08-14 03:13:29.867422464,13,10538,132,46
39.083039,-96.648825,2026-08-14 03:13:30.783294208,13,11889,87,23
43.252197,-57.343325,2026-08-14 03:13:31.136929280,13,4943,268,57
38.927362,-97.455665,2026-08-14 03:13:31.627187968,13,8112,152,20
37.942327,-99.767738,2026-08-14 03:13:32.687604736,13,13940,140,18
25.33028,-107.985125,2026-08-14 03:13:34.366125824,13,13278,192,62
38.797799,-100.93908,2026-08-14 03:13:34.570731776,13,10085,165,28
41.267467,-88.20599,2026-08-14 03:13:36.827382272,13,5708,152,24
41.319191,-88.044163,2026-08-14 03:13:36.827429632,13,6421,128,18
41.326525,-88.049645,2026-08-14 03:13:37.86118912,13,10248,82,58
41.325745,-88.047735,2026-08-14 03:13:37.86180864,13,7714,118,42
38.939398,-97.443118,2026-08-14 03:13:38.103779840,13,5317,156,31
38.934985,-97.459694,2026-08-14 03:13:38.103770880,13,7770,227,16
38.94687,-97.39227,2026-08-14 03:13:38.172520448,13,11229,156,24
38.92249,-97.49069,2026-08-14 03:13:38.352754432,13,11169,89,17
38.955986,-97.312874,2026-08-14 03:13:38.421009664,13,11772,138,31
38.914467,-97.481669,2026-08-14 03:13:38.490146304,13,9473,174,19
38.912614,-97.486295,2026-08-14 03:13:38.576222208,13,9508,157,21
38.953547,-97.577253,2026-08-14 03:13:39.340200960,13,14846,121,15
16.835733,-97.455339,2026-08-14 03:13:39.481357056,13,7474,263,61
42.365627,-106.005318,2026-08-14 03:13:40.25228544,13,8724,101,97
42.458411,-105.977409,2026-08-14 03:13:40.25246976,13,5517,127,90
42.415473,-105.933064,2026-08-14 03:13:40.25257728,13,12932,114,75
20.869095,-100.878591,2026-08-14 03:13:40.371302656,13,9841,243,31
38.84945,-100.631393,2026-08-14 03:13:41.800134144,13,10784,183,16
38.90029,-99.786042,2026-08-14 03:13:42.584960,13,11199,156,22
38.739907,-100.492142,2026-08-14 03:13:42.260572160,13,6410,123,37
38.711079,-100.441924,2026-08-14 03:13:42.260582144,13,13398,136,19
38.822242,-100.480146,2026-08-14 03:13:42.291424256,13,11951,229,19
39.079635,-101.148357,2026-08-14 03:13:42.398312448,13,9518,127,16
41.056443,-90.89055,2026-08-14 03:13:42.741717504,13,14109,150,40
41.209442,-90.805796,2026-08-14 03:13:42.757530880,13,6789,80,40
32.08399,-86.042582,2026-08-14 03:13:42.979531520,13,4586,213,110
32.084638,-86.001175,2026-08-14 03:13:42.979542784,13,12302,118,96
31.851364,-85.906608,2026-08-14 03:13:42.979498240,13,13129,246,73
41.446391,-90.858891,2026-08-14 03:13:43.257016064,13,9921,132,23
32.375913,-85.606094,2026-08-14 03:13:43.475873792,13,7459,125,26
32.519635,-85.582328,2026-08-14 03:13:43.520961536,13,9760,211,25
32.39875,-85.588347,2026-08-14 03:13:43.520986624,13,10823,209,25
38.790748,-100.501674,2026-08-14 03:13:43.722032896,13,9862,102,33
39.059589,-102.478844,2026-08-14 03:13:44.668521216,13,10837,178,16
38.813485,-100.539275,2026-08-14 03:13:44.911363840,13,9096,183,33
38.809135,-100.526521,2026-08-14 03:13:45.40729600,13,6103,162,31
41.349208,-87.836144,2026-08-14 03:13:45.397238016,13,12207,85,55
41.362542,-87.879299,2026-08-14 03:13:45.397304064,13,6556,174,31
41.355898,-87.838906,2026-08-14 03:13:45.438030848,13,4728,91,34
41.348734,-87.865841,2026-08-14 03:13:45.438099712,13,6729,122,18
41.363522,-87.865678,2026-08-14 03:13:45.957444864,13,8665,78,66
41.359626,-87.866185,2026-08-14 03:13:45.957510656,13,9102,147,50
41.335811,-87.855723,2026-08-14 03:13:45.957501184,13,9470,127,32
41.356274,-87.703041,2026-08-14 03:13:46.262373120,13,9976,85,27
41.313886,-88.098134,2026-08-14 03:13:46.326701568,13,9836,175,28
38.934254,-100.921128,2026-08-14 03:13:46.405165312,13,11173,167,16
39.185742,-104.314093,2026-08-14 03:13:46.817052416,13,7128,186,27
32.274756,-85.640048,2026-08-14 03:13:46.867836928,13,8109,125,23
32.269403,-85.635937,2026-08-14 03:13:46.894866432,13,6951,117,30
32.287488,-85.647212,2026-08-14 03:13:46.894870784,13,6947,219,17
19.233413,-92.364282,2026-08-14 03:13:48.279067648,13,6896,238,66
41.309547,-88.090205,2026-08-14 03:13:48.519483648,13,5906,177,39
41.312556,-88.10773,2026-08-14 03:13:48.519563264,13,12591,106,42
41.31968,-88.231413,2026-08-14 03:13:48.627194368,13,8748,118,28
41.317578,-88.094043,2026-08-14 03:13:48.718374912,13,9085,105,93
41.306947,-88.159405,2026-08-14 03:13:48.718375168,13,6383,176,74
41.371786,-88.275959,2026-08-14 03:13:48.788284928,13,6820,117,35
19.047916,-92.072571,2026-08-14 03:13:50.46343168,13,6014,261,50
38.803438,-100.506177,2026-08-14 03:13:50.203618048,13,10663,209,18
32.752817,-101.542801,2026-08-14 03:13:50.303225088,13,7157,201,25
38.668067,-100.922341,2026-08-14 03:13:50.329552640,13,8736,115,28
38.633268,-100.816634,2026-08-14 03:13:50.329569536,13,8601,109,33
38.653596,-100.838639,2026-08-14 03:13:50.341359104,13,10437,103,21
38.934742,-97.399108,2026-08-14 03:13:50.560205312,13,5817,112,65
38.945004,-97.426035,2026-08-14 03:13:50.560263936,13,8505,143,47
38.990127,-97.262268,2026-08-14 03:13:50.727635456,13,11187,155,38
38.935708,-97.470071,2026-08-14 03:13:50.727652352,13,8978,213,25
38.955119,-99.919097,2026-08-14 03:13:51.204056576,13,7772,157,32
38.555752,-101.249173,2026-08-14 03:13:51.298469120,13,11732,168,38
41.056356,-91.445107,2026-08-14 03:13:51.921488640,13,7530,231,26
41.060938,-91.261655,2026-08-14 03:13:51.921540352,13,6778,164,25
38.968842,-97.318286,2026-08-14 03:13:51.925037568,13,9013,118,43
38.968511,-97.377677,2026-08-14 03:13:51.925089792,13,5462,226,34
39.010904,-97.645014,2026-08-14 03:13:51.979851776,13,10033,216,48
38.962743,-97.335678,2026-08-14 03:13:52.28423680,13,5245,246,37
39.034332,-97.590948,2026-08-14 03:13:52.295140608,13,8756,201,51
38.962879,-97.365642,2026-08-14 03:13:52.295205888,13,4288,212,38
41.000536,-104.11658,2026-08-14 03:13:53.39332096,13,10840,159,40
40.964966,-103.96617,2026-08-14 03:13:53.39376896,13,13646,100,23
38.883108,-100.894392,2026-08-14 03:13:53.337167104,13,9155,185,19
40.589711,-85.971105,2026-08-14 03:13:53.881954048,13,8923,77,56
40.59781,-85.99575,2026-08-14 03:13:53.881951232,13,5849,159,61
40.554456,-86.140888,2026-08-14 03:13:53.881971968,13,10636,230,45
38.661457,-101.173976,2026-08-14 03:13:53.961579776,13,11807,177,48
38.668067,-101.198831,2026-08-14 03:13:53.961586688,13,4423,118,63
38.777808,-100.511632,2026-08-14 03:13:54.559075840,13,12532,132,20
39.062852,-101.226118,2026-08-14 03:13:54.588043520,13,13229,188,17
38.901486,-97.080741,2026-08-14 03:13:54.759159296,13,9122,194,21
16.643498,-97.151531,2026-08-14 03:13:55.29185536,13,7935,270,41
41.364719,-90.473046,2026-08-14 03:13:55.185779200,13,10259,126,32
41.334826,-90.896357,2026-08-14 03:13:55.220174592,13,8725,223,48
41.353641,-90.492666,2026-08-14 03:13:55.220281344,13,6450,114,49
19.623729,-100.529603,2026-08-14 03:13:56.835202560,13,5611,250,25
41.389273,-87.89888,2026-08-14 03:13:57.34275072,13,3146,133,89
41.371251,-87.961669,2026-08-14 03:13:57.34265088,13,8162,173,81
41.355041,-87.946012,2026-08-14 03:13:57.34275072,13,6078,137,64
38.889112,-100.8826,2026-08-14 03:13:57.235877632,13,12476,167,18
38.811495,-100.403576,2026-08-14 03:13:58.73404160,13,12700,87,23
32.787093,-101.591107,2026-08-14 03:13:58.187037952,13,8392,188,35
29.956677,-107.048893,2026-08-14 03:13:58.908030976,13,6468,220,29
38.799493,-100.409889,2026-08-14 03:13:58.986884096,13,9373,129,23
41.278841,-88.325427,2026-08-14 03:13:59.473271040,13,8010,118,32
41.236797,-90.460403,2026-08-14 03:14:00.860236288,13,13138,125,31
41.184504,-90.4855,2026-08-14 03:14:00.860222464,13,13187,160,18
38.902654,-99.8897,2026-08-14 03:14:00.937318912,13,14816,86,15
41.428996,-90.825392,2026-08-14 03:14:01.410174464,13,13206,217,19
41.430238,-90.812496,2026-08-14 03:14:01.479385344,13,4925,217,30
38.840969,-100.512005,2026-08-14 03:14:01.920719872,13,10258,84,29
33.046205,-101.892543,2026-08-14 03:14:01.997123840,13,8402,185,56
38.746619,-101.146435,2026-08-14 03:14:02.512357888,13,11027,108,47
38.650186,-101.159567,2026-08-14 03:14:02.512386816,13,11529,110,37
38.948544,-97.415131,2026-08-14 03:14:03.180770048,13,8992,80,26
38.934338,-97.449421,2026-08-14 03:14:03.285613568,13,10271,91,34
41.239494,-91.039244,2026-08-14 03:14:04.405615104,13,14310,69,30
25.349905,-107.993379,2026-08-14 03:14:04.574742016,13,13273,192,41
43.119254,-57.859125,2026-08-14 03:14:05.34390784,13,8203,265,106
43.201379,-57.778476,2026-08-14 03:14:05.93837312,13,8276,254,20
38.837963,-100.810405,2026-08-14 03:14:05.261458944,13,13474,145,29
25.069659,-107.798006,2026-08-14 03:14:05.310286848,13,14245,193,27
38.583875,-100.998705,2026-08-14 03:14:05.432993792,13,6077,187,43
38.589733,-101.001914,2026-08-14 03:14:05.432986368,13,10561,92,29
38.748515,-100.417569,2026-08-14 03:14:05.580916224,13,14599,75,46
38.733639,-100.418647,2026-08-14 03:14:05.580984576,13,9566,170,35
41.051967,-103.888035,2026-08-14 03:14:05.811255552,13,9783,178,18
38.93722,-96.989456,2026-08-14 03:14:06.9999616,13,8047,152,33
38.940566,-97.005897,2026-08-14 03:14:06.9994240,13,5795,210,20
36.771789,-83.327319,2026-08-14 03:14:06.147550720,13,5765,179,50
36.807087,-83.31216,2026-08-14 03:14:06.147564800,13,4977,241,90
36.856426,-83.315632,2026-08-14 03:14:06.147581696,13,6988,131,83
36.797264,-83.339229,2026-08-14 03:14:06.147569664,13,3433,178,68
36.793527,-83.335356,2026-08-14 03:14:06.147567104,13,8473,185,53
36.790476,-83.370625,2026-08-14 03:14:06.187211520,13,8488,126,40
38.958299,-96.994937,2026-08-14 03:14:06.204708096,13,7321,172,23
38.9599,-97.002612,2026-08-14 03:14:06.396318208,13,12517,136,29
38.948426,-96.988007,2026-08-14 03:14:06.515747584,13,13267,210,19
39.101384,-96.988253,2026-08-14 03:14:06.583435008,13,5909,209,23
41.403747,-90.713162,2026-08-14 03:14:06.799545088,13,5437,92,84
41.35093,-87.648392,2026-08-14 03:14:07.304043520,13,9921,111,51
41.322415,-87.660953,2026-08-14 03:14:07.304046848,13,5279,118,73
41.306088,-87.638637,2026-08-14 03:14:07.304106752,13,8253,128,53
41.3336,-87.654389,2026-08-14 03:14:07.350602752,13,11211,85,50
41.337865,-87.659699,2026-08-14 03:14:07.382127104,13,11594,101,44
41.319474,-87.671535,2026-08-14 03:14:07.382135808,13,4652,220,67
41.282921,-87.641544,2026-08-14 03:14:07.442753792,13,8766,142,23
38.881657,-100.992603,2026-08-14 03:14:07.493694208,13,10657,112,18
38.844026,-100.900795,2026-08-14 03:14:08.834049536,13,13084,177,20
38.812226,-100.935435,2026-08-14 03:14:08.845763328,13,9904,136,15
38.8027,-100.88669,2026-08-14 03:14:09.91946752,13,8289,168,16
41.208545,-90.478891,2026-08-14 03:14:09.529832704,13,5661,75,61
41.20058,-90.495342,2026-08-14 03:14:09.529919232,13,9449,114,48
41.203288,-90.509143,2026-08-14 03:14:09.529907200,13,6343,214,41
32.938329,-101.323898,2026-08-14 03:14:09.705425408,13,6738,174,40
38.812217,-99.935385,2026-08-14 03:14:09.821025280,13,12530,201,20
38.865669,-100.884902,2026-08-14 03:14:10.387460352,13,7867,167,23
38.830278,-100.814019,2026-08-14 03:14:10.404818176,13,9916,165,24
30.099192,-106.699614,2026-08-14 03:14:10.412446720,13,10942,175,29
31.037071,120.66344,2026-08-14 03:10:02.441353472,14,6438,242,40
35.899807,140.445376,2026-08-14 03:10:30.135729408,14,13751,226,24
18.79216,129.190311,2026-08-14 03:10:34.12701952,14,7001,196,39
35.841295,140.555025,2026-08-14 03:10:56.213875712,14,8296,227,30
35.846405,140.579507,2026-08-14 03:10:56.328086784,14,5135,228,42
35.883679,140.525671,2026-08-14 03:10:56.328105984,14,6639,232,28
35.816324,140.650111,2026-08-14 03:10:56.648552960,14,9560,233,21
19.71945,125.567512,2026-08-14 03:11:07.210597632,14,7093,182,40
19.295526,127.215151,2026-08-14 03:11:31.916649216,14,5021,180,42
22.71302,115.85669,2026-08-14 03:11:40.354844416,14,13314,159,28
19.85463,130.94909,2026-08-14 03:11:42.656988416,14,6784,200,22
17.340953,132.433505,2026-08-14 03:11:54.805661952,14,6063,240,36
21.621422,113.848338,2026-08-14 03:12:07.519730176,14,14812,171,30
35.849718,140.528583,2026-08-14 03:12:32.806146304,14,11688,224,22
35.835758,140.530258,2026-08-14 03:12:32.944635648,14,9163,224,39
35.868503,140.512785,2026-08-14 03:12:32.944647680,14,6161,232,19
35.834295,140.538781,2026-08-14 03:12:33.3885056,14,12081,226,18
35.841673,140.529111,2026-08-14 03:12:33.56410624,14,10255,225,16
35.846515,140.527736,2026-08-14 03:12:33.155403264,14,10704,225,27
35.850703,140.523875,2026-08-14 03:12:33.236605952,14,6919,224,21
35.87213,140.504084,2026-08-14 03:12:33.236617728,14,6258,235,23
19.833375,125.666155,2026-08-14 03:12:55.752480512,14,4392,225,39
18.804088,129.196852,2026-08-14 03:13:22.588667136,14,7767,195,38
21.20042,128.064875,2026-08-14 03:13:50.677803008,14,5542,176,29
57.307611,3.346986,2026-08-14 03:10:21.937204480,11,9952,179,59
57.289307,3.356802,2026-08-14 03:10:21.937212928,11,6664,224,68
57.289313,3.365225,2026-08-14 03:10:21.937218816,11,5389,226,55
57.333565,3.380782,2026-08-14 03:10:21.937282048,11,14934,203,38
57.237575,3.382415,2026-08-14 03:10:21.937301248,11,7290,225,25
40.585617,-62.018304,2026-08-14 03:10:30.603459840,11,5588,247,229
41.293403,-88.172978,2026-08-14 03:10:38.842728192,11,13353,60,39
41.26638,-88.148215,2026-08-14 03:10:38.842794240,11,9665,112,26
22.076505,-75.758054,2026-08-14 03:10:46.797386496,11,14180,255,180
47.540024,-59.976297,2026-08-14 03:10:57.691630080,11,11750,179,84
2.965645,17.001315,2026-08-14 03:10:58.239373824,11,11259,262,43
40.997916,-91.309952,2026-08-14 03:10:59.48538368,11,9429,147,25
4.52602,13.372937,2026-08-14 03:11:18.18502144,11,9016,229,57
41.18571,-91.20865,2026-08-14 03:11:23.481642496,11,13701,87,33
41.16397,-91.180234,2026-08-14 03:11:23.820000000,11,7206,114,23
43.426575,-57.455337,2026-08-14 03:11:31.830358016,11,10450,151,167
57.343733,3.413323,2026-08-14 03:11:35.451172864,11,10447,160,140
40.782201,22.619107,2026-08-14 03:11:36.634915840,11,5587,133,133
47.152951,-63.397213,2026-08-14 03:11:51.372946944,11,10596,167,51
41.308408,-87.750707,2026-08-14 03:11:57.440402688,11,9246,94,28
57.370135,3.321073,2026-08-14 03:12:02.120078848,11,2996,177,45
57.319407,3.34996,2026-08-14 03:12:02.120091392,11,9451,186,52
3.944462,16.683888,2026-08-14 03:12:02.419425280,11,7460,252,63
8.291351,11.128573,2026-08-14 03:12:07.632353024,11,14000,173,112
58.080407,-3.061451,2026-08-14 03:12:21.992584192,11,4386,222,168
42.02283,41.135238,2026-08-14 03:12:23.159911680,11,6566,256,118
40.782352,22.559543,2026-08-14 03:12:31.692333568,11,10480,144,71
32.19831,-86.141229,2026-08-14 03:12:34.738025984,11,12658,123,157
44.99341,-64.612885,2026-08-14 03:12:46.762248448,11,14172,218,161
56.237693,-4.601393,2026-08-14 03:13:06.652539904,11,7947,232,221
41.336809,-87.76969,2026-08-14 03:13:07.310150656,11,7300,177,48
41.222149,-88.359521,2026-08-14 03:13:36.827338240,11,5891,217,21
31.994227,-86.051974,2026-08-14 03:13:42.979554816,11,14904,119,71
57.309117,3.413003,2026-08-14 03:14:05.918172928,11,6517,165,128
38.547434,-62.040715,2026-08-14 03:10:05.469009920,12,6815,184,119
57.307611,3.346986,2026-08-14 03:10:21.937204480,12,9952,179,59
57.289307,3.356802,2026-08-14 03:10:21.937212928,12,6664,224,67
57.289313,3.365225,2026-08-14 03:10:21.937218816,12,5389,226,54
57.333565,3.380782,2026-08-14 03:10:21.937282048,12,14934,203,37
57.237575,3.382415,2026-08-14 03:10:21.937301248,12,7290,225,24
40.585617,-62.018304,2026-08-14 03:10:30.603459840,12,5588,247,229
56.783895,-50.739869,2026-08-14 03:10:34.524955648,12,6046,171,225
41.293403,-88.172978,2026-08-14 03:10:38.842728192,12,13353,60,38
41.26638,-88.148215,2026-08-14 03:10:38.842794240,12,9665,112,27
22.076505,-75.758054,2026-08-14 03:10:46.797386496,12,14180,255,180
47.540024,-59.976297,2026-08-14 03:10:57.691630080,12,11750,179,84
2.965645,17.001315,2026-08-14 03:10:58.239373824,12,11259,262,43
41.021509,-91.318626,2026-08-14 03:10:59.48536064,12,10820,94,30
4.52602,13.372937,2026-08-14 03:11:18.18502144,12,9016,229,57
41.18571,-91.208649,2026-08-14 03:11:23.481642496,12,13701,87,33
41.205319,-91.298305,2026-08-14 03:11:23.650243328,12,12997,95,37
43.42657,-57.455319,2026-08-14 03:11:31.830357760,12,10450,151,168
57.309696,3.357257,2026-08-14 03:11:35.451177216,12,7958,155,126
40.782201,22.619107,2026-08-14 03:11:36.634915840,12,5587,133,133
47.152951,-63.397213,2026-08-14 03:11:51.372946944,12,10596,167,50
41.308406,-87.750717,2026-08-14 03:11:57.440402688,12,9242,94,28
57.3474,3.339915,2026-08-14 03:12:02.120075776,12,10789,132,43
57.327263,3.357679,2026-08-14 03:12:02.120091136,12,12397,218,36
3.944462,16.683888,2026-08-14 03:12:02.419425280,12,7460,252,63
8.291351,11.128573,2026-08-14 03:12:07.632353024,12,14000,173,113
57.904477,-2.874234,2026-08-14 03:12:21.992653312,12,5900,253,169
43.14635,-58.404034,2026-08-14 03:12:22.395866368,12,7221,165,45
42.02283,41.135238,2026-08-14 03:12:23.159911680,12,6566,256,118
40.782352,22.559543,2026-08-14 03:12:31.692333568,12,10480,144,67
32.19831,-86.141229,2026-08-14 03:12:34.738025984,12,12658,123,158
44.99341,-64.612891,2026-08-14 03:12:46.762248448,12,14172,218,161
41.222149,-88.359521,2026-08-14 03:13:36.827338240,12,5891,217,21
31.994227,-86.051974,2026-08-14 03:13:42.979554816,12,14904,119,70
57.309117,3.413003,2026-08-14 03:14:05.918172928,12,6517,165,127
57.360216,3.400343,2026-08-14 03:14:05.959208192,12,9245,151,77
