20.644424,-78.829453,2026-08-04 01:00:07.149166080,1,13569,251,35
52.525616,24.039063,2026-08-04 01:00:14.674681088,1,11288,231,47
52.501453,24.015704,2026-08-04 01:00:14.674759936,1,9887,183,24
51.982691,23.798995,2026-08-04 01:00:23.308212736,1,14715,195,76
52.003205,23.760821,2026-08-04 01:00:23.308292352,1,11128,133,71
52.010041,23.744853,2026-08-04 01:00:23.308294656,1,13437,133,60
51.993655,23.821748,2026-08-04 01:00:23.308279040,1,5451,218,55
51.99739,23.813407,2026-08-04 01:00:23.308274944,1,8742,181,45
52.011839,23.77829,2026-08-04 01:00:23.311452416,1,13525,166,25
51.984954,23.799401,2026-08-04 01:00:23.359122432,1,10865,234,27
51.940175,23.602756,2026-08-04 01:00:23.848808192,1,3279,251,393
51.935164,23.565347,2026-08-04 01:00:23.848816640,1,3530,145,415
51.937159,23.569001,2026-08-04 01:00:23.848824064,1,9061,206,396
45.137462,33.112244,2026-08-04 01:00:47.118963968,1,6239,246,26
45.161172,32.978937,2026-08-04 01:00:47.126413568,1,10906,258,19
31.874465,-79.005359,2026-08-04 01:00:56.665819648,1,4693,180,45
31.867345,-78.965214,2026-08-04 01:00:56.665820672,1,10137,233,30
52.975111,38.817823,2026-08-04 01:01:03.823476992,1,9731,253,34
52.772168,24.212865,2026-08-04 01:01:12.596694528,1,13830,167,28
52.057665,23.768492,2026-08-04 01:01:19.756891136,1,9858,177,126
52.058453,23.749754,2026-08-04 01:01:19.756904192,1,5616,195,103
52.364117,23.42856,2026-08-04 01:01:19.757039104,1,12423,208,86
52.054834,23.772654,2026-08-04 01:01:19.756966656,1,7362,214,73
52.048001,23.787432,2026-08-04 01:01:19.756958464,1,6695,177,60
52.038649,23.838087,2026-08-04 01:01:19.756951296,1,3045,213,43
52.045767,23.816492,2026-08-04 01:01:19.756952832,1,6599,168,30
52.065072,23.736491,2026-08-04 01:01:19.890857216,1,9334,146,339
52.024974,23.704611,2026-08-04 01:01:19.890868736,1,10669,154,326
52.049995,23.796217,2026-08-04 01:01:19.890854144,1,5870,197,307
52.050534,23.781684,2026-08-04 01:01:19.890855424,1,7433,198,296
52.063322,23.752176,2026-08-04 01:01:19.890864640,1,3845,213,284
52.054343,23.768343,2026-08-04 01:01:19.890861312,1,3619,187,271
52.887696,39.811044,2026-08-04 01:01:27.571591168,1,9773,250,40
52.879084,39.820781,2026-08-04 01:01:27.571595776,1,11160,258,21
52.877426,39.866989,2026-08-04 01:01:27.600969472,1,4773,256,21
50.289564,7.968225,2026-08-04 01:01:36.901487872,1,10929,124,32
50.275567,8.067174,2026-08-04 01:01:37.76564736,1,6823,67,56
50.270131,8.070492,2026-08-04 01:01:37.76564992,1,7333,93,36
44.758111,32.829299,2026-08-04 01:01:44.167382528,1,6086,233,22
41.363463,-100.60429,2026-08-04 01:01:52.843030784,1,12976,180,27
52.760871,24.214821,2026-08-04 01:01:53.36955904,1,12165,216,35
52.769009,24.213141,2026-08-04 01:01:53.36955392,1,7815,202,24
24.518418,-82.120475,2026-08-04 01:02:07.456328192,1,7706,268,29
9.837446,-13.641492,2026-08-04 01:02:22.534670336,1,11087,263,135
52.960556,23.900552,2026-08-04 01:03:02.234749184,1,4958,226,52
52.952597,23.90086,2026-08-04 01:03:02.234750720,1,5978,146,39
52.940519,23.942822,2026-08-04 01:03:02.234812160,1,6264,183,26
51.998663,23.691206,2026-08-04 01:03:02.910814208,1,4059,244,52
51.979687,23.614343,2026-08-04 01:03:02.910832640,1,3599,205,95
51.969293,23.62566,2026-08-04 01:03:02.910906368,1,14434,208,72
51.978907,23.639151,2026-08-04 01:03:02.910896128,1,4005,219,60
51.961603,23.677392,2026-08-04 01:03:02.910886144,1,5207,228,46
52.759072,24.213268,2026-08-04 01:03:18.245034752,1,12342,208,70
52.766283,24.205995,2026-08-04 01:03:18.245042176,1,7519,176,54
52.752285,24.175269,2026-08-04 01:03:18.245114624,1,8071,208,42
52.735915,24.180494,2026-08-04 01:03:18.245110528,1,4704,261,26
48.246914,5.302098,2026-08-04 01:03:20.648433152,1,11556,58,77
48.222507,5.258159,2026-08-04 01:03:20.648428032,1,6140,204,59
48.242475,5.291977,2026-08-04 01:03:20.658008320,1,11591,87,322
48.249377,5.295288,2026-08-04 01:03:20.658016256,1,7111,72,312
48.247656,5.295468,2026-08-04 01:03:20.658017280,1,9776,102,291
48.250863,5.279022,2026-08-04 01:03:20.658014208,1,4140,124,268
48.239562,5.240654,2026-08-04 01:03:20.658025216,1,7287,137,255
52.030808,23.588823,2026-08-04 01:03:28.97224960,1,7173,248,52
51.985135,23.609427,2026-08-04 01:03:28.97235712,1,11046,229,25
52.310065,22.895146,2026-08-04 01:03:28.176304896,1,14828,242,59
51.779471,23.257953,2026-08-04 01:03:28.176210944,1,12840,258,45
52.106046,23.702995,2026-08-04 01:03:28.188635392,1,5031,259,202
52.058646,23.619626,2026-08-04 01:03:28.188660992,1,5711,194,196
52.035389,23.627969,2026-08-04 01:03:28.188669184,1,5759,208,182
49.722906,7.90404,2026-08-04 01:03:35.310666752,1,10159,118,30
49.740055,7.73112,2026-08-04 01:03:35.471719680,1,13997,133,35
49.685267,7.945469,2026-08-04 01:03:35.483108096,1,8416,83,33
49.673457,7.890166,2026-08-04 01:03:35.495351296,1,12816,109,13
49.696898,7.833903,2026-08-04 01:03:35.527534080,1,10553,112,255
49.73565,7.888518,2026-08-04 01:03:35.527531520,1,7101,139,242
49.720681,7.93449,2026-08-04 01:03:35.527541504,1,8735,150,230
49.710341,7.91022,2026-08-04 01:03:35.527541248,1,4332,74,216
49.640702,7.899957,2026-08-04 01:03:35.527512832,1,11824,124,201
49.717476,7.90916,2026-08-04 01:03:35.527541504,1,4786,122,188
15.41464,-9.878532,2026-08-04 01:03:42.592327680,1,5633,212,23
14.218993,9.361778,2026-08-04 01:03:43.409851904,1,10738,171,166
51.996293,23.604055,2026-08-04 01:03:50.462337536,1,5811,196,226
51.991808,23.580651,2026-08-04 01:03:50.462339840,1,9645,145,207
51.978692,23.616445,2026-08-04 01:03:50.462342144,1,6676,193,185
51.980717,23.638941,2026-08-04 01:03:50.462338560,1,4921,225,167
51.991297,23.60235,2026-08-04 01:03:50.462413312,1,9263,222,154
51.977852,23.628071,2026-08-04 01:03:50.462405888,1,5369,175,140
51.97807,23.603274,2026-08-04 01:03:50.462409216,1,5058,232,123
51.981683,23.621387,2026-08-04 01:03:50.462405120,1,6939,169,110
51.96288,23.680059,2026-08-04 01:03:50.462388224,1,3846,233,91
51.97125,23.666325,2026-08-04 01:03:50.462392832,1,10295,204,70
51.968859,23.634687,2026-08-04 01:03:50.530114048,1,6206,154,78
51.946181,23.64721,2026-08-04 01:03:50.530117888,1,8595,196,60
51.965674,23.663852,2026-08-04 01:03:50.530184192,1,5420,217,47
51.957603,23.6861,2026-08-04 01:03:50.530177792,1,4285,178,35
51.946007,23.661296,2026-08-04 01:03:50.530180608,1,3583,176,21
50.323505,9.153363,2026-08-04 01:03:51.40486656,1,5431,57,96
50.32718,9.172662,2026-08-04 01:03:51.40482816,1,5355,159,85
50.330373,9.171418,2026-08-04 01:03:51.40483072,1,7270,159,68
27.370212,125.288007,2026-08-04 01:00:16.653743872,2,7581,164,40
27.394285,125.305231,2026-08-04 01:00:16.653754624,2,3696,198,26
27.400902,125.21146,2026-08-04 01:00:16.733102592,2,14829,158,22
27.401968,125.211948,2026-08-04 01:00:16.769143552,2,12741,158,22
27.354667,125.308427,2026-08-04 01:00:17.58424064,2,5217,200,34
20.225443,107.243798,2026-08-04 01:00:17.616791040,2,7961,239,24
13.228731,149.263964,2026-08-04 01:00:33.889167872,2,14705,189,22
17.581856,118.218638,2026-08-04 01:00:41.358156288,2,4840,220,26
29.481912,109.790569,2026-08-04 01:00:46.557179904,2,10825,199,26
19.641446,121.005992,2026-08-04 01:00:54.122970880,2,4952,211,22
15.024865,153.217436,2026-08-04 01:00:56.348786176,2,9629,200,17
17.66035,133.119797,2026-08-04 01:01:08.659002368,2,10038,237,34
16.805262,117.965892,2026-08-04 01:01:18.405558784,2,10563,240,28
25.692477,125.055779,2026-08-04 01:01:45.754732800,2,8244,192,32
27.415356,125.228791,2026-08-04 01:01:54.218525440,2,9405,159,25
-36.70783,152.815629,2026-08-04 01:01:54.416458752,2,8274,225,31
-36.655184,152.692332,2026-08-04 01:01:54.439285504,2,8954,141,21
27.429145,125.241573,2026-08-04 01:01:54.486006272,2,9178,158,24
14.099173,133.423559,2026-08-04 01:02:17.546457088,2,5687,259,31
15.023041,153.181825,2026-08-04 01:02:34.402926592,2,7043,200,19
18.190346,117.596624,2026-08-04 01:02:48.428148992,2,7123,212,33
-36.859166,152.848005,2026-08-04 01:02:58.481907968,2,11348,159,18
-36.703672,152.721602,2026-08-04 01:02:58.928543744,2,12578,124,24
-36.744979,152.810182,2026-08-04 01:02:59.28204800,2,9854,225,28
-36.739771,152.804191,2026-08-04 01:02:59.127416576,2,10871,234,17
29.429424,109.870749,2026-08-04 01:03:03.617485568,2,14961,199,30
13.191335,149.318893,2026-08-04 01:03:03.838356992,2,9847,189,28
-36.945878,153.113689,2026-08-04 01:03:38.302700544,2,8574,244,17
30.481893,-112.047927,2026-08-04 01:00:06.598585856,3,13494,164,24
20.984856,-78.911362,2026-08-04 01:00:07.149253888,3,10284,258,78
47.976811,-95.155944,2026-08-04 01:00:15.203879680,3,14147,157,30
47.727735,-95.459493,2026-08-04 01:00:15.203891968,3,9513,149,17
36.507225,-103.859961,2026-08-04 01:00:15.587895808,3,5482,114,61
36.495017,-103.774636,2026-08-04 01:00:15.587919872,3,9805,89,48
21.242905,-100.334519,2026-08-04 01:00:23.484394496,3,10117,255,57
20.92761,-100.489548,2026-08-04 01:00:23.484306688,3,6802,244,79
20.996068,-100.504608,2026-08-04 01:00:23.484325120,3,6370,268,66
47.899193,-95.419078,2026-08-04 01:00:24.272751872,3,9511,134,24
47.896271,-95.407115,2026-08-04 01:00:24.316176384,3,8862,128,32
47.892153,-95.364073,2026-08-04 01:00:24.316189696,3,11772,149,15
24.212429,-79.860983,2026-08-04 01:00:24.570850816,3,14118,255,55
30.35305,-111.285647,2026-08-04 01:00:24.629916416,3,5931,209,74
30.171627,-111.378678,2026-08-04 01:00:24.629888256,3,7934,233,89
20.647899,-78.758452,2026-08-04 01:00:31.919632640,3,10985,177,59
20.614564,-78.824004,2026-08-04 01:00:31.919614208,3,8156,223,37
24.59848,-82.591509,2026-08-04 01:00:33.142978304,3,9615,248,52
24.529451,-82.679696,2026-08-04 01:00:33.142992896,3,5489,237,39
23.536525,-106.699923,2026-08-04 01:00:33.577717504,3,10565,265,20
48.050763,-94.776548,2026-08-04 01:00:34.776834816,3,5518,147,50
48.038524,-94.787387,2026-08-04 01:00:34.776880640,3,8664,130,36
20.541623,-77.68756,2026-08-04 01:00:42.307453952,3,6152,199,83
36.261123,-104.068918,2026-08-04 01:00:43.80945408,3,5650,83,64
36.370687,-104.049152,2026-08-04 01:00:43.80983296,3,11661,186,49
59.580632,-95.447814,2026-08-04 01:00:50.714834176,3,8666,235,22
59.664423,-95.58176,2026-08-04 01:00:50.870938880,3,5099,264,24
33.251155,-83.162042,2026-08-04 01:00:58.912439808,3,8284,172,22
25.345319,-82.095634,2026-08-04 01:00:59.550920704,3,7124,270,28
25.337624,-82.090495,2026-08-04 01:00:59.550917888,3,9129,231,30
34.334329,-110.695799,2026-08-04 01:01:00.448484352,3,11898,136,21
41.40518,-100.355301,2026-08-04 01:01:01.642903296,3,5402,152,21
41.46087,-100.365326,2026-08-04 01:01:01.642912768,3,7210,174,42
41.377005,-100.390998,2026-08-04 01:01:01.642939136,3,13590,140,29
41.393477,-100.395379,2026-08-04 01:01:01.748176128,3,14305,106,37
41.439335,-100.377927,2026-08-04 01:01:01.748201216,3,10070,167,36
41.368749,-100.397066,2026-08-04 01:01:01.748228608,3,12511,151,24
48.007159,-94.605233,2026-08-04 01:01:03.516596480,3,5769,146,38
47.989757,-94.627109,2026-08-04 01:01:03.516645120,3,12790,129,27
39.866624,-102.071565,2026-08-04 01:01:03.563694848,3,7673,139,71
39.879407,-102.101628,2026-08-04 01:01:03.563687936,3,3980,192,58
40.079223,-101.994464,2026-08-04 01:01:03.563758336,3,14922,213,43
24.32947,-79.835053,2026-08-04 01:01:04.409933568,3,10011,241,56
24.366561,-79.857222,2026-08-04 01:01:04.581812480,3,8740,240,48
48.650498,-94.550868,2026-08-04 01:01:12.52786688,3,9776,147,27
36.204296,-104.185414,2026-08-04 01:01:12.633160448,3,5010,175,47
36.325575,-104.103815,2026-08-04 01:01:12.633209088,3,7422,173,34
36.287599,-104.103532,2026-08-04 01:01:12.663572992,3,14356,153,27
36.268203,-104.171988,2026-08-04 01:01:12.720772352,3,6535,131,32
24.316302,-106.660338,2026-08-04 01:01:13.311098880,3,11238,239,33
31.811835,-110.238635,2026-08-04 01:01:13.328973056,3,11767,210,24
30.423482,-111.346936,2026-08-04 01:01:20.615532032,3,8195,211,55
30.393643,-111.352683,2026-08-04 01:01:20.615557888,3,12668,241,45
40.652559,-101.343373,2026-08-04 01:01:22.207005184,3,10927,116,73
40.62848,-101.402554,2026-08-04 01:01:22.206999552,3,4938,185,54
24.25428,-82.073712,2026-08-04 01:01:23.245366272,3,9498,254,54
24.407815,-82.209802,2026-08-04 01:01:23.343043072,3,3770,258,74
24.42423,-82.663856,2026-08-04 01:01:31.796676864,3,6829,237,49
41.461572,-100.671823,2026-08-04 01:01:48.437233664,3,12536,132,23
48.144361,-94.651721,2026-08-04 01:01:50.206055936,3,9142,140,29
33.168035,-83.172495,2026-08-04 01:01:58.744543232,3,7800,253,33
33.220353,-83.185799,2026-08-04 01:01:58.744610816,3,7703,269,18
46.217104,-96.840335,2026-08-04 01:02:07.97980672,3,8072,143,29
24.535506,-82.122816,2026-08-04 01:02:07.141498368,3,7791,237,54
24.618894,-82.041072,2026-08-04 01:02:07.456321024,3,10499,254,70
41.42011,-100.276211,2026-08-04 01:02:16.257679616,3,14520,95,40
41.377409,-100.288645,2026-08-04 01:02:16.257723904,3,11704,143,24
30.005976,-74.75794,2026-08-04 01:02:16.352526336,3,4056,232,51
30.094403,-74.793651,2026-08-04 01:02:16.352604928,3,6958,267,48
29.899851,-74.707021,2026-08-04 01:02:16.386810624,3,13642,222,45
41.45046,-100.282044,2026-08-04 01:02:16.394114304,3,11688,91,46
41.370936,-100.260871,2026-08-04 01:02:16.394150912,3,4325,130,40
31.887564,-110.201541,2026-08-04 01:02:27.86112512,3,13857,97,24
31.957878,-79.008624,2026-08-04 01:02:35.549063680,3,3470,270,96
31.966322,-79.016176,2026-08-04 01:02:35.549068800,3,5379,269,98
31.960045,-79.018643,2026-08-04 01:02:35.549066752,3,7819,192,75
48.830904,-94.535372,2026-08-04 01:02:35.553043200,3,14497,183,66
48.798548,-94.534524,2026-08-04 01:02:35.553061376,3,6576,178,60
48.768031,-94.556282,2026-08-04 01:02:35.553071104,3,11544,136,51
48.748718,-94.550712,2026-08-04 01:02:35.553110016,3,9775,159,38
48.742307,-94.536018,2026-08-04 01:02:35.553114624,3,9878,153,26
31.946584,-79.003274,2026-08-04 01:02:35.659597312,3,5219,269,63
31.96974,-79.008107,2026-08-04 01:02:35.659608064,3,2175,251,46
31.981797,-79.029273,2026-08-04 01:02:35.659657472,3,5785,184,24
30.552788,-112.179707,2026-08-04 01:02:36.76401408,3,11249,222,24
36.199216,-104.163379,2026-08-04 01:02:36.426627584,3,11696,174,44
36.268275,-104.159469,2026-08-04 01:02:36.426651392,3,5151,226,32
25.284674,-82.06016,2026-08-04 01:02:36.953462016,3,3358,232,33
25.323434,-82.087583,2026-08-04 01:02:46.756812544,3,6398,267,31
25.352532,-82.100459,2026-08-04 01:02:46.756822272,3,5191,265,17
31.800654,-109.615005,2026-08-04 01:02:46.874512640,3,8286,190,36
31.667487,-109.64996,2026-08-04 01:02:46.874510080,3,6630,206,57
31.821524,-109.665228,2026-08-04 01:02:46.874550016,3,6519,240,37
31.855658,-78.961621,2026-08-04 01:02:47.269189376,3,5892,167,18
41.463692,-100.769668,2026-08-04 01:02:55.453446912,3,8084,155,30
41.447047,-100.751112,2026-08-04 01:02:55.453450496,3,10188,168,17
36.188028,-104.223145,2026-08-04 01:02:57.570468608,3,14601,124,24
32.337132,-109.962919,2026-08-04 01:02:59.623432704,3,9720,171,18
30.481941,-112.140854,2026-08-04 01:02:59.701021440,3,11196,223,25
32.305866,-109.961316,2026-08-04 01:02:59.724638208,3,5807,96,32
30.562008,-112.191729,2026-08-04 01:03:00.117834752,3,13073,222,21
25.302711,-82.104839,2026-08-04 01:03:08.291291136,3,8688,270,65
25.355772,-82.117704,2026-08-04 01:03:08.291310336,3,8176,223,43
31.869791,-78.955,2026-08-04 01:03:08.328535296,3,7791,167,84
31.917748,-78.978025,2026-08-04 01:03:08.328556544,3,3201,250,61
31.923689,-78.994527,2026-08-04 01:03:08.328607232,3,9301,182,48
31.812166,-78.971344,2026-08-04 01:03:08.328568320,3,9181,234,35
25.343557,-82.098312,2026-08-04 01:03:08.357048064,3,5711,270,47
31.949725,-78.997683,2026-08-04 01:03:08.374712832,3,3380,251,53
31.836845,-79.032263,2026-08-04 01:03:08.374717184,3,2308,244,49
31.935843,-79.017156,2026-08-04 01:03:08.374748416,3,4230,235,42
31.90791,-78.975224,2026-08-04 01:03:08.378283776,3,9262,269,47
31.916412,-79.012839,2026-08-04 01:03:08.378293248,3,3447,240,43
31.927922,-78.99996,2026-08-04 01:03:08.378298624,3,4999,247,29
33.946314,-108.845219,2026-08-04 01:03:09.541132288,3,14807,183,16
31.762655,-110.457037,2026-08-04 01:03:09.642942976,3,10475,226,42
41.452838,-100.322429,2026-08-04 01:03:17.277289472,3,11657,133,30
48.665029,-94.982193,2026-08-04 01:03:17.452250112,3,8996,117,28
26.931761,-105.342702,2026-08-04 01:03:17.544438272,3,13020,240,33
39.429528,-102.621877,2026-08-04 01:03:18.631947008,3,11196,127,69
39.411446,-102.595791,2026-08-04 01:03:18.631949824,3,9936,144,56
39.502459,-102.542757,2026-08-04 01:03:18.631983360,3,7292,207,40
39.405667,-102.637723,2026-08-04 01:03:18.631985152,3,11858,183,22
33.176193,-83.167762,2026-08-04 01:03:18.882169600,3,8249,205,46
33.204385,-83.194412,2026-08-04 01:03:18.882222336,3,9261,109,33
33.189368,-83.219856,2026-08-04 01:03:18.882222848,3,2788,252,19
30.547815,-112.094011,2026-08-04 01:03:20.443966208,3,13042,222,21
23.619887,-79.781638,2026-08-04 01:03:21.698594048,3,7479,245,49
24.432553,-82.21543,2026-08-04 01:03:29.185329920,3,6551,237,58
24.390528,-82.215813,2026-08-04 01:03:29.185315328,3,8706,195,43
24.47849,-82.225138,2026-08-04 01:03:29.458732288,3,9647,269,28
29.663978,-74.838926,2026-08-04 01:03:29.719656960,3,3939,234,84
29.742724,-74.847261,2026-08-04 01:03:29.719691520,3,5059,269,53
22.281812,-78.805933,2026-08-04 01:03:39.125129472,3,8289,252,60
59.421268,-95.399629,2026-08-04 01:03:46.563230720,3,12983,181,30
24.36714,-79.821393,2026-08-04 01:03:47.610135040,3,5493,254,51
36.301553,-104.043997,2026-08-04 01:03:54.805374208,3,12657,128,25
25.337675,-82.135276,2026-08-04 01:03:55.346966784,3,7196,270,56
25.335065,-82.126988,2026-08-04 01:03:55.346966272,3,3185,265,45
31.745006,-109.556297,2026-08-04 01:03:56.240096768,3,10127,184,70
31.564711,-109.631581,2026-08-04 01:03:56.240080384,3,9608,207,68
31.838619,-109.544743,2026-08-04 01:03:56.240166144,3,7986,251,52
25.725325,125.097875,2026-08-04 01:00:12.688764672,4,10434,142,24
27.396511,125.316889,2026-08-04 01:00:16.653757952,4,7571,200,50
27.406791,125.272562,2026-08-04 01:00:16.653748736,4,4954,205,39
27.401035,125.250815,2026-08-04 01:00:16.733105152,4,8871,198,20
27.348004,125.328954,2026-08-04 01:00:17.58430208,4,7445,200,39
53.241924,21.477288,2026-08-04 01:00:27.559444736,4,11379,211,36
52.859247,23.765026,2026-08-04 01:00:33.449031168,4,9864,165,37
52.86277,23.792549,2026-08-04 01:00:33.512949760,4,11877,169,39
52.842465,23.84634,2026-08-04 01:00:33.557318656,4,13354,207,42
52.86191,23.910812,2026-08-04 01:00:33.557309952,4,9923,167,28
51.185394,8.852376,2026-08-04 01:00:33.810397440,4,14612,92,26
51.242091,8.944343,2026-08-04 01:00:34.24281344,4,12653,93,32
52.740183,23.917305,2026-08-04 01:00:48.39813632,4,12993,170,37
52.794562,24.342049,2026-08-04 01:00:48.39798528,4,9878,205,24
19.637617,121.026712,2026-08-04 01:00:54.122972416,4,3852,211,25
53.088686,8.788393,2026-08-04 01:00:54.352052480,4,11869,104,42
49.497773,7.747449,2026-08-04 01:01:02.152076544,4,9704,126,38
48.498119,6.15625,2026-08-04 01:01:08.386431744,4,14886,155,27
52.014775,23.619735,2026-08-04 01:01:09.456877312,4,14510,204,39
17.267401,118.23398,2026-08-04 01:01:18.405741568,4,12440,222,35
52.054987,23.684458,2026-08-04 01:01:19.890872064,4,12471,204,29
52.075189,23.745947,2026-08-04 01:01:19.952382720,4,13431,167,30
50.728587,10.039282,2026-08-04 01:01:31.597790976,4,11764,84,30
52.73441,23.783487,2026-08-04 01:01:37.922950912,4,14457,166,36
52.022892,23.629174,2026-08-04 01:01:43.707585024,4,14520,169,28
25.724072,125.017733,2026-08-04 01:01:45.754737664,4,4296,192,36
25.711952,124.990769,2026-08-04 01:01:45.754731520,4,8054,203,25
48.365809,5.972063,2026-08-04 01:01:51.158982144,4,13280,231,29
48.362798,5.69237,2026-08-04 01:01:51.256019456,4,6399,204,41
27.415568,125.244078,2026-08-04 01:01:54.218537728,4,4923,198,24
27.403057,125.298896,2026-08-04 01:01:54.486018048,4,6069,198,27
29.357705,110.165555,2026-08-04 01:01:59.758100736,4,14446,236,45
51.989297,23.620603,2026-08-04 01:02:02.603471104,4,9262,205,41
52.000023,23.645978,2026-08-04 01:02:02.603472384,4,10081,167,27
51.965844,23.57322,2026-08-04 01:02:12.99122176,4,14155,165,26
14.091777,133.440977,2026-08-04 01:02:17.546450688,4,2635,259,35
50.308047,9.15615,2026-08-04 01:02:23.676580352,4,11502,107,23
53.216161,21.551567,2026-08-04 01:02:26.975755520,4,13741,110,25
50.055574,9.457318,2026-08-04 01:02:34.63890432,4,13965,99,25
52.760419,23.673245,2026-08-04 01:02:42.348316672,4,7887,198,47
52.774186,23.835699,2026-08-04 01:02:42.348288000,4,12695,167,33
51.998593,23.671518,2026-08-04 01:02:42.823378688,4,10665,167,32
53.272413,22.654628,2026-08-04 01:02:44.978693120,4,10921,153,25
18.23375,117.568672,2026-08-04 01:02:48.428155136,4,6432,212,35
53.299037,21.838488,2026-08-04 01:02:50.469485312,4,12105,189,26
51.995868,23.599363,2026-08-04 01:02:53.337780224,4,12001,197,28
51.770103,21.101212,2026-08-04 01:02:53.858031872,4,9954,179,36
51.785833,21.161534,2026-08-04 01:02:53.858028544,4,13564,177,23
51.762894,21.081991,2026-08-04 01:02:53.904716288,4,13674,176,28
51.22717,8.562939,2026-08-04 01:02:55.899498496,4,12131,94,40
51.980793,23.588697,2026-08-04 01:03:11.516360448,4,11520,166,32
52.876721,23.580293,2026-08-04 01:03:24.294483200,4,9644,163,35
50.331503,8.064947,2026-08-04 01:03:29.766156544,4,6568,107,35
50.358841,8.042074,2026-08-04 01:03:29.801327616,4,6946,106,29
52.004247,23.540764,2026-08-04 01:03:32.508394240,4,13649,174,44
51.998831,23.749817,2026-08-04 01:03:32.508364800,4,10489,167,28
51.777027,21.113932,2026-08-04 01:03:33.776945408,4,11761,209,38
51.785506,21.152637,2026-08-04 01:03:33.776955136,4,9934,149,25
51.782941,21.104357,2026-08-04 01:03:33.810268672,4,9278,149,28
51.946701,21.464583,2026-08-04 01:03:33.877005056,4,14545,269,35
51.153153,8.767139,2026-08-04 01:03:46.810146304,4,6512,103,32
51.142306,8.771363,2026-08-04 01:03:46.923846144,4,11949,92,21
51.15452,8.770981,2026-08-04 01:03:47.64497152,4,5584,103,39
53.303527,21.517221,2026-08-04 01:03:49.633537536,4,11149,152,37
53.297586,21.526815,2026-08-04 01:03:49.633544704,4,10192,152,22
53.294714,21.421542,2026-08-04 01:03:49.868236800,4,12875,185,25
51.890265,23.475455,2026-08-04 01:03:50.358614528,4,9749,212,43
51.88984,23.684083,2026-08-04 01:03:50.358578944,4,9783,170,28
49.960961,8.111312,2026-08-04 01:03:53.781625600,4,10848,74,32
52.63431,23.984561,2026-08-04 01:03:56.66731008,4,11823,169,33
52.627015,24.165928,2026-08-04 01:03:56.66760960,4,8500,127,20
24.318243,-79.877001,2026-08-04 01:00:12.427082240,7,2887,239,25
24.318207,-79.877015,2026-08-04 01:00:12.427082240,7,2887,239,20
18.152635,-90.846816,2026-08-04 01:00:20.843326464,7,4334,230,21
21.794956,-78.252864,2026-08-04 01:00:22.537096960,7,7989,170,28
20.689417,-100.862608,2026-08-04 01:00:23.484161792,7,8819,236,23
20.096981,-78.006925,2026-08-04 01:00:32.525213440,7,6743,209,10
24.504466,-82.679591,2026-08-04 01:00:33.142990336,7,4835,237,21
24.549132,-82.657905,2026-08-04 01:00:33.326107392,7,4051,237,19
24.485892,-82.675379,2026-08-04 01:00:33.326087168,7,4279,237,14
20.494092,-77.658374,2026-08-04 01:00:42.307478272,7,5783,174,26
20.651062,-78.818799,2026-08-04 01:00:45.668281088,7,4204,176,32
29.578288,-74.858171,2026-08-04 01:01:39.84193024,7,5764,218,26
29.721162,-74.842743,2026-08-04 01:01:39.84249088,7,5078,261,15
24.516788,-82.105697,2026-08-04 01:02:07.141488128,7,4665,237,22
24.494585,-82.102202,2026-08-04 01:02:07.141483008,7,8661,237,13
29.99487,-74.877913,2026-08-04 01:02:16.352561152,7,10423,214,16
29.973827,-74.850936,2026-08-04 01:02:16.386835968,7,3401,220,16
29.969513,-74.839832,2026-08-04 01:02:16.420957952,7,3835,220,29
23.063449,-85.347621,2026-08-04 01:02:39.411838208,7,7637,249,15
21.853488,-81.928617,2026-08-04 01:02:39.653801472,7,2260,252,21
24.37506,-82.662926,2026-08-04 01:02:39.731334656,7,6580,238,22
24.286763,-79.878956,2026-08-04 01:03:40.25051648,7,4620,239,19
21.782294,-81.895324,2026-08-04 01:03:41.392970496,7,5004,239,22
24.45482,-82.57952,2026-08-04 01:03:49.111577856,7,5207,237,14
24.396429,-82.623037,2026-08-04 01:03:49.214533888,7,4542,237,26
13.623027,8.887491,2026-08-04 01:00:47.967380224,5,11940,175,43
25.715759,125.105146,2026-08-04 01:00:12.688763392,9,4554,143,21
27.426921,125.319256,2026-08-04 01:00:16.653724928,9,4333,158,45
27.401979,125.286538,2026-08-04 01:00:16.653748992,9,6381,204,22
27.348098,125.267267,2026-08-04 01:00:16.733097728,9,5357,164,25
27.356869,125.264958,2026-08-04 01:00:16.769137920,9,4291,164,24
27.334356,125.283385,2026-08-04 01:00:16.853307136,9,2838,165,25
27.344738,125.273717,2026-08-04 01:00:16.911428608,9,3411,164,19
27.34412,125.276599,2026-08-04 01:00:17.58411264,9,4277,180,37
19.145448,107.934754,2026-08-04 01:00:45.535366400,9,11033,241,19
29.481884,109.790509,2026-08-04 01:00:46.557179904,9,10825,199,22
19.651591,120.968897,2026-08-04 01:00:54.122960128,9,6778,184,15
59.243876,99.25049,2026-08-04 01:00:58.661092608,9,13825,163,13
17.587471,133.076044,2026-08-04 01:01:08.658977280,9,5161,224,38
29.203583,125.427743,2026-08-04 01:01:13.651068416,9,11814,137,21
36.303094,143.661667,2026-08-04 01:01:14.450976000,9,10092,269,20
40.47983,118.864663,2026-08-04 01:01:44.72933888,9,14196,161,9
25.676198,125.022956,2026-08-04 01:01:45.754723840,9,1869,212,31
14.471264,136.383488,2026-08-04 01:01:52.399175936,9,13239,251,11
14.327823,136.539274,2026-08-04 01:01:52.626112000,9,6096,252,21
27.393015,125.273388,2026-08-04 01:01:54.218537728,9,5738,198,27
27.404567,125.245284,2026-08-04 01:01:54.218531584,9,3545,205,14
27.429691,125.258419,2026-08-04 01:01:54.486012672,9,2862,198,17
29.401286,109.73288,2026-08-04 01:01:59.792607488,9,8708,219,16
17.020405,118.37795,2026-08-04 01:02:15.517520128,9,4772,224,31
13.811433,132.937766,2026-08-04 01:02:29.497144320,9,8425,244,14
20.247819,107.195131,2026-08-04 01:02:30.791145984,9,7135,247,27
20.276617,107.250781,2026-08-04 01:03:15.771129856,9,10864,232,18
20.257238,107.225684,2026-08-04 01:03:32.973212928,9,9007,241,19
16.256673,132.847473,2026-08-04 01:03:47.212132096,9,11262,231,19
29.495984,109.77441,2026-08-04 01:03:53.427201536,9,8899,200,20
36.284737,-104.141951,2026-08-04 01:00:01.685342720,13,10248,134,27
24.039915,-84.129955,2026-08-04 01:00:01.878854912,13,4455,248,99
41.358586,-100.596458,2026-08-04 01:00:02.715246080,13,3604,152,55
41.416448,-100.598758,2026-08-04 01:00:02.715258112,13,8443,158,41
30.609215,-112.126538,2026-08-04 01:00:03.529401088,13,9837,222,32
30.354362,-111.384763,2026-08-04 01:00:03.945409280,13,8280,175,68
31.858724,-78.993181,2026-08-04 01:00:04.532681984,13,3068,166,52
31.81157,-79.181383,2026-08-04 01:00:04.532689408,13,13188,255,34
30.758362,-111.911253,2026-08-04 01:00:06.598611712,13,12975,218,22
20.984856,-78.911362,2026-08-04 01:00:07.149253888,13,10283,258,89
59.405142,-95.374549,2026-08-04 01:00:10.274496768,13,11710,223,38
31.90026,-79.002175,2026-08-04 01:00:11.964496896,13,4664,270,68
31.786089,-79.176322,2026-08-04 01:00:11.964492032,13,12180,246,51
31.913389,-79.03318,2026-08-04 01:00:11.964546048,13,5514,233,29
31.85056,-78.991779,2026-08-04 01:00:12.215251200,13,5767,167,41
24.533043,-79.875456,2026-08-04 01:00:12.427122176,13,5338,239,68
31.80606,-79.144365,2026-08-04 01:00:12.542800128,13,11695,156,26
47.976765,-95.155782,2026-08-04 01:00:15.203879680,13,14144,157,29
36.495919,-103.784864,2026-08-04 01:00:15.587913472,13,12179,111,39
36.536201,-103.901013,2026-08-04 01:00:15.587927552,13,5142,142,43
20.18867,-77.935231,2026-08-04 01:00:19.126099968,13,5402,207,53
25.312397,-107.747052,2026-08-04 01:00:21.899883520,13,12459,255,32
41.411474,-100.379147,2026-08-04 01:00:22.89014528,13,3049,242,62
41.442872,-100.397214,2026-08-04 01:00:22.89016320,13,9046,175,48
48.638607,-94.931005,2026-08-04 01:00:22.344110848,13,10699,126,108
48.543531,-94.801634,2026-08-04 01:00:22.344164608,13,4588,200,96
21.242905,-100.334519,2026-08-04 01:00:23.484394496,13,10117,255,95
47.902322,-95.420952,2026-08-04 01:00:24.272752128,13,8362,136,20
30.372009,-111.277684,2026-08-04 01:00:24.629921536,13,13177,165,42
31.965228,-78.140357,2026-08-04 01:00:24.677116672,13,5916,270,49
31.963541,-78.139901,2026-08-04 01:00:24.821519872,13,10937,240,33
24.512938,-82.128062,2026-08-04 01:00:26.420102656,13,6817,255,86
24.501328,-82.163021,2026-08-04 01:00:26.580246784,13,11034,237,42
31.838843,-110.16103,2026-08-04 01:00:26.626001920,13,14937,187,41
30.469947,-111.853097,2026-08-04 01:00:27.517532928,13,10843,180,25
40.295229,-101.488765,2026-08-04 01:00:29.441142528,13,7930,121,71
40.285334,-101.522043,2026-08-04 01:00:29.441141760,13,7513,187,58
40.271748,-101.437117,2026-08-04 01:00:29.441177344,13,5829,157,38
20.635907,-78.773023,2026-08-04 01:00:31.919623680,13,3720,177,61
24.441305,-82.633433,2026-08-04 01:00:33.142920960,13,9804,263,58
24.547076,-82.666218,2026-08-04 01:00:33.326112768,13,12337,237,24
23.496514,-106.710246,2026-08-04 01:00:33.577699328,13,9362,265,23
36.493014,-103.872798,2026-08-04 01:00:35.72143616,13,9715,104,75
36.541008,-103.899446,2026-08-04 01:00:35.72178944,13,4404,191,37
39.500876,-102.643671,2026-08-04 01:00:36.74410496,13,12817,118,64
39.496697,-102.722169,2026-08-04 01:00:36.74389504,13,4637,252,70
29.907786,-74.767195,2026-08-04 01:00:36.424510464,13,9097,225,21
30.085948,-74.774464,2026-08-04 01:00:36.492639744,13,3712,244,28
48.35656,-94.396954,2026-08-04 01:00:36.913720320,13,6596,142,24
36.565924,-103.940075,2026-08-04 01:00:38.201264896,13,7701,122,36
36.719035,-103.842109,2026-08-04 01:00:38.201326336,13,5969,226,25
25.974579,-55.571572,2026-08-04 01:00:38.780868096,13,3066,257,23
22.364566,-78.854902,2026-08-04 01:00:39.957180416,13,4277,251,63
25.419715,-106.338893,2026-08-04 01:00:40.594799104,13,14606,251,38
23.506384,-106.792475,2026-08-04 01:00:40.961719808,13,8216,243,24
20.541582,-77.687547,2026-08-04 01:00:42.307454720,13,6151,199,97
36.26628,-104.068817,2026-08-04 01:00:43.80945152,13,6623,83,47
36.330023,-104.039157,2026-08-04 01:00:43.80966656,13,10840,188,52
30.805037,-112.040321,2026-08-04 01:00:44.836262400,13,13283,219,73
59.389915,-95.397275,2026-08-04 01:00:45.158503680,13,6968,234,19
20.987365,-78.894345,2026-08-04 01:00:45.668403712,13,11332,257,72
20.68072,-78.839682,2026-08-04 01:00:45.847652352,13,11300,259,81
29.71459,-74.847655,2026-08-04 01:00:45.985182208,13,7242,248,33
41.503785,-100.367839,2026-08-04 01:00:48.689929984,13,8174,106,32
30.588946,-111.887854,2026-08-04 01:00:52.101186816,13,12869,221,23
32.00603,-109.987468,2026-08-04 01:00:53.686964992,13,9809,193,33
36.500094,-103.88954,2026-08-04 01:00:55.578236416,13,8933,115,44
31.859503,-78.975417,2026-08-04 01:00:56.665818880,13,10875,167,124
31.911696,-79.008208,2026-08-04 01:00:56.665832960,13,5389,250,104
31.914618,-78.983918,2026-08-04 01:00:56.665838080,13,5743,226,80
31.962888,-78.97805,2026-08-04 01:00:56.665857280,13,6718,236,65
36.547514,-103.864267,2026-08-04 01:00:57.469173760,13,13458,112,44
36.582912,-103.934736,2026-08-04 01:00:57.469195520,13,9463,265,29
34.334334,-110.6958,2026-08-04 01:01:00.448484352,13,11898,136,22
41.420826,-100.363359,2026-08-04 01:01:01.642899968,13,9362,124,39
41.454658,-100.351954,2026-08-04 01:01:01.642918144,13,12413,157,40
41.393474,-100.395386,2026-08-04 01:01:01.748176128,13,14305,106,45
31.66719,-110.774919,2026-08-04 01:01:02.424357888,13,11868,194,24
48.016939,-94.606673,2026-08-04 01:01:03.516592896,13,10929,147,33
39.866629,-102.071559,2026-08-04 01:01:03.563694848,13,7673,139,49
39.879395,-102.101905,2026-08-04 01:01:03.563687936,13,3989,192,58
39.933559,-102.000723,2026-08-04 01:01:03.563720448,13,9402,141,43
24.334858,-79.86214,2026-08-04 01:01:04.409929728,13,6687,239,55
24.354322,-79.829722,2026-08-04 01:01:04.581810176,13,12829,240,53
58.643478,-94.383712,2026-08-04 01:01:06.447727872,13,8215,222,30
24.473901,-82.071098,2026-08-04 01:01:08.284487424,13,2116,269,28
33.24521,-83.220823,2026-08-04 01:01:08.433924608,13,4813,270,23
33.374569,-83.361343,2026-08-04 01:01:08.592769536,13,11612,256,20
36.588443,-103.915633,2026-08-04 01:01:10.216583936,13,8505,129,39
48.650518,-94.550962,2026-08-04 01:01:12.52786688,13,9772,138,27
30.355987,-111.414975,2026-08-04 01:01:20.615541248,13,9537,210,55
40.65272,-101.342579,2026-08-04 01:01:22.207004928,13,12852,116,73
40.644901,-101.440574,2026-08-04 01:01:22.206983680,13,6859,240,53
24.254268,-82.073704,2026-08-04 01:01:23.245366272,13,9497,254,57
24.418875,-82.214907,2026-08-04 01:01:23.343050496,13,5495,258,37
41.191465,-100.078902,2026-08-04 01:01:26.632653568,13,9986,99,45
41.16389,-100.085295,2026-08-04 01:01:26.632702720,13,14378,130,33
30.080221,-74.763007,2026-08-04 01:01:26.839427072,13,9196,244,24
23.474907,-106.785449,2026-08-04 01:01:27.225022464,13,10863,247,40
41.489599,-100.347483,2026-08-04 01:01:27.492722176,13,11903,92,48
41.420988,-100.35491,2026-08-04 01:01:27.492751104,13,3960,155,34
41.550691,-100.663526,2026-08-04 01:01:28.383045120,13,6040,155,29
24.449417,-82.681526,2026-08-04 01:01:31.796686336,13,8249,268,29
53.621096,-11.343949,2026-08-04 01:01:32.639152384,13,13185,106,26
36.570194,-103.931536,2026-08-04 01:01:34.208097280,13,12114,119,35
48.691518,-94.563694,2026-08-04 01:01:34.491723520,13,6544,149,79
48.616289,-94.464337,2026-08-04 01:01:34.491757824,13,8724,164,66
28.382836,-75.077663,2026-08-04 01:01:34.807732224,13,3966,235,53
31.904682,-78.986163,2026-08-04 01:01:35.479059456,13,5558,166,91
31.95716,-79.006921,2026-08-04 01:01:35.479074816,13,7046,247,81
31.957008,-78.992236,2026-08-04 01:01:35.479080192,13,7235,182,61
31.960241,-79.002015,2026-08-04 01:01:35.545125120,13,2992,270,77
31.965673,-79.012604,2026-08-04 01:01:35.545129216,13,7105,251,63
32.117815,-79.179386,2026-08-04 01:01:35.575488000,13,5963,264,27
19.539037,-82.129316,2026-08-04 01:01:37.625705216,13,12285,255,84
29.632422,-74.809137,2026-08-04 01:01:39.84169472,13,5173,231,73
30.402204,-111.329149,2026-08-04 01:01:39.252835584,13,4945,209,56
30.173501,-111.405737,2026-08-04 01:01:39.252808960,13,8642,225,53
41.50276,-100.679737,2026-08-04 01:01:44.886739712,13,13440,130,41
41.502857,-100.652564,2026-08-04 01:01:44.886789376,13,6101,136,18
36.252764,-104.169341,2026-08-04 01:01:46.83149568,13,13800,129,31
36.259735,-104.146524,2026-08-04 01:01:46.236400384,13,10383,123,46
24.412979,-80.039474,2026-08-04 01:01:46.753574912,13,6303,239,92
39.611927,-102.193825,2026-08-04 01:01:47.62773760,13,10529,119,80
39.62182,-102.267299,2026-08-04 01:01:47.62765056,13,4967,195,96
41.474031,-100.679841,2026-08-04 01:01:48.437238784,13,7804,131,23
41.439701,-100.339639,2026-08-04 01:01:51.947761408,13,12975,95,30
41.415056,-100.384687,2026-08-04 01:01:52.574902528,13,13641,105,76
41.40177,-100.428457,2026-08-04 01:01:52.574909952,13,10032,175,55
41.377674,-100.402121,2026-08-04 01:01:52.843022336,13,3148,243,81
41.410491,-100.456389,2026-08-04 01:01:52.843017728,13,6136,235,75
28.143698,-75.172069,2026-08-04 01:01:53.430511360,13,6270,242,63
31.889038,-79.027843,2026-08-04 01:01:54.422382336,13,12551,165,41
32.011769,-79.013576,2026-08-04 01:01:54.422472704,13,6412,249,25
24.260332,-106.667421,2026-08-04 01:01:54.934404864,13,12618,263,26
33.505139,-108.373749,2026-08-04 01:01:57.486837504,13,12741,135,38
33.570652,-108.441821,2026-08-04 01:01:57.486836992,13,7310,178,30
31.962803,-78.126909,2026-08-04 01:01:58.277270784,13,3648,270,62
31.989851,-78.142422,2026-08-04 01:01:58.277283584,13,6816,249,54
31.993417,-78.16004,2026-08-04 01:01:58.277327360,13,3612,233,39
31.900387,-78.211906,2026-08-04 01:01:58.356144128,13,10571,170,32
31.957593,-78.123809,2026-08-04 01:01:58.421305088,13,5727,176,68
31.977092,-78.123504,2026-08-04 01:01:58.459331328,13,3867,270,61
33.157583,-83.166569,2026-08-04 01:01:58.744545024,13,5136,253,32
36.577524,-103.861288,2026-08-04 01:02:01.602970624,13,14475,111,47
36.614018,-103.854235,2026-08-04 01:02:01.603013120,13,13993,175,31
36.495158,-104.02344,2026-08-04 01:02:01.650000640,13,13575,194,27
30.491608,-112.056341,2026-08-04 01:02:02.98512896,13,12046,223,23
36.485432,-103.8667,2026-08-04 01:02:03.326564608,13,8634,114,62
36.53244,-103.839192,2026-08-04 01:02:03.326609664,13,6857,190,33
26.002358,-55.606019,2026-08-04 01:02:04.595595520,13,3793,253,30
40.216832,-101.569774,2026-08-04 01:02:04.939260416,13,9620,144,79
40.208975,-101.580461,2026-08-04 01:02:04.939252480,13,8231,187,66
40.224385,-101.709654,2026-08-04 01:02:04.939225856,13,9741,245,53
24.535556,-82.122801,2026-08-04 01:02:07.141498368,13,7791,237,59
23.472981,-106.782781,2026-08-04 01:02:07.789590272,13,7086,243,29
25.339476,-82.034514,2026-08-04 01:02:08.634157056,13,1994,269,37
24.353406,-79.853096,2026-08-04 01:02:09.842988288,13,12641,240,72
24.337492,-79.824697,2026-08-04 01:02:09.923749888,13,5767,241,30
41.525244,-100.852343,2026-08-04 01:02:10.734882304,13,11867,95,33
41.465472,-100.858695,2026-08-04 01:02:10.734908416,13,5223,158,28
30.837828,-111.952781,2026-08-04 01:02:14.15979008,13,9867,223,32
30.07824,-74.765807,2026-08-04 01:02:16.352553472,13,5251,229,78
30.090523,-74.794047,2026-08-04 01:02:16.352603392,13,4553,267,54
29.899831,-74.707024,2026-08-04 01:02:16.386810624,13,13643,222,41
41.450463,-100.282051,2026-08-04 01:02:16.394114304,13,11688,91,48
41.385212,-100.300032,2026-08-04 01:02:16.394139904,13,5174,155,41
30.461413,-111.406726,2026-08-04 01:02:16.657408512,13,11001,220,29
19.625696,-80.457583,2026-08-04 01:02:18.581970944,13,4131,263,69
19.622321,-80.467943,2026-08-04 01:02:18.748523008,13,9529,263,74
38.710254,-105.125078,2026-08-04 01:02:19.59040000,13,13762,179,18
30.305934,-111.401341,2026-08-04 01:02:21.473110272,13,13449,176,51
30.397125,-111.39173,2026-08-04 01:02:21.473175552,13,14881,241,38
41.384406,-100.342991,2026-08-04 01:02:21.546828288,13,5397,151,48
41.429175,-100.289062,2026-08-04 01:02:21.546846208,13,12834,81,34
41.394813,-100.38238,2026-08-04 01:02:21.633341440,13,13531,119,28
41.364105,-100.384724,2026-08-04 01:02:21.633395200,13,11970,125,26
41.420825,-100.310343,2026-08-04 01:02:21.776612608,13,6766,131,34
41.403692,-100.318098,2026-08-04 01:02:21.776607744,13,11275,131,40
31.829589,-79.161042,2026-08-04 01:02:22.596742144,13,10153,136,29
31.887565,-110.201542,2026-08-04 01:02:27.86112512,13,13857,97,24
33.348565,-83.316779,2026-08-04 01:02:29.25336832,13,5175,248,30
23.567342,-106.688755,2026-08-04 01:02:29.974791424,13,7337,242,44
36.56834,-103.943534,2026-08-04 01:02:31.158786560,13,7394,116,29
36.578713,-103.871808,2026-08-04 01:02:31.217608192,13,13570,113,33
36.606747,-103.853884,2026-08-04 01:02:31.217651200,13,7329,191,45
24.223712,-106.697466,2026-08-04 01:02:32.803206400,13,14773,262,25
41.369978,-100.22473,2026-08-04 01:02:32.908430336,13,6140,202,23
24.467377,-106.448954,2026-08-04 01:02:33.244255232,13,11172,237,38
48.563247,-94.889333,2026-08-04 01:02:35.181821440,13,12486,138,27
48.547773,-94.839251,2026-08-04 01:02:35.208538880,13,13819,125,38
48.536818,-94.793609,2026-08-04 01:02:35.208544000,13,7553,141,37
31.973102,-79.017246,2026-08-04 01:02:35.549074944,13,5523,251,88
31.974561,-79.014495,2026-08-04 01:02:35.549074176,13,7671,192,85
36.201616,-104.16294,2026-08-04 01:02:36.426627328,13,12551,174,37
36.261188,-104.165155,2026-08-04 01:02:36.426652160,13,5701,229,31
25.295412,-82.06298,2026-08-04 01:02:36.953472768,13,10797,232,38
30.443701,-112.089966,2026-08-04 01:02:39.796890624,13,12247,166,26
38.179212,-103.774909,2026-08-04 01:02:40.336602368,13,7530,155,31
26.147071,-103.742378,2026-08-04 01:02:41.358472448,13,13597,223,28
41.235352,-100.079907,2026-08-04 01:02:45.490272512,13,10640,98,65
41.201891,-100.122556,2026-08-04 01:02:45.490270976,13,10117,173,55
25.334766,-82.086302,2026-08-04 01:02:46.756816384,13,5969,267,31
31.800654,-109.615003,2026-08-04 01:02:46.874512640,13,8286,190,71
24.286496,-79.904882,2026-08-04 01:02:48.249825536,13,8782,239,51
24.407193,-79.893043,2026-08-04 01:02:48.418780928,13,13822,240,56
36.521478,-103.943371,2026-08-04 01:02:48.999522304,13,7693,219,31
25.060763,-81.856222,2026-08-04 01:02:51.888133888,13,5706,236,49
37.196088,-79.943889,2026-08-04 01:02:52.221903360,13,10841,167,21
39.401399,-102.644678,2026-08-04 01:02:52.777535232,13,10985,77,34
39.521679,-102.66214,2026-08-04 01:02:52.777566464,13,14077,127,34
48.527359,-94.264872,2026-08-04 01:02:54.120801024,13,6544,246,27
41.463692,-100.769664,2026-08-04 01:02:55.453446912,13,8084,155,30
32.337221,-109.962627,2026-08-04 01:02:59.623432704,13,9716,171,18
30.710365,-112.048494,2026-08-04 01:02:59.701104128,13,8231,225,29
32.307316,-109.970968,2026-08-04 01:02:59.724641024,13,8575,96,20
32.012057,-110.144904,2026-08-04 01:03:00.583645184,13,11980,182,63
41.430584,-100.279733,2026-08-04 01:03:01.283418112,13,11266,131,35
41.356208,-100.368476,2026-08-04 01:03:01.283441920,13,7016,131,29
41.410178,-100.367057,2026-08-04 01:03:01.488753408,13,9923,142,27
41.343456,-100.357854,2026-08-04 01:03:01.488807680,13,10770,147,21
41.404763,-100.362644,2026-08-04 01:03:01.569863168,13,11497,134,24
41.369781,-100.340934,2026-08-04 01:03:01.665573376,13,4304,151,45
41.431805,-100.345474,2026-08-04 01:03:01.665585920,13,8352,174,34
40.23025,-101.548801,2026-08-04 01:03:02.684828160,13,8826,87,48
40.24506,-101.657677,2026-08-04 01:03:02.684837632,13,7904,188,37
36.475693,-103.848781,2026-08-04 01:03:05.774663936,13,6992,120,66
36.505526,-103.834298,2026-08-04 01:03:05.774701312,13,12665,160,53
36.432431,-103.858787,2026-08-04 01:03:05.885451520,13,6824,121,27
36.494092,-103.931321,2026-08-04 01:03:06.58605312,13,8616,117,32
36.4897,-103.928581,2026-08-04 01:03:06.143123200,13,8915,114,32
36.483705,-103.934118,2026-08-04 01:03:06.227625472,13,7900,114,22
25.303169,-82.104755,2026-08-04 01:03:08.291291392,13,8691,270,67
31.870229,-78.949118,2026-08-04 01:03:08.328535296,13,12769,172,51
32.026386,-78.965227,2026-08-04 01:03:08.328593408,13,9311,233,38
31.825622,-79.069095,2026-08-04 01:03:08.374709504,13,4608,157,27
33.889143,-108.920273,2026-08-04 01:03:09.541120768,13,13380,119,18
31.789556,-110.426296,2026-08-04 01:03:09.642944000,13,8276,221,51
24.378847,-82.670152,2026-08-04 01:03:10.292798720,13,3531,258,29
31.776331,-110.206606,2026-08-04 01:03:12.804523264,13,12111,189,24
23.495096,-106.795897,2026-08-04 01:03:15.19884288,13,7547,243,40
23.405899,-106.828945,2026-08-04 01:03:15.123289344,13,12109,266,23
31.86804,-79.013099,2026-08-04 01:03:16.597909504,13,8463,166,81
31.924726,-79.03525,2026-08-04 01:03:16.597935360,13,5514,192,60
31.945978,-79.074759,2026-08-04 01:03:16.597982720,13,7656,237,44
41.439125,-100.365343,2026-08-04 01:03:16.707184384,13,4796,174,26
41.452836,-100.322427,2026-08-04 01:03:17.277289472,13,11656,133,29
26.949653,-105.332901,2026-08-04 01:03:17.544444416,13,10802,240,26
39.439938,-102.63007,2026-08-04 01:03:18.631949824,13,11098,76,56
39.419753,-102.648597,2026-08-04 01:03:18.631941120,13,4395,198,50
23.611608,-79.786741,2026-08-04 01:03:21.698590720,13,9200,245,53
41.422461,-100.353979,2026-08-04 01:03:22.114784768,13,13996,91,26
24.331057,-79.858656,2026-08-04 01:03:25.538678784,13,8810,239,47
27.198297,-79.195212,2026-08-04 01:03:26.713081344,13,13300,224,27
31.51045,-110.873692,2026-08-04 01:03:28.562876928,13,9589,213,33
29.666369,-74.844701,2026-08-04 01:03:29.719659776,13,11821,167,93
24.52173,-82.160805,2026-08-04 01:03:30.667108608,13,5734,237,44
24.535041,-82.158062,2026-08-04 01:03:30.746747392,13,5676,268,24
59.525386,-95.405879,2026-08-04 01:03:31.87707136,13,10337,215,62
59.521324,-95.381479,2026-08-04 01:03:31.220542976,13,4976,223,34
30.639299,-112.064734,2026-08-04 01:03:31.322456064,13,9848,224,26
38.668711,-105.208704,2026-08-04 01:03:34.122704128,13,8670,83,36
38.706593,-105.118648,2026-08-04 01:03:34.122721280,13,12397,155,19
25.385647,-82.049592,2026-08-04 01:03:34.332036608,13,6571,270,52
58.671238,-94.386589,2026-08-04 01:03:36.244361984,13,9908,224,25
40.213879,-101.604774,2026-08-04 01:03:36.498139136,13,14894,87,51
40.26329,-101.558115,2026-08-04 01:03:36.498150400,13,13805,90,34
58.729589,-94.509713,2026-08-04 01:03:36.612239872,13,8821,256,16
28.155231,-75.275046,2026-08-04 01:03:36.793474048,13,4952,252,56
24.490645,-79.907397,2026-08-04 01:03:40.25084928,13,10049,238,58
21.879877,-81.935974,2026-08-04 01:03:41.784640512,13,6980,252,58
48.667821,-94.658063,2026-08-04 01:03:41.836253184,13,12768,159,24
33.202191,-83.205804,2026-08-04 01:03:42.185216256,13,6425,204,40
33.252569,-83.232433,2026-08-04 01:03:42.185278720,13,8981,172,26
41.37751,-100.462395,2026-08-04 01:03:42.488140032,13,12104,230,35
34.046209,-77.504462,2026-08-04 01:03:44.165908480,13,5775,254,75
34.038618,-77.496663,2026-08-04 01:03:44.165913088,13,4919,171,55
34.057598,-77.514791,2026-08-04 01:03:44.165968640,13,12139,223,41
25.078669,-81.820079,2026-08-04 01:03:45.97033728,13,12596,269,35
36.26477,-104.055106,2026-08-04 01:03:45.498859776,13,14647,121,65
36.259176,-104.111391,2026-08-04 01:03:45.498885376,13,9143,178,52
36.43987,-103.932187,2026-08-04 01:03:48.872203264,13,13032,168,25
24.385932,-82.595683,2026-08-04 01:03:49.214483712,13,5086,254,79
31.878422,-79.092277,2026-08-04 01:03:49.268565504,13,7148,169,28
31.901971,-79.091874,2026-08-04 01:03:49.463275008,13,8406,211,17
31.941784,-78.999769,2026-08-04 01:03:49.532043776,13,2441,270,71
31.974409,-79.014181,2026-08-04 01:03:49.532057344,13,3818,251,53
31.907409,-110.339587,2026-08-04 01:03:52.393227264,13,13628,95,21
36.578362,-103.861248,2026-08-04 01:03:53.205317632,13,14012,135,20
41.5213,-100.356854,2026-08-04 01:03:54.313588480,13,13691,92,33
36.301551,-104.043999,2026-08-04 01:03:54.805374208,13,12657,128,25
25.337891,-82.135238,2026-08-04 01:03:55.346966784,13,7199,270,62
31.726894,-109.579935,2026-08-04 01:03:56.240090112,13,10088,186,82
41.41816,-100.29758,2026-08-04 01:03:57.592367616,13,3496,151,59
41.473256,-100.269347,2026-08-04 01:03:57.592385536,13,4634,234,46
47.712736,-95.352648,2026-08-04 01:03:58.259224576,13,13786,135,41
47.764606,-95.382398,2026-08-04 01:03:58.259245312,13,9074,130,30
30.385553,-111.436583,2026-08-04 01:03:59.519664128,13,7421,220,40
30.254104,-111.450592,2026-08-04 01:03:59.519660032,13,7654,242,28
24.293998,-106.559094,2026-08-04 01:04:03.563403776,13,7253,263,27
41.40733,-100.294354,2026-08-04 01:04:03.824297728,13,5000,151,48
41.453732,-100.245307,2026-08-04 01:04:03.824320000,13,12284,80,33
24.524352,-82.14078,2026-08-04 01:04:06.356972800,13,7895,246,85
38.744347,-105.128595,2026-08-04 01:04:10.379677184,13,6695,215,25
24.086491,-106.033017,2026-08-04 01:04:10.853994496,13,10318,263,73
24.457502,-106.002741,2026-08-04 01:04:10.876931072,13,10852,264,48
40.25567,-101.588277,2026-08-04 01:04:11.168933376,13,11279,141,34
40.246439,-101.513118,2026-08-04 01:04:11.168946176,13,14328,120,24
30.122161,-111.629945,2026-08-04 01:04:12.87523328,13,13135,225,41
21.932038,-81.945804,2026-08-04 01:04:13.307471616,13,3242,270,52
25.69058,125.093383,2026-08-04 01:00:12.688753664,14,10896,150,21
27.376105,125.292991,2026-08-04 01:00:16.653741312,14,7590,164,51
27.399589,125.300485,2026-08-04 01:00:16.653750528,14,4094,206,39
19.712804,121.173785,2026-08-04 01:00:54.123019520,14,7798,154,23
25.721891,125.00287,2026-08-04 01:01:45.754727168,14,8924,141,33
27.404069,125.231323,2026-08-04 01:01:54.218526976,14,4978,159,27
27.428959,125.241381,2026-08-04 01:01:54.486006528,14,9179,158,26
18.216846,117.582124,2026-08-04 01:02:48.428151808,14,6886,212,37
28.688823,126.801748,2026-08-04 01:04:05.877356544,14,6620,201,27
28.691485,126.798469,2026-08-04 01:04:05.920338944,14,7304,201,26
33.471342,111.818893,2026-08-04 01:04:11.867463424,14,11802,202,36
50.302111,9.122646,2026-08-04 01:00:00.153174016,11,6982,56,107
50.29748,9.110913,2026-08-04 01:00:00.153178624,11,7141,89,277
50.291469,9.15679,2026-08-04 01:00:00.153170944,11,4302,165,255
50.299781,9.121704,2026-08-04 01:00:00.429296128,11,7869,46,188
51.979688,23.652864,2026-08-04 01:00:05.671176704,11,11396,152,119
51.991503,23.578863,2026-08-04 01:00:05.671192576,11,8743,208,319
52.015179,23.649457,2026-08-04 01:00:05.671179776,11,8514,212,304
52.014787,23.68279,2026-08-04 01:00:05.729652480,11,3314,245,175
51.99277,23.601956,2026-08-04 01:00:05.782148608,11,6206,145,208
20.668133,-78.873118,2026-08-04 01:00:07.149172992,11,4650,251,187
47.441476,-0.563585,2026-08-04 01:00:07.525626880,11,11291,162,197
47.484232,-0.537984,2026-08-04 01:00:07.525631744,11,5165,208,182
52.106988,21.590488,2026-08-04 01:00:17.573069312,11,10638,247,74
52.024812,21.475594,2026-08-04 01:00:17.573116160,11,9553,226,143
52.019411,21.50153,2026-08-04 01:00:17.573115904,11,11521,154,133
51.941494,23.557334,2026-08-04 01:00:23.848812800,11,8551,144,345
51.977402,23.50234,2026-08-04 01:00:24.62759424,11,9583,185,142
53.233587,21.45409,2026-08-04 01:00:26.988824832,11,8028,87,199
53.248998,21.422285,2026-08-04 01:00:27.33720576,11,5994,153,226
53.171359,21.343216,2026-08-04 01:00:27.33750528,11,8197,120,75
53.205294,21.415785,2026-08-04 01:00:27.559463168,11,2802,253,353
50.309807,8.037277,2026-08-04 01:00:28.566961408,11,5494,125,81
50.313517,8.043246,2026-08-04 01:00:28.566969088,11,7997,108,169
50.305189,8.036104,2026-08-04 01:00:28.566965248,11,9568,92,155
51.98289,23.66091,2026-08-04 01:00:30.126329856,11,8282,143,214
52.84859,23.898783,2026-08-04 01:00:33.557303296,11,6583,159,289
51.245625,8.948135,2026-08-04 01:00:34.24276736,11,7799,59,358
52.886502,23.855667,2026-08-04 01:00:34.233757952,11,9391,173,81
52.000978,23.602001,2026-08-04 01:00:38.260714752,11,9466,200,156
51.999463,23.650786,2026-08-04 01:00:38.260709376,11,6916,235,134
53.076947,22.531771,2026-08-04 01:00:40.38344960,11,6274,168,111
53.10922,22.620749,2026-08-04 01:00:40.38323968,11,6874,219,185
52.735122,23.946992,2026-08-04 01:00:48.39814400,11,6999,153,229
53.102103,8.792042,2026-08-04 01:00:54.352041216,11,6745,48,231
52.01666,21.523653,2026-08-04 01:00:54.739234560,11,10693,171,148
31.867582,-79.00397,2026-08-04 01:00:56.665821440,11,7484,180,236
31.896588,-78.996642,2026-08-04 01:00:56.665829888,11,11880,233,178
45.177444,0.677389,2026-08-04 01:00:58.630434816,11,13449,81,83
49.462549,7.803615,2026-08-04 01:01:02.152052736,11,5709,148,131
49.493185,7.800488,2026-08-04 01:01:02.152044800,11,7099,106,293
49.490772,7.803264,2026-08-04 01:01:02.152043776,11,7130,126,276
49.491711,7.796091,2026-08-04 01:01:02.152065792,11,13496,71,262
49.467447,7.740204,2026-08-04 01:01:02.152053504,11,12303,63,168
52.993858,38.539674,2026-08-04 01:01:03.823531776,11,5891,245,26
53.315101,21.617205,2026-08-04 01:01:06.919385856,11,8654,234,202
49.917134,8.048538,2026-08-04 01:01:11.311139584,11,6694,74,136
51.986465,23.571526,2026-08-04 01:01:12.850331648,11,8405,145,231
51.990623,23.600086,2026-08-04 01:01:12.850332928,11,5603,193,207
51.992168,23.596491,2026-08-04 01:01:12.850333440,11,7888,228,189
52.071045,23.75618,2026-08-04 01:01:19.890852608,11,3300,240,250
50.342655,8.931139,2026-08-04 01:01:21.551027968,11,5239,75,157
50.337361,8.96091,2026-08-04 01:01:21.551025920,11,2529,200,304
50.341701,8.942658,2026-08-04 01:01:21.551025408,11,9104,53,280
52.609603,24.065553,2026-08-04 01:01:24.19806208,11,13633,227,62
52.617611,24.062543,2026-08-04 01:01:24.19802112,11,12246,184,75
52.755596,24.14551,2026-08-04 01:01:26.27544064,11,10316,230,75
52.738508,24.026954,2026-08-04 01:01:26.27572736,11,9110,163,92
52.853764,39.951788,2026-08-04 01:01:27.571565056,11,3323,263,37
50.737161,10.05076,2026-08-04 01:01:31.597782528,11,6488,62,360
52.709849,23.844498,2026-08-04 01:01:37.922937088,11,5340,179,165
52.729342,23.945058,2026-08-04 01:01:37.922919936,11,4930,228,312
52.722989,23.931218,2026-08-04 01:01:37.922926080,11,5507,217,297
29.634686,-74.807991,2026-08-04 01:01:39.84168704,11,7488,229,71
53.26453,21.483204,2026-08-04 01:01:42.567543296,11,14504,169,171
53.239405,21.497238,2026-08-04 01:01:42.567554304,11,10135,208,152
53.236627,21.47735,2026-08-04 01:01:42.567637504,11,8977,179,139
52.007676,23.634721,2026-08-04 01:01:43.707581440,11,5036,146,213
52.001496,23.649236,2026-08-04 01:01:43.707580672,11,8704,231,167
24.22708,-80.057392,2026-08-04 01:01:46.753511680,11,9048,237,264
24.498291,-80.195001,2026-08-04 01:01:46.831676928,11,4738,260,193
51.646522,21.30451,2026-08-04 01:01:49.131932416,11,14630,200,26
50.345311,9.142564,2026-08-04 01:01:49.632723200,11,9695,70,42
49.495871,7.780569,2026-08-04 01:01:56.570544896,11,7778,150,57
49.495748,7.802358,2026-08-04 01:01:56.570538240,11,7513,156,49
51.992897,23.604568,2026-08-04 01:02:02.603470848,11,6545,145,383
52.719396,23.999901,2026-08-04 01:02:03.939664128,11,4276,154,379
52.595902,24.079979,2026-08-04 01:02:05.691600896,11,5413,178,375
52.621361,24.121505,2026-08-04 01:02:05.757369600,11,4418,218,159
52.768105,24.156284,2026-08-04 01:02:09.208364800,11,10035,156,186
52.76829,24.188916,2026-08-04 01:02:09.208367360,11,3892,230,323
52.003583,23.608121,2026-08-04 01:02:12.99109376,11,4233,241,311
52.04459,23.647762,2026-08-04 01:02:12.99094784,11,3910,252,182
52.000913,23.633804,2026-08-04 01:02:12.191175424,11,6628,146,290
52.003154,23.665507,2026-08-04 01:02:12.191173888,11,7224,249,178
52.004007,23.624343,2026-08-04 01:02:12.732550144,11,4186,200,230
50.387784,9.01439,2026-08-04 01:02:17.895774208,11,14925,71,152
50.394917,9.003428,2026-08-04 01:02:17.895769856,11,6709,150,288
50.394558,9.001665,2026-08-04 01:02:17.895776256,11,14496,100,273
53.225859,21.22191,2026-08-04 01:02:19.640432384,11,6557,152,94
53.230797,21.200179,2026-08-04 01:02:19.640439040,11,3083,230,192
53.23625,21.237797,2026-08-04 01:02:19.640428544,11,7478,209,181
53.234137,21.273772,2026-08-04 01:02:19.640427776,11,7234,198,162
25.285381,-82.099993,2026-08-04 01:02:21.847742720,11,4917,265,112
50.315964,9.148097,2026-08-04 01:02:23.676578816,11,6192,68,156
50.306312,9.159863,2026-08-04 01:02:23.676583936,11,11119,61,205
50.30964,9.13693,2026-08-04 01:02:23.676585472,11,8367,88,181
50.305904,9.149616,2026-08-04 01:02:23.676576000,11,7112,74,111
50.304342,9.157515,2026-08-04 01:02:24.345182208,11,8268,166,62
50.203149,9.239688,2026-08-04 01:02:24.404628480,11,8808,99,58
50.20985,9.262962,2026-08-04 01:02:24.404626176,11,13129,60,75
53.235305,21.469791,2026-08-04 01:02:26.975687680,11,6729,88,236
53.249562,21.391651,2026-08-04 01:02:26.975703808,11,6228,233,227
53.246177,21.467105,2026-08-04 01:02:26.975694336,11,13886,182,214
50.055553,9.477285,2026-08-04 01:02:34.63880448,11,12549,50,153
50.058727,9.448533,2026-08-04 01:02:34.63880448,11,14331,99,201
52.778919,23.737699,2026-08-04 01:02:42.348297984,11,8300,179,268
52.773483,23.760699,2026-08-04 01:02:42.348298752,11,4728,190,217
24.289191,-79.898313,2026-08-04 01:02:48.249820672,11,9474,254,102
51.987249,23.597926,2026-08-04 01:02:53.337780992,11,7162,145,123
51.784702,21.087551,2026-08-04 01:02:53.858033664,11,6917,197,180
51.231716,8.598233,2026-08-04 01:02:55.899483392,11,9491,42,447
51.228226,8.613215,2026-08-04 01:02:55.899485184,11,8302,65,412
52.0658,23.703433,2026-08-04 01:03:11.388973056,11,2999,231,172
52.055256,23.710146,2026-08-04 01:03:11.388978944,11,4666,221,196
50.243965,9.226391,2026-08-04 01:03:15.521766912,11,7138,77,115
50.247016,9.227568,2026-08-04 01:03:15.521760256,11,6401,121,106
50.394723,9.042874,2026-08-04 01:03:16.672400128,11,12200,148,77
48.247125,5.305066,2026-08-04 01:03:20.658017536,11,6879,94,136
52.881822,23.716222,2026-08-04 01:03:24.294459392,11,6812,148,262
52.873981,23.744067,2026-08-04 01:03:24.294457088,11,11304,169,356
52.880019,23.728937,2026-08-04 01:03:24.294465280,11,9368,141,336
52.035501,23.642692,2026-08-04 01:03:28.188735232,11,8432,218,57
50.319304,8.034477,2026-08-04 01:03:29.766134528,11,13287,98,142
51.79004,21.136844,2026-08-04 01:03:33.877096960,11,4037,246,294
51.762806,21.091249,2026-08-04 01:03:33.877107968,11,5187,239,354
51.775152,21.111351,2026-08-04 01:03:34.179730944,11,6692,179,60
25.367194,-82.055366,2026-08-04 01:03:34.332029696,11,8687,264,41
49.718254,7.917102,2026-08-04 01:03:35.643358208,11,7572,52,78
49.718758,7.92213,2026-08-04 01:03:35.643351040,11,9195,100,59
49.52096,7.876501,2026-08-04 01:03:41.638946560,11,7111,112,125
49.519728,7.874363,2026-08-04 01:03:41.638947584,11,11547,54,236
49.52526,7.880623,2026-08-04 01:03:41.638950144,11,5495,71,217
49.526837,7.881072,2026-08-04 01:03:41.638946048,11,8627,82,202
49.52226,7.87195,2026-08-04 01:03:41.638954496,11,5947,143,185
49.509072,7.867345,2026-08-04 01:03:41.638956288,11,8608,132,169
34.013987,-77.511949,2026-08-04 01:03:44.165897728,11,9073,163,101
51.148461,8.790687,2026-08-04 01:03:46.810136064,11,6559,86,198
53.298596,21.498884,2026-08-04 01:03:49.633538816,11,5838,206,350
51.994835,23.597598,2026-08-04 01:03:50.462337536,11,8491,139,197
52.647416,24.117363,2026-08-04 01:03:56.66697216,11,9552,192,173
52.626744,24.094861,2026-08-04 01:03:56.66710784,11,3742,252,282
50.431859,9.023133,2026-08-04 01:03:58.674074112,11,11123,119,178
50.405353,8.996523,2026-08-04 01:03:58.674067456,11,8277,131,184
52.001495,23.816798,2026-08-04 01:04:02.331827968,11,11153,168,47
52.844534,23.943524,2026-08-04 01:04:04.745722112,11,12699,239,119
52.850524,23.965118,2026-08-04 01:04:04.745729024,11,4834,181,102
52.002077,23.635719,2026-08-04 01:04:05.248322560,11,13055,146,85
51.993865,23.701867,2026-08-04 01:04:05.248321536,11,6125,232,215
50.273133,9.202835,2026-08-04 01:04:08.718663936,11,8076,102,89
50.256642,9.191305,2026-08-04 01:04:08.718665728,11,6301,95,96
50.270402,9.191638,2026-08-04 01:04:08.718656000,11,12320,89,83
50.273927,9.200115,2026-08-04 01:04:08.718670592,11,12787,68,64
50.239219,9.181268,2026-08-04 01:04:08.866549248,11,10190,49,100
51.955357,23.853902,2026-08-04 01:04:09.931444992,11,8741,198,50
52.622852,24.142947,2026-08-04 01:04:10.378872320,11,5987,223,54
50.302111,9.122646,2026-08-04 01:00:00.153174016,12,6982,56,107
50.29748,9.110913,2026-08-04 01:00:00.153178624,12,7141,89,276
50.291469,9.15679,2026-08-04 01:00:00.153170944,12,4302,165,254
50.299847,9.119441,2026-08-04 01:00:00.351725568,12,8989,44,150
51.990482,23.670097,2026-08-04 01:00:05.671169280,12,8542,146,385
52.010621,23.681921,2026-08-04 01:00:05.671168000,12,5652,242,320
52.011807,23.666858,2026-08-04 01:00:05.729661696,12,5159,252,131
51.996168,23.596034,2026-08-04 01:00:05.782150144,12,3820,145,200
52.004594,23.664092,2026-08-04 01:00:05.915092736,12,2805,258,197
20.668133,-78.873118,2026-08-04 01:00:07.149172992,12,4650,251,187
47.443414,-0.550763,2026-08-04 01:00:07.525626368,12,11860,152,223
47.442382,-0.629435,2026-08-04 01:00:07.525609728,12,5792,250,203
52.034369,21.529899,2026-08-04 01:00:17.573092352,12,4946,203,148
51.996806,21.512768,2026-08-04 01:00:17.573105152,12,14776,238,153
53.291921,21.184596,2026-08-04 01:00:20.920492288,12,12433,166,31
51.941517,23.55736,2026-08-04 01:00:23.848812800,12,8696,144,330
51.977402,23.50234,2026-08-04 01:00:24.62759424,12,9583,185,141
51.979034,23.553421,2026-08-04 01:00:24.62758400,12,8813,185,211
53.227566,21.474277,2026-08-04 01:00:26.988825344,12,8506,87,166
53.267412,21.428793,2026-08-04 01:00:27.33713408,12,7966,166,232
53.171359,21.343216,2026-08-04 01:00:27.33750528,12,8197,120,68
53.205294,21.415785,2026-08-04 01:00:27.559463168,12,2802,253,345
50.309807,8.037277,2026-08-04 01:00:28.566961408,12,5494,125,81
50.313519,8.043248,2026-08-04 01:00:28.566969088,12,7997,108,169
50.305189,8.036104,2026-08-04 01:00:28.566965248,12,9568,92,155
51.988491,23.66491,2026-08-04 01:00:30.126332160,12,6680,143,190
51.245621,8.948142,2026-08-04 01:00:34.24277248,12,7798,59,367
52.804323,23.83047,2026-08-04 01:00:34.64295424,12,10988,209,38
52.883119,23.870657,2026-08-04 01:00:34.233761024,12,7921,252,87
52.000973,23.601997,2026-08-04 01:00:38.260714752,12,9466,200,156
51.999463,23.650786,2026-08-04 01:00:38.260709376,12,6916,235,134
53.076947,22.531771,2026-08-04 01:00:40.38344960,12,6274,168,111
53.10922,22.620749,2026-08-04 01:00:40.38323968,12,6874,219,184
52.735122,23.946992,2026-08-04 01:00:48.39814400,12,6999,153,229
53.102103,8.792042,2026-08-04 01:00:54.352041216,12,6745,48,231
52.017861,21.519977,2026-08-04 01:00:54.739235328,12,8902,119,174
31.867238,-79.004174,2026-08-04 01:00:56.665821696,12,7489,180,236
31.896588,-78.996642,2026-08-04 01:00:56.665829888,12,11880,233,186
49.462553,7.803617,2026-08-04 01:01:02.152052736,12,5710,148,131
49.493185,7.800488,2026-08-04 01:01:02.152044800,12,7099,106,293
49.490772,7.803264,2026-08-04 01:01:02.152043776,12,7130,126,276
49.491711,7.796091,2026-08-04 01:01:02.152065792,12,13496,71,262
49.4944,7.790835,2026-08-04 01:01:02.152043776,12,7294,132,206
53.315101,21.617205,2026-08-04 01:01:06.919385856,12,8654,234,202
49.917134,8.048538,2026-08-04 01:01:11.311139584,12,6694,74,145
51.986465,23.571526,2026-08-04 01:01:12.850331648,12,8405,145,231
51.990621,23.600082,2026-08-04 01:01:12.850332928,12,5603,193,207
50.342655,8.931139,2026-08-04 01:01:21.551027968,12,5239,75,157
50.337361,8.96091,2026-08-04 01:01:21.551025920,12,2529,200,304
50.341205,8.940494,2026-08-04 01:01:21.551025664,12,8270,53,259
52.609603,24.065553,2026-08-04 01:01:24.19806208,12,13633,227,62
52.617609,24.062516,2026-08-04 01:01:24.19802112,12,12249,184,75
52.755596,24.14551,2026-08-04 01:01:26.27544064,12,10316,230,64
52.738508,24.026954,2026-08-04 01:01:26.27572736,12,9110,163,92
52.853764,39.951788,2026-08-04 01:01:27.571565056,12,3323,263,37
50.737161,10.05076,2026-08-04 01:01:31.597782528,12,6488,62,360
52.728002,23.894998,2026-08-04 01:01:37.922924800,12,5359,238,164
52.729342,23.945058,2026-08-04 01:01:37.922919936,12,4930,228,312
52.723057,23.93146,2026-08-04 01:01:37.922926080,12,5505,217,297
52.736636,23.924159,2026-08-04 01:01:37.922924288,12,4606,180,281
29.634686,-74.807991,2026-08-04 01:01:39.84168704,12,7488,229,111
53.26453,21.483204,2026-08-04 01:01:42.567543296,12,14504,169,171
53.239405,21.497238,2026-08-04 01:01:42.567554304,12,10135,208,152
53.236627,21.47735,2026-08-04 01:01:42.567637504,12,8977,179,139
52.007674,23.634729,2026-08-04 01:01:43.707581440,12,5036,146,216
52.001496,23.649236,2026-08-04 01:01:43.707580672,12,8704,234,153
24.22708,-80.057392,2026-08-04 01:01:46.753511680,12,9048,237,263
24.651748,-80.205161,2026-08-04 01:01:46.831725824,12,11447,254,115
51.646522,21.30451,2026-08-04 01:01:49.131932416,12,14630,200,26
48.393427,5.687769,2026-08-04 01:01:51.158909440,12,8957,48,194
49.495871,7.780569,2026-08-04 01:01:56.570544896,12,7778,150,57
49.495748,7.802358,2026-08-04 01:01:56.570538240,12,7513,156,49
51.992903,23.604597,2026-08-04 01:02:02.603469312,12,6544,145,387
52.712779,23.984654,2026-08-04 01:02:03.939666688,12,7556,154,378
52.595902,24.079979,2026-08-04 01:02:05.691600896,12,5413,178,374
52.574911,24.070855,2026-08-04 01:02:05.757389568,12,6993,268,144
52.793355,24.224744,2026-08-04 01:02:09.208350976,12,3452,262,185
52.761479,24.160525,2026-08-04 01:02:09.208371712,12,4580,162,341
52.004917,23.636,2026-08-04 01:02:12.99099648,12,11133,200,310
52.013991,23.65071,2026-08-04 01:02:12.191175680,12,5968,201,183
52.004275,23.641377,2026-08-04 01:02:12.732545024,12,5134,200,229
50.387784,9.01439,2026-08-04 01:02:17.895774208,12,14925,70,151
50.388209,9.007011,2026-08-04 01:02:17.895772160,12,11960,83,287
50.409951,8.997461,2026-08-04 01:02:17.895780864,12,5052,100,269
53.225859,21.22191,2026-08-04 01:02:19.640432384,12,6557,152,96
53.230797,21.200179,2026-08-04 01:02:19.640439040,12,3083,230,192
53.23625,21.237797,2026-08-04 01:02:19.640428544,12,7478,209,181
53.234137,21.273772,2026-08-04 01:02:19.640427776,12,7234,198,162
25.285381,-82.099993,2026-08-04 01:02:21.847742720,12,4917,265,112
50.315964,9.148097,2026-08-04 01:02:23.676578816,12,6192,68,156
50.306312,9.159863,2026-08-04 01:02:23.676583936,12,11119,61,205
50.30964,9.13693,2026-08-04 01:02:23.676585472,12,8367,88,181
50.300807,9.146999,2026-08-04 01:02:24.345183488,12,8254,54,77
50.298291,9.139772,2026-08-04 01:02:24.345189120,12,6897,96,107
50.203149,9.239688,2026-08-04 01:02:24.404628480,12,8808,99,59
50.215324,9.28966,2026-08-04 01:02:24.404633088,12,12263,96,52
53.235305,21.469791,2026-08-04 01:02:26.975687680,12,6728,88,236
53.249562,21.391651,2026-08-04 01:02:26.975703808,12,6228,233,227
53.246177,21.467105,2026-08-04 01:02:26.975694336,12,13886,182,214
50.055553,9.477285,2026-08-04 01:02:34.63880448,12,12549,50,153
50.058727,9.448533,2026-08-04 01:02:34.63880448,12,14331,99,200
52.778919,23.737699,2026-08-04 01:02:42.348297984,12,8300,179,268
51.991591,23.666953,2026-08-04 01:02:42.823375872,12,10334,188,256
53.240043,22.588572,2026-08-04 01:02:44.978645248,12,5082,191,136
53.247468,22.534459,2026-08-04 01:02:44.978658304,12,3265,241,230
24.289191,-79.898313,2026-08-04 01:02:48.249820672,12,9474,254,102
51.987249,23.597926,2026-08-04 01:02:53.337780992,12,7162,145,121
51.784702,21.087551,2026-08-04 01:02:53.858033664,12,6917,197,168
51.231716,8.598233,2026-08-04 01:02:55.899483392,12,9491,42,446
51.234367,8.57912,2026-08-04 01:02:55.899489024,12,11047,84,343
25.345395,-82.088874,2026-08-04 01:03:08.291307776,12,5686,223,119
52.068444,23.667817,2026-08-04 01:03:11.388980224,12,4049,222,149
52.05496,23.725005,2026-08-04 01:03:11.388975360,12,5696,236,192
51.991544,23.66348,2026-08-04 01:03:15.210311424,12,4619,252,203
50.246406,9.227305,2026-08-04 01:03:15.521766656,12,8063,50,87
50.234933,9.224465,2026-08-04 01:03:15.521767680,12,7630,76,113
50.393139,9.042904,2026-08-04 01:03:16.524566016,12,6660,73,94
50.386076,9.03096,2026-08-04 01:03:16.524566272,12,8462,80,166
48.242426,5.291941,2026-08-04 01:03:20.658013696,12,5954,64,182
52.881822,23.716222,2026-08-04 01:03:24.294459392,12,6812,148,262
52.873981,23.744067,2026-08-04 01:03:24.294457088,12,11304,169,355
52.880019,23.728937,2026-08-04 01:03:24.294465280,12,9368,141,335
52.035501,23.642692,2026-08-04 01:03:28.188735232,12,8432,218,58
50.266543,8.039219,2026-08-04 01:03:29.766130432,12,9576,101,225
51.998418,23.701226,2026-08-04 01:03:32.508362240,12,6222,200,411
51.75343,21.068656,2026-08-04 01:03:33.877114112,12,2321,263,328
25.367194,-82.055366,2026-08-04 01:03:34.332029696,12,8687,264,41
49.718562,7.917911,2026-08-04 01:03:35.643358464,12,7283,79,56
49.711641,7.933248,2026-08-04 01:03:35.643353856,12,5400,132,37
49.52096,7.876501,2026-08-04 01:03:41.638946560,12,7111,112,127
49.519728,7.874363,2026-08-04 01:03:41.638947584,12,11547,54,237
49.526114,7.876586,2026-08-04 01:03:41.638950144,12,4068,93,218
49.519387,7.88062,2026-08-04 01:03:41.638947072,12,6310,96,205
49.531278,7.874013,2026-08-04 01:03:41.638953728,12,8931,97,191
49.521778,7.87642,2026-08-04 01:03:41.638949632,12,8424,135,176
34.013987,-77.511949,2026-08-04 01:03:44.165897728,12,9073,163,100
51.145896,8.791668,2026-08-04 01:03:46.810136320,12,7310,97,200
53.31154,21.515785,2026-08-04 01:03:49.633534720,12,14880,173,337
51.993044,23.607867,2026-08-04 01:03:50.462337536,12,7078,140,204
52.650103,24.121214,2026-08-04 01:03:56.66696192,12,7187,192,166
52.620775,24.076085,2026-08-04 01:03:56.66715136,12,4074,201,284
52.641887,24.14012,2026-08-04 01:03:56.66696448,12,5640,229,267
50.431859,9.023133,2026-08-04 01:03:58.674074112,12,11123,119,177
50.405353,8.996523,2026-08-04 01:03:58.674067456,12,8277,131,183
50.407621,8.982071,2026-08-04 01:03:58.674068736,12,13364,85,147
52.001495,23.816798,2026-08-04 01:04:02.331827968,12,11153,168,47
52.844163,23.943,2026-08-04 01:04:04.745722368,12,12701,239,118
52.850524,23.965118,2026-08-04 01:04:04.745729024,12,4834,174,101
51.996798,23.616258,2026-08-04 01:04:05.248332032,12,7457,146,259
51.989535,23.650265,2026-08-04 01:04:05.248327936,12,7830,194,237
50.273133,9.202835,2026-08-04 01:04:08.718663936,12,8076,102,89
50.283359,9.247201,2026-08-04 01:04:08.718660096,12,8623,133,97
50.270725,9.187731,2026-08-04 01:04:08.718667520,12,7434,89,82
50.273926,9.200109,2026-08-04 01:04:08.718659584,12,12786,68,66
50.239219,9.181268,2026-08-04 01:04:08.866549248,12,10190,49,100
50.231937,9.174642,2026-08-04 01:04:08.866551040,12,7896,97,77
51.958748,23.847433,2026-08-04 01:04:09.931446784,12,7911,218,55
51.966171,23.867029,2026-08-04 01:04:09.931442688,12,9387,198,80
52.622856,24.142957,2026-08-04 01:04:10.378872320,12,5988,223,55
45.795669,-96.477198,2026-08-04 03:15:00.83594496,1,8609,258,32
45.740885,-96.197714,2026-08-04 03:15:00.83666432,1,12122,145,24
47.291776,-94.576782,2026-08-04 03:15:00.363842560,1,9157,151,18
13.341528,7.599931,2026-08-04 03:15:01.179388416,1,7511,200,38
13.264762,7.715843,2026-08-04 03:15:01.236990720,1,14664,190,22
47.122841,-95.165331,2026-08-04 03:15:09.648287488,1,13173,241,19
45.917405,38.284443,2026-08-04 03:15:10.664952576,1,11241,211,46
40.198379,-101.543756,2026-08-04 03:15:48.63399680,1,14236,168,49
40.182383,-101.668,2026-08-04 03:15:48.63427072,1,12448,116,36
40.166207,-101.653088,2026-08-04 03:15:48.63438848,1,5512,241,20
51.564176,23.880628,2026-08-04 03:15:49.663210752,1,6360,241,49
51.573148,23.910244,2026-08-04 03:15:49.663208448,1,9590,163,259
51.564058,23.949038,2026-08-04 03:15:49.663212544,1,4710,237,235
51.569629,23.948838,2026-08-04 03:15:49.663212288,1,2557,254,219
51.570138,23.933812,2026-08-04 03:15:49.663216128,1,5461,197,205
51.571197,23.951141,2026-08-04 03:15:49.663213056,1,5662,186,188
51.56366,23.91981,2026-08-04 03:15:49.663221760,1,10888,165,171
51.570476,24.11627,2026-08-04 03:15:49.663217152,1,14410,167,155
51.592565,24.052135,2026-08-04 03:15:49.663227648,1,6728,219,142
26.640977,124.484995,2026-08-04 03:15:01.76275712,2,7597,153,22
27.056203,124.653542,2026-08-04 03:15:05.903889664,2,8014,210,40
27.046386,124.649215,2026-08-04 03:15:05.903884544,2,3436,207,25
27.037195,124.703714,2026-08-04 03:15:05.952195328,2,4222,200,27
-38.325173,151.905625,2026-08-04 03:15:08.291601152,2,5580,222,27
-38.321255,151.912043,2026-08-04 03:15:08.315769600,2,6357,222,18
27.558062,124.629221,2026-08-04 03:15:17.26001408,2,12926,207,29
27.590834,124.710358,2026-08-04 03:15:17.268367616,2,5453,201,17
-33.139329,156.226883,2026-08-04 03:15:42.615437824,2,11581,135,26
-33.15737,156.245766,2026-08-04 03:15:42.641973504,2,10608,205,21
24.046885,-100.840972,2026-08-04 03:15:04.960784128,3,14834,229,47
24.055562,-100.825097,2026-08-04 03:15:04.960793344,3,14925,229,32
24.028569,-79.168218,2026-08-04 03:15:05.5061632,3,5464,243,51
24.036304,-79.157079,2026-08-04 03:15:05.5059584,3,7979,241,49
32.021286,-111.166255,2026-08-04 03:15:06.531370496,3,7943,210,69
31.857862,-111.241771,2026-08-04 03:15:06.531349760,3,6313,168,90
23.821428,-78.730863,2026-08-04 03:15:13.568008192,3,14170,242,63
40.333354,-100.129483,2026-08-04 03:15:13.713687296,3,5106,148,76
40.348176,-100.177568,2026-08-04 03:15:13.713682432,3,7386,176,64
40.36049,-100.155746,2026-08-04 03:15:13.713742336,3,8801,141,42
24.102535,-107.144303,2026-08-04 03:15:14.51353344,3,9514,266,58
31.278308,-111.804476,2026-08-04 03:15:23.661763328,3,4110,209,36
31.3467,-111.707564,2026-08-04 03:15:23.765245952,3,14347,175,54
31.282846,-111.832692,2026-08-04 03:15:39.118507776,3,10127,210,26
23.098081,-78.39429,2026-08-04 03:15:39.470989312,3,7962,247,93
46.045966,-96.194399,2026-08-04 03:15:46.569464320,3,8385,146,36
46.03568,-96.107962,2026-08-04 03:15:46.569485056,3,11960,121,20
46.324351,-96.001677,2026-08-04 03:15:46.744736256,3,3340,139,25
23.576723,-101.016646,2026-08-04 03:15:55.41322240,3,13624,235,24
26.633514,124.519557,2026-08-04 03:15:01.76281344,4,4898,200,25
51.57415,23.780712,2026-08-04 03:15:02.547633920,4,9298,172,41
51.573905,23.989244,2026-08-04 03:15:02.547595008,4,13976,170,29
51.582758,23.998602,2026-08-04 03:15:02.676032768,4,10545,177,36
51.501132,23.882925,2026-08-04 03:15:02.676073728,4,9680,131,23
51.578618,23.9434,2026-08-04 03:15:02.847048960,4,13708,131,25
27.034559,124.607581,2026-08-04 03:15:05.903867648,4,5301,209,32
27.042677,124.692114,2026-08-04 03:15:05.952194048,4,3441,201,27
27.515163,124.715457,2026-08-04 03:15:17.26017280,4,11155,205,37
27.52897,124.80862,2026-08-04 03:15:17.26042624,4,12450,138,16
27.577869,124.735208,2026-08-04 03:15:17.268370688,4,5569,201,25
52.710461,25.162904,2026-08-04 03:15:22.415233024,4,12460,133,23
51.56434,23.883574,2026-08-04 03:15:49.663210496,4,9837,169,30
51.583672,23.912748,2026-08-04 03:15:49.727869952,4,13906,169,28
51.589248,23.928501,2026-08-04 03:15:49.766439936,4,14934,169,31
51.57478,23.907739,2026-08-04 03:15:50.89040384,4,14660,169,29
23.15199,-76.188666,2026-08-04 03:15:24.845495808,7,3765,257,27
20.529617,-79.803014,2026-08-04 03:15:33.398485760,7,4804,236,12
20.652732,-79.758762,2026-08-04 03:15:33.629843712,7,6161,258,14
20.523124,-79.751416,2026-08-04 03:15:34.203470080,7,5170,215,19
20.533386,-79.744026,2026-08-04 03:15:34.292473344,7,2801,182,17
13.336408,7.6359,2026-08-04 03:15:01.179393024,5,7819,184,13
26.755623,124.485585,2026-08-04 03:15:00.544120576,9,5855,155,16
26.636621,124.495207,2026-08-04 03:15:01.76273408,9,5650,153,24
27.154295,124.764596,2026-08-04 03:15:05.903935744,9,11966,184,18
47.073989,-94.472382,2026-08-04 03:15:14.850312704,9,9598,167,13
26.985638,124.657951,2026-08-04 03:15:58.262826240,9,4234,208,20
45.7842,-96.150479,2026-08-04 03:15:00.83612672,13,4449,129,80
45.780732,-96.235791,2026-08-04 03:15:00.83649024,13,14412,121,51
47.310899,-94.63198,2026-08-04 03:15:00.363829504,13,9152,234,22
49.022796,-92.928654,2026-08-04 03:15:00.846180096,13,6356,246,36
48.91775,-92.708058,2026-08-04 03:15:00.846246912,13,3490,177,19
23.568949,-101.052173,2026-08-04 03:15:01.589647616,13,9744,258,28
48.146892,-94.094387,2026-08-04 03:15:01.647710208,13,4913,143,22
48.133894,-94.069833,2026-08-04 03:15:01.770867456,13,7683,140,29
23.618114,-101.061128,2026-08-04 03:15:02.582988288,13,5684,234,56
47.489259,-94.360192,2026-08-04 03:15:03.611951360,13,14026,129,58
47.343022,-94.175646,2026-08-04 03:15:03.611962880,13,14863,195,81
37.4424,-103.246164,2026-08-04 03:15:03.779864576,13,9589,105,91
37.469052,-103.296137,2026-08-04 03:15:03.779865088,13,6502,137,95
37.445955,-103.360307,2026-08-04 03:15:04.141028352,13,8069,105,53
37.44532,-103.314931,2026-08-04 03:15:04.141041408,13,6424,218,49
23.994482,-79.014582,2026-08-04 03:15:04.321367296,13,6555,241,43
24.1031,-100.826211,2026-08-04 03:15:04.960803328,13,6291,232,47
24.035295,-79.163757,2026-08-04 03:15:05.5063168,13,4037,241,40
32.021268,-111.166283,2026-08-04 03:15:06.531374336,13,7943,210,87
29.399215,-110.890855,2026-08-04 03:15:08.138741248,13,13467,228,21
49.077331,-92.894274,2026-08-04 03:15:08.278356480,13,5851,253,37
48.974055,-92.6514,2026-08-04 03:15:08.278424064,13,5854,170,26
40.902523,-98.963147,2026-08-04 03:15:08.585138432,13,10273,165,42
40.903848,-98.948708,2026-08-04 03:15:08.585131008,13,7206,164,29
44.078159,-98.085644,2026-08-04 03:15:08.765391104,13,11811,134,24
44.08364,-98.025742,2026-08-04 03:15:08.944551936,13,12197,134,25
47.143948,-95.264727,2026-08-04 03:15:09.648251136,13,8938,133,38
47.072667,-95.127108,2026-08-04 03:15:09.648297216,13,3386,183,25
36.700951,-78.023919,2026-08-04 03:15:09.803941376,13,12682,178,25
46.053464,-96.118165,2026-08-04 03:15:10.204838912,13,3325,144,31
46.008657,-96.132856,2026-08-04 03:15:10.332717056,13,7849,146,22
41.883607,-100.63294,2026-08-04 03:15:11.481079040,13,12270,96,63
41.868262,-100.682672,2026-08-04 03:15:11.481129216,13,7319,156,49
31.546988,-111.220283,2026-08-04 03:15:13.296698368,13,10927,199,22
40.308411,-100.283154,2026-08-04 03:15:13.470933504,13,13522,83,50
40.350653,-100.183612,2026-08-04 03:15:13.470936576,13,7892,176,37
23.84268,-78.722953,2026-08-04 03:15:13.568016384,13,4711,242,68
40.343599,-100.138238,2026-08-04 03:15:13.713686016,13,6756,148,75
40.348679,-100.179383,2026-08-04 03:15:13.713682176,13,7996,176,62
24.122301,-107.143839,2026-08-04 03:15:14.51360256,13,9924,261,54
28.644828,-108.732596,2026-08-04 03:15:14.774857984,13,8465,248,25
47.298718,-94.465653,2026-08-04 03:15:14.850229248,13,7713,130,119
47.237156,-94.48254,2026-08-04 03:15:14.850255872,13,6415,264,102
47.253595,-94.511494,2026-08-04 03:15:14.850241792,13,7741,147,88
39.361675,-101.431151,2026-08-04 03:15:15.863333376,13,7577,155,24
39.396344,-101.373923,2026-08-04 03:15:15.863348736,13,7803,169,42
31.508701,-111.978775,2026-08-04 03:15:15.876214016,13,10951,206,26
39.392068,-101.375126,2026-08-04 03:15:15.917713152,13,9591,188,34
49.362259,-92.568809,2026-08-04 03:15:16.121179648,13,14638,148,21
40.948345,-99.033834,2026-08-04 03:15:16.529921536,13,13335,129,62
40.920418,-99.065459,2026-08-04 03:15:16.529925888,13,4417,165,71
24.179293,-75.989455,2026-08-04 03:15:17.758744320,13,12227,256,86
31.649705,-109.439828,2026-08-04 03:15:17.881528576,13,9158,189,29
37.165013,-103.429144,2026-08-04 03:15:18.352305664,13,6129,217,30
48.859508,-92.536721,2026-08-04 03:15:18.810915584,13,8340,142,22
48.893118,-92.667755,2026-08-04 03:15:19.71341824,13,6063,176,68
48.964981,-92.547304,2026-08-04 03:15:19.927227648,13,13394,143,22
31.487996,-111.808822,2026-08-04 03:15:20.206720256,13,7513,204,20
47.145773,-94.536954,2026-08-04 03:15:20.569281024,13,5042,127,90
47.129813,-94.573061,2026-08-04 03:15:20.569283584,13,5650,130,86
46.998276,-94.461785,2026-08-04 03:15:20.855106560,13,12961,170,36
31.25924,-111.799643,2026-08-04 03:15:23.661758464,13,14456,227,30
31.346765,-111.707526,2026-08-04 03:15:23.765245952,13,14347,175,74
48.989556,-92.622134,2026-08-04 03:15:24.347805696,13,14248,144,17
41.889998,-100.066144,2026-08-04 03:15:24.426482944,13,10453,152,25
23.300837,-76.072182,2026-08-04 03:15:24.845563904,13,5905,250,77
46.636103,-95.592364,2026-08-04 03:15:25.60369152,13,7857,139,26
25.915675,-74.298055,2026-08-04 03:15:27.768591616,13,9345,264,63
26.233201,-75.146191,2026-08-04 03:15:28.161485824,13,4843,262,29
25.967576,-75.089269,2026-08-04 03:15:28.297576960,13,4342,258,53
39.96591,-100.655571,2026-08-04 03:15:28.536784640,13,8985,180,25
46.480064,-95.883352,2026-08-04 03:15:28.589880832,13,11501,122,21
20.072601,-82.723609,2026-08-04 03:15:29.871214848,13,5937,263,68
20.671283,-79.780332,2026-08-04 03:15:33.629847808,13,5404,258,69
31.559578,-111.558213,2026-08-04 03:15:34.331439360,13,8220,119,53
48.897848,-92.643278,2026-08-04 03:15:34.859706880,13,9087,176,23
47.632571,-94.761044,2026-08-04 03:15:35.290220032,13,10656,164,31
48.118346,-93.9946,2026-08-04 03:15:36.739061760,13,4820,248,29
48.935639,-92.515428,2026-08-04 03:15:37.986705920,13,12323,143,34
48.906054,-92.588862,2026-08-04 03:15:37.986693888,13,5191,162,19
49.503728,-92.292827,2026-08-04 03:15:38.183157248,13,6216,161,96
49.299322,-92.246492,2026-08-04 03:15:38.183233280,13,12257,187,93
49.689087,-92.427622,2026-08-04 03:15:38.399186688,13,8620,152,44
49.861399,-92.21443,2026-08-04 03:15:38.559155712,13,5995,166,55
49.809727,-92.191899,2026-08-04 03:15:38.559228160,13,14410,258,83
45.944057,-96.00523,2026-08-04 03:15:38.763590656,13,4113,235,28
31.28282,-111.832688,2026-08-04 03:15:39.118507776,13,10126,210,27
23.102719,-78.419983,2026-08-04 03:15:39.470981888,13,8573,247,108
23.866183,-78.883558,2026-08-04 03:15:42.304360192,13,5232,244,52
23.922594,-78.86333,2026-08-04 03:15:42.466382848,13,6233,242,64
36.706701,-77.840948,2026-08-04 03:15:42.977160448,13,14318,137,31
36.881643,-77.759633,2026-08-04 03:15:42.977230080,13,11801,212,19
24.086006,-100.782378,2026-08-04 03:15:43.904198912,13,11861,232,32
37.439189,-103.287759,2026-08-04 03:15:44.321811968,13,6538,92,101
37.431728,-103.317629,2026-08-04 03:15:44.321807104,13,7888,218,86
37.474903,-103.283108,2026-08-04 03:15:44.321874432,13,8653,190,72
22.638387,-100.771032,2026-08-04 03:15:44.900610816,13,8996,239,49
25.067881,-106.543851,2026-08-04 03:15:45.9413376,13,6078,257,26
37.324053,-103.388879,2026-08-04 03:15:45.464390912,13,11210,202,19
46.024587,-96.215614,2026-08-04 03:15:46.569467392,13,5393,150,33
46.035684,-96.107978,2026-08-04 03:15:46.569485056,13,11959,121,20
47.184124,-94.581137,2026-08-04 03:15:47.696701440,13,10028,138,40
47.1262,-94.57315,2026-08-04 03:15:47.696773632,13,4260,200,53
40.185197,-101.575526,2026-08-04 03:15:48.63383552,13,10452,125,141
40.195027,-101.63147,2026-08-04 03:15:48.63380224,13,7854,188,125
40.19665,-101.690448,2026-08-04 03:15:48.63368704,13,6055,250,112
30.571623,-109.651915,2026-08-04 03:15:48.128231680,13,9460,237,24
49.485816,-93.278092,2026-08-04 03:15:49.156543744,13,6873,253,28
46.682076,-95.603235,2026-08-04 03:15:49.490065664,13,7789,131,21
45.774411,-96.143108,2026-08-04 03:15:49.979845632,13,8052,121,94
48.824794,-94.846817,2026-08-04 03:15:50.825059840,13,12629,158,43
48.916198,-94.645977,2026-08-04 03:15:50.825104384,13,6957,185,50
46.015681,-96.128567,2026-08-04 03:15:51.10137600,13,7281,146,28
46.63514,-95.561809,2026-08-04 03:15:51.395595008,13,13971,122,24
17.691123,-80.928722,2026-08-04 03:15:51.708045568,13,6486,266,93
17.900764,-90.852339,2026-08-04 03:15:52.264258560,13,6870,233,21
25.78818,-100.950857,2026-08-04 03:15:52.569869824,13,12188,258,71
60.02312,-94.906828,2026-08-04 03:15:53.224309760,13,14319,218,72
23.618193,-101.001013,2026-08-04 03:15:55.41326848,13,6392,259,46
40.379377,-100.224006,2026-08-04 03:15:57.574660096,13,9350,140,50
40.381094,-100.145897,2026-08-04 03:15:57.574697216,13,4715,145,37
40.393862,-100.264372,2026-08-04 03:15:57.871314688,13,5662,176,33
40.363247,-100.255391,2026-08-04 03:15:57.871322368,13,9290,169,20
40.447465,-100.355157,2026-08-04 03:15:58.224649728,13,9992,166,36
40.382721,-100.263398,2026-08-04 03:15:58.224678656,13,11934,158,37
46.429587,-95.786608,2026-08-04 03:15:58.236370176,13,14879,175,27
47.23228,-95.323672,2026-08-04 03:15:59.542248704,13,13858,162,18
31.462226,-111.663188,2026-08-04 03:16:00.475550208,13,13513,203,22
31.261927,-111.81824,2026-08-04 03:16:00.575534080,13,9668,210,22
31.900218,-111.740676,2026-08-04 03:16:01.266105344,13,7793,263,37
47.243161,-94.486231,2026-08-04 03:16:01.928125696,13,9993,102,105
44.061281,-98.020531,2026-08-04 03:16:02.125322496,13,6278,107,21
30.556285,-109.752664,2026-08-04 03:16:02.531040256,13,10345,237,25
23.951687,-106.986356,2026-08-04 03:16:05.54283264,13,10653,265,71
39.380365,-101.349378,2026-08-04 03:16:05.91349760,13,10253,115,110
39.383191,-101.379394,2026-08-04 03:16:05.272969984,13,5141,202,36
39.419697,-101.352874,2026-08-04 03:16:05.272972032,13,11828,133,21
40.135791,-101.740909,2026-08-04 03:16:05.757230592,13,14019,123,75
40.120455,-101.733126,2026-08-04 03:16:05.757298432,13,11459,150,57
22.873488,-78.49094,2026-08-04 03:16:05.993655552,13,8057,249,104
26.203506,-75.108303,2026-08-04 03:16:06.712418304,13,8264,266,97
31.210603,-111.939393,2026-08-04 03:16:06.985682432,13,11057,255,25
45.986612,-95.929005,2026-08-04 03:16:08.873435648,13,4580,244,26
46.03731,-95.955832,2026-08-04 03:16:08.885133824,13,8268,146,20
47.575344,-95.215869,2026-08-04 03:16:08.935573504,13,2972,165,22
47.590081,-95.185786,2026-08-04 03:16:08.990612736,13,3200,166,26
39.351261,-101.393405,2026-08-04 03:16:09.552964352,13,9795,123,34
39.336735,-101.329008,2026-08-04 03:16:09.552982528,13,7822,197,31
39.348025,-101.294975,2026-08-04 03:16:09.718296064,13,11653,108,59
39.330124,-101.324804,2026-08-04 03:16:09.718349312,13,7211,188,50
39.296952,-101.392798,2026-08-04 03:16:09.929011456,13,10342,123,19
40.318791,-100.1261,2026-08-04 03:16:10.246874624,13,12322,125,98
40.351782,-100.206874,2026-08-04 03:16:10.246868224,13,5055,231,78
30.938068,-111.680291,2026-08-04 03:16:10.853462528,13,10937,215,41
31.081519,-111.614818,2026-08-04 03:16:10.853512960,13,7206,265,26
59.708823,-95.479289,2026-08-04 03:16:11.388506368,13,6257,216,29
27.056782,124.654221,2026-08-04 03:15:05.903889920,14,8013,210,37
27.037195,124.703714,2026-08-04 03:15:05.952195328,14,4222,200,27
27.561126,124.633398,2026-08-04 03:15:17.26003200,14,8423,207,30
27.571094,124.748962,2026-08-04 03:15:17.268372992,14,5316,201,23
26.95972,124.708376,2026-08-04 03:15:58.262832128,14,5477,210,35
21.573108,112.847537,2026-08-04 03:16:01.568498688,14,12346,189,29
45.795669,-96.477198,2026-08-04 03:15:00.83594496,11,8609,258,28
51.585724,24.010305,2026-08-04 03:15:02.547577600,11,5391,263,235
51.578075,23.923144,2026-08-04 03:15:02.676043264,11,6236,163,361
31.862717,-111.265559,2026-08-04 03:15:06.531347968,11,13608,189,39
51.245113,10.140703,2026-08-04 03:15:13.168336640,11,14078,65,102
51.226011,10.122774,2026-08-04 03:15:13.168338688,11,6874,83,135
51.894809,9.430784,2026-08-04 03:15:13.622229504,11,7563,135,115
51.487767,23.851545,2026-08-04 03:15:18.702679552,11,6641,188,56
52.752736,25.561025,2026-08-04 03:15:22.187022336,11,14356,224,46
53.87463,10.548143,2026-08-04 03:15:31.400253696,11,4158,95,226
53.862388,10.585138,2026-08-04 03:15:31.400267008,11,14672,132,433
53.831825,10.551787,2026-08-04 03:15:31.400268288,11,4338,248,411
53.874066,10.569124,2026-08-04 03:15:31.400254720,11,8628,122,395
53.854723,10.553952,2026-08-04 03:15:31.400265984,11,6290,225,337
52.725618,40.76737,2026-08-04 03:15:38.508644864,11,9440,249,196
23.462777,-78.353596,2026-08-04 03:15:39.471162880,11,10282,241,105
23.302453,-78.90967,2026-08-04 03:15:43.274855680,11,7898,253,102
54.272349,9.845474,2026-08-04 03:15:45.356913920,11,5956,112,105
54.252376,9.867749,2026-08-04 03:15:45.356918272,11,5975,140,120
54.259273,9.864331,2026-08-04 03:15:45.356921600,11,6972,123,100
54.247165,9.866757,2026-08-04 03:15:45.356925696,11,5136,173,85
54.252078,9.865485,2026-08-04 03:15:45.356927232,11,7605,71,70
53.39526,10.829822,2026-08-04 03:15:47.120961536,11,12952,110,114
53.399063,10.856733,2026-08-04 03:15:47.120964352,11,11486,120,208
51.533882,23.837404,2026-08-04 03:15:50.363709952,11,9036,185,62
51.565199,23.960891,2026-08-04 03:15:50.363684864,11,5447,254,192
51.575848,23.937886,2026-08-04 03:15:50.363696896,11,3522,186,175
51.595408,23.885858,2026-08-04 03:15:58.263338752,11,3257,209,50
51.558905,23.866734,2026-08-04 03:15:58.263352064,11,9081,212,43
54.03313,10.304581,2026-08-04 03:16:00.742928384,11,9694,87,23
48.035098,-94.136838,2026-08-04 03:16:00.959101440,11,10267,139,27
45.795642,-96.477266,2026-08-04 03:15:00.83594496,12,8609,258,31
51.585724,24.010305,2026-08-04 03:15:02.547577600,12,5391,263,234
52.014624,23.037472,2026-08-04 03:15:06.726590720,12,7432,241,51
51.245113,10.140703,2026-08-04 03:15:13.168336640,12,14078,65,102
51.22672,10.115903,2026-08-04 03:15:13.168346112,12,9039,83,136
51.894809,9.430784,2026-08-04 03:15:13.622229504,12,7563,135,115
51.487767,23.851545,2026-08-04 03:15:18.702679552,12,6641,188,56
52.752736,25.561025,2026-08-04 03:15:22.187022336,12,14356,224,46
53.87463,10.548143,2026-08-04 03:15:31.400253696,12,4158,95,227
53.862388,10.585138,2026-08-04 03:15:31.400267008,12,14672,132,434
53.831825,10.551787,2026-08-04 03:15:31.400268288,12,4338,248,412
53.874066,10.569124,2026-08-04 03:15:31.400254720,12,8628,122,396
53.854918,10.55396,2026-08-04 03:15:31.400265984,12,6269,225,338
52.667659,41.395126,2026-08-04 03:15:38.508547840,12,11029,269,132
23.302453,-78.90967,2026-08-04 03:15:43.274855680,12,7898,253,96
54.272349,9.845474,2026-08-04 03:15:45.356913920,12,5956,112,105
54.252376,9.867749,2026-08-04 03:15:45.356918272,12,5975,140,120
54.259273,9.864331,2026-08-04 03:15:45.356921600,12,6972,123,100
54.247165,9.866757,2026-08-04 03:15:45.356925696,12,5136,173,85
54.252078,9.865485,2026-08-04 03:15:45.356927232,12,7605,71,70
53.39526,10.829822,2026-08-04 03:15:47.120961536,12,12952,110,114
53.399063,10.856733,2026-08-04 03:15:47.120964352,12,11486,120,208
51.286161,23.505244,2026-08-04 03:15:50.363818496,12,10675,270,61
51.575763,23.937136,2026-08-04 03:15:50.363692544,12,5742,186,183
51.578843,23.95519,2026-08-04 03:15:50.363691776,12,8956,179,166
51.595408,23.885858,2026-08-04 03:15:58.263338752,12,3257,209,50
51.558905,23.866734,2026-08-04 03:15:58.263352064,12,9081,212,43
54.033126,10.304597,2026-08-04 03:16:00.742928384,12,9705,87,24
48.035098,-94.136838,2026-08-04 03:16:00.959101440,12,10267,139,27
51.730687,24.663669,2026-08-04 04:20:03.902400,1,7458,240,29
51.724568,24.64384,2026-08-04 04:20:03.915712,1,3373,200,102
51.728985,24.68198,2026-08-04 04:20:03.909056,1,4273,234,89
51.722405,24.71591,2026-08-04 04:20:03.908800,1,6317,225,76
51.718649,24.669287,2026-08-04 04:20:03.947712,1,5997,183,41
51.711775,24.681722,2026-08-04 04:20:03.950528,1,4275,185,23
51.908435,24.713903,2026-08-04 04:20:10.636576256,1,8127,152,27
24.447862,-75.689737,2026-08-04 04:20:10.745129728,1,5352,248,21
43.061407,-98.845214,2026-08-04 04:20:11.27965696,1,9250,138,31
51.378066,11.241996,2026-08-04 04:20:18.494041600,1,12661,74,41
51.362412,11.247641,2026-08-04 04:20:18.494038528,1,13676,101,23
51.371576,11.279125,2026-08-04 04:20:18.508957696,1,11524,130,19
51.384027,11.27876,2026-08-04 04:20:18.601377024,1,10103,140,30
51.381666,11.262269,2026-08-04 04:20:18.714586368,1,11179,91,26
51.363761,11.335409,2026-08-04 04:20:18.783444992,1,11723,114,22
51.642245,24.602733,2026-08-04 04:20:18.825570048,1,10547,248,16
51.371868,11.207194,2026-08-04 04:20:18.830521856,1,9171,67,44
51.37127,11.207075,2026-08-04 04:20:18.830531072,1,6469,56,31
51.362647,11.25239,2026-08-04 04:20:18.863070464,1,4483,152,50
51.32981,11.292304,2026-08-04 04:20:18.863071744,1,6840,85,40
51.34792,11.294923,2026-08-04 04:20:18.863069184,1,11522,80,27
51.671231,24.45201,2026-08-04 04:20:18.895440640,1,5781,268,38
51.666522,24.534032,2026-08-04 04:20:18.895431424,1,8336,173,27
36.920243,-103.237398,2026-08-04 04:20:18.978035200,1,8391,195,33
36.898495,-103.235331,2026-08-04 04:20:19.56953088,1,8435,145,21
36.909579,-103.333445,2026-08-04 04:20:19.177833216,1,7480,152,40
42.871014,-99.343271,2026-08-04 04:20:26.483931392,1,11575,168,23
51.990923,24.874891,2026-08-04 04:20:33.950482688,1,12267,207,57
52.01722,24.797881,2026-08-04 04:20:33.950487040,1,6255,235,44
51.957468,24.752406,2026-08-04 04:20:34.69353216,1,13755,215,30
51.911155,24.564153,2026-08-04 04:20:34.69396736,1,11466,211,34
51.927256,24.644312,2026-08-04 04:20:34.69389312,1,13444,171,22
52.513128,24.026054,2026-08-04 04:20:34.432891136,1,4001,233,77
52.49667,24.009003,2026-08-04 04:20:34.432894720,1,7554,153,182
52.499467,24.067062,2026-08-04 04:20:34.432892416,1,4485,254,158
52.497721,24.087353,2026-08-04 04:20:34.432892672,1,6113,219,145
52.49919,24.047822,2026-08-04 04:20:34.432900352,1,11098,202,128
52.487364,24.040935,2026-08-04 04:20:34.432897792,1,9432,218,107
52.489811,24.20563,2026-08-04 04:20:34.432899840,1,11057,181,87
51.948848,24.634954,2026-08-04 04:20:41.680247552,1,4052,224,123
51.946799,24.594394,2026-08-04 04:20:41.680258560,1,6859,172,111
51.944709,24.655252,2026-08-04 04:20:41.680248832,1,13043,202,98
51.935161,24.689836,2026-08-04 04:20:41.680253184,1,7807,222,79
51.943114,24.665777,2026-08-04 04:20:41.680263168,1,11705,209,66
51.951399,24.62506,2026-08-04 04:20:41.680268544,1,9112,134,53
51.946531,24.795525,2026-08-04 04:20:41.680265472,1,12753,180,32
52.549304,24.068535,2026-08-04 04:20:42.101646080,1,4694,270,40
52.52678,24.026614,2026-08-04 04:20:42.101662720,1,7218,180,25
51.924737,24.678459,2026-08-04 04:20:43.989829376,1,8766,182,38
51.843436,24.497008,2026-08-04 04:20:44.400572416,1,3441,216,48
51.858724,24.697878,2026-08-04 04:20:44.400544256,1,6751,177,36
51.874081,24.527707,2026-08-04 04:20:45.139688960,1,14232,176,23
54.100421,10.495124,2026-08-04 04:20:45.218115072,1,4729,95,39
54.094346,10.510089,2026-08-04 04:20:45.218113792,1,7045,154,32
54.09331,10.518564,2026-08-04 04:20:45.218113792,1,12942,119,21
51.901402,24.649277,2026-08-04 04:20:46.67303936,1,11718,248,16
51.908795,24.59122,2026-08-04 04:20:53.484612352,1,7683,189,26
40.716502,-98.657302,2026-08-04 04:20:53.654457600,1,10073,163,20
40.7155,-98.641601,2026-08-04 04:20:53.786281472,1,8437,163,25
-37.747379,153.604349,2026-08-04 04:20:07.196159232,2,12360,143,20
-37.372338,154.073966,2026-08-04 04:20:15.990042368,2,11245,240,33
-37.389141,154.086173,2026-08-04 04:20:16.25598976,2,8822,240,22
29.86247,111.29613,2026-08-04 04:20:19.336624640,2,12100,148,25
-30.791248,155.779958,2026-08-04 04:20:25.690863104,2,13244,144,24
-30.840057,155.975126,2026-08-04 04:20:25.910637312,2,11423,236,29
14.146598,159.260053,2026-08-04 04:20:37.842427392,2,12963,211,26
18.860776,131.75514,2026-08-04 04:20:45.165284352,2,8741,210,26
-37.823655,154.126083,2026-08-04 04:20:48.907040256,2,13110,241,25
-37.817404,154.092611,2026-08-04 04:20:48.911548672,2,10732,241,20
29.654346,123.943132,2026-08-04 04:20:59.918887936,2,8003,205,32
29.577368,124.082949,2026-08-04 04:20:59.918918144,2,13515,143,18
32.111261,-111.795905,2026-08-04 04:20:02.489409024,3,12856,230,24
47.400591,-94.643675,2026-08-04 04:20:02.739206144,3,6804,166,21
32.112065,-111.808588,2026-08-04 04:20:03.66305792,3,10396,221,32
32.110935,-111.810991,2026-08-04 04:20:03.66314240,3,11012,242,20
32.057371,-111.64555,2026-08-04 04:20:03.555808768,3,11788,211,35
24.221212,-101.239182,2026-08-04 04:20:04.90029824,3,5082,257,22
31.577833,-111.856343,2026-08-04 04:20:11.970865664,3,14488,202,40
32.098226,-111.763258,2026-08-04 04:20:12.158336512,3,10979,210,23
36.907526,-103.35588,2026-08-04 04:20:19.744603904,3,14827,101,23
36.982722,-103.224063,2026-08-04 04:20:19.744646656,3,8552,193,28
36.979429,-103.228587,2026-08-04 04:20:19.744648448,3,9990,200,21
36.928701,-103.357243,2026-08-04 04:20:19.819935232,3,12029,101,18
36.910033,-103.300602,2026-08-04 04:20:19.819951872,3,14108,242,23
43.405326,-98.370994,2026-08-04 04:20:20.525980160,3,3663,138,30
47.043945,-93.965993,2026-08-04 04:20:21.218685440,3,12240,130,24
47.065332,-94.085815,2026-08-04 04:20:21.237177088,3,7024,144,46
47.069481,-94.024027,2026-08-04 04:20:21.237190400,3,3823,256,31
32.139735,-111.856717,2026-08-04 04:20:21.967467520,3,12276,221,24
30.154864,-109.591436,2026-08-04 04:20:22.724482816,3,13618,222,28
46.99327,-94.841627,2026-08-04 04:20:23.640365056,3,6950,122,42
46.955697,-94.725885,2026-08-04 04:20:23.674715904,3,4991,152,22
47.00357,-94.844572,2026-08-04 04:20:23.704097024,3,3007,159,38
46.968129,-94.730725,2026-08-04 04:20:23.764793856,3,7839,192,97
46.884708,-94.576949,2026-08-04 04:20:23.764851200,3,5549,163,83
32.065048,-111.952005,2026-08-04 04:20:30.886769664,3,11885,191,24
49.135544,-92.685248,2026-08-04 04:20:31.69715968,3,5148,146,41
31.593818,-111.789884,2026-08-04 04:20:31.86433024,3,10313,215,23
48.844648,-93.051834,2026-08-04 04:20:39.91372288,3,7583,176,19
47.941629,-92.924348,2026-08-04 04:20:39.713661952,3,11283,170,24
46.766098,-94.934143,2026-08-04 04:20:40.187629056,3,8497,155,19
48.450507,-93.383073,2026-08-04 04:20:47.731457280,3,5500,147,22
48.427484,-93.293445,2026-08-04 04:20:47.781315840,3,7563,158,71
48.397247,-93.329588,2026-08-04 04:20:47.781371904,3,4190,156,53
48.359195,-93.294806,2026-08-04 04:20:47.781389824,3,3556,216,40
48.377957,-93.303136,2026-08-04 04:20:47.781387520,3,6375,168,24
30.239826,-57.786582,2026-08-04 04:20:55.268279552,3,10161,227,24
46.69265,-94.795766,2026-08-04 04:20:55.514171392,3,11624,146,20
28.95602,-109.671801,2026-08-04 04:20:55.934807296,3,14873,229,16
47.847958,-93.930463,2026-08-04 04:20:56.82561792,3,6415,139,76
47.886288,-94.00642,2026-08-04 04:20:56.82591744,3,5689,143,62
47.819028,-93.897275,2026-08-04 04:20:56.82629120,3,6215,196,49
47.802629,-93.898247,2026-08-04 04:20:56.82630400,3,4382,231,32
16.132573,-88.379448,2026-08-04 04:20:56.254612992,3,7317,250,14
47.533341,-93.691333,2026-08-04 04:20:19.262760704,4,13471,136,22
51.712864,24.540376,2026-08-04 04:20:29.979148544,4,9388,177,37
51.648197,24.642947,2026-08-04 04:20:29.979145216,4,13152,135,23
51.471609,24.27232,2026-08-04 04:20:32.315109888,4,5831,172,29
51.481363,24.284939,2026-08-04 04:20:32.689903360,4,9383,172,28
52.500072,23.997957,2026-08-04 04:20:34.574497536,4,6265,169,32
25.522209,-52.812142,2026-08-04 04:20:07.773526016,7,4111,242,18
20.281812,-80.262382,2026-08-04 04:20:07.935385344,7,3529,253,23
13.649427,-88.69751,2026-08-04 04:20:15.268560896,7,6287,235,17
25.596529,-55.662477,2026-08-04 04:20:15.409236224,7,3736,228,24
25.752908,-55.917248,2026-08-04 04:20:15.409328896,7,13378,241,30
28.616844,-108.754202,2026-08-04 04:20:23.886007808,7,10096,198,24
20.650771,-80.001278,2026-08-04 04:20:24.780193024,7,6274,258,22
25.574223,-52.728785,2026-08-04 04:20:31.876058624,7,8806,234,22
11.457852,-100.232522,2026-08-04 04:20:39.920897024,7,6582,247,28
22.944997,-78.063806,2026-08-04 04:20:40.389401344,7,4358,248,24
22.652033,-78.013894,2026-08-04 04:20:40.389337856,7,5026,172,23
28.146565,125.067882,2026-08-04 04:20:00.56823296,9,5442,268,25
29.55329,124.071692,2026-08-04 04:20:01.623407616,9,10613,216,25
29.541255,124.125671,2026-08-04 04:20:01.623421184,9,9635,134,15
23.966272,144.666806,2026-08-04 04:20:13.591752448,9,1804,251,18
47.53644,-93.707805,2026-08-04 04:20:19.262757120,9,7960,137,15
43.245521,-98.17955,2026-08-04 04:20:27.908092672,9,14418,136,13
29.521233,123.868521,2026-08-04 04:20:36.214024192,9,7722,267,22
29.606727,124.064592,2026-08-04 04:20:36.294777344,9,7845,198,20
28.746113,123.315162,2026-08-04 04:20:38.590127872,9,13440,192,23
50.29581,-90.654394,2026-08-04 04:20:51.708316416,9,6042,196,14
53.314209,125.810645,2026-08-04 04:20:57.389832448,9,12069,215,10
30.182578,-109.807706,2026-08-04 04:20:00.621409792,13,13699,165,25
58.770281,-118.53554,2026-08-04 04:20:01.432909056,13,13276,255,35
26.02229,-74.388558,2026-08-04 04:20:01.788131840,13,10986,265,80
31.682381,-111.680893,2026-08-04 04:20:02.16483072,13,12662,214,33
32.068043,-111.632628,2026-08-04 04:20:03.555807744,13,14523,211,31
36.816968,-103.382717,2026-08-04 04:20:04.381774336,13,8935,157,31
36.923446,-103.319614,2026-08-04 04:20:04.381821184,13,9903,135,42
25.981687,-54.332847,2026-08-04 04:20:04.446180096,13,7952,266,43
31.652389,-111.861388,2026-08-04 04:20:04.671236864,13,9015,201,31
32.12118,-111.732088,2026-08-04 04:20:05.577717504,13,13079,242,40
47.69248,-94.228524,2026-08-04 04:20:08.779754752,13,12537,128,56
47.658733,-94.058106,2026-08-04 04:20:08.779787008,13,13418,132,21
13.931551,-88.871671,2026-08-04 04:20:09.430519808,13,7281,267,22
32.017293,-111.848708,2026-08-04 04:20:09.701413376,13,4996,191,53
32.045022,-111.840862,2026-08-04 04:20:09.701415168,13,4030,170,40
46.573142,-94.719766,2026-08-04 04:20:09.794027264,13,9080,144,18
43.517087,-98.200319,2026-08-04 04:20:10.128141056,13,12062,86,119
43.497042,-98.209888,2026-08-04 04:20:10.128155136,13,12112,124,115
43.072739,-98.856459,2026-08-04 04:20:11.27903232,13,14683,90,78
31.665526,-111.728853,2026-08-04 04:20:11.970923264,13,14519,215,45
32.090019,-111.785081,2026-08-04 04:20:12.158333440,13,8403,210,23
23.738114,-75.611154,2026-08-04 04:20:12.691298816,13,14153,259,88
43.486643,-98.043242,2026-08-04 04:20:13.802046464,13,7383,170,22
31.988054,-111.853073,2026-08-04 04:20:16.457931264,13,6058,192,70
32.006974,-111.83902,2026-08-04 04:20:16.457937152,13,5810,181,58
49.097461,-92.624941,2026-08-04 04:20:17.84420096,13,9860,245,26
23.202419,-78.331978,2026-08-04 04:20:18.52841728,13,10109,246,52
22.469963,-78.240137,2026-08-04 04:20:18.599757056,13,6979,250,48
36.924017,-103.228153,2026-08-04 04:20:18.977974784,13,13991,99,90
36.904603,-103.32161,2026-08-04 04:20:18.978014976,13,5367,266,66
36.907207,-103.264528,2026-08-04 04:20:19.177799680,13,6170,176,85
36.925132,-103.222336,2026-08-04 04:20:19.177809920,13,14930,124,92
36.9528,-103.223064,2026-08-04 04:20:19.177871104,13,5971,198,34
36.928951,-103.276028,2026-08-04 04:20:19.653404160,13,2776,212,42
36.918881,-103.283192,2026-08-04 04:20:19.819962368,13,9897,212,27
43.400594,-98.378616,2026-08-04 04:20:20.525977344,13,5533,138,30
47.032595,-93.964363,2026-08-04 04:20:21.218682880,13,7158,163,25
47.076362,-94.075937,2026-08-04 04:20:21.237174528,13,8332,131,46
47.040912,-93.985382,2026-08-04 04:20:21.237197824,13,7293,144,29
32.13973,-111.856713,2026-08-04 04:20:21.967467520,13,12277,221,25
30.154889,-109.591404,2026-08-04 04:20:22.724482816,13,13618,222,29
46.993394,-94.857378,2026-08-04 04:20:23.640368896,13,8062,122,43
46.953175,-94.733046,2026-08-04 04:20:23.674716928,13,6670,152,24
46.995446,-94.844595,2026-08-04 04:20:23.704097024,13,3333,141,29
46.978735,-94.72564,2026-08-04 04:20:23.764791552,13,8217,165,98
46.876579,-94.583559,2026-08-04 04:20:23.764856576,13,7294,163,83
28.651643,-108.730674,2026-08-04 04:20:23.886017024,13,7506,221,92
31.99994,-111.889682,2026-08-04 04:20:23.920048384,13,12448,203,24
32.061268,-111.772836,2026-08-04 04:20:25.526101504,13,10945,222,32
42.819113,-99.310949,2026-08-04 04:20:26.483920896,13,8367,166,31
43.493839,-98.220799,2026-08-04 04:20:27.908028416,13,3169,155,132
43.467946,-98.20702,2026-08-04 04:20:27.908043264,13,4459,212,120
35.044226,-75.54874,2026-08-04 04:20:28.179418112,13,5839,183,73
35.017874,-75.564324,2026-08-04 04:20:28.179409152,13,9713,101,93
35.026514,-75.480055,2026-08-04 04:20:28.179410432,13,6008,245,76
35.06695,-75.615544,2026-08-04 04:20:28.490300928,13,5826,233,86
48.035589,-93.113234,2026-08-04 04:20:29.346351360,13,4970,147,44
47.891553,-92.918484,2026-08-04 04:20:29.346424064,13,4506,224,29
46.703975,-94.911095,2026-08-04 04:20:29.844824832,13,10486,156,26
39.437054,-100.544351,2026-08-04 04:20:32.393742336,13,9914,181,62
39.38158,-100.740009,2026-08-04 04:20:32.393746432,13,11227,171,48
22.952735,-78.263445,2026-08-04 04:20:32.792325376,13,9716,248,89
43.019141,-98.986386,2026-08-04 04:20:34.527942144,13,11669,143,29
46.905875,-94.796233,2026-08-04 04:20:36.213513472,13,10660,119,32
46.930321,-94.895108,2026-08-04 04:20:36.293718528,13,8463,155,24
48.494337,-93.036049,2026-08-04 04:20:36.714503168,13,8379,170,19
49.496553,-91.975346,2026-08-04 04:20:37.199844608,13,14191,241,40
49.478225,-92.06066,2026-08-04 04:20:37.199835392,13,6014,152,27
39.182446,-100.895262,2026-08-04 04:20:37.270685184,13,7780,184,23
31.680244,-111.731462,2026-08-04 04:20:37.779726336,13,9711,215,22
32.025653,-111.846375,2026-08-04 04:20:37.965012736,13,7568,191,32
42.790682,-99.359469,2026-08-04 04:20:38.585984,13,7109,156,20
32.014768,-111.851044,2026-08-04 04:20:38.96924416,13,8709,191,31
32.102002,-111.748582,2026-08-04 04:20:38.96963840,13,10850,233,28
48.857962,-93.044075,2026-08-04 04:20:39.91372032,13,10709,137,19
47.960397,-92.977471,2026-08-04 04:20:39.713647104,13,12885,140,22
46.676071,-94.844461,2026-08-04 04:20:40.187661568,13,8806,157,19
23.061256,-78.037812,2026-08-04 04:20:40.389437440,13,10347,262,97
46.705583,-95.057675,2026-08-04 04:20:40.647374848,13,12105,266,45
32.129396,-111.841895,2026-08-04 04:20:40.802283264,13,11492,211,44
48.457342,-92.917247,2026-08-04 04:20:41.863470592,13,8584,138,88
40.927745,-99.041929,2026-08-04 04:20:43.35160576,13,9816,165,51
43.4274,-98.337649,2026-08-04 04:20:43.769001984,13,7952,138,22
29.006471,-109.725755,2026-08-04 04:20:43.978863616,13,7262,266,38
20.763378,-79.989958,2026-08-04 04:20:46.90620672,13,3696,258,68
20.938043,-80.112063,2026-08-04 04:20:46.217714944,13,6085,257,72
48.445308,-93.281562,2026-08-04 04:20:47.781318912,13,9755,159,69
46.93357,-94.846475,2026-08-04 04:20:49.561495808,13,11248,133,31
19.196967,-79.451414,2026-08-04 04:20:50.212228608,13,6853,266,80
43.497847,-98.178377,2026-08-04 04:20:50.416563968,13,9542,96,65
43.493659,-98.192585,2026-08-04 04:20:50.416577536,13,4360,212,84
30.986338,-112.158207,2026-08-04 04:20:51.478385664,13,7283,238,42
50.240593,-90.670902,2026-08-04 04:20:51.708270080,13,5962,229,87
40.252879,-99.603927,2026-08-04 04:20:51.917080064,13,11228,164,31
31.943035,-111.842071,2026-08-04 04:20:52.148179712,13,9036,193,25
29.179715,-110.657643,2026-08-04 04:20:52.192501760,13,11315,232,43
42.825063,-99.478287,2026-08-04 04:20:52.675565056,13,6422,212,15
46.602713,-94.737152,2026-08-04 04:20:52.749005824,13,4080,155,42
44.237447,-97.385075,2026-08-04 04:20:53.302611200,13,11023,98,19
31.596351,-111.887106,2026-08-04 04:20:53.512557056,13,8810,226,43
40.759345,-98.449483,2026-08-04 04:20:53.654439424,13,6463,161,50
40.727547,-98.632054,2026-08-04 04:20:53.654452736,13,4361,147,30
40.718093,-98.695801,2026-08-04 04:20:53.786264320,13,8676,245,31
31.528902,-111.96986,2026-08-04 04:20:53.881658112,13,5948,205,25
49.629983,-93.554729,2026-08-04 04:20:54.435252736,13,5313,263,29
49.683092,-93.700821,2026-08-04 04:20:54.444171776,13,11014,152,32
28.969712,-109.659494,2026-08-04 04:20:55.934807552,13,10255,229,16
47.850203,-93.932059,2026-08-04 04:20:56.82560768,13,6414,139,75
47.886512,-94.007008,2026-08-04 04:20:56.82591488,13,5688,143,62
40.325584,-99.140459,2026-08-04 04:20:56.769590016,13,8786,151,25
21.854623,-79.887328,2026-08-04 04:20:57.69573632,13,12780,253,101
31.984847,-111.736481,2026-08-04 04:20:57.997305088,13,14947,212,21
37.894745,-102.336713,2026-08-04 04:20:58.281603584,13,12417,91,53
37.894881,-102.246185,2026-08-04 04:20:58.281635584,13,9602,113,35
37.891391,-102.251073,2026-08-04 04:20:58.820573696,13,4332,200,34
37.886721,-102.333019,2026-08-04 04:20:58.948390400,13,7999,142,20
40.860843,-99.12419,2026-08-04 04:21:00.502658560,13,3526,249,70
40.947141,-99.007266,2026-08-04 04:21:00.502704640,13,3924,224,67
40.890901,-98.868241,2026-08-04 04:21:00.867868928,13,7003,159,69
40.851591,-98.983189,2026-08-04 04:21:00.867896832,13,8796,105,26
40.859163,-99.032569,2026-08-04 04:21:01.32038144,13,8243,165,18
40.878575,-99.006944,2026-08-04 04:21:01.361357568,13,11652,113,17
32.083347,-111.799807,2026-08-04 04:21:02.646263296,13,14277,171,70
31.904202,-111.798787,2026-08-04 04:21:03.674307328,13,10229,194,28
32.029261,-111.71111,2026-08-04 04:21:04.902657280,13,12630,212,43
43.35395,-98.302726,2026-08-04 04:21:05.101345536,13,11045,207,39
23.613612,-78.257496,2026-08-04 04:21:05.470448128,13,5260,259,64
32.009836,-111.90661,2026-08-04 04:21:05.828897792,13,7109,203,29
31.839713,-111.842736,2026-08-04 04:21:07.447193856,13,6327,246,20
46.490979,-94.625352,2026-08-04 04:21:08.286644224,13,5182,236,24
32.077301,-111.954799,2026-08-04 04:21:09.724060672,13,12609,190,30
31.972239,-111.864893,2026-08-04 04:21:09.777291776,13,6716,192,37
31.97389,-111.860421,2026-08-04 04:21:09.879034880,13,5665,203,38
47.993356,-93.56665,2026-08-04 04:21:10.702525440,13,4456,254,78
29.191779,-110.655045,2026-08-04 04:21:11.5472000,13,5100,231,38
24.106843,-100.727882,2026-08-04 04:21:11.237132288,13,3853,268,27
51.734276,24.666848,2026-08-04 04:20:03.904960,11,2467,240,87
51.876865,24.569036,2026-08-04 04:20:06.193292544,11,5135,234,85
51.900428,24.560639,2026-08-04 04:20:06.193298176,11,5492,253,75
51.904659,24.664581,2026-08-04 04:20:06.193281280,11,4588,244,62
51.901351,24.647952,2026-08-04 04:20:06.193284096,11,11570,177,48
47.713797,-94.217866,2026-08-04 04:20:08.779759360,11,4223,149,24
54.110921,10.236265,2026-08-04 04:20:08.990192896,11,14147,112,132
54.10965,10.268423,2026-08-04 04:20:08.990194432,11,8160,126,148
52.67717,40.794655,2026-08-04 04:20:11.402092288,11,12372,262,69
51.476205,24.284246,2026-08-04 04:20:13.410180096,11,3787,200,71
51.444347,24.258943,2026-08-04 04:20:13.410190592,11,5305,225,78
51.473601,24.357672,2026-08-04 04:20:13.410177536,11,10448,195,69
51.851238,24.628856,2026-08-04 04:20:13.668425984,11,7021,204,40
52.47447,23.982717,2026-08-04 04:20:16.110983680,11,9142,226,153
51.372162,11.252125,2026-08-04 04:20:18.494035712,11,8485,73,32
51.36777,11.208462,2026-08-04 04:20:18.830523136,11,7361,67,41
36.945836,-103.228288,2026-08-04 04:20:19.177868032,11,5930,179,34
47.504865,-93.755816,2026-08-04 04:20:19.262691328,11,5824,134,51
45.237474,38.938712,2026-08-04 04:20:27.134852608,11,5365,256,68
35.009516,-75.513426,2026-08-04 04:20:28.179409152,11,6818,176,226
45.654685,39.023896,2026-08-04 04:20:28.948659456,11,9728,253,64
51.852312,24.650683,2026-08-04 04:20:29.543000064,11,3541,219,57
51.861095,24.670143,2026-08-04 04:20:29.542998016,11,6960,218,60
51.869968,24.686655,2026-08-04 04:20:29.543000576,11,11575,177,47
51.727424,24.722305,2026-08-04 04:20:29.979104256,11,10297,250,342
51.640887,24.59453,2026-08-04 04:20:30.64197120,11,8939,248,59
51.482972,24.303747,2026-08-04 04:20:32.525235968,11,6842,166,132
51.478678,24.283993,2026-08-04 04:20:32.689902848,11,8908,167,224
51.472604,24.281532,2026-08-04 04:20:32.986724352,11,12497,165,98
52.485827,23.949356,2026-08-04 04:20:34.574506752,11,2140,263,261
52.489509,24.007842,2026-08-04 04:20:34.574493696,11,6432,153,277
52.196975,24.089504,2026-08-04 04:20:38.432057856,11,9000,210,244
52.189722,24.053581,2026-08-04 04:20:38.692933120,11,8102,193,130
51.948748,24.634588,2026-08-04 04:20:41.680247552,11,4063,224,100
51.946707,24.617252,2026-08-04 04:20:41.680253696,11,11114,160,111
51.944861,24.65568,2026-08-04 04:20:41.680258560,11,13043,202,93
52.52412,24.076362,2026-08-04 04:20:42.101645568,11,10721,256,37
52.513828,23.977248,2026-08-04 04:20:42.101667072,11,9618,146,21
52.21026,24.03975,2026-08-04 04:20:46.864364544,11,9273,165,115
52.217387,24.074375,2026-08-04 04:20:46.864366336,11,7768,200,186
52.217317,24.104219,2026-08-04 04:20:46.864359680,11,7158,219,158
18.753931,-79.381642,2026-08-04 04:20:50.212106240,11,6646,257,142
53.659559,11.182536,2026-08-04 04:20:51.298198528,11,11887,59,60
52.248515,23.975675,2026-08-04 04:20:52.648466176,11,8667,204,52
52.252095,23.943081,2026-08-04 04:20:52.648469504,11,8594,203,107
52.267692,24.091212,2026-08-04 04:20:52.648451328,11,10612,215,93
52.249005,24.257901,2026-08-04 04:20:52.648437504,11,14467,173,79
52.539066,24.092446,2026-08-04 04:20:56.169841152,11,9202,267,175
52.592034,24.086629,2026-08-04 04:20:56.169842432,11,5952,263,121
51.649308,24.599495,2026-08-04 04:20:57.299994624,11,9140,229,75
50.754173,10.61902,2026-08-04 04:21:04.123491584,11,6332,98,44
50.753088,10.651579,2026-08-04 04:21:04.123494400,11,14954,93,105
50.774146,10.602612,2026-08-04 04:21:04.123501824,11,6766,187,89
50.740487,10.622461,2026-08-04 04:21:04.123513088,11,6362,165,75
50.759213,10.644157,2026-08-04 04:21:04.123510528,11,4577,158,61
50.7658,10.622222,2026-08-04 04:21:04.123512064,11,10582,88,44
51.844852,24.668582,2026-08-04 04:21:04.232192512,11,7390,203,23
51.667401,24.695848,2026-08-04 04:21:05.158767360,11,3317,266,160
51.638964,24.574366,2026-08-04 04:21:05.158791680,11,8054,157,209
51.639397,24.576007,2026-08-04 04:21:05.158794752,11,9947,232,192
51.652698,24.609849,2026-08-04 04:21:05.158791680,11,4547,259,170
51.646109,24.627601,2026-08-04 04:21:05.158790656,11,3101,192,149
52.096486,23.925417,2026-08-04 04:21:06.794478336,11,11706,196,32
52.099006,24.023477,2026-08-04 04:21:06.794462976,11,7195,221,57
51.927557,24.415915,2026-08-04 04:21:07.384652288,11,7549,232,53
51.735401,24.651297,2026-08-04 04:20:03.905728,12,6213,221,78
51.876865,24.569036,2026-08-04 04:20:06.193292544,12,5135,234,84
51.900428,24.560639,2026-08-04 04:20:06.193298176,12,5492,253,74
51.904659,24.664581,2026-08-04 04:20:06.193281280,12,4588,244,61
51.901351,24.647952,2026-08-04 04:20:06.193284096,12,11570,177,47
47.713797,-94.217866,2026-08-04 04:20:08.779759360,12,4223,149,24
54.110921,10.236265,2026-08-04 04:20:08.990192896,12,14147,112,132
54.10965,10.268423,2026-08-04 04:20:08.990194432,12,8160,126,146
52.67717,40.794655,2026-08-04 04:20:11.402092288,12,12372,262,69
51.476205,24.284246,2026-08-04 04:20:13.410180096,12,3787,200,70
51.444347,24.258943,2026-08-04 04:20:13.410190592,12,5305,225,77
51.473601,24.357672,2026-08-04 04:20:13.410177536,12,10448,195,68
51.493951,24.274988,2026-08-04 04:20:13.410194176,12,11391,257,59
52.47447,23.982717,2026-08-04 04:20:16.110983680,12,9142,226,152
51.372162,11.252125,2026-08-04 04:20:18.494035712,12,8485,73,31
47.519515,-93.743886,2026-08-04 04:20:19.262686976,12,6978,134,53
45.237474,38.938712,2026-08-04 04:20:27.134852608,12,5365,256,67
35.009516,-75.513426,2026-08-04 04:20:28.179409152,12,6818,176,224
45.654685,39.023896,2026-08-04 04:20:28.948659456,12,9728,253,63
51.855654,24.615118,2026-08-04 04:20:29.543003392,12,11122,212,47
51.869994,24.686627,2026-08-04 04:20:29.543000576,12,11575,177,48
51.727424,24.722305,2026-08-04 04:20:29.979104256,12,10297,250,341
51.511512,24.480268,2026-08-04 04:20:30.64237824,12,12308,252,36
51.478264,24.291549,2026-08-04 04:20:32.525235968,12,5643,200,126
52.488472,24.030456,2026-08-04 04:20:34.574499328,12,3259,193,75
52.492043,24.018566,2026-08-04 04:20:34.574496000,12,9289,144,234
52.501494,24.00825,2026-08-04 04:20:34.574501632,12,9005,212,214
52.49556,24.033815,2026-08-04 04:20:34.574498816,12,8563,171,111
52.176575,23.995935,2026-08-04 04:20:38.432079360,12,4504,261,279
52.180387,24.078136,2026-08-04 04:20:38.432068608,12,12601,178,106
51.948748,24.634588,2026-08-04 04:20:41.680247552,12,4063,224,99
51.946707,24.617252,2026-08-04 04:20:41.680253696,12,11114,160,109
51.944861,24.65568,2026-08-04 04:20:41.680258560,12,13043,202,91
52.52412,24.076362,2026-08-04 04:20:42.101645568,12,10721,256,36
52.520474,23.977537,2026-08-04 04:20:42.101665280,12,14250,146,20
52.219149,23.912168,2026-08-04 04:20:46.864393728,12,7602,180,109
52.217374,24.07437,2026-08-04 04:20:46.864365056,12,7767,200,186
52.223656,24.044172,2026-08-04 04:20:46.864369664,12,4559,218,168
52.221339,24.074629,2026-08-04 04:20:46.864369920,12,6306,203,150
52.198209,24.066733,2026-08-04 04:20:46.864405504,12,11549,198,38
18.814905,-79.431501,2026-08-04 04:20:50.212126208,12,4609,256,143
53.659559,11.182536,2026-08-04 04:20:51.298198528,12,11887,59,60
52.248515,23.975675,2026-08-04 04:20:52.648466176,12,8667,204,53
52.252095,23.943081,2026-08-04 04:20:52.648469504,12,8594,203,105
52.265608,24.1041,2026-08-04 04:20:52.648450560,12,10978,200,91
52.240352,24.261311,2026-08-04 04:20:52.648434176,12,14743,173,77
52.539066,24.092446,2026-08-04 04:20:56.169841152,12,9202,267,177
51.648756,24.601516,2026-08-04 04:20:57.299991552,12,4215,211,104
50.739052,10.657273,2026-08-04 04:21:04.123499520,12,11410,138,99
50.791282,10.620727,2026-08-04 04:21:04.123498240,12,10149,155,75
50.753218,10.622891,2026-08-04 04:21:04.123508480,12,13064,127,40
51.667401,24.695848,2026-08-04 04:21:05.158767360,12,3317,266,160
51.638964,24.574366,2026-08-04 04:21:05.158791680,12,8054,157,210
52.096486,23.925417,2026-08-04 04:21:06.794478336,12,11706,196,32
52.099006,24.023477,2026-08-04 04:21:06.794462976,12,7188,221,56
51.927557,24.415915,2026-08-04 04:21:07.384652288,12,7549,232,55
38.080082,-102.054564,2026-08-04 06:05:07.171955456,1,7555,191,25
48.09059,-91.724002,2026-08-04 06:05:07.232048640,1,13965,142,17
51.922042,25.697197,2026-08-04 06:05:15.605235200,1,14461,177,24
51.92216,25.735671,2026-08-04 06:05:16.468480,1,13220,192,18
51.930002,25.715131,2026-08-04 06:05:16.28581120,1,14510,161,22
42.507157,-99.996087,2026-08-04 06:05:17.406560256,1,7978,155,24
42.488358,-100.17494,2026-08-04 06:05:17.629553920,1,13614,140,26
53.786114,11.363807,2026-08-04 06:05:20.338723840,1,5743,77,23
48.969591,-91.133684,2026-08-04 06:05:28.88950784,1,9671,152,16
43.417148,-96.675999,2026-08-04 06:05:30.506258944,1,5498,183,43
53.627629,11.50009,2026-08-04 06:05:30.649823488,1,4601,62,182
53.625971,11.507909,2026-08-04 06:05:30.649821952,1,3727,166,167
53.629331,11.493481,2026-08-04 06:05:30.649825280,1,9537,77,150
53.627863,11.500799,2026-08-04 06:05:30.649823232,1,10491,109,129
53.624274,11.516074,2026-08-04 06:05:30.649828352,1,7518,93,101
53.625889,11.510567,2026-08-04 06:05:30.649830656,1,7390,110,80
53.623676,11.519379,2026-08-04 06:05:30.649831680,1,5082,124,63
53.61996,11.504747,2026-08-04 06:05:30.649836032,1,6325,83,46
42.718336,-98.085322,2026-08-04 06:05:37.658418176,1,7558,147,28
47.562713,-92.049646,2026-08-04 06:05:37.975561728,1,10810,146,36
26.00543,-74.431985,2026-08-04 06:05:46.494631936,1,8473,269,36
26.490341,-74.489578,2026-08-04 06:05:46.494858752,1,12045,261,23
42.51376,-99.947994,2026-08-04 06:05:54.3765760,1,12328,140,21
47.984526,-91.927833,2026-08-04 06:05:54.59482880,1,9225,141,27
47.960093,-91.860298,2026-08-04 06:05:54.59493632,1,10327,235,16
48.378529,-91.846052,2026-08-04 06:05:54.879516672,1,9869,147,40
43.358541,-96.557154,2026-08-04 06:06:01.955494912,1,14808,194,39
43.497041,-96.685577,2026-08-04 06:06:01.955488000,1,14683,128,27
53.561299,11.513049,2026-08-04 06:06:02.97871360,1,6251,129,28
27.998618,-109.080158,2026-08-04 06:06:02.397204480,1,9614,254,29
43.412602,-97.33897,2026-08-04 06:06:03.76770560,1,12079,126,40
43.465691,-97.327175,2026-08-04 06:06:03.76775424,1,13894,126,28
51.516585,11.733337,2026-08-04 06:06:03.506021632,1,13899,52,118
51.513258,11.738368,2026-08-04 06:06:03.506036224,1,8845,93,109
51.51986,11.761651,2026-08-04 06:06:03.506035200,1,7069,156,132
51.529872,11.730033,2026-08-04 06:06:03.508113152,1,6139,63,150
51.520355,11.736307,2026-08-04 06:06:03.508113408,1,6238,142,148
51.523814,11.73426,2026-08-04 06:06:03.508117504,1,4495,97,139
51.521766,11.735221,2026-08-04 06:06:03.508113664,1,4954,55,134
51.51875,11.73374,2026-08-04 06:06:03.508117248,1,5562,119,122
51.523417,11.737464,2026-08-04 06:06:03.508120832,1,7903,87,107
51.507268,11.747501,2026-08-04 06:06:03.508119808,1,7216,80,93
51.554887,11.738209,2026-08-04 06:06:03.508119296,1,12006,96,77
51.525645,11.741637,2026-08-04 06:06:03.508139776,1,12999,153,66
51.555823,11.717551,2026-08-04 06:06:03.508125952,1,11605,87,57
51.558396,11.7299,2026-08-04 06:06:03.508139520,1,13309,97,46
51.52641,11.782894,2026-08-04 06:06:03.508147968,1,12673,121,37
51.501967,11.724055,2026-08-04 06:06:03.517759744,1,7421,86,33
51.521182,11.708988,2026-08-04 06:06:03.517760000,1,8598,92,23
51.577666,11.620015,2026-08-04 06:06:03.948715520,1,7048,43,16
31.039768,-79.316431,2026-08-04 06:06:04.716144128,1,10136,157,24
49.659936,-90.530691,2026-08-04 06:06:12.580238848,1,8930,255,15
48.348693,-91.982019,2026-08-04 06:06:13.321528064,1,6137,145,40
48.37256,-92.019814,2026-08-04 06:06:13.321560832,1,8275,155,28
47.144687,-92.284103,2026-08-04 06:06:21.819025664,1,12398,133,42
47.098242,-92.250897,2026-08-04 06:06:21.819087872,1,14860,134,26
40.045698,-98.215085,2026-08-04 06:06:29.553123072,1,8742,132,25
38.957175,-100.472384,2026-08-04 06:06:30.173780736,1,11448,105,18
51.417409,11.973052,2026-08-04 06:06:30.601200896,1,12057,113,16
47.228217,-92.179873,2026-08-04 06:06:31.144756224,1,6741,134,38
47.224969,-92.191854,2026-08-04 06:06:31.174138368,1,7713,133,46
27.954654,-109.255053,2026-08-04 06:06:47.311261952,1,9703,255,22
47.899036,-92.093736,2026-08-04 06:06:47.806279680,1,7857,139,34
42.54218,-99.843716,2026-08-04 06:06:47.956728832,1,11601,90,15
47.259119,-92.708975,2026-08-04 06:06:48.221850112,1,9510,152,16
18.940206,-80.667564,2026-08-04 06:06:49.353189632,1,6609,254,35
29.593715,123.092765,2026-08-04 06:05:00.753022208,2,11458,212,39
29.716109,123.000215,2026-08-04 06:05:00.753015296,2,6002,214,27
33.009176,130.630896,2026-08-04 06:05:02.987830016,2,11135,247,25
33.013437,130.680817,2026-08-04 06:05:03.127996672,2,10566,246,19
-38.452226,154.622994,2026-08-04 06:05:05.914221568,2,6795,248,26
29.453073,122.908357,2026-08-04 06:05:08.33139712,2,5443,259,21
29.333491,123.003888,2026-08-04 06:05:10.110592,2,5839,205,24
29.226257,123.673669,2026-08-04 06:05:10.121053184,2,8927,200,22
29.333659,123.001908,2026-08-04 06:05:10.340739840,2,5120,205,23
32.921482,130.485724,2026-08-04 06:05:15.405844736,2,7942,175,20
29.453906,122.829237,2026-08-04 06:05:17.125321984,2,5158,207,24
29.393121,122.808516,2026-08-04 06:05:17.218343168,2,5792,207,24
29.197727,123.88596,2026-08-04 06:05:23.780344832,2,13987,190,25
29.300479,123.911044,2026-08-04 06:05:23.875163648,2,10691,140,21
-36.870837,158.12431,2026-08-04 06:05:27.904345088,2,14682,179,23
29.548478,122.962846,2026-08-04 06:05:28.488436480,2,5568,206,25
29.653411,123.026226,2026-08-04 06:05:28.713775616,2,4613,262,22
32.871985,130.40741,2026-08-04 06:05:30.188820992,2,14298,183,37
32.957598,130.586169,2026-08-04 06:05:30.188886784,2,7640,246,22
32.864235,130.368136,2026-08-04 06:05:30.238268928,2,9438,246,32
32.866058,130.426068,2026-08-04 06:05:30.385015808,2,9860,182,36
32.906406,130.489379,2026-08-04 06:05:30.385045504,2,4694,175,22
32.891534,130.460764,2026-08-04 06:05:30.431649792,2,12847,181,33
-38.402686,154.366556,2026-08-04 06:05:33.989686528,2,9985,145,16
27.947563,110.830629,2026-08-04 06:05:38.527779328,2,13254,199,24
-38.046593,155.179898,2026-08-04 06:05:48.551708416,2,12980,135,17
32.867256,130.412998,2026-08-04 06:05:49.817398784,2,13283,183,34
29.257096,123.877624,2026-08-04 06:05:59.130617344,2,7379,201,29
32.922634,130.381064,2026-08-04 06:06:03.692122368,2,10706,186,30
32.932915,130.474257,2026-08-04 06:06:03.765898752,2,8848,177,26
32.91097,130.392738,2026-08-04 06:06:03.850365184,2,7945,185,32
29.323559,123.047059,2026-08-04 06:06:06.912186880,2,8810,133,20
29.069057,124.245386,2026-08-04 06:06:08.238776576,2,9120,194,31
-36.132976,157.751323,2026-08-04 06:06:18.300219648,2,7485,141,23
29.480516,122.906756,2026-08-04 06:06:22.555952640,2,4563,263,19
29.491158,122.945581,2026-08-04 06:06:22.796944640,2,14572,263,24
-38.278747,156.443492,2026-08-04 06:06:29.995974656,2,6980,262,49
-38.262539,156.379014,2026-08-04 06:06:30.23301376,2,7157,261,25
-38.281963,156.241818,2026-08-04 06:06:30.23342336,2,14734,166,19
22.98137,139.075174,2026-08-04 06:06:32.583437056,2,6377,233,27
29.461153,122.838365,2026-08-04 06:06:36.285024256,2,7147,220,29
28.999352,124.302964,2026-08-04 06:06:41.73351168,2,10763,196,38
29.160927,124.271366,2026-08-04 06:06:41.73375744,2,13432,265,23
29.655678,123.072022,2026-08-04 06:06:43.203013120,2,7462,262,20
16.292392,153.233255,2026-08-04 06:06:43.943697152,2,12416,201,16
32.87536,130.423929,2026-08-04 06:06:46.765873664,2,7155,183,40
32.855534,130.424675,2026-08-04 06:06:46.765873920,2,5264,196,26
32.859595,130.425012,2026-08-04 06:06:46.969507072,2,9384,182,28
-39.059752,156.676481,2026-08-04 06:06:53.728951808,2,6046,156,37
-39.014778,156.571524,2026-08-04 06:06:53.743872512,2,11578,183,20
-38.48411,154.563681,2026-08-04 06:06:58.459796736,2,6069,248,25
-38.130942,154.109587,2026-08-04 06:06:59.67358208,2,10402,242,23
27.968532,-109.08355,2026-08-04 06:05:06.536555520,3,11662,238,41
28.046836,-109.068451,2026-08-04 06:05:06.536586240,3,8332,255,31
38.057026,-102.174699,2026-08-04 06:05:07.171919360,3,8812,107,62
38.054865,-102.082997,2026-08-04 06:05:07.171939840,3,6694,203,49
48.09594,-91.730795,2026-08-04 06:05:07.232046080,3,13939,142,35
48.119188,-91.733858,2026-08-04 06:05:07.232038144,3,7026,137,20
25.744745,-53.935993,2026-08-04 06:05:15.155173632,3,9448,230,52
42.579088,-100.136911,2026-08-04 06:05:17.167347456,3,11073,123,40
42.52013,-100.019213,2026-08-04 06:05:17.167384320,3,10358,88,27
42.518678,-100.021067,2026-08-04 06:05:17.298729728,3,10880,145,26
42.558781,-100.134513,2026-08-04 06:05:17.406527232,3,14896,123,51
42.513994,-100.024261,2026-08-04 06:05:17.406543104,3,6578,145,38
42.612575,-100.266757,2026-08-04 06:05:17.629502464,3,13385,109,60
42.881867,-99.302906,2026-08-04 06:05:20.66936320,3,4979,162,27
42.875103,-99.299606,2026-08-04 06:05:20.83783936,3,5657,188,42
37.995617,-102.251973,2026-08-04 06:05:27.955333120,3,4956,98,33
38.067866,-102.133725,2026-08-04 06:05:27.955369728,3,8540,201,22
48.959552,-91.154902,2026-08-04 06:05:28.88955392,3,5762,149,21
42.825739,-98.269638,2026-08-04 06:05:37.658357504,3,12501,180,68
42.770129,-98.153914,2026-08-04 06:05:37.658402304,3,7789,134,56
42.769042,-98.140744,2026-08-04 06:05:37.658406656,3,11637,109,37
47.556096,-92.027983,2026-08-04 06:05:37.975555840,3,7520,136,23
47.540997,-92.026682,2026-08-04 06:05:37.975564288,3,2431,139,23
43.401473,-96.949894,2026-08-04 06:05:38.234164736,3,7700,230,37
43.425331,-97.005234,2026-08-04 06:05:38.234151680,3,2543,131,25
48.880655,-91.261821,2026-08-04 06:05:38.329554176,3,10249,145,20
26.110139,-74.457419,2026-08-04 06:05:46.494675968,3,4660,261,89
26.00943,-74.394154,2026-08-04 06:05:46.494683136,3,7646,140,63
26.017501,-74.388142,2026-08-04 06:05:46.494686464,3,11558,140,45
26.159955,-74.476096,2026-08-04 06:05:46.517152256,3,2809,263,34
28.263047,-108.514297,2026-08-04 06:05:53.991479040,3,12644,233,21
42.624671,-100.063978,2026-08-04 06:05:54.3715072,3,14181,96,50
42.548373,-99.946569,2026-08-04 06:05:54.3756544,3,14848,127,37
42.560286,-99.948183,2026-08-04 06:05:54.3766272,3,10382,136,16
47.960626,-91.817424,2026-08-04 06:05:54.59449344,3,5429,204,65
47.986092,-91.918972,2026-08-04 06:05:54.59476224,3,5782,263,52
47.950074,-91.827212,2026-08-04 06:05:54.59502336,3,13072,137,40
47.896056,-91.806664,2026-08-04 06:05:54.59515648,3,6919,189,18
38.922846,-100.418884,2026-08-04 06:06:01.922806016,3,13459,89,25
43.563235,-96.687768,2026-08-04 06:06:01.955412480,3,5246,113,108
43.538858,-96.665625,2026-08-04 06:06:01.955438848,3,6061,210,95
43.499136,-96.685686,2026-08-04 06:06:01.955494656,3,11499,178,79
43.556145,-96.790157,2026-08-04 06:06:01.955462656,3,8336,138,62
43.545925,-96.685902,2026-08-04 06:06:01.955485696,3,11284,128,47
43.49053,-96.67968,2026-08-04 06:06:01.955500800,3,8878,135,28
48.151631,-91.873526,2026-08-04 06:06:02.169689856,3,13359,142,16
28.086554,-109.120757,2026-08-04 06:06:02.397183744,3,11292,234,59
27.950616,-109.095937,2026-08-04 06:06:02.397184768,3,14847,237,55
43.430948,-97.332324,2026-08-04 06:06:03.76704256,3,5362,131,49
43.426817,-97.361615,2026-08-04 06:06:03.76711424,3,3197,170,95
43.400181,-97.34152,2026-08-04 06:06:03.76765696,3,10663,132,83
43.382014,-97.320355,2026-08-04 06:06:03.76774400,3,5789,203,69
43.426235,-97.493781,2026-08-04 06:06:03.272730112,3,5784,133,26
47.178155,-92.247928,2026-08-04 06:06:03.457848064,3,5677,140,20
31.199815,-79.340998,2026-08-04 06:06:04.716185344,3,5555,188,47
49.709859,-90.698913,2026-08-04 06:06:12.381023744,3,3833,229,36
49.626113,-90.471449,2026-08-04 06:06:12.381078272,3,13626,148,22
49.641195,-90.510888,2026-08-04 06:06:12.580242944,3,4777,180,48
49.683627,-90.345567,2026-08-04 06:06:13.91755776,3,13654,151,42
49.644895,-90.34534,2026-08-04 06:06:13.91817472,3,10625,148,23
30.57875,-73.556813,2026-08-04 06:06:13.273474560,3,11265,219,66
42.345621,-100.612445,2026-08-04 06:06:20.402014208,3,14201,154,20
47.143494,-92.255534,2026-08-04 06:06:21.819017984,3,13900,154,69
47.139882,-92.289161,2026-08-04 06:06:21.819035136,3,13726,138,95
47.003993,-92.12341,2026-08-04 06:06:21.819087104,3,11427,149,78
47.118501,-92.32801,2026-08-04 06:06:21.819076096,3,8339,138,65
47.102959,-92.278748,2026-08-04 06:06:21.819084800,3,11193,150,52
47.140666,-92.32242,2026-08-04 06:06:21.819073792,3,4416,232,28
19.739809,-80.948962,2026-08-04 06:06:29.306375680,3,4236,187,30
40.077918,-98.221858,2026-08-04 06:06:29.553124864,3,12858,122,54
40.076048,-98.253923,2026-08-04 06:06:29.553116160,3,9224,127,43
19.660715,-81.088237,2026-08-04 06:06:36.707142912,3,6771,231,63
47.387439,-92.6943,2026-08-04 06:06:44.93151232,3,8662,135,50
47.34158,-92.592011,2026-08-04 06:06:44.93183744,3,10023,123,34
42.917389,-99.035462,2026-08-04 06:06:44.179373312,3,8260,196,26
42.747537,-98.228603,2026-08-04 06:06:44.212750848,3,9308,160,18
42.781197,-98.255215,2026-08-04 06:06:44.212754432,3,6617,115,96
42.817623,-98.145435,2026-08-04 06:06:44.212783104,3,6979,217,83
42.76048,-98.356941,2026-08-04 06:06:44.212781568,3,11392,193,66
42.955915,-99.056823,2026-08-04 06:06:44.333222656,3,8789,102,26
43.468075,-96.745174,2026-08-04 06:06:44.588088832,3,6131,147,77
43.450871,-96.528216,2026-08-04 06:06:44.588145664,3,10042,178,64
43.455949,-96.74627,2026-08-04 06:06:44.588138496,3,5567,130,53
43.50113,-96.660016,2026-08-04 06:06:44.588166400,3,4369,209,39
49.288434,-90.430308,2026-08-04 06:06:44.818227456,3,13992,147,43
49.173657,-90.392882,2026-08-04 06:06:44.818266368,3,9063,268,31
29.50482,-109.776192,2026-08-04 06:06:52.299255296,3,9253,235,43
29.55856,-109.765017,2026-08-04 06:06:52.299270144,3,9588,252,31
29.495157,-109.779206,2026-08-04 06:06:52.318891008,3,7366,221,18
29.42695,-109.881141,2026-08-04 06:06:52.388636416,3,13217,225,25
31.267278,-112.421933,2026-08-04 06:06:52.469621248,3,8943,234,60
31.229772,-112.551436,2026-08-04 06:06:52.469647872,3,7167,230,73
31.285163,-112.430086,2026-08-04 06:06:52.497426944,3,8445,229,32
31.273308,-112.459784,2026-08-04 06:06:52.565276928,3,9282,250,33
31.266192,-112.449134,2026-08-04 06:06:52.911823872,3,11436,157,49
31.258515,-112.505293,2026-08-04 06:06:52.911878912,3,3990,249,41
40.266377,-98.346817,2026-08-04 06:06:53.67936000,3,7179,98,29
40.256337,-98.358324,2026-08-04 06:06:53.67937536,3,13349,111,14
40.23372,-98.352325,2026-08-04 06:06:53.202194176,3,9053,124,15
40.281859,-98.268378,2026-08-04 06:06:53.352810240,3,12435,130,38
49.743649,-90.076116,2026-08-04 06:06:53.360492288,3,10702,169,64
29.608813,123.077369,2026-08-04 06:05:00.753018624,4,13794,212,42
29.715903,122.999919,2026-08-04 06:05:00.753015296,4,6003,216,27
32.872669,130.428637,2026-08-04 06:05:02.987753728,4,5937,196,26
29.293181,123.76266,2026-08-04 06:05:10.121090816,4,8992,264,23
47.091331,-92.172367,2026-08-04 06:05:11.476671744,4,11641,188,24
29.283954,123.870366,2026-08-04 06:05:23.780375296,4,11932,198,22
29.317763,123.870834,2026-08-04 06:05:23.875154432,4,7108,198,21
29.559352,122.944024,2026-08-04 06:05:28.488434176,4,4493,207,25
29.653394,123.026221,2026-08-04 06:05:28.713775616,4,4613,262,22
32.848735,130.412079,2026-08-04 06:05:30.188812288,4,6682,243,41
32.962393,130.59489,2026-08-04 06:05:30.188889856,4,5263,247,25
32.896348,130.404227,2026-08-04 06:05:30.238284032,4,9789,183,33
32.868172,130.414789,2026-08-04 06:05:30.385013504,4,13030,182,39
32.959168,130.590961,2026-08-04 06:05:30.385082624,4,5015,246,23
32.89433,130.454918,2026-08-04 06:05:30.431650304,4,9687,182,33
27.947153,110.831115,2026-08-04 06:05:38.527779328,4,13254,199,25
29.329035,122.953058,2026-08-04 06:05:39.921545216,4,8873,207,26
29.435048,122.888854,2026-08-04 06:05:45.309311488,4,9975,132,24
32.852438,130.450241,2026-08-04 06:05:49.817396736,4,9491,180,39
29.355826,122.759389,2026-08-04 06:05:54.228983552,4,13442,204,26
53.412702,11.597284,2026-08-04 06:05:58.91676160,4,11228,108,27
53.404502,11.581687,2026-08-04 06:05:58.121615872,4,10153,115,22
29.256476,123.876504,2026-08-04 06:05:59.130617856,4,7378,201,33
32.878869,130.420044,2026-08-04 06:06:03.692112128,4,11533,182,33
32.932959,130.474313,2026-08-04 06:06:03.765898752,4,8847,177,27
32.886584,130.402426,2026-08-04 06:06:03.850358016,4,9001,184,33
29.32355,123.047056,2026-08-04 06:06:06.912186880,4,8811,133,22
29.101509,124.190692,2026-08-04 06:06:08.238774784,4,6119,207,31
29.217545,124.316566,2026-08-04 06:06:08.238832128,4,4412,264,18
32.881759,130.393352,2026-08-04 06:06:10.189129216,4,11440,184,25
32.89311,130.425086,2026-08-04 06:06:16.642864128,4,10004,182,41
29.480837,122.907302,2026-08-04 06:06:22.555952896,4,4564,263,23
29.491705,122.946581,2026-08-04 06:06:22.796945152,4,14572,263,24
32.862785,130.420192,2026-08-04 06:06:30.187309056,4,10319,182,24
22.981422,139.075148,2026-08-04 06:06:32.583442176,4,6377,233,26
29.444583,122.851688,2026-08-04 06:06:36.285022464,4,5145,208,27
51.912596,25.805088,2026-08-04 06:06:40.732352512,4,13091,136,29
28.987494,124.317366,2026-08-04 06:06:41.73352448,4,7665,196,40
29.655477,123.071717,2026-08-04 06:06:43.203013120,4,7464,262,17
51.573548,13.157581,2026-08-04 06:06:46.264664576,4,11147,159,41
51.594905,13.152472,2026-08-04 06:06:46.264665856,4,2828,85,32
51.588182,13.170789,2026-08-04 06:06:46.264670208,4,11601,103,22
32.856377,130.426424,2026-08-04 06:06:46.765874432,4,4296,196,26
32.861109,130.422981,2026-08-04 06:06:46.969511680,4,9912,182,31
53.535606,11.491782,2026-08-04 06:06:50.520799232,4,11433,100,32
53.530638,11.496212,2026-08-04 06:06:50.630540800,4,6448,100,29
27.762472,-109.401089,2026-08-04 06:05:10.386319872,7,13244,208,19
26.008751,-74.494723,2026-08-04 06:05:20.370725632,7,7437,131,26
25.901503,-74.140366,2026-08-04 06:05:20.370674944,7,10465,247,24
26.135998,-74.476549,2026-08-04 06:05:20.486191104,7,1403,266,21
26.072668,-74.468862,2026-08-04 06:05:20.561855232,7,5521,235,23
19.726896,-81.012989,2026-08-04 06:05:29.438659072,7,7073,230,13
19.950768,-81.203462,2026-08-04 06:05:38.881045504,7,6351,187,33
20.095869,-81.253014,2026-08-04 06:05:38.881096960,7,9170,256,22
20.080837,-81.230724,2026-08-04 06:05:39.101388032,7,5191,248,27
27.931331,-109.097161,2026-08-04 06:05:51.520815104,7,13014,261,11
25.413441,-79.006627,2026-08-04 06:06:05.460829184,7,4734,232,32
25.767113,-79.247264,2026-08-04 06:06:05.502450432,7,8740,268,20
25.367146,-78.994616,2026-08-04 06:06:05.556817664,7,1808,268,23
19.670066,-82.567363,2026-08-04 06:06:13.273314560,7,4409,152,21
25.173083,-77.05161,2026-08-04 06:06:21.932514048,7,8975,225,17
25.801326,-57.101727,2026-08-04 06:06:22.475422208,7,8241,202,11
18.694145,-79.795547,2026-08-04 06:06:35.847447552,7,7372,189,11
22.750595,-77.265584,2026-08-04 06:06:53.610979328,7,4189,250,31
18.82031,-75.923686,2026-08-04 06:06:56.3940352,7,2388,204,19
29.730768,122.971329,2026-08-04 06:05:00.753010432,9,8122,214,26
43.144173,-97.365154,2026-08-04 06:05:02.366035200,9,11010,144,16
45.868435,127.798743,2026-08-04 06:05:02.591142144,9,3247,165,17
33.029552,130.658692,2026-08-04 06:05:02.987842816,9,7059,245,24
33.007785,130.679479,2026-08-04 06:05:03.128000768,9,5460,246,17
49.559152,-90.381051,2026-08-04 06:05:04.291817216,9,12604,165,15
29.499512,122.914302,2026-08-04 06:05:08.33152000,9,2222,263,23
47.097792,-92.346637,2026-08-04 06:05:09.182720000,9,14814,153,13
29.392481,123.061636,2026-08-04 06:05:10.135680,9,2470,263,20
47.097894,-92.167801,2026-08-04 06:05:11.476668160,9,11186,188,16
32.814904,130.571817,2026-08-04 06:05:11.620900608,9,9556,175,14
43.197075,-97.311974,2026-08-04 06:05:12.110256128,9,8190,152,11
32.798859,130.37581,2026-08-04 06:05:15.44810496,9,14769,239,18
32.770561,130.347788,2026-08-04 06:05:15.183429632,9,9450,261,17
29.430409,122.854689,2026-08-04 06:05:17.125328384,9,6106,214,26
45.904581,127.798842,2026-08-04 06:05:21.304426752,9,3308,194,13
29.289413,123.783209,2026-08-04 06:05:23.780345344,9,1551,198,27
29.36208,123.941231,2026-08-04 06:05:23.875180800,9,2801,264,19
29.361704,123.940728,2026-08-04 06:05:23.875180544,9,2803,264,10
29.559352,122.944024,2026-08-04 06:05:28.488434176,9,4493,207,25
29.659245,123.036537,2026-08-04 06:05:28.713777152,9,2905,262,18
33.082175,130.864905,2026-08-04 06:05:30.188980480,9,3695,221,40
32.959331,130.599695,2026-08-04 06:05:30.188890368,9,3210,246,24
32.857535,130.573123,2026-08-04 06:05:30.188867072,9,14257,161,13
34.339721,133.608506,2026-08-04 06:05:30.239391744,9,3466,172,28
32.811685,130.61799,2026-08-04 06:05:30.238330112,9,5263,247,19
32.910517,130.486417,2026-08-04 06:05:30.279754752,9,4478,179,25
32.777441,130.610491,2026-08-04 06:05:30.279772416,9,8177,153,15
32.873871,130.411753,2026-08-04 06:05:30.385016832,9,9535,200,34
33.019825,130.66775,2026-08-04 06:05:30.385114624,9,2909,247,18
32.902825,130.446657,2026-08-04 06:05:30.431650304,9,11704,181,34
32.916726,130.442393,2026-08-04 06:05:30.560250112,9,7175,182,25
48.156649,-91.752381,2026-08-04 06:05:32.220472320,9,14132,158,13
29.36153,123.24559,2026-08-04 06:05:32.250909184,9,4706,258,11
32.857903,130.386594,2026-08-04 06:05:36.905937152,9,4804,245,27
32.823868,130.313739,2026-08-04 06:05:37.168242688,9,10792,261,16
32.813492,130.62694,2026-08-04 06:05:37.324202496,9,14040,174,15
32.490803,122.880453,2026-08-04 06:05:38.531990784,9,7676,246,21
29.330534,122.95597,2026-08-04 06:05:39.921544448,9,8874,207,26
29.463612,122.808783,2026-08-04 06:05:43.13259776,9,3736,207,20
47.699252,-91.964918,2026-08-04 06:05:44.394143488,9,4805,138,14
29.454222,122.835064,2026-08-04 06:05:45.309308928,9,3839,207,23
29.505397,122.910176,2026-08-04 06:05:45.309337600,9,3899,263,12
29.783266,123.480231,2026-08-04 06:05:46.713340672,9,1863,269,19
29.516209,122.918097,2026-08-04 06:05:48.202978048,9,5042,207,18
32.859784,130.440936,2026-08-04 06:05:49.817402112,9,6697,181,36
32.997369,130.650558,2026-08-04 06:05:49.817487872,9,4290,246,20
41.587877,118.733121,2026-08-04 06:05:53.812297728,9,10577,178,13
29.469189,122.731244,2026-08-04 06:05:54.228991232,9,4962,209,25
48.353804,-91.818275,2026-08-04 06:05:54.879591936,9,7459,141,16
29.463575,122.843842,2026-08-04 06:05:55.942077184,9,6321,207,20
28.683791,111.498878,2026-08-04 06:05:56.968222208,9,11545,214,13
29.236118,123.911427,2026-08-04 06:05:59.130624000,9,1356,209,31
29.430611,124.021919,2026-08-04 06:05:59.130688768,9,7730,263,21
32.871723,130.387855,2026-08-04 06:06:03.692105728,9,2954,245,33
33.048406,130.663784,2026-08-04 06:06:03.692216320,9,6323,245,24
32.919604,130.47222,2026-08-04 06:06:03.765899008,9,4491,177,23
32.915457,130.386681,2026-08-04 06:06:03.850365952,9,7833,185,33
29.399649,123.066804,2026-08-04 06:06:06.912214528,9,3092,263,17
29.189121,124.308948,2026-08-04 06:06:08.238822144,9,4044,264,22
32.843674,130.500717,2026-08-04 06:06:10.189182976,9,10139,175,17
28.673438,122.237817,2026-08-04 06:06:11.945161472,9,6130,266,16
48.351565,-91.91647,2026-08-04 06:06:13.321597184,9,11085,141,13
27.035201,108.811347,2026-08-04 06:06:16.73492224,9,14541,244,17
32.893102,130.42508,2026-08-04 06:06:16.642864128,9,10004,182,38
32.884957,130.407366,2026-08-04 06:06:16.642858240,9,2496,213,26
33.442227,131.57005,2026-08-04 06:06:16.727349248,9,4152,230,23
32.770527,130.590415,2026-08-04 06:06:16.726975488,9,11607,174,14
47.636858,-91.930396,2026-08-04 06:06:17.353022208,9,7973,138,12
29.480534,122.906748,2026-08-04 06:06:22.555952640,9,4563,263,22
29.495533,122.953561,2026-08-04 06:06:22.796947712,9,14572,263,24
29.640367,110.28362,2026-08-04 06:06:24.806315008,9,7848,268,16
32.879034,130.403374,2026-08-04 06:06:30.187311360,9,5025,183,24
47.207706,-92.146613,2026-08-04 06:06:31.144823552,9,9162,136,14
47.195408,-92.152521,2026-08-04 06:06:31.174204416,9,5224,136,13
29.474599,122.726188,2026-08-04 06:06:32.287682304,9,4873,208,19
22.986143,139.08799,2026-08-04 06:06:32.583440384,9,3200,233,27
22.977429,139.082713,2026-08-04 06:06:32.583436544,9,7531,230,18
27.754919,117.992748,2026-08-04 06:06:35.344577536,9,8923,249,21
27.968104,117.18352,2026-08-04 06:06:35.500835328,9,9299,254,20
29.136773,124.271944,2026-08-04 06:06:41.73374464,9,3916,269,18
32.860569,130.464413,2026-08-04 06:06:42.798076672,9,8458,214,18
29.595049,122.97628,2026-08-04 06:06:43.202980608,9,3603,206,21
49.29513,-90.34007,2026-08-04 06:06:44.858128128,9,10022,172,14
32.916625,130.494602,2026-08-04 06:06:46.765904128,9,7863,168,21
32.918558,130.468696,2026-08-04 06:06:46.816339968,9,5888,161,23
32.769522,130.340917,2026-08-04 06:06:46.862163968,9,8143,261,23
32.848771,130.366126,2026-08-04 06:06:46.969495296,9,12502,246,31
18.319307,-80.680568,2026-08-04 06:05:00.319507712,13,11367,197,23
18.394694,-80.646001,2026-08-04 06:05:00.391140608,13,2788,193,61
47.106307,-92.278661,2026-08-04 06:05:01.472565248,13,8436,151,44
47.124652,-92.370735,2026-08-04 06:05:01.472539136,13,3694,262,30
20.326549,-81.797954,2026-08-04 06:05:02.184029696,13,8586,259,99
43.29915,-97.36229,2026-08-04 06:05:02.365996800,13,10312,209,107
43.348368,-97.380507,2026-08-04 06:05:02.365986560,13,4344,209,114
27.545129,-109.62798,2026-08-04 06:05:02.547430400,13,5709,250,31
49.450087,-89.892343,2026-08-04 06:05:03.487887616,13,9051,157,76
30.514144,-73.52482,2026-08-04 06:05:03.793780992,13,13857,224,57
30.377328,-73.681367,2026-08-04 06:05:04.84042240,13,12717,240,28
49.651561,-90.476852,2026-08-04 06:05:04.291706624,13,7102,227,55
42.750527,-98.364904,2026-08-04 06:05:04.992466944,13,8208,258,85
42.704512,-98.058331,2026-08-04 06:05:04.992550400,13,9507,185,72
42.723772,-98.235935,2026-08-04 06:05:04.992553216,13,12443,117,58
47.81453,-91.89112,2026-08-04 06:05:05.40911360,13,9433,136,23
27.96853,-109.083548,2026-08-04 06:05:06.536555520,13,11663,238,46
38.057029,-102.174686,2026-08-04 06:05:07.171919360,13,8812,107,64
38.054906,-102.083226,2026-08-04 06:05:07.171939840,13,6695,203,51
47.203835,-92.12438,2026-08-04 06:05:08.778153472,13,9726,168,21
18.362061,-79.374348,2026-08-04 06:05:09.98349312,13,2524,189,79
47.21067,-92.419332,2026-08-04 06:05:09.182679296,13,8681,175,77
48.244118,-91.939499,2026-08-04 06:05:09.928215040,13,9117,145,113
48.242542,-92.018971,2026-08-04 06:05:09.928218880,13,10557,249,84
27.949549,-109.086913,2026-08-04 06:05:10.386348288,13,11637,204,38
27.979019,-109.068922,2026-08-04 06:05:10.471789568,13,10635,243,64
27.972889,-109.083564,2026-08-04 06:05:10.672264960,13,7581,236,29
48.365583,-91.795277,2026-08-04 06:05:10.845175808,13,8337,147,111
48.36006,-91.776024,2026-08-04 06:05:10.845184512,13,5175,232,97
48.167511,-91.680209,2026-08-04 06:05:10.845258496,13,12650,205,84
31.37266,-111.888008,2026-08-04 06:05:11.40164608,13,11183,198,85
31.44638,-111.869987,2026-08-04 06:05:11.40251136,13,10315,238,36
42.979128,-98.395321,2026-08-04 06:05:11.404524544,13,11129,194,16
47.332013,-92.185628,2026-08-04 06:05:11.476583936,13,9494,109,138
47.29481,-92.225902,2026-08-04 06:05:11.476602112,13,9357,125,117
43.07288,-98.3344,2026-08-04 06:05:11.924216832,13,5390,177,117
43.049997,-98.348119,2026-08-04 06:05:11.924222720,13,5170,207,117
49.010862,-91.342562,2026-08-04 06:05:12.7400192,13,12980,147,29
43.429054,-97.381946,2026-08-04 06:05:12.218297344,13,6697,158,25
47.966991,-91.710276,2026-08-04 06:05:12.435836928,13,7802,141,22
35.460444,-75.593254,2026-08-04 06:05:12.859250432,13,4437,243,109
35.379554,-75.556527,2026-08-04 06:05:12.859232768,13,2440,229,104
35.436757,-75.584545,2026-08-04 06:05:12.859245824,13,3320,242,90
35.410876,-75.594073,2026-08-04 06:05:12.859237888,13,2394,177,74
35.463261,-75.594964,2026-08-04 06:05:12.859257088,13,6507,235,61
35.439413,-75.596746,2026-08-04 06:05:12.941422592,13,4959,235,83
35.438339,-75.590064,2026-08-04 06:05:12.941425920,13,13176,235,69
35.452546,-75.572242,2026-08-04 06:05:13.17762816,13,3333,228,45
35.473115,-75.569414,2026-08-04 06:05:13.17774592,13,6479,236,69
35.43153,-75.537086,2026-08-04 06:05:13.190953216,13,6809,209,80
19.763887,-81.306871,2026-08-04 06:05:13.425006080,13,5922,189,45
30.198499,-109.16532,2026-08-04 06:05:13.763567104,13,7867,213,45
30.267111,-109.158276,2026-08-04 06:05:13.763645952,13,5172,248,32
42.521723,-100.04134,2026-08-04 06:05:17.167393536,13,13399,145,22
42.522881,-100.009699,2026-08-04 06:05:17.298741760,13,11645,98,28
42.541274,-100.156416,2026-08-04 06:05:17.406522368,13,14547,123,53
42.513977,-100.024241,2026-08-04 06:05:17.406543104,13,6577,145,39
42.606128,-100.289113,2026-08-04 06:05:17.629508864,13,12860,109,45
42.881884,-99.302954,2026-08-04 06:05:20.66936320,13,4978,162,29
42.877141,-99.395389,2026-08-04 06:05:20.83773440,13,14242,189,28
46.006784,-71.064195,2026-08-04 06:05:20.902362624,13,6244,113,53
26.134258,-74.484718,2026-08-04 06:05:21.333957376,13,3339,268,67
29.484506,-109.85592,2026-08-04 06:05:22.804140800,13,10781,225,18
31.549935,-79.520655,2026-08-04 06:05:23.750216704,13,3966,160,80
31.622442,-79.529561,2026-08-04 06:05:23.750239744,13,7248,244,83
31.626619,-79.54078,2026-08-04 06:05:23.943597824,13,8045,251,54
42.590303,-98.15258,2026-08-04 06:05:24.395563008,13,4413,216,27
47.946866,-91.934087,2026-08-04 06:05:25.262352896,13,9599,142,62
48.529514,-91.708601,2026-08-04 06:05:26.579817984,13,9408,144,17
43.083249,-98.394656,2026-08-04 06:05:26.805667072,13,10070,87,96
43.085101,-98.442223,2026-08-04 06:05:26.805673728,13,5284,155,95
43.044865,-98.381286,2026-08-04 06:05:26.805736192,13,9106,115,54
43.108292,-98.516373,2026-08-04 06:05:26.838570752,13,12322,121,45
50.537661,-89.550892,2026-08-04 06:05:27.135371776,13,8784,197,45
37.963178,-102.259259,2026-08-04 06:05:27.955329024,13,12673,88,33
48.959,-91.145967,2026-08-04 06:05:28.88957184,13,6835,155,25
43.456419,-96.682519,2026-08-04 06:05:30.506239744,13,7953,89,127
43.45103,-96.686946,2026-08-04 06:05:30.506255616,13,3713,209,113
43.35823,-96.634071,2026-08-04 06:05:30.506287360,13,9042,160,97
48.206478,-91.907636,2026-08-04 06:05:32.220375552,13,9780,135,96
47.930919,-91.825308,2026-08-04 06:05:32.515133440,13,10652,163,17
47.204367,-92.098066,2026-08-04 06:05:33.160882944,13,7035,171,21
28.907225,-110.169226,2026-08-04 06:05:33.307945472,13,9972,230,36
29.035129,-110.048057,2026-08-04 06:05:33.308003072,13,14049,252,28
28.97573,-110.041922,2026-08-04 06:05:33.362339072,13,12736,231,21
26.338358,-108.47658,2026-08-04 06:05:34.417453568,13,7293,248,47
27.983673,-109.077844,2026-08-04 06:05:34.831183104,13,5989,247,69
43.06453,-98.396121,2026-08-04 06:05:35.444543232,13,5496,188,47
42.869367,-99.27038,2026-08-04 06:05:35.823806976,13,10103,197,15
49.050052,-91.295314,2026-08-04 06:05:36.150131200,13,7113,228,23
42.825508,-98.269838,2026-08-04 06:05:37.658357504,13,12508,180,69
42.755951,-98.135073,2026-08-04 06:05:37.658405888,13,4138,194,49
47.567861,-92.025923,2026-08-04 06:05:37.975562240,13,11383,125,21
43.39287,-96.946833,2026-08-04 06:05:38.234165760,13,5670,135,29
20.029823,-81.247508,2026-08-04 06:05:38.881075968,13,7419,261,79
20.076496,-81.224955,2026-08-04 06:05:39.101386240,13,3695,252,62
47.920498,-92.103319,2026-08-04 06:05:39.133073408,13,4549,132,29
30.131115,-109.282415,2026-08-04 06:05:39.204069888,13,3879,215,36
42.903415,-98.888699,2026-08-04 06:05:39.757562368,13,10757,89,127
42.899182,-98.94976,2026-08-04 06:05:39.757568256,13,3161,159,119
42.902557,-98.863141,2026-08-04 06:05:39.803623168,13,2758,178,93
39.534728,-100.360138,2026-08-04 06:05:40.583247104,13,9957,102,29
30.16664,-109.160601,2026-08-04 06:05:41.291553280,13,8236,221,38
27.969256,-109.077295,2026-08-04 06:05:42.628865536,13,6037,244,58
27.547107,-109.628923,2026-08-04 06:05:42.850088960,13,6029,229,21
27.527995,-109.632291,2026-08-04 06:05:43.26504704,13,6386,230,24
47.694843,-92.009489,2026-08-04 06:05:44.394070784,13,4394,139,101
47.698343,-92.003458,2026-08-04 06:05:44.394070016,13,7069,129,113
47.640249,-91.876537,2026-08-04 06:05:44.394106368,13,14794,194,96
19.316192,-75.795796,2026-08-04 06:05:44.537014016,13,9235,264,25
26.110139,-74.457419,2026-08-04 06:05:46.494675968,13,4660,261,122
42.749196,-98.231197,2026-08-04 06:05:47.402496000,13,8943,115,106
42.729106,-98.228091,2026-08-04 06:05:47.402505984,13,8485,119,93
30.541301,-113.173825,2026-08-04 06:05:47.512126208,13,14545,237,22
47.279265,-92.683439,2026-08-04 06:05:47.822146560,13,10940,132,20
42.999499,-98.429374,2026-08-04 06:05:48.345959424,13,7789,182,22
47.983082,-91.96714,2026-08-04 06:05:49.595886848,13,13674,234,19
47.231626,-92.229612,2026-08-04 06:05:50.670757632,13,4535,262,29
28.021199,-109.07402,2026-08-04 06:05:51.520836864,13,7760,261,29
42.438528,-100.394974,2026-08-04 06:05:52.30620672,13,10275,105,16
42.830255,-99.222555,2026-08-04 06:05:52.939013376,13,8124,197,18
42.603159,-100.064372,2026-08-04 06:05:54.3729152,13,7560,110,50
42.545524,-99.954667,2026-08-04 06:05:54.3753472,13,12337,138,38
47.960626,-91.817424,2026-08-04 06:05:54.59449344,13,5429,204,49
47.986087,-91.918953,2026-08-04 06:05:54.59476224,13,5782,263,53
48.40294,-91.830149,2026-08-04 06:05:54.879511808,13,5688,153,86
48.363291,-91.862514,2026-08-04 06:05:54.879523328,13,8450,137,103
19.842563,-81.39896,2026-08-04 06:05:55.18182656,13,9799,256,69
19.587975,-82.524752,2026-08-04 06:05:55.568795392,13,7966,260,108
29.754682,-109.196906,2026-08-04 06:05:57.511139584,13,10449,225,22
16.268818,-89.070093,2026-08-04 06:05:57.681587200,13,2659,250,32
25.221227,-56.622429,2026-08-04 06:05:58.784297216,13,8372,260,24
38.87052,-100.383093,2026-08-04 06:05:59.644221952,13,5829,192,41
40.299608,-98.258111,2026-08-04 06:06:00.641124352,13,7565,129,87
40.329852,-98.155407,2026-08-04 06:06:00.641168896,13,8866,115,42
43.100469,-98.333857,2026-08-04 06:06:00.726578432,13,10546,86,118
43.100304,-98.378743,2026-08-04 06:06:00.726584832,13,4006,154,97
43.496089,-96.669976,2026-08-04 06:06:01.955443200,13,6226,210,107
43.524932,-96.668216,2026-08-04 06:06:01.955436032,13,4135,210,94
43.522642,-96.70884,2026-08-04 06:06:01.955486464,13,9774,134,80
48.192781,-91.838387,2026-08-04 06:06:02.169687040,13,13134,156,19
27.976376,-109.079697,2026-08-04 06:06:02.397140736,13,11493,180,68
28.014971,-109.083783,2026-08-04 06:06:02.397208832,13,5178,252,35
43.442729,-97.366939,2026-08-04 06:06:03.76702464,13,9603,131,91
43.414334,-97.313829,2026-08-04 06:06:03.76720384,13,5621,231,90
43.436104,-97.379779,2026-08-04 06:06:03.76760832,13,7442,133,76
43.415751,-97.507577,2026-08-04 06:06:03.272728576,13,6502,158,23
47.179986,-92.238421,2026-08-04 06:06:03.457849344,13,14309,140,20
25.391895,-78.994795,2026-08-04 06:06:05.460825600,13,3274,232,58
25.399452,-78.992766,2026-08-04 06:06:05.556835840,13,11728,234,51
9.955954,-95.07839,2026-08-04 06:06:05.842218752,13,13987,241,65
29.462194,-109.862386,2026-08-04 06:06:06.44109824,13,11492,227,31
18.758377,-79.626671,2026-08-04 06:06:06.701156096,13,6714,267,115
18.262827,-79.522391,2026-08-04 06:06:07.80865536,13,2021,190,63
37.922838,-102.230474,2026-08-04 06:06:07.225973760,13,6889,185,43
37.939701,-102.15887,2026-08-04 06:06:07.225998592,13,3268,253,38
37.929979,-102.110798,2026-08-04 06:06:07.364112896,13,10689,101,52
37.938916,-102.15235,2026-08-04 06:06:07.364107008,13,7038,183,52
37.937886,-102.158646,2026-08-04 06:06:07.609143040,13,9385,199,30
43.014661,-98.429007,2026-08-04 06:06:08.380923904,13,7337,155,42
38.910469,-100.40181,2026-08-04 06:06:08.723109888,13,12312,88,29
42.691003,-98.196171,2026-08-04 06:06:09.622013696,13,11335,107,53
42.646738,-98.197752,2026-08-04 06:06:09.622079488,13,4782,218,40
26.149553,-74.034909,2026-08-04 06:06:10.737897984,13,4626,261,113
48.232987,-91.790686,2026-08-04 06:06:10.949131520,13,6674,144,27
49.610728,-90.493758,2026-08-04 06:06:12.381081856,13,3110,180,26
49.695171,-90.580523,2026-08-04 06:06:12.580221696,13,4010,264,31
49.694786,-90.349511,2026-08-04 06:06:13.91752704,13,9830,152,39
48.361429,-91.978413,2026-08-04 06:06:13.321521664,13,6105,137,89
31.587891,-79.523691,2026-08-04 06:06:13.560812288,13,13838,217,38
31.247841,-79.290181,2026-08-04 06:06:13.560748288,13,12276,237,66
31.553808,-79.513561,2026-08-04 06:06:13.643026432,13,8914,160,69
31.487051,-79.626226,2026-08-04 06:06:13.729933312,13,11929,157,45
31.627647,-79.527548,2026-08-04 06:06:13.932478464,13,9731,244,27
47.211835,-92.279114,2026-08-04 06:06:14.810846464,13,13098,131,18
48.04058,-92.121687,2026-08-04 06:06:15.882794240,13,8351,133,48
47.998182,-92.035502,2026-08-04 06:06:15.882824192,13,9432,159,33
42.972563,-98.545331,2026-08-04 06:06:16.696866048,13,11645,130,19
29.504846,-109.767821,2026-08-04 06:06:16.979338240,13,11846,227,17
27.96242,-109.082312,2026-08-04 06:06:17.65632256,13,6405,235,87
27.955511,-109.081996,2026-08-04 06:06:17.65683712,13,5261,247,69
27.975115,-109.059694,2026-08-04 06:06:17.176220160,13,11393,237,29
47.648619,-91.981183,2026-08-04 06:06:17.352946176,13,6862,138,115
47.612723,-92.003834,2026-08-04 06:06:17.352952576,13,4215,154,109
47.530636,-91.817249,2026-08-04 06:06:17.353004032,13,8627,218,77
29.670322,-89.666604,2026-08-04 06:06:18.483857920,13,11152,192,57
48.848013,-91.049956,2026-08-04 06:06:19.555181312,13,8903,152,65
48.838146,-91.038237,2026-08-04 06:06:19.555189760,13,11983,142,126
42.345476,-100.612102,2026-08-04 06:06:20.402014208,13,14199,154,19
47.137041,-92.258222,2026-08-04 06:06:21.819020544,13,12547,154,117
46.988132,-92.125528,2026-08-04 06:06:21.819092992,13,8036,149,93
30.179178,-109.169099,2026-08-04 06:06:22.539716096,13,8410,220,35
30.268369,-109.159312,2026-08-04 06:06:22.539747840,13,5878,245,25
30.169893,-109.14925,2026-08-04 06:06:22.650068480,13,7673,220,39
37.058936,-77.581863,2026-08-04 06:06:23.29783552,13,8047,198,50
47.981966,-91.844911,2026-08-04 06:06:23.220117248,13,12435,141,17
43.258849,-96.876264,2026-08-04 06:06:23.999853312,13,9616,143,25
48.209493,-91.931401,2026-08-04 06:06:24.294312192,13,3998,266,25
49.658949,-90.148615,2026-08-04 06:06:24.718911232,13,11364,151,19
47.981493,-91.672651,2026-08-04 06:06:25.886316288,13,7708,142,94
48.018134,-91.779696,2026-08-04 06:06:25.886343168,13,5578,262,76
49.887437,-90.97798,2026-08-04 06:06:26.367086848,13,6890,255,38
47.997235,-91.96451,2026-08-04 06:06:27.726023680,13,13585,133,59
43.108259,-97.222597,2026-08-04 06:06:27.902827520,13,10013,126,46
35.446598,-75.568546,2026-08-04 06:06:28.310775552,13,2016,243,128
35.421837,-75.553036,2026-08-04 06:06:28.373460224,13,7915,214,65
35.457203,-75.559014,2026-08-04 06:06:28.442656000,13,2837,243,74
35.432697,-75.546749,2026-08-04 06:06:28.442651904,13,6579,244,40
40.091262,-98.234144,2026-08-04 06:06:29.553127680,13,14729,154,33
40.080068,-98.243014,2026-08-04 06:06:29.553116416,13,14698,122,44
47.24,-92.174561,2026-08-04 06:06:31.144741888,13,11406,141,123
47.230152,-92.216383,2026-08-04 06:06:31.144748544,13,6952,246,104
47.22883,-92.190337,2026-08-04 06:06:31.174133504,13,6535,134,62
47.197806,-92.018552,2026-08-04 06:06:31.174164736,13,9397,148,54
37.997774,-102.144789,2026-08-04 06:06:31.373004288,13,14117,92,36
38.020666,-102.140341,2026-08-04 06:06:31.373017600,13,13029,111,23
26.338128,-108.356455,2026-08-04 06:06:34.911721984,13,6039,248,19
27.002075,-56.886685,2026-08-04 06:06:36.917795840,13,6284,244,18
43.383302,-97.455194,2026-08-04 06:06:40.222705664,13,4479,210,122
43.430294,-97.494373,2026-08-04 06:06:40.222692352,13,2295,171,106
47.722498,-92.185624,2026-08-04 06:06:42.683221760,13,11852,233,67
47.71849,-92.059265,2026-08-04 06:06:42.683258368,13,8785,262,63
27.950152,-109.095114,2026-08-04 06:06:42.891583744,13,5622,245,46
42.759777,-98.226051,2026-08-04 06:06:44.212746496,13,11125,85,101
42.765955,-98.280176,2026-08-04 06:06:44.212755200,13,5694,181,89
42.803918,-98.111493,2026-08-04 06:06:44.212784640,13,13462,172,84
43.485009,-96.716303,2026-08-04 06:06:44.588079360,13,5194,117,75
43.496673,-96.60444,2026-08-04 06:06:44.588123136,13,8491,192,64
49.300974,-90.373233,2026-08-04 06:06:44.858055424,13,5918,147,131
47.979499,-91.830218,2026-08-04 06:06:45.430166016,13,12968,142,65
48.024164,-91.959018,2026-08-04 06:06:45.430195712,13,6717,263,57
27.894598,-109.258004,2026-08-04 06:06:47.277026304,13,7580,238,54
27.906273,-109.260774,2026-08-04 06:06:47.311251200,13,6608,238,40
47.896246,-91.980079,2026-08-04 06:06:47.806251264,13,11526,141,91
47.917153,-92.109045,2026-08-04 06:06:47.806275584,13,9516,263,70
42.529899,-99.878968,2026-08-04 06:06:47.956728064,13,4958,144,31
42.532191,-99.874187,2026-08-04 06:06:48.63820544,13,5457,144,37
47.283488,-92.81204,2026-08-04 06:06:48.221814272,13,9749,162,34
48.243902,-91.862571,2026-08-04 06:06:49.234490112,13,13782,146,29
48.271717,-91.873521,2026-08-04 06:06:49.234480896,13,5926,164,26
18.898303,-80.645753,2026-08-04 06:06:49.353178880,13,5956,262,99
26.279143,-74.567035,2026-08-04 06:06:49.871106816,13,7568,260,123
29.513921,-109.764774,2026-08-04 06:06:52.299253248,13,7764,234,34
31.375969,-112.432921,2026-08-04 06:06:52.469713664,13,9993,254,62
31.293555,-112.418469,2026-08-04 06:06:52.497434624,13,10776,229,22
31.261112,-112.466586,2026-08-04 06:06:52.565272064,13,7245,250,31
31.266195,-112.449137,2026-08-04 06:06:52.911823872,13,11435,157,53
31.258501,-112.505358,2026-08-04 06:06:52.911878912,13,6424,249,41
49.729419,-90.056136,2026-08-04 06:06:53.360497664,13,12227,239,27
43.094538,-98.371966,2026-08-04 06:06:55.371752960,13,9461,91,109
43.072538,-98.38636,2026-08-04 06:06:55.371764992,13,6039,208,90
43.032082,-98.373849,2026-08-04 06:06:55.371825920,13,7528,207,76
42.488763,-100.037276,2026-08-04 06:06:56.578467584,13,9484,145,32
27.985522,-108.646021,2026-08-04 06:06:57.125310976,13,10668,235,17
42.271974,-100.792031,2026-08-04 06:06:58.192241920,13,8826,108,14
48.125138,-91.786696,2026-08-04 06:06:59.769097984,13,8164,140,16
47.039131,-92.078018,2026-08-04 06:07:01.185457408,13,8261,225,79
47.34073,-92.148272,2026-08-04 06:07:01.185350144,13,3324,135,97
37.976906,-102.091249,2026-08-04 06:07:01.414696192,13,4748,176,30
18.338261,-79.364219,2026-08-04 06:07:01.627257088,13,2875,189,63
43.403583,-97.27921,2026-08-04 06:07:02.780509696,13,6731,114,120
43.379666,-97.330728,2026-08-04 06:07:02.780526336,13,6270,205,123
43.32739,-97.299976,2026-08-04 06:07:02.780547072,13,7573,146,106
42.685302,-97.995377,2026-08-04 06:07:03.44476416,13,10004,178,53
42.664938,-98.227043,2026-08-04 06:07:03.44424960,13,2955,154,89
47.951117,-92.740088,2026-08-04 06:07:03.589817856,13,10527,138,15
47.420053,-92.902796,2026-08-04 06:07:03.707455488,13,5532,164,28
27.547996,-109.692727,2026-08-04 06:07:05.358390016,13,12284,242,47
47.869963,-91.866055,2026-08-04 06:07:05.823793152,13,5278,193,83
47.857092,-91.878513,2026-08-04 06:07:05.823794432,13,10259,141,86
48.422273,-91.855421,2026-08-04 06:07:06.530647552,13,7672,137,91
43.458058,-96.671302,2026-08-04 06:07:06.968166912,13,12166,170,42
43.47594,-96.734954,2026-08-04 06:07:06.968148992,13,5317,125,27
29.80033,-115.006171,2026-08-04 06:07:08.74606336,13,8775,247,21
37.171846,-77.611575,2026-08-04 06:07:08.622347776,13,5029,240,32
42.53722,-99.889553,2026-08-04 06:07:09.10222592,13,6612,127,15
42.735469,-98.358081,2026-08-04 06:07:09.403477760,13,11185,118,66
19.709333,-80.983665,2026-08-04 06:07:10.764334336,13,5871,188,37
42.848765,-99.245933,2026-08-04 06:07:11.359304960,13,9115,195,27
42.914102,-99.217723,2026-08-04 06:07:11.534156288,13,9693,133,29
48.171013,-91.892958,2026-08-04 06:07:12.503146240,13,6587,172,27
29.654684,-70.085007,2026-08-04 06:07:12.570725632,13,5671,251,120
47.954744,-92.317073,2026-08-04 06:07:13.49541632,13,12890,235,53
47.913393,-92.123313,2026-08-04 06:07:13.49595136,13,8485,263,40
29.662973,123.068872,2026-08-04 06:05:00.753023744,14,9367,226,38
32.999893,130.640253,2026-08-04 06:05:02.987835392,14,3385,247,25
33.030536,130.683752,2026-08-04 06:05:03.128001024,14,9840,245,20
29.367095,123.051547,2026-08-04 06:05:10.128256,14,5966,263,21
29.333575,123.001741,2026-08-04 06:05:10.340740096,14,5119,205,22
32.887863,130.422198,2026-08-04 06:05:15.405820672,14,7137,200,28
29.454242,122.829706,2026-08-04 06:05:17.125321728,14,5156,207,23
29.409187,122.786845,2026-08-04 06:05:17.218339072,14,4878,207,24
29.248856,123.817739,2026-08-04 06:05:23.780353280,14,11825,190,30
29.300471,123.911046,2026-08-04 06:05:23.875163648,14,10692,140,26
29.630504,123.058137,2026-08-04 06:05:28.488475136,14,3382,262,25
29.653374,123.026154,2026-08-04 06:05:28.713775616,14,4612,262,21
32.873548,130.431323,2026-08-04 06:05:30.188824320,14,6862,182,39
32.962393,130.59489,2026-08-04 06:05:30.188889856,14,5264,246,25
32.882657,130.418433,2026-08-04 06:05:30.238278656,14,10230,212,29
32.892468,130.399098,2026-08-04 06:05:30.385016064,14,7311,205,32
32.902825,130.446625,2026-08-04 06:05:30.431652096,14,11704,182,35
27.970297,110.833489,2026-08-04 06:05:38.527784448,14,10693,199,24
29.329035,122.953058,2026-08-04 06:05:39.921545216,14,8872,206,22
32.892087,130.40244,2026-08-04 06:05:49.817405952,14,8562,184,35
29.257096,123.877624,2026-08-04 06:05:59.130617344,14,7379,201,30
32.932915,130.474257,2026-08-04 06:06:03.765898752,14,8849,177,26
32.886235,130.401948,2026-08-04 06:06:03.850357760,14,9000,184,34
29.323553,123.047059,2026-08-04 06:06:06.912186880,14,8811,133,21
29.061487,124.24169,2026-08-04 06:06:08.238779648,14,5033,194,32
32.903965,130.403433,2026-08-04 06:06:16.642864384,14,10372,200,35
29.480516,122.906756,2026-08-04 06:06:22.555952640,14,4562,263,19
29.491205,122.945561,2026-08-04 06:06:22.796944640,14,14570,263,24
22.981373,139.075166,2026-08-04 06:06:32.583437056,14,6376,233,29
29.475951,122.82286,2026-08-04 06:06:36.285018368,14,10389,215,27
32.855592,130.424806,2026-08-04 06:06:46.765873920,14,5265,197,30
29.406511,122.793826,2026-08-04 06:07:03.418779648,14,6499,203,23
52.274483,25.201791,2026-08-04 06:05:02.235958016,11,11473,219,112
30.496633,-73.508398,2026-08-04 06:05:03.793779712,11,5383,235,114
30.587494,-73.556285,2026-08-04 06:05:03.793869056,11,13610,254,96
42.697138,-98.216421,2026-08-04 06:05:04.992563200,11,10334,145,29
48.234621,-91.95848,2026-08-04 06:05:09.928229376,11,8428,143,43
48.311667,-91.783668,2026-08-04 06:05:10.845199616,11,7269,239,41
48.33236,-91.79232,2026-08-04 06:05:10.845234944,11,6958,160,30
31.433938,-111.875854,2026-08-04 06:05:11.40246784,11,9924,243,27
47.315037,-92.282844,2026-08-04 06:05:11.476591104,11,7885,248,41
51.918655,25.733998,2026-08-04 06:05:16.28579328,11,12842,161,17
31.629276,-79.539278,2026-08-04 06:05:23.750240000,11,4262,265,63
31.7301,-79.710239,2026-08-04 06:05:23.943655168,11,11282,264,35
53.649429,-2.938299,2026-08-04 06:05:25.149544960,11,12080,68,182
53.648305,-2.931065,2026-08-04 06:05:25.149552128,11,6844,114,212
53.616649,-2.926628,2026-08-04 06:05:25.149561088,11,3284,214,192
43.084341,-98.41768,2026-08-04 06:05:26.805672448,11,13512,101,42
53.629795,11.507304,2026-08-04 06:05:30.649829120,11,11156,60,54
53.624154,11.511672,2026-08-04 06:05:30.649828608,11,5262,111,117
53.624277,11.516076,2026-08-04 06:05:30.649828352,11,7518,93,98
52.304763,25.744401,2026-08-04 06:05:33.917575680,11,11240,248,43
51.508316,11.717105,2026-08-04 06:05:36.840244992,11,10880,85,52
51.54542,11.751162,2026-08-04 06:05:36.840259584,11,13854,74,75
51.546397,11.722574,2026-08-04 06:05:36.840250880,11,11349,93,62
51.534359,11.73962,2026-08-04 06:05:36.840267520,11,11468,90,51
51.537749,11.662362,2026-08-04 06:05:37.145296896,11,13674,86,63
51.536342,11.737963,2026-08-04 06:05:37.266622208,11,8501,94,52
42.718385,-98.085512,2026-08-04 06:05:37.658418176,11,7561,147,33
20.093868,-81.230496,2026-08-04 06:05:39.101392896,11,6475,248,51
42.864755,-98.901584,2026-08-04 06:05:39.757579776,11,13432,123,46
53.66741,11.439757,2026-08-04 06:05:41.205055744,11,13096,62,35
53.662044,11.453318,2026-08-04 06:05:41.205064704,11,4533,114,23
51.94836,25.74876,2026-08-04 06:05:44.230787584,11,5490,226,167
51.920426,25.739346,2026-08-04 06:05:44.230810624,11,13320,175,162
51.917461,25.706525,2026-08-04 06:05:44.230809088,11,12400,211,155
51.954156,25.808993,2026-08-04 06:05:44.230795520,11,6033,231,140
53.641981,-2.908109,2026-08-04 06:05:55.838532864,11,6930,82,135
53.662124,-2.97451,2026-08-04 06:05:55.937575936,11,2660,207,110
53.408821,11.579615,2026-08-04 06:05:58.91672832,11,8545,56,102
53.525792,11.465007,2026-08-04 06:06:01.757682688,11,7553,39,29
43.358541,-96.557154,2026-08-04 06:06:01.955494912,11,14808,194,40
53.547749,11.522753,2026-08-04 06:06:02.97871872,11,9880,113,24
28.020738,-109.080137,2026-08-04 06:06:02.397212672,11,6883,254,35
43.232543,-97.189165,2026-08-04 06:06:03.76785920,11,14990,167,43
51.523718,11.725827,2026-08-04 06:06:03.508115200,11,6364,64,40
51.533372,11.710356,2026-08-04 06:06:03.508114944,11,10483,202,31
53.671959,11.356349,2026-08-04 06:06:06.357036288,11,9956,73,55
18.258106,-79.547359,2026-08-04 06:06:06.701018880,11,7420,258,80
53.563523,11.451201,2026-08-04 06:06:08.369106176,11,14353,47,32
43.012619,-98.426271,2026-08-04 06:06:08.380924672,11,13899,101,15
53.621415,11.555054,2026-08-04 06:06:08.829615872,11,7730,131,28
13.799163,6.416572,2026-08-04 06:06:09.202815232,11,13894,173,128
31.606999,-79.529887,2026-08-04 06:06:13.560822272,11,4834,265,55
51.782936,25.636159,2026-08-04 06:06:17.61621248,11,9668,263,44
51.787544,25.707043,2026-08-04 06:06:17.61611776,11,8109,185,88
51.784918,25.696041,2026-08-04 06:06:17.61659136,11,12727,173,65
47.645677,-91.993768,2026-08-04 06:06:17.352952832,11,11117,137,40
47.641151,-92.006377,2026-08-04 06:06:17.352992512,11,7498,233,29
45.61624,34.918088,2026-08-04 06:06:18.836686080,11,7712,214,107
22.656469,-77.952582,2026-08-04 06:06:21.933048576,11,8858,263,49
43.031871,-98.427004,2026-08-04 06:06:27.38289664,11,11073,155,18
48.013305,-91.955592,2026-08-04 06:06:27.726027520,11,7259,140,25
35.421478,-75.569678,2026-08-04 06:06:28.310766080,11,6624,178,187
51.907745,25.842546,2026-08-04 06:06:40.732343296,11,8515,178,188
51.935621,25.936141,2026-08-04 06:06:40.732330496,11,3689,255,258
51.915678,25.837959,2026-08-04 06:06:40.732351488,11,8845,254,244
52.012916,25.936609,2026-08-04 06:06:43.662717440,11,12823,244,33
42.735993,-98.244401,2026-08-04 06:06:44.212814080,11,10936,154,35
43.472442,-96.738213,2026-08-04 06:06:44.588137472,11,12895,184,29
49.252359,-90.345251,2026-08-04 06:06:44.858124288,11,12756,156,25
51.60943,13.153218,2026-08-04 06:06:46.264658688,11,9521,112,155
53.531499,11.482214,2026-08-04 06:06:50.520793088,11,6694,94,191
43.082775,-98.566363,2026-08-04 06:06:55.371773184,11,7756,209,30
53.519165,11.497451,2026-08-04 06:06:57.905921280,11,9914,66,46
43.369619,-97.312621,2026-08-04 06:07:02.780531968,11,12369,126,29
42.659672,-98.190238,2026-08-04 06:07:03.44495360,11,13798,122,39
51.989019,25.73836,2026-08-04 06:07:04.378257664,11,9140,175,192
51.985362,25.71663,2026-08-04 06:07:04.378273024,11,5025,262,189
51.98715,25.775774,2026-08-04 06:07:04.378266880,11,3637,230,174
51.996448,25.743262,2026-08-04 06:07:04.378271488,11,8328,142,160
51.983519,25.783823,2026-08-04 06:07:04.378263808,11,14694,135,145
52.019915,25.673931,2026-08-04 06:07:04.378299904,11,9818,212,132
47.851558,-91.875423,2026-08-04 06:07:05.823793152,11,11949,141,43
47.856555,-91.899475,2026-08-04 06:07:05.823841280,11,4646,234,28
48.452641,-91.943715,2026-08-04 06:07:06.530672640,11,11285,144,37
52.291906,25.236765,2026-08-04 06:07:08.531985152,11,7869,210,300
52.289041,25.239622,2026-08-04 06:07:08.531989504,11,9532,172,266
53.571864,11.496295,2026-08-04 06:07:12.832253440,11,13242,63,76
53.561079,11.496178,2026-08-04 06:07:12.832261632,11,13177,70,130
53.571224,11.491652,2026-08-04 06:07:12.832257024,11,10217,109,114
53.575517,11.500044,2026-08-04 06:07:12.832256512,11,11299,79,93
53.563155,11.521828,2026-08-04 06:07:12.832272640,11,7805,146,77
53.572352,11.477695,2026-08-04 06:07:12.832262912,11,6344,128,64
52.274483,25.201791,2026-08-04 06:05:02.235958016,12,11473,219,112
30.499808,-73.511883,2026-08-04 06:05:03.793782016,12,5363,235,113
30.587498,-73.556285,2026-08-04 06:05:03.793869056,12,13611,254,96
42.697138,-98.216421,2026-08-04 06:05:04.992563200,12,10334,145,29
48.234621,-91.95848,2026-08-04 06:05:09.928229376,12,8428,143,43
53.546585,11.452785,2026-08-04 06:05:11.8169984,12,5249,79,17
47.315037,-92.282844,2026-08-04 06:05:11.476591104,12,7885,248,40
51.918655,25.733998,2026-08-04 06:05:16.28579328,12,12842,161,17
46.014416,-71.083031,2026-08-04 06:05:20.902355712,12,8439,94,34
31.629276,-79.539278,2026-08-04 06:05:23.750240000,12,4262,265,61
53.649429,-2.938299,2026-08-04 06:05:25.149544960,12,12080,68,182
53.648305,-2.931065,2026-08-04 06:05:25.149552128,12,6844,114,211
53.616649,-2.926628,2026-08-04 06:05:25.149561088,12,3284,214,191
53.632008,11.492827,2026-08-04 06:05:30.649826048,12,7444,45,110
53.573722,11.477489,2026-08-04 06:05:30.649845760,12,3813,244,140
53.63041,11.497382,2026-08-04 06:05:30.649825536,12,10063,109,127
53.625198,11.505354,2026-08-04 06:05:30.649830656,12,9301,89,103
51.508316,11.717105,2026-08-04 06:05:36.840244992,12,10880,85,52
51.54542,11.751162,2026-08-04 06:05:36.840259584,12,13854,74,75
51.546397,11.722574,2026-08-04 06:05:36.840250880,12,11349,93,62
51.534359,11.73962,2026-08-04 06:05:36.840267520,12,11468,90,51
51.544088,11.751076,2026-08-04 06:05:37.266622976,12,8047,104,80
42.718385,-98.085512,2026-08-04 06:05:37.658418176,12,7561,147,33
42.864762,-98.901598,2026-08-04 06:05:39.757579776,12,13440,123,46
42.850893,-98.86611,2026-08-04 06:05:39.803639552,12,9107,123,31
53.66741,11.439757,2026-08-04 06:05:41.205055744,12,13096,62,36
53.662043,11.453314,2026-08-04 06:05:41.205064704,12,4533,114,23
51.94836,25.74876,2026-08-04 06:05:44.230787584,12,5490,226,167
51.920426,25.739346,2026-08-04 06:05:44.230810624,12,13320,175,162
51.917461,25.706525,2026-08-04 06:05:44.230809088,12,12400,211,155
47.244615,-92.282051,2026-08-04 06:05:50.670754816,12,11070,145,20
53.641981,-2.908109,2026-08-04 06:05:55.838532864,12,6930,82,135
53.662124,-2.97451,2026-08-04 06:05:55.937575936,12,2660,207,110
53.65091,-2.898009,2026-08-04 06:05:55.937593088,12,5146,265,99
53.408821,11.579615,2026-08-04 06:05:58.91672832,12,8545,56,104
53.525792,11.465007,2026-08-04 06:06:01.757682688,12,7553,39,29
43.358541,-96.557154,2026-08-04 06:06:01.955494912,12,14808,194,40
53.547749,11.522753,2026-08-04 06:06:02.97871872,12,9880,113,24
28.020476,-109.08036,2026-08-04 06:06:02.397212416,12,6872,254,35
43.232543,-97.189165,2026-08-04 06:06:03.76785920,12,14990,167,43
51.52978,11.724903,2026-08-04 06:06:03.508116736,12,8867,64,39
18.316426,-79.573851,2026-08-04 06:06:06.701030144,12,8198,258,126
53.563523,11.451201,2026-08-04 06:06:08.369106176,12,14353,47,32
43.015703,-98.427644,2026-08-04 06:06:08.380925952,12,14234,101,20
53.621415,11.555054,2026-08-04 06:06:08.829615872,12,7730,131,28
13.799163,6.416572,2026-08-04 06:06:09.202815232,12,13894,173,128
48.394768,-92.174747,2026-08-04 06:06:13.321528320,12,8105,241,33
31.606999,-79.529887,2026-08-04 06:06:13.560822272,12,4834,265,54
51.782936,25.636159,2026-08-04 06:06:17.61621248,12,9668,263,44
51.787544,25.707043,2026-08-04 06:06:17.61611776,12,8109,185,89
51.782513,25.693672,2026-08-04 06:06:17.61660160,12,9089,194,53
47.645677,-91.993768,2026-08-04 06:06:17.352952832,12,11117,137,41
47.641144,-92.006367,2026-08-04 06:06:17.352992512,12,7498,233,30
45.61624,34.918088,2026-08-04 06:06:18.836686080,12,7712,214,107
22.656469,-77.952582,2026-08-04 06:06:21.933048576,12,8858,263,49
48.013305,-91.955592,2026-08-04 06:06:27.726027520,12,7259,140,25
35.421478,-75.569678,2026-08-04 06:06:28.310766080,12,6624,178,187
51.907745,25.842546,2026-08-04 06:06:40.732343296,12,8515,178,188
51.935621,25.936141,2026-08-04 06:06:40.732330496,12,3689,255,258
51.915678,25.837959,2026-08-04 06:06:40.732351488,12,8845,254,244
52.012916,25.936609,2026-08-04 06:06:43.662717440,12,12823,244,33
42.743364,-98.254635,2026-08-04 06:06:44.212816640,12,12532,154,34
43.472595,-96.741788,2026-08-04 06:06:44.588136448,12,14423,184,27
49.252359,-90.345251,2026-08-04 06:06:44.858124288,12,12756,156,25
51.60943,13.153218,2026-08-04 06:06:46.264658688,12,9521,112,155
53.538837,11.477206,2026-08-04 06:06:50.520792832,12,8707,94,207
43.082775,-98.566363,2026-08-04 06:06:55.371773184,12,7756,209,30
53.519165,11.497451,2026-08-04 06:06:57.905921280,12,9914,66,46
43.409838,-97.333187,2026-08-04 06:07:02.780543488,12,9169,126,35
42.659672,-98.190238,2026-08-04 06:07:03.44495360,12,13798,122,39
51.989019,25.73836,2026-08-04 06:07:04.378257664,12,9140,175,192
51.985362,25.71663,2026-08-04 06:07:04.378273024,12,5025,262,189
51.98715,25.775774,2026-08-04 06:07:04.378266880,12,3637,230,174
51.996448,25.743262,2026-08-04 06:07:04.378271488,12,8328,142,160
51.983519,25.783823,2026-08-04 06:07:04.378263808,12,14694,135,145
52.019915,25.673931,2026-08-04 06:07:04.378299904,12,9818,212,132
47.851558,-91.875423,2026-08-04 06:07:05.823793152,12,11949,141,42
48.452641,-91.943715,2026-08-04 06:07:06.530672640,12,11285,144,36
52.291906,25.236765,2026-08-04 06:07:08.531985152,12,7869,210,300
52.289041,25.239622,2026-08-04 06:07:08.531989504,12,9532,172,292
52.291381,25.211013,2026-08-04 06:07:08.662129152,12,4190,218,160
52.385875,25.190743,2026-08-04 06:07:08.878885888,12,7652,169,74
53.571864,11.496295,2026-08-04 06:07:12.832253440,12,13242,63,76
53.561079,11.496178,2026-08-04 06:07:12.832261632,12,13177,70,130
53.571224,11.491652,2026-08-04 06:07:12.832257024,12,10217,109,114
53.575517,11.500044,2026-08-04 06:07:12.832256512,12,11299,79,93
53.563155,11.521828,2026-08-04 06:07:12.832272640,12,7805,146,77
53.572352,11.477695,2026-08-04 06:07:12.832262912,12,6344,128,64
