46.627446,37.34064,2026-08-10 00:00:03.37928448,1,3600,253,97
44.451737,3.267208,2026-08-10 00:00:19.888669696,1,14635,40,138
44.4306,3.249126,2026-08-10 00:00:19.888662784,1,4257,225,291
44.508393,3.274711,2026-08-10 00:00:19.888687616,1,14545,175,278
44.474213,3.266933,2026-08-10 00:00:19.888692736,1,11947,224,260
44.498086,3.229701,2026-08-10 00:00:19.888685824,1,14817,146,246
44.407573,3.192672,2026-08-10 00:00:19.888665856,1,7160,247,230
44.80617,3.151637,2026-08-10 00:00:19.888805888,1,6170,269,213
44.528138,3.210248,2026-08-10 00:00:19.888710144,1,11988,248,199
44.222001,2.940018,2026-08-10 00:00:19.888632576,1,10749,236,161
44.541823,3.309699,2026-08-10 00:00:19.888780544,1,6565,257,146
44.536338,3.27881,2026-08-10 00:00:19.888776704,1,7779,257,133
44.449728,3.275456,2026-08-10 00:00:19.888748544,1,8630,164,120
44.46038,3.268236,2026-08-10 00:00:19.888748032,1,9078,124,105
44.435998,3.229808,2026-08-10 00:00:19.888733184,1,9296,214,90
44.501114,3.277569,2026-08-10 00:00:19.888761344,1,6378,245,75
44.437859,3.08615,2026-08-10 00:00:27.397426688,1,13955,63,88
44.487977,3.107806,2026-08-10 00:00:27.397446656,1,13498,208,71
44.451668,3.071368,2026-08-10 00:00:27.397443328,1,13016,149,62
44.473245,3.097661,2026-08-10 00:00:27.397520640,1,13169,135,53
44.46183,3.11396,2026-08-10 00:00:27.397513216,1,13277,124,43
44.449618,3.054954,2026-08-10 00:00:27.397494784,1,10177,224,33
44.462412,3.067353,2026-08-10 00:00:27.397500160,1,11727,238,20
45.610447,4.163887,2026-08-10 00:00:27.640874752,1,9214,61,83
45.611619,4.15905,2026-08-10 00:00:27.640876032,1,7440,241,76
45.63485,4.159111,2026-08-10 00:00:27.640958976,1,12823,240,42
44.013807,-0.517632,2026-08-10 00:00:44.6904064,1,13844,93,52
43.953488,-0.651279,2026-08-10 00:00:44.6955264,1,13447,132,37
41.439683,-84.178413,2026-08-10 00:00:51.912269056,1,13514,73,21
10.753554,-11.062729,2026-08-10 00:00:52.204097280,1,9345,261,44
45.754966,3.52281,2026-08-10 00:00:52.850735104,1,11897,74,80
45.769228,3.552879,2026-08-10 00:00:52.859607296,1,14503,167,188
45.766456,3.509483,2026-08-10 00:00:52.859617024,1,12236,100,173
45.800478,3.566103,2026-08-10 00:00:52.859635200,1,14171,194,156
45.773649,3.528998,2026-08-10 00:00:52.859717120,1,11569,234,128
45.759147,3.491526,2026-08-10 00:00:52.859706368,1,11496,209,115
45.759739,3.510772,2026-08-10 00:00:52.859702016,1,13100,183,102
41.64884,-84.337226,2026-08-10 00:01:00.94271232,1,7879,201,34
34.578835,-86.944912,2026-08-10 00:01:01.216773376,1,9935,183,20
34.803514,-83.872695,2026-08-10 00:01:09.469126400,1,14966,191,22
35.767026,-81.831084,2026-08-10 00:01:11.214245120,1,13484,116,25
44.015782,-0.496527,2026-08-10 00:01:11.744146688,1,8525,94,24
44.459386,3.099103,2026-08-10 00:01:14.689666816,1,10498,63,228
44.420104,3.113015,2026-08-10 00:01:14.689674496,1,5082,114,213
44.405224,3.077297,2026-08-10 00:01:14.689664000,1,6133,256,211
44.478756,3.111294,2026-08-10 00:01:14.689687296,1,9689,198,209
44.482823,3.104942,2026-08-10 00:01:14.689686016,1,11975,165,204
43.772578,-1.161244,2026-08-10 00:01:22.905033472,1,7548,157,21
43.779576,-1.225581,2026-08-10 00:01:23.180575744,1,13578,109,33
43.863075,-1.185151,2026-08-10 00:01:23.180604160,1,13864,152,61
43.875409,-1.139495,2026-08-10 00:01:23.180602880,1,12440,238,45
43.876613,-1.110779,2026-08-10 00:01:23.180612864,1,7639,124,32
44.408789,3.097511,2026-08-10 00:01:32.261430784,1,13148,77,151
44.417124,3.095833,2026-08-10 00:01:32.261441024,1,10727,114,134
44.4834,3.126117,2026-08-10 00:01:32.261542656,1,9420,249,120
44.469042,3.090992,2026-08-10 00:01:32.261530880,1,8310,253,103
44.469267,3.103972,2026-08-10 00:01:32.261528576,1,10662,265,83
44.445604,3.085727,2026-08-10 00:01:32.261514752,1,2703,270,62
44.410689,3.027087,2026-08-10 00:01:32.261495296,1,2986,257,49
44.451131,3.090403,2026-08-10 00:01:32.261514240,1,1687,268,36
44.35617,3.095407,2026-08-10 00:01:41.380568576,1,7972,60,69
44.340676,3.059384,2026-08-10 00:01:41.380608256,1,10257,83,50
44.406455,3.133053,2026-08-10 00:01:41.380699904,1,12245,248,28
44.355457,3.10411,2026-08-10 00:01:41.666212096,1,5599,69,19
43.576755,-1.519859,2026-08-10 00:01:42.57723648,1,8356,126,152
43.583613,-1.564193,2026-08-10 00:01:42.57749760,1,7036,185,137
43.68076,-1.483453,2026-08-10 00:01:42.57851136,1,14613,149,122
43.609941,-1.527158,2026-08-10 00:01:42.57820928,1,4080,256,105
37.307849,2.665621,2026-08-10 00:01:49.911593984,1,14608,229,18
32.718768,-88.064178,2026-08-10 00:01:52.522064128,1,8081,121,31
43.872557,-1.128992,2026-08-10 00:01:53.145380864,1,14941,113,46
43.758303,-1.186901,2026-08-10 00:01:53.145331968,1,3771,267,33
43.783098,-1.172062,2026-08-10 00:01:53.145339136,1,13575,256,20
29.640505,-4.603668,2026-08-10 00:02:01.963413504,1,3254,246,107
44.206663,2.546828,2026-08-10 00:02:09.784922368,1,6934,70,20
8.809875,5.211813,2026-08-10 00:02:26.53455360,1,13245,206,21
44.452102,3.099662,2026-08-10 00:02:34.101640960,1,10776,68,276
44.447447,3.135035,2026-08-10 00:02:34.101648896,1,13927,107,267
44.475162,3.100124,2026-08-10 00:02:34.101668352,1,12504,175,256
44.45805,3.078144,2026-08-10 00:02:34.101674752,1,8605,134,251
44.475684,3.077751,2026-08-10 00:02:34.101671936,1,10774,156,241
44.428448,3.072744,2026-08-10 00:02:34.101659904,1,7553,252,230
44.220994,2.8535,2026-08-10 00:02:34.101629184,1,14088,229,217
46.83204,-65.587713,2026-08-10 00:02:42.229507328,1,13742,150,22
44.239527,0.180163,2026-08-10 00:02:50.344946432,1,10804,226,30
34.349495,-87.132354,2026-08-10 00:02:58.131566848,1,8174,176,32
20.557929,131.37204,2026-08-10 00:00:10.531689728,2,4335,254,23
15.805167,138.895316,2026-08-10 00:00:14.726661888,2,5813,253,31
20.54037,148.751031,2026-08-10 00:00:17.779953664,2,7249,265,26
27.58258,122.669095,2026-08-10 00:00:32.708776192,2,10548,151,26
25.065683,122.438835,2026-08-10 00:00:36.414966016,2,9489,136,23
35.435154,119.703828,2026-08-10 00:00:53.569164800,2,7513,158,42
35.406201,119.683763,2026-08-10 00:00:53.569158144,2,9241,240,18
22.354131,122.135608,2026-08-10 00:01:10.605663744,2,9606,156,23
-28.574725,150.797629,2026-08-10 00:01:18.707184384,2,14674,170,37
-3.318579,145.331852,2026-08-10 00:01:23.129503232,2,13411,171,34
36.287579,144.776166,2026-08-10 00:01:24.711102208,2,4970,264,39
36.390735,144.803841,2026-08-10 00:01:24.711097856,2,11040,264,25
35.587403,120.824007,2026-08-10 00:01:34.311676928,2,7936,233,24
25.966304,122.681235,2026-08-10 00:02:12.462857216,2,9609,198,43
26.039739,122.562033,2026-08-10 00:02:12.558156032,2,13247,138,22
36.320765,144.889564,2026-08-10 00:02:34.845303296,2,7578,268,44
20.724,129.584899,2026-08-10 00:02:36.163774464,2,14096,203,24
31.928823,-111.330265,2026-08-10 00:00:06.193065984,3,14247,112,40
32.003007,-111.275979,2026-08-10 00:00:06.193088768,3,4789,241,28
39.170533,-98.095499,2026-08-10 00:00:06.588202752,3,13476,81,29
39.385763,-99.14819,2026-08-10 00:00:07.454859520,3,13995,102,27
39.352107,-99.098936,2026-08-10 00:00:07.454886400,3,13297,90,28
33.800524,-110.931554,2026-08-10 00:00:08.117844224,3,10326,138,57
33.862566,-111.022927,2026-08-10 00:00:08.117871616,3,12310,192,48
34.008168,-110.931296,2026-08-10 00:00:08.117938688,3,4808,260,35
33.766803,-111.036415,2026-08-10 00:00:08.198620160,3,12929,124,26
41.858798,-103.511763,2026-08-10 00:00:08.216212992,3,14025,120,34
41.580285,-84.282472,2026-08-10 00:00:08.473382656,3,12054,98,21
41.363721,-84.060818,2026-08-10 00:00:08.650965760,3,6852,126,20
36.603382,-103.528124,2026-08-10 00:00:08.658004992,3,7344,159,33
36.570221,-103.513722,2026-08-10 00:00:08.658003968,3,9850,187,19
36.567648,-103.590488,2026-08-10 00:00:08.759933696,3,9403,127,23
36.566909,-103.602944,2026-08-10 00:00:08.820778240,3,10214,106,34
36.632334,-103.531365,2026-08-10 00:00:08.820813568,3,7930,200,18
36.56136,-103.599588,2026-08-10 00:00:08.887243264,3,8306,121,24
36.565671,-103.591905,2026-08-10 00:00:08.934195456,3,7712,127,29
36.565073,-103.587586,2026-08-10 00:00:08.998681088,3,7768,101,32
36.601101,-103.522137,2026-08-10 00:00:08.998700544,3,12604,187,19
37.673648,-81.331947,2026-08-10 00:00:09.286161664,3,10537,105,42
37.681512,-81.327731,2026-08-10 00:00:09.286211072,3,10962,181,22
41.534836,-84.182347,2026-08-10 00:00:09.296075776,3,7525,128,15
37.608943,-81.327428,2026-08-10 00:00:09.360514816,3,3100,202,41
37.932025,-81.311307,2026-08-10 00:00:09.360609024,3,13962,260,26
32.011794,-87.769856,2026-08-10 00:00:09.458966784,3,6364,133,54
32.014074,-87.873839,2026-08-10 00:00:09.458998784,3,12047,211,41
37.659785,-81.305634,2026-08-10 00:00:09.503509248,3,12638,139,17
37.67058,-81.317343,2026-08-10 00:00:09.551424512,3,10666,141,31
29.402577,-82.375245,2026-08-10 00:00:17.185932544,3,10060,129,65
29.412409,-82.332287,2026-08-10 00:00:17.185942528,3,7469,249,65
29.595679,-82.348263,2026-08-10 00:00:17.186018048,3,12995,251,50
29.544606,-82.368762,2026-08-10 00:00:17.186025728,3,5271,264,36
29.669701,-82.343734,2026-08-10 00:00:17.186064384,3,9745,252,23
38.617676,-82.879524,2026-08-10 00:00:17.317315072,3,8559,74,18
38.64397,-82.883092,2026-08-10 00:00:17.617782272,3,8004,54,41
26.362661,-105.665784,2026-08-10 00:00:19.301164800,3,9335,252,23
33.341931,-109.393301,2026-08-10 00:00:19.845463808,3,13159,119,51
33.32486,-109.322523,2026-08-10 00:00:19.845491456,3,6944,192,38
33.655227,-109.332334,2026-08-10 00:00:19.845612032,3,6426,257,25
33.259168,-109.40932,2026-08-10 00:00:19.935629056,3,9456,131,25
27.322919,-105.967875,2026-08-10 00:00:20.52131328,3,12003,249,37
54.427652,-115.736879,2026-08-10 00:00:20.515503616,3,12297,253,25
47.572237,-66.552485,2026-08-10 00:00:20.686131712,3,6145,118,61
32.713402,-88.059161,2026-08-10 00:00:20.687855616,3,4811,120,77
32.732748,-88.098727,2026-08-10 00:00:20.687864320,3,5519,171,72
41.537505,-84.243996,2026-08-10 00:00:28.911322368,3,12687,94,69
41.517219,-84.266698,2026-08-10 00:00:28.911328512,3,14539,95,55
41.528163,-84.255095,2026-08-10 00:00:28.911344640,3,14284,110,39
41.527075,-84.197153,2026-08-10 00:00:28.911361536,3,12470,86,25
41.447349,-84.090413,2026-08-10 00:00:28.935894528,3,8715,208,94
41.428141,-84.035682,2026-08-10 00:00:28.935913984,3,10511,91,78
41.464198,-84.049406,2026-08-10 00:00:28.935921920,3,6181,172,54
41.446286,-84.007295,2026-08-10 00:00:28.935931392,3,5342,180,39
41.845792,-103.592004,2026-08-10 00:00:29.543838976,3,6749,120,19
47.641901,-66.305137,2026-08-10 00:00:29.707605504,3,10331,117,23
19.81065,-90.925303,2026-08-10 00:00:29.834459136,3,5761,212,22
34.238291,-70.585828,2026-08-10 00:00:37.165973760,3,3821,158,32
34.31008,-70.606376,2026-08-10 00:00:37.166040064,3,8060,270,25
41.320205,-84.020437,2026-08-10 00:00:37.625155584,3,13196,126,21
35.765119,-81.825137,2026-08-10 00:00:37.636591616,3,11578,121,58
35.808681,-81.827762,2026-08-10 00:00:37.636643584,3,11508,194,38
35.796753,-81.824075,2026-08-10 00:00:37.636640512,3,6462,148,27
35.758307,-81.80489,2026-08-10 00:00:37.728628992,3,8743,123,49
35.810356,-81.83385,2026-08-10 00:00:37.728653056,3,10806,246,36
41.36732,-84.063483,2026-08-10 00:00:37.803561728,3,10759,108,14
25.726443,-99.093705,2026-08-10 00:00:38.189687808,3,13807,262,24
32.006737,-87.793038,2026-08-10 00:00:38.215516416,3,4758,130,82
32.006646,-87.807177,2026-08-10 00:00:38.215521024,3,6427,181,69
32.16211,-87.798309,2026-08-10 00:00:38.215577088,3,8333,195,55
32.047039,-87.820975,2026-08-10 00:00:38.245946880,3,11780,205,19
41.196038,-83.976232,2026-08-10 00:00:46.220879616,3,14511,62,82
41.187113,-83.973257,2026-08-10 00:00:46.220895232,3,11672,88,69
41.185595,-84.011527,2026-08-10 00:00:46.220891904,3,4444,139,46
41.171564,-83.959209,2026-08-10 00:00:46.220903424,3,9251,105,33
56.122864,-117.223795,2026-08-10 00:00:46.555606528,3,14049,239,21
51.637968,-70.263651,2026-08-10 00:00:47.511092224,3,12342,231,40
51.639406,-70.287171,2026-08-10 00:00:47.511127040,3,7286,251,27
38.811311,-57.058584,2026-08-10 00:00:47.838795776,3,4494,263,25
27.39839,-81.440801,2026-08-10 00:00:48.485476352,3,10234,132,37
27.770708,-81.641567,2026-08-10 00:00:48.553807104,3,11160,267,34
27.501646,-81.440065,2026-08-10 00:00:48.553731328,3,7662,254,19
24.817821,-111.366525,2026-08-10 00:00:48.907286528,3,11908,212,52
41.472084,-83.928554,2026-08-10 00:00:49.200998656,3,10305,91,60
41.484022,-83.923229,2026-08-10 00:00:49.201000704,3,6869,80,44
41.491858,-83.972756,2026-08-10 00:00:49.201027072,3,7269,171,30
32.081194,-87.841157,2026-08-10 00:00:49.454310400,3,8839,181,22
41.59963,-84.200146,2026-08-10 00:00:51.143986176,3,13202,71,18
41.19881,-84.081145,2026-08-10 00:00:51.559299072,3,11305,101,19
40.910573,-84.170976,2026-08-10 00:00:51.669762560,3,12155,100,19
41.459061,-84.154251,2026-08-10 00:00:51.912263168,3,6824,121,41
41.461728,-84.169757,2026-08-10 00:00:51.912268800,3,14012,80,37
25.788976,-105.371615,2026-08-10 00:00:52.62896128,3,10625,263,41
35.128749,-105.067401,2026-08-10 00:00:52.435953664,3,10885,115,36
35.171788,-105.07452,2026-08-10 00:00:52.436009216,3,5100,212,23
33.343704,-111.25874,2026-08-10 00:00:53.10720000,3,9589,155,37
25.487015,-98.84788,2026-08-10 00:00:53.317433856,3,9303,221,54
47.556683,-66.418492,2026-08-10 00:00:53.372591360,3,12415,117,60
47.543618,-66.428007,2026-08-10 00:00:53.372595456,3,5521,163,38
34.578996,-86.895423,2026-08-10 00:01:01.128897280,3,11094,84,17
34.564394,-86.908233,2026-08-10 00:01:01.128902144,3,4558,172,66
34.553413,-86.921479,2026-08-10 00:01:01.128897792,3,9244,199,53
34.644988,-86.987508,2026-08-10 00:01:01.128950272,3,13665,258,40
34.668525,-86.890594,2026-08-10 00:01:01.128970240,3,7534,223,27
34.549766,-86.862956,2026-08-10 00:01:01.216729088,3,6529,127,41
34.550353,-86.896564,2026-08-10 00:01:01.216737024,3,13092,90,40
34.633582,-86.896223,2026-08-10 00:01:01.216797440,3,6673,234,27
34.551684,-86.895486,2026-08-10 00:01:01.282556416,3,14034,79,22
41.327643,-83.941855,2026-08-10 00:01:01.413177344,3,14742,124,28
35.151341,-105.122765,2026-08-10 00:01:02.94536448,3,7429,144,25
41.426595,-83.865546,2026-08-10 00:01:02.401524992,3,7500,135,18
41.403642,-83.879945,2026-08-10 00:01:02.401528320,3,5772,61,37
41.344482,-83.997679,2026-08-10 00:01:02.401524480,3,7975,180,24
32.013821,-87.779973,2026-08-10 00:01:03.8322560,3,9700,120,42
35.016111,-81.686069,2026-08-10 00:01:03.669025792,3,6667,144,56
35.078591,-81.696694,2026-08-10 00:01:03.669046016,3,5483,200,44
35.058222,-81.676303,2026-08-10 00:01:03.669072640,3,13989,158,29
36.536311,-103.618635,2026-08-10 00:01:04.226570752,3,8560,124,32
36.599059,-103.528132,2026-08-10 00:01:04.226601728,3,9858,187,18
36.561339,-103.52058,2026-08-10 00:01:04.283607040,3,12121,96,41
36.597498,-103.511922,2026-08-10 00:01:04.283659520,3,5985,169,27
36.62525,-103.528775,2026-08-10 00:01:04.358574336,3,14899,100,27
41.486165,-84.020232,2026-08-10 00:01:06.775820032,3,14610,91,17
32.437677,-97.978145,2026-08-10 00:01:06.801902080,3,12505,188,32
32.47163,-97.984239,2026-08-10 00:01:06.801911040,3,12780,217,26
24.828985,-111.376307,2026-08-10 00:01:07.68125440,3,11438,261,24
55.756566,-119.738779,2026-08-10 00:01:07.176104704,3,12377,146,42
55.64497,-119.701863,2026-08-10 00:01:07.176180224,3,13833,253,36
33.466052,-111.111896,2026-08-10 00:01:07.546438912,3,11193,181,36
33.635887,-110.990052,2026-08-10 00:01:07.546511616,3,9054,232,25
37.855772,-81.219677,2026-08-10 00:01:08.594289152,3,4923,118,22
37.867057,-81.243701,2026-08-10 00:01:08.751868672,3,9257,95,18
34.859247,-83.688854,2026-08-10 00:01:09.469140480,3,7158,93,23
34.84801,-83.666138,2026-08-10 00:01:09.469140992,3,10026,109,50
34.882547,-83.67241,2026-08-10 00:01:09.469186048,3,7531,195,35
34.856161,-83.678144,2026-08-10 00:01:09.503568128,3,13555,102,26
34.906025,-83.704681,2026-08-10 00:01:09.503623424,3,6887,194,20
34.834206,-83.67717,2026-08-10 00:01:09.577347584,3,12835,88,29
46.686238,-65.226762,2026-08-10 00:01:10.248429568,3,10415,155,19
41.459716,-84.152952,2026-08-10 00:01:10.929674496,3,8575,93,19
35.798335,-81.822195,2026-08-10 00:01:11.214239232,3,4324,200,72
35.817261,-81.828059,2026-08-10 00:01:11.214246400,3,7989,123,59
35.807007,-81.82733,2026-08-10 00:01:11.214247168,3,10271,129,46
35.88663,-81.903338,2026-08-10 00:01:11.214292224,3,8273,203,31
47.531154,-66.226648,2026-08-10 00:01:11.280637696,3,4051,169,41
47.529497,-66.156787,2026-08-10 00:01:11.280626944,3,3471,261,35
35.782034,-81.804393,2026-08-10 00:01:11.342591488,3,10039,134,16
35.705309,-81.935846,2026-08-10 00:01:11.563992832,3,5336,265,28
35.806552,-81.829924,2026-08-10 00:01:11.564040960,3,6131,198,15
49.055916,-74.260528,2026-08-10 00:01:12.330592000,3,11253,57,34
33.008003,-109.725297,2026-08-10 00:01:13.325960192,3,14156,165,39
41.327364,-83.93048,2026-08-10 00:01:13.468368384,3,6813,119,28
23.769437,-102.922628,2026-08-10 00:01:13.606971392,3,5988,262,26
37.944854,-80.956262,2026-08-10 00:01:16.783700480,3,4447,173,53
37.960807,-80.984165,2026-08-10 00:01:16.783702272,3,8291,159,47
37.982006,-80.953732,2026-08-10 00:01:16.783722240,3,8463,113,33
37.944102,-80.955314,2026-08-10 00:01:16.823620864,3,6669,95,15
37.982641,-80.959767,2026-08-10 00:01:16.823639296,3,4814,224,30
50.566027,-66.578989,2026-08-10 00:01:17.584628736,3,9124,143,33
50.705778,-66.001646,2026-08-10 00:01:17.584530944,3,13927,268,28
35.860087,-82.033272,2026-08-10 00:01:17.933144064,3,9883,81,67
35.85799,-82.140698,2026-08-10 00:01:17.933163264,3,11081,162,40
35.895112,-82.018092,2026-08-10 00:01:17.933192704,3,11492,199,26
25.469339,-98.875224,2026-08-10 00:01:18.374293504,3,11937,220,31
33.028353,-110.853561,2026-08-10 00:01:18.497202176,3,8504,163,29
46.473657,-65.189539,2026-08-10 00:01:18.681376000,3,4776,195,36
46.426558,-65.250516,2026-08-10 00:01:18.771144192,3,4884,157,31
41.481073,-84.027541,2026-08-10 00:01:25.815180544,3,13525,97,32
34.580901,-86.856387,2026-08-10 00:01:25.941806848,3,10541,113,18
34.561459,-86.871669,2026-08-10 00:01:26.12775168,3,12823,160,22
39.893889,-112.593329,2026-08-10 00:01:26.451200512,3,12815,120,25
37.972247,-80.7111,2026-08-10 00:01:27.14718464,3,5226,121,26
37.944803,-80.730602,2026-08-10 00:01:27.14733568,3,13573,162,23
47.265168,-67.85976,2026-08-10 00:01:27.297075712,3,5016,102,20
37.889237,-81.203184,2026-08-10 00:01:35.51261952,3,10074,96,18
35.198645,-104.978051,2026-08-10 00:01:35.956626944,3,6317,143,23
32.003596,-88.121038,2026-08-10 00:01:36.531565568,3,9194,121,20
27.499436,-107.402662,2026-08-10 00:01:36.582712832,3,12207,239,25
31.989823,-88.158444,2026-08-10 00:01:36.616801536,3,7176,121,31
32.069025,-88.180351,2026-08-10 00:01:36.616871936,3,7923,200,17
35.780339,-81.809634,2026-08-10 00:01:37.460791040,3,10924,94,16
41.26448,-84.032349,2026-08-10 00:01:37.900136704,3,11331,88,61
41.26335,-84.02838,2026-08-10 00:01:37.900140288,3,9828,81,40
41.200265,-83.805915,2026-08-10 00:01:38.208740608,3,14288,86,21
41.340547,-83.930498,2026-08-10 00:01:40.527063552,3,14666,103,20
25.181225,-106.726303,2026-08-10 00:01:40.786345984,3,12715,255,22
37.981372,-80.716651,2026-08-10 00:01:41.67379200,3,10217,105,34
38.015309,-80.730059,2026-08-10 00:01:41.67389952,3,9061,122,28
34.22974,-70.506641,2026-08-10 00:01:41.193211136,3,5281,158,35
34.232209,-70.501249,2026-08-10 00:01:41.242214144,3,6670,167,22
23.045862,-98.920672,2026-08-10 00:01:42.515826432,3,9584,240,42
23.032627,-98.897817,2026-08-10 00:01:42.515821568,3,5951,260,27
37.513055,-112.172698,2026-08-10 00:01:44.459792640,3,14588,99,53
37.547914,-112.248644,2026-08-10 00:01:44.459830528,3,14555,102,41
37.515087,-112.308804,2026-08-10 00:01:44.459809792,3,13356,228,28
28.01655,-107.49776,2026-08-10 00:01:45.534804480,3,9574,212,23
28.120002,-107.510302,2026-08-10 00:01:45.534830592,3,6712,169,33
33.26476,-109.405985,2026-08-10 00:01:45.731270656,3,7800,95,41
33.223233,-109.416299,2026-08-10 00:01:45.731268352,3,14106,178,47
33.445238,-109.367213,2026-08-10 00:01:45.731332096,3,5068,254,30
33.353507,-109.376581,2026-08-10 00:01:45.796731648,3,14871,156,53
33.417165,-109.378551,2026-08-10 00:01:45.796793856,3,5114,230,37
33.419124,-109.398059,2026-08-10 00:01:45.796803072,3,9651,263,23
33.341282,-109.400754,2026-08-10 00:01:45.908904704,3,12592,127,55
33.35889,-109.377145,2026-08-10 00:01:45.908947200,3,10998,193,39
41.492452,-84.03107,2026-08-10 00:01:46.885838592,3,8771,91,36
41.481608,-84.041629,2026-08-10 00:01:46.885841664,3,13702,80,22
29.002438,-104.842705,2026-08-10 00:01:47.788851712,3,8850,220,24
35.805585,-81.944786,2026-08-10 00:01:48.679980032,3,7473,126,69
35.873936,-81.937145,2026-08-10 00:01:48.680014080,3,6875,251,51
35.878604,-81.930212,2026-08-10 00:01:48.680016384,3,7564,198,38
35.784553,-81.953663,2026-08-10 00:01:48.748125952,3,10012,162,38
35.823359,-81.944233,2026-08-10 00:01:48.748169984,3,4346,198,26
23.120367,-104.340358,2026-08-10 00:01:48.788289536,3,9248,270,21
47.547195,-66.399907,2026-08-10 00:01:48.910118400,3,7609,158,36
36.538131,-103.513601,2026-08-10 00:01:48.916971264,3,11061,113,39
36.466773,-103.432977,2026-08-10 00:01:48.917007616,3,13711,124,29
36.583057,-103.513036,2026-08-10 00:01:48.917031680,3,8372,187,16
24.653036,-99.051844,2026-08-10 00:01:49.426757376,3,13626,227,34
24.851685,-101.417825,2026-08-10 00:01:50.865898496,3,8054,256,32
25.59115,-98.878328,2026-08-10 00:01:52.311815936,3,8065,240,37
25.56994,-98.87726,2026-08-10 00:01:52.311815936,3,6255,255,25
32.718668,-88.07397,2026-08-10 00:01:52.522060288,3,10043,112,94
32.710083,-88.078997,2026-08-10 00:01:52.522067712,3,11693,118,75
33.513586,-87.812455,2026-08-10 00:01:52.522351616,3,9178,267,57
32.728315,-88.122309,2026-08-10 00:01:52.522101760,3,5448,166,43
41.774017,-103.516437,2026-08-10 00:01:52.580110592,3,6351,257,51
41.854927,-103.454775,2026-08-10 00:01:52.580138752,3,11816,140,38
32.711689,-88.068401,2026-08-10 00:01:52.585890304,3,11308,112,36
36.138369,-79.744707,2026-08-10 00:01:52.765792768,3,7295,110,24
38.624116,-82.869133,2026-08-10 00:01:53.392540672,3,12913,76,23
42.351025,-102.913663,2026-08-10 00:01:54.83739136,3,10733,254,38
37.958868,-80.705795,2026-08-10 00:01:54.270576384,3,12730,90,45
37.977257,-80.707556,2026-08-10 00:01:54.270620160,3,4416,181,24
47.655646,-66.422596,2026-08-10 00:01:57.116104192,3,5528,112,19
35.146054,-79.297986,2026-08-10 00:01:57.314242560,3,14826,139,31
32.185682,-87.620671,2026-08-10 00:01:57.623887104,3,6913,117,65
32.208305,-87.64751,2026-08-10 00:01:57.623899392,3,5573,209,58
32.265775,-87.617593,2026-08-10 00:01:57.623959296,3,7605,253,43
37.687598,-81.365103,2026-08-10 00:01:57.755644928,3,7684,91,34
37.710702,-81.374453,2026-08-10 00:01:57.755650816,3,13099,124,29
22.12015,-105.341574,2026-08-10 00:01:57.872017408,3,6689,246,36
42.699225,-102.823728,2026-08-10 00:01:58.801623552,3,9648,95,31
29.633786,-82.14232,2026-08-10 00:01:59.110738432,3,13077,130,65
29.673427,-82.155488,2026-08-10 00:01:59.110780928,3,9311,240,54
38.622375,-82.962165,2026-08-10 00:02:06.439437056,3,7628,117,19
38.611034,-83.066025,2026-08-10 00:02:06.439446784,3,8553,258,22
41.325014,-83.830305,2026-08-10 00:02:06.774321408,3,13255,169,22
38.618816,-82.950177,2026-08-10 00:02:06.862122496,3,9728,57,19
35.009044,-81.623147,2026-08-10 00:02:08.375825152,3,4703,69,70
35.000194,-81.60675,2026-08-10 00:02:08.375832320,3,6961,129,56
35.053237,-81.633323,2026-08-10 00:02:08.375847424,3,4633,201,37
35.025683,-81.627298,2026-08-10 00:02:08.429277440,3,6766,109,27
35.008422,-81.615252,2026-08-10 00:02:08.459590656,3,10999,104,58
35.041759,-81.638452,2026-08-10 00:02:08.459604736,3,6023,254,37
35.059092,-81.647764,2026-08-10 00:02:08.459644416,3,11578,154,25
41.231458,-83.807509,2026-08-10 00:02:08.476049920,3,11005,118,16
47.39414,-66.825877,2026-08-10 00:02:08.634781184,3,7213,161,31
47.394933,-66.844813,2026-08-10 00:02:08.634783488,3,7474,171,19
36.178794,-79.748406,2026-08-10 00:02:10.140526080,3,10744,151,19
36.13432,-79.734103,2026-08-10 00:02:10.140562432,3,13458,140,16
36.157478,-79.748645,2026-08-10 00:02:10.173829632,3,9217,180,48
36.198191,-79.736016,2026-08-10 00:02:10.173854208,3,12280,203,28
36.19323,-79.748986,2026-08-10 00:02:10.219171328,3,6624,139,34
36.228599,-79.726181,2026-08-10 00:02:10.219229952,3,10101,252,21
36.167855,-79.747145,2026-08-10 00:02:10.291449344,3,8779,215,37
36.195981,-79.765636,2026-08-10 00:02:10.291501568,3,8250,203,30
36.131947,-79.730793,2026-08-10 00:02:10.422527744,3,9129,110,34
36.160182,-79.742772,2026-08-10 00:02:10.422581504,3,8671,251,25
31.817282,-88.350626,2026-08-10 00:02:10.578183168,3,10500,124,23
54.223156,-112.757112,2026-08-10 00:02:11.652517376,3,11552,129,31
54.175811,-112.880176,2026-08-10 00:02:11.652551680,3,7696,201,49
19.624898,-90.511334,2026-08-10 00:02:14.713289472,3,14321,217,14
56.232179,-118.881936,2026-08-10 00:02:15.10584064,3,11506,145,25
41.637462,-84.259898,2026-08-10 00:02:15.356957952,3,5997,87,27
41.237996,-83.881006,2026-08-10 00:02:16.818739200,3,13841,122,14
48.543147,-79.763842,2026-08-10 00:02:17.809628160,3,13457,161,21
26.463132,-105.708164,2026-08-10 00:02:17.833689088,3,12774,245,23
39.725236,-110.866772,2026-08-10 00:02:18.482331648,3,7887,117,64
39.842794,-110.934451,2026-08-10 00:02:18.482351360,3,12730,151,49
32.730186,-88.049038,2026-08-10 00:02:27.809720832,3,6164,119,18
32.720064,-88.128194,2026-08-10 00:02:27.809745664,3,10351,128,36
32.700749,-88.089303,2026-08-10 00:02:27.899808000,3,13814,120,22
41.383435,-84.144918,2026-08-10 00:02:28.83613440,3,8735,104,22
34.986365,-81.621589,2026-08-10 00:02:29.504904704,3,5975,67,42
35.026274,-81.625572,2026-08-10 00:02:29.504954624,3,8571,263,22
41.333698,-84.173703,2026-08-10 00:02:30.257983232,3,13719,82,18
40.761394,-84.425291,2026-08-10 00:02:31.138118656,3,13016,80,18
23.459327,-100.266554,2026-08-10 00:02:32.473750016,3,5064,258,36
23.10137,-104.314618,2026-08-10 00:02:33.455799552,3,9385,240,33
34.087644,-111.375332,2026-08-10 00:02:33.656375040,3,13159,137,30
29.134974,-108.05168,2026-08-10 00:02:34.552601856,3,6525,184,18
29.249813,-108.018022,2026-08-10 00:02:34.552674048,3,7943,251,42
31.307536,-87.7362,2026-08-10 00:02:34.889709568,3,11675,192,29
55.416987,-121.176297,2026-08-10 00:02:35.418427392,3,9396,191,69
32.826861,-87.65195,2026-08-10 00:02:42.682267392,3,10843,120,16
32.848204,-87.654417,2026-08-10 00:02:42.682317824,3,12251,234,25
34.593918,-86.860263,2026-08-10 00:02:43.695019008,3,14045,80,74
34.611509,-86.874852,2026-08-10 00:02:43.695031296,3,9700,179,59
34.635512,-86.861705,2026-08-10 00:02:43.695072768,3,7733,223,39
34.644558,-86.864959,2026-08-10 00:02:43.695077632,3,8775,223,26
36.179257,-79.783282,2026-08-10 00:02:43.865550848,3,11177,209,36
36.133974,-79.76967,2026-08-10 00:02:43.932621056,3,13496,106,34
36.184338,-79.788069,2026-08-10 00:02:43.932683264,3,11807,200,14
41.501216,-84.285877,2026-08-10 00:02:45.398523904,3,13926,130,13
26.570196,-112.565733,2026-08-10 00:02:45.460788480,3,8788,254,25
40.605728,-84.887669,2026-08-10 00:02:45.562896896,3,13968,77,13
31.576461,-90.01712,2026-08-10 00:02:45.792017920,3,13673,155,25
41.190872,-83.998671,2026-08-10 00:02:46.381168128,3,10618,87,54
41.199509,-83.989836,2026-08-10 00:02:46.381168128,3,6814,82,33
33.052216,-109.259317,2026-08-10 00:02:46.840458240,3,7688,141,29
33.103688,-109.273508,2026-08-10 00:02:46.840461056,3,14554,193,25
41.225785,-83.817652,2026-08-10 00:02:47.636160,3,8061,121,20
38.631231,-82.853028,2026-08-10 00:02:47.62014464,3,7217,72,17
42.317758,-103.076924,2026-08-10 00:02:47.526838784,3,5376,189,74
42.335444,-102.961199,2026-08-10 00:02:47.526868992,3,5787,187,60
42.353971,-103.02652,2026-08-10 00:02:47.526862592,3,8677,110,47
32.043125,-87.810633,2026-08-10 00:02:48.318468864,3,4644,181,107
32.021527,-87.810793,2026-08-10 00:02:48.318469632,3,5939,181,94
32.035222,-87.719479,2026-08-10 00:02:48.318502144,3,13152,243,67
41.497342,-84.043771,2026-08-10 00:02:55.795488768,3,9287,131,17
46.70896,37.180452,2026-08-10 00:00:03.37971200,4,10789,183,21
43.744172,-1.556344,2026-08-10 00:00:06.290578944,4,13269,138,19
20.556689,131.373362,2026-08-10 00:00:10.531689216,4,4558,254,24
55.984354,62.808924,2026-08-10 00:00:12.475560192,4,11900,158,28
55.914531,63.255201,2026-08-10 00:00:13.784921856,4,13279,158,27
44.558786,3.197165,2026-08-10 00:00:13.913563392,4,8930,139,29
45.597464,3.256623,2026-08-10 00:00:17.681364224,4,13830,143,23
45.598709,3.293953,2026-08-10 00:00:17.693233664,4,9997,143,16
27.575124,122.670428,2026-08-10 00:00:32.708774144,4,6026,151,29
45.395344,3.848991,2026-08-10 00:00:33.87276288,4,14144,138,27
45.462173,3.908905,2026-08-10 00:00:33.760748288,4,5834,167,25
45.541254,3.97455,2026-08-10 00:00:33.760777984,4,13397,269,34
45.471866,3.797411,2026-08-10 00:00:33.818157056,4,9896,139,31
45.456274,3.777903,2026-08-10 00:00:33.908984832,4,11642,139,31
46.196827,-0.144858,2026-08-10 00:00:40.31393280,4,11056,201,34
44.055273,-0.239033,2026-08-10 00:00:51.359865088,4,13676,166,47
35.435164,119.703764,2026-08-10 00:00:53.569162752,4,7512,158,49
44.445631,3.022584,2026-08-10 00:01:06.166609920,4,9662,156,19
44.516262,3.16614,2026-08-10 00:01:06.265619968,4,6524,263,22
44.479625,2.983662,2026-08-10 00:01:06.317840896,4,8156,140,26
22.351226,122.132565,2026-08-10 00:01:10.605665024,4,9607,156,25
36.415599,144.722418,2026-08-10 00:01:24.711123200,4,10490,268,31
43.910848,2.157608,2026-08-10 00:02:03.886956544,4,8425,248,25
43.951474,2.453261,2026-08-10 00:02:03.950262528,4,11110,269,21
44.151293,2.466771,2026-08-10 00:02:09.802892544,4,11357,158,15
26.029667,122.543197,2026-08-10 00:02:12.462839808,4,6296,214,41
26.0346,122.560433,2026-08-10 00:02:12.558157824,4,9700,138,25
15.119503,118.631308,2026-08-10 00:02:14.303109120,4,10499,266,23
45.666342,3.419131,2026-08-10 00:02:19.711134720,4,14699,143,24
46.062091,48.361354,2026-08-10 00:02:22.310808320,4,13062,181,21
43.682807,-1.787155,2026-08-10 00:02:26.151513856,4,8068,145,17
44.095903,-0.004281,2026-08-10 00:02:29.965668608,4,6154,249,55
36.308817,144.878876,2026-08-10 00:02:34.845307136,4,3807,269,48
36.380383,144.793819,2026-08-10 00:02:34.845339136,4,4451,263,33
20.681604,129.649469,2026-08-10 00:02:36.163766272,4,11110,203,30
41.368867,-83.877849,2026-08-10 00:02:36.429179904,4,7946,94,19
41.395685,-83.895115,2026-08-10 00:02:36.528119552,4,12343,61,19
46.361441,0.441685,2026-08-10 00:02:51.124404992,4,9483,169,33
20.005839,-85.302714,2026-08-10 00:00:31.288033536,7,13393,231,14
29.567817,-82.092577,2026-08-10 00:01:59.110766592,7,5993,114,21
29.716228,-36.249106,2026-08-10 00:02:18.130813440,7,6959,258,60
8.805376,5.330556,2026-08-10 00:00:27.973250560,5,10130,181,15
8.786598,5.085657,2026-08-10 00:02:26.53432320,5,6674,231,16
20.494234,131.359503,2026-08-10 00:00:10.531670528,9,4452,200,20
20.603634,131.400936,2026-08-10 00:00:10.755236352,9,3962,254,20
20.528176,148.741274,2026-08-10 00:00:17.779954432,9,4633,265,19
35.57209,120.752403,2026-08-10 00:00:25.922909440,9,12727,221,14
27.582621,122.669129,2026-08-10 00:00:32.708775680,9,10547,151,28
35.506223,119.844367,2026-08-10 00:00:53.140680960,9,6971,225,13
35.461933,119.681527,2026-08-10 00:00:53.569154304,9,2627,264,48
35.394886,119.757878,2026-08-10 00:00:53.569177088,9,3116,151,36
35.588602,120.796816,2026-08-10 00:01:04.759018496,9,7486,221,21
35.603266,120.851174,2026-08-10 00:01:04.759038464,9,7362,234,10
35.594789,120.835129,2026-08-10 00:01:04.822353152,9,9797,210,14
36.352684,144.848791,2026-08-10 00:01:24.711082752,9,8631,269,38
36.219058,145.298108,2026-08-10 00:01:24.711007744,9,14117,267,21
35.573589,120.785261,2026-08-10 00:01:34.215155968,9,7582,245,13
35.515627,120.765516,2026-08-10 00:01:34.311660032,9,7948,221,29
35.614838,120.833846,2026-08-10 00:01:34.311688192,9,5420,234,13
18.893592,158.872627,2026-08-10 00:02:08.887558656,9,4210,223,25
26.022238,122.561659,2026-08-10 00:02:12.462841856,9,4764,214,46
26.104379,122.463982,2026-08-10 00:02:12.509530624,9,5396,215,33
25.621793,122.138257,2026-08-10 00:02:12.557947648,9,3911,180,24
15.144882,118.638458,2026-08-10 00:02:14.303108096,9,5164,266,23
22.428935,122.136361,2026-08-10 00:02:16.653419008,9,9701,155,18
44.07629,-0.172779,2026-08-10 00:02:29.965619968,9,9199,152,15
35.567508,120.78985,2026-08-10 00:02:30.906491648,9,3467,221,18
15.119118,118.885832,2026-08-10 00:02:31.590002688,9,6469,269,16
36.326378,144.882107,2026-08-10 00:02:34.845311744,9,6972,267,46
36.405028,144.74951,2026-08-10 00:02:34.845353984,9,3820,258,23
20.727047,129.587873,2026-08-10 00:02:36.163772928,9,13248,203,28
15.633813,119.601243,2026-08-10 00:02:37.969239040,9,9092,236,19
35.582982,120.333651,2026-08-10 00:02:38.110456576,9,11604,230,12
51.907342,-73.824775,2026-08-10 00:00:00.392461568,13,11311,257,22
28.653091,-104.133329,2026-08-10 00:00:00.728492800,13,10169,226,22
35.106645,-79.268307,2026-08-10 00:00:01.739674112,13,5530,174,73
35.129038,-79.299264,2026-08-10 00:00:01.739692032,13,8344,160,49
35.187007,-79.295649,2026-08-10 00:00:01.739712000,13,11282,216,31
36.10708,-79.730804,2026-08-10 00:00:01.851222528,13,12499,101,32
36.144279,-79.747434,2026-08-10 00:00:01.955610368,13,5975,204,34
36.121124,-79.749295,2026-08-10 00:00:01.955640576,13,7319,212,23
36.143917,-79.741075,2026-08-10 00:00:02.276468736,13,5089,216,28
40.751277,-84.468594,2026-08-10 00:00:03.35559936,13,11977,90,36
40.749872,-84.457402,2026-08-10 00:00:03.35553536,13,12324,119,31
35.072084,-105.08631,2026-08-10 00:00:03.548746752,13,7647,94,45
35.194225,-105.069818,2026-08-10 00:00:03.548783616,13,10582,181,33
35.207455,-105.051221,2026-08-10 00:00:03.548797696,13,13286,221,21
24.788234,-111.358442,2026-08-10 00:00:03.909524992,13,9521,262,37
25.594733,-98.866993,2026-08-10 00:00:03.920682240,13,13192,222,39
35.755952,-81.836966,2026-08-10 00:00:04.554410752,13,7024,203,30
34.826808,-86.627719,2026-08-10 00:00:06.262066432,13,7589,157,24
39.170533,-98.095496,2026-08-10 00:00:06.588202752,13,13476,81,29
39.385736,-99.148256,2026-08-10 00:00:07.454859520,13,13996,102,40
39.352102,-99.098937,2026-08-10 00:00:07.454886400,13,13297,90,28
33.843923,-110.974449,2026-08-10 00:00:08.117841152,13,14298,144,44
41.580284,-84.282473,2026-08-10 00:00:08.473382656,13,12055,98,21
41.348364,-84.037893,2026-08-10 00:00:08.650970112,13,6820,103,27
36.587193,-103.519154,2026-08-10 00:00:08.658003200,13,14407,106,30
36.603049,-103.534666,2026-08-10 00:00:08.658011648,13,9277,187,21
36.567651,-103.590484,2026-08-10 00:00:08.759933696,13,9402,127,23
36.56983,-103.607681,2026-08-10 00:00:08.820777728,13,11850,106,33
36.564611,-103.605142,2026-08-10 00:00:08.887236352,13,11532,121,23
36.617211,-103.540301,2026-08-10 00:00:08.934223616,13,5273,187,29
36.568951,-103.593583,2026-08-10 00:00:08.998682624,13,6759,100,28
37.67026,-81.336989,2026-08-10 00:00:09.286160128,13,10264,105,36
37.681508,-81.327733,2026-08-10 00:00:09.286211072,13,10962,181,22
37.608934,-81.327427,2026-08-10 00:00:09.360514816,13,3101,202,41
37.644516,-81.326747,2026-08-10 00:00:09.360514816,13,10304,224,29
32.01168,-87.795642,2026-08-10 00:00:09.458963712,13,11442,145,34
32.139876,-87.78627,2026-08-10 00:00:09.459035648,13,7997,247,37
32.062519,-87.831182,2026-08-10 00:00:09.844475392,13,8279,202,29
35.461705,-104.670824,2026-08-10 00:00:10.278233344,13,13803,94,49
35.524368,-104.67481,2026-08-10 00:00:10.278278144,13,9259,208,36
41.578323,-84.18528,2026-08-10 00:00:11.464677632,13,13153,93,15
41.560169,-84.216778,2026-08-10 00:00:11.469684992,13,9603,107,14
37.992008,-80.687109,2026-08-10 00:00:12.512260864,13,9704,104,24
47.238788,-67.794699,2026-08-10 00:00:13.246524160,13,9298,102,47
48.947326,-104.425364,2026-08-10 00:00:14.271234304,13,14361,149,38
40.922898,-84.276072,2026-08-10 00:00:14.476675584,13,8149,148,32
40.858283,-84.193891,2026-08-10 00:00:14.476715520,13,8946,90,24
42.361776,-103.13028,2026-08-10 00:00:14.688516096,13,12159,96,28
34.710489,-83.90179,2026-08-10 00:00:15.940855296,13,14894,95,49
29.401606,-82.371121,2026-08-10 00:00:17.185933056,13,6640,160,29
29.444231,-82.351655,2026-08-10 00:00:17.185951488,13,7504,240,66
38.636365,-82.877066,2026-08-10 00:00:17.617779968,13,9875,55,42
26.362608,-105.665825,2026-08-10 00:00:19.301164800,13,9335,252,23
33.341933,-109.393303,2026-08-10 00:00:19.845463808,13,13160,119,37
27.388412,-105.876196,2026-08-10 00:00:20.52167936,13,11822,236,37
47.569119,-66.542367,2026-08-10 00:00:20.686129408,13,7688,119,39
32.724899,-88.068383,2026-08-10 00:00:20.687850752,13,8699,120,80
32.723489,-88.073381,2026-08-10 00:00:20.687857408,13,3174,128,70
32.711982,-88.096617,2026-08-10 00:00:20.764636672,13,12823,171,38
42.522264,-103.096001,2026-08-10 00:00:20.900937472,13,5641,93,42
32.780935,-88.220472,2026-08-10 00:00:20.929257728,13,12450,199,26
32.722089,-88.067041,2026-08-10 00:00:21.101981696,13,7870,120,37
32.81721,-88.063434,2026-08-10 00:00:21.102053632,13,10775,247,23
37.934206,-80.916818,2026-08-10 00:00:21.541646080,13,7901,98,29
33.119383,-109.360696,2026-08-10 00:00:22.698401792,13,14334,136,20
33.073458,-109.354509,2026-08-10 00:00:22.767248640,13,9868,128,26
33.155166,-109.338476,2026-08-10 00:00:22.858428416,13,13989,135,47
40.626602,-84.895923,2026-08-10 00:00:23.200328192,13,8284,119,26
20.308932,-87.928126,2026-08-10 00:00:23.372341248,13,13886,218,52
24.771519,-111.385895,2026-08-10 00:00:23.779650816,13,8983,262,36
41.408452,-84.029522,2026-08-10 00:00:24.478615552,13,14305,73,67
41.397347,-84.033986,2026-08-10 00:00:24.478627072,13,11116,67,47
41.337592,-83.934505,2026-08-10 00:00:24.478660096,13,5288,165,26
25.526163,-99.360385,2026-08-10 00:00:26.545198080,13,10335,223,24
33.043925,-110.732698,2026-08-10 00:00:27.247458816,13,11758,131,31
41.55137,-84.233914,2026-08-10 00:00:28.911316992,13,7302,81,65
41.504472,-84.256959,2026-08-10 00:00:28.911344384,13,11086,113,53
41.447349,-84.090413,2026-08-10 00:00:28.935894528,13,8714,208,57
41.426865,-84.044669,2026-08-10 00:00:28.935912192,13,6915,91,78
41.443325,-84.032761,2026-08-10 00:00:28.935913728,13,7645,132,59
41.393652,-84.039956,2026-08-10 00:00:28.935917056,13,4627,130,42
41.29429,-83.956763,2026-08-10 00:00:30.673762560,13,9652,124,17
41.63206,-84.195584,2026-08-10 00:00:31.52854784,13,8028,99,20
42.118217,-103.160665,2026-08-10 00:00:31.531300864,13,5864,178,57
42.18062,-103.140236,2026-08-10 00:00:31.531316224,13,8844,84,42
41.385683,-83.936628,2026-08-10 00:00:32.842774784,13,5037,129,73
41.384673,-83.91926,2026-08-10 00:00:32.842778880,13,11401,91,59
41.396311,-83.924759,2026-08-10 00:00:32.842781184,13,9242,94,35
35.398642,-80.455055,2026-08-10 00:00:32.912057600,13,7714,98,36
35.469191,-80.485906,2026-08-10 00:00:32.912119808,13,4910,134,27
35.188606,-105.091082,2026-08-10 00:00:33.125472768,13,5660,161,25
35.965832,-82.247062,2026-08-10 00:00:34.914990592,13,14836,89,36
36.01778,-82.257762,2026-08-10 00:00:34.915053568,13,3892,244,19
41.318263,-83.891015,2026-08-10 00:00:36.107430144,13,10787,68,14
41.802688,-103.516976,2026-08-10 00:00:36.770829312,13,12335,144,28
35.751013,-81.824655,2026-08-10 00:00:37.636598528,13,11510,122,39
35.780676,-81.827478,2026-08-10 00:00:37.636634880,13,8384,194,36
35.800622,-81.829223,2026-08-10 00:00:37.636646656,13,7365,148,23
35.758636,-81.808965,2026-08-10 00:00:37.728630272,13,10175,123,52
35.848896,-81.825581,2026-08-10 00:00:37.728657920,13,9619,199,37
31.981513,-87.797031,2026-08-10 00:00:38.215509504,13,9095,206,50
32.162616,-87.798135,2026-08-10 00:00:38.215577088,13,8330,195,57
36.143701,-79.70105,2026-08-10 00:00:38.441401344,13,8820,109,25
36.188997,-79.731405,2026-08-10 00:00:38.531512832,13,13045,173,40
36.131326,-79.739212,2026-08-10 00:00:38.825509120,13,10432,110,26
50.260138,-76.470457,2026-08-10 00:00:39.390726400,13,9124,183,22
37.848699,-81.213616,2026-08-10 00:00:39.922514944,13,12961,119,29
42.262014,-103.030212,2026-08-10 00:00:40.265891328,13,6555,179,65
42.285257,-102.97131,2026-08-10 00:00:40.265909248,13,9798,110,51
42.222412,-103.055384,2026-08-10 00:00:40.265921792,13,14760,131,36
53.891852,-113.363682,2026-08-10 00:00:41.516852480,13,9115,223,32
22.47352,-104.69657,2026-08-10 00:00:41.620246016,13,9300,195,30
26.860793,-112.533881,2026-08-10 00:00:42.354168832,13,4880,252,27
23.362909,-100.185693,2026-08-10 00:00:43.517618176,13,10681,143,46
34.862079,-28.914776,2026-08-10 00:00:44.314985984,13,7004,247,22
41.203649,-83.973059,2026-08-10 00:00:46.220882432,13,12297,86,90
41.186801,-83.97613,2026-08-10 00:00:46.220886016,13,11106,88,71
41.180818,-83.971114,2026-08-10 00:00:46.220894464,13,12973,71,48
41.183452,-84.044037,2026-08-10 00:00:46.220913408,13,9120,84,27
51.550373,-70.143099,2026-08-10 00:00:47.511131392,13,11081,235,43
51.670151,-70.240705,2026-08-10 00:00:47.511112960,13,9308,183,30
38.811513,-57.055224,2026-08-10 00:00:47.838795008,13,8408,263,27
27.398387,-81.4408,2026-08-10 00:00:48.485476352,13,10233,132,37
27.741576,-81.625164,2026-08-10 00:00:48.553795840,13,12986,262,33
27.501613,-81.440068,2026-08-10 00:00:48.553731328,13,7663,254,20
24.795304,-111.392917,2026-08-10 00:00:48.907277568,13,9893,212,74
41.461241,-83.925813,2026-08-10 00:00:49.200992512,13,10001,91,60
41.482589,-83.914988,2026-08-10 00:00:49.201004544,13,10559,80,44
41.476735,-83.973689,2026-08-10 00:00:49.201024000,13,10562,171,28
32.081197,-87.841158,2026-08-10 00:00:49.454310400,13,8839,181,23
41.465019,-84.156488,2026-08-10 00:00:51.912283392,13,6099,83,24
25.412045,-105.372021,2026-08-10 00:00:52.62757376,13,14848,248,40
35.087105,-105.134921,2026-08-10 00:00:52.435975680,13,12110,142,25
47.577451,-66.334177,2026-08-10 00:00:53.372573184,13,3005,262,39
47.523372,-66.617608,2026-08-10 00:00:53.372644608,13,5616,243,44
47.516258,-66.417233,2026-08-10 00:00:53.372635136,13,13617,158,29
35.173024,-104.979013,2026-08-10 00:00:53.570444800,13,11455,152,23
41.680242,-84.18719,2026-08-10 00:00:54.620916480,13,14799,87,14
42.548088,-103.068591,2026-08-10 00:00:54.969973248,13,12237,156,30
37.864305,-80.616662,2026-08-10 00:00:55.5155584,13,10724,121,21
33.035809,-108.374308,2026-08-10 00:00:55.65829120,13,14187,160,35
33.147642,-108.359378,2026-08-10 00:00:55.65864192,13,12190,263,24
33.110291,-108.349347,2026-08-10 00:00:55.114220032,13,9795,194,31
33.146365,-108.357197,2026-08-10 00:00:55.176197888,13,14881,164,25
41.578908,-84.210671,2026-08-10 00:00:57.41544448,13,14780,151,21
22.967405,-98.902551,2026-08-10 00:00:57.644670464,13,13324,227,37
42.159608,-103.310952,2026-08-10 00:00:58.551579904,13,6804,123,49
42.215563,-103.274356,2026-08-10 00:00:58.551583744,13,14610,82,40
42.180925,-103.315597,2026-08-10 00:00:58.551622656,13,14313,104,27
41.632228,-84.283393,2026-08-10 00:01:00.94281216,13,9631,94,97
41.63466,-84.27066,2026-08-10 00:01:00.94282496,13,9120,93,80
41.644695,-84.296802,2026-08-10 00:01:00.94281728,13,10161,129,60
41.618224,-84.268712,2026-08-10 00:01:00.94295552,13,5951,132,43
34.615896,-86.865118,2026-08-10 00:01:01.128912640,13,6724,215,78
34.597604,-86.900661,2026-08-10 00:01:01.128913920,13,7348,148,64
34.612895,-86.902294,2026-08-10 00:01:01.128918272,13,11259,194,49
34.564007,-86.906915,2026-08-10 00:01:01.216732928,13,8907,148,29
34.622128,-86.905468,2026-08-10 00:01:01.216787456,13,7082,197,34
34.551686,-86.895485,2026-08-10 00:01:01.282556416,13,14034,79,22
41.398651,-83.869691,2026-08-10 00:01:02.401526528,13,8330,70,28
41.355997,-84.004457,2026-08-10 00:01:02.401535488,13,11579,180,26
32.013822,-87.779972,2026-08-10 00:01:03.8322560,13,9701,120,43
35.05709,-81.682077,2026-08-10 00:01:03.669037056,13,6719,211,60
35.091744,-81.689286,2026-08-10 00:01:03.669051392,13,5656,258,46
35.126695,-81.69212,2026-08-10 00:01:03.669063936,13,12802,158,32
36.48188,-103.607012,2026-08-10 00:01:04.226546688,13,6983,164,26
36.560158,-103.519761,2026-08-10 00:01:04.283607040,13,12266,96,41
36.603847,-103.512386,2026-08-10 00:01:04.283658496,13,8211,169,27
32.437676,-97.978141,2026-08-10 00:01:06.801902080,13,12505,188,33
55.729158,-119.685583,2026-08-10 00:01:07.176108800,13,13608,240,45
55.644979,-119.701445,2026-08-10 00:01:07.176176384,13,13834,253,35
37.850042,-81.215637,2026-08-10 00:01:08.594290176,13,6203,118,21
34.808641,-83.718379,2026-08-10 00:01:09.469155840,13,13463,107,36
34.88255,-83.672411,2026-08-10 00:01:09.469183744,13,7531,195,37
34.870966,-83.66399,2026-08-10 00:01:09.469189120,13,12568,199,22
34.856162,-83.678147,2026-08-10 00:01:09.503568128,13,13555,102,26
34.905223,-83.704815,2026-08-10 00:01:09.503623424,13,6903,194,20
34.826832,-83.688999,2026-08-10 00:01:09.577332992,13,10427,144,27
41.468812,-84.143155,2026-08-10 00:01:10.929666816,13,12320,72,16
35.788594,-81.809746,2026-08-10 00:01:11.214236672,13,5702,200,75
35.857486,-81.801926,2026-08-10 00:01:11.214258944,13,7128,251,58
35.815776,-81.811203,2026-08-10 00:01:11.214282752,13,11750,197,45
35.794476,-81.799636,2026-08-10 00:01:11.214279168,13,13831,148,32
47.526666,-66.215771,2026-08-10 00:01:11.280639744,13,5015,169,39
47.521633,-66.289918,2026-08-10 00:01:11.280649728,13,10556,265,27
35.831035,-81.928418,2026-08-10 00:01:11.564030720,13,7994,198,22
49.045295,-74.286429,2026-08-10 00:01:12.330602240,13,5152,103,31
33.008008,-109.725302,2026-08-10 00:01:13.325960192,13,14155,165,39
41.32914,-83.918464,2026-08-10 00:01:13.468363264,13,11465,103,25
23.642332,-102.904363,2026-08-10 00:01:13.606930432,13,6264,268,21
37.944854,-80.956273,2026-08-10 00:01:16.783700480,13,4447,173,57
37.960742,-80.98426,2026-08-10 00:01:16.783702272,13,8290,159,48
37.982052,-80.953701,2026-08-10 00:01:16.783722240,13,8462,113,34
37.9439,-80.966792,2026-08-10 00:01:16.823619328,13,11413,77,36
50.572771,-66.577248,2026-08-10 00:01:17.584625664,13,12137,143,22
50.371944,-66.951983,2026-08-10 00:01:17.584781824,13,11465,192,17
35.85684,-82.04358,2026-08-10 00:01:17.933132032,13,7819,102,62
35.891588,-82.021588,2026-08-10 00:01:17.933187840,13,9641,196,42
35.925821,-82.061498,2026-08-10 00:01:17.933196544,13,7445,199,29
38.569483,-58.048462,2026-08-10 00:01:18.120187648,13,7829,207,24
25.477985,-98.876315,2026-08-10 00:01:18.374295808,13,7159,222,25
33.025923,-110.85384,2026-08-10 00:01:18.497201664,13,8985,163,26
46.470287,-65.176642,2026-08-10 00:01:18.681377536,13,3809,197,33
54.985588,-115.204829,2026-08-10 00:01:19.307874304,13,9592,256,29
55.296105,-94.865204,2026-08-10 00:01:19.925870848,13,7947,198,57
36.123955,-79.707515,2026-08-10 00:01:21.431664384,13,11247,105,49
35.927779,-79.669188,2026-08-10 00:01:21.431633920,13,11345,247,27
36.216453,-79.675596,2026-08-10 00:01:21.475898880,13,14466,203,18
20.611189,-86.320962,2026-08-10 00:01:21.949481984,13,8431,237,62
54.260815,-116.146181,2026-08-10 00:01:23.188923648,13,13377,219,34
41.298673,-83.965491,2026-08-10 00:01:23.821576960,13,12308,124,17
47.542944,-66.402079,2026-08-10 00:01:24.427253504,13,12409,163,27
35.159214,-79.228429,2026-08-10 00:01:24.970307072,13,10969,88,50
35.002854,-79.170163,2026-08-10 00:01:24.970284544,13,5633,261,25
41.45979,-84.135117,2026-08-10 00:01:25.815193600,13,8202,133,23
34.580887,-86.856418,2026-08-10 00:01:25.941806848,13,10539,113,18
34.561463,-86.871664,2026-08-10 00:01:26.12775168,13,12823,160,21
39.893889,-112.593329,2026-08-10 00:01:26.451200512,13,12815,120,25
37.987328,-80.708616,2026-08-10 00:01:27.14719232,13,7174,118,28
38.083912,-80.713651,2026-08-10 00:01:27.14782976,13,10869,258,15
41.334066,-84.121157,2026-08-10 00:01:29.77324544,13,12023,103,18
27.662131,-107.147681,2026-08-10 00:01:29.451761664,13,7571,238,29
24.036039,-106.568212,2026-08-10 00:01:29.506299392,13,9942,241,19
37.868814,-81.209143,2026-08-10 00:01:29.783586816,13,7244,108,29
41.451103,-84.090684,2026-08-10 00:01:30.229853952,13,11330,136,43
41.281012,-84.239282,2026-08-10 00:01:30.229827584,13,10096,243,31
22.344225,-105.145009,2026-08-10 00:01:30.295987712,13,14610,246,31
41.642754,-84.248832,2026-08-10 00:01:31.776791808,13,7585,87,24
36.189912,-80.86244,2026-08-10 00:01:32.591467776,13,4459,83,37
34.935826,-81.604661,2026-08-10 00:01:32.809831168,13,9358,113,30
25.739738,-99.138965,2026-08-10 00:01:34.655709952,13,8017,224,43
32.003823,-88.107758,2026-08-10 00:01:36.531567104,13,6410,121,19
31.851081,-88.022397,2026-08-10 00:01:36.616772608,13,5215,233,32
32.069035,-88.180338,2026-08-10 00:01:36.616871936,13,7923,200,19
35.78034,-81.809641,2026-08-10 00:01:37.460791040,13,10924,94,18
41.257876,-84.034861,2026-08-10 00:01:37.900131072,13,13641,88,61
41.261903,-84.03785,2026-08-10 00:01:37.900138496,13,11882,81,39
41.20026,-83.805914,2026-08-10 00:01:38.208740608,13,14288,86,22
41.340546,-83.930493,2026-08-10 00:01:40.527063552,13,14666,103,20
37.973201,-80.637042,2026-08-10 00:01:41.67402496,13,8542,136,21
34.223558,-70.504663,2026-08-10 00:01:41.193212416,13,6507,158,30
34.232019,-70.501185,2026-08-10 00:01:41.242214144,13,6671,190,16
23.062517,-98.901752,2026-08-10 00:01:42.515826176,13,6112,240,42
37.521177,-112.173555,2026-08-10 00:01:44.459796224,13,14876,89,54
37.514429,-112.295118,2026-08-10 00:01:44.459813376,13,11959,209,39
33.355609,-109.38979,2026-08-10 00:01:45.731261952,13,8988,156,59
33.22323,-109.416294,2026-08-10 00:01:45.731268096,13,14106,178,46
33.35351,-109.376581,2026-08-10 00:01:45.796731648,13,14871,156,53
33.423942,-109.390377,2026-08-10 00:01:45.796799488,13,9547,259,28
33.418592,-109.412005,2026-08-10 00:01:45.908934144,13,13645,178,49
33.446358,-109.364508,2026-08-10 00:01:45.908978432,13,7113,254,31
41.494964,-84.039327,2026-08-10 00:01:46.885838080,13,11702,91,28
35.798113,-81.947314,2026-08-10 00:01:48.679978240,13,8375,126,67
35.860199,-81.949413,2026-08-10 00:01:48.680002048,13,6805,241,52
35.878742,-81.931047,2026-08-10 00:01:48.680016384,13,9075,193,39
35.716943,-81.932787,2026-08-10 00:01:48.748138752,13,12011,159,24
35.817743,-81.950754,2026-08-10 00:01:48.748167424,13,8690,198,22
47.544073,-66.403876,2026-08-10 00:01:48.910115072,13,5576,158,27
36.528283,-103.513098,2026-08-10 00:01:48.916973824,13,8870,113,41
36.466768,-103.432986,2026-08-10 00:01:48.917007616,13,13712,124,29
36.583065,-103.513028,2026-08-10 00:01:48.917031680,13,8372,187,16
24.653021,-99.051855,2026-08-10 00:01:49.426757376,13,13627,227,34
24.858424,-101.416269,2026-08-10 00:01:50.865899264,13,9541,256,32
32.727517,-88.075567,2026-08-10 00:01:52.522069504,13,7194,121,91
32.709962,-88.079575,2026-08-10 00:01:52.522070784,13,11642,124,72
33.546672,-87.814162,2026-08-10 00:01:52.522370560,13,6870,269,57
41.780721,-103.448927,2026-08-10 00:01:52.580131072,13,5900,183,38
42.350013,-103.075343,2026-08-10 00:01:54.83695360,13,11458,139,37
37.954604,-80.713593,2026-08-10 00:01:54.270574080,13,14776,91,41
37.987795,-80.71002,2026-08-10 00:01:54.270623488,13,8240,180,24
35.099361,-79.273384,2026-08-10 00:01:57.314254336,13,13685,155,29
32.191166,-87.629523,2026-08-10 00:01:57.623894528,13,6389,128,59
32.214809,-87.646757,2026-08-10 00:01:57.623898112,13,7989,209,56
32.231367,-87.618515,2026-08-10 00:01:57.623949312,13,6392,251,43
37.675288,-81.35826,2026-08-10 00:01:57.755646208,13,8780,138,38
37.723432,-81.374012,2026-08-10 00:01:57.755658752,13,12051,124,29
22.119616,-105.34131,2026-08-10 00:01:57.872017152,13,6686,246,41
33.115939,-108.648725,2026-08-10 00:01:58.275196672,13,14911,102,25
42.699225,-102.823732,2026-08-10 00:01:58.801623552,13,9648,95,30
29.626047,-82.171544,2026-08-10 00:01:59.110738176,13,8553,176,45
29.662506,-82.144759,2026-08-10 00:01:59.110777088,13,11681,240,55
41.520276,-83.947658,2026-08-10 00:01:59.516728320,13,11535,72,29
46.6696,-65.241435,2026-08-10 00:02:00.387915520,13,13027,155,19
46.65799,-65.199154,2026-08-10 00:02:00.439727104,13,5088,156,30
41.661827,-84.170024,2026-08-10 00:02:00.662807808,13,12369,93,18
41.317175,-83.85967,2026-08-10 00:02:01.959391232,13,14548,89,23
35.195016,-105.108069,2026-08-10 00:02:02.776168192,13,13747,115,43
35.180134,-105.050864,2026-08-10 00:02:03.189692672,13,10987,95,41
41.526074,-84.036995,2026-08-10 00:02:03.562407424,13,6505,92,39
41.523355,-84.039304,2026-08-10 00:02:03.562407424,13,13385,64,26
33.772329,-111.02068,2026-08-10 00:02:04.180937472,13,14436,112,28
42.425637,-103.051523,2026-08-10 00:02:05.238115584,13,14666,107,24
38.618424,-82.95998,2026-08-10 00:02:06.439436032,13,9455,70,41
38.549803,-83.071567,2026-08-10 00:02:06.439436544,13,10215,259,18
41.325012,-83.830328,2026-08-10 00:02:06.774321408,13,13256,169,22
35.050563,-81.648797,2026-08-10 00:02:08.375836416,13,3445,202,74
35.003963,-81.610027,2026-08-10 00:02:08.375825152,13,9136,129,60
35.050475,-81.625573,2026-08-10 00:02:08.375846400,13,7447,201,40
35.004167,-81.643073,2026-08-10 00:02:08.459587328,13,11390,101,27
35.054861,-81.637858,2026-08-10 00:02:08.459644928,13,13868,154,30
36.207069,-79.723578,2026-08-10 00:02:10.173852160,13,6954,203,35
36.191502,-79.737761,2026-08-10 00:02:10.219172352,13,11685,203,20
36.219168,-79.725331,2026-08-10 00:02:10.219227648,13,10530,252,19
36.140651,-79.744185,2026-08-10 00:02:10.422531328,13,9407,204,32
36.189162,-79.749831,2026-08-10 00:02:10.422580480,13,9379,251,21
54.167755,-112.741697,2026-08-10 00:02:11.652525312,13,11633,222,46
54.175813,-112.880182,2026-08-10 00:02:11.652551680,13,7695,201,49
41.645738,-84.246276,2026-08-10 00:02:15.356955392,13,8467,69,19
39.761532,-110.882029,2026-08-10 00:02:18.482317568,13,10574,101,29
39.769004,-110.984986,2026-08-10 00:02:18.482337792,13,9104,194,43
42.226213,-103.063917,2026-08-10 00:02:18.693586944,13,7483,186,67
42.303922,-103.066655,2026-08-10 00:02:18.693597696,13,5710,108,56
27.81489,-81.633378,2026-08-10 00:02:19.132715264,13,8182,256,25
47.611684,-66.08379,2026-08-10 00:02:19.641352704,13,14599,167,30
42.109674,-103.183726,2026-08-10 00:02:20.249182464,13,7941,177,34
42.156325,-103.142851,2026-08-10 00:02:20.249202432,13,7113,98,42
35.103225,-79.355973,2026-08-10 00:02:21.440211456,13,5717,230,49
35.071138,-79.332079,2026-08-10 00:02:21.440207616,13,6760,215,39
35.099474,-79.442094,2026-08-10 00:02:21.440235008,13,11727,161,26
35.775192,-81.798648,2026-08-10 00:02:21.899805440,13,10957,121,39
35.872649,-81.829733,2026-08-10 00:02:21.899861504,13,6233,256,27
47.243961,-67.765383,2026-08-10 00:02:22.47925248,13,11147,147,43
41.508319,-84.287207,2026-08-10 00:02:22.537141504,13,13142,130,30
41.534437,-84.239201,2026-08-10 00:02:22.537137920,13,14269,129,16
27.360993,-103.577937,2026-08-10 00:02:23.13247744,13,9399,235,35
41.625498,-84.176391,2026-08-10 00:02:23.43495424,13,12967,92,33
27.365332,-103.590183,2026-08-10 00:02:23.203254272,13,7353,251,26
55.705511,-115.076097,2026-08-10 00:02:23.939932928,13,13147,224,28
41.937569,-103.500484,2026-08-10 00:02:24.993808896,13,14045,85,30
37.859878,-81.225926,2026-08-10 00:02:25.231161344,13,13213,102,34
37.868903,-81.226475,2026-08-10 00:02:25.450982912,13,11434,134,27
32.725614,-88.042723,2026-08-10 00:02:27.809713920,13,5901,225,47
41.383441,-84.144873,2026-08-10 00:02:28.83613440,13,8736,104,23
34.990194,-81.622666,2026-08-10 00:02:29.504905984,13,8572,61,38
35.053381,-81.624871,2026-08-10 00:02:29.504963584,13,5755,263,19
40.761394,-84.425295,2026-08-10 00:02:31.138118656,13,13015,80,18
23.459568,-100.266416,2026-08-10 00:02:32.473750016,13,5064,258,36
23.101296,-104.314617,2026-08-10 00:02:33.455799552,13,9386,240,31
34.087639,-111.375333,2026-08-10 00:02:33.656375040,13,13159,137,30
29.271675,-108.041966,2026-08-10 00:02:34.552690688,13,10360,247,26
23.072354,-98.914544,2026-08-10 00:02:35.802184704,13,8539,257,25
23.111973,-98.902311,2026-08-10 00:02:35.927297792,13,12677,255,38
35.083315,-105.103567,2026-08-10 00:02:35.986353152,13,7305,94,24
41.383861,-83.872165,2026-08-10 00:02:36.429162752,13,10380,71,89
41.382263,-83.865481,2026-08-10 00:02:36.429169152,13,8620,108,89
41.396251,-83.871107,2026-08-10 00:02:36.429178624,13,6985,173,73
41.399217,-83.879363,2026-08-10 00:02:36.528105984,13,9481,91,55
41.400253,-83.886925,2026-08-10 00:02:36.528106752,13,12874,99,63
34.246504,-70.503186,2026-08-10 00:02:37.107495168,13,4803,189,41
34.505078,-70.751432,2026-08-10 00:02:37.107617280,13,12503,269,36
34.239554,-70.506382,2026-08-10 00:02:37.151908608,13,5964,158,26
34.312825,-70.541743,2026-08-10 00:02:37.151980288,13,10753,217,22
34.243381,-70.498024,2026-08-10 00:02:37.560505088,13,7127,158,28
41.324474,-83.882396,2026-08-10 00:02:37.642318592,13,8178,102,40
41.324097,-83.89195,2026-08-10 00:02:37.642315008,13,9940,109,27
34.243992,-70.503647,2026-08-10 00:02:37.672449280,13,6172,158,32
34.210921,-70.452975,2026-08-10 00:02:37.672469248,13,7650,228,20
24.727301,-111.405845,2026-08-10 00:02:37.858336512,13,7048,262,34
35.73629,-81.79602,2026-08-10 00:02:38.53229568,13,13079,131,29
35.771676,-81.820699,2026-08-10 00:02:38.53288192,13,12930,198,15
36.576241,-103.53866,2026-08-10 00:02:38.897673728,13,13985,119,39
36.624917,-103.531949,2026-08-10 00:02:38.897686528,13,6351,202,29
35.343684,-104.983805,2026-08-10 00:02:38.991437824,13,14876,92,45
35.283853,-104.948753,2026-08-10 00:02:38.991472640,13,6647,150,31
35.407369,-104.98093,2026-08-10 00:02:38.991499776,13,6555,221,17
37.985846,-80.719659,2026-08-10 00:02:40.764688896,13,10890,124,27
37.980266,-80.721351,2026-08-10 00:02:40.825716992,13,5514,118,26
41.343319,-83.911541,2026-08-10 00:02:41.440911360,13,14839,119,23
46.967432,-65.640454,2026-08-10 00:02:42.229470976,13,11150,253,55
46.943324,-65.363303,2026-08-10 00:02:42.229444096,13,13172,179,54
46.840857,-65.622159,2026-08-10 00:02:42.229519616,13,11221,255,41
32.818644,-87.649522,2026-08-10 00:02:42.682269952,13,10526,120,29
32.848213,-87.65443,2026-08-10 00:02:42.682317824,13,12250,234,22
34.593917,-86.860254,2026-08-10 00:02:43.695019008,13,14045,80,76
34.586997,-86.846323,2026-08-10 00:02:43.695031040,13,10998,90,59
34.63548,-86.861721,2026-08-10 00:02:43.695072768,13,7732,223,39
36.179268,-79.783259,2026-08-10 00:02:43.865550848,13,11176,209,36
36.133995,-79.769661,2026-08-10 00:02:43.932621056,13,13496,106,34
36.184351,-79.788068,2026-08-10 00:02:43.932683264,13,11807,200,14
26.57019,-112.565744,2026-08-10 00:02:45.460788480,13,8789,254,25
41.168488,-84.004915,2026-08-10 00:02:46.381167104,13,11309,107,25
41.141471,-84.119139,2026-08-10 00:02:46.381175040,13,7452,182,22
33.052222,-109.25932,2026-08-10 00:02:46.840458240,13,7687,141,29
41.225781,-83.817649,2026-08-10 00:02:47.636160,13,8062,121,21
42.317759,-103.076927,2026-08-10 00:02:47.526838784,13,5376,180,68
42.375393,-103.09669,2026-08-10 00:02:47.526840832,13,8537,88,57
42.299436,-103.075099,2026-08-10 00:02:47.526887680,13,13663,117,37
31.992376,-87.813996,2026-08-10 00:02:48.318456832,13,8892,194,70
32.022768,-87.876371,2026-08-10 00:02:48.475955456,13,11782,220,21
35.261444,-105.024519,2026-08-10 00:02:49.397440768,13,9090,151,20
31.662193,-87.481083,2026-08-10 00:02:50.624361984,13,6822,242,27
46.502086,-65.237704,2026-08-10 00:02:50.945338368,13,11390,157,18
41.316027,-83.879122,2026-08-10 00:02:53.430158336,13,11550,193,16
35.018204,-81.620376,2026-08-10 00:02:53.502593280,13,10362,109,33
35.046133,-81.631921,2026-08-10 00:02:53.611740416,13,5535,201,20
35.010751,-81.611665,2026-08-10 00:02:53.663171328,13,8850,129,44
35.056857,-81.633852,2026-08-10 00:02:53.663222272,13,5363,206,24
41.497345,-84.043772,2026-08-10 00:02:55.795488768,13,9287,131,17
41.548195,-83.881702,2026-08-10 00:02:56.798772736,13,7398,190,46
41.528623,-83.841851,2026-08-10 00:02:56.798782976,13,9150,93,45
41.561995,-83.842591,2026-08-10 00:02:56.798790912,13,9878,170,24
27.487244,-81.361911,2026-08-10 00:02:56.935571968,13,5773,182,53
27.557683,-81.380474,2026-08-10 00:02:56.935632896,13,8110,253,38
27.488043,-81.361345,2026-08-10 00:02:57.291172096,13,7854,168,27
41.339083,-83.765141,2026-08-10 00:02:57.359578624,13,11186,87,16
34.381508,-87.085426,2026-08-10 00:02:58.131560192,13,8705,110,99
34.367224,-87.076911,2026-08-10 00:02:58.131570688,13,11629,98,86
34.451487,-87.080339,2026-08-10 00:02:58.131592192,13,11591,194,70
37.090378,-82.842587,2026-08-10 00:02:59.103172352,13,8107,98,43
37.112737,-82.920588,2026-08-10 00:02:59.103202560,13,12819,113,28
50.259553,-76.501404,2026-08-10 00:03:00.335982336,13,8062,257,54
50.153694,-76.480091,2026-08-10 00:03:00.336019200,13,9686,174,41
50.234561,-76.470056,2026-08-10 00:03:00.394638080,13,6676,129,29
50.220634,-76.505731,2026-08-10 00:03:00.394674432,13,9493,173,37
50.179151,-76.403682,2026-08-10 00:03:00.394686720,13,5582,154,23
42.595302,-102.845929,2026-08-10 00:03:00.525695488,13,13002,94,28
35.77686,-81.822755,2026-08-10 00:03:01.417741568,13,9153,81,37
35.830108,-81.829421,2026-08-10 00:03:01.417799936,13,8707,116,26
42.321253,-103.129228,2026-08-10 00:03:01.764898560,13,11014,120,63
42.284536,-103.148659,2026-08-10 00:03:01.764936960,13,9942,129,35
42.159173,-103.100099,2026-08-10 00:03:02.396843776,13,5638,178,35
42.24903,-103.077897,2026-08-10 00:03:02.396855552,13,13556,65,30
34.81418,-83.856658,2026-08-10 00:03:02.765024768,13,9966,107,75
34.835333,-83.870741,2026-08-10 00:03:03.414813696,13,11634,193,34
34.846791,-83.878936,2026-08-10 00:03:03.414858496,13,9235,199,21
37.676914,-81.340714,2026-08-10 00:03:03.844635904,13,6600,118,63
37.724329,-81.325789,2026-08-10 00:03:03.844654336,13,7729,124,76
37.715666,-81.325607,2026-08-10 00:03:03.844656896,13,8904,219,58
37.76606,-81.33058,2026-08-10 00:03:03.844673792,13,9322,139,38
37.712274,-81.325128,2026-08-10 00:03:03.891501312,13,10252,181,31
37.701879,-81.313646,2026-08-10 00:03:03.896365824,13,6399,104,38
37.696618,-81.315098,2026-08-10 00:03:03.896368128,13,8973,215,43
37.684521,-81.246873,2026-08-10 00:03:03.896388864,13,9674,121,25
37.700287,-81.31144,2026-08-10 00:03:03.916218624,13,10265,104,21
32.058591,-87.806008,2026-08-10 00:03:03.925489664,13,13566,195,25
37.659688,-81.319492,2026-08-10 00:03:03.963686144,13,8395,154,28
41.281662,-83.941468,2026-08-10 00:03:09.412227328,13,10277,89,62
41.333556,-83.947171,2026-08-10 00:03:09.412244480,13,5778,212,52
41.28704,-83.954978,2026-08-10 00:03:09.412241408,13,7124,135,39
41.224655,-83.883962,2026-08-10 00:03:09.412267264,13,14547,116,25
32.729297,-88.058969,2026-08-10 00:03:12.761376000,13,9059,117,61
32.637822,-88.135354,2026-08-10 00:03:12.761381888,13,11062,213,45
32.700759,-88.086614,2026-08-10 00:03:12.839754752,13,13369,112,38
27.559386,122.680583,2026-08-10 00:00:32.708774144,14,7394,151,28
25.065683,122.438835,2026-08-10 00:00:36.414966016,14,9488,136,25
35.428361,119.707718,2026-08-10 00:00:53.569167360,14,9449,158,47
36.372136,144.813812,2026-08-10 00:01:24.711093760,14,5479,264,30
25.961609,122.69083,2026-08-10 00:02:12.462857472,14,7787,198,44
26.036583,122.329633,2026-08-10 00:02:12.513336320,14,7764,199,18
36.310589,144.882792,2026-08-10 00:02:34.845305856,14,4364,269,47
36.379741,144.794088,2026-08-10 00:02:34.845339136,14,4451,263,32
20.728343,129.580531,2026-08-10 00:02:36.163770368,14,4445,202,26
44.454917,3.140196,2026-08-10 00:00:08.595933696,11,13803,207,27
45.618251,3.390039,2026-08-10 00:00:17.681320192,11,8447,85,124
44.451791,3.219181,2026-08-10 00:00:19.888675840,11,9737,264,106
44.471221,3.223634,2026-08-10 00:00:19.888682496,11,11869,147,237
44.412891,3.19794,2026-08-10 00:00:19.888665600,11,7992,247,220
41.399961,-84.030288,2026-08-10 00:00:24.478627584,11,12680,100,28
45.878999,4.093988,2026-08-10 00:00:31.939801088,11,13900,102,166
45.509388,3.900904,2026-08-10 00:00:33.760741120,11,6178,171,241
45.533634,3.895802,2026-08-10 00:00:33.760754688,11,3107,235,439
45.492223,3.889273,2026-08-10 00:00:33.818113536,11,12212,77,190
43.931996,-0.990428,2026-08-10 00:00:38.370982912,11,13912,218,112
46.170945,0.059885,2026-08-10 00:00:40.31355392,11,9582,85,282
46.194722,0.022323,2026-08-10 00:00:40.31364864,11,5808,210,303
46.174833,0.053848,2026-08-10 00:00:40.31386880,11,9505,172,290
44.11238,-0.07515,2026-08-10 00:00:51.359894272,11,3746,129,225
44.132103,-0.082144,2026-08-10 00:00:51.359901952,11,7046,177,440
44.477906,3.128626,2026-08-10 00:01:06.81098496,11,9848,79,228
44.505796,3.106185,2026-08-10 00:01:06.81109248,11,5608,164,341
44.503097,3.099636,2026-08-10 00:01:06.81106176,11,8286,128,325
44.503702,3.10636,2026-08-10 00:01:06.81106432,11,8814,146,312
45.559176,0.870005,2026-08-10 00:01:07.543571968,11,6881,113,118
45.564553,0.884974,2026-08-10 00:01:07.543577600,11,2214,238,115
44.016073,-0.499444,2026-08-10 00:01:11.744145920,11,7302,94,22
44.437807,3.089757,2026-08-10 00:01:14.689667072,11,14780,70,183
44.465098,3.104361,2026-08-10 00:01:14.689675008,11,14739,230,210
43.958829,2.275172,2026-08-10 00:01:15.834406912,11,12508,177,120
43.918597,2.257427,2026-08-10 00:01:15.834397440,11,5346,246,266
43.951784,2.292589,2026-08-10 00:01:15.834414592,11,10011,148,61
43.589952,-1.508624,2026-08-10 00:01:28.49246976,11,7659,163,82
43.726283,-1.444775,2026-08-10 00:01:28.49311488,11,13629,152,121
43.534158,-1.621248,2026-08-10 00:01:28.49305856,11,10785,257,109
43.560576,-1.557347,2026-08-10 00:01:28.49318144,11,7144,255,96
43.554356,-1.579178,2026-08-10 00:01:28.49314304,11,10953,265,82
44.417141,3.075806,2026-08-10 00:01:32.261435392,11,11850,107,122
21.672634,-77.416085,2026-08-10 00:01:32.638434048,11,13448,264,42
36.897226,-26.654457,2026-08-10 00:01:36.193032448,11,7756,173,283
44.353625,3.106548,2026-08-10 00:01:41.380571648,11,14891,72,65
44.375721,3.085654,2026-08-10 00:01:41.380616704,11,10377,114,45
44.406679,3.133214,2026-08-10 00:01:41.380699904,11,12248,248,28
43.58941,-1.504856,2026-08-10 00:01:42.57726208,11,14197,115,151
44.402523,3.131185,2026-08-10 00:01:45.483987968,11,14700,71,98
46.281891,0.118709,2026-08-10 00:01:48.513193984,11,10889,249,127
46.233397,0.074034,2026-08-10 00:01:48.513182976,11,6713,234,246
46.136175,0.087418,2026-08-10 00:01:48.513164800,11,11847,134,232
46.180026,0.024879,2026-08-10 00:01:48.513182464,11,12879,139,218
46.171065,-0.171668,2026-08-10 00:01:48.513194752,11,12509,223,38
43.894016,2.329935,2026-08-10 00:02:03.694996736,11,9753,73,322
45.4064,4.001721,2026-08-10 00:02:04.45600768,11,10266,49,48
44.202323,2.546135,2026-08-10 00:02:09.784923648,11,5568,82,90
44.003483,-0.493346,2026-08-10 00:02:12.911951872,11,11105,92,48
45.693125,3.517769,2026-08-10 00:02:19.711085056,11,4123,109,111
45.700527,3.529364,2026-08-10 00:02:19.711087104,11,8862,140,171
43.595673,-1.474305,2026-08-10 00:02:20.923482112,11,10434,95,38
47.254778,-68.176762,2026-08-10 00:02:22.48023296,11,14160,162,49
8.724944,5.195958,2026-08-10 00:02:26.53475840,11,13394,215,140
44.15467,-0.092001,2026-08-10 00:02:29.965646848,11,5136,258,285
44.125069,-0.12384,2026-08-10 00:02:29.965639168,11,2537,140,509
44.418264,3.105635,2026-08-10 00:02:34.101651968,11,8250,68,236
46.935538,-65.739026,2026-08-10 00:02:42.229502464,11,6126,159,201
4.871273,8.202104,2026-08-10 00:02:43.79280128,11,3809,229,29
44.106474,-0.389219,2026-08-10 00:02:47.191619840,11,7946,263,39
44.059989,-0.488491,2026-08-10 00:02:47.191598336,11,7855,250,87
44.042305,-0.517062,2026-08-10 00:02:47.191586560,11,5896,264,68
46.382325,0.556555,2026-08-10 00:02:51.37971968,11,4952,108,98
46.42558,0.542183,2026-08-10 00:02:51.124356608,11,2279,215,193
47.728587,46.100862,2026-08-10 00:03:02.171533312,11,4781,247,31
34.820484,-83.88394,2026-08-10 00:03:02.765040640,11,9140,199,41
44.454917,3.140196,2026-08-10 00:00:08.595933696,12,13803,207,27
45.618251,3.390039,2026-08-10 00:00:17.681320192,12,8447,85,124
44.451791,3.219181,2026-08-10 00:00:19.888675840,12,9737,264,105
44.471221,3.223634,2026-08-10 00:00:19.888682496,12,11869,147,236
44.412891,3.19794,2026-08-10 00:00:19.888665600,12,7992,247,219
32.628488,-88.196937,2026-08-10 00:00:20.687853568,12,9813,189,33
41.399961,-84.030288,2026-08-10 00:00:24.478627584,12,12680,100,28
45.878999,4.093988,2026-08-10 00:00:31.939801088,12,13900,102,166
45.509388,3.900904,2026-08-10 00:00:33.760741120,12,6178,171,240
45.533634,3.895802,2026-08-10 00:00:33.760754688,12,3107,235,438
45.486564,3.91009,2026-08-10 00:00:33.818115840,12,4631,140,222
43.931996,-0.990428,2026-08-10 00:00:38.370982912,12,13912,218,110
43.822284,-1.187719,2026-08-10 00:00:38.370915584,12,12081,269,27
46.170945,0.059885,2026-08-10 00:00:40.31355392,12,9582,85,282
46.194722,0.022323,2026-08-10 00:00:40.31364864,12,5808,210,302
46.174845,0.053809,2026-08-10 00:00:40.31386880,12,9487,172,289
46.183521,0.045383,2026-08-10 00:00:40.31381504,12,13069,98,164
43.769735,-1.195756,2026-08-10 00:00:42.156876288,12,7940,103,45
43.665581,-1.368182,2026-08-10 00:00:42.156919552,12,10785,257,27
44.11238,-0.07515,2026-08-10 00:00:51.359894272,12,3746,129,215
44.132103,-0.082144,2026-08-10 00:00:51.359901952,12,7046,177,443
45.761876,3.52655,2026-08-10 00:00:52.859623168,12,11251,104,177
45.766583,3.498823,2026-08-10 00:00:52.859624448,12,12479,121,82
44.470787,3.113257,2026-08-10 00:01:06.81098496,12,7466,78,145
44.50365,3.107859,2026-08-10 00:01:06.81109760,12,5916,164,337
44.503087,3.099641,2026-08-10 00:01:06.81110272,12,8287,130,321
44.494527,3.100048,2026-08-10 00:01:06.81102592,12,9161,118,308
45.559176,0.870005,2026-08-10 00:01:07.543571968,12,6881,113,117
45.564553,0.884974,2026-08-10 00:01:07.543577600,12,2214,238,113
45.604808,0.922972,2026-08-10 00:01:07.543674112,12,12796,155,69
44.010245,-0.527913,2026-08-10 00:01:11.744141056,12,11944,126,19
44.437807,3.089757,2026-08-10 00:01:14.689667072,12,14780,70,182
44.465098,3.104361,2026-08-10 00:01:14.689675008,12,14739,230,209
44.420502,3.094689,2026-08-10 00:01:14.735440384,12,14564,105,126
43.935395,2.265283,2026-08-10 00:01:15.834412032,12,8046,133,138
43.905797,2.244924,2026-08-10 00:01:15.834392320,12,7168,246,233
9.963578,5.766318,2026-08-10 00:01:18.676861696,12,5888,211,50
43.589952,-1.508624,2026-08-10 00:01:28.49246976,12,7659,163,81
43.726283,-1.444775,2026-08-10 00:01:28.49311488,12,13629,152,119
43.534158,-1.621248,2026-08-10 00:01:28.49305856,12,10785,257,107
43.544991,-1.562731,2026-08-10 00:01:28.49312512,12,7671,255,94
36.897226,-26.654457,2026-08-10 00:01:36.193032448,12,7756,173,283
44.30018,3.196947,2026-08-10 00:01:41.380602112,12,14736,138,39
44.375721,3.085654,2026-08-10 00:01:41.380616704,12,10377,114,45
44.406679,3.133214,2026-08-10 00:01:41.380699904,12,12248,248,28
43.58941,-1.504856,2026-08-10 00:01:42.57726208,12,14197,115,151
44.402531,3.13117,2026-08-10 00:01:45.483987968,12,14703,71,97
46.15224,0.041774,2026-08-10 00:01:48.513169408,12,6605,253,92
46.191507,0.062062,2026-08-10 00:01:48.513185536,12,5590,228,237
46.192383,-0.001366,2026-08-10 00:01:48.513171968,12,10148,136,224
46.193427,0.040408,2026-08-10 00:01:48.513176576,12,13839,104,57
43.894016,2.329935,2026-08-10 00:02:03.694996736,12,9753,73,322
43.876113,2.392783,2026-08-10 00:02:03.695008000,12,13349,128,216
43.883335,2.348935,2026-08-10 00:02:03.950150912,12,7207,66,151
44.192725,2.555317,2026-08-10 00:02:09.784922368,12,10280,88,129
44.003499,-0.493358,2026-08-10 00:02:12.911951872,12,11112,92,48
45.693125,3.517769,2026-08-10 00:02:19.711085056,12,4123,109,111
45.700527,3.529364,2026-08-10 00:02:19.711087104,12,8862,140,171
43.595673,-1.474305,2026-08-10 00:02:20.923482112,12,10434,95,38
47.254778,-68.176762,2026-08-10 00:02:22.48023296,12,14160,162,49
8.724944,5.195958,2026-08-10 00:02:26.53475840,12,13394,215,140
44.15467,-0.092001,2026-08-10 00:02:29.965646848,12,5136,258,236
44.125069,-0.12384,2026-08-10 00:02:29.965639168,12,2537,140,510
44.430397,3.039697,2026-08-10 00:02:34.101659136,12,10837,112,158
46.935555,-65.738971,2026-08-10 00:02:42.229502464,12,6126,159,201
4.871273,8.202104,2026-08-10 00:02:43.79280128,12,3809,229,29
34.577898,-86.92444,2026-08-10 00:02:43.695052288,12,9973,191,24
44.098328,-0.417311,2026-08-10 00:02:47.191612160,12,8667,263,48
44.091373,-0.43551,2026-08-10 00:02:47.191611136,12,3794,261,93
44.045689,-0.506416,2026-08-10 00:02:47.191589632,12,6304,136,80
46.387948,0.549448,2026-08-10 00:02:51.37973504,12,8863,108,111
46.407722,0.590003,2026-08-10 00:02:51.124365056,12,5459,86,167
44.449779,3.096512,2026-08-10 00:02:52.448142336,12,12783,64,115
47.732274,46.09655,2026-08-10 00:03:02.171527424,12,11174,247,32
34.820484,-83.88394,2026-08-10 00:03:02.765040640,12,9140,199,41
37.669207,-81.319778,2026-08-10 00:03:03.844638720,12,12942,66,40
43.891737,-0.866552,2026-08-10 00:35:02.205864192,1,12475,86,20
44.011567,-0.741682,2026-08-10 00:35:02.206009600,1,14894,263,68
43.884855,-0.828316,2026-08-10 00:35:02.205956096,1,10253,142,55
43.851319,-0.887907,2026-08-10 00:35:02.205938688,1,6419,260,41
43.931901,-0.889518,2026-08-10 00:35:02.205950208,1,7901,268,27
38.5281,-57.827735,2026-08-10 00:35:02.674886144,1,8542,183,19
43.802213,-1.129257,2026-08-10 00:35:10.120341248,1,11383,102,80
43.793186,-1.107107,2026-08-10 00:35:10.120350976,1,6251,140,101
43.836297,-1.068554,2026-08-10 00:35:10.120442112,1,4830,270,87
43.831556,-1.085954,2026-08-10 00:35:10.120430848,1,8177,264,65
43.778065,-1.091771,2026-08-10 00:35:10.242648320,1,3939,99,86
43.777367,-1.103708,2026-08-10 00:35:10.242648320,1,6747,116,430
43.7983,-1.095598,2026-08-10 00:35:10.242663936,1,5982,266,406
43.800567,-1.10101,2026-08-10 00:35:10.242663936,1,5137,153,386
43.871173,2.845175,2026-08-10 00:35:18.621160448,1,7436,98,95
43.867804,2.830399,2026-08-10 00:35:18.621167104,1,9709,96,82
43.894107,2.851496,2026-08-10 00:35:18.621178624,1,7423,168,64
43.858311,2.796963,2026-08-10 00:35:18.621236480,1,12784,229,47
43.859928,2.797004,2026-08-10 00:35:18.621226240,1,6513,231,34
43.87779,2.828359,2026-08-10 00:35:18.621235712,1,9775,231,21
43.835062,-0.95801,2026-08-10 00:35:19.931017216,1,13831,142,73
43.909195,-0.841011,2026-08-10 00:35:19.931045888,1,5788,153,60
43.907099,-0.83397,2026-08-10 00:35:19.931041280,1,4324,155,46
43.908639,-0.781733,2026-08-10 00:35:19.931042304,1,8617,246,33
43.905249,-0.842367,2026-08-10 00:35:19.941615104,1,13103,98,42
43.855898,-0.943675,2026-08-10 00:35:19.941652480,1,9657,139,41
43.934786,-0.902792,2026-08-10 00:35:19.941682432,1,13143,136,28
44.174562,3.162802,2026-08-10 00:35:20.729873152,1,10717,84,35
44.146349,3.212745,2026-08-10 00:35:20.732043776,1,14545,75,147
44.194994,3.1663,2026-08-10 00:35:20.732070400,1,6902,171,180
44.177504,3.16524,2026-08-10 00:35:20.732074752,1,5372,139,180
44.025397,2.836784,2026-08-10 00:35:27.946325248,1,14942,78,87
44.049192,2.835579,2026-08-10 00:35:27.946340352,1,14840,121,92
44.037797,2.826202,2026-08-10 00:35:27.946420480,1,11499,227,68
44.07426,2.875663,2026-08-10 00:35:27.946426368,1,9352,226,56
44.122506,2.915746,2026-08-10 00:35:27.946441984,1,13715,247,48
41.67685,-56.26702,2026-08-10 00:35:35.257560064,1,4684,187,23
43.677803,-1.305583,2026-08-10 00:35:43.708830976,1,6332,103,18
42.756531,0.989437,2026-08-10 00:35:50.879300352,1,12866,76,84
42.80954,0.995676,2026-08-10 00:35:50.884367616,1,7847,217,334
42.76817,1.00451,2026-08-10 00:35:50.884370688,1,14278,143,346
42.748262,1.013799,2026-08-10 00:35:50.884370432,1,14433,185,332
42.760857,1.332475,2026-08-10 00:35:50.884470784,1,10566,256,309
43.762276,-1.14852,2026-08-10 00:36:17.304263424,1,9428,118,23
44.177755,3.191736,2026-08-10 00:36:25.7214336,1,13459,56,114
44.22212,3.215608,2026-08-10 00:36:25.7238912,1,8072,257,92
44.212259,3.178766,2026-08-10 00:36:25.7245568,1,13251,148,75
44.17173,3.144211,2026-08-10 00:36:25.7310336,1,13701,242,63
44.185193,3.183118,2026-08-10 00:36:25.7309312,1,11713,221,51
44.329729,3.267538,2026-08-10 00:36:25.7346944,1,8534,255,38
44.237418,3.24714,2026-08-10 00:36:25.7313152,1,10413,224,27
44.173531,3.177332,2026-08-10 00:36:25.135628544,1,14761,56,19
12.981496,-11.695123,2026-08-10 00:36:25.383694592,1,13819,228,30
44.375959,3.10371,2026-08-10 00:36:25.676888832,1,13099,197,48
44.404477,3.333433,2026-08-10 00:36:25.676937216,1,10378,145,34
43.641036,-1.16337,2026-08-10 00:36:33.719086592,1,14215,114,26
37.844771,-81.075402,2026-08-10 00:36:42.524315648,1,14732,86,38
53.78779,-90.227409,2026-08-10 00:36:51.289825024,1,11585,191,31
9.93526,5.414624,2026-08-10 00:36:59.990397440,1,10194,192,26
37.267363,2.774306,2026-08-10 00:37:09.444287232,1,5934,268,28
44.307784,3.328665,2026-08-10 00:37:19.207512576,1,9973,62,78
44.324249,3.307556,2026-08-10 00:37:19.207596032,1,7706,200,46
44.331523,3.325037,2026-08-10 00:37:19.207596032,1,3350,225,34
44.327841,3.303722,2026-08-10 00:37:19.207585792,1,7985,230,21
44.300714,3.289476,2026-08-10 00:37:19.247010048,1,5129,52,51
44.293442,3.276864,2026-08-10 00:37:19.247091200,1,8496,219,33
44.314899,3.2655,2026-08-10 00:37:19.247092224,1,13984,219,20
44.303649,3.292378,2026-08-10 00:37:19.621635840,1,4080,53,281
44.327522,3.29036,2026-08-10 00:37:19.621646592,1,4082,213,262
44.320111,3.293779,2026-08-10 00:37:19.621645312,1,9509,168,244
44.291047,3.239818,2026-08-10 00:37:19.621638656,1,5254,233,226
44.319349,3.294479,2026-08-10 00:37:19.621648896,1,6080,159,213
44.308015,3.269834,2026-08-10 00:37:19.621644032,1,5505,248,202
44.3249,3.283494,2026-08-10 00:37:19.621654784,1,5892,226,190
44.324773,3.276105,2026-08-10 00:37:19.621718784,1,8236,235,169
46.266958,0.278605,2026-08-10 00:37:38.664786944,1,11056,197,88
46.278432,0.311304,2026-08-10 00:37:38.664795904,1,11502,139,89
46.300179,0.326177,2026-08-10 00:37:38.664883712,1,13547,243,74
46.27115,0.303457,2026-08-10 00:37:38.664865792,1,5104,251,62
46.240393,0.213034,2026-08-10 00:37:38.664834816,1,9564,259,42
46.311294,0.257107,2026-08-10 00:37:39.47792384,1,4668,199,138
46.30981,0.312837,2026-08-10 00:37:39.47804416,1,11368,102,125
46.306422,0.331759,2026-08-10 00:37:39.47799296,1,8322,143,107
46.317977,0.333487,2026-08-10 00:37:39.47816704,1,10734,136,94
46.582669,0.798885,2026-08-10 00:37:39.47960832,1,13276,238,80
46.305252,0.325129,2026-08-10 00:37:39.47879680,1,5673,211,65
46.334327,0.342704,2026-08-10 00:37:39.47881472,1,6265,247,48
46.27497,0.242808,2026-08-10 00:37:39.74117888,1,14322,119,33
44.16243,2.850268,2026-08-10 00:37:46.86257664,1,13948,135,82
44.207104,2.835215,2026-08-10 00:37:46.86264320,1,14081,134,69
44.187799,2.866297,2026-08-10 00:37:46.86273792,1,10102,223,55
44.194386,2.847168,2026-08-10 00:37:46.86340864,1,10515,139,41
44.203845,2.830492,2026-08-10 00:37:46.86345216,1,7825,141,25
44.158669,2.828451,2026-08-10 00:37:46.104168960,1,8011,59,94
44.169946,2.820862,2026-08-10 00:37:46.104172544,1,10245,112,82
44.174738,2.778686,2026-08-10 00:37:46.104254976,1,7455,240,67
44.189599,2.851477,2026-08-10 00:37:46.104257024,1,10273,225,54
44.185218,2.80523,2026-08-10 00:37:46.104243712,1,10191,139,35
43.899766,2.816091,2026-08-10 00:37:48.35831808,1,13892,226,59
43.899893,2.822144,2026-08-10 00:37:48.35821312,1,5144,239,46
43.872736,2.83152,2026-08-10 00:37:48.46706688,1,12359,74,135
43.924227,2.841527,2026-08-10 00:37:48.46727680,1,7234,194,122
43.878946,2.759134,2026-08-10 00:37:48.46706688,1,8738,257,109
43.919779,2.837085,2026-08-10 00:37:48.46729984,1,7476,152,96
43.902661,2.84837,2026-08-10 00:37:48.55726080,1,5519,93,185
43.908919,2.839615,2026-08-10 00:37:48.55734272,1,12645,122,171
43.900544,2.825609,2026-08-10 00:37:48.55738880,1,6192,124,158
43.910504,2.815414,2026-08-10 00:37:48.55742208,1,12482,123,145
43.896955,2.820394,2026-08-10 00:37:48.55813376,1,9616,249,130
43.92873,2.836679,2026-08-10 00:37:48.55816448,1,5513,257,117
43.956435,2.85052,2026-08-10 00:37:48.55825664,1,6537,252,103
43.899122,2.855973,2026-08-10 00:37:48.55803648,1,6631,142,86
43.904323,2.829468,2026-08-10 00:37:48.55808000,1,5305,169,70
43.973738,2.865375,2026-08-10 00:37:48.55819776,1,7358,262,53
44.104149,3.033108,2026-08-10 00:37:48.55888128,1,12914,262,35
44.061865,2.889337,2026-08-10 00:37:55.464085760,1,14921,66,298
44.050378,2.85448,2026-08-10 00:37:55.464098816,1,11422,198,295
43.971666,2.80437,2026-08-10 00:37:55.464064768,1,10440,255,288
44.089263,2.880809,2026-08-10 00:37:55.464112896,1,7832,183,278
44.065731,2.863482,2026-08-10 00:37:55.464106752,1,9713,126,267
44.073924,2.872545,2026-08-10 00:37:55.464115456,1,8206,112,254
20.566015,130.973191,2026-08-10 00:35:20.284649472,2,5414,198,41
11.787724,120.889782,2026-08-10 00:35:37.17616128,2,12427,184,23
20.654668,130.970854,2026-08-10 00:35:51.530006272,2,5536,210,23
20.623388,130.963596,2026-08-10 00:36:35.177541632,2,11731,211,28
-38.494414,151.666532,2026-08-10 00:37:19.52700928,2,9436,219,18
-38.6195,151.688926,2026-08-10 00:37:19.201954048,2,11700,220,26
34.451362,144.583414,2026-08-10 00:37:57.876800256,2,14376,269,26
38.457187,-57.720147,2026-08-10 00:35:02.674843392,3,8230,197,30
38.479333,-57.774586,2026-08-10 00:35:02.921072384,3,6491,203,15
41.13099,-83.338182,2026-08-10 00:35:03.397952000,3,14437,98,15
41.823003,-103.029526,2026-08-10 00:35:03.859645440,3,3787,181,69
41.831414,-103.062154,2026-08-10 00:35:03.859636992,3,3660,195,55
41.746626,-102.998596,2026-08-10 00:35:03.859668736,3,11237,123,39
47.534186,-66.011379,2026-08-10 00:35:04.112499456,3,10168,129,75
47.609436,-65.955498,2026-08-10 00:35:04.112521728,3,14718,228,45
19.934275,-85.55674,2026-08-10 00:35:11.639069952,3,8182,263,28
41.599361,-83.849157,2026-08-10 00:35:11.649209856,3,11193,73,28
35.730839,-81.749701,2026-08-10 00:35:12.611798528,3,14285,167,35
39.831724,-59.342438,2026-08-10 00:35:12.676467456,3,12650,264,19
40.0153,-59.054795,2026-08-10 00:35:13.146198528,3,9494,264,32
40.023392,-59.042268,2026-08-10 00:35:13.194280704,3,8861,264,21
41.339541,-83.641559,2026-08-10 00:35:13.381367808,3,12665,70,20
35.558794,-80.503372,2026-08-10 00:35:21.959924992,3,10310,103,41
35.617165,-80.534591,2026-08-10 00:35:21.959988992,3,8934,197,21
35.564443,-80.506184,2026-08-10 00:35:22.354718976,3,8344,204,15
35.554465,-80.49947,2026-08-10 00:35:22.412242688,3,8172,208,25
19.639184,-91.24226,2026-08-10 00:35:24.955521536,3,9908,260,57
41.326565,-83.62157,2026-08-10 00:35:25.801749760,3,8236,116,23
36.457887,-103.414088,2026-08-10 00:35:25.825483776,3,10207,115,37
36.505591,-103.414394,2026-08-10 00:35:25.825540608,3,7477,188,25
25.534622,-99.030987,2026-08-10 00:35:25.843063040,3,13666,210,37
41.332619,-83.22186,2026-08-10 00:35:27.61295616,3,9345,108,29
34.193487,-111.616263,2026-08-10 00:35:27.392466176,3,13324,132,36
41.329144,-83.6389,2026-08-10 00:35:35.46483712,3,13646,82,22
41.587388,-56.094177,2026-08-10 00:35:35.257502720,3,5510,176,25
41.682888,-56.066113,2026-08-10 00:35:35.656950272,3,8597,175,37
40.593359,-84.116807,2026-08-10 00:35:36.338312448,3,10393,136,84
40.585175,-84.086454,2026-08-10 00:35:36.338329856,3,7067,150,63
40.6541,-84.072708,2026-08-10 00:35:36.338346752,3,7545,229,46
40.586489,-84.027509,2026-08-10 00:35:36.338350592,3,7947,146,32
30.346779,-112.055663,2026-08-10 00:35:44.571554048,3,10109,227,31
35.005248,-81.49137,2026-08-10 00:35:52.854832896,3,11110,72,22
35.061423,-81.518978,2026-08-10 00:35:52.863095040,3,3882,211,40
35.112961,-81.504678,2026-08-10 00:35:52.863110912,3,4917,143,87
35.10046,-81.508001,2026-08-10 00:35:52.863119360,3,10952,132,73
35.088801,-81.511026,2026-08-10 00:35:52.863107584,3,8464,244,55
35.055071,-81.501388,2026-08-10 00:35:52.863095296,3,13284,208,35
35.039161,-81.58356,2026-08-10 00:35:52.878268672,3,12976,130,79
35.005229,-81.489423,2026-08-10 00:35:52.878277120,3,13290,125,66
35.044759,-81.494863,2026-08-10 00:35:52.878284544,3,6794,131,51
35.012026,-81.484001,2026-08-10 00:35:52.911893504,3,4029,109,55
35.014744,-81.498417,2026-08-10 00:35:52.911895552,3,14510,121,41
34.978904,-81.659969,2026-08-10 00:35:52.911908608,3,9343,236,26
35.026947,-81.499041,2026-08-10 00:35:52.943976448,3,7493,179,32
35.101314,-81.535483,2026-08-10 00:35:52.944037120,3,9521,131,18
31.987212,-88.192858,2026-08-10 00:35:53.444662272,3,13457,204,40
31.854354,-88.073677,2026-08-10 00:35:53.444641792,3,13173,140,27
31.855298,-88.116716,2026-08-10 00:35:53.471162880,3,13557,134,41
37.738276,-78.03737,2026-08-10 00:36:00.572141568,3,14483,204,45
37.674639,-78.020049,2026-08-10 00:36:00.572137472,3,13116,199,37
49.08724,-83.514888,2026-08-10 00:36:00.574467840,3,10269,134,34
49.044301,-83.510706,2026-08-10 00:36:00.574530816,3,13868,140,25
40.912637,-83.686084,2026-08-10 00:36:00.832648960,3,12349,98,44
41.335857,-83.196098,2026-08-10 00:36:03.968339200,3,10353,93,32
55.923153,-117.206861,2026-08-10 00:36:03.972395520,3,11687,130,58
55.88568,-117.372444,2026-08-10 00:36:03.972421120,3,10568,237,45
41.753551,-102.913192,2026-08-10 00:36:06.315731968,3,4048,179,84
41.785838,-102.834502,2026-08-10 00:36:06.315758592,3,9282,94,70
41.701149,-103.02919,2026-08-10 00:36:06.315738112,3,14099,166,55
41.751014,-102.958429,2026-08-10 00:36:06.315757056,3,12732,102,42
34.884158,-81.048647,2026-08-10 00:36:15.13872896,3,14262,236,15
41.276599,-83.238927,2026-08-10 00:36:16.38137344,3,12955,72,17
21.51226,-103.118379,2026-08-10 00:36:18.972427520,3,14120,248,50
41.133487,-83.383434,2026-08-10 00:36:26.35080192,3,9083,111,21
31.193088,-83.359172,2026-08-10 00:36:26.423403264,3,13041,115,26
41.543419,-83.587614,2026-08-10 00:36:26.703556352,3,9148,71,41
41.542165,-83.584147,2026-08-10 00:36:26.703562752,3,13062,57,34
41.785645,-102.967774,2026-08-10 00:36:27.779622400,3,10554,114,29
41.331071,-83.214861,2026-08-10 00:36:27.957511680,3,13759,72,18
22.421532,-86.908446,2026-08-10 00:36:27.962469120,3,9524,253,20
30.448991,-112.08275,2026-08-10 00:36:28.524051968,3,14193,223,17
41.295492,-83.649098,2026-08-10 00:36:28.719035392,3,14437,75,20
40.495313,-84.110195,2026-08-10 00:36:29.664189952,3,9411,94,22
41.630685,-83.941544,2026-08-10 00:36:29.720699136,3,9372,131,81
41.612925,-83.942666,2026-08-10 00:36:29.720699392,3,13345,73,75
41.607114,-83.938292,2026-08-10 00:36:29.720710400,3,12555,57,54
41.699945,-83.883212,2026-08-10 00:36:29.720734208,3,12318,112,39
41.617365,-83.98187,2026-08-10 00:36:29.720755456,3,13401,95,34
35.791667,-81.805958,2026-08-10 00:36:30.111471360,3,8349,59,74
35.859924,-81.808471,2026-08-10 00:36:30.111494656,3,11763,128,53
35.890653,-81.810177,2026-08-10 00:36:30.111515648,3,8152,198,37
35.923264,-81.955904,2026-08-10 00:36:30.111539968,3,13167,207,22
35.815208,-81.813768,2026-08-10 00:36:30.193493248,3,8001,119,34
35.862627,-81.838483,2026-08-10 00:36:30.193552128,3,9458,152,22
35.821595,-81.802503,2026-08-10 00:36:30.245464320,3,7490,161,40
35.782137,-81.794041,2026-08-10 00:36:30.517330688,3,10024,162,31
35.851693,-81.798589,2026-08-10 00:36:30.517350656,3,10711,128,47
35.846843,-81.80282,2026-08-10 00:36:30.517352704,3,7536,134,37
41.335745,-83.623272,2026-08-10 00:36:30.526553856,3,8675,116,24
35.815993,-113.64261,2026-08-10 00:36:38.18921984,3,13457,71,33
35.819535,-113.616594,2026-08-10 00:36:38.121412096,3,11426,71,27
46.622011,-64.906086,2026-08-10 00:36:38.747383552,3,12967,190,33
40.418468,-84.916675,2026-08-10 00:36:38.933788928,3,14153,92,20
40.279524,-95.690982,2026-08-10 00:36:39.563756544,3,3895,152,26
38.665862,-56.943469,2026-08-10 00:36:48.124834560,3,8078,202,23
27.250405,-104.07196,2026-08-10 00:36:48.375896320,3,8951,234,43
27.252326,-104.074354,2026-08-10 00:36:48.375892736,3,7679,247,30
30.455865,-112.058841,2026-08-10 00:36:48.795214080,3,12863,222,35
29.095157,-108.211805,2026-08-10 00:36:49.709876992,3,6304,222,19
29.137245,-108.192744,2026-08-10 00:36:49.709932032,3,9429,243,40
41.760833,-103.166076,2026-08-10 00:36:50.434337280,3,3666,181,64
41.771938,-103.11157,2026-08-10 00:36:50.434355712,3,5375,105,51
53.818952,-90.258061,2026-08-10 00:36:51.289809152,3,5917,249,102
42.267772,-102.833881,2026-08-10 00:36:58.701039360,3,8661,117,58
42.332924,-102.729393,2026-08-10 00:36:58.701069568,3,9567,88,39
42.246905,-102.83293,2026-08-10 00:36:58.701084416,3,12169,105,27
41.518002,-83.768479,2026-08-10 00:37:00.919619328,3,10535,68,27
35.555894,-80.549126,2026-08-10 00:37:01.47691520,3,6093,153,15
35.597785,-80.572169,2026-08-10 00:37:01.47702016,3,8164,205,45
35.587496,-80.560514,2026-08-10 00:37:01.47707392,3,5880,249,30
32.775537,-109.715553,2026-08-10 00:37:01.199685888,3,13608,161,23
41.587656,-83.679217,2026-08-10 00:37:01.290429440,3,11088,98,13
21.063938,-86.396134,2026-08-10 00:37:01.376071680,3,14095,269,42
40.472632,-84.097617,2026-08-10 00:37:01.612600064,3,14688,76,15
40.782095,-83.77969,2026-08-10 00:37:03.815941632,3,14337,85,23
40.830425,-83.831448,2026-08-10 00:37:03.951551232,3,10451,74,20
34.117687,-70.416102,2026-08-10 00:37:04.249930496,3,9288,183,29
34.336873,-70.436752,2026-08-10 00:37:04.414707456,3,4005,212,54
34.34192,-70.441175,2026-08-10 00:37:04.414708480,3,8734,210,40
34.282784,-70.427084,2026-08-10 00:37:04.414735360,3,3385,240,25
34.161145,-70.364779,2026-08-10 00:37:04.603563520,3,5939,190,65
34.245721,-70.411722,2026-08-10 00:37:04.603595776,3,8654,229,46
34.192097,-70.3811,2026-08-10 00:37:04.603627520,3,8707,241,28
34.158056,-70.353701,2026-08-10 00:37:04.675805696,3,11463,226,59
34.254662,-70.425858,2026-08-10 00:37:04.675842304,3,13840,210,40
34.180281,-70.36792,2026-08-10 00:37:04.675859456,3,6534,241,26
41.616602,-103.215187,2026-08-10 00:37:05.84510720,3,7249,171,86
34.122577,-70.362207,2026-08-10 00:37:05.86822400,3,6036,233,43
34.07061,-70.344393,2026-08-10 00:37:05.86844672,3,5213,253,30
41.837762,-103.013797,2026-08-10 00:37:12.475942144,3,5229,173,51
41.915679,-103.105296,2026-08-10 00:37:12.475930368,3,9650,253,36
41.811508,-103.017901,2026-08-10 00:37:12.475977984,3,11402,102,23
41.028097,-82.972902,2026-08-10 00:37:14.286175744,3,14304,78,24
40.508825,-84.670918,2026-08-10 00:37:14.850306816,3,3422,209,34
40.534674,-84.827418,2026-08-10 00:37:14.850343936,3,14919,168,20
41.595437,-83.933536,2026-08-10 00:37:23.150492672,3,12075,75,99
41.591692,-83.928898,2026-08-10 00:37:23.150500096,3,8959,93,76
41.625688,-83.933454,2026-08-10 00:37:23.150510080,3,9187,169,52
22.748975,-105.485614,2026-08-10 00:37:23.236306432,3,8250,244,16
41.412035,-83.541624,2026-08-10 00:37:23.441899520,3,9600,182,19
21.560332,-86.323841,2026-08-10 00:37:23.599278080,3,12964,266,24
49.117881,-83.127232,2026-08-10 00:37:24.310819072,3,10871,137,19
46.62568,-65.070521,2026-08-10 00:37:24.651815936,3,5013,257,39
36.190072,-79.819917,2026-08-10 00:37:25.362284544,3,14106,209,39
36.236918,-79.773052,2026-08-10 00:37:25.362318592,3,14941,192,22
41.254034,-83.248066,2026-08-10 00:37:26.604091136,3,9550,107,17
40.479448,-84.098641,2026-08-10 00:37:27.593801472,3,12461,109,15
47.792477,-66.045595,2026-08-10 00:37:27.970923264,3,12661,167,52
47.747905,-66.053873,2026-08-10 00:37:27.970939392,3,8295,266,40
47.852819,-65.967932,2026-08-10 00:37:27.970954752,3,13385,229,28
40.328209,-95.817954,2026-08-10 00:37:28.806209536,3,10978,185,18
34.836756,-81.076882,2026-08-10 00:37:30.33700608,3,8453,119,49
34.8303,-81.151529,2026-08-10 00:37:30.33742336,3,12360,210,31
34.92797,-81.106626,2026-08-10 00:37:30.33770240,3,5843,253,18
34.841844,-81.056233,2026-08-10 00:37:30.97739520,3,6659,189,29
34.865264,-81.106015,2026-08-10 00:37:30.141929728,3,7447,230,23
34.827819,-81.087827,2026-08-10 00:37:30.266889216,3,8430,116,44
34.855446,-81.196907,2026-08-10 00:37:30.266934784,3,14259,86,32
34.942702,-81.116292,2026-08-10 00:37:30.266961152,3,7626,253,21
34.865571,-81.09495,2026-08-10 00:37:30.578583040,3,6670,230,19
41.292065,-83.205449,2026-08-10 00:37:31.336270080,3,6284,106,18
24.100545,-102.90395,2026-08-10 00:37:31.343977728,3,10003,263,63
41.294876,-83.273809,2026-08-10 00:37:35.175528704,3,8797,72,22
41.373168,-83.577055,2026-08-10 00:37:35.316089856,3,14841,72,21
26.353524,-81.745666,2026-08-10 00:37:35.713584896,3,5656,225,28
32.189198,-87.165786,2026-08-10 00:37:36.966403840,3,10138,239,20
21.217294,-101.272499,2026-08-10 00:37:38.97998336,3,6343,246,50
47.782488,-65.903406,2026-08-10 00:37:47.239816448,3,13570,130,35
47.767826,-65.967513,2026-08-10 00:37:47.306668032,3,14366,127,30
38.100621,-113.998393,2026-08-10 00:37:47.851582976,3,14870,150,24
46.220361,-65.86147,2026-08-10 00:37:49.102234624,3,10609,140,25
23.875931,-106.452005,2026-08-10 00:37:49.194084096,3,11334,241,25
38.535366,-57.167825,2026-08-10 00:37:52.997474048,3,13123,189,20
41.087319,-83.611717,2026-08-10 00:37:53.164012544,3,10022,74,36
41.069457,-83.619124,2026-08-10 00:37:53.164030720,3,5417,80,28
44.214343,3.075288,2026-08-10 00:35:05.478182912,4,12527,143,30
44.216101,2.97781,2026-08-10 00:35:05.503866112,4,7703,242,27
44.207593,3.073683,2026-08-10 00:35:05.540644096,4,12785,143,28
20.569012,130.967624,2026-08-10 00:35:20.284650496,4,5639,198,43
46.921496,37.524172,2026-08-10 00:35:22.45611264,4,10664,205,25
43.978295,2.699337,2026-08-10 00:35:29.740429568,4,8306,145,25
42.130874,-53.924797,2026-08-10 00:35:47.602779392,4,12198,214,24
44.08211,2.660765,2026-08-10 00:36:02.502517760,4,12013,152,25
46.931238,37.511096,2026-08-10 00:36:03.913701888,4,7028,219,19
43.774586,-1.254636,2026-08-10 00:36:08.709993472,4,6326,156,31
44.62033,3.281927,2026-08-10 00:36:22.898561792,4,12815,139,28
20.630833,130.981143,2026-08-10 00:36:35.177534976,4,4902,211,39
44.519368,3.303324,2026-08-10 00:36:37.951928064,4,13934,154,28
46.951388,37.382554,2026-08-10 00:37:06.692228352,4,4596,204,25
44.282597,3.157469,2026-08-10 00:37:19.621684992,4,12990,143,30
41.586007,-83.941653,2026-08-10 00:37:23.150502400,4,10698,62,18
44.534433,3.332153,2026-08-10 00:37:29.752718080,4,14140,140,22
46.996548,37.409392,2026-08-10 00:37:54.53943296,4,8121,218,21
23.018883,-99.049493,2026-08-10 00:35:17.264147456,7,7051,245,22
19.674753,-91.482576,2026-08-10 00:35:24.955512832,7,7739,269,29
19.579974,-91.426353,2026-08-10 00:35:24.955479296,7,10589,270,23
18.704539,-85.07674,2026-08-10 00:35:43.793454336,7,9555,269,19
29.047295,-108.303944,2026-08-10 00:36:49.709892864,7,13529,202,15
22.242572,-87.182799,2026-08-10 00:36:55.836222720,7,6328,256,15
22.414048,-86.913969,2026-08-10 00:37:08.899687936,7,3333,253,15
10.851319,-10.986679,2026-08-10 00:35:35.653622784,5,11941,238,63
9.566497,5.645129,2026-08-10 00:35:53.180491520,5,9052,192,19
12.642253,-7.146925,2026-08-10 00:36:11.115874048,5,6167,219,48
26.567004,160.583148,2026-08-10 00:35:07.725099264,9,12590,202,13
38.317224,146.451169,2026-08-10 00:35:16.263219712,9,14719,269,12
36.182936,120.901609,2026-08-10 00:36:13.743991040,9,9424,210,12
21.434347,103.253026,2026-08-10 00:36:18.685272576,9,10199,255,23
36.302265,144.693213,2026-08-10 00:36:32.463015424,9,9775,269,16
36.283195,145.093947,2026-08-10 00:36:32.561222656,9,4466,265,15
50.995569,14.38854,2026-08-10 00:37:00.247057408,9,14134,78,13
26.52675,160.581371,2026-08-10 00:37:30.692713728,9,3413,212,14
34.40578,144.644536,2026-08-10 00:37:57.876790528,9,9700,270,27
41.130985,-83.338183,2026-08-10 00:35:03.397952000,13,14437,98,15
41.838461,-103.04386,2026-08-10 00:35:03.859644416,13,7033,115,58
41.817905,-102.997403,2026-08-10 00:35:03.859653632,13,7259,110,48
47.536087,-65.985959,2026-08-10 00:35:04.112495104,13,9765,238,79
56.180618,-118.775002,2026-08-10 00:35:04.756474624,13,12545,263,79
41.628989,-83.662013,2026-08-10 00:35:05.254604800,13,9682,94,79
41.63394,-83.646261,2026-08-10 00:35:05.254615808,13,5284,123,59
40.423697,-96.080547,2026-08-10 00:35:05.813752832,13,9596,232,25
41.89891,-102.963922,2026-08-10 00:35:05.940440320,13,13765,99,25
41.384933,-83.676111,2026-08-10 00:35:06.433009920,13,4328,136,50
41.393911,-83.675934,2026-08-10 00:35:06.433010176,13,6917,118,51
53.407568,-88.259845,2026-08-10 00:35:07.406158848,13,10742,252,37
53.421328,-88.34523,2026-08-10 00:35:07.406141952,13,6649,177,40
32.147648,-98.167629,2026-08-10 00:35:09.620408832,13,4815,175,22
21.124141,-98.213139,2026-08-10 00:35:10.454203904,13,12149,247,84
20.005727,-85.561139,2026-08-10 00:35:11.639094784,13,11992,263,38
35.731223,-81.751159,2026-08-10 00:35:12.611799040,13,14367,167,33
39.893188,-59.439927,2026-08-10 00:35:12.676501248,13,11927,185,17
40.01552,-59.056068,2026-08-10 00:35:13.146199040,13,9501,264,36
41.336548,-83.643048,2026-08-10 00:35:13.381367040,13,14210,75,16
40.507593,-84.681591,2026-08-10 00:35:15.26424832,13,4519,138,35
40.526385,-84.712585,2026-08-10 00:35:15.26424832,13,12198,125,52
40.547647,-84.80864,2026-08-10 00:35:15.26462720,13,13976,184,34
40.625044,-84.705933,2026-08-10 00:35:15.328036608,13,11515,222,37
31.849932,-88.104678,2026-08-10 00:35:15.444006400,13,8984,125,43
32.036409,-88.101433,2026-08-10 00:35:15.444072192,13,13644,241,59
31.843628,-88.072028,2026-08-10 00:35:15.499206400,13,6477,120,31
23.28525,-98.918559,2026-08-10 00:35:17.264218368,13,5939,258,64
32.467717,-87.641077,2026-08-10 00:35:18.505971712,13,14367,202,22
32.602205,-87.584511,2026-08-10 00:35:18.506030592,13,8166,245,20
41.830969,-103.064778,2026-08-10 00:35:18.853869824,13,14184,115,35
28.55316,-104.301003,2026-08-10 00:35:19.528491008,13,11697,197,54
28.411723,-104.228892,2026-08-10 00:35:19.888291840,13,13068,225,24
35.549182,-80.509265,2026-08-10 00:35:21.959923968,13,14619,104,38
35.549246,-80.495512,2026-08-10 00:35:22.354708224,13,12049,161,28
35.560452,-80.506752,2026-08-10 00:35:22.412243200,13,9099,204,19
19.456583,-91.396455,2026-08-10 00:35:24.955426816,13,14147,264,87
36.460703,-103.495069,2026-08-10 00:35:25.825509376,13,12845,117,36
34.193482,-111.616264,2026-08-10 00:35:27.392466176,13,13325,132,35
37.624337,-81.301143,2026-08-10 00:35:28.968998400,13,6393,142,31
31.838864,-87.367237,2026-08-10 00:35:29.491852800,13,13947,241,20
41.420038,-83.721271,2026-08-10 00:35:29.857637376,13,14565,107,16
41.517066,-83.674816,2026-08-10 00:35:29.964401920,13,14309,110,17
41.325719,-83.607982,2026-08-10 00:35:30.422713088,13,14602,91,14
47.481838,-65.985205,2026-08-10 00:35:30.665564160,13,14817,164,60
47.444911,-66.075454,2026-08-10 00:35:30.665582848,13,8418,266,38
41.333954,-83.642126,2026-08-10 00:35:31.461020672,13,12450,107,22
47.802362,-65.980484,2026-08-10 00:35:32.193622016,13,13181,267,55
41.618169,-83.868556,2026-08-10 00:35:33.827298560,13,11306,73,61
41.623134,-83.866028,2026-08-10 00:35:33.827306240,13,3752,100,88
41.651596,-83.87694,2026-08-10 00:35:33.827308032,13,11389,169,74
41.615493,-83.874459,2026-08-10 00:35:33.827302912,13,14671,84,56
34.692809,-86.731584,2026-08-10 00:35:33.900638208,13,12191,97,31
34.76831,-86.712683,2026-08-10 00:35:33.900705024,13,7263,236,29
34.644016,-86.705512,2026-08-10 00:35:34.140707584,13,7364,80,41
55.623836,-120.414469,2026-08-10 00:35:34.278307840,13,13109,240,35
37.291165,-82.498404,2026-08-10 00:35:34.646125824,13,8757,188,22
26.323137,-81.811885,2026-08-10 00:35:34.875991296,13,9796,260,39
41.324056,-83.649529,2026-08-10 00:35:35.46486528,13,9863,82,22
41.584394,-56.091137,2026-08-10 00:35:35.257501440,13,5148,176,24
40.593335,-84.11697,2026-08-10 00:35:36.338312448,13,10392,136,78
40.585175,-84.086455,2026-08-10 00:35:36.338329856,13,7068,150,62
40.623603,-84.095182,2026-08-10 00:35:36.338334464,13,13122,183,45
32.474772,-87.489643,2026-08-10 00:35:36.757520640,13,10012,117,33
32.555347,-87.518215,2026-08-10 00:35:36.757586688,13,12780,249,36
40.856033,-83.8372,2026-08-10 00:35:37.145964800,13,12091,180,25
34.120429,-70.583944,2026-08-10 00:35:37.384035072,13,4210,268,56
34.20989,-70.6206,2026-08-10 00:35:37.384073472,13,7805,209,42
34.223051,-70.647968,2026-08-10 00:35:37.384126464,13,7309,259,29
35.063654,-28.633144,2026-08-10 00:35:38.495416320,13,7570,253,25
41.743947,-103.181453,2026-08-10 00:35:39.389423872,13,9128,116,54
41.774379,-103.17872,2026-08-10 00:35:39.389434368,13,9055,167,41
41.237663,-83.383376,2026-08-10 00:35:40.102741248,13,8405,112,55
41.21946,-83.319155,2026-08-10 00:35:40.102756864,13,8715,78,42
42.217664,-102.793606,2026-08-10 00:35:41.105780480,13,4869,177,45
42.249965,-102.722618,2026-08-10 00:35:41.105803008,13,9318,100,30
41.823266,-103.029223,2026-08-10 00:35:43.396659712,13,6562,115,69
41.864938,-102.974688,2026-08-10 00:35:43.396674560,13,12969,84,59
40.489863,-84.130693,2026-08-10 00:35:44.986680320,13,7755,98,25
41.3272,-83.599796,2026-08-10 00:35:45.134304512,13,13687,61,21
52.173923,-75.805314,2026-08-10 00:35:46.351097856,13,7766,255,67
52.100582,-75.74399,2026-08-10 00:35:46.351128832,13,6849,204,61
52.040046,-75.794115,2026-08-10 00:35:46.351154176,13,7211,192,48
52.070673,-75.748746,2026-08-10 00:35:46.351171328,13,6322,183,35
41.538565,-83.773769,2026-08-10 00:35:48.95740928,13,11619,70,37
36.380041,-113.930974,2026-08-10 00:35:48.368023808,13,12313,83,30
36.459741,-113.971532,2026-08-10 00:35:48.368059904,13,10554,217,31
35.937995,-81.862039,2026-08-10 00:35:48.950140416,13,10104,124,56
36.007721,-81.863337,2026-08-10 00:35:48.950169600,13,7877,128,52
36.036678,-81.872824,2026-08-10 00:35:48.950178816,13,9408,197,39
47.749625,-66.032954,2026-08-10 00:35:49.832532480,13,10109,124,48
33.308392,-111.134242,2026-08-10 00:35:49.945939968,13,10688,110,51
33.329569,-111.218523,2026-08-10 00:35:49.945969408,13,5095,197,50
37.905789,-81.182541,2026-08-10 00:35:50.410377472,13,5577,147,34
37.966327,-81.207993,2026-08-10 00:35:50.410398976,13,4584,224,62
37.967585,-81.196353,2026-08-10 00:35:50.410405376,13,11270,217,49
37.971653,-81.189175,2026-08-10 00:35:50.410405888,13,14519,122,32
25.514643,-99.454045,2026-08-10 00:35:51.413738240,13,8309,250,21
25.937436,-99.407155,2026-08-10 00:35:51.582980096,13,14601,234,23
35.053057,-81.523095,2026-08-10 00:35:52.863092992,13,4317,191,88
35.089083,-81.505117,2026-08-10 00:35:52.863110400,13,4500,257,80
35.092451,-81.508242,2026-08-10 00:35:52.863109632,13,3574,244,67
35.096704,-81.509624,2026-08-10 00:35:52.863109632,13,5866,251,53
35.039182,-81.583607,2026-08-10 00:35:52.878268672,13,12977,131,79
35.005328,-81.489363,2026-08-10 00:35:52.878277120,13,13291,125,66
35.044737,-81.494868,2026-08-10 00:35:52.878284544,13,6794,131,51
35.013166,-81.489067,2026-08-10 00:35:52.911895040,13,5624,108,57
35.017721,-81.498453,2026-08-10 00:35:52.943976192,13,8243,179,20
50.105902,-75.96368,2026-08-10 00:35:57.25590272,13,11973,178,26
50.078737,-76.01201,2026-08-10 00:35:57.25643264,13,6465,263,23
46.626059,-64.936334,2026-08-10 00:35:58.178128896,13,13903,197,27
35.852403,-81.77434,2026-08-10 00:35:59.357203200,13,7701,193,21
24.081096,-102.98644,2026-08-10 00:35:59.774474496,13,6488,264,51
37.724002,-78.047347,2026-08-10 00:36:00.572141312,13,10869,204,46
37.684345,-78.027268,2026-08-10 00:36:00.572137216,13,10886,205,38
49.111128,-83.49933,2026-08-10 00:36:00.574458880,13,13825,135,33
49.044421,-83.511531,2026-08-10 00:36:00.574530560,13,13891,140,24
40.912637,-83.686087,2026-08-10 00:36:00.832648960,13,12350,98,44
55.88884,-117.196973,2026-08-10 00:36:03.972402176,13,13860,239,58
55.883391,-117.277852,2026-08-10 00:36:03.972448512,13,10658,241,45
41.764445,-102.922596,2026-08-10 00:36:06.315729408,13,5078,179,82
41.808817,-102.92102,2026-08-10 00:36:06.315739648,13,7316,92,68
36.419416,-103.452691,2026-08-10 00:36:08.174481408,13,2934,120,48
36.499321,-103.374817,2026-08-10 00:36:08.174492160,13,12389,89,35
41.754266,-103.036981,2026-08-10 00:36:10.2925824,13,2847,172,56
41.860426,-103.03065,2026-08-10 00:36:10.2952448,13,11131,84,41
41.733542,-103.036439,2026-08-10 00:36:10.2957312,13,13575,102,25
39.39401,-99.25239,2026-08-10 00:36:11.793385984,13,13550,190,21
35.585509,-80.524244,2026-08-10 00:36:12.99613440,13,7573,221,21
35.55983,-80.495538,2026-08-10 00:36:12.161352192,13,6189,225,23
26.998823,-112.479357,2026-08-10 00:36:12.557122048,13,8172,251,38
41.275431,-83.217392,2026-08-10 00:36:16.38131968,13,9212,95,17
21.511989,-103.118516,2026-08-10 00:36:18.972427264,13,14161,248,47
37.259497,-102.712512,2026-08-10 00:36:19.229588736,13,11712,225,27
37.147184,-102.631974,2026-08-10 00:36:19.488441344,13,13618,106,38
37.242926,-102.714698,2026-08-10 00:36:19.488472320,13,9579,208,25
27.743153,-107.283058,2026-08-10 00:36:19.519680768,13,9884,234,27
41.312579,-83.59912,2026-08-10 00:36:23.282701568,13,11957,74,18
40.507591,-84.722488,2026-08-10 00:36:23.900346112,13,13508,76,42
41.559347,-83.609646,2026-08-10 00:36:26.703558144,13,7394,151,48
41.542036,-83.578,2026-08-10 00:36:26.703563264,13,12035,69,36
41.774166,-102.955594,2026-08-10 00:36:27.779622656,13,6785,114,29
22.438199,-86.887517,2026-08-10 00:36:27.810477824,13,6123,258,28
41.295452,-83.649068,2026-08-10 00:36:28.719035392,13,14437,86,16
41.605134,-83.947669,2026-08-10 00:36:29.720707328,13,10226,96,66
41.606379,-83.949251,2026-08-10 00:36:29.720711936,13,14421,85,57
41.617366,-83.981874,2026-08-10 00:36:29.720755456,13,13401,95,35
35.791668,-81.805957,2026-08-10 00:36:30.111471360,13,8349,59,69
35.819984,-81.821384,2026-08-10 00:36:30.111490560,13,6598,202,55
35.860651,-81.797833,2026-08-10 00:36:30.111495936,13,14391,118,41
35.922502,-81.956211,2026-08-10 00:36:30.111539712,13,13170,207,24
35.826203,-81.807198,2026-08-10 00:36:30.193496064,13,13720,161,33
35.821602,-81.802504,2026-08-10 00:36:30.245464320,13,7490,161,22
35.782138,-81.794046,2026-08-10 00:36:30.517330688,13,10024,162,72
35.796072,-81.808923,2026-08-10 00:36:30.801714176,13,7788,198,22
54.277625,-121.128324,2026-08-10 00:36:33.478927104,13,13281,220,57
41.369411,-83.597888,2026-08-10 00:36:36.11789312,13,12140,115,19
41.367982,-83.604759,2026-08-10 00:36:36.118641920,13,11559,104,30
40.070315,-59.146766,2026-08-10 00:36:36.557740800,13,6492,235,68
40.049779,-59.227806,2026-08-10 00:36:36.615260928,13,11926,204,25
40.49309,-84.742008,2026-08-10 00:36:37.18297088,13,13383,76,67
40.505649,-84.728215,2026-08-10 00:36:37.18303232,13,12082,146,50
35.81953,-113.616596,2026-08-10 00:36:38.121412096,13,11426,71,27
46.622021,-64.906041,2026-08-10 00:36:38.747383552,13,12966,190,33
40.287734,-95.69562,2026-08-10 00:36:39.563759872,13,10608,152,26
47.771801,-66.034359,2026-08-10 00:36:40.660103168,13,8585,127,46
28.609315,-104.310528,2026-08-10 00:36:40.758469120,13,11881,221,26
40.477556,-84.13393,2026-08-10 00:36:41.507430400,13,10471,98,16
37.849642,-81.088515,2026-08-10 00:36:42.524309760,13,9403,104,84
37.918717,-81.046837,2026-08-10 00:36:42.524341760,13,4029,233,85
37.868101,-81.085609,2026-08-10 00:36:42.524322816,13,10757,180,71
37.879331,-81.087511,2026-08-10 00:36:42.524333568,13,11876,68,49
37.86848,-81.091903,2026-08-10 00:36:42.675602176,13,9487,131,35
21.5253,-86.3039,2026-08-10 00:36:43.158395136,13,7074,267,35
35.984038,-81.935591,2026-08-10 00:36:43.655856640,13,6732,177,22
41.781629,-102.96166,2026-08-10 00:36:45.457315840,13,5083,178,49
41.817093,-102.941395,2026-08-10 00:36:45.457339904,13,9404,84,41
33.232104,-109.549265,2026-08-10 00:36:45.751663104,13,14311,205,62
32.186687,-113.075633,2026-08-10 00:36:45.965053440,13,14813,188,24
38.606331,-113.267222,2026-08-10 00:36:46.536021760,13,12384,146,20
41.45642,-83.611894,2026-08-10 00:36:47.374661376,13,6755,122,62
41.4534,-83.593476,2026-08-10 00:36:47.374667776,13,10251,92,62
41.486651,-83.603058,2026-08-10 00:36:47.374672384,13,10090,172,39
27.29252,-104.064802,2026-08-10 00:36:48.375903744,13,6495,233,39
30.387472,-112.027155,2026-08-10 00:36:48.795240704,13,13914,228,19
29.001202,-108.329706,2026-08-10 00:36:49.709869824,13,12847,259,38
41.76852,-103.258636,2026-08-10 00:36:50.434314496,13,7855,269,53
41.771936,-103.111569,2026-08-10 00:36:50.434352640,13,5374,105,51
53.818528,-90.257673,2026-08-10 00:36:51.289809152,13,5917,249,111
26.793497,-112.497606,2026-08-10 00:36:51.815925760,13,7932,252,28
35.036193,-81.518249,2026-08-10 00:36:52.650339840,13,6897,228,96
34.986555,-81.483789,2026-08-10 00:36:52.650330624,13,7368,130,83
34.990176,-81.50431,2026-08-10 00:36:52.650327296,13,13697,123,71
35.061713,-81.510971,2026-08-10 00:36:52.650353408,13,5193,253,58
35.092225,-81.507322,2026-08-10 00:36:52.650365952,13,6541,209,45
22.634661,-102.490276,2026-08-10 00:36:53.778057472,13,5786,242,67
38.779562,-82.676469,2026-08-10 00:36:54.838324224,13,12396,95,33
47.758741,-65.922906,2026-08-10 00:36:57.155014400,13,5369,210,32
40.513581,-84.757222,2026-08-10 00:36:57.760267008,13,4710,212,56
40.504487,-84.712825,2026-08-10 00:36:57.760278528,13,9820,62,57
40.525129,-84.707856,2026-08-10 00:36:57.760280576,13,7926,146,36
40.502545,-84.720268,2026-08-10 00:36:57.821346816,13,7309,98,42
42.251653,-102.819893,2026-08-10 00:36:58.701040896,13,4581,177,58
42.323374,-102.788128,2026-08-10 00:36:58.701049344,13,11181,91,42
35.548849,-80.551523,2026-08-10 00:37:01.47692032,13,8392,137,34
35.608051,-80.558672,2026-08-10 00:37:01.47709952,13,7855,128,38
21.063959,-86.39614,2026-08-10 00:37:01.376071680,13,14095,269,45
40.780278,-83.772068,2026-08-10 00:37:03.815941632,13,12701,132,22
40.822027,-83.829211,2026-08-10 00:37:03.951555840,13,8245,97,26
34.115226,-70.41397,2026-08-10 00:37:04.249931264,13,7401,183,29
34.332614,-70.439444,2026-08-10 00:37:04.414705920,13,4260,212,55
34.341944,-70.441025,2026-08-10 00:37:04.414708480,13,8733,210,41
34.278118,-70.421171,2026-08-10 00:37:04.414733312,13,3822,240,28
34.251783,-70.431722,2026-08-10 00:37:04.603599104,13,8825,231,33
34.254713,-70.442602,2026-08-10 00:37:04.603607808,13,8842,239,44
34.13893,-70.349847,2026-08-10 00:37:04.675801088,13,8052,227,64
34.260572,-70.457448,2026-08-10 00:37:04.675851008,13,10213,222,45
34.175219,-70.352992,2026-08-10 00:37:04.675862016,13,11228,241,32
41.616601,-103.215274,2026-08-10 00:37:05.84510720,13,7250,171,88
52.767695,-114.900396,2026-08-10 00:37:11.669606656,13,11006,209,26
41.842943,-103.015944,2026-08-10 00:37:12.475941376,13,5929,115,51
41.028099,-82.972899,2026-08-10 00:37:14.286175744,13,14304,78,25
40.511584,-84.712018,2026-08-10 00:37:14.850310400,13,10950,112,21
35.580752,-80.500216,2026-08-10 00:37:15.282428160,13,7888,221,20
37.893643,-81.140823,2026-08-10 00:37:16.176781312,13,10385,118,66
38.079848,-81.091164,2026-08-10 00:37:16.176863744,13,11722,227,45
37.821186,-81.168493,2026-08-10 00:37:16.176792832,13,4736,261,33
23.238002,-98.851119,2026-08-10 00:37:16.814045952,13,6604,243,66
34.989467,-105.447007,2026-08-10 00:37:17.832323328,13,10786,199,42
35.057602,-105.365423,2026-08-10 00:37:17.832353280,13,5948,151,37
35.053334,-105.37864,2026-08-10 00:37:17.847765504,13,8866,150,29
34.974325,-105.481646,2026-08-10 00:37:17.914916352,13,13012,201,24
40.777191,-110.89679,2026-08-10 00:37:18.497062144,13,11123,69,61
40.826269,-110.896909,2026-08-10 00:37:18.497077760,13,13019,122,45
31.881555,-88.110231,2026-08-10 00:37:19.668974080,13,4618,196,63
31.852496,-88.100342,2026-08-10 00:37:19.668970752,13,7547,132,47
31.870842,-88.098033,2026-08-10 00:37:19.792868352,13,13699,196,33
31.82345,-88.097157,2026-08-10 00:37:19.936043264,13,11149,130,48
31.933144,-88.107282,2026-08-10 00:37:19.936112640,13,8317,239,33
31.827717,-88.080452,2026-08-10 00:37:20.22737664,13,7519,130,32
31.712972,-88.236765,2026-08-10 00:37:20.22726912,13,9647,216,25
41.420915,-83.597657,2026-08-10 00:37:20.409376768,13,11004,112,16
26.722485,-112.507681,2026-08-10 00:37:21.108439552,13,11788,252,39
26.866502,-112.415386,2026-08-10 00:37:21.156679424,13,12102,252,24
41.593535,-83.933777,2026-08-10 00:37:23.150493184,13,11450,89,87
41.588461,-83.947037,2026-08-10 00:37:23.150499840,13,4396,126,68
41.631108,-83.933077,2026-08-10 00:37:23.150516224,13,4574,190,53
41.404334,-83.536102,2026-08-10 00:37:23.441901824,13,11016,183,21
21.560338,-86.323839,2026-08-10 00:37:23.599278080,13,12964,266,26
46.608826,-65.11449,2026-08-10 00:37:24.651824896,13,9830,227,41
36.197977,-79.818097,2026-08-10 00:37:25.362296576,13,8493,208,38
41.255701,-83.246913,2026-08-10 00:37:26.604090624,13,8981,107,13
40.479447,-84.098638,2026-08-10 00:37:27.593801472,13,12462,109,15
47.78934,-65.958366,2026-08-10 00:37:27.970916608,13,13980,263,56
47.747918,-66.053846,2026-08-10 00:37:27.970939392,13,8294,266,45
40.313493,-95.849279,2026-08-10 00:37:28.806195968,13,11838,169,17
34.85416,-81.08978,2026-08-10 00:37:30.33706496,13,6198,206,50
34.849095,-81.164988,2026-08-10 00:37:30.33745152,13,13953,210,35
34.910404,-81.10722,2026-08-10 00:37:30.33765888,13,6436,254,22
34.841844,-81.056234,2026-08-10 00:37:30.97739520,13,6659,189,30
34.827867,-81.087812,2026-08-10 00:37:30.266891520,13,8431,186,42
34.855443,-81.196902,2026-08-10 00:37:30.266934784,13,14258,86,32
34.950109,-81.112383,2026-08-10 00:37:30.266963968,13,7492,260,20
23.786866,-102.964071,2026-08-10 00:37:31.343883776,13,13126,264,59
41.304615,-83.263728,2026-08-10 00:37:35.175527936,13,14650,72,17
26.408844,-81.776566,2026-08-10 00:37:35.713604864,13,6707,262,31
32.471676,-87.490858,2026-08-10 00:37:36.966474752,13,11548,120,19
21.212757,-101.275259,2026-08-10 00:37:38.97997568,13,7328,246,49
28.134908,-101.617884,2026-08-10 00:37:40.196750080,13,13873,260,15
41.380576,-83.597939,2026-08-10 00:37:42.39129600,13,12809,68,13
40.495576,-84.046165,2026-08-10 00:37:42.495238144,13,11864,176,17
47.449283,-66.063902,2026-08-10 00:37:43.806887936,13,6298,244,85
47.317577,-66.344523,2026-08-10 00:37:43.806974464,13,5436,264,66
47.335324,-66.284075,2026-08-10 00:37:43.806962432,13,14556,255,53
47.445908,-66.055248,2026-08-10 00:37:43.867385600,13,8871,173,36
41.739323,-102.910827,2026-08-10 00:37:44.226801920,13,10794,141,35
35.786781,-81.854191,2026-08-10 00:37:45.643957248,13,13909,202,24
35.816094,-81.783376,2026-08-10 00:37:45.691421184,13,11991,120,22
35.887345,-81.822422,2026-08-10 00:37:45.691477760,13,9311,246,21
35.827014,-81.801685,2026-08-10 00:37:45.719782912,13,11858,161,27
35.811551,-81.794052,2026-08-10 00:37:45.747452928,13,9830,174,23
47.792879,-65.838517,2026-08-10 00:37:47.239805184,13,3248,241,35
38.100621,-113.998393,2026-08-10 00:37:47.851582976,13,14869,150,24
23.875755,-106.451931,2026-08-10 00:37:49.194084096,13,11333,241,32
41.078012,-83.635583,2026-08-10 00:37:53.164018176,13,9068,85,30
41.082663,-83.652665,2026-08-10 00:37:53.164027904,13,7911,111,26
41.163516,-83.231487,2026-08-10 00:37:55.664807424,13,9623,74,20
41.132627,-83.355278,2026-08-10 00:37:55.956956928,13,10638,86,46
41.364936,-83.582079,2026-08-10 00:37:56.508308736,13,14855,104,20
25.892865,-99.38581,2026-08-10 00:37:57.774728704,13,8320,253,73
40.507824,-84.683309,2026-08-10 00:37:58.233703168,13,6819,92,23
24.406314,-103.028935,2026-08-10 00:38:03.671516672,13,3653,268,42
30.252139,-112.141927,2026-08-10 00:38:04.172013824,13,6914,227,23
41.318452,-83.594667,2026-08-10 00:38:04.531333376,13,6954,91,48
41.310009,-83.604173,2026-08-10 00:38:04.531336192,13,13331,79,34
39.950139,-59.477346,2026-08-10 00:38:05.383262720,13,10501,206,58
39.130075,-99.563459,2026-08-10 00:38:06.380390144,13,14304,81,22
34.115809,-70.397077,2026-08-10 00:38:07.748166144,13,4756,160,48
34.209978,-70.426733,2026-08-10 00:38:07.748200704,13,8210,224,37
34.1272,-70.395556,2026-08-10 00:38:07.797697024,13,6252,160,35
34.206899,-70.439146,2026-08-10 00:38:07.797734144,13,7279,224,45
34.185371,-70.463508,2026-08-10 00:38:07.797778432,13,8569,217,31
36.599205,-103.372306,2026-08-10 00:38:08.215176192,13,10950,112,24
47.796334,-66.00175,2026-08-10 00:38:08.539916544,13,8878,176,54
42.226665,-102.812696,2026-08-10 00:38:09.220724736,13,4141,127,52
42.220998,-102.846897,2026-08-10 00:38:09.220729600,13,13904,96,68
42.181582,-102.819792,2026-08-10 00:38:09.220737024,13,7207,171,51
27.013353,-112.415226,2026-08-10 00:38:10.555101440,13,11799,250,40
25.140292,-106.767371,2026-08-10 00:38:10.725985024,13,10030,186,50
20.568652,130.967505,2026-08-10 00:35:20.284650496,14,5641,198,43
20.630728,130.981109,2026-08-10 00:36:35.177534976,14,4904,211,32
20.828441,129.737157,2026-08-10 00:37:27.312681216,14,10453,176,57
34.467808,144.5964,2026-08-10 00:37:57.876801536,14,13852,269,26
43.903098,-0.858754,2026-08-10 00:35:02.205870336,11,10502,98,81
41.61722,-83.6627,2026-08-10 00:35:05.254613248,11,13994,68,31
44.22223,3.192731,2026-08-10 00:35:05.440213248,11,8323,53,387
44.23334,3.192685,2026-08-10 00:35:05.440221184,11,7672,112,237
8.53855,5.838403,2026-08-10 00:35:09.217220096,11,4808,203,218
40.105428,-59.305729,2026-08-10 00:35:13.146281728,11,12296,177,94
43.865151,2.835286,2026-08-10 00:35:18.621163776,11,10438,95,54
43.881841,2.841633,2026-08-10 00:35:18.621173760,11,5210,168,63
43.858285,2.79691,2026-08-10 00:35:18.621236480,11,12783,229,47
43.859926,2.796997,2026-08-10 00:35:18.621226240,11,6513,231,34
43.902888,2.838937,2026-08-10 00:35:18.621233152,11,7611,245,19
44.163745,3.151831,2026-08-10 00:35:20.732064768,11,6954,227,83
46.917126,37.495883,2026-08-10 00:35:22.45610240,11,5556,205,133
43.987024,2.800532,2026-08-10 00:35:29.740397568,11,12175,144,77
44.003576,2.827458,2026-08-10 00:35:29.740399360,11,10253,164,152
44.040319,2.829628,2026-08-10 00:35:29.740479232,11,3833,267,134
44.020395,2.830902,2026-08-10 00:35:29.740475648,11,5319,242,120
40.595471,-84.079373,2026-08-10 00:35:36.338321664,11,9241,120,33
42.746287,1.012474,2026-08-10 00:35:50.884365824,11,4589,161,327
42.775173,1.006633,2026-08-10 00:35:50.884380416,11,7207,204,315
44.12666,3.14742,2026-08-10 00:35:57.99514880,11,11785,142,147
44.187101,3.18077,2026-08-10 00:35:57.99546624,11,7161,119,334
44.188276,3.19404,2026-08-10 00:35:57.99547136,11,7485,178,335
44.228924,2.810392,2026-08-10 00:36:01.871521792,11,5797,242,223
44.215119,2.801762,2026-08-10 00:36:01.871521792,11,5520,131,354
44.194383,2.76364,2026-08-10 00:36:01.871514368,11,4133,239,335
44.216279,2.795038,2026-08-10 00:36:01.871523840,11,5218,137,321
44.219105,2.788352,2026-08-10 00:36:01.871525376,11,11790,247,304
46.925653,37.489031,2026-08-10 00:36:03.913711360,11,9599,246,40
43.825127,-1.061375,2026-08-10 00:36:08.709953280,11,8382,139,166
43.779621,-1.152943,2026-08-10 00:36:08.709956352,11,7718,257,254
43.833855,-1.10199,2026-08-10 00:36:08.709974784,11,3140,266,241
43.827013,-1.100216,2026-08-10 00:36:08.709970432,11,6873,266,228
43.980609,2.862635,2026-08-10 00:36:12.935785728,11,10700,71,102
44.029035,2.868831,2026-08-10 00:36:12.935815936,11,5743,230,138
44.004905,2.837172,2026-08-10 00:36:12.935810304,11,9609,153,125
44.340241,3.265052,2026-08-10 00:36:13.223490816,11,14948,114,111
44.338564,3.243156,2026-08-10 00:36:13.223496192,11,2479,233,202
44.344453,3.246356,2026-08-10 00:36:13.223494912,11,6646,116,189
44.603774,3.242727,2026-08-10 00:36:13.223587584,11,9502,256,177
44.316109,3.224665,2026-08-10 00:36:13.223551744,11,10268,260,37
46.358094,0.407186,2026-08-10 00:36:14.119488256,11,11796,89,82
46.370431,0.413296,2026-08-10 00:36:14.119494912,11,9571,137,71
46.356705,0.38517,2026-08-10 00:36:14.136252416,11,10244,88,42
44.187443,-0.204658,2026-08-10 00:36:19.786007040,11,6147,128,58
44.659019,3.471096,2026-08-10 00:36:22.267355392,11,6048,94,165
44.654517,3.428971,2026-08-10 00:36:22.267360512,11,4342,243,209
44.658717,3.438786,2026-08-10 00:36:22.267358720,11,5726,228,193
44.659949,3.468156,2026-08-10 00:36:22.267360256,11,7204,115,177
44.674785,3.441594,2026-08-10 00:36:22.267368704,11,7539,167,163
44.178855,3.179603,2026-08-10 00:36:25.7221504,11,11808,114,83
44.218892,3.18769,2026-08-10 00:36:25.7239168,11,13243,165,84
44.212438,3.175831,2026-08-10 00:36:25.7239424,11,13027,148,70
44.175585,3.16477,2026-08-10 00:36:25.7308032,11,9410,222,59
44.550765,3.435865,2026-08-10 00:36:37.951896320,11,3718,231,136
44.539545,3.439564,2026-08-10 00:36:38.68799488,11,5983,116,149
44.539425,3.413944,2026-08-10 00:36:38.68801792,11,5623,215,114
44.527156,3.444284,2026-08-10 00:36:38.117455360,11,5074,80,85
44.51139,3.401657,2026-08-10 00:36:38.398053120,11,3962,205,134
43.847951,0.107157,2026-08-10 00:36:43.65150464,11,14682,94,37
43.830198,-1.099628,2026-08-10 00:36:46.582180096,11,14852,152,71
46.519813,0.692927,2026-08-10 00:36:48.583791360,11,13299,217,152
46.512648,0.696373,2026-08-10 00:36:48.583776512,11,14111,256,162
46.565948,0.781126,2026-08-10 00:36:48.583803392,11,7894,232,149
53.783064,-90.218653,2026-08-10 00:36:51.289826560,11,12119,191,110
44.219031,3.288674,2026-08-10 00:36:53.287341568,11,10378,52,37
41.623241,-56.317154,2026-08-10 00:36:54.833715456,11,5098,175,101
34.326163,-29.485355,2026-08-10 00:36:58.867864320,11,10395,230,27
51.011889,14.467532,2026-08-10 00:37:00.247031040,11,11565,64,337
51.004015,14.466631,2026-08-10 00:37:00.247039488,11,10021,71,402
44.419598,3.367919,2026-08-10 00:37:01.716623360,11,10506,115,192
44.43942,3.391134,2026-08-10 00:37:01.716640000,11,7563,134,178
34.244956,-70.418242,2026-08-10 00:37:04.675835136,11,14850,229,190
44.187055,3.207127,2026-08-10 00:37:06.31712256,11,12527,55,57
44.189783,3.195703,2026-08-10 00:37:06.31721472,11,13761,216,36
46.956298,37.398078,2026-08-10 00:37:06.692225536,11,4849,254,128
43.908932,2.834544,2026-08-10 00:37:16.692813056,11,6200,127,338
43.948423,2.840599,2026-08-10 00:37:16.692822272,11,3538,225,383
43.927594,2.837618,2026-08-10 00:37:16.692816640,11,6848,144,375
44.302268,3.279271,2026-08-10 00:37:19.621642752,11,5851,122,177
44.306524,3.264149,2026-08-10 00:37:19.621642240,11,14295,137,231
44.313421,3.281671,2026-08-10 00:37:19.621641984,11,8021,121,215
44.483522,3.248957,2026-08-10 00:37:19.621709568,11,5477,236,202
47.697338,-66.24199,2026-08-10 00:37:27.971028736,11,13681,155,118
44.538657,3.422704,2026-08-10 00:37:29.752664832,11,10234,150,171
44.574806,3.442739,2026-08-10 00:37:29.752681472,11,12499,173,157
46.260356,0.314777,2026-08-10 00:37:38.664786432,11,14498,117,80
46.308434,0.280306,2026-08-10 00:37:39.47796224,11,10488,162,114
43.887806,2.831463,2026-08-10 00:37:48.46713344,11,12835,82,64
43.913281,2.839561,2026-08-10 00:37:48.46727936,11,8152,128,113
43.896175,2.85428,2026-08-10 00:37:48.55726848,11,9083,77,101
43.904536,2.840674,2026-08-10 00:37:48.55740416,11,13406,124,167
43.893951,2.810135,2026-08-10 00:37:48.55741696,11,8146,124,154
44.376725,3.299407,2026-08-10 00:37:50.862644224,11,8057,61,191
44.395104,3.307931,2026-08-10 00:37:50.862650624,11,13243,110,182
44.047156,2.84352,2026-08-10 00:37:55.464094464,11,7565,107,98
44.09252,2.885215,2026-08-10 00:37:55.464110080,11,11313,180,279
44.073332,2.860616,2026-08-10 00:37:55.464110080,11,8774,173,265
44.538649,3.446918,2026-08-10 00:38:06.410965760,11,10866,121,152
44.576007,3.479247,2026-08-10 00:38:06.410987008,11,13271,170,158
47.655798,-66.294807,2026-08-10 00:38:08.539990272,11,8955,149,74
43.912309,-0.805568,2026-08-10 00:38:09.536975616,11,3992,114,168
43.896491,-0.863129,2026-08-10 00:35:02.205870080,12,8227,99,85
47.312406,-66.150782,2026-08-10 00:35:04.112588032,12,12230,154,221
41.61696,-83.651054,2026-08-10 00:35:05.254609920,12,9629,68,30
44.22223,3.192731,2026-08-10 00:35:05.440213248,12,8323,53,386
44.252073,3.197814,2026-08-10 00:35:05.440224512,12,4001,217,257
8.53855,5.838403,2026-08-10 00:35:09.217220096,12,4808,203,218
43.780817,-1.092267,2026-08-10 00:35:10.242651392,12,8478,91,324
40.154372,-59.299732,2026-08-10 00:35:13.146271744,12,13338,177,92
44.571869,3.531938,2026-08-10 00:35:13.550869760,12,11104,83,34
43.865151,2.835286,2026-08-10 00:35:18.621163776,12,10438,95,52
43.895779,2.820239,2026-08-10 00:35:18.621168384,12,14909,167,60
43.858285,2.79691,2026-08-10 00:35:18.621236480,12,12783,229,47
43.859926,2.796997,2026-08-10 00:35:18.621226240,12,6513,231,34
43.902888,2.838937,2026-08-10 00:35:18.621233152,12,7611,245,19
44.163745,3.151831,2026-08-10 00:35:20.732064768,12,6954,227,83
46.917126,37.495883,2026-08-10 00:35:22.45610240,12,5556,205,132
43.987024,2.800532,2026-08-10 00:35:29.740397568,12,12175,144,77
44.003576,2.827458,2026-08-10 00:35:29.740399360,12,10253,164,152
44.040319,2.829628,2026-08-10 00:35:29.740479232,12,3833,267,134
44.020395,2.830902,2026-08-10 00:35:29.740475648,12,5319,242,120
47.541428,-66.164093,2026-08-10 00:35:32.193725184,12,10270,145,187
40.595471,-84.079373,2026-08-10 00:35:36.338321664,12,9241,120,33
42.759505,0.994534,2026-08-10 00:35:50.884370688,12,10605,148,327
42.789767,0.984362,2026-08-10 00:35:50.884386048,12,14377,204,311
44.12666,3.14742,2026-08-10 00:35:57.99514880,12,11785,142,147
44.187101,3.18077,2026-08-10 00:35:57.99546624,12,7161,119,333
44.188276,3.19404,2026-08-10 00:35:57.99547136,12,7485,178,334
44.228924,2.810392,2026-08-10 00:36:01.871521792,12,5797,242,223
44.215119,2.801762,2026-08-10 00:36:01.871521792,12,5520,131,353
44.194383,2.76364,2026-08-10 00:36:01.871514368,12,4133,239,334
44.216279,2.795038,2026-08-10 00:36:01.871523840,12,5218,137,320
44.219105,2.788352,2026-08-10 00:36:01.871525376,12,11790,247,303
43.825127,-1.061375,2026-08-10 00:36:08.709953280,12,8382,139,166
43.779621,-1.152943,2026-08-10 00:36:08.709956352,12,7718,257,254
43.833855,-1.10199,2026-08-10 00:36:08.709974784,12,3140,266,241
43.827013,-1.100216,2026-08-10 00:36:08.709970432,12,6873,266,228
43.980609,2.862635,2026-08-10 00:36:12.935785728,12,10700,71,103
44.029035,2.868831,2026-08-10 00:36:12.935815936,12,5743,230,138
44.004905,2.837172,2026-08-10 00:36:12.935810304,12,9609,153,125
44.340241,3.265052,2026-08-10 00:36:13.223490816,12,14948,114,111
44.338564,3.243156,2026-08-10 00:36:13.223496192,12,2479,233,202
44.344453,3.246356,2026-08-10 00:36:13.223494912,12,6646,116,189
44.603774,3.242727,2026-08-10 00:36:13.223587584,12,9502,256,177
44.395039,3.340279,2026-08-10 00:36:13.223584768,12,6961,159,43
46.358094,0.407186,2026-08-10 00:36:14.119488256,12,11796,89,82
46.370431,0.413296,2026-08-10 00:36:14.119494912,12,9571,137,70
46.356201,0.384991,2026-08-10 00:36:14.136252416,12,10403,88,48
44.191685,-0.206826,2026-08-10 00:36:19.786008832,12,6875,128,79
44.659019,3.471096,2026-08-10 00:36:22.267355392,12,6048,94,162
44.654523,3.429026,2026-08-10 00:36:22.267360000,12,4343,243,208
44.654608,3.43164,2026-08-10 00:36:22.267359488,12,4519,228,192
44.665655,3.458594,2026-08-10 00:36:22.267359744,12,9151,115,178
44.672813,3.439215,2026-08-10 00:36:22.267367936,12,9216,167,163
44.179729,3.181747,2026-08-10 00:36:25.7220992,12,14140,117,42
44.21227,3.178798,2026-08-10 00:36:25.7252224,12,13250,148,75
44.175596,3.164956,2026-08-10 00:36:25.7308032,12,9412,222,60
44.532461,3.445746,2026-08-10 00:36:37.951885056,12,5321,38,220
44.539545,3.439564,2026-08-10 00:36:38.68799488,12,5983,116,151
44.564957,3.45818,2026-08-10 00:36:38.68811008,12,2930,218,111
44.527156,3.444284,2026-08-10 00:36:38.117455360,12,5074,80,86
44.531835,3.435934,2026-08-10 00:36:38.398056704,12,9592,82,146
37.552349,-59.388357,2026-08-10 00:36:40.587312128,12,14894,231,43
44.069166,-0.705937,2026-08-10 00:36:45.264912640,12,7710,99,57
43.830214,-1.099605,2026-08-10 00:36:46.582180096,12,14853,152,71
46.519813,0.692927,2026-08-10 00:36:48.583791360,12,13299,217,152
46.512648,0.696373,2026-08-10 00:36:48.583776512,12,14111,256,162
46.565948,0.781126,2026-08-10 00:36:48.583803392,12,7894,232,149
46.504609,0.522903,2026-08-10 00:36:48.583812096,12,9785,119,73
53.783064,-90.218653,2026-08-10 00:36:51.289826560,12,12119,191,110
44.391783,3.343239,2026-08-10 00:36:52.27245312,12,8750,130,68
44.219033,3.288678,2026-08-10 00:36:53.287341568,12,10373,52,38
41.623264,-56.31715,2026-08-10 00:36:54.833715456,12,5099,175,103
51.011889,14.467532,2026-08-10 00:37:00.247031040,12,11565,64,338
51.004015,14.466631,2026-08-10 00:37:00.247039488,12,10021,71,404
44.419598,3.367919,2026-08-10 00:37:01.716623360,12,10506,115,195
44.43942,3.391134,2026-08-10 00:37:01.716640000,12,7563,134,181
44.187055,3.207127,2026-08-10 00:37:06.31712256,12,12527,55,57
44.189783,3.195703,2026-08-10 00:37:06.31721472,12,13761,216,36
46.956298,37.398078,2026-08-10 00:37:06.692225536,12,4849,254,129
43.908932,2.834561,2026-08-10 00:37:16.692813056,12,6200,127,339
43.948423,2.840599,2026-08-10 00:37:16.692822272,12,3538,225,385
43.927594,2.837618,2026-08-10 00:37:16.692816640,12,6848,144,377
44.302268,3.279271,2026-08-10 00:37:19.621642752,12,5851,122,177
44.306524,3.264149,2026-08-10 00:37:19.621642240,12,14295,137,233
44.313421,3.281671,2026-08-10 00:37:19.621641984,12,8021,121,217
44.483522,3.248957,2026-08-10 00:37:19.621709568,12,5477,236,204
47.697339,-66.24199,2026-08-10 00:37:27.971028736,12,13681,155,120
44.538657,3.422704,2026-08-10 00:37:29.752664832,12,10234,150,173
44.574806,3.442739,2026-08-10 00:37:29.752681472,12,12499,173,159
46.260356,0.314777,2026-08-10 00:37:38.664786432,12,14498,117,80
46.308434,0.280306,2026-08-10 00:37:39.47796224,12,10488,162,114
43.887806,2.831463,2026-08-10 00:37:48.46713344,12,12835,82,67
43.913281,2.839561,2026-08-10 00:37:48.46727936,12,8152,128,111
43.896175,2.85428,2026-08-10 00:37:48.55726848,12,9083,77,101
43.904536,2.840674,2026-08-10 00:37:48.55740416,12,13406,124,167
43.893951,2.810135,2026-08-10 00:37:48.55741696,12,8146,124,154
44.376725,3.299407,2026-08-10 00:37:50.862644224,12,8057,61,190
44.395104,3.307931,2026-08-10 00:37:50.862650624,12,13243,110,181
44.047156,2.84352,2026-08-10 00:37:55.464094464,12,7565,107,105
44.09252,2.885215,2026-08-10 00:37:55.464110080,12,11313,180,279
44.563691,3.270754,2026-08-10 00:37:56.408243968,12,12294,186,63
44.548666,3.468612,2026-08-10 00:38:06.410973952,12,11071,121,84
44.758137,3.533859,2026-08-10 00:38:06.411044864,12,9282,244,162
44.564613,3.454453,2026-08-10 00:38:06.410979072,12,12434,155,149
47.655775,-66.294861,2026-08-10 00:38:08.539990272,12,8956,149,80
38.884785,-57.148157,2026-08-10 02:25:11.264534528,1,12970,201,33
44.23823,-0.133454,2026-08-10 02:25:27.916967424,1,5033,255,65
44.184374,-0.173386,2026-08-10 02:25:27.917018880,1,8363,268,57
44.201029,-0.159405,2026-08-10 02:25:27.917025536,1,8556,242,47
44.178018,-0.169311,2026-08-10 02:25:27.932104192,1,7170,143,141
44.193904,-0.193896,2026-08-10 02:25:27.932124672,1,6555,141,127
44.224122,-0.147985,2026-08-10 02:25:27.932137216,1,6428,256,114
44.181593,-0.1842,2026-08-10 02:25:27.932191488,1,3324,267,93
44.181885,-0.176331,2026-08-10 02:25:27.932189440,1,3569,243,78
44.202685,-0.117631,2026-08-10 02:25:27.932202496,1,3399,268,60
44.223366,-0.113614,2026-08-10 02:25:27.932200192,1,2525,247,46
44.21669,-0.115763,2026-08-10 02:25:27.932197120,1,9996,241,33
45.064789,-2.424359,2026-08-10 02:25:35.223637760,1,5908,140,49
45.051231,-2.397965,2026-08-10 02:25:35.223732992,1,8666,266,32
39.795953,-49.389618,2026-08-10 02:25:35.916000256,1,8575,203,80
41.492606,-82.194001,2026-08-10 02:25:44.60676352,1,7577,77,18
44.407519,4.013278,2026-08-10 02:25:51.172439808,1,10559,136,55
44.465777,4.237553,2026-08-10 02:25:51.172506880,1,13493,221,39
44.434612,4.005637,2026-08-10 02:25:51.172524032,1,14763,213,26
39.495766,-50.031336,2026-08-10 02:25:52.248618496,1,9372,182,102
40.352865,-50.979632,2026-08-10 02:25:59.988164864,1,6583,196,81
25.657458,-107.484877,2026-08-10 02:26:15.497565952,1,9768,242,26
41.663788,-89.636699,2026-08-10 02:26:15.798190336,1,9862,162,24
35.531962,-80.461506,2026-08-10 02:26:15.947883008,1,10924,205,26
22.945099,-103.379015,2026-08-10 02:26:23.968764928,1,9431,247,32
25.052312,-95.744915,2026-08-10 02:26:25.118827264,1,13731,223,32
25.10117,-95.752491,2026-08-10 02:26:25.118843136,1,8403,254,23
44.50192,4.112352,2026-08-10 02:26:34.173917184,1,12868,58,316
44.491371,4.10239,2026-08-10 02:26:34.173920512,1,12489,117,298
44.504128,4.07801,2026-08-10 02:26:34.173917184,1,6516,251,285
44.482792,4.070952,2026-08-10 02:26:34.173915648,1,3443,244,283
44.515129,4.126399,2026-08-10 02:26:34.173931008,1,9403,130,273
45.207264,-2.142802,2026-08-10 02:26:50.15709696,1,14154,138,312
45.202196,-2.174694,2026-08-10 02:26:50.15718912,1,13021,101,288
45.231436,-2.150079,2026-08-10 02:26:50.15736832,1,13896,237,272
45.196739,-2.163654,2026-08-10 02:26:50.15719936,1,11970,138,245
45.242517,-2.155661,2026-08-10 02:26:50.15746304,1,14957,134,230
45.266045,-2.061907,2026-08-10 02:26:50.15761664,1,14316,155,216
45.273314,-2.048078,2026-08-10 02:26:50.15769088,1,14506,155,204
45.263564,-2.091731,2026-08-10 02:26:50.15769856,1,9956,142,189
45.282283,-2.086806,2026-08-10 02:26:50.15769088,1,9321,196,176
45.196213,-2.175015,2026-08-10 02:26:50.15781376,1,12552,234,157
34.249173,-82.756762,2026-08-10 02:27:11.973356800,1,12890,176,31
34.365193,-82.556842,2026-08-10 02:27:11.973429760,1,14200,207,23
45.218891,-2.143175,2026-08-10 02:27:12.76738304,1,7385,109,113
45.284838,-2.032636,2026-08-10 02:27:12.76860672,1,10474,252,80
46.634171,-64.400753,2026-08-10 02:27:27.519934976,1,5641,187,23
44.625951,4.154831,2026-08-10 02:27:34.596105984,1,10540,134,40
44.576556,4.157152,2026-08-10 02:27:34.616538880,1,11443,48,104
44.587605,4.156045,2026-08-10 02:27:34.616547328,1,14535,163,83
44.61435,4.107731,2026-08-10 02:27:34.616636672,1,11222,138,59
44.582577,4.15805,2026-08-10 02:27:34.616619520,1,9365,132,46
44.612351,4.183619,2026-08-10 02:27:34.616626944,1,5905,254,26
44.587926,4.194017,2026-08-10 02:27:34.646472704,1,11163,64,120
44.59329,4.204279,2026-08-10 02:27:34.646482176,1,4364,193,99
44.588363,4.169589,2026-08-10 02:27:34.646557696,1,11586,152,79
44.605493,4.201884,2026-08-10 02:27:34.646554112,1,9560,156,66
44.615515,4.20615,2026-08-10 02:27:34.646558976,1,7646,248,44
44.622057,4.203159,2026-08-10 02:27:34.646552576,1,5028,260,27
44.55084,4.169162,2026-08-10 02:27:34.697144832,1,9921,56,185
44.566061,4.158487,2026-08-10 02:27:34.697148928,1,10250,119,163
44.565827,4.15083,2026-08-10 02:27:34.697153536,1,9340,216,150
44.562297,4.157952,2026-08-10 02:27:34.697157632,1,6168,139,138
45.281978,4.169472,2026-08-10 02:27:41.754404608,1,11240,117,72
45.268833,4.166294,2026-08-10 02:27:41.754486528,1,10660,161,47
45.459607,3.916151,2026-08-10 02:27:41.761633024,1,14021,100,55
45.437476,4.032765,2026-08-10 02:27:41.761616384,1,11773,233,43
45.372859,3.983687,2026-08-10 02:27:41.761572352,1,14220,145,34
45.405166,4.080868,2026-08-10 02:27:41.778012416,1,14417,221,37
45.430264,4.164994,2026-08-10 02:27:41.778001920,1,5691,125,24
45.281187,4.179026,2026-08-10 02:27:41.902413312,1,3371,134,287
45.284913,4.158182,2026-08-10 02:27:41.902417408,1,5131,185,276
38.542794,-62.747486,2026-08-10 02:27:49.64516096,1,14690,233,39
45.025082,-2.485268,2026-08-10 02:27:56.525094912,1,13711,168,60
45.056472,-2.384979,2026-08-10 02:27:56.525122560,1,11395,257,39
45.113376,-2.323791,2026-08-10 02:27:56.525128704,1,6858,246,24
45.114081,-2.330759,2026-08-10 02:27:56.741575168,1,13132,111,31
-35.94078,119.602994,2026-08-10 02:25:06.52502272,2,11584,200,22
-30.974732,154.571565,2026-08-10 02:25:14.128780800,2,13972,228,23
36.234502,120.589136,2026-08-10 02:25:24.242579712,2,8683,225,25
21.410848,120.483624,2026-08-10 02:25:40.836654848,2,6580,198,35
21.116253,131.083425,2026-08-10 02:25:53.563800832,2,5934,209,25
14.743443,118.706208,2026-08-10 02:26:26.221720064,2,11316,181,19
26.561982,123.72144,2026-08-10 02:27:39.987143680,2,14026,182,25
33.14477,-85.509705,2026-08-10 02:25:03.869958400,3,6568,220,54
33.015561,-85.506215,2026-08-10 02:25:03.869978112,3,6590,208,39
33.024107,-85.511141,2026-08-10 02:25:03.869978112,3,8350,240,24
33.12983,-85.478191,2026-08-10 02:25:03.940432128,3,13124,112,19
33.018221,-85.484756,2026-08-10 02:25:03.940456192,3,6638,172,19
32.865334,-85.848673,2026-08-10 02:25:04.30134016,3,13094,205,29
33.027821,-85.488763,2026-08-10 02:25:04.122222080,3,8368,206,43
33.022454,-85.478522,2026-08-10 02:25:04.122279936,3,9183,117,34
33.133451,-85.467867,2026-08-10 02:25:04.122310144,3,4937,238,21
32.997879,-85.4697,2026-08-10 02:25:04.222608128,3,9985,206,54
32.942052,-85.534127,2026-08-10 02:25:04.222639872,3,6041,206,44
33.017227,-85.464219,2026-08-10 02:25:04.222676736,3,3723,198,32
33.036293,-85.500577,2026-08-10 02:25:04.407252480,3,6577,206,38
32.927827,-85.526692,2026-08-10 02:25:04.407266816,3,5870,204,31
41.822422,-89.174167,2026-08-10 02:25:13.779547392,3,14715,81,17
26.534383,-106.305043,2026-08-10 02:25:21.886281728,3,11775,244,25
22.697819,-84.938749,2026-08-10 02:25:22.402549504,3,3026,255,36
29.385691,-108.406963,2026-08-10 02:25:22.618083840,3,8108,220,22
34.096845,-82.69751,2026-08-10 02:25:23.916292608,3,7047,74,51
34.158296,-82.714488,2026-08-10 02:25:23.916367360,3,5177,204,32
41.782102,-89.143738,2026-08-10 02:25:24.370434560,3,2801,103,31
41.430668,-102.384909,2026-08-10 02:25:25.8333824,3,13213,163,43
41.397397,-102.309585,2026-08-10 02:25:25.8354560,3,14696,93,34
26.22622,-82.393094,2026-08-10 02:25:25.489193984,3,13222,194,51
26.407126,-82.498203,2026-08-10 02:25:25.489238016,3,3990,224,42
26.510938,-82.54217,2026-08-10 02:25:25.634712064,3,14968,262,36
22.826206,-105.715152,2026-08-10 02:25:26.501935616,3,9634,198,29
23.474216,-104.962916,2026-08-10 02:25:26.675373568,3,13195,257,72
31.414973,-88.053174,2026-08-10 02:25:33.728804608,3,4146,203,27
31.258822,-88.051605,2026-08-10 02:25:33.728808960,3,10928,141,55
31.413841,-88.037554,2026-08-10 02:25:33.728866816,3,7638,243,41
31.426909,-88.041243,2026-08-10 02:25:33.728867584,3,8363,219,25
17.993011,-94.155948,2026-08-10 02:25:33.836057088,3,6669,256,44
31.409806,-88.059395,2026-08-10 02:25:33.935864576,3,13616,144,25
41.195272,-102.795348,2026-08-10 02:25:42.48332800,3,13459,144,31
41.196465,-102.642225,2026-08-10 02:25:42.48371200,3,14704,253,18
41.787431,-89.274111,2026-08-10 02:25:42.397134848,3,4887,122,26
33.436627,-83.77007,2026-08-10 02:25:42.583107072,3,11232,162,25
40.001937,-83.239523,2026-08-10 02:25:42.638513152,3,14166,104,26
46.579273,-63.914195,2026-08-10 02:25:42.863559936,3,7031,246,32
46.532002,-64.092541,2026-08-10 02:25:42.863659776,3,11954,232,19
34.914441,-68.039782,2026-08-10 02:25:43.288025600,3,3910,264,51
34.880796,-67.989965,2026-08-10 02:25:43.288067840,3,9624,229,35
34.959721,-68.073278,2026-08-10 02:25:43.288093696,3,10785,255,22
41.838309,-89.120359,2026-08-10 02:25:43.299609088,3,8323,73,18
41.4344,-82.161693,2026-08-10 02:25:43.790323968,3,8605,68,53
41.484885,-82.152788,2026-08-10 02:25:43.790341120,3,8169,191,38
41.497885,-82.221439,2026-08-10 02:25:44.60673280,3,4165,71,58
41.493358,-82.20277,2026-08-10 02:25:44.60677376,3,12298,68,80
41.507041,-82.24468,2026-08-10 02:25:44.60676608,3,2575,181,58
41.497868,-82.087986,2026-08-10 02:25:44.60719616,3,12373,140,44
41.487396,-82.20474,2026-08-10 02:25:44.60734208,3,5350,106,30
41.568775,-82.113467,2026-08-10 02:25:44.676314112,3,9898,117,20
38.363054,-62.771086,2026-08-10 02:25:44.720352000,3,3668,267,40
38.332079,-62.667619,2026-08-10 02:25:44.720324096,3,7647,266,26
38.318074,-62.767148,2026-08-10 02:25:44.754958592,3,9217,270,31
38.377243,-62.829456,2026-08-10 02:25:44.754981632,3,6315,249,19
38.361082,-62.827148,2026-08-10 02:25:44.775157504,3,8810,249,21
39.528346,-50.125921,2026-08-10 02:25:52.331971072,3,3542,172,31
39.527166,-50.104554,2026-08-10 02:25:52.391680256,3,5096,205,26
39.940924,-83.428883,2026-08-10 02:25:52.519950848,3,11801,74,16
39.945749,-83.416787,2026-08-10 02:25:52.519965440,3,9565,170,52
39.934497,-83.408328,2026-08-10 02:25:52.520022528,3,12106,154,38
39.917658,-83.413525,2026-08-10 02:25:52.520017152,3,11579,77,26
41.602943,-101.889919,2026-08-10 02:25:54.604728320,3,10081,103,111
41.590815,-101.903201,2026-08-10 02:25:54.604730368,3,8757,160,94
41.56875,-101.925447,2026-08-10 02:25:54.604739840,3,9208,165,81
35.074005,-81.289911,2026-08-10 02:25:55.31937536,3,13239,237,18
35.102408,-81.264902,2026-08-10 02:25:55.180887552,3,9645,207,26
41.829959,-89.091982,2026-08-10 02:25:55.193571072,3,8758,82,53
41.850513,-89.159588,2026-08-10 02:25:55.193642240,3,5100,175,32
41.275812,-102.555095,2026-08-10 02:25:55.282678528,3,4313,162,50
41.317913,-102.395397,2026-08-10 02:25:55.282726144,3,6751,248,57
41.252734,-102.571226,2026-08-10 02:25:55.282728448,3,12493,127,43
35.05432,-81.21144,2026-08-10 02:25:55.292155904,3,8540,152,39
35.151687,-81.22313,2026-08-10 02:25:55.292237824,3,4767,212,26
41.170693,-102.817646,2026-08-10 02:26:02.388131584,3,14477,107,23
41.189406,-102.791602,2026-08-10 02:26:02.439789056,3,10601,107,26
34.368601,-82.549389,2026-08-10 02:26:02.535012608,3,8126,159,29
34.367697,-82.549912,2026-08-10 02:26:02.535014912,3,7913,163,14
44.906127,-90.384906,2026-08-10 02:26:02.870316288,3,7133,159,53
44.921367,-90.493253,2026-08-10 02:26:02.870354944,3,5040,154,51
44.85504,-90.5201,2026-08-10 02:26:02.870348288,3,2993,135,36
44.890587,-90.400365,2026-08-10 02:26:02.870378240,3,11611,121,23
44.929274,-90.36774,2026-08-10 02:26:02.920428288,3,7918,67,26
34.50165,-82.235461,2026-08-10 02:26:03.56302592,3,8927,135,59
34.465414,-82.219526,2026-08-10 02:26:03.56371712,3,6981,118,48
34.487774,-82.247184,2026-08-10 02:26:03.56374528,3,11058,158,30
44.932747,-90.367591,2026-08-10 02:26:03.220328704,3,7350,71,24
24.485472,-99.216613,2026-08-10 02:26:03.296192768,3,6263,215,33
22.991546,-84.682121,2026-08-10 02:26:03.401605376,3,4695,258,52
33.004131,-85.538476,2026-08-10 02:26:10.937266176,3,5874,219,27
32.951035,-85.581492,2026-08-10 02:26:10.986187776,3,9724,155,24
41.166167,-102.698191,2026-08-10 02:26:11.242907904,3,14332,106,19
41.771478,-89.353809,2026-08-10 02:26:13.13437696,3,13029,79,19
22.665715,-84.931503,2026-08-10 02:26:13.148635136,3,6943,255,54
41.291002,-102.597043,2026-08-10 02:26:13.368801024,3,13532,86,32
41.772683,-89.283421,2026-08-10 02:26:13.745182464,3,11926,158,51
41.777953,-89.342291,2026-08-10 02:26:13.745168384,3,3979,176,37
31.51126,-88.26345,2026-08-10 02:26:13.829895424,3,14167,206,44
31.543733,-88.268159,2026-08-10 02:26:13.829895168,3,7175,209,31
41.173823,-102.621273,2026-08-10 02:26:28.797764864,3,13385,105,43
41.146043,-102.622598,2026-08-10 02:26:28.797810176,3,14385,92,33
41.168924,-102.647083,2026-08-10 02:26:28.797814272,3,11019,144,21
32.010944,-89.205689,2026-08-10 02:26:29.139617792,3,13357,132,30
32.112781,-89.136148,2026-08-10 02:26:29.139659776,3,10209,207,15
22.687692,-84.991747,2026-08-10 02:26:29.527262720,3,7577,255,40
22.91007,-85.091034,2026-08-10 02:26:29.527342848,3,10739,247,30
22.817901,-85.081253,2026-08-10 02:26:29.658783488,3,7436,253,57
41.846183,-89.097498,2026-08-10 02:26:30.642962176,3,13498,82,33
23.327458,-105.025841,2026-08-10 02:26:30.973064448,3,7735,240,40
33.534582,-83.733485,2026-08-10 02:26:31.317192192,3,10492,210,33
33.542886,-83.728119,2026-08-10 02:26:31.317187072,3,7597,165,30
41.600186,-101.939064,2026-08-10 02:26:31.541958656,3,14891,103,20
26.374059,-82.695812,2026-08-10 02:26:31.714348544,3,3265,202,92
26.376933,-82.703099,2026-08-10 02:26:31.714353664,3,8272,262,83
39.559379,-60.073765,2026-08-10 02:26:38.750853632,3,4199,263,45
39.618459,-60.345695,2026-08-10 02:26:38.750935552,3,5134,172,25
35.510881,-80.059152,2026-08-10 02:26:38.871763456,3,7646,147,32
35.603097,-80.083855,2026-08-10 02:26:38.871796736,3,3683,244,79
35.523755,-80.069958,2026-08-10 02:26:38.871777792,3,4011,208,70
35.596704,-80.086464,2026-08-10 02:26:38.871800064,3,4552,250,59
24.493445,-99.258453,2026-08-10 02:26:45.925822720,3,7358,215,40
24.496259,-99.259179,2026-08-10 02:26:45.925815296,3,14139,225,24
24.504857,-99.267194,2026-08-10 02:26:46.28956928,3,10909,218,38
24.576065,-99.253829,2026-08-10 02:26:46.28977920,3,7708,258,25
41.043072,-102.651228,2026-08-10 02:26:46.232862464,3,13209,104,16
41.715585,-89.293512,2026-08-10 02:26:46.434919680,3,4695,91,15
41.67874,-89.275912,2026-08-10 02:26:46.679539456,3,13106,90,21
41.118206,-102.548969,2026-08-10 02:26:47.420994816,3,11866,193,38
41.131857,-102.572465,2026-08-10 02:26:47.420997376,3,9231,132,27
41.295945,-102.583906,2026-08-10 02:26:48.591589120,3,10121,192,15
39.960718,-83.155484,2026-08-10 02:26:49.147943424,3,11285,88,35
18.020177,-94.240027,2026-08-10 02:26:58.57937920,3,10494,253,16
41.164347,-102.59262,2026-08-10 02:26:58.70539520,3,11365,105,22
23.042532,-85.005312,2026-08-10 02:26:58.920907264,3,6275,263,27
41.692205,-89.263379,2026-08-10 02:26:59.246510592,3,10092,91,18
41.70022,-89.272974,2026-08-10 02:26:59.274955008,3,11247,91,19
41.775664,-89.212605,2026-08-10 02:26:59.459932672,3,13592,89,16
41.345805,-102.262555,2026-08-10 02:27:15.28355840,3,8780,104,15
49.231453,-100.781258,2026-08-10 02:27:23.900123392,3,11552,145,25
41.27076,-102.713222,2026-08-10 02:27:24.84309504,3,14577,107,38
41.253797,-102.592548,2026-08-10 02:27:24.84323584,3,11711,117,23
41.213855,-102.78067,2026-08-10 02:27:25.463427840,3,11253,107,31
41.16251,-102.670024,2026-08-10 02:27:25.463459584,3,7216,125,16
39.551783,-50.018425,2026-08-10 02:27:25.554957056,3,5533,197,18
34.577538,-82.680772,2026-08-10 02:27:25.675054336,3,14139,244,22
41.752084,-89.264096,2026-08-10 02:27:26.5464064,3,6850,85,13
41.70599,-89.286728,2026-08-10 02:27:26.188487168,3,11365,90,14
35.491334,-80.671793,2026-08-10 02:27:27.274399488,3,11108,183,18
35.494755,-80.683033,2026-08-10 02:27:27.274460672,3,5870,209,28
46.554544,-64.046419,2026-08-10 02:27:27.519815168,3,7928,208,54
46.55675,-64.261545,2026-08-10 02:27:27.519866624,3,10907,232,39
41.762401,-89.151347,2026-08-10 02:27:27.843186432,3,5370,108,47
41.776523,-89.210812,2026-08-10 02:27:27.843263488,3,11998,175,31
41.768153,-89.166054,2026-08-10 02:27:27.862864640,3,11276,81,41
41.729744,-89.484744,2026-08-10 02:27:27.862847744,3,7332,200,21
25.798478,-82.225686,2026-08-10 02:27:28.160444672,3,14157,249,23
41.866538,-89.146836,2026-08-10 02:27:37.351186432,3,14388,82,35
41.835557,-89.495253,2026-08-10 02:27:37.351173120,3,14020,200,16
40.029428,-83.269141,2026-08-10 02:27:38.161822720,3,5460,181,92
40.010709,-83.253256,2026-08-10 02:27:38.161833984,3,8296,79,79
40.059679,-83.284052,2026-08-10 02:27:38.161851904,3,6012,197,63
40.085584,-83.271169,2026-08-10 02:27:38.161857024,3,8612,190,50
40.007609,-83.143429,2026-08-10 02:27:38.161884672,3,14458,93,36
39.992515,-83.232489,2026-08-10 02:27:38.161895936,3,13839,77,23
22.915776,-105.636046,2026-08-10 02:27:38.196269568,3,5713,245,47
41.714783,-89.310554,2026-08-10 02:27:39.366241792,3,11286,78,14
26.303299,-82.511647,2026-08-10 02:27:40.658257664,3,4671,247,80
26.858551,-82.771628,2026-08-10 02:27:40.731560448,3,10820,268,64
22.880504,-84.97253,2026-08-10 02:27:47.766403584,3,9495,247,35
22.731656,-103.438429,2026-08-10 02:27:47.807699456,3,12490,258,43
22.97047,-103.361794,2026-08-10 02:27:47.807783168,3,13959,264,33
39.975135,-83.206462,2026-08-10 02:27:47.896314880,3,12563,88,42
39.982354,-83.33525,2026-08-10 02:27:47.896359168,3,12586,139,28
40.416823,-96.030004,2026-08-10 02:27:48.421456640,3,12113,155,113
40.393606,-96.044093,2026-08-10 02:27:48.421469184,3,8363,250,104
41.248867,-102.433618,2026-08-10 02:27:48.422618880,3,9274,114,92
29.517439,-108.234672,2026-08-10 02:27:55.545559040,3,10895,215,56
29.622002,-108.245454,2026-08-10 02:27:55.545637376,3,7833,242,51
31.296513,-88.126197,2026-08-10 02:27:56.502672384,3,14632,213,25
41.478472,-82.221558,2026-08-10 02:25:44.60683776,4,13077,74,19
44.638863,4.093966,2026-08-10 02:26:18.198633728,4,12821,172,48
45.22273,-2.22333,2026-08-10 02:26:35.910805248,4,8489,183,36
45.137827,-2.629964,2026-08-10 02:27:12.95857920,4,14403,234,16
45.042245,-2.665357,2026-08-10 02:27:33.405934848,4,11914,161,36
44.458971,1.318151,2026-08-10 02:27:38.659473408,4,14298,150,20
27.030375,124.276895,2026-08-10 02:27:39.987395584,4,13670,184,26
44.409875,3.884972,2026-08-10 02:27:40.299754496,4,11849,242,27
44.619504,4.021001,2026-08-10 02:27:53.836871168,4,14599,140,27
46.781514,36.907197,2026-08-10 02:27:55.605050624,4,13124,257,21
22.279725,-85.040876,2026-08-10 02:25:15.255883776,7,11676,259,14
22.865256,-103.519575,2026-08-10 02:25:15.402532096,7,8191,237,25
22.997624,-85.116094,2026-08-10 02:25:15.430363648,7,10192,257,15
22.980621,-103.327881,2026-08-10 02:25:15.509738496,7,14533,194,14
26.399747,-82.497291,2026-08-10 02:25:25.489235712,7,3872,224,16
23.469797,-104.980233,2026-08-10 02:25:26.675373312,7,12024,255,18
17.219582,-94.556098,2026-08-10 02:25:28.986490112,7,12034,237,9
24.383955,-102.736877,2026-08-10 02:25:30.999622144,7,6849,246,23
26.002405,-82.311624,2026-08-10 02:25:31.53703168,7,9897,227,11
22.990281,-84.6555,2026-08-10 02:26:03.401607168,7,5491,253,21
25.658892,-107.490231,2026-08-10 02:26:15.497567744,7,7647,256,23
22.864478,-103.252129,2026-08-10 02:26:23.968712192,7,5880,190,25
25.053804,-95.726296,2026-08-10 02:26:25.118825216,7,11635,207,31
25.07469,-95.758568,2026-08-10 02:26:25.118842112,7,11746,237,18
22.397645,-85.134417,2026-08-10 02:26:33.964156416,7,11507,260,18
26.354552,-82.529205,2026-08-10 02:27:18.244891136,7,4699,259,21
26.324721,-82.530419,2026-08-10 02:27:20.483313920,7,4715,259,17
24.491664,-99.225421,2026-08-10 02:27:45.733844480,7,8904,216,26
24.46312,-99.252125,2026-08-10 02:27:45.733889024,7,8817,238,29
24.760868,-99.178574,2026-08-10 02:27:45.733988864,7,12500,261,20
24.47344,-99.255164,2026-08-10 02:27:46.505828864,7,9666,232,12
10.252261,-82.503194,2026-08-10 02:27:47.319914240,7,14674,191,15
22.878315,-84.975999,2026-08-10 02:27:47.766408704,7,7211,247,13
26.158799,-82.67602,2026-08-10 02:27:56.674954752,7,11703,238,14
12.520775,-8.133979,2026-08-10 02:27:26.725317888,5,12237,242,20
12.649033,-12.975315,2026-08-10 02:27:36.337447680,5,5435,262,14
9.693706,5.247845,2026-08-10 02:27:38.574278656,5,10581,221,14
36.169893,120.551387,2026-08-10 02:25:24.242571008,9,6613,216,31
36.222084,120.546236,2026-08-10 02:25:24.242569216,9,4844,231,18
17.134188,119.88474,2026-08-10 02:25:51.814695424,9,4585,213,20
21.342653,120.276178,2026-08-10 02:26:50.733879040,9,8165,199,35
16.520294,120.083016,2026-08-10 02:27:20.904946688,9,8610,211,23
21.615101,129.583454,2026-08-10 02:27:28.7781888,9,6076,184,19
25.20327,122.418294,2026-08-10 02:27:39.986488064,9,5945,192,26
37.258151,-25.649085,2026-08-10 02:27:43.354120448,9,11855,228,17
25.049421,-95.72463,2026-08-10 02:25:00.427311104,13,6203,211,108
25.037278,-95.738469,2026-08-10 02:25:00.680946176,13,14641,126,40
20.667431,-106.070648,2026-08-10 02:25:00.877040640,13,7449,252,42
41.245779,-102.727115,2026-08-10 02:25:02.125688320,13,4842,169,108
41.239294,-102.702205,2026-08-10 02:25:02.125695232,13,5437,89,110
41.191829,-102.715754,2026-08-10 02:25:02.125711872,13,7338,118,93
32.205964,-111.941485,2026-08-10 02:25:02.404744960,13,9730,115,43
32.205003,-112.046827,2026-08-10 02:25:02.404775936,13,7504,210,36
32.175955,-112.060166,2026-08-10 02:25:02.448424704,13,9868,185,45
33.042095,-85.492582,2026-08-10 02:25:03.869988096,13,6508,198,31
33.12983,-85.478191,2026-08-10 02:25:03.940432128,13,13124,112,33
33.021512,-85.484385,2026-08-10 02:25:03.940456448,13,6479,167,21
33.025591,-85.483221,2026-08-10 02:25:04.30247424,13,10894,172,25
33.019931,-85.485878,2026-08-10 02:25:04.122219008,13,5735,206,42
33.029031,-85.481275,2026-08-10 02:25:04.122277632,13,10214,117,28
33.020195,-85.485486,2026-08-10 02:25:04.407245056,13,4496,206,43
33.033007,-85.49985,2026-08-10 02:25:04.407297536,13,7681,117,31
33.02703,-85.477262,2026-08-10 02:25:04.407307264,13,11817,198,20
38.777225,-66.758988,2026-08-10 02:25:05.903906048,13,13643,263,35
41.866499,-88.99843,2026-08-10 02:25:06.53659648,13,8607,84,38
41.857451,-89.06938,2026-08-10 02:25:06.53712896,13,5068,183,21
41.793136,-89.413019,2026-08-10 02:25:06.409124864,13,13239,191,27
41.791737,-89.436138,2026-08-10 02:25:06.409125632,13,9448,200,15
35.506797,-80.697568,2026-08-10 02:25:09.663677952,13,9984,96,64
35.523442,-80.70253,2026-08-10 02:25:09.663733248,13,13608,126,40
35.506451,-80.690244,2026-08-10 02:25:10.36619776,13,9536,86,45
35.436958,-80.771228,2026-08-10 02:25:10.36647936,13,5574,192,33
35.554825,-80.706847,2026-08-10 02:25:10.36685312,13,6813,203,14
41.296887,-102.309714,2026-08-10 02:25:10.706375936,13,13223,117,19
32.151865,-112.076712,2026-08-10 02:25:11.658702592,13,9034,188,37
41.72471,-89.303758,2026-08-10 02:25:11.745216256,13,13286,79,16
22.685523,-105.749912,2026-08-10 02:25:12.305084416,13,11486,266,32
41.822411,-89.174184,2026-08-10 02:25:13.779547392,13,14716,81,17
22.858983,-85.067918,2026-08-10 02:25:15.256019200,13,3917,256,63
22.974252,-103.388897,2026-08-10 02:25:15.402577408,13,7680,181,39
22.950066,-103.377764,2026-08-10 02:25:15.509727232,13,6202,241,48
22.941585,-103.377421,2026-08-10 02:25:15.839387648,13,13032,252,39
40.993153,-102.634627,2026-08-10 02:25:17.89397504,13,14450,99,47
41.027072,-102.654374,2026-08-10 02:25:17.89410560,13,11039,106,105
32.011446,-89.130806,2026-08-10 02:25:17.972551936,13,14680,132,61
32.102095,-89.148054,2026-08-10 02:25:17.972628480,13,7656,240,48
31.982378,-89.214151,2026-08-10 02:25:18.196004352,13,13042,205,20
26.426957,-82.522421,2026-08-10 02:25:18.309241088,13,4059,267,25
24.544998,-99.232708,2026-08-10 02:25:18.782202624,13,7749,250,110
26.440219,-82.704467,2026-08-10 02:25:19.112149760,13,3435,258,26
41.184127,-102.616641,2026-08-10 02:25:19.488069120,13,11234,105,94
41.232104,-102.611099,2026-08-10 02:25:19.488083200,13,11592,86,85
41.620642,-102.010931,2026-08-10 02:25:19.944871168,13,5086,164,108
41.623272,-101.992135,2026-08-10 02:25:19.944880128,13,8356,162,100
41.614259,-102.045961,2026-08-10 02:25:19.944876800,13,8684,161,84
17.978474,-94.234153,2026-08-10 02:25:20.587538944,13,14124,253,111
22.695501,-84.92983,2026-08-10 02:25:22.402542080,13,9279,255,37
34.100541,-82.698847,2026-08-10 02:25:23.916288256,13,8988,74,50
34.117728,-82.720027,2026-08-10 02:25:23.916353280,13,3624,247,28
34.182524,-82.691608,2026-08-10 02:25:23.916376832,13,6699,208,24
41.788784,-89.143049,2026-08-10 02:25:24.370434560,13,8228,92,30
41.432728,-102.397408,2026-08-10 02:25:25.8336384,13,8517,163,41
41.40019,-102.313598,2026-08-10 02:25:25.8362240,13,8594,101,27
26.217123,-82.402265,2026-08-10 02:25:25.489191424,13,10416,194,46
30.492252,-80.573577,2026-08-10 02:25:25.490867712,13,14746,252,27
26.429701,-82.506691,2026-08-10 02:25:25.634693376,13,11024,224,34
23.474208,-104.962921,2026-08-10 02:25:26.675373568,13,13196,257,82
41.029262,-82.322049,2026-08-10 02:25:28.529864192,13,8815,104,31
41.136084,-82.230328,2026-08-10 02:25:29.595295232,13,5894,117,56
41.135503,-82.213023,2026-08-10 02:25:29.595360000,13,11420,108,24
34.479326,-82.359066,2026-08-10 02:25:30.119383040,13,11945,115,41
34.462722,-82.226429,2026-08-10 02:25:30.119401472,13,5234,203,31
24.39365,-102.725895,2026-08-10 02:25:30.999625216,13,8561,233,63
35.051799,-81.313736,2026-08-10 02:25:31.43477504,13,4405,132,42
41.86131,-88.975816,2026-08-10 02:25:31.457562368,13,9804,95,17
40.264728,-82.698836,2026-08-10 02:25:32.273700352,13,12566,87,28
31.506667,-88.019303,2026-08-10 02:25:33.587399168,13,3911,205,75
31.263401,-88.067908,2026-08-10 02:25:33.587379200,13,12354,142,65
31.4374,-88.025707,2026-08-10 02:25:33.587429376,13,7909,243,52
31.411232,-88.049637,2026-08-10 02:25:33.728803072,13,4709,203,69
31.479626,-88.044173,2026-08-10 02:25:33.728888064,13,8670,245,33
41.259396,-102.572334,2026-08-10 02:25:36.509898752,13,13796,112,60
41.251456,-102.54785,2026-08-10 02:25:36.509908480,13,7078,101,95
23.41783,-103.78027,2026-08-10 02:25:38.565319424,13,10836,180,70
24.353543,-99.027003,2026-08-10 02:25:38.972744960,13,9958,114,21
41.76707,-89.104219,2026-08-10 02:25:39.146618880,13,10841,81,21
41.671097,-89.22953,2026-08-10 02:25:40.114999040,13,11230,112,16
29.434783,-108.696704,2026-08-10 02:25:40.744703744,13,12534,219,45
29.255049,-108.748209,2026-08-10 02:25:40.744683264,13,8244,226,33
29.164888,-108.776818,2026-08-10 02:25:40.855295488,13,14315,183,25
36.142133,-103.383427,2026-08-10 02:25:41.75238912,13,9639,124,28
34.344662,-82.502575,2026-08-10 02:25:41.243878912,13,11835,94,38
34.292885,-82.556007,2026-08-10 02:25:41.243920896,13,4493,211,32
41.169372,-102.737217,2026-08-10 02:25:41.382606592,13,13585,106,16
41.747228,-89.295862,2026-08-10 02:25:41.571386880,13,10529,79,16
41.262294,-102.559525,2026-08-10 02:25:41.845158912,13,8837,110,84
41.30257,-102.489592,2026-08-10 02:25:41.845187072,13,12628,87,70
41.18314,-102.812707,2026-08-10 02:25:42.48340480,13,9523,138,22
41.773511,-89.35418,2026-08-10 02:25:42.397125632,13,8744,79,28
46.540799,-64.103841,2026-08-10 02:25:42.863607808,13,4493,241,32
34.914432,-68.039783,2026-08-10 02:25:43.288025600,13,3911,264,55
34.87983,-67.978441,2026-08-10 02:25:43.288067072,13,10579,229,39
41.437891,-82.159796,2026-08-10 02:25:43.790323200,13,9916,68,51
41.494895,-82.206081,2026-08-10 02:25:44.60669440,13,10130,89,58
41.484017,-82.201591,2026-08-10 02:25:44.60677632,13,8078,101,71
41.512932,-82.203315,2026-08-10 02:25:44.60687616,13,4318,173,53
41.46539,-82.176473,2026-08-10 02:25:44.60732416,13,10158,121,35
38.363057,-62.771083,2026-08-10 02:25:44.720352000,13,3668,267,48
38.332252,-62.668403,2026-08-10 02:25:44.720324352,13,7640,266,32
39.96511,-83.201033,2026-08-10 02:25:45.365590784,13,9882,193,39
39.948877,-83.215307,2026-08-10 02:25:45.365582848,13,11609,98,27
25.265685,-99.267486,2026-08-10 02:25:45.725388288,13,8677,219,54
46.286495,-63.911844,2026-08-10 02:25:45.981363712,13,4071,268,48
46.297697,-63.987327,2026-08-10 02:25:46.72609536,13,5541,243,53
40.273177,-96.033183,2026-08-10 02:25:46.403131648,13,3875,200,84
40.267945,-96.030603,2026-08-10 02:25:46.403128576,13,6167,196,71
35.487697,-79.965015,2026-08-10 02:25:47.536429568,13,9800,157,25
35.345679,-80.101901,2026-08-10 02:25:47.645970944,13,11074,172,32
35.570722,-79.995367,2026-08-10 02:25:47.646060544,13,7530,241,19
26.040245,-82.307039,2026-08-10 02:25:47.708892928,13,14370,227,37
41.339929,-102.200844,2026-08-10 02:25:49.298332672,13,7814,103,68
41.402441,-102.154552,2026-08-10 02:25:49.298349568,13,14126,85,50
26.428243,-82.750407,2026-08-10 02:25:49.912285184,13,9945,224,31
46.238492,-64.437147,2026-08-10 02:25:50.723631872,13,8034,255,46
46.210017,-64.517354,2026-08-10 02:25:50.723713280,13,9639,256,46
22.899834,-105.631635,2026-08-10 02:25:51.247459584,13,12378,245,20
39.926514,-83.423774,2026-08-10 02:25:52.519954944,13,7622,71,52
39.925968,-83.52386,2026-08-10 02:25:52.519988224,13,8346,120,37
41.579996,-101.884671,2026-08-10 02:25:54.604733696,13,5564,162,111
41.658966,-101.889523,2026-08-10 02:25:54.604744704,13,11817,77,98
41.585792,-101.926547,2026-08-10 02:25:54.604734976,13,5803,165,81
35.074035,-81.289908,2026-08-10 02:25:55.31937536,13,13239,237,18
41.353287,-102.526619,2026-08-10 02:25:55.353490176,13,9897,105,34
39.975895,-83.346926,2026-08-10 02:25:57.420808448,13,7035,103,28
40.05186,-83.194523,2026-08-10 02:25:57.420858624,13,9177,195,15
22.926553,-105.68095,2026-08-10 02:25:57.568507648,13,7802,245,41
39.965901,-83.189004,2026-08-10 02:25:57.637877504,13,10880,99,22
41.864128,-88.948172,2026-08-10 02:25:58.238616576,13,9042,84,17
32.090598,-83.670395,2026-08-10 02:25:58.391571456,13,13971,212,52
32.053975,-83.646838,2026-08-10 02:25:58.391551232,13,4877,221,46
41.116883,-102.776176,2026-08-10 02:25:58.830530560,13,10002,161,32
41.09117,-102.686403,2026-08-10 02:25:58.830559488,13,12657,266,16
41.097917,-102.770308,2026-08-10 02:25:58.846010624,13,8125,151,22
19.198699,-92.123591,2026-08-10 02:25:59.352801536,13,5727,250,52
41.18727,-102.758243,2026-08-10 02:25:59.549620992,13,9479,194,29
41.776743,-89.170121,2026-08-10 02:25:59.629841408,13,8676,81,17
41.16205,-102.663636,2026-08-10 02:25:59.851539968,13,13985,166,17
19.233513,-92.075066,2026-08-10 02:26:00.83911168,13,8091,215,41
41.830048,-89.156383,2026-08-10 02:26:00.676275712,13,7332,81,23
22.950859,-105.619,2026-08-10 02:26:01.270047744,13,13304,264,23
41.159927,-102.623443,2026-08-10 02:26:01.714001920,13,10821,103,118
41.163604,-102.613859,2026-08-10 02:26:01.714011904,13,8176,89,103
40.367614,-96.083257,2026-08-10 02:26:02.195294208,13,12938,131,24
18.035357,-94.283474,2026-08-10 02:26:02.227155968,13,8184,253,47
34.3681,-82.54899,2026-08-10 02:26:02.535014656,13,7942,159,21
44.906137,-90.384873,2026-08-10 02:26:02.870316288,13,7135,159,61
44.921334,-90.493021,2026-08-10 02:26:02.870354944,13,5041,154,51
44.958896,-90.500109,2026-08-10 02:26:02.920459520,13,13674,128,24
34.550093,-82.330796,2026-08-10 02:26:03.56324864,13,10962,125,72
44.92159,-90.366618,2026-08-10 02:26:03.220329728,13,8300,67,23
26.000667,-82.786219,2026-08-10 02:26:03.537631744,13,6950,264,39
24.516992,-99.059921,2026-08-10 02:26:03.815085312,13,6235,240,52
41.790464,-89.118102,2026-08-10 02:26:04.487505664,13,7602,81,17
40.69607,-81.74738,2026-08-10 02:26:04.975843584,13,11792,87,43
40.664875,-81.895296,2026-08-10 02:26:04.975869184,13,12105,124,24
41.164179,-102.721502,2026-08-10 02:26:05.785116928,13,8911,132,31
41.219728,-102.777728,2026-08-10 02:26:06.380957696,13,12041,114,27
27.682426,-106.806913,2026-08-10 02:26:06.552446976,13,12449,223,36
41.251943,-102.498574,2026-08-10 02:26:06.660827904,13,7313,125,76
26.387179,-82.506838,2026-08-10 02:26:07.136392192,13,7925,224,29
37.427358,-25.502446,2026-08-10 02:26:07.389673984,13,11051,229,53
39.847618,-83.211336,2026-08-10 02:26:09.941005568,13,9704,87,56
33.004089,-85.5385,2026-08-10 02:26:10.937266176,13,5874,219,25
32.950912,-85.581575,2026-08-10 02:26:10.986187776,13,9724,155,22
41.17301,-102.720515,2026-08-10 02:26:11.242912512,13,9159,106,19
41.773003,-89.432367,2026-08-10 02:26:13.745154816,13,14378,105,39
41.762387,-89.279616,2026-08-10 02:26:13.745182464,13,9670,109,42
41.78251,-89.270766,2026-08-10 02:26:13.745185280,13,12497,119,25
31.499615,-88.265073,2026-08-10 02:26:13.829891072,13,11707,218,29
31.591026,-88.274399,2026-08-10 02:26:13.829907968,13,8700,241,32
41.714593,-89.266405,2026-08-10 02:26:15.324692480,13,10871,79,18
25.41657,-107.437319,2026-08-10 02:26:15.497478144,13,13634,259,77
35.496144,-80.51066,2026-08-10 02:26:15.947861760,13,9114,156,103
35.45624,-80.47259,2026-08-10 02:26:15.947860992,13,10839,131,89
35.428841,-80.469857,2026-08-10 02:26:15.947857920,13,14036,130,75
35.596368,-80.517737,2026-08-10 02:26:15.947913472,13,14827,249,61
41.155343,-102.59686,2026-08-10 02:26:17.635103744,13,5863,161,56
41.226416,-102.532113,2026-08-10 02:26:17.635137024,13,7170,165,44
40.400794,-96.169977,2026-08-10 02:26:18.468997376,13,7898,131,63
40.390112,-96.167146,2026-08-10 02:26:18.469005312,13,2915,251,90
40.383129,-96.182041,2026-08-10 02:26:18.469003008,13,8886,144,76
40.392037,-96.316106,2026-08-10 02:26:18.469023744,13,4815,199,60
40.403671,-96.143657,2026-08-10 02:26:18.491604480,13,10735,144,24
41.648513,-102.003645,2026-08-10 02:26:18.921128704,13,8401,164,62
22.636038,-85.727591,2026-08-10 02:26:19.252605184,13,4059,253,28
26.848958,-82.790494,2026-08-10 02:26:19.507678208,13,14405,260,44
41.843659,-88.994832,2026-08-10 02:26:19.625523200,13,7343,84,38
20.295146,-91.129972,2026-08-10 02:26:20.259519744,13,9360,206,93
38.35018,-62.721312,2026-08-10 02:26:20.616864256,13,3766,214,88
38.362887,-62.777905,2026-08-10 02:26:20.616884992,13,5267,270,75
26.012917,-82.325762,2026-08-10 02:26:21.890981376,13,4479,227,48
26.264188,-82.536204,2026-08-10 02:26:23.273261312,13,6352,193,18
41.693888,-89.401465,2026-08-10 02:26:23.449771008,13,8198,77,28
22.965642,-103.254816,2026-08-10 02:26:23.968740352,13,14172,269,98
25.056019,-95.734233,2026-08-10 02:26:25.118778880,13,3108,262,96
25.113551,-95.720661,2026-08-10 02:26:25.118850560,13,5909,257,83
46.307781,-63.993642,2026-08-10 02:26:25.893073920,13,12544,206,23
55.523336,-119.236801,2026-08-10 02:26:26.526102272,13,11952,241,24
48.976589,-80.84716,2026-08-10 02:26:26.923050752,13,6869,165,53
49.0363,-81.117806,2026-08-10 02:26:26.923047936,13,11865,241,41
48.980556,-80.861408,2026-08-10 02:26:26.923101696,13,7484,146,28
40.402738,-82.615086,2026-08-10 02:26:27.896283392,13,10386,60,26
41.159615,-102.609056,2026-08-10 02:26:28.797757696,13,9994,105,44
41.158068,-102.619311,2026-08-10 02:26:28.797806336,13,11263,92,35
32.03677,-89.197181,2026-08-10 02:26:29.139626240,13,7251,236,23
22.817865,-85.069992,2026-08-10 02:26:29.527321856,13,10545,229,44
41.842429,-89.104891,2026-08-10 02:26:30.642964224,13,12218,94,33
23.327447,-105.02589,2026-08-10 02:26:30.973064448,13,7733,240,41
33.53464,-83.733475,2026-08-10 02:26:31.317192192,13,10493,210,33
33.542877,-83.728116,2026-08-10 02:26:31.317187072,13,7597,165,30
41.600194,-101.939054,2026-08-10 02:26:31.541958656,13,14891,103,19
26.357547,-82.704571,2026-08-10 02:26:31.714349056,13,5854,203,97
26.410858,-82.718301,2026-08-10 02:26:31.841114368,13,7523,226,39
26.397577,-82.690989,2026-08-10 02:26:32.44103424,13,8451,263,18
26.294864,-82.589694,2026-08-10 02:26:32.280802560,13,6459,193,29
26.308222,-82.706385,2026-08-10 02:26:32.421974528,13,4902,235,53
41.733151,-89.006498,2026-08-10 02:26:33.488141568,13,12565,82,22
41.816407,-88.995573,2026-08-10 02:26:34.722170368,13,12585,83,15
41.799653,-89.161996,2026-08-10 02:26:34.817366272,13,8302,81,19
26.455876,-82.767467,2026-08-10 02:26:34.907579904,13,3545,258,20
46.532357,-64.073341,2026-08-10 02:26:35.969656064,13,6389,240,47
46.53028,-64.32009,2026-08-10 02:26:35.969721088,13,9070,231,41
41.299947,-102.448024,2026-08-10 02:26:37.305866496,13,4983,168,71
41.300825,-102.502366,2026-08-10 02:26:37.305855488,13,6379,192,66
35.498023,-80.052418,2026-08-10 02:26:38.871769856,13,9551,141,62
35.542363,-80.198632,2026-08-10 02:26:38.922002944,13,14344,135,32
35.507158,-80.061456,2026-08-10 02:26:38.994867456,13,9665,138,63
35.536543,-80.078248,2026-08-10 02:26:38.994938880,13,9518,210,50
35.534483,-80.080712,2026-08-10 02:26:39.19781120,13,9303,210,21
35.516581,-79.859851,2026-08-10 02:26:40.474532096,13,7901,102,69
35.58001,-79.894701,2026-08-10 02:26:40.474553856,13,10762,133,49
35.531831,-79.870398,2026-08-10 02:26:40.528941056,13,5609,191,39
35.553085,-79.891984,2026-08-10 02:26:40.529008896,13,8091,134,41
35.530665,-79.877705,2026-08-10 02:26:40.569613824,13,9070,189,43
35.530374,-79.889043,2026-08-10 02:26:40.630168320,13,11894,100,50
35.565141,-79.858848,2026-08-10 02:26:40.771434752,13,6138,210,44
40.849091,-82.091621,2026-08-10 02:26:41.354184448,13,11367,98,57
40.848915,-82.098554,2026-08-10 02:26:41.354184448,13,13987,68,50
41.258425,-102.562622,2026-08-10 02:26:42.634361088,13,9086,168,115
41.25633,-102.629773,2026-08-10 02:26:42.634352384,13,10859,193,110
41.248902,-102.607963,2026-08-10 02:26:42.634369024,13,10806,166,96
41.202457,-102.779599,2026-08-10 02:26:42.775298816,13,8375,127,21
35.596937,-115.236928,2026-08-10 02:26:43.508324864,13,10343,192,25
41.761357,-89.013436,2026-08-10 02:26:44.426839808,13,7891,82,17
41.800212,-89.03262,2026-08-10 02:26:44.467402240,13,13571,83,22
41.763659,-89.264356,2026-08-10 02:26:44.588049920,13,10027,79,26
25.496947,-106.839751,2026-08-10 02:26:44.836120320,13,10745,255,57
24.732793,-99.156515,2026-08-10 02:26:45.568249856,13,8456,235,65
24.487953,-99.25719,2026-08-10 02:26:45.704839424,13,12717,215,27
24.49306,-99.259003,2026-08-10 02:26:45.925822720,13,13520,215,22
24.517468,-99.25213,2026-08-10 02:26:46.28954368,13,6370,218,39
41.043083,-102.651228,2026-08-10 02:26:46.232862464,13,13210,104,16
41.715585,-89.293512,2026-08-10 02:26:46.434919680,13,4695,91,15
41.296007,-102.584024,2026-08-10 02:26:48.591589120,13,10121,192,15
39.960718,-83.155482,2026-08-10 02:26:49.147939072,13,11284,72,31
41.157285,-102.606747,2026-08-10 02:26:51.609115904,13,8350,116,49
41.24597,-102.587067,2026-08-10 02:26:51.609142784,13,8384,87,42
41.810226,-89.110229,2026-08-10 02:26:51.761030912,13,9669,94,14
41.445795,-102.056507,2026-08-10 02:26:53.47767040,13,9421,103,78
41.423197,-102.090477,2026-08-10 02:26:53.47775488,13,4801,166,89
41.221169,-102.602466,2026-08-10 02:26:53.278458880,13,6911,103,105
41.234197,-102.645643,2026-08-10 02:26:53.278454784,13,4969,193,110
41.088558,-102.646892,2026-08-10 02:26:53.331179520,13,13243,106,58
25.365338,-107.14688,2026-08-10 02:26:53.792555008,13,13992,254,19
32.589348,-111.406337,2026-08-10 02:26:53.871577600,13,14007,174,31
27.164568,-112.684298,2026-08-10 02:26:54.674665728,13,12750,249,42
47.627164,-64.966694,2026-08-10 02:26:55.80672256,13,3956,270,47
47.630709,-65.032136,2026-08-10 02:26:55.126976000,13,13013,149,35
41.832347,-89.009879,2026-08-10 02:26:57.250551040,13,9297,106,23
23.042532,-85.005312,2026-08-10 02:26:58.920907264,13,6275,263,32
41.694357,-89.275184,2026-08-10 02:26:59.246510848,13,7534,91,18
41.711155,-89.230906,2026-08-10 02:26:59.274968064,13,11238,112,18
41.757409,-89.264946,2026-08-10 02:27:00.387038720,13,12813,78,33
22.859834,-105.641428,2026-08-10 02:27:01.440343552,13,10705,245,47
26.394433,-82.507215,2026-08-10 02:27:01.586381312,13,6196,264,60
41.773859,-89.173904,2026-08-10 02:27:02.137685248,13,5953,108,24
41.313699,-102.442063,2026-08-10 02:27:02.256201216,13,7433,120,43
41.341297,-102.581797,2026-08-10 02:27:02.256210688,13,4377,192,30
40.00383,-83.149133,2026-08-10 02:27:02.712845312,13,8305,99,15
55.937638,-117.988032,2026-08-10 02:27:02.917221376,13,11508,240,31
56.047598,-118.26349,2026-08-10 02:27:02.917202688,13,9250,261,35
38.917741,-61.616869,2026-08-10 02:27:03.132768000,13,2517,265,42
41.82703,-89.244852,2026-08-10 02:27:03.641071872,13,8500,93,22
25.835636,-82.185106,2026-08-10 02:27:04.193855488,13,10459,208,24
33.533037,-83.701717,2026-08-10 02:27:04.630267136,13,10579,154,45
33.554518,-83.73709,2026-08-10 02:27:04.630343680,13,12632,209,29
32.943752,-85.587332,2026-08-10 02:27:04.798010368,13,14195,89,66
32.935498,-85.661515,2026-08-10 02:27:04.798050048,13,7629,207,47
41.011451,-102.68416,2026-08-10 02:27:04.963624960,13,4120,159,96
20.915851,-106.058257,2026-08-10 02:27:04.979841792,13,7149,253,54
32.945339,-85.539281,2026-08-10 02:27:05.313285888,13,7433,194,40
32.966805,-85.55253,2026-08-10 02:27:05.313342208,13,5139,208,29
32.938541,-85.519408,2026-08-10 02:27:05.418898944,13,9042,207,25
26.254028,-82.379266,2026-08-10 02:27:05.953890304,13,9411,194,45
35.065814,-81.248308,2026-08-10 02:27:06.84781568,13,5540,182,47
35.048587,-81.215547,2026-08-10 02:27:06.177372672,13,4956,184,57
35.07188,-81.22459,2026-08-10 02:27:06.400934400,13,9267,123,27
35.122079,-81.207197,2026-08-10 02:27:06.400951040,13,5979,206,15
41.207922,-102.780735,2026-08-10 02:27:08.199733760,13,13870,162,23
41.055706,-102.598708,2026-08-10 02:27:10.475772416,13,7591,106,60
34.326987,-82.548734,2026-08-10 02:27:11.973364736,13,13366,87,75
41.682153,-89.315397,2026-08-10 02:27:12.47458816,13,12347,53,32
40.839604,-82.087813,2026-08-10 02:27:12.250393600,13,11337,105,33
46.308995,-63.695012,2026-08-10 02:27:13.487264256,13,3868,215,26
26.530193,-82.643552,2026-08-10 02:27:13.814082048,13,7553,258,23
41.170303,-102.645695,2026-08-10 02:27:14.565367808,13,5082,161,84
41.225902,-102.536678,2026-08-10 02:27:14.565405696,13,8552,101,68
41.339764,-102.238212,2026-08-10 02:27:15.28367616,13,8240,167,19
22.685126,-84.975701,2026-08-10 02:27:16.295975680,13,3916,261,41
49.013595,-80.824834,2026-08-10 02:27:16.621162496,13,12328,190,41
39.985925,-83.265552,2026-08-10 02:27:16.858573824,13,11004,106,31
34.099145,-111.96855,2026-08-10 02:27:17.485185792,13,13549,132,47
34.217298,-111.851667,2026-08-10 02:27:17.485209856,13,8397,218,33
35.434941,-80.377436,2026-08-10 02:27:18.208232960,13,8285,96,54
35.420872,-80.370689,2026-08-10 02:27:18.208298752,13,4806,129,32
26.298818,-82.506666,2026-08-10 02:27:18.244817408,13,8372,212,44
26.387454,-82.548692,2026-08-10 02:27:18.244900608,13,9946,224,51
41.45376,-102.308031,2026-08-10 02:27:18.426653696,13,11369,105,107
41.416113,-102.32824,2026-08-10 02:27:18.426656000,13,5562,163,55
41.171044,-102.618931,2026-08-10 02:27:19.282863872,13,5942,161,52
41.228882,-102.518151,2026-08-10 02:27:19.282901504,13,8349,101,72
26.230462,-82.415557,2026-08-10 02:27:20.483276032,13,13342,194,39
22.676285,-84.949078,2026-08-10 02:27:21.776014848,13,5731,260,41
22.659392,-84.901846,2026-08-10 02:27:21.894188032,13,4288,255,26
22.641884,-84.896229,2026-08-10 02:27:22.237477120,13,5041,255,23
49.241145,-100.773592,2026-08-10 02:27:23.900122624,13,9287,145,26
41.271412,-102.706029,2026-08-10 02:27:24.84306432,13,11893,107,24
41.221471,-102.78288,2026-08-10 02:27:25.463426816,13,7443,107,30
34.577539,-82.680778,2026-08-10 02:27:25.675054336,13,14140,244,22
41.752077,-89.264102,2026-08-10 02:27:26.5464064,13,6849,85,13
41.705968,-89.286643,2026-08-10 02:27:26.188487168,13,11365,90,14
35.491326,-80.671801,2026-08-10 02:27:27.274399488,13,11109,183,35
35.49304,-80.681969,2026-08-10 02:27:27.274460416,13,10558,156,28
46.545459,-64.051392,2026-08-10 02:27:27.519812096,13,7714,265,57
46.556678,-64.261843,2026-08-10 02:27:27.519866624,13,10908,232,44
41.764675,-89.157614,2026-08-10 02:27:27.843181056,13,5775,92,47
55.380574,-118.600626,2026-08-10 02:27:28.251120128,13,12811,234,84
33.785487,-111.779284,2026-08-10 02:27:28.319406336,13,7577,195,80
32.33099,-112.392925,2026-08-10 02:27:28.776224512,13,12631,189,32
32.360172,-112.518491,2026-08-10 02:27:28.776263680,13,10944,221,43
31.422822,-88.064571,2026-08-10 02:27:29.864597248,13,6547,203,54
31.335512,-88.123534,2026-08-10 02:27:29.864621056,13,6069,220,40
29.932213,-109.403636,2026-08-10 02:27:29.877441024,13,13197,244,50
30.327316,-109.216042,2026-08-10 02:27:29.877580800,13,7662,247,42
26.54214,-105.815747,2026-08-10 02:27:29.943971328,13,14914,245,36
41.226359,-102.553296,2026-08-10 02:27:30.372023296,13,12566,111,46
41.302637,-102.526057,2026-08-10 02:27:30.372043264,13,5033,87,71
41.238496,-102.620285,2026-08-10 02:27:30.372056064,13,13376,113,56
41.805724,-89.08319,2026-08-10 02:27:31.72802816,13,4749,79,16
40.0294,-83.161935,2026-08-10 02:27:31.779284992,13,8006,78,31
41.579369,-102.077999,2026-08-10 02:27:32.167577088,13,13985,197,30
34.511676,-82.240398,2026-08-10 02:27:33.517919744,13,5781,206,24
35.441867,-80.207076,2026-08-10 02:27:33.523697920,13,14990,193,46
35.454591,-80.225785,2026-08-10 02:27:33.523772416,13,5664,207,21
40.883906,-102.829118,2026-08-10 02:27:33.634493184,13,10553,109,18
41.202365,-102.611702,2026-08-10 02:27:34.880922112,13,11758,105,16
41.860341,-89.150455,2026-08-10 02:27:37.351188992,13,8612,93,35
41.82419,-89.438481,2026-08-10 02:27:37.351192064,13,11328,191,19
40.008072,-83.255603,2026-08-10 02:27:38.161833728,13,9522,101,93
40.031804,-83.24707,2026-08-10 02:27:38.161833984,13,9536,89,75
40.059562,-83.284028,2026-08-10 02:27:38.161851648,13,6016,197,60
40.073954,-83.26928,2026-08-10 02:27:38.161864192,13,7447,99,45
22.887906,-105.645216,2026-08-10 02:27:38.196265472,13,7293,245,38
41.71479,-89.310537,2026-08-10 02:27:39.366241792,13,11285,78,14
26.404405,-82.52023,2026-08-10 02:27:40.658294272,13,3253,264,71
26.37938,-82.502101,2026-08-10 02:27:40.731414272,13,5768,267,53
41.650043,-101.875546,2026-08-10 02:27:40.781776896,13,13344,186,48
26.430722,-82.546423,2026-08-10 02:27:40.916763904,13,5928,263,39
41.30206,-102.366388,2026-08-10 02:27:41.154126080,13,3559,161,80
26.28213,-82.527237,2026-08-10 02:27:41.350320896,13,7993,234,63
39.931932,-83.286243,2026-08-10 02:27:41.856656128,13,10217,126,23
25.555079,-82.507393,2026-08-10 02:27:42.922849024,13,11817,258,38
35.433286,-80.055352,2026-08-10 02:27:44.4523008,13,8975,216,32
35.475502,-79.946041,2026-08-10 02:27:44.63269888,13,10192,127,52
35.47139,-79.945238,2026-08-10 02:27:44.177033728,13,6641,227,50
24.713427,-99.172583,2026-08-10 02:27:45.538741760,13,12170,228,98
24.495072,-99.292159,2026-08-10 02:27:45.538702336,13,11942,248,110
24.786058,-99.072197,2026-08-10 02:27:45.733965056,13,7545,251,94
24.502657,-99.252456,2026-08-10 02:27:46.505832960,13,10675,228,28
22.731656,-103.438429,2026-08-10 02:27:47.807699456,13,12489,258,49
40.42071,-96.044715,2026-08-10 02:27:48.421458432,13,10658,155,102
40.405012,-96.04604,2026-08-10 02:27:48.421465088,13,5522,250,104
41.248869,-102.433632,2026-08-10 02:27:48.422618880,13,9274,114,92
40.091855,-83.196534,2026-08-10 02:27:48.760665600,13,13182,173,24
38.427556,-62.591408,2026-08-10 02:27:49.64462848,13,2617,216,79
38.449772,-62.634645,2026-08-10 02:27:49.64476672,13,5312,260,87
38.449837,-62.638079,2026-08-10 02:27:49.133506048,13,9153,194,21
41.179868,-102.646013,2026-08-10 02:27:49.690853120,13,13470,78,53
41.742993,-89.238883,2026-08-10 02:27:51.347847680,13,8782,97,19
41.185134,-102.656134,2026-08-10 02:27:52.921219584,13,13972,83,34
41.181797,-102.579777,2026-08-10 02:27:52.921238016,13,14251,117,25
38.875478,-60.424974,2026-08-10 02:27:53.553590528,13,13683,214,69
40.147016,-82.927722,2026-08-10 02:27:54.353567232,13,4594,163,50
40.19713,-83.042337,2026-08-10 02:27:54.353609216,13,13824,118,48
40.148227,-82.910694,2026-08-10 02:27:54.413068800,13,8103,75,44
40.178975,-82.919809,2026-08-10 02:27:54.413082624,13,10326,190,56
40.209085,-82.902891,2026-08-10 02:27:54.413094912,13,12885,133,39
40.148826,-82.924089,2026-08-10 02:27:54.436758784,13,10320,66,46
40.147402,-82.910343,2026-08-10 02:27:54.512446720,13,10145,56,84
40.180953,-82.91554,2026-08-10 02:27:54.512458240,13,8554,190,61
41.234761,-102.539532,2026-08-10 02:27:54.738360576,13,4610,84,49
41.230172,-102.509485,2026-08-10 02:27:54.738368768,13,6130,101,93
44.952684,-90.559207,2026-08-10 02:27:55.31666944,13,7928,128,24
44.944282,-90.431438,2026-08-10 02:27:55.184442112,13,8749,87,18
45.048612,-91.363217,2026-08-10 02:27:55.371677952,13,8103,131,31
29.457156,-108.327466,2026-08-10 02:27:55.545575680,13,11452,174,33
31.348787,-88.170476,2026-08-10 02:27:56.502683392,13,10826,213,24
26.413604,-82.686391,2026-08-10 02:27:56.675051520,13,13292,224,18
26.387476,-82.667235,2026-08-10 02:27:56.757916160,13,12778,259,17
41.196382,-82.055314,2026-08-10 02:27:57.368969472,13,4380,162,96
41.194903,-82.028216,2026-08-10 02:27:57.368975616,13,10951,77,88
41.168533,-82.032619,2026-08-10 02:27:57.368976128,13,7917,119,66
41.370744,-102.226815,2026-08-10 02:27:58.32262656,13,6694,111,49
41.355108,-102.242422,2026-08-10 02:27:58.32308480,13,14211,93,48
38.453322,-66.397181,2026-08-10 02:27:58.480278016,13,10218,163,45
38.442754,-66.364957,2026-08-10 02:27:58.480334848,13,8944,215,28
41.040622,-102.657294,2026-08-10 02:28:01.445091840,13,5349,165,87
41.053325,-102.698419,2026-08-10 02:28:01.445090560,13,7453,194,79
25.96283,-82.347198,2026-08-10 02:28:01.906070016,13,9606,264,25
41.754546,-89.216301,2026-08-10 02:28:02.474799872,13,8812,101,40
38.977391,-99.325495,2026-08-10 02:28:02.487781888,13,13728,123,43
38.868414,-99.308831,2026-08-10 02:28:02.487834624,13,8474,138,30
38.899563,-99.360009,2026-08-10 02:28:02.983034880,13,9036,153,28
41.420008,-102.205395,2026-08-10 02:28:03.434157312,13,11636,113,26
38.350904,-62.81006,2026-08-10 02:28:03.539200256,13,4575,193,89
24.800423,-99.070941,2026-08-10 02:28:04.406273024,13,7294,251,79
38.888158,-56.726685,2026-08-10 02:28:04.703336192,13,14560,165,30
28.115658,-106.917724,2026-08-10 02:28:06.930659840,13,8865,218,25
33.828543,-30.984058,2026-08-10 02:28:07.800489728,13,7524,165,82
49.694797,-101.450644,2026-08-10 02:28:08.45000192,13,11424,164,36
41.070087,-102.834978,2026-08-10 02:28:08.296529920,13,12051,137,28
41.039151,-102.720254,2026-08-10 02:28:08.296546816,13,7752,167,30
31.49906,-88.429853,2026-08-10 02:28:08.844898304,13,6762,128,31
49.36254,-77.81778,2026-08-10 02:28:08.867498240,13,8894,192,31
26.403382,-82.683078,2026-08-10 02:28:09.615763456,13,3545,262,76
26.37559,-82.667222,2026-08-10 02:28:09.615752704,13,7867,262,88
26.362196,-82.692777,2026-08-10 02:28:09.760096768,13,5710,219,43
33.025321,-85.586021,2026-08-10 02:28:10.119958784,13,8071,167,28
32.975488,-85.586868,2026-08-10 02:28:10.199192064,13,6828,193,61
33.006924,-85.602179,2026-08-10 02:28:10.199259904,13,14026,109,46
33.041375,-85.591531,2026-08-10 02:28:10.199271936,13,7496,235,32
32.969961,-85.595079,2026-08-10 02:28:10.272507392,13,9765,195,38
26.428165,-82.702565,2026-08-10 02:28:10.367397632,13,6212,224,27
41.237159,-102.521273,2026-08-10 02:28:10.871987712,13,5561,161,92
41.250056,-102.58338,2026-08-10 02:28:10.871986688,13,10257,192,85
41.200762,-102.540089,2026-08-10 02:28:10.872007936,13,9915,146,71
21.411352,120.484099,2026-08-10 02:25:40.836655104,14,6580,198,36
21.108569,131.078376,2026-08-10 02:25:53.563798016,14,4865,209,25
27.029856,124.276214,2026-08-10 02:27:39.987395840,14,13669,183,25
24.943716,-95.850029,2026-08-10 02:25:00.427317248,11,9464,163,105
41.20978,-102.722332,2026-08-10 02:25:02.125694976,11,14133,113,46
44.649402,4.131903,2026-08-10 02:25:15.584907264,11,5396,194,103
44.653947,4.115102,2026-08-10 02:25:15.584913664,11,14224,158,189
44.615235,4.015403,2026-08-10 02:25:15.584897792,11,5838,212,177
45.237504,-2.084988,2026-08-10 02:25:25.392842496,11,13701,107,94
44.155725,-0.23547,2026-08-10 02:25:27.932099584,11,10247,199,138
44.209675,-0.192672,2026-08-10 02:25:27.932130304,11,6375,169,123
44.208326,-0.149701,2026-08-10 02:25:27.932136448,11,7703,256,110
44.190196,-0.153533,2026-08-10 02:25:27.932200192,11,8266,267,94
44.186059,-0.172363,2026-08-10 02:25:27.932191232,11,3570,243,77
37.108668,-25.776508,2026-08-10 02:25:37.66387200,11,7848,160,298
45.273822,-2.079883,2026-08-10 02:25:38.461787392,11,10819,112,52
1.796937,20.130162,2026-08-10 02:25:46.735919104,11,14771,152,50
46.229037,-64.886828,2026-08-10 02:25:50.723726336,11,9063,133,184
44.409117,4.017049,2026-08-10 02:25:51.172440064,11,9489,136,56
45.086409,-2.438684,2026-08-10 02:26:01.314155264,11,13234,144,165
45.077913,-2.443806,2026-08-10 02:26:01.314162944,11,4476,259,249
23.005437,-84.677644,2026-08-10 02:26:03.401611008,11,10215,258,170
37.249862,-25.660456,2026-08-10 02:26:07.389584128,11,9474,225,313
44.608709,4.156426,2026-08-10 02:26:18.190460672,11,3461,153,166
38.260752,-62.900825,2026-08-10 02:26:20.616973056,11,13077,146,267
38.362294,-62.742823,2026-08-10 02:26:20.695935232,11,5800,260,115
45.057262,-2.341779,2026-08-10 02:26:25.759169280,11,11883,162,162
26.369628,-82.694847,2026-08-10 02:26:31.714401792,11,8084,219,206
26.382005,-82.702121,2026-08-10 02:26:32.422052096,11,6316,259,38
45.241496,-2.057658,2026-08-10 02:26:35.910778880,11,7436,162,150
35.510203,-80.086096,2026-08-10 02:26:38.871766528,11,14261,131,321
41.222071,-102.538165,2026-08-10 02:26:42.634380544,11,11554,125,43
45.072534,-2.435294,2026-08-10 02:26:44.780420608,11,6072,144,134
45.071624,-2.43833,2026-08-10 02:26:44.780424192,11,3775,151,153
45.204789,-2.158456,2026-08-10 02:26:50.15706112,11,13297,138,304
45.199636,-2.160422,2026-08-10 02:26:50.15719424,11,10756,109,281
44.123327,0.243495,2026-08-10 02:26:54.567309568,11,7048,267,99
44.523164,4.024624,2026-08-10 02:27:09.434787840,11,11732,56,191
46.511452,-64.332754,2026-08-10 02:27:10.338936320,11,12649,133,29
23.237902,-81.378535,2026-08-10 02:27:11.611418112,11,13622,234,103
45.230691,-2.140227,2026-08-10 02:27:12.76743168,11,14199,108,97
48.98824,-80.836371,2026-08-10 02:27:16.621155328,11,8066,149,22
46.470735,-64.400348,2026-08-10 02:27:27.519902976,11,6971,147,76
26.831133,-105.873671,2026-08-10 02:27:29.944069376,11,14035,235,26
45.060593,-2.500716,2026-08-10 02:27:33.405906944,11,11550,121,159
44.553852,4.167483,2026-08-10 02:27:34.697152000,11,7048,125,169
44.565765,4.150593,2026-08-10 02:27:34.697157632,11,9338,216,154
44.545676,4.132632,2026-08-10 02:27:34.697148928,11,5782,233,142
44.518106,4.046081,2026-08-10 02:27:40.57532928,11,9586,109,107
45.283611,4.154217,2026-08-10 02:27:41.902416128,11,5213,178,216
45.233801,-2.091476,2026-08-10 02:27:44.701635584,11,12005,108,143
44.624929,4.108058,2026-08-10 02:27:53.836827136,11,10014,50,160
45.111125,-2.352138,2026-08-10 02:27:56.741576704,11,11361,140,52
41.176434,-82.021345,2026-08-10 02:27:57.368970752,11,14573,85,45
45.221444,-2.169769,2026-08-10 02:28:08.636437248,11,9931,145,80
26.374057,-82.667605,2026-08-10 02:28:09.615751936,11,9169,210,181
24.943716,-95.850029,2026-08-10 02:25:00.427317248,12,9464,163,105
41.209804,-102.722332,2026-08-10 02:25:02.125694976,12,14140,113,46
44.649402,4.131903,2026-08-10 02:25:15.584907264,12,5396,194,102
44.653947,4.115102,2026-08-10 02:25:15.584913664,12,14224,158,189
44.615235,4.015403,2026-08-10 02:25:15.584897792,12,5838,212,177
44.63558,4.093778,2026-08-10 02:25:15.584909312,12,14732,142,153
32.015316,-89.148874,2026-08-10 02:25:17.972545536,12,12301,138,32
45.237504,-2.084988,2026-08-10 02:25:25.392842496,12,13701,107,94
44.155725,-0.23547,2026-08-10 02:25:27.932099584,12,10247,199,138
44.209675,-0.192672,2026-08-10 02:25:27.932130304,12,6375,169,123
44.208326,-0.149701,2026-08-10 02:25:27.932136448,12,7703,256,110
44.190196,-0.153533,2026-08-10 02:25:27.932200192,12,8266,267,94
44.186059,-0.172363,2026-08-10 02:25:27.932191232,12,3570,243,77
37.108668,-25.776508,2026-08-10 02:25:37.66387200,12,7848,160,298
45.27485,-2.083023,2026-08-10 02:25:38.461786880,12,13814,108,60
1.796937,20.130162,2026-08-10 02:25:46.735919104,12,14771,152,50
45.086409,-2.438684,2026-08-10 02:26:01.314155264,12,13234,144,165
45.077913,-2.443806,2026-08-10 02:26:01.314162944,12,4476,259,249
23.005437,-84.677644,2026-08-10 02:26:03.401611008,12,10215,258,170
38.260752,-62.900825,2026-08-10 02:26:20.616973056,12,13077,146,267
38.380599,-62.765655,2026-08-10 02:26:20.695944704,12,4456,263,131
45.057262,-2.341779,2026-08-10 02:26:25.759169280,12,11883,162,160
26.369628,-82.694847,2026-08-10 02:26:31.714401792,12,8084,219,206
26.382005,-82.702121,2026-08-10 02:26:32.422052096,12,6316,259,38
35.510203,-80.086096,2026-08-10 02:26:38.871766528,12,14261,131,322
41.223487,-102.551124,2026-08-10 02:26:42.634376960,12,12511,113,44
45.072534,-2.435294,2026-08-10 02:26:44.780420608,12,6072,144,134
45.071624,-2.43833,2026-08-10 02:26:44.780424192,12,3775,151,153
45.207038,-2.142566,2026-08-10 02:26:50.15719936,12,14157,124,259
45.199953,-2.178818,2026-08-10 02:26:50.15716864,12,5868,149,278
44.123327,0.243495,2026-08-10 02:26:54.567309568,12,7048,267,100
44.114012,0.291573,2026-08-10 02:26:54.806330624,12,10729,84,133
44.523164,4.024624,2026-08-10 02:27:09.434787840,12,11732,56,179
44.476714,4.075643,2026-08-10 02:27:09.663903488,12,9793,262,82
23.237902,-81.378535,2026-08-10 02:27:11.611418112,12,13622,234,103
45.230691,-2.140227,2026-08-10 02:27:12.76743168,12,14199,108,97
48.98824,-80.836371,2026-08-10 02:27:16.621155328,12,8066,149,22
46.646235,-64.505535,2026-08-10 02:27:27.519922432,12,8918,159,63
26.831133,-105.873671,2026-08-10 02:27:29.944069376,12,14035,235,26
45.060593,-2.500716,2026-08-10 02:27:33.405906944,12,11550,121,159
44.553852,4.167483,2026-08-10 02:27:34.697152000,12,7048,125,169
44.565765,4.150593,2026-08-10 02:27:34.697157632,12,9338,216,154
44.545676,4.132632,2026-08-10 02:27:34.697148928,12,5782,233,142
44.513799,4.059437,2026-08-10 02:27:40.57535232,12,3261,145,144
45.282414,4.173137,2026-08-10 02:27:41.902414080,12,7323,120,202
45.229762,-2.071199,2026-08-10 02:27:44.701638144,12,8012,107,131
45.111125,-2.352138,2026-08-10 02:27:56.741576704,12,11361,140,47
41.195299,-82.01835,2026-08-10 02:27:57.368973312,12,11857,106,40
45.209602,-2.177699,2026-08-10 02:28:08.636432640,12,13800,145,71
26.374054,-82.667606,2026-08-10 02:28:09.615755776,12,9169,210,186
40.444758,-81.628594,2026-08-10 02:55:06.406776832,1,12036,59,27
35.032052,-81.139307,2026-08-10 02:55:06.835698176,1,9826,64,32
41.650444,36.720668,2026-08-10 02:55:14.98772992,1,11845,252,20
41.17715,-89.363021,2026-08-10 02:55:38.634644480,1,10696,230,32
41.287627,-89.013802,2026-08-10 02:55:38.634755584,1,9369,100,21
20.743579,-106.018314,2026-08-10 02:55:46.407754752,1,14191,270,16
39.472432,-56.377702,2026-08-10 02:55:46.541711872,1,13422,168,22
12.204087,-8.117742,2026-08-10 02:56:01.604952064,1,6280,251,18
41.71354,-89.498348,2026-08-10 02:56:01.822618624,1,7717,228,26
39.961718,-82.969256,2026-08-10 02:56:02.599828736,1,12094,105,30
41.47049,-89.61639,2026-08-10 02:56:05.493177600,1,8522,232,21
41.175866,-101.949333,2026-08-10 02:56:13.765102592,1,14847,105,40
41.227531,-102.066426,2026-08-10 02:56:13.765140480,1,9333,153,26
41.583969,-89.53161,2026-08-10 02:56:13.937327616,1,8810,230,22
41.714657,-89.250721,2026-08-10 02:56:21.795652096,1,12145,101,26
41.715104,-89.254958,2026-08-10 02:56:21.795652864,1,13370,101,18
22.997183,-85.053859,2026-08-10 02:56:22.845040896,1,9735,225,30
39.548232,-49.472983,2026-08-10 02:56:45.40039680,1,9037,179,89
38.409762,-62.389884,2026-08-10 02:56:52.56634880,1,9185,261,19
41.573703,-89.598543,2026-08-10 02:56:59.572449024,1,10987,231,34
41.675205,-89.223001,2026-08-10 02:56:59.572560640,1,12318,101,20
46.576706,36.627923,2026-08-10 02:57:08.76709376,1,7911,246,64
41.696274,-89.539809,2026-08-10 02:57:16.493846784,1,11603,229,26
41.483013,-89.544181,2026-08-10 02:57:23.953056768,1,4187,231,25
41.259165,-89.100545,2026-08-10 02:57:39.387344640,1,8680,106,23
40.903869,-102.83448,2026-08-10 02:57:39.573639168,1,14313,195,29
39.446575,-60.033039,2026-08-10 02:57:56.233328896,1,14704,180,39
40.977869,-102.576524,2026-08-10 02:58:03.396167424,1,14224,128,38
40.971316,-102.672303,2026-08-10 02:58:03.396206336,1,10312,155,24
38.491348,-62.96699,2026-08-10 02:58:10.976444416,1,11987,267,30
41.6856,-89.281367,2026-08-10 02:58:19.985826816,1,14559,120,34
41.69691,-89.297704,2026-08-10 02:58:19.985893632,1,7920,101,21
26.238866,-83.020532,2026-08-10 02:58:21.796012288,1,13039,261,26
44.836551,4.343353,2026-08-10 02:58:30.912141568,1,9265,141,106
44.697412,4.336005,2026-08-10 02:58:30.912175616,1,13200,137,78
44.818731,4.330357,2026-08-10 02:58:30.912207104,1,4507,231,67
44.820015,4.334331,2026-08-10 02:58:30.912208384,1,6617,231,54
44.87329,4.358151,2026-08-10 02:58:30.912219648,1,4095,253,42
44.828023,4.335239,2026-08-10 02:58:30.912203520,1,3443,228,34
44.77938,-3.013022,2026-08-10 02:58:31.324378368,1,12722,241,121
45.053586,-2.484739,2026-08-10 02:58:31.324532224,1,10806,258,108
48.967487,-80.611136,2026-08-10 02:58:38.537875200,1,9093,165,38
48.938829,-80.607038,2026-08-10 02:58:38.537887488,1,7366,152,22
41.491652,-89.736514,2026-08-10 02:58:38.575308288,1,14670,233,27
41.45706,-89.76415,2026-08-10 02:58:38.637175552,1,12328,234,24
40.880096,-90.29335,2026-08-10 02:58:40.57528064,1,6460,211,36
45.316316,-2.108711,2026-08-10 02:58:47.103221504,1,8993,189,113
45.306886,-2.044297,2026-08-10 02:58:47.103216128,1,7238,195,111
45.350991,-1.928815,2026-08-10 02:58:47.104878592,1,9442,259,101
45.271201,-2.066883,2026-08-10 02:58:47.104834304,1,8069,254,82
45.287613,-2.047292,2026-08-10 02:58:47.104841472,1,4210,250,67
45.295495,-2.039455,2026-08-10 02:58:47.104835584,1,12253,257,55
45.084061,-2.45878,2026-08-10 02:58:54.634274816,1,5569,268,41
45.098257,-2.456318,2026-08-10 02:58:54.634279168,1,4024,251,22
41.623445,-89.510885,2026-08-10 02:58:54.813396992,1,9890,229,25
-38.065216,154.512183,2026-08-10 02:56:22.460987136,2,14711,233,31
20.751502,129.958978,2026-08-10 02:56:26.562059008,2,7601,206,47
-31.875561,155.350433,2026-08-10 02:56:39.232130304,2,9488,229,32
21.699904,129.609507,2026-08-10 02:56:47.530008832,2,3302,263,34
-38.061874,154.415117,2026-08-10 02:57:32.264104704,2,14115,114,22
-31.73553,155.203891,2026-08-10 02:57:56.817629696,2,6801,248,29
21.76304,129.551668,2026-08-10 02:59:00.898158592,2,14799,198,24
18.486193,-109.196825,2026-08-10 02:55:00.481902848,3,11630,264,25
41.634589,-89.22906,2026-08-10 02:55:00.651764992,3,12691,79,18
40.84799,-102.639104,2026-08-10 02:55:01.102915328,3,14015,104,24
41.017263,-102.449119,2026-08-10 02:55:01.572437760,3,9758,106,34
41.074753,-102.378448,2026-08-10 02:55:01.572483072,3,12181,78,74
41.02335,-102.513904,2026-08-10 02:55:01.572480768,3,10869,112,59
41.014297,-102.525428,2026-08-10 02:55:01.572485376,3,12198,126,45
24.483139,-98.990708,2026-08-10 02:55:01.812782592,3,13938,224,43
24.399953,-99.085038,2026-08-10 02:55:01.812795904,3,9833,227,66
24.389608,-99.117261,2026-08-10 02:55:01.924141568,3,6125,219,26
40.994498,-102.398292,2026-08-10 02:55:01.981952512,3,9203,192,22
41.856529,-89.249798,2026-08-10 02:55:02.13263872,3,12037,130,28
38.338645,-63.15644,2026-08-10 02:55:02.144157184,3,7423,209,64
40.978728,-102.565942,2026-08-10 02:55:09.475917568,3,13968,82,35
40.943125,-102.619881,2026-08-10 02:55:09.475908096,3,14156,158,22
17.412898,-94.460343,2026-08-10 02:55:09.671370240,3,5497,256,36
41.772296,-89.153463,2026-08-10 02:55:09.956268544,3,14279,81,18
41.738943,-89.198755,2026-08-10 02:55:09.956347392,3,13015,101,50
41.768361,-89.205238,2026-08-10 02:55:09.956340736,3,11089,120,40
41.753207,-89.132898,2026-08-10 02:55:09.956339456,3,12910,99,28
22.80347,-85.900307,2026-08-10 02:55:10.539382272,3,6333,254,50
22.861201,-85.890126,2026-08-10 02:55:10.539454464,3,7025,252,65
22.904577,-85.907126,2026-08-10 02:55:10.575893248,3,10151,256,17
41.837068,-89.177327,2026-08-10 02:55:10.644356864,3,11878,96,24
40.921485,-102.54719,2026-08-10 02:55:11.545908224,3,9872,193,22
41.761703,-89.046654,2026-08-10 02:55:12.129358080,3,12434,79,58
41.76488,-89.103896,2026-08-10 02:55:12.129400576,3,12913,175,43
44.97499,-91.196773,2026-08-10 02:55:12.193210368,3,7918,123,25
41.840808,-89.144546,2026-08-10 02:55:12.518997504,3,6909,82,29
22.995684,-85.075008,2026-08-10 02:55:12.630833920,3,4787,248,37
41.797275,-89.276538,2026-08-10 02:55:13.80225024,3,12254,101,26
41.676811,-89.008263,2026-08-10 02:55:20.537929216,3,12496,93,61
41.724078,-89.135578,2026-08-10 02:55:20.537962752,3,12268,142,48
41.689098,-89.080425,2026-08-10 02:55:20.537974528,3,14507,174,34
41.685018,-89.749927,2026-08-10 02:55:20.821270016,3,11944,231,25
41.171651,-102.022248,2026-08-10 02:55:21.223007232,3,4138,158,110
41.201507,-102.03033,2026-08-10 02:55:21.223011840,3,13456,115,98
41.199442,-101.99616,2026-08-10 02:55:21.223034624,3,13653,117,85
41.214149,-101.952261,2026-08-10 02:55:21.223047680,3,12779,128,72
40.915624,-102.595796,2026-08-10 02:55:21.561744128,3,8439,107,23
41.713016,-89.001985,2026-08-10 02:55:28.999020288,3,8674,119,31
24.783489,-98.944846,2026-08-10 02:55:29.214596352,3,7238,254,32
41.684646,-89.044615,2026-08-10 02:55:29.482830592,3,14792,93,20
41.699155,-89.211062,2026-08-10 02:55:29.509099264,3,13658,91,23
40.83954,-102.620575,2026-08-10 02:55:29.698575104,3,12120,102,19
41.648913,-89.177066,2026-08-10 02:55:30.534076672,3,11863,77,58
41.66537,-89.21819,2026-08-10 02:55:30.534129408,3,7488,175,39
46.224155,-63.880192,2026-08-10 02:55:30.813304064,3,4320,245,40
46.23659,-63.867341,2026-08-10 02:55:30.813360640,3,6405,232,35
46.200592,-63.828733,2026-08-10 02:55:30.876923136,3,6475,245,46
46.227746,-63.845279,2026-08-10 02:55:30.876985088,3,7070,233,29
41.747541,-89.148797,2026-08-10 02:55:38.200459520,3,12848,92,40
41.702603,-89.454295,2026-08-10 02:55:38.200453888,3,10468,204,27
22.772207,-103.468743,2026-08-10 02:55:38.585681920,3,8334,182,15
41.30653,-88.983746,2026-08-10 02:55:38.634688256,3,9946,86,94
41.317684,-89.066952,2026-08-10 02:55:38.634681856,3,5396,248,74
41.321352,-89.094092,2026-08-10 02:55:38.634740736,3,9023,259,63
41.314676,-89.03378,2026-08-10 02:55:38.634756608,3,10696,124,46
22.830574,-103.459064,2026-08-10 02:55:38.639416576,3,10273,267,26
41.656089,-89.144097,2026-08-10 02:55:38.665858816,3,13666,99,28
41.669388,-89.170462,2026-08-10 02:55:38.665937664,3,9975,182,17
22.801507,-103.452427,2026-08-10 02:55:38.724272896,3,8679,242,51
41.749578,-89.229101,2026-08-10 02:55:38.756191232,3,12410,138,26
41.316886,-89.017902,2026-08-10 02:55:38.874159872,3,5431,92,50
41.320942,-89.039808,2026-08-10 02:55:38.874216704,3,6421,207,41
41.308027,-88.994265,2026-08-10 02:55:38.936682752,3,6957,86,43
41.324356,-89.053952,2026-08-10 02:55:38.936744448,3,7312,172,31
41.199997,-102.120974,2026-08-10 02:55:39.118757888,3,3864,165,140
41.208691,-102.098836,2026-08-10 02:55:39.118767360,3,4741,90,129
41.146043,-102.097977,2026-08-10 02:55:39.118786304,3,4126,132,111
41.852869,-89.111504,2026-08-10 02:55:46.345176064,3,14238,82,26
20.660985,-106.03396,2026-08-10 02:55:46.407727872,3,12229,267,53
20.711447,-106.049594,2026-08-10 02:55:46.407738880,3,4080,254,48
39.400214,-56.210301,2026-08-10 02:55:46.541654016,3,7725,182,28
40.902749,-102.484902,2026-08-10 02:55:46.843044864,3,11480,112,19
39.441682,-62.308156,2026-08-10 02:55:47.89624832,3,3704,221,50
41.816113,-89.159671,2026-08-10 02:55:47.139347712,3,5193,93,27
39.509606,-62.382055,2026-08-10 02:55:47.283446016,3,13487,210,46
38.869154,-61.483063,2026-08-10 02:55:54.283020544,3,10079,229,21
38.885656,-61.475482,2026-08-10 02:55:54.340062976,3,11614,205,41
38.846173,-61.393089,2026-08-10 02:55:54.340030976,3,5711,263,26
40.970692,-102.554998,2026-08-10 02:55:54.488165888,3,12021,106,58
40.9351,-102.485661,2026-08-10 02:55:54.488171520,3,9215,157,111
40.960577,-102.596075,2026-08-10 02:55:54.488156160,3,8496,248,98
40.956185,-102.504356,2026-08-10 02:55:54.488186624,3,7960,139,85
40.957872,-102.533677,2026-08-10 02:55:54.604116736,3,6846,106,98
40.960203,-102.658503,2026-08-10 02:55:54.604144128,3,10860,167,81
40.969195,-102.630835,2026-08-10 02:55:54.604137984,3,8317,172,68
41.826725,-89.117329,2026-08-10 02:56:01.822668288,3,12824,93,67
41.844553,-89.178011,2026-08-10 02:56:01.822721280,3,6880,238,50
41.835643,-89.142579,2026-08-10 02:56:01.822724096,3,8622,175,37
41.746493,-89.106174,2026-08-10 02:56:01.896072448,3,14783,81,37
41.616723,-89.164232,2026-08-10 02:56:01.900361472,3,4962,90,33
41.81889,-89.114853,2026-08-10 02:56:01.970070528,3,14300,81,39
41.809788,-89.124865,2026-08-10 02:56:01.970131456,3,8621,111,24
25.619862,-107.58347,2026-08-10 02:56:02.95904000,3,12159,234,16
40.844918,-102.51075,2026-08-10 02:56:02.265733376,3,8240,193,26
39.972262,-82.964951,2026-08-10 02:56:02.309003264,3,5537,107,14
39.966447,-82.96177,2026-08-10 02:56:02.347267840,3,8499,94,57
39.893879,-83.137323,2026-08-10 02:56:02.347272448,3,10491,252,39
39.962882,-82.956422,2026-08-10 02:56:02.347333888,3,7473,81,26
39.959335,-82.950963,2026-08-10 02:56:02.383688704,3,8069,75,59
39.984859,-82.855539,2026-08-10 02:56:02.383722240,3,11860,104,34
39.956257,-82.932638,2026-08-10 02:56:02.383748608,3,10646,118,20
35.488919,-80.028346,2026-08-10 02:56:02.417625600,3,8681,153,35
35.389641,-80.011775,2026-08-10 02:56:02.417666816,3,11114,141,27
40.867489,-102.60653,2026-08-10 02:56:02.431764736,3,14717,102,19
39.955433,-82.963612,2026-08-10 02:56:02.455691776,3,2919,184,66
39.963351,-82.969592,2026-08-10 02:56:02.455689728,3,11191,113,61
39.990469,-82.956612,2026-08-10 02:56:02.455702272,3,5372,192,46
39.941676,-82.910899,2026-08-10 02:56:02.455750144,3,10074,125,32
39.964376,-82.975304,2026-08-10 02:56:02.502750720,3,4771,94,45
39.938041,-83.121155,2026-08-10 02:56:02.502763776,3,10995,252,36
39.97724,-82.949093,2026-08-10 02:56:02.502812928,3,10920,115,22
39.97403,-82.972878,2026-08-10 02:56:02.599824384,3,8545,107,85
39.990362,-82.952768,2026-08-10 02:56:02.599840512,3,7716,186,64
39.999297,-82.958683,2026-08-10 02:56:02.599845376,3,6408,192,48
39.938625,-82.929416,2026-08-10 02:56:02.599883008,3,10914,125,34
24.415226,-99.093334,2026-08-10 02:56:02.677649664,3,7947,215,57
40.186873,-95.735704,2026-08-10 02:56:09.921753088,3,5819,155,23
40.182574,-95.759411,2026-08-10 02:56:09.921752832,3,8605,193,86
40.176652,-95.765615,2026-08-10 02:56:09.921761024,3,11982,141,69
40.201484,-95.736599,2026-08-10 02:56:09.921825280,3,8319,145,53
40.165753,-95.834808,2026-08-10 02:56:09.921794304,3,9197,266,38
40.146895,-95.717108,2026-08-10 02:56:09.921825024,3,6012,132,19
18.409519,-109.180632,2026-08-10 02:56:10.11342336,3,12488,247,22
41.80383,-89.260977,2026-08-10 02:56:10.46425600,3,13944,127,17
41.817336,-89.330545,2026-08-10 02:56:10.46495488,3,11034,188,29
40.006708,-82.657345,2026-08-10 02:56:10.194182400,3,14444,98,65
40.034884,-82.662577,2026-08-10 02:56:10.194191360,3,8615,192,47
39.977138,-82.644763,2026-08-10 02:56:10.194236416,3,10499,106,27
46.226584,-63.743619,2026-08-10 02:56:10.216614144,3,3826,259,53
46.219656,-64.032078,2026-08-10 02:56:10.216686336,3,11714,232,35
41.099902,-102.429629,2026-08-10 02:56:10.232354048,3,9191,106,36
41.094037,-102.466198,2026-08-10 02:56:10.232343040,3,10924,170,21
40.904435,-102.626188,2026-08-10 02:56:10.294176256,3,11621,107,22
40.2618,-95.590379,2026-08-10 02:56:10.344990976,3,8711,110,46
40.188077,-95.72174,2026-08-10 02:56:10.345025024,3,2624,233,34
40.178189,-95.700571,2026-08-10 02:56:10.345032448,3,9641,118,22
17.164788,-108.716379,2026-08-10 02:56:17.462393856,3,12666,255,61
39.467127,-59.863717,2026-08-10 02:56:17.470564608,3,8858,268,64
39.499103,-59.864039,2026-08-10 02:56:17.470582016,3,5291,256,56
41.682814,-89.130663,2026-08-10 02:56:17.668709888,3,13330,80,55
41.665305,-89.15628,2026-08-10 02:56:17.668786176,3,9082,118,37
41.671414,-89.167671,2026-08-10 02:56:17.668783104,3,6921,97,22
41.729415,-89.215708,2026-08-10 02:56:17.897331456,3,10904,80,36
41.71398,-89.237268,2026-08-10 02:56:17.897397760,3,7651,143,50
38.310409,-62.962924,2026-08-10 02:56:17.906535424,3,13780,249,22
49.739037,-101.508163,2026-08-10 02:56:17.926645760,3,7321,144,36
41.014768,-102.637074,2026-08-10 02:56:25.288290816,3,9247,159,17
39.508063,-59.884276,2026-08-10 02:56:25.655790080,3,5090,267,34
39.584,-60.053437,2026-08-10 02:56:25.655840256,3,6507,200,24
41.819293,-89.117897,2026-08-10 02:56:32.853960960,3,7817,82,25
41.819104,-89.146141,2026-08-10 02:56:33.3040000,3,12583,70,26
40.910252,-102.598886,2026-08-10 02:56:33.47415808,3,9080,262,27
23.661554,-104.13431,2026-08-10 02:56:33.332559616,3,7692,237,21
23.612177,-104.137589,2026-08-10 02:56:33.452612096,3,6785,237,37
23.611674,-104.130735,2026-08-10 02:56:33.452607744,3,7561,238,25
23.440802,-105.142552,2026-08-10 02:56:33.509721344,3,8720,240,30
40.819196,-102.574226,2026-08-10 02:56:33.555926528,3,11784,101,27
23.400961,-105.173825,2026-08-10 02:56:33.579499008,3,8784,242,42
41.370046,-88.968484,2026-08-10 02:56:33.667131392,3,7682,88,57
41.387602,-89.026577,2026-08-10 02:56:33.667185920,3,7155,193,37
41.679713,-89.13902,2026-08-10 02:56:41.762730240,3,12988,80,43
41.706022,-89.249896,2026-08-10 02:56:41.762788096,3,7554,175,43
41.660204,-89.197689,2026-08-10 02:56:41.762794496,3,12126,121,33
40.84809,-102.559646,2026-08-10 02:56:42.600612352,3,6068,101,24
25.897049,-82.388266,2026-08-10 02:56:42.636794880,3,3227,259,66
26.029773,-82.415624,2026-08-10 02:56:42.636887552,3,8849,269,60
25.985509,-82.38001,2026-08-10 02:56:42.636874752,3,6037,270,34
35.326476,-80.179499,2026-08-10 02:56:42.865773312,3,13829,264,26
35.424746,-80.010723,2026-08-10 02:56:42.865827584,3,13939,212,14
41.271367,-89.092554,2026-08-10 02:56:43.74123008,3,6256,86,35
27.031148,-106.309353,2026-08-10 02:56:51.376878592,3,13710,225,35
27.356983,-106.293124,2026-08-10 02:56:51.376990464,3,10317,267,36
41.797641,-89.209564,2026-08-10 02:56:51.420180480,3,9230,92,56
41.778424,-89.491779,2026-08-10 02:56:51.420178688,3,12005,191,45
41.781573,-89.186588,2026-08-10 02:56:51.420255488,3,4590,130,31
41.787062,-89.191914,2026-08-10 02:56:51.420256000,3,13556,101,15
44.899421,-88.355545,2026-08-10 02:56:51.469295616,3,13002,112,51
44.886749,-88.27019,2026-08-10 02:56:51.469314816,3,6773,231,42
44.819174,-88.193467,2026-08-10 02:56:51.469333248,3,5058,193,31
44.826565,-88.179292,2026-08-10 02:56:51.469333248,3,10601,120,17
41.83101,-89.284329,2026-08-10 02:56:51.489802240,3,11691,145,19
38.389771,-62.39461,2026-08-10 02:56:51.978424320,3,4613,211,36
38.382212,-62.313494,2026-08-10 02:56:51.978460160,3,4349,269,28
38.451526,-62.437465,2026-08-10 02:56:52.12219136,3,3636,264,24
38.424618,-62.41943,2026-08-10 02:56:52.33318400,3,5815,251,22
38.489088,-62.485057,2026-08-10 02:56:52.56624128,3,12663,210,51
38.436704,-62.430582,2026-08-10 02:56:52.56647424,3,3102,257,36
38.436548,-62.42459,2026-08-10 02:56:52.111122944,3,4093,250,25
38.436619,-62.419,2026-08-10 02:56:52.297782272,3,4290,260,37
38.454982,-62.441322,2026-08-10 02:56:52.297790208,3,4973,226,18
41.00053,-102.496079,2026-08-10 02:56:52.478499328,3,6873,192,20
41.800915,-89.224681,2026-08-10 02:56:52.708740608,3,5171,92,29
41.666127,-89.100164,2026-08-10 02:56:52.897473024,3,6163,111,30
24.641127,-98.92507,2026-08-10 02:56:52.973364224,3,10214,252,35
35.357607,-80.022487,2026-08-10 02:56:59.990273024,3,10899,96,56
35.358208,-80.019965,2026-08-10 02:56:59.990342144,3,12695,133,36
35.417788,-80.045629,2026-08-10 02:56:59.990349568,3,12023,215,17
35.370201,-80.023848,2026-08-10 02:57:00.42709504,3,9557,190,62
35.394434,-80.031599,2026-08-10 02:57:00.42778880,3,5048,209,41
35.38037,-80.03009,2026-08-10 02:57:00.42775552,3,5341,153,28
41.72139,-88.981511,2026-08-10 02:57:01.16588800,3,11354,102,56
41.740451,-89.079054,2026-08-10 02:57:01.16646400,3,7851,187,42
40.893329,-102.669651,2026-08-10 02:57:01.227607040,3,10763,157,24
41.888973,-89.111964,2026-08-10 02:57:01.279746048,3,12458,120,23
41.802943,-89.09524,2026-08-10 02:57:01.462416896,3,5238,137,84
41.799101,-89.121992,2026-08-10 02:57:01.462429184,3,13157,80,69
41.669856,-89.473254,2026-08-10 02:57:08.621492480,3,10673,110,25
41.614112,-89.199683,2026-08-10 02:57:09.169515520,3,9412,79,18
41.700493,-89.137818,2026-08-10 02:57:09.355208704,3,10005,92,49
41.731595,-89.214503,2026-08-10 02:57:09.355271936,3,10887,184,35
41.698445,-89.175964,2026-08-10 02:57:09.355276800,3,5730,101,21
41.288367,-101.965,2026-08-10 02:57:10.29824768,3,12234,104,88
41.338684,-101.892462,2026-08-10 02:57:10.29863680,3,12195,84,71
41.281545,-101.896341,2026-08-10 02:57:10.29855744,3,12441,120,57
41.291196,-102.016944,2026-08-10 02:57:10.29881600,3,6614,101,44
41.269189,-89.107019,2026-08-10 02:57:10.195755776,3,7015,84,36
41.273063,-89.127569,2026-08-10 02:57:10.195824640,3,9168,101,19
41.270007,-89.101999,2026-08-10 02:57:10.387019264,3,8311,84,38
41.27274,-89.115595,2026-08-10 02:57:10.387090944,3,12556,84,27
40.772026,-81.971757,2026-08-10 02:57:10.467958272,3,5693,151,32
40.932657,-102.549919,2026-08-10 02:57:10.512306688,3,9428,193,30
40.734811,-81.941027,2026-08-10 02:57:10.533307136,3,9917,94,64
40.722225,-81.946696,2026-08-10 02:57:10.533310720,3,3744,99,51
40.775754,-81.944555,2026-08-10 02:57:10.533389568,3,12317,184,37
40.721562,-81.927351,2026-08-10 02:57:10.533376512,3,8765,111,25
41.832419,-88.953031,2026-08-10 02:57:10.733363200,3,5666,133,37
40.861554,-102.558412,2026-08-10 02:57:10.738595328,3,12430,191,18
40.994099,-102.618502,2026-08-10 02:57:10.925148160,3,4616,174,20
41.597257,-89.259827,2026-08-10 02:57:10.957630720,3,9190,78,32
40.960511,-102.47028,2026-08-10 02:57:10.958724864,3,5829,163,63
41.03286,-102.390358,2026-08-10 02:57:10.958762752,3,6793,88,59
41.701739,-89.09851,2026-08-10 02:57:18.845886208,3,14433,81,20
41.692636,-89.154686,2026-08-10 02:57:18.845966848,3,14790,102,20
41.806904,-89.099478,2026-08-10 02:57:18.883061248,3,9396,82,55
41.819237,-89.175668,2026-08-10 02:57:18.883124480,3,10896,184,37
41.800684,-89.125412,2026-08-10 02:57:18.883124736,3,12678,120,23
41.816704,-89.093518,2026-08-10 02:57:19.51682304,3,10969,82,28
41.017595,-102.265306,2026-08-10 02:57:19.216473600,3,12839,185,62
40.996846,-102.53566,2026-08-10 02:57:19.216465408,3,6058,248,49
40.975352,-102.471903,2026-08-10 02:57:19.216485376,3,11555,127,36
41.819081,-89.134428,2026-08-10 02:57:19.279767296,3,10869,93,25
23.027537,-103.423757,2026-08-10 02:57:19.660895232,3,11850,255,78
23.051283,-103.421697,2026-08-10 02:57:19.660907008,3,12087,238,70
22.974276,-103.467713,2026-08-10 02:57:19.899980800,3,14211,241,28
20.871739,-105.955246,2026-08-10 02:57:20.21572096,3,5483,251,45
20.928618,-105.921741,2026-08-10 02:57:20.153265920,3,6800,258,33
41.642184,-89.148024,2026-08-10 02:57:20.350673152,3,12771,238,23
40.767352,-102.477285,2026-08-10 02:57:28.101516288,3,12687,154,44
40.737945,-102.375899,2026-08-10 02:57:28.101541120,3,9984,133,30
38.880708,-61.513333,2026-08-10 02:57:28.137367040,3,10657,265,25
38.895083,-61.474107,2026-08-10 02:57:28.148222208,3,13179,226,83
38.873251,-61.482719,2026-08-10 02:57:28.148230144,3,9592,245,63
38.878139,-61.444987,2026-08-10 02:57:28.148278528,3,10312,259,50
38.817985,-61.547251,2026-08-10 02:57:28.148304896,3,8883,156,36
38.899369,-61.507243,2026-08-10 02:57:28.213083904,3,6199,204,43
38.949606,-61.571169,2026-08-10 02:57:28.213102336,3,5526,258,30
40.717702,-102.627179,2026-08-10 02:57:28.399208448,3,13592,154,27
38.904,-61.502557,2026-08-10 02:57:28.687424256,3,10658,204,33
38.944019,-61.567908,2026-08-10 02:57:28.687444736,3,5027,265,24
38.913176,-61.520319,2026-08-10 02:57:28.895966208,3,8521,204,30
38.950246,-61.562262,2026-08-10 02:57:28.895986688,3,3172,257,30
41.688064,-89.170122,2026-08-10 02:57:28.940526848,3,10646,91,19
40.898403,-102.491657,2026-08-10 02:57:29.416886272,3,10612,193,22
25.72666,-107.477824,2026-08-10 02:57:29.753373440,3,5893,186,67
25.728225,-107.508084,2026-08-10 02:57:29.753421568,3,7592,248,62
41.691904,-89.162971,2026-08-10 02:57:30.186120192,3,8962,80,51
41.718324,-89.21106,2026-08-10 02:57:30.186180096,3,8498,184,37
41.690143,-89.183926,2026-08-10 02:57:30.186180864,3,4545,101,21
39.474893,-59.829084,2026-08-10 02:57:30.297118208,3,8004,205,39
55.306344,-118.500406,2026-08-10 02:57:30.502031872,3,12982,198,30
40.889643,-102.607512,2026-08-10 02:57:30.654062848,3,5010,157,26
40.86279,-102.596467,2026-08-10 02:57:30.654070272,3,14623,253,13
21.175146,-100.733335,2026-08-10 02:57:30.841892096,3,5299,246,32
21.145594,-100.737641,2026-08-10 02:57:30.845086464,3,7207,241,26
41.265094,-89.07901,2026-08-10 02:57:38.941286656,3,5885,86,62
41.252766,-89.09588,2026-08-10 02:57:38.941362688,3,12388,105,44
41.278015,-89.125177,2026-08-10 02:57:38.941349376,3,4477,173,34
41.287589,-89.14488,2026-08-10 02:57:38.941347072,3,5358,173,19
41.264248,-89.08495,2026-08-10 02:57:39.269103360,3,7436,86,41
41.287867,-89.150369,2026-08-10 02:57:39.269164800,3,6615,173,26
41.265162,-89.087767,2026-08-10 02:57:39.307424256,3,7487,86,28
41.273072,-89.111791,2026-08-10 02:57:39.307493120,3,10191,100,18
41.262431,-89.104607,2026-08-10 02:57:39.387288576,3,12971,76,64
41.285763,-89.146572,2026-08-10 02:57:39.387336960,3,5980,207,47
41.261841,-89.091726,2026-08-10 02:57:39.470000640,3,9283,82,30
41.271107,-89.109228,2026-08-10 02:57:39.470070784,3,10807,100,18
40.962126,-102.524534,2026-08-10 02:57:39.573647360,3,14385,106,100
40.948183,-102.574862,2026-08-10 02:57:39.573646080,3,6674,193,81
46.469439,-63.704419,2026-08-10 02:57:46.600179456,3,8492,246,30
14.925127,-106.036022,2026-08-10 02:57:46.957294080,3,4643,270,38
41.805984,-89.109675,2026-08-10 02:57:47.149462016,3,9159,82,44
41.812845,-89.152157,2026-08-10 02:57:47.149525248,3,8237,175,30
21.007945,-105.908351,2026-08-10 02:57:48.51182592,3,4663,255,37
26.297674,-105.63564,2026-08-10 02:57:48.442162432,3,11296,246,31
40.996683,-102.544016,2026-08-10 02:57:48.761576960,3,9296,158,16
46.22147,-63.822494,2026-08-10 02:57:48.807738368,3,10924,233,24
46.20415,-63.894961,2026-08-10 02:57:48.891604480,3,6602,208,34
46.199008,-63.862259,2026-08-10 02:57:48.891651840,3,6288,232,20
41.086728,-102.656081,2026-08-10 02:57:48.941590272,3,11768,134,41
46.21067,-63.850317,2026-08-10 02:57:48.952868352,3,3373,245,41
46.213593,-63.832178,2026-08-10 02:57:48.952924928,3,7047,233,27
46.208338,-63.842242,2026-08-10 02:57:49.73396480,3,4016,245,48
46.224613,-63.798798,2026-08-10 02:57:49.73454080,3,14332,233,34
39.548704,-60.022825,2026-08-10 02:57:56.233273344,3,5511,229,53
39.518524,-59.918077,2026-08-10 02:57:56.233299968,3,6916,185,29
39.471242,-59.842557,2026-08-10 02:57:56.298269440,3,7270,205,34
39.538075,-59.917515,2026-08-10 02:57:56.298290944,3,5814,185,23
39.493467,-59.864453,2026-08-10 02:57:56.329937152,3,3342,268,21
41.746793,-89.486558,2026-08-10 02:58:03.561441792,3,9862,192,42
41.747022,-89.140023,2026-08-10 02:58:03.561538816,3,9616,175,28
41.723581,-89.077196,2026-08-10 02:58:03.685673728,3,12554,92,33
40.931595,-102.614038,2026-08-10 02:58:04.33571584,3,7031,157,30
40.895247,-102.57235,2026-08-10 02:58:04.33590528,3,11079,176,15
41.68296,-89.114067,2026-08-10 02:58:04.208366336,3,6514,135,32
40.952308,-102.621047,2026-08-10 02:58:04.377226240,3,6169,158,27
41.611074,-89.271848,2026-08-10 02:58:04.383923968,3,12404,89,27
38.385365,-62.791848,2026-08-10 02:58:11.644791552,3,13298,193,35
38.411655,-62.82722,2026-08-10 02:58:11.644806656,3,5451,263,20
41.08736,-102.413311,2026-08-10 02:58:11.878493184,3,9859,192,24
41.718206,-89.231866,2026-08-10 02:58:12.142919168,3,11394,91,84
41.699057,-89.246698,2026-08-10 02:58:12.142924032,3,6926,112,66
41.715947,-89.262432,2026-08-10 02:58:12.142981632,3,9031,220,52
41.721947,-89.253003,2026-08-10 02:58:12.142976256,3,10212,120,37
32.329282,-112.18843,2026-08-10 02:58:12.184182272,3,13172,183,24
41.751341,-89.163953,2026-08-10 02:58:12.204068864,3,11849,93,38
41.781627,-89.157124,2026-08-10 02:58:12.204126720,3,9275,103,24
34.062523,-70.017826,2026-08-10 02:58:12.288178176,3,4990,230,58
33.938791,-69.934405,2026-08-10 02:58:12.288186112,3,10627,227,43
34.010448,-69.989734,2026-08-10 02:58:12.288206848,3,6111,249,28
40.91516,-102.532871,2026-08-10 02:58:12.347952128,3,4025,163,101
40.910433,-102.505733,2026-08-10 02:58:12.347956992,3,4810,99,104
40.899874,-102.542241,2026-08-10 02:58:12.347964160,3,8595,133,90
40.865907,-102.572167,2026-08-10 02:58:19.790732800,3,9241,156,29
40.834946,-102.495727,2026-08-10 02:58:19.790758400,3,14387,175,16
41.697494,-89.25429,2026-08-10 02:58:19.985826304,3,12069,79,88
41.700354,-89.322039,2026-08-10 02:58:19.985823488,3,13582,166,66
41.685388,-89.294719,2026-08-10 02:58:19.985897984,3,10015,119,48
41.713098,-89.317704,2026-08-10 02:58:19.985891584,3,4217,175,30
41.812756,-89.087931,2026-08-10 02:58:20.286414080,3,14457,82,37
41.709983,-89.206892,2026-08-10 02:58:20.289426176,3,7323,88,36
41.666966,-89.504645,2026-08-10 02:58:20.289427712,3,14719,192,31
41.698423,-89.235859,2026-08-10 02:58:20.289494784,3,7426,101,22
41.813044,-89.087561,2026-08-10 02:58:20.306206208,3,13235,94,20
23.676819,-104.119977,2026-08-10 02:58:20.633790464,3,7154,253,42
23.632064,-104.121665,2026-08-10 02:58:20.633776384,3,6249,236,42
22.992489,-84.829622,2026-08-10 02:58:20.766336512,3,2845,258,54
26.223473,-83.002605,2026-08-10 02:58:21.789982208,3,8359,208,37
26.26839,-83.020273,2026-08-10 02:58:21.796028160,3,6177,258,59
26.273707,-83.017669,2026-08-10 02:58:21.796028416,3,2524,263,103
22.709192,-85.012004,2026-08-10 02:58:29.39248128,3,6180,254,21
40.819709,-81.90894,2026-08-10 02:58:29.928876288,3,11778,123,26
41.903295,-89.203821,2026-08-10 02:58:30.659900416,3,14067,132,30
41.817528,-89.089737,2026-08-10 02:58:30.659923968,3,10905,110,16
40.975053,-102.425123,2026-08-10 02:58:31.197067520,3,6771,158,69
40.9173,-102.371752,2026-08-10 02:58:31.197071360,3,10813,157,70
40.938362,-102.55386,2026-08-10 02:58:31.197084672,3,14794,136,55
38.388965,-63.023504,2026-08-10 02:58:32.288937216,3,12579,204,38
38.355735,-62.992488,2026-08-10 02:58:32.288979200,3,3339,255,26
38.348281,-62.919732,2026-08-10 02:58:32.364770816,3,6393,263,28
41.278019,-88.931051,2026-08-10 02:58:32.374054144,3,7493,65,49
41.278469,-88.980778,2026-08-10 02:58:32.374117632,3,8549,206,49
23.034218,-103.586447,2026-08-10 02:58:32.385669888,3,8058,254,20
38.30774,-62.972728,2026-08-10 02:58:32.437536768,3,5245,263,24
38.353044,-63.134342,2026-08-10 02:58:33.51171072,3,3442,259,77
41.798569,-89.105882,2026-08-10 02:58:40.649516288,3,10082,81,52
41.814931,-89.158343,2026-08-10 02:58:40.649572096,3,8727,184,36
41.790172,-89.128608,2026-08-10 02:58:40.649569024,3,8462,120,20
25.794269,-82.403905,2026-08-10 02:58:40.762077952,3,11209,209,39
41.587908,-89.031081,2026-08-10 02:58:41.79223040,3,6892,91,40
41.582585,-89.085788,2026-08-10 02:58:41.79299584,3,11107,100,26
41.32487,-88.957805,2026-08-10 02:58:41.223077120,3,6344,88,26
41.559197,-89.237893,2026-08-10 02:58:41.404656128,3,9993,132,20
41.586867,-89.299701,2026-08-10 02:58:41.404720128,3,4026,175,25
41.730881,-89.090384,2026-08-10 02:58:41.910483712,3,13559,92,29
41.71848,-89.149172,2026-08-10 02:58:41.910553344,3,5916,101,16
40.866714,-102.592276,2026-08-10 02:58:41.936068096,3,5144,156,31
40.856558,-102.605541,2026-08-10 02:58:42.135702272,3,13612,143,14
35.389982,-79.976865,2026-08-10 02:58:42.644828416,3,7133,165,61
35.391394,-80.015237,2026-08-10 02:58:42.644889088,3,8896,165,42
35.418556,-80.002438,2026-08-10 02:58:42.644896256,3,5318,204,29
35.388705,-79.965831,2026-08-10 02:58:42.696344064,3,6267,115,37
35.398892,-79.9966,2026-08-10 02:58:42.696410880,3,4675,156,26
35.4149,-79.999235,2026-08-10 02:58:42.696413440,3,7755,156,14
35.392703,-79.985713,2026-08-10 02:58:42.749890560,3,6649,190,50
35.368524,-79.973165,2026-08-10 02:58:42.749948416,3,6023,133,37
35.405844,-79.980719,2026-08-10 02:58:42.749958400,3,8845,152,24
40.736196,-82.109869,2026-08-10 02:58:50.289766400,3,12910,140,29
40.832762,-81.934503,2026-08-10 02:58:50.289821952,3,8063,240,29
40.852225,-102.50709,2026-08-10 02:58:50.537877504,3,10208,165,31
40.913099,-102.483888,2026-08-10 02:58:50.753065728,3,13761,102,22
41.832009,-89.288092,2026-08-10 02:58:50.814391040,3,14449,80,24
38.679429,-63.081846,2026-08-10 02:58:51.621593856,3,5953,202,33
38.63602,-63.003029,2026-08-10 02:58:51.621566208,3,3022,255,19
41.051497,-102.47961,2026-08-10 02:58:51.958388224,3,3765,164,85
41.051528,-102.512267,2026-08-10 02:58:51.958381056,3,6577,192,73
41.028153,-102.502934,2026-08-10 02:58:51.958444288,3,8041,142,52
40.789415,-90.114135,2026-08-10 02:58:52.434076672,3,13515,63,32
40.782425,-90.173602,2026-08-10 02:58:52.434126080,3,9629,106,17
46.227354,-63.657633,2026-08-10 02:58:53.266316288,3,8332,261,29
26.445262,-82.973533,2026-08-10 02:58:53.466440960,3,14485,262,50
26.382799,-83.009712,2026-08-10 02:58:53.466401024,3,2610,258,37
43.026171,1.053423,2026-08-10 02:55:02.423913728,4,10953,269,24
44.700876,4.413823,2026-08-10 02:55:16.542873344,4,13089,144,45
44.700564,4.412349,2026-08-10 02:55:16.567847168,4,14925,144,40
44.634564,4.272474,2026-08-10 02:55:16.596430592,4,9176,258,36
44.766547,4.487037,2026-08-10 02:55:21.64153600,4,10343,153,52
44.809662,4.477031,2026-08-10 02:55:21.64213504,4,14868,209,34
41.366092,1.178351,2026-08-10 02:55:32.619178240,4,11123,181,28
20.52676,132.963748,2026-08-10 02:56:42.203403264,4,7758,222,20
43.574557,0.434517,2026-08-10 02:56:53.738710272,4,13648,154,17
45.130018,4.336324,2026-08-10 02:57:01.47052032,4,8821,256,50
45.259775,4.388751,2026-08-10 02:57:01.89063680,4,10497,162,49
46.582304,36.495701,2026-08-10 02:57:08.191480320,4,12388,183,24
45.115689,-2.387139,2026-08-10 02:57:10.508248064,4,14843,184,34
41.701432,-89.365088,2026-08-10 02:58:12.142948096,4,11954,100,20
46.710355,36.249893,2026-08-10 02:58:42.736630528,4,8481,239,27
45.361745,-2.311838,2026-08-10 02:58:47.146937600,4,12128,166,23
26.479478,-82.61188,2026-08-10 02:55:31.461194496,7,3061,263,33
17.216572,-94.334931,2026-08-10 02:55:48.760121344,7,8215,257,15
23.118297,-85.053299,2026-08-10 02:55:48.960175872,7,10539,249,12
22.787034,-103.484902,2026-08-10 02:55:59.826263296,7,10776,256,17
22.812704,-103.328544,2026-08-10 02:55:59.826312960,7,13598,258,14
22.555453,-85.040345,2026-08-10 02:56:24.231781632,7,10423,259,14
23.135373,-99.259444,2026-08-10 02:56:24.242641920,7,7341,245,21
17.427111,-94.449958,2026-08-10 02:56:24.793556992,7,9049,256,11
24.37119,-99.199926,2026-08-10 02:56:37.391938560,7,13910,219,12
26.341298,-82.63901,2026-08-10 02:56:40.40661504,7,4487,241,30
25.308136,-107.21706,2026-08-10 02:56:49.636008192,7,14794,190,22
21.59362,-79.756632,2026-08-10 02:56:59.729477376,7,2182,254,23
19.346804,-99.44183,2026-08-10 02:57:07.612299264,7,12448,177,12
23.022884,-103.432571,2026-08-10 02:57:19.660889088,7,6089,253,18
22.822017,-85.892594,2026-08-10 02:57:23.595218432,7,3935,249,21
22.797755,-85.926762,2026-08-10 02:57:23.595207424,7,5045,196,14
26.575555,-106.15107,2026-08-10 02:57:57.546472960,7,6358,186,26
18.111643,-94.470598,2026-08-10 02:58:04.685044992,7,6706,250,12
23.624351,-104.137014,2026-08-10 02:58:20.633772800,7,9902,252,15
23.554442,-84.943752,2026-08-10 02:58:20.766548480,7,9912,258,14
26.287032,-83.028913,2026-08-10 02:58:21.796032512,7,5107,257,25
26.240323,-83.004322,2026-08-10 02:58:21.796022016,7,8335,264,28
26.338486,-82.990619,2026-08-10 02:58:21.796098304,7,7063,235,17
26.08322,-82.908949,2026-08-10 02:58:21.968111360,7,8964,200,13
17.413277,-94.418957,2026-08-10 02:58:55.171140096,7,10164,254,12
24.375452,-99.262913,2026-08-10 02:58:55.709271296,7,5492,216,23
24.448814,-99.178079,2026-08-10 02:58:55.709306880,7,9432,238,17
24.408247,-99.187063,2026-08-10 02:58:55.783887360,7,5908,216,11
23.073515,-84.92683,2026-08-10 02:58:56.335589632,7,5426,250,30
23.138377,-84.959127,2026-08-10 02:58:56.335662848,7,3339,211,21
13.368135,-7.984359,2026-08-10 02:57:48.974353920,5,10856,220,55
11.115773,-13.269733,2026-08-10 02:58:51.244914176,5,6463,261,41
26.83632,160.725328,2026-08-10 02:56:02.497057280,9,8498,201,25
20.78317,129.932222,2026-08-10 02:56:26.562065664,9,9556,175,52
24.188048,135.652042,2026-08-10 02:56:42.204978688,9,8785,245,20
20.872234,130.05866,2026-08-10 02:56:46.879581952,9,12827,269,17
21.795732,129.690448,2026-08-10 02:59:00.898187776,9,9517,263,24
41.00687,-102.604424,2026-08-10 02:55:00.87402496,13,11241,167,49
40.969967,-102.597729,2026-08-10 02:55:00.87419904,13,9960,141,32
41.634596,-89.229051,2026-08-10 02:55:00.651764992,13,12690,79,18
41.015071,-102.460058,2026-08-10 02:55:01.572437504,13,7161,106,88
41.080024,-102.355295,2026-08-10 02:55:01.572479488,13,7434,169,70
24.391169,-99.084462,2026-08-10 02:55:01.812792832,13,10826,224,54
35.425397,-79.981468,2026-08-10 02:55:02.424670464,13,8972,231,26
35.431623,-79.972944,2026-08-10 02:55:02.424671744,13,7846,231,18
40.775447,-81.467977,2026-08-10 02:55:03.344109568,13,7786,104,23
41.64633,-89.902625,2026-08-10 02:55:03.579437568,13,13336,249,26
41.703399,-89.205466,2026-08-10 02:55:03.699982336,13,8735,93,32
41.679639,-89.170862,2026-08-10 02:55:05.81256704,13,9512,80,30
41.769186,-89.108649,2026-08-10 02:55:05.84203776,13,13631,81,32
41.733604,-89.28083,2026-08-10 02:55:05.339399168,13,14076,69,26
41.258048,-102.194988,2026-08-10 02:55:06.187745792,13,14838,123,71
41.181922,-102.151578,2026-08-10 02:55:06.187828480,13,9846,196,58
40.445172,-81.822694,2026-08-10 02:55:06.406741504,13,6142,255,36
40.508789,-81.680351,2026-08-10 02:55:06.406792704,13,9653,144,45
35.033963,-81.118429,2026-08-10 02:55:06.835692800,13,10173,69,98
35.033756,-81.163684,2026-08-10 02:55:06.835685888,13,8195,157,75
34.680928,-80.997153,2026-08-10 02:55:06.835644672,13,11958,267,57
35.051635,-81.114205,2026-08-10 02:55:06.835754240,13,12088,155,44
35.014737,-81.135489,2026-08-10 02:55:06.868702208,13,9405,118,47
34.460116,-82.29294,2026-08-10 02:55:07.474104832,13,7697,147,46
34.471524,-82.318532,2026-08-10 02:55:07.474161664,13,4003,175,38
34.440338,-82.359515,2026-08-10 02:55:07.826063104,13,9389,146,38
34.482517,-82.381083,2026-08-10 02:55:07.826135552,13,9280,163,25
41.719335,-89.141591,2026-08-10 02:55:08.4608768,13,9561,91,52
41.710146,-89.183701,2026-08-10 02:55:08.4666112,13,5153,211,42
41.801291,-89.441899,2026-08-10 02:55:08.579004928,13,14349,164,36
40.97873,-102.565937,2026-08-10 02:55:09.475917568,13,13969,82,34
40.966895,-102.600664,2026-08-10 02:55:09.475914752,13,12102,162,19
41.777311,-89.157254,2026-08-10 02:55:09.956267008,13,14781,56,76
22.803467,-85.900309,2026-08-10 02:55:10.539382272,13,6334,254,80
41.837063,-89.177303,2026-08-10 02:55:10.644356864,13,11877,96,24
40.935468,-102.557434,2026-08-10 02:55:11.545901824,13,7495,193,22
41.771927,-89.055373,2026-08-10 02:55:12.129412096,13,14821,174,43
22.987802,-85.072674,2026-08-10 02:55:12.630830848,13,3890,248,37
35.398984,-80.670874,2026-08-10 02:55:15.712772096,13,11937,136,33
35.486887,-80.57259,2026-08-10 02:55:15.712811520,13,13740,81,20
41.620941,-89.33711,2026-08-10 02:55:15.999659776,13,8737,132,32
41.626831,-89.237109,2026-08-10 02:55:15.999686912,13,12534,92,29
18.720888,-94.311252,2026-08-10 02:55:16.265028352,13,11848,249,81
41.832411,-89.264524,2026-08-10 02:55:17.147192320,13,10320,92,18
24.327378,-99.290277,2026-08-10 02:55:18.64593152,13,6433,195,38
24.472567,-99.180475,2026-08-10 02:55:18.234834688,13,5885,247,32
21.735323,-105.296379,2026-08-10 02:55:18.674878976,13,14984,247,30
23.426619,-105.152816,2026-08-10 02:55:19.894796032,13,3721,262,31
40.948615,-102.577852,2026-08-10 02:55:20.49009920,13,5198,193,22
41.676815,-89.008276,2026-08-10 02:55:20.537929216,13,12496,93,59
41.76441,-89.251171,2026-08-10 02:55:20.537929216,13,10934,238,46
41.685012,-89.749894,2026-08-10 02:55:20.821270016,13,11945,231,26
41.152922,-102.006711,2026-08-10 02:55:21.223007744,13,6210,163,107
41.759539,-89.142788,2026-08-10 02:55:22.679573504,13,8541,83,36
41.756836,-89.171828,2026-08-10 02:55:22.679568128,13,5803,194,28
40.79686,-102.412219,2026-08-10 02:55:23.89313792,13,14339,122,71
40.801981,-102.503764,2026-08-10 02:55:23.89345536,13,8618,171,55
38.381758,-62.790001,2026-08-10 02:55:23.499544576,13,9373,259,22
38.400056,-62.807185,2026-08-10 02:55:23.554924544,13,6429,205,29
38.415281,-62.779054,2026-08-10 02:55:23.627285760,13,7924,206,29
38.350964,-62.844335,2026-08-10 02:55:23.797430528,13,8725,206,31
38.398799,-62.879416,2026-08-10 02:55:23.797511936,13,6732,256,36
41.75551,-89.289547,2026-08-10 02:55:23.885142784,13,4913,127,28
41.700977,-89.214783,2026-08-10 02:55:25.587493120,13,12766,76,63
41.688659,-89.269985,2026-08-10 02:55:25.587547392,13,3547,262,44
41.665416,-89.320684,2026-08-10 02:55:26.950297856,13,10146,107,34
40.977281,-102.48971,2026-08-10 02:55:28.388881152,13,14382,104,43
40.85612,-102.551457,2026-08-10 02:55:28.388923904,13,5530,180,26
41.701233,-89.021505,2026-08-10 02:55:28.999026944,13,13152,81,26
41.64634,-89.188629,2026-08-10 02:55:30.534079488,13,9011,92,45
41.65283,-89.207482,2026-08-10 02:55:30.534134784,13,9418,187,39
46.220547,-63.868171,2026-08-10 02:55:30.813302016,13,4862,245,49
46.221582,-63.847331,2026-08-10 02:55:30.813359104,13,9987,233,35
46.206735,-63.901863,2026-08-10 02:55:30.876937216,13,4522,208,31
26.457934,-82.613702,2026-08-10 02:55:31.461186560,13,6402,262,63
26.517289,-82.620077,2026-08-10 02:55:31.519607296,13,9740,224,29
26.977125,-82.901896,2026-08-10 02:55:31.528486656,13,12620,269,30
26.867918,-82.787073,2026-08-10 02:55:31.568943360,13,6409,260,34
41.162058,-102.463101,2026-08-10 02:55:31.923296256,13,13105,196,41
41.171108,-102.308688,2026-08-10 02:55:31.923340032,13,8605,125,29
32.032698,-89.171336,2026-08-10 02:55:32.252616960,13,10269,139,34
41.682174,-89.141008,2026-08-10 02:55:32.255462144,13,7052,91,33
41.699916,-89.20132,2026-08-10 02:55:32.255521024,13,6176,187,20
40.832868,-102.394801,2026-08-10 02:55:32.556598784,13,7561,162,25
41.717489,-89.224311,2026-08-10 02:55:33.82565376,13,11813,97,71
41.727516,-89.323093,2026-08-10 02:55:33.82611200,13,8948,143,53
19.864714,-104.185989,2026-08-10 02:55:33.109384448,13,8443,260,45
41.822782,-89.132862,2026-08-10 02:55:33.378322176,13,4715,93,27
41.822889,-89.13502,2026-08-10 02:55:33.481231872,13,11119,263,20
21.629443,-103.88789,2026-08-10 02:55:34.538139904,13,9069,245,36
40.967117,-102.402535,2026-08-10 02:55:34.673859840,13,6856,163,93
40.975878,-102.413832,2026-08-10 02:55:34.673862656,13,9620,158,82
41.002845,-102.485369,2026-08-10 02:55:34.932093952,13,6854,162,36
40.997373,-102.529025,2026-08-10 02:55:36.715282432,13,14222,103,20
41.074152,-102.50062,2026-08-10 02:55:36.731260672,13,10510,104,43
44.831235,-90.307366,2026-08-10 02:55:36.862098176,13,7406,146,27
41.711713,-89.219254,2026-08-10 02:55:37.472157952,13,10028,91,71
41.719456,-89.285212,2026-08-10 02:55:37.472209408,13,7199,238,51
41.776855,-89.294704,2026-08-10 02:55:38.200511232,13,10893,77,28
41.758465,-89.220778,2026-08-10 02:55:38.200526592,13,10987,130,20
41.280422,-89.008575,2026-08-10 02:55:38.634704128,13,7173,165,59
41.308316,-89.06611,2026-08-10 02:55:38.634686208,13,8609,196,73
41.194343,-102.079518,2026-08-10 02:55:39.118769664,13,5592,107,65
41.151009,-102.09173,2026-08-10 02:55:39.118782464,13,8753,118,112
41.642164,-89.326098,2026-08-10 02:55:39.542413568,13,13317,131,39
40.927617,-102.509847,2026-08-10 02:55:40.670247168,13,12082,110,27
41.113506,-102.662266,2026-08-10 02:55:40.940796672,13,12223,105,30
41.078311,-102.604145,2026-08-10 02:55:40.940819712,13,9945,142,18
22.93332,-85.115806,2026-08-10 02:55:42.25135104,13,10942,247,18
40.481596,-81.62026,2026-08-10 02:55:42.666193408,13,9213,80,39
40.612976,-81.603005,2026-08-10 02:55:42.666295296,13,8553,235,25
41.832344,-89.222286,2026-08-10 02:55:42.736237312,13,14092,81,21
41.817557,-89.465594,2026-08-10 02:55:42.827265280,13,10199,144,24
41.816606,-89.138246,2026-08-10 02:55:42.993215488,13,14255,75,41
41.817917,-89.146994,2026-08-10 02:55:42.993271040,13,8519,120,23
39.483156,-59.912013,2026-08-10 02:55:44.437430784,13,7337,263,42
22.763787,-105.913838,2026-08-10 02:55:44.714277888,13,7472,244,43
41.576473,-89.175993,2026-08-10 02:55:44.764711168,13,11046,78,16
23.022374,-103.426933,2026-08-10 02:55:44.946391552,13,9323,255,38
20.757498,-106.019749,2026-08-10 02:55:46.407759872,13,6117,259,63
40.902758,-102.484895,2026-08-10 02:55:46.843044864,13,11479,112,15
39.432476,-62.345574,2026-08-10 02:55:47.89633280,13,3438,210,71
39.438638,-62.33416,2026-08-10 02:55:47.89641216,13,11467,255,54
39.515043,-62.388618,2026-08-10 02:55:47.283447296,13,9693,210,50
39.484028,-62.335036,2026-08-10 02:55:47.283486720,13,3174,253,37
40.941055,-102.327406,2026-08-10 02:55:47.742965760,13,8350,119,62
40.88144,-102.304818,2026-08-10 02:55:47.743034112,13,8572,196,56
41.660549,-89.279618,2026-08-10 02:55:48.231481088,13,10806,89,17
41.106031,-102.465188,2026-08-10 02:55:48.830798336,13,7584,114,67
41.104195,-102.5382,2026-08-10 02:55:48.830829312,13,10726,173,57
40.950134,-102.59033,2026-08-10 02:55:48.919951616,13,5128,193,27
40.950401,-102.597963,2026-08-10 02:55:48.956421376,13,7521,193,33
41.651582,-89.175055,2026-08-10 02:55:49.473248256,13,7606,90,20
34.953,-67.313349,2026-08-10 02:55:49.618266112,13,3047,259,97
34.951276,-67.305021,2026-08-10 02:55:49.618266624,13,5405,267,95
35.064579,-67.430211,2026-08-10 02:55:49.618323712,13,4174,249,76
34.906025,-67.30063,2026-08-10 02:55:49.665538048,13,8335,232,37
34.910691,-67.284562,2026-08-10 02:55:49.726215424,13,8710,232,31
41.841205,-89.205547,2026-08-10 02:55:50.119093504,13,6119,86,42
41.847986,-89.262578,2026-08-10 02:55:50.119154176,13,14314,109,25
39.934846,-82.999698,2026-08-10 02:55:50.363715584,13,4788,79,72
39.967905,-82.986008,2026-08-10 02:55:50.363723776,13,7726,201,65
39.96219,-82.992513,2026-08-10 02:55:50.363725056,13,9046,192,55
24.549308,-99.134338,2026-08-10 02:55:52.558527744,13,4288,263,111
24.402292,-99.277703,2026-08-10 02:55:52.665114112,13,5528,216,60
41.785617,-89.15775,2026-08-10 02:55:53.285938944,13,12063,92,30
41.685006,-89.051036,2026-08-10 02:55:53.385243136,13,12765,81,22
41.684788,-89.10222,2026-08-10 02:55:53.385321984,13,12660,100,24
40.919521,-102.497416,2026-08-10 02:55:54.488170752,13,13261,157,62
40.947985,-102.505204,2026-08-10 02:55:54.488177920,13,11541,81,105
40.937493,-102.59109,2026-08-10 02:55:54.488166912,13,7378,176,90
40.968715,-102.531977,2026-08-10 02:55:54.604113920,13,14650,116,66
40.963999,-102.629182,2026-08-10 02:55:54.604147712,13,11067,110,46
38.900496,-61.518161,2026-08-10 02:55:54.712865024,13,6051,252,20
41.627427,-89.465149,2026-08-10 02:55:55.744480512,13,12089,182,25
40.943199,-102.616795,2026-08-10 02:55:56.178659328,13,10635,120,18
17.321679,-108.647523,2026-08-10 02:55:56.581484800,13,11145,267,72
41.666089,-89.102477,2026-08-10 02:55:57.788698880,13,14636,113,27
40.935681,-102.649392,2026-08-10 02:55:58.383215872,13,11778,103,44
41.694594,-89.103303,2026-08-10 02:55:58.412923648,13,8975,107,32
40.938551,-102.545063,2026-08-10 02:55:58.562031872,13,5057,169,61
40.952065,-102.600004,2026-08-10 02:55:58.562026496,13,6889,193,68
22.813877,-103.464104,2026-08-10 02:55:59.826281216,13,10046,243,47
41.73376,-89.102297,2026-08-10 02:56:00.218566400,13,12375,86,22
40.02142,-82.53717,2026-08-10 02:56:00.873208832,13,5539,101,47
40.084552,-82.557766,2026-08-10 02:56:00.873227264,13,10820,120,33
39.992344,-82.529834,2026-08-10 02:56:00.873262080,13,12423,106,19
40.980408,-102.525076,2026-08-10 02:56:01.93773312,13,14078,127,74
40.965415,-102.586794,2026-08-10 02:56:01.93775360,13,7912,193,98
40.942012,-102.574492,2026-08-10 02:56:01.93781248,13,8463,175,83
41.053154,-102.488783,2026-08-10 02:56:01.247649792,13,9238,117,58
41.840375,-89.125686,2026-08-10 02:56:01.822668800,13,7008,79,49
41.833915,-89.179652,2026-08-10 02:56:01.822718976,13,5544,225,42
41.826383,-89.144612,2026-08-10 02:56:01.970128640,13,9130,187,26
25.619859,-107.583473,2026-08-10 02:56:02.95904000,13,12159,234,15
39.953773,-83.045652,2026-08-10 02:56:02.347313664,13,7347,229,22
39.95151,-82.945396,2026-08-10 02:56:02.383691776,13,7926,76,39
39.959059,-82.958191,2026-08-10 02:56:02.455689728,13,12572,93,36
40.02306,-82.948201,2026-08-10 02:56:02.455712512,13,6063,134,39
39.990559,-82.933009,2026-08-10 02:56:02.599836928,13,7342,182,42
40.002848,-82.951985,2026-08-10 02:56:02.599843840,13,7621,192,59
24.770266,-98.914685,2026-08-10 02:56:02.677742848,13,6540,239,54
41.827455,-89.334471,2026-08-10 02:56:03.536522240,13,9298,79,43
41.827744,-89.353967,2026-08-10 02:56:03.536583936,13,11730,101,30
40.943494,-102.526438,2026-08-10 02:56:03.891520512,13,10059,111,18
41.674865,-89.140299,2026-08-10 02:56:05.357623296,13,7886,80,36
41.679644,-89.132209,2026-08-10 02:56:05.357689344,13,4871,104,24
41.583489,-89.34218,2026-08-10 02:56:05.493269760,13,6284,131,32
41.609659,-89.162035,2026-08-10 02:56:05.493315072,13,11917,121,24
41.792658,-89.261196,2026-08-10 02:56:05.614849280,13,7030,126,29
41.009732,-102.491735,2026-08-10 02:56:05.848227328,13,13490,103,61
41.027089,-102.221015,2026-08-10 02:56:05.848254976,13,10271,188,48
41.215695,-102.401719,2026-08-10 02:56:06.252676352,13,6981,89,38
41.078718,-102.252439,2026-08-10 02:56:06.252744448,13,12163,223,77
34.440887,-82.425787,2026-08-10 02:56:06.651899904,13,5698,171,40
34.572917,-82.31113,2026-08-10 02:56:06.651959040,13,3435,266,28
40.725772,-81.955739,2026-08-10 02:56:07.575462912,13,9113,160,29
40.777221,-81.95849,2026-08-10 02:56:07.575543296,13,8214,183,18
40.72034,-81.951047,2026-08-10 02:56:07.808890880,13,11442,167,31
55.58141,-114.462612,2026-08-10 02:56:08.223860736,13,14098,221,32
41.001703,-102.442699,2026-08-10 02:56:09.26891008,13,10576,192,18
40.187149,-95.73292,2026-08-10 02:56:09.921754880,13,5802,121,88
40.130047,-95.721424,2026-08-10 02:56:09.921773568,13,5471,175,82
40.176649,-95.765614,2026-08-10 02:56:09.921758464,13,11981,148,68
41.853467,-89.414899,2026-08-10 02:56:10.46467072,13,7662,107,30
39.975944,-82.667086,2026-08-10 02:56:10.194181376,13,14593,77,35
40.178536,-95.698676,2026-08-10 02:56:10.345035520,13,9640,163,24
24.48501,-102.634388,2026-08-10 02:56:11.858130432,13,10513,230,75
41.821336,-89.111012,2026-08-10 02:56:11.864167680,13,12462,79,73
41.795292,-89.111392,2026-08-10 02:56:11.864179712,13,8009,200,63
53.219687,-112.273386,2026-08-10 02:56:12.842956800,13,13325,226,79
53.263097,-112.380594,2026-08-10 02:56:12.842980096,13,7493,232,66
40.953083,-102.426936,2026-08-10 02:56:13.4994048,13,4436,169,57
40.949476,-102.551894,2026-08-10 02:56:13.4953344,13,11752,133,84
41.183922,-101.974941,2026-08-10 02:56:13.765090304,13,4532,157,118
41.175407,-101.943623,2026-08-10 02:56:13.765099008,13,6861,157,104
41.176934,-102.004787,2026-08-10 02:56:13.765094400,13,5470,167,88
41.725458,-89.258352,2026-08-10 02:56:13.937415168,13,10545,90,44
41.702315,-89.156551,2026-08-10 02:56:13.937437696,13,9586,100,33
38.585657,-63.514701,2026-08-10 02:56:14.733424384,13,10516,262,36
38.458569,-63.238022,2026-08-10 02:56:14.733391872,13,7788,264,44
41.114172,-82.014543,2026-08-10 02:56:15.132271872,13,9011,108,77
41.106762,-82.007303,2026-08-10 02:56:15.132271616,13,12534,88,57
41.164323,-81.987514,2026-08-10 02:56:15.132296960,13,12152,123,36
41.083751,-82.004512,2026-08-10 02:56:15.163943168,13,10590,194,30
41.080692,-82.01771,2026-08-10 02:56:15.289968128,13,11599,94,32
41.154919,-82.022307,2026-08-10 02:56:15.289990144,13,9075,195,45
41.075897,-82.022909,2026-08-10 02:56:15.403259392,13,6002,183,42
41.800563,-89.139952,2026-08-10 02:56:15.633412864,13,8812,108,37
41.74519,-89.032463,2026-08-10 02:56:15.633437952,13,8957,117,30
41.788264,-53.826454,2026-08-10 02:56:16.31865856,13,7883,170,23
17.295988,-94.403175,2026-08-10 02:56:16.477311232,13,13337,236,17
38.969177,-60.982394,2026-08-10 02:56:16.652028672,13,6025,229,35
41.224965,-101.920453,2026-08-10 02:56:16.860618240,13,7695,158,27
41.683781,-89.131418,2026-08-10 02:56:17.668709632,13,12583,80,53
41.665306,-89.156296,2026-08-10 02:56:17.668786176,13,9080,118,36
41.725801,-89.240657,2026-08-10 02:56:17.897334784,13,14805,66,59
41.713857,-89.238292,2026-08-10 02:56:17.897397504,13,7652,119,46
45.076,-91.293117,2026-08-10 02:56:18.102170624,13,10093,238,33
40.917536,-102.554707,2026-08-10 02:56:19.630239744,13,5554,163,103
40.927545,-102.537585,2026-08-10 02:56:19.630242816,13,6978,158,104
40.93129,-102.640367,2026-08-10 02:56:19.630230272,13,3342,248,88
41.007224,-102.368755,2026-08-10 02:56:20.474855936,13,10180,114,28
41.163598,-102.014218,2026-08-10 02:56:20.786394880,13,12325,101,24
41.156666,-101.94775,2026-08-10 02:56:20.787915008,13,12469,162,20
41.715246,-89.266004,2026-08-10 02:56:21.31686912,13,7375,92,20
41.200711,-102.01523,2026-08-10 02:56:21.490121216,13,14561,125,65
41.097698,-101.961057,2026-08-10 02:56:21.490208512,13,10080,198,54
38.354003,-62.806492,2026-08-10 02:56:21.726242048,13,11905,206,104
41.731182,-89.219512,2026-08-10 02:56:21.795591424,13,8854,128,54
41.759383,-89.291143,2026-08-10 02:56:21.795646464,13,7723,175,40
41.035287,-102.601213,2026-08-10 02:56:22.610653696,13,7742,132,18
23.021828,-85.034804,2026-08-10 02:56:22.844995840,13,5638,254,83
41.829359,-89.148672,2026-08-10 02:56:23.910362112,13,9433,184,23
23.230118,-99.263427,2026-08-10 02:56:24.242672128,13,6712,249,49
23.006474,-85.307972,2026-08-10 02:56:24.702205696,13,13429,227,49
39.516725,-59.930726,2026-08-10 02:56:25.818644992,13,5171,248,26
39.491995,-59.87783,2026-08-10 02:56:26.562618624,13,6228,264,17
40.837455,-102.580005,2026-08-10 02:56:27.791421952,13,6998,141,21
40.855463,-102.391197,2026-08-10 02:56:28.141600512,13,10175,114,25
40.849814,-102.593368,2026-08-10 02:56:28.498787840,13,6009,194,20
40.959721,-102.444391,2026-08-10 02:56:28.831491840,13,9316,102,16
35.403916,-79.989762,2026-08-10 02:56:29.181306624,13,9481,164,58
40.953974,-102.544705,2026-08-10 02:56:29.369627392,13,11570,93,48
40.901506,-102.551927,2026-08-10 02:56:29.369653504,13,7805,196,91
41.858593,-89.035568,2026-08-10 02:56:29.614059520,13,13096,83,17
40.946789,-102.554054,2026-08-10 02:56:30.80577536,13,8180,193,24
46.268631,-63.558148,2026-08-10 02:56:30.398395904,13,14565,212,19
40.793806,-102.365746,2026-08-10 02:56:30.716209152,13,12784,86,46
40.812408,-102.387598,2026-08-10 02:56:30.716216320,13,8027,110,77
23.048465,-103.405753,2026-08-10 02:56:30.783408640,13,6151,238,52
41.667837,-89.337939,2026-08-10 02:56:31.385395968,13,10626,78,57
41.673959,-89.412534,2026-08-10 02:56:31.385439488,13,4113,262,50
41.6708,-89.313728,2026-08-10 02:56:31.473470720,13,7418,78,35
40.094015,-95.794167,2026-08-10 02:56:31.840012288,13,11630,140,69
40.074225,-95.838333,2026-08-10 02:56:31.840006656,13,14862,142,77
40.095856,-95.817495,2026-08-10 02:56:31.840080896,13,13953,169,27
41.721936,-89.150024,2026-08-10 02:56:32.318038272,13,13715,80,43
41.726058,-89.217362,2026-08-10 02:56:32.318108160,13,6537,175,27
46.220182,-63.814583,2026-08-10 02:56:32.361232640,13,14849,209,28
41.684065,-89.152608,2026-08-10 02:56:32.481824000,13,6383,92,44
41.692409,-89.194097,2026-08-10 02:56:32.481884672,13,10345,196,41
41.695259,-89.168272,2026-08-10 02:56:32.481881600,13,11840,121,30
40.906545,-102.580441,2026-08-10 02:56:32.576825344,13,10921,107,129
40.904348,-102.576463,2026-08-10 02:56:32.576832000,13,8540,87,111
40.894857,-102.485377,2026-08-10 02:56:32.685827072,13,13021,105,51
40.929879,-102.613437,2026-08-10 02:56:33.47407616,13,3838,248,26
23.626284,-104.130129,2026-08-10 02:56:33.452616960,13,5209,239,38
23.440802,-105.142552,2026-08-10 02:56:33.509721344,13,8721,240,31
23.400956,-105.173828,2026-08-10 02:56:33.579499008,13,8784,242,49
41.366291,-88.980016,2026-08-10 02:56:33.667134720,13,11040,62,43
41.366534,-88.993935,2026-08-10 02:56:33.667197184,13,7427,106,37
40.929613,-102.532326,2026-08-10 02:56:34.998654208,13,4912,122,77
40.919517,-102.512135,2026-08-10 02:56:34.998660608,13,6812,157,87
41.592697,-89.143743,2026-08-10 02:56:35.650484224,13,7315,79,20
40.91337,-102.602857,2026-08-10 02:56:36.131468288,13,14508,102,26
41.593135,-89.264161,2026-08-10 02:56:37.146636800,13,9379,97,49
41.696987,-89.402364,2026-08-10 02:56:37.146664192,13,10582,114,39
41.611272,-89.245373,2026-08-10 02:56:37.146701312,13,9712,92,25
24.439126,-99.194492,2026-08-10 02:56:37.301355520,13,9637,229,80
46.234114,-63.790005,2026-08-10 02:56:37.985469440,13,7391,209,73
41.711594,-89.227006,2026-08-10 02:56:38.197601792,13,12304,108,58
41.202899,-102.076753,2026-08-10 02:56:38.317779712,13,9447,115,112
41.212358,-102.193804,2026-08-10 02:56:38.317753088,13,6425,258,61
41.825795,-89.504817,2026-08-10 02:56:39.315329792,13,12420,82,28
40.829185,-102.58365,2026-08-10 02:56:39.806372608,13,10648,194,25
26.341672,-82.633343,2026-08-10 02:56:40.40663552,13,4526,234,56
26.373058,-82.603323,2026-08-10 02:56:40.92971520,13,5131,232,62
41.718619,-89.224164,2026-08-10 02:56:40.277356800,13,10839,77,46
41.747254,-89.305342,2026-08-10 02:56:40.277405696,13,8212,262,51
41.640098,-89.143721,2026-08-10 02:56:40.342006272,13,10991,91,42
41.852466,-88.940588,2026-08-10 02:56:40.532788736,13,12403,157,36
41.895914,-89.087995,2026-08-10 02:56:40.532824320,13,8706,192,23
26.497912,-82.63433,2026-08-10 02:56:40.702493952,13,7409,263,34
17.197777,-108.710507,2026-08-10 02:56:40.739133184,13,10129,255,41
17.063878,-107.9855,2026-08-10 02:56:40.849977088,13,11453,256,37
41.671932,-89.146375,2026-08-10 02:56:41.762728704,13,6824,92,62
41.706003,-89.249926,2026-08-10 02:56:41.762788096,13,7555,175,42
26.368594,-82.598077,2026-08-10 02:56:42.636981248,13,10737,267,51
35.468449,-80.052214,2026-08-10 02:56:42.865837312,13,14181,212,15
41.269082,-89.098715,2026-08-10 02:56:43.74124800,13,14603,86,23
41.787385,-89.064649,2026-08-10 02:56:44.194504704,13,6932,90,60
41.760942,-89.063717,2026-08-10 02:56:44.194565120,13,12062,121,47
41.860865,-88.956082,2026-08-10 02:56:44.467394304,13,6043,96,33
41.715745,-89.021616,2026-08-10 02:56:44.857394176,13,12655,82,35
41.591189,-89.383599,2026-08-10 02:56:45.194113536,13,4796,101,29
39.496649,-59.868881,2026-08-10 02:56:45.210980608,13,4249,262,36
41.655268,-89.090184,2026-08-10 02:56:45.969817600,13,7082,92,23
41.659239,-89.20195,2026-08-10 02:56:46.60635904,13,3316,178,51
41.632944,-89.499189,2026-08-10 02:56:46.60620032,13,12953,192,37
41.67418,-89.2466,2026-08-10 02:56:46.60693760,13,6565,110,23
40.992933,-102.540705,2026-08-10 02:56:46.165292800,13,5146,173,21
40.838491,-81.802042,2026-08-10 02:56:46.627098880,13,10713,99,33
40.838246,-81.81572,2026-08-10 02:56:46.723787776,13,9796,105,53
41.817526,-89.166641,2026-08-10 02:56:46.784278272,13,13009,129,38
41.828318,-89.190194,2026-08-10 02:56:46.784270592,13,7774,187,45
41.825606,-89.175378,2026-08-10 02:56:46.784335616,13,2360,212,35
41.612196,-89.203713,2026-08-10 02:56:48.193026304,13,10327,69,38
41.623926,-89.194315,2026-08-10 02:56:48.193077760,13,5193,110,22
41.704447,-89.139829,2026-08-10 02:56:48.438407680,13,9386,92,41
41.705334,-89.231733,2026-08-10 02:56:48.438474752,13,13517,175,27
41.701635,-89.186446,2026-08-10 02:56:48.438471936,13,12542,74,18
40.521983,-81.5068,2026-08-10 02:56:48.817020672,13,7731,150,57
40.528708,-81.507568,2026-08-10 02:56:48.817022720,13,13173,122,53
40.598142,-81.480769,2026-08-10 02:56:48.817047296,13,13632,120,36
40.519456,-81.494887,2026-08-10 02:56:48.817089024,13,6899,83,24
41.740972,-88.990398,2026-08-10 02:56:49.128750336,13,14654,82,40
41.751002,-89.048935,2026-08-10 02:56:49.128828160,13,10551,100,21
41.567514,-89.146129,2026-08-10 02:56:49.500286720,13,8982,79,25
25.387921,-107.062673,2026-08-10 02:56:49.636003072,13,10992,186,93
38.304837,-62.840126,2026-08-10 02:56:49.811534080,13,7633,206,48
46.099055,-64.292686,2026-08-10 02:56:50.473628672,13,7584,204,51
46.09829,-64.282968,2026-08-10 02:56:50.475825920,13,8789,240,54
41.728312,-89.210442,2026-08-10 02:56:50.722159616,13,12859,91,82
41.710143,-89.240447,2026-08-10 02:56:50.722161408,13,12163,112,65
41.716491,-89.225647,2026-08-10 02:56:50.814244864,13,13271,80,32
27.335222,-106.295146,2026-08-10 02:56:51.376984832,13,9092,237,32
41.795553,-89.196071,2026-08-10 02:56:51.420180224,13,11728,93,55
41.778441,-89.49182,2026-08-10 02:56:51.420178688,13,12002,191,44
41.781539,-89.187012,2026-08-10 02:56:51.420255488,13,4590,130,30
38.379851,-62.40516,2026-08-10 02:56:51.978428928,13,7790,211,61
38.423252,-62.388601,2026-08-10 02:56:51.978489344,13,4520,268,44
38.440343,-62.444178,2026-08-10 02:56:52.56651520,13,6831,256,17
38.447058,-62.433348,2026-08-10 02:56:52.297796608,13,13956,250,23
40.955615,-102.558025,2026-08-10 02:56:52.478475520,13,10575,110,19
41.805253,-89.212188,2026-08-10 02:56:52.708745472,13,7261,93,26
41.670705,-89.132282,2026-08-10 02:56:52.897463808,13,14322,92,27
24.6262,-98.940937,2026-08-10 02:56:52.973357056,13,13975,252,68
22.753562,-103.425009,2026-08-10 02:56:53.176903680,13,12540,253,93
41.183261,-102.371468,2026-08-10 02:56:53.364080128,13,6781,171,70
41.26102,-102.283984,2026-08-10 02:56:53.364118784,13,9747,95,50
40.890306,-102.598095,2026-08-10 02:56:53.695591680,13,6259,102,40
41.709135,-89.242043,2026-08-10 02:56:54.612248064,13,10973,78,31
41.721288,-89.245086,2026-08-10 02:56:54.612312064,13,9844,120,23
40.952888,-102.50431,2026-08-10 02:56:54.726803968,13,6331,167,92
40.945815,-102.480392,2026-08-10 02:56:54.726814720,13,8929,89,84
22.837373,-85.773925,2026-08-10 02:56:54.964812544,13,7663,250,72
55.962828,-117.737958,2026-08-10 02:56:55.654142464,13,8061,236,63
41.81793,-89.133096,2026-08-10 02:56:55.879441152,13,9521,82,51
41.833057,-89.182629,2026-08-10 02:56:55.879502592,13,12400,175,36
23.620674,-103.149946,2026-08-10 02:56:56.24951040,13,12824,235,23
40.812098,-81.823163,2026-08-10 02:56:56.123649536,13,10591,123,65
41.661447,-89.158129,2026-08-10 02:56:56.263134208,13,4792,136,44
41.197664,-101.844295,2026-08-10 02:56:58.520157696,13,14496,107,38
41.097189,-102.426158,2026-08-10 02:56:58.775344640,13,14881,105,73
41.064368,-102.433533,2026-08-10 02:56:58.775403520,13,6093,151,53
18.747278,-105.071962,2026-08-10 02:56:59.340550912,13,5461,264,72
41.687754,-89.193039,2026-08-10 02:56:59.572497408,13,11919,92,87
41.70324,-89.247617,2026-08-10 02:56:59.572555264,13,7121,175,42
35.356686,-80.01493,2026-08-10 02:56:59.796104192,13,7573,116,54
40.870609,-102.641214,2026-08-10 02:56:59.944624384,13,10321,102,22
35.306226,-80.105007,2026-08-10 02:56:59.990309376,13,7057,179,34
35.374226,-80.024215,2026-08-10 02:57:00.42710272,13,9468,210,52
41.731338,-88.986719,2026-08-10 02:57:01.16591104,13,10036,103,55
41.740966,-89.075832,2026-08-10 02:57:01.16646912,13,8028,187,41
41.803494,-89.100077,2026-08-10 02:57:01.462417152,13,5959,103,82
41.799859,-89.115593,2026-08-10 02:57:01.462433024,13,14704,80,67
41.659341,-89.047228,2026-08-10 02:57:01.643258880,13,13958,92,24
40.958135,-102.511959,2026-08-10 02:57:02.893704448,13,12969,102,71
46.227047,-63.751741,2026-08-10 02:57:03.216488704,13,5985,246,34
40.865083,-102.493937,2026-08-10 02:57:03.511036672,13,12128,123,40
40.788968,-102.386552,2026-08-10 02:57:04.728737024,13,6621,162,25
41.63133,-89.283032,2026-08-10 02:57:05.503364096,13,13253,78,24
41.853592,-89.249405,2026-08-10 02:57:05.858722304,13,14009,81,31
41.713487,-89.208893,2026-08-10 02:57:06.689526528,13,7735,80,61
41.723827,-89.332449,2026-08-10 02:57:06.689570816,13,6682,263,45
44.899395,-90.369817,2026-08-10 02:57:06.980856832,13,6851,216,25
19.533506,-99.300131,2026-08-10 02:57:07.612390400,13,9291,252,57
41.782932,-89.27701,2026-08-10 02:57:09.355252480,13,11909,120,19
41.283728,-101.96278,2026-08-10 02:57:10.29830400,13,7807,159,79
41.34978,-101.874087,2026-08-10 02:57:10.29866752,13,6347,86,67
41.27444,-89.093172,2026-08-10 02:57:10.387016448,13,10157,74,37
41.272745,-89.115598,2026-08-10 02:57:10.387090944,13,12556,84,27
40.724076,-81.957701,2026-08-10 02:57:10.533308416,13,11668,78,29
41.845151,-88.942676,2026-08-10 02:57:10.733364480,13,11814,101,36
40.979994,-102.483312,2026-08-10 02:57:10.958725120,13,10118,106,61
41.029913,-102.395073,2026-08-10 02:57:10.958766848,13,8099,89,56
41.679479,-89.284371,2026-08-10 02:57:11.510940160,13,9783,81,71
41.689262,-89.380331,2026-08-10 02:57:11.510982912,13,8100,144,52
41.66621,-89.195469,2026-08-10 02:57:11.661593856,13,9131,83,23
41.671418,-89.246936,2026-08-10 02:57:12.121728256,13,14054,78,49
41.676041,-89.265686,2026-08-10 02:57:12.121780480,13,3301,201,38
26.5033,-82.621499,2026-08-10 02:57:12.288934400,13,4012,265,104
26.489801,-82.619796,2026-08-10 02:57:12.288932608,13,4928,263,94
17.918667,-94.644171,2026-08-10 02:57:12.474679808,13,3817,229,55
26.513155,-82.62065,2026-08-10 02:57:12.535087872,13,5474,258,24
40.839299,-90.046211,2026-08-10 02:57:13.266196992,13,12166,111,29
40.824739,-90.10977,2026-08-10 02:57:13.266265344,13,13143,118,16
41.803487,-89.143043,2026-08-10 02:57:16.493895424,13,14398,81,53
41.819791,-89.214909,2026-08-10 02:57:16.493942016,13,7336,225,36
40.913398,-102.582536,2026-08-10 02:57:16.909007872,13,11467,102,17
39.454255,-59.89913,2026-08-10 02:57:17.447409152,13,6906,256,17
40.8843,-102.643839,2026-08-10 02:57:17.519643392,13,11425,157,26
41.696641,-89.11272,2026-08-10 02:57:18.845889280,13,12442,92,35
41.806908,-89.099478,2026-08-10 02:57:18.883061248,13,9395,82,36
41.833877,-89.186207,2026-08-10 02:57:18.883120896,13,5303,196,36
41.799659,-89.107346,2026-08-10 02:57:19.51684096,13,6307,107,28
41.02042,-102.274916,2026-08-10 02:57:19.216474624,13,9945,185,63
41.028522,-102.590922,2026-08-10 02:57:19.216445952,13,6058,193,50
41.821126,-89.139849,2026-08-10 02:57:19.279763968,13,10869,93,22
23.027261,-103.423972,2026-08-10 02:57:19.660895232,13,11849,255,90
20.906491,-105.962652,2026-08-10 02:57:20.21580032,13,6040,253,44
41.679438,-89.301951,2026-08-10 02:57:20.634118912,13,10748,110,23
41.589335,-89.121908,2026-08-10 02:57:20.702683392,13,9186,90,36
41.590827,-89.190538,2026-08-10 02:57:20.702754304,13,11550,101,22
32.030791,-89.170755,2026-08-10 02:57:22.357308672,13,10768,143,25
31.985301,-89.270342,2026-08-10 02:57:22.361478144,13,14596,199,26
32.101965,-89.189165,2026-08-10 02:57:22.361514240,13,7010,207,19
32.041439,-89.176984,2026-08-10 02:57:22.678267136,13,10913,119,83
32.135151,-89.160571,2026-08-10 02:57:22.678353920,13,6739,250,74
22.85802,-105.862704,2026-08-10 02:57:22.856466944,13,6139,249,53
41.695284,-89.340315,2026-08-10 02:57:23.283015424,13,10764,105,35
22.362959,-85.913881,2026-08-10 02:57:23.595048192,13,12338,259,59
41.677613,-89.09218,2026-08-10 02:57:23.953139456,13,13439,78,56
27.122457,-105.391503,2026-08-10 02:57:24.114205184,13,6386,231,62
41.617552,-89.159629,2026-08-10 02:57:24.372728064,13,10240,79,17
41.753674,-88.954415,2026-08-10 02:57:24.536771328,13,9304,62,55
41.752096,-88.970039,2026-08-10 02:57:24.536842496,13,11221,99,38
41.761786,-88.940098,2026-08-10 02:57:24.580045824,13,9620,107,28
41.8596,-89.008701,2026-08-10 02:57:24.662054400,13,6910,95,19
41.847954,-89.242893,2026-08-10 02:57:24.877027584,13,10302,107,15
24.699258,-99.111262,2026-08-10 02:57:25.204755456,13,10348,228,45
24.796879,-98.989907,2026-08-10 02:57:25.261810688,13,5413,251,53
41.702168,-89.14671,2026-08-10 02:57:25.320239104,13,7974,80,61
25.655647,-107.595137,2026-08-10 02:57:25.507639296,13,13654,187,33
40.903934,-102.501168,2026-08-10 02:57:25.563608064,13,5799,133,34
20.644418,-105.915907,2026-08-10 02:57:25.791437824,13,11957,220,100
30.032671,-109.481345,2026-08-10 02:57:26.139962112,13,13438,221,19
17.243355,-94.306066,2026-08-10 02:57:26.293240064,13,3744,267,51
40.774543,-102.476113,2026-08-10 02:57:26.500549376,13,14731,109,62
40.719821,-102.478643,2026-08-10 02:57:26.500615424,13,7938,193,47
41.629897,-89.277584,2026-08-10 02:57:26.805824768,13,13724,78,43
41.65782,-89.007392,2026-08-10 02:57:27.56333824,13,7457,90,40
38.888029,-61.396962,2026-08-10 02:57:28.148209664,13,10542,231,46
38.9114,-61.515509,2026-08-10 02:57:28.213080832,13,7563,204,36
40.692216,-102.610585,2026-08-10 02:57:28.399211264,13,6529,118,25
38.909364,-61.514662,2026-08-10 02:57:28.687423744,13,10678,204,41
38.99109,-61.680468,2026-08-10 02:57:28.687479552,13,4320,194,23
38.907907,-61.526005,2026-08-10 02:57:28.895968512,13,9140,193,16
41.686821,-89.167194,2026-08-10 02:57:28.940523008,13,11015,91,24
25.700532,-107.517676,2026-08-10 02:57:29.753422848,13,9345,237,44
41.701248,-89.1649,2026-08-10 02:57:30.186117120,13,11580,68,51
41.718215,-89.210469,2026-08-10 02:57:30.186180352,13,8483,175,36
41.694439,-89.182392,2026-08-10 02:57:30.186181376,13,6935,101,21
39.45992,-59.790294,2026-08-10 02:57:30.297102848,13,12515,264,37
40.875982,-102.603463,2026-08-10 02:57:30.654063872,13,9482,157,23
21.175075,-100.733422,2026-08-10 02:57:30.841892096,13,5299,246,33
55.530654,-118.381675,2026-08-10 02:57:31.221260288,13,11291,236,51
55.583924,-118.535025,2026-08-10 02:57:31.221278208,13,7557,264,45
41.797757,-89.085982,2026-08-10 02:57:31.625138944,13,12663,107,30
41.799967,-89.091175,2026-08-10 02:57:31.625194752,13,6631,100,25
41.901901,-89.229565,2026-08-10 02:57:31.926409984,13,9193,96,29
41.866647,-89.119758,2026-08-10 02:57:31.926431232,13,8591,102,22
41.653909,-89.238358,2026-08-10 02:57:32.286939648,13,5983,90,25
41.683588,-89.192337,2026-08-10 02:57:33.1365760,13,10553,79,58
41.704095,-89.240139,2026-08-10 02:57:33.1424896,13,8960,184,41
40.228121,-95.732488,2026-08-10 02:57:33.135988224,13,12325,133,44
40.21018,-95.76708,2026-08-10 02:57:33.136040448,13,6578,153,36
41.587333,-89.189494,2026-08-10 02:57:33.947928832,13,14955,89,35
41.613229,-89.230397,2026-08-10 02:57:33.948004096,13,12093,101,20
39.940565,-82.978407,2026-08-10 02:57:34.62075904,13,6976,102,28
29.042286,-109.047064,2026-08-10 02:57:34.360367872,13,9507,230,27
40.905369,-102.667441,2026-08-10 02:57:34.404341504,13,10371,171,28
41.680758,-89.244881,2026-08-10 02:57:34.446204416,13,14915,110,30
39.477692,-59.807679,2026-08-10 02:57:34.732705536,13,9405,265,35
26.341297,-82.954864,2026-08-10 02:57:35.137751296,13,7258,237,75
40.988213,-102.480912,2026-08-10 02:57:35.264770816,13,5752,162,81
40.982694,-102.454647,2026-08-10 02:57:35.264777472,13,7488,116,93
40.906938,-102.602093,2026-08-10 02:57:35.555671040,13,12895,107,15
41.240881,-101.947793,2026-08-10 02:57:36.960377600,13,12572,101,28
41.696545,-89.229236,2026-08-10 02:57:37.610756864,13,11983,107,52
41.260901,-89.104509,2026-08-10 02:57:38.941292800,13,12844,90,39
41.252765,-89.095879,2026-08-10 02:57:38.941362688,13,12389,105,45
41.284309,-89.142155,2026-08-10 02:57:38.941347072,13,8368,173,35
41.274595,-89.250165,2026-08-10 02:57:39.387310592,13,7116,117,21
41.260116,-89.100858,2026-08-10 02:57:39.470002688,13,13803,82,29
41.271104,-89.109231,2026-08-10 02:57:39.470070784,13,10808,100,19
40.962104,-102.524555,2026-08-10 02:57:39.573647360,13,14384,106,98
40.94818,-102.574967,2026-08-10 02:57:39.573646080,13,6679,193,81
22.091829,-106.238904,2026-08-10 02:57:39.769380608,13,14035,263,27
22.825376,-105.734383,2026-08-10 02:57:40.671657984,13,11289,245,29
41.717102,-89.193495,2026-08-10 02:57:41.50569216,13,7304,80,51
41.724657,-89.248581,2026-08-10 02:57:41.50632704,13,6222,175,37
38.981486,-60.973631,2026-08-10 02:57:41.696831232,13,3570,262,76
25.9425,-82.561372,2026-08-10 02:57:43.499712768,13,12974,228,31
41.814138,-89.16065,2026-08-10 02:57:43.533812992,13,14655,81,48
41.816026,-89.205113,2026-08-10 02:57:43.533886208,13,8960,175,35
41.870375,-89.295373,2026-08-10 02:57:43.586800128,13,13354,82,18
40.739646,-82.008324,2026-08-10 02:57:43.978748160,13,9070,79,44
40.79212,-81.951443,2026-08-10 02:57:43.978842112,13,7691,199,37
35.419219,-79.974444,2026-08-10 02:57:44.573368576,13,7073,183,28
41.036926,-102.523483,2026-08-10 02:57:44.771773952,13,8517,105,64
41.093981,-102.462435,2026-08-10 02:57:44.771806464,13,11732,82,75
41.008758,-102.524968,2026-08-10 02:57:44.771822592,13,9064,134,64
40.919608,-102.494798,2026-08-10 02:57:45.842079744,13,8624,193,20
40.951707,-102.57036,2026-08-10 02:57:46.92992512,13,6433,144,28
41.297513,-88.961484,2026-08-10 02:57:46.482931712,13,6354,116,36
41.301975,-88.980293,2026-08-10 02:57:46.483000832,13,7443,100,24
41.816919,-89.167328,2026-08-10 02:57:47.149521920,13,6396,184,18
21.007956,-105.908341,2026-08-10 02:57:48.51182592,13,4663,255,45
26.243145,-105.687251,2026-08-10 02:57:48.442138112,13,8571,265,22
41.072242,-102.600469,2026-08-10 02:57:48.941593856,13,7617,159,29
46.221647,-63.845827,2026-08-10 02:57:48.952871936,13,7383,245,44
46.221077,-63.859601,2026-08-10 02:57:49.73396992,13,8072,245,53
46.207133,-63.86319,2026-08-10 02:57:49.73462272,13,5123,267,34
38.379474,-62.368634,2026-08-10 02:57:49.335791872,13,11342,224,40
40.862119,-102.605014,2026-08-10 02:57:49.607765248,13,14780,102,16
23.429126,-105.150038,2026-08-10 02:57:49.794590720,13,11959,267,26
41.703411,-89.233194,2026-08-10 02:57:50.852704256,13,12447,99,49
41.732049,-89.307135,2026-08-10 02:57:50.852764416,13,8396,175,34
35.04089,-81.116008,2026-08-10 02:57:51.108281856,13,7648,118,75
35.121156,-81.158375,2026-08-10 02:57:51.108313344,13,9031,127,58
35.07882,-81.010274,2026-08-10 02:57:51.108335104,13,13865,132,47
35.051255,-81.123445,2026-08-10 02:57:51.108359168,13,14121,155,35
41.741555,-88.964353,2026-08-10 02:57:51.586902272,13,14083,82,39
41.732948,-89.002823,2026-08-10 02:57:51.586966016,13,7539,102,25
40.945748,-102.60261,2026-08-10 02:57:51.827125248,13,8318,158,24
40.85492,-102.574988,2026-08-10 02:57:51.953989632,13,9703,156,29
40.953671,-102.602345,2026-08-10 02:57:52.169844992,13,8124,158,19
41.842079,-89.185651,2026-08-10 02:57:52.311661824,13,6554,93,28
40.862049,-102.642451,2026-08-10 02:57:52.406361856,13,11931,102,21
30.054527,-109.497443,2026-08-10 02:57:52.538213888,13,12423,214,75
41.694858,-89.275872,2026-08-10 02:57:53.184939008,13,11087,98,68
41.701616,-89.409883,2026-08-10 02:57:53.184983808,13,10269,144,52
41.194231,-102.068607,2026-08-10 02:57:53.402436352,13,12203,101,32
41.12631,-101.923007,2026-08-10 02:57:53.402476288,13,8741,105,20
29.96833,-109.585109,2026-08-10 02:57:53.510697728,13,11757,144,20
41.645651,-89.088284,2026-08-10 02:57:53.833517824,13,13860,91,34
41.631502,-89.140546,2026-08-10 02:57:53.833582592,13,10542,103,21
41.788535,-89.192886,2026-08-10 02:57:54.199097856,13,8054,92,28
41.610947,-89.164646,2026-08-10 02:57:54.331808256,13,14901,90,34
40.809213,-90.107941,2026-08-10 02:57:54.373548800,13,9878,70,21
39.551488,-59.946769,2026-08-10 02:57:56.233267200,13,11225,204,57
53.178179,-112.258516,2026-08-10 02:57:56.744536576,13,11845,233,44
26.702777,-105.958786,2026-08-10 02:57:57.546472192,13,9887,171,78
34.491312,-82.334412,2026-08-10 02:57:58.252546304,13,6711,234,82
34.453223,-82.303068,2026-08-10 02:57:58.252532992,13,12512,122,93
34.659134,-82.187318,2026-08-10 02:57:58.252624128,13,8165,268,74
34.484304,-82.324465,2026-08-10 02:57:58.252550144,13,9129,203,59
34.535757,-82.302274,2026-08-10 02:57:58.252617728,13,13694,234,35
26.178242,-82.612944,2026-08-10 02:57:58.808544512,13,5162,266,103
26.434189,-82.614959,2026-08-10 02:57:58.808636672,13,3630,263,113
26.352652,-82.647513,2026-08-10 02:57:58.904069632,13,7943,232,47
26.382121,-82.608188,2026-08-10 02:57:58.998072576,13,8771,210,50
49.317375,-101.043512,2026-08-10 02:57:59.543327744,13,13302,164,21
40.98404,-102.370475,2026-08-10 02:57:59.940216832,13,9297,109,39
41.177832,-101.97525,2026-08-10 02:58:00.359127296,13,14866,138,95
41.217335,-102.076638,2026-08-10 02:58:00.359120640,13,11507,188,105
41.181972,-102.061362,2026-08-10 02:58:00.359130112,13,3950,162,94
23.22172,-103.286642,2026-08-10 02:58:01.133815808,13,8135,237,51
23.207397,-103.287633,2026-08-10 02:58:01.204365312,13,7166,177,28
23.21439,-103.297788,2026-08-10 02:58:01.320848128,13,10988,237,39
41.011979,-102.51408,2026-08-10 02:58:01.914110720,13,9885,163,19
52.402293,-113.556224,2026-08-10 02:58:02.248254720,13,11629,208,48
52.445303,-113.749875,2026-08-10 02:58:02.248275712,13,8324,247,35
40.441705,-95.938359,2026-08-10 02:58:02.579181312,13,8886,142,26
40.999731,-102.594055,2026-08-10 02:58:03.396158464,13,4005,164,110
40.997349,-102.623674,2026-08-10 02:58:03.396153088,13,3751,193,110
40.99683,-102.594987,2026-08-10 02:58:03.396160512,13,4433,167,97
40.986569,-102.578134,2026-08-10 02:58:03.423427072,13,12620,158,51
18.081534,-94.469737,2026-08-10 02:58:04.685038336,13,11113,248,41
41.781988,-89.195919,2026-08-10 02:58:05.169312256,13,9706,92,43
41.781802,-89.275638,2026-08-10 02:58:05.169369344,13,7732,176,29
41.610793,-89.222719,2026-08-10 02:58:05.405299968,13,13410,79,20
41.684285,-89.268577,2026-08-10 02:58:05.491729408,13,7666,91,58
41.700035,-89.324768,2026-08-10 02:58:05.491787776,13,6928,221,40
40.948895,-102.50459,2026-08-10 02:58:06.754973952,13,6236,163,82
40.965656,-102.489318,2026-08-10 02:58:06.754977536,13,10425,81,79
40.932515,-102.5023,2026-08-10 02:58:06.754988288,13,8456,138,65
41.615848,-89.280959,2026-08-10 02:58:07.30663424,13,8663,112,30
41.812091,-88.967088,2026-08-10 02:58:07.448186112,13,12233,95,28
40.015862,-82.665798,2026-08-10 02:58:07.619017984,13,9257,82,29
46.222229,-63.668663,2026-08-10 02:58:08.111308800,13,10805,253,45
40.74333,-81.969792,2026-08-10 02:58:08.812074240,13,6617,115,62
40.74203,-81.97688,2026-08-10 02:58:08.812071424,13,11236,69,44
40.723687,-81.952496,2026-08-10 02:58:08.812137472,13,11517,78,28
23.477748,-105.153968,2026-08-10 02:58:09.140271872,13,12124,255,60
25.586132,-107.556518,2026-08-10 02:58:09.670480384,13,5708,253,30
41.644381,-89.397384,2026-08-10 02:58:10.694861056,13,4876,202,26
38.337379,-62.779871,2026-08-10 02:58:10.976378624,13,7683,229,96
38.350148,-62.76847,2026-08-10 02:58:10.976379904,13,6054,252,97
38.299703,-62.655218,2026-08-10 02:58:10.976348672,13,9688,265,77
38.343715,-62.748039,2026-08-10 02:58:11.92023552,13,7934,214,59
41.103352,-102.492392,2026-08-10 02:58:11.878475776,13,8951,159,23
41.718205,-89.231863,2026-08-10 02:58:12.142919168,13,11394,91,89
41.699019,-89.246631,2026-08-10 02:58:12.142924032,13,6928,112,66
40.926616,-102.537755,2026-08-10 02:58:12.347949824,13,12903,81,47
40.899249,-102.528942,2026-08-10 02:58:12.585641216,13,8056,157,98
40.914436,-102.540927,2026-08-10 02:58:12.606769664,13,7791,157,49
40.914348,-102.552904,2026-08-10 02:58:12.645049344,13,12039,89,50
40.966628,-102.582993,2026-08-10 02:58:13.682132992,13,7414,193,27
41.523651,-89.449069,2026-08-10 02:58:13.709622528,13,10339,201,24
20.189913,-104.292383,2026-08-10 02:58:13.817140736,13,14412,252,53
46.095493,-64.213297,2026-08-10 02:58:15.74690560,13,6557,211,55
41.253996,-89.892386,2026-08-10 02:58:15.213815552,13,14283,72,60
41.841125,-89.147209,2026-08-10 02:58:15.368366592,13,7892,82,34
40.987378,-102.462112,2026-08-10 02:58:16.341267968,13,12752,109,52
25.112538,-99.232687,2026-08-10 02:58:16.872920320,13,10313,195,37
40.817386,-102.545936,2026-08-10 02:58:16.898927360,13,7694,167,31
40.858117,-102.615636,2026-08-10 02:58:16.898902784,13,4713,253,27
40.815049,-102.532273,2026-08-10 02:58:17.24085760,13,7372,90,29
25.651182,-107.516586,2026-08-10 02:58:17.451826944,13,9757,253,34
25.739327,-107.621415,2026-08-10 02:58:18.380797696,13,12536,197,21
41.793137,-89.204294,2026-08-10 02:58:18.786466048,13,11274,92,30
41.865064,-89.156916,2026-08-10 02:58:18.927292160,13,8622,120,35
41.695506,-89.273258,2026-08-10 02:58:19.985833216,13,14163,76,43
41.679346,-89.296496,2026-08-10 02:58:19.985896960,13,6828,119,50
41.813561,-89.082256,2026-08-10 02:58:20.286414592,13,14151,82,36
41.709983,-89.206892,2026-08-10 02:58:20.289426176,13,7322,88,36
23.636353,-104.125312,2026-08-10 02:58:20.633778688,13,9148,236,55
22.981291,-84.827358,2026-08-10 02:58:20.766332672,13,4974,252,57
26.268542,-83.020242,2026-08-10 02:58:21.796028160,13,6176,258,108
26.273135,-83.025176,2026-08-10 02:58:21.796027392,13,5930,262,108
40.926555,-102.493035,2026-08-10 02:58:22.26485248,13,14889,105,54
40.88088,-102.566401,2026-08-10 02:58:22.83578624,13,5673,248,28
41.869182,-88.972269,2026-08-10 02:58:22.292432640,13,11338,96,24
41.30507,-88.980343,2026-08-10 02:58:22.644486144,13,13717,77,37
41.311848,-88.996694,2026-08-10 02:58:22.644545536,13,6270,100,22
40.580804,-81.680365,2026-08-10 02:58:23.655193856,13,10275,255,40
40.602533,-81.592723,2026-08-10 02:58:23.715434240,13,8835,106,40
40.599804,-81.579533,2026-08-10 02:58:23.984821760,13,12094,59,72
40.636962,-81.579563,2026-08-10 02:58:23.984835328,13,7752,185,53
41.685244,-89.394904,2026-08-10 02:58:24.327459840,13,3103,154,27
35.42892,-79.956655,2026-08-10 02:58:24.500605440,13,8735,183,37
35.428627,-80.018485,2026-08-10 02:58:24.500667904,13,4331,183,24
25.682262,-107.488622,2026-08-10 02:58:24.763025920,13,11977,188,39
44.870764,-88.365686,2026-08-10 02:58:25.95585536,13,11636,100,36
29.901683,-109.554198,2026-08-10 02:58:26.275449600,13,9466,216,64
30.192735,-109.509963,2026-08-10 02:58:26.275549440,13,8165,239,50
39.945291,-82.942323,2026-08-10 02:58:26.632476160,13,9915,91,62
39.992419,-82.951008,2026-08-10 02:58:26.632495616,13,8755,192,59
39.922299,-82.905061,2026-08-10 02:58:26.632537600,13,7520,125,39
40.969898,-102.48797,2026-08-10 02:58:26.888528384,13,14160,126,28
41.690003,-89.068606,2026-08-10 02:58:27.210397184,13,12945,92,36
41.717538,-89.13377,2026-08-10 02:58:27.210467584,13,8636,174,24
41.231985,-89.258548,2026-08-10 02:58:27.514241024,13,5185,114,25
41.855068,-89.262103,2026-08-10 02:58:27.782091008,13,7717,92,40
41.84751,-89.290924,2026-08-10 02:58:27.782162688,13,6961,101,31
41.693469,-89.179009,2026-08-10 02:58:27.888877568,13,8718,108,36
41.681914,-89.200796,2026-08-10 02:58:27.888937216,13,4696,211,42
22.859521,-85.102758,2026-08-10 02:58:28.224235264,13,8327,244,52
22.71295,-85.014228,2026-08-10 02:58:29.39248384,13,6162,254,22
40.82802,-81.903305,2026-08-10 02:58:29.928872960,13,5085,123,25
41.903528,-89.203592,2026-08-10 02:58:30.659900160,13,14207,132,28
40.929168,-102.516336,2026-08-10 02:58:31.197038592,13,6502,161,83
40.917325,-102.371745,2026-08-10 02:58:31.197071360,13,10815,157,70
38.386647,-63.021314,2026-08-10 02:58:32.288936192,13,14139,210,36
38.343023,-62.992412,2026-08-10 02:58:32.288980224,13,7458,255,28
41.273818,-88.94204,2026-08-10 02:58:32.374057472,13,10007,65,41
41.278476,-88.98079,2026-08-10 02:58:32.374117632,13,8548,197,47
38.350671,-63.179349,2026-08-10 02:58:33.51177728,13,13989,240,68
38.467083,-63.208302,2026-08-10 02:58:33.248097024,13,5525,210,38
38.395119,-63.109135,2026-08-10 02:58:33.248121344,13,7027,254,28
41.036314,-102.700927,2026-08-10 02:58:34.549975296,13,9068,163,17
18.622653,-99.000274,2026-08-10 02:58:35.83472640,13,11064,267,71
41.02689,-102.655407,2026-08-10 02:58:35.150692096,13,9565,159,41
41.291653,-88.929957,2026-08-10 02:58:36.132307712,13,10213,81,35
41.628756,-89.218739,2026-08-10 02:58:36.202910720,13,12876,79,24
41.665736,-89.344099,2026-08-10 02:58:36.342287104,13,8236,78,32
41.832779,-89.107023,2026-08-10 02:58:36.383194368,13,13547,70,35
41.888881,-89.184384,2026-08-10 02:58:36.486436608,13,9940,82,21
41.217958,-102.23577,2026-08-10 02:58:36.570767360,13,14831,103,52
41.171747,-102.253738,2026-08-10 02:58:36.570822912,13,9395,146,38
35.467274,-79.937948,2026-08-10 02:58:36.811646464,13,8051,99,34
35.503849,-79.96119,2026-08-10 02:58:36.811720960,13,5044,204,35
35.50013,-79.950385,2026-08-10 02:58:36.811718144,13,7090,152,23
35.326506,-80.040045,2026-08-10 02:58:36.855468800,13,12590,245,22
41.820547,-89.140107,2026-08-10 02:58:36.932929024,13,6755,85,14
41.80849,-89.516903,2026-08-10 02:58:37.224856320,13,10162,192,42
41.838852,-89.313006,2026-08-10 02:58:37.224907776,13,1827,256,29
41.670195,-89.130681,2026-08-10 02:58:37.851328512,13,10416,97,44
41.68964,-89.175193,2026-08-10 02:58:37.851385344,13,6465,175,27
41.786083,-89.202109,2026-08-10 02:58:37.904410368,13,11052,112,19
48.902977,-80.376281,2026-08-10 02:58:38.42360576,13,7009,197,37
48.952461,-80.359189,2026-08-10 02:58:38.42336768,13,8031,146,25
48.980452,-80.611516,2026-08-10 02:58:38.537872384,13,11373,165,89
48.961768,-80.642358,2026-08-10 02:58:38.537879040,13,4348,219,89
48.996082,-80.711201,2026-08-10 02:58:38.537864448,13,3940,259,76
41.698631,-89.254091,2026-08-10 02:58:38.575405312,13,8640,77,47
41.607774,-89.317837,2026-08-10 02:58:38.637314048,13,14047,128,21
41.648258,-89.144099,2026-08-10 02:58:38.932888064,13,5058,91,16
40.851888,-102.397499,2026-08-10 02:58:39.173663232,13,14680,100,39
41.048522,-102.471778,2026-08-10 02:58:39.376777984,13,11257,105,99
41.040102,-102.483988,2026-08-10 02:58:39.376781312,13,9498,166,86
22.720371,-85.687884,2026-08-10 02:58:39.510557696,13,4323,252,39
41.861117,-88.95338,2026-08-10 02:58:39.570241536,13,11583,96,17
22.96636,-85.81028,2026-08-10 02:58:39.943472640,13,11705,255,26
40.905386,-90.171735,2026-08-10 02:58:40.57537280,13,14693,52,125
40.896526,-90.221218,2026-08-10 02:58:40.57539584,13,13254,167,103
40.876121,-90.175186,2026-08-10 02:58:40.57555200,13,6006,201,86
17.375796,-94.265546,2026-08-10 02:58:40.717293568,13,7311,262,33
25.827059,-82.409857,2026-08-10 02:58:40.762073344,13,7132,208,37
41.587903,-89.031092,2026-08-10 02:58:41.79223040,13,6892,91,40
41.582584,-89.085776,2026-08-10 02:58:41.79299584,13,11107,100,27
41.317891,-88.96625,2026-08-10 02:58:41.223078144,13,8583,87,25
41.418412,-89.694736,2026-08-10 02:58:41.404604928,13,11686,236,23
41.582913,-89.307528,2026-08-10 02:58:41.404718080,13,7689,175,22
35.278069,-80.022653,2026-08-10 02:58:42.644841984,13,14872,119,26
35.431586,-80.006249,2026-08-10 02:58:42.644898816,13,4513,204,30
35.425608,-79.993993,2026-08-10 02:58:42.696357632,13,6053,229,39
35.410645,-79.999713,2026-08-10 02:58:42.696411136,13,6282,156,28
35.392993,-79.984089,2026-08-10 02:58:42.749890816,13,6394,190,49
35.391257,-80.05449,2026-08-10 02:58:42.749944320,13,5707,191,39
35.407321,-79.982615,2026-08-10 02:58:42.749958400,13,9327,152,26
38.459966,-63.019361,2026-08-10 02:58:44.31425280,13,10597,268,52
38.357074,-62.77164,2026-08-10 02:58:44.63855872,13,8638,260,25
38.414875,-62.828921,2026-08-10 02:58:44.63876352,13,5037,255,22
38.353764,-62.734298,2026-08-10 02:58:44.196194048,13,7015,230,41
49.752957,-101.614979,2026-08-10 02:58:44.596830208,13,11515,150,30
41.032637,-102.478701,2026-08-10 02:58:44.786592256,13,5654,158,50
40.967608,-102.487945,2026-08-10 02:58:44.786610176,13,11564,137,38
26.561143,-82.768464,2026-08-10 02:58:45.23703040,13,14227,220,69
41.693924,-89.099945,2026-08-10 02:58:45.608093184,13,7714,92,22
40.896416,-102.54206,2026-08-10 02:58:45.815481856,13,9206,157,18
40.054302,-95.871593,2026-08-10 02:58:46.123389952,13,8237,132,23
40.959393,-102.552064,2026-08-10 02:58:46.819169792,13,3598,158,72
41.024144,-102.459006,2026-08-10 02:58:46.819205632,13,12906,82,59
33.527144,-68.876855,2026-08-10 02:58:46.938287360,13,7072,185,27
41.018565,-102.544508,2026-08-10 02:58:47.761830400,13,13472,158,26
41.868913,-89.218674,2026-08-10 02:58:47.960985344,13,10141,93,35
41.863811,-89.274261,2026-08-10 02:58:47.961053696,13,10372,101,22
41.720217,-89.073513,2026-08-10 02:58:48.321721856,13,11166,108,34
41.680955,-88.968688,2026-08-10 02:58:48.321753856,13,6451,100,26
41.715399,-89.270066,2026-08-10 02:58:48.502001408,13,9122,90,26
40.898578,-102.551493,2026-08-10 02:58:48.563430656,13,12868,102,22
41.656493,-89.202428,2026-08-10 02:58:48.807474432,13,14672,169,42
41.690423,-89.212882,2026-08-10 02:58:48.807529984,13,4419,175,35
41.667858,-89.124278,2026-08-10 02:58:48.929838080,13,13298,80,46
41.691562,-89.205461,2026-08-10 02:58:48.929901312,13,8988,175,30
25.641046,-107.489398,2026-08-10 02:58:49.96321024,13,9452,252,23
16.668801,-86.408871,2026-08-10 02:58:49.338860544,13,12096,265,42
41.669385,-89.186238,2026-08-10 02:58:49.460587008,13,7145,79,33
40.852222,-102.507087,2026-08-10 02:58:50.537877504,13,10208,165,30
40.913004,-102.483735,2026-08-10 02:58:50.753065728,13,13713,104,22
41.832018,-89.288083,2026-08-10 02:58:50.814391040,13,14448,80,24
38.671255,-63.079458,2026-08-10 02:58:51.621596672,13,9278,202,31
41.056393,-102.478035,2026-08-10 02:58:51.958386944,13,11749,105,86
41.055088,-102.504802,2026-08-10 02:58:51.958384128,13,11651,172,68
40.789412,-90.114134,2026-08-10 02:58:52.434076672,13,13515,63,32
40.781357,-90.154467,2026-08-10 02:58:52.434130944,13,10482,94,17
26.468136,-82.957117,2026-08-10 02:58:53.466438656,13,9182,262,38
41.931182,-89.3244,2026-08-10 02:58:53.973406976,13,12024,114,22
41.864526,-88.969134,2026-08-10 02:58:54.201076992,13,5382,96,49
41.832554,-89.288966,2026-08-10 02:58:54.201062144,13,7336,198,36
41.733096,-89.273101,2026-08-10 02:58:54.517290752,13,13645,90,23
41.738815,-89.372172,2026-08-10 02:58:54.813441536,13,4325,249,36
41.69642,-89.154392,2026-08-10 02:58:54.856822528,13,7482,91,30
41.716148,-89.208001,2026-08-10 02:58:54.856882176,13,3646,175,32
41.70286,-89.161902,2026-08-10 02:58:54.984902144,13,11728,86,30
41.696285,-89.169693,2026-08-10 02:58:54.984970752,13,12058,86,14
17.47989,-94.413625,2026-08-10 02:58:55.171153920,13,8715,256,34
41.269954,-89.118022,2026-08-10 02:58:55.612282624,13,9646,172,24
24.751174,-99.009291,2026-08-10 02:58:55.709378304,13,7070,251,80
23.064055,-84.917998,2026-08-10 02:58:56.335590144,13,6062,250,73
40.873806,-102.552052,2026-08-10 02:58:56.518495488,13,10079,160,32
41.782461,-89.208005,2026-08-10 02:58:56.871447808,13,13439,80,29
40.904288,-102.519319,2026-08-10 02:58:57.505421824,13,14735,112,29
40.866061,-102.628602,2026-08-10 02:58:57.537197568,13,11687,106,22
41.718768,-89.187958,2026-08-10 02:58:58.116870656,13,9484,80,81
41.710487,-89.22486,2026-08-10 02:58:58.116872192,13,10626,156,58
41.71485,-89.235553,2026-08-10 02:58:58.116931840,13,10701,180,44
40.870169,-102.554471,2026-08-10 02:58:58.306280704,13,13780,184,21
42.159694,-89.027056,2026-08-10 02:58:58.801329408,13,14349,104,20
40.839558,-102.509997,2026-08-10 02:58:58.825500928,13,3888,193,27
32.229965,-112.303182,2026-08-10 02:58:59.318822144,13,5354,187,31
41.814606,-89.107726,2026-08-10 02:58:59.550339840,13,8962,82,44
40.963426,-102.570253,2026-08-10 02:59:00.364039680,13,7191,193,23
41.702588,-89.150419,2026-08-10 02:59:00.861932288,13,13104,91,22
32.682065,-112.291771,2026-08-10 02:59:01.275169792,13,9134,172,23
40.887482,-102.505427,2026-08-10 02:59:02.24044544,13,10833,105,25
41.634221,-89.042621,2026-08-10 02:59:02.702671616,13,14284,81,26
40.944736,-102.410263,2026-08-10 02:59:02.953075968,13,8853,103,43
41.679848,-89.133388,2026-08-10 02:59:03.506739968,13,13956,80,41
41.674522,-89.177444,2026-08-10 02:59:03.506814208,13,6954,110,25
41.822889,-89.15841,2026-08-10 02:59:04.477708544,13,13294,111,18
41.76126,-89.106548,2026-08-10 02:59:04.754190080,13,10073,93,24
41.306233,-88.960384,2026-08-10 02:59:04.841674496,13,14395,77,31
18.123488,-94.51191,2026-08-10 02:59:05.448390912,13,9945,250,60
17.870921,-94.621265,2026-08-10 02:59:05.505175552,13,14020,231,17
41.763365,-89.204177,2026-08-10 02:59:07.297259264,13,2841,128,70
41.77558,-89.282067,2026-08-10 02:59:07.297255168,13,12351,188,57
41.782633,-89.26996,2026-08-10 02:59:07.297321216,13,8866,175,38
46.440784,-63.56264,2026-08-10 02:59:08.36210944,13,10946,248,51
40.975417,-102.442962,2026-08-10 02:59:08.307771392,13,13124,87,58
40.939055,-102.441947,2026-08-10 02:59:08.307796480,13,3954,113,70
26.937434,-106.110243,2026-08-10 02:59:08.936347392,13,5427,246,46
14.902417,-106.016193,2026-08-10 02:59:09.209534208,13,4086,270,38
41.625391,-89.419101,2026-08-10 02:59:09.315739136,13,9546,199,27
20.782544,129.93317,2026-08-10 02:56:26.562069504,14,9821,175,52
21.699,129.609183,2026-08-10 02:56:47.530008832,14,3653,263,37
21.658971,129.678803,2026-08-10 02:59:05.391634688,14,10107,167,38
44.92837,4.270571,2026-08-10 02:55:06.219077120,11,8570,80,232
44.931721,4.27273,2026-08-10 02:55:06.219085056,11,7772,124,374
44.966289,4.261467,2026-08-10 02:55:06.219098368,11,3436,252,352
45.060103,-2.496683,2026-08-10 02:55:12.364428288,11,13602,110,108
45.182011,-2.390697,2026-08-10 02:55:12.364566528,11,9449,269,92
45.125454,-2.440759,2026-08-10 02:55:12.364542208,11,10570,151,74
45.08971,-2.479538,2026-08-10 02:55:12.364523264,11,13369,267,54
44.709616,4.418381,2026-08-10 02:55:16.567843840,11,9522,55,247
44.717734,4.411472,2026-08-10 02:55:16.596459264,11,8717,79,332
44.714335,4.419176,2026-08-10 02:55:16.649501184,11,11616,55,224
44.806816,4.404575,2026-08-10 02:55:20.955600896,11,11377,75,190
44.81058,4.478786,2026-08-10 02:55:20.955581184,11,8354,151,289
44.80253,4.482801,2026-08-10 02:55:21.64142336,11,8642,84,371
44.804917,4.483726,2026-08-10 02:55:21.64149248,11,6566,112,286
41.63333,-89.45903,2026-08-10 02:55:25.587491072,11,4200,240,29
26.478838,-82.594445,2026-08-10 02:55:31.461188096,11,10701,261,276
41.425207,1.290152,2026-08-10 02:55:32.619145216,11,7991,187,133
41.355871,1.245266,2026-08-10 02:55:32.619201280,11,14044,184,175
39.518266,-62.432071,2026-08-10 02:55:47.369325824,11,10212,177,48
39.087313,-61.78681,2026-08-10 02:55:54.283137024,11,13056,215,51
44.792107,4.419364,2026-08-10 02:55:55.429677312,11,8650,70,89
44.805502,4.424353,2026-08-10 02:55:55.429697280,11,14819,186,70
41.713604,-89.498854,2026-08-10 02:56:01.822618624,11,7715,228,24
22.997433,-85.053836,2026-08-10 02:56:22.845040640,11,9739,225,198
44.782456,4.465245,2026-08-10 02:56:31.631336704,11,13737,90,98
44.801198,4.436231,2026-08-10 02:56:31.631333632,11,5394,120,237
44.821139,4.412452,2026-08-10 02:56:31.631342080,11,9064,118,223
44.786854,4.474945,2026-08-10 02:56:31.631344128,11,14387,116,206
26.408132,-82.623169,2026-08-10 02:56:40.40739072,11,4917,216,186
39.059147,-66.690899,2026-08-10 02:56:42.643982080,11,14646,220,49
41.550539,-89.619495,2026-08-10 02:56:46.60581632,11,11140,231,21
41.713493,-89.574881,2026-08-10 02:56:46.784220928,11,9547,229,26
41.411098,1.358375,2026-08-10 02:56:47.608131584,11,8992,234,47
41.38876,1.371885,2026-08-10 02:56:47.608193280,11,11605,171,50
45.042567,-2.437265,2026-08-10 02:56:48.21920512,11,13890,126,41
41.491073,-89.590242,2026-08-10 02:56:48.192964096,11,7271,231,23
40.496978,-81.537331,2026-08-10 02:56:48.817013248,11,12376,99,28
46.00701,-64.608993,2026-08-10 02:56:50.473706240,11,13032,142,194
43.614491,0.565141,2026-08-10 02:56:53.738676992,11,10961,131,79
43.642817,0.511718,2026-08-10 02:56:53.738695168,11,12225,254,215
43.648588,0.544959,2026-08-10 02:56:53.738758912,11,9657,232,200
43.637473,0.545076,2026-08-10 02:56:53.738758144,11,10413,136,187
43.635355,0.545953,2026-08-10 02:56:53.738748160,11,11366,131,130
45.243053,4.419758,2026-08-10 02:57:01.89053184,11,9435,124,256
45.245367,4.422326,2026-08-10 02:57:01.89058560,11,5826,149,396
39.503871,-60.143372,2026-08-10 02:57:04.16167680,11,13650,195,66
46.575669,36.634341,2026-08-10 02:57:08.76708096,11,8217,246,64
46.505821,36.510785,2026-08-10 02:57:08.191416320,11,10231,249,116
45.121766,-2.194714,2026-08-10 02:57:10.508225792,11,6233,112,233
45.121325,-2.215665,2026-08-10 02:57:10.508223232,11,12799,109,295
26.371636,-82.617695,2026-08-10 02:57:12.288891648,11,7782,261,214
45.074989,-2.365699,2026-08-10 02:57:50.833996288,11,12804,113,53
39.334112,-60.144857,2026-08-10 02:57:56.233279744,11,9666,201,198
34.73992,-67.955463,2026-08-10 02:57:57.611772416,11,8940,263,127
44.730995,4.496089,2026-08-10 02:58:07.407775744,11,7396,125,243
44.722095,4.493585,2026-08-10 02:58:07.407778304,11,6573,145,349
34.671052,-27.805,2026-08-10 02:58:08.235556096,11,4436,256,219
38.437231,-63.137169,2026-08-10 02:58:11.92127488,11,10650,171,222
26.256371,-83.008489,2026-08-10 02:58:21.796018432,11,14240,261,233
48.958137,-80.586099,2026-08-10 02:58:38.537882112,11,2972,204,77
48.938096,-80.628404,2026-08-10 02:58:38.537891584,11,4977,152,63
45.28411,-2.032999,2026-08-10 02:58:47.146918912,11,14982,109,137
45.737017,-1.86677,2026-08-10 02:58:47.147101440,11,9615,243,187
40.960468,-102.819014,2026-08-10 02:58:51.958357248,11,12517,251,29
41.638135,-89.708625,2026-08-10 02:59:07.297194496,11,9857,231,29
44.92837,4.270571,2026-08-10 02:55:06.219077120,12,8570,80,230
44.931721,4.27273,2026-08-10 02:55:06.219085056,12,7772,124,374
44.966289,4.261467,2026-08-10 02:55:06.219098368,12,3436,252,352
45.058276,-2.496898,2026-08-10 02:55:12.364427264,12,14419,142,84
45.181951,-2.390719,2026-08-10 02:55:12.364566528,12,9450,269,91
45.125454,-2.440759,2026-08-10 02:55:12.364542208,12,10570,151,74
45.08971,-2.479538,2026-08-10 02:55:12.364523264,12,13369,267,54
44.709616,4.418381,2026-08-10 02:55:16.567843840,12,9522,55,247
44.717734,4.411472,2026-08-10 02:55:16.596459264,12,8717,79,332
44.714335,4.419176,2026-08-10 02:55:16.649501184,12,11616,55,224
44.823564,4.47218,2026-08-10 02:55:20.955573760,12,7987,154,264
44.801827,4.477817,2026-08-10 02:55:21.64141824,12,8121,84,465
44.803793,4.475548,2026-08-10 02:55:21.64143616,12,10476,112,319
41.633323,-89.459065,2026-08-10 02:55:25.587491072,12,4202,240,29
26.478838,-82.594445,2026-08-10 02:55:31.461188096,12,10701,261,276
41.425207,1.290152,2026-08-10 02:55:32.619145216,12,7991,187,133
45.087566,-2.39134,2026-08-10 02:55:35.367484672,12,12697,160,70
41.608924,-89.57322,2026-08-10 02:55:37.472118016,12,8345,230,26
39.518264,-62.432073,2026-08-10 02:55:47.369325824,12,10212,177,77
44.82024,4.442573,2026-08-10 02:55:55.429686784,12,6690,190,67
44.797065,4.408155,2026-08-10 02:55:55.429686784,12,13363,177,72
44.815565,4.4323,2026-08-10 02:55:55.429702144,12,7158,203,60
44.519169,4.088261,2026-08-10 02:55:55.429632768,12,14803,231,47
44.803554,4.37191,2026-08-10 02:55:55.429753856,12,4766,188,40
41.713604,-89.498854,2026-08-10 02:56:01.822618624,12,7729,228,24
45.071873,-2.396687,2026-08-10 02:56:07.967416064,12,13127,164,210
22.997433,-85.053836,2026-08-10 02:56:22.845040640,12,9739,225,198
39.69557,-60.264263,2026-08-10 02:56:27.21313792,12,10253,219,36
44.782456,4.465245,2026-08-10 02:56:31.631336704,12,13737,90,97
44.801198,4.436231,2026-08-10 02:56:31.631333632,12,5394,120,235
44.821139,4.412452,2026-08-10 02:56:31.631342080,12,9064,118,222
44.786854,4.474945,2026-08-10 02:56:31.631344128,12,14387,116,205
24.457032,-99.190279,2026-08-10 02:56:37.301360640,12,13019,232,35
26.408132,-82.623169,2026-08-10 02:56:40.40739072,12,4917,216,186
45.062983,-2.493593,2026-08-10 02:56:40.81243136,12,12068,127,37
39.059147,-66.690899,2026-08-10 02:56:42.643982080,12,14646,220,50
41.550539,-89.619495,2026-08-10 02:56:46.60581632,12,11140,231,21
41.713493,-89.574881,2026-08-10 02:56:46.784220928,12,9547,229,26
43.626315,0.564949,2026-08-10 02:56:53.738674688,12,7149,110,191
43.649194,0.550482,2026-08-10 02:56:53.738687744,12,5862,187,234
43.642177,0.509274,2026-08-10 02:56:53.738694400,12,12202,254,216
45.242158,4.435384,2026-08-10 02:57:01.17623040,12,9339,51,238
45.247663,4.413437,2026-08-10 02:57:01.89049344,12,8574,70,397
39.50375,-60.016362,2026-08-10 02:57:04.16199680,12,11068,207,63
46.575669,36.634341,2026-08-10 02:57:08.76708096,12,8217,246,64
45.121766,-2.194714,2026-08-10 02:57:10.508225792,12,6233,112,233
45.121325,-2.215665,2026-08-10 02:57:10.508223232,12,12799,109,295
26.371636,-82.617695,2026-08-10 02:57:12.288891648,12,7782,261,215
45.062491,-2.499493,2026-08-10 02:57:17.626763008,12,12195,152,172
45.060879,-2.490638,2026-08-10 02:57:17.626776832,12,6893,177,156
45.074989,-2.365699,2026-08-10 02:57:50.833996288,12,12804,113,54
39.334112,-60.144857,2026-08-10 02:57:56.233279744,12,9666,201,191
34.73992,-67.955463,2026-08-10 02:57:57.611772416,12,8940,263,125
44.730995,4.496089,2026-08-10 02:58:07.407775744,12,7396,125,243
44.722099,4.493578,2026-08-10 02:58:07.407778304,12,6573,145,349
26.256371,-83.008489,2026-08-10 02:58:21.796018432,12,14240,261,233
48.958137,-80.586099,2026-08-10 02:58:38.537882112,12,2972,204,76
48.938155,-80.628362,2026-08-10 02:58:38.537891584,12,4979,152,61
45.284559,-2.027804,2026-08-10 02:58:47.146919936,12,12553,109,136
45.336208,-2.003935,2026-08-10 02:58:47.146945536,12,5687,248,185
45.290376,-2.04433,2026-08-10 02:58:47.147000576,12,9575,257,48
40.960468,-102.819014,2026-08-10 02:58:51.958357248,12,12517,251,28
23.06522,-84.92404,2026-08-10 02:58:56.335648256,12,8018,225,189
41.766178,-89.369291,2026-08-10 02:59:07.297297152,12,5176,164,26
40.984406,-89.486592,2026-08-10 04:10:07.595504128,1,9738,232,21
34.797091,-27.315973,2026-08-10 04:10:15.514496256,1,12888,267,48
41.05982,-89.411201,2026-08-10 04:10:22.864533504,1,5157,214,27
41.247129,-88.811427,2026-08-10 04:10:24.968833024,1,7095,106,19
45.028167,-2.46391,2026-08-10 04:10:25.77369856,1,10701,158,21
42.104099,-88.192177,2026-08-10 04:10:26.683169792,1,8315,101,17
38.395896,-62.598397,2026-08-10 04:10:26.808271104,1,12376,253,25
38.493439,-56.71022,2026-08-10 04:10:42.371324928,1,9035,165,35
41.981066,-88.493803,2026-08-10 04:10:49.476133888,1,8538,211,17
41.145724,-89.182385,2026-08-10 04:10:49.569494784,1,7720,155,25
41.052483,-89.468472,2026-08-10 04:10:50.462334976,1,7190,253,24
40.999409,-89.57617,2026-08-10 04:10:57.578291712,1,7738,236,21
41.111589,-89.138145,2026-08-10 04:10:57.794783488,1,11858,229,55
41.280074,-88.786266,2026-08-10 04:10:57.794900480,1,5857,157,42
38.234187,-62.128411,2026-08-10 04:11:05.682676224,1,8878,255,27
41.218941,-88.9166,2026-08-10 04:11:12.845936384,1,5133,148,27
42.83844,-86.30644,2026-08-10 04:11:51.347957760,1,8119,203,22
41.065464,-89.408574,2026-08-10 04:11:52.19633152,1,6928,231,24
41.056551,-89.416578,2026-08-10 04:11:52.345602048,1,4241,231,21
42.582514,-88.940386,2026-08-10 04:11:52.675135488,1,7011,214,20
40.016906,-95.081907,2026-08-10 04:11:53.462667264,1,7772,118,28
-31.513229,156.407562,2026-08-10 04:10:03.688124672,2,11032,239,35
-29.950844,155.775591,2026-08-10 04:10:40.774424832,2,9143,237,29
-34.057355,156.287226,2026-08-10 04:10:48.520542208,2,12977,153,21
-33.247927,155.990207,2026-08-10 04:11:21.968053760,2,12031,234,29
-30.825836,155.772169,2026-08-10 04:11:28.606797312,2,14882,146,21
40.216789,-102.193879,2026-08-10 04:10:00.669820672,3,12043,91,98
40.180623,-102.035155,2026-08-10 04:10:00.669851136,3,12636,94,82
40.20113,-102.174801,2026-08-10 04:10:00.669881856,3,10940,128,67
40.183774,-102.179045,2026-08-10 04:10:00.669889280,3,11684,148,56
40.239555,-102.194322,2026-08-10 04:10:00.669900544,3,8262,234,35
39.598247,-82.240844,2026-08-10 04:10:00.861250048,3,14864,136,15
41.126932,-88.750001,2026-08-10 04:10:01.9906432,3,6338,77,30
41.105593,-88.759623,2026-08-10 04:10:01.9970176,3,8043,115,48
41.163745,-89.073268,2026-08-10 04:10:01.486141184,3,8829,77,33
38.148668,-62.943033,2026-08-10 04:10:01.687692288,3,5331,250,26
38.10926,-62.941541,2026-08-10 04:10:01.700270592,3,3791,211,27
38.176156,-63.124315,2026-08-10 04:10:01.700330240,3,5103,269,60
38.085804,-62.793349,2026-08-10 04:10:01.700291840,3,5548,223,37
21.042037,-105.821428,2026-08-10 04:10:08.921660416,3,8979,253,49
41.23344,-88.821931,2026-08-10 04:10:09.3708160,3,10438,77,50
41.215692,-88.819416,2026-08-10 04:10:09.3760640,3,5263,207,36
40.211198,-102.294551,2026-08-10 04:10:09.125158656,3,6594,116,20
40.528148,-101.922701,2026-08-10 04:10:09.286918912,3,13202,132,29
40.359364,-102.29577,2026-08-10 04:10:09.341579520,3,13008,75,32
40.111055,-102.130563,2026-08-10 04:10:09.470598912,3,6465,153,85
41.979959,-88.218077,2026-08-10 04:10:16.558441728,3,10128,135,35
42.002697,-88.095395,2026-08-10 04:10:16.558476288,3,14853,122,22
41.857617,-88.453749,2026-08-10 04:10:16.586763264,3,12894,212,26
42.096563,-88.292708,2026-08-10 04:10:16.615600896,3,14282,119,28
41.232971,-88.766736,2026-08-10 04:10:16.837050112,3,5693,164,26
41.086146,-88.813965,2026-08-10 04:10:16.914071552,3,14790,79,51
41.053158,-88.756987,2026-08-10 04:10:16.914144000,3,13157,206,42
41.108231,-88.829551,2026-08-10 04:10:16.914124288,3,5067,170,34
41.306354,-88.886866,2026-08-10 04:10:17.117905920,3,13769,71,34
41.233228,-88.769749,2026-08-10 04:10:17.117934080,3,6748,172,20
42.810997,-88.61359,2026-08-10 04:10:17.428294144,3,12682,124,23
42.788214,-88.471162,2026-08-10 04:10:17.444146944,3,7993,79,52
42.798402,-88.558935,2026-08-10 04:10:17.444197120,3,5808,222,41
42.7809,-88.488239,2026-08-10 04:10:17.444205056,3,7371,116,19
41.243248,-88.820642,2026-08-10 04:10:17.477161984,3,11223,65,39
42.810536,-88.477583,2026-08-10 04:10:17.541367808,3,14396,88,67
41.26676,-88.678396,2026-08-10 04:10:24.557409792,3,7973,166,20
41.99553,-88.410081,2026-08-10 04:10:24.580165120,3,12956,210,28
19.86234,-105.848273,2026-08-10 04:10:24.652415488,3,9736,256,19
51.747972,-114.520964,2026-08-10 04:10:24.956625664,3,10527,96,58
51.69127,-114.549398,2026-08-10 04:10:24.956694016,3,13383,229,55
51.682108,-114.588002,2026-08-10 04:10:24.956693760,3,9512,263,38
41.243809,-88.788484,2026-08-10 04:10:24.968774912,3,14024,86,41
41.250069,-88.843331,2026-08-10 04:10:24.968834048,3,10738,216,45
41.250236,-88.834399,2026-08-10 04:10:24.968831744,3,10494,171,32
41.210156,-88.788051,2026-08-10 04:10:25.105851904,3,10143,77,52
41.215023,-88.809768,2026-08-10 04:10:25.105908992,3,5827,207,39
41.218342,-88.815846,2026-08-10 04:10:25.105906688,3,4173,187,24
41.125185,-89.353988,2026-08-10 04:10:25.753319680,3,10008,193,36
41.184771,-89.094108,2026-08-10 04:10:25.753399552,3,7612,165,23
40.195991,-102.167474,2026-08-10 04:10:25.801376512,3,7612,90,74
40.154052,-102.141845,2026-08-10 04:10:25.801434624,3,8162,201,60
40.215626,-102.144203,2026-08-10 04:10:25.801431552,3,6936,148,47
40.162198,-102.17145,2026-08-10 04:10:25.801442304,3,7232,155,34
41.243076,-89.21966,2026-08-10 04:10:25.904605696,3,10510,108,30
41.15024,-89.116421,2026-08-10 04:10:25.904623616,3,7169,101,19
42.264411,-87.817762,2026-08-10 04:10:26.227148800,3,7291,134,24
42.199102,-88.288587,2026-08-10 04:10:26.653819136,3,12899,101,26
42.102981,-88.188122,2026-08-10 04:10:26.683110400,3,14128,50,47
42.092944,-88.19035,2026-08-10 04:10:26.683172096,3,5490,102,26
38.421471,-62.568534,2026-08-10 04:10:26.808268032,3,9249,209,48
38.417382,-62.622263,2026-08-10 04:10:26.808285184,3,6232,242,59
38.426656,-62.610526,2026-08-10 04:10:26.863372288,3,7183,260,30
38.532678,-62.685953,2026-08-10 04:10:26.906762496,3,5946,207,40
38.439984,-62.557683,2026-08-10 04:10:26.906773760,3,4690,249,27
41.238879,-88.779896,2026-08-10 04:10:27.64431104,3,10767,70,89
41.245323,-88.827837,2026-08-10 04:10:27.64424960,3,7663,202,64
17.893755,-94.935727,2026-08-10 04:10:34.370960896,3,7587,254,44
22.679159,-103.649951,2026-08-10 04:10:34.511931648,3,6463,243,24
41.248898,-88.895244,2026-08-10 04:10:34.530553600,3,11413,92,39
41.21271,-88.827092,2026-08-10 04:10:34.530571520,3,3697,223,27
41.217336,-88.787024,2026-08-10 04:10:34.530575360,3,10137,125,17
41.1881,-88.870222,2026-08-10 04:10:34.804991744,3,7386,144,20
39.623635,-82.321098,2026-08-10 04:10:35.753396736,3,11703,80,56
39.621461,-82.425484,2026-08-10 04:10:35.753448960,3,10843,199,35
39.629011,-82.306498,2026-08-10 04:10:35.753472256,3,9464,120,22
40.159455,-95.145689,2026-08-10 04:10:35.769749248,3,12423,105,16
40.140535,-95.142361,2026-08-10 04:10:35.769761536,3,12492,70,70
40.135624,-95.330426,2026-08-10 04:10:35.769770240,3,13599,138,57
40.117932,-95.155525,2026-08-10 04:10:35.769827072,3,6773,129,32
39.63958,-82.347922,2026-08-10 04:10:35.817548800,3,7249,80,62
40.149493,-96.657175,2026-08-10 04:10:35.817431296,3,13724,176,39
40.167174,-96.638727,2026-08-10 04:10:35.817435392,3,6013,151,33
42.276829,-87.795181,2026-08-10 04:10:35.858687744,3,8670,98,14
42.262084,-87.857029,2026-08-10 04:10:35.858684416,3,6604,178,58
40.301819,-102.14172,2026-08-10 04:10:43.820027136,3,9136,111,26
41.357199,-88.778685,2026-08-10 04:10:44.251277312,3,10548,90,30
38.471997,-62.466709,2026-08-10 04:10:44.274238976,3,6467,250,32
38.446965,-62.443446,2026-08-10 04:10:44.329604352,3,8280,260,33
41.107856,-89.360784,2026-08-10 04:10:44.364934912,3,7961,245,34
41.130375,-89.169253,2026-08-10 04:10:44.364991488,3,3806,225,21
38.474602,-62.447412,2026-08-10 04:10:44.384464128,3,11497,196,38
38.537665,-62.503219,2026-08-10 04:10:44.384499456,3,3548,215,24
40.603988,-101.682922,2026-08-10 04:10:51.890278144,3,13681,93,65
40.561846,-101.693701,2026-08-10 04:10:51.890345472,3,13013,143,53
40.602466,-101.705318,2026-08-10 04:10:51.890344704,3,9374,129,39
41.254469,-88.782015,2026-08-10 04:10:52.65166080,3,12059,128,83
41.239767,-88.876301,2026-08-10 04:10:52.65159936,3,6920,260,71
41.211722,-88.793879,2026-08-10 04:10:52.65235456,3,9507,157,58
41.21968,-88.924549,2026-08-10 04:10:52.65201408,3,3444,129,43
41.257954,-88.811787,2026-08-10 04:10:52.65233152,3,10251,135,26
39.492043,-82.371201,2026-08-10 04:10:52.374738944,3,5577,128,29
39.56157,-82.420151,2026-08-10 04:10:52.374735872,3,7670,258,16
25.275849,-95.45948,2026-08-10 04:10:52.878453248,3,10383,241,21
25.273,-95.41875,2026-08-10 04:10:53.184995072,3,8090,208,41
42.109457,-88.205581,2026-08-10 04:11:00.636465152,3,10802,148,22
41.19137,-88.735533,2026-08-10 04:11:00.903969536,3,11192,87,34
41.218469,-88.813252,2026-08-10 04:11:00.904027648,3,4387,171,23
40.247363,-102.255391,2026-08-10 04:11:01.28408576,3,6552,139,122
40.229693,-102.279828,2026-08-10 04:11:01.28404992,3,7354,193,109
40.239703,-102.362749,2026-08-10 04:11:01.28395008,3,7443,245,96
40.236241,-102.156354,2026-08-10 04:11:01.28451072,3,9753,156,82
40.236127,-102.247975,2026-08-10 04:11:01.28476416,3,12283,146,69
41.246164,-88.772861,2026-08-10 04:11:01.38080512,3,9987,77,52
41.24979,-88.802302,2026-08-10 04:11:01.38133760,3,8289,182,48
41.260651,-88.810813,2026-08-10 04:11:01.38131200,3,4820,171,37
41.337334,-88.885308,2026-08-10 04:11:01.291003392,3,11042,118,39
41.258369,-88.805899,2026-08-10 04:11:01.291031552,3,8690,182,37
41.23556,-88.804289,2026-08-10 04:11:08.802692352,3,14704,77,44
41.232077,-88.818202,2026-08-10 04:11:08.802750464,3,9388,99,28
41.238758,-88.801045,2026-08-10 04:11:08.976901376,3,10951,79,35
41.27295,-88.871801,2026-08-10 04:11:08.976948480,3,9898,171,24
39.634902,-82.061792,2026-08-10 04:11:09.217964544,3,13004,123,24
19.711526,-106.07112,2026-08-10 04:11:09.837676288,3,3922,261,30
42.071489,-88.192365,2026-08-10 04:11:10.127488000,3,12355,107,20
42.034021,-88.442312,2026-08-10 04:11:10.127477760,3,11735,231,41
21.164605,-106.070937,2026-08-10 04:11:17.184863744,3,13445,256,34
39.604406,-82.294376,2026-08-10 04:11:17.829060864,3,11245,81,66
39.631754,-82.282372,2026-08-10 04:11:17.829091072,3,7653,197,47
39.558226,-82.162779,2026-08-10 04:11:17.829115648,3,4804,160,32
39.585647,-82.264514,2026-08-10 04:11:17.829132288,3,8627,121,19
42.088293,-88.157821,2026-08-10 04:11:18.66179072,3,8787,89,39
42.10689,-88.251718,2026-08-10 04:11:18.66230016,3,9494,232,44
42.113135,-88.307907,2026-08-10 04:11:18.89486592,3,10979,120,35
41.039134,-89.052753,2026-08-10 04:11:18.664561920,3,10871,221,29
41.230133,-88.656981,2026-08-10 04:11:18.664695808,3,9669,144,16
41.254584,-88.806507,2026-08-10 04:11:18.691775744,3,7386,78,54
41.240548,-88.826412,2026-08-10 04:11:18.691835904,3,4630,211,49
41.133265,-88.743846,2026-08-10 04:11:25.769250816,3,12841,76,61
41.14535,-88.781689,2026-08-10 04:11:25.769306624,3,10591,190,45
41.132412,-88.852488,2026-08-10 04:11:25.769283072,3,4531,231,28
42.075097,-88.09741,2026-08-10 04:11:25.981438464,3,13441,87,57
41.972187,-88.389614,2026-08-10 04:11:25.981412352,3,3393,263,42
42.099177,-88.071429,2026-08-10 04:11:25.981512704,3,8646,165,29
41.947252,-88.444625,2026-08-10 04:11:26.58354944,3,10732,211,43
41.969449,-88.403573,2026-08-10 04:11:26.58364928,3,2080,263,31
41.951453,-88.388793,2026-08-10 04:11:26.91321856,3,13015,210,17
42.133209,-88.121768,2026-08-10 04:11:26.194844160,3,12632,203,17
39.578656,-82.377412,2026-08-10 04:11:26.596630016,3,11058,135,30
39.67219,-82.240924,2026-08-10 04:11:26.596678912,3,7231,154,17
39.606738,-82.290445,2026-08-10 04:11:26.653695232,3,11487,155,39
39.614378,-82.260081,2026-08-10 04:11:26.653749248,3,13087,120,25
41.150838,-89.132261,2026-08-10 04:11:26.770916608,3,7594,122,35
41.175802,-88.991818,2026-08-10 04:11:26.770957056,3,5357,171,20
19.959978,-106.101019,2026-08-10 04:11:26.891649024,3,7940,256,35
41.113172,-89.181669,2026-08-10 04:11:27.216525568,3,5363,113,32
42.239689,-88.103002,2026-08-10 04:11:27.374796544,3,13007,182,45
42.270183,-87.880748,2026-08-10 04:11:27.374854912,3,7353,217,33
42.61642,-88.754554,2026-08-10 04:11:35.162107392,3,12951,72,34
42.639231,-88.625529,2026-08-10 04:11:35.162135552,3,10125,95,20
40.610736,-101.386375,2026-08-10 04:11:35.182245376,3,9594,144,110
40.565305,-101.411959,2026-08-10 04:11:35.182235136,3,9392,116,99
40.636859,-101.286237,2026-08-10 04:11:35.182273792,3,9950,83,86
40.456924,-101.358855,2026-08-10 04:11:35.182279936,3,13573,96,72
40.536812,-101.370853,2026-08-10 04:11:35.182313728,3,6235,149,60
40.374925,-101.940069,2026-08-10 04:11:42.550931456,3,10320,190,22
42.110428,-88.174188,2026-08-10 04:11:42.963096576,3,13582,96,31
42.088789,-88.159825,2026-08-10 04:11:42.963095552,3,11729,115,18
41.093156,-89.031037,2026-08-10 04:11:43.251964672,3,14440,189,46
41.127548,-88.838556,2026-08-10 04:11:43.252016896,3,6122,107,33
42.206978,-88.018078,2026-08-10 04:11:43.403898368,3,8604,170,47
42.203964,-87.990964,2026-08-10 04:11:43.403966464,3,9879,116,34
41.209277,-88.629389,2026-08-10 04:11:43.410068736,3,12273,78,40
41.161033,-88.900424,2026-08-10 04:11:43.410046208,3,11637,187,37
41.310612,-88.423168,2026-08-10 04:11:43.410189568,3,7100,228,23
42.21324,-88.08456,2026-08-10 04:11:43.744273408,3,14937,171,39
42.222032,-87.837672,2026-08-10 04:11:43.744332032,3,4891,103,24
40.191919,-102.351102,2026-08-10 04:11:43.906080768,3,6624,102,24
42.8359,-86.250197,2026-08-10 04:11:51.10626304,3,10920,160,30
41.279529,-88.925888,2026-08-10 04:11:51.17059328,3,12582,90,39
41.238409,-88.84197,2026-08-10 04:11:51.17074944,3,9786,182,40
41.239486,-88.818789,2026-08-10 04:11:51.17071872,3,12711,125,24
42.843592,-86.13767,2026-08-10 04:11:51.75791360,3,11944,82,43
42.866917,-86.144104,2026-08-10 04:11:51.75863808,3,4221,207,29
42.850147,-86.142021,2026-08-10 04:11:51.75863296,3,12962,130,16
42.846033,-86.152139,2026-08-10 04:11:51.347932672,3,12950,88,55
42.806153,-86.350684,2026-08-10 04:11:51.347942656,3,8489,203,42
42.844311,-86.158478,2026-08-10 04:11:51.348002304,3,13021,97,25
32.695895,-112.749101,2026-08-10 04:11:51.849020928,3,14646,244,25
41.171612,-89.044913,2026-08-10 04:11:52.19680512,3,12810,75,62
41.166196,-89.068479,2026-08-10 04:11:52.19737088,3,5939,215,46
41.183415,-89.048468,2026-08-10 04:11:52.345650944,3,7271,75,59
41.185519,-89.120598,2026-08-10 04:11:52.345698304,3,6427,236,46
41.117071,-88.992102,2026-08-10 04:11:52.396149248,3,9337,103,25
42.668401,-88.590592,2026-08-10 04:11:52.675163904,3,8201,84,54
42.683658,-88.67906,2026-08-10 04:11:52.675212544,3,9077,223,40
42.680351,-88.641761,2026-08-10 04:11:52.675216640,3,6577,176,19
42.106034,-88.204978,2026-08-10 04:11:52.736686080,3,9561,171,28
42.076735,-88.137383,2026-08-10 04:11:52.736683776,3,13929,122,20
42.667943,-88.70969,2026-08-10 04:11:52.773755136,3,6759,149,28
42.674791,-88.595898,2026-08-10 04:11:52.773787648,3,9462,92,15
42.1073,-88.270596,2026-08-10 04:11:52.807642368,3,11214,110,36
42.098902,-88.180523,2026-08-10 04:11:52.807667200,3,3054,171,23
38.787094,-60.012617,2026-08-10 04:11:53.247948288,3,7770,266,19
40.047121,-95.112178,2026-08-10 04:11:53.462595840,3,9009,177,101
40.016791,-95.109231,2026-08-10 04:11:53.462598400,3,7845,137,86
42.179584,-88.197264,2026-08-10 04:12:00.909326848,3,9611,179,29
42.263347,-87.801116,2026-08-10 04:12:01.55797248,3,12435,91,72
42.270843,-87.87858,2026-08-10 04:12:01.55853568,3,5886,230,52
42.241768,-87.820157,2026-08-10 04:12:01.55866112,3,4831,122,38
23.125477,-85.641947,2026-08-10 04:10:35.888327168,7,8139,231,19
22.569619,-85.613941,2026-08-10 04:10:35.970012672,7,14890,254,19
26.666237,-83.56603,2026-08-10 04:10:36.677206528,7,7736,259,16
26.243236,-83.37811,2026-08-10 04:10:37.153679872,7,4355,218,17
23.665582,-105.121348,2026-08-10 04:10:50.456047360,7,14577,238,31
23.85631,-104.963479,2026-08-10 04:10:50.456116480,7,9375,253,21
16.029526,-68.163545,2026-08-10 04:11:07.913117696,7,7953,237,23
25.900768,-82.706483,2026-08-10 04:11:15.115823616,7,14725,205,10
21.061342,-105.855899,2026-08-10 04:11:15.733045760,7,7361,266,18
23.157578,-85.614765,2026-08-10 04:11:16.302986240,7,7549,248,22
18.192178,-96.601588,2026-08-10 04:11:27.544794880,7,4601,252,17
18.118949,-96.350493,2026-08-10 04:11:28.431415040,7,6141,255,16
22.570692,-84.690754,2026-08-10 04:11:38.335243520,7,13309,257,14
17.768611,-94.930798,2026-08-10 04:11:55.808776704,7,10627,254,22
17.869861,-94.890075,2026-08-10 04:11:56.92172800,7,4366,256,16
6.725643,114.529997,2026-08-10 04:10:47.985374720,9,11766,203,18
25.646549,122.474441,2026-08-10 04:12:05.708795904,9,13410,144,24
41.157266,-89.182823,2026-08-10 04:10:00.169199872,13,10639,121,66
41.15634,-89.251257,2026-08-10 04:10:00.169205760,13,10517,164,71
41.236722,-89.300354,2026-08-10 04:10:00.494410240,13,12632,87,30
41.132118,-89.201032,2026-08-10 04:10:00.494433792,13,13708,88,16
42.375717,-87.872242,2026-08-10 04:10:00.564070912,13,14066,110,25
40.194113,-102.180817,2026-08-10 04:10:00.669819392,13,5984,147,97
40.18062,-102.035156,2026-08-10 04:10:00.669851136,13,12637,94,83
41.115759,-88.74225,2026-08-10 04:10:01.9907456,13,13466,79,56
41.138621,-88.781331,2026-08-10 04:10:01.9963520,13,5131,206,44
41.163743,-89.073275,2026-08-10 04:10:01.486141440,13,8829,77,33
42.088725,-88.288617,2026-08-10 04:10:02.395495424,13,12899,113,35
41.184023,-88.752819,2026-08-10 04:10:02.748825344,13,5198,136,85
41.175941,-88.805101,2026-08-10 04:10:02.748826368,13,10032,152,69
41.162829,-88.779142,2026-08-10 04:10:02.748890880,13,12326,97,18
32.834973,-112.442894,2026-08-10 04:10:02.837603584,13,9394,240,29
40.157367,-95.253446,2026-08-10 04:10:03.447497728,13,4357,179,23
39.575616,-82.359537,2026-08-10 04:10:03.528288768,13,13670,125,29
41.207501,-88.829112,2026-08-10 04:10:04.307657984,13,8474,137,20
40.515082,-101.539594,2026-08-10 04:10:04.472905216,13,3571,155,61
40.551868,-101.600246,2026-08-10 04:10:04.472898304,13,4049,186,103
40.41929,-101.423416,2026-08-10 04:10:04.472960000,13,10623,217,89
42.733166,-86.16592,2026-08-10 04:10:05.338151424,13,12377,160,34
23.177888,-103.787956,2026-08-10 04:10:05.341669120,13,6158,240,37
23.224019,-103.800933,2026-08-10 04:10:05.658898944,13,10307,256,33
41.225456,-88.736045,2026-08-10 04:10:05.786720768,13,4768,207,84
41.203389,-88.806129,2026-08-10 04:10:05.786740480,13,7738,127,69
41.20118,-88.777376,2026-08-10 04:10:05.786794752,13,7954,97,23
41.221726,-88.805151,2026-08-10 04:10:05.941437440,13,14742,77,40
41.130999,-88.794285,2026-08-10 04:10:06.539736064,13,14043,86,42
41.134047,-88.822671,2026-08-10 04:10:06.539809024,13,8531,129,27
41.162646,-88.62802,2026-08-10 04:10:06.620323840,13,10152,79,24
42.055687,-88.066662,2026-08-10 04:10:06.977342976,13,11984,89,24
41.086945,-89.123418,2026-08-10 04:10:07.595549696,13,14888,76,60
41.126754,-89.162385,2026-08-10 04:10:07.595602176,13,10825,184,43
39.558311,-82.360054,2026-08-10 04:10:08.172528640,13,14578,125,27
40.867387,-88.866516,2026-08-10 04:10:08.185320448,13,8530,210,35
41.197589,-89.068467,2026-08-10 04:10:08.256640768,13,6232,172,24
40.216935,-102.335791,2026-08-10 04:10:08.416108032,13,13924,92,34
21.041872,-105.821351,2026-08-10 04:10:08.921660416,13,8977,253,55
41.205486,-88.820303,2026-08-10 04:10:09.3715328,13,14187,77,30
40.137487,-102.017233,2026-08-10 04:10:09.470632448,13,8621,116,35
40.713585,-81.341941,2026-08-10 04:10:09.572128000,13,6638,56,48
40.76221,-81.327623,2026-08-10 04:10:09.572147456,13,5883,200,53
42.275504,-87.807665,2026-08-10 04:10:10.195259392,13,7518,213,24
42.275532,-87.992848,2026-08-10 04:10:10.197188608,13,10791,130,27
42.26259,-87.873645,2026-08-10 04:10:10.197212672,13,5966,247,18
41.245683,-88.884182,2026-08-10 04:10:10.247475968,13,14506,71,35
41.355732,-88.777668,2026-08-10 04:10:10.538945536,13,14493,187,32
41.122169,-89.284772,2026-08-10 04:10:11.341361408,13,11979,82,37
42.259743,-88.079391,2026-08-10 04:10:11.410352640,13,13614,85,34
42.208895,-88.059586,2026-08-10 04:10:11.472317440,13,5312,129,29
41.247816,-88.801309,2026-08-10 04:10:11.479372544,13,11773,60,38
23.885809,-104.437515,2026-08-10 04:10:11.979570688,13,8541,240,54
41.305636,-88.854074,2026-08-10 04:10:12.99886592,13,7022,234,25
23.910158,-104.435015,2026-08-10 04:10:12.660909568,13,9496,238,27
42.109316,-88.246795,2026-08-10 04:10:13.400266752,13,13335,206,27
40.48409,-101.825052,2026-08-10 04:10:13.569582336,13,10264,160,97
41.211261,-89.156553,2026-08-10 04:10:14.516936704,13,7156,79,56
41.20618,-89.184354,2026-08-10 04:10:14.517003776,13,12347,116,48
41.225503,-88.804518,2026-08-10 04:10:14.648085760,13,13008,77,54
41.222672,-88.824033,2026-08-10 04:10:14.732892160,13,11733,116,33
41.107301,-89.058633,2026-08-10 04:10:15.183663104,13,8236,125,24
38.451986,-62.451404,2026-08-10 04:10:15.557177344,13,12117,186,19
41.259224,-88.677426,2026-08-10 04:10:15.675767552,13,6117,225,28
41.979971,-88.218025,2026-08-10 04:10:16.558441728,13,10128,135,36
41.991191,-88.091195,2026-08-10 04:10:16.558476800,13,9578,122,23
41.857608,-88.453773,2026-08-10 04:10:16.586763264,13,12895,212,26
42.09656,-88.29271,2026-08-10 04:10:16.615598080,13,14283,142,32
41.086146,-88.813965,2026-08-10 04:10:16.914071552,13,14790,79,53
41.069832,-88.785035,2026-08-10 04:10:16.914130944,13,9712,93,25
41.198085,-88.896143,2026-08-10 04:10:17.117889792,13,10230,107,31
42.768519,-88.484513,2026-08-10 04:10:17.444215808,13,6288,141,30
42.776363,-88.491086,2026-08-10 04:10:17.444206336,13,8571,101,28
41.239677,-88.820758,2026-08-10 04:10:17.477163008,13,12748,65,34
42.770064,-88.446872,2026-08-10 04:10:17.541428736,13,10460,93,35
41.126206,-88.850376,2026-08-10 04:10:17.853380608,13,6299,187,20
41.282031,-88.911413,2026-08-10 04:10:18.379836672,13,13693,92,36
41.235357,-88.78211,2026-08-10 04:10:18.379874304,13,7485,172,23
42.847463,-86.420857,2026-08-10 04:10:19.282405888,13,14683,150,46
42.866945,-86.166616,2026-08-10 04:10:19.282471424,13,12607,214,35
41.14134,-88.727583,2026-08-10 04:10:19.921278464,13,13901,107,31
38.932741,-60.377601,2026-08-10 04:10:20.161210624,13,3805,227,42
39.792843,-82.096028,2026-08-10 04:10:20.408974336,13,11179,91,34
39.856276,-82.096206,2026-08-10 04:10:20.409007360,13,9085,211,46
39.81583,-82.114956,2026-08-10 04:10:20.446601472,13,11000,77,44
39.856905,-81.992316,2026-08-10 04:10:20.446646784,13,11429,194,48
39.82769,-81.991172,2026-08-10 04:10:20.446650368,13,12586,101,34
41.245802,-88.790231,2026-08-10 04:10:21.47521024,13,6904,187,31
39.446168,-82.534845,2026-08-10 04:10:21.639254784,13,10707,173,21
40.349466,-101.789697,2026-08-10 04:10:22.30324224,13,5478,148,114
40.351346,-101.817348,2026-08-10 04:10:22.30322432,13,7180,189,99
41.145335,-89.077655,2026-08-10 04:10:22.586231040,13,8519,76,50
41.123933,-89.088288,2026-08-10 04:10:22.586288640,13,6838,115,42
41.133278,-89.088198,2026-08-10 04:10:22.586286592,13,6793,106,30
42.261937,-88.083139,2026-08-10 04:10:22.597741312,13,13026,86,37
42.239082,-88.06414,2026-08-10 04:10:22.597744896,13,5453,227,26
41.136576,-89.066803,2026-08-10 04:10:22.864567552,13,10679,75,75
41.110356,-89.063653,2026-08-10 04:10:22.864631808,13,10302,140,29
41.089417,-89.188571,2026-08-10 04:10:23.276846848,13,13172,222,34
42.841664,-88.84997,2026-08-10 04:10:24.111120384,13,7046,189,27
42.82852,-88.558627,2026-08-10 04:10:24.111192320,13,9487,108,21
19.862374,-105.848293,2026-08-10 04:10:24.652415488,13,9737,256,19
51.747112,-114.523778,2026-08-10 04:10:24.956625152,13,10541,138,69
40.206091,-102.173449,2026-08-10 04:10:25.801369856,13,10312,91,74
40.13203,-102.148394,2026-08-10 04:10:25.801441792,13,8219,201,59
40.215649,-102.14411,2026-08-10 04:10:25.801431552,13,6937,148,46
40.16219,-102.171461,2026-08-10 04:10:25.801442304,13,7232,155,33
41.257816,-89.203084,2026-08-10 04:10:25.904598784,13,12693,105,33
42.199106,-88.288587,2026-08-10 04:10:26.653819136,13,12899,101,26
42.102979,-88.18812,2026-08-10 04:10:26.683110400,13,14128,50,36
42.101265,-88.193134,2026-08-10 04:10:26.683170048,13,6799,102,26
38.421495,-62.568587,2026-08-10 04:10:26.808268032,13,9249,209,86
38.423987,-62.623575,2026-08-10 04:10:26.808292096,13,6060,242,70
41.247853,-88.811117,2026-08-10 04:10:27.64434688,13,8247,88,53
41.188901,-88.774603,2026-08-10 04:10:27.64501760,13,7525,160,40
40.314664,-102.057334,2026-08-10 04:10:27.443643136,13,12726,92,63
40.267801,-102.046625,2026-08-10 04:10:27.443709696,13,13875,135,45
42.045165,-87.982523,2026-08-10 04:10:27.984252928,13,8224,109,40
41.11512,-89.174186,2026-08-10 04:10:28.45065728,13,12448,60,37
41.13154,-89.213735,2026-08-10 04:10:28.45119488,13,8807,215,52
21.029704,-106.119714,2026-08-10 04:10:28.466526464,13,8727,252,33
41.238972,-88.834014,2026-08-10 04:10:28.950928128,13,6265,239,29
42.780968,-85.93679,2026-08-10 04:10:29.26789888,13,10568,156,46
42.839518,-85.931782,2026-08-10 04:10:29.26844416,13,7154,214,32
42.298645,-87.804487,2026-08-10 04:10:29.322486016,13,7564,143,26
42.130865,-88.258143,2026-08-10 04:10:29.608618240,13,8287,107,65
42.113133,-88.255326,2026-08-10 04:10:29.608679168,13,7368,134,52
42.132024,-88.376958,2026-08-10 04:10:29.745967104,13,5939,162,28
20.307859,-106.120886,2026-08-10 04:10:30.7559936,13,10815,254,58
38.883568,-60.259972,2026-08-10 04:10:30.175059456,13,9176,265,29
40.68928,-101.567659,2026-08-10 04:10:31.390011136,13,9874,96,46
40.567639,-101.68381,2026-08-10 04:10:31.390039552,13,5774,148,51
41.27151,-88.801171,2026-08-10 04:10:32.154725632,13,10915,115,69
41.275551,-88.838319,2026-08-10 04:10:32.154783744,13,7432,215,53
40.316715,-101.98007,2026-08-10 04:10:32.872129024,13,6055,159,40
39.62209,-82.292694,2026-08-10 04:10:33.29895680,13,11946,121,54
41.096427,-89.37734,2026-08-10 04:10:33.317360384,13,13462,201,34
41.147206,-89.085635,2026-08-10 04:10:33.317433344,13,4876,172,21
41.179251,-89.20525,2026-08-10 04:10:33.498814208,13,5442,87,39
41.213044,-88.885645,2026-08-10 04:10:33.557795072,13,14184,94,30
41.248911,-88.895277,2026-08-10 04:10:34.530553600,13,11414,92,39
41.209645,-88.789651,2026-08-10 04:10:34.530581760,13,11488,99,26
41.187978,-88.870522,2026-08-10 04:10:34.804992000,13,7384,144,17
39.62363,-82.321095,2026-08-10 04:10:35.753396736,13,11703,80,47
40.163666,-95.152318,2026-08-10 04:10:35.769754368,13,11716,137,54
42.302999,-87.793514,2026-08-10 04:10:35.858700800,13,8372,113,56
26.130324,-83.405299,2026-08-10 04:10:36.677000192,13,5829,248,50
40.642048,-99.792222,2026-08-10 04:10:37.37071360,13,10868,103,33
40.588637,-99.965434,2026-08-10 04:10:37.37090048,13,6200,128,19
26.1955,-83.363219,2026-08-10 04:10:37.153613568,13,7182,208,67
26.170662,-83.472554,2026-08-10 04:10:37.153644800,13,4930,226,65
41.132495,-88.848451,2026-08-10 04:10:37.253255424,13,10968,116,52
40.202399,-102.040685,2026-08-10 04:10:37.321137920,13,7539,159,17
40.493568,-101.831924,2026-08-10 04:10:38.97477888,13,13108,159,35
40.353143,-101.707891,2026-08-10 04:10:38.97540352,13,7564,177,76
40.512488,-101.848176,2026-08-10 04:10:38.126098688,13,12549,93,56
41.166984,-88.783133,2026-08-10 04:10:38.366775808,13,5392,142,31
41.200257,-89.166592,2026-08-10 04:10:39.511586048,13,14297,75,49
41.199639,-89.169717,2026-08-10 04:10:39.511644928,13,9958,96,32
42.23348,-88.067951,2026-08-10 04:10:39.839982848,13,11402,177,42
42.277727,-87.893106,2026-08-10 04:10:39.840034560,13,6124,270,33
41.247456,-88.819791,2026-08-10 04:10:40.336789760,13,14715,77,60
41.247332,-88.84464,2026-08-10 04:10:40.336848896,13,9702,206,42
18.820746,-105.298454,2026-08-10 04:10:40.659224832,13,5658,260,44
39.6316,-82.257451,2026-08-10 04:10:40.928942336,13,7176,236,46
40.114674,-102.167791,2026-08-10 04:10:41.235554048,13,14172,89,59
40.113088,-102.228453,2026-08-10 04:10:41.235544576,13,12603,193,82
42.196059,-87.753606,2026-08-10 04:10:41.557045760,13,6537,132,31
41.17044,-89.077706,2026-08-10 04:10:41.712518144,13,5626,176,23
40.453235,-50.734285,2026-08-10 04:10:42.567695104,13,9302,192,50
40.312301,-102.144094,2026-08-10 04:10:43.820028672,13,5900,167,24
38.441069,-62.439876,2026-08-10 04:10:44.384466432,13,12023,226,25
41.255651,-88.806597,2026-08-10 04:10:45.112510208,13,9166,127,76
41.239499,-88.853933,2026-08-10 04:10:45.112510720,13,10586,186,67
41.262981,-88.919183,2026-08-10 04:10:45.112558080,13,13414,143,54
41.111329,-89.048436,2026-08-10 04:10:45.495084032,13,13430,77,49
40.305042,-101.029662,2026-08-10 04:10:45.829310464,13,13400,105,31
42.204908,-88.082728,2026-08-10 04:10:45.852032000,13,9288,126,27
41.176036,-88.693203,2026-08-10 04:10:46.140001024,13,10299,87,40
41.202491,-88.708136,2026-08-10 04:10:46.140076800,13,5100,166,27
39.625875,-82.320374,2026-08-10 04:10:46.585935872,13,10820,80,44
39.589514,-82.290275,2026-08-10 04:10:46.586011136,13,13701,98,31
41.141909,-89.176166,2026-08-10 04:10:47.150035968,13,10738,108,25
41.158482,-88.725975,2026-08-10 04:10:47.555249664,13,7509,127,45
41.149375,-88.752899,2026-08-10 04:10:47.555314432,13,5982,104,32
42.245404,-87.883179,2026-08-10 04:10:49.363932160,13,6067,170,23
42.03631,-88.42144,2026-08-10 04:10:49.476151808,13,11091,184,29
42.085554,-88.278791,2026-08-10 04:10:49.550798592,13,9514,124,32
41.1659,-89.069895,2026-08-10 04:10:49.569460480,13,9622,75,41
41.151674,-89.090492,2026-08-10 04:10:49.569518336,13,7118,115,42
23.72977,-104.829321,2026-08-10 04:10:50.456053760,13,12801,266,82
23.914272,-104.94121,2026-08-10 04:10:50.456134400,13,6275,254,69
40.266426,-102.182947,2026-08-10 04:10:51.66716416,13,8911,149,124
40.273601,-102.230189,2026-08-10 04:10:51.66710784,13,3048,192,108
40.195103,-102.170502,2026-08-10 04:10:51.66743296,13,4236,139,95
40.305218,-102.156293,2026-08-10 04:10:51.66736384,13,13142,141,82
23.11535,-85.678653,2026-08-10 04:10:51.484316928,13,6521,247,46
23.092535,-85.677432,2026-08-10 04:10:51.546153216,13,5698,247,33
40.602301,-101.693781,2026-08-10 04:10:51.890281216,13,5304,148,75
40.694684,-101.646731,2026-08-10 04:10:51.890308864,13,11015,111,62
41.254618,-88.807703,2026-08-10 04:10:52.65170944,13,13644,125,53
39.527145,-82.433288,2026-08-10 04:10:52.374726144,13,5271,184,30
39.637884,-82.299583,2026-08-10 04:10:52.374779392,13,6546,253,17
41.236097,-88.792834,2026-08-10 04:10:53.467119616,13,10855,103,30
21.104851,-106.125905,2026-08-10 04:10:54.97848832,13,8838,253,34
38.868642,-60.186259,2026-08-10 04:10:54.634330880,13,7640,205,34
38.894628,-60.199325,2026-08-10 04:10:54.634333952,13,4605,269,32
42.2364,-87.914391,2026-08-10 04:10:54.667915008,13,13760,90,44
42.230111,-87.92857,2026-08-10 04:10:54.667976704,13,7058,95,31
42.221792,-88.056082,2026-08-10 04:10:54.911421952,13,9840,167,13
40.393934,-101.845016,2026-08-10 04:10:56.392228352,13,10230,91,27
39.598323,-82.318214,2026-08-10 04:10:56.624990976,13,14530,215,32
41.202122,-88.656685,2026-08-10 04:10:56.746894080,13,13610,126,31
41.141753,-89.166826,2026-08-10 04:10:57.578421504,13,7873,114,35
41.243425,-88.770358,2026-08-10 04:10:57.794831616,13,12255,77,75
41.236153,-88.799437,2026-08-10 04:10:57.794895360,13,11337,91,37
41.242525,-88.798608,2026-08-10 04:10:57.890288896,13,12875,127,47
41.123868,-89.187865,2026-08-10 04:10:57.890239488,13,3374,229,34
41.563941,-88.859928,2026-08-10 04:10:59.393128704,13,4491,173,19
42.263873,-88.09888,2026-08-10 04:10:59.527056896,13,13243,171,37
42.32448,-87.836857,2026-08-10 04:10:59.527132416,13,10127,212,20
42.238153,-87.961251,2026-08-10 04:10:59.571279360,13,10833,115,19
40.444966,-100.95596,2026-08-10 04:10:59.784518400,13,12707,87,78
40.354915,-100.943545,2026-08-10 04:10:59.784593664,13,14445,147,60
42.115459,-88.187152,2026-08-10 04:11:00.636474112,13,13121,107,18
41.290253,-88.887565,2026-08-10 04:11:00.904010496,13,12128,121,31
40.240037,-102.252545,2026-08-10 04:11:01.28408576,13,7267,149,118
40.230472,-102.303521,2026-08-10 04:11:01.28403968,13,5358,193,112
40.145472,-102.22688,2026-08-10 04:11:01.28438528,13,9516,126,99
42.151569,-88.231985,2026-08-10 04:11:02.156225792,13,13174,178,31
32.675888,-112.534735,2026-08-10 04:11:02.335295488,13,14745,209,32
41.126083,-89.211512,2026-08-10 04:11:02.570337536,13,7251,112,21
40.396649,-101.867224,2026-08-10 04:11:02.739682304,13,6889,189,32
41.154742,-89.118914,2026-08-10 04:11:02.790907648,13,9196,172,27
40.280631,-102.077375,2026-08-10 04:11:04.190857216,13,13869,91,64
40.278707,-102.079976,2026-08-10 04:11:04.190904320,13,14160,74,58
41.196747,-88.806199,2026-08-10 04:11:04.539432448,13,11988,77,37
41.197491,-88.817548,2026-08-10 04:11:04.539489280,13,4098,99,23
41.107197,-89.105422,2026-08-10 04:11:04.752770816,13,14823,78,40
41.107157,-89.112552,2026-08-10 04:11:04.752822272,13,2975,108,26
34.777501,-66.838281,2026-08-10 04:11:05.46262528,13,14928,150,24
38.195876,-62.087493,2026-08-10 04:11:05.682659584,13,10750,190,45
38.186559,-62.010764,2026-08-10 04:11:05.682699264,13,6606,257,61
41.182937,-89.170906,2026-08-10 04:11:06.77814784,13,11501,76,48
41.205686,-89.215065,2026-08-10 04:11:06.77867264,13,3231,184,42
40.160076,-102.276986,2026-08-10 04:11:06.254121728,13,6352,136,30
40.102444,-102.240024,2026-08-10 04:11:06.254139904,13,10568,139,17
42.269376,-87.820583,2026-08-10 04:11:06.522796032,13,13649,81,55
42.278978,-87.895905,2026-08-10 04:11:06.522852352,13,6717,217,46
42.284482,-87.800575,2026-08-10 04:11:06.654974976,13,6304,83,46
42.273666,-87.842136,2026-08-10 04:11:06.654977280,13,4617,200,65
42.278545,-87.907937,2026-08-10 04:11:06.655022080,13,3658,217,49
42.272206,-87.818164,2026-08-10 04:11:06.800749056,13,13073,78,72
42.2577,-87.835499,2026-08-10 04:11:06.800818176,13,8152,131,51
39.638548,-82.337608,2026-08-10 04:11:06.861193728,13,9054,157,33
39.627181,-82.341809,2026-08-10 04:11:06.861187584,13,8732,119,20
38.828901,-60.137258,2026-08-10 04:11:06.977547008,13,5906,266,20
40.776962,-101.113758,2026-08-10 04:11:07.338359040,13,13216,91,51
40.764161,-101.057629,2026-08-10 04:11:07.338377728,13,5717,158,38
40.232295,-102.307188,2026-08-10 04:11:07.442701824,13,6628,144,26
41.248691,-88.763254,2026-08-10 04:11:07.672449536,13,14123,78,41
41.302645,-88.752004,2026-08-10 04:11:07.672514816,13,4222,185,26
41.221875,-88.817094,2026-08-10 04:11:08.802750464,13,5041,114,30
41.229853,-88.809797,2026-08-10 04:11:08.976905472,13,13999,77,35
39.634903,-82.061797,2026-08-10 04:11:09.217964544,13,13005,123,24
19.70531,-106.073192,2026-08-10 04:11:09.837673984,13,4226,261,36
23.076989,-84.931764,2026-08-10 04:11:10.90896128,13,7914,225,30
42.108408,-88.317123,2026-08-10 04:11:10.127524864,13,14502,148,27
40.479344,-100.326733,2026-08-10 04:11:10.261309952,13,9628,88,37
40.52885,-100.321721,2026-08-10 04:11:10.261293056,13,8773,150,52
39.691387,-61.542223,2026-08-10 04:11:10.657703168,13,10727,216,48
42.235085,-87.993006,2026-08-10 04:11:10.962094080,13,11985,91,45
41.241234,-88.807451,2026-08-10 04:11:11.365874944,13,12836,79,53
41.203914,-88.799919,2026-08-10 04:11:11.365946112,13,5721,205,38
42.186135,-88.071294,2026-08-10 04:11:12.308297216,13,9799,132,24
25.751703,-107.938798,2026-08-10 04:11:12.619935232,13,11996,258,25
18.625523,-94.80816,2026-08-10 04:11:12.707062528,13,6433,250,46
41.233118,-88.794836,2026-08-10 04:11:12.845900800,13,6912,65,74
41.164699,-89.095889,2026-08-10 04:11:12.935391488,13,10994,262,26
41.092906,-89.087687,2026-08-10 04:11:13.370852096,13,12936,200,44
42.109206,-87.998968,2026-08-10 04:11:13.551608576,13,8924,208,22
40.581294,-100.470817,2026-08-10 04:11:13.873949696,13,10060,91,69
40.584033,-100.471518,2026-08-10 04:11:13.874015488,13,8315,123,59
40.611008,-100.471163,2026-08-10 04:11:13.874024192,13,6499,159,45
42.094699,-88.243405,2026-08-10 04:11:13.895230976,13,11888,74,48
40.345626,-101.815529,2026-08-10 04:11:13.970096384,13,12873,91,78
40.309922,-101.813942,2026-08-10 04:11:13.970171136,13,9472,101,39
25.988037,-82.835621,2026-08-10 04:11:14.288257536,13,9376,252,109
41.332486,-88.912059,2026-08-10 04:11:14.459376896,13,11439,78,31
26.080926,-82.854468,2026-08-10 04:11:14.798611968,13,6530,184,45
40.517549,-101.835953,2026-08-10 04:11:15.81880832,13,9992,93,94
40.351896,-101.704879,2026-08-10 04:11:15.81946880,13,7375,177,93
26.101971,-82.805991,2026-08-10 04:11:15.115873536,13,5860,263,19
41.11944,-89.140891,2026-08-10 04:11:15.497178112,13,8590,172,28
40.228044,-102.262064,2026-08-10 04:11:15.659126016,13,13357,92,77
21.063034,-105.855394,2026-08-10 04:11:15.733046272,13,7541,250,51
42.050375,-87.973764,2026-08-10 04:11:15.856130560,13,12792,82,27
42.818092,-85.882061,2026-08-10 04:11:16.160475392,13,9346,142,18
23.084128,-85.626907,2026-08-10 04:11:16.302912768,13,7241,252,106
23.01837,-85.609583,2026-08-10 04:11:16.386668288,13,6462,226,25
42.16544,-87.942077,2026-08-10 04:11:16.989465344,13,8279,139,25
41.273796,-89.254893,2026-08-10 04:11:17.79218176,13,8611,144,24
21.049591,-106.143578,2026-08-10 04:11:17.184816896,13,8947,253,37
39.562324,-82.349528,2026-08-10 04:11:17.829059840,13,8199,171,39
39.635963,-82.292295,2026-08-10 04:11:17.829090560,13,11893,197,47
39.58718,-82.260449,2026-08-10 04:11:17.829133312,13,10790,121,25
42.088296,-88.157819,2026-08-10 04:11:18.66179072,13,8786,89,52
42.109258,-88.225235,2026-08-10 04:11:18.66232320,13,5383,233,41
42.130199,-88.301006,2026-08-10 04:11:18.89480960,13,14942,121,23
41.238844,-88.815898,2026-08-10 04:11:18.691773696,13,10916,167,64
41.232512,-88.814308,2026-08-10 04:11:18.691838720,13,6657,115,50
42.831438,-86.366304,2026-08-10 04:11:19.140762112,13,11487,204,30
42.88113,-86.168873,2026-08-10 04:11:19.140807168,13,6969,82,16
42.111796,-88.034599,2026-08-10 04:11:19.761067008,13,7061,104,24
40.26165,-102.206285,2026-08-10 04:11:19.920228608,13,11216,155,74
42.183479,-88.114027,2026-08-10 04:11:20.315052800,13,10629,251,29
42.26063,-87.812054,2026-08-10 04:11:20.315144704,13,7515,103,40
39.653845,-82.233875,2026-08-10 04:11:20.793576960,13,8427,220,26
42.260685,-88.058263,2026-08-10 04:11:21.13725952,13,8866,138,24
41.18857,-88.9651,2026-08-10 04:11:21.199527936,13,13304,75,26
42.837726,-88.625501,2026-08-10 04:11:21.319107584,13,6119,140,35
41.159732,-88.88335,2026-08-10 04:11:21.499965696,13,12009,115,35
41.131868,-88.760302,2026-08-10 04:11:21.500004608,13,8467,114,44
38.468733,-62.501711,2026-08-10 04:11:21.683024384,13,12723,156,31
40.658684,-101.698854,2026-08-10 04:11:21.717250816,13,12298,94,38
40.582547,-101.70225,2026-08-10 04:11:21.717320448,13,11090,178,36
41.224791,-88.857186,2026-08-10 04:11:22.413877504,13,6388,176,22
41.206369,-88.937738,2026-08-10 04:11:22.541794560,13,6722,90,23
42.183697,-87.958258,2026-08-10 04:11:22.555507712,13,12722,85,29
40.130504,-102.260547,2026-08-10 04:11:23.576361984,13,13248,90,26
38.885854,-60.264258,2026-08-10 04:11:23.939486720,13,13333,182,21
41.188126,-88.825465,2026-08-10 04:11:24.207538944,13,7258,105,27
41.224718,-88.816237,2026-08-10 04:11:24.549338624,13,7349,105,31
41.07697,-89.270701,2026-08-10 04:11:25.161336832,13,4200,220,36
41.129378,-88.74767,2026-08-10 04:11:25.769252608,13,14929,76,51
42.042972,-88.261022,2026-08-10 04:11:25.981458176,13,9512,204,44
42.049675,-88.225451,2026-08-10 04:11:26.58423296,13,5740,105,41
39.578653,-82.377397,2026-08-10 04:11:26.596630016,13,11058,135,30
39.611774,-82.296435,2026-08-10 04:11:26.653695744,13,14873,115,39
41.123472,-89.297282,2026-08-10 04:11:26.770879488,13,9681,252,18
19.976363,-106.104899,2026-08-10 04:11:26.891653120,13,10245,257,44
41.113382,-89.181578,2026-08-10 04:11:27.216525568,13,5361,113,33
42.258561,-87.943765,2026-08-10 04:11:27.374828288,13,7687,133,31
40.168799,-102.239125,2026-08-10 04:11:27.665394176,13,12297,143,27
40.098996,-102.124054,2026-08-10 04:11:27.665430528,13,10008,139,16
41.289716,-88.773488,2026-08-10 04:11:28.953460736,13,10532,78,57
40.242063,-102.24677,2026-08-10 04:11:29.216990976,13,7966,118,124
41.183403,-89.126183,2026-08-10 04:11:29.445686528,13,5866,195,82
41.650497,-88.68878,2026-08-10 04:11:29.518473728,13,12065,133,22
42.071367,-88.207034,2026-08-10 04:11:30.533551104,13,11580,108,63
42.071401,-88.19283,2026-08-10 04:11:30.533631744,13,12078,144,50
42.211934,-87.800995,2026-08-10 04:11:30.672895488,13,13627,94,25
41.225956,-88.78376,2026-08-10 04:11:30.797314304,13,10873,79,66
38.155113,-62.903218,2026-08-10 04:11:31.212957184,13,9908,205,56
38.150367,-62.963519,2026-08-10 04:11:31.297059840,13,5153,227,41
21.122386,-106.118621,2026-08-10 04:11:31.543495424,13,2985,253,46
21.098267,-106.124212,2026-08-10 04:11:31.589355776,13,8980,252,34
41.25202,-88.703087,2026-08-10 04:11:32.253928704,13,4410,186,26
41.148847,-88.842709,2026-08-10 04:11:32.427793664,13,11005,98,51
41.147054,-88.77249,2026-08-10 04:11:32.427818752,13,8725,170,37
41.210831,-88.790752,2026-08-10 04:11:32.875832064,13,6981,114,37
41.163456,-88.746678,2026-08-10 04:11:33.581911040,13,6843,117,24
41.155249,-88.61894,2026-08-10 04:11:33.620596480,13,6391,127,19
40.364441,-101.946727,2026-08-10 04:11:33.632272384,13,13362,145,24
40.403363,-101.711094,2026-08-10 04:11:33.718813696,13,10609,91,74
40.397326,-101.549324,2026-08-10 04:11:33.718843392,13,9306,174,44
40.308854,-101.736899,2026-08-10 04:11:33.964541696,13,4897,149,26
40.521388,-101.342631,2026-08-10 04:11:35.182254080,13,7056,89,81
40.562026,-101.400839,2026-08-10 04:11:35.182233344,13,5498,116,96
40.636802,-101.285746,2026-08-10 04:11:35.182273792,13,10168,83,83
39.425467,-82.435507,2026-08-10 04:11:35.946222080,13,6362,261,43
39.548772,-82.237164,2026-08-10 04:11:35.947584000,13,11724,239,39
39.465215,-82.298509,2026-08-10 04:11:35.947576064,13,14380,109,27
38.957784,-60.40875,2026-08-10 04:11:36.292272384,13,10329,236,49
41.145319,-89.272054,2026-08-10 04:11:36.337467648,13,14443,127,21
42.35996,-88.080846,2026-08-10 04:11:36.479404800,13,10348,119,28
41.168511,-89.160342,2026-08-10 04:11:36.998426112,13,13035,74,71
41.159876,-89.170958,2026-08-10 04:11:36.998488576,13,9025,114,51
41.215465,-88.971911,2026-08-10 04:11:37.190115584,13,5892,141,23
42.275777,-87.79033,2026-08-10 04:11:37.411882496,13,12645,78,62
42.189399,-87.998134,2026-08-10 04:11:37.411896832,13,9941,231,47
41.029222,-80.955242,2026-08-10 04:11:37.561652224,13,13649,76,102
41.050728,-80.989824,2026-08-10 04:11:37.561664000,13,6769,164,80
41.061905,-80.950982,2026-08-10 04:11:37.561676800,13,6772,203,52
41.21806,-88.810106,2026-08-10 04:11:37.735485184,13,12846,77,61
41.228022,-88.929597,2026-08-10 04:11:37.735527424,13,8045,144,56
23.072425,-84.868095,2026-08-10 04:11:38.335370240,13,4517,225,28
39.587015,-82.38151,2026-08-10 04:11:39.300858624,13,13239,107,45
39.630858,-82.376436,2026-08-10 04:11:39.300880896,13,4543,229,55
44.937546,-87.967724,2026-08-10 04:11:39.320261120,13,14181,98,61
44.942428,-88.052115,2026-08-10 04:11:39.320310784,13,5014,220,47
40.451709,-101.848728,2026-08-10 04:11:39.662531840,13,7899,146,85
41.216474,-88.837918,2026-08-10 04:11:40.336596224,13,10089,77,69
41.175721,-88.802782,2026-08-10 04:11:40.336662016,13,5362,116,40
41.142386,-89.069498,2026-08-10 04:11:40.391261952,13,13966,77,51
41.177523,-89.101545,2026-08-10 04:11:40.391310080,13,5598,172,38
41.239042,-89.217448,2026-08-10 04:11:40.507222784,13,13113,117,37
41.143392,-89.059373,2026-08-10 04:11:40.628604160,13,14477,125,55
42.749076,-88.736687,2026-08-10 04:11:40.879147008,13,12505,88,21
41.262197,-88.692635,2026-08-10 04:11:40.896621824,13,11770,78,26
42.800256,-85.922543,2026-08-10 04:11:41.256169472,13,10268,111,40
42.80625,-86.02886,2026-08-10 04:11:41.256210176,13,5561,217,27
40.207917,-102.358232,2026-08-10 04:11:41.603657728,13,10734,144,23
40.195406,-102.28959,2026-08-10 04:11:41.706297344,13,10261,137,35
40.155464,-102.25887,2026-08-10 04:11:41.706315520,13,10311,139,23
18.794036,-105.282102,2026-08-10 04:11:42.37850624,13,6964,259,59
40.371511,-102.000634,2026-08-10 04:11:42.550908160,13,10041,185,23
42.110429,-88.174188,2026-08-10 04:11:42.963096576,13,13581,96,31
42.109472,-88.172564,2026-08-10 04:11:42.963084544,13,13931,121,17
41.130369,-88.735711,2026-08-10 04:11:43.252045056,13,7258,192,27
42.211395,-88.104308,2026-08-10 04:11:43.403927552,13,5737,103,23
41.209283,-88.629381,2026-08-10 04:11:43.410068736,13,12271,78,40
40.232398,-102.175953,2026-08-10 04:11:44.504495872,13,12886,117,18
41.283514,-88.886906,2026-08-10 04:11:44.897885440,13,12264,99,46
41.27691,-88.813153,2026-08-10 04:11:44.897910272,13,4484,171,42
39.57363,-82.30693,2026-08-10 04:11:44.926516736,13,11933,110,25
41.263902,-88.784713,2026-08-10 04:11:45.78074880,13,10502,78,64
41.265101,-88.809205,2026-08-10 04:11:45.78131200,13,11043,188,47
32.585051,-112.765862,2026-08-10 04:11:45.370170624,13,7327,176,26
40.542499,-99.923839,2026-08-10 04:11:46.599076352,13,9277,82,76
40.542257,-99.983244,2026-08-10 04:11:46.599069696,13,10553,174,73
40.541099,-99.942385,2026-08-10 04:11:46.599143168,13,10836,123,59
19.941547,-106.112856,2026-08-10 04:11:47.26719488,13,7704,256,35
38.310859,-62.18274,2026-08-10 04:11:47.330302208,13,9475,213,110
40.272035,-102.272475,2026-08-10 04:11:47.494417664,13,13103,131,110
40.166874,-102.254502,2026-08-10 04:11:47.494447616,13,8047,87,123
42.671924,-88.926704,2026-08-10 04:11:48.635458048,13,8279,219,43
42.783849,-88.523419,2026-08-10 04:11:48.635563008,13,5510,149,29
42.229956,-87.90983,2026-08-10 04:11:48.963934208,13,7769,158,37
42.259813,-87.798685,2026-08-10 04:11:48.963970304,13,6067,154,23
40.282424,-102.043945,2026-08-10 04:11:49.143657984,13,13592,91,103
40.242335,-101.863584,2026-08-10 04:11:49.143692032,13,9648,95,86
40.276613,-102.037444,2026-08-10 04:11:49.143724032,13,9921,124,71
41.149181,-88.909487,2026-08-10 04:11:49.398547200,13,4798,189,43
41.187904,-88.774051,2026-08-10 04:11:49.483817728,13,8382,94,52
40.177926,-102.11802,2026-08-10 04:11:50.565764608,13,14619,90,58
40.110505,-102.102809,2026-08-10 04:11:50.565834240,13,9829,198,43
42.847619,-86.185521,2026-08-10 04:11:50.687833088,13,7567,227,41
42.841845,-86.139307,2026-08-10 04:11:50.771575808,13,11698,73,43
41.234643,-88.860706,2026-08-10 04:11:50.915086848,13,6084,194,64
42.846638,-86.24368,2026-08-10 04:11:50.960483328,13,11428,120,24
42.836576,-86.178342,2026-08-10 04:11:51.347933696,13,6491,142,64
42.794964,-86.335184,2026-08-10 04:11:51.347954176,13,6550,214,49
42.854966,-86.215124,2026-08-10 04:11:51.347985408,13,10078,207,36
41.118394,-89.401045,2026-08-10 04:11:52.19652864,13,13413,205,42
41.165073,-89.060827,2026-08-10 04:11:52.19742208,13,8089,206,45
41.183876,-89.079733,2026-08-10 04:11:52.345704448,13,9491,183,38
42.668394,-88.590583,2026-08-10 04:11:52.675163904,13,8199,84,55
42.683653,-88.679084,2026-08-10 04:11:52.675212544,13,9077,223,41
41.97097,-88.478367,2026-08-10 04:11:52.736598016,13,12467,211,30
42.083726,-88.149455,2026-08-10 04:11:52.807672832,13,12586,96,25
38.810722,-60.036604,2026-08-10 04:11:53.247959296,13,5710,258,22
40.047093,-95.11218,2026-08-10 04:11:53.462595840,13,9009,182,95
39.995714,-95.074615,2026-08-10 04:11:53.462610688,13,5672,174,89
41.252044,-88.777348,2026-08-10 04:11:53.693584896,13,12462,171,26
40.419589,-101.890904,2026-08-10 04:11:53.922269184,13,9395,113,47
23.19708,-103.695286,2026-08-10 04:11:54.138814464,13,14868,238,41
41.266694,-88.867329,2026-08-10 04:11:54.627380992,13,11728,141,19
41.182058,-88.88435,2026-08-10 04:11:55.530057728,13,9243,93,26
42.102118,-88.124467,2026-08-10 04:11:56.37466624,13,9810,90,52
17.84073,-94.893183,2026-08-10 04:11:56.92162048,13,4854,256,45
42.801571,-85.891979,2026-08-10 04:11:56.270406656,13,9726,116,25
40.965972,-89.116104,2026-08-10 04:11:56.403381760,13,14673,229,24
40.163068,-102.148045,2026-08-10 04:11:56.630097920,13,10215,90,73
40.144423,-102.115498,2026-08-10 04:11:56.630098688,13,8998,149,92
40.615565,-101.746858,2026-08-10 04:11:56.759512064,13,13673,161,48
41.28249,-88.930028,2026-08-10 04:11:56.970296576,13,12488,103,46
41.273477,-88.863794,2026-08-10 04:11:56.970307328,13,7772,171,38
41.250255,-88.820283,2026-08-10 04:11:57.208984832,13,13044,77,42
40.708261,-95.432169,2026-08-10 04:11:57.370487040,13,11374,138,67
40.71026,-95.635664,2026-08-10 04:11:57.370500096,13,9445,235,67
41.121556,-88.83744,2026-08-10 04:11:58.514732288,13,10308,114,53
41.084614,-88.711189,2026-08-10 04:11:58.514765056,13,13160,97,17
55.159987,-117.529104,2026-08-10 04:11:59.216719872,13,13337,240,91
55.307813,-117.676706,2026-08-10 04:11:59.216715776,13,10238,269,79
41.145915,-88.70566,2026-08-10 04:11:59.853746176,13,8563,115,20
41.188486,-89.11885,2026-08-10 04:11:59.892742656,13,10211,197,34
41.243128,-88.864858,2026-08-10 04:12:00.75614976,13,7916,146,24
42.294546,-87.918672,2026-08-10 04:12:01.55843072,13,8720,88,44
42.255968,-87.915435,2026-08-10 04:12:01.55837184,13,3011,270,41
41.098604,-88.939114,2026-08-10 04:12:01.307523584,13,7581,245,24
42.094364,-88.064331,2026-08-10 04:12:01.739849216,13,11260,141,27
21.556988,-105.51591,2026-08-10 04:12:02.5966592,13,9379,250,43
41.145033,-88.757701,2026-08-10 04:12:02.287891968,13,5895,79,75
41.120765,-88.776423,2026-08-10 04:12:02.287956480,13,9882,143,60
41.158558,-88.752465,2026-08-10 04:12:02.457562112,13,8021,159,30
41.227331,-88.759362,2026-08-10 04:12:03.125316864,13,8489,66,63
41.232971,-88.806376,2026-08-10 04:12:03.125367808,13,6067,234,49
41.219329,-88.777906,2026-08-10 04:12:03.125370624,13,4892,99,22
41.948696,-88.250704,2026-08-10 04:12:03.388900864,13,11218,258,16
42.081119,-88.498251,2026-08-10 04:12:03.520378112,13,9870,177,44
42.112645,-88.232993,2026-08-10 04:12:03.520448768,13,12462,197,31
21.092988,-106.126605,2026-08-10 04:12:03.800943872,13,6139,251,52
42.251956,-87.797936,2026-08-10 04:12:04.3481856,13,11939,103,45
39.571196,-82.428499,2026-08-10 04:12:04.255875328,13,10262,142,25
42.831515,-86.083178,2026-08-10 04:12:04.457519872,13,11931,178,29
41.228411,-88.783717,2026-08-10 04:12:04.645785088,13,12012,71,52
41.223337,-88.815191,2026-08-10 04:12:04.645858560,13,8946,116,39
41.233951,-88.835293,2026-08-10 04:12:04.696942848,13,14490,132,42
42.299822,-87.83935,2026-08-10 04:12:04.775084544,13,14401,154,26
40.204426,-102.358281,2026-08-10 04:12:05.187445248,13,10798,95,27
41.278911,-88.886856,2026-08-10 04:12:05.376748032,13,6640,139,46
41.287397,-88.77554,2026-08-10 04:12:05.376767232,13,11952,95,21
41.229153,-88.813993,2026-08-10 04:12:06.674802432,13,9619,167,76
41.220579,-88.815161,2026-08-10 04:12:06.674869248,13,6449,214,59
40.185197,-102.136001,2026-08-10 04:12:07.504816384,13,6286,90,113
40.164542,-102.10417,2026-08-10 04:12:07.504820992,13,7358,149,99
41.118954,-88.856455,2026-08-10 04:12:07.920553472,13,9236,151,62
41.189929,-89.199973,2026-08-10 04:12:07.990016768,13,13755,107,33
41.24703,-88.846502,2026-08-10 04:12:08.144754688,13,7189,140,45
40.440553,-101.778047,2026-08-10 04:12:08.367835136,13,8198,150,81
40.447816,-101.834679,2026-08-10 04:12:08.367831808,13,6242,189,100
34.387223,-81.443805,2026-08-10 04:12:08.829872640,13,11168,226,19
41.175322,-88.864123,2026-08-10 04:12:09.305735424,13,10202,144,43
41.21112,-88.881951,2026-08-10 04:12:09.513254144,13,11914,97,41
40.252854,-102.178885,2026-08-10 04:12:09.631611392,13,6599,155,46
40.235945,-102.065089,2026-08-10 04:12:09.631629568,13,10858,95,69
42.168216,-88.108043,2026-08-10 04:12:09.736339200,13,8925,118,37
42.224926,-87.966973,2026-08-10 04:12:09.736386560,13,7453,194,24
41.261831,-88.802537,2026-08-10 04:12:10.391379456,13,5820,134,24
41.3453,-88.692607,2026-08-10 04:12:10.391417344,13,13511,172,18
41.275015,-88.845373,2026-08-10 04:12:10.554269952,13,10468,77,64
41.25323,-88.860401,2026-08-10 04:12:10.554331136,13,6669,115,49
41.279039,-88.861043,2026-08-10 04:12:10.856857344,13,11190,108,18
42.207512,-88.058103,2026-08-10 04:12:10.888665344,13,6946,171,35
42.238808,-87.889925,2026-08-10 04:12:10.888704256,13,5718,227,18
42.109714,-88.151576,2026-08-10 04:12:11.460496128,13,13070,122,28
38.752944,-60.528516,2026-08-10 04:10:20.161222400,11,14878,197,172
41.059863,-89.411131,2026-08-10 04:10:22.864533504,11,5157,214,29
40.462422,-50.888535,2026-08-10 04:10:42.567740672,11,12609,201,229
40.9806,-89.391878,2026-08-10 04:10:45.495025408,11,13876,232,21
41.092774,-89.347716,2026-08-10 04:10:49.569442304,11,6419,189,16
40.638753,-55.612514,2026-08-10 04:10:53.827085568,11,5535,268,176
38.200385,-62.748811,2026-08-10 04:11:00.192259072,11,11387,228,245
42.188499,-88.123819,2026-08-10 04:11:06.522785024,11,9753,203,28
39.534394,-61.763483,2026-08-10 04:11:10.657719296,11,6116,210,104
40.590858,-100.48777,2026-08-10 04:11:13.874016512,11,11823,135,28
25.982717,-82.830429,2026-08-10 04:11:14.288311040,11,6881,218,207
39.563887,-82.309757,2026-08-10 04:11:17.829070592,11,11947,88,26
41.995978,-88.504625,2026-08-10 04:11:18.66157312,11,8346,211,60
41.072909,-89.195744,2026-08-10 04:11:24.207427328,11,8325,229,18
41.103087,-89.195494,2026-08-10 04:11:25.161356288,11,6936,163,22
41.024122,-89.103507,2026-08-10 04:11:25.769203968,11,3496,229,22
41.959995,-88.451858,2026-08-10 04:11:25.981403392,11,11625,211,23
41.956136,-88.438971,2026-08-10 04:11:26.58358016,11,6442,211,18
52.590294,15.92534,2026-08-10 04:11:29.70868224,11,11671,149,63
41.186056,-89.192918,2026-08-10 04:11:29.445727744,11,10076,160,29
41.019145,-80.96237,2026-08-10 04:11:37.561666304,11,10588,84,88
38.309481,-62.186891,2026-08-10 04:11:47.330311424,11,7147,255,237
40.273573,-102.055719,2026-08-10 04:11:49.143717888,11,13836,124,32
41.031558,-89.135537,2026-08-10 04:11:49.483767808,11,9044,230,21
41.050714,-89.43211,2026-08-10 04:11:52.19627520,11,3586,232,25
40.040959,-95.093211,2026-08-10 04:11:53.462668032,11,13602,110,40
41.109777,-88.83766,2026-08-10 04:11:58.514733568,11,4538,146,21
55.242844,-117.801749,2026-08-10 04:11:59.216714240,11,9480,194,31
52.641714,15.881656,2026-08-10 04:12:00.648023040,11,7268,152,33
52.639262,15.885069,2026-08-10 04:12:00.670691328,11,8993,135,50
52.655752,15.9071,2026-08-10 04:12:00.670684160,11,3610,221,51
52.649939,15.878159,2026-08-10 04:12:00.670685696,11,5990,183,37
52.684184,15.876668,2026-08-10 04:12:00.865335552,11,5109,79,17
42.221446,-88.025349,2026-08-10 04:12:01.55804160,11,4349,229,25
38.752944,-60.528516,2026-08-10 04:10:20.161222400,12,14878,197,172
39.015098,-60.494426,2026-08-10 04:10:30.175131392,12,13246,182,74
26.102217,-83.535826,2026-08-10 04:10:37.153785856,12,4255,257,61
40.41402,-50.883602,2026-08-10 04:10:42.567735808,12,5880,201,207
40.9806,-89.391878,2026-08-10 04:10:45.495025408,12,13876,232,21
41.092774,-89.347716,2026-08-10 04:10:49.569442304,12,6419,189,16
40.638753,-55.612514,2026-08-10 04:10:53.827085568,12,5535,268,176
38.200385,-62.748811,2026-08-10 04:11:00.192259072,12,11387,228,242
34.774118,-67.028484,2026-08-10 04:11:04.984968448,12,6110,155,171
45.033979,-2.435539,2026-08-10 04:11:05.776875776,12,8375,109,78
45.0642,-2.440393,2026-08-10 04:11:05.776911872,12,11854,268,74
42.275422,-87.834431,2026-08-10 04:11:06.522861056,12,9520,100,24
39.534394,-61.763483,2026-08-10 04:11:10.657719296,12,6116,210,104
40.590858,-100.48777,2026-08-10 04:11:13.874016512,12,11823,135,28
25.982717,-82.830429,2026-08-10 04:11:14.288311040,12,6881,218,207
39.563887,-82.309757,2026-08-10 04:11:17.829070592,12,11947,88,26
41.995978,-88.504625,2026-08-10 04:11:18.66157312,12,8346,211,60
41.072909,-89.195744,2026-08-10 04:11:24.207427328,12,8325,229,18
41.095395,-89.105311,2026-08-10 04:11:25.161384448,12,7729,186,22
41.024122,-89.103507,2026-08-10 04:11:25.769203968,12,3496,229,22
41.959995,-88.451858,2026-08-10 04:11:25.981403392,12,11625,211,23
41.956136,-88.438971,2026-08-10 04:11:26.58358016,12,6442,211,18
52.59924,15.935006,2026-08-10 04:11:29.70868224,12,10956,73,49
41.175253,-89.136741,2026-08-10 04:11:29.445732096,12,6032,165,21
41.019145,-80.96237,2026-08-10 04:11:37.561666304,12,10588,84,88
38.309481,-62.186891,2026-08-10 04:11:47.330311424,12,7147,255,179
41.050714,-89.43211,2026-08-10 04:11:52.19627520,12,3586,232,25
40.040959,-95.093211,2026-08-10 04:11:53.462668032,12,13602,110,40
41.109839,-88.837674,2026-08-10 04:11:58.514733568,12,4544,146,21
55.242844,-117.801749,2026-08-10 04:11:59.216714240,12,9480,194,31
52.641714,15.881656,2026-08-10 04:12:00.648023040,12,7268,152,33
52.639262,15.885069,2026-08-10 04:12:00.670691328,12,8993,135,50
52.655752,15.9071,2026-08-10 04:12:00.670684160,12,3610,221,51
52.649939,15.878159,2026-08-10 04:12:00.670685696,12,5990,183,37
42.22144,-88.026037,2026-08-10 04:12:01.55803904,12,4351,229,25
41.110972,-89.057709,2026-08-10 04:12:09.305675264,12,10935,250,18
42.660164,-88.616708,2026-08-10 04:12:12.138942208,12,11618,158,22
39.266535,-49.154509,2026-08-10 04:45:06.512049152,1,14834,151,225
42.089541,-88.09173,2026-08-10 04:45:13.871711744,1,8588,179,27
41.986645,-88.378024,2026-08-10 04:45:14.33966592,1,8564,220,24
41.147327,-88.839661,2026-08-10 04:45:22.143102464,1,13706,158,29
41.457791,-88.853945,2026-08-10 04:45:29.532028416,1,9254,100,22
42.796283,-85.762249,2026-08-10 04:45:46.328248576,1,12101,148,21
42.73039,-85.995312,2026-08-10 04:45:46.385222656,1,11097,181,25
40.40109,-99.864678,2026-08-10 04:45:46.793408512,1,14183,128,23
40.29973,-100.398316,2026-08-10 04:45:46.962075648,1,13440,109,42
40.501055,-99.591235,2026-08-10 04:45:47.456381696,1,9693,134,37
42.551415,-88.758528,2026-08-10 04:46:02.832704000,1,7678,212,28
42.784113,-85.708022,2026-08-10 04:46:03.784686592,1,14129,163,28
42.772392,-85.844686,2026-08-10 04:46:03.985329152,1,7015,165,22
42.726783,-85.919618,2026-08-10 04:46:04.103567616,1,9386,180,25
40.429585,-100.723476,2026-08-10 04:46:04.318363904,1,13589,110,35
42.335791,-87.297318,2026-08-10 04:46:04.669029376,1,10274,94,28
40.174826,-101.420083,2026-08-10 04:46:12.61032448,1,13729,118,42
40.203868,-101.525333,2026-08-10 04:46:12.61062912,1,14116,108,31
43.581699,-88.168037,2026-08-10 04:46:19.453328896,1,7106,130,17
43.615037,-88.252308,2026-08-10 04:46:19.532884992,1,5944,157,15
42.122873,-88.020394,2026-08-10 04:46:21.354781184,1,9759,167,21
52.64942,16.228845,2026-08-10 04:46:21.406285056,1,9909,90,24
52.645065,16.249615,2026-08-10 04:46:21.414490368,1,14488,81,156
52.650968,16.221025,2026-08-10 04:46:21.414475264,1,6297,90,142
52.634092,16.222761,2026-08-10 04:46:21.414484224,1,6027,90,129
52.679719,16.279414,2026-08-10 04:46:21.414483456,1,7615,141,114
52.649211,16.193615,2026-08-10 04:46:21.414490112,1,10317,98,101
52.645039,16.235519,2026-08-10 04:46:21.414492928,1,9352,151,86
52.654296,16.264958,2026-08-10 04:46:21.414490112,1,14505,151,70
52.623717,16.215921,2026-08-10 04:46:21.414510080,1,4995,140,49
52.618455,16.219561,2026-08-10 04:46:21.414513152,1,12638,108,36
42.124374,-88.000801,2026-08-10 04:46:21.456645632,1,8436,167,19
40.166814,-50.738388,2026-08-10 04:46:21.766971392,1,8301,173,20
41.469325,-88.935732,2026-08-10 04:46:29.191916544,1,9563,104,23
40.24147,-100.60675,2026-08-10 04:46:29.925135360,1,13095,119,32
41.255966,-88.727071,2026-08-10 04:46:30.31071744,1,11954,106,18
42.13096,-88.056821,2026-08-10 04:46:38.605715200,1,13372,162,23
41.164575,-88.772656,2026-08-10 04:46:39.746618880,1,6663,158,23
41.49158,-88.907271,2026-08-10 04:46:40.80633600,1,6320,262,20
40.216091,-101.543261,2026-08-10 04:46:48.446014464,1,11731,109,27
40.121136,-51.070107,2026-08-10 04:46:48.609976832,1,13637,165,22
43.588086,-88.03246,2026-08-10 04:46:56.216518656,1,13991,131,27
40.393141,-99.942169,2026-08-10 04:46:56.327269888,1,8243,174,31
-32.621716,156.354317,2026-08-10 04:45:12.175144192,2,10287,143,26
26.756306,122.403697,2026-08-10 04:45:27.459915776,2,7758,170,40
26.744473,122.414501,2026-08-10 04:45:27.459909632,2,8938,179,25
37.21649,120.392156,2026-08-10 04:46:43.146055680,2,12227,149,26
-35.157521,156.410476,2026-08-10 04:46:46.872164864,2,11140,170,22
40.468122,-99.517875,2026-08-10 04:45:02.124407552,3,9419,79,100
40.422894,-99.533194,2026-08-10 04:45:02.124480256,3,13724,130,79
40.448164,-99.542102,2026-08-10 04:45:02.124479744,3,11969,125,67
40.500168,-99.541419,2026-08-10 04:45:02.124481536,3,10723,176,53
40.407137,-99.533562,2026-08-10 04:45:02.156400640,3,10160,107,25
17.795355,-95.134704,2026-08-10 04:45:02.433225216,3,8132,254,26
39.959446,-95.077422,2026-08-10 04:45:02.944468992,3,4609,137,73
39.99788,-95.163293,2026-08-10 04:45:02.944518144,3,13686,101,56
42.330413,-87.505939,2026-08-10 04:45:03.444616448,3,6940,244,29
42.343442,-87.467153,2026-08-10 04:45:03.756296192,3,6780,210,30
42.376921,-87.528553,2026-08-10 04:45:03.805633024,3,14070,118,18
40.135956,-101.450024,2026-08-10 04:45:04.154228992,3,11282,65,25
41.427591,-88.878522,2026-08-10 04:45:04.254776576,3,9375,113,46
41.400003,-88.850734,2026-08-10 04:45:04.254780160,3,4814,223,32
41.003911,-88.758172,2026-08-10 04:45:04.300597760,3,13963,193,33
41.114135,-88.449633,2026-08-10 04:45:04.300682496,3,9430,187,22
42.768148,-85.860027,2026-08-10 04:45:04.846136320,3,11388,237,25
41.122816,-88.643137,2026-08-10 04:45:04.959703552,3,11138,126,25
40.43339,-101.42515,2026-08-10 04:45:12.22395392,3,13080,122,39
40.385517,-101.476574,2026-08-10 04:45:12.22409984,3,11918,109,27
40.476241,-99.684712,2026-08-10 04:45:12.259201536,3,11426,154,18
41.124346,-88.943172,2026-08-10 04:45:12.470740224,3,14032,195,45
41.175718,-88.63653,2026-08-10 04:45:12.470820352,3,7752,135,33
41.119301,-88.934321,2026-08-10 04:45:12.477916160,3,7439,195,34
41.18019,-88.738235,2026-08-10 04:45:12.477980672,3,9975,230,21
41.143234,-88.915197,2026-08-10 04:45:12.492403968,3,7700,195,34
41.178257,-88.751165,2026-08-10 04:45:12.492450304,3,7946,230,25
41.154976,-88.636765,2026-08-10 04:45:12.529808640,3,8270,103,68
41.14897,-88.751153,2026-08-10 04:45:12.529842176,3,6965,114,49
41.202401,-88.664261,2026-08-10 04:45:12.529871872,3,3600,186,36
41.173345,-88.635447,2026-08-10 04:45:12.529876736,3,14044,91,22
41.194194,-88.544757,2026-08-10 04:45:12.560843776,3,7123,139,24
41.152884,-88.743701,2026-08-10 04:45:12.560877056,3,9959,114,53
42.325807,-87.464628,2026-08-10 04:45:13.278817536,3,8051,98,73
42.320758,-87.467793,2026-08-10 04:45:13.278871296,3,5893,94,48
32.858875,-112.849781,2026-08-10 04:45:20.437543936,3,14104,208,40
32.642835,-112.960458,2026-08-10 04:45:20.437510912,3,5771,221,32
23.184154,-104.172183,2026-08-10 04:45:20.481257472,3,10718,241,29
42.811595,-85.807595,2026-08-10 04:45:20.535269376,3,14415,160,39
42.792654,-85.682663,2026-08-10 04:45:20.535303680,3,9128,127,27
42.057277,-88.157063,2026-08-10 04:45:20.609770752,3,4717,203,32
42.096117,-88.008125,2026-08-10 04:45:20.609814784,3,4794,165,21
40.034106,-101.9354,2026-08-10 04:45:20.818518272,3,9695,101,36
40.003352,-101.861768,2026-08-10 04:45:20.818538752,3,10708,162,21
42.672854,-88.583505,2026-08-10 04:45:20.944083968,3,13765,156,33
42.693182,-88.450758,2026-08-10 04:45:20.944120832,3,9804,131,20
42.726205,-88.635778,2026-08-10 04:45:21.347773184,3,7728,178,34
42.765001,-88.505871,2026-08-10 04:45:21.347817216,3,6429,215,24
42.718086,-88.549843,2026-08-10 04:45:21.465872384,3,8635,176,23
42.39514,-87.366486,2026-08-10 04:45:21.726009344,3,5651,151,25
41.292595,-88.629471,2026-08-10 04:45:21.783869184,3,8075,146,34
41.280874,-88.52202,2026-08-10 04:45:21.783898624,3,6523,99,21
42.859652,-85.680653,2026-08-10 04:45:21.796421376,3,10892,146,20
42.930795,-85.616481,2026-08-10 04:45:21.923773952,3,11565,168,22
41.159882,-88.847697,2026-08-10 04:45:22.92682496,3,8635,113,21
41.176586,-88.832515,2026-08-10 04:45:22.143109120,3,14631,104,69
41.081539,-88.693623,2026-08-10 04:45:22.143140096,3,4526,211,45
41.185593,-88.720369,2026-08-10 04:45:22.201575168,3,8947,199,23
56.422993,-119.006289,2026-08-10 04:45:22.465851904,3,14564,268,44
41.474807,-88.979839,2026-08-10 04:45:29.532000000,3,11797,108,52
41.457651,-88.873503,2026-08-10 04:45:29.532026368,3,9462,207,39
42.87825,-88.28046,2026-08-10 04:45:29.602885632,3,10346,139,17
41.287479,-88.470126,2026-08-10 04:45:30.61066240,3,8958,145,20
41.107195,-88.7936,2026-08-10 04:45:30.354914560,3,7544,119,26
41.515145,-89.202608,2026-08-10 04:45:30.471468032,3,13207,197,36
41.545055,-88.863508,2026-08-10 04:45:30.471561216,3,8154,104,24
41.553481,-88.973245,2026-08-10 04:45:30.571799296,3,8782,113,20
41.312752,-88.53412,2026-08-10 04:45:30.683509248,3,10075,144,18
18.164976,-96.485467,2026-08-10 04:45:30.867439360,3,10310,253,57
18.275475,-96.474007,2026-08-10 04:45:30.867472896,3,6700,268,46
39.479788,-61.212505,2026-08-10 04:45:30.939572992,3,9635,205,36
39.638812,-61.47236,2026-08-10 04:45:30.939672064,3,8046,196,21
39.45404,-61.189995,2026-08-10 04:45:30.976285440,3,5288,219,34
39.477256,-61.233989,2026-08-10 04:45:31.33702912,3,8948,259,31
42.31561,-87.476924,2026-08-10 04:45:38.53210112,3,4341,215,29
42.375647,-87.287605,2026-08-10 04:45:38.53258496,3,5821,177,17
41.1582,-88.727341,2026-08-10 04:45:38.276386816,3,4005,206,26
39.375707,-56.891489,2026-08-10 04:45:38.419012864,3,14067,189,22
33.095873,-112.225171,2026-08-10 04:45:38.463370752,3,14304,204,24
41.541204,-88.850805,2026-08-10 04:45:38.790543104,3,8862,109,30
41.571415,-88.706317,2026-08-10 04:45:38.790584320,3,10569,169,15
41.08488,-88.669445,2026-08-10 04:45:39.546937088,3,14819,77,66
41.070647,-88.680311,2026-08-10 04:45:39.547010560,3,10128,113,52
41.019946,-88.63364,2026-08-10 04:45:39.547013120,3,3487,159,37
41.143124,-88.664636,2026-08-10 04:45:39.547021568,3,10723,192,21
41.069022,-88.67652,2026-08-10 04:45:39.794096640,3,8778,115,42
41.074759,-88.677487,2026-08-10 04:45:39.794088448,3,8834,99,29
33.424542,-112.528936,2026-08-10 04:45:40.65897216,3,14163,202,31
33.419439,-112.535756,2026-08-10 04:45:40.65885952,3,12609,226,20
41.205005,-88.53623,2026-08-10 04:45:40.106188800,3,5652,206,18
39.348272,-49.102366,2026-08-10 04:45:40.742632704,3,8177,159,52
41.129557,-88.817881,2026-08-10 04:45:41.152728064,3,8944,208,14
42.321666,-87.460807,2026-08-10 04:45:41.293199616,3,6037,105,24
42.875806,-85.998364,2026-08-10 04:45:41.338474496,3,12634,105,43
42.908046,-86.023457,2026-08-10 04:45:41.338542336,3,3471,225,33
42.179506,-87.783548,2026-08-10 04:45:41.389841152,3,4302,116,26
41.173211,-88.688671,2026-08-10 04:45:48.998589440,3,14893,81,47
41.151145,-88.699782,2026-08-10 04:45:48.998657792,3,10890,114,37
41.165872,-88.679786,2026-08-10 04:45:48.998648064,3,13658,133,18
41.170711,-88.670613,2026-08-10 04:45:49.97575936,3,14068,103,70
41.151914,-88.694468,2026-08-10 04:45:49.97645056,3,7487,213,51
41.162785,-88.695873,2026-08-10 04:45:49.97646336,3,13700,98,38
40.37482,-101.035311,2026-08-10 04:45:49.663087872,3,14231,76,120
40.380965,-101.048948,2026-08-10 04:45:49.663104512,3,10664,116,108
42.326229,-87.358853,2026-08-10 04:45:56.757302528,3,10333,145,27
42.695903,-85.880739,2026-08-10 04:45:57.492324864,3,7418,173,30
42.766918,-85.653953,2026-08-10 04:45:57.492378368,3,8721,181,19
42.383466,-87.38522,2026-08-10 04:45:57.700649216,3,13181,122,54
42.378114,-87.3922,2026-08-10 04:45:57.700711936,3,9160,115,38
42.380232,-87.367309,2026-08-10 04:45:57.700720896,3,11328,98,22
42.438437,-87.383691,2026-08-10 04:45:57.731876096,3,10771,190,24
40.000044,-101.918136,2026-08-10 04:45:58.117436160,3,7715,150,72
39.990828,-101.901658,2026-08-10 04:45:58.117441280,3,9903,147,101
40.037808,-101.907235,2026-08-10 04:45:58.117510912,3,13292,125,76
41.474697,-88.769399,2026-08-10 04:45:58.147960064,3,8400,81,65
41.466624,-88.847403,2026-08-10 04:45:58.148042496,3,13816,117,50
41.107047,-88.706763,2026-08-10 04:46:05.357118464,3,13899,86,58
41.090424,-88.716398,2026-08-10 04:46:05.357185792,3,12804,113,44
41.11506,-88.739074,2026-08-10 04:46:05.357171712,3,7205,170,24
41.197517,-88.654257,2026-08-10 04:46:05.429367296,3,12558,108,23
41.197983,-88.780964,2026-08-10 04:46:05.460642304,3,9555,225,38
41.173625,-88.656054,2026-08-10 04:46:05.460668928,3,6096,129,25
40.036488,-101.968121,2026-08-10 04:46:05.480212224,3,11965,86,98
39.960723,-101.956921,2026-08-10 04:46:05.480239360,3,11518,114,81
40.054393,-101.968036,2026-08-10 04:46:05.480287744,3,14898,147,66
41.207285,-88.682779,2026-08-10 04:46:05.541531392,3,6808,181,36
41.224059,-88.627461,2026-08-10 04:46:05.562293504,3,8822,175,20
42.383796,-87.377929,2026-08-10 04:46:05.631613184,3,7594,174,33
41.10048,-88.712459,2026-08-10 04:46:05.725500928,3,13498,103,61
41.475728,-89.152316,2026-08-10 04:46:12.791526144,3,11260,248,29
41.513773,-88.876932,2026-08-10 04:46:12.791609344,3,11977,104,16
41.25713,-88.776858,2026-08-10 04:46:13.27875328,3,13212,103,19
42.366099,-87.334852,2026-08-10 04:46:13.102504704,3,14414,134,32
42.346799,-87.438105,2026-08-10 04:46:13.102466816,3,5027,267,18
41.258019,-88.458198,2026-08-10 04:46:13.133856768,3,14764,89,32
41.197553,-88.818015,2026-08-10 04:46:13.133837056,3,6898,209,38
41.250645,-88.507812,2026-08-10 04:46:13.133916416,3,11238,98,25
40.029431,-101.95211,2026-08-10 04:46:13.306653184,3,11399,167,16
42.66703,-88.418245,2026-08-10 04:46:13.617636096,3,13360,93,39
42.676423,-88.418099,2026-08-10 04:46:13.617687552,3,10391,96,25
42.704226,-88.624016,2026-08-10 04:46:13.668591872,3,11596,149,31
42.68769,-88.446967,2026-08-10 04:46:13.668641280,3,7233,175,18
34.648542,-107.052506,2026-08-10 04:46:13.861952256,3,7569,170,42
34.712426,-107.122327,2026-08-10 04:46:13.861985536,3,6535,204,31
34.669282,-107.197824,2026-08-10 04:46:13.874108672,3,3952,230,26
21.387889,-106.066108,2026-08-10 04:46:14.318161664,3,7380,252,43
21.401085,-106.083461,2026-08-10 04:46:14.318166528,3,12402,252,40
41.245113,-88.5716,2026-08-10 04:46:14.734146304,3,12061,84,86
41.236169,-88.604496,2026-08-10 04:46:14.734218240,3,14527,142,64
21.978021,-104.283053,2026-08-10 04:46:14.867265280,3,5832,247,22
41.255284,-88.652572,2026-08-10 04:46:14.939961600,3,7914,245,82
41.231113,-88.592693,2026-08-10 04:46:14.940043008,3,7935,141,67
40.234238,-50.861319,2026-08-10 04:46:22.96007936,3,9560,179,24
41.058624,-80.504851,2026-08-10 04:46:22.179856128,3,13905,76,82
41.044746,-80.508901,2026-08-10 04:46:22.179867648,3,14828,86,65
41.115235,-80.479028,2026-08-10 04:46:22.179888128,3,11996,111,44
40.988447,-80.460072,2026-08-10 04:46:22.179928320,3,5522,134,32
42.329314,-87.568932,2026-08-10 04:46:22.706638336,3,5237,185,21
41.562427,-88.655251,2026-08-10 04:46:23.224235008,3,12619,124,42
42.087234,-88.128643,2026-08-10 04:46:23.309665024,3,7209,162,22
55.423092,-117.424773,2026-08-10 04:46:23.724851968,3,9980,240,39
42.346722,-87.486374,2026-08-10 04:46:23.819612160,3,9431,154,34
40.052268,-101.320549,2026-08-10 04:46:24.24071680,3,2680,94,102
40.008849,-101.336586,2026-08-10 04:46:24.24086016,3,3408,193,117
39.97641,-101.326558,2026-08-10 04:46:24.24099072,3,8333,139,104
39.528181,-81.983777,2026-08-10 04:46:31.200631808,3,9694,192,28
39.482136,-82.036363,2026-08-10 04:46:31.200610048,3,8431,164,19
42.331405,-87.56924,2026-08-10 04:46:31.427746560,3,10785,185,23
42.323996,-87.572207,2026-08-10 04:46:31.443899136,3,14967,130,45
42.322351,-87.437823,2026-08-10 04:46:31.443937792,3,6745,140,20
42.281959,-87.599594,2026-08-10 04:46:31.467738112,3,7439,224,22
42.109083,-88.095446,2026-08-10 04:46:38.605630464,3,13274,65,71
42.119494,-88.152758,2026-08-10 04:46:38.605689088,3,8932,257,56
42.100344,-88.110534,2026-08-10 04:46:38.605700352,3,8357,102,38
42.806343,-85.662409,2026-08-10 04:46:38.728863488,3,6168,230,27
42.108194,-88.235249,2026-08-10 04:46:38.754809088,3,10286,99,20
41.232383,-88.445489,2026-08-10 04:46:38.912341760,3,10510,160,39
41.196704,-88.693417,2026-08-10 04:46:38.912281088,3,10620,247,26
41.179554,-88.668325,2026-08-10 04:46:39.746569472,3,7213,82,63
41.183424,-88.752513,2026-08-10 04:46:39.746626304,3,10139,257,54
41.510044,-88.843361,2026-08-10 04:46:39.889654528,3,8817,153,28
41.471943,-88.836707,2026-08-10 04:46:40.80577792,3,13704,84,33
41.493234,-88.884399,2026-08-10 04:46:40.80630272,3,5786,184,40
41.176576,-88.690695,2026-08-10 04:46:40.89497600,3,13858,91,34
41.175931,-88.718482,2026-08-10 04:46:40.89485056,3,9125,170,21
41.345506,-88.712991,2026-08-10 04:46:40.599305472,3,8597,233,32
40.343817,-101.483565,2026-08-10 04:46:40.612150784,3,9082,127,47
40.212463,-101.582129,2026-08-10 04:46:40.612194048,3,9881,197,33
17.791251,-95.155254,2026-08-10 04:46:47.649838592,3,9882,254,32
18.160908,-96.46065,2026-08-10 04:46:47.687710464,3,8765,253,61
40.250824,-101.445768,2026-08-10 04:46:48.445977600,3,9577,153,15
40.244854,-101.49845,2026-08-10 04:46:48.445967616,3,6988,186,83
40.204693,-101.438789,2026-08-10 04:46:48.446045184,3,14293,116,65
41.098897,-88.646883,2026-08-10 04:46:55.486124544,3,14798,76,59
41.081514,-88.666056,2026-08-10 04:46:55.486199296,3,11788,113,51
41.07494,-88.651017,2026-08-10 04:46:55.486192384,3,12527,98,33
42.34397,-87.261802,2026-08-10 04:46:55.816055552,3,12615,133,28
42.355891,-87.255499,2026-08-10 04:46:55.816066048,3,13690,140,15
42.174292,-88.03827,2026-08-10 04:46:55.868897024,3,9682,105,23
41.027047,-89.245415,2026-08-10 04:46:55.984497920,3,8200,173,30
41.064616,-89.100376,2026-08-10 04:46:55.984531200,3,10905,200,15
43.587291,-87.919796,2026-08-10 04:46:56.216484352,3,11066,128,74
43.626664,-87.950021,2026-08-10 04:46:56.216556032,3,13645,240,61
43.485358,-88.256964,2026-08-10 04:46:56.216466176,3,10198,247,48
43.588198,-87.924348,2026-08-10 04:46:56.216553216,3,10239,107,36
43.544485,-87.861885,2026-08-10 04:46:56.216556544,3,11196,116,22
27.149768,-105.95779,2026-08-10 04:46:56.282734336,3,11631,237,21
40.430345,-99.6832,2026-08-10 04:46:56.327260928,3,8107,80,101
43.509308,1.877083,2026-08-10 04:45:14.956093696,4,13309,161,40
26.72098,122.431205,2026-08-10 04:45:27.459908352,4,4279,178,35
52.710574,16.25112,2026-08-10 04:45:44.496589056,4,14345,142,23
52.708963,16.256726,2026-08-10 04:45:44.521043968,4,13203,148,26
33.958118,116.380732,2026-08-10 04:46:06.760946944,4,11600,182,35
52.755711,16.313603,2026-08-10 04:46:23.931331072,4,9934,112,50
52.7644,16.341968,2026-08-10 04:46:23.931335168,4,9991,119,29
37.206918,120.386623,2026-08-10 04:46:43.146055168,4,8550,149,28
18.693936,-96.371601,2026-08-10 04:45:30.867576576,7,7820,265,18
17.635883,-95.240067,2026-08-10 04:46:47.496628992,7,14750,233,11
18.622966,120.920281,2026-08-10 04:45:05.320841216,9,11573,213,24
26.746591,122.401895,2026-08-10 04:45:27.459907584,9,4776,177,29
34.126906,116.489359,2026-08-10 04:46:06.761000704,9,6815,248,27
33.831287,116.58748,2026-08-10 04:46:06.760994304,9,10762,249,18
15.656467,119.877149,2026-08-10 04:46:07.530529280,9,7743,248,14
28.817931,127.628362,2026-08-10 04:46:15.392751360,9,8018,171,20
26.771568,122.146152,2026-08-10 04:46:43.89978368,9,10412,192,19
37.220144,120.394405,2026-08-10 04:46:43.146053888,9,14353,149,26
37.28396,120.413482,2026-08-10 04:46:43.146068992,9,12641,227,11
35.571389,121.781737,2026-08-10 04:47:00.265794816,9,2899,242,16
35.609918,121.822134,2026-08-10 04:47:00.325175552,9,12826,228,15
42.765069,-85.683282,2026-08-10 04:45:00.44629248,13,14596,98,43
42.801984,-85.71537,2026-08-10 04:45:00.44691456,13,5324,212,33
40.665098,-95.186788,2026-08-10 04:45:00.337306112,13,6409,113,125
40.630656,-95.159632,2026-08-10 04:45:00.337316352,13,8651,169,110
40.668662,-95.187476,2026-08-10 04:45:00.337373952,13,11179,153,43
42.739438,-85.734743,2026-08-10 04:45:01.115690496,13,8619,161,29
42.771482,-85.619177,2026-08-10 04:45:01.115712512,13,14314,170,20
42.29285,-87.505313,2026-08-10 04:45:01.299378176,13,8191,211,33
40.465491,-99.52253,2026-08-10 04:45:02.124408320,13,7429,79,88
40.422894,-99.533194,2026-08-10 04:45:02.124480256,13,13724,130,78
39.952517,-95.084501,2026-08-10 04:45:02.944467200,13,8705,137,70
39.910277,-95.041265,2026-08-10 04:45:02.944549888,13,12568,153,55
39.923179,-95.231546,2026-08-10 04:45:02.944489728,13,5631,235,42
42.330481,-87.505762,2026-08-10 04:45:03.444616448,13,6939,244,30
42.339724,-87.450449,2026-08-10 04:45:03.756299776,13,7665,210,22
41.41894,-88.850548,2026-08-10 04:45:04.254786304,13,11381,223,14
41.040504,-88.592306,2026-08-10 04:45:04.300634624,13,14237,149,24
41.103978,-88.460029,2026-08-10 04:45:04.300677632,13,11137,187,23
42.822229,-85.703634,2026-08-10 04:45:04.846178048,13,5520,230,26
38.201486,-63.032328,2026-08-10 04:45:04.991601152,13,13383,204,52
42.073438,-88.169569,2026-08-10 04:45:05.227457280,13,10215,175,17
42.323795,-87.358604,2026-08-10 04:45:06.645365504,13,13807,99,14
40.510782,-99.608026,2026-08-10 04:45:06.843699712,13,6967,92,78
40.472536,-99.435586,2026-08-10 04:45:06.843723008,13,12988,122,62
40.423128,-99.394713,2026-08-10 04:45:07.130812928,13,12729,89,128
40.413308,-99.443143,2026-08-10 04:45:07.130806016,13,8514,170,111
40.336958,-99.38262,2026-08-10 04:45:07.130838272,13,13136,122,94
42.616127,-88.49406,2026-08-10 04:45:07.722769920,13,7591,117,69
42.643418,-88.880118,2026-08-10 04:45:07.722735104,13,8745,262,61
42.64906,-88.470994,2026-08-10 04:45:07.722840576,13,5493,189,48
41.067649,-88.644888,2026-08-10 04:45:08.49277696,13,6874,88,88
41.07247,-88.712914,2026-08-10 04:45:08.49267456,13,10786,151,74
41.056344,-88.691284,2026-08-10 04:45:08.49341696,13,8208,113,60
41.07844,-88.709886,2026-08-10 04:45:08.49337088,13,8756,169,46
41.059036,-88.667267,2026-08-10 04:45:08.275564032,13,5857,107,62
41.074303,-88.676671,2026-08-10 04:45:08.421949696,13,4911,200,22
42.674364,-87.870894,2026-08-10 04:45:08.621343232,13,8701,129,55
32.411959,-113.26732,2026-08-10 04:45:09.464596480,13,8398,184,35
32.473901,-113.149365,2026-08-10 04:45:09.464640256,13,11666,223,30
42.0776,-88.329253,2026-08-10 04:45:09.625231360,13,6906,207,26
42.385872,-87.439091,2026-08-10 04:45:09.738846976,13,6975,101,64
42.330657,-87.372551,2026-08-10 04:45:09.738881536,13,12556,171,51
42.297175,-87.422837,2026-08-10 04:45:09.738926080,13,6566,182,36
42.294741,-87.310695,2026-08-10 04:45:09.738944256,13,10698,100,19
42.315045,-87.609226,2026-08-10 04:45:10.83195648,13,9460,125,46
42.289301,-87.458612,2026-08-10 04:45:10.83243008,13,12670,100,33
41.153739,-88.658955,2026-08-10 04:45:10.192329216,13,10558,78,23
42.298718,-87.436287,2026-08-10 04:45:10.265955072,13,14794,93,34
42.327483,-87.424188,2026-08-10 04:45:10.266027264,13,8619,166,20
42.297257,-87.469751,2026-08-10 04:45:10.400519168,13,6965,168,28
41.064684,-88.913853,2026-08-10 04:45:10.717921536,13,4307,245,27
41.190717,-88.739589,2026-08-10 04:45:10.738971136,13,12302,93,18
42.639937,-88.177917,2026-08-10 04:45:10.755953920,13,14608,171,30
42.641381,-87.957322,2026-08-10 04:45:10.756012288,13,8294,118,30
41.230473,-88.482179,2026-08-10 04:45:10.928791552,13,13359,62,46
40.255832,-101.545359,2026-08-10 04:45:11.677193472,13,4735,166,91
40.261868,-101.560534,2026-08-10 04:45:11.677193472,13,10056,159,98
40.185863,-101.550109,2026-08-10 04:45:11.677218304,13,12847,128,81
40.436593,-101.379092,2026-08-10 04:45:12.22401792,13,11940,114,30
40.328215,-101.562849,2026-08-10 04:45:12.22415104,13,14335,140,24
41.203084,-88.762046,2026-08-10 04:45:12.470800384,13,14385,117,45
41.192998,-88.556657,2026-08-10 04:45:12.529812224,13,9064,88,69
42.327859,-87.442385,2026-08-10 04:45:13.278808832,13,10270,98,80
42.113272,-88.009465,2026-08-10 04:45:13.871718912,13,12154,102,76
42.08634,-88.026881,2026-08-10 04:45:13.871716608,13,7610,103,80
42.079326,-88.033427,2026-08-10 04:45:13.871718400,13,10100,103,60
40.173629,-101.389685,2026-08-10 04:45:13.955690752,13,13767,86,50
40.125911,-101.391469,2026-08-10 04:45:13.955767808,13,11799,169,48
42.094924,-88.051195,2026-08-10 04:45:14.33996800,13,10443,91,70
42.626756,-88.474262,2026-08-10 04:45:14.855038976,13,8099,89,39
42.673114,-88.45832,2026-08-10 04:45:14.855102720,13,9034,145,26
42.332248,-87.686553,2026-08-10 04:45:15.23156736,13,11188,170,22
42.974858,-88.097003,2026-08-10 04:45:15.66857728,13,10161,128,20
41.078428,-89.094831,2026-08-10 04:45:15.439089920,13,6437,183,34
41.046857,-89.074116,2026-08-10 04:45:15.439092480,13,3732,107,22
42.326985,-87.522419,2026-08-10 04:45:16.119971328,13,5207,267,25
40.207419,-51.25541,2026-08-10 04:45:16.489998848,13,11113,195,58
40.432823,-100.618561,2026-08-10 04:45:16.690391552,13,4357,164,98
42.763502,-85.754928,2026-08-10 04:45:16.795854080,13,8784,76,76
42.665597,-88.449396,2026-08-10 04:45:16.842771200,13,3978,118,76
42.764846,-85.741485,2026-08-10 04:45:16.918423808,13,7120,132,56
42.7647,-85.747173,2026-08-10 04:45:17.73950976,13,6196,128,54
41.262413,-88.558056,2026-08-10 04:45:17.673147392,13,11355,88,21
42.169924,-87.918406,2026-08-10 04:45:17.981857024,13,13355,122,26
41.509787,-88.830218,2026-08-10 04:45:18.314408960,13,7031,115,19
40.534055,-99.662015,2026-08-10 04:45:18.775389440,13,12160,154,18
41.326874,-88.639859,2026-08-10 04:45:18.871116288,13,11600,146,34
41.308145,-88.520841,2026-08-10 04:45:18.871146752,13,14582,134,16
41.05259,-88.798666,2026-08-10 04:45:19.221361920,13,4048,155,26
41.07661,-88.826485,2026-08-10 04:45:19.306985216,13,9967,141,22
41.094461,-88.712173,2026-08-10 04:45:19.307017728,13,8206,173,23
41.073278,-88.800497,2026-08-10 04:45:19.364186880,13,5096,139,28
41.032567,-88.995433,2026-08-10 04:45:19.448145152,13,13477,196,38
41.083595,-88.719255,2026-08-10 04:45:19.616566016,13,8471,123,21
41.157009,-88.746263,2026-08-10 04:45:19.775961600,13,10675,116,35
41.155731,-88.74308,2026-08-10 04:45:19.775956224,13,7328,99,20
39.597875,-82.062624,2026-08-10 04:45:20.139958784,13,13260,118,59
39.765542,-81.863357,2026-08-10 04:45:20.140042496,13,12595,232,48
32.858867,-112.849783,2026-08-10 04:45:20.437543936,13,14105,208,43
40.041338,-101.923777,2026-08-10 04:45:20.818514688,13,7744,101,36
40.003292,-101.86169,2026-08-10 04:45:20.818539008,13,10706,162,23
42.680949,-88.593168,2026-08-10 04:45:20.944087808,13,11082,155,33
42.663265,-88.448199,2026-08-10 04:45:20.944118528,13,11434,110,19
42.72631,-88.569004,2026-08-10 04:45:21.347796480,13,7822,184,19
42.718101,-88.549853,2026-08-10 04:45:21.465872384,13,8636,176,23
42.395133,-87.366485,2026-08-10 04:45:21.726009344,13,5650,151,25
41.307521,-88.6577,2026-08-10 04:45:21.783865600,13,7601,146,28
41.280868,-88.522023,2026-08-10 04:45:21.783899648,13,6524,125,19
42.859673,-85.680623,2026-08-10 04:45:21.796421376,13,10890,146,20
41.162714,-88.848485,2026-08-10 04:45:22.143100416,13,14073,93,51
42.160295,-88.004167,2026-08-10 04:45:22.943152384,13,9026,95,60
42.159218,-88.009149,2026-08-10 04:45:22.943227648,13,10031,185,47
42.158434,-87.97398,2026-08-10 04:45:23.32703232,13,5543,176,78
42.148368,-88.067252,2026-08-10 04:45:23.32701696,13,4966,181,65
42.156469,-88.139521,2026-08-10 04:45:23.223657984,13,10162,149,40
40.264577,-101.624772,2026-08-10 04:45:24.850478080,13,11225,163,19
42.888851,-88.383142,2026-08-10 04:45:25.178985216,13,9533,150,21
42.327426,-87.640309,2026-08-10 04:45:25.701340928,13,6470,155,22
40.349282,-100.629881,2026-08-10 04:45:26.733274368,13,14278,84,36
40.324802,-100.632965,2026-08-10 04:45:26.733354240,13,13935,147,39
40.357138,-100.616256,2026-08-10 04:45:26.765788928,13,6537,84,47
40.325064,-100.634117,2026-08-10 04:45:26.765856512,13,11479,147,55
41.129212,-88.891699,2026-08-10 04:45:26.854614528,13,12935,150,20
40.260935,-100.273096,2026-08-10 04:45:27.712015616,13,7835,81,86
40.240035,-100.286845,2026-08-10 04:45:27.712075520,13,11474,113,68
41.204727,-88.510702,2026-08-10 04:45:28.80714240,13,6924,98,24
38.067791,-62.6108,2026-08-10 04:45:28.572464384,13,5124,186,28
40.497728,-99.876954,2026-08-10 04:45:28.827057152,13,10782,134,62
42.32084,-87.452611,2026-08-10 04:45:29.141002240,13,13772,131,20
42.766589,-88.0483,2026-08-10 04:45:29.461063936,13,13636,98,23
41.463273,-88.975939,2026-08-10 04:45:29.531997184,13,8212,108,52
41.452385,-88.8602,2026-08-10 04:45:29.532025856,13,6165,207,40
41.287483,-88.470124,2026-08-10 04:45:30.61066240,13,8958,145,22
39.45523,-61.191211,2026-08-10 04:45:31.89658880,13,11809,251,19
42.121564,-88.048966,2026-08-10 04:45:31.638248704,13,10803,111,60
40.088293,-101.871084,2026-08-10 04:45:32.510439168,13,11289,86,124
40.022777,-101.863842,2026-08-10 04:45:32.510473984,13,8078,139,108
40.009995,-101.896939,2026-08-10 04:45:32.510472192,13,11155,130,93
41.135539,-88.73943,2026-08-10 04:45:32.826907648,13,9367,156,81
41.149323,-88.766735,2026-08-10 04:45:32.826902272,13,7319,201,66
41.138681,-88.751825,2026-08-10 04:45:32.902714624,13,6658,133,19
41.143581,-88.744118,2026-08-10 04:45:32.975075840,13,13313,93,24
41.155393,-88.744852,2026-08-10 04:45:33.258376448,13,14629,76,37
41.138662,-88.747452,2026-08-10 04:45:33.258434048,13,7605,114,39
41.158991,-88.766706,2026-08-10 04:45:33.332681216,13,4477,187,26
41.179702,-88.728627,2026-08-10 04:45:33.444320512,13,6712,160,105
41.143022,-88.752731,2026-08-10 04:45:33.444316928,13,9323,114,92
41.061253,-88.742055,2026-08-10 04:45:33.703485184,13,10047,113,31
41.231614,-88.514914,2026-08-10 04:45:34.141997824,13,5323,105,20
42.778866,-85.766041,2026-08-10 04:45:34.808920576,13,8569,110,46
42.718755,-86.050635,2026-08-10 04:45:34.808906240,13,4757,253,30
42.784579,-85.776521,2026-08-10 04:45:34.882510336,13,4715,136,35
42.787609,-85.846988,2026-08-10 04:45:34.882558464,13,5919,257,36
42.78792,-85.776855,2026-08-10 04:45:35.4538112,13,3646,150,67
42.783494,-85.802955,2026-08-10 04:45:35.4540416,13,8049,214,59
40.383282,-101.165494,2026-08-10 04:45:35.382670080,13,9601,112,66
40.344207,-101.181161,2026-08-10 04:45:35.382686464,13,10021,134,101
42.700961,-88.384763,2026-08-10 04:45:36.186105088,13,12004,125,52
42.689862,-88.408829,2026-08-10 04:45:36.186173184,13,12567,106,36
42.646332,-88.671346,2026-08-10 04:45:36.905088000,13,10897,152,28
40.465472,-100.63312,2026-08-10 04:45:36.976385280,13,8375,152,100
40.460024,-100.671048,2026-08-10 04:45:36.976388864,13,5544,179,92
40.453009,-100.639935,2026-08-10 04:45:36.976452096,13,9556,105,27
42.385083,-87.564117,2026-08-10 04:45:37.982367232,13,13747,141,36
42.359295,-87.588955,2026-08-10 04:45:37.982352128,13,7079,182,23
41.151833,-88.720337,2026-08-10 04:45:38.276388608,13,6587,206,26
33.075509,-112.223912,2026-08-10 04:45:38.463366400,13,8303,204,23
41.065866,-88.675816,2026-08-10 04:45:39.546956032,13,12618,103,68
41.066275,-88.682732,2026-08-10 04:45:39.547015936,13,14017,113,54
41.136847,-88.66058,2026-08-10 04:45:39.547023104,13,3551,188,36
41.05468,-88.667061,2026-08-10 04:45:39.794094336,13,5775,115,34
42.324335,-87.561572,2026-08-10 04:45:41.293168896,13,8541,179,32
42.902151,-85.996533,2026-08-10 04:45:41.338549504,13,10083,127,36
42.18319,-87.783138,2026-08-10 04:45:41.389840128,13,6343,105,23
42.350674,-87.469625,2026-08-10 04:45:42.628571392,13,7865,131,78
42.345438,-87.478702,2026-08-10 04:45:42.628573440,13,7218,224,65
42.333508,-87.451712,2026-08-10 04:45:42.628628992,13,9527,100,40
42.374604,-87.408885,2026-08-10 04:45:42.878791936,13,10173,140,28
42.374197,-87.454925,2026-08-10 04:45:42.878780928,13,7525,176,23
42.368153,-87.41797,2026-08-10 04:45:43.165346560,13,13526,134,21
41.719936,-87.894572,2026-08-10 04:45:43.742396672,13,8566,120,49
37.981639,-62.680552,2026-08-10 04:45:44.61822208,13,9815,185,28
42.05953,-87.898281,2026-08-10 04:45:44.107000832,13,9097,123,33
41.180092,-88.681975,2026-08-10 04:45:44.796918016,13,13235,128,58
42.332848,-87.406363,2026-08-10 04:45:45.618517248,13,12049,106,23
42.794794,-85.753199,2026-08-10 04:45:46.328180736,13,10119,110,60
42.757396,-85.988799,2026-08-10 04:45:46.328183808,13,4504,234,41
42.792159,-85.738224,2026-08-10 04:45:46.385216256,13,12508,157,28
40.389851,-99.851848,2026-08-10 04:45:46.793346304,13,10153,80,89
40.372371,-99.854174,2026-08-10 04:45:46.793413120,13,8919,130,72
40.323691,-100.356577,2026-08-10 04:45:46.962073344,13,11272,156,71
40.2371,-100.384046,2026-08-10 04:45:46.962101760,13,10296,107,55
40.511657,-99.575041,2026-08-10 04:45:47.456309760,13,9291,80,107
40.481584,-99.591772,2026-08-10 04:45:47.456379136,13,12025,122,97
42.050875,-87.989638,2026-08-10 04:45:48.358370048,13,9634,104,24
42.623101,-88.39308,2026-08-10 04:45:48.487406336,13,12610,145,17
41.035457,-88.701583,2026-08-10 04:45:48.998637312,13,10463,113,43
41.15115,-88.699784,2026-08-10 04:45:48.998657792,13,10890,114,39
41.156073,-88.67314,2026-08-10 04:45:49.97579008,13,11807,103,64
41.166692,-88.790526,2026-08-10 04:45:49.97625600,13,10984,143,54
41.168476,-88.689026,2026-08-10 04:45:49.235468800,13,12718,90,26
40.374822,-101.035309,2026-08-10 04:45:49.663087872,13,14230,76,126
40.376678,-101.050667,2026-08-10 04:45:49.663105536,13,11415,116,113
42.620635,-88.489692,2026-08-10 04:45:49.957088000,13,8499,104,66
42.596483,-88.591991,2026-08-10 04:45:49.957129984,13,10452,183,54
42.596246,-88.498209,2026-08-10 04:45:50.93504768,13,12859,95,61
42.591209,-88.506116,2026-08-10 04:45:50.93510400,13,6794,118,75
40.234748,-101.512289,2026-08-10 04:45:50.250834432,13,12612,108,26
40.434534,-100.235967,2026-08-10 04:45:50.652305664,13,9892,124,38
42.32895,-87.185814,2026-08-10 04:45:50.796713216,13,9736,110,24
42.160514,-88.087918,2026-08-10 04:45:51.310030848,13,14777,91,61
42.140333,-88.100945,2026-08-10 04:45:51.310099968,13,7072,133,47
42.177354,-88.084288,2026-08-10 04:45:51.310105600,13,3514,178,31
42.164819,-88.184054,2026-08-10 04:45:51.412895488,13,8234,159,21
42.343111,-87.468587,2026-08-10 04:45:51.788767488,13,11713,106,35
42.361945,-87.308796,2026-08-10 04:45:51.788815360,13,8456,146,22
40.287091,-100.654127,2026-08-10 04:45:51.848406528,13,5245,149,102
40.180913,-100.651737,2026-08-10 04:45:51.848432384,13,10688,151,86
40.28495,-100.670519,2026-08-10 04:45:51.848457216,13,13958,108,73
41.231194,-88.734972,2026-08-10 04:45:52.594965504,13,7459,115,32
41.297465,-88.715263,2026-08-10 04:45:52.594970112,13,7219,185,17
41.840012,-87.925486,2026-08-10 04:45:52.788699904,13,14413,84,18
42.632832,-88.590596,2026-08-10 04:45:52.950582272,13,5582,178,39
42.659286,-88.438229,2026-08-10 04:45:52.950625536,13,7499,161,21
20.795528,-85.924365,2026-08-10 04:45:53.455553536,13,11244,238,78
19.845134,-105.834007,2026-08-10 04:45:55.136143104,13,10958,258,44
42.341288,-87.445939,2026-08-10 04:45:56.757281280,13,7044,175,27
42.703932,-85.892224,2026-08-10 04:45:57.492321280,13,8442,173,29
42.383516,-87.385555,2026-08-10 04:45:57.700649216,13,13184,122,54
42.378816,-87.387642,2026-08-10 04:45:57.700714240,13,12552,104,34
42.438034,-87.384826,2026-08-10 04:45:57.731875840,13,10757,190,25
40.000047,-101.918149,2026-08-10 04:45:58.117436160,13,7716,150,114
39.990826,-101.901648,2026-08-10 04:45:58.117441280,13,9903,147,100
41.474704,-88.769396,2026-08-10 04:45:58.147960064,13,8401,81,66
25.15081,-93.797554,2026-08-10 04:45:58.424420608,13,10896,243,45
25.045444,-93.796304,2026-08-10 04:45:58.424437248,13,8640,258,34
41.075891,-88.730041,2026-08-10 04:45:58.660598784,13,14382,62,76
41.059552,-88.736708,2026-08-10 04:45:58.660607744,13,8757,113,61
41.069849,-88.74413,2026-08-10 04:45:58.733232896,13,8019,91,26
42.342027,-87.448349,2026-08-10 04:45:59.497576960,13,13971,88,42
42.366488,-87.450212,2026-08-10 04:45:59.497641216,13,6071,164,25
42.400197,-87.551781,2026-08-10 04:45:59.537910784,13,11050,116,31
41.023474,-88.465597,2026-08-10 04:45:59.792992256,13,7527,108,16
19.080423,-105.714953,2026-08-10 04:46:00.311546112,13,5819,259,39
40.507284,-99.821746,2026-08-10 04:46:00.561328640,13,13788,92,90
40.457464,-99.822015,2026-08-10 04:46:00.561393152,13,10988,114,84
42.625738,-88.251943,2026-08-10 04:46:01.384929536,13,9370,178,43
42.486561,-88.332298,2026-08-10 04:46:01.457989120,13,10621,134,33
42.14708,-88.036263,2026-08-10 04:46:02.286985472,13,8497,171,28
42.632556,-88.458093,2026-08-10 04:46:02.832726528,13,12215,55,35
42.626839,-88.540249,2026-08-10 04:46:02.832768512,13,7598,222,59
42.64868,-88.507821,2026-08-10 04:46:02.832782848,13,5540,175,41
41.21771,-88.798308,2026-08-10 04:46:02.845313536,13,6634,207,35
42.394577,-87.562908,2026-08-10 04:46:02.896835840,13,8974,125,31
41.156167,-88.594055,2026-08-10 04:46:03.400055808,13,10356,158,43
41.106554,-88.648152,2026-08-10 04:46:03.400029952,13,6711,169,29
42.752799,-85.705523,2026-08-10 04:46:03.784673024,13,11223,109,79
42.766964,-85.719212,2026-08-10 04:46:03.784676096,13,8004,223,61
42.811706,-85.68129,2026-08-10 04:46:03.784752128,13,4167,206,42
42.71993,-85.873142,2026-08-10 04:46:03.985313792,13,8465,143,29
42.7935,-85.730004,2026-08-10 04:46:03.985359616,13,5607,161,30
42.780395,-85.683236,2026-08-10 04:46:04.103558912,13,8584,74,76
42.778973,-85.729332,2026-08-10 04:46:04.103555072,13,7486,208,60
40.446256,-100.64541,2026-08-10 04:46:04.318320640,13,8035,85,122
40.365062,-100.610218,2026-08-10 04:46:04.318347264,13,12745,126,104
40.436253,-99.802073,2026-08-10 04:46:04.499062528,13,10831,104,20
42.354514,-87.292676,2026-08-10 04:46:04.669019904,13,12010,124,83
42.348393,-87.334583,2026-08-10 04:46:04.669019648,13,3603,266,72
41.119989,-88.832857,2026-08-10 04:46:05.357148672,13,10349,89,47
40.019346,-101.95611,2026-08-10 04:46:05.480220672,13,9972,158,77
39.960726,-101.956922,2026-08-10 04:46:05.480240640,13,11518,114,79
42.401291,-87.282609,2026-08-10 04:46:05.631641856,13,14113,92,28
41.089071,-88.712581,2026-08-10 04:46:05.725503744,13,14645,103,62
42.093854,-87.983672,2026-08-10 04:46:06.697873152,13,10934,146,34
42.064033,-87.991982,2026-08-10 04:46:06.697869312,13,8728,102,21
41.176663,-88.888355,2026-08-10 04:46:07.100241152,13,10200,108,43
41.177673,-88.839818,2026-08-10 04:46:07.100254976,13,5484,171,30
40.059502,-102.049641,2026-08-10 04:46:07.595532288,13,11041,139,24
41.453899,-88.880546,2026-08-10 04:46:07.754411008,13,10084,107,40
41.410868,-88.853185,2026-08-10 04:46:07.754423808,13,6680,226,27
42.276954,-87.686178,2026-08-10 04:46:08.169862144,13,5044,235,26
42.353179,-87.917637,2026-08-10 04:46:08.196062208,13,13794,228,50
41.171139,-88.711941,2026-08-10 04:46:08.265667328,13,10380,77,55
41.157179,-88.717812,2026-08-10 04:46:08.265724160,13,9135,114,42
41.178827,-88.832521,2026-08-10 04:46:08.387047168,13,11208,115,38
41.165793,-88.701296,2026-08-10 04:46:08.387079936,13,7533,107,29
41.211135,-88.557706,2026-08-10 04:46:08.573406464,13,13354,92,47
42.384805,-87.339711,2026-08-10 04:46:08.598857472,13,11302,134,19
40.121731,-101.882304,2026-08-10 04:46:09.276753920,13,13866,87,81
40.104515,-101.719174,2026-08-10 04:46:09.276785408,13,9855,181,64
41.091093,-88.806773,2026-08-10 04:46:09.408539904,13,4227,210,29
41.193046,-88.846348,2026-08-10 04:46:09.680541696,13,5961,115,31
32.802424,-112.612309,2026-08-10 04:46:09.788217600,13,9439,208,47
32.816002,-112.622086,2026-08-10 04:46:09.878008320,13,14646,208,27
41.253629,-88.739355,2026-08-10 04:46:10.714716416,13,7323,170,29
41.85029,-87.754365,2026-08-10 04:46:10.758466816,13,12809,168,27
39.938551,-101.905985,2026-08-10 04:46:10.818827008,13,9118,167,26
40.139054,-99.740964,2026-08-10 04:46:10.893933056,13,13454,99,26
42.705802,-88.647863,2026-08-10 04:46:11.716296704,13,5968,177,32
42.430296,-87.556419,2026-08-10 04:46:11.758949632,13,14379,209,34
40.200767,-101.437136,2026-08-10 04:46:12.61020928,13,10683,155,101
40.133101,-101.407487,2026-08-10 04:46:12.61046272,13,12660,113,99
41.323452,-88.830195,2026-08-10 04:46:12.314427904,13,13534,92,35
42.696637,-85.779094,2026-08-10 04:46:12.675394816,13,9658,154,19
42.07,-88.039727,2026-08-10 04:46:12.699883264,13,4911,185,32
42.070731,-87.914613,2026-08-10 04:46:12.699921408,13,4249,172,19
41.491365,-89.138237,2026-08-10 04:46:12.791532032,13,7129,248,30
41.484718,-88.884144,2026-08-10 04:46:12.791605248,13,6662,108,18
42.365377,-87.325883,2026-08-10 04:46:13.102502400,13,9783,134,34
41.281487,-88.62011,2026-08-10 04:46:13.133895424,13,12382,146,45
41.243232,-88.509927,2026-08-10 04:46:13.133920768,13,7373,195,31
40.029446,-101.952111,2026-08-10 04:46:13.306653184,13,11397,167,16
42.65064,-88.414009,2026-08-10 04:46:13.617635328,13,11198,130,38
42.61094,-88.719701,2026-08-10 04:46:13.617611520,13,4439,248,24
42.704226,-88.624016,2026-08-10 04:46:13.668591872,13,11596,149,31
34.751408,-107.123892,2026-08-10 04:46:13.861992448,13,14072,192,34
21.436185,-106.059476,2026-08-10 04:46:14.318177280,13,9489,251,39
41.245891,-88.561666,2026-08-10 04:46:14.734143744,13,11075,84,84
41.236172,-88.604511,2026-08-10 04:46:14.734218240,13,14526,142,65
41.287613,-88.722899,2026-08-10 04:46:14.939949824,13,7480,192,83
42.656582,-88.600716,2026-08-10 04:46:15.497519104,13,8864,192,21
41.187073,-88.671991,2026-08-10 04:46:15.528942848,13,13654,78,34
41.200754,-88.680456,2026-08-10 04:46:15.528998400,13,7079,154,37
42.361741,-87.475703,2026-08-10 04:46:15.573411072,13,10160,165,26
39.991763,-101.920931,2026-08-10 04:46:15.755813376,13,14030,95,53
42.741319,-85.692705,2026-08-10 04:46:15.888960000,13,7803,139,27
42.777692,-85.833947,2026-08-10 04:46:15.888918528,13,2884,257,28
42.063716,-88.054171,2026-08-10 04:46:16.54618624,13,7487,137,26
42.15723,-88.146265,2026-08-10 04:46:16.327542016,13,10853,108,53
40.275732,-101.715485,2026-08-10 04:46:16.370376704,13,5513,155,89
41.166692,-88.667969,2026-08-10 04:46:16.649508608,13,10782,93,77
41.456327,-88.957726,2026-08-10 04:46:17.68937216,13,6068,108,27
42.176559,-88.08762,2026-08-10 04:46:17.629583616,13,6938,111,25
42.176889,-88.085038,2026-08-10 04:46:17.839356928,13,5917,116,25
41.1532,-88.84853,2026-08-10 04:46:19.218158080,13,8238,117,25
43.578944,-88.09411,2026-08-10 04:46:19.443246592,13,5288,214,31
41.223807,-88.860163,2026-08-10 04:46:19.760167936,13,9984,114,41
41.200639,-88.735821,2026-08-10 04:46:19.760200704,13,5788,107,27
41.21269,-88.635187,2026-08-10 04:46:19.908050176,13,10582,117,28
42.779698,-85.619859,2026-08-10 04:46:20.926299648,13,11726,167,18
42.124449,-88.03771,2026-08-10 04:46:21.354778112,13,9892,193,27
42.131585,-88.013116,2026-08-10 04:46:21.456641536,13,6853,157,27
41.073273,-80.533017,2026-08-10 04:46:22.179871488,13,5945,144,46
41.074164,-80.542725,2026-08-10 04:46:22.179864064,13,10115,160,72
41.036461,-80.490341,2026-08-10 04:46:22.179873792,13,12075,122,52
41.032977,-80.444949,2026-08-10 04:46:22.179921408,13,12699,130,37
42.329129,-87.569461,2026-08-10 04:46:22.706638592,13,5232,185,21
41.56243,-88.655262,2026-08-10 04:46:23.224235008,13,12619,124,39
42.094883,-88.126207,2026-08-10 04:46:23.309664768,13,8704,162,20
55.412219,-117.388846,2026-08-10 04:46:23.724859136,13,9919,240,40
42.333936,-87.484244,2026-08-10 04:46:23.819611392,13,6304,155,30
40.060399,-101.329543,2026-08-10 04:46:24.24066816,13,14671,95,116
39.987972,-101.324211,2026-08-10 04:46:24.24095232,13,11756,124,109
41.251224,-88.74268,2026-08-10 04:46:24.217605376,13,7356,142,30
41.485485,-89.032686,2026-08-10 04:46:24.319465216,13,7044,107,41
19.093639,-105.611548,2026-08-10 04:46:24.847721728,13,8826,257,37
40.281015,-101.49639,2026-08-10 04:46:25.663653632,13,13110,153,45
40.20449,-101.506636,2026-08-10 04:46:25.663671552,13,5664,208,109
42.38726,-87.488211,2026-08-10 04:46:26.351632384,13,10584,117,36
42.409065,-87.348399,2026-08-10 04:46:26.351670272,13,3129,156,27
42.696108,-87.977828,2026-08-10 04:46:27.373750272,13,9282,93,25
42.634854,-88.113867,2026-08-10 04:46:27.436712704,13,10191,95,34
42.666212,-88.017122,2026-08-10 04:46:27.436729344,13,6803,177,17
41.149603,-88.824772,2026-08-10 04:46:27.844248320,13,9156,155,34
41.270714,-88.555939,2026-08-10 04:46:27.844341504,13,12711,228,27
42.746396,-88.515985,2026-08-10 04:46:27.962876416,13,8049,192,22
41.066629,-88.715357,2026-08-10 04:46:28.242371072,13,12898,77,46
42.113308,-88.011693,2026-08-10 04:46:28.299961600,13,12144,90,46
42.133512,-88.116214,2026-08-10 04:46:28.300000000,13,6636,133,54
41.073963,-88.690675,2026-08-10 04:46:28.321654528,13,12759,55,45
41.063867,-88.723905,2026-08-10 04:46:28.321721088,13,7284,105,37
42.124446,-88.148826,2026-08-10 04:46:28.406715136,13,7744,184,28
42.156423,-88.137439,2026-08-10 04:46:28.443490560,13,11611,122,29
41.099928,-88.856417,2026-08-10 04:46:28.616422400,13,11295,66,38
41.068671,-88.724175,2026-08-10 04:46:28.616452608,13,3216,195,37
41.077329,-88.715857,2026-08-10 04:46:28.668031232,13,9427,77,28
41.165053,-88.861357,2026-08-10 04:46:28.716912896,13,12152,75,32
41.459554,-88.931624,2026-08-10 04:46:29.191860224,13,12487,152,63
41.43586,-88.921335,2026-08-10 04:46:29.191915264,13,12938,116,52
41.497997,-88.970551,2026-08-10 04:46:29.191912704,13,4729,173,39
41.226337,-88.821497,2026-08-10 04:46:29.419602432,13,12467,115,37
41.174507,-88.709194,2026-08-10 04:46:29.468236544,13,3250,192,24
41.2741,-88.807369,2026-08-10 04:46:29.495809792,13,11065,63,23
40.289366,-100.630133,2026-08-10 04:46:29.925120768,13,6480,149,107
40.226987,-100.615795,2026-08-10 04:46:29.925143808,13,6495,194,118
41.239177,-88.730598,2026-08-10 04:46:30.31067904,13,9224,115,32
21.17124,-105.795123,2026-08-10 04:46:30.152453120,13,7100,266,62
21.168736,-105.779222,2026-08-10 04:46:30.452161280,13,7120,253,26
40.429237,-99.637452,2026-08-10 04:46:31.52878592,13,5210,136,57
39.482139,-82.03636,2026-08-10 04:46:31.200604416,13,8430,163,26
39.504528,-82.053709,2026-08-10 04:46:31.200606720,13,9939,164,18
42.306411,-87.450363,2026-08-10 04:46:31.443937536,13,10994,102,22
56.393625,-118.324486,2026-08-10 04:46:32.305163520,13,13513,246,40
42.145749,-88.146995,2026-08-10 04:46:32.366261248,13,3501,161,24
40.2588,-100.272648,2026-08-10 04:46:32.731351808,13,7203,147,130
40.197428,-100.264372,2026-08-10 04:46:32.731376384,13,4991,211,113
40.264493,-100.26376,2026-08-10 04:46:32.758568960,13,9755,81,49
40.254547,-100.267566,2026-08-10 04:46:32.782776832,13,6657,81,47
40.453171,-100.612066,2026-08-10 04:46:33.158858496,13,9840,152,125
40.437282,-100.583146,2026-08-10 04:46:33.158871040,13,7626,101,106
40.351192,-100.613827,2026-08-10 04:46:33.158896384,13,12266,143,91
33.197826,-112.575009,2026-08-10 04:46:33.338359296,13,14785,152,39
40.562425,-100.292241,2026-08-10 04:46:34.578619136,13,7417,133,109
40.531754,-100.271566,2026-08-10 04:46:34.578623488,13,13341,110,101
41.798809,-87.904332,2026-08-10 04:46:34.924186624,13,6871,111,34
41.780898,-87.908258,2026-08-10 04:46:35.48524544,13,12217,102,23
41.789136,-87.776974,2026-08-10 04:46:35.48556800,13,9422,168,27
41.237512,-88.680244,2026-08-10 04:46:35.713803008,13,14108,66,62
41.202938,-88.692979,2026-08-10 04:46:35.713871872,13,4237,210,51
41.243399,-88.797801,2026-08-10 04:46:36.137567232,13,10376,115,51
41.246458,-88.724577,2026-08-10 04:46:36.301168896,13,9002,187,30
42.355235,-87.521164,2026-08-10 04:46:36.526952704,13,5864,152,21
42.323541,-87.592825,2026-08-10 04:46:37.74506496,13,9484,131,38
42.078743,-88.015248,2026-08-10 04:46:37.170313984,13,6270,151,37
42.119516,-88.089251,2026-08-10 04:46:38.605633536,13,10242,65,71
42.113863,-88.102922,2026-08-10 04:46:38.605702144,13,10410,143,57
42.141973,-88.093178,2026-08-10 04:46:38.605699840,13,12624,141,26
42.806327,-85.662736,2026-08-10 04:46:38.728863488,13,6169,230,27
41.232372,-88.445433,2026-08-10 04:46:38.912341760,13,10510,160,39
41.176711,-88.686089,2026-08-10 04:46:39.746571520,13,10568,67,59
41.182989,-88.754122,2026-08-10 04:46:39.746625792,13,10142,257,55
41.461036,-88.972494,2026-08-10 04:46:39.889613824,13,8169,108,24
41.474294,-88.868266,2026-08-10 04:46:40.80638464,13,4570,199,24
41.345435,-88.712292,2026-08-10 04:46:40.599305728,13,8595,233,32
40.278792,-101.590974,2026-08-10 04:46:40.612115200,13,7817,88,47
41.314889,-88.779646,2026-08-10 04:46:41.577617408,13,11985,113,41
41.439253,-89.097093,2026-08-10 04:46:41.849095680,13,11988,198,19
32.622433,-112.97704,2026-08-10 04:46:41.905405440,13,13953,121,51
32.682513,-112.966941,2026-08-10 04:46:41.905473792,13,3438,231,38
40.316153,-100.294298,2026-08-10 04:46:41.998885376,13,11152,155,40
40.380332,-100.456963,2026-08-10 04:46:41.998916608,13,10583,140,48
40.302451,-100.576595,2026-08-10 04:46:42.727619584,13,12001,120,25
41.19673,-88.73896,2026-08-10 04:46:42.771682560,13,3478,154,30
42.261172,-87.297146,2026-08-10 04:46:43.696451584,13,13450,181,29
42.283758,-87.544915,2026-08-10 04:46:45.121957120,13,5683,146,23
42.800438,-85.728033,2026-08-10 04:46:45.227570176,13,11942,90,56
42.846547,-85.727703,2026-08-10 04:46:45.227644160,13,5352,206,30
41.866811,-87.857476,2026-08-10 04:46:45.749177600,13,7637,99,20
40.104952,-101.891844,2026-08-10 04:46:46.97613824,13,7349,87,88
40.07716,-101.730374,2026-08-10 04:46:46.97633280,13,13793,97,78
42.320452,-87.605073,2026-08-10 04:46:46.256090368,13,6394,185,32
42.420539,-87.377503,2026-08-10 04:46:46.465076224,13,7655,226,33
42.735559,-88.521629,2026-08-10 04:46:46.954834944,13,3064,268,26
42.134103,-87.982759,2026-08-10 04:46:47.246297856,13,14363,111,21
40.247096,-101.452383,2026-08-10 04:46:48.445979648,13,8705,152,75
42.18061,-88.009147,2026-08-10 04:46:48.696148224,13,8876,62,62
42.183237,-88.051799,2026-08-10 04:46:48.696146688,13,10832,201,68
41.494709,-89.131859,2026-08-10 04:46:49.280652032,13,4755,202,23
41.506521,-88.881917,2026-08-10 04:46:49.537850368,13,8255,198,17
40.039728,-101.90507,2026-08-10 04:46:49.883416320,13,11516,110,25
41.047536,-88.888484,2026-08-10 04:46:50.298343936,13,6231,217,30
42.278356,-87.515667,2026-08-10 04:46:50.554885888,13,11465,207,36
42.708754,-88.534937,2026-08-10 04:46:51.109373696,13,7151,154,30
38.373048,-62.417538,2026-08-10 04:46:51.583327488,13,9810,261,68
41.16673,-88.623926,2026-08-10 04:46:52.771820800,13,9438,114,37
40.263991,-99.309754,2026-08-10 04:46:53.857753088,13,11803,148,27
19.810832,-106.11887,2026-08-10 04:46:53.906177280,13,9586,257,35
19.758326,-106.119634,2026-08-10 04:46:54.164217088,13,6002,256,32
40.44656,-100.721406,2026-08-10 04:46:54.884209408,13,12572,121,41
40.415161,-100.65619,2026-08-10 04:46:54.884232192,13,10330,107,31
41.124573,-88.760125,2026-08-10 04:46:55.486177536,13,12404,124,42
42.34397,-87.2618,2026-08-10 04:46:55.816055552,13,12616,133,28
41.02706,-89.245425,2026-08-10 04:46:55.984497920,13,8201,173,30
43.58729,-87.919781,2026-08-10 04:46:56.216484352,13,11067,128,73
40.462797,-99.577111,2026-08-10 04:46:56.327292416,13,7310,170,65
43.544191,-88.111255,2026-08-10 04:46:56.428049664,13,8829,182,46
41.184417,-88.732777,2026-08-10 04:46:56.704320256,13,14522,203,35
42.303485,-87.473189,2026-08-10 04:46:56.780780032,13,10052,93,57
42.663337,-88.54876,2026-08-10 04:46:57.100097792,13,10714,177,19
42.334104,-87.669486,2026-08-10 04:46:57.374251776,13,9874,132,44
42.339772,-87.605941,2026-08-10 04:46:57.374270464,13,5477,169,31
42.214386,-87.595309,2026-08-10 04:46:58.141080832,13,13793,155,33
42.369915,-87.548892,2026-08-10 04:46:58.684832768,13,6374,152,35
42.372884,-87.446435,2026-08-10 04:46:58.684854272,13,8433,157,22
42.618538,-88.433933,2026-08-10 04:46:58.814451456,13,11613,91,21
42.032147,-88.233363,2026-08-10 04:46:59.487841536,13,5596,246,19
42.76859,-85.73476,2026-08-10 04:46:59.734496000,13,9958,99,54
42.727534,-86.065886,2026-08-10 04:46:59.734473984,13,3306,264,37
42.753252,-85.714199,2026-08-10 04:46:59.734555392,13,14759,102,18
41.707784,-87.998883,2026-08-10 04:46:59.922461440,13,11749,139,52
41.791866,-87.94672,2026-08-10 04:46:59.922493952,13,4638,255,42
42.772526,-85.767093,2026-08-10 04:46:59.965677824,13,9256,140,45
42.789541,-85.804103,2026-08-10 04:46:59.965663232,13,5689,204,37
41.161268,-88.680263,2026-08-10 04:47:00.796005376,13,14734,117,47
42.144428,-88.00493,2026-08-10 04:47:00.861196288,13,6856,142,34
42.130927,-88.016941,2026-08-10 04:47:00.861188864,13,6020,103,32
42.196866,-87.990959,2026-08-10 04:47:00.946754560,13,14492,107,26
42.165302,-88.003288,2026-08-10 04:47:01.95318784,13,11952,136,28
41.512632,-88.923421,2026-08-10 04:47:01.177529856,13,7417,104,22
41.095156,-88.695807,2026-08-10 04:47:01.470658304,13,11835,101,72
41.074461,-88.741843,2026-08-10 04:47:01.470729728,13,13660,113,56
40.007259,-101.925836,2026-08-10 04:47:01.785038336,13,12817,84,36
39.982935,-101.946124,2026-08-10 04:47:01.785051648,13,12814,136,23
41.492004,-88.714818,2026-08-10 04:47:02.520336128,13,9962,183,23
42.327531,-87.427172,2026-08-10 04:47:02.723223808,13,11059,148,25
42.617592,-88.202381,2026-08-10 04:47:03.248964096,13,3683,240,36
42.697057,-87.967216,2026-08-10 04:47:03.249028096,13,11446,163,23
42.288279,-87.355234,2026-08-10 04:47:04.58167552,13,9099,133,22
40.246194,-101.506275,2026-08-10 04:47:04.243791872,13,8268,87,97
40.185677,-101.505899,2026-08-10 04:47:04.243815424,13,6096,212,84
39.976596,-101.978562,2026-08-10 04:47:05.453246464,13,11567,108,24
41.28696,-88.897344,2026-08-10 04:47:05.905655296,13,12765,185,33
41.39366,-88.723419,2026-08-10 04:47:05.905703936,13,11368,170,18
41.293031,-88.76139,2026-08-10 04:47:05.929084928,13,14981,105,20
41.090557,-88.653365,2026-08-10 04:47:06.130283008,13,6232,147,18
21.108709,-105.821795,2026-08-10 04:47:07.8536576,13,8000,251,29
21.141556,-105.8171,2026-08-10 04:47:07.111621632,13,8999,252,27
52.02919,-112.893265,2026-08-10 04:47:07.878916864,13,6220,231,52
42.67845,-88.439381,2026-08-10 04:47:08.155309312,13,12226,162,28
42.310878,-87.63816,2026-08-10 04:47:08.245682432,13,12557,127,37
42.166571,-88.03107,2026-08-10 04:47:08.416742144,13,14681,127,49
42.15516,-88.031758,2026-08-10 04:47:08.416813312,13,7219,133,48
17.78805,-95.141181,2026-08-10 04:47:08.533284352,13,8249,254,58
42.824856,-85.783807,2026-08-10 04:47:08.894961152,13,11296,213,27
41.060593,-88.865136,2026-08-10 04:47:09.131313408,13,8500,173,25
41.194816,-88.77889,2026-08-10 04:47:09.437768448,13,6166,192,31
41.146349,-88.650359,2026-08-10 04:47:10.425540608,13,4708,233,29
34.373459,-28.736212,2026-08-10 04:47:11.688813568,13,13227,231,42
26.71888,122.428762,2026-08-10 04:45:27.459907072,14,4280,178,36
37.206904,120.386312,2026-08-10 04:46:43.146055168,14,8550,149,29
44.977855,-2.422994,2026-08-10 04:45:02.23652864,11,6736,110,62
45.005664,-2.482383,2026-08-10 04:45:02.23650816,11,8985,152,58
42.624356,-88.578917,2026-08-10 04:45:07.722810368,11,4888,191,21
41.082838,-88.675171,2026-08-10 04:45:08.49340672,11,6278,165,31
41.173968,-88.759219,2026-08-10 04:45:12.529840384,11,10635,167,18
42.32264,-87.471948,2026-08-10 04:45:13.278875136,11,7275,99,28
42.089952,-88.09517,2026-08-10 04:45:13.871710976,11,8454,182,34
43.511131,1.870299,2026-08-10 04:45:14.956085760,11,8897,76,258
43.524164,1.901433,2026-08-10 04:45:14.956089856,11,6683,158,352
38.143262,-63.054896,2026-08-10 04:45:17.472286208,11,10436,221,50
42.067069,-88.329262,2026-08-10 04:45:22.943132160,11,7998,214,20
41.060594,-88.744185,2026-08-10 04:45:39.546993664,11,10949,154,24
41.326048,0.611397,2026-08-10 04:45:41.788541184,11,9623,183,77
41.148618,-88.790144,2026-08-10 04:45:45.18350080,11,10388,88,24
40.29973,-100.398321,2026-08-10 04:45:46.962075648,11,13439,109,51
38.048518,-63.45051,2026-08-10 04:45:52.109838336,11,4135,231,174
40.008844,-102.037515,2026-08-10 04:45:58.117470464,11,12689,107,34
41.458269,-88.939696,2026-08-10 04:45:58.147995648,11,11311,205,21
40.467121,-99.838603,2026-08-10 04:46:00.561397504,11,12588,111,34
41.082754,-88.777011,2026-08-10 04:46:05.725540096,11,6729,156,23
41.150746,-88.798775,2026-08-10 04:46:07.100256768,11,12360,99,20
43.402918,1.797224,2026-08-10 04:46:09.123309312,11,14915,104,73
43.37982,1.789949,2026-08-10 04:46:09.123316480,11,8811,169,53
43.368847,1.785344,2026-08-10 04:46:09.123350528,11,9757,249,24
43.35033,1.825548,2026-08-10 04:46:09.206874624,11,7897,78,127
43.362683,1.819322,2026-08-10 04:46:09.206881280,11,8479,159,74
41.109938,-88.694327,2026-08-10 04:46:09.408567040,11,9747,184,14
41.256926,-88.589859,2026-08-10 04:46:14.734215680,11,6740,110,24
41.196262,-88.538191,2026-08-10 04:46:14.940050176,11,13678,112,25
42.30435,-87.628445,2026-08-10 04:46:15.573376768,11,14720,113,17
40.357959,-101.735763,2026-08-10 04:46:16.370446592,11,11632,155,28
52.637088,16.216119,2026-08-10 04:46:21.414485504,11,14947,124,125
52.637135,16.201955,2026-08-10 04:46:21.414486016,11,11416,123,119
52.660025,16.187113,2026-08-10 04:46:21.414482944,11,7133,103,105
52.756594,16.315232,2026-08-10 04:46:23.931331072,11,7998,114,399
52.759533,16.31912,2026-08-10 04:46:23.931335936,11,8126,114,428
52.759079,16.331943,2026-08-10 04:46:23.931334912,11,4245,168,405
39.396936,-61.500703,2026-08-10 04:46:25.178337536,11,13391,208,118
40.231015,-100.371052,2026-08-10 04:46:32.731392512,11,11546,109,37
40.442899,-100.703898,2026-08-10 04:46:33.158904320,11,12643,110,36
41.218196,-88.800229,2026-08-10 04:46:35.713843712,11,6124,153,25
43.073948,1.218824,2026-08-10 04:46:45.943101952,11,4154,203,73
43.00917,1.18776,2026-08-10 04:46:45.943087104,11,5090,269,70
43.038396,1.226894,2026-08-10 04:46:45.946145536,11,7520,106,44
42.339416,-87.588558,2026-08-10 04:46:46.256100864,11,8775,114,27
41.925337,-87.840311,2026-08-10 04:46:46.585051648,11,5413,167,23
38.378301,-62.427885,2026-08-10 04:46:51.725496320,11,12110,253,211
52.69524,16.272419,2026-08-10 04:46:52.999794432,11,9388,119,87
52.697053,16.299932,2026-08-10 04:46:52.999785216,11,4421,163,68
52.69301,16.281351,2026-08-10 04:46:52.999787264,11,8664,125,54
52.712334,16.286713,2026-08-10 04:46:53.30561792,11,13906,64,49
52.709873,16.295774,2026-08-10 04:46:53.30563328,11,12376,160,25
34.736009,-27.249852,2026-08-10 04:46:54.912985088,11,10549,202,252
38.102477,-62.90075,2026-08-10 04:46:56.342072832,11,14070,147,142
42.320069,-87.642611,2026-08-10 04:46:57.374260224,11,5637,258,38
16.991062,-71.522754,2026-08-10 04:46:59.986562816,11,6366,250,101
39.428438,-57.026863,2026-08-10 04:47:02.606641408,11,13074,190,96
44.977855,-2.422994,2026-08-10 04:45:02.23652864,12,6736,110,62
45.005664,-2.482383,2026-08-10 04:45:02.23650816,12,8985,152,58
40.374132,-99.378493,2026-08-10 04:45:07.130827264,12,12053,109,41
42.62436,-88.578904,2026-08-10 04:45:07.722810368,12,4884,191,21
41.082838,-88.675171,2026-08-10 04:45:08.49340672,12,6278,165,31
41.163956,-88.68548,2026-08-10 04:45:12.529862144,12,5446,258,22
42.32264,-87.471948,2026-08-10 04:45:13.278875136,12,7275,99,28
42.089952,-88.09517,2026-08-10 04:45:13.871710976,12,8454,182,34
43.511131,1.870299,2026-08-10 04:45:14.956085760,12,8897,76,258
43.52854,1.896992,2026-08-10 04:45:14.956089600,12,8418,149,293
42.067069,-88.329262,2026-08-10 04:45:22.943132160,12,7998,214,20
40.508153,-100.03551,2026-08-10 04:45:28.827096576,12,12180,111,34
41.060594,-88.744185,2026-08-10 04:45:39.546993664,12,10949,154,24
41.326048,0.611397,2026-08-10 04:45:41.788541184,12,9623,183,78
41.148618,-88.790144,2026-08-10 04:45:45.18350080,12,10388,88,24
40.29973,-100.398321,2026-08-10 04:45:46.962075648,12,13439,109,51
38.048518,-63.45051,2026-08-10 04:45:52.109838336,12,4135,231,176
40.008844,-102.037515,2026-08-10 04:45:58.117470464,12,12689,107,34
41.458269,-88.939696,2026-08-10 04:45:58.147995648,12,11311,205,21
40.467101,-99.838681,2026-08-10 04:46:00.561397504,12,12584,111,34
41.082754,-88.777011,2026-08-10 04:46:05.725540096,12,6729,156,24
41.150746,-88.798775,2026-08-10 04:46:07.100256768,12,12360,99,21
43.384905,1.787607,2026-08-10 04:46:09.123324416,12,10382,196,49
43.271452,1.80176,2026-08-10 04:46:09.123316992,12,14905,250,37
43.420953,1.854266,2026-08-10 04:46:09.123375360,12,14641,248,24
43.35033,1.825548,2026-08-10 04:46:09.206874624,12,7897,78,127
43.391556,1.837447,2026-08-10 04:46:09.206893056,12,2433,258,104
43.356595,1.818379,2026-08-10 04:46:09.206882048,12,7374,154,89
43.365932,1.81249,2026-08-10 04:46:09.206890496,12,5342,243,63
41.109938,-88.694327,2026-08-10 04:46:09.408567040,12,9747,184,15
41.234659,-88.65401,2026-08-10 04:46:14.734191872,12,6902,159,21
41.230444,-88.653365,2026-08-10 04:46:14.940027904,12,6320,245,36
41.18648,-88.729523,2026-08-10 04:46:15.528984576,12,6871,191,19
42.224491,-87.874646,2026-08-10 04:46:15.573298176,12,9668,202,25
40.357959,-101.735763,2026-08-10 04:46:16.370446592,12,11632,155,28
52.626631,16.203017,2026-08-10 04:46:21.414484992,12,13363,138,128
52.642564,16.18475,2026-08-10 04:46:21.414487808,12,9579,92,132
52.640067,16.176577,2026-08-10 04:46:21.414489088,12,13624,86,115
40.22201,-50.807865,2026-08-10 04:46:21.766999552,12,10382,179,142
52.756594,16.315232,2026-08-10 04:46:23.931331072,12,7998,114,401
52.742547,16.322148,2026-08-10 04:46:23.931337728,12,2381,205,431
52.761447,16.319025,2026-08-10 04:46:23.931330304,12,8102,114,391
39.408187,-61.525386,2026-08-10 04:46:25.178345472,12,14590,196,134
39.317402,-61.53517,2026-08-10 04:46:25.350704640,12,12180,203,40
40.434191,-100.726492,2026-08-10 04:46:33.158900992,12,8901,110,31
41.213096,-88.809453,2026-08-10 04:46:35.713846784,12,9735,153,23
43.081882,1.226742,2026-08-10 04:46:45.943104512,12,5854,203,73
43.058083,1.219338,2026-08-10 04:46:45.943101184,12,7581,259,70
43.046978,1.243828,2026-08-10 04:46:45.946149120,12,8323,67,34
41.908087,-87.891537,2026-08-10 04:46:46.585036288,12,7640,189,20
34.736009,-27.249852,2026-08-10 04:46:54.912985088,12,10549,202,252
38.095059,-62.896801,2026-08-10 04:46:56.342070272,12,10221,147,142
16.991062,-71.522754,2026-08-10 04:46:59.986562816,12,6366,250,101
40.145505,-101.196112,2026-08-10 05:40:00.557322752,1,11136,155,28
42.488352,-86.982211,2026-08-10 05:40:01.150193152,1,13693,108,25
41.017732,-88.701957,2026-08-10 05:40:02.576493568,1,14634,99,30
42.417033,-87.14961,2026-08-10 05:40:03.504996096,1,12180,95,25
42.4004,-87.376147,2026-08-10 05:40:03.636719616,1,9690,221,21
42.892557,1.146994,2026-08-10 05:40:19.108199936,1,7575,115,55
42.890719,1.146584,2026-08-10 05:40:19.108202752,1,9296,154,304
42.903652,1.144872,2026-08-10 05:40:19.108211712,1,2697,263,280
42.908154,1.160913,2026-08-10 05:40:19.108212736,1,5157,167,266
42.891241,1.114549,2026-08-10 05:40:19.108206080,1,3953,264,240
42.934398,1.161755,2026-08-10 05:40:19.108230656,1,12107,149,227
42.903399,1.140564,2026-08-10 05:40:19.108212736,1,4853,262,214
42.966517,1.1416,2026-08-10 05:40:19.108237056,1,6022,195,201
43.077491,1.122334,2026-08-10 05:40:19.108272896,1,11290,267,186
42.414377,-87.189349,2026-08-10 05:40:34.570533120,1,11149,160,34
42.423681,-87.150024,2026-08-10 05:40:34.625760768,1,12954,95,21
42.437407,-87.157585,2026-08-10 05:40:34.838778880,1,10901,99,21
42.420465,-87.278206,2026-08-10 05:40:35.154339584,1,5290,175,28
43.131851,1.568768,2026-08-10 05:40:35.457062400,1,11510,84,21
42.373837,-87.326645,2026-08-10 05:40:35.982764288,1,7937,221,21
42.332711,-87.356776,2026-08-10 05:40:36.186716672,1,4706,251,21
42.557527,-87.043826,2026-08-10 05:40:57.564763136,1,14835,112,24
41.062663,-88.713374,2026-08-10 05:40:58.28079104,1,12387,141,25
41.925657,-87.285749,2026-08-10 05:41:00.216982528,1,9372,167,30
42.362615,-87.355385,2026-08-10 05:41:00.345352192,1,10679,166,28
42.281941,-86.951722,2026-08-10 05:41:01.314893568,1,7286,100,19
40.885169,-89.007754,2026-08-10 05:41:01.893916672,1,6372,229,22
43.032261,1.600647,2026-08-10 05:41:02.338980096,1,6348,111,31
43.055414,1.594525,2026-08-10 05:41:02.338992128,1,6050,175,74
43.04312,1.598441,2026-08-10 05:41:02.338995456,1,4709,254,51
43.099239,1.533436,2026-08-10 05:41:02.339012608,1,11690,240,37
43.054607,1.584669,2026-08-10 05:41:02.339034880,1,5558,261,23
43.116232,1.570124,2026-08-10 05:41:04.217376768,1,7615,108,73
43.142582,1.555299,2026-08-10 05:41:04.217391616,1,4834,184,62
43.130708,1.563515,2026-08-10 05:41:04.217393920,1,4559,173,49
43.143572,1.573082,2026-08-10 05:41:04.217397248,1,6271,182,35
43.119542,1.526025,2026-08-10 05:41:04.217392896,1,7514,247,17
43.177982,1.601263,2026-08-10 05:41:04.320189952,1,6296,103,48
43.194751,1.593762,2026-08-10 05:41:04.320201216,1,3477,166,34
43.183643,1.581641,2026-08-10 05:41:04.320206080,1,8470,166,23
42.016488,-87.659053,2026-08-10 05:41:05.104746752,1,5773,167,24
40.937721,-88.454485,2026-08-10 05:41:05.749913600,1,7903,222,20
40.988037,-88.663198,2026-08-10 05:41:14.258045440,1,10567,151,24
39.964792,-50.545064,2026-08-10 05:41:21.983141120,1,4799,210,28
41.677156,0.711871,2026-08-10 05:41:30.12606976,1,9322,187,38
41.068204,-88.928504,2026-08-10 05:41:30.603876864,1,8900,227,23
40.997899,-88.244325,2026-08-10 05:41:47.87269376,1,10076,109,22
40.948112,-88.345812,2026-08-10 05:41:47.921233408,1,14778,187,29
42.009736,-87.65115,2026-08-10 05:41:48.770161152,1,14110,177,31
41.991623,-87.609017,2026-08-10 05:41:48.866360576,1,11172,93,29
42.012107,-87.603025,2026-08-10 05:41:48.941946112,1,13974,102,19
41.979612,-87.851414,2026-08-10 05:41:49.277967104,1,11132,175,19
39.457003,-95.888085,2026-08-10 05:41:49.330539264,1,7988,143,27
41.964933,-87.851107,2026-08-10 05:41:49.473489408,1,6672,175,25
40.976636,-88.324115,2026-08-10 05:41:50.97430016,1,13399,186,21
42.025174,-87.229429,2026-08-10 05:41:57.368482048,1,8301,163,19
42.792251,-85.575008,2026-08-10 05:41:59.82854912,1,13726,169,20
42.003365,-87.678397,2026-08-10 05:41:59.128257536,1,7861,167,26
42.525748,-87.068012,2026-08-10 05:41:59.701012992,1,5543,135,27
42.351335,-87.121409,2026-08-10 05:42:00.160992512,1,8241,160,19
41.037011,-88.587204,2026-08-10 05:42:01.720007936,1,6277,239,21
42.089405,-87.941113,2026-08-10 05:42:02.973582336,1,8332,212,20
40.976761,-88.611176,2026-08-10 05:42:03.203745280,1,13600,184,16
41.998943,-87.595305,2026-08-10 05:42:04.559501568,1,12278,93,20
42.54571,-86.919656,2026-08-10 05:42:05.561859072,1,10462,95,20
42.198597,-87.079452,2026-08-10 05:42:06.70552320,1,11496,93,16
42.456131,-87.101425,2026-08-10 05:42:14.54511616,1,14065,90,29
42.452515,-87.133897,2026-08-10 05:42:14.198529792,1,13190,150,31
41.00753,-88.706008,2026-08-10 05:42:15.686930688,1,6148,152,27
40.946926,-88.585751,2026-08-10 05:42:16.352800768,1,9777,185,18
39.696698,-94.705702,2026-08-10 05:42:16.495861504,1,12847,134,35
39.68931,-94.503227,2026-08-10 05:42:16.495908352,1,8359,156,20
41.026751,-88.504524,2026-08-10 05:42:16.728033024,1,7044,145,23
41.978942,-87.819435,2026-08-10 05:42:28.386819328,1,10594,175,28
42.011357,-87.580194,2026-08-10 05:42:28.386868992,1,12818,131,17
39.243665,-56.670943,2026-08-10 05:42:29.173701120,1,13584,156,27
38.723484,-58.44291,2026-08-10 05:42:36.309999104,1,13079,149,21
38.721125,-58.557359,2026-08-10 05:42:36.310029056,1,3057,170,77
41.04321,-88.482028,2026-08-10 05:42:43.746292992,1,6129,146,26
42.652459,-85.70354,2026-08-10 05:42:44.775685120,1,9363,186,22
41.989107,-87.575111,2026-08-10 05:42:45.12647424,1,12078,93,29
40.949157,-88.629079,2026-08-10 05:42:45.375624704,1,13392,224,23
40.991897,-88.772142,2026-08-10 05:42:45.941466112,1,5816,226,27
42.509024,-88.393571,2026-08-10 05:42:45.969601792,1,8908,108,28
41.102919,-88.555786,2026-08-10 05:42:46.46549504,1,8706,185,27
41.086075,-88.529494,2026-08-10 05:42:46.416963328,1,6711,252,26
41.018499,-88.440376,2026-08-10 05:42:54.858155264,1,11769,97,28
41.031183,-88.6567,2026-08-10 05:42:54.985664256,1,14058,246,18
40.914642,-88.760219,2026-08-10 05:42:55.209067520,1,7278,226,23
-33.890065,156.981633,2026-08-10 05:40:01.556684032,2,13370,159,19
-34.716644,157.009223,2026-08-10 05:40:36.501567232,2,14042,151,21
-35.305943,156.921887,2026-08-10 05:40:40.408293120,2,7723,145,26
-29.858143,156.42098,2026-08-10 05:40:58.366858496,2,6724,258,40
-30.044596,156.283606,2026-08-10 05:40:58.366936064,2,12824,233,24
-33.52703,157.064801,2026-08-10 05:41:01.932609280,2,11804,200,23
-35.943364,157.081193,2026-08-10 05:41:07.777487104,2,12154,140,18
-33.030007,156.908732,2026-08-10 05:41:36.957048320,2,13540,168,22
-33.609925,157.189039,2026-08-10 05:42:19.99416320,2,13541,166,24
-34.082168,157.86487,2026-08-10 05:42:19.829239552,2,8419,259,41
-34.154075,157.864001,2026-08-10 05:42:19.829249792,2,9222,143,25
-30.126315,156.600687,2026-08-10 05:42:23.314165504,2,10546,244,32
27.092402,122.139851,2026-08-10 05:42:47.103091712,2,6103,214,22
41.058268,-88.222311,2026-08-10 05:40:02.169737728,3,14744,79,48
41.018484,-88.162514,2026-08-10 05:40:02.169772800,3,10293,183,36
42.562564,-86.93242,2026-08-10 05:40:02.243195392,3,12843,95,52
42.598774,-86.912733,2026-08-10 05:40:02.243270912,3,5343,175,38
42.554951,-86.918266,2026-08-10 05:40:02.243260416,3,14376,98,23
42.508341,-87.290217,2026-08-10 05:40:02.273611520,3,5011,219,36
42.520552,-87.119808,2026-08-10 05:40:02.273654016,3,3552,196,25
41.010682,-88.667843,2026-08-10 05:40:02.576418304,3,6609,70,72
41.021366,-88.668534,2026-08-10 05:40:02.576499200,3,9522,172,61
41.110957,-88.793947,2026-08-10 05:40:02.884666624,3,10467,71,33
40.995142,-88.689121,2026-08-10 05:40:02.884694016,3,4143,107,20
41.058945,-88.075148,2026-08-10 05:40:03.44076800,3,9788,99,24
26.456632,-108.110809,2026-08-10 05:40:03.84033280,3,8496,232,26
42.033025,-87.576698,2026-08-10 05:40:03.162727936,3,7186,107,67
42.015944,-87.589705,2026-08-10 05:40:03.162734336,3,12811,237,52
42.035588,-87.620699,2026-08-10 05:40:03.162787328,3,4720,168,38
42.498144,-87.076753,2026-08-10 05:40:03.214181632,3,13010,114,38
42.51566,-87.020679,2026-08-10 05:40:03.214198016,3,2986,167,24
41.931605,-87.348767,2026-08-10 05:40:03.419077120,3,10795,124,31
40.97424,-88.653845,2026-08-10 05:40:03.427233792,3,11695,199,50
41.057857,-88.381618,2026-08-10 05:40:03.427316224,3,4261,201,37
41.115479,-88.419226,2026-08-10 05:40:10.479369472,3,10795,77,39
41.118892,-88.41796,2026-08-10 05:40:10.479431936,3,14410,89,32
41.12101,-88.550831,2026-08-10 05:40:10.590486784,3,13350,119,32
41.112474,-88.411317,2026-08-10 05:40:10.590511104,3,13452,131,17
41.104069,-88.418267,2026-08-10 05:40:10.682925312,3,12472,119,49
41.116576,-88.421227,2026-08-10 05:40:10.682993408,3,13123,99,37
41.059063,-88.704866,2026-08-10 05:40:10.793517568,3,7228,197,26
26.356703,-108.227623,2026-08-10 05:40:11.48092672,3,10365,232,22
26.26445,-108.338098,2026-08-10 05:40:11.241837056,3,9701,230,28
42.527785,-87.195561,2026-08-10 05:40:11.319056896,3,3505,172,32
42.041046,-87.290928,2026-08-10 05:40:18.579253248,3,10838,85,39
41.991092,-87.193952,2026-08-10 05:40:18.579285504,3,11061,92,26
39.710524,-94.575309,2026-08-10 05:40:18.965217792,3,7882,98,27
41.99715,-87.570511,2026-08-10 05:40:19.350462720,3,12157,104,61
41.986009,-87.579235,2026-08-10 05:40:19.350531584,3,10524,122,46
42.026379,-87.59529,2026-08-10 05:40:19.350520064,3,6297,168,30
41.185027,-88.460396,2026-08-10 05:40:19.359576064,3,7534,80,32
41.168771,-88.463055,2026-08-10 05:40:19.359636224,3,10657,98,20
41.990079,-87.573101,2026-08-10 05:40:19.431032064,3,6798,124,62
41.971748,-87.700243,2026-08-10 05:40:19.431054848,3,4402,185,43
41.998439,-87.540901,2026-08-10 05:40:19.817614336,3,7441,167,20
38.618133,-59.348453,2026-08-10 05:40:19.879126016,3,14652,213,37
42.012659,-87.31537,2026-08-10 05:40:27.21864960,3,8691,117,43
42.014258,-87.351763,2026-08-10 05:40:27.21931264,3,9614,124,33
41.974315,-87.307919,2026-08-10 05:40:27.21935872,3,7011,169,18
41.02121,-88.339143,2026-08-10 05:40:27.736461824,3,4909,106,27
42.005291,-87.352566,2026-08-10 05:40:34.768158464,3,14837,83,25
42.437288,-87.142057,2026-08-10 05:40:34.838707456,3,12776,99,54
42.44702,-87.209605,2026-08-10 05:40:34.838766080,3,7632,222,38
42.424119,-87.133451,2026-08-10 05:40:34.838780416,3,12792,126,19
42.433922,-87.154785,2026-08-10 05:40:34.936952576,3,14350,103,30
42.42018,-87.150672,2026-08-10 05:40:34.937029376,3,4281,135,46
42.427434,-87.265913,2026-08-10 05:40:34.936994560,3,3086,266,33
40.980665,-88.265604,2026-08-10 05:40:35.128564224,3,13571,167,33
42.440932,-87.144466,2026-08-10 05:40:35.154300928,3,11724,107,50
42.432214,-87.230388,2026-08-10 05:40:35.154351616,3,2752,266,37
42.441084,-87.175879,2026-08-10 05:40:35.154366208,3,3643,192,24
41.092777,-88.339109,2026-08-10 05:40:35.284816128,3,10686,115,27
42.391568,-87.12372,2026-08-10 05:40:35.982749696,3,10116,106,54
42.385126,-87.12954,2026-08-10 05:40:35.982822912,3,5851,135,42
42.410636,-87.164517,2026-08-10 05:40:35.982807808,3,5756,167,26
42.382213,-87.249941,2026-08-10 05:40:36.48620800,3,11448,153,40
42.377401,-87.132883,2026-08-10 05:40:36.48652544,3,4313,118,25
42.382064,-87.125824,2026-08-10 05:40:36.186711552,3,13303,103,59
42.383608,-87.13511,2026-08-10 05:40:36.186784512,3,5552,135,42
42.373221,-87.116036,2026-08-10 05:40:36.186781440,3,9203,133,17
42.540471,-87.283308,2026-08-10 05:40:36.557741056,3,9924,170,48
42.526546,-87.129345,2026-08-10 05:40:36.557786368,3,6081,192,35
33.298347,-112.711145,2026-08-10 05:40:36.565985280,3,7892,203,27
43.31161,-87.107769,2026-08-10 05:40:36.814810624,3,13579,101,93
43.30845,-87.114334,2026-08-10 05:40:36.814809088,3,4680,236,73
43.312773,-87.17927,2026-08-10 05:40:36.814796544,3,11481,211,59
41.02445,-88.28159,2026-08-10 05:40:36.929654016,3,8505,127,61
41.025747,-88.260031,2026-08-10 05:40:36.929714432,3,8981,201,47
40.227311,-99.531992,2026-08-10 05:40:44.207860992,3,11823,150,37
40.26815,-99.483043,2026-08-10 05:40:44.207881472,3,5547,167,23
42.461559,-87.269035,2026-08-10 05:40:44.243654912,3,12404,149,30
42.002724,-87.391063,2026-08-10 05:40:44.305012480,3,10108,161,40
42.017235,-87.316739,2026-08-10 05:40:44.305032704,3,6528,166,26
26.505369,-108.101084,2026-08-10 05:40:52.917996288,3,6747,246,25
41.200957,-88.312642,2026-08-10 05:40:53.259262720,3,12523,120,23
42.034794,-87.541477,2026-08-10 05:40:53.971114496,3,11634,108,47
42.03898,-87.619466,2026-08-10 05:40:53.971164672,3,4054,243,33
42.028377,-87.541844,2026-08-10 05:40:53.971177984,3,10687,99,19
53.398477,-116.690414,2026-08-10 05:40:54.125130752,3,12601,206,38
40.923165,-88.774981,2026-08-10 05:40:55.230786304,3,6136,194,22
41.147222,-88.425393,2026-08-10 05:40:56.594365952,3,8773,194,29
41.986921,-87.541912,2026-08-10 05:40:56.877714176,3,10483,84,15
42.004327,-87.592935,2026-08-10 05:40:56.877776384,3,3824,186,24
41.196284,-88.4526,2026-08-10 05:40:56.993179392,3,6629,99,28
17.991746,-95.354874,2026-08-10 05:40:57.337206016,3,6342,261,19
42.563832,-86.913131,2026-08-10 05:40:57.564715008,3,10167,90,60
42.500799,-87.154515,2026-08-10 05:40:57.564718336,3,3417,259,49
42.51965,-86.91461,2026-08-10 05:40:57.564788480,3,4830,104,29
42.52532,-86.905248,2026-08-10 05:40:57.600970496,3,10619,117,45
42.517274,-87.026237,2026-08-10 05:40:57.601016064,3,5234,265,32
42.052935,-87.246355,2026-08-10 05:40:57.609274368,3,8397,150,36
42.026259,-87.24489,2026-08-10 05:40:57.609339648,3,5255,124,29
41.999601,-87.594186,2026-08-10 05:41:05.104712448,3,11525,124,60
42.004846,-87.843166,2026-08-10 05:41:05.104701696,3,13832,178,46
42.045036,-87.602398,2026-08-10 05:41:05.104764160,3,7159,168,32
40.941594,-80.002203,2026-08-10 05:41:05.537614336,3,11806,75,68
40.93968,-80.011647,2026-08-10 05:41:05.537620224,3,12183,142,48
40.923516,-79.975656,2026-08-10 05:41:05.537674752,3,13794,115,34
40.935938,-79.974345,2026-08-10 05:41:05.537677568,3,7166,113,21
41.044456,-88.132121,2026-08-10 05:41:05.749945088,3,7429,76,59
40.983505,-88.433892,2026-08-10 05:41:05.749924608,3,8551,206,44
41.055588,-88.181439,2026-08-10 05:41:05.749995776,3,7166,167,29
41.146604,-88.253649,2026-08-10 05:41:05.948410112,3,10020,73,29
41.043717,-88.143119,2026-08-10 05:41:05.948436992,3,13634,96,16
41.688997,-86.81224,2026-08-10 05:41:06.303038720,3,13953,266,28
41.973312,-87.488335,2026-08-10 05:41:06.371388928,3,8330,92,85
41.965976,-87.526392,2026-08-10 05:41:06.371398912,3,6573,111,74
41.969394,-87.536002,2026-08-10 05:41:06.371398400,3,7033,236,61
42.064926,-87.492904,2026-08-10 05:41:06.371431936,3,11320,97,46
41.019674,-88.783648,2026-08-10 05:41:13.733744128,3,14121,129,24
41.00283,-88.572658,2026-08-10 05:41:14.257996544,3,13454,66,72
41.004954,-88.647532,2026-08-10 05:41:14.258047744,3,4470,256,52
41.015325,-88.613533,2026-08-10 05:41:14.258056448,3,7866,169,39
41.014049,-88.559011,2026-08-10 05:41:14.328623616,3,10881,66,65
41.032193,-88.551927,2026-08-10 05:41:14.328692480,3,6322,154,47
41.030909,-88.602428,2026-08-10 05:41:14.328680960,3,7607,169,33
41.025435,-88.560854,2026-08-10 05:41:14.473125888,3,6620,168,29
41.012102,-88.529777,2026-08-10 05:41:14.473132544,3,11248,130,16
41.006024,-88.520824,2026-08-10 05:41:14.612939008,3,13524,66,62
41.003454,-88.543258,2026-08-10 05:41:14.613009920,3,11258,113,41
41.02929,-88.57693,2026-08-10 05:41:14.612999168,3,6460,168,21
40.007184,-50.424057,2026-08-10 05:41:21.983110400,3,10643,185,22
40.005367,-50.422949,2026-08-10 05:41:22.41451520,3,9022,185,27
39.999971,-50.410793,2026-08-10 05:41:22.86467584,3,8433,185,16
35.766945,-68.902364,2026-08-10 05:41:22.357195008,3,7271,244,51
35.856057,-68.960955,2026-08-10 05:41:22.357234432,3,6531,219,63
35.74567,-68.865058,2026-08-10 05:41:22.357246464,3,9453,211,50
35.779504,-68.861639,2026-08-10 05:41:22.357261312,3,9079,246,36
35.777923,-68.938193,2026-08-10 05:41:22.438426368,3,3547,267,53
35.75247,-68.873274,2026-08-10 05:41:22.438477056,3,9574,255,41
35.778889,-68.925836,2026-08-10 05:41:22.438482944,3,3130,248,29
42.595201,-86.944539,2026-08-10 05:41:22.575813632,3,6547,167,25
40.057895,-101.272285,2026-08-10 05:41:22.772648704,3,14532,149,129
40.085635,-101.221866,2026-08-10 05:41:22.772648448,3,7905,165,120
40.068742,-101.35433,2026-08-10 05:41:22.772649728,3,12013,191,108
19.34891,-106.089047,2026-08-10 05:41:29.813512960,3,14048,260,29
41.100979,-88.361988,2026-08-10 05:41:29.842939392,3,13025,82,52
41.07069,-88.362652,2026-08-10 05:41:29.842991616,3,5426,204,35
41.119142,-88.406815,2026-08-10 05:41:29.842988032,3,5284,185,21
41.217399,-88.217269,2026-08-10 05:41:30.84706048,3,12495,97,70
41.17396,-88.150332,2026-08-10 05:41:30.84794368,3,13879,210,50
41.213447,-88.228091,2026-08-10 05:41:30.84762112,3,9163,107,37
39.491816,-94.827307,2026-08-10 05:41:30.382429696,3,11371,135,25
42.542322,-86.968158,2026-08-10 05:41:30.416764928,3,9207,107,64
42.537727,-87.367328,2026-08-10 05:41:30.416738304,3,14314,268,44
42.525018,-86.984994,2026-08-10 05:41:30.416845056,3,3952,119,30
41.171083,-88.564407,2026-08-10 05:41:30.603913728,3,6542,85,59
41.208606,-88.70105,2026-08-10 05:41:30.603952384,3,13477,140,51
41.010249,-88.666224,2026-08-10 05:41:30.752558080,3,5261,76,52
41.02175,-88.704905,2026-08-10 05:41:30.752614400,3,9497,189,39
40.994484,-88.66806,2026-08-10 05:41:30.752613888,3,6260,103,24
41.275015,-88.747045,2026-08-10 05:41:30.912864000,3,14157,78,27
18.298993,-100.187863,2026-08-10 05:41:38.655691776,3,14138,257,22
40.989908,-88.093693,2026-08-10 05:41:38.936101632,3,5960,125,34
41.006996,-88.079946,2026-08-10 05:41:38.936102144,3,6171,174,24
41.169081,-88.518462,2026-08-10 05:41:39.281463040,3,10680,124,24
41.033293,-88.686248,2026-08-10 05:41:39.331260416,3,8619,192,36
41.06359,-88.410942,2026-08-10 05:41:39.331329024,3,4972,100,22
41.066954,-88.419925,2026-08-10 05:41:39.378693888,3,14451,141,39
41.136233,-88.273673,2026-08-10 05:41:39.816511744,3,14611,95,47
41.046159,-88.565626,2026-08-10 05:41:39.816492288,3,4638,238,34
42.578779,-88.230373,2026-08-10 05:41:39.930016000,3,8829,93,58
42.573579,-88.244502,2026-08-10 05:41:39.930086144,3,6597,141,45
42.594576,-88.290629,2026-08-10 05:41:39.930072320,3,4099,192,23
41.16798,-88.538865,2026-08-10 05:41:39.982587392,3,13134,169,31
41.179248,-88.563114,2026-08-10 05:41:39.982575360,3,12800,126,18
41.168441,-88.414272,2026-08-10 05:41:40.58103296,3,13583,100,41
42.613054,-88.362635,2026-08-10 05:41:40.164363008,3,7866,89,41
42.557296,-88.252956,2026-08-10 05:41:40.164390912,3,2448,118,31
42.003583,-87.581858,2026-08-10 05:41:40.433961728,3,7525,95,78
41.994827,-87.625406,2026-08-10 05:41:40.434024960,3,5640,254,55
29.707599,-63.019029,2026-08-10 05:41:47.578466560,3,5850,269,32
41.028597,-88.29783,2026-08-10 05:41:47.721755392,3,13348,127,61
41.016786,-88.037103,2026-08-10 05:41:47.921245184,3,5875,85,74
40.986034,-88.044398,2026-08-10 05:41:47.921324288,3,12467,112,55
41.064659,-88.135969,2026-08-10 05:41:47.921304832,3,11135,166,37
41.104001,-88.321669,2026-08-10 05:41:48.449054976,3,8830,106,20
42.426072,-87.170707,2026-08-10 05:41:48.586416640,3,14035,188,21
41.000492,-88.377574,2026-08-10 05:41:48.690596864,3,11621,101,36
41.030445,-88.431914,2026-08-10 05:41:48.690651392,3,2980,168,24
42.002538,-87.581384,2026-08-10 05:41:48.770173184,3,6038,97,92
41.996472,-87.59483,2026-08-10 05:41:48.770181120,3,10038,149,78
42.033478,-87.642885,2026-08-10 05:41:48.770231296,3,1525,168,41
42.655367,-87.03137,2026-08-10 05:41:55.814195200,3,13670,98,34
42.601947,-86.922242,2026-08-10 05:41:55.814231040,3,6432,161,24
42.432948,-87.138891,2026-08-10 05:41:55.996552448,3,11428,67,16
42.428279,-87.13742,2026-08-10 05:41:55.996632576,3,10929,135,58
42.446464,-87.232095,2026-08-10 05:41:55.996595968,3,7984,137,44
42.406821,-87.119337,2026-08-10 05:41:55.996619776,3,10265,133,27
41.021456,-88.185434,2026-08-10 05:41:56.99672320,3,14213,129,34
40.96849,-88.057568,2026-08-10 05:41:56.99696896,3,9945,175,21
42.465506,-87.254509,2026-08-10 05:41:56.225390336,3,14208,91,36
42.447861,-87.149571,2026-08-10 05:41:56.225409792,3,14814,81,25
42.547108,-87.063028,2026-08-10 05:41:56.740370176,3,14681,113,38
42.532248,-86.930603,2026-08-10 05:41:56.740389376,3,9914,131,26
42.45638,-87.253205,2026-08-10 05:41:57.115330816,3,10475,197,33
42.540154,-86.957758,2026-08-10 05:41:57.115409664,3,5347,186,20
42.014868,-87.235369,2026-08-10 05:41:57.368412672,3,11614,106,41
42.050244,-87.208307,2026-08-10 05:41:57.368485888,3,6904,166,32
41.048455,-88.662006,2026-08-10 05:41:57.502596352,3,12576,243,43
41.04903,-88.365884,2026-08-10 05:41:57.502667520,3,5470,201,31
41.089164,-88.405535,2026-08-10 05:41:57.824344576,3,8924,179,36
42.022404,-87.362982,2026-08-10 05:41:58.195092992,3,14116,119,46
42.53948,-86.931551,2026-08-10 05:42:05.561790464,3,13494,117,45
42.545547,-86.919688,2026-08-10 05:42:05.561861376,3,10479,98,31
42.139976,-87.006008,2026-08-10 05:42:05.794445824,3,14598,178,30
41.012102,-88.823998,2026-08-10 05:42:05.827075840,3,9296,146,32
40.997701,-88.710359,2026-08-10 05:42:05.827114240,3,8738,135,19
42.200381,-87.051878,2026-08-10 05:42:06.70555392,3,9580,150,46
42.22215,-87.056495,2026-08-10 05:42:06.70553344,3,3559,178,31
42.724145,-85.65565,2026-08-10 05:42:06.522163456,3,13756,155,20
42.71539,-85.748782,2026-08-10 05:42:06.560528128,3,14934,176,33
42.010759,-87.728257,2026-08-10 05:42:07.137356544,3,7789,162,34
41.979159,-87.660207,2026-08-10 05:42:07.534845696,3,9632,195,19
40.91402,-88.735364,2026-08-10 05:42:08.81033984,3,7147,226,23
39.850114,-96.521302,2026-08-10 05:42:08.135011840,3,13495,78,24
40.899615,-88.690047,2026-08-10 05:42:08.201301504,3,12505,97,21
38.283653,-62.553036,2026-08-10 05:42:08.872325888,3,10910,209,87
38.303192,-62.589981,2026-08-10 05:42:08.872337920,3,3435,253,66
41.996319,-87.486602,2026-08-10 05:42:16.311657216,3,14675,140,40
42.04481,-87.5473,2026-08-10 05:42:16.311645184,3,4825,132,28
40.956767,-88.587899,2026-08-10 05:42:16.352801792,3,10726,208,35
40.948291,-88.575366,2026-08-10 05:42:16.352800256,3,7123,185,28
39.727739,-94.539493,2026-08-10 05:42:16.495834624,3,10357,166,132
39.718023,-94.543395,2026-08-10 05:42:16.495837952,3,7038,133,120
39.708229,-94.554545,2026-08-10 05:42:16.495842048,3,10699,139,101
39.714499,-94.517856,2026-08-10 05:42:16.495911168,3,7111,118,86
39.729631,-94.524607,2026-08-10 05:42:16.495908608,3,3686,150,72
41.060085,-88.280374,2026-08-10 05:42:16.640050688,3,12424,114,24
41.024589,-88.40583,2026-08-10 05:42:16.727988224,3,8524,71,58
41.038314,-88.502615,2026-08-10 05:42:16.728034816,3,7961,232,43
40.948429,-88.093287,2026-08-10 05:42:18.900912640,3,4891,199,31
40.937169,-88.092095,2026-08-10 05:42:18.900909312,3,9149,103,18
42.781345,-85.492533,2026-08-10 05:42:19.412346880,3,7553,229,30
42.776047,-85.418866,2026-08-10 05:42:19.412359424,3,11950,95,17
42.107949,-87.612095,2026-08-10 05:42:19.633963264,3,11884,122,32
42.56814,-87.04749,2026-08-10 05:42:19.667537152,3,14223,80,28
26.455281,-107.892516,2026-08-10 05:42:19.691950848,3,8197,183,57
26.37086,-108.015217,2026-08-10 05:42:19.691956736,3,13239,244,57
42.026673,-87.699848,2026-08-10 05:42:20.239397888,3,11525,83,45
42.001552,-87.666679,2026-08-10 05:42:20.239400704,3,3534,246,32
41.075222,-88.242326,2026-08-10 05:42:20.399601408,3,8966,70,54
41.117222,-88.309685,2026-08-10 05:42:20.399654144,3,5009,179,40
41.071411,-88.264254,2026-08-10 05:42:20.399659776,3,4196,129,27
40.917173,-88.603162,2026-08-10 05:42:20.503734016,3,12692,191,42
42.712858,-85.440391,2026-08-10 05:42:27.603009536,3,14149,97,21
42.664484,-85.610621,2026-08-10 05:42:27.603038720,3,8108,242,50
42.736554,-85.44781,2026-08-10 05:42:27.603080448,3,13809,89,39
42.74401,-85.401092,2026-08-10 05:42:27.686136320,3,12160,130,36
42.746277,-85.459922,2026-08-10 05:42:27.686204160,3,5256,160,22
33.198692,-112.825922,2026-08-10 05:42:27.923320576,3,8439,150,27
33.241364,-112.741867,2026-08-10 05:42:27.923347200,3,13675,234,14
42.001867,-87.555111,2026-08-10 05:42:28.386811904,3,8495,76,65
41.945565,-87.814254,2026-08-10 05:42:28.386809600,3,4978,242,48
42.130496,-87.601715,2026-08-10 05:42:28.763397376,3,8627,197,23
40.958111,-88.52772,2026-08-10 05:42:36.299941120,3,7652,182,24
38.762852,-58.41857,2026-08-10 05:42:36.310009344,3,8559,188,40
38.789981,-58.401773,2026-08-10 05:42:36.347906816,3,2448,189,27
41.0009,-88.206737,2026-08-10 05:42:36.628734720,3,14797,125,36
41.995467,-87.558865,2026-08-10 05:42:36.743807232,3,14503,124,57
42.01607,-87.638502,2026-08-10 05:42:36.743857408,3,4213,215,39
40.96116,-88.348334,2026-08-10 05:42:37.124591616,3,7124,106,26
41.164948,-88.406442,2026-08-10 05:42:37.199180032,3,14505,128,27
40.940875,-88.052,2026-08-10 05:42:37.592258304,3,8434,133,22
42.03266,-87.668383,2026-08-10 05:42:37.696598528,3,8296,160,33
42.616387,-86.836597,2026-08-10 05:42:38.260433408,3,13841,137,47
42.602637,-86.870844,2026-08-10 05:42:38.260410368,3,5518,211,30
40.944606,-88.480996,2026-08-10 05:42:38.929915136,3,13374,97,78
40.927761,-88.387295,2026-08-10 05:42:38.929945088,3,5634,114,51
41.991942,-87.528167,2026-08-10 05:42:39.176342528,3,8317,141,30
41.215443,-88.288862,2026-08-10 05:42:39.319575040,3,6362,159,22
40.626071,-95.079792,2026-08-10 05:42:39.671252992,3,13236,112,87
40.399544,-94.976876,2026-08-10 05:42:39.671325952,3,9110,163,81
42.502986,-86.950287,2026-08-10 05:42:47.240685824,3,14262,107,24
41.367697,-79.853623,2026-08-10 05:42:47.617796096,3,8702,101,20
40.960381,-88.300516,2026-08-10 05:42:47.873603072,3,6607,229,36
42.415151,-87.056609,2026-08-10 05:42:48.462698496,3,7601,223,29
40.993653,-88.337789,2026-08-10 05:42:48.755943168,3,8686,222,34
42.570198,-86.970601,2026-08-10 05:42:48.868043520,3,14187,107,25
41.076749,-88.421952,2026-08-10 05:42:49.478661632,3,14412,102,21
41.088873,-88.485805,2026-08-10 05:42:49.478694144,3,13506,188,49
42.539011,-86.951822,2026-08-10 05:42:49.627452416,3,13390,112,67
42.52549,-86.930755,2026-08-10 05:42:49.627468800,3,6719,262,51
42.54718,-86.859473,2026-08-10 05:42:49.627494656,3,8178,121,38
41.997339,-87.5644,2026-08-10 05:42:50.35852032,3,9468,109,60
41.993562,-87.581158,2026-08-10 05:42:50.35919616,3,6719,140,47
42.615051,-87.19761,2026-08-10 05:42:57.697627904,3,7479,184,18
41.022231,-88.698889,2026-08-10 05:42:57.885591552,3,11547,192,35
52.826995,17.014357,2026-08-10 05:41:35.743563520,4,13166,105,26
43.211592,1.631285,2026-08-10 05:41:37.379813632,4,13880,165,36
38.241124,-62.632219,2026-08-10 05:42:08.872489472,4,13756,230,30
42.907992,1.156551,2026-08-10 05:42:39.528655360,4,13015,170,28
27.103537,122.08731,2026-08-10 05:42:46.970519552,4,5537,216,28
21.08632,-85.698679,2026-08-10 05:40:30.822127872,7,6420,268,18
25.927165,-96.165065,2026-08-10 05:40:37.361939712,7,14890,225,21
19.500812,-87.804749,2026-08-10 05:40:39.829942784,7,9079,223,13
20.070484,-87.595257,2026-08-10 05:41:06.509517824,7,5036,252,26
20.044234,-87.584698,2026-08-10 05:41:06.509512704,7,12765,243,20
15.429953,-89.31788,2026-08-10 05:41:14.920074240,7,4719,256,27
18.500043,-95.723362,2026-08-10 05:41:31.109001216,7,6172,250,14
22.961868,-85.099959,2026-08-10 05:41:36.66484736,7,13367,251,17
14.567269,-67.117068,2026-08-10 05:42:03.498676224,7,7876,189,13
25.852122,-96.157032,2026-08-10 05:42:03.832661248,7,4389,201,28
25.949481,-96.092759,2026-08-10 05:42:03.832701184,7,10035,259,18
26.298326,-108.100396,2026-08-10 05:42:19.691940864,7,9938,187,19
20.898219,-85.586617,2026-08-10 05:42:23.808371200,7,5498,235,21
20.886884,-85.63313,2026-08-10 05:42:23.812247296,7,5170,270,29
20.997584,-85.632916,2026-08-10 05:42:23.812336896,7,6732,240,18
20.920254,-85.6143,2026-08-10 05:42:24.186790656,7,8335,235,18
12.9739,-7.800851,2026-08-10 05:40:02.814725888,5,10540,240,20
11.379261,-27.86922,2026-08-10 05:42:47.89496320,5,8947,256,24
40.657455,105.385513,2026-08-10 05:40:21.774110720,9,10734,235,25
34.933245,137.567392,2026-08-10 05:41:08.936843264,9,6800,155,13
34.948552,137.569898,2026-08-10 05:41:14.661297152,9,4962,170,17
53.662973,117.148965,2026-08-10 05:41:28.976475136,9,7394,237,17
35.610279,119.707773,2026-08-10 05:41:38.525779456,9,5963,213,20
54.173816,119.118464,2026-08-10 05:41:49.496471296,9,13355,217,11
41.963328,106.15514,2026-08-10 05:42:19.450663168,9,11792,219,14
27.107861,122.096222,2026-08-10 05:42:46.970523136,9,3612,222,35
27.085738,122.134797,2026-08-10 05:42:47.103092224,9,2212,222,32
39.237291,-57.615638,2026-08-10 05:40:00.237029888,13,4106,265,17
40.051072,-101.171944,2026-08-10 05:40:00.557236736,13,5815,149,97
40.061459,-101.250913,2026-08-10 05:40:00.557226496,13,10517,185,88
40.081065,-101.085524,2026-08-10 05:40:00.557280768,13,14788,92,75
42.353694,-87.080292,2026-08-10 05:40:00.833902592,13,12844,113,47
42.292956,-87.105432,2026-08-10 05:40:00.833967872,13,8723,122,37
42.013503,-87.666837,2026-08-10 05:40:01.17152768,13,10638,91,25
42.509013,-87.108481,2026-08-10 05:40:01.150096384,13,7145,108,87
42.083417,-87.763871,2026-08-10 05:40:01.271152640,13,14945,115,43
33.231155,-112.953595,2026-08-10 05:40:01.392851200,13,6233,147,31
33.307343,-112.820806,2026-08-10 05:40:01.392887296,13,6071,215,31
41.06153,-88.18917,2026-08-10 05:40:02.169751552,13,13563,204,37
42.57739,-86.958287,2026-08-10 05:40:02.243265536,13,7750,192,25
42.554769,-86.920673,2026-08-10 05:40:02.243273728,13,14571,95,26
41.015857,-88.674311,2026-08-10 05:40:02.576419584,13,13521,70,66
41.027386,-88.777004,2026-08-10 05:40:02.576466688,13,7673,256,58
41.977799,-87.855891,2026-08-10 05:40:03.162734080,13,13623,173,27
42.449993,-87.130128,2026-08-10 05:40:03.504936192,13,7981,104,81
42.417097,-87.154425,2026-08-10 05:40:03.504937472,13,10020,225,67
42.384756,-87.346605,2026-08-10 05:40:03.504940032,13,7317,223,53
42.450035,-87.175915,2026-08-10 05:40:03.504989440,13,6359,167,38
42.406891,-87.160317,2026-08-10 05:40:03.636700160,13,13407,60,35
42.39851,-87.166589,2026-08-10 05:40:03.636774400,13,7251,135,41
42.4171,-87.146679,2026-08-10 05:40:04.5586432,13,6786,135,40
42.754255,-85.486031,2026-08-10 05:40:05.387196416,13,9452,180,23
37.974295,-62.400531,2026-08-10 05:40:06.727389952,13,9007,211,44
38.009603,-62.433509,2026-08-10 05:40:06.727463936,13,6346,252,30
41.150981,-88.433183,2026-08-10 05:40:06.794965760,13,7106,170,30
38.293709,-62.569719,2026-08-10 05:40:07.852726528,13,8772,216,79
38.309456,-62.612569,2026-08-10 05:40:07.852738048,13,5084,253,69
41.052991,-88.269405,2026-08-10 05:40:08.235047424,13,13385,103,57
40.980892,-88.516804,2026-08-10 05:40:08.235035392,13,4384,244,43
41.064082,-88.303879,2026-08-10 05:40:08.235102720,13,4869,184,31
34.681641,-66.203307,2026-08-10 05:40:08.486755328,13,6105,269,36
42.506228,-87.047344,2026-08-10 05:40:08.645723136,13,4583,150,33
41.052653,-88.213496,2026-08-10 05:40:08.836896256,13,9116,230,22
41.070615,-88.180067,2026-08-10 05:40:08.836898560,13,5760,178,25
41.052517,-88.123383,2026-08-10 05:40:09.678144,13,4987,206,34
41.030183,-88.101978,2026-08-10 05:40:09.680192,13,5000,163,34
42.323514,-87.078696,2026-08-10 05:40:09.458897664,13,13576,117,40
40.271561,-95.493176,2026-08-10 05:40:09.524170752,13,5510,251,50
40.204341,-95.5436,2026-08-10 05:40:09.524168192,13,7055,170,72
40.218085,-95.5464,2026-08-10 05:40:09.524226048,13,11084,147,58
40.229797,-95.585656,2026-08-10 05:40:09.572193792,13,6881,140,34
41.166006,-88.519011,2026-08-10 05:40:09.695875328,13,13519,100,25
39.523331,-100.762101,2026-08-10 05:40:09.801692416,13,13793,87,50
41.086389,-88.390447,2026-08-10 05:40:10.349236736,13,8196,75,54
41.067375,-88.41303,2026-08-10 05:40:10.349304576,13,5922,115,40
41.201053,-88.567034,2026-08-10 05:40:10.479414784,13,7352,143,32
41.12101,-88.550831,2026-08-10 05:40:10.590486784,13,13349,119,31
41.112474,-88.411317,2026-08-10 05:40:10.590511104,13,13453,131,17
41.161993,-88.537845,2026-08-10 05:40:10.682974208,13,14325,98,51
41.059069,-88.704863,2026-08-10 05:40:10.793517568,13,7228,197,26
26.355904,-108.217445,2026-08-10 05:40:11.48095744,13,8445,232,22
42.507706,-87.314799,2026-08-10 05:40:11.319035904,13,11767,167,28
43.047531,-87.81351,2026-08-10 05:40:12.53985792,13,5515,141,26
20.777154,-105.583359,2026-08-10 05:40:12.878963968,13,7709,251,48
41.980529,-87.571179,2026-08-10 05:40:12.932560896,13,5210,123,22
42.056346,-87.589846,2026-08-10 05:40:13.58455552,13,6992,81,57
42.066025,-87.69631,2026-08-10 05:40:13.58503680,13,5433,234,43
41.15295,-88.398617,2026-08-10 05:40:14.210248704,13,13718,160,23
41.145887,-88.358502,2026-08-10 05:40:14.348660736,13,8388,99,28
41.140268,-88.40222,2026-08-10 05:40:14.511597824,13,8301,103,29
42.293106,-87.108352,2026-08-10 05:40:15.615517440,13,13477,119,49
42.329836,-87.225114,2026-08-10 05:40:15.615487744,13,6358,240,36
42.535242,-86.959455,2026-08-10 05:40:16.269460480,13,9846,129,74
42.539099,-87.048104,2026-08-10 05:40:16.269464320,13,12914,167,69
41.006484,-88.679397,2026-08-10 05:40:16.560913408,13,12109,68,70
41.041709,-88.722667,2026-08-10 05:40:16.560971008,13,4733,186,37
42.021436,-87.541328,2026-08-10 05:40:16.967276544,13,13435,104,29
41.048134,-88.539276,2026-08-10 05:40:17.359473920,13,7941,167,23
42.581724,-86.95984,2026-08-10 05:40:17.772004864,13,7209,167,24
26.49657,-108.241673,2026-08-10 05:40:17.987751424,13,3694,247,97
26.180078,-108.304668,2026-08-10 05:40:17.987685120,13,13527,248,85
42.022663,-87.299436,2026-08-10 05:40:18.579254528,13,8879,119,36
42.004341,-87.186742,2026-08-10 05:40:18.579282688,13,5002,124,22
39.735128,-94.605488,2026-08-10 05:40:18.965209856,13,7574,120,27
41.999165,-87.56492,2026-08-10 05:40:19.350464256,13,11210,104,59
41.992582,-87.579815,2026-08-10 05:40:19.350529024,13,12759,122,48
42.029119,-87.597351,2026-08-10 05:40:19.350519808,13,5785,168,32
41.189636,-88.458139,2026-08-10 05:40:19.359574528,13,9374,79,33
41.991053,-87.563641,2026-08-10 05:40:19.431096320,13,11521,126,29
41.049642,-88.14874,2026-08-10 05:40:20.197710592,13,3440,155,73
41.034169,-88.223023,2026-08-10 05:40:20.197708800,13,6454,178,60
41.048341,-88.258343,2026-08-10 05:40:20.197758464,13,4603,230,47
41.021099,-88.189076,2026-08-10 05:40:20.299653888,13,11762,106,37
41.068601,-88.230501,2026-08-10 05:40:20.299700992,13,6605,184,34
42.047087,-87.467233,2026-08-10 05:40:21.132344832,13,7673,125,24
41.165225,-88.53903,2026-08-10 05:40:21.377565952,13,14292,138,23
41.184391,-88.389314,2026-08-10 05:40:21.408694016,13,10160,71,45
41.197115,-88.430004,2026-08-10 05:40:21.408744192,13,5453,168,35
41.054204,-88.279508,2026-08-10 05:40:21.780719616,13,8014,70,48
41.031703,-88.439956,2026-08-10 05:40:21.780738816,13,6306,198,41
33.137398,-112.69208,2026-08-10 05:40:22.223342080,13,7696,205,25
42.748574,-85.463096,2026-08-10 05:40:22.420559360,13,13684,126,41
42.663027,-85.753185,2026-08-10 05:40:22.420550912,13,7843,251,46
41.996236,-87.571131,2026-08-10 05:40:22.601398528,13,13469,102,47
42.001954,-87.634954,2026-08-10 05:40:22.601392896,13,4597,237,84
40.266104,-99.456551,2026-08-10 05:40:22.625372160,13,9313,134,119
40.219425,-99.458492,2026-08-10 05:40:22.625394432,13,9267,180,106
42.003162,-87.704738,2026-08-10 05:40:22.690466560,13,10232,109,37
39.494674,-95.715492,2026-08-10 05:40:23.265183488,13,14655,72,90
31.868715,-110.893184,2026-08-10 05:40:23.369259008,13,13769,209,41
42.571132,-86.910586,2026-08-10 05:40:23.471473920,13,14318,130,24
41.149678,-88.416736,2026-08-10 05:40:23.675812864,13,10166,121,21
41.18245,-88.384822,2026-08-10 05:40:23.721523712,13,9748,75,69
41.121887,-88.699851,2026-08-10 05:40:23.721488640,13,11175,203,55
41.098172,-88.468045,2026-08-10 05:40:23.960221184,13,13465,77,46
41.052308,-88.241947,2026-08-10 05:40:23.989795072,13,7791,172,37
41.031737,-88.119431,2026-08-10 05:40:24.63693568,13,12164,97,46
41.050479,-88.178023,2026-08-10 05:40:24.63745536,13,10749,186,41
41.981108,-87.836688,2026-08-10 05:40:25.371442688,13,7774,257,37
42.054558,-87.588478,2026-08-10 05:40:25.371504896,13,6708,168,35
39.878737,-96.630526,2026-08-10 05:40:25.635254784,13,13909,93,46
39.847419,-96.605254,2026-08-10 05:40:25.635264000,13,4343,145,33
42.064699,-87.322849,2026-08-10 05:40:25.852319744,13,8214,115,37
41.966067,-87.238783,2026-08-10 05:40:26.27800320,13,11859,110,21
42.05893,-87.459019,2026-08-10 05:40:27.21908480,13,12573,113,36
42.049343,-87.229879,2026-08-10 05:40:27.879309312,13,14912,83,63
23.169074,-104.370082,2026-08-10 05:40:28.647282944,13,6155,262,44
23.157424,-104.33449,2026-08-10 05:40:28.845642496,13,10896,241,23
40.895848,-88.366672,2026-08-10 05:40:28.944146688,13,14458,106,25
41.988447,-87.774113,2026-08-10 05:40:29.237474816,13,10105,225,37
42.061089,-87.572431,2026-08-10 05:40:29.237523456,13,5050,180,22
40.89833,-88.33078,2026-08-10 05:40:29.517482240,13,12793,138,25
40.969,-88.224063,2026-08-10 05:40:29.603813120,13,13425,160,25
41.085985,-88.51221,2026-08-10 05:40:30.561349120,13,13340,121,20
42.040001,-87.245697,2026-08-10 05:40:30.726764032,13,6366,83,62
40.605365,-95.008968,2026-08-10 05:40:31.351248384,13,12394,86,34
40.604576,-94.871097,2026-08-10 05:40:31.351282176,13,12030,183,21
41.10903,-88.21664,2026-08-10 05:40:31.526893312,13,10012,96,28
40.997252,-88.066632,2026-08-10 05:40:31.960282368,13,12486,81,50
41.017506,-88.118292,2026-08-10 05:40:31.960326400,13,5645,177,35
40.998573,-88.73654,2026-08-10 05:40:32.294099968,13,12295,111,22
41.127322,-89.166039,2026-08-10 05:40:32.339802624,13,4719,252,27
41.332723,-88.500791,2026-08-10 05:40:32.612401920,13,8023,154,40
41.34173,-88.579579,2026-08-10 05:40:32.612374528,13,8597,125,30
40.947272,-88.819334,2026-08-10 05:40:32.645647360,13,9519,169,24
42.026288,-87.519835,2026-08-10 05:40:33.652586496,13,10096,92,52
41.95577,-87.784641,2026-08-10 05:40:33.652574208,13,5255,242,39
41.07556,-88.193604,2026-08-10 05:40:34.142063872,13,14609,125,27
42.4137,-87.178291,2026-08-10 05:40:34.570533376,13,6461,152,54
42.426086,-87.197096,2026-08-10 05:40:34.570527744,13,3304,251,71
42.397183,-87.256604,2026-08-10 05:40:34.570511616,13,9918,249,58
42.436007,-87.166076,2026-08-10 05:40:34.838782720,13,12832,111,20
42.433913,-87.15478,2026-08-10 05:40:34.936952576,13,14349,103,58
42.440929,-87.144459,2026-08-10 05:40:35.154300928,13,11725,107,51
42.391561,-87.123713,2026-08-10 05:40:35.982749696,13,10116,106,55
42.385131,-87.129523,2026-08-10 05:40:35.982822912,13,5851,135,42
42.382472,-87.255979,2026-08-10 05:40:36.48622592,13,8612,153,29
42.394688,-87.251196,2026-08-10 05:40:36.186747392,13,11683,105,35
42.540531,-87.283295,2026-08-10 05:40:36.557741056,13,9926,170,48
42.524734,-87.190091,2026-08-10 05:40:36.557770496,13,6332,187,39
43.315922,-87.102731,2026-08-10 05:40:36.814809344,13,14304,88,72
43.29165,-87.097011,2026-08-10 05:40:36.814813184,13,4678,137,66
43.306166,-87.097666,2026-08-10 05:40:36.999078400,13,13332,88,41
43.323023,-87.200524,2026-08-10 05:40:36.999117568,13,7511,129,54
43.329232,-87.218591,2026-08-10 05:40:37.126370048,13,12291,106,41
41.01135,-88.380015,2026-08-10 05:40:37.280563456,13,14565,167,27
43.276385,-87.318841,2026-08-10 05:40:37.505105664,13,10375,161,41
41.040237,-88.639162,2026-08-10 05:40:38.8411392,13,6307,122,38
42.417249,-87.120258,2026-08-10 05:40:38.193808640,13,14016,119,51
42.402657,-86.99667,2026-08-10 05:40:38.193843968,13,10284,203,43
40.987469,-88.273891,2026-08-10 05:40:39.46064384,13,6726,110,17
41.158507,-88.662248,2026-08-10 05:40:39.396798208,13,7232,118,34
41.190694,-88.566359,2026-08-10 05:40:39.396821504,13,5377,186,25
40.97898,-88.130104,2026-08-10 05:40:39.593627136,13,6960,151,19
40.956083,-88.118307,2026-08-10 05:40:39.593614336,13,14662,138,27
19.458729,-87.77882,2026-08-10 05:40:39.829938176,13,6462,224,38
42.540144,-87.079151,2026-08-10 05:40:39.962704384,13,6852,208,17
41.024363,-88.757692,2026-08-10 05:40:40.177482240,13,10674,81,51
41.003363,-88.775987,2026-08-10 05:40:40.177550080,13,4647,112,39
42.540476,-86.938092,2026-08-10 05:40:40.257419520,13,12245,78,48
42.530381,-86.948251,2026-08-10 05:40:40.257427200,13,6619,133,56
42.532072,-86.960183,2026-08-10 05:40:40.257488384,13,11097,98,43
42.343495,-87.208051,2026-08-10 05:40:40.850375168,13,9157,153,25
38.221799,-62.458545,2026-08-10 05:40:41.249266432,13,8201,218,94
38.234634,-62.44352,2026-08-10 05:40:41.249268992,13,8252,254,79
41.01584,-88.677705,2026-08-10 05:40:42.623661312,13,6658,93,73
41.030434,-88.797515,2026-08-10 05:40:42.623697152,13,5754,144,59
40.99081,-88.668176,2026-08-10 05:40:42.832093184,13,7223,115,32
41.002449,-88.66687,2026-08-10 05:40:42.832091904,13,7286,137,22
42.699075,-85.467492,2026-08-10 05:40:43.24397056,13,7810,144,59
42.691033,-85.337186,2026-08-10 05:40:43.24497920,13,7199,264,45
41.143336,-88.449437,2026-08-10 05:40:43.183369216,13,7627,206,21
33.196366,-112.841814,2026-08-10 05:40:43.487427072,13,13819,150,29
42.048753,-87.673932,2026-08-10 05:40:43.724006144,13,6358,109,23
42.103624,-87.497936,2026-08-10 05:40:43.912798720,13,7352,168,19
40.227311,-99.531992,2026-08-10 05:40:44.207860992,13,11824,150,37
41.989367,-87.393408,2026-08-10 05:40:44.305012480,13,6650,162,39
40.989636,-88.630141,2026-08-10 05:40:45.939681792,13,7643,169,22
41.148125,-88.410587,2026-08-10 05:40:46.225380096,13,13319,79,26
42.406708,-87.178148,2026-08-10 05:40:46.412152320,13,13245,90,27
42.496304,-87.158475,2026-08-10 05:40:46.728501760,13,12107,181,30
42.592445,-86.91645,2026-08-10 05:40:46.728562432,13,11191,130,17
40.974565,-88.887253,2026-08-10 05:40:46.945457920,13,14841,195,38
41.030621,-88.638889,2026-08-10 05:40:46.945521408,13,5864,169,25
41.144047,-88.293999,2026-08-10 05:40:48.1158912,13,9571,112,45
42.539838,-86.876313,2026-08-10 05:40:48.10705152,13,14164,106,23
41.09477,-88.376447,2026-08-10 05:40:48.175351808,13,10432,109,24
41.100342,-88.481054,2026-08-10 05:40:48.372820480,13,8095,188,41
41.143004,-88.393968,2026-08-10 05:40:48.455434240,13,13688,142,58
41.094525,-88.364682,2026-08-10 05:40:48.455500032,13,9687,113,49
42.100498,-87.589073,2026-08-10 05:40:48.699973120,13,7155,142,34
39.265851,-101.299182,2026-08-10 05:40:49.101389824,13,5977,131,68
39.233447,-101.153783,2026-08-10 05:40:49.101416192,13,13409,100,65
38.109809,-63.002096,2026-08-10 05:40:49.271145472,13,10030,204,40
38.163895,-63.017957,2026-08-10 05:40:49.271216896,13,6367,255,26
25.923008,-96.038219,2026-08-10 05:40:49.598289920,13,5816,217,38
40.990082,-88.045242,2026-08-10 05:40:50.177530624,13,10481,171,43
41.021376,-88.113079,2026-08-10 05:40:50.177507328,13,5182,129,23
41.997377,-87.57252,2026-08-10 05:40:51.196279808,13,11099,82,79
41.146579,-88.733433,2026-08-10 05:40:51.297290496,13,5060,187,26
41.221473,-88.705101,2026-08-10 05:40:51.469331456,13,9873,111,30
41.989805,-87.706214,2026-08-10 05:40:51.501859840,13,9113,110,46
40.976988,-88.204216,2026-08-10 05:40:51.590259456,13,5646,175,21
26.471756,-108.112221,2026-08-10 05:40:52.917990912,13,11193,185,21
41.200957,-88.312642,2026-08-10 05:40:53.259262720,13,12523,120,21
42.043488,-87.562305,2026-08-10 05:40:53.971180544,13,4861,191,25
53.159366,-116.721285,2026-08-10 05:40:54.125209856,13,4153,229,31
40.923154,-88.775019,2026-08-10 05:40:55.230786304,13,6137,194,22
41.033678,-88.732155,2026-08-10 05:40:56.594270464,13,3527,260,24
41.144557,-88.419243,2026-08-10 05:40:56.594367488,13,5397,109,18
41.997102,-87.550605,2026-08-10 05:40:56.877715968,13,8506,84,34
42.003659,-87.589628,2026-08-10 05:40:56.877791488,13,14476,93,25
41.157082,-88.44816,2026-08-10 05:40:56.993179136,13,14067,190,27
17.986603,-95.362347,2026-08-10 05:40:57.337204224,13,3987,263,52
42.552991,-86.919192,2026-08-10 05:40:57.564713728,13,14478,69,68
42.51388,-87.193004,2026-08-10 05:40:57.564710400,13,5785,240,51
41.103037,-88.405401,2026-08-10 05:40:58.28080896,13,10030,76,43
41.089369,-88.427587,2026-08-10 05:40:58.28144896,13,7686,93,29
41.096598,-88.44024,2026-08-10 05:40:58.104670720,13,5972,210,33
31.674145,-110.797494,2026-08-10 05:40:58.231245568,13,5251,212,45
41.081967,-88.486753,2026-08-10 05:40:58.410256128,13,10233,121,37
40.914012,-88.612355,2026-08-10 05:40:58.970915584,13,9874,224,28
23.438478,-104.416222,2026-08-10 05:40:59.18701568,13,10658,240,26
21.393154,-105.641257,2026-08-10 05:40:59.816868864,13,6895,251,29
41.930412,-87.199279,2026-08-10 05:41:00.216991232,13,4037,215,87
41.92711,-87.257523,2026-08-10 05:41:00.216989184,13,4705,172,87
41.933563,-87.28417,2026-08-10 05:41:00.216988928,13,8067,225,70
41.821601,-87.046573,2026-08-10 05:41:00.217060608,13,11448,173,53
41.897716,-87.201236,2026-08-10 05:41:00.217062400,13,10856,142,38
42.387172,-87.111377,2026-08-10 05:41:00.345340416,13,8358,66,79
42.393978,-87.170929,2026-08-10 05:41:00.345335296,13,6223,223,61
41.217409,-88.671248,2026-08-10 05:41:00.664016640,13,6430,104,24
42.304553,-87.011473,2026-08-10 05:41:01.314873088,13,11767,143,35
42.292409,-86.963273,2026-08-10 05:41:01.314886656,13,9234,100,29
40.99349,-88.623455,2026-08-10 05:41:01.893951488,13,7101,84,64
40.997635,-88.652176,2026-08-10 05:41:01.894022144,13,7289,112,50
55.823114,-117.005333,2026-08-10 05:41:03.734725120,13,11753,261,39
42.006947,-87.58634,2026-08-10 05:41:05.104709120,13,7187,124,56
41.984773,-87.821984,2026-08-10 05:41:05.104699392,13,5989,236,43
42.006997,-87.567915,2026-08-10 05:41:05.104772864,13,11038,98,21
40.941686,-80.000187,2026-08-10 05:41:05.537614336,13,6188,84,63
40.957029,-80.028189,2026-08-10 05:41:05.537622272,13,6377,142,49
40.923514,-79.975654,2026-08-10 05:41:05.537674752,13,13794,115,34
41.054863,-88.125326,2026-08-10 05:41:05.749941248,13,5381,84,59
41.056009,-88.214125,2026-08-10 05:41:05.749994240,13,7733,241,46
41.995762,-87.503731,2026-08-10 05:41:06.371394560,13,8162,97,73
41.952593,-87.513002,2026-08-10 05:41:06.371412224,13,10886,161,70
42.517799,-87.043365,2026-08-10 05:41:07.92714240,13,9844,120,43
42.53971,-86.931038,2026-08-10 05:41:07.92743424,13,6953,105,41
42.520622,-86.914943,2026-08-10 05:41:07.92737536,13,7458,101,26
42.49228,-87.071321,2026-08-10 05:41:07.653290496,13,5819,154,36
42.521005,-87.093789,2026-08-10 05:41:07.653283840,13,4096,186,23
40.9076,-88.33032,2026-08-10 05:41:07.752477952,13,8958,241,21
42.012131,-87.557258,2026-08-10 05:41:08.715448576,13,8604,76,87
42.010627,-87.603285,2026-08-10 05:41:08.715445248,13,10551,225,67
42.005329,-87.600565,2026-08-10 05:41:08.715509760,13,3184,200,44
41.975423,-87.551642,2026-08-10 05:41:08.715514368,13,7150,104,27
42.083854,-87.693376,2026-08-10 05:41:09.14780416,13,14561,78,27
41.053974,-88.087064,2026-08-10 05:41:09.46318080,13,7799,126,20
41.975551,-87.803736,2026-08-10 05:41:09.99976192,13,12601,169,29
42.004875,-87.55427,2026-08-10 05:41:09.197901312,13,6513,76,56
42.014175,-87.580861,2026-08-10 05:41:09.197968896,13,8848,140,48
42.313222,-87.125033,2026-08-10 05:41:09.454362880,13,11465,116,46
42.304988,-87.232221,2026-08-10 05:41:09.454423296,13,6155,266,32
33.249139,-112.752382,2026-08-10 05:41:11.509551872,13,13751,227,32
41.965811,-87.732816,2026-08-10 05:41:11.710897408,13,10379,143,25
42.033108,-87.549396,2026-08-10 05:41:11.738916096,13,14469,103,30
42.057552,-87.598338,2026-08-10 05:41:11.738988544,13,14028,168,32
42.731968,-85.448619,2026-08-10 05:41:11.941329920,13,8635,126,86
41.14503,-88.609092,2026-08-10 05:41:11.979785472,13,8185,114,51
41.090413,-88.063848,2026-08-10 05:41:12.422645504,13,8115,205,16
42.325795,-87.143688,2026-08-10 05:41:13.129777152,13,12277,100,49
42.308772,-87.146985,2026-08-10 05:41:13.368585728,13,9116,133,74
41.019077,-88.782897,2026-08-10 05:41:13.733748736,13,14028,129,21
41.008609,-88.577154,2026-08-10 05:41:14.257997312,13,12994,66,69
40.997453,-88.58559,2026-08-10 05:41:14.258063872,13,8995,112,54
41.019966,-88.620144,2026-08-10 05:41:14.258056960,13,6037,169,35
41.050356,-88.708903,2026-08-10 05:41:14.328652544,13,14172,89,43
41.015178,-88.550756,2026-08-10 05:41:14.613005568,13,7022,207,32
40.986274,-88.183746,2026-08-10 05:41:15.81037056,13,12651,102,21
41.082894,-88.412906,2026-08-10 05:41:15.590774784,13,11772,98,100
42.003348,-87.593491,2026-08-10 05:41:16.104353536,13,13526,104,41
42.060156,-87.594151,2026-08-10 05:41:16.104424960,13,14884,172,28
42.01255,-87.219713,2026-08-10 05:41:16.196616960,13,11761,101,49
42.033954,-87.242567,2026-08-10 05:41:16.196678144,13,7907,166,32
42.36996,-87.260199,2026-08-10 05:41:16.352403456,13,12445,130,33
33.025873,-112.686625,2026-08-10 05:41:16.524010752,13,14748,98,21
41.063668,-88.327563,2026-08-10 05:41:16.748455424,13,14280,101,38
41.105445,-88.546214,2026-08-10 05:41:16.914462464,13,10396,222,46
41.085327,-88.442213,2026-08-10 05:41:16.914494464,13,6293,253,33
40.918089,-88.414805,2026-08-10 05:41:17.124067072,13,10242,117,50
40.811526,-88.766251,2026-08-10 05:41:17.124023552,13,4750,267,32
42.571313,-87.06173,2026-08-10 05:41:17.333583360,13,10189,125,24
41.004811,-88.620772,2026-08-10 05:41:17.498941696,13,4462,73,77
41.007004,-88.681456,2026-08-10 05:41:17.498942208,13,7933,192,65
40.99991,-88.660977,2026-08-10 05:41:17.499009024,13,9320,112,52
41.091563,-88.770786,2026-08-10 05:41:17.735499008,13,13868,95,48
41.989442,-87.577618,2026-08-10 05:41:17.870744064,13,5633,97,91
42.009094,-87.657928,2026-08-10 05:41:17.870730240,13,5716,238,76
41.155382,-79.937147,2026-08-10 05:41:17.900093184,13,12853,120,34
42.574182,-87.017962,2026-08-10 05:41:19.64780544,13,7785,186,28
42.582545,-87.107827,2026-08-10 05:41:19.102997504,13,13010,109,35
42.563384,-86.983296,2026-08-10 05:41:19.103029760,13,7016,145,22
42.043157,-87.575649,2026-08-10 05:41:19.742484224,13,13888,77,69
42.00124,-87.881482,2026-08-10 05:41:19.742478080,13,11666,183,56
42.042808,-87.600384,2026-08-10 05:41:19.742545152,13,4750,186,38
40.993705,-88.282583,2026-08-10 05:41:19.791112448,13,12303,98,25
33.282772,-112.762322,2026-08-10 05:41:20.14092032,13,13355,215,31
33.315389,-112.724431,2026-08-10 05:41:20.14105600,13,7651,215,19
33.329967,-112.7227,2026-08-10 05:41:20.122330880,13,8504,215,24
26.567744,-108.159915,2026-08-10 05:41:20.653197056,13,13664,248,24
42.342646,-87.213099,2026-08-10 05:41:20.806344704,13,13104,117,34
42.307092,-87.095073,2026-08-10 05:41:20.806375424,13,9931,104,24
39.747311,-94.586902,2026-08-10 05:41:21.24663808,13,6335,108,84
39.70485,-94.561017,2026-08-10 05:41:21.24675328,13,4897,156,109
39.716988,-94.607621,2026-08-10 05:41:21.24672000,13,8744,133,96
39.736541,-94.577606,2026-08-10 05:41:21.24734464,13,10125,117,81
41.123727,-88.363139,2026-08-10 05:41:21.279151104,13,12546,121,37
41.129787,-88.229435,2026-08-10 05:41:21.279197952,13,6622,161,21
41.020521,-88.447281,2026-08-10 05:41:21.470347520,13,10018,123,46
40.67814,-95.184535,2026-08-10 05:41:21.921409280,13,8399,217,27
35.785908,-68.918147,2026-08-10 05:41:22.357202688,13,5962,254,86
35.856071,-68.960961,2026-08-10 05:41:22.357234432,13,6531,218,74
35.787133,-68.960009,2026-08-10 05:41:22.438431488,13,5701,254,45
35.768108,-68.919927,2026-08-10 05:41:22.438480640,13,4115,238,29
40.057902,-101.272278,2026-08-10 05:41:22.772648704,13,14533,149,136
40.016414,-101.248522,2026-08-10 05:41:22.772666880,13,10046,119,125
40.041741,-101.252417,2026-08-10 05:41:22.772667904,13,14459,112,78
38.29118,-62.566398,2026-08-10 05:41:23.138134784,13,8307,208,43
38.295327,-62.549098,2026-08-10 05:41:23.138136832,13,7003,266,57
20.780434,-105.60955,2026-08-10 05:41:24.101493248,13,8806,253,29
41.99826,-87.542977,2026-08-10 05:41:25.37817856,13,9901,124,66
42.035788,-87.561907,2026-08-10 05:41:25.37876480,13,5974,167,40
42.732093,-85.443465,2026-08-10 05:41:25.848749056,13,12762,97,56
42.672467,-85.597007,2026-08-10 05:41:25.848782080,13,5925,239,40
41.997053,-87.575991,2026-08-10 05:41:25.905431040,13,8394,151,39
42.037403,-87.571155,2026-08-10 05:41:25.905491200,13,10363,155,57
42.016589,-87.629915,2026-08-10 05:41:25.905476096,13,3082,215,39
42.740417,-85.451473,2026-08-10 05:41:25.946031872,13,9779,109,55
42.006051,-87.564351,2026-08-10 05:41:26.273154560,13,10877,94,43
41.997349,-87.5713,2026-08-10 05:41:26.273223936,13,4740,98,29
42.464608,-87.158464,2026-08-10 05:41:27.192205312,13,9599,132,25
41.261975,-88.521149,2026-08-10 05:41:27.686330368,13,9092,112,31
41.186237,-88.349965,2026-08-10 05:41:27.686369280,13,9782,105,18
41.08498,-88.355916,2026-08-10 05:41:28.782541312,13,8409,121,25
41.94419,-87.304602,2026-08-10 05:41:28.951522304,13,13926,90,25
41.084514,-88.248551,2026-08-10 05:41:29.346058240,13,14554,57,91
42.066594,-87.116206,2026-08-10 05:41:29.710579968,13,9213,144,21
41.10046,-88.376061,2026-08-10 05:41:29.842991104,13,9273,127,26
41.221961,-88.213288,2026-08-10 05:41:30.84704256,13,10611,97,69
42.547994,-87.131492,2026-08-10 05:41:30.416815872,13,11755,135,26
42.53373,-86.984899,2026-08-10 05:41:30.416843520,13,7344,105,30
41.171811,-88.602393,2026-08-10 05:41:30.603912192,13,9757,78,61
41.178724,-88.669222,2026-08-10 05:41:30.603965440,13,8524,233,46
41.027143,-88.784006,2026-08-10 05:41:30.752588032,13,13238,66,35
41.036971,-88.709909,2026-08-10 05:41:30.752611840,13,4526,181,30
42.773872,-85.482544,2026-08-10 05:41:31.294435584,13,11915,110,31
42.751134,-85.67682,2026-08-10 05:41:31.294448128,13,4764,243,44
42.786408,-85.465246,2026-08-10 05:41:31.403496704,13,10136,105,44
42.802978,-85.504149,2026-08-10 05:41:31.671109120,13,8477,187,25
42.819586,-85.269401,2026-08-10 05:41:31.818348544,13,12858,128,36
41.010617,-88.278186,2026-08-10 05:41:32.57892352,13,13808,67,25
40.958211,-88.514925,2026-08-10 05:41:32.212679936,13,14199,133,27
41.998482,-87.287394,2026-08-10 05:41:32.418128128,13,11789,123,19
40.981693,-88.808459,2026-08-10 05:41:32.546451968,13,14169,120,40
42.365871,-86.970318,2026-08-10 05:41:32.945524736,13,6831,106,26
42.604654,-87.20759,2026-08-10 05:41:33.40231936,13,11671,99,21
42.596928,-87.134704,2026-08-10 05:41:33.40248576,13,7039,168,25
41.040943,-88.255193,2026-08-10 05:41:33.211412992,13,9583,101,32
40.981671,-88.069103,2026-08-10 05:41:33.256372736,13,8136,191,22
41.973385,-87.573164,2026-08-10 05:41:34.60985600,13,8057,127,83
42.006914,-87.610591,2026-08-10 05:41:34.60978432,13,13640,177,70
42.02332,-87.609603,2026-08-10 05:41:34.61042176,13,5639,173,51
41.016354,-88.10835,2026-08-10 05:41:34.596562432,13,13511,97,23
41.182644,-88.620033,2026-08-10 05:41:35.354186496,13,9095,104,49
41.999267,-87.473006,2026-08-10 05:41:35.427970048,13,13260,168,40
40.886532,-88.871774,2026-08-10 05:41:35.453976320,13,13544,195,34
22.991408,-85.091958,2026-08-10 05:41:36.66493184,13,14728,250,50
41.052609,-88.124583,2026-08-10 05:41:36.861553664,13,14230,142,56
41.044748,-88.130688,2026-08-10 05:41:36.861616896,13,7206,113,55
42.725425,-85.489747,2026-08-10 05:41:37.4167680,13,7380,124,71
42.72859,-85.493978,2026-08-10 05:41:37.4172800,13,7378,147,58
41.036858,-88.130358,2026-08-10 05:41:37.99766016,13,9661,112,70
41.020867,-88.705768,2026-08-10 05:41:37.556253952,13,10213,105,53
41.032021,-88.701851,2026-08-10 05:41:37.556332032,13,8420,172,57
40.97698,-88.697393,2026-08-10 05:41:37.556328448,13,5787,99,27
40.943438,-88.305884,2026-08-10 05:41:37.658551552,13,10390,116,44
38.583312,-58.032933,2026-08-10 05:41:37.801999872,13,2369,185,30
18.284634,-100.197191,2026-08-10 05:41:38.655685888,13,13998,266,22
40.990005,-88.093952,2026-08-10 05:41:38.936101632,13,5956,125,31
41.169082,-88.518482,2026-08-10 05:41:39.281463040,13,10680,124,24
41.066951,-88.419914,2026-08-10 05:41:39.378693888,13,14451,141,39
41.015074,-88.470447,2026-08-10 05:41:39.816517376,13,7272,151,35
41.133639,-88.334063,2026-08-10 05:41:39.816559360,13,4091,168,25
42.572746,-88.239071,2026-08-10 05:41:39.930018304,13,11804,93,59
42.589724,-88.292394,2026-08-10 05:41:39.930071808,13,4643,230,43
41.935674,-87.545469,2026-08-10 05:41:40.434035456,13,14721,123,28
43.32572,-87.268035,2026-08-10 05:41:40.632072960,13,13839,132,59
42.370657,-86.991448,2026-08-10 05:41:41.24328704,13,10908,105,46
41.018725,-88.08831,2026-08-10 05:41:41.106048512,13,12527,104,22
41.157583,-88.501455,2026-08-10 05:41:41.496708864,13,5027,219,31
40.932286,-88.370576,2026-08-10 05:41:41.737353472,13,13763,181,37
40.94632,-88.070155,2026-08-10 05:41:41.737438976,13,7010,103,24
42.508511,-87.222778,2026-08-10 05:41:41.873435136,13,14556,182,29
42.017834,-87.193117,2026-08-10 05:41:42.398817280,13,6306,97,66
41.959053,-87.449128,2026-08-10 05:41:42.398820864,13,9695,166,51
42.002905,-87.220136,2026-08-10 05:41:42.398891008,13,11402,94,37
42.781475,-85.465038,2026-08-10 05:41:42.558220544,13,10029,137,71
33.271551,-112.784761,2026-08-10 05:41:42.939924224,13,14809,204,37
33.296227,-112.760214,2026-08-10 05:41:42.939937024,13,7661,204,25
33.295577,-112.75891,2026-08-10 05:41:42.990423296,13,7995,204,29
33.290608,-112.764482,2026-08-10 05:41:43.325165056,13,8537,231,60
33.264436,-112.70781,2026-08-10 05:41:43.561088000,13,7850,215,29
41.029514,-88.243897,2026-08-10 05:41:44.47625216,13,13511,99,38
41.009035,-88.139052,2026-08-10 05:41:44.47658752,13,9185,129,26
42.036163,-87.526972,2026-08-10 05:41:45.18558208,13,11018,95,25
41.915358,-87.346567,2026-08-10 05:41:45.29806848,13,10318,103,31
41.934886,-87.254607,2026-08-10 05:41:45.29826304,13,5563,184,18
42.643385,-88.381253,2026-08-10 05:41:45.127374592,13,8175,128,32
42.65148,-88.247556,2026-08-10 05:41:45.127397120,13,9694,132,16
42.39578,-87.1202,2026-08-10 05:41:45.761945856,13,9890,104,22
41.125095,-88.209743,2026-08-10 05:41:45.822900480,13,14730,99,23
40.903523,-88.303052,2026-08-10 05:41:46.73359360,13,5384,188,36
42.788038,-85.587217,2026-08-10 05:41:46.94382080,13,14824,92,41
42.72605,-85.466597,2026-08-10 05:41:46.94411008,13,6882,102,28
40.947501,-88.361446,2026-08-10 05:41:46.314978304,13,10409,187,17
42.437837,-87.301468,2026-08-10 05:41:46.398315776,13,8330,189,25
42.468022,-87.166935,2026-08-10 05:41:46.398358016,13,4801,140,26
41.145764,-88.444459,2026-08-10 05:41:46.830741248,13,9089,76,51
41.003989,-88.231204,2026-08-10 05:41:47.87216896,13,10282,84,49
40.981074,-88.243861,2026-08-10 05:41:47.87275264,13,5485,114,36
42.564182,-87.038481,2026-08-10 05:41:47.202333952,13,7474,160,20
41.000215,-88.063516,2026-08-10 05:41:47.921248000,13,12796,69,71
42.426092,-87.17069,2026-08-10 05:41:48.586416640,13,14033,188,19
41.993482,-87.60425,2026-08-10 05:41:48.770172928,13,8649,111,58
41.998461,-87.646488,2026-08-10 05:41:48.770168320,13,6417,237,66
41.961277,-87.784599,2026-08-10 05:41:48.770185984,13,3395,253,50
42.008055,-87.586729,2026-08-10 05:41:48.866300672,13,12006,76,80
41.979318,-87.593145,2026-08-10 05:41:48.866368512,13,6753,130,39
39.49765,-95.720748,2026-08-10 05:41:49.330520320,13,11572,131,42
39.486315,-95.931004,2026-08-10 05:41:49.330530560,13,8663,233,61
39.48101,-95.689698,2026-08-10 05:41:49.330589696,13,14177,150,22
42.041799,-87.715677,2026-08-10 05:41:49.473526528,13,11954,118,39
42.031121,-87.64794,2026-08-10 05:41:49.473545472,13,6555,168,29
42.523997,-87.162225,2026-08-10 05:41:49.664193024,13,14335,162,34
42.538515,-87.022895,2026-08-10 05:41:49.664224768,13,2685,265,21
42.387624,-87.084673,2026-08-10 05:41:50.70214912,13,11112,89,65
42.41018,-87.082893,2026-08-10 05:41:50.70300416,13,10128,128,50
39.494809,-100.851865,2026-08-10 05:41:50.229291264,13,13259,141,59
39.518864,-100.868744,2026-08-10 05:41:50.229363200,13,10340,122,46
41.771152,-86.600975,2026-08-10 05:41:50.760004096,13,14619,148,27
42.522331,-87.238276,2026-08-10 05:41:50.781538304,13,7137,128,27
39.767393,-100.535463,2026-08-10 05:41:51.15845376,13,9698,130,69
39.767738,-100.356243,2026-08-10 05:41:51.15862272,13,10622,125,55
41.820824,-86.374821,2026-08-10 05:41:51.117265920,13,10296,97,54
41.830592,-86.409724,2026-08-10 05:41:51.117263616,13,11440,163,71
42.754438,-85.622595,2026-08-10 05:41:51.887111424,13,13911,148,42
42.355819,-87.064149,2026-08-10 05:41:51.917625600,13,9681,95,29
42.567683,-86.968794,2026-08-10 05:41:52.202765824,13,5690,166,55
42.599142,-86.935025,2026-08-10 05:41:52.202831360,13,5762,209,39
43.110543,-85.915172,2026-08-10 05:41:52.267919616,13,13880,97,38
43.100622,-85.91739,2026-08-10 05:41:52.267990016,13,11109,104,25
43.08159,-85.974873,2026-08-10 05:41:52.436462080,13,13360,214,32
42.733813,-85.559932,2026-08-10 05:41:52.592587520,13,9849,158,28
42.178973,-87.361635,2026-08-10 05:41:52.633224192,13,11060,216,47
43.067086,-85.907452,2026-08-10 05:41:52.822709248,13,6935,131,95
43.06337,-85.902762,2026-08-10 05:41:52.822712320,13,2195,244,83
43.073584,-85.908514,2026-08-10 05:41:52.822710784,13,14204,132,70
42.542698,-87.232804,2026-08-10 05:41:53.71002880,13,11123,117,23
42.488794,-87.10741,2026-08-10 05:41:53.71033856,13,14670,114,21
41.027584,-88.730726,2026-08-10 05:41:54.528700928,13,14813,135,34
40.932559,-88.58845,2026-08-10 05:41:54.528733440,13,8908,124,21
42.409277,-87.056276,2026-08-10 05:41:55.549235968,13,14077,131,40
42.423889,-87.141933,2026-08-10 05:41:55.549206528,13,8766,105,27
42.584467,-87.046195,2026-08-10 05:41:55.814192128,13,6629,179,31
42.469647,-87.258884,2026-08-10 05:41:55.996591616,13,11168,119,66
42.428272,-87.137412,2026-08-10 05:41:55.996632576,13,10928,135,55
42.435366,-87.14332,2026-08-10 05:41:56.225417728,13,8384,143,21
42.547106,-87.06302,2026-08-10 05:41:56.740370176,13,14682,113,39
42.549609,-86.928899,2026-08-10 05:41:56.740396032,13,8110,139,25
42.524465,-87.099935,2026-08-10 05:41:57.115371008,13,7480,246,33
42.014903,-87.235337,2026-08-10 05:41:57.368412672,13,11614,106,52
41.048438,-88.662035,2026-08-10 05:41:57.502596352,13,12577,243,43
41.081178,-88.363738,2026-08-10 05:41:57.824352256,13,11572,142,18
42.02612,-87.342091,2026-08-10 05:41:58.195087360,13,9893,158,43
41.983323,-87.271956,2026-08-10 05:41:58.195107584,13,5903,98,29
41.059869,-88.442766,2026-08-10 05:41:58.790183680,13,11961,170,34
41.094109,-88.465751,2026-08-10 05:41:58.790160384,13,13597,122,21
42.757569,-85.548702,2026-08-10 05:41:58.944825088,13,8749,256,29
42.017058,-87.58915,2026-08-10 05:41:59.128206592,13,14107,57,61
42.578578,-87.060381,2026-08-10 05:41:59.601796352,13,14358,105,50
42.513616,-86.961895,2026-08-10 05:41:59.700983040,13,9442,136,64
42.532972,-86.934286,2026-08-10 05:41:59.842098432,13,9981,68,81
42.534082,-86.982132,2026-08-10 05:41:59.842094336,13,6744,237,69
42.266744,-87.381104,2026-08-10 05:42:00.160921344,13,9665,170,42
42.57609,-86.964293,2026-08-10 05:42:00.449313536,13,13325,146,30
42.065506,-87.515962,2026-08-10 05:42:00.929984768,13,6738,159,25
41.060373,-88.580279,2026-08-10 05:42:01.720000768,13,10850,148,50
42.772795,-85.392528,2026-08-10 05:42:02.479718144,13,7486,106,19
42.735721,-85.310959,2026-08-10 05:42:02.511795712,13,4915,266,26
42.764902,-85.467005,2026-08-10 05:42:02.511752448,13,11692,96,24
41.062034,-88.444872,2026-08-10 05:42:02.652895488,13,9721,220,18
42.183412,-87.71912,2026-08-10 05:42:02.973646080,13,10727,136,49
42.152906,-87.716853,2026-08-10 05:42:02.973643008,13,2678,269,31
42.144038,-87.596669,2026-08-10 05:42:02.973669888,13,13882,99,18
41.092863,-88.362997,2026-08-10 05:42:03.40774400,13,6112,182,17
33.324777,-112.724102,2026-08-10 05:42:03.597035520,13,8773,203,31
33.32233,-112.726442,2026-08-10 05:42:03.597026560,13,8465,227,20
42.717608,-85.414143,2026-08-10 05:42:04.431619584,13,14507,126,77
42.00002,-87.588283,2026-08-10 05:42:04.559440640,13,10986,124,69
41.997619,-87.592233,2026-08-10 05:42:04.559502080,13,8704,110,36
41.183132,-88.320258,2026-08-10 05:42:04.822344960,13,10827,159,25
42.539535,-86.931917,2026-08-10 05:42:05.561790208,13,13499,117,44
42.530469,-86.922177,2026-08-10 05:42:05.561860096,13,8647,105,31
42.165779,-87.013024,2026-08-10 05:42:05.794436096,13,7442,178,25
41.012101,-88.824001,2026-08-10 05:42:05.827075840,13,9296,146,31
42.217234,-87.062134,2026-08-10 05:42:06.70548736,13,4493,150,44
42.715387,-85.748788,2026-08-10 05:42:06.560528128,13,14933,176,32
42.008443,-87.79277,2026-08-10 05:42:07.137336064,13,7985,211,30
41.971646,-87.658045,2026-08-10 05:42:07.534846464,13,8337,195,18
40.927338,-88.714431,2026-08-10 05:42:08.81038592,13,4543,250,23
39.858266,-96.529926,2026-08-10 05:42:08.135009280,13,8765,78,24
40.899617,-88.690045,2026-08-10 05:42:08.201301504,13,12506,97,21
38.286643,-62.579569,2026-08-10 05:42:08.872327168,13,4146,209,91
38.312181,-62.575642,2026-08-10 05:42:08.872336128,13,5163,262,74
42.023277,-87.587028,2026-08-10 05:42:09.789985792,13,14654,104,65
41.988502,-87.551312,2026-08-10 05:42:09.790076160,13,5050,255,52
42.015107,-87.663126,2026-08-10 05:42:09.853559040,13,4561,162,30
41.03541,-88.254081,2026-08-10 05:42:10.91984128,13,8647,130,23
42.46615,-87.148161,2026-08-10 05:42:10.526338304,13,11389,52,69
42.44439,-87.178862,2026-08-10 05:42:10.526411008,13,11561,127,49
42.480631,-87.146997,2026-08-10 05:42:10.625969152,13,7842,130,53
41.01917,-88.590143,2026-08-10 05:42:10.811239168,13,14597,66,53
41.010205,-88.597028,2026-08-10 05:42:10.811303936,13,11012,129,25
42.032259,-87.663424,2026-08-10 05:42:11.827107328,13,14778,83,26
42.015547,-87.541597,2026-08-10 05:42:11.942865920,13,10106,52,77
42.001111,-87.883601,2026-08-10 05:42:11.942839296,13,11487,265,56
41.177519,-88.18609,2026-08-10 05:42:11.953219584,13,14158,64,65
41.168736,-88.199058,2026-08-10 05:42:11.953232128,13,13487,116,65
42.561082,-87.007681,2026-08-10 05:42:12.443047936,13,5128,152,20
42.117972,-87.391942,2026-08-10 05:42:12.605338880,13,10216,101,42
42.156507,-87.37319,2026-08-10 05:42:12.605405696,13,6392,212,27
41.85543,-86.404618,2026-08-10 05:42:12.737956096,13,7097,161,25
42.130202,-87.405058,2026-08-10 05:42:12.748484352,13,9771,169,16
42.580158,-87.005385,2026-08-10 05:42:13.22239744,13,10975,123,34
42.57892,-86.986179,2026-08-10 05:42:13.22255360,13,2847,264,38
25.970204,-96.189864,2026-08-10 05:42:13.535286016,13,7436,239,34
26.017989,-96.184644,2026-08-10 05:42:13.601709568,13,7909,264,30
26.14128,-96.140297,2026-08-10 05:42:13.707594752,13,12483,199,35
40.988794,-88.080329,2026-08-10 05:42:13.823018240,13,7770,129,28
42.428763,-87.112096,2026-08-10 05:42:14.54496256,13,7155,105,80
42.443832,-87.151472,2026-08-10 05:42:14.54487808,13,9429,168,67
42.436453,-87.129661,2026-08-10 05:42:14.198534144,13,13462,119,36
42.456808,-87.115989,2026-08-10 05:42:14.198544640,13,9516,209,51
41.134426,-88.556529,2026-08-10 05:42:14.368796160,13,13112,102,31
41.085664,-88.451602,2026-08-10 05:42:14.368814848,13,7154,93,26
26.400494,-108.11068,2026-08-10 05:42:14.890828544,13,13977,186,47
41.010834,-88.619186,2026-08-10 05:42:15.686883072,13,11614,90,64
41.008284,-88.644485,2026-08-10 05:42:15.686953984,13,11320,114,53
41.038488,-88.674696,2026-08-10 05:42:15.686948096,13,6972,169,37
39.733209,-94.553238,2026-08-10 05:42:16.495830272,13,8677,124,75
39.655004,-94.522602,2026-08-10 05:42:16.495864064,13,4924,183,109
39.719225,-94.552729,2026-08-10 05:42:16.495840768,13,11656,192,95
41.037452,-88.507425,2026-08-10 05:42:16.728032512,13,7906,146,30
40.959945,-88.116324,2026-08-10 05:42:18.900909056,13,8212,166,17
42.792422,-85.452752,2026-08-10 05:42:19.412359424,13,7843,223,16
26.455156,-107.892573,2026-08-10 05:42:19.691950848,13,8199,184,72
41.998477,-87.679292,2026-08-10 05:42:20.239398912,13,4385,162,27
41.081637,-88.264325,2026-08-10 05:42:20.399604992,13,13187,97,30
41.110072,-88.307466,2026-08-10 05:42:20.399648768,13,11210,179,39
33.095261,-112.758595,2026-08-10 05:42:20.601056000,13,11450,228,32
38.243461,-62.461929,2026-08-10 05:42:21.261381888,13,11669,187,22
19.471189,-106.037199,2026-08-10 05:42:21.390084352,13,9030,257,35
40.951939,-88.24225,2026-08-10 05:42:21.982484736,13,14974,200,34
41.086212,-88.442857,2026-08-10 05:42:22.522884096,13,9016,112,30
23.527429,-102.948007,2026-08-10 05:42:22.773125120,13,9636,248,19
43.322083,-87.303937,2026-08-10 05:42:23.150921216,13,13331,225,36
41.04253,-88.650165,2026-08-10 05:42:23.211067136,13,5914,191,46
20.947767,-85.648741,2026-08-10 05:42:23.812267520,13,8656,244,52
40.974129,-88.421553,2026-08-10 05:42:23.978722304,13,13691,136,30
42.671652,-87.187642,2026-08-10 05:42:24.316439552,13,14447,104,36
41.936573,-87.896413,2026-08-10 05:42:25.91499008,13,8353,212,34
42.019812,-87.567415,2026-08-10 05:42:25.91594752,13,6435,131,18
41.124309,-88.242358,2026-08-10 05:42:25.448079104,13,14556,151,44
39.549497,-100.969867,2026-08-10 05:42:25.972780544,13,13292,128,56
42.034779,-87.530442,2026-08-10 05:42:26.57623296,13,7869,91,74
41.822088,-87.396132,2026-08-10 05:42:26.57693440,13,13314,261,58
42.029975,-87.69507,2026-08-10 05:42:26.258959104,13,12022,109,43
42.005173,-87.631478,2026-08-10 05:42:26.258973440,13,9286,254,46
31.615526,-110.813539,2026-08-10 05:42:26.342862848,13,4563,212,36
42.921432,-85.690096,2026-08-10 05:42:26.839961088,13,12218,155,52
42.973341,-85.542605,2026-08-10 05:42:26.840009984,13,6745,166,59
42.926093,-85.654058,2026-08-10 05:42:26.839979008,13,9043,122,45
42.020285,-87.537876,2026-08-10 05:42:27.71328512,13,13847,125,28
42.725363,-85.457745,2026-08-10 05:42:27.365755136,13,4647,132,70
42.728248,-85.461566,2026-08-10 05:42:27.365754624,13,8924,205,56
42.705061,-85.451893,2026-08-10 05:42:27.603018240,13,7470,129,57
42.69431,-85.424593,2026-08-10 05:42:27.603084800,13,5122,254,48
33.190725,-112.823605,2026-08-10 05:42:27.923321088,13,11705,150,26
42.027452,-87.685532,2026-08-10 05:42:28.386849024,13,14566,101,39
42.059947,-87.55727,2026-08-10 05:42:28.386886912,13,3794,215,33
42.449491,-87.331025,2026-08-10 05:42:30.360207104,13,6892,189,21
42.464364,-87.189042,2026-08-10 05:42:30.450167296,13,7313,60,83
42.448748,-87.204196,2026-08-10 05:42:30.450179584,13,2160,168,72
42.473252,-87.289413,2026-08-10 05:42:30.450157824,13,7523,235,59
42.484035,-87.240871,2026-08-10 05:42:30.450229760,13,4856,168,40
41.046707,-88.383693,2026-08-10 05:42:30.583805952,13,9862,66,76
42.080181,-87.581464,2026-08-10 05:42:32.99935744,13,10392,139,32
41.092912,-88.312715,2026-08-10 05:42:32.578393344,13,8087,127,29
41.081357,-88.288312,2026-08-10 05:42:32.578398208,13,14328,128,16
41.10611,-88.328721,2026-08-10 05:42:32.622421504,13,6740,168,28
40.419369,-94.77574,2026-08-10 05:42:33.80319744,13,10272,91,77
42.444039,-87.260959,2026-08-10 05:42:33.694272512,13,4596,242,29
42.055351,-87.600528,2026-08-10 05:42:33.771330048,13,9934,117,55
42.046642,-87.640921,2026-08-10 05:42:33.771385344,13,3580,254,42
42.430112,-87.117536,2026-08-10 05:42:33.995643904,13,9409,126,93
42.445865,-87.190422,2026-08-10 05:42:33.995639296,13,7435,221,78
39.973013,-100.972559,2026-08-10 05:42:34.290334976,13,10890,136,72
39.886605,-100.960995,2026-08-10 05:42:34.290368000,13,12472,75,111
39.951669,-101.020718,2026-08-10 05:42:34.290346496,13,9114,110,94
31.753375,-110.89061,2026-08-10 05:42:34.829580288,13,7647,202,38
41.818432,-86.447908,2026-08-10 05:42:34.984070912,13,14406,88,25
41.086032,-88.591209,2026-08-10 05:42:35.710226944,13,4760,206,25
41.0009,-88.206807,2026-08-10 05:42:36.628734720,13,14796,125,35
42.041161,-87.676292,2026-08-10 05:42:36.743844608,13,13910,113,25
42.024791,-87.592438,2026-08-10 05:42:36.743867392,13,5398,186,31
40.961161,-88.348331,2026-08-10 05:42:37.124591616,13,7125,106,21
41.164951,-88.406442,2026-08-10 05:42:37.199180032,13,14504,128,31
40.946273,-87.988325,2026-08-10 05:42:37.592276224,13,7645,147,21
42.033328,-87.677514,2026-08-10 05:42:37.696591616,13,4653,170,32
42.616382,-86.836582,2026-08-10 05:42:38.260433408,13,13843,137,46
40.944608,-88.481005,2026-08-10 05:42:38.929915136,13,13375,97,78
40.922058,-88.437029,2026-08-10 05:42:38.929935872,13,3295,254,64
40.927351,-88.393718,2026-08-10 05:42:38.929943296,13,8660,114,51
41.992562,-87.525454,2026-08-10 05:42:39.176342016,13,8310,141,30
41.19597,-88.293847,2026-08-10 05:42:39.319576064,13,9943,145,21
40.621072,-95.083039,2026-08-10 05:42:39.671252736,13,11913,86,71
40.602949,-95.292206,2026-08-10 05:42:39.671262720,13,11517,227,79
40.600732,-95.22512,2026-08-10 05:42:39.671277312,13,6974,191,62
40.615642,-95.086359,2026-08-10 05:42:39.705413632,13,9718,86,57
41.060422,-88.839021,2026-08-10 05:42:40.254921472,13,6426,199,36
19.903371,-87.55448,2026-08-10 05:42:40.829769984,13,6745,239,54
19.946908,-87.563556,2026-08-10 05:42:40.909485056,13,7055,236,37
41.058605,-88.104813,2026-08-10 05:42:41.6191104,13,9461,101,54
42.550527,-87.015491,2026-08-10 05:42:41.363977728,13,3138,214,26
35.739513,-68.908262,2026-08-10 05:42:41.669160960,13,6343,268,59
40.964164,-88.660204,2026-08-10 05:42:42.134768128,13,14302,191,57
41.010541,-88.397339,2026-08-10 05:42:42.134832640,13,3148,202,43
41.002852,-88.595697,2026-08-10 05:42:42.752868352,13,9850,84,55
41.023573,-88.61821,2026-08-10 05:42:42.752876288,13,11875,176,57
41.050078,-88.397721,2026-08-10 05:42:43.746245888,13,14165,94,59
41.034843,-88.410407,2026-08-10 05:42:43.746312960,13,4704,113,41
42.380446,-87.208812,2026-08-10 05:42:44.107213056,13,11535,90,41
42.371312,-87.081985,2026-08-10 05:42:44.107233536,13,7252,133,23
41.001366,-88.155904,2026-08-10 05:42:44.372649728,13,14921,137,28
41.041628,-88.063618,2026-08-10 05:42:44.429338112,13,8843,119,22
42.707034,-85.465173,2026-08-10 05:42:44.638566400,13,7455,126,65
42.730879,-85.454796,2026-08-10 05:42:44.638638336,13,7955,165,50
42.723685,-85.542634,2026-08-10 05:42:44.638617088,13,7311,202,35
42.707438,-85.461172,2026-08-10 05:42:44.775678976,13,11940,80,40
42.661347,-85.757744,2026-08-10 05:42:44.775671296,13,6189,251,44
42.707269,-85.471982,2026-08-10 05:42:44.775746560,13,8693,102,31
41.992748,-87.566947,2026-08-10 05:42:45.12582912,13,13509,97,68
42.00684,-87.667165,2026-08-10 05:42:45.12632320,13,10061,132,53
41.988714,-87.573618,2026-08-10 05:42:45.12648960,13,6731,98,39
41.093507,-88.366732,2026-08-10 05:42:45.375727104,13,9462,122,30
41.115016,-88.570711,2026-08-10 05:42:45.941534720,13,12098,97,43
41.124878,-88.504768,2026-08-10 05:42:45.941554944,13,4282,189,46
42.501926,-88.272759,2026-08-10 05:42:45.969562112,13,9550,64,39
42.509159,-88.351461,2026-08-10 05:42:45.969613824,13,7747,260,53
42.479292,-88.288751,2026-08-10 05:42:45.969623296,13,9032,105,38
41.105323,-88.430716,2026-08-10 05:42:46.46517504,13,9168,64,55
41.101832,-88.47762,2026-08-10 05:42:46.46578432,13,9850,212,58
42.775465,-85.365748,2026-08-10 05:42:46.372495872,13,12544,79,43
41.101809,-88.431371,2026-08-10 05:42:46.416923648,13,6437,70,38
41.096477,-88.458135,2026-08-10 05:42:46.416982528,13,11555,141,52
39.906743,-100.351293,2026-08-10 05:42:46.627878912,13,13570,115,23
40.900562,-88.424573,2026-08-10 05:42:47.873565696,13,5126,265,36
42.388559,-87.010394,2026-08-10 05:42:48.462711552,13,14853,145,18
41.000023,-88.350596,2026-08-10 05:42:48.755934976,13,14306,188,37
41.061796,-88.437473,2026-08-10 05:42:49.478657536,13,10492,104,59
41.088872,-88.485816,2026-08-10 05:42:49.478694144,13,13505,188,48
42.533916,-86.939877,2026-08-10 05:42:49.627460096,13,10439,137,42
42.523127,-86.919575,2026-08-10 05:42:49.627471872,13,6618,262,52
42.547347,-86.858077,2026-08-10 05:42:49.627495168,13,8180,121,39
42.013567,-87.565859,2026-08-10 05:42:50.35853056,13,8825,121,60
42.008912,-87.577363,2026-08-10 05:42:50.35924736,13,10083,140,48
41.020072,-88.832551,2026-08-10 05:42:51.526475264,13,12298,174,43
41.045484,-88.586399,2026-08-10 05:42:51.526534656,13,7010,194,26
41.405983,-88.611831,2026-08-10 05:42:51.801702912,13,6586,170,33
42.302574,-87.235452,2026-08-10 05:42:51.863165952,13,12028,160,28
41.970605,-87.511449,2026-08-10 05:42:52.286100480,13,13999,92,28
42.132828,-86.664014,2026-08-10 05:42:52.547836928,13,8891,136,58
42.142875,-86.703412,2026-08-10 05:42:52.547832320,13,3767,230,82
42.565235,-86.95867,2026-08-10 05:42:52.981186560,13,6550,139,25
41.847081,-86.417741,2026-08-10 05:42:52.997977856,13,13305,96,40
41.871746,-86.40775,2026-08-10 05:42:52.998060032,13,5553,181,42
43.141099,-87.767761,2026-08-10 05:42:53.149741824,13,12364,128,42
43.132193,-87.65146,2026-08-10 05:42:53.333010432,13,6999,71,95
43.158084,-87.756214,2026-08-10 05:42:53.332992768,13,6663,246,85
43.12367,-87.72121,2026-08-10 05:42:53.333005056,13,7073,240,74
38.283866,-62.531558,2026-08-10 05:42:53.902571776,13,8011,209,88
18.716392,-104.749027,2026-08-10 05:42:54.24547328,13,10984,258,48
22.232087,-104.383746,2026-08-10 05:42:54.408743936,13,7797,260,32
42.013754,-87.546517,2026-08-10 05:42:54.536690432,13,14091,93,25
41.031105,-88.412602,2026-08-10 05:42:54.858087680,13,13034,65,73
41.026324,-88.447411,2026-08-10 05:42:54.858161920,13,14657,142,59
41.043393,-88.54655,2026-08-10 05:42:54.917979648,13,5531,150,32
41.035477,-88.429968,2026-08-10 05:42:55.209108736,13,13606,115,64
41.026991,-88.433622,2026-08-10 05:42:55.209171456,13,6746,142,52
41.014569,-88.397778,2026-08-10 05:42:55.788267008,13,13537,137,21
41.38821,-88.367677,2026-08-10 05:42:56.220587008,13,12663,174,28
41.071421,-88.303556,2026-08-10 05:42:56.697297152,13,11525,114,27
42.371511,-87.066087,2026-08-10 05:42:56.826230016,13,8636,65,39
42.325684,-87.081778,2026-08-10 05:42:56.826286848,13,8446,146,24
42.617445,-87.176783,2026-08-10 05:42:57.697630976,13,8576,241,15
41.022229,-88.698886,2026-08-10 05:42:57.885591552,13,11547,192,35
41.047093,-88.410219,2026-08-10 05:42:57.885665280,13,11160,87,22
42.126743,-87.308784,2026-08-10 05:42:58.135820032,13,13706,100,30
42.739465,-85.469842,2026-08-10 05:42:58.662080768,13,8415,255,27
40.316191,-95.041801,2026-08-10 05:42:58.720803072,13,6575,138,100
40.264417,-95.007707,2026-08-10 05:42:58.720820480,13,5014,187,85
40.297962,-95.064882,2026-08-10 05:42:58.720810240,13,9687,136,71
41.039554,-88.01874,2026-08-10 05:42:59.185469696,13,10144,80,45
41.025253,-88.043859,2026-08-10 05:42:59.185530368,13,7016,115,33
41.007663,-88.39361,2026-08-10 05:42:59.522057472,13,12623,66,83
41.015874,-88.393866,2026-08-10 05:42:59.522052608,13,11809,153,66
39.665246,-94.725305,2026-08-10 05:43:00.548991744,13,13232,120,30
42.015434,-87.679136,2026-08-10 05:43:01.35510016,13,11524,128,29
41.034296,-88.701399,2026-08-10 05:43:01.769009664,13,9939,95,44
41.025707,-88.598294,2026-08-10 05:43:01.769044736,13,10126,168,37
38.120239,-62.908846,2026-08-10 05:43:01.935273472,13,9421,261,58
42.003824,-87.556247,2026-08-10 05:43:02.30655488,13,14897,69,53
41.326612,-88.513347,2026-08-10 05:43:02.315114752,13,10555,71,74
38.013961,-62.796513,2026-08-10 05:43:02.393244672,13,10154,227,31
38.128848,-62.921148,2026-08-10 05:43:02.393302784,13,4257,256,26
18.595224,-99.968566,2026-08-10 05:43:02.569775616,13,10130,262,101
36.963811,-63.745665,2026-08-10 05:43:03.334821888,13,11837,186,30
37.103771,-63.854458,2026-08-10 05:43:03.334884608,13,6064,257,27
41.999345,-87.36836,2026-08-10 05:43:03.503373312,13,13269,137,33
41.979209,-87.247046,2026-08-10 05:43:03.503397632,13,7960,92,20
42.114257,-87.397985,2026-08-10 05:43:03.579645184,13,11306,126,29
41.038331,-88.227767,2026-08-10 05:43:03.748085504,13,14529,118,38
41.009626,-88.102173,2026-08-10 05:43:03.748114944,13,8001,166,32
40.913468,-88.062922,2026-08-10 05:43:04.9477376,13,12845,97,23
40.953434,-88.812386,2026-08-10 05:43:04.312194560,13,9951,121,26
41.023191,-88.64463,2026-08-10 05:43:04.312232448,13,8792,127,34
40.972022,-88.636968,2026-08-10 05:43:04.334710272,13,14086,66,29
40.959901,-88.685785,2026-08-10 05:43:04.334778368,13,12580,95,28
42.049752,-87.565745,2026-08-10 05:43:05.428578304,13,9071,184,38
42.081746,-87.518304,2026-08-10 05:43:05.428595712,13,8846,166,25
41.168631,-88.452132,2026-08-10 05:43:05.853120512,13,12188,89,57
41.18058,-88.48716,2026-08-10 05:43:05.853175552,13,4624,204,44
42.017741,-87.159267,2026-08-10 05:43:06.58188288,13,12604,91,56
41.432216,-88.568042,2026-08-10 05:43:06.603512320,13,5449,52,71
42.450554,-87.20894,2026-08-10 05:43:07.35161088,13,8649,107,26
42.732606,-85.435569,2026-08-10 05:43:07.136563456,13,6511,112,49
42.758771,-85.47436,2026-08-10 05:43:07.136615424,13,8288,167,36
42.356492,-86.971903,2026-08-10 05:43:07.450512128,13,14704,86,27
38.080774,-62.495831,2026-08-10 05:43:07.661601024,13,7296,210,75
38.440055,-62.85689,2026-08-10 05:43:07.661763584,13,12161,259,52
38.084818,-62.483514,2026-08-10 05:43:08.90318080,13,9763,224,25
38.072535,-62.406757,2026-08-10 05:43:08.90298880,13,6373,267,29
42.452627,-87.240322,2026-08-10 05:43:08.513231360,13,4971,206,29
42.444929,-87.226027,2026-08-10 05:43:08.513235456,13,4810,229,30
42.581363,-86.884608,2026-08-10 05:43:08.546028032,13,14658,98,22
42.454461,-87.116317,2026-08-10 05:43:08.567078656,13,12210,85,32
42.431023,-87.272324,2026-08-10 05:43:08.567109376,13,6006,266,36
42.465833,-87.199474,2026-08-10 05:43:08.921400832,13,5159,202,32
42.505808,-87.138321,2026-08-10 05:43:09.65793280,13,11238,81,59
43.096691,-86.008407,2026-08-10 05:43:09.279430912,13,7383,189,33
43.140046,-85.974011,2026-08-10 05:43:09.279452416,13,10984,206,37
43.124294,-85.882392,2026-08-10 05:43:09.279465472,13,7264,105,19
43.149151,-85.876985,2026-08-10 05:43:09.553175040,13,9886,109,79
43.123116,-85.889931,2026-08-10 05:43:09.553182976,13,11908,100,61
43.169384,-85.89222,2026-08-10 05:43:09.553246720,13,10463,203,43
43.130563,-85.88128,2026-08-10 05:43:09.613089536,13,13094,101,45
43.144012,-85.887027,2026-08-10 05:43:09.613161984,13,3170,199,30
41.942624,-87.490458,2026-08-10 05:43:10.455840768,13,8493,96,86
41.955716,-87.548483,2026-08-10 05:43:10.455833600,13,6534,225,68
41.958695,-87.599914,2026-08-10 05:43:10.455887360,13,9940,131,52
41.956366,-87.62132,2026-08-10 05:43:10.783107840,13,10125,183,35
39.402467,-100.892561,2026-08-10 05:43:10.840230400,13,14073,93,22
40.994157,-88.612142,2026-08-10 05:43:11.15674624,13,8670,192,32
41.067812,-88.481481,2026-08-10 05:43:11.317361920,13,7919,116,41
41.02642,-88.359789,2026-08-10 05:43:11.317384704,13,7411,113,51
16.593859,105.882794,2026-08-10 05:41:19.422987264,14,14169,266,27
27.092067,122.139438,2026-08-10 05:42:47.103090432,14,6104,215,29
40.053552,-101.205415,2026-08-10 05:40:00.557305600,11,11012,108,28
43.037414,1.526791,2026-08-10 05:40:05.875154176,11,13663,169,30
34.226605,-28.082631,2026-08-10 05:40:06.344577024,11,9633,262,91
34.671177,-66.279665,2026-08-10 05:40:08.434710528,11,14136,169,220
43.155788,1.528237,2026-08-10 05:40:14.443313920,11,5973,172,65
43.166096,1.584234,2026-08-10 05:40:14.443332352,11,7636,192,56
42.903563,1.368302,2026-08-10 05:40:14.443254272,11,12607,260,41
42.890741,1.137044,2026-08-10 05:40:19.108199168,11,8818,160,255
42.902106,1.138302,2026-08-10 05:40:19.108207104,11,4399,164,282
42.91542,1.151226,2026-08-10 05:40:19.108213248,11,5799,167,262
42.884792,1.112796,2026-08-10 05:40:19.108205312,11,6151,260,246
42.891207,1.114542,2026-08-10 05:40:19.108206080,11,3952,264,232
38.57124,-59.465884,2026-08-10 05:40:19.879184384,11,9906,149,121
20.666819,-85.792218,2026-08-10 05:40:30.725964544,11,13066,201,45
42.424552,-87.187844,2026-08-10 05:40:34.570529280,11,10292,160,33
42.42368,-87.150025,2026-08-10 05:40:34.625760768,11,12955,95,18
42.42464,-87.28441,2026-08-10 05:40:35.154341888,11,7690,175,29
43.126127,1.562502,2026-08-10 05:40:35.457062656,11,14488,85,21
42.398412,-87.170595,2026-08-10 05:40:35.982814464,11,9456,180,16
42.332464,-87.358215,2026-08-10 05:40:36.186716672,11,4714,251,20
52.30898,16.463345,2026-08-10 05:40:37.437351936,11,10343,217,105
52.290645,16.438326,2026-08-10 05:40:37.437364736,11,5215,219,93
42.415819,-87.126484,2026-08-10 05:40:38.193813248,11,8851,247,18
41.030835,-88.813922,2026-08-10 05:40:40.177546496,11,8152,181,18
38.225989,-62.472385,2026-08-10 05:40:41.249264128,11,12695,254,231
41.97501,-87.827103,2026-08-10 05:40:51.196289024,11,10388,175,28
41.976507,-87.819992,2026-08-10 05:40:51.260964096,11,10436,231,22
42.003985,-87.239595,2026-08-10 05:41:00.217006336,11,10145,76,32
42.374194,-87.136844,2026-08-10 05:41:00.345401088,11,12249,94,28
43.037352,1.608097,2026-08-10 05:41:02.338980096,11,11520,89,75
43.042144,1.598184,2026-08-10 05:41:02.338991360,11,4777,175,69
43.196721,1.589066,2026-08-10 05:41:02.339050752,11,4522,262,51
43.051908,1.598576,2026-08-10 05:41:02.339034624,11,10540,242,38
43.042613,1.579156,2026-08-10 05:41:02.339030016,11,8048,248,25
43.126087,1.562094,2026-08-10 05:41:04.217385472,11,11723,106,69
43.139867,1.562614,2026-08-10 05:41:04.217391616,11,7365,173,55
43.139221,1.567706,2026-08-10 05:41:04.217395200,11,9436,182,37
43.204272,1.591434,2026-08-10 05:41:04.320200448,11,6158,183,33
43.193183,1.592311,2026-08-10 05:41:04.320201216,11,5510,166,32
41.981231,-87.579832,2026-08-10 05:41:08.715512064,11,7489,98,27
41.179832,-88.732711,2026-08-10 05:41:11.979811584,11,8494,86,33
41.06903,-88.456305,2026-08-10 05:41:15.590840832,11,13541,97,33
41.056123,-88.618364,2026-08-10 05:41:16.914445824,11,12692,246,19
40.910404,-88.104073,2026-08-10 05:41:16.930314496,11,9347,110,21
40.980242,-88.791266,2026-08-10 05:41:17.498974976,11,10873,106,25
41.991024,-87.719679,2026-08-10 05:41:18.72055808,11,7733,186,22
40.049602,-101.361954,2026-08-10 05:41:22.772688896,11,12269,180,54
38.420085,-62.844906,2026-08-10 05:41:23.138229248,11,13524,159,175
41.648072,0.705697,2026-08-10 05:41:30.12599808,11,12801,188,36
41.068155,-88.928654,2026-08-10 05:41:30.603876864,11,8902,227,27
52.833568,17.033424,2026-08-10 05:41:35.544412928,11,9501,123,95
43.266995,1.648633,2026-08-10 05:41:37.379820544,11,8014,263,137
43.2235,1.663264,2026-08-10 05:41:37.379813376,11,5454,161,310
42.578801,-88.260036,2026-08-10 05:41:39.930085632,11,12863,96,23
43.284668,-87.365405,2026-08-10 05:41:40.632050688,11,14258,159,25
40.99108,-88.385356,2026-08-10 05:41:40.649556480,11,14802,97,24
41.970571,-87.472225,2026-08-10 05:41:42.398813696,11,13105,175,24
42.789308,-85.604044,2026-08-10 05:41:42.558252032,11,13719,97,27
39.403198,-57.790137,2026-08-10 05:41:53.964292608,11,11925,222,24
42.444014,-87.153269,2026-08-10 05:41:55.996625408,11,10608,159,28
38.08275,-62.678585,2026-08-10 05:41:58.447077632,11,14625,191,60
42.79225,-85.575013,2026-08-10 05:41:59.82854912,11,13725,169,22
42.536454,-86.945915,2026-08-10 05:41:59.701051648,11,8451,157,24
42.289406,-87.367056,2026-08-10 05:42:00.160928000,11,7574,252,21
41.036906,-88.601067,2026-08-10 05:42:01.719998208,11,6999,160,16
26.0273,-96.080345,2026-08-10 05:42:03.832728064,11,9086,257,64
42.456131,-87.101425,2026-08-10 05:42:14.54511616,11,14065,90,30
41.007743,-88.706302,2026-08-10 05:42:15.686930688,11,6153,152,30
40.94693,-88.585738,2026-08-10 05:42:16.352800768,11,9777,185,18
39.696697,-94.705697,2026-08-10 05:42:16.495861504,11,12848,134,43
41.025502,-88.548553,2026-08-10 05:42:16.728013568,11,9129,159,23
38.722025,-58.44308,2026-08-10 05:42:36.310004992,11,12721,149,118
42.004991,-87.578895,2026-08-10 05:42:36.743878656,11,8727,102,21
42.898262,1.172249,2026-08-10 05:42:39.528647424,11,5826,114,288
42.909955,1.170924,2026-08-10 05:42:39.528653568,11,6766,164,265
42.919169,1.171352,2026-08-10 05:42:39.528655360,11,9768,167,241
42.90625,1.142136,2026-08-10 05:42:39.528656128,11,5957,264,132
40.311513,-95.242925,2026-08-10 05:42:58.720816384,11,9718,216,34
40.897508,-88.738835,2026-08-10 05:42:59.522015232,11,9039,226,30
38.220562,-62.839399,2026-08-10 05:43:07.661702144,11,11277,184,79
42.375742,-87.373749,2026-08-10 05:43:08.567076352,11,11169,187,24
37.845242,-62.748614,2026-08-10 05:43:12.236071936,11,9153,179,41
43.037414,1.526791,2026-08-10 05:40:05.875154176,12,13663,169,30
34.226605,-28.082631,2026-08-10 05:40:06.344577024,12,9633,262,91
34.671177,-66.279665,2026-08-10 05:40:08.434710528,12,14136,169,220
43.155788,1.528237,2026-08-10 05:40:14.443313920,12,5973,172,65
43.166096,1.584234,2026-08-10 05:40:14.443332352,12,7636,192,56
42.903563,1.368302,2026-08-10 05:40:14.443254272,12,12607,260,41
42.890741,1.137044,2026-08-10 05:40:19.108199168,12,8818,160,255
42.902106,1.138302,2026-08-10 05:40:19.108207104,12,4399,164,282
42.91542,1.151226,2026-08-10 05:40:19.108213248,12,5799,167,262
42.884792,1.112796,2026-08-10 05:40:19.108205312,12,6151,260,246
42.891207,1.114542,2026-08-10 05:40:19.108206080,12,3952,264,232
38.571088,-59.471724,2026-08-10 05:40:19.879185152,12,7163,149,123
20.667002,-85.792304,2026-08-10 05:40:30.725964544,12,13052,201,45
42.42456,-87.187891,2026-08-10 05:40:34.570529280,12,10312,160,33
42.42368,-87.150025,2026-08-10 05:40:34.625760768,12,12955,95,18
42.42464,-87.28441,2026-08-10 05:40:35.154341888,12,7690,175,29
43.126129,1.5625,2026-08-10 05:40:35.457062656,12,14487,85,21
42.398412,-87.170595,2026-08-10 05:40:35.982814464,12,9456,180,16
42.332899,-87.356516,2026-08-10 05:40:36.186716672,12,4715,251,20
52.290095,16.437327,2026-08-10 05:40:37.437361408,12,4949,233,82
52.314543,16.456909,2026-08-10 05:40:37.437354752,12,8229,157,74
42.415819,-87.126484,2026-08-10 05:40:38.193813248,12,8851,247,17
41.030841,-88.813887,2026-08-10 05:40:40.177546496,12,8154,181,18
38.225992,-62.472514,2026-08-10 05:40:41.249264128,12,12701,254,231
41.97501,-87.827103,2026-08-10 05:40:51.196289024,12,10388,175,28
41.976507,-87.819992,2026-08-10 05:40:51.260964096,12,10436,231,22
42.003985,-87.239595,2026-08-10 05:41:00.217006336,12,10145,76,32
42.374194,-87.136844,2026-08-10 05:41:00.345401088,12,12249,94,28
43.037352,1.608097,2026-08-10 05:41:02.338980096,12,11520,89,75
43.042144,1.598184,2026-08-10 05:41:02.338991360,12,4777,175,69
43.196721,1.589066,2026-08-10 05:41:02.339050752,12,4522,262,51
43.051908,1.598576,2026-08-10 05:41:02.339034624,12,10540,242,38
43.042613,1.579156,2026-08-10 05:41:02.339030016,12,8048,248,25
43.126087,1.562094,2026-08-10 05:41:04.217385472,12,11723,106,69
43.139867,1.562614,2026-08-10 05:41:04.217391616,12,7365,173,55
43.139221,1.567706,2026-08-10 05:41:04.217395200,12,9436,182,37
43.204272,1.591434,2026-08-10 05:41:04.320200448,12,6158,183,33
43.193183,1.592311,2026-08-10 05:41:04.320201216,12,5510,166,32
41.981231,-87.579832,2026-08-10 05:41:08.715512064,12,7489,98,27
41.17985,-88.732682,2026-08-10 05:41:11.979811584,12,8506,86,33
41.06903,-88.456305,2026-08-10 05:41:15.590840832,12,13541,97,33
41.056123,-88.618364,2026-08-10 05:41:16.914445824,12,12692,246,19
40.910404,-88.104073,2026-08-10 05:41:16.930314496,12,9347,110,21
40.980242,-88.791266,2026-08-10 05:41:17.498974976,12,10873,106,25
41.991024,-87.719679,2026-08-10 05:41:18.72055808,12,7733,186,22
40.049607,-101.361987,2026-08-10 05:41:22.772688896,12,12270,180,54
38.420085,-62.844906,2026-08-10 05:41:23.138229248,12,13524,159,175
41.648072,0.705697,2026-08-10 05:41:30.12599808,12,12801,188,36
41.135705,-88.870129,2026-08-10 05:41:30.603901440,12,11816,194,22
52.833568,17.033424,2026-08-10 05:41:35.544412928,12,9501,123,95
43.266995,1.648633,2026-08-10 05:41:37.379820544,12,8014,263,137
43.2235,1.663264,2026-08-10 05:41:37.379813376,12,5454,161,310
42.551036,-88.51621,2026-08-10 05:41:39.930016512,12,10555,184,22
43.284668,-87.365405,2026-08-10 05:41:40.632050688,12,14258,159,24
40.958049,-88.707409,2026-08-10 05:41:40.649477632,12,13600,192,24
42.019024,-87.364449,2026-08-10 05:41:42.398860800,12,12881,103,27
42.789308,-85.604044,2026-08-10 05:41:42.558252032,12,13719,97,26
39.403212,-57.790147,2026-08-10 05:41:53.964292608,12,11923,222,24
42.411118,-87.369388,2026-08-10 05:41:55.996567040,12,10818,221,27
38.08275,-62.678585,2026-08-10 05:41:58.447077632,12,14625,191,60
42.79225,-85.575013,2026-08-10 05:41:59.82854912,12,13725,169,21
42.008848,-87.711263,2026-08-10 05:41:59.128244480,12,5886,139,26
42.525746,-87.068005,2026-08-10 05:41:59.701012992,12,5542,135,25
42.289406,-87.367056,2026-08-10 05:42:00.160928000,12,7574,252,20
41.036906,-88.601067,2026-08-10 05:42:01.719998208,12,6999,160,16
26.048521,-96.068959,2026-08-10 05:42:03.832738304,12,6822,257,62
42.456131,-87.101425,2026-08-10 05:42:14.54511616,12,14065,90,30
41.007743,-88.706302,2026-08-10 05:42:15.686930688,12,6153,152,30
40.94693,-88.585738,2026-08-10 05:42:16.352800768,12,9777,185,18
39.696697,-94.705697,2026-08-10 05:42:16.495861504,12,12848,134,43
41.025502,-88.548553,2026-08-10 05:42:16.728013568,12,9129,159,22
42.898262,1.172249,2026-08-10 05:42:39.528647424,12,5826,114,287
42.91126,1.169904,2026-08-10 05:42:39.528654080,12,6849,164,264
42.909411,1.156729,2026-08-10 05:42:39.528657664,12,5397,228,240
42.893122,1.143562,2026-08-10 05:42:39.528652288,12,8539,241,144
40.293423,-95.190693,2026-08-10 05:42:58.720819712,12,13494,137,33
40.890447,-88.746401,2026-08-10 05:42:59.522012672,12,7019,226,29
38.220562,-62.839399,2026-08-10 05:43:07.661702144,12,11277,184,79
