29.502165,-83.059525,2026-07-31 01:10:08.356469248,1,10159,216,24
61.913559,18.865608,2026-07-31 01:10:16.27124224,1,13957,52,24
61.975876,19.000589,2026-07-31 01:10:16.27166976,1,13650,110,29
62.627613,19.193952,2026-07-31 01:10:16.908973824,1,14910,68,17
44.291383,-1.045299,2026-07-31 01:10:16.972005120,1,9024,204,71
44.331888,-0.980797,2026-07-31 01:10:16.972133888,1,7544,160,75
44.31207,-0.984138,2026-07-31 01:10:16.972127488,1,6030,260,61
44.284495,-1.015254,2026-07-31 01:10:16.972114688,1,4935,120,48
44.264927,-1.039928,2026-07-31 01:10:16.972104704,1,4320,134,34
31.662086,-75.197841,2026-07-31 01:10:17.897315840,1,10944,202,42
29.91309,-83.050003,2026-07-31 01:10:33.25434624,1,7875,155,29
30.027774,-83.054195,2026-07-31 01:10:33.25515008,1,6659,247,18
62.705192,18.208059,2026-07-31 01:10:37.212286720,1,13560,93,27
62.694115,18.245279,2026-07-31 01:10:37.230826240,1,9020,80,21
48.743411,-91.875728,2026-07-31 01:10:45.762647552,1,5656,242,37
31.393488,-76.049332,2026-07-31 01:10:46.160068096,1,8461,196,29
31.733521,-75.253628,2026-07-31 01:11:06.263726080,1,5049,269,20
31.610748,-75.34221,2026-07-31 01:11:06.725521408,1,14750,270,18
31.413974,-76.292734,2026-07-31 01:11:12.260978176,1,4899,269,28
29.626974,-82.668084,2026-07-31 01:11:21.260841984,1,6813,164,28
62.972852,18.404819,2026-07-31 01:11:28.473525760,1,13340,88,104
62.983916,18.415778,2026-07-31 01:11:28.473531904,1,13064,159,91
62.808077,18.343169,2026-07-31 01:11:28.473660416,1,12808,243,77
63.014622,18.140291,2026-07-31 01:11:28.845616384,1,10041,57,311
63.013064,18.131647,2026-07-31 01:11:28.845627392,1,6180,104,306
63.011918,18.130756,2026-07-31 01:11:28.845630976,1,5697,193,286
29.746497,-82.873373,2026-07-31 01:11:37.15348736,1,5583,236,25
62.330544,18.660151,2026-07-31 01:11:46.708095232,1,12109,85,111
62.402093,18.803967,2026-07-31 01:11:46.708136960,1,14495,172,93
32.677765,-74.299132,2026-07-31 01:11:54.887998208,1,9257,266,24
29.514508,-83.068665,2026-07-31 01:11:55.7646976,1,13068,216,27
31.502951,-75.938512,2026-07-31 01:12:02.139966976,1,6172,269,29
31.430353,-76.060918,2026-07-31 01:12:02.280726784,1,14134,195,26
31.565188,-75.458501,2026-07-31 01:12:10.106204928,1,11585,197,22
64.366474,17.988904,2026-07-31 01:12:20.335137792,1,7729,124,33
30.993503,-69.037413,2026-07-31 01:12:20.411868416,1,7130,236,27
29.803007,-82.83835,2026-07-31 01:12:51.500198400,1,7126,148,37
30.068718,-82.71952,2026-07-31 01:12:51.500346880,1,8251,264,25
64.358801,18.159181,2026-07-31 01:12:59.982507520,1,9177,255,68
59.288151,16.922546,2026-07-31 01:13:00.130024192,1,9144,132,21
64.382988,18.142307,2026-07-31 01:13:00.390426880,1,9552,119,23
56.81297,42.374028,2026-07-31 01:13:15.314046976,1,12568,252,56
56.916788,42.530434,2026-07-31 01:13:15.314049024,1,9158,226,42
31.314861,-76.159844,2026-07-31 01:13:17.645794816,1,11992,195,25
29.746061,-77.44888,2026-07-31 01:13:18.83439616,1,6884,205,30
29.613166,-83.410836,2026-07-31 01:13:26.959256320,1,6528,190,39
31.372267,-76.063241,2026-07-31 01:13:41.456106240,1,10113,218,27
31.75766,-75.148316,2026-07-31 01:13:41.975126016,1,5085,269,35
32.077446,-74.088372,2026-07-31 01:13:50.149795584,1,8886,270,29
31.686143,-75.084926,2026-07-31 01:13:57.526183936,1,12252,203,31
34.770465,144.232626,2026-07-31 01:10:05.994218496,2,4880,266,22
34.745795,144.407896,2026-07-31 01:10:06.539810304,2,9228,267,24
34.692749,144.631816,2026-07-31 01:10:08.787659776,2,7822,269,22
34.656257,144.679081,2026-07-31 01:10:08.877830144,2,7580,269,24
34.771216,144.604644,2026-07-31 01:10:12.820460800,2,8908,268,25
34.74002,144.644318,2026-07-31 01:10:12.985140224,2,7720,268,25
34.750673,144.599175,2026-07-31 01:10:19.97793280,2,4955,268,22
34.971316,144.049984,2026-07-31 01:10:29.567503872,2,13441,261,21
34.565105,144.390404,2026-07-31 01:10:31.402455296,2,5726,268,23
34.719879,144.673375,2026-07-31 01:10:35.463869696,2,5691,269,25
34.736683,144.655245,2026-07-31 01:10:44.95271168,2,7138,268,24
35.826466,112.118405,2026-07-31 01:10:45.298412800,2,8637,202,35
34.641221,144.693319,2026-07-31 01:10:45.395607808,2,7569,269,26
34.790946,144.497139,2026-07-31 01:10:45.742577408,2,14038,267,19
34.662657,144.248961,2026-07-31 01:10:46.286711296,2,11981,267,17
34.768392,144.247824,2026-07-31 01:10:48.704174080,2,8136,266,24
34.691809,144.717574,2026-07-31 01:11:02.481733120,2,8679,269,24
34.761904,144.505342,2026-07-31 01:11:02.596683520,2,7911,268,25
34.757002,144.674592,2026-07-31 01:11:02.645967360,2,10454,268,24
34.533166,144.59372,2026-07-31 01:11:14.498240768,2,6779,270,24
34.691727,144.311051,2026-07-31 01:11:14.553038848,2,11272,267,23
34.695011,144.687359,2026-07-31 01:11:20.778027520,2,6521,269,26
34.763113,144.511759,2026-07-31 01:11:21.201685248,2,3626,268,24
34.78259,144.229182,2026-07-31 01:11:26.225451520,2,6132,266,23
34.79128,144.482965,2026-07-31 01:11:34.262420224,2,6431,267,24
34.637309,144.701242,2026-07-31 01:11:34.834478080,2,6941,267,24
34.782264,144.517879,2026-07-31 01:11:34.860329984,2,14739,268,18
34.643599,144.685506,2026-07-31 01:11:34.899917568,2,5960,269,24
34.725836,144.460977,2026-07-31 01:11:50.368650496,2,7475,267,26
34.918222,144.075682,2026-07-31 01:11:50.431689216,2,13987,264,18
34.745279,144.418267,2026-07-31 01:11:50.550813184,2,7051,267,24
37.100006,112.281914,2026-07-31 01:11:53.367341056,2,8087,242,26
34.724914,144.445621,2026-07-31 01:11:59.367259136,2,5483,267,23
34.861194,144.346903,2026-07-31 01:12:04.593199872,2,14265,266,24
34.734689,144.471281,2026-07-31 01:12:13.779164416,2,7313,267,26
34.800276,144.393915,2026-07-31 01:12:17.336719104,2,5958,267,24
19.498564,106.618237,2026-07-31 01:12:18.119983360,2,10176,245,25
34.69857,144.855331,2026-07-31 01:12:18.145775616,2,14322,270,22
34.686863,144.873429,2026-07-31 01:12:18.327752960,2,13778,270,22
34.604628,145.082798,2026-07-31 01:12:19.633721088,2,12768,269,22
34.756858,144.824772,2026-07-31 01:12:21.776449024,2,7953,269,25
34.734154,144.789599,2026-07-31 01:12:21.835194368,2,7235,269,25
23.444775,132.380594,2026-07-31 01:12:23.344874240,2,7582,254,33
23.388979,132.329015,2026-07-31 01:12:23.344849664,2,5534,193,20
34.809659,144.520246,2026-07-31 01:12:29.783915008,2,14961,267,20
34.650627,144.863233,2026-07-31 01:12:29.859749888,2,6922,270,24
34.960796,143.940278,2026-07-31 01:12:30.317798912,2,14583,263,21
34.671121,144.822072,2026-07-31 01:12:30.768226816,2,10266,267,24
34.487036,144.611346,2026-07-31 01:12:36.767925248,2,6079,269,29
34.458397,144.634282,2026-07-31 01:12:37.146153216,2,8969,269,26
34.918041,144.091862,2026-07-31 01:12:40.518395392,2,12857,261,22
21.403328,136.660667,2026-07-31 01:12:47.214075904,2,8877,224,24
34.706728,144.874047,2026-07-31 01:12:49.695103744,2,5192,270,26
34.771717,144.66389,2026-07-31 01:12:49.783920384,2,6426,268,21
34.781178,144.634311,2026-07-31 01:12:49.871615744,2,13398,268,22
34.861635,144.508702,2026-07-31 01:12:50.157550592,2,14617,267,22
34.857242,144.525495,2026-07-31 01:12:50.310202112,2,14426,267,21
34.813911,144.479632,2026-07-31 01:12:51.137417472,2,13762,267,21
34.717588,144.511826,2026-07-31 01:12:52.77636352,2,6041,268,23
34.909362,144.364233,2026-07-31 01:12:52.335515136,2,14664,266,19
34.899149,144.233485,2026-07-31 01:12:57.429408768,2,14875,265,18
34.733523,144.512295,2026-07-31 01:13:03.762355968,2,5916,268,28
34.724764,144.618224,2026-07-31 01:13:18.255920640,2,9201,268,25
34.69769,144.652625,2026-07-31 01:13:18.371322368,2,8781,269,24
34.921678,144.285519,2026-07-31 01:13:18.722105088,2,11798,266,23
21.046431,113.553241,2026-07-31 01:13:29.526139648,2,11873,270,32
34.768128,144.46271,2026-07-31 01:13:33.78946816,2,12375,264,24
34.980122,144.238751,2026-07-31 01:13:33.442882560,2,11497,265,26
37.060518,112.50147,2026-07-31 01:13:56.424892672,2,8834,194,31
31.627712,-75.66273,2026-07-31 01:10:01.787692032,3,4121,231,38
29.404887,-109.88683,2026-07-31 01:10:01.883524352,3,5022,223,42
29.453092,-109.902281,2026-07-31 01:10:01.883587072,3,6828,252,27
29.402563,-109.889611,2026-07-31 01:10:02.77116416,3,4759,223,22
29.449093,-109.897859,2026-07-31 01:10:02.77175552,3,5961,246,33
54.421338,-81.929377,2026-07-31 01:10:02.851277824,3,12321,242,41
54.411748,-81.92317,2026-07-31 01:10:02.851284480,3,8102,211,35
32.028102,-74.063146,2026-07-31 01:10:10.542366720,3,8552,216,44
32.117424,-74.12079,2026-07-31 01:10:10.542456320,3,4792,266,31
56.500842,-78.290445,2026-07-31 01:10:10.598888704,3,6723,204,28
29.767846,-77.474814,2026-07-31 01:10:11.31989248,3,5965,206,80
30.00077,-77.561478,2026-07-31 01:10:11.32088832,3,13427,254,66
29.837888,-77.504713,2026-07-31 01:10:11.32075776,3,11236,247,35
38.076755,-103.264139,2026-07-31 01:10:11.102930432,3,9603,80,22
38.08562,-103.209709,2026-07-31 01:10:11.159410176,3,9280,89,38
38.087384,-103.220661,2026-07-31 01:10:11.159445248,3,8961,184,25
38.097577,-103.194272,2026-07-31 01:10:11.360520448,3,8890,100,24
31.139991,-76.519242,2026-07-31 01:10:18.480324096,3,12810,238,35
26.565774,-80.376975,2026-07-31 01:10:18.515921152,3,13270,264,38
32.083971,-74.129489,2026-07-31 01:10:18.892941312,3,10441,222,38
25.497516,-106.858541,2026-07-31 01:10:19.71788032,3,12886,258,33
31.506802,-75.988549,2026-07-31 01:10:19.215589632,3,4568,255,36
29.65902,-82.78251,2026-07-31 01:10:26.322426368,3,13099,128,42
29.718843,-82.829535,2026-07-31 01:10:26.322495488,3,6485,267,28
30.039317,-108.719252,2026-07-31 01:10:26.596832000,3,14403,213,23
17.415855,-93.730126,2026-07-31 01:10:26.638714112,3,12196,234,20
29.35052,-82.924192,2026-07-31 01:10:28.116918272,3,11617,143,60
29.422797,-82.963912,2026-07-31 01:10:28.116982784,3,6401,202,41
29.34787,-82.934699,2026-07-31 01:10:28.327632640,3,6242,144,44
31.540152,-75.684066,2026-07-31 01:10:28.350377728,3,4272,213,70
31.650714,-75.747777,2026-07-31 01:10:28.350467584,3,2840,249,27
23.146667,-105.552714,2026-07-31 01:10:36.965273088,3,14905,194,25
31.618661,-75.292415,2026-07-31 01:10:37.471137280,3,7512,226,50
31.695302,-75.366975,2026-07-31 01:10:37.471221248,3,3659,257,36
31.684187,-75.342,2026-07-31 01:10:37.471216384,3,5332,250,31
31.212721,-85.64322,2026-07-31 01:10:38.666856960,3,2661,202,52
31.184777,-85.647207,2026-07-31 01:10:38.666891264,3,4627,226,38
29.367219,-82.958054,2026-07-31 01:10:39.167592192,3,11607,151,26
31.473567,-76.297592,2026-07-31 01:10:39.323704576,3,9232,257,26
37.12923,-102.397406,2026-07-31 01:10:39.338866688,3,11209,101,52
37.196756,-102.404379,2026-07-31 01:10:39.338917376,3,6901,183,35
32.790465,-74.166518,2026-07-31 01:10:39.462117120,3,4330,265,26
54.013751,-79.161435,2026-07-31 01:10:39.984907264,3,7660,247,51
53.957682,-79.11061,2026-07-31 01:10:39.984933376,3,3540,256,45
29.334603,-109.851835,2026-07-31 01:10:47.198599680,3,6318,224,33
29.301203,-109.879817,2026-07-31 01:10:47.198632448,3,11781,229,32
31.463578,-76.422151,2026-07-31 01:10:47.757863424,3,10234,216,69
31.33441,-76.405777,2026-07-31 01:10:47.757867520,3,7832,198,56
31.357586,-76.410212,2026-07-31 01:10:47.757875712,3,7821,250,43
31.459925,-76.406972,2026-07-31 01:10:47.757902848,3,10020,242,24
31.350763,-76.355299,2026-07-31 01:10:47.860908288,3,4670,235,39
31.370033,-76.365113,2026-07-31 01:10:47.860906496,3,8527,248,26
31.355314,-76.401163,2026-07-31 01:10:47.915167232,3,5689,235,32
29.805082,-82.849008,2026-07-31 01:10:47.932498176,3,11562,151,63
29.879349,-82.880753,2026-07-31 01:10:47.932571648,3,7127,241,46
32.998583,-81.148963,2026-07-31 01:10:47.933848320,3,13655,227,31
29.803825,-82.860062,2026-07-31 01:10:48.74540800,3,7049,178,52
29.703865,-82.857503,2026-07-31 01:10:48.74551552,3,8185,243,57
41.779538,-98.625909,2026-07-31 01:10:48.642893568,3,6319,147,52
41.821584,-98.635247,2026-07-31 01:10:48.642907392,3,7152,160,35
31.678805,-75.201054,2026-07-31 01:10:48.935965184,3,3037,208,108
32.070997,-74.114776,2026-07-31 01:10:57.435471616,3,6775,201,32
30.024616,-77.7579,2026-07-31 01:10:57.942574848,3,5302,208,91
30.101624,-77.822461,2026-07-31 01:10:57.942606080,3,3325,259,69
29.901504,-82.975343,2026-07-31 01:11:05.342925568,3,13055,260,32
31.664921,-75.217772,2026-07-31 01:11:05.539777024,3,5395,207,71
31.720953,-75.270379,2026-07-31 01:11:05.539847424,3,7089,258,41
31.800586,-75.271188,2026-07-31 01:11:05.539874816,3,4572,250,27
30.116106,-109.387834,2026-07-31 01:11:05.762918656,3,10373,213,43
30.256548,-109.417315,2026-07-31 01:11:05.762955008,3,10052,219,30
38.089403,-103.164024,2026-07-31 01:11:05.929857536,3,9164,80,43
38.075653,-103.236811,2026-07-31 01:11:05.929885952,3,3929,217,30
41.081124,-99.76076,2026-07-31 01:11:06.49966336,3,7106,170,36
41.075918,-99.782294,2026-07-31 01:11:06.49967872,3,8128,171,23
31.681457,-75.232467,2026-07-31 01:11:06.165979648,3,11429,257,40
31.67584,-75.223652,2026-07-31 01:11:06.263706112,3,7026,250,19
31.686905,-75.223816,2026-07-31 01:11:06.725547520,3,2459,250,26
28.907645,-109.159355,2026-07-31 01:11:07.104317952,3,10720,226,46
35.585931,-108.305283,2026-07-31 01:11:14.473319168,3,14340,147,29
29.710607,-82.823349,2026-07-31 01:11:22.571240704,3,2788,261,61
29.670559,-82.884303,2026-07-31 01:11:22.571268864,3,7281,240,45
41.785401,-98.611651,2026-07-31 01:11:22.790424320,3,8016,110,54
31.410159,-76.042046,2026-07-31 01:11:23.60024064,3,6100,187,30
31.4171,-76.029213,2026-07-31 01:11:23.60030464,3,2566,216,66
31.421316,-76.053976,2026-07-31 01:11:23.60086784,3,10713,242,42
31.388149,-76.01992,2026-07-31 01:11:23.112381952,3,2963,259,77
31.418685,-76.032401,2026-07-31 01:11:23.112395264,3,4240,216,65
31.438779,-76.080016,2026-07-31 01:11:23.112450816,3,5004,248,35
31.319936,-76.174008,2026-07-31 01:11:23.152861440,3,11897,134,53
30.080675,-77.745202,2026-07-31 01:11:30.689807616,3,8788,210,58
30.11606,-77.757231,2026-07-31 01:11:30.689816320,3,4834,259,49
30.106397,-77.764141,2026-07-31 01:11:30.689808384,3,6777,249,34
17.275296,-98.078035,2026-07-31 01:11:31.123643392,3,14766,267,30
41.529609,-98.590664,2026-07-31 01:11:31.150032128,3,14900,168,33
41.569246,-98.769495,2026-07-31 01:11:31.150025216,3,14851,161,25
30.00447,-83.029564,2026-07-31 01:11:31.165134080,3,9274,253,22
41.075009,-99.793053,2026-07-31 01:11:31.206598144,3,6825,143,32
41.093262,-99.72301,2026-07-31 01:11:31.206620672,3,10710,124,19
30.050366,-83.063697,2026-07-31 01:11:31.372415232,3,12809,265,20
31.115193,-77.465041,2026-07-31 01:11:32.265244416,3,14597,241,24
46.183164,-113.5322,2026-07-31 01:11:33.211460352,3,7112,100,21
31.664032,-108.334479,2026-07-31 01:11:33.224143872,3,14030,184,42
31.52937,-108.32854,2026-07-31 01:11:33.224158464,3,5949,204,29
31.468778,-75.909764,2026-07-31 01:11:33.457093120,3,10840,211,56
31.557695,-75.959406,2026-07-31 01:11:33.457181952,3,11340,255,40
31.543409,-75.946144,2026-07-31 01:11:33.457176832,3,4249,250,18
41.113699,-100.550963,2026-07-31 01:11:40.903223808,3,9683,103,30
41.481566,-98.734452,2026-07-31 01:11:40.954104576,3,12616,141,29
29.615207,-83.259655,2026-07-31 01:11:40.983240960,3,12201,160,31
28.885224,-107.182283,2026-07-31 01:11:41.412804608,3,8451,220,39
29.048211,-107.20728,2026-07-31 01:11:41.412848896,3,12197,213,28
29.304466,-109.906948,2026-07-31 01:11:42.245089792,3,13221,227,30
31.684783,-75.16109,2026-07-31 01:11:42.443962624,3,3143,216,108
31.726723,-75.15445,2026-07-31 01:11:42.443977472,3,5481,204,98
31.71303,-75.150839,2026-07-31 01:11:42.443976192,3,5458,259,62
32.022181,-74.077664,2026-07-31 01:11:43.130393600,3,3317,219,74
32.082814,-74.101519,2026-07-31 01:11:43.130471680,3,6542,251,36
44.975317,-101.127399,2026-07-31 01:11:50.416375552,3,9333,122,26
41.728461,-98.606174,2026-07-31 01:11:51.188348928,3,9990,83,41
41.733764,-98.635259,2026-07-31 01:11:51.188355072,3,10254,83,42
31.667943,-75.209213,2026-07-31 01:11:51.977211392,3,9548,207,21
17.54564,-94.017345,2026-07-31 01:11:52.196678144,3,13559,232,16
29.657491,-82.750901,2026-07-31 01:11:52.951635712,3,7765,132,49
29.856563,-82.893852,2026-07-31 01:11:53.31813376,3,10439,254,27
29.51167,-109.045829,2026-07-31 01:12:00.202343680,3,6536,222,25
29.786506,-82.840402,2026-07-31 01:12:01.771842304,3,2933,249,82
29.817639,-82.864966,2026-07-31 01:12:01.771854592,3,4609,246,66
29.778878,-82.857893,2026-07-31 01:12:01.771892480,3,7865,199,52
29.774385,-82.897064,2026-07-31 01:12:01.771880960,3,4451,267,32
31.430623,-75.936625,2026-07-31 01:12:01.882970368,3,7168,206,70
31.518594,-75.981081,2026-07-31 01:12:01.883054080,3,5543,255,40
31.515154,-75.952344,2026-07-31 01:12:01.940925184,3,5716,209,16
29.743618,-82.852505,2026-07-31 01:12:01.990041600,3,5484,157,39
31.505615,-75.944067,2026-07-31 01:12:02.29704960,3,5484,208,65
31.256775,-76.044692,2026-07-31 01:12:02.29660672,3,5616,235,49
31.496119,-75.961574,2026-07-31 01:12:02.29755136,3,5077,250,31
31.500708,-75.941243,2026-07-31 01:12:02.63356416,3,4773,233,30
31.497349,-75.948856,2026-07-31 01:12:02.139965184,3,4416,258,80
31.507326,-75.931964,2026-07-31 01:12:02.139970816,3,2751,215,67
31.532736,-75.966044,2026-07-31 01:12:02.140023296,3,4289,241,31
24.366639,-105.672486,2026-07-31 01:12:02.217386240,3,7352,236,41
24.316147,-105.674423,2026-07-31 01:12:02.217368832,3,14019,237,29
36.41987,-94.048473,2026-07-31 01:12:09.507551232,3,9815,128,88
36.461,-94.038545,2026-07-31 01:12:09.507563264,3,12696,173,65
36.40873,-94.339011,2026-07-31 01:12:09.507528448,3,7818,245,43
36.509922,-94.04258,2026-07-31 01:12:09.507625472,3,9799,199,31
31.649397,-75.303814,2026-07-31 01:12:10.106183424,3,9833,212,42
31.649503,-75.320922,2026-07-31 01:12:10.106244352,3,8821,250,35
31.649048,-75.319808,2026-07-31 01:12:10.106244096,3,8766,243,22
41.298158,-99.301397,2026-07-31 01:12:10.672756480,3,8482,124,41
17.483427,-93.892817,2026-07-31 01:12:10.902455552,3,12541,233,17
30.729229,-109.433404,2026-07-31 01:12:12.337043712,3,9117,203,41
30.638819,-109.514022,2026-07-31 01:12:12.337054976,3,5691,216,31
48.505162,-91.447214,2026-07-31 01:12:12.478254848,3,14546,232,22
31.674814,-75.163852,2026-07-31 01:12:13.206830592,3,3974,220,101
31.701906,-75.152578,2026-07-31 01:12:13.206844416,3,5936,259,57
31.02704,-69.350391,2026-07-31 01:12:20.411903488,3,13143,248,47
31.014179,-69.013724,2026-07-31 01:12:20.411881728,3,14061,263,48
31.01767,-69.014478,2026-07-31 01:12:20.411875328,3,10292,263,33
30.95741,-68.983431,2026-07-31 01:12:20.432371968,3,5283,251,30
31.497695,-74.980336,2026-07-31 01:12:20.438175488,3,6986,230,43
31.552689,-74.967027,2026-07-31 01:12:20.438192896,3,13960,260,28
31.514393,-74.967238,2026-07-31 01:12:21.119638784,3,6291,230,33
29.726924,-77.416264,2026-07-31 01:12:21.438704640,3,6790,207,106
29.780129,-77.463584,2026-07-31 01:12:21.438725376,3,9516,212,87
29.810508,-77.475872,2026-07-31 01:12:21.438786816,3,10687,251,61
29.791458,-77.467355,2026-07-31 01:12:21.438779392,3,10207,245,48
29.696319,-77.320377,2026-07-31 01:12:21.438723072,3,6596,260,36
30.031233,-77.508006,2026-07-31 01:12:21.438855680,3,13415,260,23
29.909427,-77.652641,2026-07-31 01:12:21.551693568,3,8310,260,52
32.033784,-74.068522,2026-07-31 01:12:22.342135552,3,4909,219,29
32.049006,-74.09719,2026-07-31 01:12:22.499867392,3,7588,214,28
29.085878,-109.994084,2026-07-31 01:12:22.648237056,3,7094,229,26
54.486625,-82.033765,2026-07-31 01:12:22.738699520,3,11744,257,32
29.062425,-109.931808,2026-07-31 01:12:22.803169024,3,10657,230,33
48.52328,-97.017596,2026-07-31 01:12:23.178085376,3,7014,154,23
29.157024,-83.633509,2026-07-31 01:12:23.779776768,3,4099,167,50
29.265092,-83.673056,2026-07-31 01:12:23.779852800,3,3434,240,37
29.142247,-83.650476,2026-07-31 01:12:23.882871808,3,5686,202,43
44.994876,-101.198884,2026-07-31 01:12:24.153284096,3,9538,113,48
44.956306,-101.184576,2026-07-31 01:12:24.153333248,3,5394,156,35
24.270477,-105.728617,2026-07-31 01:12:24.892211200,3,13217,186,27
37.991897,-104.052713,2026-07-31 01:12:24.922716416,3,5169,78,26
38.006663,-104.075096,2026-07-31 01:12:24.955265280,3,11862,76,20
31.613914,-75.224607,2026-07-31 01:12:25.66129920,3,6920,215,96
31.66293,-75.223512,2026-07-31 01:12:25.66147328,3,3151,208,78
31.649756,-75.225978,2026-07-31 01:12:25.66147328,3,5064,259,48
30.087133,-83.16028,2026-07-31 01:12:32.129676032,3,13338,253,28
42.235234,-97.786091,2026-07-31 01:12:32.360689664,3,14201,184,33
46.281263,-113.459373,2026-07-31 01:12:32.927870976,3,5256,183,27
29.243612,-107.415262,2026-07-31 01:12:33.313875456,3,4793,231,68
29.06106,-107.440205,2026-07-31 01:12:33.313859328,3,8422,221,67
29.317056,-107.408834,2026-07-31 01:12:33.313943040,3,6729,266,46
31.471094,-75.933421,2026-07-31 01:12:33.679676928,3,5368,233,31
31.418706,-76.059157,2026-07-31 01:12:33.734178048,3,6982,234,33
40.51327,-100.542449,2026-07-31 01:12:33.850164480,3,8080,178,40
40.491666,-100.679985,2026-07-31 01:12:33.850170368,3,8885,161,29
54.103493,-78.933539,2026-07-31 01:12:34.128421376,3,11180,218,28
54.04455,-78.961784,2026-07-31 01:12:34.128443136,3,5116,236,25
54.110906,-78.913818,2026-07-31 01:12:34.187075328,3,4817,231,37
54.016697,-78.908267,2026-07-31 01:12:34.187105536,3,5278,225,19
54.103817,-78.890919,2026-07-31 01:12:34.269078272,3,6756,235,28
54.055414,-78.927628,2026-07-31 01:12:34.321337344,3,1625,250,27
54.056665,-78.928267,2026-07-31 01:12:34.321335808,3,2660,250,17
38.073185,-103.18446,2026-07-31 01:12:42.224145664,3,12983,80,37
31.453326,-75.220945,2026-07-31 01:12:42.311624448,3,5028,138,39
31.481954,-75.237907,2026-07-31 01:12:42.419304192,3,5578,209,19
31.617741,-75.274282,2026-07-31 01:12:42.744498432,3,10543,217,65
31.693198,-75.335642,2026-07-31 01:12:42.744583424,3,4814,250,30
54.019458,-78.664342,2026-07-31 01:12:50.79756032,3,14864,217,19
28.965809,-84.02318,2026-07-31 01:12:50.434574336,3,12183,225,21
29.625097,-83.801381,2026-07-31 01:12:50.467505408,3,12478,262,27
29.800889,-82.815598,2026-07-31 01:12:51.500203264,3,6612,130,98
29.853327,-82.821875,2026-07-31 01:12:51.500217088,3,4699,238,77
29.703807,-82.819099,2026-07-31 01:12:51.500217344,3,6814,241,62
29.83566,-82.878315,2026-07-31 01:12:51.500251136,3,7289,267,47
29.940061,-82.842277,2026-07-31 01:12:51.500289280,3,8299,255,30
29.78445,-82.801518,2026-07-31 01:12:51.570739968,3,9038,130,46
31.610049,-75.583466,2026-07-31 01:12:53.179368192,3,10094,134,43
31.548236,-75.668563,2026-07-31 01:12:53.291924224,3,14878,144,45
31.584193,-75.500635,2026-07-31 01:12:53.379754496,3,14801,269,18
29.527208,-83.014705,2026-07-31 01:12:54.59404032,3,8515,202,27
31.494546,-75.208468,2026-07-31 01:12:54.98683392,3,5088,227,57
33.85221,-107.544875,2026-07-31 01:13:01.224387328,3,14339,131,31
33.942105,-107.536793,2026-07-31 01:13:01.224412928,3,6524,184,18
29.776414,-82.793397,2026-07-31 01:13:01.438741248,3,12128,130,59
29.84414,-82.830865,2026-07-31 01:13:01.438809344,3,11762,198,42
29.837815,-82.830109,2026-07-31 01:13:01.438802688,3,4518,270,19
29.767337,-82.814321,2026-07-31 01:13:01.677955328,3,7121,166,31
31.615497,-75.334661,2026-07-31 01:13:02.711014912,3,9042,213,33
30.033441,-82.971723,2026-07-31 01:13:03.338608384,3,5953,253,35
30.029761,-82.970949,2026-07-31 01:13:03.338656512,3,6541,241,48
41.742813,-98.634155,2026-07-31 01:13:03.548341504,3,12170,191,26
29.740312,-82.824628,2026-07-31 01:13:03.647231232,3,7261,148,20
29.638366,-83.097765,2026-07-31 01:13:03.696096256,3,8628,206,20
27.69738,-75.374449,2026-07-31 01:13:03.712054528,3,6448,238,24
49.327318,-95.450358,2026-07-31 01:13:04.536183040,3,14449,147,36
29.458351,-82.96914,2026-07-31 01:13:05.288841984,3,7851,240,32
42.381829,-97.822459,2026-07-31 01:13:05.762737408,3,6019,182,45
31.681398,-108.398708,2026-07-31 01:13:05.766062848,3,13978,198,24
31.377189,-75.184649,2026-07-31 01:13:06.910502400,3,3604,201,36
31.435118,-75.210156,2026-07-31 01:13:06.910522112,3,2782,259,21
29.386536,-82.917845,2026-07-31 01:13:08.206835712,3,6470,142,35
44.903983,-61.803992,2026-07-31 01:13:08.237450496,3,10433,225,13
29.766199,-82.775176,2026-07-31 01:13:16.356957952,3,9657,126,42
29.90625,-82.864198,2026-07-31 01:13:16.357048320,3,2814,238,26
29.791675,-82.830136,2026-07-31 01:13:16.357015808,3,7262,267,13
29.754525,-82.773952,2026-07-31 01:13:16.496172288,3,7260,130,23
30.335984,-109.485709,2026-07-31 01:13:16.528433664,3,13133,212,27
29.778154,-82.798809,2026-07-31 01:13:16.663078400,3,3336,184,21
29.767819,-82.86533,2026-07-31 01:13:16.663120128,3,8640,242,57
29.856797,-82.761145,2026-07-31 01:13:16.663160064,3,12669,250,42
42.5426,-97.747711,2026-07-31 01:13:16.903940608,3,12488,104,40
31.336754,-75.980697,2026-07-31 01:13:17.645758208,3,10924,207,75
31.479707,-76.087479,2026-07-31 01:13:17.645818880,3,11559,210,57
31.41699,-76.067977,2026-07-31 01:13:17.645842176,3,5288,258,42
31.411311,-76.038555,2026-07-31 01:13:17.748165120,3,6589,216,37
45.161064,-101.052899,2026-07-31 01:13:17.809272832,3,12974,123,23
45.184673,-100.991604,2026-07-31 01:13:17.928223744,3,12291,130,21
29.732695,-82.765871,2026-07-31 01:13:17.982647040,3,9303,255,26
29.377427,-108.998696,2026-07-31 01:13:25.506434048,3,13663,223,26
40.534317,-100.684642,2026-07-31 01:13:25.862358784,3,13802,87,56
40.504547,-100.689537,2026-07-31 01:13:25.862375424,3,7892,157,38
40.529573,-100.70088,2026-07-31 01:13:25.862411520,3,8653,149,25
30.271443,-109.394719,2026-07-31 01:13:26.899857152,3,10716,212,22
29.631481,-83.33802,2026-07-31 01:13:26.959269376,3,12650,136,109
29.678677,-83.357935,2026-07-31 01:13:26.959279872,3,7085,235,90
29.616466,-83.331605,2026-07-31 01:13:26.959273472,3,8343,242,74
29.816742,-83.337325,2026-07-31 01:13:26.959331072,3,14392,251,62
29.824616,-83.327555,2026-07-31 01:13:26.959335936,3,13253,268,49
29.696691,-83.351019,2026-07-31 01:13:26.959334912,3,8425,256,36
29.949304,-83.470382,2026-07-31 01:13:27.10022400,3,7456,235,51
29.677762,-83.354855,2026-07-31 01:13:27.9962752,3,7309,200,37
33.897,-107.341156,2026-07-31 01:13:27.34964992,3,13408,131,22
29.663917,-83.356723,2026-07-31 01:13:27.123159296,3,3557,166,70
29.72859,-83.375772,2026-07-31 01:13:27.123177728,3,5747,237,64
31.359317,-76.076849,2026-07-31 01:13:41.456104704,3,4627,136,77
31.388339,-76.048059,2026-07-31 01:13:41.456115968,3,3592,211,65
31.437848,-76.073082,2026-07-31 01:13:41.456178688,3,6611,242,37
31.435189,-76.083789,2026-07-31 01:13:41.456179200,3,5945,242,22
31.397489,-76.040646,2026-07-31 01:13:41.489302784,3,14733,211,18
31.401872,-76.060679,2026-07-31 01:13:41.552631808,3,6865,211,42
45.638768,-113.209838,2026-07-31 01:13:41.626683392,3,12728,73,51
45.569498,-113.256111,2026-07-31 01:13:41.626714112,3,14424,126,41
31.402038,-76.066356,2026-07-31 01:13:41.827835392,3,12747,216,27
31.667732,-75.051045,2026-07-31 01:13:41.975087872,3,5285,230,101
31.730298,-75.12948,2026-07-31 01:13:41.975117824,3,3073,206,92
31.735061,-75.122152,2026-07-31 01:13:41.975118848,3,7836,259,58
31.456619,-76.21662,2026-07-31 01:13:49.305842944,3,8415,210,22
30.227146,-109.418836,2026-07-31 01:13:49.729025024,3,8558,213,37
30.242174,-109.423716,2026-07-31 01:13:49.729079808,3,10193,247,24
32.026029,-74.070973,2026-07-31 01:13:50.149776384,3,4021,219,66
32.060002,-74.064142,2026-07-31 01:13:50.149794816,3,5553,267,71
32.07802,-74.084079,2026-07-31 01:13:50.149846016,3,8096,251,43
32.07921,-74.084389,2026-07-31 01:13:50.170121216,3,3329,201,28
32.056649,-74.079541,2026-07-31 01:13:50.194033920,3,4531,201,36
31.68773,-75.100958,2026-07-31 01:13:57.526186240,3,6565,214,107
31.74377,-75.11585,2026-07-31 01:13:57.526212864,3,5924,206,100
31.756372,-75.135652,2026-07-31 01:13:57.526215424,3,5647,259,69
31.702665,-75.091313,2026-07-31 01:13:57.526243840,3,8005,242,54
31.71564,-75.095352,2026-07-31 01:13:57.526246912,3,6890,248,40
34.743057,144.414278,2026-07-31 01:10:06.539810304,4,8731,267,25
34.692749,144.631816,2026-07-31 01:10:08.787659776,4,7822,269,22
34.769378,144.610324,2026-07-31 01:10:12.820457216,4,8933,268,27
34.69238,144.704944,2026-07-31 01:10:12.985115904,4,11396,269,27
34.775675,144.569423,2026-07-31 01:10:19.97805312,4,6369,268,21
34.719688,144.248781,2026-07-31 01:10:31.402521600,4,14430,270,20
34.713235,144.670938,2026-07-31 01:10:35.463867648,4,5536,269,26
34.736991,144.65499,2026-07-31 01:10:44.95269888,4,7107,268,21
34.85488,144.514188,2026-07-31 01:10:45.284443904,4,12434,270,23
35.8258,112.134753,2026-07-31 01:10:45.298411008,4,7123,202,40
34.607551,144.747864,2026-07-31 01:10:45.395587584,4,9074,269,27
34.790949,144.49713,2026-07-31 01:10:45.742578944,4,14038,267,19
34.533822,144.3906,2026-07-31 01:10:46.131252480,4,8242,268,23
34.662634,144.249163,2026-07-31 01:10:46.286711296,4,11982,267,18
45.663426,50.853478,2026-07-31 01:10:46.895725824,4,8919,190,28
34.880245,144.134183,2026-07-31 01:10:48.704219904,4,13998,268,22
34.694854,144.715825,2026-07-31 01:11:02.481742848,4,8652,269,25
34.761888,144.505076,2026-07-31 01:11:02.596684800,4,7912,268,26
34.530423,144.596797,2026-07-31 01:11:14.498243328,4,6461,270,25
34.693032,144.283804,2026-07-31 01:11:14.553050880,4,13274,267,24
44.294468,-0.98735,2026-07-31 01:11:15.674102272,4,7444,265,33
34.757178,144.255095,2026-07-31 01:11:26.225440256,4,4608,266,24
62.948271,18.643773,2026-07-31 01:11:26.563670016,4,11357,241,32
62.593407,18.149997,2026-07-31 01:11:26.634566656,4,11749,256,31
63.921176,18.494717,2026-07-31 01:11:27.523813376,4,11710,254,17
63.181953,18.300549,2026-07-31 01:11:28.845623552,4,13269,244,36
34.782271,144.517845,2026-07-31 01:11:34.860325888,4,14738,268,18
34.643607,144.685492,2026-07-31 01:11:34.899918336,4,5960,269,24
34.726422,144.471455,2026-07-31 01:11:50.368657408,4,7497,267,29
34.918222,144.075682,2026-07-31 01:11:50.431689216,4,13987,264,20
34.718175,144.467279,2026-07-31 01:11:50.550801152,4,8132,268,24
37.031564,112.373798,2026-07-31 01:11:53.367363328,4,5722,227,28
34.724915,144.445565,2026-07-31 01:11:59.367260672,4,5482,267,24
34.861174,144.346925,2026-07-31 01:12:04.593201152,4,14266,266,25
44.525413,1.559942,2026-07-31 01:12:06.130821632,4,9792,248,26
34.759177,144.426239,2026-07-31 01:12:13.779180800,4,6126,267,30
34.800324,144.39381,2026-07-31 01:12:17.336720384,4,5960,267,25
34.698549,144.855391,2026-07-31 01:12:18.145775616,4,14322,270,22
34.686884,144.87339,2026-07-31 01:12:18.327756288,4,13779,270,24
34.604633,145.082783,2026-07-31 01:12:19.633719552,4,12768,269,23
34.733164,144.858965,2026-07-31 01:12:21.776437504,4,6433,270,27
34.716554,144.821754,2026-07-31 01:12:21.835185152,4,8163,269,27
23.375911,132.371671,2026-07-31 01:12:23.344853760,4,6294,204,33
23.362611,132.390416,2026-07-31 01:12:23.344852480,4,9407,194,17
34.809629,144.520393,2026-07-31 01:12:29.783918592,4,14965,267,20
36.046466,150.65457,2026-07-31 01:12:29.819710720,4,13244,267,24
34.650677,144.86307,2026-07-31 01:12:29.859746816,4,6921,270,25
34.960799,143.940272,2026-07-31 01:12:30.317800704,4,14583,263,21
35.939062,150.492691,2026-07-31 01:12:36.251774720,4,14090,267,24
34.487036,144.611346,2026-07-31 01:12:36.767925248,4,6079,269,31
34.807617,143.98241,2026-07-31 01:12:37.146367744,4,5848,264,35
34.763436,144.410696,2026-07-31 01:12:40.408534016,4,6097,267,25
34.898748,144.233969,2026-07-31 01:12:40.518353408,4,12569,265,23
34.70718,144.873713,2026-07-31 01:12:49.695104000,4,5189,270,28
34.780028,144.645933,2026-07-31 01:12:49.783926272,4,4751,268,22
34.878421,144.481942,2026-07-31 01:12:49.871660288,4,14559,270,23
34.857266,144.525401,2026-07-31 01:12:50.310202112,4,14426,267,22
34.717302,144.512608,2026-07-31 01:12:52.77639936,4,6034,268,22
62.605737,19.456934,2026-07-31 01:13:01.53619968,4,7511,236,23
34.718652,144.511613,2026-07-31 01:13:03.762349568,4,5900,268,30
34.742036,144.587129,2026-07-31 01:13:18.255937792,4,6493,268,27
34.738139,144.585184,2026-07-31 01:13:18.371344640,4,6671,268,25
34.943571,144.247424,2026-07-31 01:13:18.722123008,4,12757,265,23
21.046545,113.553307,2026-07-31 01:13:29.526141440,4,11873,270,33
34.760501,144.471768,2026-07-31 01:13:33.78947072,4,12107,265,25
62.894709,18.922721,2026-07-31 01:13:40.624393216,4,10716,246,34
59.215639,16.912661,2026-07-31 01:13:42.349056768,4,6192,202,46
37.116981,112.442146,2026-07-31 01:13:56.424871168,4,13569,203,34
27.862533,-75.592936,2026-07-31 01:10:04.607890432,7,4719,264,14
29.569308,-82.827615,2026-07-31 01:10:05.114609152,7,13280,182,16
29.570142,-82.891912,2026-07-31 01:10:05.317380352,7,4401,204,19
29.735807,-82.676854,2026-07-31 01:10:05.317460736,7,4174,200,12
29.528985,-82.906553,2026-07-31 01:10:08.356496640,7,3468,229,17
29.521711,-82.955211,2026-07-31 01:10:08.665077504,7,5042,188,15
29.990408,-77.548389,2026-07-31 01:10:11.32085504,7,11363,201,21
29.722407,-82.943113,2026-07-31 01:10:12.596369408,7,3826,182,18
29.717009,-82.939176,2026-07-31 01:10:12.663064576,7,3476,182,19
29.832047,-83.188614,2026-07-31 01:10:33.25426432,7,4751,185,25
29.946704,-83.098436,2026-07-31 01:10:33.25478656,7,3984,198,13
29.353145,-82.992845,2026-07-31 01:10:39.167584256,7,6826,173,11
27.771674,-75.519748,2026-07-31 01:10:39.567191808,7,2450,240,16
29.693811,-82.930713,2026-07-31 01:10:40.750043136,7,14894,163,25
29.28472,-83.047142,2026-07-31 01:10:40.811088640,7,3611,227,26
29.775422,-82.801496,2026-07-31 01:10:40.816440320,7,4918,129,20
29.774509,-82.907318,2026-07-31 01:10:40.816478208,7,2689,197,15
29.753991,-83.040212,2026-07-31 01:10:40.891458304,7,12759,184,14
29.249694,-83.11322,2026-07-31 01:10:40.926057216,7,4833,191,17
29.801968,-82.962082,2026-07-31 01:10:41.27849216,7,3104,232,18
17.702939,-93.930153,2026-07-31 01:10:45.874880512,7,14418,230,11
29.703006,-82.665195,2026-07-31 01:10:46.578101760,7,5273,249,18
29.714845,-82.962426,2026-07-31 01:10:47.932502528,7,2323,182,18
29.797579,-82.852913,2026-07-31 01:10:48.74542592,7,6774,175,19
29.837523,-82.948341,2026-07-31 01:10:48.74587904,7,5580,199,12
28.35076,-108.839369,2026-07-31 01:10:59.505068288,7,10487,256,20
29.366294,-83.070277,2026-07-31 01:10:59.905565440,7,9358,189,18
29.556289,-82.916235,2026-07-31 01:10:59.905653760,7,6053,248,13
29.232377,-83.168744,2026-07-31 01:11:01.725923840,7,13724,193,16
29.658027,-82.950603,2026-07-31 01:11:03.811305984,7,7243,183,22
29.814769,-82.809809,2026-07-31 01:11:03.811372032,7,4154,199,12
29.650903,-82.947102,2026-07-31 01:11:04.222919936,7,12547,183,16
29.744465,-82.834704,2026-07-31 01:11:22.571299072,7,3294,200,20
29.699424,-82.889754,2026-07-31 01:11:22.571272704,7,4258,197,11
29.702738,-83.023095,2026-07-31 01:11:23.247156480,7,10029,257,12
16.374627,-83.94075,2026-07-31 01:11:23.790046464,7,11787,264,12
28.27252,-76.350464,2026-07-31 01:11:24.273982464,7,5186,243,14
28.036305,-76.244019,2026-07-31 01:11:24.391964928,7,12865,229,10
29.952943,-83.018163,2026-07-31 01:11:25.737946112,7,4064,182,29
29.948354,-83.182061,2026-07-31 01:11:25.909852928,7,3939,187,22
29.621525,-82.996038,2026-07-31 01:11:45.695711488,7,3792,227,19
29.75986,-82.945805,2026-07-31 01:11:45.695762944,7,3903,200,11
28.42298,-76.185843,2026-07-31 01:11:45.716752384,7,4655,223,11
29.665785,-82.878301,2026-07-31 01:11:45.724305664,7,6988,225,17
29.670939,-83.044348,2026-07-31 01:11:46.543744,7,9861,200,14
29.531765,-82.964228,2026-07-31 01:11:55.7666176,7,11304,168,24
27.109476,-77.351914,2026-07-31 01:11:57.148654080,7,5395,229,14
29.02492,-83.824534,2026-07-31 01:11:59.38966528,7,9124,206,18
29.643818,-83.002054,2026-07-31 01:12:01.771821056,7,6509,184,24
29.755668,-82.92009,2026-07-31 01:12:01.771871488,7,3555,200,11
29.63453,-83.012009,2026-07-31 01:12:01.990031616,7,7150,185,13
29.572036,-83.517023,2026-07-31 01:12:02.448126976,7,6906,260,16
27.734399,-75.365951,2026-07-31 01:12:02.875555584,7,3425,234,12
27.750335,-75.386226,2026-07-31 01:12:03.331781120,7,3631,234,18
29.552623,-82.800325,2026-07-31 01:12:07.404811264,7,10406,182,13
29.629627,-83.028374,2026-07-31 01:12:08.905081600,7,3736,185,18
29.734582,-77.460518,2026-07-31 01:12:21.438711552,7,2693,199,30
29.801841,-77.467719,2026-07-31 01:12:21.438730496,7,3831,200,24
29.718649,-77.576843,2026-07-31 01:12:21.551635456,7,3064,145,18
29.037244,-83.75708,2026-07-31 01:12:23.882865152,7,4950,195,16
29.5582,-82.829928,2026-07-31 01:12:26.675007744,7,5272,227,14
29.820729,-82.821932,2026-07-31 01:12:26.915619072,7,3173,199,24
29.825302,-82.824506,2026-07-31 01:12:26.915620608,7,4537,199,15
29.262134,-83.041046,2026-07-31 01:12:27.632369664,7,5274,183,17
29.359813,-82.920642,2026-07-31 01:12:27.724019200,7,8016,180,20
29.258692,-83.052292,2026-07-31 01:12:27.789858560,7,3025,183,20
29.242669,-83.000342,2026-07-31 01:12:30.561849344,7,5878,212,18
17.810042,-93.388484,2026-07-31 01:12:38.543578112,7,14740,228,14
16.286614,-83.869771,2026-07-31 01:12:42.890096640,7,6219,260,24
29.302075,-83.048481,2026-07-31 01:12:45.127752704,7,6068,183,18
29.123472,-83.467154,2026-07-31 01:12:54.287993856,7,6237,127,18
29.560593,-82.933105,2026-07-31 01:12:54.442770944,7,6169,187,15
29.379141,-82.934982,2026-07-31 01:13:08.206832896,7,5919,169,16
29.792249,-82.809618,2026-07-31 01:13:11.100725248,7,12396,108,29
29.673283,-83.012924,2026-07-31 01:13:11.366779904,7,11671,184,15
29.706651,-82.936717,2026-07-31 01:13:11.537969152,7,12027,161,14
29.659107,-82.952402,2026-07-31 01:13:16.356957440,7,8612,183,15
29.798327,-82.866836,2026-07-31 01:13:16.663124224,7,3156,249,23
29.797769,-82.867119,2026-07-31 01:13:16.663124224,7,3158,249,14
27.735029,-75.42878,2026-07-31 01:13:17.603939328,7,6963,233,12
29.825456,-77.46912,2026-07-31 01:13:18.83519744,7,3716,251,17
29.726112,-77.616533,2026-07-31 01:13:18.145951744,7,13103,188,11
29.059645,-83.669433,2026-07-31 01:13:19.231424256,7,4971,240,17
29.53074,-82.925041,2026-07-31 01:13:22.134854144,7,9136,185,17
29.864455,-83.362321,2026-07-31 01:13:26.959343360,7,3711,255,31
29.679433,-83.361293,2026-07-31 01:13:26.959280384,7,7088,235,21
29.485194,-83.639779,2026-07-31 01:13:26.994075648,7,10606,197,14
29.55624,-83.516781,2026-07-31 01:13:27.123144704,7,4149,194,22
29.725398,-83.380163,2026-07-31 01:13:27.123222784,7,3061,200,17
29.562392,-82.99108,2026-07-31 01:13:28.318286592,7,7050,188,19
29.707586,-82.954518,2026-07-31 01:13:29.248126976,7,3264,183,18
29.291002,-83.088932,2026-07-31 01:13:33.441360384,7,7916,190,16
29.999683,-77.946389,2026-07-31 01:13:50.871098112,7,11253,234,17
28.118942,-76.277731,2026-07-31 01:13:54.189411328,7,6030,222,13
9.363123,-13.844843,2026-07-31 01:12:53.64190208,5,10623,246,62
34.753866,144.41858,2026-07-31 01:10:06.539812864,9,4898,267,20
34.792894,144.513344,2026-07-31 01:10:08.473537792,9,12241,267,17
34.680009,144.63102,2026-07-31 01:10:08.787660032,9,2110,269,21
34.870921,144.489181,2026-07-31 01:10:08.877924864,9,8953,270,19
34.990915,144.183559,2026-07-31 01:10:12.820591872,9,4911,268,25
35.001395,144.101029,2026-07-31 01:10:12.985313024,9,3317,261,28
34.731346,144.686101,2026-07-31 01:10:12.985129216,9,5367,269,19
34.79166,144.596211,2026-07-31 01:10:19.97797632,9,12235,268,14
34.971316,144.049991,2026-07-31 01:10:29.567512064,9,13441,261,16
34.589201,144.373467,2026-07-31 01:10:31.402465792,9,3126,268,23
34.720361,144.654705,2026-07-31 01:10:35.463875328,9,2845,269,25
34.914078,144.476368,2026-07-31 01:10:35.463965184,9,12591,269,15
34.575928,144.755328,2026-07-31 01:10:40.765149696,9,8008,270,24
36.996247,112.435331,2026-07-31 01:10:43.608179968,9,11149,239,11
34.775858,144.613218,2026-07-31 01:10:44.95292416,9,11839,268,16
34.879179,144.480047,2026-07-31 01:10:45.284464128,9,10504,270,19
34.633365,144.681431,2026-07-31 01:10:45.395610880,9,2870,270,27
34.864514,144.516544,2026-07-31 01:10:45.395694080,9,11627,270,18
34.790466,144.51078,2026-07-31 01:10:45.742580992,9,11914,267,15
34.533851,144.390555,2026-07-31 01:10:46.131252736,9,8242,268,21
34.648349,144.273895,2026-07-31 01:10:46.286700032,9,13986,267,12
35.003111,143.861169,2026-07-31 01:10:48.704296960,9,1971,259,26
34.96388,144.045595,2026-07-31 01:10:48.704258048,9,12362,267,17
20.747933,107.544338,2026-07-31 01:10:53.174360832,9,6695,239,18
34.712378,144.680379,2026-07-31 01:11:02.481745664,9,4269,269,27
35.016242,144.111273,2026-07-31 01:11:02.596812032,9,3728,261,25
34.942712,144.365992,2026-07-31 01:11:02.596760064,9,12186,269,15
34.772036,144.637395,2026-07-31 01:11:02.645978112,9,3056,268,24
34.919361,144.204064,2026-07-31 01:11:07.514331904,9,14492,265,15
34.530413,144.597353,2026-07-31 01:11:14.498239744,9,6460,270,22
34.679483,144.325375,2026-07-31 01:11:14.553039616,9,5356,267,21
38.088032,146.045211,2026-07-31 01:11:20.150742016,9,11667,268,17
37.937128,146.450696,2026-07-31 01:11:20.203936768,9,14227,269,13
34.685457,144.713545,2026-07-31 01:11:20.778025472,9,7410,269,26
34.934956,144.397971,2026-07-31 01:11:20.978980864,9,12496,266,16
34.972418,144.222549,2026-07-31 01:11:21.64427776,9,12151,265,17
34.76863,144.506008,2026-07-31 01:11:21.201685760,9,3190,268,21
34.7826,144.229152,2026-07-31 01:11:26.225448960,9,6124,266,22
34.783913,144.50064,2026-07-31 01:11:34.262415360,9,3352,267,25
34.846168,144.480738,2026-07-31 01:11:34.834569728,9,13695,267,18
34.774613,144.558341,2026-07-31 01:11:34.860309760,9,12335,268,15
34.630339,144.696708,2026-07-31 01:11:34.899914496,9,2153,269,23
34.639992,145.663225,2026-07-31 01:11:36.67756288,9,6206,259,20
34.693151,144.500121,2026-07-31 01:11:50.368642560,9,9040,268,29
34.917727,144.080869,2026-07-31 01:11:50.431681024,9,13460,264,14
34.867104,144.037074,2026-07-31 01:11:50.550940416,9,14329,261,25
34.724622,144.449268,2026-07-31 01:11:59.367258112,9,4703,267,20
34.809117,144.39795,2026-07-31 01:12:04.593178880,9,6622,267,25
38.103442,147.022197,2026-07-31 01:12:05.256901632,9,2402,269,39
37.575473,146.824249,2026-07-31 01:12:10.135886592,9,6050,270,32
34.660382,144.571989,2026-07-31 01:12:13.779165952,9,13538,268,18
34.809486,144.374589,2026-07-31 01:12:17.336727040,9,3923,267,25
34.924418,144.252354,2026-07-31 01:12:17.741574400,9,14006,265,15
19.599068,106.803344,2026-07-31 01:12:18.120020992,9,14757,244,15
34.71062,144.851359,2026-07-31 01:12:18.145772288,9,14071,270,16
34.587562,145.151869,2026-07-31 01:12:19.633701120,9,4928,270,20
35.031618,144.232618,2026-07-31 01:12:21.776637440,9,2965,261,26
34.710729,144.839488,2026-07-31 01:12:21.835185408,9,6228,270,18
34.805692,144.541512,2026-07-31 01:12:29.783903232,9,13701,268,16
34.970023,143.937139,2026-07-31 01:12:30.317794816,9,13378,263,17
34.659972,144.713367,2026-07-31 01:12:30.347340544,9,5333,269,20
34.652102,144.70819,2026-07-31 01:12:30.671381504,9,2751,269,24
34.6755,144.794219,2026-07-31 01:12:30.768233472,9,4179,269,24
34.882355,144.292546,2026-07-31 01:12:34.274778624,9,9337,270,22
35.865268,150.130251,2026-07-31 01:12:36.251881728,9,4902,262,24
34.462177,144.628041,2026-07-31 01:12:36.767918080,9,2661,269,31
34.521016,144.571824,2026-07-31 01:12:36.767940096,9,4996,235,21
34.747381,144.259845,2026-07-31 01:12:37.146282240,9,3543,269,29
34.70086,144.392023,2026-07-31 01:12:37.146266112,9,11238,270,17
34.918054,144.091692,2026-07-31 01:12:40.518390528,9,12855,261,19
34.660173,144.439897,2026-07-31 01:12:40.718120192,9,3904,268,23
59.244171,-81.075819,2026-07-31 01:12:41.260649728,9,9680,235,12
21.418862,136.632085,2026-07-31 01:12:47.214072576,9,8257,224,11
34.321322,145.68341,2026-07-31 01:12:47.591476992,9,9070,241,18
34.692138,144.888208,2026-07-31 01:12:49.695095040,9,6017,270,27
34.780028,144.645933,2026-07-31 01:12:49.783926272,9,4751,268,22
34.744289,144.651761,2026-07-31 01:12:49.871601920,9,1998,268,25
34.878665,144.517269,2026-07-31 01:12:50.310211840,9,5607,267,20
34.808572,144.506512,2026-07-31 01:12:51.137404672,9,11867,267,17
34.73866,144.482859,2026-07-31 01:12:52.77647104,9,5548,268,23
34.732263,144.505592,2026-07-31 01:12:52.136939776,9,2601,268,23
35.006469,144.228902,2026-07-31 01:12:52.335557120,9,7552,265,16
35.503389,150.612357,2026-07-31 01:12:54.751314176,9,12158,263,14
34.887843,144.240298,2026-07-31 01:12:57.429401344,9,14284,266,13
34.713087,144.522032,2026-07-31 01:13:03.762345984,9,6513,268,30
34.735983,144.640766,2026-07-31 01:13:03.762345728,9,14152,254,16
21.14557,107.853853,2026-07-31 01:13:07.908510976,9,11381,243,21
35.028225,144.020811,2026-07-31 01:13:18.256113408,9,3234,263,31
34.750836,144.588058,2026-07-31 01:13:18.255934464,9,7045,268,21
35.021905,144.017866,2026-07-31 01:13:18.371526144,9,2191,260,27
34.734937,144.612261,2026-07-31 01:13:18.371338240,9,3128,268,18
34.94579,144.242131,2026-07-31 01:13:18.722114560,9,12396,265,17
34.93267,144.287495,2026-07-31 01:13:18.903534848,9,14758,267,16
34.760518,144.471728,2026-07-31 01:13:33.78944000,9,12107,265,24
35.151981,143.956447,2026-07-31 01:13:33.442957568,9,6485,267,27
34.698395,144.69288,2026-07-31 01:13:33.442771968,9,11992,269,18
20.84238,107.567737,2026-07-31 01:13:42.233501440,9,7434,238,20
36.191954,141.881437,2026-07-31 01:13:47.883425792,9,14518,264,18
35.023497,143.901543,2026-07-31 01:13:58.969260544,9,3639,259,28
34.744551,144.477888,2026-07-31 01:13:58.969077760,9,5022,268,19
31.608115,-75.680881,2026-07-31 01:10:01.787691264,13,5845,231,39
29.405073,-109.886979,2026-07-31 01:10:01.883524352,13,5024,223,40
29.40255,-109.889608,2026-07-31 01:10:02.77116416,13,4760,223,37
29.40664,-109.89878,2026-07-31 01:10:02.77160192,13,7386,228,33
31.995188,-74.22687,2026-07-31 01:10:03.49175296,13,13849,145,45
48.040759,-91.983232,2026-07-31 01:10:03.751337216,13,10481,143,34
48.030754,-91.934843,2026-07-31 01:10:03.751387904,13,12600,142,21
41.389623,-100.367995,2026-07-31 01:10:04.84346880,13,13360,83,22
27.868296,-75.606297,2026-07-31 01:10:04.607887616,13,7699,251,44
31.358527,-76.293867,2026-07-31 01:10:04.747235840,13,8647,193,52
41.856213,-98.850523,2026-07-31 01:10:05.971067392,13,13459,208,27
29.556169,-82.903352,2026-07-31 01:10:06.76636416,13,7216,184,22
31.316553,-76.457779,2026-07-31 01:10:07.113938688,13,7243,236,38
32.348756,-89.613587,2026-07-31 01:10:07.347954688,13,7286,126,65
32.427626,-89.59658,2026-07-31 01:10:07.347987968,13,7826,163,71
32.338374,-89.687138,2026-07-31 01:10:07.462838528,13,12942,124,35
29.693441,-82.803036,2026-07-31 01:10:08.356566016,13,8000,200,33
31.53973,-75.007394,2026-07-31 01:10:08.609425664,13,3801,230,29
29.508486,-83.044356,2026-07-31 01:10:08.665060864,13,9914,206,35
30.204398,-78.016111,2026-07-31 01:10:08.954182912,13,9815,251,34
40.562345,-100.71323,2026-07-31 01:10:09.657083136,13,9870,145,28
31.943936,-108.444052,2026-07-31 01:10:09.769543680,13,13795,181,36
32.028099,-74.063152,2026-07-31 01:10:10.542366720,13,8552,216,45
29.770898,-77.476461,2026-07-31 01:10:11.31988736,13,7748,206,85
30.003898,-77.562167,2026-07-31 01:10:11.32090112,13,13427,254,71
38.097002,-103.198406,2026-07-31 01:10:11.360523264,13,10524,100,36
29.263644,-83.060311,2026-07-31 01:10:11.676124928,13,4166,166,27
31.344974,-75.871108,2026-07-31 01:10:12.558146048,13,5110,212,80
31.421361,-75.943341,2026-07-31 01:10:12.558176768,13,5758,212,83
31.406615,-75.945911,2026-07-31 01:10:12.558220288,13,4223,246,32
29.986927,-82.973917,2026-07-31 01:10:12.663131648,13,11291,236,35
29.719363,-82.897301,2026-07-31 01:10:12.762458112,13,8373,209,23
31.637531,-75.266292,2026-07-31 01:10:13.543656960,13,4907,208,84
31.644619,-75.272499,2026-07-31 01:10:13.543660288,13,6116,208,78
31.616267,-75.284613,2026-07-31 01:10:13.629811712,13,6748,136,26
31.427183,-75.226902,2026-07-31 01:10:14.122541312,13,4852,232,25
31.514341,-68.575984,2026-07-31 01:10:14.614888960,13,9518,222,60
49.857777,-108.576881,2026-07-31 01:10:15.733405952,13,14459,147,22
31.650085,-75.181971,2026-07-31 01:10:17.897310720,13,3277,214,99
31.662653,-75.182347,2026-07-31 01:10:17.897319680,13,6935,247,98
31.747472,-75.22725,2026-07-31 01:10:18.28959744,13,7891,267,29
41.833088,-98.925716,2026-07-31 01:10:18.140578816,13,7761,122,29
30.660951,-77.623222,2026-07-31 01:10:18.280861696,13,10124,245,27
30.644709,-77.621753,2026-07-31 01:10:18.334123264,13,4110,249,30
32.093779,-74.110543,2026-07-31 01:10:18.892947456,13,6213,222,22
31.510391,-75.962009,2026-07-31 01:10:19.529303552,13,8406,230,64
29.656908,-83.150727,2026-07-31 01:10:20.960226304,13,10239,187,27
29.465719,-82.96104,2026-07-31 01:10:21.619486976,13,5993,257,25
35.986593,-102.90663,2026-07-31 01:10:22.136267776,13,8195,166,31
36.048457,-102.837279,2026-07-31 01:10:22.136300800,13,8052,192,37
33.879506,-107.563821,2026-07-31 01:10:22.494363392,13,11341,130,63
33.917376,-107.564874,2026-07-31 01:10:22.494414336,13,13400,238,53
41.92693,-98.991438,2026-07-31 01:10:22.958608640,13,7809,86,91
41.897693,-99.033592,2026-07-31 01:10:22.958606592,13,6488,163,74
31.772799,-89.716229,2026-07-31 01:10:23.373710848,13,9123,215,22
38.125858,-103.015097,2026-07-31 01:10:23.510231808,13,10209,142,25
31.908565,-89.845001,2026-07-31 01:10:23.536492288,13,6427,124,41
32.730968,-74.326926,2026-07-31 01:10:24.687441920,13,4509,200,79
32.638756,-74.278683,2026-07-31 01:10:24.687407360,13,8320,208,65
32.772333,-74.342761,2026-07-31 01:10:24.687511552,13,10311,262,45
35.36345,-112.568893,2026-07-31 01:10:25.165866496,13,7181,103,36
35.362086,-112.565762,2026-07-31 01:10:25.165867264,13,3951,180,23
31.652659,-75.413138,2026-07-31 01:10:25.510216192,13,9170,212,56
31.669518,-75.430205,2026-07-31 01:10:25.510228736,13,10427,250,35
29.655652,-82.787446,2026-07-31 01:10:25.933017600,13,13114,128,57
29.650225,-82.808182,2026-07-31 01:10:26.322425088,13,7307,167,43
29.727579,-82.827118,2026-07-31 01:10:26.322498560,13,9323,267,31
29.337117,-82.960587,2026-07-31 01:10:28.116912896,13,6319,190,54
29.423021,-82.963325,2026-07-31 01:10:28.116982784,13,6402,202,42
31.548152,-75.682562,2026-07-31 01:10:28.350376704,13,6176,217,71
31.632712,-75.715913,2026-07-31 01:10:28.533104128,13,6358,213,38
31.316107,-76.157574,2026-07-31 01:10:28.642960384,13,9520,134,54
31.36064,-76.011347,2026-07-31 01:10:29.96741120,13,4363,208,79
32.014889,-74.074501,2026-07-31 01:10:30.348845568,13,6073,221,89
32.070899,-74.127286,2026-07-31 01:10:30.416820992,13,5171,222,38
54.410672,-81.882357,2026-07-31 01:10:30.626886656,13,8012,249,68
28.378278,-76.345993,2026-07-31 01:10:31.799054592,13,10588,247,54
29.98677,-83.037364,2026-07-31 01:10:33.25453824,13,3462,253,75
30.001573,-83.046786,2026-07-31 01:10:33.25460480,13,4974,236,65
29.980368,-83.043081,2026-07-31 01:10:33.25495808,13,7201,198,47
31.691399,-75.343466,2026-07-31 01:10:37.471216896,13,9373,212,44
31.697032,-75.347905,2026-07-31 01:10:37.471224832,13,8700,250,35
31.260072,-85.726576,2026-07-31 01:10:38.666901248,13,8867,251,29
37.13958,-102.402517,2026-07-31 01:10:39.338859008,13,10008,144,34
37.194211,-102.406791,2026-07-31 01:10:39.338916352,13,8337,183,35
32.795762,-74.168285,2026-07-31 01:10:39.462118912,13,4684,265,25
53.93789,-79.081866,2026-07-31 01:10:39.984936448,13,10336,248,40
32.028544,-74.041824,2026-07-31 01:10:40.74441728,13,8656,235,49
32.040622,-74.114043,2026-07-31 01:10:40.175608064,13,5244,214,33
32.063789,-74.082931,2026-07-31 01:10:40.259936768,13,11774,214,26
41.063998,-100.776239,2026-07-31 01:10:40.531629568,13,8986,154,44
29.759885,-82.825245,2026-07-31 01:10:40.750044416,13,9643,148,38
29.816923,-82.837424,2026-07-31 01:10:40.750105088,13,3801,199,47
38.09483,-103.198132,2026-07-31 01:10:41.254510848,13,13877,185,39
38.158033,-103.08987,2026-07-31 01:10:41.254543872,13,12243,201,31
41.108357,-99.690898,2026-07-31 01:10:42.3698944,13,12171,127,21
41.725285,-98.761209,2026-07-31 01:10:43.388650240,13,9233,112,108
41.709176,-98.81923,2026-07-31 01:10:43.388647680,13,4571,161,103
28.905062,-109.072848,2026-07-31 01:10:44.399226880,13,9867,228,24
48.790181,-91.885066,2026-07-31 01:10:45.762631680,13,4694,232,75
31.444766,-76.079939,2026-07-31 01:10:46.160088320,13,3603,234,54
31.44465,-76.076973,2026-07-31 01:10:46.160094208,13,6101,216,66
31.446339,-76.077169,2026-07-31 01:10:46.411352576,13,6277,234,39
29.629144,-82.655678,2026-07-31 01:10:46.578025216,13,12028,148,57
29.683417,-82.680138,2026-07-31 01:10:46.578093824,13,7946,244,51
29.660975,-82.696644,2026-07-31 01:10:46.578084096,13,4728,267,40
32.361527,-89.624344,2026-07-31 01:10:46.901656320,13,6543,135,27
29.334603,-109.851835,2026-07-31 01:10:47.198599680,13,6318,224,44
31.35081,-76.355324,2026-07-31 01:10:47.860908288,13,4671,235,32
29.7945,-82.847186,2026-07-31 01:10:47.932497664,13,12046,147,65
29.840433,-82.897157,2026-07-31 01:10:47.932553472,13,3395,267,39
29.791664,-82.871286,2026-07-31 01:10:48.74540288,13,6413,184,59
31.67279,-75.206766,2026-07-31 01:10:48.935963392,13,3425,205,76
31.689942,-75.213168,2026-07-31 01:10:49.495770624,13,6030,229,31
31.627562,-75.211608,2026-07-31 01:10:49.732857344,13,5942,199,47
30.372576,-109.31393,2026-07-31 01:10:50.805082880,13,8962,208,36
29.794238,-82.813702,2026-07-31 01:10:52.829842688,13,1611,252,69
29.952537,-82.817489,2026-07-31 01:10:52.829896960,13,7259,250,56
41.261245,-99.582456,2026-07-31 01:10:55.281195776,13,8289,198,28
31.458273,-76.095423,2026-07-31 01:10:55.533042688,13,2973,260,41
31.473349,-76.096471,2026-07-31 01:10:55.533049856,13,8954,250,24
32.085971,-74.115548,2026-07-31 01:10:57.435471616,13,10264,201,26
30.072181,-77.802381,2026-07-31 01:10:57.942598400,13,8727,227,62
30.095994,-77.815278,2026-07-31 01:10:57.942605312,13,6538,259,57
29.961152,-77.838668,2026-07-31 01:10:57.979853824,13,11294,183,41
30.106527,-77.817668,2026-07-31 01:10:58.14428928,13,5174,209,23
42.648838,-97.396249,2026-07-31 01:10:58.962185472,13,8992,80,51
42.591846,-97.279028,2026-07-31 01:10:58.962230528,13,4126,269,33
31.771236,-75.770637,2026-07-31 01:10:59.211520000,13,7352,267,23
28.532879,-108.746837,2026-07-31 01:10:59.505116928,13,4867,253,110
28.579854,-108.705118,2026-07-31 01:10:59.505137152,13,12863,176,96
32.280366,-89.8682,2026-07-31 01:10:59.581949696,13,3874,203,57
32.380497,-89.87585,2026-07-31 01:10:59.581980416,13,11275,233,51
32.278128,-89.867806,2026-07-31 01:10:59.715085568,13,5635,137,57
32.41582,-89.850961,2026-07-31 01:10:59.715130368,13,8549,168,51
29.462116,-82.929648,2026-07-31 01:10:59.905575168,13,7952,188,64
31.530094,-75.681389,2026-07-31 01:11:02.67791872,13,6801,203,66
31.618745,-75.738445,2026-07-31 01:11:02.67877120,13,5106,250,34
31.587181,-75.723547,2026-07-31 01:11:02.176141568,13,5878,231,33
31.672982,-75.661168,2026-07-31 01:11:02.363300608,13,4415,268,21
41.72267,-98.562693,2026-07-31 01:11:02.678092800,13,11250,198,18
29.743213,-82.814905,2026-07-31 01:11:03.811308544,13,6519,180,47
29.79588,-82.790129,2026-07-31 01:11:03.811323136,13,5365,237,58
29.813094,-82.820985,2026-07-31 01:11:03.811375360,13,8299,199,45
29.647348,-83.053546,2026-07-31 01:11:04.222897408,13,11928,205,32
29.830676,-82.830057,2026-07-31 01:11:04.222998272,13,10808,196,25
17.400609,-93.659804,2026-07-31 01:11:04.778236672,13,14025,234,16
29.552818,-83.044315,2026-07-31 01:11:05.342809600,13,10963,206,29
31.612316,-75.191689,2026-07-31 01:11:05.539756544,13,6486,208,61
38.085629,-103.215497,2026-07-31 01:11:05.929887744,13,4558,217,33
31.624191,-75.202389,2026-07-31 01:11:06.165963776,13,5472,199,31
31.681831,-75.227473,2026-07-31 01:11:06.263706880,13,9946,207,34
28.907638,-109.15936,2026-07-31 01:11:07.104317952,13,10721,226,48
29.724159,-83.074141,2026-07-31 01:11:08.483479808,13,10090,255,34
32.034537,-74.246922,2026-07-31 01:11:10.547616512,13,6897,270,21
36.55949,-103.774941,2026-07-31 01:11:11.537386752,13,12145,124,33
36.615951,-103.70907,2026-07-31 01:11:11.537419008,13,6806,186,25
25.361449,-106.863714,2026-07-31 01:11:11.771777536,13,11148,255,39
31.367828,-76.28268,2026-07-31 01:11:12.260957952,13,7344,208,84
31.327997,-76.453279,2026-07-31 01:11:12.260993280,13,13077,236,59
31.421203,-76.31445,2026-07-31 01:11:12.337314560,13,6905,217,46
31.351379,-76.272682,2026-07-31 01:11:12.582063360,13,4644,210,77
31.373519,-76.285241,2026-07-31 01:11:12.582073344,13,4996,253,63
30.763764,-109.479603,2026-07-31 01:11:12.894641664,13,10963,204,37
41.077668,-99.72556,2026-07-31 01:11:14.639199232,13,13856,132,25
29.713366,-83.158508,2026-07-31 01:11:15.243919104,13,13122,269,31
31.389976,-76.048456,2026-07-31 01:11:15.832685056,13,6132,270,62
32.024109,-74.102853,2026-07-31 01:11:16.101587712,13,5590,206,45
32.060238,-74.083434,2026-07-31 01:11:16.223481856,13,9823,250,42
31.593785,-75.23026,2026-07-31 01:11:17.631764224,13,4751,228,58
31.660141,-75.273252,2026-07-31 01:11:17.793199104,13,4786,137,41
31.636817,-75.272438,2026-07-31 01:11:17.793193984,13,2546,247,82
31.671384,-75.277492,2026-07-31 01:11:18.170663936,13,5159,229,61
30.731305,-108.509511,2026-07-31 01:11:19.158768128,13,13916,202,27
29.710811,-82.667762,2026-07-31 01:11:21.260870400,13,4731,240,87
29.578643,-82.686769,2026-07-31 01:11:21.260867072,13,6333,242,71
29.712118,-82.646957,2026-07-31 01:11:21.260916736,13,5017,259,58
29.567248,-82.706659,2026-07-31 01:11:21.366364160,13,12475,145,47
29.71688,-82.692025,2026-07-31 01:11:21.366429952,13,8194,243,19
29.523758,-82.944343,2026-07-31 01:11:21.516583936,13,13455,204,21
32.067684,-74.072282,2026-07-31 01:11:21.618956288,13,4242,201,30
29.710457,-82.823311,2026-07-31 01:11:22.571240704,13,2787,261,62
29.670559,-82.884303,2026-07-31 01:11:22.571268864,13,7280,240,47
41.7489,-98.681363,2026-07-31 01:11:22.790447872,13,14364,97,28
31.42317,-76.022454,2026-07-31 01:11:23.60029952,13,2940,216,72
31.427187,-76.028577,2026-07-31 01:11:23.112398336,13,3226,216,43
42.230693,-98.420679,2026-07-31 01:11:25.456288512,13,9958,108,28
30.09666,-83.030573,2026-07-31 01:11:25.737943808,13,4165,235,86
30.11049,-83.033115,2026-07-31 01:11:25.737945088,13,4721,243,76
30.009397,-83.058328,2026-07-31 01:11:25.737955072,13,4945,236,63
30.028,-83.030306,2026-07-31 01:11:25.909865216,13,9122,184,73
31.536482,-75.670715,2026-07-31 01:11:26.965049344,13,5847,222,56
54.451687,-81.938283,2026-07-31 01:11:28.43391232,13,4410,245,29
54.418809,-81.882717,2026-07-31 01:11:28.59820544,13,9901,202,29
31.533187,-75.392397,2026-07-31 01:11:28.724236544,13,13768,136,47
31.364252,-76.383522,2026-07-31 01:11:29.849174272,13,6961,235,35
29.960246,-77.774438,2026-07-31 01:11:30.689754368,13,8745,186,35
30.088672,-77.755804,2026-07-31 01:11:30.689805568,13,4919,245,27
30.091101,-83.089061,2026-07-31 01:11:31.372437760,13,13732,265,19
31.031682,-77.440021,2026-07-31 01:11:32.265225728,13,9618,187,25
31.462749,-75.90767,2026-07-31 01:11:33.457096704,13,7277,211,57
31.564468,-75.976524,2026-07-31 01:11:33.457183744,13,10314,255,40
46.216177,-113.509641,2026-07-31 01:11:33.581509376,13,7216,96,75
31.572427,-75.273468,2026-07-31 01:11:33.683259904,13,7790,215,48
31.628787,-75.327938,2026-07-31 01:11:34.697601280,13,12359,205,37
31.641333,-75.339947,2026-07-31 01:11:34.697656064,13,5236,250,35
29.809331,-82.823007,2026-07-31 01:11:37.15334656,13,5936,238,83
29.697617,-82.848287,2026-07-31 01:11:37.15340288,13,6206,240,63
29.410785,-82.972427,2026-07-31 01:11:37.339221504,13,7100,269,22
41.113433,-99.865121,2026-07-31 01:11:37.424032000,13,12507,187,33
30.67692,-77.603128,2026-07-31 01:11:37.737491712,13,6909,245,15
25.288047,-106.875008,2026-07-31 01:11:38.393731072,13,13359,186,43
31.421575,-76.075767,2026-07-31 01:11:40.400940544,13,8149,234,36
41.122451,-100.554196,2026-07-31 01:11:40.903229440,13,7231,103,30
41.481562,-98.734491,2026-07-31 01:11:40.954104576,13,12616,141,30
29.615737,-83.259791,2026-07-31 01:11:40.983240704,13,12201,160,30
28.789526,-107.330762,2026-07-31 01:11:41.412741632,13,8268,249,33
29.048216,-107.207279,2026-07-31 01:11:41.412848896,13,12197,213,28
31.667183,-75.140355,2026-07-31 01:11:42.443954432,13,14070,208,83
31.773293,-75.182983,2026-07-31 01:11:42.443998208,13,9680,258,73
32.018532,-74.102696,2026-07-31 01:11:43.130398464,13,9209,138,78
24.819486,-105.533046,2026-07-31 01:11:43.190975488,13,10028,259,35
32.004297,-74.06638,2026-07-31 01:11:43.225304320,13,8708,216,64
30.249523,-109.408679,2026-07-31 01:11:43.460138496,13,8349,213,36
41.802047,-98.567851,2026-07-31 01:11:43.765761280,13,9520,176,21
29.502853,-83.149948,2026-07-31 01:11:45.146874368,13,13756,208,28
29.708444,-82.907961,2026-07-31 01:11:45.695708160,13,8904,146,52
29.782646,-82.956389,2026-07-31 01:11:45.695775744,13,10708,199,39
28.611328,-76.205907,2026-07-31 01:11:45.702987520,13,10971,221,29
29.812926,-82.808397,2026-07-31 01:11:45.724364288,13,6825,199,23
42.104678,-98.820561,2026-07-31 01:11:45.960493568,13,14145,119,22
29.74841,-82.820385,2026-07-31 01:11:46.561152,13,4648,131,39
32.87137,-109.008864,2026-07-31 01:11:46.438042624,13,14203,183,27
31.538852,-75.318302,2026-07-31 01:11:46.820169472,13,6459,210,63
31.337327,-75.411909,2026-07-31 01:11:46.820154880,13,10233,233,58
31.560186,-75.328768,2026-07-31 01:11:47.33797632,13,6658,250,44
31.524138,-75.298287,2026-07-31 01:11:47.94253056,13,8971,207,42
31.532845,-75.303774,2026-07-31 01:11:47.181224448,13,6608,217,65
30.968782,-68.999969,2026-07-31 01:11:47.500151040,13,4479,240,45
29.861223,-82.931624,2026-07-31 01:11:47.778671616,13,8521,131,47
29.924316,-82.974267,2026-07-31 01:11:47.778735360,13,8774,198,29
29.861973,-82.927968,2026-07-31 01:11:47.831950848,13,9473,131,47
28.759597,-109.006425,2026-07-31 01:11:49.740028928,13,12574,227,35
28.956325,-108.961666,2026-07-31 01:11:49.899549440,13,10093,228,46
28.917212,-108.975705,2026-07-31 01:11:49.899577856,13,14172,232,34
44.98646,-101.119219,2026-07-31 01:11:50.416370944,13,6318,122,30
41.736787,-98.613113,2026-07-31 01:11:51.188345600,13,7286,83,55
41.735624,-98.624183,2026-07-31 01:11:51.188351744,13,6758,83,42
29.566055,-82.836812,2026-07-31 01:11:52.951645696,13,8425,215,19
41.130353,-99.703238,2026-07-31 01:11:53.274368256,13,13986,86,28
59.876254,-81.31047,2026-07-31 01:11:53.889625856,13,5927,246,16
31.571415,-75.413552,2026-07-31 01:11:54.537257728,13,11430,136,45
31.727383,-75.371748,2026-07-31 01:11:54.537313536,13,4675,256,36
29.618596,-82.827218,2026-07-31 01:11:55.7677696,13,10780,157,67
29.966608,-82.926188,2026-07-31 01:11:55.7806976,13,11993,240,53
29.666157,-82.78552,2026-07-31 01:11:55.7737600,13,9949,200,40
27.099481,-77.330122,2026-07-31 01:11:57.148648704,13,5523,234,34
54.163708,-78.768385,2026-07-31 01:11:57.812124672,13,11986,236,44
32.065564,-74.06757,2026-07-31 01:11:58.143655936,13,6884,206,41
32.066922,-74.046711,2026-07-31 01:11:58.379806208,13,8149,211,36
31.713279,-75.206949,2026-07-31 01:12:00.39041536,13,7635,229,22
29.51168,-109.045824,2026-07-31 01:12:00.202343680,13,6536,222,25
29.74166,-82.85228,2026-07-31 01:12:01.771833600,13,7404,154,49
29.776893,-82.867427,2026-07-31 01:12:01.771892480,13,6286,199,54
31.436482,-75.908163,2026-07-31 01:12:01.882970112,13,10017,209,45
31.496897,-75.931591,2026-07-31 01:12:02.29700096,13,9008,208,50
31.256831,-76.044693,2026-07-31 01:12:02.29660672,13,5615,235,51
31.425469,-76.051572,2026-07-31 01:12:02.139978752,13,10738,199,36
31.533377,-75.95694,2026-07-31 01:12:02.140029184,13,8434,241,41
31.588504,-75.997915,2026-07-31 01:12:02.280745216,13,11402,134,35
29.621319,-83.363723,2026-07-31 01:12:02.448124416,13,4074,191,74
29.644579,-83.419475,2026-07-31 01:12:02.448168192,13,4216,241,31
44.545299,-100.58633,2026-07-31 01:12:03.169136384,13,12242,119,33
27.913263,-75.378253,2026-07-31 01:12:03.331843328,13,7065,250,59
41.873984,-98.810136,2026-07-31 01:12:03.906525440,13,14337,214,16
31.632299,-75.693679,2026-07-31 01:12:04.222846208,13,5998,231,23
31.582404,-75.71516,2026-07-31 01:12:04.345034496,13,10478,231,31
41.664849,-98.465507,2026-07-31 01:12:04.500111104,13,8239,195,22
30.261935,-109.380817,2026-07-31 01:12:04.791690496,13,13712,213,20
32.891876,-74.204023,2026-07-31 01:12:04.997173504,13,5639,269,36
32.852691,-74.16725,2026-07-31 01:12:04.997150976,13,7776,265,24
28.990968,-83.9287,2026-07-31 01:12:05.561198592,13,10425,234,17
31.356497,-75.955853,2026-07-31 01:12:06.47338752,13,7048,218,71
31.508469,-76.209549,2026-07-31 01:12:06.47429888,13,5294,257,29
31.290852,-76.344528,2026-07-31 01:12:06.419719936,13,8816,207,47
38.044343,-103.213437,2026-07-31 01:12:07.91645184,13,13179,134,29
32.016087,-74.225119,2026-07-31 01:12:07.316199680,13,13349,145,40
29.565125,-82.805655,2026-07-31 01:12:07.404806656,13,14713,185,29
29.734801,-82.880507,2026-07-31 01:12:08.905095680,13,3184,260,67
31.351546,-76.258773,2026-07-31 01:12:08.925498880,13,8114,208,41
36.510374,-93.943569,2026-07-31 01:12:09.167905792,13,10473,184,28
36.5404,-93.968637,2026-07-31 01:12:09.167907328,13,11682,139,43
36.41987,-94.048473,2026-07-31 01:12:09.507551232,13,9816,128,89
36.461002,-94.038522,2026-07-31 01:12:09.507563264,13,12697,173,66
31.632573,-75.300573,2026-07-31 01:12:10.106184192,13,5120,213,60
31.647902,-75.320114,2026-07-31 01:12:10.106242816,13,8768,243,30
41.314464,-99.296459,2026-07-31 01:12:10.672760576,13,13840,84,41
30.737784,-109.428534,2026-07-31 01:12:12.337044992,13,9990,203,40
48.505164,-91.447218,2026-07-31 01:12:12.478254848,13,14546,232,20
17.51523,-94.005562,2026-07-31 01:12:12.703527168,13,11937,232,18
31.670168,-75.152653,2026-07-31 01:12:13.206826752,13,4403,210,102
29.84044,-82.806575,2026-07-31 01:12:13.713319680,13,14701,242,19
30.103583,-82.957143,2026-07-31 01:12:14.309371392,13,9022,256,20
41.855789,-98.802791,2026-07-31 01:12:14.770430464,13,12515,97,37
23.205285,-105.712664,2026-07-31 01:12:15.548528640,13,9844,242,27
23.13738,-105.693455,2026-07-31 01:12:15.616567296,13,10418,242,36
42.661996,-97.90935,2026-07-31 01:12:17.155800832,13,7114,255,44
42.631076,-97.826784,2026-07-31 01:12:17.155864064,13,9500,133,30
30.297774,-78.073084,2026-07-31 01:12:17.276353792,13,9670,220,18
28.62616,-109.125595,2026-07-31 01:12:17.872292864,13,10388,232,25
28.910683,-109.052893,2026-07-31 01:12:17.994949376,13,6939,226,30
24.953487,-106.898047,2026-07-31 01:12:18.99356928,13,13843,257,58
32.325248,-89.586751,2026-07-31 01:12:18.551084288,13,13553,118,46
32.334394,-89.619054,2026-07-31 01:12:18.551140096,13,8740,164,33
32.386508,-89.619616,2026-07-31 01:12:18.551151360,13,8023,195,19
42.737904,-97.859382,2026-07-31 01:12:19.185359360,13,4413,154,49
42.742263,-97.881468,2026-07-31 01:12:19.185359104,13,9751,72,51
30.992883,-69.022341,2026-07-31 01:12:20.411864064,13,14200,250,69
31.01979,-69.024909,2026-07-31 01:12:20.411879680,13,9065,263,49
29.786588,-77.463696,2026-07-31 01:12:21.438722816,13,6242,266,70
29.80336,-77.463178,2026-07-31 01:12:21.438731008,13,4955,212,95
32.086267,-74.092395,2026-07-31 01:12:22.342148352,13,4680,222,27
32.051349,-74.115727,2026-07-31 01:12:22.499879424,13,9845,201,19
54.48819,-82.035352,2026-07-31 01:12:22.738699520,13,11745,257,32
29.336329,-109.852534,2026-07-31 01:12:22.803221248,13,8673,227,35
48.527119,-97.049864,2026-07-31 01:12:23.178079744,13,14680,140,20
29.174375,-83.577572,2026-07-31 01:12:23.779777536,13,6315,146,50
29.244741,-83.656079,2026-07-31 01:12:23.779848448,13,7314,203,37
28.977838,-83.947838,2026-07-31 01:12:23.882824448,13,10335,235,25
44.958338,-101.238371,2026-07-31 01:12:24.153321472,13,8006,148,25
31.616042,-75.226169,2026-07-31 01:12:25.66130688,13,6872,214,75
38.100181,-103.121468,2026-07-31 01:12:25.273561088,13,12439,80,27
38.134796,-103.114867,2026-07-31 01:12:25.273616128,13,6800,174,25
29.575539,-82.790356,2026-07-31 01:12:26.675010816,13,12628,207,22
29.838183,-82.80429,2026-07-31 01:12:26.915580672,13,6357,238,78
29.672136,-82.789684,2026-07-31 01:12:26.915565824,13,10710,243,58
31.544017,-75.753685,2026-07-31 01:12:27.544599040,13,10875,199,33
31.639814,-75.701737,2026-07-31 01:12:27.544639232,13,7735,250,37
29.364867,-82.939077,2026-07-31 01:12:27.632374528,13,6897,166,37
29.455821,-82.965005,2026-07-31 01:12:27.632443136,13,5311,243,43
29.271491,-83.005325,2026-07-31 01:12:27.724021760,13,6386,210,26
29.351144,-82.952905,2026-07-31 01:12:27.789859584,13,4521,173,44
29.198356,-83.201218,2026-07-31 01:12:30.561805568,13,9569,199,41
29.781278,-83.228501,2026-07-31 01:12:32.129566976,13,12427,192,23
46.281271,-113.459374,2026-07-31 01:12:32.927870976,13,5256,183,24
29.254687,-107.408729,2026-07-31 01:12:33.313876992,13,12595,216,74
29.330804,-107.408418,2026-07-31 01:12:33.313945088,13,9669,243,63
29.317041,-107.40885,2026-07-31 01:12:33.313943040,13,6729,266,47
31.486766,-75.935631,2026-07-31 01:12:33.679682560,13,7364,233,27
40.517443,-100.556738,2026-07-31 01:12:33.850164480,13,11284,178,40
54.089575,-78.895078,2026-07-31 01:12:34.128431104,13,4592,226,25
53.708463,-78.932744,2026-07-31 01:12:34.128567040,13,13374,265,23
54.099159,-78.903409,2026-07-31 01:12:34.187079168,13,6106,218,38
54.120718,-78.927697,2026-07-31 01:12:34.269068288,13,3601,253,20
41.706576,-98.764802,2026-07-31 01:12:34.931118336,13,8359,99,70
41.700699,-98.811124,2026-07-31 01:12:34.931121408,13,4222,161,91
32.704532,-74.323142,2026-07-31 01:12:37.530802944,13,4690,193,30
54.445925,-81.884855,2026-07-31 01:12:38.320538112,13,4624,245,39
54.40581,-81.896925,2026-07-31 01:12:38.320593408,13,10940,237,28
30.937074,-68.937909,2026-07-31 01:12:38.382710016,13,9289,220,19
27.718679,-75.498978,2026-07-31 01:12:39.78213888,13,7301,253,59
27.886546,-75.604938,2026-07-31 01:12:39.112807168,13,12431,229,43
31.600545,-75.300144,2026-07-31 01:12:39.383206400,13,7250,259,29
31.55613,-75.930731,2026-07-31 01:12:39.496882688,13,14099,209,17
41.754806,-98.632568,2026-07-31 01:12:39.996932096,13,13383,148,42
41.807116,-98.782293,2026-07-31 01:12:39.996956672,13,9050,110,29
30.418868,-109.362393,2026-07-31 01:12:40.42178816,13,9052,210,25
30.741576,-82.879104,2026-07-31 01:12:40.459489792,13,8757,195,30
30.868624,-82.658737,2026-07-31 01:12:40.459561472,13,6473,262,20
59.410495,-81.046517,2026-07-31 01:12:41.260596224,13,12764,195,64
31.453383,-75.220947,2026-07-31 01:12:42.311624448,13,5028,138,38
31.482176,-75.238027,2026-07-31 01:12:42.419304192,13,5578,209,19
31.617746,-75.274285,2026-07-31 01:12:42.744498432,13,10542,217,67
16.281713,-83.845354,2026-07-31 01:12:42.890091520,13,8487,266,89
32.031453,-74.036779,2026-07-31 01:12:45.335459072,13,5995,221,110
32.064029,-74.051194,2026-07-31 01:12:45.335472896,13,6282,249,89
32.082214,-74.034649,2026-07-31 01:12:45.335478784,13,8177,260,60
32.019803,-73.999301,2026-07-31 01:12:45.390747904,13,11028,216,92
29.282819,-109.857409,2026-07-31 01:12:46.384978688,13,5954,231,31
41.074385,-99.753155,2026-07-31 01:12:47.395256832,13,6167,111,47
41.100629,-99.840129,2026-07-31 01:12:47.395273984,13,12866,116,33
31.540253,-68.555702,2026-07-31 01:12:48.433671424,13,8508,216,65
31.505946,-68.544017,2026-07-31 01:12:48.530427392,13,11855,236,32
28.012928,-109.530234,2026-07-31 01:12:48.822969856,13,13735,265,27
29.999416,-78.097688,2026-07-31 01:12:49.524577792,13,10927,210,47
54.019456,-78.664346,2026-07-31 01:12:50.79756032,13,14864,217,21
29.480877,-83.816393,2026-07-31 01:12:50.434759936,13,13948,263,21
29.625024,-83.8014,2026-07-31 01:12:50.467505408,13,12477,262,27
29.797709,-82.824384,2026-07-31 01:12:51.500202496,13,10122,130,103
29.860776,-82.820394,2026-07-31 01:12:51.500219648,13,4780,238,80
31.609541,-75.583495,2026-07-31 01:12:53.179368192,13,10093,134,42
31.610817,-75.555165,2026-07-31 01:12:53.291956992,13,6111,134,35
31.584364,-75.500965,2026-07-31 01:12:53.379754752,13,14799,269,18
31.555329,-75.265427,2026-07-31 01:12:54.98754048,13,9087,245,31
29.83816,-82.908104,2026-07-31 01:12:54.126707456,13,10613,255,29
29.082774,-83.68455,2026-07-31 01:12:54.287955456,13,8281,210,33
31.590432,-75.273049,2026-07-31 01:12:54.619489024,13,10105,145,36
31.66307,-75.113359,2026-07-31 01:12:55.126619136,13,7770,208,64
31.71339,-75.166011,2026-07-31 01:12:55.126692864,13,6650,250,35
31.734215,-75.140548,2026-07-31 01:12:55.349117696,13,4746,228,56
31.782902,-75.169566,2026-07-31 01:12:55.543467008,13,4699,211,75
31.599543,-75.247555,2026-07-31 01:12:55.631975680,13,7502,230,30
31.647744,-75.611781,2026-07-31 01:12:56.971445760,13,6181,230,25
31.350558,-76.004941,2026-07-31 01:12:58.265126400,13,3667,213,78
31.405943,-76.02703,2026-07-31 01:12:58.265149696,13,4957,216,65
25.285139,-106.77096,2026-07-31 01:12:59.39026432,13,7579,256,37
31.843651,-74.143672,2026-07-31 01:13:00.432418304,13,11819,225,61
32.041565,-74.053931,2026-07-31 01:13:00.436673280,13,6061,214,68
36.054064,-102.652052,2026-07-31 01:13:00.508025856,13,9556,109,37
29.970638,-82.84586,2026-07-31 01:13:01.438809856,13,7319,254,55
29.82127,-82.827362,2026-07-31 01:13:01.438796032,13,9675,199,38
29.673609,-82.972813,2026-07-31 01:13:01.677948672,13,5718,187,24
31.615503,-75.334658,2026-07-31 01:13:02.711014912,13,9041,213,34
29.978692,-82.950169,2026-07-31 01:13:03.338597376,13,12361,128,65
30.029705,-82.970979,2026-07-31 01:13:03.338656512,13,6541,236,46
29.718082,-82.92409,2026-07-31 01:13:03.647250688,13,10178,215,19
27.698953,-75.374313,2026-07-31 01:13:03.712054528,13,6444,238,24
29.458375,-82.969143,2026-07-31 01:13:05.288841984,13,7852,240,33
29.404589,-82.945922,2026-07-31 01:13:05.288823552,13,6505,241,20
42.41343,-97.761159,2026-07-31 01:13:05.762757888,13,9251,133,30
31.681424,-108.398724,2026-07-31 01:13:05.766062848,13,13975,198,24
31.42667,-75.186066,2026-07-31 01:13:06.910519552,13,8291,197,23
44.875239,-61.744098,2026-07-31 01:13:08.237443840,13,3105,251,70
31.893296,-90.241602,2026-07-31 01:13:09.64947712,13,9225,133,32
31.618893,-75.732004,2026-07-31 01:13:09.927664896,13,4847,269,21
42.515545,-97.751592,2026-07-31 01:13:10.253212672,13,6436,142,26
31.602479,-75.710294,2026-07-31 01:13:10.715463680,13,5047,231,36
31.602442,-75.692842,2026-07-31 01:13:10.773660416,13,6566,231,35
29.783258,-82.828603,2026-07-31 01:13:11.100722944,13,14584,125,81
29.890741,-82.880841,2026-07-31 01:13:11.100753920,13,4600,239,76
29.951271,-82.888141,2026-07-31 01:13:11.100813824,13,12816,259,18
29.52794,-82.826789,2026-07-31 01:13:11.152485632,13,8700,183,20
31.932036,-74.063552,2026-07-31 01:13:11.632893696,13,5898,200,28
36.514404,-94.072679,2026-07-31 01:13:12.174243328,13,9072,156,35
36.493571,-94.10742,2026-07-31 01:13:12.174276864,13,9311,139,28
40.521775,-100.731429,2026-07-31 01:13:12.385425920,13,10466,142,32
41.987802,-98.109404,2026-07-31 01:13:12.404864768,13,9644,92,66
41.9589,-98.134338,2026-07-31 01:13:12.404881152,13,7690,194,50
29.690215,-82.786139,2026-07-31 01:13:13.330314752,13,6017,132,40
41.855532,-98.756556,2026-07-31 01:13:13.491778560,13,13575,84,31
38.079486,-103.258785,2026-07-31 01:13:14.587537152,13,10340,80,33
41.126572,-99.610804,2026-07-31 01:13:14.788599808,13,13057,161,31
38.094431,-103.185722,2026-07-31 01:13:14.938311680,13,11363,100,69
38.040027,-103.402512,2026-07-31 01:13:14.938293248,13,14464,211,54
31.543657,-75.642888,2026-07-31 01:13:15.70647296,13,14839,206,15
29.772342,-82.789842,2026-07-31 01:13:16.356963328,13,6761,155,40
29.86502,-82.832832,2026-07-31 01:13:16.357042176,13,7867,238,27
29.850299,-82.764633,2026-07-31 01:13:16.663157504,13,8459,197,45
42.542619,-97.747829,2026-07-31 01:13:16.903940608,13,12488,104,41
31.341153,-76.017634,2026-07-31 01:13:17.645763840,13,7059,206,78
31.481232,-76.086805,2026-07-31 01:13:17.645816064,13,11829,210,66
31.410927,-76.064388,2026-07-31 01:13:17.645844480,13,5721,256,45
29.695984,-77.522313,2026-07-31 01:13:18.83468800,13,7325,194,35
31.579229,-75.214894,2026-07-31 01:13:19.85273600,13,6678,215,46
31.652258,-75.29085,2026-07-31 01:13:19.85300224,13,6368,207,82
31.662654,-75.28425,2026-07-31 01:13:19.85305600,13,5384,259,59
31.601329,-75.255464,2026-07-31 01:13:19.130700544,13,6472,217,67
29.175481,-83.56597,2026-07-31 01:13:19.231429376,13,6879,185,50
31.614534,-75.298581,2026-07-31 01:13:19.323911168,13,4382,198,35
29.220689,-83.189911,2026-07-31 01:13:19.472115712,13,7399,193,36
31.624883,-75.288689,2026-07-31 01:13:19.538173440,13,14632,136,40
31.654094,-75.161265,2026-07-31 01:13:20.30246400,13,7688,211,36
31.686674,-75.192277,2026-07-31 01:13:20.191581184,13,3529,269,24
25.50778,-106.875168,2026-07-31 01:13:21.307808256,13,8753,260,24
41.759768,-98.504092,2026-07-31 01:13:21.954456320,13,5994,82,54
41.802217,-98.46854,2026-07-31 01:13:21.954465792,13,8479,159,41
29.978034,-82.899594,2026-07-31 01:13:22.134991360,13,10140,237,33
29.699722,-82.751239,2026-07-31 01:13:22.134932992,13,2956,268,24
31.607682,-75.18241,2026-07-31 01:13:23.493041408,13,12582,207,71
31.645433,-75.211636,2026-07-31 01:13:23.493058816,13,11251,263,45
17.800759,-93.75704,2026-07-31 01:13:23.788977920,13,14555,228,29
29.37758,-108.998336,2026-07-31 01:13:25.506433792,13,13663,223,24
40.525228,-100.683362,2026-07-31 01:13:25.862363136,13,9318,87,56
29.629861,-83.342607,2026-07-31 01:13:26.959268352,13,14198,152,107
29.625061,-83.32307,2026-07-31 01:13:26.959267584,13,6801,244,95
29.678574,-83.353384,2026-07-31 01:13:26.959287040,13,11068,242,80
29.730557,-83.362806,2026-07-31 01:13:27.123179520,13,3113,237,62
29.673009,-83.433169,2026-07-31 01:13:27.123198720,13,6442,241,37
45.201678,-62.29683,2026-07-31 01:13:27.378339072,13,10505,227,39
45.191685,-62.289312,2026-07-31 01:13:27.378401280,13,13509,237,30
31.647463,-75.409625,2026-07-31 01:13:27.548781312,13,7677,207,30
45.192635,-62.452795,2026-07-31 01:13:27.709405696,13,13481,216,29
31.76574,-75.424277,2026-07-31 01:13:27.870136064,13,9211,268,25
41.76484,-98.621795,2026-07-31 01:13:28.102722048,13,7190,124,32
32.695311,-74.324158,2026-07-31 01:13:28.178540032,13,6808,193,38
29.803189,-82.794729,2026-07-31 01:13:29.248128256,13,13430,143,60
29.87607,-82.841954,2026-07-31 01:13:29.248196608,13,4705,238,40
41.634465,-98.41526,2026-07-31 01:13:31.211396608,13,13092,250,34
41.602086,-98.752713,2026-07-31 01:13:31.211369472,13,13705,124,28
42.232843,-97.893508,2026-07-31 01:13:32.749145344,13,7107,181,36
31.41683,-76.0445,2026-07-31 01:13:33.46137856,13,8100,211,29
32.101399,-74.062337,2026-07-31 01:13:33.99225600,13,6764,190,19
31.404781,-76.038847,2026-07-31 01:13:33.421561344,13,5569,211,27
41.551232,-98.836511,2026-07-31 01:13:33.716699136,13,11735,162,25
29.875394,-108.70927,2026-07-31 01:13:36.871058176,13,13447,237,23
59.737624,-81.152635,2026-07-31 01:13:37.531769088,13,6398,210,27
32.072549,-74.142223,2026-07-31 01:13:37.862050560,13,11518,222,29
29.57493,-83.120335,2026-07-31 01:13:38.96438272,13,11257,262,27
42.019872,-98.441281,2026-07-31 01:13:38.648494080,13,14322,128,47
29.503925,-83.071315,2026-07-31 01:13:39.31053056,13,13330,193,25
31.521157,-76.021976,2026-07-31 01:13:41.21472512,13,12867,233,23
31.860525,-76.036354,2026-07-31 01:13:41.21593088,13,8059,262,22
31.390253,-76.055599,2026-07-31 01:13:41.456112384,13,4992,210,77
31.393524,-76.051044,2026-07-31 01:13:41.456115200,13,3958,211,64
31.681089,-75.121808,2026-07-31 01:13:41.975095296,13,4970,216,118
31.721746,-75.125743,2026-07-31 01:13:41.975115008,13,6313,206,104
31.675329,-75.164956,2026-07-31 01:13:42.607186688,13,7316,136,84
31.710864,-75.137574,2026-07-31 01:13:42.607200000,13,3823,204,74
41.738064,-98.791116,2026-07-31 01:13:42.621006592,13,13650,99,71
31.678831,-75.153886,2026-07-31 01:13:42.817297920,13,13842,205,51
31.51776,-74.999738,2026-07-31 01:13:46.405943552,13,4510,208,34
31.54373,-75.912481,2026-07-31 01:13:46.553363200,13,7288,215,44
31.530929,-75.919163,2026-07-31 01:13:46.553362688,13,5149,250,32
42.251097,-97.537693,2026-07-31 01:13:47.256246016,13,11249,97,58
42.230842,-97.57712,2026-07-31 01:13:47.256246528,13,4264,151,109
42.132581,-97.532768,2026-07-31 01:13:47.256276480,13,9701,176,89
42.22008,-97.322866,2026-07-31 01:13:47.449180160,13,4492,159,27
29.676497,-82.652328,2026-07-31 01:13:48.175020288,13,3157,257,49
29.668594,-82.692062,2026-07-31 01:13:48.175058432,13,5423,267,35
31.288538,-75.997278,2026-07-31 01:13:48.582330368,13,10760,137,37
31.43663,-76.056162,2026-07-31 01:13:48.582381056,13,5114,250,37
31.456298,-76.216728,2026-07-31 01:13:49.305842688,13,8416,210,23
32.026018,-74.07097,2026-07-31 01:13:50.149776384,13,4021,219,88
30.137507,-77.840087,2026-07-31 01:13:50.871098368,13,10537,192,47
30.133183,-77.832884,2026-07-31 01:13:50.921660928,13,8076,197,44
31.646012,-75.274652,2026-07-31 01:13:52.411215616,13,4559,229,55
31.698064,-75.30231,2026-07-31 01:13:52.595782656,13,4745,268,24
31.575407,-75.227313,2026-07-31 01:13:52.719221760,13,6144,228,66
31.475881,-75.19809,2026-07-31 01:13:52.825977856,13,13674,214,19
31.640712,-75.302922,2026-07-31 01:13:53.257464832,13,10833,230,19
28.104417,-76.284728,2026-07-31 01:13:54.189414912,13,9253,222,55
31.354852,-76.04247,2026-07-31 01:13:56.308975616,13,3335,212,98
31.410453,-76.047222,2026-07-31 01:13:56.308996352,13,4706,211,86
31.390849,-76.045476,2026-07-31 01:13:56.515705856,13,5614,187,83
31.396149,-76.050569,2026-07-31 01:13:56.515711744,13,6412,211,70
31.419275,-76.075786,2026-07-31 01:13:56.515771136,13,13593,245,28
42.079435,-98.583243,2026-07-31 01:13:56.879768576,13,7461,168,114
42.126842,-98.620757,2026-07-31 01:13:56.879752192,13,5241,159,114
31.687745,-75.100903,2026-07-31 01:13:57.526186240,13,6567,214,114
31.743643,-75.115598,2026-07-31 01:13:57.526212864,13,5923,206,117
31.689003,-75.071938,2026-07-31 01:13:57.740920832,13,12969,208,70
33.752229,-68.144284,2026-07-31 01:13:58.490374656,13,14519,249,45
29.73065,-82.872843,2026-07-31 01:13:58.653685760,13,11987,128,36
29.896188,-82.853627,2026-07-31 01:13:58.653755136,13,3999,240,46
29.706756,-82.98554,2026-07-31 01:13:59.62297600,13,10654,183,48
31.517742,-76.066936,2026-07-31 01:14:00.89735936,13,5797,255,31
31.634729,-75.425379,2026-07-31 01:14:01.194136320,13,6557,207,35
42.449696,-111.393632,2026-07-31 01:14:02.380859136,13,7611,112,20
31.433311,-76.209129,2026-07-31 01:14:03.841017856,13,7638,234,26
41.877086,-98.468976,2026-07-31 01:14:03.979522304,13,14736,100,47
55.87782,-78.291236,2026-07-31 01:14:04.60280832,13,8976,232,58
31.70986,-75.210876,2026-07-31 01:14:04.505698560,13,12664,204,43
31.722507,-75.240055,2026-07-31 01:14:04.505694976,13,4738,257,38
31.714467,-75.215332,2026-07-31 01:14:04.606416384,13,5658,211,45
31.241401,-76.401551,2026-07-31 01:14:06.481021440,13,5730,207,55
31.343184,-76.461492,2026-07-31 01:14:06.481109504,13,3654,259,41
31.322788,-76.430301,2026-07-31 01:14:06.546256384,13,10801,218,46
31.346021,-76.424339,2026-07-31 01:14:06.546257920,13,8889,250,32
54.439636,-81.861615,2026-07-31 01:14:06.947601152,13,6766,202,18
31.388483,-76.051095,2026-07-31 01:14:08.378976512,13,3527,211,104
31.387601,-76.041087,2026-07-31 01:14:08.378981376,13,6813,211,87
41.84273,-98.799513,2026-07-31 01:14:08.488764928,13,8789,123,44
31.556099,-75.417376,2026-07-31 01:14:09.263263232,13,11786,203,32
29.560014,-109.168166,2026-07-31 01:14:09.931743744,13,9383,227,42
30.923284,-68.897734,2026-07-31 01:14:10.906095872,13,14060,182,40
31.133893,-69.328004,2026-07-31 01:14:10.926738944,13,13522,250,65
30.997339,-68.986909,2026-07-31 01:14:10.926683648,13,5488,264,50
30.978343,-68.94589,2026-07-31 01:14:10.988845056,13,7594,251,47
30.020663,-108.648591,2026-07-31 01:14:11.84125952,13,11168,210,41
29.753738,-82.810749,2026-07-31 01:14:11.413605632,13,7290,131,30
34.740769,144.41962,2026-07-31 01:10:06.539808768,14,8632,267,23
34.793754,144.498539,2026-07-31 01:10:08.473536512,14,14523,267,21
34.706922,144.618865,2026-07-31 01:10:08.787665152,14,10772,268,21
34.66163,144.67379,2026-07-31 01:10:08.877832448,14,7260,269,25
34.759349,144.62432,2026-07-31 01:10:12.820453632,14,7513,268,25
34.723426,144.662712,2026-07-31 01:10:12.985132544,14,6389,269,26
34.773075,144.577829,2026-07-31 01:10:19.97801728,14,4956,268,22
34.971321,144.049964,2026-07-31 01:10:29.567503616,14,13442,261,21
34.564098,144.428699,2026-07-31 01:10:31.402447360,14,9614,268,22
34.713205,144.670953,2026-07-31 01:10:35.463867648,14,5537,269,25
34.737092,144.654857,2026-07-31 01:10:44.95269888,14,7102,268,20
34.615078,144.727613,2026-07-31 01:10:45.395595008,14,6279,269,26
34.79094,144.497059,2026-07-31 01:10:45.742578944,14,14038,267,25
34.53385,144.390558,2026-07-31 01:10:46.131252480,14,8243,268,26
34.662621,144.249339,2026-07-31 01:10:46.286711296,14,11976,267,20
34.880281,144.134032,2026-07-31 01:10:48.704220160,14,13996,268,21
34.742717,144.635591,2026-07-31 01:11:02.481760768,14,5880,268,25
34.788736,144.610625,2026-07-31 01:11:02.645984256,14,7078,268,23
35.916106,150.150669,2026-07-31 01:11:04.921318400,14,6138,168,25
34.69302,144.28384,2026-07-31 01:11:14.553050880,14,13274,267,28
34.709552,144.680642,2026-07-31 01:11:20.778029568,14,6575,269,25
34.764299,144.508496,2026-07-31 01:11:21.201686272,14,3647,268,25
34.757315,144.254749,2026-07-31 01:11:26.225440512,14,4611,266,24
34.79126,144.483039,2026-07-31 01:11:34.262422272,14,6428,267,25
34.782278,144.517875,2026-07-31 01:11:34.860325888,14,14733,268,17
34.643598,144.68551,2026-07-31 01:11:34.899918336,14,5960,269,25
34.712256,144.472433,2026-07-31 01:11:50.368653312,14,7810,268,30
34.918227,144.075637,2026-07-31 01:11:50.431689216,14,13986,264,18
34.746092,144.42531,2026-07-31 01:11:50.550812928,14,5792,267,24
34.724915,144.445602,2026-07-31 01:11:59.367260672,14,5483,267,25
34.861196,144.3469,2026-07-31 01:12:04.593201408,14,14266,266,24
34.736324,144.464609,2026-07-31 01:12:13.779166464,14,6107,267,26
35.422914,149.921774,2026-07-31 01:12:16.725126656,14,14292,170,24
34.8003,144.393862,2026-07-31 01:12:17.336720384,14,5958,267,24
19.569956,107.172098,2026-07-31 01:12:18.120162048,14,12518,245,28
34.686871,144.873416,2026-07-31 01:12:18.327756288,14,13778,270,23
34.604634,145.082797,2026-07-31 01:12:19.633719552,14,12768,269,23
34.844555,144.59604,2026-07-31 01:12:21.776520192,14,8384,183,22
34.727084,144.808878,2026-07-31 01:12:21.835189760,14,5734,269,26
23.451799,132.373746,2026-07-31 01:12:23.344877056,14,8095,254,34
34.809629,144.520393,2026-07-31 01:12:29.783918592,14,14965,267,20
34.807611,143.982425,2026-07-31 01:12:37.146367744,14,5848,264,30
34.763425,144.410732,2026-07-31 01:12:40.408534016,14,6096,267,25
34.898777,144.233842,2026-07-31 01:12:40.518353408,14,12566,265,22
34.707055,144.87386,2026-07-31 01:12:49.695103744,14,5189,270,26
34.78125,144.644157,2026-07-31 01:12:49.783925504,14,4752,268,22
34.762136,144.651342,2026-07-31 01:12:49.871606016,14,9358,268,22
34.857258,144.525439,2026-07-31 01:12:50.310202112,14,14426,267,21
34.717451,144.51219,2026-07-31 01:12:52.77636352,14,6037,268,25
34.909371,144.364177,2026-07-31 01:12:52.335517440,14,14663,266,19
34.899179,144.233434,2026-07-31 01:12:57.429408768,14,14875,265,19
34.576531,144.712014,2026-07-31 01:13:00.401665536,14,10324,257,21
34.71309,144.521963,2026-07-31 01:13:03.762345984,14,6511,268,28
34.725865,144.61762,2026-07-31 01:13:18.255924736,14,9191,268,25
34.697693,144.652612,2026-07-31 01:13:18.371322368,14,8781,269,25
34.921734,144.283251,2026-07-31 01:13:18.722109440,14,12335,266,23
21.045986,113.55271,2026-07-31 01:13:29.526139392,14,11873,270,33
34.760501,144.471768,2026-07-31 01:13:33.78947072,14,12107,265,26
34.721191,144.48981,2026-07-31 01:13:58.969074944,14,7863,268,25
34.728445,144.673552,2026-07-31 01:14:00.475786752,14,9198,269,23
34.794207,144.453141,2026-07-31 01:14:00.539778816,14,11792,267,21
34.777285,144.492032,2026-07-31 01:14:00.624406784,14,3290,267,24
34.791269,144.432102,2026-07-31 01:14:01.308474112,14,5616,267,24
34.740917,144.563468,2026-07-31 01:14:04.979878912,14,6461,268,24
34.916681,144.230934,2026-07-31 01:14:05.40038144,14,14987,265,17
34.744304,144.588146,2026-07-31 01:14:05.120704000,14,6162,268,25
34.947058,144.299609,2026-07-31 01:14:08.655417088,14,14038,263,22
63.983248,18.503945,2026-07-31 01:10:01.943038976,11,8732,105,99
63.84626,18.385428,2026-07-31 01:10:01.943169280,11,8812,267,90
31.384364,-76.285939,2026-07-31 01:10:04.747242240,11,6622,269,135
31.56245,-75.988119,2026-07-31 01:10:12.558223360,11,12261,248,142
31.836027,-75.350538,2026-07-31 01:10:13.543735552,11,9316,219,99
31.645612,-75.19454,2026-07-31 01:10:17.897320960,11,11685,222,228
2.856358,19.017158,2026-07-31 01:10:26.43236608,11,4910,265,37
63.224387,19.006075,2026-07-31 01:10:30.348026624,11,10586,51,320
63.212744,19.012185,2026-07-31 01:10:30.348029440,11,3580,200,485
63.198285,18.997967,2026-07-31 01:10:30.348035072,11,2831,259,472
30.027516,-83.054242,2026-07-31 01:10:33.25515008,11,6655,247,58
62.705233,18.19799,2026-07-31 01:10:37.212286976,11,13636,93,26
41.656166,-98.770366,2026-07-31 01:10:43.388659456,11,13287,122,42
63.20561,19.345272,2026-07-31 01:10:46.440387328,11,12787,145,52
64.461235,18.103256,2026-07-31 01:10:52.243391232,11,8908,147,21
64.374581,17.969098,2026-07-31 01:10:52.397661696,11,11141,113,29
30.279287,-77.845876,2026-07-31 01:10:57.942674944,11,12886,248,54
29.821687,-82.812633,2026-07-31 01:11:03.811330048,11,8771,236,67
31.269728,-76.493939,2026-07-31 01:11:12.261117952,11,12082,163,36
44.290569,-0.925242,2026-07-31 01:11:15.674052352,11,4432,213,307
44.303962,-0.91434,2026-07-31 01:11:15.674056448,11,9625,171,311
31.646867,-75.265121,2026-07-31 01:11:17.793193728,11,7641,269,134
29.62768,-82.714018,2026-07-31 01:11:21.260875264,11,6293,237,93
62.882776,19.342957,2026-07-31 01:11:22.220973824,11,6920,71,48
62.980692,19.491285,2026-07-31 01:11:22.221016320,11,6881,141,35
31.374365,-76.047014,2026-07-31 01:11:23.60014080,11,10725,198,112
62.91756,18.593052,2026-07-31 01:11:26.563681792,11,8506,253,84
63.988277,18.568942,2026-07-31 01:11:27.523702784,11,9543,95,124
63.020148,18.11704,2026-07-31 01:11:28.845620736,11,11604,99,199
62.995971,18.133444,2026-07-31 01:11:28.845638656,11,4819,254,273
29.746495,-82.873367,2026-07-31 01:11:37.15348736,11,5582,236,87
31.679095,-75.141168,2026-07-31 01:11:42.443960064,11,6632,208,200
44.468839,-0.326957,2026-07-31 01:11:50.534891008,11,14171,178,67
29.737111,-82.898098,2026-07-31 01:12:01.771870720,11,6744,238,62
44.552881,1.819162,2026-07-31 01:12:06.130809088,11,13782,44,291
44.544452,1.805554,2026-07-31 01:12:06.130820096,11,8986,111,270
31.341867,-76.436461,2026-07-31 01:12:08.925540352,11,9104,190,31
31.56506,-75.458481,2026-07-31 01:12:10.106204928,11,11583,197,84
31.765325,-75.172122,2026-07-31 01:12:13.206855168,11,14784,269,167
62.620599,19.43253,2026-07-31 01:12:15.146746624,11,11453,85,86
29.748085,-77.45588,2026-07-31 01:12:21.438711552,11,4432,232,205
31.614294,-75.203758,2026-07-31 01:12:25.66127872,11,12866,202,212
29.749123,-82.877368,2026-07-31 01:12:26.915589376,11,12850,238,43
44.340865,-0.845867,2026-07-31 01:12:28.914178048,11,12973,130,46
44.322748,-0.863315,2026-07-31 01:12:28.914270976,11,9345,149,38
44.362952,-0.837588,2026-07-31 01:12:28.914277376,11,8487,137,26
31.628481,-68.612344,2026-07-31 01:12:48.433708800,11,12455,246,167
44.283384,-0.99554,2026-07-31 01:12:52.124034816,11,10516,120,288
44.331981,-0.985585,2026-07-31 01:12:52.124054784,11,2119,268,400
44.304562,-1.009127,2026-07-31 01:12:52.124047360,11,10739,259,197
62.196567,18.057886,2026-07-31 01:12:54.907929344,11,13916,125,76
33.421645,-73.771287,2026-07-31 01:12:58.378217216,11,9269,260,29
62.886362,19.433094,2026-07-31 01:13:01.53467136,11,9848,170,209
29.851337,-82.862821,2026-07-31 01:13:11.100737536,11,8457,239,121
41.860759,-98.082849,2026-07-31 01:13:12.404908544,11,13332,126,23
37.995738,-103.205318,2026-07-31 01:13:14.938355456,11,13486,96,26
29.796557,-77.485847,2026-07-31 01:13:18.83505920,11,11410,251,63
31.662153,-75.303095,2026-07-31 01:13:19.85303552,11,4696,269,181
64.199176,18.190538,2026-07-31 01:13:22.338302720,11,8793,66,132
64.261691,18.143555,2026-07-31 01:13:22.338298880,11,14203,256,154
64.155254,18.130217,2026-07-31 01:13:22.338392320,11,3714,267,141
64.214654,18.172768,2026-07-31 01:13:22.868562176,11,10084,65,211
31.55634,-75.217824,2026-07-31 01:13:23.493027328,11,14353,203,62
29.708063,-83.374089,2026-07-31 01:13:26.959286016,11,8906,235,210
59.276444,16.706268,2026-07-31 01:13:28.662991104,11,10951,68,173
59.245368,16.751666,2026-07-31 01:13:28.662986240,11,14307,59,183
62.9419,18.946915,2026-07-31 01:13:40.624308480,11,13021,132,150
59.263305,16.870567,2026-07-31 01:13:42.349029632,11,10677,79,247
59.264236,16.867977,2026-07-31 01:13:42.349037056,11,10244,63,468
42.189077,-97.521597,2026-07-31 01:13:47.256261888,11,13418,118,41
31.989558,-74.183196,2026-07-31 01:13:50.149804544,11,14976,264,107
30.163784,-77.876583,2026-07-31 01:13:50.871111680,11,7277,224,153
32.396393,-75.789223,2026-07-31 01:13:52.411510016,11,12734,263,30
43.953843,0.153384,2026-07-31 01:13:54.615830784,11,9148,97,77
43.954658,0.152149,2026-07-31 01:13:54.615891200,11,8194,150,25
31.360122,-76.044686,2026-07-31 01:13:56.308977920,11,10135,198,146
42.099273,-98.670439,2026-07-31 01:13:56.879760640,11,13189,163,37
31.691354,-75.093106,2026-07-31 01:13:57.526188544,11,4985,211,323
59.267088,16.639594,2026-07-31 01:14:01.305142784,11,14498,117,24
31.175273,-76.34877,2026-07-31 01:14:08.379073024,11,9264,182,74
63.983248,18.503945,2026-07-31 01:10:01.943038976,12,8732,105,99
63.84626,18.385428,2026-07-31 01:10:01.943169280,12,8812,267,90
31.384364,-76.285939,2026-07-31 01:10:04.747242240,12,6622,269,135
31.56245,-75.988119,2026-07-31 01:10:12.558223360,12,12261,248,142
31.836123,-75.350587,2026-07-31 01:10:13.543735552,12,9319,219,99
31.645612,-75.19454,2026-07-31 01:10:17.897320960,12,11685,222,228
63.224387,19.006075,2026-07-31 01:10:30.348026624,12,10586,51,320
63.212744,19.012185,2026-07-31 01:10:30.348029440,12,3580,200,486
63.19817,18.997759,2026-07-31 01:10:30.348035072,12,2831,259,473
29.913073,-83.050009,2026-07-31 01:10:33.25434624,12,7875,155,65
30.027412,-83.054261,2026-07-31 01:10:33.25515008,12,6653,247,51
62.705233,18.19799,2026-07-31 01:10:37.212286976,12,13636,93,26
41.656166,-98.770366,2026-07-31 01:10:43.388659456,12,13287,122,42
63.20561,19.345272,2026-07-31 01:10:46.440387328,12,12787,145,52
64.461235,18.103256,2026-07-31 01:10:52.243391232,12,8908,147,21
64.374581,17.969098,2026-07-31 01:10:52.397661696,12,11141,113,29
30.279287,-77.845876,2026-07-31 01:10:57.942674944,12,12886,248,52
29.825328,-82.813954,2026-07-31 01:11:03.811331072,12,8696,236,66
31.374466,-76.281771,2026-07-31 01:11:12.260965376,12,7799,193,95
44.290569,-0.925242,2026-07-31 01:11:15.674052352,12,4432,213,308
44.303962,-0.91434,2026-07-31 01:11:15.674056448,12,9625,171,312
31.68518,-75.3057,2026-07-31 01:11:17.793210624,12,10180,269,133
29.625872,-82.714177,2026-07-31 01:11:21.260875264,12,6307,237,97
62.882776,19.342957,2026-07-31 01:11:22.220973824,12,6920,71,48
62.980692,19.491285,2026-07-31 01:11:22.221016320,12,6881,141,35
31.374412,-76.047051,2026-07-31 01:11:23.60014080,12,10724,198,112
62.91756,18.593052,2026-07-31 01:11:26.563681792,12,8506,253,83
63.020148,18.11704,2026-07-31 01:11:28.845620736,12,11604,99,195
62.995991,18.133456,2026-07-31 01:11:28.845638656,12,4813,254,273
62.987558,18.099687,2026-07-31 01:11:28.845697536,12,7196,229,110
29.746566,-82.873347,2026-07-31 01:11:37.15348736,12,5579,236,87
31.679095,-75.141168,2026-07-31 01:11:42.443960064,12,6632,208,201
44.468839,-0.326957,2026-07-31 01:11:50.534891008,12,14171,178,67
29.737111,-82.898098,2026-07-31 01:12:01.771870720,12,6744,238,62
44.552881,1.819162,2026-07-31 01:12:06.130809088,12,13782,44,291
44.574669,1.795433,2026-07-31 01:12:06.130816768,12,9270,128,226
31.341867,-76.436461,2026-07-31 01:12:08.925540352,12,9104,190,31
31.56506,-75.458481,2026-07-31 01:12:10.106204928,12,11583,197,84
31.765325,-75.172122,2026-07-31 01:12:13.206855168,12,14784,269,167
62.64798,19.392622,2026-07-31 01:12:15.146737920,12,13731,79,105
29.748085,-77.45588,2026-07-31 01:12:21.438711552,12,4432,232,205
31.614294,-75.203758,2026-07-31 01:12:25.66127872,12,12866,202,212
29.749123,-82.877368,2026-07-31 01:12:26.915589376,12,12850,238,43
44.340865,-0.845867,2026-07-31 01:12:28.914178048,12,12973,130,46
44.322748,-0.863315,2026-07-31 01:12:28.914270976,12,9345,149,38
44.362952,-0.837588,2026-07-31 01:12:28.914277376,12,8487,137,26
31.628481,-68.612344,2026-07-31 01:12:48.433708800,12,12455,246,167
44.283384,-0.99554,2026-07-31 01:12:52.124034816,12,10516,120,289
44.331981,-0.985585,2026-07-31 01:12:52.124054784,12,2119,268,401
62.196567,18.057886,2026-07-31 01:12:54.907929344,12,13916,125,76
33.421645,-73.771287,2026-07-31 01:12:58.378217216,12,9269,260,29
62.886362,19.433094,2026-07-31 01:13:01.53467136,12,9848,170,210
29.851259,-82.862827,2026-07-31 01:13:11.100737536,12,8456,239,121
41.860759,-98.082849,2026-07-31 01:13:12.404908544,12,13332,126,23
37.995738,-103.205318,2026-07-31 01:13:14.938355456,12,13486,96,26
29.796557,-77.485847,2026-07-31 01:13:18.83505920,12,11410,251,63
31.662153,-75.303095,2026-07-31 01:13:19.85303552,12,4696,269,181
64.199176,18.190538,2026-07-31 01:13:22.338302720,12,8793,66,133
64.214654,18.172768,2026-07-31 01:13:22.868562176,12,10084,65,213
31.544184,-75.187123,2026-07-31 01:13:23.493024000,12,13367,203,64
29.708071,-83.374073,2026-07-31 01:13:26.959286272,12,8907,235,210
59.276518,16.707039,2026-07-31 01:13:28.662990848,12,11041,68,134
59.229424,16.760919,2026-07-31 01:13:28.662995200,12,12995,59,179
59.266942,16.708356,2026-07-31 01:13:28.663065600,12,12984,167,164
59.311778,16.822182,2026-07-31 01:13:28.663031296,12,6256,260,44
62.9419,18.946915,2026-07-31 01:13:40.624308480,12,13021,132,151
59.263305,16.870567,2026-07-31 01:13:42.349029632,12,10677,79,257
59.264236,16.867977,2026-07-31 01:13:42.349037056,12,10244,63,468
32.077464,-74.088376,2026-07-31 01:13:50.149798144,12,8886,270,108
30.163824,-77.876601,2026-07-31 01:13:50.871114240,12,7275,222,155
43.953843,0.153384,2026-07-31 01:13:54.615830784,12,9148,97,77
31.425299,-76.061777,2026-07-31 01:13:56.309001984,12,5367,269,148
42.099273,-98.670439,2026-07-31 01:13:56.879760640,12,13189,163,38
31.69776,-75.1105,2026-07-31 01:13:57.526190592,12,6940,203,304
59.267088,16.639594,2026-07-31 01:14:01.305142784,12,14498,117,24
31.403113,-76.055704,2026-07-31 01:14:08.378982656,12,6312,270,136
64.229784,18.132816,2026-07-31 01:15:10.94444800,1,11354,108,126
64.069328,18.062241,2026-07-31 01:15:10.94569984,1,10349,269,109
31.262326,-76.559913,2026-07-31 01:15:46.264176128,1,13061,191,32
31.272418,-76.540737,2026-07-31 01:15:46.293754624,1,14755,270,24
43.884805,0.287925,2026-07-31 01:15:46.521884416,1,13515,91,25
62.83641,19.249955,2026-07-31 01:15:54.824741888,1,12528,71,110
62.928012,19.426897,2026-07-31 01:15:54.824765696,1,8851,224,97
62.748535,19.145428,2026-07-31 01:15:54.824841216,1,4142,257,86
34.690862,144.716232,2026-07-31 01:15:00.29861632,2,8111,269,26
34.755013,144.494156,2026-07-31 01:15:00.94549760,2,9923,265,24
34.747134,144.462678,2026-07-31 01:15:00.321001216,2,5379,267,21
34.683648,144.705129,2026-07-31 01:15:00.472998912,2,7395,269,24
45.699217,128.282527,2026-07-31 01:15:09.326462208,2,12444,169,23
34.695046,144.716841,2026-07-31 01:15:10.76910592,2,8927,269,24
34.682404,144.818012,2026-07-31 01:15:10.176958720,2,6082,270,25
34.853335,144.495302,2026-07-31 01:15:10.417926400,2,14648,267,17
34.720934,144.540478,2026-07-31 01:15:16.705714432,2,10338,265,25
34.77515,144.456163,2026-07-31 01:15:16.780328960,2,3867,267,24
34.737103,144.623044,2026-07-31 01:15:16.976506624,2,5967,268,25
34.773549,144.433488,2026-07-31 01:15:17.128656640,2,7291,264,23
34.799838,144.519149,2026-07-31 01:15:22.401016576,2,14842,267,19
34.747756,144.480374,2026-07-31 01:15:26.812472320,2,6398,267,24
34.766142,144.308027,2026-07-31 01:15:26.913156352,2,4083,266,24
21.117227,113.623636,2026-07-31 01:15:27.767422720,2,14456,170,38
34.716729,144.256035,2026-07-31 01:15:34.748872448,2,12775,266,21
34.717792,144.270386,2026-07-31 01:15:34.958310912,2,12777,267,21
34.712268,144.685742,2026-07-31 01:15:47.567782144,2,10314,269,24
34.92476,144.264867,2026-07-31 01:15:47.664073472,2,13816,266,21
22.739955,131.00255,2026-07-31 01:15:48.605319680,2,9717,202,37
34.609416,144.763291,2026-07-31 01:15:55.699214336,2,14968,270,18
41.300911,-99.551929,2026-07-31 01:15:04.950595072,3,13067,86,31
29.497553,-109.247263,2026-07-31 01:15:05.836974592,3,9320,221,33
29.424008,-109.251153,2026-07-31 01:15:05.976951040,3,14729,224,26
29.717648,-82.949625,2026-07-31 01:15:06.310702080,3,9045,135,44
29.850762,-82.898547,2026-07-31 01:15:06.310752256,3,7584,199,41
29.801149,-82.857379,2026-07-31 01:15:06.356832768,3,13286,144,67
29.862868,-82.896802,2026-07-31 01:15:06.356901120,3,7535,242,57
29.868021,-82.893966,2026-07-31 01:15:06.356897024,3,7527,199,44
29.802539,-82.864953,2026-07-31 01:15:06.410498048,3,2065,152,59
29.887953,-82.902905,2026-07-31 01:15:06.410570496,3,5688,241,40
29.647926,-82.863871,2026-07-31 01:15:06.520488448,3,14546,214,25
29.787672,-82.996388,2026-07-31 01:15:08.337922048,3,10559,216,37
29.850785,-82.952521,2026-07-31 01:15:08.337951744,3,7988,267,25
29.569966,-83.371383,2026-07-31 01:15:08.954734848,3,7409,249,20
31.219161,-109.499225,2026-07-31 01:15:09.242397696,3,12584,205,22
31.745633,-86.063656,2026-07-31 01:15:09.493225472,3,9618,198,22
31.456227,-76.044149,2026-07-31 01:15:09.695179008,3,7866,258,31
31.367172,-75.990675,2026-07-31 01:15:09.913261824,3,8080,211,64
31.439257,-76.047698,2026-07-31 01:15:09.913342464,3,5786,216,47
31.289853,-76.174288,2026-07-31 01:15:09.979966976,3,13421,235,63
31.452465,-76.059394,2026-07-31 01:15:09.980023808,3,3905,260,47
31.423315,-76.04393,2026-07-31 01:15:10.10091520,3,5735,234,28
31.422309,-76.052268,2026-07-31 01:15:10.95678464,3,4872,234,33
47.055349,-95.458074,2026-07-31 01:15:17.278162944,3,13178,135,27
47.036649,-95.369409,2026-07-31 01:15:17.278172928,3,13426,149,16
31.342841,-76.413177,2026-07-31 01:15:17.403468288,3,8109,236,39
40.941397,-99.593349,2026-07-31 01:15:17.428562944,3,9838,111,21
29.125049,-109.27583,2026-07-31 01:15:17.677368064,3,6532,224,24
29.153398,-109.379402,2026-07-31 01:15:17.677444864,3,12208,244,28
41.795148,-98.522585,2026-07-31 01:15:17.932088064,3,12178,232,31
41.594982,-98.739694,2026-07-31 01:15:17.932042752,3,8126,145,27
54.126376,-78.270488,2026-07-31 01:15:18.407313408,3,12363,185,24
29.226624,-109.949266,2026-07-31 01:15:18.420537088,3,14161,228,20
41.108385,-99.73389,2026-07-31 01:15:18.561587200,3,7991,139,25
29.454918,-84.070334,2026-07-31 01:15:19.165517312,3,14057,257,35
41.714925,-98.533725,2026-07-31 01:15:19.170229760,3,4527,146,36
41.769803,-98.54352,2026-07-31 01:15:19.170229760,3,14770,83,26
54.140433,-78.190577,2026-07-31 01:15:19.383183616,3,6140,236,37
54.03565,-78.154252,2026-07-31 01:15:19.383220736,3,2968,238,25
31.356729,-76.402301,2026-07-31 01:15:20.140923136,3,8209,197,29
31.36206,-76.427179,2026-07-31 01:15:27.645824256,3,9362,235,24
41.689955,-98.671257,2026-07-31 01:15:27.848840704,3,14350,217,18
31.268964,-76.347275,2026-07-31 01:15:28.566465792,3,14984,203,21
31.30895,-76.403334,2026-07-31 01:15:28.566539008,3,6221,251,43
31.319975,-76.388022,2026-07-31 01:15:28.566540544,3,2927,243,30
31.345878,-76.412937,2026-07-31 01:15:28.566546944,3,8083,243,18
31.336654,-76.398237,2026-07-31 01:15:28.614936064,3,9271,218,33
54.08502,-78.655856,2026-07-31 01:15:28.825765888,3,4787,235,27
31.433004,-76.043112,2026-07-31 01:15:29.148265472,3,3029,258,29
32.307901,-89.623154,2026-07-31 01:15:29.300033024,3,8354,187,19
32.311616,-89.60169,2026-07-31 01:15:29.314229248,3,3176,136,19
32.45655,-89.631324,2026-07-31 01:15:29.314318592,3,10114,243,44
31.424477,-76.020864,2026-07-31 01:15:29.433524992,3,5477,234,16
31.593669,-75.55037,2026-07-31 01:15:29.497102848,3,9775,204,65
47.334347,-95.732321,2026-07-31 01:15:36.901606912,3,13899,122,46
47.393896,-95.666148,2026-07-31 01:15:36.901615872,3,14859,146,40
28.384902,-109.510987,2026-07-31 01:15:37.188601088,3,13129,235,25
31.722414,-75.215686,2026-07-31 01:15:37.746401280,3,13334,254,21
41.758995,-98.742366,2026-07-31 01:15:38.166709760,3,8984,218,20
29.659181,-83.785308,2026-07-31 01:15:38.359790592,3,5855,261,42
29.268706,-83.484506,2026-07-31 01:15:38.359677952,3,4351,241,28
30.814118,-108.571373,2026-07-31 01:15:38.793296384,3,12169,201,26
41.722417,-98.84394,2026-07-31 01:15:40.742955008,3,8215,112,97
41.712271,-98.895673,2026-07-31 01:15:40.742956800,3,2443,162,76
30.67866,-109.433193,2026-07-31 01:15:41.440528640,3,10199,206,50
56.953067,-79.075496,2026-07-31 01:15:48.488239104,3,6700,255,35
56.861891,-79.025279,2026-07-31 01:15:48.488275456,3,7375,262,32
56.895935,-79.011126,2026-07-31 01:15:48.488258304,3,7811,250,28
29.400941,-109.861802,2026-07-31 01:15:48.970366976,3,8411,223,33
29.355398,-109.887774,2026-07-31 01:15:48.970388224,3,10282,230,24
31.597562,-75.264112,2026-07-31 01:15:49.462195968,3,5447,270,66
31.625812,-75.289675,2026-07-31 01:15:49.462262016,3,6605,259,41
31.630823,-75.271543,2026-07-31 01:15:49.462258944,3,3224,244,23
31.585147,-75.247147,2026-07-31 01:15:49.762140672,3,10715,207,57
31.664246,-75.290091,2026-07-31 01:15:49.762228992,3,8006,250,29
31.628637,-75.281434,2026-07-31 01:15:49.854835456,3,5955,136,44
31.648506,-75.28003,2026-07-31 01:15:49.854845184,3,3623,257,28
31.602393,-75.304631,2026-07-31 01:15:50.18864384,3,8631,213,44
31.523106,-75.244526,2026-07-31 01:15:50.352616448,3,5180,218,57
31.613506,-75.311265,2026-07-31 01:15:50.352704512,3,5901,257,36
43.921011,-112.538976,2026-07-31 01:15:50.916036864,3,8298,106,17
28.656145,-109.697143,2026-07-31 01:15:51.44469248,3,11274,233,20
45.214748,-101.006831,2026-07-31 01:15:51.119750400,3,8880,188,36
45.003439,-101.138519,2026-07-31 01:15:51.119751680,3,7186,122,23
31.535137,-75.910795,2026-07-31 01:15:51.135277568,3,6973,236,25
29.865396,-82.864039,2026-07-31 01:15:51.654342400,3,4871,254,19
29.865265,-82.889977,2026-07-31 01:15:51.654385152,3,3919,199,34
31.927307,-81.688786,2026-07-31 01:15:51.655228672,3,13994,245,20
29.811997,-82.846752,2026-07-31 01:15:51.727738624,3,6754,147,50
31.344454,-75.970302,2026-07-31 01:15:58.787793920,3,9646,211,79
31.440726,-76.045718,2026-07-31 01:15:58.787829504,3,5396,260,55
31.410839,-76.028268,2026-07-31 01:15:58.787868416,3,9194,242,40
34.703349,144.699664,2026-07-31 01:15:00.29864704,4,7746,269,25
34.758434,144.489032,2026-07-31 01:15:00.94551808,4,9757,265,24
34.752782,144.452553,2026-07-31 01:15:00.321004800,4,3584,267,23
34.669658,144.709366,2026-07-31 01:15:00.472993280,4,8379,269,25
34.699198,144.711234,2026-07-31 01:15:10.76909568,4,9324,269,25
34.682391,144.818062,2026-07-31 01:15:10.176959744,4,6083,270,27
34.840121,144.521051,2026-07-31 01:15:10.417917696,4,13922,267,18
59.596156,17.390325,2026-07-31 01:15:15.938959872,4,8219,235,54
34.73018,144.529573,2026-07-31 01:15:16.705719040,4,9746,265,26
34.758901,144.490209,2026-07-31 01:15:16.780318208,4,7433,267,24
34.694335,144.688893,2026-07-31 01:15:16.976483584,4,7802,269,25
34.779977,144.432524,2026-07-31 01:15:17.128657408,4,6825,264,25
34.81659,144.376879,2026-07-31 01:15:22.401058560,4,12331,264,24
34.887628,144.201975,2026-07-31 01:15:26.913195520,4,14256,268,21
34.716804,144.255724,2026-07-31 01:15:34.748870144,4,12768,266,21
34.717619,144.271578,2026-07-31 01:15:34.958308864,4,12794,267,21
34.697493,144.719342,2026-07-31 01:15:47.567773952,4,7625,269,23
34.924775,144.26472,2026-07-31 01:15:47.664077824,4,13814,266,23
22.739958,131.002549,2026-07-31 01:15:48.605319680,4,9717,202,40
34.609411,144.763299,2026-07-31 01:15:55.699211776,4,14968,270,18
29.597713,-82.960059,2026-07-31 01:15:03.170713344,7,12663,184,14
29.596041,-82.963344,2026-07-31 01:15:03.257863168,7,9547,184,11
29.709717,-83.036581,2026-07-31 01:15:06.310686208,7,12877,189,17
29.851359,-82.885972,2026-07-31 01:15:06.356897792,7,5263,199,22
29.709639,-82.976985,2026-07-31 01:15:06.410504704,7,6838,226,22
29.863766,-82.857046,2026-07-31 01:15:06.410566912,7,4331,246,12
29.698679,-82.98954,2026-07-31 01:15:08.337897472,7,2828,227,14
29.211731,-83.576149,2026-07-31 01:15:15.306406912,7,3638,204,19
29.724806,-83.213691,2026-07-31 01:15:24.583750656,7,5457,208,19
29.926556,-82.886249,2026-07-31 01:15:24.583869440,7,13924,198,11
29.270052,-83.091194,2026-07-31 01:15:30.964011520,7,2417,227,21
29.534809,-82.846242,2026-07-31 01:15:31.249884928,7,7502,217,15
29.54134,-82.852467,2026-07-31 01:15:31.448409600,7,4152,222,18
29.6455,-82.951487,2026-07-31 01:15:35.486268416,7,10124,187,15
18.002611,-93.742473,2026-07-31 01:15:39.945484288,7,13898,226,13
29.668671,-82.892887,2026-07-31 01:15:42.975733760,7,4499,225,16
29.32163,-83.096542,2026-07-31 01:15:43.421966336,7,5596,193,16
28.282095,-76.236415,2026-07-31 01:15:46.634537472,7,2595,247,16
28.345852,-76.27692,2026-07-31 01:15:46.639069440,7,7406,247,15
29.70323,-83.022189,2026-07-31 01:15:51.654318848,7,10577,184,18
29.725292,-83.017025,2026-07-31 01:15:51.727730432,7,14025,184,18
29.731493,-83.05321,2026-07-31 01:15:51.825549824,7,14491,184,13
29.24831,-83.104897,2026-07-31 01:15:51.897953024,7,13711,191,13
29.665804,-83.040599,2026-07-31 01:15:52.6102272,7,10734,185,14
29.51651,-82.824365,2026-07-31 01:15:54.549224960,7,4246,177,23
29.864984,-82.931044,2026-07-31 01:15:54.549318400,7,13149,238,14
34.70573,144.686617,2026-07-31 01:15:00.29871872,9,4468,269,23
34.755043,144.494091,2026-07-31 01:15:00.94549760,9,9924,265,24
34.948807,144.172739,2026-07-31 01:15:00.201674496,9,8525,262,18
34.881326,144.358846,2026-07-31 01:15:00.253097984,9,12910,266,15
34.750176,144.463187,2026-07-31 01:15:00.321002240,9,11388,267,17
34.710784,144.656766,2026-07-31 01:15:00.473014784,9,3356,269,24
34.695036,144.716686,2026-07-31 01:15:10.76910592,9,8928,269,21
34.98314,144.235983,2026-07-31 01:15:10.177147392,9,3019,265,23
34.846583,144.497982,2026-07-31 01:15:10.417918464,9,14555,267,13
34.96971,144.21241,2026-07-31 01:15:16.705826304,9,5282,268,27
34.946464,144.334598,2026-07-31 01:15:16.705817344,9,10872,266,17
34.757442,144.513428,2026-07-31 01:15:16.780311296,9,1680,265,25
34.720562,144.629764,2026-07-31 01:15:16.976500480,9,3666,268,25
34.910613,144.488703,2026-07-31 01:15:16.976582912,9,12185,270,16
34.773157,144.433827,2026-07-31 01:15:17.128656384,9,7286,264,25
34.639505,144.797871,2026-07-31 01:15:22.336860160,9,3673,267,25
34.816146,144.383139,2026-07-31 01:15:22.401059328,9,10846,264,20
34.714874,144.533538,2026-07-31 01:15:26.812458240,9,7597,268,25
34.768908,144.306165,2026-07-31 01:15:26.913156864,9,3913,266,22
21.226839,113.532942,2026-07-31 01:15:27.970954240,9,8244,172,18
34.715653,144.260732,2026-07-31 01:15:34.748865280,9,11936,266,17
34.714036,144.28834,2026-07-31 01:15:34.958300672,9,11589,267,17
34.993728,144.281582,2026-07-31 01:15:39.654850816,9,12406,268,15
34.707825,144.695844,2026-07-31 01:15:47.567777536,9,9491,269,23
34.965263,144.316047,2026-07-31 01:15:47.621040384,9,10357,268,19
34.960047,144.221147,2026-07-31 01:15:47.664079104,9,4214,265,20
33.899694,147.059987,2026-07-31 01:15:47.787691008,9,9322,267,20
22.828726,131.087983,2026-07-31 01:15:48.855632640,9,3741,237,31
41.031076,-99.644339,2026-07-31 01:15:00.954726400,13,11908,132,20
29.826058,-82.816911,2026-07-31 01:15:01.813681152,13,7684,198,25
29.757249,-82.816326,2026-07-31 01:15:01.911103232,13,9096,183,55
29.841122,-82.83076,2026-07-31 01:15:01.911177984,13,8457,199,40
31.271048,-76.359733,2026-07-31 01:15:02.123750400,13,9410,207,39
31.243794,-76.529435,2026-07-31 01:15:02.224514048,13,13672,132,48
31.383075,-76.405003,2026-07-31 01:15:02.224577536,13,9160,250,27
25.308327,-106.801266,2026-07-31 01:15:02.470647552,13,7209,187,61
41.620712,-98.753677,2026-07-31 01:15:03.571091200,13,11618,83,34
31.22263,-76.329492,2026-07-31 01:15:04.121564928,13,6308,201,16
41.304923,-99.552319,2026-07-31 01:15:04.950594816,13,9781,86,28
29.711651,-83.024763,2026-07-31 01:15:06.310688000,13,14892,189,36
29.801149,-82.857379,2026-07-31 01:15:06.356834304,13,13286,144,77
29.844458,-82.883027,2026-07-31 01:15:06.356895488,13,6532,242,59
29.806383,-82.865683,2026-07-31 01:15:06.410498304,13,4851,151,60
29.886512,-82.901832,2026-07-31 01:15:06.410573056,13,8608,238,43
29.651643,-82.825603,2026-07-31 01:15:06.520498944,13,7574,213,25
29.707164,-82.98512,2026-07-31 01:15:08.337895936,13,14463,130,40
31.215483,-109.500091,2026-07-31 01:15:09.242396672,13,12099,205,20
31.745631,-86.063659,2026-07-31 01:15:09.493225472,13,9618,198,22
31.374128,-75.998363,2026-07-31 01:15:09.913265152,13,7813,214,68
31.369318,-75.998002,2026-07-31 01:15:10.517094144,13,6507,218,47
31.440191,-76.049436,2026-07-31 01:15:10.517175296,13,10098,256,38
30.255495,-109.432431,2026-07-31 01:15:10.615756800,13,6508,213,37
40.49481,-100.694459,2026-07-31 01:15:12.854757632,13,11147,89,41
31.680773,-75.70797,2026-07-31 01:15:12.970949376,13,8362,266,26
31.683101,-75.160213,2026-07-31 01:15:13.533892096,13,5778,216,101
31.710425,-75.2433,2026-07-31 01:15:13.589510400,13,5799,267,47
31.57698,-75.174722,2026-07-31 01:15:13.770751488,13,9073,199,51
34.059572,-107.325283,2026-07-31 01:15:14.377010176,13,13824,128,41
34.107771,-107.323775,2026-07-31 01:15:14.377062144,13,12196,232,35
29.025699,-83.850147,2026-07-31 01:15:15.306301440,13,6309,223,42
29.252206,-83.586156,2026-07-31 01:15:15.306419968,13,5024,240,39
28.982459,-83.861341,2026-07-31 01:15:15.528893696,13,11152,234,26
29.749019,-82.774108,2026-07-31 01:15:16.747054080,13,8842,147,46
29.841739,-82.804083,2026-07-31 01:15:16.747123456,13,7239,238,31
41.824974,-98.54269,2026-07-31 01:15:16.876574976,13,14930,91,21
31.342202,-76.406281,2026-07-31 01:15:17.403464960,13,6548,250,21
40.927722,-99.578263,2026-07-31 01:15:17.428559872,13,14266,111,20
28.924346,-109.33706,2026-07-31 01:15:17.677336576,13,10403,226,43
41.794927,-98.519378,2026-07-31 01:15:17.932088832,13,12185,232,39
41.602963,-98.726953,2026-07-31 01:15:17.932044288,13,10759,145,26
54.126373,-78.270494,2026-07-31 01:15:18.407313408,13,12363,185,24
41.714957,-98.53366,2026-07-31 01:15:19.170229760,13,4529,146,36
41.73467,-98.562219,2026-07-31 01:15:19.170228224,13,10229,83,27
31.399808,-76.015886,2026-07-31 01:15:20.636844288,13,9847,136,38
28.984703,-109.335552,2026-07-31 01:15:20.665570304,13,6117,226,53
30.032775,-77.733907,2026-07-31 01:15:21.726552576,13,8059,194,102
30.096878,-77.762802,2026-07-31 01:15:21.726576128,13,4246,209,80
29.955404,-77.750372,2026-07-31 01:15:21.830145536,13,8468,193,50
30.036297,-77.75684,2026-07-31 01:15:22.324804608,13,6892,199,54
30.109565,-77.812058,2026-07-31 01:15:22.324882944,13,7564,209,41
29.401439,-83.062167,2026-07-31 01:15:22.447454464,13,6967,189,27
29.420734,-82.969001,2026-07-31 01:15:22.579561216,13,12205,150,41
31.477978,-76.442229,2026-07-31 01:15:22.686255872,13,11407,200,51
53.917249,-78.957205,2026-07-31 01:15:24.144667392,13,3765,249,20
34.940839,-111.177294,2026-07-31 01:15:24.382843904,13,12472,160,36
29.843682,-82.924448,2026-07-31 01:15:24.583776000,13,8342,147,57
48.505237,-91.356852,2026-07-31 01:15:24.787397120,13,9527,138,28
48.494399,-91.258924,2026-07-31 01:15:24.872732928,13,7857,212,39
59.530298,-80.931309,2026-07-31 01:15:25.104407552,13,6799,225,25
31.666733,-75.696086,2026-07-31 01:15:26.947378176,13,7300,230,28
31.383183,-76.412796,2026-07-31 01:15:27.645826816,13,9307,235,14
31.267015,-76.362505,2026-07-31 01:15:28.566467584,13,9392,202,58
54.068015,-78.651619,2026-07-31 01:15:28.825769216,13,7144,218,25
32.29848,-89.589143,2026-07-31 01:15:29.314228224,13,3098,206,59
31.59573,-75.526116,2026-07-31 01:15:29.497095936,13,9775,204,68
31.61582,-75.557109,2026-07-31 01:15:29.497107968,13,9775,230,60
32.310433,-89.623644,2026-07-31 01:15:29.914825216,13,8918,133,26
32.090487,-74.127566,2026-07-31 01:15:30.236298752,13,7637,222,18
29.36324,-82.956665,2026-07-31 01:15:30.964016896,13,8697,144,66
29.479877,-83.002623,2026-07-31 01:15:30.964094464,13,4602,243,46
29.538015,-82.827168,2026-07-31 01:15:31.249888000,13,5596,215,33
29.240023,-83.223184,2026-07-31 01:15:31.433632256,13,11560,212,35
29.519352,-82.979839,2026-07-31 01:15:31.448387072,13,12077,205,31
29.700407,-82.750543,2026-07-31 01:15:31.448482816,13,9218,200,39
54.425226,-81.797169,2026-07-31 01:15:31.731257088,13,9477,241,59
54.280453,-81.858259,2026-07-31 01:15:31.731309824,13,5123,255,49
28.768477,-109.038209,2026-07-31 01:15:31.858696960,13,13321,200,32
29.085667,-107.231045,2026-07-31 01:15:32.221863936,13,10199,226,27
32.065468,-74.088152,2026-07-31 01:15:33.810960640,13,4534,222,23
30.546765,-108.927368,2026-07-31 01:15:34.803157504,13,13608,205,43
45.035596,-101.047339,2026-07-31 01:15:35.365504768,13,14292,120,23
41.352722,-100.396433,2026-07-31 01:15:35.533145856,13,9219,121,21
29.671111,-82.81596,2026-07-31 01:15:35.783621888,13,11673,145,26
47.334063,-95.731996,2026-07-31 01:15:36.901606912,13,13898,122,46
47.393862,-95.666163,2026-07-31 01:15:36.901615872,13,14860,146,40
28.385339,-109.511165,2026-07-31 01:15:37.188601344,13,13110,235,25
29.192172,-83.533038,2026-07-31 01:15:38.359640064,13,7281,222,20
30.75272,-108.562045,2026-07-31 01:15:38.793285376,13,12949,201,29
41.722418,-98.843939,2026-07-31 01:15:40.742955008,13,8214,112,98
41.723714,-98.890054,2026-07-31 01:15:40.742954496,13,5983,162,77
30.846956,-109.646366,2026-07-31 01:15:41.440619776,13,14347,249,32
36.484959,-103.877496,2026-07-31 01:15:41.579073024,13,6684,128,26
29.668737,-82.892931,2026-07-31 01:15:42.975733760,13,5481,215,26
29.63984,-83.105436,2026-07-31 01:15:43.57832960,13,9266,206,29
30.70069,-69.312171,2026-07-31 01:15:43.390918912,13,3724,246,44
29.484168,-82.947385,2026-07-31 01:15:43.421996544,13,6479,258,42
29.376399,-83.193722,2026-07-31 01:15:43.508720640,13,8270,210,33
31.324559,-76.392236,2026-07-31 01:15:43.780914944,13,4411,236,38
41.568295,-100.194644,2026-07-31 01:15:44.196157184,13,8603,182,24
31.598047,-75.976302,2026-07-31 01:15:44.439003904,13,11554,214,48
31.512499,-75.933194,2026-07-31 01:15:44.543180032,13,4689,215,70
31.524402,-75.964556,2026-07-31 01:15:44.543234048,13,14561,241,40
31.738592,-76.014152,2026-07-31 01:15:45.125808128,13,7887,267,28
29.071844,-83.495196,2026-07-31 01:15:45.652371712,13,5890,218,31
41.189324,-99.795257,2026-07-31 01:15:45.704808960,13,5916,146,50
29.456719,-109.369904,2026-07-31 01:15:45.842951424,13,10432,221,27
41.575037,-98.78898,2026-07-31 01:15:45.941015808,13,10202,101,82
41.980088,-98.013351,2026-07-31 01:15:46.421198336,13,9891,181,16
28.254006,-76.246463,2026-07-31 01:15:46.634530304,13,5319,264,36
29.002671,-83.98213,2026-07-31 01:15:46.920033024,13,11061,225,21
30.701823,-109.431357,2026-07-31 01:15:47.340668672,13,9838,203,34
32.354809,-89.647938,2026-07-31 01:15:47.976173312,13,9476,186,42
32.354418,-89.602293,2026-07-31 01:15:47.978170624,13,9848,175,36
56.947426,-79.066695,2026-07-31 01:15:48.488241664,13,7038,255,39
56.836206,-79.097043,2026-07-31 01:15:48.488278528,13,6259,262,31
56.836313,-79.073322,2026-07-31 01:15:48.488282624,13,4718,263,28
29.292954,-109.952929,2026-07-31 01:15:48.970358016,13,10304,227,36
31.571611,-75.258769,2026-07-31 01:15:49.462184192,13,8526,199,51
31.575,-75.22538,2026-07-31 01:15:49.762140416,13,6521,218,57
31.630761,-75.281302,2026-07-31 01:15:49.854834688,13,7819,136,42
31.680617,-75.287753,2026-07-31 01:15:49.854850560,13,6200,257,22
31.521817,-75.255919,2026-07-31 01:15:50.352615680,13,7129,218,55
31.608507,-75.319044,2026-07-31 01:15:50.352701952,13,5213,254,25
43.925367,-112.541308,2026-07-31 01:15:50.916033280,13,10927,105,21
29.712971,-83.062563,2026-07-31 01:15:51.654307840,13,7670,200,37
29.840469,-82.861423,2026-07-31 01:15:51.825560320,13,7771,180,34
29.915353,-82.893646,2026-07-31 01:15:51.825627904,13,4423,237,23
32.109468,-74.053851,2026-07-31 01:15:52.571754496,13,8104,225,19
29.92037,-83.016681,2026-07-31 01:15:54.549350912,13,5299,251,44
29.937423,-83.007506,2026-07-31 01:15:54.549357056,13,9630,249,31
31.262808,-76.338542,2026-07-31 01:15:54.882336000,13,8130,207,63
29.620879,-82.79794,2026-07-31 01:15:57.795841792,13,8528,134,16
30.012012,-83.037122,2026-07-31 01:15:58.441561344,13,4924,252,86
30.008321,-83.033285,2026-07-31 01:15:58.441557248,13,5965,236,71
29.939378,-83.077144,2026-07-31 01:15:58.441571840,13,7788,237,54
29.95323,-83.018218,2026-07-31 01:15:58.501683712,13,13141,144,36
31.350331,-75.956253,2026-07-31 01:15:58.683052800,13,5125,225,44
31.343638,-75.983915,2026-07-31 01:15:58.787794176,13,9973,201,53
31.659069,-75.204597,2026-07-31 01:15:58.817387264,13,3784,255,62
31.689859,-75.221624,2026-07-31 01:15:58.817402880,13,6027,259,38
31.647187,-75.200526,2026-07-31 01:15:59.51543296,13,8032,255,70
31.34165,-75.991066,2026-07-31 01:15:59.388988928,13,8535,201,52
50.383662,-89.526706,2026-07-31 01:15:59.900614400,13,5954,190,40
50.366226,-89.506883,2026-07-31 01:15:59.900626432,13,8987,154,24
29.864559,-82.807818,2026-07-31 01:16:01.107079168,13,13132,247,36
29.686481,-82.747198,2026-07-31 01:16:01.107060480,13,9481,239,23
17.099806,-94.147806,2026-07-31 01:16:01.223479040,13,12016,238,32
29.434674,-109.294925,2026-07-31 01:16:02.143268608,13,11644,221,38
29.536228,-109.313439,2026-07-31 01:16:02.244060672,13,9663,221,32
29.655969,-109.241599,2026-07-31 01:16:02.244107520,13,13653,257,28
42.390913,-97.625679,2026-07-31 01:16:02.430564608,13,9928,177,34
30.686289,-109.45446,2026-07-31 01:16:02.597296384,13,11113,217,26
31.194234,-76.388871,2026-07-31 01:16:03.544808448,13,5579,190,43
31.62616,-75.242964,2026-07-31 01:16:04.149859840,13,3349,266,71
31.627661,-75.246104,2026-07-31 01:16:04.149860352,13,6500,247,74
31.745489,-75.453243,2026-07-31 01:16:04.251963136,13,7564,268,31
31.640984,-75.291308,2026-07-31 01:16:04.448346880,13,6903,269,33
31.685216,-75.300661,2026-07-31 01:16:04.533826304,13,4008,269,31
41.90588,-98.152265,2026-07-31 01:16:04.945650176,13,9919,182,30
41.906536,-98.194748,2026-07-31 01:16:04.945705984,13,13447,131,20
31.516883,-75.560932,2026-07-31 01:16:06.475685632,13,7234,204,59
29.165495,-83.653042,2026-07-31 01:16:07.748977920,13,12773,201,52
36.90919,-77.424708,2026-07-31 01:16:07.752481536,13,8812,243,52
29.016196,-83.936999,2026-07-31 01:16:07.783906816,13,13996,224,20
29.75403,-82.778538,2026-07-31 01:16:08.65675520,13,10216,147,56
29.837726,-82.803968,2026-07-31 01:16:08.65742592,13,2911,238,38
57.111601,-78.230646,2026-07-31 01:16:08.766841856,13,5937,242,95
29.706204,-77.504603,2026-07-31 01:16:09.389731328,13,7235,207,45
31.350302,-76.41615,2026-07-31 01:16:09.712637440,13,4401,195,25
29.072874,-83.557917,2026-07-31 01:16:09.948894208,13,7834,162,35
41.852032,-98.762658,2026-07-31 01:16:10.175363840,13,13861,140,26
29.8,-78.077635,2026-07-31 01:16:11.217455872,13,6733,191,29
17.922464,-100.941027,2026-07-31 01:16:11.235101952,13,9650,262,48
29.049502,-83.795644,2026-07-31 01:16:11.805752320,13,6914,241,36
34.904585,144.319763,2026-07-31 01:15:00.94614272,14,12542,266,21
34.908513,144.14389,2026-07-31 01:15:00.321110784,14,11898,264,16
34.649638,144.7851,2026-07-31 01:15:10.76886272,14,12111,270,26
34.682411,144.817954,2026-07-31 01:15:10.176959744,14,6080,270,24
34.853308,144.495331,2026-07-31 01:15:10.417929984,14,14649,267,17
34.729202,144.531607,2026-07-31 01:15:16.705718528,14,9719,265,25
34.77815,144.424424,2026-07-31 01:15:17.128657664,14,8213,264,23
34.816585,144.376948,2026-07-31 01:15:22.401058560,14,12333,264,24
34.748608,144.48288,2026-07-31 01:15:26.812472576,14,6087,267,25
34.887625,144.201978,2026-07-31 01:15:26.913195520,14,14255,268,20
21.156445,113.597846,2026-07-31 01:15:27.767436544,14,11436,170,36
34.716804,144.255724,2026-07-31 01:15:34.748870144,14,12768,266,21
34.717812,144.270318,2026-07-31 01:15:34.958309120,14,12776,267,21
34.697144,144.720131,2026-07-31 01:15:47.567773696,14,7629,269,25
34.924779,144.264725,2026-07-31 01:15:47.664077824,14,13814,266,23
22.783772,131.036963,2026-07-31 01:15:48.605343488,14,8200,167,41
34.611777,144.752929,2026-07-31 01:15:55.699213312,14,14731,269,16
34.719449,144.24208,2026-07-31 01:16:06.241180928,14,13123,266,18
34.696164,144.712941,2026-07-31 01:16:09.461640960,14,9297,269,27
34.74862,144.495634,2026-07-31 01:16:09.991719936,14,4865,268,24
34.911929,144.191638,2026-07-31 01:16:10.55988480,14,13963,262,23
34.72091,144.64012,2026-07-31 01:16:10.118272768,14,8108,269,24
34.918984,144.170525,2026-07-31 01:16:10.774324224,14,12909,262,19
59.329613,16.720376,2026-07-31 01:15:02.379012608,11,14343,229,67
64.630793,18.256669,2026-07-31 01:15:03.710768896,11,10768,228,32
44.35417,-0.853948,2026-07-31 01:15:04.357175296,11,14431,107,28
44.364669,-0.846112,2026-07-31 01:15:04.619864320,11,7928,107,29
64.241155,18.096655,2026-07-31 01:15:10.94457856,11,14960,109,122
31.49846,-75.537175,2026-07-31 01:15:13.533988864,11,10176,214,109
59.632489,17.345966,2026-07-31 01:15:15.938934272,11,7508,191,448
59.665776,17.336269,2026-07-31 01:15:15.938923264,11,11978,87,453
30.477291,-77.797812,2026-07-31 01:15:21.726755072,11,11284,246,127
29.805205,-78.00329,2026-07-31 01:15:21.830236928,11,5190,154,131
62.908245,19.370019,2026-07-31 01:15:24.2309888,11,6292,86,264
62.902455,19.387872,2026-07-31 01:15:24.2311936,11,7761,125,377
2.550068,15.1107,2026-07-31 01:15:27.327309056,11,6287,257,42
41.579568,-98.82114,2026-07-31 01:15:40.742999040,11,14719,162,24
59.241103,16.686637,2026-07-31 01:15:54.954419200,11,7411,152,100
59.299966,16.709879,2026-07-31 01:15:54.954419200,11,9393,98,213
59.278946,16.742223,2026-07-31 01:15:54.954409472,11,14165,99,197
29.944608,-83.044898,2026-07-31 01:15:58.441536512,11,8204,154,110
44.328545,-0.88779,2026-07-31 01:16:02.963475968,11,2740,235,190
44.370876,-0.824731,2026-07-31 01:16:02.963493120,11,6584,170,340
62.738833,19.350047,2026-07-31 01:16:06.964631552,11,5613,142,24
59.329613,16.720376,2026-07-31 01:15:02.379012608,12,14343,229,66
64.630793,18.256669,2026-07-31 01:15:03.710768896,12,10768,228,32
44.35417,-0.853948,2026-07-31 01:15:04.357175296,12,14431,107,28
44.364669,-0.846112,2026-07-31 01:15:04.619864320,12,7928,107,29
64.241155,18.096655,2026-07-31 01:15:10.94457856,12,14960,109,122
63.244379,18.873094,2026-07-31 01:15:10.267495680,12,11959,181,119
31.696142,-75.154743,2026-07-31 01:15:13.533897472,12,7700,222,192
31.592931,-75.344123,2026-07-31 01:15:13.589507840,12,12208,203,56
59.632489,17.345966,2026-07-31 01:15:15.938934272,12,7508,191,448
59.665776,17.336269,2026-07-31 01:15:15.938923264,12,11978,87,453
30.477291,-77.797812,2026-07-31 01:15:21.726755072,12,11284,246,130
29.805205,-78.00329,2026-07-31 01:15:21.830236928,12,5190,154,130
62.908245,19.370019,2026-07-31 01:15:24.2309888,12,6292,86,264
62.902455,19.387872,2026-07-31 01:15:24.2311936,12,7761,125,377
2.550068,15.1107,2026-07-31 01:15:27.327309056,12,6287,257,42
41.579568,-98.82114,2026-07-31 01:15:40.742999040,12,14719,162,24
59.241103,16.686637,2026-07-31 01:15:54.954419200,12,7411,152,100
59.299966,16.709879,2026-07-31 01:15:54.954419200,12,9393,98,213
59.278946,16.742223,2026-07-31 01:15:54.954409472,12,14165,99,197
29.944746,-83.044716,2026-07-31 01:15:58.441536512,12,8219,154,110
44.339729,-0.865829,2026-07-31 01:16:02.963479808,12,5997,233,190
44.401789,-0.80918,2026-07-31 01:16:02.963504896,12,3687,257,326
44.368188,-0.833223,2026-07-31 01:16:02.963497472,12,8600,259,309
44.36907,-0.846413,2026-07-31 01:16:02.963495680,12,5606,265,290
62.738833,19.350047,2026-07-31 01:16:06.964631552,12,5613,142,24
