39.617393,-75.043929,2026-09-02 01:20:37.3535104,1,11227,203,24
39.923584,-74.744492,2026-09-02 01:20:37.860054272,1,14677,148,20
51.523227,-82.348654,2026-09-02 01:20:46.327555584,1,8937,259,32
39.597734,-75.834711,2026-09-02 01:21:20.122255104,1,11252,171,23
39.606233,-75.842378,2026-09-02 01:21:20.272162816,1,10544,171,23
40.003948,-74.46903,2026-09-02 01:21:44.895364096,1,3732,183,39
39.656452,-74.971218,2026-09-02 01:21:55.86863360,1,9458,182,23
39.716905,-74.681715,2026-09-02 01:22:02.284243456,1,11331,113,22
33.925789,4.933962,2026-09-02 01:22:34.959205888,1,14406,255,128
33.916596,4.926466,2026-09-02 01:22:34.959205632,1,6134,248,108
33.91181,4.908555,2026-09-02 01:22:34.959207168,1,8395,248,91
39.902262,-74.630586,2026-09-02 01:23:00.463826688,1,13752,112,27
15.634582,133.73044,2026-09-02 01:20:06.9085184,2,5648,252,34
33.456391,134.871308,2026-09-02 01:20:16.12193536,2,10354,190,18
33.425347,134.932645,2026-09-02 01:20:16.23103488,2,9589,216,34
37.942097,139.050074,2026-09-02 01:20:21.433979392,2,9311,143,33
5.628387,103.274679,2026-09-02 01:20:59.237510912,2,10015,194,24
38.100261,133.953662,2026-09-02 01:21:00.869957888,2,9570,227,45
38.147933,133.914166,2026-09-02 01:21:00.869946880,2,4901,216,30
38.141913,133.932312,2026-09-02 01:21:00.890816256,2,10883,219,30
38.13769,133.912388,2026-09-02 01:21:01.235659264,2,14862,197,20
18.321765,133.272721,2026-09-02 01:21:16.237670912,2,5507,234,33
18.629922,130.747269,2026-09-02 01:21:40.716859648,2,6172,267,34
38.075962,133.81521,2026-09-02 01:22:05.295075072,2,9393,216,43
38.083973,133.787692,2026-09-02 01:22:05.295070720,2,7145,197,26
18.667726,130.748826,2026-09-02 01:22:12.827164928,2,5158,205,24
37.910854,139.005948,2026-09-02 01:22:22.945239296,2,9742,141,39
37.913545,139.037785,2026-09-02 01:22:22.945241856,2,8015,143,21
37.800297,139.110352,2026-09-02 01:22:23.22160896,2,8167,195,18
37.924886,139.014501,2026-09-02 01:22:23.126189568,2,11071,149,17
37.919996,139.013428,2026-09-02 01:22:23.184086528,2,8499,140,31
37.916009,139.021322,2026-09-02 01:22:23.366453248,2,6815,130,34
37.925024,139.019616,2026-09-02 01:22:23.603755776,2,10539,140,21
15.203899,134.363808,2026-09-02 01:22:34.93741312,2,11284,240,22
18.669043,130.765486,2026-09-02 01:22:42.509736192,2,8246,207,48
41.673747,139.149177,2026-09-02 01:22:56.298591488,2,13918,197,20
43.043628,-97.631706,2026-09-02 01:20:06.373522944,3,13966,82,43
42.891221,-97.759643,2026-09-02 01:20:06.373573376,3,11909,111,30
50.767624,-81.669579,2026-09-02 01:20:06.530113024,3,6929,158,23
39.900305,-74.727583,2026-09-02 01:20:06.588733184,3,5670,165,31
39.920221,-74.764626,2026-09-02 01:20:06.640615424,3,5199,138,16
39.60434,-75.817629,2026-09-02 01:20:06.686788864,3,7136,160,30
39.893972,-74.788131,2026-09-02 01:20:06.739371520,3,4834,197,19
39.962644,-74.592199,2026-09-02 01:20:06.850911488,3,4446,189,28
40.012255,-74.508951,2026-09-02 01:20:07.468993024,3,3151,174,95
40.006858,-74.500661,2026-09-02 01:20:07.468993280,3,11744,161,84
40.01523,-74.49816,2026-09-02 01:20:07.468996864,3,7551,188,62
39.985985,-74.467959,2026-09-02 01:20:07.469045504,3,11970,164,46
39.645429,-73.84536,2026-09-02 01:20:14.967677952,3,14760,161,30
39.682695,-73.877908,2026-09-02 01:20:14.998307328,3,5788,159,26
39.675954,-73.884258,2026-09-02 01:20:15.24626944,3,6232,159,16
39.678804,-73.860094,2026-09-02 01:20:15.78344704,3,14488,160,51
39.68778,-73.991958,2026-09-02 01:20:15.78397184,3,5581,205,29
39.670038,-73.843951,2026-09-02 01:20:15.78407936,3,14696,169,16
39.701629,-73.856946,2026-09-02 01:20:15.121293824,3,3991,223,29
39.676164,-73.84708,2026-09-02 01:20:15.204373248,3,5702,208,37
39.650836,-73.828274,2026-09-02 01:20:15.204430848,3,13254,169,29
39.655634,-73.768849,2026-09-02 01:20:15.204413184,3,8136,211,16
39.687196,-73.860986,2026-09-02 01:20:15.277001216,3,4848,192,22
39.684992,-73.993764,2026-09-02 01:20:15.277041408,3,6722,177,35
39.750751,-73.822346,2026-09-02 01:20:15.294345728,3,11061,205,40
39.626928,-73.8232,2026-09-02 01:20:15.294365440,3,11647,195,26
50.766237,-81.644728,2026-09-02 01:20:15.381089024,3,13590,205,47
50.760713,-81.703439,2026-09-02 01:20:15.381074944,3,3788,254,34
50.713069,-81.642177,2026-09-02 01:20:15.381089280,3,3573,150,20
39.678617,-73.859193,2026-09-02 01:20:15.415265280,3,6190,192,53
39.663343,-73.823977,2026-09-02 01:20:15.415263232,3,6676,203,33
50.764808,-81.644614,2026-09-02 01:20:15.484799232,3,14478,152,50
50.767259,-81.691552,2026-09-02 01:20:15.484849408,3,2577,254,35
50.673974,-81.641751,2026-09-02 01:20:15.484881408,3,4750,207,22
39.948649,-74.69614,2026-09-02 01:20:15.523611136,3,4538,139,21
39.987641,-74.703443,2026-09-02 01:20:15.523624704,3,3582,196,43
39.897877,-74.755921,2026-09-02 01:20:15.523643136,3,10134,160,40
39.675473,-73.853876,2026-09-02 01:20:15.527237376,3,7270,206,35
39.693557,-73.864458,2026-09-02 01:20:15.626316288,3,2585,211,59
39.682662,-73.866392,2026-09-02 01:20:15.626314240,3,8264,207,48
39.685455,-74.054802,2026-09-02 01:20:15.626374144,3,7831,202,34
26.523305,-73.885982,2026-09-02 01:20:15.662331392,3,13000,259,68
40.904916,-77.174817,2026-09-02 01:20:23.569080832,3,12746,114,18
42.698207,-99.444256,2026-09-02 01:20:24.543052544,3,12060,95,24
20.164252,-90.609565,2026-09-02 01:20:25.614145280,3,5581,227,20
39.627608,-75.057988,2026-09-02 01:20:25.880918528,3,6798,116,27
20.14733,-90.585798,2026-09-02 01:20:25.912899840,3,7644,255,13
20.282334,-90.596136,2026-09-02 01:20:26.171355392,3,5406,231,14
39.541723,-75.730822,2026-09-02 01:20:26.609612800,3,9932,107,26
39.54821,-75.748055,2026-09-02 01:20:26.815279104,3,8493,170,33
40.986254,-77.332118,2026-09-02 01:20:27.647088128,3,5970,106,31
50.452915,-81.605427,2026-09-02 01:20:27.692411648,3,4749,192,55
50.497865,-81.607653,2026-09-02 01:20:27.692459264,3,5301,202,44
50.395505,-81.623212,2026-09-02 01:20:27.692481536,3,1121,264,27
50.486775,-81.574882,2026-09-02 01:20:27.952621824,3,11513,145,65
50.574976,-81.722712,2026-09-02 01:20:27.952647168,3,10613,212,52
50.447104,-81.644725,2026-09-02 01:20:27.952680704,3,4377,204,37
42.800409,-97.707612,2026-09-02 01:20:35.930439424,3,8608,136,23
40.252839,-76.649745,2026-09-02 01:20:36.121963008,3,8503,183,41
44.424051,-115.086908,2026-09-02 01:20:36.122474752,3,9182,90,27
39.974365,-74.602949,2026-09-02 01:20:36.719548160,3,8221,223,18
39.554955,-75.071486,2026-09-02 01:20:37.3516416,3,2806,261,59
39.604527,-75.039859,2026-09-02 01:20:37.3536640,3,7606,181,46
39.576412,-74.950103,2026-09-02 01:20:37.3575552,3,8232,203,26
39.667592,-75.847014,2026-09-02 01:20:37.160230400,3,7975,198,31
39.490994,-75.615231,2026-09-02 01:20:37.345278208,3,10133,187,31
40.284172,-76.48891,2026-09-02 01:20:37.522398208,3,4105,189,38
44.815113,-83.891308,2026-09-02 01:20:37.560254208,3,13574,195,20
39.553741,-75.079891,2026-09-02 01:20:37.647910400,3,9556,190,22
39.917339,-74.745624,2026-09-02 01:20:37.807732736,3,9258,130,25
39.905927,-74.764179,2026-09-02 01:20:37.860052736,3,1980,194,50
39.946553,-74.764458,2026-09-02 01:20:37.860064768,3,3891,187,37
39.563466,-75.088374,2026-09-02 01:20:37.901716480,3,4214,200,38
39.938889,-74.755855,2026-09-02 01:20:37.932582400,3,9198,198,37
39.918839,-74.762826,2026-09-02 01:20:38.99176448,3,4680,181,41
39.938673,-74.763593,2026-09-02 01:20:38.173973248,3,8073,180,16
50.920454,-81.628013,2026-09-02 01:20:39.44117248,3,4219,194,26
39.938851,-74.667298,2026-09-02 01:20:39.810440192,3,14704,165,15
39.566052,-75.815013,2026-09-02 01:20:47.402487552,3,12505,136,43
39.596312,-75.997738,2026-09-02 01:20:47.402538240,3,10131,179,27
39.696531,-75.017992,2026-09-02 01:20:47.481542400,3,7458,194,32
25.476069,-74.954509,2026-09-02 01:20:48.18470912,3,4531,266,17
25.475925,-74.952608,2026-09-02 01:20:48.55863808,3,5011,266,18
25.475023,-74.952277,2026-09-02 01:20:48.366939904,3,4683,266,20
39.961925,-74.696652,2026-09-02 01:20:48.459226112,3,5277,154,39
39.993888,-74.694775,2026-09-02 01:20:48.459296768,3,9225,202,22
39.978917,-74.706414,2026-09-02 01:20:48.542685184,3,6236,153,22
34.925174,-55.207573,2026-09-02 01:20:55.794124288,3,4289,228,41
34.963031,-55.181014,2026-09-02 01:20:55.794126080,3,14165,208,27
39.663051,-75.519021,2026-09-02 01:20:55.858189824,3,11200,174,25
42.276504,-98.167594,2026-09-02 01:20:57.143282432,3,9928,88,24
39.635577,-75.05315,2026-09-02 01:20:58.50628352,3,14712,193,24
39.690337,-74.16651,2026-09-02 01:20:58.740168192,3,10243,191,25
40.000964,-74.475308,2026-09-02 01:20:58.750268928,3,8840,192,26
39.981369,-74.408543,2026-09-02 01:20:58.750263040,3,7320,196,35
39.974829,-74.442982,2026-09-02 01:20:58.750322432,3,12923,164,22
39.997096,-74.478304,2026-09-02 01:20:58.791676672,3,5892,182,42
39.980123,-74.441171,2026-09-02 01:20:58.791733504,3,9310,177,24
43.050398,-97.713931,2026-09-02 01:20:59.808910592,3,13311,203,19
40.028824,-74.605189,2026-09-02 01:21:00.299312896,3,8719,217,24
39.941809,-74.663961,2026-09-02 01:21:00.299341056,3,5813,203,24
39.610871,-75.847556,2026-09-02 01:21:00.334961408,3,8950,186,31
39.454889,-75.057217,2026-09-02 01:21:00.671340544,3,14185,184,37
42.893191,-97.203815,2026-09-02 01:21:00.760938752,3,8022,137,30
41.088327,-77.813596,2026-09-02 01:21:00.833770496,3,13935,135,30
39.735962,-74.735064,2026-09-02 01:21:08.136266752,3,11917,153,30
28.898829,-108.665959,2026-09-02 01:21:08.161777152,3,6451,229,16
28.944717,-108.670271,2026-09-02 01:21:08.161835008,3,8617,247,43
29.022761,-108.654571,2026-09-02 01:21:08.161857536,3,6081,268,30
28.90759,-108.647072,2026-09-02 01:21:08.315105792,3,13368,170,35
28.959774,-108.661507,2026-09-02 01:21:08.315160320,3,7011,245,50
39.600232,-75.781798,2026-09-02 01:21:08.407670272,3,4853,188,26
42.95817,-97.459906,2026-09-02 01:21:10.15299072,3,8130,81,67
43.009871,-97.42613,2026-09-02 01:21:10.15310080,3,13554,135,53
39.601178,-74.10852,2026-09-02 01:21:10.458365696,3,5284,252,34
39.641926,-74.10441,2026-09-02 01:21:10.507095808,3,7454,156,41
39.632014,-74.071375,2026-09-02 01:21:10.507166464,3,14174,182,25
16.413168,-97.574713,2026-09-02 01:21:10.560369920,3,8582,262,42
42.918379,-97.682518,2026-09-02 01:21:17.857396992,3,14461,104,39
42.890629,-97.747209,2026-09-02 01:21:17.857444096,3,12231,132,24
39.583222,-75.625105,2026-09-02 01:21:20.35417600,3,10204,175,23
39.60598,-75.852544,2026-09-02 01:21:20.122254592,3,8662,177,56
39.627653,-75.848281,2026-09-02 01:21:20.122271232,3,5384,192,36
39.596767,-75.781544,2026-09-02 01:21:20.122310144,3,11996,198,22
39.539037,-75.897467,2026-09-02 01:21:20.171724032,3,4014,189,62
39.627194,-75.85535,2026-09-02 01:21:20.171753984,3,7382,187,51
39.650039,-75.851311,2026-09-02 01:21:20.171824640,3,10690,215,34
39.606303,-75.869569,2026-09-02 01:21:20.211220224,3,4986,178,40
39.618821,-75.847468,2026-09-02 01:21:20.211230208,3,4993,188,27
39.618076,-75.835378,2026-09-02 01:21:20.272170496,3,7118,190,52
39.634927,-75.859924,2026-09-02 01:21:20.272173056,3,7455,191,35
39.574466,-75.808554,2026-09-02 01:21:20.272223744,3,9612,158,22
39.605904,-75.851811,2026-09-02 01:21:20.338907136,3,6254,177,25
39.602519,-75.854952,2026-09-02 01:21:20.441100544,3,6838,177,26
39.663609,-75.00105,2026-09-02 01:21:20.818729728,3,10343,200,16
39.527058,-75.710006,2026-09-02 01:21:21.80103424,3,12612,174,20
43.993988,-98.003643,2026-09-02 01:21:21.603103744,3,11516,105,29
40.235567,-76.478469,2026-09-02 01:21:21.983018240,3,8569,138,21
39.93846,-74.651613,2026-09-02 01:21:22.18076160,3,3600,197,33
39.947126,-74.649977,2026-09-02 01:21:22.42854912,3,7457,196,40
40.895667,-77.144753,2026-09-02 01:21:22.45843456,3,13364,101,41
40.900069,-77.155028,2026-09-02 01:21:22.45854976,3,8013,130,34
40.918803,-77.17093,2026-09-02 01:21:22.45857024,3,12572,142,22
40.874466,-77.181126,2026-09-02 01:21:22.175141376,3,5481,171,23
39.715124,-74.07696,2026-09-02 01:21:22.561500672,3,9483,188,33
39.646339,-74.143726,2026-09-02 01:21:22.561534208,3,14647,179,20
44.415207,-99.08707,2026-09-02 01:21:22.581666048,3,7756,94,21
44.406401,-99.099834,2026-09-02 01:21:22.581674240,3,4076,124,85
15.379339,-87.358779,2026-09-02 01:21:30.190020864,3,8228,258,39
53.220586,-82.983564,2026-09-02 01:21:30.542277888,3,9214,179,27
35.803344,-104.80015,2026-09-02 01:21:30.888329984,3,8587,95,28
42.805566,-97.514125,2026-09-02 01:21:31.39173376,3,6734,103,40
42.757358,-97.576047,2026-09-02 01:21:31.39211520,3,8614,131,27
40.120254,-74.676355,2026-09-02 01:21:31.399043584,3,4688,211,26
40.940951,-77.180351,2026-09-02 01:21:34.777768704,3,8604,156,39
39.659767,-74.209675,2026-09-02 01:21:34.781240320,3,7634,203,31
39.677253,-74.218265,2026-09-02 01:21:34.781253120,3,4027,207,34
39.646055,-74.192419,2026-09-02 01:21:34.781304064,3,11815,179,23
39.656901,-74.190446,2026-09-02 01:21:34.895262464,3,7849,195,24
39.481479,-75.742217,2026-09-02 01:21:35.31263488,3,11567,175,20
40.922947,-77.178063,2026-09-02 01:21:35.378415616,3,6973,110,25
39.351107,-75.397379,2026-09-02 01:21:43.72413952,3,11223,149,29
44.840722,-84.025185,2026-09-02 01:21:43.510622464,3,13013,127,46
44.84974,-83.922574,2026-09-02 01:21:43.510658304,3,11748,185,43
44.856047,-83.925,2026-09-02 01:21:43.510661120,3,8512,115,30
42.640535,-97.47064,2026-09-02 01:21:44.10860800,3,7426,169,25
39.93277,-74.546719,2026-09-02 01:21:44.51401728,3,6768,179,24
39.618618,-75.858004,2026-09-02 01:21:44.212621568,3,6688,198,30
27.282084,-108.35339,2026-09-02 01:21:51.612902400,3,11428,180,21
25.707019,-105.363136,2026-09-02 01:21:51.717800960,3,3511,186,69
25.935222,-105.432617,2026-09-02 01:21:51.717888768,3,11959,227,59
44.91695,-84.024931,2026-09-02 01:21:59.19677952,3,12064,116,40
44.909986,-83.971516,2026-09-02 01:21:59.19679488,3,7108,172,27
50.661413,-81.51611,2026-09-02 01:21:59.177205248,3,13282,203,33
39.980265,-74.641875,2026-09-02 01:21:59.181639936,3,9120,222,24
39.974208,-74.631094,2026-09-02 01:21:59.203139840,3,12143,140,15
39.591824,-74.881737,2026-09-02 01:22:06.365302272,3,11020,164,24
39.942602,-74.632184,2026-09-02 01:22:06.631984896,3,4723,218,37
39.926236,-74.596134,2026-09-02 01:22:06.631983104,3,9749,204,23
39.580709,-75.846939,2026-09-02 01:22:06.660366336,3,12393,184,26
39.620589,-75.833995,2026-09-02 01:22:06.660373504,3,5719,209,27
39.295198,-102.34394,2026-09-02 01:22:07.285843456,3,7304,78,33
39.707927,-73.89438,2026-09-02 01:22:07.708986368,3,10801,203,18
40.715952,-76.840678,2026-09-02 01:22:15.883947264,3,13984,173,19
39.558208,-75.658913,2026-09-02 01:22:16.768126720,3,11958,127,18
39.619504,-75.010775,2026-09-02 01:22:17.88878080,3,8833,139,77
39.637907,-75.002744,2026-09-02 01:22:17.88884736,3,7047,198,57
39.587446,-75.105301,2026-09-02 01:22:17.88914432,3,10237,189,37
39.598356,-74.909396,2026-09-02 01:22:17.88921344,3,7816,203,23
40.18131,-76.522047,2026-09-02 01:22:17.223752704,3,9612,111,51
40.252361,-76.472265,2026-09-02 01:22:17.223781888,3,9444,172,42
40.237067,-76.474518,2026-09-02 01:22:17.223777536,3,12967,173,26
28.916455,-108.933035,2026-09-02 01:22:17.537026048,3,13149,234,39
41.627522,-109.967495,2026-09-02 01:22:19.568316672,3,13841,87,29
39.538035,-75.822705,2026-09-02 01:22:19.791379968,3,13728,124,32
41.579591,-109.979182,2026-09-02 01:22:19.863996416,3,14339,97,66
41.564429,-110.072273,2026-09-02 01:22:19.864038144,3,9991,154,65
41.597976,-110.192785,2026-09-02 01:22:19.864009216,3,9554,167,52
41.576886,-109.97565,2026-09-02 01:22:19.890015488,3,8386,97,24
40.260356,-76.64772,2026-09-02 01:22:19.920670720,3,3561,102,38
40.295288,-76.661155,2026-09-02 01:22:19.920680448,3,6705,182,25
40.290565,-76.655672,2026-09-02 01:22:20.44090624,3,5039,182,36
39.872489,-74.481576,2026-09-02 01:22:21.31841280,3,6396,158,21
24.398652,-90.348093,2026-09-02 01:22:21.78631168,3,6454,245,17
24.47062,-90.222362,2026-09-02 01:22:21.85811456,3,4507,237,56
39.926637,-74.669819,2026-09-02 01:22:28.384587520,3,11184,197,24
39.92128,-74.662667,2026-09-02 01:22:28.438423552,3,14558,197,43
25.523829,-75.045053,2026-09-02 01:22:28.725156096,3,6771,268,42
25.519378,-75.027426,2026-09-02 01:22:28.861021440,3,3782,265,33
39.572127,-75.067277,2026-09-02 01:22:28.882433536,3,2680,210,41
39.638577,-74.178168,2026-09-02 01:22:28.885291520,3,10947,207,37
39.663145,-74.163938,2026-09-02 01:22:28.885300480,3,8771,225,28
39.541534,-75.063215,2026-09-02 01:22:29.56003584,3,4570,204,17
50.648189,-82.301946,2026-09-02 01:22:29.250865920,3,7399,255,27
27.337993,-107.574335,2026-09-02 01:22:29.431969024,3,9497,239,28
39.763362,-71.324439,2026-09-02 01:22:30.211708928,3,7238,235,22
39.694569,-71.277842,2026-09-02 01:22:30.211760896,3,9401,183,22
39.886341,-74.677744,2026-09-02 01:22:30.428869376,3,4566,198,31
40.961142,-77.448671,2026-09-02 01:22:30.509128448,3,7750,110,36
40.975763,-77.470476,2026-09-02 01:22:30.509135104,3,7541,154,22
42.261105,-98.304282,2026-09-02 01:22:32.596708864,3,13738,95,24
39.495016,-75.571265,2026-09-02 01:22:32.842584576,3,4852,186,30
39.25735,-102.362451,2026-09-02 01:22:33.342172672,3,8073,104,23
39.889205,-74.630441,2026-09-02 01:22:33.652622592,3,14118,191,26
39.606328,-75.063465,2026-09-02 01:22:33.769896448,3,8464,167,23
39.608937,-75.862086,2026-09-02 01:22:33.775162880,3,7980,144,38
39.599163,-75.867485,2026-09-02 01:22:33.775164416,3,7347,145,54
39.562279,-75.93356,2026-09-02 01:22:33.775203840,3,8199,179,34
39.578844,-75.805338,2026-09-02 01:22:33.775222528,3,9401,170,23
39.611356,-75.063703,2026-09-02 01:22:33.828159744,3,2302,201,52
39.599729,-75.839035,2026-09-02 01:22:33.832728576,3,5298,149,45
39.620125,-75.843989,2026-09-02 01:22:33.832740864,3,6316,186,41
39.589798,-75.956099,2026-09-02 01:22:33.832772352,3,14580,158,26
39.590319,-75.056457,2026-09-02 01:22:33.890697216,3,3989,255,26
39.610393,-75.861348,2026-09-02 01:22:33.974163456,3,7881,182,68
39.600469,-75.834815,2026-09-02 01:22:33.974170368,3,9079,162,50
39.593094,-75.764622,2026-09-02 01:22:33.974210816,3,7750,198,33
39.613516,-75.064031,2026-09-02 01:22:34.296883200,3,2547,201,47
39.639891,-75.059423,2026-09-02 01:22:34.296891648,3,3721,195,35
39.611446,-75.054785,2026-09-02 01:22:34.369316096,3,6665,202,20
39.958899,-74.623223,2026-09-02 01:22:34.423280384,3,6805,197,43
39.939623,-74.586057,2026-09-02 01:22:34.423331072,3,14882,176,24
39.603475,-75.057881,2026-09-02 01:22:34.471263744,3,5857,202,38
39.617579,-74.998344,2026-09-02 01:22:34.534790656,3,4671,210,37
39.684099,-74.998937,2026-09-02 01:22:34.534806016,3,14046,194,24
40.860748,-77.025206,2026-09-02 01:22:35.190670336,3,6541,150,21
45.440869,-113.55983,2026-09-02 01:22:35.932828160,3,9088,153,20
39.619764,-75.846531,2026-09-02 01:22:36.203617280,3,14284,180,39
39.584418,-75.785498,2026-09-02 01:22:36.203660544,3,12624,170,21
45.488035,-113.578545,2026-09-02 01:22:36.280769024,3,9335,119,18
39.650714,-75.832717,2026-09-02 01:22:36.440504320,3,9300,145,21
53.640866,-83.5621,2026-09-02 01:22:37.529359616,3,6893,194,43
53.555994,-83.585977,2026-09-02 01:22:37.529378048,3,3862,169,29
39.901287,-74.694257,2026-09-02 01:22:38.388819456,3,9772,211,33
39.585031,-75.809124,2026-09-02 01:22:38.821188352,3,13210,185,21
39.723847,-74.01728,2026-09-02 01:22:46.960252672,3,8105,203,67
39.71666,-74.005596,2026-09-02 01:22:46.960248576,3,13527,193,46
39.688665,-73.956228,2026-09-02 01:22:46.960298496,3,13194,186,27
24.98121,-106.641907,2026-09-02 01:22:47.38301952,3,10089,187,53
25.018207,-106.664001,2026-09-02 01:22:47.38347776,3,10347,247,50
25.002879,-106.666351,2026-09-02 01:22:47.38350592,3,4862,244,38
39.731043,-74.026538,2026-09-02 01:22:47.52845312,3,10587,189,43
39.722608,-74.200373,2026-09-02 01:22:47.52902656,3,6858,195,32
39.641789,-75.636471,2026-09-02 01:22:47.116849664,3,9244,186,27
39.720889,-74.01828,2026-09-02 01:22:47.122963200,3,5409,203,47
39.7188,-74.013304,2026-09-02 01:22:47.122964224,3,11728,193,48
39.679277,-73.982491,2026-09-02 01:22:47.123017728,3,10185,168,27
39.727793,-74.014607,2026-09-02 01:22:47.181534976,3,9774,189,29
39.945307,-74.664222,2026-09-02 01:22:47.441008384,3,10320,235,21
39.720209,-74.009433,2026-09-02 01:22:47.506264576,3,7661,189,92
39.724604,-74.011459,2026-09-02 01:22:47.506268672,3,12850,193,75
39.73453,-74.036924,2026-09-02 01:22:47.506276608,3,4359,205,55
39.67994,-73.975378,2026-09-02 01:22:47.506311680,3,11761,168,40
39.70712,-74.014356,2026-09-02 01:22:47.621769984,3,2639,210,65
39.7331,-74.016882,2026-09-02 01:22:47.621777664,3,3066,198,54
39.709124,-74.141036,2026-09-02 01:22:47.621814784,3,5892,204,39
39.534118,-75.050176,2026-09-02 01:22:47.655621888,3,3143,265,54
39.587206,-75.030419,2026-09-02 01:22:47.655640576,3,8232,195,40
39.560329,-75.04409,2026-09-02 01:22:47.655687424,3,12751,162,18
39.57738,-75.049098,2026-09-02 01:22:47.695178496,3,4944,182,26
42.736149,-97.623319,2026-09-02 01:22:55.445191936,3,10705,91,27
42.737034,-97.616176,2026-09-02 01:22:55.445185536,3,12649,98,14
39.656371,-75.067427,2026-09-02 01:22:55.809167872,3,10712,151,18
39.645816,-75.033168,2026-09-02 01:22:55.809229312,3,14774,180,19
39.668308,-75.043763,2026-09-02 01:22:55.851478784,3,9287,194,31
39.664248,-75.055819,2026-09-02 01:22:55.945903360,3,3827,151,32
39.660249,-75.010665,2026-09-02 01:22:55.945966592,3,13775,180,20
39.655801,-75.042258,2026-09-02 01:22:56.73426688,3,7586,184,27
39.668682,-75.081178,2026-09-02 01:22:56.203128320,3,5296,151,47
39.689805,-75.060579,2026-09-02 01:22:56.203131136,3,11566,197,30
39.660478,-75.053797,2026-09-02 01:22:56.203186176,3,13159,163,17
39.591239,-74.16245,2026-09-02 01:22:56.387683072,3,9218,172,24
39.638036,-74.094167,2026-09-02 01:22:56.615972096,3,6930,172,28
39.666141,-74.087799,2026-09-02 01:22:56.757179136,3,7259,209,60
39.684978,-74.114913,2026-09-02 01:22:56.757183488,3,7760,205,47
39.576029,-74.012154,2026-09-02 01:22:56.757236480,3,12280,165,34
39.630168,-74.09202,2026-09-02 01:22:56.966112256,3,3682,173,53
39.654605,-74.099107,2026-09-02 01:22:56.966118656,3,8303,200,39
39.614892,-74.05783,2026-09-02 01:22:56.966170112,3,9918,186,30
39.548645,-75.044605,2026-09-02 01:22:57.153220864,3,6341,150,23
39.615416,-75.689579,2026-09-02 01:23:04.395139072,3,12829,189,19
15.634582,133.73044,2026-09-02 01:20:06.9085184,4,5648,252,35
33.456401,134.871311,2026-09-02 01:20:16.12193536,4,10354,190,19
33.359787,134.930875,2026-09-02 01:20:16.23097856,4,9912,193,36
33.172861,135.012422,2026-09-02 01:20:16.23088640,4,10844,199,25
37.940974,139.051033,2026-09-02 01:20:21.433979904,4,9040,154,34
53.137439,54.881344,2026-09-02 01:20:22.479328512,4,10477,157,30
18.678315,130.721603,2026-09-02 01:20:39.907332096,4,5555,266,29
38.104758,133.948717,2026-09-02 01:21:00.869958912,4,9862,227,55
38.055099,134.18277,2026-09-02 01:21:00.870028288,4,5864,256,38
38.132679,133.912861,2026-09-02 01:21:00.869949696,4,7257,197,22
38.02395,134.194821,2026-09-02 01:21:00.890904576,4,9145,253,32
38.137762,133.912287,2026-09-02 01:21:01.235659264,4,14863,197,20
18.321765,133.272721,2026-09-02 01:21:16.237670912,4,5507,234,35
34.568956,4.748135,2026-09-02 01:21:30.334567424,4,11804,269,25
37.977963,139.17486,2026-09-02 01:21:36.26913792,4,14624,149,21
33.134467,5.310905,2026-09-02 01:21:38.156542464,4,9591,255,14
18.629283,130.747036,2026-09-02 01:21:40.716859648,4,6171,267,38
40.179459,21.449431,2026-09-02 01:21:56.977966336,4,8647,187,22
40.092975,21.479963,2026-09-02 01:21:56.993775360,4,11217,162,22
38.075978,133.815189,2026-09-02 01:22:05.295075072,4,9393,216,43
38.083976,133.787724,2026-09-02 01:22:05.295070720,4,7145,197,26
53.102455,54.90909,2026-09-02 01:22:11.435305216,4,14190,157,19
18.667726,130.748826,2026-09-02 01:22:12.827164928,4,5158,205,25
44.826061,-83.942352,2026-09-02 01:22:15.477590016,4,8427,129,21
37.910854,139.005948,2026-09-02 01:22:22.945239296,4,9742,141,40
37.913545,139.037785,2026-09-02 01:22:22.945241856,4,8015,143,21
37.923958,139.015345,2026-09-02 01:22:23.22112512,4,9548,140,26
37.924886,139.014501,2026-09-02 01:22:23.126189568,4,11071,149,18
37.923018,139.026994,2026-09-02 01:22:23.184087296,4,4375,143,33
37.916559,139.0303,2026-09-02 01:22:23.184089856,4,5998,143,20
37.91601,139.021321,2026-09-02 01:22:23.366453248,4,6815,130,36
37.919433,139.009181,2026-09-02 01:22:23.603756544,4,6936,140,22
15.203899,134.363808,2026-09-02 01:22:34.93741312,4,11284,240,22
33.887268,4.928698,2026-09-02 01:22:34.959194368,4,9316,249,18
18.666034,130.75133,2026-09-02 01:22:42.509740288,4,6102,206,50
41.668722,139.172308,2026-09-02 01:22:56.298582016,4,13416,197,25
16.316199,-97.238524,2026-09-02 01:20:00.521340160,7,11483,268,11
26.526162,-73.864233,2026-09-02 01:20:15.662324224,7,6788,256,17
25.28952,-75.124513,2026-09-02 01:20:23.444355840,7,6999,209,21
18.809857,-77.707028,2026-09-02 01:20:29.183688704,7,6322,269,13
25.795264,-75.240943,2026-09-02 01:20:29.535228416,7,4669,256,24
25.735282,-75.02515,2026-09-02 01:20:29.637724160,7,5881,254,12
16.462674,-97.566459,2026-09-02 01:21:26.248964352,7,7610,269,16
15.388312,-87.357107,2026-09-02 01:21:30.190021376,7,5606,258,13
6.38903,-69.17163,2026-09-02 01:21:47.853981696,7,4730,186,18
26.312538,-101.392373,2026-09-02 01:22:09.28688128,7,13896,136,12
24.483845,-90.250256,2026-09-02 01:22:21.85869568,7,7683,215,25
24.464385,-90.241409,2026-09-02 01:22:21.85866752,7,5367,249,14
20.912747,-105.68617,2026-09-02 01:22:24.910713600,7,6364,266,17
25.725839,-74.475612,2026-09-02 01:22:39.46851584,7,7810,256,17
15.637024,133.73055,2026-09-02 01:20:06.9083136,9,5652,252,34
38.095573,133.783682,2026-09-02 01:20:10.994465024,9,6138,199,21
33.395297,134.889287,2026-09-02 01:20:16.23106816,9,14847,217,11
33.217088,135.175807,2026-09-02 01:20:16.23128832,9,3108,174,23
37.940974,139.051033,2026-09-02 01:20:21.433979904,9,9040,154,33
38.058786,138.913453,2026-09-02 01:20:21.434004736,9,10234,174,13
37.738251,137.034485,2026-09-02 01:20:31.962132992,9,6592,165,15
37.830274,137.14024,2026-09-02 01:20:59.75078144,9,13592,164,15
38.137162,133.938381,2026-09-02 01:21:00.869947136,9,14245,215,47
38.131487,133.921947,2026-09-02 01:21:00.869955328,9,6873,196,30
38.14957,133.886002,2026-09-02 01:21:00.869945344,9,6165,197,12
38.145181,133.910444,2026-09-02 01:21:00.890819328,9,3750,220,31
38.137564,133.927581,2026-09-02 01:21:00.890819072,9,5989,196,20
38.121785,133.947902,2026-09-02 01:21:01.235665408,9,3784,199,20
18.308297,133.289608,2026-09-02 01:21:16.237666816,9,4241,234,35
18.68264,130.764627,2026-09-02 01:21:20.128094720,9,5477,266,20
37.987428,139.09347,2026-09-02 01:21:36.26902016,9,4273,148,20
38.313718,133.730843,2026-09-02 01:22:05.295011840,9,3832,268,42
38.094872,133.796311,2026-09-02 01:22:05.295073536,9,5697,216,32
38.084025,133.788106,2026-09-02 01:22:05.295067648,9,7148,197,15
38.06067,133.806351,2026-09-02 01:22:05.562121984,9,9972,198,16
37.850367,137.089966,2026-09-02 01:22:06.659084544,9,7630,174,13
37.8598,137.107387,2026-09-02 01:22:07.176258048,9,4190,237,15
18.753906,130.748752,2026-09-02 01:22:12.827195136,9,2560,221,24
37.910854,139.005948,2026-09-02 01:22:22.945239296,9,9742,141,40
37.985377,138.979894,2026-09-02 01:22:22.945263616,9,3342,175,21
37.936397,139.006481,2026-09-02 01:22:22.945246976,9,6765,193,11
37.923985,139.015358,2026-09-02 01:22:23.22112512,9,9547,140,26
37.924886,139.014501,2026-09-02 01:22:23.126189568,9,11071,149,17
37.909229,139.022466,2026-09-02 01:22:23.184091392,9,5574,195,33
37.916615,139.030212,2026-09-02 01:22:23.184088832,9,5997,143,19
37.917622,138.990147,2026-09-02 01:22:23.366449152,9,1371,207,33
37.914303,139.039527,2026-09-02 01:22:23.366453504,9,8037,143,24
37.924274,139.015991,2026-09-02 01:22:23.572840192,9,7745,148,16
37.915548,139.017117,2026-09-02 01:22:23.603758592,9,4094,140,22
15.239385,134.384783,2026-09-02 01:22:33.736478720,9,3516,240,17
15.194817,134.647484,2026-09-02 01:22:34.263918592,9,3824,241,13
18.690774,130.728618,2026-09-02 01:22:42.509751040,9,12089,180,49
18.73895,130.731293,2026-09-02 01:22:42.962017792,9,3862,205,21
15.532195,133.778982,2026-09-02 01:22:49.22406912,9,1911,253,43
16.366122,-97.25355,2026-09-02 01:20:00.521358336,13,5191,268,45
43.043037,-97.801719,2026-09-02 01:20:01.106988544,13,9211,126,31
45.26269,-115.154233,2026-09-02 01:20:01.487275264,13,12580,90,21
42.679541,-99.539915,2026-09-02 01:20:01.798991104,13,11106,86,30
39.953996,-74.652907,2026-09-02 01:20:02.350620416,13,12494,215,22
39.954545,-74.841371,2026-09-02 01:20:02.350680832,13,6802,203,26
39.948191,-74.653522,2026-09-02 01:20:02.533939712,13,8777,140,52
39.976267,-74.669716,2026-09-02 01:20:02.533948160,13,7538,196,33
39.672784,-73.863541,2026-09-02 01:20:02.851623680,13,5335,242,35
42.940806,-97.472708,2026-09-02 01:20:04.39937536,13,7578,95,33
42.946441,-97.41514,2026-09-02 01:20:04.39968768,13,8427,137,35
39.719594,-74.761385,2026-09-02 01:20:04.961952512,13,6075,142,42
39.723589,-74.750876,2026-09-02 01:20:05.232771328,13,2444,261,63
39.740249,-74.741252,2026-09-02 01:20:05.232781568,13,11173,190,61
39.800807,-74.760762,2026-09-02 01:20:05.232853760,13,9431,243,39
39.729291,-74.754139,2026-09-02 01:20:05.371201280,13,10499,142,28
39.721351,-74.764811,2026-09-02 01:20:05.557456640,13,7007,153,47
39.751364,-74.761991,2026-09-02 01:20:05.557524224,13,10452,204,24
39.650226,-75.035817,2026-09-02 01:20:06.58815744,13,6401,213,29
39.904367,-74.730495,2026-09-02 01:20:06.588734720,13,7187,165,22
39.914583,-74.763578,2026-09-02 01:20:06.640614400,13,7111,138,25
39.896945,-74.759519,2026-09-02 01:20:06.739369472,13,10549,180,22
52.595291,-83.629892,2026-09-02 01:20:06.807769600,13,10661,172,19
40.013182,-74.512467,2026-09-02 01:20:07.468994048,13,6564,185,100
40.043423,-74.503295,2026-09-02 01:20:07.469005056,13,2925,248,92
40.012963,-74.496621,2026-09-02 01:20:07.469000960,13,11468,175,79
40.006115,-74.486748,2026-09-02 01:20:07.468998400,13,11489,204,57
39.596654,-75.010696,2026-09-02 01:20:08.173436672,13,5740,152,25
39.624165,-75.015456,2026-09-02 01:20:08.173443072,13,6124,195,28
42.991654,-97.709354,2026-09-02 01:20:09.449801728,13,11498,104,55
42.988964,-97.770601,2026-09-02 01:20:09.449855232,13,13302,154,45
39.539006,-75.188659,2026-09-02 01:20:11.65285632,13,8263,204,23
39.431136,-75.221773,2026-09-02 01:20:11.329528320,13,8118,153,25
39.660468,-75.063337,2026-09-02 01:20:11.634471936,13,4403,252,29
39.675145,-75.028391,2026-09-02 01:20:11.634477312,13,11003,168,31
39.59155,-75.087597,2026-09-02 01:20:11.805010432,13,6955,191,38
39.563795,-75.08685,2026-09-02 01:20:11.858360320,13,10399,120,22
39.532481,-75.191352,2026-09-02 01:20:11.858391296,13,14288,190,19
39.534728,-75.650387,2026-09-02 01:20:12.197903360,13,13441,190,25
40.293648,-76.623114,2026-09-02 01:20:12.350199296,13,6690,141,24
39.594035,-75.719838,2026-09-02 01:20:13.415537152,13,6187,189,30
26.483942,-101.333408,2026-09-02 01:20:13.514877696,13,8221,124,90
39.660738,-73.848909,2026-09-02 01:20:14.967677440,13,13206,179,29
39.679468,-73.86033,2026-09-02 01:20:15.78353920,13,6180,178,50
39.687857,-73.990857,2026-09-02 01:20:15.78396928,13,5578,205,28
39.698228,-73.877754,2026-09-02 01:20:15.277007104,13,10315,178,48
50.783607,-81.776132,2026-09-02 01:20:15.381065728,13,13720,190,19
39.680978,-73.869323,2026-09-02 01:20:15.415269376,13,3763,200,44
39.954863,-74.69112,2026-09-02 01:20:15.523610880,13,7050,139,46
39.694673,-73.870047,2026-09-02 01:20:15.626317824,13,7083,206,47
26.501821,-73.838777,2026-09-02 01:20:15.662318592,13,6256,259,57
16.428302,-97.582675,2026-09-02 01:20:16.57897472,13,11727,270,28
43.120621,-110.179658,2026-09-02 01:20:17.289219328,13,5208,81,32
42.258583,-98.318909,2026-09-02 01:20:17.516345344,13,12334,196,20
39.65999,-75.079876,2026-09-02 01:20:17.860175872,13,6290,198,51
39.606257,-75.177205,2026-09-02 01:20:17.860213504,13,13861,189,35
39.617914,-75.002013,2026-09-02 01:20:17.860220672,13,12628,180,21
39.647386,-75.079532,2026-09-02 01:20:17.971880448,13,9547,193,21
39.653824,-75.074176,2026-09-02 01:20:18.119266048,13,8899,193,41
39.614431,-75.082674,2026-09-02 01:20:18.279108608,13,2940,266,65
39.655236,-75.066321,2026-09-02 01:20:18.279124736,13,5693,189,61
39.273069,-101.650742,2026-09-02 01:20:20.81718272,13,11356,180,25
39.625805,-75.037936,2026-09-02 01:20:21.332715776,13,12392,197,25
41.540919,-77.825227,2026-09-02 01:20:21.498295296,13,13234,94,36
41.543105,-77.829305,2026-09-02 01:20:21.657972736,13,12108,109,16
25.523409,-74.449313,2026-09-02 01:20:21.863475968,13,5164,268,50
42.126659,-84.792666,2026-09-02 01:20:22.32437248,13,14582,97,46
39.634734,-75.060223,2026-09-02 01:20:25.880918272,13,10713,115,26
20.282387,-90.596184,2026-09-02 01:20:26.171355392,13,5406,231,14
39.543146,-75.734619,2026-09-02 01:20:26.609609216,13,9811,107,25
39.547494,-75.749015,2026-09-02 01:20:26.815278592,13,10640,188,17
50.474188,-81.627262,2026-09-02 01:20:27.692465664,13,12141,157,27
50.486754,-81.574885,2026-09-02 01:20:27.952621824,13,11512,145,66
50.574649,-81.719155,2026-09-02 01:20:27.952647936,13,10609,212,53
50.4996,-81.615752,2026-09-02 01:20:28.127101952,13,13282,146,46
50.524062,-81.612352,2026-09-02 01:20:28.127157760,13,6541,202,48
50.468072,-81.63915,2026-09-02 01:20:28.207347456,13,12593,155,17
50.560668,-81.728317,2026-09-02 01:20:28.283932416,13,11147,194,25
50.471514,-81.630852,2026-09-02 01:20:28.638962944,13,13261,164,17
39.475859,-75.070121,2026-09-02 01:20:28.852395776,13,8846,151,15
37.82359,-101.696332,2026-09-02 01:20:29.90869504,13,12479,130,44
37.748167,-101.968731,2026-09-02 01:20:29.90849536,13,14452,234,29
25.680639,-75.028191,2026-09-02 01:20:29.535146240,13,5474,269,99
25.417233,-74.982582,2026-09-02 01:20:29.819403520,13,13557,266,15
39.679584,-74.011748,2026-09-02 01:20:29.976502016,13,4357,157,48
39.71711,-73.980324,2026-09-02 01:20:29.976515584,13,7000,203,35
51.215391,-81.830246,2026-09-02 01:20:30.367944448,13,9689,189,37
41.184833,-77.634955,2026-09-02 01:20:30.714592256,13,8473,135,23
45.481224,-113.095849,2026-09-02 01:20:31.43788288,13,14161,129,17
39.893289,-74.672077,2026-09-02 01:20:31.458946816,13,4306,140,60
39.915151,-74.668965,2026-09-02 01:20:31.458952960,13,12085,189,43
39.880758,-74.645419,2026-09-02 01:20:31.459007744,13,14662,163,23
39.905254,-74.671342,2026-09-02 01:20:31.539672832,13,11021,140,57
39.925661,-74.678799,2026-09-02 01:20:31.539682560,13,9783,197,34
41.365505,-77.579557,2026-09-02 01:20:31.705539072,13,9711,93,27
41.373754,-77.577059,2026-09-02 01:20:31.705544704,13,10716,140,24
39.661601,-75.071932,2026-09-02 01:20:32.306398720,13,8231,192,42
39.656456,-75.27904,2026-09-02 01:20:32.306455808,13,6373,202,30
39.668535,-75.089161,2026-09-02 01:20:32.397906176,13,12308,137,49
39.675168,-75.281577,2026-09-02 01:20:32.397966080,13,5511,206,26
39.643659,-75.060892,2026-09-02 01:20:32.435966720,13,14583,148,28
39.658851,-75.071462,2026-09-02 01:20:32.563183872,13,7963,178,46
39.655096,-75.273497,2026-09-02 01:20:32.563241984,13,6495,202,25
39.533816,-75.782267,2026-09-02 01:20:33.292586496,13,5579,200,38
39.554221,-76.025324,2026-09-02 01:20:33.292658176,13,10570,185,20
50.609635,-81.600293,2026-09-02 01:20:33.677456128,13,6330,212,23
39.634341,-75.834392,2026-09-02 01:20:33.997814272,13,6940,187,39
39.617216,-75.84016,2026-09-02 01:20:33.997819904,13,8192,192,35
39.621328,-75.828745,2026-09-02 01:20:34.48417280,13,8433,170,38
39.613812,-75.832407,2026-09-02 01:20:34.91600128,13,4397,170,44
39.636494,-75.846612,2026-09-02 01:20:34.91609600,13,10742,192,61
39.595024,-75.762835,2026-09-02 01:20:34.91647232,13,8746,198,41
39.199548,-70.443495,2026-09-02 01:20:34.621877504,13,9862,211,22
39.184835,-70.446119,2026-09-02 01:20:34.844727296,13,13154,208,26
39.214416,-70.480271,2026-09-02 01:20:34.844738304,13,10610,199,14
42.800406,-97.707606,2026-09-02 01:20:35.930439424,13,8608,136,21
40.248003,-76.65851,2026-09-02 01:20:36.121961472,13,14224,183,42
44.424053,-115.086911,2026-09-02 01:20:36.122474752,13,9182,90,28
39.960479,-74.62341,2026-09-02 01:20:36.719543040,13,9411,223,16
39.562464,-75.068145,2026-09-02 01:20:37.3518720,13,2478,260,60
39.615794,-75.043933,2026-09-02 01:20:37.3536640,13,11235,181,49
39.667495,-75.847068,2026-09-02 01:20:37.160224768,13,7976,198,29
39.490993,-75.615225,2026-09-02 01:20:37.345278208,13,10134,187,31
39.534009,-75.085112,2026-09-02 01:20:37.901705728,13,5887,190,29
39.919162,-74.76758,2026-09-02 01:20:37.932574464,13,9369,131,25
39.905566,-74.76619,2026-09-02 01:20:38.99174656,13,2796,194,39
50.93081,-81.634633,2026-09-02 01:20:39.44118784,13,7785,194,20
42.865281,-97.771566,2026-09-02 01:20:41.669475072,13,14944,162,19
39.704246,-74.178473,2026-09-02 01:20:42.220333056,13,7145,197,46
39.679493,-74.163425,2026-09-02 01:20:42.220333312,13,5695,198,77
39.676055,-74.158151,2026-09-02 01:20:42.399853568,13,11715,191,28
40.288586,-76.693987,2026-09-02 01:20:43.240846592,13,5736,193,26
39.510724,-75.158433,2026-09-02 01:20:44.458191360,13,6259,181,24
39.505746,-75.160821,2026-09-02 01:20:44.614082560,13,6687,179,38
39.47436,-75.259124,2026-09-02 01:20:44.614113536,13,14381,184,22
39.504468,-75.142382,2026-09-02 01:20:44.802999296,13,12092,219,19
39.471723,-75.257702,2026-09-02 01:20:44.803033344,13,13674,204,20
39.864001,-74.733986,2026-09-02 01:20:45.233241600,13,6659,155,26
39.989662,-74.4911,2026-09-02 01:20:45.820159744,13,9649,218,48
40.026879,-74.55555,2026-09-02 01:20:45.820169984,13,9177,176,35
51.47848,-82.126765,2026-09-02 01:20:46.131977216,13,6642,184,21
51.623078,-82.324028,2026-09-02 01:20:46.277406208,13,6333,215,65
51.695457,-82.346335,2026-09-02 01:20:46.277444608,13,9528,234,52
51.66118,-82.451453,2026-09-02 01:20:46.327499520,13,12980,268,41
51.724179,-82.439687,2026-09-02 01:20:46.327538688,13,10262,253,66
51.653404,-82.373293,2026-09-02 01:20:46.454408448,13,12159,198,22
51.668303,-82.346658,2026-09-02 01:20:46.509862656,13,9603,176,25
39.689984,-75.066462,2026-09-02 01:20:47.108070400,13,8421,192,56
39.679793,-75.261968,2026-09-02 01:20:47.108122368,13,7433,157,37
39.582226,-75.809235,2026-09-02 01:20:47.402493184,13,12743,183,42
39.564892,-75.949941,2026-09-02 01:20:47.402519296,13,14543,199,25
39.692187,-75.014599,2026-09-02 01:20:47.481538560,13,5683,194,24
39.977095,-74.701542,2026-09-02 01:20:48.459229440,13,7710,154,39
39.993879,-74.694756,2026-09-02 01:20:48.459296768,13,9223,202,22
40.008811,-74.696572,2026-09-02 01:20:48.542690816,13,5285,213,21
50.443324,-82.05647,2026-09-02 01:20:48.814140928,13,6074,250,24
44.842989,-84.162576,2026-09-02 01:20:49.136926976,13,13098,231,29
39.631448,-75.086836,2026-09-02 01:20:52.457923328,13,4690,151,54
39.658678,-75.067056,2026-09-02 01:20:52.457932800,13,8196,197,38
20.665769,-73.490941,2026-09-02 01:20:52.618835968,13,9486,178,30
39.560101,-75.883672,2026-09-02 01:20:54.333309440,13,10913,149,44
39.65104,-75.840417,2026-09-02 01:20:54.333342464,13,12994,191,26
42.320043,-98.227528,2026-09-02 01:20:54.772057088,13,9467,128,26
39.545817,-75.78098,2026-09-02 01:20:54.791734784,13,11367,136,20
24.508645,-90.246821,2026-09-02 01:20:55.314625536,13,5109,260,57
24.510376,-90.232025,2026-09-02 01:20:55.365174784,13,6825,247,22
19.519979,-78.774666,2026-09-02 01:20:56.481423360,13,8859,267,22
39.945025,-74.616223,2026-09-02 01:20:56.510426368,13,14953,181,20
19.525842,-78.794871,2026-09-02 01:20:56.519349504,13,12854,267,16
42.276502,-98.167595,2026-09-02 01:20:57.143282432,13,9928,88,23
39.650984,-75.080613,2026-09-02 01:20:58.50635520,13,12951,193,31
40.024093,-74.488956,2026-09-02 01:20:58.750274560,13,11960,199,32
39.953255,-74.554106,2026-09-02 01:20:58.750310656,13,14611,161,28
40.028871,-74.485811,2026-09-02 01:20:58.791681280,13,9751,195,27
40.029188,-74.605172,2026-09-02 01:21:00.299312896,13,8720,217,35
39.941893,-74.66402,2026-09-02 01:21:00.299341056,13,5813,203,23
39.610868,-75.847558,2026-09-02 01:21:00.334961408,13,8949,186,25
39.51722,-75.117339,2026-09-02 01:21:00.671353600,13,7110,190,35
50.686545,-82.35118,2026-09-02 01:21:01.75157504,13,7025,255,26
39.71555,-74.724705,2026-09-02 01:21:01.290190592,13,7454,218,43
39.656613,-75.872274,2026-09-02 01:21:02.372905984,13,10418,183,31
39.683453,-74.177085,2026-09-02 01:21:03.11899136,13,10129,195,19
39.682683,-75.084055,2026-09-02 01:21:04.389571328,13,13644,179,39
39.669785,-75.065316,2026-09-02 01:21:04.489225984,13,7902,183,69
39.659945,-75.047004,2026-09-02 01:21:04.545979392,13,9794,142,28
39.661835,-75.053816,2026-09-02 01:21:04.609325056,13,7577,166,26
28.095284,-108.801049,2026-09-02 01:21:05.48726016,13,9059,180,50
28.13181,-108.814644,2026-09-02 01:21:05.48776704,13,11878,251,68
28.083628,-108.817087,2026-09-02 01:21:05.271116288,13,14328,233,47
40.882218,-77.178506,2026-09-02 01:21:05.310585088,13,10850,98,17
28.101239,-108.803479,2026-09-02 01:21:05.367136768,13,9791,233,83
28.079634,-108.833019,2026-09-02 01:21:05.367168000,13,14721,181,71
39.624158,-75.849462,2026-09-02 01:21:06.376848128,13,5775,198,34
39.55804,-75.964991,2026-09-02 01:21:06.376872448,13,14224,195,27
39.596156,-75.858102,2026-09-02 01:21:06.440455936,13,5513,160,45
39.612117,-75.842778,2026-09-02 01:21:06.440466944,13,6919,192,26
42.905251,-97.235879,2026-09-02 01:21:06.661310976,13,14536,107,38
39.658892,-73.874889,2026-09-02 01:21:07.220111616,13,5093,193,56
39.670539,-73.877979,2026-09-02 01:21:07.220116224,13,10212,190,50
39.652496,-73.881024,2026-09-02 01:21:07.262137600,13,2632,201,42
39.675516,-73.888397,2026-09-02 01:21:07.262140160,13,10535,201,51
39.719464,-73.84161,2026-09-02 01:21:07.610014976,13,11934,202,40
39.69373,-73.817944,2026-09-02 01:21:07.610010624,13,7338,195,59
39.678266,-73.819267,2026-09-02 01:21:07.610061824,13,14440,169,43
21.101689,-74.833676,2026-09-02 01:21:08.38699008,13,12098,241,14
39.738319,-74.746045,2026-09-02 01:21:08.136269824,13,8017,153,30
28.903659,-108.663314,2026-09-02 01:21:08.161776640,13,12768,228,55
28.997861,-108.657453,2026-09-02 01:21:08.161845248,13,10207,242,39
28.73241,-108.641854,2026-09-02 01:21:08.315095296,13,5963,231,31
42.958168,-97.459909,2026-09-02 01:21:10.15299072,13,8130,81,69
39.274995,-75.256618,2026-09-02 01:21:11.449153536,13,4842,140,29
42.805492,-97.561915,2026-09-02 01:21:12.110467328,13,11780,103,25
42.661869,-97.514936,2026-09-02 01:21:13.69302016,13,10352,103,18
39.924192,-74.658867,2026-09-02 01:21:13.577371392,13,10747,182,20
42.837123,-97.513329,2026-09-02 01:21:13.831287296,13,11105,138,23
39.669959,-75.07203,2026-09-02 01:21:14.57607680,13,3506,201,42
39.642701,-75.060617,2026-09-02 01:21:14.57603072,13,7386,192,48
39.625852,-74.986649,2026-09-02 01:21:14.57638144,13,6367,203,34
39.937048,-74.613883,2026-09-02 01:21:14.118377216,13,9906,182,26
39.629074,-75.07454,2026-09-02 01:21:14.134967808,13,8588,138,39
39.648108,-75.077376,2026-09-02 01:21:14.134973952,13,5925,194,37
39.711857,-73.976453,2026-09-02 01:21:14.212101120,13,7061,157,33
39.733016,-73.958623,2026-09-02 01:21:14.212112384,13,8871,205,30
39.627781,-75.074071,2026-09-02 01:21:14.229737728,13,8582,196,19
39.64309,-75.209725,2026-09-02 01:21:14.229782272,13,12543,161,25
39.648691,-75.08027,2026-09-02 01:21:14.302584576,13,8313,212,33
39.624584,-75.078522,2026-09-02 01:21:14.616509184,13,6096,138,32
50.374943,-82.181929,2026-09-02 01:21:15.201899264,13,13411,194,41
41.097538,-77.614916,2026-09-02 01:21:15.477637376,13,12788,46,90
41.098398,-77.624663,2026-09-02 01:21:15.477647872,13,5833,136,67
41.102617,-77.60784,2026-09-02 01:21:15.477702656,13,13133,162,42
35.624064,-59.702274,2026-09-02 01:21:16.251510272,13,7530,255,35
39.672279,-74.112444,2026-09-02 01:21:16.728326912,13,5405,210,35
39.693135,-74.104344,2026-09-02 01:21:16.728392192,13,8546,202,22
42.918379,-97.682518,2026-09-02 01:21:17.857396992,13,14461,104,40
42.873182,-97.752771,2026-09-02 01:21:17.857444864,13,7262,132,25
39.570843,-75.628215,2026-09-02 01:21:20.35414016,13,14597,175,24
43.201491,-99.441837,2026-09-02 01:21:20.58204928,13,14389,118,21
39.60743,-75.851586,2026-09-02 01:21:20.122255360,13,8659,177,60
39.619121,-75.846688,2026-09-02 01:21:20.122268416,13,6430,186,39
39.610281,-75.844044,2026-09-02 01:21:20.171748096,13,9056,176,29
39.549538,-75.928618,2026-09-02 01:21:20.171789056,13,12505,155,40
39.619897,-75.855771,2026-09-02 01:21:20.211224064,13,8853,170,32
39.557495,-75.919472,2026-09-02 01:21:20.211252992,13,11425,184,22
39.610134,-75.837101,2026-09-02 01:21:20.272163584,13,8287,171,49
39.555726,-75.934325,2026-09-02 01:21:20.272198912,13,13345,169,34
39.583167,-75.748835,2026-09-02 01:21:20.272210176,13,8172,198,21
39.599243,-75.855191,2026-09-02 01:21:20.338904832,13,9101,177,24
39.527047,-75.710011,2026-09-02 01:21:21.80103424,13,12612,174,20
43.991413,-97.987803,2026-09-02 01:21:21.603100416,13,9317,173,25
44.389532,-99.072518,2026-09-02 01:21:22.581669888,13,13423,124,35
44.394748,-99.104622,2026-09-02 01:21:22.581677568,13,6756,124,80
39.179438,-70.239965,2026-09-02 01:21:23.387268352,13,9628,224,25
39.909115,-74.66012,2026-09-02 01:21:24.319527936,13,6393,197,26
39.682288,-73.989302,2026-09-02 01:21:25.317839872,13,7068,190,37
39.759378,-71.240365,2026-09-02 01:21:25.842182912,13,6963,215,54
39.740696,-71.263987,2026-09-02 01:21:25.842183168,13,3662,241,65
39.712851,-71.204576,2026-09-02 01:21:25.842169600,13,8296,196,50
39.738367,-71.229443,2026-09-02 01:21:25.910803200,13,4052,218,37
39.669161,-71.306546,2026-09-02 01:21:25.910838784,13,9691,212,33
39.776387,-71.24552,2026-09-02 01:21:26.35493120,13,3619,234,25
39.662121,-71.300241,2026-09-02 01:21:26.35520000,13,11551,212,38
16.477763,-97.568089,2026-09-02 01:21:26.248969728,13,12092,268,54
42.809136,-97.647616,2026-09-02 01:21:26.858116352,13,13342,137,23
39.6593,-75.052968,2026-09-02 01:21:27.31538944,13,8301,203,19
39.676679,-75.048991,2026-09-02 01:21:27.71223296,13,6930,198,34
39.987174,-74.570991,2026-09-02 01:21:27.835024384,13,8977,181,20
39.981845,-74.589439,2026-09-02 01:21:27.994802432,13,7529,197,34
39.600998,-75.835251,2026-09-02 01:21:28.58353920,13,7348,172,25
50.146197,-82.223563,2026-09-02 01:21:28.552830976,13,11336,153,25
44.304725,-99.617548,2026-09-02 01:21:29.142037760,13,13961,120,29
53.219709,-82.982401,2026-09-02 01:21:30.542278400,13,9331,166,25
40.100364,-74.666387,2026-09-02 01:21:31.399037184,13,7970,212,27
40.935611,-77.164654,2026-09-02 01:21:34.777762304,13,14499,151,32
39.662778,-74.225054,2026-09-02 01:21:34.781244416,13,6349,202,35
39.67725,-74.218267,2026-09-02 01:21:34.781253120,13,4027,207,35
39.646054,-74.192418,2026-09-02 01:21:34.781304064,13,11814,179,24
40.915667,-77.157994,2026-09-02 01:21:35.378417152,13,10075,110,25
39.617947,-75.873923,2026-09-02 01:21:36.204317440,13,10863,131,50
39.638413,-76.059353,2026-09-02 01:21:36.204383744,13,13540,185,28
39.631546,-75.856146,2026-09-02 01:21:36.477239552,13,9915,171,49
39.627102,-76.035496,2026-09-02 01:21:36.477293056,13,8892,196,28
39.784968,-75.756509,2026-09-02 01:21:36.586146816,13,5234,188,37
39.650373,-75.858797,2026-09-02 01:21:36.586095360,13,5783,187,40
41.131954,-77.544258,2026-09-02 01:21:36.636560128,13,13081,104,29
39.629613,-75.045505,2026-09-02 01:21:37.484122880,13,5478,149,58
39.923242,-74.669805,2026-09-02 01:21:38.318798848,13,7047,86,62
39.926873,-74.580631,2026-09-02 01:21:39.422981376,13,11417,107,22
39.899305,-74.639981,2026-09-02 01:21:41.4432384,13,7811,152,43
39.709959,-74.008403,2026-09-02 01:21:41.78273792,13,8342,170,34
39.743239,-74.020556,2026-09-02 01:21:41.78285568,13,5371,205,43
39.725134,-74.19905,2026-09-02 01:21:41.78336768,13,8168,194,30
39.772511,-74.059103,2026-09-02 01:21:41.143550464,13,6811,188,40
39.775402,-74.056164,2026-09-02 01:21:41.143559168,13,7654,193,33
39.749716,-73.974723,2026-09-02 01:21:41.143593728,13,8682,209,21
39.763933,-74.074598,2026-09-02 01:21:41.278723072,13,9666,192,28
39.772829,-74.267157,2026-09-02 01:21:41.278782720,13,7855,193,30
43.642989,-112.358358,2026-09-02 01:21:41.563613440,13,14548,77,35
44.866863,-83.923278,2026-09-02 01:21:43.510653696,13,9438,156,58
44.849743,-83.922576,2026-09-02 01:21:43.510658304,13,11749,185,43
42.644087,-97.462143,2026-09-02 01:21:44.10861056,13,10727,89,24
40.026736,-74.495146,2026-09-02 01:21:44.895373056,13,6196,189,59
40.010441,-74.502299,2026-09-02 01:21:44.895370496,13,7661,175,76
39.97973,-74.474631,2026-09-02 01:21:44.895416320,13,10509,164,52
39.625683,-75.083025,2026-09-02 01:21:45.442632960,13,5994,138,37
39.578711,-75.149869,2026-09-02 01:21:45.442667008,13,9667,190,25
39.993097,-74.454081,2026-09-02 01:21:45.612150272,13,10526,183,35
39.95836,-74.56949,2026-09-02 01:21:45.612180224,13,10126,198,29
40.018504,-74.484822,2026-09-02 01:21:45.680329472,13,6843,199,32
39.861105,-74.442635,2026-09-02 01:21:45.680335616,13,13360,220,25
40.181832,-76.21054,2026-09-02 01:21:47.149974272,13,9288,126,42
40.180822,-76.330528,2026-09-02 01:21:47.150009600,13,5328,176,67
40.171708,-76.203429,2026-09-02 01:21:47.149980928,13,13390,176,54
40.154831,-76.199945,2026-09-02 01:21:47.150035200,13,10055,154,41
40.183019,-76.211861,2026-09-02 01:21:47.182202624,13,10447,120,29
40.179242,-76.227939,2026-09-02 01:21:47.286434816,13,6909,116,72
40.181391,-76.213057,2026-09-02 01:21:47.286440448,13,11722,166,52
40.164593,-76.147653,2026-09-02 01:21:47.286487808,13,4741,195,32
40.190794,-76.223562,2026-09-02 01:21:47.318525952,13,7234,146,37
40.182474,-76.219157,2026-09-02 01:21:47.359992576,13,12267,110,20
39.924055,-74.671299,2026-09-02 01:21:47.717729280,13,6805,165,60
39.949876,-74.542823,2026-09-02 01:21:48.156556800,13,10369,166,27
39.658712,-74.06582,2026-09-02 01:21:49.41155328,13,8527,190,33
39.921041,-74.575011,2026-09-02 01:21:50.284496128,13,10769,178,62
39.931873,-74.610901,2026-09-02 01:21:50.284503552,13,7437,170,47
39.91529,-74.589068,2026-09-02 01:21:50.284556544,13,10726,182,33
16.484679,-97.565722,2026-09-02 01:21:50.860489216,13,6928,269,25
25.711231,-105.374024,2026-09-02 01:21:51.717800704,13,11620,173,50
39.789874,-74.969104,2026-09-02 01:21:52.125175040,13,3471,175,35
39.93207,-74.656864,2026-09-02 01:21:53.184781312,13,12626,184,21
39.935958,-74.642314,2026-09-02 01:21:53.184784384,13,11288,184,23
39.663238,-74.974982,2026-09-02 01:21:55.86870272,13,6550,202,42
39.681223,-74.986393,2026-09-02 01:21:55.86870784,13,3851,198,45
39.615915,-74.95964,2026-09-02 01:21:55.86924032,13,11892,148,32
39.662578,-74.976745,2026-09-02 01:21:55.151482624,13,7202,191,38
39.669412,-73.932381,2026-09-02 01:21:55.218805760,13,10711,213,23
39.673474,-75.003623,2026-09-02 01:21:55.350791680,13,7122,194,28
39.688914,-73.957202,2026-09-02 01:21:55.419877120,13,11249,198,25
39.757351,-70.963009,2026-09-02 01:21:55.833354496,13,13152,216,47
39.737019,-70.927137,2026-09-02 01:21:55.833359872,13,8006,227,52
25.482268,-74.965209,2026-09-02 01:21:59.149062144,13,8141,265,45
39.541594,-74.070567,2026-09-02 01:21:59.454298112,13,5418,159,40
39.504304,-75.683911,2026-09-02 01:21:59.762747136,13,8354,191,29
39.498736,-75.912842,2026-09-02 01:21:59.762824960,13,12782,197,29
39.675349,-75.605144,2026-09-02 01:21:59.973885952,13,13780,180,17
42.855823,-97.655733,2026-09-02 01:22:01.54635264,13,8419,154,30
42.742175,-97.596565,2026-09-02 01:22:01.54685696,13,11562,166,47
40.288082,-76.74554,2026-09-02 01:22:01.351968768,13,5340,135,48
40.275948,-76.73368,2026-09-02 01:22:01.351965440,13,10150,153,61
40.222406,-76.689457,2026-09-02 01:22:01.352036096,13,12983,135,32
43.173765,-97.615281,2026-09-02 01:22:02.28402176,13,14006,192,16
39.734665,-74.735119,2026-09-02 01:22:02.97891072,13,9550,142,26
39.720571,-74.695376,2026-09-02 01:22:02.284239616,13,7948,113,60
39.756239,-74.717725,2026-09-02 01:22:02.284256256,13,4277,199,38
39.699237,-74.66906,2026-09-02 01:22:02.284299264,13,12181,164,25
39.74868,-74.984206,2026-09-02 01:22:02.769777152,13,9660,187,63
39.702134,-75.078529,2026-09-02 01:22:02.769815808,13,9099,198,48
39.66851,-74.887932,2026-09-02 01:22:02.769825536,13,12428,175,32
42.815071,-97.640542,2026-09-02 01:22:03.985322752,13,12432,183,23
44.841711,-84.058113,2026-09-02 01:22:04.31474432,13,11430,97,23
39.762546,-70.603755,2026-09-02 01:22:04.211817216,13,11863,232,56
39.734765,-70.596747,2026-09-02 01:22:04.211871744,13,10408,187,34
39.763232,-70.626574,2026-09-02 01:22:04.241663232,13,10409,219,44
39.72568,-70.585202,2026-09-02 01:22:04.241713920,13,5385,205,24
39.595015,-75.83112,2026-09-02 01:22:04.497383936,13,10620,170,41
39.555004,-75.906354,2026-09-02 01:22:04.497420544,13,13895,155,53
39.581532,-75.735125,2026-09-02 01:22:04.497427968,13,4211,204,41
39.634386,-75.825786,2026-09-02 01:22:04.577917952,13,10718,168,40
39.61866,-75.81299,2026-09-02 01:22:04.577970944,13,11993,169,26
39.625281,-75.845452,2026-09-02 01:22:04.677185536,13,8871,174,37
39.535369,-75.692587,2026-09-02 01:22:04.924599552,13,12251,171,23
39.591824,-74.881737,2026-09-02 01:22:06.365302272,13,11020,164,26
39.300438,-102.33656,2026-09-02 01:22:07.285847296,13,6097,109,34
39.305447,-102.335537,2026-09-02 01:22:07.285848320,13,6336,196,20
39.707941,-73.894394,2026-09-02 01:22:07.708986368,13,10802,203,18
39.628008,-75.839966,2026-09-02 01:22:08.874392320,13,8703,207,42
26.376163,-101.36043,2026-09-02 01:22:09.28714752,13,7675,206,48
39.55365,-75.660068,2026-09-02 01:22:09.307480320,13,9753,189,31
39.9648,-74.632482,2026-09-02 01:22:09.413688064,13,14150,184,18
51.527158,-82.136244,2026-09-02 01:22:09.812081408,13,6997,260,20
39.663792,-74.081795,2026-09-02 01:22:09.864571648,13,12559,201,16
39.978734,-74.636068,2026-09-02 01:22:10.181519616,13,9765,209,34
22.777701,-101.780663,2026-09-02 01:22:10.811620352,13,6914,233,38
39.642345,-75.01132,2026-09-02 01:22:11.379566336,13,12846,187,30
39.632457,-75.029548,2026-09-02 01:22:11.739345920,13,7276,197,30
42.788649,-97.694394,2026-09-02 01:22:12.469079296,13,11176,99,29
39.710558,-73.967166,2026-09-02 01:22:12.616438016,13,7979,202,51
39.71098,-73.823411,2026-09-02 01:22:12.702340096,13,13808,156,38
39.695095,-73.864473,2026-09-02 01:22:12.702351872,13,5618,211,34
39.727391,-73.981832,2026-09-02 01:22:12.916836608,13,9748,207,33
39.683144,-73.942003,2026-09-02 01:22:12.916889600,13,14069,168,24
39.56341,-75.639564,2026-09-02 01:22:13.714880512,13,7873,107,21
44.80463,-83.939761,2026-09-02 01:22:14.137783040,13,9634,189,18
39.926137,-74.61633,2026-09-02 01:22:14.496927232,13,6656,211,25
39.89399,-74.600025,2026-09-02 01:22:14.625010176,13,9177,142,23
44.86753,-83.934814,2026-09-02 01:22:15.477575680,13,10308,110,44
44.856627,-83.940645,2026-09-02 01:22:15.477589504,13,4298,169,83
44.840786,-83.951232,2026-09-02 01:22:15.477593344,13,7885,172,68
44.833681,-83.947619,2026-09-02 01:22:15.477590528,13,6564,129,53
43.036463,-110.053053,2026-09-02 01:22:15.639739136,13,8351,130,27
40.707799,-76.823313,2026-09-02 01:22:15.883943680,13,11974,174,17
39.558191,-75.658912,2026-09-02 01:22:16.768122368,13,11959,127,19
39.599624,-75.550619,2026-09-02 01:22:16.807520000,13,14475,148,19
39.626121,-75.004114,2026-09-02 01:22:17.88879872,13,6328,197,55
39.616091,-75.129782,2026-09-02 01:22:17.88916224,13,7036,199,48
39.598186,-74.901673,2026-09-02 01:22:17.88916224,13,9211,203,34
40.192968,-76.55243,2026-09-02 01:22:17.223752448,13,4335,147,56
40.26525,-76.495001,2026-09-02 01:22:17.223783680,13,6373,172,43
40.237062,-76.47452,2026-09-02 01:22:17.223776000,13,12967,173,30
28.61009,-109.018497,2026-09-02 01:22:17.536917504,13,9002,231,43
41.554931,-110.019585,2026-09-02 01:22:19.864054784,13,9917,102,30
41.578893,-109.983405,2026-09-02 01:22:19.890013952,13,10070,97,23
40.279589,-76.676519,2026-09-02 01:22:19.920667136,13,8825,158,23
40.283714,-76.658472,2026-09-02 01:22:20.44088064,13,5642,141,38
40.323246,-76.661846,2026-09-02 01:22:20.44100608,13,14241,158,23
39.868146,-74.477489,2026-09-02 01:22:21.31841024,13,7157,158,23
24.471216,-90.246844,2026-09-02 01:22:21.85869312,13,7918,215,74
25.558251,-105.544462,2026-09-02 01:22:21.270543360,13,13476,175,27
41.274326,-77.657132,2026-09-02 01:22:21.679278080,13,3602,82,74
41.285552,-77.681853,2026-09-02 01:22:21.679281920,13,8567,119,58
41.219242,-77.746904,2026-09-02 01:22:21.679313920,13,9331,132,37
39.88974,-74.409854,2026-09-02 01:22:21.701695744,13,9596,145,40
39.941002,-74.459668,2026-09-02 01:22:21.701782272,13,13246,204,26
28.943341,-108.671213,2026-09-02 01:22:22.152858112,13,9835,228,39
39.968527,-74.6262,2026-09-02 01:22:22.230144512,13,8325,210,41
51.785338,-82.421454,2026-09-02 01:22:22.696242176,13,4335,264,44
51.799348,-82.449916,2026-09-02 01:22:22.696231424,13,7155,262,31
39.48712,-75.747394,2026-09-02 01:22:23.880707072,13,13143,127,23
39.661632,-74.143428,2026-09-02 01:22:24.111791616,13,7131,193,24
39.505855,-75.666734,2026-09-02 01:22:24.312226560,13,10899,137,27
39.537372,-75.126719,2026-09-02 01:22:24.573472512,13,10339,148,33
40.296049,-76.723297,2026-09-02 01:22:24.731726592,13,13609,156,25
20.886711,-105.542055,2026-09-02 01:22:24.910681600,13,11954,220,89
20.875359,-105.742962,2026-09-02 01:22:24.991314688,13,9824,266,35
39.691952,-70.604753,2026-09-02 01:22:25.641276416,13,6152,239,104
39.601817,-70.567506,2026-09-02 01:22:25.641253376,13,4156,208,88
39.61035,-70.571207,2026-09-02 01:22:25.641253632,13,10342,221,77
39.799363,-74.004281,2026-09-02 01:22:25.972288768,13,11409,200,22
42.158175,-84.717947,2026-09-02 01:22:27.720202240,13,9078,93,40
42.151951,-84.716509,2026-09-02 01:22:27.720201728,13,8533,169,61
39.921345,-74.786993,2026-09-02 01:22:27.838741504,13,10827,153,29
39.921285,-74.662667,2026-09-02 01:22:28.438423552,13,14557,197,34
25.512967,-75.046165,2026-09-02 01:22:28.725155840,13,9445,268,51
27.337988,-107.57433,2026-09-02 01:22:29.431969024,13,9498,239,19
39.745951,-71.30117,2026-09-02 01:22:30.211704832,13,3798,255,35
39.694566,-71.277874,2026-09-02 01:22:30.211760896,13,9402,183,22
39.906968,-74.666509,2026-09-02 01:22:30.428870400,13,10794,198,16
40.939733,-77.45313,2026-09-02 01:22:30.509131776,13,6055,163,36
40.975766,-77.470477,2026-09-02 01:22:30.509135104,13,7541,154,22
39.496935,-75.563647,2026-09-02 01:22:32.842581760,13,7755,186,30
39.257363,-102.362414,2026-09-02 01:22:33.342172672,13,8073,104,23
39.615074,-75.060126,2026-09-02 01:22:33.769892096,13,10309,156,49
39.60603,-75.859409,2026-09-02 01:22:33.775162624,13,9900,144,50
39.633098,-75.863842,2026-09-02 01:22:33.775173888,13,5682,191,39
39.6198,-75.059072,2026-09-02 01:22:33.828162560,13,8914,193,59
39.599735,-75.839036,2026-09-02 01:22:33.832728576,13,5298,149,49
39.629831,-75.844612,2026-09-02 01:22:33.832738304,13,7198,186,43
39.617021,-75.864601,2026-09-02 01:22:33.974163712,13,6777,181,73
39.60047,-75.834846,2026-09-02 01:22:33.974170368,13,9078,162,55
39.588151,-75.759238,2026-09-02 01:22:33.974210560,13,7896,198,39
39.588971,-75.746102,2026-09-02 01:22:33.974208512,13,12482,204,25
39.681396,-75.006728,2026-09-02 01:22:34.296903936,13,9716,165,29
39.574889,-75.148393,2026-09-02 01:22:34.296917248,13,10641,189,24
39.961521,-74.624103,2026-09-02 01:22:34.423280896,13,7607,196,44
45.440883,-113.559815,2026-09-02 01:22:35.932828160,13,9088,153,19
39.591222,-75.813753,2026-09-02 01:22:36.203616256,13,10059,179,34
39.584452,-75.78554,2026-09-02 01:22:36.203660544,13,12623,170,20
39.650675,-75.832751,2026-09-02 01:22:36.440504320,13,9300,145,22
53.48315,-83.544978,2026-09-02 01:22:37.529409536,13,7542,258,39
53.546081,-83.59714,2026-09-02 01:22:37.529391104,13,13597,169,30
16.498224,-97.570646,2026-09-02 01:22:37.979613952,13,6588,269,32
39.894687,-74.688842,2026-09-02 01:22:38.388817664,13,9395,211,32
39.949067,-74.635521,2026-09-02 01:22:38.388840704,13,13648,162,24
39.585032,-75.809122,2026-09-02 01:22:38.821188352,13,13210,169,23
42.055062,-122.983838,2026-09-02 01:22:39.668383232,13,11431,185,22
39.679568,-75.017373,2026-09-02 01:22:39.919688192,13,11672,196,21
40.266795,-76.645272,2026-09-02 01:22:40.328975616,13,7462,167,39
40.225021,-76.756213,2026-09-02 01:22:40.329016576,13,8705,184,24
40.259041,-76.676455,2026-09-02 01:22:40.398862080,13,4854,189,28
40.233357,-76.613804,2026-09-02 01:22:40.455832320,13,6206,138,25
40.294201,-76.646458,2026-09-02 01:22:40.455835136,13,8240,170,26
40.242108,-76.65851,2026-09-02 01:22:40.686125568,13,9444,147,51
40.193745,-76.73885,2026-09-02 01:22:40.686162176,13,11181,155,30
40.226491,-76.603896,2026-09-02 01:22:40.686175232,13,7516,192,17
42.916279,-97.692563,2026-09-02 01:22:41.506292992,13,11189,126,26
42.937975,-97.688695,2026-09-02 01:22:42.28901632,13,9070,173,29
19.85718,-73.731833,2026-09-02 01:22:42.154560256,13,5491,255,19
39.563138,-75.762543,2026-09-02 01:22:42.396698624,13,10331,174,19
39.563328,-75.70434,2026-09-02 01:22:42.742750976,13,5768,170,28
22.804947,-101.796103,2026-09-02 01:22:43.69795584,13,5152,247,48
39.963758,-74.619325,2026-09-02 01:22:43.861883392,13,6751,192,23
30.229268,-107.802002,2026-09-02 01:22:44.262447104,13,12227,207,38
21.358533,-102.543202,2026-09-02 01:22:44.700129792,13,7658,245,44
39.491576,-75.07774,2026-09-02 01:22:45.604521984,13,10042,179,40
39.510781,-75.66406,2026-09-02 01:22:45.631653888,13,7780,184,21
39.714961,-74.015236,2026-09-02 01:22:46.960250880,13,5316,203,66
39.736889,-74.024296,2026-09-02 01:22:46.960260096,13,8360,205,52
39.675865,-73.939018,2026-09-02 01:22:46.960298240,13,7583,187,32
24.98121,-106.641907,2026-09-02 01:22:47.38301952,13,10088,187,64
39.718192,-74.006041,2026-09-02 01:22:47.122965248,13,10147,207,29
39.727409,-74.024502,2026-09-02 01:22:47.506269696,13,9782,207,64
39.72486,-74.012657,2026-09-02 01:22:47.506270976,13,9494,194,69
39.679939,-73.975375,2026-09-02 01:22:47.506311680,13,11762,168,45
39.72926,-74.017913,2026-09-02 01:22:47.621771776,13,8228,196,46
39.572649,-75.028847,2026-09-02 01:22:47.655628288,13,14229,178,30
39.58466,-75.057099,2026-09-02 01:22:47.756133632,13,4602,201,58
39.592906,-75.041596,2026-09-02 01:22:47.756133120,13,9866,198,63
39.688067,-74.16118,2026-09-02 01:22:48.6654464,13,11235,203,35
39.680674,-74.340435,2026-09-02 01:22:48.6713600,13,11114,193,22
39.686898,-74.164662,2026-09-02 01:22:48.469441280,13,5069,220,35
39.647918,-74.126826,2026-09-02 01:22:48.469493248,13,13386,180,21
15.86939,-87.348131,2026-09-02 01:22:50.997133312,13,8404,268,20
39.637159,-74.995779,2026-09-02 01:22:51.239543296,13,6990,190,38
42.639477,-97.423994,2026-09-02 01:22:51.710668288,13,8920,89,19
42.854049,-97.298014,2026-09-02 01:22:51.893902592,13,14057,135,37
39.671373,-75.034386,2026-09-02 01:22:52.387946752,13,8322,197,34
44.773861,-83.880846,2026-09-02 01:22:53.3328768,13,10905,125,29
39.798982,-74.71947,2026-09-02 01:22:53.41205760,13,8880,163,22
44.878082,-83.933031,2026-09-02 01:22:54.271491584,13,14636,126,35
42.737025,-97.615919,2026-09-02 01:22:55.445193472,13,12648,90,26
39.649394,-75.067622,2026-09-02 01:22:55.809165312,13,5724,151,37
39.645813,-75.033162,2026-09-02 01:22:55.809229312,13,14774,180,20
39.681177,-75.066591,2026-09-02 01:22:55.851484672,13,8897,193,25
39.673068,-75.0519,2026-09-02 01:22:55.945900288,13,8974,151,32
39.6558,-75.042259,2026-09-02 01:22:56.73426688,13,7586,184,26
17.940821,-52.252836,2026-09-02 01:22:56.152313088,13,5915,241,37
39.694427,-75.058579,2026-09-02 01:22:56.203136512,13,7636,201,29
39.682171,-75.253248,2026-09-02 01:22:56.203192064,13,7872,159,25
39.579967,-74.18408,2026-09-02 01:22:56.387682304,13,8868,172,25
39.638303,-74.08881,2026-09-02 01:22:56.757169920,13,8510,173,64
39.624998,-74.222116,2026-09-02 01:22:56.757220352,13,12989,205,44
39.576482,-73.997951,2026-09-02 01:22:56.757232896,13,11653,168,33
39.636931,-74.093406,2026-09-02 01:22:56.966109440,13,7373,172,57
39.608605,-74.211158,2026-09-02 01:22:56.966148864,13,14284,189,40
39.608711,-75.8489,2026-09-02 01:22:58.604094464,13,8724,182,52
39.597585,-75.821877,2026-09-02 01:22:58.604093440,13,10363,162,46
39.584871,-75.757802,2026-09-02 01:22:58.604137728,13,13600,175,28
39.759288,-74.581427,2026-09-02 01:22:58.678641664,13,10267,165,29
39.727857,-74.660486,2026-09-02 01:22:58.678664448,13,7456,189,16
39.605575,-75.852112,2026-09-02 01:22:58.961638656,13,8128,178,45
39.605593,-75.830457,2026-09-02 01:22:58.961648640,13,7578,186,32
39.534085,-75.088724,2026-09-02 01:22:59.418309120,13,4858,240,29
39.996308,-74.592347,2026-09-02 01:22:59.681412864,13,11265,176,15
39.926231,-74.663438,2026-09-02 01:23:00.463824128,13,9046,192,54
39.921967,-74.645575,2026-09-02 01:23:00.463826176,13,12741,175,53
39.885547,-74.614951,2026-09-02 01:23:00.463880704,13,10115,164,32
39.289188,-102.323152,2026-09-02 01:23:00.522553856,13,7425,113,45
39.368491,-75.440647,2026-09-02 01:23:00.646297856,13,7806,177,30
39.59821,-75.660927,2026-09-02 01:23:01.510900992,13,11209,156,25
39.594074,-75.834286,2026-09-02 01:23:01.676253696,13,9760,175,40
39.276389,-70.351838,2026-09-02 01:23:02.222259968,13,14549,231,29
39.205291,-70.475739,2026-09-02 01:23:02.222300160,13,7664,202,16
39.557654,-75.043946,2026-09-02 01:23:02.627587584,13,5471,200,61
39.542593,-75.019203,2026-09-02 01:23:02.627591680,13,10269,170,47
39.564508,-75.047064,2026-09-02 01:23:03.227379200,13,9489,196,35
39.540347,-75.044425,2026-09-02 01:23:03.350859520,13,5996,201,19
39.575868,-75.038042,2026-09-02 01:23:03.463896320,13,9229,222,20
39.579007,-75.242273,2026-09-02 01:23:03.463959552,13,14465,159,22
39.595116,-75.675743,2026-09-02 01:23:04.358518272,13,12882,183,19
39.652205,-75.076545,2026-09-02 01:23:04.366328576,13,7169,184,29
42.250428,-98.29414,2026-09-02 01:23:04.565032960,13,13571,83,29
42.247481,-98.25696,2026-09-02 01:23:04.565039360,13,8582,141,19
50.318981,-82.178413,2026-09-02 01:23:04.711529728,13,11762,210,37
50.177951,-82.053007,2026-09-02 01:23:04.711582208,13,6594,154,22
39.963613,-74.616962,2026-09-02 01:23:05.131834368,13,5368,192,32
39.595207,-75.0292,2026-09-02 01:23:05.144965632,13,7462,191,27
39.624299,-75.042508,2026-09-02 01:23:05.144972288,13,6167,195,29
39.700839,-73.979131,2026-09-02 01:23:05.844519168,13,3588,211,43
39.714945,-73.95494,2026-09-02 01:23:05.844527872,13,7956,205,26
16.483966,-97.11848,2026-09-02 01:23:06.894242304,13,6543,261,24
41.013422,-77.130085,2026-09-02 01:23:08.89669888,13,8300,121,29
21.764353,-109.851614,2026-09-02 01:23:09.287856128,13,11827,264,53
39.637963,-75.045116,2026-09-02 01:23:09.629103360,13,7750,201,31
39.66639,-75.191147,2026-09-02 01:23:09.629153280,13,7322,161,26
39.937259,-74.570191,2026-09-02 01:23:10.419975424,13,6857,198,40
39.943021,-74.613646,2026-09-02 01:23:10.510573568,13,12333,200,17
39.91585,-74.54709,2026-09-02 01:23:10.510559232,13,8774,218,26
45.236405,-114.186272,2026-09-02 01:23:10.612049152,13,5881,162,37
45.173361,-114.281016,2026-09-02 01:23:10.612079104,13,14356,130,26
42.983375,-97.638175,2026-09-02 01:23:11.993284608,13,8859,82,30
39.735388,-70.593301,2026-09-02 01:23:13.281762560,13,5445,215,28
39.737356,-70.576587,2026-09-02 01:23:13.323286784,13,13496,216,18
39.7381,-70.563274,2026-09-02 01:23:13.482254080,13,6531,229,54
39.747179,-70.795149,2026-09-02 01:23:13.482320128,13,14107,218,36
43.096261,-110.021814,2026-09-02 01:23:14.917163520,13,14329,82,61
15.636426,133.73629,2026-09-02 01:20:06.9084928,14,4218,252,36
33.450694,134.876026,2026-09-02 01:20:16.12201728,14,9372,190,19
33.407784,134.922079,2026-09-02 01:20:16.23099136,14,11048,192,28
37.942097,139.050074,2026-09-02 01:20:21.433979392,14,9312,143,32
38.103507,133.945125,2026-09-02 01:21:00.869959680,14,7189,227,50
38.136591,133.925262,2026-09-02 01:21:00.869953280,14,3660,228,36
38.142917,133.911879,2026-09-02 01:21:00.890820096,14,5875,220,32
38.13769,133.912388,2026-09-02 01:21:01.235659264,14,14862,197,19
18.633781,130.748622,2026-09-02 01:21:40.716859904,14,6174,267,40
38.068472,133.820444,2026-09-02 01:22:05.295077376,14,5500,228,41
38.083876,133.798719,2026-09-02 01:22:05.295073536,14,5238,196,28
18.668223,130.748981,2026-09-02 01:22:12.827167744,14,5159,205,25
37.918137,139.018749,2026-09-02 01:22:22.945243648,14,6831,141,39
37.894967,139.199826,2026-09-02 01:22:22.945246976,14,13883,154,22
37.925903,139.015913,2026-09-02 01:22:23.22112000,14,11008,140,27
37.924941,139.014503,2026-09-02 01:22:23.126189568,14,11071,149,17
37.916215,139.016596,2026-09-02 01:22:23.184088320,14,7279,140,32
37.916009,139.021322,2026-09-02 01:22:23.366453248,14,6816,130,33
37.91943,139.009116,2026-09-02 01:22:23.603756544,14,6936,140,21
18.666781,130.751609,2026-09-02 01:22:42.509740288,14,6104,206,50
15.642377,133.759142,2026-09-02 01:22:49.22446080,14,5011,250,45
18.614223,130.792749,2026-09-02 01:23:07.689480960,14,3251,267,39
37.932795,139.125339,2026-09-02 01:23:13.812024832,14,10315,146,26
34.032444,4.732572,2026-09-02 01:20:04.715643392,11,5321,255,72
34.027213,4.733181,2026-09-02 01:20:04.715637248,11,5988,226,56
39.615815,-75.151613,2026-09-02 01:20:05.232898816,11,12294,115,60
23.14367,-6.871407,2026-09-02 01:20:13.559201792,11,5719,255,163
39.323087,-75.397011,2026-09-02 01:20:18.279214336,11,8109,245,29
38.172085,-73.922236,2026-09-02 01:20:28.9863680,11,11936,195,34
25.600302,-75.354243,2026-09-02 01:20:29.535295744,11,13347,241,157
25.570601,-75.413684,2026-09-02 01:20:29.637770240,11,9433,215,135
39.728549,-74.225339,2026-09-02 01:20:42.220353280,11,10997,167,163
25.46705,-75.497618,2026-09-02 01:20:47.984899584,11,12742,262,162
39.711773,-71.130349,2026-09-02 01:21:25.842143744,11,5602,259,208
35.209199,-1.070747,2026-09-02 01:21:33.703582720,11,10635,242,143
20.400978,-74.893698,2026-09-02 01:21:35.11076096,11,9932,238,77
5.961836,-69.636488,2026-09-02 01:21:47.853939456,11,10601,249,229
18.895537,-73.869761,2026-09-02 01:21:51.620323840,11,5946,251,118
40.159974,21.409827,2026-09-02 01:21:56.977946368,11,13387,79,229
40.176414,21.412729,2026-09-02 01:21:56.977961216,11,3418,252,337
39.442551,-75.248545,2026-09-02 01:22:17.89022208,11,12211,149,40
24.44049,-90.285432,2026-09-02 01:22:21.85853440,11,7987,165,131
41.270197,-77.679506,2026-09-02 01:22:21.679280128,11,10501,85,38
34.573881,4.76654,2026-09-02 01:22:23.476503040,11,3793,251,48
34.598374,4.790792,2026-09-02 01:22:23.476512000,11,7265,267,52
34.635885,4.781715,2026-09-02 01:22:23.477433600,11,5632,267,44
39.389311,-71.121597,2026-09-02 01:22:25.641258240,11,11377,259,117
42.160682,-84.737846,2026-09-02 01:22:27.720191488,11,10189,140,38
9.385157,18.882754,2026-09-02 01:22:31.49533696,11,13288,218,36
34.063391,4.971548,2026-09-02 01:22:34.959261952,11,13475,257,125
33.848768,4.882833,2026-09-02 01:22:34.959182336,11,6386,255,107
18.811744,-74.151632,2026-09-02 01:22:35.238862592,11,7522,234,126
39.781934,-74.104977,2026-09-02 01:22:47.506296320,11,9475,186,133
24.808787,-78.761293,2026-09-02 01:23:01.272148736,11,6569,269,102
33.86795,5.076132,2026-09-02 01:23:07.865438208,11,6034,267,148
34.032444,4.732572,2026-09-02 01:20:04.715643392,12,5321,255,72
39.584032,-75.028155,2026-09-02 01:20:05.232915968,12,4244,147,48
39.323087,-75.397011,2026-09-02 01:20:18.279214336,12,8109,245,29
38.172085,-73.922236,2026-09-02 01:20:28.9863680,12,11936,195,34
25.556648,-75.323926,2026-09-02 01:20:29.535278848,12,11404,241,150
39.728549,-74.225339,2026-09-02 01:20:42.220353280,12,10997,167,163
25.733544,-74.98642,2026-09-02 01:20:47.984924928,12,9456,269,244
39.471732,-75.494756,2026-09-02 01:21:14.57705984,12,12544,203,28
39.711771,-71.130353,2026-09-02 01:21:25.842143744,12,5592,259,207
34.856631,4.88779,2026-09-02 01:21:27.228602880,12,5226,267,62
35.209199,-1.070747,2026-09-02 01:21:33.703582720,12,10635,242,142
18.753084,-73.78578,2026-09-02 01:21:35.691501056,12,8963,251,70
17.750586,-52.972238,2026-09-02 01:21:44.230864384,12,4637,193,96
5.961836,-69.636488,2026-09-02 01:21:47.853939456,12,10601,249,233
40.159974,21.409827,2026-09-02 01:21:56.977946368,12,13387,79,229
40.176414,21.412729,2026-09-02 01:21:56.977961216,12,3418,252,337
24.44049,-90.285432,2026-09-02 01:22:21.85853440,12,7987,165,130
41.270197,-77.679506,2026-09-02 01:22:21.679280128,12,10501,85,38
34.577774,4.774158,2026-09-02 01:22:23.476509440,12,4165,251,46
34.594464,4.781581,2026-09-02 01:22:23.477421312,12,6041,249,51
34.667188,4.812457,2026-09-02 01:22:23.477442560,12,4966,235,34
39.389311,-71.121597,2026-09-02 01:22:25.641258240,12,11377,259,117
18.826197,-74.169761,2026-09-02 01:22:35.238870784,12,9168,235,125
17.751654,-52.971028,2026-09-02 01:22:39.72836608,12,8113,186,188
39.781938,-74.104967,2026-09-02 01:22:47.506296320,12,9471,186,133
25.552972,-75.428063,2026-09-02 01:22:50.238684160,12,9926,238,71
38.290245,-70.045285,2026-09-02 06:05:03.47402240,1,12934,196,32
43.785179,-93.335388,2026-09-02 06:05:37.364906240,1,14468,119,43
43.788289,-93.302532,2026-09-02 06:05:37.364961536,1,10287,133,28
44.039737,-92.995936,2026-09-02 06:05:38.993713408,1,13505,116,32
43.950029,-92.882841,2026-09-02 06:05:38.993758208,1,9613,158,19
36.525218,-59.343028,2026-09-02 06:05:39.69373696,1,6091,199,18
36.578181,-59.34175,2026-09-02 06:05:39.281501696,1,12942,164,23
55.770684,-46.587777,2026-09-02 06:05:53.843443968,1,12990,178,53
43.76578,-93.272266,2026-09-02 06:06:12.52579328,1,10383,118,41
36.527927,-59.383827,2026-09-02 06:06:19.578814720,1,11873,180,21
17.463472,-95.811024,2026-09-02 06:06:29.579774464,1,13068,266,37
38.5982,-69.634401,2026-09-02 06:06:53.811915776,1,8382,248,26
37.384663,141.059866,2026-09-02 06:05:09.995295744,2,6879,181,31
27.805258,120.272965,2026-09-02 06:05:16.165606144,2,14398,237,44
15.457042,155.394795,2026-09-02 06:05:59.441691392,2,4976,212,32
46.776923,133.151741,2026-09-02 06:06:24.872543744,2,6943,179,24
39.382445,139.105478,2026-09-02 06:07:04.690760448,2,13163,156,25
43.935524,-90.074909,2026-09-02 06:05:03.979078400,3,12170,185,32
15.924846,-94.166264,2026-09-02 06:05:12.61876224,3,8103,263,44
42.189438,-97.314753,2026-09-02 06:05:12.222225152,3,8469,131,30
42.189179,-97.31482,2026-09-02 06:05:12.222226944,3,8381,131,19
42.189219,-97.277863,2026-09-02 06:05:12.249214976,3,13909,122,41
42.18497,-97.298449,2026-09-02 06:05:12.249205504,3,11592,96,28
42.664934,-96.496459,2026-09-02 06:05:12.575293440,3,6560,126,33
42.6524,-96.511099,2026-09-02 06:05:12.575295744,3,7066,126,19
15.829768,-94.182552,2026-09-02 06:05:12.601041152,3,3575,266,27
42.622131,-96.460902,2026-09-02 06:05:12.611612416,3,8011,168,25
15.203073,-94.871116,2026-09-02 06:05:12.612896256,3,7627,266,20
44.036313,-92.88985,2026-09-02 06:05:14.990239744,3,8237,116,41
44.04451,-92.946223,2026-09-02 06:05:14.990228992,3,2254,220,26
15.785037,-94.227589,2026-09-02 06:05:22.89997056,3,6473,264,28
44.224224,-98.329507,2026-09-02 06:05:22.159254784,3,14415,98,29
15.117243,-95.029774,2026-09-02 06:05:22.172728576,3,6293,267,18
15.776165,-94.17395,2026-09-02 06:05:22.384315648,3,8446,266,32
15.112609,-95.043284,2026-09-02 06:05:22.436171008,3,5641,267,26
45.091831,-81.520886,2026-09-02 06:05:22.469800960,3,6596,185,64
45.058633,-81.456722,2026-09-02 06:05:22.469899008,3,12991,81,50
45.040449,-81.451474,2026-09-02 06:05:22.469892864,3,11950,115,37
45.050664,-81.447151,2026-09-02 06:05:22.469881088,3,6965,114,23
37.308631,-74.05642,2026-09-02 06:05:22.532344832,3,5246,221,62
37.362694,-74.062327,2026-09-02 06:05:22.532361472,3,3569,252,47
37.30819,-74.031903,2026-09-02 06:05:22.532409088,3,9434,169,33
37.308228,-74.044256,2026-09-02 06:05:22.532404480,3,10500,176,20
37.343453,-74.062611,2026-09-02 06:05:22.659427840,3,6156,257,49
37.312435,-74.064339,2026-09-02 06:05:22.659488768,3,14055,168,29
44.023285,-92.993592,2026-09-02 06:05:22.786673920,3,11134,116,33
44.092908,-92.941403,2026-09-02 06:05:22.786684416,3,13409,161,19
37.312504,-74.056842,2026-09-02 06:05:22.802210560,3,4210,231,68
37.353122,-74.057899,2026-09-02 06:05:22.802223104,3,3039,239,56
37.299857,-74.029564,2026-09-02 06:05:22.802270720,3,11002,169,42
37.343103,-74.038448,2026-09-02 06:05:22.802282496,3,8098,224,31
37.341514,-74.066576,2026-09-02 06:05:22.960227072,3,2720,254,34
37.39494,-74.048918,2026-09-02 06:05:22.960248320,3,3738,180,39
37.31273,-73.99612,2026-09-02 06:05:22.960270848,3,7208,190,26
15.697916,-94.098984,2026-09-02 06:05:30.462130944,3,6959,264,35
42.638003,-96.438314,2026-09-02 06:05:30.577330688,3,13751,138,67
42.658143,-96.54918,2026-09-02 06:05:30.577365248,3,12626,98,52
42.644934,-96.440001,2026-09-02 06:05:30.577402624,3,2443,177,39
15.684449,-94.112525,2026-09-02 06:05:30.585382912,3,4440,266,63
45.072739,-81.494693,2026-09-02 06:05:30.906646016,3,5514,183,29
44.249283,-92.4346,2026-09-02 06:05:31.356086272,3,4771,142,20
42.265851,-97.276828,2026-09-02 06:05:31.490574080,3,4734,135,21
43.986526,-92.903741,2026-09-02 06:05:38.993681920,3,9575,154,80
44.024446,-93.018175,2026-09-02 06:05:38.993712896,3,4786,170,67
44.013298,-92.951019,2026-09-02 06:05:38.993734912,3,3118,204,50
15.891294,-94.186254,2026-09-02 06:05:39.212728064,3,6225,263,17
45.317339,-81.157528,2026-09-02 06:05:46.632918528,3,9028,108,46
45.332275,-81.200766,2026-09-02 06:05:46.632979200,3,14687,180,30
35.802032,-58.9376,2026-09-02 06:05:54.189839616,3,5742,267,48
37.350463,-74.052431,2026-09-02 06:05:54.872438528,3,4414,216,38
37.362152,-74.05614,2026-09-02 06:05:54.949410816,3,4225,216,37
30.230703,-94.121743,2026-09-02 06:06:01.987270656,3,6475,162,25
30.286481,-94.018546,2026-09-02 06:06:01.987304192,3,13731,163,54
30.391217,-94.026668,2026-09-02 06:06:01.987332864,3,7414,238,38
30.426125,-94.008626,2026-09-02 06:06:01.987350272,3,8435,251,22
30.174272,-94.112805,2026-09-02 06:06:02.57098240,3,11851,112,47
30.226019,-94.013045,2026-09-02 06:06:02.57134080,3,9761,162,30
15.094896,-95.089472,2026-09-02 06:06:02.76535296,3,8936,267,27
18.717581,-99.957945,2026-09-02 06:06:02.149832448,3,9821,254,16
15.643766,-97.052556,2026-09-02 06:06:02.262469376,3,2242,267,26
42.858816,-96.135415,2026-09-02 06:06:02.451643904,3,10084,100,20
42.169681,-97.240438,2026-09-02 06:06:02.600443136,3,9513,124,23
30.188157,-94.126426,2026-09-02 06:06:02.633384704,3,7464,144,32
30.240006,-94.018647,2026-09-02 06:06:02.633427456,3,12192,164,18
30.23412,-94.008164,2026-09-02 06:06:02.813623040,3,9188,162,36
30.246595,-94.02029,2026-09-02 06:06:02.813618944,3,10722,226,21
30.791484,-93.854733,2026-09-02 06:06:02.850535168,3,13106,260,48
15.262268,-98.594452,2026-09-02 06:06:03.434420992,3,5841,268,21
15.803691,-94.182619,2026-09-02 06:06:10.576357632,3,11658,268,26
43.907991,-89.943669,2026-09-02 06:06:11.229206528,3,13508,96,30
43.890984,-89.960019,2026-09-02 06:06:11.229199616,3,5488,163,20
51.51383,-79.05348,2026-09-02 06:06:11.335056384,3,9549,166,19
37.413455,-74.159741,2026-09-02 06:06:11.647125760,3,10059,216,23
15.981806,-94.177028,2026-09-02 06:06:11.649375744,3,6870,267,52
43.808963,-93.241817,2026-09-02 06:06:12.52562176,3,12218,63,109
43.746225,-93.230902,2026-09-02 06:06:12.52582144,3,7060,176,105
36.449324,-59.180805,2026-09-02 06:06:19.578746624,3,11794,255,41
42.185503,-97.970307,2026-09-02 06:06:19.921724160,3,10634,108,39
43.624368,-88.292698,2026-09-02 06:06:20.441977856,3,13416,196,39
43.632808,-88.313823,2026-09-02 06:06:20.441960448,3,5505,129,25
38.289572,-70.021586,2026-09-02 06:06:20.932490752,3,6550,250,87
38.309035,-70.041934,2026-09-02 06:06:20.932504832,3,2469,243,69
38.314622,-70.031682,2026-09-02 06:06:20.932506624,3,5348,236,60
38.357584,-70.174373,2026-09-02 06:06:20.932553984,3,13200,229,54
17.624267,-95.798696,2026-09-02 06:06:29.579814912,3,9794,264,93
17.638729,-95.804701,2026-09-02 06:06:29.603854848,3,4878,265,38
15.795244,-94.154397,2026-09-02 06:06:36.934339840,3,5924,265,44
42.640526,-96.382706,2026-09-02 06:06:45.327711744,3,6947,125,29
15.747982,-94.227634,2026-09-02 06:06:45.362311424,3,2614,256,34
15.084983,-95.081811,2026-09-02 06:06:45.634030080,3,6122,267,21
15.757328,-94.190402,2026-09-02 06:06:45.879482112,3,8605,264,67
15.532419,-96.966691,2026-09-02 06:06:53.65148672,3,11522,265,21
43.837868,-93.232201,2026-09-02 06:06:53.561374464,3,12657,102,21
38.61493,-69.632347,2026-09-02 06:06:53.811921152,3,2982,248,67
38.603202,-69.595972,2026-09-02 06:06:53.811921408,3,7922,251,50
38.568946,-69.522332,2026-09-02 06:06:53.811956480,3,13815,217,33
45.350574,-81.160705,2026-09-02 06:06:54.786145536,3,9496,181,27
42.740586,-96.389236,2026-09-02 06:06:54.940879872,3,13148,110,25
38.302784,-70.117709,2026-09-02 06:06:55.351227392,3,3012,262,89
38.307074,-70.115858,2026-09-02 06:06:55.351231232,3,2658,243,76
38.294496,-70.047256,2026-09-02 06:06:55.351215872,3,5240,247,68
38.301082,-70.122488,2026-09-02 06:06:55.351236096,3,6430,229,57
35.936914,-59.945384,2026-09-02 06:07:02.540807936,3,6078,270,25
37.348648,141.13934,2026-09-02 06:05:09.995289600,4,10770,198,39
27.805257,120.272952,2026-09-02 06:05:16.165606144,4,14398,237,47
45.036219,-81.526796,2026-09-02 06:05:53.834221312,4,11796,96,19
46.750034,133.115453,2026-09-02 06:06:24.872546560,4,11112,178,23
43.966347,38.747442,2026-09-02 06:06:47.534662912,4,9989,265,28
55.072105,21.28587,2026-09-02 06:06:56.178889472,4,12569,146,19
39.329464,139.092348,2026-09-02 06:07:04.690765056,4,11364,171,24
15.729635,-94.152251,2026-09-02 06:05:04.410246656,7,10955,264,19
15.749058,-94.18353,2026-09-02 06:05:06.618219264,7,5196,264,13
17.523127,-95.827319,2026-09-02 06:05:07.173569024,7,14530,257,14
15.695967,-94.110358,2026-09-02 06:05:08.265903104,7,8479,266,17
20.558863,-81.862696,2026-09-02 06:05:10.165454848,7,6329,256,11
15.902906,-94.160267,2026-09-02 06:05:12.61868032,7,5271,263,14
16.096005,-94.174623,2026-09-02 06:05:14.664536576,7,7676,251,10
15.720951,-94.198009,2026-09-02 06:05:15.432792064,7,4260,264,15
15.52415,-97.004147,2026-09-02 06:05:15.639348224,7,6384,265,14
15.538625,-96.993849,2026-09-02 06:05:15.747978496,7,5934,265,13
15.298529,-94.812159,2026-09-02 06:05:15.781797632,7,8277,266,13
14.605961,-94.760327,2026-09-02 06:05:16.480016896,7,14012,269,12
15.542293,-94.29254,2026-09-02 06:05:16.765868544,7,13908,259,17
22.228905,-76.845181,2026-09-02 06:05:16.826893312,7,8575,260,22
15.601023,-94.276298,2026-09-02 06:05:18.764854272,7,11862,256,10
15.820838,-94.202544,2026-09-02 06:05:20.146752512,7,10508,266,14
15.825987,-94.204785,2026-09-02 06:05:20.469497088,7,11149,266,16
15.793983,-94.190364,2026-09-02 06:05:25.989501184,7,10218,266,12
15.769653,-94.159161,2026-09-02 06:05:27.492500736,7,5652,264,14
15.696691,-94.099423,2026-09-02 06:05:30.462130432,7,6748,264,14
15.719674,-94.144924,2026-09-02 06:05:30.822195456,7,6970,264,11
15.698081,-94.197517,2026-09-02 06:05:31.598380032,7,4698,264,13
15.803926,-94.158103,2026-09-02 06:05:31.729500928,7,4940,265,20
15.806376,-94.171406,2026-09-02 06:05:31.729495040,7,11078,266,14
14.705336,-94.779618,2026-09-02 06:05:31.970180608,7,5889,269,19
15.790383,-94.213038,2026-09-02 06:05:32.68621824,7,9165,264,17
15.766037,-94.256784,2026-09-02 06:05:32.455527424,7,13020,264,12
17.623166,-95.784917,2026-09-02 06:05:33.206852096,7,7548,256,16
14.84161,-82.942581,2026-09-02 06:05:33.246774272,7,5289,192,22
15.512183,-97.015167,2026-09-02 06:05:35.909955072,7,5119,265,11
15.670031,-93.418579,2026-09-02 06:05:36.76380928,7,12047,266,17
15.626542,-93.402232,2026-09-02 06:05:36.105814016,7,2895,266,24
14.554086,-82.094006,2026-09-02 06:05:43.486490880,7,5793,269,21
15.924062,-94.164173,2026-09-02 06:05:44.717457408,7,9492,263,12
15.770829,-94.227149,2026-09-02 06:05:46.854841856,7,9709,265,13
15.065355,-95.064474,2026-09-02 06:05:48.433466112,7,9230,267,11
15.038799,-95.073939,2026-09-02 06:05:48.565689344,7,6724,267,12
15.206644,-94.925669,2026-09-02 06:05:48.800389632,7,14965,266,13
15.318266,-97.915181,2026-09-02 06:05:49.59807232,7,5667,267,14
15.93732,-94.123312,2026-09-02 06:05:49.456189440,7,10748,263,12
15.771391,-94.15926,2026-09-02 06:05:50.608690944,7,6461,266,15
15.826453,-94.206829,2026-09-02 06:05:52.114396672,7,11649,266,13
14.671853,-94.789202,2026-09-02 06:05:52.813367552,7,5733,269,19
15.524655,-97.021018,2026-09-02 06:05:55.393615360,7,9316,268,16
15.676123,-94.030477,2026-09-02 06:05:55.909436672,7,8184,266,19
15.659088,-94.102486,2026-09-02 06:05:56.239372032,7,6631,267,18
15.753596,-94.197558,2026-09-02 06:05:56.307361280,7,5170,266,16
15.624414,-94.234532,2026-09-02 06:05:57.137046784,7,14867,258,16
21.941751,-77.021302,2026-09-02 06:05:58.307295744,7,8353,263,13
15.718539,-94.249048,2026-09-02 06:06:00.372603392,7,13120,264,11
15.738799,-94.214796,2026-09-02 06:06:03.563783680,7,11115,265,15
22.124036,-77.103767,2026-09-02 06:06:03.629485312,7,4929,250,27
15.816601,-94.15247,2026-09-02 06:06:14.856871680,7,9108,264,18
15.805229,-94.143905,2026-09-02 06:06:15.53913088,7,8109,266,11
15.74874,-94.153339,2026-09-02 06:06:16.559549184,7,12920,264,16
22.145068,-76.593761,2026-09-02 06:06:16.631309824,7,5736,252,20
15.501789,-93.996939,2026-09-02 06:06:20.234205696,7,5382,268,17
15.055739,-95.103829,2026-09-02 06:06:21.299016704,7,4385,268,20
15.467604,-94.181397,2026-09-02 06:06:24.457963264,7,6823,268,17
15.488866,-94.162088,2026-09-02 06:06:24.479363584,7,6777,265,20
15.043191,-94.915358,2026-09-02 06:06:25.258952448,7,11569,265,11
17.595209,-95.82439,2026-09-02 06:06:29.579803904,7,3611,257,21
15.828502,-94.197592,2026-09-02 06:06:29.959563520,7,11808,266,12
15.643091,-94.2302,2026-09-02 06:06:37.933278208,7,9591,265,11
21.997442,-77.177484,2026-09-02 06:06:38.185132800,7,13299,260,10
15.934368,-94.153343,2026-09-02 06:06:38.437769472,7,5732,265,16
15.766029,-94.17523,2026-09-02 06:06:39.76849152,7,5279,264,16
15.052206,-98.836122,2026-09-02 06:06:40.138546432,7,4754,269,17
15.680704,-94.18225,2026-09-02 06:06:40.576535040,7,10001,264,13
15.834849,-94.172957,2026-09-02 06:06:41.134502656,7,12389,266,15
15.082314,-95.046125,2026-09-02 06:06:41.199572736,7,8760,267,12
15.247025,-94.939552,2026-09-02 06:06:41.707326720,7,5269,267,16
15.681753,-94.212298,2026-09-02 06:06:41.843816704,7,6651,264,18
15.494146,-94.295987,2026-09-02 06:06:41.989677312,7,13664,258,9
15.512273,-97.036216,2026-09-02 06:06:43.105819392,7,5957,265,14
15.534935,-94.217132,2026-09-02 06:06:43.406200832,7,14781,257,13
15.912508,-94.216388,2026-09-02 06:06:43.706412288,7,6986,263,12
15.723029,-94.20082,2026-09-02 06:06:45.362310400,7,7227,264,13
15.072861,-95.08925,2026-09-02 06:06:45.634025728,7,9067,267,14
15.743056,-94.192027,2026-09-02 06:06:45.879476992,7,7880,264,17
15.815111,-94.168192,2026-09-02 06:06:45.907353600,7,6146,264,19
15.808816,-94.237377,2026-09-02 06:06:46.562064640,7,8580,264,11
16.084173,-94.208691,2026-09-02 06:06:46.856812032,7,6129,263,14
22.136015,-76.868488,2026-09-02 06:06:55.754399744,7,5189,262,15
15.75918,-94.181419,2026-09-02 06:06:56.728907520,7,10596,264,14
17.871328,-100.062813,2026-09-02 06:07:02.257625600,7,10607,258,14
15.351806,-99.239576,2026-09-02 06:07:02.265907968,7,4070,268,20
10.007227,-0.671415,2026-09-02 06:06:20.438011136,5,9420,233,19
33.401255,132.446007,2026-09-02 06:05:04.591722752,9,12723,147,18
37.355229,141.130393,2026-09-02 06:05:09.995293184,9,9002,197,37
37.461504,141.036592,2026-09-02 06:05:09.995320576,9,7146,220,24
27.89995,120.260075,2026-09-02 06:05:16.34020352,9,14374,154,20
27.608127,120.579846,2026-09-02 06:05:16.165666304,9,3177,179,34
37.300084,140.958001,2026-09-02 06:05:30.161374976,9,4281,200,10
39.32941,139.092297,2026-09-02 06:07:04.690765056,9,11364,171,20
39.311631,139.174923,2026-09-02 06:07:04.692456448,9,5450,210,22
39.361048,139.109137,2026-09-02 06:07:04.692439040,9,10335,218,18
37.380988,141.091141,2026-09-02 06:07:04.751287040,9,5675,207,47
37.42515,141.095771,2026-09-02 06:07:04.751313920,9,4168,207,31
37.416968,141.050814,2026-09-02 06:07:04.751304960,9,4604,220,22
37.189769,140.861705,2026-09-02 06:07:04.751388416,9,9659,227,12
37.375162,141.11442,2026-09-02 06:07:04.837834240,9,7931,196,37
37.435697,141.094954,2026-09-02 06:07:04.837859584,9,3690,207,17
37.373285,141.114531,2026-09-02 06:07:04.888352256,9,12206,183,21
37.390226,141.084211,2026-09-02 06:07:04.929821696,9,9712,198,35
37.433153,141.09407,2026-09-02 06:07:04.929843712,9,3797,207,15
37.380608,141.079283,2026-09-02 06:07:04.969969664,9,7368,194,31
42.648804,-96.147738,2026-09-02 06:05:00.263984896,13,12066,105,20
42.723562,-96.442416,2026-09-02 06:05:01.37671680,13,5868,125,25
15.840919,-94.217703,2026-09-02 06:05:01.180628480,13,3923,264,81
15.812154,-94.22905,2026-09-02 06:05:01.467066880,13,6145,264,58
15.799458,-94.232129,2026-09-02 06:05:01.738859264,13,6448,264,44
15.384562,-98.567445,2026-09-02 06:05:01.807809024,13,14748,194,23
15.759825,-94.187269,2026-09-02 06:05:02.178444544,13,6978,266,48
43.933714,-89.947947,2026-09-02 06:05:02.574867712,13,11591,69,136
43.937241,-90.058227,2026-09-02 06:05:02.574851840,13,4670,248,123
44.27822,-93.296642,2026-09-02 06:05:02.716013824,13,7345,172,56
38.302272,-70.025277,2026-09-02 06:05:03.47398912,13,7233,229,78
38.290985,-70.033759,2026-09-02 06:05:03.47398400,13,4168,212,92
38.329609,-70.090093,2026-09-02 06:05:03.47424000,13,4725,254,67
44.962108,-81.281452,2026-09-02 06:05:03.694943232,13,10173,208,22
43.935525,-90.074908,2026-09-02 06:05:03.979078400,13,12171,185,28
44.985485,-81.549124,2026-09-02 06:05:05.223872000,13,7966,110,86
45.001202,-81.599294,2026-09-02 06:05:05.223867136,13,14228,186,70
44.954961,-81.579311,2026-09-02 06:05:05.223894016,13,12525,172,57
36.220034,-60.549406,2026-09-02 06:05:05.765977344,13,7710,234,26
42.79139,-96.19492,2026-09-02 06:05:05.974318848,13,5153,120,28
15.212834,-94.979922,2026-09-02 06:05:06.241907968,13,4615,269,28
15.731435,-94.175597,2026-09-02 06:05:06.618212608,13,4876,264,30
44.019083,-89.656433,2026-09-02 06:05:06.791968256,13,14658,60,127
44.002602,-89.722567,2026-09-02 06:05:06.791965952,13,2289,262,110
17.654325,-95.79255,2026-09-02 06:05:07.173617920,13,12697,256,38
44.042642,-89.734023,2026-09-02 06:05:07.304490496,13,10732,112,47
15.78228,-94.185954,2026-09-02 06:05:07.633821440,13,4159,266,39
44.290091,-92.906681,2026-09-02 06:05:08.181991680,13,9284,121,18
43.855962,-88.439845,2026-09-02 06:05:08.822192384,13,8423,180,66
42.260814,-97.238085,2026-09-02 06:05:10.365672704,13,5763,131,29
15.636357,-94.076379,2026-09-02 06:05:10.566690816,13,5294,267,34
42.163585,-97.282875,2026-09-02 06:05:12.249216000,13,7182,133,26
42.664867,-96.496446,2026-09-02 06:05:12.575293440,13,6561,126,33
15.288139,-98.596133,2026-09-02 06:05:12.913042432,13,5720,267,33
37.475472,-74.287336,2026-09-02 06:05:17.86844928,13,6925,219,28
42.624066,-96.327918,2026-09-02 06:05:17.348808192,13,13442,186,52
42.65968,-96.373446,2026-09-02 06:05:17.348802048,13,8033,129,37
38.446483,-69.63357,2026-09-02 06:05:17.627012096,13,9075,263,34
38.399113,-69.478978,2026-09-02 06:05:17.627043584,13,6113,204,21
43.927209,-90.125245,2026-09-02 06:05:18.745588480,13,8402,105,28
15.836537,-94.180527,2026-09-02 06:05:18.764931584,13,4403,266,28
15.738437,-94.198249,2026-09-02 06:05:18.867125248,13,10884,255,23
38.492488,-70.336986,2026-09-02 06:05:21.144389888,13,8520,253,48
38.286494,-70.211988,2026-09-02 06:05:21.144370944,13,8267,229,31
44.943689,-81.669864,2026-09-02 06:05:21.892839936,13,14166,138,27
44.213142,-98.261496,2026-09-02 06:05:22.159266816,13,8154,109,23
37.323357,-74.054664,2026-09-02 06:05:22.532343040,13,6148,221,58
37.307161,-74.053288,2026-09-02 06:05:22.659418880,13,7605,258,34
37.324405,-74.059629,2026-09-02 06:05:22.802210048,13,6216,227,48
37.36099,-74.062946,2026-09-02 06:05:22.802226944,13,4120,235,55
37.383718,-74.052032,2026-09-02 06:05:22.802290432,13,4618,252,41
37.339038,-74.031419,2026-09-02 06:05:22.802279424,13,7227,224,26
37.338888,-74.066171,2026-09-02 06:05:22.960223488,13,8333,247,47
37.306279,-74.021734,2026-09-02 06:05:22.960277760,13,13482,177,31
42.667478,-97.504414,2026-09-02 06:05:24.121042176,13,8500,146,22
42.13587,-97.555342,2026-09-02 06:05:24.928571904,13,9237,126,37
42.776404,-96.384744,2026-09-02 06:05:25.703489792,13,11750,118,22
42.856349,-95.964154,2026-09-02 06:05:27.527302912,13,5863,123,22
45.030239,-81.585163,2026-09-02 06:05:28.888409600,13,9355,153,25
42.288581,-97.210411,2026-09-02 06:05:29.180512768,13,14410,105,21
42.638002,-96.438311,2026-09-02 06:05:30.577330688,13,13750,138,66
44.255038,-92.463542,2026-09-02 06:05:31.356080128,13,5402,108,24
14.757185,-94.786839,2026-09-02 06:05:31.970198528,13,4523,269,78
44.996873,-81.623042,2026-09-02 06:05:32.761721600,13,10893,184,42
17.671928,-95.760464,2026-09-02 06:05:33.206870272,13,6902,264,65
38.346152,-70.039013,2026-09-02 06:05:33.514390784,13,3795,248,65
38.318491,-70.004932,2026-09-02 06:05:33.514379776,13,5316,236,58
38.302477,-69.946143,2026-09-02 06:05:33.514435584,13,9217,217,39
43.69247,-93.430094,2026-09-02 06:05:33.811264256,13,7768,226,34
16.016669,-94.24041,2026-09-02 06:05:34.386966272,13,3577,265,27
43.68474,-93.791467,2026-09-02 06:05:34.702596096,13,12857,228,43
43.835622,-93.261099,2026-09-02 06:05:34.813475072,13,13830,176,40
43.804408,-93.084197,2026-09-02 06:05:34.813512192,13,3890,220,28
37.426726,-74.228863,2026-09-02 06:05:35.506416896,13,10343,212,24
15.266526,-94.948075,2026-09-02 06:05:35.578084608,13,11281,268,26
15.573459,-97.010899,2026-09-02 06:05:35.909977856,13,4549,267,44
44.963127,-81.344196,2026-09-02 06:05:36.425830144,13,12928,209,20
42.224865,-97.2157,2026-09-02 06:05:36.605208832,13,10485,179,52
44.028484,-93.10326,2026-09-02 06:05:36.794692864,13,13705,114,41
43.826554,-93.317482,2026-09-02 06:05:37.364888064,13,14123,63,139
43.791091,-93.350255,2026-09-02 06:05:37.364907520,13,10159,114,118
43.785619,-93.327011,2026-09-02 06:05:37.364919040,13,11967,176,59
42.669657,-96.347266,2026-09-02 06:05:37.521301248,13,8169,171,24
45.306896,-81.127401,2026-09-02 06:05:38.144329984,13,8874,241,34
43.986804,-92.903754,2026-09-02 06:05:38.993681920,13,9557,154,80
44.024423,-93.018056,2026-09-02 06:05:38.993712896,13,4782,170,67
42.289607,-97.239753,2026-09-02 06:05:39.671993856,13,4900,135,22
47.092073,-82.692185,2026-09-02 06:05:39.758136576,13,13383,189,21
45.011947,-81.576544,2026-09-02 06:05:39.772235776,13,10969,183,28
38.625754,-69.536864,2026-09-02 06:05:40.125590784,13,7681,228,98
38.601083,-69.494672,2026-09-02 06:05:40.125580544,13,10387,214,91
38.585654,-69.463129,2026-09-02 06:05:40.125580544,13,8858,218,71
43.508469,-93.575291,2026-09-02 06:05:40.704736768,13,5639,114,22
37.548734,-74.322754,2026-09-02 06:05:41.765211904,13,5676,208,44
38.278025,-70.048524,2026-09-02 06:05:41.945975552,13,4810,264,55
24.495515,-90.603654,2026-09-02 06:05:42.603348224,13,9822,215,52
42.845113,-96.147813,2026-09-02 06:05:43.793305344,13,7484,207,130
42.795579,-96.078709,2026-09-02 06:05:43.793330944,13,7190,176,118
42.807226,-96.131699,2026-09-02 06:05:43.793316096,13,9572,242,105
51.653367,-78.903818,2026-09-02 06:05:44.327353088,13,13301,253,39
15.911372,-94.173281,2026-09-02 06:05:44.717453056,13,4763,263,51
44.044483,-92.844821,2026-09-02 06:05:44.901889536,13,14248,158,88
43.97365,-93.089849,2026-09-02 06:05:44.901932800,13,12106,171,72
43.699202,-88.19834,2026-09-02 06:05:44.979568640,13,11553,131,41
45.317337,-81.157532,2026-09-02 06:05:46.632918528,13,9029,108,46
45.332275,-81.200766,2026-09-02 06:05:46.632979200,13,14687,180,30
42.238701,-97.226225,2026-09-02 06:05:47.278117120,13,5381,199,51
15.831482,-94.211425,2026-09-02 06:05:47.617228800,13,5086,266,38
15.865716,-94.206671,2026-09-02 06:05:47.875622400,13,6546,266,36
15.293661,-94.917485,2026-09-02 06:05:48.800421632,13,11606,268,40
15.306376,-98.596875,2026-09-02 06:05:48.983246848,13,4736,269,32
15.368466,-97.917297,2026-09-02 06:05:49.59825664,13,6231,269,59
44.278457,-98.219359,2026-09-02 06:05:49.312903168,13,12817,107,29
15.938628,-94.130642,2026-09-02 06:05:49.456189952,13,6908,263,34
42.616055,-96.444308,2026-09-02 06:05:49.873807360,13,7176,126,32
44.278733,-93.085469,2026-09-02 06:05:50.660830208,13,9389,124,99
44.300146,-93.203184,2026-09-02 06:05:50.660864256,13,8073,161,80
44.250562,-93.113625,2026-09-02 06:05:50.954468608,13,4853,244,125
44.296186,-93.13423,2026-09-02 06:05:50.954461184,13,11016,121,114
44.19912,-93.279037,2026-09-02 06:05:51.769027584,13,8948,124,30
44.467565,-97.976281,2026-09-02 06:05:51.865285632,13,6124,128,25
14.780167,-94.768957,2026-09-02 06:05:53.30407680,13,7224,269,31
44.023594,-93.702162,2026-09-02 06:05:53.218069760,13,14072,78,104
44.046247,-93.821446,2026-09-02 06:05:53.218108416,13,3018,115,86
44.059795,-93.685673,2026-09-02 06:05:53.218147072,13,6293,135,35
44.133657,-93.756224,2026-09-02 06:05:53.409223936,13,12426,102,60
44.123697,-93.81545,2026-09-02 06:05:53.409281792,13,8314,225,47
45.039306,-81.529479,2026-09-02 06:05:53.834211584,13,4879,138,129
45.030688,-81.531551,2026-09-02 06:05:53.834216448,13,11192,96,116
44.980011,-81.472934,2026-09-02 06:05:53.834236672,13,5457,146,94
37.358231,-74.05458,2026-09-02 06:05:54.872440576,13,6981,216,37
37.379015,-74.075363,2026-09-02 06:05:54.949413120,13,8988,225,22
37.363891,-74.053546,2026-09-02 06:05:55.260974080,13,9574,216,40
37.345647,-74.058957,2026-09-02 06:05:55.353882624,13,4888,266,34
37.382432,-74.047139,2026-09-02 06:05:55.353900032,13,9731,230,46
37.361468,-74.059894,2026-09-02 06:05:55.595996160,13,7669,216,93
37.386032,-74.065461,2026-09-02 06:05:55.596013056,13,7644,230,70
37.350853,-74.053423,2026-09-02 06:05:55.596067328,13,13889,169,51
43.63589,-88.213744,2026-09-02 06:05:55.753181952,13,11480,110,37
43.65821,-88.167938,2026-09-02 06:05:55.753202432,13,6442,231,27
37.361741,-74.062769,2026-09-02 06:05:55.861295360,13,7855,226,31
15.658724,-94.025515,2026-09-02 06:05:55.909430016,13,7231,267,67
37.35221,-73.797523,2026-09-02 06:05:56.466375936,13,13245,231,32
37.333929,-73.7038,2026-09-02 06:05:56.466423808,13,11465,192,19
15.284466,-94.931849,2026-09-02 06:05:57.512044288,13,5837,268,24
42.702837,-96.347346,2026-09-02 06:05:58.4036096,13,8395,135,28
45.317402,-81.152966,2026-09-02 06:05:58.201191424,13,11773,75,21
21.921221,-77.017396,2026-09-02 06:05:58.307288320,13,3211,263,40
45.312126,-81.151697,2026-09-02 06:05:58.380822016,13,6248,129,62
45.264618,-81.092264,2026-09-02 06:05:58.380881664,13,12380,120,29
15.750591,-94.224004,2026-09-02 06:06:00.372614656,13,6080,264,36
30.298939,-94.013155,2026-09-02 06:06:01.987313152,13,13246,167,35
30.382231,-94.015768,2026-09-02 06:06:01.987329280,13,7505,234,43
30.192115,-94.12545,2026-09-02 06:06:02.57101056,13,6201,145,41
30.315576,-94.027045,2026-09-02 06:06:02.57156096,13,6035,234,29
15.08906,-95.109129,2026-09-02 06:06:02.76533504,13,5934,269,28
15.532308,-97.074576,2026-09-02 06:06:02.262429696,13,4608,265,39
42.850661,-96.132238,2026-09-02 06:06:02.451641856,13,8150,100,23
42.169683,-97.240458,2026-09-02 06:06:02.600443136,13,9514,124,25
30.188135,-94.126413,2026-09-02 06:06:02.633384704,13,7463,144,32
30.234107,-94.008157,2026-09-02 06:06:02.813623040,13,9187,162,33
30.236609,-94.042246,2026-09-02 06:06:02.850353920,13,10968,165,41
37.430684,-74.264764,2026-09-02 06:06:03.905017600,13,4530,224,25
36.430764,-59.12184,2026-09-02 06:06:05.34618880,13,3526,245,24
42.790215,-96.140107,2026-09-02 06:06:05.896352768,13,10460,111,17
15.403096,-99.222079,2026-09-02 06:06:07.144095232,13,7954,268,52
15.839588,-94.166575,2026-09-02 06:06:08.22593280,13,4518,268,47
43.924529,-90.153892,2026-09-02 06:06:08.293219072,13,5020,197,47
43.913892,-90.044122,2026-09-02 06:06:08.293249536,13,5073,242,35
44.174504,-98.348749,2026-09-02 06:06:08.736000512,13,7703,130,30
42.674661,-96.312713,2026-09-02 06:06:10.33262592,13,7775,134,26
15.567128,-97.048759,2026-09-02 06:06:10.288995584,13,8511,267,53
15.85381,-94.143496,2026-09-02 06:06:10.490128128,13,7970,268,38
43.907987,-89.943663,2026-09-02 06:06:11.229206528,13,13508,96,30
43.805538,-93.23341,2026-09-02 06:06:12.52561152,13,10023,64,85
43.776474,-93.250299,2026-09-02 06:06:12.52570368,13,7451,116,110
43.753789,-93.2352,2026-09-02 06:06:12.52581376,13,6237,176,97
43.885423,-93.093224,2026-09-02 06:06:16.871845120,13,8106,132,28
44.031266,-93.00692,2026-09-02 06:06:17.557316864,13,12101,104,29
44.99761,-81.531268,2026-09-02 06:06:17.628790784,13,12934,182,39
44.951358,-81.477438,2026-09-02 06:06:17.628866048,13,12719,100,26
38.348731,-70.298758,2026-09-02 06:06:18.832929024,13,3542,234,41
38.348476,-70.277343,2026-09-02 06:06:18.832930560,13,6380,245,65
38.319891,-70.515061,2026-09-02 06:06:18.832994560,13,10674,232,49
42.146163,-97.960907,2026-09-02 06:06:19.921730048,13,7296,140,31
43.624408,-88.292728,2026-09-02 06:06:20.441977856,13,13415,196,40
38.289539,-70.021583,2026-09-02 06:06:20.932490752,13,6552,250,105
38.304546,-70.036079,2026-09-02 06:06:20.932502528,13,5231,227,86
38.275048,-70.008217,2026-09-02 06:06:20.932494592,13,8178,216,70
46.518147,-82.936606,2026-09-02 06:06:22.559401728,13,9397,170,22
44.345284,-92.03966,2026-09-02 06:06:23.676601600,13,9433,107,24
44.281101,-93.027207,2026-09-02 06:06:24.90831104,13,8092,157,102
44.266941,-93.00306,2026-09-02 06:06:24.90902528,13,9056,182,85
44.295163,-93.088039,2026-09-02 06:06:24.90877184,13,3017,250,72
43.851667,-89.916142,2026-09-02 06:06:25.788349184,13,10564,114,114
43.842514,-89.918618,2026-09-02 06:06:25.788352256,13,8032,131,122
43.799894,-89.90337,2026-09-02 06:06:25.788369664,13,8837,184,72
52.685975,-79.418783,2026-09-02 06:06:26.880030464,13,5207,219,72
52.374907,-79.271369,2026-09-02 06:06:26.880155648,13,7628,267,99
52.380794,-79.352151,2026-09-02 06:06:26.880140032,13,13119,258,84
43.879517,-89.864447,2026-09-02 06:06:27.587638528,13,13538,119,36
36.00954,-60.266099,2026-09-02 06:06:30.861264640,13,7442,267,58
24.935351,-107.188773,2026-09-02 06:06:31.176377344,13,9128,257,24
43.99855,-89.852808,2026-09-02 06:06:33.3827456,13,8661,134,67
43.936617,-89.909888,2026-09-02 06:06:33.3902208,13,13861,128,52
43.946555,-89.86504,2026-09-02 06:06:33.3897088,13,8805,119,36
15.753236,-94.29425,2026-09-02 06:06:35.48538624,13,14371,255,20
44.903076,-81.342349,2026-09-02 06:06:36.50967296,13,6737,178,28
15.250572,-94.947482,2026-09-02 06:06:36.105319168,13,7530,266,24
42.748264,-96.422613,2026-09-02 06:06:36.147494400,13,4376,125,28
42.633028,-96.353968,2026-09-02 06:06:38.824348160,13,14176,99,25
15.805913,-94.166075,2026-09-02 06:06:39.76856320,13,7880,264,54
15.337224,-99.028109,2026-09-02 06:06:39.581259008,13,8514,268,23
42.765538,-96.366792,2026-09-02 06:06:40.21168384,13,11781,131,19
15.50623,-99.260695,2026-09-02 06:06:40.25687296,13,8136,267,25
15.135874,-98.807152,2026-09-02 06:06:40.138580736,13,3721,269,64
15.76522,-94.167703,2026-09-02 06:06:40.576555264,13,7015,264,45
15.819884,-94.178834,2026-09-02 06:06:41.134500864,13,2354,266,59
42.788266,-96.040741,2026-09-02 06:06:41.960077824,13,8294,89,84
42.797107,-95.867925,2026-09-02 06:06:41.960115200,13,13142,190,70
42.258832,-97.220753,2026-09-02 06:06:42.418039296,13,9171,188,26
44.193687,-93.032515,2026-09-02 06:06:42.790588672,13,7011,101,121
44.200469,-92.947254,2026-09-02 06:06:42.790636032,13,12775,113,34
15.558853,-97.028281,2026-09-02 06:06:43.105837056,13,4337,267,61
37.495198,-74.31982,2026-09-02 06:06:43.304428544,13,9623,223,41
15.910612,-94.220243,2026-09-02 06:06:43.706411776,13,7002,263,47
15.7798,-94.21048,2026-09-02 06:06:45.362325760,13,2769,265,53
15.109331,-95.086926,2026-09-02 06:06:45.634039296,13,5869,268,60
15.757283,-94.190394,2026-09-02 06:06:45.879482112,13,8606,264,88
15.838122,-94.171668,2026-09-02 06:06:45.907362304,13,5313,264,50
15.834755,-94.243695,2026-09-02 06:06:46.562072576,13,6550,264,47
44.084905,-92.953429,2026-09-02 06:06:46.637863936,13,13258,109,25
32.980155,-104.013015,2026-09-02 06:06:47.170757888,13,13400,212,20
44.013511,-92.946445,2026-09-02 06:06:48.43816960,13,12422,96,27
43.941756,-92.962191,2026-09-02 06:06:48.406213632,13,14140,103,22
45.032703,-81.584638,2026-09-02 06:06:48.493280000,13,4025,104,57
45.048625,-81.541763,2026-09-02 06:06:48.746992128,13,12248,104,35
45.012514,-81.530995,2026-09-02 06:06:48.747013120,13,8100,178,50
36.450941,-59.169677,2026-09-02 06:06:48.824253184,13,8292,255,29
28.084586,-108.641934,2026-09-02 06:06:49.68263680,13,8258,236,28
36.256508,-59.362111,2026-09-02 06:06:49.777566208,13,6723,269,31
42.572067,-96.636179,2026-09-02 06:06:50.45521664,13,12064,134,33
43.655437,-88.10382,2026-09-02 06:06:50.153294080,13,6626,105,75
43.648231,-88.126874,2026-09-02 06:06:50.153288192,13,3942,233,74
43.573948,-88.053501,2026-09-02 06:06:50.153370112,13,9962,180,41
43.641214,-88.193443,2026-09-02 06:06:50.198062336,13,7730,145,25
44.198824,-98.310347,2026-09-02 06:06:50.712295424,13,13915,130,32
15.631921,-94.042652,2026-09-02 06:06:51.804641024,13,8173,265,43
15.596714,-93.997089,2026-09-02 06:06:52.143829504,13,7714,265,30
15.542772,-96.97102,2026-09-02 06:06:53.65152256,13,6392,265,42
43.837865,-93.232207,2026-09-02 06:06:53.561374464,13,12657,102,20
38.615004,-69.632381,2026-09-02 06:06:53.811921152,13,2982,248,80
38.5788,-69.575433,2026-09-02 06:06:53.811911168,13,3062,252,63
38.67942,-69.685178,2026-09-02 06:06:53.811956480,13,8704,226,50
45.359541,-81.16487,2026-09-02 06:06:54.786145536,13,6938,181,29
42.740585,-96.389241,2026-09-02 06:06:54.940879872,13,13148,110,25
38.31836,-70.12606,2026-09-02 06:06:55.351233536,13,2992,262,110
38.288178,-70.100582,2026-09-02 06:06:55.351220992,13,6197,212,103
38.297532,-70.106127,2026-09-02 06:06:55.351234304,13,5488,229,80
38.260652,-70.071646,2026-09-02 06:06:56.164468480,13,11509,264,58
38.523141,-70.156956,2026-09-02 06:06:56.164563968,13,11635,250,36
38.28047,-70.071743,2026-09-02 06:06:56.164537856,13,9482,239,23
15.803677,-94.191726,2026-09-02 06:06:56.728920576,13,5770,265,62
38.196901,-74.652517,2026-09-02 06:06:57.550546176,13,3546,233,47
38.210646,-74.634553,2026-09-02 06:06:57.550553088,13,4581,221,54
38.169573,-74.610937,2026-09-02 06:06:57.550606336,13,14808,160,39
37.409292,-74.228627,2026-09-02 06:06:58.515163136,13,13102,225,34
37.375243,-74.133601,2026-09-02 06:06:59.366035200,13,5120,218,34
37.389223,-74.143266,2026-09-02 06:06:59.411393792,13,7113,255,51
42.758578,-96.908046,2026-09-02 06:07:00.273036032,13,12647,128,33
44.854291,-81.442497,2026-09-02 06:07:02.85503232,13,11136,145,23
30.249131,-94.064926,2026-09-02 06:07:03.32988928,13,7815,228,35
15.946337,-94.13217,2026-09-02 06:07:03.61321216,13,5118,269,25
44.925277,-81.746285,2026-09-02 06:07:04.756544256,13,11243,170,31
44.997508,-81.570338,2026-09-02 06:07:04.756582912,13,9765,134,18
45.087768,-81.375869,2026-09-02 06:07:04.994349568,13,7311,171,20
44.968372,-81.553996,2026-09-02 06:07:05.183394560,13,13863,86,24
15.359497,-98.599539,2026-09-02 06:07:05.752788736,13,12040,266,23
44.199578,-98.254933,2026-09-02 06:07:05.839258112,13,10037,104,27
45.35624,-81.140966,2026-09-02 06:07:06.297240320,13,10217,259,53
45.266238,-80.999793,2026-09-02 06:07:06.297295616,13,10567,99,53
45.271771,-80.990842,2026-09-02 06:07:06.297304576,13,8546,207,37
45.249459,-80.950463,2026-09-02 06:07:06.297355264,13,10699,117,22
43.776297,-93.176246,2026-09-02 06:07:06.536172288,13,13801,102,30
45.029188,-81.539514,2026-09-02 06:07:06.770680320,13,8749,168,33
45.089619,-81.385971,2026-09-02 06:07:06.770712832,13,7902,179,21
44.324158,-93.271286,2026-09-02 06:07:08.586649344,13,6236,132,25
43.788943,-93.121445,2026-09-02 06:07:09.575408896,13,7587,140,22
44.934616,-81.696238,2026-09-02 06:07:10.941329920,13,11009,172,29
18.402868,-100.166856,2026-09-02 06:07:11.615185408,13,7066,255,26
18.354478,-100.209012,2026-09-02 06:07:11.683427840,13,9283,255,24
15.127126,-97.328524,2026-09-02 06:07:11.940253952,13,2498,269,32
42.336288,-97.155425,2026-09-02 06:07:12.660589824,13,12685,105,19
15.100036,-97.638457,2026-09-02 06:07:13.19127040,13,6094,270,37
44.161361,-93.098803,2026-09-02 06:07:13.232889856,13,7634,112,26
43.973056,-92.910036,2026-09-02 06:07:14.425399808,13,12910,125,37
43.969329,-92.938112,2026-09-02 06:07:14.425384192,13,4011,222,22
15.590949,-96.973455,2026-09-02 06:07:14.498758656,13,4781,268,49
37.358764,141.186151,2026-09-02 06:05:09.995279616,14,10201,200,33
19.704612,131.198241,2026-09-02 06:05:57.81407744,14,4129,217,31
46.898733,133.325883,2026-09-02 06:06:24.872526080,14,13033,183,22
37.385039,141.185131,2026-09-02 06:07:04.751270912,14,12320,231,48
37.463474,140.986026,2026-09-02 06:07:04.751315200,14,10110,206,32
37.370189,141.099615,2026-09-02 06:07:04.837835776,14,4642,182,23
37.3745,141.083525,2026-09-02 06:07:04.888351744,14,5630,182,19
37.371179,141.109214,2026-09-02 06:07:04.929818368,14,2281,200,33
37.380601,141.079167,2026-09-02 06:07:04.969968384,14,7366,191,32
43.866384,-89.817891,2026-09-02 06:05:02.574910720,11,14179,132,29
44.240841,-93.165285,2026-09-02 06:05:02.716046080,11,9688,169,27
38.290209,-70.045272,2026-09-02 06:05:03.47402240,11,12934,196,200
36.091881,-60.469489,2026-09-02 06:05:04.232464640,11,13509,194,97
43.7998,-93.062834,2026-09-02 06:05:34.813513728,11,11516,117,18
43.846269,-93.406207,2026-09-02 06:05:37.364895232,11,10366,194,44
43.779533,-93.301495,2026-09-02 06:05:37.364964096,11,8451,141,30
38.599873,-69.488702,2026-09-02 06:05:40.125584128,11,11202,234,151
44.020027,-93.4504,2026-09-02 06:05:44.901836288,11,8894,269,31
42.249113,-97.219949,2026-09-02 06:05:47.278114304,11,9015,134,20
45.023807,-81.525335,2026-09-02 06:05:53.834210560,11,14907,96,90
37.347904,-74.043189,2026-09-02 06:05:55.595993088,11,12896,220,48
8.030572,0.152811,2026-09-02 06:06:05.774971392,11,6381,243,60
22.146663,-76.593532,2026-09-02 06:06:16.631306496,11,5731,252,161
36.532844,-59.381877,2026-09-02 06:06:19.578818560,11,11191,180,81
38.304773,-70.064278,2026-09-02 06:06:20.932500992,11,10538,215,146
52.685664,-79.439907,2026-09-02 06:06:26.880032000,11,8189,184,125
22.361422,-77.228422,2026-09-02 06:06:37.537120256,11,12606,254,43
44.182974,-93.067779,2026-09-02 06:06:42.790590464,11,13759,116,36
43.990046,38.483005,2026-09-02 06:06:47.534683648,11,12538,252,196
38.598348,-69.634552,2026-09-02 06:06:53.811915776,11,8381,248,94
38.280196,-70.052841,2026-09-02 06:06:55.351213824,11,8141,213,264
43.942402,-90.116585,2026-09-02 06:05:02.574837248,12,5948,259,52
44.240841,-93.165285,2026-09-02 06:05:02.716046080,12,9688,169,27
38.290245,-70.045285,2026-09-02 06:05:03.47398144,12,12934,232,189
36.091885,-60.469439,2026-09-02 06:05:04.232464640,12,13507,194,97
36.893155,-59.200076,2026-09-02 06:05:08.966693888,12,9830,229,40
43.7998,-93.062834,2026-09-02 06:05:34.813513728,12,11516,117,18
43.846344,-93.40617,2026-09-02 06:05:37.364895232,12,10367,194,44
43.779533,-93.301495,2026-09-02 06:05:37.364964096,12,8451,141,30
38.599873,-69.488702,2026-09-02 06:05:40.125584128,12,11202,234,151
44.020027,-93.4504,2026-09-02 06:05:44.901836288,12,8894,269,31
42.253018,-97.22784,2026-09-02 06:05:47.278111744,12,12624,134,23
45.023807,-81.525335,2026-09-02 06:05:53.834210560,12,14907,96,90
37.347904,-74.043189,2026-09-02 06:05:55.595993088,12,12896,220,48
8.030572,0.152811,2026-09-02 06:06:05.774971392,12,6381,243,60
22.146663,-76.593532,2026-09-02 06:06:16.631306496,12,5731,252,162
38.304773,-70.064278,2026-09-02 06:06:20.932500992,12,10538,215,146
43.829982,-89.859292,2026-09-02 06:06:25.788363776,12,14862,123,57
52.687985,-79.436174,2026-09-02 06:06:26.880026368,12,8327,184,127
22.361422,-77.228422,2026-09-02 06:06:37.537120256,12,12606,254,44
44.182974,-93.067779,2026-09-02 06:06:42.790590464,12,13759,116,36
43.990046,38.483005,2026-09-02 06:06:47.534683648,12,12538,252,197
38.265113,-70.506001,2026-09-02 06:06:55.351324928,12,10194,182,145
