6.175157,-6.694879,2026-09-06 00:55:21.635495936,1,8148,263,29
34.451588,-75.503798,2026-09-06 00:56:02.196352,1,9135,180,23
27.349617,-80.002512,2026-09-06 00:56:17.153240576,1,5017,258,26
46.502241,32.478966,2026-09-06 00:56:32.3709696,1,7131,205,181
46.485751,32.614238,2026-09-06 00:56:32.3739648,1,5148,270,162
46.43381,32.726666,2026-09-06 00:56:32.3706880,1,5475,251,145
25.4245,-80.745416,2026-09-06 00:56:39.725835264,1,10491,266,17
45.931778,30.515033,2026-09-06 00:56:49.58611712,1,13806,260,87
46.045611,30.396058,2026-09-06 00:56:49.58667520,1,8870,247,83
46.038761,30.387157,2026-09-06 00:56:49.58664448,1,3157,246,66
46.161794,31.052782,2026-09-06 00:57:03.563557632,1,13632,127,20
-34.347692,161.328124,2026-09-06 00:55:01.538523136,2,11832,172,21
-35.863773,161.852199,2026-09-06 00:55:02.994641920,2,14299,159,30
-34.738175,161.551307,2026-09-06 00:55:04.778448128,2,10503,169,21
-34.804034,161.503652,2026-09-06 00:55:23.441937152,2,11212,190,15
-34.438395,161.331775,2026-09-06 00:55:33.508171264,2,13589,148,30
-34.412173,161.314629,2026-09-06 00:55:33.527397632,2,14506,171,19
-33.661392,160.062019,2026-09-06 00:55:34.517544448,2,9352,150,35
-33.81002,160.142329,2026-09-06 00:55:34.517541888,2,13194,216,21
-34.432267,161.298588,2026-09-06 00:55:46.270340096,2,14301,194,15
-35.390972,161.847695,2026-09-06 00:55:48.602078208,2,11673,163,19
-34.515309,161.670905,2026-09-06 00:55:49.586156032,2,9264,194,18
-35.618925,162.005147,2026-09-06 00:55:50.182298368,2,14025,141,26
-34.468421,161.323368,2026-09-06 00:56:21.776976384,2,14925,148,34
-34.442094,161.361764,2026-09-06 00:56:21.776988928,2,12282,153,20
-34.429991,161.346264,2026-09-06 00:56:21.799057920,2,13935,192,22
-34.418456,161.421752,2026-09-06 00:56:21.831111168,2,11821,213,21
-34.419198,161.351134,2026-09-06 00:56:21.935762432,2,10010,194,13
-34.433843,161.357248,2026-09-06 00:56:21.970965248,2,14510,192,20
-34.417234,161.356576,2026-09-06 00:56:22.54319360,2,9605,194,20
-34.911148,161.78819,2026-09-06 00:56:26.464836352,2,11049,201,23
33.330902,140.948016,2026-09-06 00:56:33.701480192,2,12484,255,24
15.850392,130.474546,2026-09-06 00:57:04.356990720,2,5520,220,22
33.814384,-76.850444,2026-09-06 00:55:04.661923328,3,13541,184,66
33.768399,-76.781809,2026-09-06 00:55:04.661920768,3,6320,239,51
33.777602,-76.802739,2026-09-06 00:55:04.661977600,3,10251,173,34
33.785995,-76.778652,2026-09-06 00:55:04.661974528,3,14562,233,21
34.144607,-75.872071,2026-09-06 00:55:05.5685504,3,10384,202,26
41.193957,-103.757799,2026-09-06 00:55:05.402813184,3,7379,112,72
41.293592,-103.825145,2026-09-06 00:55:05.402807552,3,10969,121,55
41.153851,-104.135393,2026-09-06 00:55:05.402815488,3,12590,240,43
34.049127,-75.829941,2026-09-06 00:55:05.571081472,3,7723,250,38
34.034932,-75.813057,2026-09-06 00:55:05.571072256,3,6861,268,25
37.648441,-86.580475,2026-09-06 00:55:05.719501824,3,13325,109,19
37.730517,-86.448423,2026-09-06 00:55:05.815036160,3,14338,84,83
37.785376,-86.480533,2026-09-06 00:55:05.815070208,3,6182,198,70
37.776464,-86.493015,2026-09-06 00:55:05.815062016,3,7979,158,57
37.815392,-86.537021,2026-09-06 00:55:05.815077376,3,10701,116,42
33.665918,-71.334888,2026-09-06 00:55:13.502090496,3,13707,125,62
33.483242,-71.29371,2026-09-06 00:55:13.502094080,3,14881,253,42
33.517939,-71.307042,2026-09-06 00:55:13.502107136,3,9619,253,33
32.06877,-107.533207,2026-09-06 00:55:13.780772096,3,12908,201,32
32.113061,-107.430173,2026-09-06 00:55:13.780809728,3,12166,231,21
35.845269,-64.374362,2026-09-06 00:55:14.447355904,3,11757,191,16
35.925171,-64.392796,2026-09-06 00:55:14.456731904,3,7190,206,50
35.918018,-64.384641,2026-09-06 00:55:14.456786944,3,11707,246,39
35.950619,-64.404543,2026-09-06 00:55:14.456800000,3,4589,255,28
35.900585,-64.346201,2026-09-06 00:55:14.537875200,3,7871,262,38
35.989238,-64.459087,2026-09-06 00:55:14.537910016,3,4514,258,20
35.946068,-64.413832,2026-09-06 00:55:14.567995392,3,7319,246,35
35.979832,-64.451623,2026-09-06 00:55:14.568005120,3,4657,258,18
27.379044,-80.269143,2026-09-06 00:55:14.585041408,3,9509,163,16
36.909699,-86.67302,2026-09-06 00:55:14.668571904,3,6017,117,68
36.984368,-86.688086,2026-09-06 00:55:14.668600064,3,7857,249,56
36.946693,-86.716334,2026-09-06 00:55:14.668637952,3,6056,207,27
41.63485,-102.823922,2026-09-06 00:55:22.852708096,3,12901,89,21
34.415304,-75.65021,2026-09-06 00:55:23.901806592,3,8359,206,30
27.244304,-99.226878,2026-09-06 00:55:24.258638848,3,14204,129,42
37.595632,-86.073946,2026-09-06 00:55:24.404655360,3,4568,131,74
37.563504,-86.09591,2026-09-06 00:55:24.404651776,3,12379,79,60
37.561899,-86.177685,2026-09-06 00:55:24.404686336,3,12976,142,46
37.546904,-86.124059,2026-09-06 00:55:24.404695296,3,5594,161,34
34.188434,-76.050545,2026-09-06 00:55:24.458298880,3,12768,200,34
37.563253,-86.064183,2026-09-06 00:55:24.537489152,3,9697,85,63
37.641687,-86.06887,2026-09-06 00:55:24.537518592,3,9597,114,48
37.596393,-86.14223,2026-09-06 00:55:24.537541632,3,5684,164,31
37.559105,-86.066231,2026-09-06 00:55:24.576647936,3,9641,85,18
37.602575,-86.080646,2026-09-06 00:55:24.576661504,3,8074,219,46
37.555936,-86.100215,2026-09-06 00:55:24.576701440,3,8565,162,33
37.54751,-86.111109,2026-09-06 00:55:24.702109184,3,7151,114,92
37.589518,-86.083506,2026-09-06 00:55:24.702122240,3,6402,182,79
37.573067,-86.096577,2026-09-06 00:55:24.702120448,3,2462,155,65
37.550991,-86.184642,2026-09-06 00:55:24.702145280,3,7814,165,50
37.74448,-86.514808,2026-09-06 00:55:32.144317184,3,13904,194,28
34.244926,-75.983249,2026-09-06 00:55:32.335227392,3,14109,200,18
32.936963,-74.680838,2026-09-06 00:55:32.400426240,3,14707,202,49
32.937099,-74.647759,2026-09-06 00:55:32.400484608,3,13358,244,32
37.362156,-86.40894,2026-09-06 00:55:32.653970944,3,14371,170,15
33.114096,-72.012377,2026-09-06 00:55:33.521535744,3,6934,135,67
33.109643,-71.99859,2026-09-06 00:55:33.521537280,3,9273,218,83
33.015736,-71.922559,2026-09-06 00:55:33.521521920,3,12546,267,58
27.180969,-79.650335,2026-09-06 00:55:34.409787904,3,7284,266,60
27.293157,-79.732159,2026-09-06 00:55:34.455828992,3,10828,259,18
27.177247,-79.657127,2026-09-06 00:55:34.509101568,3,6102,267,58
25.420494,-80.743932,2026-09-06 00:55:41.750917632,3,4310,270,78
25.224101,-80.74427,2026-09-06 00:55:41.750893312,3,10213,270,68
25.391992,-80.751758,2026-09-06 00:55:41.750961408,3,7722,239,53
20.715305,-105.287714,2026-09-06 00:55:42.808092672,3,10424,252,29
40.738848,-102.410925,2026-09-06 00:55:43.651508736,3,5026,159,52
40.737488,-102.355254,2026-09-06 00:55:43.651520512,3,4528,166,41
25.516448,-80.735676,2026-09-06 00:55:43.871200256,3,4979,265,36
37.799034,-86.43009,2026-09-06 00:55:43.889112320,3,11909,82,42
37.819027,-86.491707,2026-09-06 00:55:43.889175296,3,6709,169,26
27.622258,-108.040623,2026-09-06 00:55:44.205832960,3,4067,176,27
27.660163,-108.027299,2026-09-06 00:55:44.320020224,3,5487,236,29
33.482243,-85.063018,2026-09-06 00:55:44.473940992,3,13758,125,18
35.34018,-63.888272,2026-09-06 00:55:47.588335872,3,6634,215,61
35.340919,-63.853323,2026-09-06 00:55:47.588396288,3,12769,238,44
35.336524,-63.865773,2026-09-06 00:55:47.588393472,3,12091,228,35
33.852838,-72.971825,2026-09-06 00:55:48.743984384,3,12108,266,33
35.175082,-64.53594,2026-09-06 00:55:49.393123840,3,6539,203,61
35.323229,-64.625314,2026-09-06 00:55:49.393180160,3,13083,257,40
33.666953,-76.679629,2026-09-06 00:55:56.585148160,3,7714,183,34
34.131268,-75.837665,2026-09-06 00:55:57.236518144,3,6998,242,27
33.995974,-75.790957,2026-09-06 00:55:57.270574592,3,13454,192,28
34.075533,-75.831468,2026-09-06 00:55:57.270596096,3,10005,246,16
34.037575,-74.069607,2026-09-06 00:55:58.284080640,3,14320,196,36
34.071546,-74.07091,2026-09-06 00:55:58.284093184,3,7388,244,25
34.418351,-74.08004,2026-09-06 00:55:58.823497472,3,10977,194,44
34.352998,-74.080059,2026-09-06 00:55:58.823520256,3,8024,193,29
34.12498,-74.303459,2026-09-06 00:55:58.843392256,3,8416,201,46
34.116415,-74.2864,2026-09-06 00:55:58.843389440,3,6328,201,29
44.235713,-121.882552,2026-09-06 00:55:58.983917824,3,14214,106,32
34.072965,-76.586115,2026-09-06 00:55:59.990158848,3,6270,180,81
34.064263,-76.569201,2026-09-06 00:55:59.990167808,3,7885,171,64
34.334708,-76.54319,2026-09-06 00:55:59.990260992,3,11026,265,43
33.359036,-77.967354,2026-09-06 00:56:00.439972864,3,3240,162,37
48.716141,-121.475436,2026-09-06 00:56:00.507302656,3,10482,110,28
18.815176,-90.801581,2026-09-06 00:56:07.968157952,3,10214,239,20
36.508625,-101.738622,2026-09-06 00:56:08.199011840,3,8053,152,25
22.466223,-79.619157,2026-09-06 00:56:09.706559232,3,5177,259,59
25.364961,-80.654748,2026-09-06 00:56:10.942562560,3,4580,266,45
23.282607,-99.233975,2026-09-06 00:56:12.940168960,3,9487,232,24
33.031668,-83.452665,2026-09-06 00:56:13.611841792,3,9967,111,36
33.055251,-83.45894,2026-09-06 00:56:13.611848960,3,7424,214,23
38.875504,-84.807694,2026-09-06 00:56:21.134906368,3,9402,83,50
38.74132,-85.032901,2026-09-06 00:56:21.134889728,3,12781,269,31
38.886569,-84.830281,2026-09-06 00:56:21.134964224,3,13029,168,18
35.254619,-64.810016,2026-09-06 00:56:21.294098176,3,13580,197,37
34.153056,-75.837563,2026-09-06 00:56:21.753949696,3,14943,203,30
27.97107,-109.867877,2026-09-06 00:56:23.51456768,3,9306,238,37
27.937747,-109.880123,2026-09-06 00:56:23.51489024,3,10161,248,23
27.960852,-109.865708,2026-09-06 00:56:23.367547136,3,9992,191,22
25.395618,-80.694803,2026-09-06 00:56:23.697692160,3,4862,269,39
25.551079,-80.72092,2026-09-06 00:56:23.772885248,3,6301,268,22
25.442219,-80.697131,2026-09-06 00:56:24.13992448,3,3713,269,27
33.05718,-84.17697,2026-09-06 00:56:24.249585920,3,13840,114,26
33.083464,-84.038172,2026-09-06 00:56:24.249626112,3,11585,212,18
37.881287,-86.661098,2026-09-06 00:56:24.553022208,3,13604,166,38
35.340856,-63.868299,2026-09-06 00:56:24.857985280,3,4051,216,65
35.344851,-63.857866,2026-09-06 00:56:24.858041344,3,7905,251,41
35.328603,-63.775845,2026-09-06 00:56:24.858023168,3,10854,264,26
37.163702,-99.499279,2026-09-06 00:56:32.204718080,3,12228,93,103
37.271366,-99.439741,2026-09-06 00:56:32.204763392,3,14713,149,92
37.269787,-99.436035,2026-09-06 00:56:32.204762368,3,12542,149,88
37.213807,-99.448127,2026-09-06 00:56:32.208512768,3,10337,106,85
41.219907,-103.096064,2026-09-06 00:56:33.936444672,3,6365,163,23
35.256051,-63.701322,2026-09-06 00:56:35.341597440,3,8539,222,44
33.72271,-72.925236,2026-09-06 00:56:35.347212544,3,3641,231,88
33.791439,-72.951289,2026-09-06 00:56:35.347236608,3,4234,267,73
33.771036,-72.952522,2026-09-06 00:56:35.347232512,3,4850,265,62
33.810351,-72.954073,2026-09-06 00:56:35.347301632,3,4636,267,44
33.877111,-72.964232,2026-09-06 00:56:35.406496512,3,9555,230,32
32.96143,-71.821768,2026-09-06 00:56:42.776961024,3,6015,223,88
33.082732,-71.893711,2026-09-06 00:56:42.777009152,3,6506,219,75
33.000526,-71.842415,2026-09-06 00:56:42.777036800,3,6510,256,48
33.003939,-71.840042,2026-09-06 00:56:42.777031680,3,9186,248,37
33.064478,-71.893828,2026-09-06 00:56:42.927151360,3,4646,222,48
32.927145,-71.796073,2026-09-06 00:56:42.927157760,3,6715,219,52
32.949988,-71.825505,2026-09-06 00:56:42.927157248,3,10530,213,40
33.006615,-71.870471,2026-09-06 00:56:42.927184640,3,3274,249,27
26.965399,-79.643794,2026-09-06 00:56:43.299907840,3,8980,184,27
26.971104,-79.624322,2026-09-06 00:56:43.391414016,3,3828,185,26
27.150973,-79.625344,2026-09-06 00:56:43.564104704,3,6597,259,23
26.983147,-79.665611,2026-09-06 00:56:43.661899520,3,11437,188,15
35.148036,-66.760217,2026-09-06 00:56:44.525616640,3,5321,252,64
35.261262,-66.865268,2026-09-06 00:56:44.525673728,3,10279,238,50
35.119707,-66.702029,2026-09-06 00:56:44.545848832,3,13040,252,46
25.353971,-80.660983,2026-09-06 00:56:51.667607552,3,7231,269,45
25.027178,-81.125571,2026-09-06 00:56:52.575311872,3,6893,270,44
25.136227,-81.181248,2026-09-06 00:56:52.608043008,3,5740,267,30
22.024539,-82.511924,2026-09-06 00:56:52.664668672,3,7994,238,73
21.837095,-82.458254,2026-09-06 00:56:52.664651520,3,10297,256,65
34.220489,-75.940652,2026-09-06 00:56:54.931762176,3,7065,177,47
34.261033,-75.983156,2026-09-06 00:56:54.931835392,3,7020,238,25
34.051371,-76.555068,2026-09-06 00:56:55.20077056,3,4524,181,85
34.048093,-76.546726,2026-09-06 00:56:55.20083968,3,9970,171,67
34.071406,-76.544149,2026-09-06 00:56:55.20091904,3,6790,242,50
34.226359,-76.471333,2026-09-06 00:56:55.20156416,3,12505,270,41
34.132127,-76.098459,2026-09-06 00:56:55.29839616,3,14986,200,32
34.050543,-76.565201,2026-09-06 00:56:55.168264192,3,4736,187,86
34.072761,-76.543823,2026-09-06 00:56:55.168276224,3,3906,237,73
34.0897,-76.561925,2026-09-06 00:56:55.168284928,3,5069,241,49
34.084242,-76.544663,2026-09-06 00:56:55.168334080,3,7615,226,34
34.012519,-76.68108,2026-09-06 00:56:55.214944256,3,11816,202,29
34.025968,-76.680649,2026-09-06 00:56:55.285615104,3,11698,202,31
37.893014,-86.804827,2026-09-06 00:56:55.308739584,3,9853,110,31
37.887767,-86.766912,2026-09-06 00:56:55.342076160,3,4346,133,48
37.902611,-86.811289,2026-09-06 00:56:55.342088192,3,6305,165,35
34.239636,-76.276815,2026-09-06 00:57:02.897678848,3,7656,173,42
46.39962,31.621198,2026-09-06 00:55:01.647051264,4,8538,212,26
30.79721,-70.283586,2026-09-06 00:55:31.579807744,4,11384,249,22
45.752161,30.346189,2026-09-06 00:56:18.873768192,4,8248,225,17
46.40131,32.803958,2026-09-06 00:56:32.637815040,4,5900,236,18
33.325315,140.980755,2026-09-06 00:56:33.701469952,4,14736,255,30
35.290958,-63.928267,2026-09-06 00:56:35.341832192,4,12935,237,23
15.850392,130.474546,2026-09-06 00:57:04.356990720,4,5520,220,26
17.877984,-57.792952,2026-09-06 00:55:06.278823168,7,10041,229,15
22.529987,-80.039509,2026-09-06 00:55:08.499685376,7,4877,252,11
22.474924,-80.021384,2026-09-06 00:55:08.721673472,7,7273,252,12
27.15894,-79.697166,2026-09-06 00:55:09.717232640,7,4742,183,10
27.292268,-79.660889,2026-09-06 00:55:09.897638912,7,5112,259,12
27.267309,-79.706016,2026-09-06 00:55:34.409810432,7,2057,258,17
25.448292,-80.760061,2026-09-06 00:55:41.750973952,7,2543,266,22
25.513543,-80.73696,2026-09-06 00:55:43.871197696,7,4996,265,11
22.479447,-79.622365,2026-09-06 00:56:09.706559232,7,2281,253,16
25.345824,-80.647769,2026-09-06 00:56:10.942555136,7,6477,239,20
26.977715,-108.635241,2026-09-06 00:56:29.656687616,7,9888,242,17
21.667213,-78.783426,2026-09-06 00:56:30.35019520,7,5062,257,21
25.931429,-98.685139,2026-09-06 00:56:31.663445248,7,11708,232,19
25.420013,-80.701194,2026-09-06 00:56:51.667628800,7,3984,266,13
25.056754,-81.128482,2026-09-06 00:56:52.575316736,7,4415,267,15
21.893523,-82.484187,2026-09-06 00:56:52.664674816,7,7765,237,16
27.327555,-79.743255,2026-09-06 00:56:56.379349248,7,5674,218,26
11.927542,-5.08284,2026-09-06 00:55:43.642381056,5,5193,234,17
14.17325,-2.058098,2026-09-06 00:56:28.311355392,5,10897,261,17
54.343558,-14.587195,2026-09-06 00:55:45.329895936,9,13306,163,14
33.507365,140.746513,2026-09-06 00:56:02.61085184,9,10054,254,16
33.188397,141.123295,2026-09-06 00:56:11.547023616,9,5455,268,15
33.397358,140.890138,2026-09-06 00:56:33.701509376,9,11810,254,25
15.850392,130.474546,2026-09-06 00:57:04.356990720,9,5520,220,25
15.851752,130.463734,2026-09-06 00:57:04.415398656,9,5933,220,12
25.743124,-98.889993,2026-09-06 00:55:00.70658816,13,8647,251,38
36.528697,-101.832396,2026-09-06 00:55:01.518607872,13,11886,100,41
35.59306,-77.315156,2026-09-06 00:55:01.853085696,13,14484,174,29
25.349786,-80.721563,2026-09-06 00:55:03.242091520,13,4272,269,45
33.17719,-72.210072,2026-09-06 00:55:03.751963392,13,6853,241,46
33.694597,-76.740032,2026-09-06 00:55:04.661889024,13,7662,208,64
33.760192,-76.768004,2026-09-06 00:55:04.661914880,13,7073,240,54
33.777614,-76.802741,2026-09-06 00:55:04.661977600,13,10252,173,34
33.775414,-76.778841,2026-09-06 00:55:04.661975040,13,6302,233,21
37.789703,-86.490949,2026-09-06 00:55:05.815063040,13,8505,198,47
37.800395,-86.482531,2026-09-06 00:55:05.815073536,13,6197,255,63
22.508248,-80.025914,2026-09-06 00:55:08.499677696,13,6528,252,36
22.588718,-80.022135,2026-09-06 00:55:08.767572224,13,11993,252,19
26.927357,-79.589889,2026-09-06 00:55:09.18454016,13,5011,188,28
45.848636,-113.481375,2026-09-06 00:55:09.755876096,13,11521,157,50
45.826804,-113.552886,2026-09-06 00:55:09.755902464,13,14708,199,34
27.456716,-79.905581,2026-09-06 00:55:09.897690112,13,11126,267,76
25.7613,-98.840101,2026-09-06 00:55:10.136415744,13,9430,232,40
33.029267,-84.047853,2026-09-06 00:55:10.592477440,13,9060,135,50
33.065792,-84.046902,2026-09-06 00:55:10.592541184,13,6276,215,37
32.940545,-84.068013,2026-09-06 00:55:10.670530816,13,13649,107,27
32.946158,-84.246302,2026-09-06 00:55:11.69636352,13,12804,239,34
33.048137,-84.065307,2026-09-06 00:55:11.69710336,13,4748,190,21
42.482685,-123.534418,2026-09-06 00:55:12.137894400,13,8791,187,58
42.486183,-123.497787,2026-09-06 00:55:12.137903616,13,10457,192,45
41.192309,-103.664336,2026-09-06 00:55:12.588217856,13,9026,91,22
33.661103,-71.340429,2026-09-06 00:55:13.502089216,13,10824,125,69
33.664069,-71.429142,2026-09-06 00:55:13.502112768,13,11688,218,57
33.518258,-71.308196,2026-09-06 00:55:13.502102272,13,9622,253,48
33.563045,-71.319201,2026-09-06 00:55:13.502114048,13,7265,249,36
32.068246,-107.533991,2026-09-06 00:55:13.780772352,13,12906,201,29
35.937814,-64.405323,2026-09-06 00:55:14.456793856,13,8883,238,33
36.901149,-86.719475,2026-09-06 00:55:14.668574976,13,7904,143,49
27.674342,-100.529653,2026-09-06 00:55:15.271823616,13,10171,112,52
27.98722,-100.407205,2026-09-06 00:55:15.271979520,13,13193,265,57
45.219975,-100.152202,2026-09-06 00:55:15.662045440,13,7179,110,58
45.278173,-100.126173,2026-09-06 00:55:15.662053376,13,10104,147,52
39.01253,-80.132344,2026-09-06 00:55:16.715772928,13,14814,151,39
34.487526,-75.505743,2026-09-06 00:55:16.890083840,13,6757,209,37
34.546413,-75.51587,2026-09-06 00:55:16.890156288,13,8180,245,38
34.581675,-75.515855,2026-09-06 00:55:16.930518272,13,4417,178,30
34.497723,-75.473296,2026-09-06 00:55:16.930553088,13,12240,184,31
33.623072,-76.710292,2026-09-06 00:55:17.291733760,13,12665,205,24
22.019307,-82.498528,2026-09-06 00:55:17.924210688,13,7942,243,77
21.955582,-82.486308,2026-09-06 00:55:18.303262208,13,7648,255,39
33.953711,-74.215925,2026-09-06 00:55:18.401076480,13,8328,225,29
35.124902,-66.727056,2026-09-06 00:55:19.124092672,13,5630,243,25
35.155801,-66.793869,2026-09-06 00:55:19.124109568,13,5879,235,13
33.962398,-71.794175,2026-09-06 00:55:19.516988160,13,7034,239,60
33.953672,-71.781563,2026-09-06 00:55:19.517049088,13,12445,265,46
34.025229,-71.829768,2026-09-06 00:55:19.517069824,13,3786,260,33
34.017042,-71.829925,2026-09-06 00:55:19.577936128,13,5249,226,25
27.441993,-100.679998,2026-09-06 00:55:20.199108864,13,8186,223,37
37.63188,-86.16726,2026-09-06 00:55:21.3634432,13,8979,158,24
41.599256,-102.792756,2026-09-06 00:55:22.852713472,13,10137,93,21
37.557624,-86.080988,2026-09-06 00:55:24.404644864,13,13669,60,71
37.581442,-86.093171,2026-09-06 00:55:24.404652032,13,8656,162,53
37.54713,-86.175115,2026-09-06 00:55:24.404677120,13,9616,148,38
34.144771,-76.191248,2026-09-06 00:55:24.458340864,13,13196,205,34
37.567013,-86.081671,2026-09-06 00:55:24.702116096,13,10085,124,32
37.566509,-86.090509,2026-09-06 00:55:24.702125824,13,7279,163,58
37.548821,-86.18536,2026-09-06 00:55:24.702152192,13,7769,140,42
37.682559,-86.113706,2026-09-06 00:55:24.702197760,13,9556,227,26
37.549684,-86.083824,2026-09-06 00:55:24.834604288,13,12411,73,36
37.70242,-85.957883,2026-09-06 00:55:24.834730752,13,8435,260,21
34.250849,-75.860346,2026-09-06 00:55:25.512930304,13,10714,269,35
34.961445,-63.938276,2026-09-06 00:55:25.637719552,13,7823,207,32
25.368484,-80.69944,2026-09-06 00:55:25.976290048,13,4226,266,30
34.025462,-75.773878,2026-09-06 00:55:26.178564864,13,4781,260,57
34.025413,-75.778852,2026-09-06 00:55:26.178566656,13,8429,254,57
33.985636,-75.705784,2026-09-06 00:55:26.314294272,13,11207,206,45
31.582469,-91.380552,2026-09-06 00:55:26.669267968,13,8040,152,59
31.705789,-91.396809,2026-09-06 00:55:26.669343232,13,7263,236,47
36.498764,-101.70794,2026-09-06 00:55:26.822028288,13,10774,103,21
47.315985,-113.638344,2026-09-06 00:55:27.294987008,13,12746,75,26
33.862542,-78.791532,2026-09-06 00:55:27.737540864,13,5053,248,60
33.896939,-78.781258,2026-09-06 00:55:27.737548288,13,9711,265,45
33.857744,-78.78658,2026-09-06 00:55:27.737590528,13,10873,226,32
33.091951,-83.456781,2026-09-06 00:55:29.222105600,13,5701,210,24
35.284816,-65.682665,2026-09-06 00:55:30.308939520,13,7681,166,56
35.37117,-65.709701,2026-09-06 00:55:30.308983040,13,4918,238,76
38.734587,-84.674421,2026-09-06 00:55:30.903446528,13,9571,132,32
38.818068,-84.568973,2026-09-06 00:55:30.903488256,13,8594,160,29
32.819489,-71.826824,2026-09-06 00:55:31.297550080,13,14486,234,20
32.934757,-74.658535,2026-09-06 00:55:32.400437248,13,12334,199,48
33.003496,-74.703466,2026-09-06 00:55:32.400521984,13,8768,244,33
33.121362,-72.000824,2026-09-06 00:55:33.521535488,13,9558,135,110
33.096859,-71.939687,2026-09-06 00:55:33.521530112,13,9130,219,103
33.048779,-71.953787,2026-09-06 00:55:33.521544704,13,10565,217,85
33.015759,-71.922565,2026-09-06 00:55:33.521521920,13,12545,267,71
27.180084,-79.650564,2026-09-06 00:55:34.409787648,13,7283,263,61
27.228636,-79.685798,2026-09-06 00:55:34.509122304,13,8307,266,64
34.770859,-63.512546,2026-09-06 00:55:34.895429632,13,11601,210,41
28.217531,-100.914414,2026-09-06 00:55:36.371121408,13,9170,214,30
40.902461,-104.333693,2026-09-06 00:55:36.668581120,13,10942,93,31
34.506786,-75.50755,2026-09-06 00:55:37.308183808,13,2362,263,76
34.506066,-75.512683,2026-09-06 00:55:37.308183296,13,4394,250,61
34.635615,-75.550192,2026-09-06 00:55:37.308230656,13,9998,245,40
34.605273,-75.571188,2026-09-06 00:55:37.329822208,13,6157,246,26
25.734153,-98.958282,2026-09-06 00:55:37.561870848,13,6947,255,31
37.775142,-86.498929,2026-09-06 00:55:37.587369472,13,13736,86,62
26.594843,-99.302195,2026-09-06 00:55:37.871918848,13,11938,228,24
34.928808,-63.743236,2026-09-06 00:55:38.318173184,13,11249,250,41
25.901682,-98.747926,2026-09-06 00:55:38.989814784,13,9800,247,48
55.531145,-88.328237,2026-09-06 00:55:39.607136512,13,7321,215,25
35.758056,-104.099358,2026-09-06 00:55:39.715935232,13,13584,100,30
36.573503,-101.592472,2026-09-06 00:55:40.775200768,13,7278,182,21
37.747245,-86.4438,2026-09-06 00:55:41.45161472,13,14302,65,44
37.6845,-86.601126,2026-09-06 00:55:41.45169408,13,4287,240,31
29.551336,-107.63703,2026-09-06 00:55:41.352656128,13,14060,214,35
29.535318,-107.637367,2026-09-06 00:55:41.352688128,13,10128,251,20
25.420224,-80.743813,2026-09-06 00:55:41.750917632,13,4308,270,79
20.715311,-105.287712,2026-09-06 00:55:42.808092672,13,10424,252,37
40.738843,-102.410924,2026-09-06 00:55:43.651508736,13,5026,154,34
40.737488,-102.355278,2026-09-06 00:55:43.651520512,13,4527,166,42
25.49564,-80.734076,2026-09-06 00:55:43.871193088,13,11211,265,33
37.799031,-86.430097,2026-09-06 00:55:43.889112320,13,11910,79,42
27.562406,-108.052152,2026-09-06 00:55:44.205858560,13,13272,180,42
27.651927,-108.030825,2026-09-06 00:55:44.320018176,13,5616,236,30
33.482238,-85.063023,2026-09-06 00:55:44.473940992,13,13758,125,18
35.339966,-63.887962,2026-09-06 00:55:47.588335872,13,6634,215,72
35.325842,-63.843589,2026-09-06 00:55:47.588383488,13,7575,238,53
35.238941,-64.544679,2026-09-06 00:55:49.393195008,13,5895,263,32
34.543496,-75.554632,2026-09-06 00:55:50.348312064,13,10975,179,39
34.526757,-75.536092,2026-09-06 00:55:50.348318976,13,9945,183,31
41.611884,-102.928682,2026-09-06 00:55:50.622568448,13,12305,109,28
33.201373,-74.674789,2026-09-06 00:55:50.691907584,13,13458,264,14
25.881184,-98.76607,2026-09-06 00:55:51.203711744,13,12449,222,51
26.911504,-99.535777,2026-09-06 00:55:51.867515392,13,7218,213,25
35.425035,-64.008484,2026-09-06 00:55:52.19768064,13,5164,266,26
33.178512,-103.741604,2026-09-06 00:55:52.548555776,13,14680,119,20
33.14506,-103.768076,2026-09-06 00:55:52.724019712,13,10711,156,21
35.011598,-63.981487,2026-09-06 00:55:54.166914304,13,9228,239,51
21.848643,-82.448279,2026-09-06 00:55:54.588763392,13,8628,255,56
27.462859,-98.946896,2026-09-06 00:55:55.341793536,13,14639,207,43
27.315826,-98.990556,2026-09-06 00:55:55.520263680,13,8653,208,39
33.010867,-71.630982,2026-09-06 00:55:56.36323840,13,8853,136,104
32.970781,-71.564749,2026-09-06 00:55:56.36309248,13,5656,221,100
33.037463,-71.617428,2026-09-06 00:55:56.36337152,13,5211,267,88
33.053168,-71.63185,2026-09-06 00:55:56.36338944,13,8031,258,76
34.076251,-75.82905,2026-09-06 00:55:57.236440832,13,9295,186,39
34.136451,-75.83652,2026-09-06 00:55:57.236519936,13,8535,242,27
34.416858,-74.074575,2026-09-06 00:55:58.823489792,13,10328,194,45
34.355016,-74.086833,2026-09-06 00:55:58.823529984,13,12297,197,36
34.124577,-74.303753,2026-09-06 00:55:58.843392256,13,8426,201,48
34.120674,-74.285856,2026-09-06 00:55:58.843386880,13,8726,196,34
34.12916,-74.3061,2026-09-06 00:55:58.843439616,13,7637,240,18
44.233884,-121.849762,2026-09-06 00:55:58.983929344,13,13358,155,24
34.074782,-76.573837,2026-09-06 00:55:59.990159872,13,12836,180,90
34.06425,-76.56919,2026-09-06 00:55:59.990162432,13,7886,171,68
34.322903,-76.547236,2026-09-06 00:55:59.990259712,13,11035,265,48
33.410489,-78.106927,2026-09-06 00:56:00.439965696,13,7787,165,38
48.710814,-121.463347,2026-09-06 00:56:00.507301120,13,12819,110,25
25.370021,-80.733789,2026-09-06 00:56:00.732854784,13,5622,266,39
25.436885,-80.754723,2026-09-06 00:56:00.878696192,13,7617,266,26
34.501189,-75.516155,2026-09-06 00:56:02.211968,13,6012,248,78
34.493756,-75.5104,2026-09-06 00:56:02.212480,13,4128,253,58
34.545459,-75.530015,2026-09-06 00:56:02.228352,13,6702,181,43
34.518349,-75.52947,2026-09-06 00:56:02.275712,13,7234,229,30
34.525305,-75.684653,2026-09-06 00:56:02.36092160,13,13448,184,35
34.481909,-75.513697,2026-09-06 00:56:02.36079872,13,4309,197,22
34.685235,-75.525853,2026-09-06 00:56:02.106349568,13,8783,268,24
30.566341,-71.073147,2026-09-06 00:56:02.981881856,13,8876,237,48
37.700184,-86.689971,2026-09-06 00:56:03.376368384,13,11717,176,26
37.771184,-86.413726,2026-09-06 00:56:03.389211136,13,9404,105,35
31.799436,-91.825102,2026-09-06 00:56:03.527422976,13,6343,123,22
38.985338,-80.258236,2026-09-06 00:56:05.128259328,13,13480,141,35
38.855147,-80.377821,2026-09-06 00:56:05.128275456,13,14692,257,24
38.992101,-80.225109,2026-09-06 00:56:05.149495040,13,9644,141,36
39.006843,-80.157494,2026-09-06 00:56:05.264502528,13,7279,57,82
39.025346,-80.187459,2026-09-06 00:56:05.264504320,13,12178,157,61
39.025691,-80.160951,2026-09-06 00:56:05.264518400,13,6888,172,39
37.758792,-86.436111,2026-09-06 00:56:05.651968512,13,10369,114,22
15.984075,-93.521641,2026-09-06 00:56:06.277018112,13,13832,265,43
34.096496,-75.755847,2026-09-06 00:56:07.442010112,13,6493,251,40
34.077732,-75.737768,2026-09-06 00:56:07.442057984,13,3064,250,24
36.50865,-101.738597,2026-09-06 00:56:08.199011840,13,8053,152,24
22.482781,-79.633471,2026-09-06 00:56:09.706566912,13,5461,259,66
25.337062,-80.643161,2026-09-06 00:56:10.942551552,13,3949,266,46
34.231554,-76.072016,2026-09-06 00:56:14.120508160,13,7209,249,27
33.925686,-72.967503,2026-09-06 00:56:14.227275008,13,4389,265,66
27.699179,-100.461455,2026-09-06 00:56:15.13108992,13,14723,205,77
33.061819,-71.766387,2026-09-06 00:56:15.54235904,13,3919,224,72
25.573304,-80.592232,2026-09-06 00:56:15.359320320,13,7564,268,64
37.558867,-86.060377,2026-09-06 00:56:17.140917248,13,6860,131,72
37.59163,-86.102457,2026-09-06 00:56:17.140931840,13,12028,154,57
27.363074,-80.018343,2026-09-06 00:56:17.153244416,13,8541,235,32
33.5471,-85.612362,2026-09-06 00:56:17.662196480,13,7340,199,47
34.245004,-75.819145,2026-09-06 00:56:17.825966848,13,10157,222,20
37.800368,-86.462431,2026-09-06 00:56:18.302580224,13,9858,249,15
33.212007,-74.770725,2026-09-06 00:56:20.148786688,13,7475,194,49
33.152947,-74.764744,2026-09-06 00:56:20.148822016,13,6425,249,33
38.893036,-84.818054,2026-09-06 00:56:21.134909440,13,9907,126,34
38.769606,-85.021659,2026-09-06 00:56:21.134893056,13,11542,269,30
35.374054,-64.898011,2026-09-06 00:56:21.294154496,13,6575,267,29
34.037918,-75.802571,2026-09-06 00:56:21.753912832,13,9775,252,28
34.083686,-75.851803,2026-09-06 00:56:21.753988352,13,9803,247,15
27.970827,-109.867854,2026-09-06 00:56:23.51456512,13,9306,238,36
25.471664,-80.719281,2026-09-06 00:56:23.697721088,13,7209,268,33
35.345379,-63.871327,2026-09-06 00:56:24.857984000,13,6970,215,82
35.364758,-63.894537,2026-09-06 00:56:24.858055680,13,8937,262,45
33.690707,-72.571133,2026-09-06 00:56:26.330105088,13,10860,268,40
33.692636,-72.56605,2026-09-06 00:56:26.330163712,13,9014,253,30
33.203479,-73.327286,2026-09-06 00:56:26.506542848,13,9113,208,58
37.798449,-86.34721,2026-09-06 00:56:27.54955776,13,6985,149,54
37.796311,-86.578007,2026-09-06 00:56:27.54987008,13,11325,270,40
37.814413,-86.421585,2026-09-06 00:56:27.55023104,13,10982,167,26
38.083941,-86.967194,2026-09-06 00:56:28.253143552,13,10344,205,30
37.990287,-86.86031,2026-09-06 00:56:28.253149440,13,4802,252,22
34.193846,-75.921917,2026-09-06 00:56:28.523411968,13,3460,256,63
34.23603,-75.901002,2026-09-06 00:56:28.523424256,13,10287,177,50
34.19494,-75.908992,2026-09-06 00:56:28.523472896,13,7502,239,36
34.237364,-75.943255,2026-09-06 00:56:28.523480832,13,4591,238,23
37.770013,-86.440568,2026-09-06 00:56:28.772307712,13,14193,68,51
37.782521,-86.449747,2026-09-06 00:56:28.772382464,13,6560,213,35
34.199946,-75.909403,2026-09-06 00:56:29.79217664,13,4098,266,52
27.321207,-108.459929,2026-09-06 00:56:29.656777472,13,6742,181,38
27.373558,-108.462071,2026-09-06 00:56:29.656841984,13,9320,267,43
26.867728,-108.726724,2026-09-06 00:56:29.803775232,13,12215,268,23
35.357075,-65.703849,2026-09-06 00:56:30.631676416,13,10125,256,17
37.821974,-86.409142,2026-09-06 00:56:31.244548352,13,11025,133,62
37.78016,-86.429319,2026-09-06 00:56:31.244552192,13,13848,136,49
37.756846,-86.514627,2026-09-06 00:56:31.244574208,13,6461,165,31
27.353717,-99.035414,2026-09-06 00:56:31.283868160,13,13025,239,21
37.182771,-99.524106,2026-09-06 00:56:32.204720384,13,7793,126,106
37.270327,-99.439618,2026-09-06 00:56:32.204763904,13,14712,149,96
41.276072,-103.226444,2026-09-06 00:56:33.936416000,13,10556,194,19
33.734964,-72.951139,2026-09-06 00:56:35.347218432,13,6898,123,48
28.687297,-110.445405,2026-09-06 00:56:36.25924352,13,7473,235,44
36.504873,-101.804128,2026-09-06 00:56:36.313894656,13,7486,147,24
37.189688,-99.537213,2026-09-06 00:56:37.454291456,13,5708,119,37
37.249318,-99.586588,2026-09-06 00:56:37.454342912,13,12320,170,23
37.191032,-99.556564,2026-09-06 00:56:37.673695744,13,10486,120,30
37.203808,-99.537571,2026-09-06 00:56:37.793201408,13,10632,107,87
37.738521,-86.41432,2026-09-06 00:56:39.210863104,13,7254,108,44
37.756291,-86.475386,2026-09-06 00:56:39.210907904,13,5699,167,23
37.75012,-86.513641,2026-09-06 00:56:39.643392512,13,7289,149,38
25.343355,-80.693777,2026-09-06 00:56:39.725811712,13,7044,266,35
34.950238,-63.940648,2026-09-06 00:56:41.431919872,13,12365,206,41
35.070974,-64.056026,2026-09-06 00:56:41.431982080,13,7177,263,29
37.695803,-86.735325,2026-09-06 00:56:41.722795520,13,11702,177,31
37.771437,-86.48609,2026-09-06 00:56:41.722866944,13,9144,167,18
33.080984,-71.87814,2026-09-06 00:56:42.777010176,13,7298,226,75
32.95107,-71.849872,2026-09-06 00:56:42.927169024,13,7617,213,35
27.170082,-79.635773,2026-09-06 00:56:43.564111360,13,8011,259,27
35.164086,-66.786767,2026-09-06 00:56:44.525621504,13,5302,150,52
35.25862,-66.789309,2026-09-06 00:56:44.525653760,13,7270,233,71
34.082418,-75.770153,2026-09-06 00:56:45.90035200,13,6188,251,87
34.025351,-75.771321,2026-09-06 00:56:45.90019072,13,5702,178,72
34.088724,-75.780837,2026-09-06 00:56:45.90045952,13,4178,243,58
34.085193,-75.76288,2026-09-06 00:56:45.90096128,13,12577,259,45
46.382069,-59.04977,2026-09-06 00:56:45.318718976,13,9554,235,36
35.483976,-64.023893,2026-09-06 00:56:45.810952960,13,4711,269,34
34.18527,-75.924046,2026-09-06 00:56:49.409512960,13,12618,232,29
41.577931,-102.995791,2026-09-06 00:56:49.590030848,13,12839,112,37
33.10482,-71.969188,2026-09-06 00:56:50.815918848,13,9578,221,52
33.165029,-72.013028,2026-09-06 00:56:50.815947776,13,13332,268,39
31.614638,-66.169667,2026-09-06 00:56:51.40935168,13,4865,253,38
31.723194,-66.25363,2026-09-06 00:56:51.40978944,13,5748,264,29
23.930941,-98.382236,2026-09-06 00:56:51.157585152,13,10318,260,26
33.016391,-83.520794,2026-09-06 00:56:51.214493952,13,9006,202,31
33.079871,-83.524132,2026-09-06 00:56:51.214479360,13,9029,213,25
25.020996,-81.122636,2026-09-06 00:56:52.575310848,13,3654,267,40
34.210477,-75.96882,2026-09-06 00:56:54.931761664,13,12714,177,45
34.261644,-75.983067,2026-09-06 00:56:54.931835136,13,5276,238,25
34.0466,-76.558339,2026-09-06 00:56:55.20075008,13,8222,181,92
34.048099,-76.546732,2026-09-06 00:56:55.20081152,13,9970,171,71
34.071393,-76.544133,2026-09-06 00:56:55.20091904,13,6788,242,55
34.226303,-76.471303,2026-09-06 00:56:55.20156416,13,12506,270,46
34.039452,-76.533077,2026-09-06 00:56:55.168265472,13,6664,186,40
34.08822,-76.564172,2026-09-06 00:56:55.168284928,13,6461,241,57
34.079047,-76.531698,2026-09-06 00:56:55.168334336,13,11222,226,35
37.883617,-86.776154,2026-09-06 00:56:55.342073088,13,12915,115,45
33.970504,-71.185944,2026-09-06 00:56:55.933952256,13,6679,200,65
34.03793,-71.245131,2026-09-06 00:56:55.933980416,13,10914,221,50
34.000817,-71.216158,2026-09-06 00:56:55.934020608,13,6287,251,37
27.319383,-79.753197,2026-09-06 00:56:56.379349760,13,4637,218,53
27.312789,-79.745716,2026-09-06 00:56:56.491027968,13,5639,264,49
36.593014,-101.772034,2026-09-06 00:56:56.749083648,13,14612,137,22
33.344811,-78.165256,2026-09-06 00:56:59.52329472,13,14922,250,74
33.391936,-78.171809,2026-09-06 00:56:59.52350208,13,14853,169,65
37.141081,-99.499724,2026-09-06 00:57:02.652154880,13,9855,91,23
34.181544,-76.272012,2026-09-06 00:57:02.897657344,13,8342,249,43
34.18435,-76.27247,2026-09-06 00:57:02.897713920,13,5847,244,24
37.192892,-99.441403,2026-09-06 00:57:03.208336128,13,7639,111,38
37.251911,-99.490356,2026-09-06 00:57:03.208381952,13,9764,170,22
37.801975,-86.426526,2026-09-06 00:57:03.311618560,13,12440,93,21
35.115667,-66.338855,2026-09-06 00:57:04.362870528,13,12774,153,25
34.065806,-74.670327,2026-09-06 00:57:05.271362304,13,7542,158,45
34.073473,-74.638901,2026-09-06 00:57:05.271365888,13,4147,257,87
34.088922,-74.621373,2026-09-06 00:57:05.271369984,13,10137,248,70
27.598976,-108.054395,2026-09-06 00:57:05.534503680,13,6782,237,58
27.830781,-107.956614,2026-09-06 00:57:05.534633216,13,9935,266,46
33.281253,-74.023204,2026-09-06 00:57:05.827803136,13,4736,264,22
28.553819,-107.826517,2026-09-06 00:57:05.951687168,13,14716,200,20
30.653822,-70.889565,2026-09-06 00:57:06.60200960,13,9037,270,32
32.995723,-73.290795,2026-09-06 00:57:08.174304256,13,12116,231,25
33.174441,-73.316331,2026-09-06 00:57:08.238912768,13,8002,269,20
34.512652,-75.524382,2026-09-06 00:57:08.411384576,13,4614,248,61
34.503151,-75.513715,2026-09-06 00:57:08.411439872,13,11418,181,42
34.547635,-75.519782,2026-09-06 00:57:08.483374336,13,5531,186,47
34.498144,-75.511659,2026-09-06 00:57:08.564316416,13,3847,248,68
34.502432,-75.53812,2026-09-06 00:57:08.665801472,13,6344,262,31
41.741802,-102.750619,2026-09-06 00:57:09.159416832,13,12451,101,26
41.521252,-102.978621,2026-09-06 00:57:10.53332736,13,6177,109,33
33.228233,-83.976768,2026-09-06 00:57:10.278658048,13,14355,102,58
33.199017,-84.041571,2026-09-06 00:57:10.278695936,13,3904,210,43
33.202371,-83.953336,2026-09-06 00:57:10.336391168,13,9763,103,62
33.107332,-84.048528,2026-09-06 00:57:10.516817664,13,9850,138,23
33.275475,-83.834337,2026-09-06 00:57:11.265623552,13,12832,122,113
33.322421,-83.834347,2026-09-06 00:57:11.265637888,13,11769,212,96
33.331007,-83.835194,2026-09-06 00:57:11.265644288,13,11302,214,83
33.337965,-83.842487,2026-09-06 00:57:11.265651200,13,11824,215,70
33.374328,-83.814947,2026-09-06 00:57:11.265709056,13,8281,240,56
33.344742,-83.833226,2026-09-06 00:57:11.265700608,13,7299,196,41
35.375512,-65.25595,2026-09-06 00:57:11.539691264,13,7809,254,35
35.357666,-65.235088,2026-09-06 00:57:11.539678464,13,7460,242,22
26.342048,-81.65091,2026-09-06 00:57:12.310048768,13,5238,260,20
27.152523,-79.764993,2026-09-06 00:57:12.346855680,13,6201,187,34
27.319232,-79.731248,2026-09-06 00:57:12.528402944,13,6410,258,26
26.368808,-81.663371,2026-09-06 00:57:12.563556864,13,6971,262,39
34.099722,-76.059268,2026-09-06 00:57:12.890124544,13,9318,242,29
34.452493,-67.897321,2026-09-06 00:57:12.993507328,13,10871,246,33
35.075214,-66.748042,2026-09-06 00:57:13.88185856,13,12912,148,22
33.276238,-78.174362,2026-09-06 00:57:13.331182336,13,11461,167,46
33.377346,-78.22639,2026-09-06 00:57:13.331277824,13,10526,227,33
35.309763,-63.885624,2026-09-06 00:57:13.337150720,13,11990,200,35
37.559992,-86.075342,2026-09-06 00:57:14.138153216,13,6868,126,73
37.607691,-86.09964,2026-09-06 00:57:14.138170880,13,8934,192,58
37.496609,-86.155581,2026-09-06 00:57:14.138196736,13,8441,164,44
37.518519,-86.222886,2026-09-06 00:57:14.492948992,13,12496,112,32
37.601803,-86.11016,2026-09-06 00:57:14.492995072,13,7112,203,24
33.325312,140.980756,2026-09-06 00:56:33.701469952,14,14737,255,27
46.410038,31.712565,2026-09-06 00:55:01.647038720,11,13378,261,142
46.375561,31.446195,2026-09-06 00:55:01.647083520,11,9900,185,129
46.365088,31.446588,2026-09-06 00:55:01.647077632,11,6321,198,117
46.350578,31.392087,2026-09-06 00:55:01.647082496,11,14876,207,99
35.176356,-64.290661,2026-09-06 00:55:25.134264576,11,13125,156,275
35.388306,-65.78413,2026-09-06 00:55:30.308987648,11,12914,246,295
46.019208,30.292585,2026-09-06 00:55:41.328785152,11,4670,236,84
35.126228,-64.102654,2026-09-06 00:55:53.259381504,11,8699,228,133
25.395759,-80.754385,2026-09-06 00:56:00.732860928,11,6159,266,52
45.776774,28.446701,2026-09-06 00:56:03.281028096,11,8054,249,61
45.798116,28.415045,2026-09-06 00:56:03.281039104,11,8935,242,103
45.783659,28.421533,2026-09-06 00:56:03.281100544,11,4280,248,89
38.164168,-34.966414,2026-09-06 00:56:12.177836544,11,8238,238,115
45.800301,30.439083,2026-09-06 00:56:18.781059584,11,9026,260,171
35.464675,-64.532622,2026-09-06 00:56:25.543567104,11,5096,255,91
32.908253,-73.689358,2026-09-06 00:56:26.506571008,11,6329,248,64
33.727675,-72.961056,2026-09-06 00:56:35.347212032,11,11672,209,201
32.977653,-71.854618,2026-09-06 00:56:42.776970240,11,12181,222,143
35.25871,-66.857047,2026-09-06 00:56:44.525660416,11,11224,241,255
33.985175,-76.869548,2026-09-06 00:56:55.20231424,11,11463,143,64
34.153819,-76.554323,2026-09-06 00:56:55.168302848,11,10985,171,69
27.08377,-79.690783,2026-09-06 00:56:56.379257600,11,9209,265,70
46.055028,31.208452,2026-09-06 00:57:03.338445824,11,13621,262,47
46.147034,31.11221,2026-09-06 00:57:03.355076864,11,9185,145,38
46.175314,30.988243,2026-09-06 00:57:03.355096832,11,13531,226,36
46.179625,31.038122,2026-09-06 00:57:03.580033024,11,11275,260,48
34.145415,-74.663087,2026-09-06 00:57:05.271385600,11,14149,206,300
35.220362,-64.351882,2026-09-06 00:55:25.134284544,12,11427,156,285
35.388306,-65.78413,2026-09-06 00:55:30.308987648,12,12914,246,296
35.126228,-64.102654,2026-09-06 00:55:53.259381504,12,8699,228,123
25.395759,-80.754385,2026-09-06 00:56:00.732860928,12,6159,266,52
45.776951,28.446362,2026-09-06 00:56:03.281028096,12,8055,249,61
45.798116,28.415045,2026-09-06 00:56:03.281039104,12,8935,242,103
45.783649,28.421537,2026-09-06 00:56:03.281100288,12,4280,248,89
45.800301,30.439083,2026-09-06 00:56:18.781059584,12,9026,260,172
35.350268,-64.671061,2026-09-06 00:56:25.543507712,12,4926,245,98
32.903546,-73.69651,2026-09-06 00:56:26.506570752,12,3784,248,66
33.727675,-72.961056,2026-09-06 00:56:35.347212032,12,11672,209,201
32.977653,-71.854618,2026-09-06 00:56:42.776970240,12,12181,222,235
34.153819,-76.554323,2026-09-06 00:56:55.168302848,12,10985,171,50
27.08377,-79.690783,2026-09-06 00:56:56.379257600,12,9209,265,66
46.055028,31.208452,2026-09-06 00:57:03.338445824,12,13621,262,47
46.147034,31.11221,2026-09-06 00:57:03.355076864,12,9185,145,38
46.175314,30.988243,2026-09-06 00:57:03.355096832,12,13531,226,36
46.179625,31.038122,2026-09-06 00:57:03.580033024,12,11275,260,50
34.145426,-74.663093,2026-09-06 00:57:05.271385600,12,14150,206,301
40.457172,-53.425616,2026-09-06 01:00:00.742838272,1,14180,180,46
33.239437,-72.080137,2026-09-06 01:00:09.958802688,1,12676,219,28
8.662697,-11.043447,2026-09-06 01:01:01.763154432,1,9539,241,153
-34.827626,161.59741,2026-09-06 01:00:02.81807616,2,11773,146,28
-33.78094,160.242378,2026-09-06 01:00:05.387400704,2,14709,208,21
-33.873955,160.384894,2026-09-06 01:00:05.953012736,2,11944,208,20
-34.440998,161.482214,2026-09-06 01:00:10.481427456,2,11407,192,21
-34.448352,161.408394,2026-09-06 01:00:10.511828224,2,14064,194,15
-34.461912,161.401956,2026-09-06 01:00:10.578695936,2,12137,194,14
-34.495909,161.373745,2026-09-06 01:00:10.697091072,2,7995,193,15
-35.812471,162.160124,2026-09-06 01:00:11.440264448,2,7805,180,21
-34.462225,161.368753,2026-09-06 01:00:15.3256832,2,14642,194,16
-34.482756,161.424372,2026-09-06 01:00:33.77979904,2,11962,199,19
-34.525108,161.479665,2026-09-06 01:00:47.753869056,2,12725,193,17
-34.774332,161.680126,2026-09-06 01:00:48.237402624,2,13311,168,28
33.138302,141.261704,2026-09-06 01:00:49.145944832,2,5289,268,29
-34.68734,161.61406,2026-09-06 01:00:49.304208384,2,7811,202,22
-33.576248,159.986608,2026-09-06 01:00:51.457951488,2,11747,209,20
-33.592709,159.976956,2026-09-06 01:00:51.476936704,2,13078,220,17
-33.511053,160.078819,2026-09-06 01:00:51.535448320,2,12998,179,21
-33.604479,159.997802,2026-09-06 01:00:51.624408576,2,11876,220,15
-34.911669,162.086045,2026-09-06 01:00:54.473764608,2,11505,169,15
33.632594,-76.562989,2026-09-06 01:00:06.140026112,3,8851,184,58
33.701326,-76.563061,2026-09-06 01:00:06.140104192,3,9207,242,39
33.695358,-76.55956,2026-09-06 01:00:06.140101376,3,7000,234,26
36.483575,-86.511519,2026-09-06 01:00:07.481780736,3,9924,103,20
36.531483,-86.564301,2026-09-06 01:00:07.481849088,3,8370,211,19
33.158904,-72.026539,2026-09-06 01:00:09.876462080,3,7783,263,25
33.097943,-72.019041,2026-09-06 01:00:09.958750720,3,6684,243,15
33.223909,-72.088439,2026-09-06 01:00:09.958797568,3,10742,218,67
33.104463,-72.01192,2026-09-06 01:00:09.958763776,3,3764,267,52
33.138782,-72.038759,2026-09-06 01:00:09.958825472,3,10398,252,39
33.368924,-72.089099,2026-09-06 01:00:10.88027648,3,5324,265,50
33.181126,-72.083308,2026-09-06 01:00:10.88019200,3,9848,261,37
33.178008,-72.060552,2026-09-06 01:00:10.88012032,3,6421,257,24
34.179894,-75.986982,2026-09-06 01:00:10.315418624,3,13926,201,34
34.21345,-76.01647,2026-09-06 01:00:10.315437568,3,11464,241,16
34.21786,-75.987019,2026-09-06 01:00:10.371131392,3,2135,251,58
34.241327,-75.98056,2026-09-06 01:00:10.371140608,3,5707,176,52
34.221681,-75.997604,2026-09-06 01:00:10.371190784,3,9268,233,33
27.277445,-99.064778,2026-09-06 01:00:10.392350720,3,14214,118,31
34.206165,-75.988616,2026-09-06 01:00:10.412504064,3,3486,249,44
34.363058,-76.033101,2026-09-06 01:00:10.412610304,3,5696,255,30
34.20796,-75.986094,2026-09-06 01:00:10.412556544,3,6997,241,17
35.432297,-64.001078,2026-09-06 01:00:10.450368768,3,3232,261,29
35.41045,-63.996063,2026-09-06 01:00:10.561238016,3,5430,261,30
35.464347,-64.034925,2026-09-06 01:00:10.973740800,3,6361,261,30
35.286002,-66.446272,2026-09-06 01:00:18.239834624,3,8634,235,57
35.174959,-66.370146,2026-09-06 01:00:18.239847424,3,13388,218,43
35.266067,-66.419697,2026-09-06 01:00:18.239879936,3,5370,248,27
35.223657,-66.416467,2026-09-06 01:00:18.399984384,3,5053,257,23
35.193238,-66.375169,2026-09-06 01:00:18.453642496,3,9372,254,38
35.247368,-66.4456,2026-09-06 01:00:18.453662208,3,4346,256,25
18.208258,-92.064214,2026-09-06 01:00:22.119055104,3,9730,226,17
41.760567,-102.774383,2026-09-06 01:00:22.293987584,3,12667,112,46
41.720781,-102.758102,2026-09-06 01:00:22.294027776,3,8280,155,31
34.238974,-76.596401,2026-09-06 01:00:22.307209984,3,10706,265,18
25.861412,-98.788195,2026-09-06 01:00:22.746062592,3,13700,219,41
34.067329,-75.777478,2026-09-06 01:00:23.125308160,3,6547,252,20
34.017549,-76.154386,2026-09-06 01:00:23.435617024,3,10614,201,32
34.36669,-75.014607,2026-09-06 01:00:23.704535552,3,13204,189,38
34.436949,-74.939686,2026-09-06 01:00:23.704563456,3,11858,256,25
34.193517,-76.114014,2026-09-06 01:00:23.775182336,3,12838,181,37
34.196177,-76.09244,2026-09-06 01:00:23.775236352,3,6588,269,29
33.052284,-71.733587,2026-09-06 01:00:33.599896064,3,9992,245,43
33.087531,-71.710094,2026-09-06 01:00:33.599956224,3,5207,258,30
33.044342,-71.646218,2026-09-06 01:00:33.599939072,3,11437,258,17
34.540457,-75.522487,2026-09-06 01:00:33.611937024,3,8088,210,23
37.762258,-86.342532,2026-09-06 01:00:33.731985920,3,6422,116,27
34.177447,-76.171193,2026-09-06 01:00:34.582412032,3,13157,174,38
34.122161,-76.121846,2026-09-06 01:00:34.582447616,3,5960,245,23
34.191319,-76.168391,2026-09-06 01:00:34.620948480,3,8851,237,26
34.113404,-76.131818,2026-09-06 01:00:34.682394368,3,4152,250,44
34.241731,-76.173087,2026-09-06 01:00:34.682499840,3,8831,254,30
34.15896,-76.177224,2026-09-06 01:00:34.682468096,3,8614,241,17
34.117144,-76.130681,2026-09-06 01:00:34.777879040,3,7792,256,40
34.215719,-76.166979,2026-09-06 01:00:34.777973248,3,9173,268,26
34.046039,-75.780476,2026-09-06 01:00:36.991028736,3,13907,180,23
37.729971,-86.417171,2026-09-06 01:00:37.152917760,3,11876,114,54
37.777356,-86.600432,2026-09-06 01:00:37.152947200,3,12546,123,48
37.798957,-86.413222,2026-09-06 01:00:37.152988928,3,6243,169,34
37.778139,-86.412697,2026-09-06 01:00:37.152987136,3,7348,167,22
37.752224,-86.370418,2026-09-06 01:00:37.257127424,3,6882,108,24
19.668107,-102.335601,2026-09-06 01:00:37.582610176,3,11622,254,25
26.956201,-79.661299,2026-09-06 01:00:38.231699968,3,12109,187,27
38.854358,-84.767075,2026-09-06 01:00:39.285932544,3,10176,263,27
38.818278,-84.874756,2026-09-06 01:00:39.285904640,3,10748,175,14
27.784043,-104.932364,2026-09-06 01:00:40.458564352,3,7370,164,61
27.85228,-104.946464,2026-09-06 01:00:40.458631680,3,7656,224,49
25.69515,-98.766231,2026-09-06 01:00:40.471869440,3,14081,248,28
33.143356,-71.998247,2026-09-06 01:00:40.518850304,3,4245,268,20
34.346504,-68.376612,2026-09-06 01:00:40.966159104,3,3236,172,31
33.250086,-53.926272,2026-09-06 01:00:49.426575360,3,14247,194,21
25.541191,-80.663086,2026-09-06 01:00:49.482500352,3,6409,266,48
25.40993,-80.703913,2026-09-06 01:00:49.482501120,3,11732,266,36
33.410018,-76.677189,2026-09-06 01:00:49.681415424,3,13182,258,31
25.406674,-80.686964,2026-09-06 01:00:49.840093440,3,7888,266,27
29.377566,-103.424059,2026-09-06 01:00:49.963900160,3,11417,217,24
34.497835,-75.533501,2026-09-06 01:00:50.449887488,3,4261,248,60
34.442026,-75.521989,2026-09-06 01:00:50.449873664,3,4216,180,50
34.527752,-75.560775,2026-09-06 01:00:50.449954304,3,5139,235,29
34.440726,-75.651786,2026-09-06 01:00:50.629056512,3,13689,201,31
34.430579,-75.695818,2026-09-06 01:00:51.38642432,3,13191,201,29
35.494026,-104.410888,2026-09-06 01:00:51.694566400,3,10972,110,38
35.502027,-104.430211,2026-09-06 01:00:51.705235200,3,9438,107,37
41.179929,-103.811836,2026-09-06 01:00:52.282856960,3,6062,169,42
41.175397,-103.817527,2026-09-06 01:00:52.282893056,3,14314,90,25
19.902653,-90.546913,2026-09-06 01:00:52.939382528,3,6605,233,22
33.311274,-74.765257,2026-09-06 01:00:53.76576768,3,10040,121,62
33.199498,-74.666719,2026-09-06 01:00:53.76545280,3,9116,255,59
33.226177,-74.682837,2026-09-06 01:00:53.76617472,3,12384,249,44
33.219294,-74.686626,2026-09-06 01:00:53.76608768,3,4121,242,31
36.267881,-103.566982,2026-09-06 01:00:54.705926656,3,11960,97,38
36.331796,-103.650648,2026-09-06 01:00:54.705951744,3,6209,177,24
37.76387,-86.350752,2026-09-06 01:00:56.458367744,3,9689,80,48
37.866273,-86.510205,2026-09-06 01:00:56.458422016,3,13062,169,32
37.723168,-86.578444,2026-09-06 01:00:56.556178944,3,12049,134,30
33.054684,-71.758726,2026-09-06 01:00:57.157912064,3,2358,199,49
33.028029,-71.734989,2026-09-06 01:00:57.157902080,3,13133,221,71
33.110212,-71.784684,2026-09-06 01:00:57.157944064,3,5528,265,53
33.034204,-71.701218,2026-09-06 01:00:57.194031104,3,11310,246,50
33.106132,-71.791343,2026-09-06 01:00:57.194118656,3,7908,222,38
33.048034,-71.760339,2026-09-06 01:00:57.251472128,3,11489,223,42
33.071824,-71.763846,2026-09-06 01:00:57.251475968,3,3762,258,27
33.15812,-71.776414,2026-09-06 01:00:57.322280960,3,8958,227,48
33.056868,-71.705233,2026-09-06 01:00:57.322292224,3,3748,258,30
31.767569,-43.316357,2026-09-06 01:00:30.437965312,4,11684,214,30
33.138358,141.261678,2026-09-06 01:00:49.145944832,4,5288,268,29
25.537802,-98.924765,2026-09-06 01:00:22.746001152,7,13835,98,20
25.653573,-98.958781,2026-09-06 01:00:29.658097664,7,8646,206,16
16.049966,132.867257,2026-09-06 01:00:06.394834176,9,3742,230,35
33.469025,141.084537,2026-09-06 01:00:28.302383616,9,12404,269,17
33.133242,141.286886,2026-09-06 01:00:49.145940480,9,10553,263,27
54.434157,-14.586014,2026-09-06 01:01:03.56611328,9,12609,162,18
23.665956,123.396944,2026-09-06 01:01:05.939192320,9,5954,257,17
33.168257,-73.951901,2026-09-06 01:00:01.207479808,13,11425,212,129
33.167037,-73.909203,2026-09-06 01:00:01.207484928,13,11526,206,115
25.293316,-80.688163,2026-09-06 01:00:02.464746240,13,7899,269,42
42.052886,-102.402136,2026-09-06 01:00:02.971281664,13,11973,76,31
33.093191,-74.790835,2026-09-06 01:00:03.667794944,13,6753,265,18
34.174785,-75.802332,2026-09-06 01:00:03.702466048,13,5457,250,25
33.476685,-77.198544,2026-09-06 01:00:03.754814720,13,5916,169,28
33.557916,-77.222371,2026-09-06 01:00:03.754899456,13,10308,241,28
27.780036,-100.596886,2026-09-06 01:00:05.770796544,13,11162,110,20
33.656066,-76.525522,2026-09-06 01:00:06.140013056,13,10115,201,62
33.701838,-76.562918,2026-09-06 01:00:06.140104448,13,9206,242,41
33.701323,-76.561674,2026-09-06 01:00:06.140096512,13,6556,234,27
36.355974,-86.796313,2026-09-06 01:00:07.481753600,13,9046,169,29
36.531471,-86.564298,2026-09-06 01:00:07.481849088,13,8371,211,18
33.123747,-72.028652,2026-09-06 01:00:09.958770432,13,9544,198,48
33.104218,-72.011926,2026-09-06 01:00:09.958761472,13,3767,267,65
34.17554,-75.978157,2026-09-06 01:00:10.315417344,13,12305,201,32
34.133679,-75.951414,2026-09-06 01:00:10.371100416,13,6945,229,50
35.46146,-64.001672,2026-09-06 01:00:10.973736704,13,6120,266,22
27.788354,-110.114173,2026-09-06 01:00:11.258334720,13,9546,194,26
27.804721,-110.111569,2026-09-06 01:00:11.576082944,13,14863,194,36
33.024515,-71.703691,2026-09-06 01:00:11.859741696,13,6438,224,95
33.009064,-71.665575,2026-09-06 01:00:11.859736832,13,14384,220,83
33.016916,-71.691532,2026-09-06 01:00:11.960532224,13,10377,219,16
33.048007,-71.706242,2026-09-06 01:00:12.328399616,13,5720,246,67
33.989278,-75.873357,2026-09-06 01:00:13.663138560,13,6833,204,36
35.426839,-65.310561,2026-09-06 01:00:14.4848896,13,5789,270,32
31.114556,-71.535417,2026-09-06 01:00:14.275151872,13,3177,267,25
31.079779,-71.48203,2026-09-06 01:00:14.379656704,13,11448,236,50
37.034232,-86.461379,2026-09-06 01:00:14.816851200,13,11964,119,52
37.044701,-86.467676,2026-09-06 01:00:14.816936192,13,13433,102,43
45.939098,-113.489546,2026-09-06 01:00:15.654897152,13,8874,116,28
34.102152,-75.742034,2026-09-06 01:00:15.821773824,13,14928,267,18
47.686225,-113.118483,2026-09-06 01:00:17.129263872,13,10955,88,38
47.660032,-113.227303,2026-09-06 01:00:17.129294848,13,7171,226,61
35.263496,-66.400832,2026-09-06 01:00:18.239878656,13,9711,248,25
17.993176,-92.102826,2026-09-06 01:00:21.933412864,13,11550,227,38
18.172598,-92.093508,2026-09-06 01:00:22.119034624,13,3977,246,36
41.772943,-102.78489,2026-09-06 01:00:22.293981952,13,7271,112,43
41.790602,-102.708851,2026-09-06 01:00:22.294006272,13,10262,85,30
25.644704,-98.903226,2026-09-06 01:00:22.746010368,13,7788,206,49
34.067347,-75.777483,2026-09-06 01:00:23.125308160,13,6545,252,20
34.02384,-76.164976,2026-09-06 01:00:23.435621120,13,7685,201,28
34.366696,-75.014609,2026-09-06 01:00:23.704528128,13,13205,189,39
33.424108,-85.111281,2026-09-06 01:00:25.128213504,13,14618,100,23
34.015577,-75.765233,2026-09-06 01:00:26.975988736,13,14025,186,40
33.955047,-75.84277,2026-09-06 01:00:27.54842368,13,12951,205,35
38.92894,-80.635892,2026-09-06 01:00:27.780499712,13,14459,105,39
38.956479,-80.64489,2026-09-06 01:00:27.780548096,13,10808,116,26
34.158424,-75.977977,2026-09-06 01:00:27.982863616,13,7744,177,25
38.795129,-84.526956,2026-09-06 01:00:28.781582848,13,6011,206,29
38.709423,-84.610787,2026-09-06 01:00:28.781544448,13,8996,168,28
25.946116,-98.92076,2026-09-06 01:00:29.658121984,13,14791,203,59
33.790864,-74.755493,2026-09-06 01:00:29.782432512,13,8761,196,30
33.213218,-74.000585,2026-09-06 01:00:31.432200192,13,4329,204,59
33.272807,-74.003152,2026-09-06 01:00:31.432220416,13,6504,264,77
33.228625,-73.930595,2026-09-06 01:00:31.432199936,13,12276,255,59
33.15743,-71.737597,2026-09-06 01:00:33.599929344,13,11341,223,42
33.100787,-71.725584,2026-09-06 01:00:33.599962112,13,4657,258,29
37.893107,-86.523208,2026-09-06 01:00:33.732051200,13,13867,171,26
34.052251,-76.249821,2026-09-06 01:00:34.582419456,13,14791,204,35
37.741773,-86.406618,2026-09-06 01:00:37.152981504,13,12332,162,28
37.746419,-86.459425,2026-09-06 01:00:37.152969984,13,10561,167,32
37.751939,-86.383809,2026-09-06 01:00:37.257123584,13,7343,115,20
19.668075,-102.335637,2026-09-06 01:00:37.582610176,13,11622,254,31
38.811896,-84.785199,2026-09-06 01:00:39.285918720,13,10581,175,17
27.746965,-104.94556,2026-09-06 01:00:40.458555136,13,7169,211,58
27.842025,-104.948313,2026-09-06 01:00:40.458630144,13,8017,224,47
32.947044,-71.850045,2026-09-06 01:00:41.559909888,13,7314,223,51
32.97685,-71.858969,2026-09-06 01:00:41.559979776,13,8759,258,48
32.966179,-71.828523,2026-09-06 01:00:41.603040000,13,9594,238,23
33.116292,-71.942203,2026-09-06 01:00:41.696165632,13,7824,134,59
32.995589,-71.882532,2026-09-06 01:00:41.696177920,13,6699,216,34
31.564722,-66.102576,2026-09-06 01:00:42.494885888,13,6522,263,116
25.511209,-80.79328,2026-09-06 01:00:42.568445952,13,8532,268,35
33.906742,-76.388676,2026-09-06 01:00:43.938606336,13,14557,252,52
30.90662,-70.172945,2026-09-06 01:00:43.982199296,13,6872,252,42
34.523352,-75.514409,2026-09-06 01:00:44.310556416,13,14788,185,25
34.497293,-75.484813,2026-09-06 01:00:44.310553600,13,3611,249,24
30.603273,-71.026996,2026-09-06 01:00:44.468217344,13,4989,242,86
30.447503,-70.910429,2026-09-06 01:00:44.500507136,13,14826,243,43
34.068347,-73.008595,2026-09-06 01:00:44.681166592,13,9089,241,29
35.13888,-66.378812,2026-09-06 01:00:45.81012992,13,10224,157,53
35.157292,-66.375422,2026-09-06 01:00:45.81069824,13,12198,220,52
26.087224,-81.838704,2026-09-06 01:00:45.646933760,13,5742,243,26
26.378678,-81.641677,2026-09-06 01:00:45.809672960,13,9479,266,39
31.053926,-79.47526,2026-09-06 01:00:45.811544832,13,6904,252,26
26.396599,-81.6645,2026-09-06 01:00:45.944904192,13,10041,262,20
37.568451,-86.202938,2026-09-06 01:00:46.235290624,13,12054,74,61
36.357882,-64.444436,2026-09-06 01:00:46.646273536,13,4901,224,66
38.820161,-84.790597,2026-09-06 01:00:47.504040704,13,14120,111,37
38.683702,-85.011493,2026-09-06 01:00:47.504016896,13,11366,269,23
21.585499,-82.243654,2026-09-06 01:00:47.629441024,13,9598,244,46
18.897329,-91.147261,2026-09-06 01:00:48.78278400,13,13735,221,97
25.526986,-80.652159,2026-09-06 01:00:49.482497024,13,4466,267,51
25.406889,-80.687134,2026-09-06 01:00:49.840093440,13,7890,266,28
29.385313,-103.415689,2026-09-06 01:00:49.963903232,13,12104,211,20
34.454227,-75.550373,2026-09-06 01:00:50.449870592,13,7634,202,59
34.542743,-75.57581,2026-09-06 01:00:50.449906176,13,11073,185,48
34.518384,-75.554556,2026-09-06 01:00:50.449954048,13,7659,233,34
34.626684,-75.58946,2026-09-06 01:00:50.629132544,13,7339,269,30
34.416293,-75.657675,2026-09-06 01:00:51.38636800,13,10347,202,28
35.494154,-104.410237,2026-09-06 01:00:51.694566656,13,10974,110,36
35.491057,-104.427021,2026-09-06 01:00:51.705236736,13,11271,107,38
41.164625,-103.796958,2026-09-06 01:00:52.282857472,13,5855,169,40
41.175396,-103.817528,2026-09-06 01:00:52.282893056,13,14315,90,23
33.181142,-74.688134,2026-09-06 01:00:53.76539136,13,7954,247,54
33.046829,-74.668994,2026-09-06 01:00:53.76538624,13,12384,264,50
36.267138,-103.57244,2026-09-06 01:00:54.705925632,13,12578,97,27
36.342802,-103.651284,2026-09-06 01:00:54.705961216,13,11555,228,16
37.880047,-86.501508,2026-09-06 01:00:56.458427392,13,7577,217,35
37.82022,-86.412521,2026-09-06 01:00:56.458439680,13,6476,204,25
37.723165,-86.578443,2026-09-06 01:00:56.556178944,13,12048,134,30
33.050234,-71.761287,2026-09-06 01:00:57.157911296,13,2901,176,95
33.028077,-71.735034,2026-09-06 01:00:57.157902080,13,13133,221,87
33.079863,-71.743769,2026-09-06 01:00:57.194113024,13,7716,216,26
33.052387,-71.734562,2026-09-06 01:00:57.251472640,13,11810,223,40
33.037348,-71.679163,2026-09-06 01:00:57.472106496,13,12927,223,41
33.074017,-71.712983,2026-09-06 01:00:57.472114176,13,6108,254,24
23.063475,-99.326185,2026-09-06 01:00:57.917191680,13,6756,228,29
33.040867,-71.700961,2026-09-06 01:00:58.24015104,13,13709,223,40
33.071205,-71.69573,2026-09-06 01:00:58.24017152,13,5285,258,29
37.560959,-86.227779,2026-09-06 01:00:58.728203776,13,10108,192,29
35.777862,-105.524994,2026-09-06 01:01:00.251064576,13,7483,111,32
35.795599,-105.461132,2026-09-06 01:01:00.411385088,13,8677,103,38
35.788509,-105.51975,2026-09-06 01:01:00.411408128,13,10782,146,25
28.172231,-100.891936,2026-09-06 01:01:00.861853952,13,10055,238,26
37.768681,-86.342332,2026-09-06 01:01:01.72898816,13,13846,101,44
35.272889,-63.914789,2026-09-06 01:01:02.626061312,13,4723,262,32
54.439334,-14.471959,2026-09-06 01:01:03.56625920,13,10819,127,31
33.165043,-73.992854,2026-09-06 01:01:05.612832000,13,8044,126,54
37.751728,-86.493811,2026-09-06 01:01:06.19496448,13,6788,234,21
41.647851,-102.683575,2026-09-06 01:01:06.488124160,13,11637,110,37
41.706866,-102.653859,2026-09-06 01:01:06.488145920,13,11047,85,30
50.816352,-107.52976,2026-09-06 01:01:08.91936256,13,6856,159,28
37.484439,-86.382281,2026-09-06 01:01:09.255669248,13,12080,83,23
34.146296,-75.956104,2026-09-06 01:01:09.852264448,13,8879,202,67
34.306171,-75.977742,2026-09-06 01:01:09.852328704,13,9826,168,46
34.221967,-75.977823,2026-09-06 01:01:09.852349184,13,4770,265,33
22.895527,-99.572992,2026-09-06 01:01:10.939591680,13,12218,248,29
30.603469,-70.808839,2026-09-06 01:01:12.470991104,13,5411,234,32
30.759969,-70.952191,2026-09-06 01:01:12.994765312,13,7912,227,46
46.362721,-58.85954,2026-09-06 01:01:13.363484928,13,13954,229,28
27.785,-100.556104,2026-09-06 01:01:13.714105088,13,9291,237,34
30.808315,-103.837182,2026-09-06 01:01:13.954662144,13,4856,202,42
31.089978,-103.86696,2026-09-06 01:01:13.954745088,13,4031,230,29
33.134458,141.276437,2026-09-06 01:00:49.145942016,14,10622,268,30
45.737284,28.874612,2026-09-06 01:00:05.942204672,11,9774,226,27
46.42012,32.753093,2026-09-06 01:00:18.746214912,11,7880,220,98
46.04862,30.515711,2026-09-06 01:00:23.701788416,11,10525,251,134
46.06103,30.392822,2026-09-06 01:00:23.701819904,11,6910,257,122
46.058149,30.429456,2026-09-06 01:00:23.701875456,11,8366,256,107
46.481926,-59.428471,2026-09-06 01:00:43.696575232,11,11589,210,341
45.756893,28.373868,2026-09-06 01:00:51.162429952,11,7904,248,69
45.845808,28.223041,2026-09-06 01:00:51.162476032,11,13160,234,53
33.031473,-71.743637,2026-09-06 01:00:57.157903360,11,12790,222,241
33.158619,-73.963915,2026-09-06 01:01:05.612822528,11,8881,203,217
46.068839,29.915795,2026-09-06 01:01:10.9061888,11,3522,260,235
46.078115,29.866148,2026-09-06 01:01:10.9075968,11,8537,232,331
45.737284,28.874612,2026-09-06 01:00:05.942204672,12,9774,226,27
21.877469,-82.483919,2026-09-06 01:00:12.567024128,12,7279,237,46
46.04862,30.515711,2026-09-06 01:00:23.701788416,12,10525,251,134
46.06103,30.392822,2026-09-06 01:00:23.701819904,12,6910,257,122
46.058149,30.429456,2026-09-06 01:00:23.701875456,12,8366,256,107
46.481926,-59.428471,2026-09-06 01:00:43.696575232,12,11589,210,340
45.756893,28.373868,2026-09-06 01:00:51.162429952,12,7904,248,69
45.845808,28.223041,2026-09-06 01:00:51.162476032,12,13160,234,53
33.031473,-71.743637,2026-09-06 01:00:57.157903360,12,12790,222,240
33.158619,-73.963915,2026-09-06 01:01:05.612822528,12,8881,203,216
46.068839,29.915795,2026-09-06 01:01:10.9061888,12,3522,260,239
46.078115,29.866148,2026-09-06 01:01:10.9075968,12,8537,232,330
30.264002,-68.388301,2026-09-06 05:25:04.985471488,1,5038,255,16
34.908347,-73.432952,2026-09-06 05:25:07.883744256,1,6795,265,26
34.728232,-71.500011,2026-09-06 05:25:09.754592256,1,11629,216,27
29.1637,-64.499756,2026-09-06 05:25:16.811290624,1,5311,265,51
34.295433,-86.942026,2026-09-06 05:25:31.585660416,1,11946,103,26
34.319041,-87.029772,2026-09-06 05:25:31.814067712,1,10614,193,26
31.230204,-72.371682,2026-09-06 05:25:32.28065280,1,10163,230,33
32.67396,-72.641736,2026-09-06 05:25:40.217701888,1,10672,209,21
34.566481,-73.755999,2026-09-06 05:26:02.375315968,1,11386,192,25
34.582186,-72.249123,2026-09-06 05:26:03.129946624,1,6628,251,31
34.598044,-71.833303,2026-09-06 05:26:10.315212544,1,10868,214,20
31.409702,-72.727639,2026-09-06 05:26:10.554225152,1,5181,253,21
34.742246,-86.499037,2026-09-06 05:26:17.676547072,1,8651,191,26
34.80662,-86.535975,2026-09-06 05:26:17.887929344,1,10322,190,22
34.19944,-64.351044,2026-09-06 05:26:26.108204544,1,8986,255,28
45.607838,33.505332,2026-09-06 05:26:33.407372288,1,12405,263,23
45.638619,33.684237,2026-09-06 05:26:33.407371264,1,8216,253,112
45.622588,33.658628,2026-09-06 05:26:33.407373568,1,7657,243,99
45.62549,33.442828,2026-09-06 05:26:33.407432960,1,4527,247,81
45.584422,32.880642,2026-09-06 05:26:33.473205248,1,11577,270,94
45.592,33.542456,2026-09-06 05:26:33.473087232,1,8986,232,84
35.600301,-86.238361,2026-09-06 05:26:40.944577024,1,13777,84,36
35.610518,-86.26353,2026-09-06 05:26:41.38782208,1,13015,86,27
33.626126,-66.015563,2026-09-06 05:26:41.76943360,1,12886,250,27
34.814385,-63.896108,2026-09-06 05:26:48.144513280,1,9828,184,80
35.698891,-86.220483,2026-09-06 05:27:21.907281664,1,10180,184,23
34.608573,-72.257494,2026-09-06 05:27:22.593319168,1,7069,210,32
37.850706,-39.06052,2026-09-06 05:27:29.762975232,1,11942,228,30
35.66493,-86.514362,2026-09-06 05:27:30.723133696,1,12307,169,35
36.614719,-101.732985,2026-09-06 05:27:39.804560128,1,13916,177,28
33.781813,-69.357513,2026-09-06 05:27:46.951225344,1,5973,220,26
33.7089,-69.264171,2026-09-06 05:27:47.21961472,1,12471,221,27
34.546564,-71.912117,2026-09-06 05:27:54.559577600,1,11523,203,13
24.322602,-98.60405,2026-09-06 05:28:02.90939648,1,10071,232,29
26.662187,129.170066,2026-09-06 05:25:14.156896512,2,6251,215,36
33.227736,138.684705,2026-09-06 05:25:28.551885056,2,8201,234,29
33.18205,138.517387,2026-09-06 05:25:55.103531008,2,13674,230,20
33.229169,138.598267,2026-09-06 05:25:55.182406912,2,12677,247,20
33.183548,138.5398,2026-09-06 05:25:55.191903488,2,1893,270,45
33.160646,138.543606,2026-09-06 05:25:55.191895552,2,11276,240,31
-37.486726,167.11604,2026-09-06 05:26:07.742479360,2,14286,151,20
-25.887196,126.552678,2026-09-06 05:26:29.624267520,2,14314,201,22
33.087899,138.648679,2026-09-06 05:26:38.724201472,2,13061,233,20
-36.34006,167.248254,2026-09-06 05:27:10.584376576,2,10549,166,22
33.574426,140.68117,2026-09-06 05:27:17.130621952,2,14530,163,40
33.578376,140.712856,2026-09-06 05:27:17.130620672,2,12196,153,22
33.769076,140.55326,2026-09-06 05:27:17.178416896,2,10938,256,24
33.742917,140.583576,2026-09-06 05:27:17.201335808,2,3200,268,36
33.591047,140.689987,2026-09-06 05:27:17.223649280,2,5940,265,36
33.295713,138.512277,2026-09-06 05:27:20.206665984,2,6598,243,31
33.228851,138.475962,2026-09-06 05:27:20.206649856,2,10104,239,18
-36.936121,167.345891,2026-09-06 05:27:23.726905600,2,13763,178,22
28.924583,129.165702,2026-09-06 05:27:28.993222656,2,6523,192,37
29.242328,129.113657,2026-09-06 05:27:30.414852864,2,9576,188,40
-35.203466,165.634884,2026-09-06 05:27:35.769627136,2,12002,192,18
-36.026517,166.99631,2026-09-06 05:27:46.622790400,2,11326,169,19
-37.124109,167.359024,2026-09-06 05:27:57.858723328,2,11558,159,27
34.851417,-63.878246,2026-09-06 05:25:00.747830784,3,8462,220,57
34.843429,-63.7969,2026-09-06 05:25:00.747877632,3,9016,269,44
34.905349,-63.927462,2026-09-06 05:25:00.747912704,3,4573,269,34
34.802736,-63.855184,2026-09-06 05:25:00.747873280,3,13806,233,21
34.763406,-63.776607,2026-09-06 05:25:00.785054720,3,13533,210,48
34.897998,-63.918762,2026-09-06 05:25:00.785123584,3,5646,269,36
34.888313,-63.948206,2026-09-06 05:25:00.836149504,3,7583,269,30
34.82737,-63.881251,2026-09-06 05:25:00.918300160,3,4098,250,26
36.781429,-101.803873,2026-09-06 05:25:01.331825664,3,10237,95,37
36.815479,-101.821433,2026-09-06 05:25:01.331821056,3,6778,163,37
36.870705,-101.787649,2026-09-06 05:25:01.331833600,3,11322,204,27
33.675045,-70.185672,2026-09-06 05:25:01.978036224,3,6888,147,78
34.671663,-71.499445,2026-09-06 05:25:09.620562432,3,9927,234,37
34.64497,-71.444428,2026-09-06 05:25:09.620541696,3,2561,237,25
34.646738,-71.480438,2026-09-06 05:25:09.666020352,3,13717,235,31
34.662069,-71.453465,2026-09-06 05:25:09.666006272,3,8368,252,14
34.621757,-71.442488,2026-09-06 05:25:09.754554368,3,5195,237,76
34.734233,-71.526724,2026-09-06 05:25:09.754599936,3,10528,213,66
34.684015,-71.493785,2026-09-06 05:25:09.754637824,3,6092,258,48
34.70843,-71.476922,2026-09-06 05:25:09.754640896,3,11562,267,36
34.703339,-71.502501,2026-09-06 05:25:09.855800320,3,6284,258,41
34.670746,-71.47201,2026-09-06 05:25:09.855783680,3,3884,252,27
34.789068,-71.53479,2026-09-06 05:25:09.933379072,3,4583,242,62
34.650941,-71.485545,2026-09-06 05:25:09.933391360,3,9719,216,51
34.687401,-71.486981,2026-09-06 05:25:09.933394688,3,4899,247,38
41.096872,-101.951262,2026-09-06 05:25:09.959592448,3,14529,66,20
34.646759,-71.510307,2026-09-06 05:25:10.122817536,3,14782,235,36
34.654175,-71.459006,2026-09-06 05:25:10.122802176,3,3991,228,23
34.652232,-71.469368,2026-09-06 05:25:10.247334912,3,8589,235,41
34.673441,-71.476993,2026-09-06 05:25:10.247335424,3,5973,252,29
33.054898,-78.968862,2026-09-06 05:25:10.953910272,3,3376,239,22
31.270518,-72.390384,2026-09-06 05:25:11.34174976,3,3317,229,28
37.569022,-82.883048,2026-09-06 05:25:11.813452800,3,11032,132,56
34.721756,-71.511963,2026-09-06 05:25:19.335638016,3,7161,220,25
41.142126,-102.070536,2026-09-06 05:25:20.319074560,3,7253,167,28
41.177099,-102.031141,2026-09-06 05:25:20.319091968,3,7615,145,16
35.594321,-86.502781,2026-09-06 05:25:20.347286272,3,4087,134,35
35.697733,-86.522286,2026-09-06 05:25:20.347317504,3,3919,232,110
35.610504,-86.499925,2026-09-06 05:25:20.347287808,3,10442,114,98
35.634294,-86.547205,2026-09-06 05:25:20.347297536,3,8014,175,85
35.621384,-86.543518,2026-09-06 05:25:20.347300608,3,5720,180,72
35.825,-86.472333,2026-09-06 05:25:20.347368704,3,8583,229,55
35.602865,-86.587452,2026-09-06 05:25:20.393137408,3,8147,200,89
35.706388,-86.509124,2026-09-06 05:25:20.393173248,3,12938,90,73
35.601099,-86.524577,2026-09-06 05:25:20.393204992,3,11056,90,59
35.633115,-86.521767,2026-09-06 05:25:20.393216000,3,3367,217,36
35.618974,-86.52786,2026-09-06 05:25:20.448890880,3,13519,94,45
35.703475,-86.489136,2026-09-06 05:25:20.448920576,3,14278,89,62
35.631218,-86.5325,2026-09-06 05:25:20.448955136,3,7919,181,49
35.668225,-86.520058,2026-09-06 05:25:20.448974592,3,6779,217,32
32.726101,-72.662398,2026-09-06 05:25:28.845727744,3,11539,218,27
34.571482,-72.038722,2026-09-06 05:25:29.597888000,3,11325,212,34
34.568182,-72.003525,2026-09-06 05:25:29.597874432,3,9287,207,21
34.608804,-72.024679,2026-09-06 05:25:29.750332416,3,8627,212,55
34.556042,-72.00312,2026-09-06 05:25:29.750366464,3,4655,205,42
34.569067,-72.020654,2026-09-06 05:25:29.750376960,3,3328,241,29
34.509292,-71.604754,2026-09-06 05:25:30.370580992,3,9010,173,92
34.533149,-71.614446,2026-09-06 05:25:30.370593792,3,4882,266,70
34.567595,-71.647073,2026-09-06 05:25:30.370606592,3,6698,206,58
34.577236,-71.648747,2026-09-06 05:25:30.543263232,3,9954,265,34
34.504844,-71.619686,2026-09-06 05:25:30.567268608,3,13006,216,41
34.530644,-71.640794,2026-09-06 05:25:30.567266560,3,5354,259,36
18.954482,-100.204265,2026-09-06 05:25:38.498917120,3,5457,252,31
18.971424,-100.188645,2026-09-06 05:25:38.498924800,3,7700,253,39
47.747484,-111.988261,2026-09-06 05:25:39.800946176,3,10766,161,20
23.331162,-104.5679,2026-09-06 05:25:40.41148416,3,7548,268,19
32.688841,-72.658823,2026-09-06 05:25:40.217710080,3,8256,223,52
24.390416,-98.640384,2026-09-06 05:25:47.749441280,3,9021,216,92
16.118408,-94.575897,2026-09-06 05:25:55.12330496,3,14623,262,51
15.869492,-94.660755,2026-09-06 05:25:55.363532288,3,14923,267,20
32.826198,-78.912578,2026-09-06 05:25:56.474424064,3,5867,267,32
34.479762,-70.857029,2026-09-06 05:26:03.685804288,3,8568,239,29
34.474419,-70.848321,2026-09-06 05:26:03.699479808,3,7022,217,19
41.360977,-102.043821,2026-09-06 05:26:03.793033728,3,10580,158,30
41.294344,-102.023373,2026-09-06 05:26:03.793019904,3,11279,96,17
17.918401,-94.058907,2026-09-06 05:26:04.300724224,3,9462,254,92
35.604076,-86.506819,2026-09-06 05:26:11.979425280,3,7657,186,116
35.660737,-86.522163,2026-09-06 05:26:11.979442432,3,6453,232,105
35.673268,-86.508841,2026-09-06 05:26:11.979448832,3,6941,161,89
35.605978,-86.541073,2026-09-06 05:26:11.979433472,3,8043,180,76
35.664509,-86.533822,2026-09-06 05:26:11.979445248,3,10458,186,61
35.64779,-86.52802,2026-09-06 05:26:11.979497984,3,6052,217,47
35.600792,-86.50634,2026-09-06 05:26:11.979492864,3,5990,219,31
35.590712,-86.506605,2026-09-06 05:26:12.77682176,3,10648,134,102
35.64421,-86.513879,2026-09-06 05:26:12.77698816,3,5869,207,89
35.62055,-86.523287,2026-09-06 05:26:12.77683712,3,13050,173,77
35.615644,-86.527814,2026-09-06 05:26:12.77694464,3,5564,180,64
35.625654,-86.504168,2026-09-06 05:26:12.77751296,3,2931,217,39
35.603061,-86.484275,2026-09-06 05:26:12.112367872,3,4787,130,69
35.601755,-86.512921,2026-09-06 05:26:12.112429568,3,11440,98,54
35.634768,-86.509771,2026-09-06 05:26:12.112436992,3,3684,211,35
17.896324,-94.217331,2026-09-06 05:26:12.119522816,3,3302,264,48
34.757406,-60.969515,2026-09-06 05:26:27.135006976,3,5314,210,21
35.584011,-86.456856,2026-09-06 05:26:27.261437440,3,12430,160,64
35.580309,-86.544762,2026-09-06 05:26:27.261497088,3,12721,91,58
35.65671,-86.554527,2026-09-06 05:26:27.261511680,3,6391,261,39
34.545631,-71.978314,2026-09-06 05:26:27.272881152,3,7984,174,99
34.567809,-72.001708,2026-09-06 05:26:27.272893952,3,4441,264,82
34.6037,-72.029387,2026-09-06 05:26:27.272905984,3,6987,210,69
34.566875,-71.980371,2026-09-06 05:26:27.272947712,3,8652,245,57
34.585784,-71.971758,2026-09-06 05:26:27.272953088,3,7381,268,46
34.514761,-71.972291,2026-09-06 05:26:27.369764864,3,9751,222,30
34.518032,-71.932817,2026-09-06 05:26:27.369754880,3,5925,219,18
36.615905,-101.767986,2026-09-06 05:26:27.779052288,3,12676,88,60
36.766948,-101.759822,2026-09-06 05:26:27.779129088,3,13650,152,91
36.600317,-101.834853,2026-09-06 05:26:27.779131648,3,12871,192,63
40.92135,-103.273477,2026-09-06 05:26:34.939841536,3,11462,130,19
30.619001,-58.293542,2026-09-06 05:26:35.397123840,3,6267,214,23
21.401885,-82.156679,2026-09-06 05:26:35.786690304,3,11991,259,95
34.684445,-72.253148,2026-09-06 05:26:42.923308032,3,11330,270,27
40.967326,-103.318113,2026-09-06 05:26:43.10516224,3,14046,111,30
40.995665,-103.197552,2026-09-06 05:26:43.10559488,3,11132,81,16
41.337402,-101.851091,2026-09-06 05:26:44.4221184,3,5547,159,109
41.341098,-101.819938,2026-09-06 05:26:44.4232192,3,5178,102,97
41.324376,-101.85461,2026-09-06 05:26:44.4236544,3,6817,99,83
41.341589,-101.866037,2026-09-06 05:26:44.66081280,3,5137,159,87
41.43152,-101.826668,2026-09-06 05:26:44.66109440,3,6028,102,75
41.340692,-101.859101,2026-09-06 05:26:44.66141952,3,14066,99,59
35.846652,-86.203353,2026-09-06 05:26:51.553913344,3,7071,212,24
32.855529,-78.958475,2026-09-06 05:26:51.892779264,3,14821,157,35
32.913727,-78.938951,2026-09-06 05:26:51.892858368,3,12872,233,23
34.608041,-71.968344,2026-09-06 05:26:52.8440064,3,13038,264,44
34.589524,-71.941898,2026-09-06 05:26:52.8417536,3,5074,258,33
34.525926,-71.89415,2026-09-06 05:26:52.8391680,3,14062,206,16
34.524086,-71.89656,2026-09-06 05:26:52.73710848,3,10615,217,32
34.522871,-71.862341,2026-09-06 05:26:52.73697536,3,13372,211,18
35.063775,-60.704759,2026-09-06 05:26:52.243441920,3,3839,269,26
41.107546,-102.535527,2026-09-06 05:26:52.301185536,3,14435,119,59
40.961432,-102.565737,2026-09-06 05:26:52.301238272,3,7603,203,46
41.010307,-102.579671,2026-09-06 05:26:52.301228288,3,14086,98,33
35.981976,-86.503635,2026-09-06 05:26:52.836459776,3,13181,131,89
24.883105,-92.605917,2026-09-06 05:26:59.942877952,3,7523,260,53
24.866814,-92.617847,2026-09-06 05:26:59.949041408,3,3715,261,79
24.853689,-92.610018,2026-09-06 05:26:59.949093888,3,8209,209,98
24.872561,-92.612883,2026-09-06 05:26:59.949098240,3,13303,243,86
24.963179,-92.638765,2026-09-06 05:26:59.949130496,3,14040,257,65
24.915956,-92.623361,2026-09-06 05:26:59.949110272,3,12412,257,42
24.76276,-92.760337,2026-09-06 05:27:00.35036928,3,8443,245,63
24.929954,-92.605029,2026-09-06 05:27:00.35113216,3,7118,253,55
35.577254,-86.580698,2026-09-06 05:27:00.54067712,3,13115,122,26
24.869595,-92.619087,2026-09-06 05:27:00.75091456,3,6747,225,32
24.767202,-92.752588,2026-09-06 05:27:00.121213696,3,4588,245,34
24.921802,-92.60133,2026-09-06 05:27:00.148505088,3,5564,257,37
35.764784,-86.498349,2026-09-06 05:27:00.165923840,3,13338,101,49
35.670358,-86.530668,2026-09-06 05:27:00.165961728,3,9924,104,42
35.73106,-86.500299,2026-09-06 05:27:00.165978112,3,6322,266,28
35.634024,-86.513984,2026-09-06 05:27:00.434642688,3,14904,64,39
35.672798,-86.524634,2026-09-06 05:27:00.434714880,3,14333,94,28
33.600885,-70.138903,2026-09-06 05:27:00.658631680,3,5941,231,50
33.641122,-70.161095,2026-09-06 05:27:00.658634752,3,4820,241,39
48.781332,-114.243122,2026-09-06 05:27:07.843153408,3,14340,162,53
48.76704,-114.144158,2026-09-06 05:27:07.843181312,3,3493,245,88
34.470204,-72.29942,2026-09-06 05:27:08.129778176,3,6964,176,96
34.48126,-72.281456,2026-09-06 05:27:08.129781760,3,5171,268,81
34.447308,-72.297277,2026-09-06 05:27:08.129769472,3,7887,204,62
34.627609,-71.821906,2026-09-06 05:27:23.694072064,3,11379,234,49
34.562303,-71.794982,2026-09-06 05:27:23.694112768,3,6362,259,38
34.551787,-71.775742,2026-09-06 05:27:23.694107904,3,8468,249,25
34.627612,-71.818386,2026-09-06 05:27:23.749167872,3,12799,215,49
34.552876,-71.790786,2026-09-06 05:27:23.749203200,3,9193,208,37
34.552586,-71.759537,2026-09-06 05:27:23.749192704,3,10587,249,21
34.574502,-71.764784,2026-09-06 05:27:23.806936832,3,10889,214,31
34.58845,-71.735516,2026-09-06 05:27:23.806932736,3,7776,214,21
34.470553,-71.748197,2026-09-06 05:27:23.863005440,3,8363,212,14
35.688098,-86.781575,2026-09-06 05:27:23.914100992,3,6735,189,29
35.677425,-86.765087,2026-09-06 05:27:23.914098432,3,10173,186,16
41.090396,-102.179595,2026-09-06 05:27:24.456315136,3,9646,131,20
34.697397,-71.804767,2026-09-06 05:27:24.504845312,3,11336,233,46
34.577865,-71.735593,2026-09-06 05:27:24.504868864,3,11985,227,34
34.599721,-71.742049,2026-09-06 05:27:24.504865792,3,6093,249,15
35.630916,-86.306598,2026-09-06 05:27:25.12554240,3,14667,126,30
35.730891,-86.618593,2026-09-06 05:27:25.12606208,3,9343,179,17
32.581279,-72.197909,2026-09-06 05:27:25.29346304,3,14898,225,36
32.543676,-72.34744,2026-09-06 05:27:25.29334272,3,12903,223,33
32.913771,-78.942487,2026-09-06 05:27:32.885710080,3,8601,172,40
32.977147,-78.968758,2026-09-06 05:27:32.885794048,3,12501,229,23
32.870017,-78.92718,2026-09-06 05:27:32.964950528,3,13127,158,71
32.953645,-78.9456,2026-09-06 05:27:32.965038592,3,6744,231,29
32.865587,-79.102951,2026-09-06 05:27:33.40307712,3,12888,170,44
32.924791,-78.928725,2026-09-06 05:27:33.40341504,3,4955,229,29
32.94381,-78.925144,2026-09-06 05:27:33.40346624,3,10005,237,13
32.885111,-78.916217,2026-09-06 05:27:33.105868288,3,5652,168,45
32.965849,-78.946373,2026-09-06 05:27:33.105957632,3,11440,234,31
32.867205,-78.923373,2026-09-06 05:27:33.161493760,3,13370,192,39
32.949043,-78.929788,2026-09-06 05:27:33.161582080,3,10815,235,13
32.885698,-78.916244,2026-09-06 05:27:33.249707008,3,4722,188,36
32.913929,-78.926212,2026-09-06 05:27:33.249772032,3,5539,165,24
32.882573,-78.898848,2026-09-06 05:27:33.310350336,3,5224,169,44
32.948859,-78.930584,2026-09-06 05:27:33.310431232,3,9951,236,16
35.398297,-85.903448,2026-09-06 05:27:33.564442624,3,10270,106,58
35.330679,-85.988855,2026-09-06 05:27:33.564477696,3,3647,184,48
35.37616,-85.96913,2026-09-06 05:27:33.564491776,3,3996,222,37
34.140537,-64.291617,2026-09-06 05:27:33.925665280,3,4812,257,20
31.231703,-72.415729,2026-09-06 05:27:34.79177472,3,3746,158,40
32.921761,-78.937347,2026-09-06 05:27:42.412984576,3,9176,161,52
33.025683,-78.95534,2026-09-06 05:27:42.413080320,3,10110,269,34
32.996593,-78.947084,2026-09-06 05:27:42.413070080,3,9469,231,14
32.988305,-78.956728,2026-09-06 05:27:42.474790144,3,6203,231,30
33.070632,-78.96805,2026-09-06 05:27:42.474811136,3,8614,270,21
34.673441,-71.703639,2026-09-06 05:27:43.242369536,3,13104,265,40
34.533055,-71.575204,2026-09-06 05:27:43.242300416,3,8633,252,27
32.962136,-78.72492,2026-09-06 05:27:43.293247744,3,12303,161,25
34.475605,-71.494961,2026-09-06 05:27:43.339239424,3,8596,232,15
34.487344,-71.550873,2026-09-06 05:27:43.426901504,3,13992,236,49
34.521892,-71.572858,2026-09-06 05:27:43.426902016,3,4621,210,36
34.524204,-71.558043,2026-09-06 05:27:43.426898176,3,3994,250,22
34.789491,-72.362563,2026-09-06 05:27:51.618419712,3,8942,175,66
34.709776,-72.365921,2026-09-06 05:27:51.618445312,3,11422,196,49
34.683211,-72.296618,2026-09-06 05:27:51.618437376,3,4677,265,37
34.64915,-72.28854,2026-09-06 05:27:51.679148288,3,13868,210,32
34.649021,-72.26562,2026-09-06 05:27:51.679129856,3,6772,200,19
18.976592,-100.193962,2026-09-06 05:27:51.689339136,3,10258,254,47
34.714416,-72.282643,2026-09-06 05:27:51.729175808,3,8958,262,19
15.510302,-99.995165,2026-09-06 05:27:59.9749504,3,9707,268,70
32.935114,-78.922693,2026-09-06 05:27:59.688300800,3,3208,177,62
32.877125,-79.021131,2026-09-06 05:27:59.688332032,3,14771,168,50
33.021686,-78.96605,2026-09-06 05:27:59.688389376,3,4272,251,35
32.959296,-78.939745,2026-09-06 05:27:59.730673664,3,5146,259,55
32.991339,-78.967236,2026-09-06 05:27:59.730745088,3,3279,226,36
33.015883,-78.974899,2026-09-06 05:27:59.730747648,3,6795,231,19
32.941996,-78.93275,2026-09-06 05:27:59.760590848,3,6029,155,48
19.343548,-105.670675,2026-09-06 05:27:59.789329152,3,6100,258,81
26.662307,129.170154,2026-09-06 05:25:14.156896512,4,6251,215,38
33.227736,138.684705,2026-09-06 05:25:28.551885056,4,8201,234,29
33.177829,138.54046,2026-09-06 05:25:55.103540992,4,11320,230,23
33.189182,138.604425,2026-09-06 05:25:55.182382592,4,12957,231,19
33.183619,138.53977,2026-09-06 05:25:55.191903488,4,1894,270,46
33.145575,138.559422,2026-09-06 05:25:55.191891712,4,5413,241,32
33.087929,138.648674,2026-09-06 05:26:38.724201472,4,13060,233,25
33.573176,140.704839,2026-09-06 05:27:17.130615808,4,7629,163,42
33.572818,140.717493,2026-09-06 05:27:17.130618112,4,8279,153,26
33.768756,140.56408,2026-09-06 05:27:17.178415104,4,4547,263,25
33.74263,140.583719,2026-09-06 05:27:17.201335808,4,3199,268,37
33.702545,140.606273,2026-09-06 05:27:17.223695616,4,4473,265,39
33.584943,140.676534,2026-09-06 05:27:17.223653120,4,9145,247,23
33.295729,138.512247,2026-09-06 05:27:20.206665984,4,6598,243,31
33.229711,138.475923,2026-09-06 05:27:20.206650112,4,10102,239,18
28.924583,129.165702,2026-09-06 05:27:28.993222656,4,6523,192,37
29.241903,129.113437,2026-09-06 05:27:30.414852608,4,9575,188,40
18.992439,-100.198492,2026-09-06 05:25:11.892681984,7,11113,252,16
27.30295,-50.312823,2026-09-06 05:25:12.460241664,7,4053,235,33
20.256639,-83.268498,2026-09-06 05:25:12.504711168,7,6963,255,19
17.98428,-94.064964,2026-09-06 05:25:16.294732800,7,4431,255,25
10.54978,-82.280047,2026-09-06 05:25:54.109094656,7,7288,169,14
17.941763,-94.058789,2026-09-06 05:26:04.300731136,7,4281,255,24
21.433707,-82.194491,2026-09-06 05:26:04.561127680,7,6304,252,22
21.400366,-82.175403,2026-09-06 05:26:04.606833408,7,3822,252,23
21.441281,-82.165166,2026-09-06 05:26:04.771297792,7,6119,252,14
26.53866,-106.096199,2026-09-06 05:26:05.724990720,7,4175,240,25
28.674237,-109.293802,2026-09-06 05:26:14.515710976,7,14891,249,17
23.310608,-104.752381,2026-09-06 05:26:15.607272704,7,13791,240,16
17.925972,-94.040119,2026-09-06 05:26:16.204264704,7,8668,263,12
25.673239,-71.585448,2026-09-06 05:26:19.61035264,7,4863,142,20
15.564183,-98.551101,2026-09-06 05:26:34.247565568,7,4695,267,22
15.52417,-98.556702,2026-09-06 05:26:34.310208768,7,1825,269,14
23.833051,-83.259868,2026-09-06 05:26:58.214116096,7,9694,217,24
23.885521,-83.250052,2026-09-06 05:26:58.214190848,7,4512,259,15
24.851103,-92.626482,2026-09-06 05:26:59.949088256,7,8271,209,18
24.857488,-92.626469,2026-09-06 05:27:00.35086336,7,12334,211,14
26.899127,-78.746496,2026-09-06 05:27:01.710805248,7,7944,230,19
26.953322,-78.610788,2026-09-06 05:27:01.771500800,7,5596,261,16
26.942186,-78.580624,2026-09-06 05:27:01.812518144,7,3586,262,18
14.8416,-94.664702,2026-09-06 05:27:43.856497152,7,3252,269,14
17.796117,-94.255767,2026-09-06 05:27:54.985504512,7,7160,256,13
15.492851,-94.547926,2026-09-06 05:27:56.213477120,7,4134,266,17
15.546539,-100.007148,2026-09-06 05:27:59.9761536,7,4782,270,17
19.39115,-84.845232,2026-09-06 05:28:01.39264768,7,3996,244,24
21.430319,-82.222057,2026-09-06 05:28:01.67004928,7,7040,244,33
8.8489,18.379871,2026-09-06 05:25:41.141188608,5,8177,211,19
33.238372,138.683933,2026-09-06 05:25:28.551883008,9,3801,234,29
33.279189,138.620168,2026-09-06 05:25:28.551908608,9,11481,240,16
24.521414,156.056374,2026-09-06 05:25:36.655265024,9,9101,209,12
33.174546,138.524264,2026-09-06 05:25:55.86582784,9,11362,232,17
33.18199,138.517392,2026-09-06 05:25:55.103541760,9,13673,230,20
33.174288,138.592847,2026-09-06 05:25:55.182386944,9,2723,233,20
33.144837,138.543947,2026-09-06 05:25:55.191890432,9,11270,231,37
33.174189,138.532674,2026-09-06 05:25:55.191909120,9,8350,237,18
33.295363,138.525084,2026-09-06 05:25:55.245227264,9,5922,243,12
33.475633,138.718815,2026-09-06 05:26:02.215594752,9,5770,240,13
33.197033,138.518985,2026-09-06 05:26:38.724228864,9,13186,229,23
33.7104,140.626049,2026-09-06 05:27:17.130669056,9,13272,266,45
33.622781,140.681961,2026-09-06 05:27:17.130635264,9,2146,261,27
33.567929,140.721478,2026-09-06 05:27:17.130616576,9,7368,153,18
33.753213,140.590314,2026-09-06 05:27:17.178406144,9,6993,256,23
33.561285,140.725549,2026-09-06 05:27:17.201260800,9,2314,266,33
33.582542,140.657613,2026-09-06 05:27:17.202738688,9,8553,267,24
33.730442,140.583,2026-09-06 05:27:17.223708160,9,5924,265,39
33.90488,140.455272,2026-09-06 05:27:17.223781376,9,3879,255,24
33.760611,140.57154,2026-09-06 05:27:17.241868800,9,10272,264,12
33.292117,138.506615,2026-09-06 05:27:20.206664448,9,4827,243,31
33.187809,138.505707,2026-09-06 05:27:20.206637824,9,8255,241,19
28.887243,129.182632,2026-09-06 05:27:28.993208320,9,12981,133,37
29.357987,129.294591,2026-09-06 05:27:30.414932992,9,2267,223,22
29.238303,129.19635,2026-09-06 05:27:30.414916608,9,13322,224,12
34.627107,-71.946466,2026-09-06 05:25:00.45346304,13,10319,248,24
34.893277,-63.931505,2026-09-06 05:25:00.785125632,13,5695,269,27
36.77356,-101.792335,2026-09-06 05:25:01.331830016,13,11560,118,40
36.814684,-101.822167,2026-09-06 05:25:01.331823104,13,6682,174,33
33.699359,-70.213058,2026-09-06 05:25:01.978051072,13,6228,252,92
41.060654,-102.210267,2026-09-06 05:25:05.287465984,13,9005,168,28
41.079782,-102.156782,2026-09-06 05:25:05.303111424,13,14537,88,27
35.744988,-86.489546,2026-09-06 05:25:05.375148544,13,7246,255,24
28.849595,-107.401009,2026-09-06 05:25:06.304813312,13,5043,261,25
34.801343,-73.382545,2026-09-06 05:25:07.883715584,13,10773,193,31
34.834152,-73.39066,2026-09-06 05:25:07.883719168,13,10783,242,48
34.935844,-73.4904,2026-09-06 05:25:07.887312128,13,12058,253,34
34.910757,-73.448809,2026-09-06 05:25:07.887295744,13,9615,260,25
35.899916,-85.462593,2026-09-06 05:25:08.647324416,13,14592,149,27
34.738716,-71.529224,2026-09-06 05:25:09.754596864,13,9423,220,55
34.73478,-71.526928,2026-09-06 05:25:09.754597632,13,10532,213,64
34.684317,-71.481865,2026-09-06 05:25:09.754636800,13,8885,247,49
34.682021,-71.518324,2026-09-06 05:25:10.122823424,13,11462,235,36
34.661019,-71.490383,2026-09-06 05:25:10.247344384,13,13629,234,43
34.724721,-71.530243,2026-09-06 05:25:10.247356160,13,3158,255,26
37.566638,-82.887211,2026-09-06 05:25:11.813451264,13,13438,210,60
37.545103,-82.855541,2026-09-06 05:25:11.813532672,13,8590,223,44
18.993694,-100.185257,2026-09-06 05:25:11.892676096,13,4664,253,35
18.980309,-100.16406,2026-09-06 05:25:11.947747584,13,7533,255,21
33.541946,-65.693478,2026-09-06 05:25:15.249371648,13,5070,245,43
33.677951,-65.927679,2026-09-06 05:25:15.249453056,13,6686,259,29
17.991182,-94.035862,2026-09-06 05:25:16.294742528,13,5825,261,113
35.61622,-86.772264,2026-09-06 05:25:17.438954752,13,5388,95,60
35.602464,-86.791325,2026-09-06 05:25:17.439018752,13,14021,95,69
35.626341,-86.802909,2026-09-06 05:25:17.439017216,13,8204,185,53
26.853433,-106.348914,2026-09-06 05:25:17.660992256,13,9231,171,22
34.596712,-72.28822,2026-09-06 05:25:18.569376000,13,5805,235,67
34.569433,-72.23556,2026-09-06 05:25:18.569424896,13,13808,211,58
34.576024,-72.268044,2026-09-06 05:25:18.680766464,13,4140,237,61
34.732931,-71.519523,2026-09-06 05:25:19.335638016,13,4237,220,25
35.664631,-86.528347,2026-09-06 05:25:20.347310080,13,4212,232,72
35.610497,-86.499926,2026-09-06 05:25:20.347287808,13,10443,114,102
35.617489,-86.513328,2026-09-06 05:25:20.347290112,13,7483,114,89
35.614725,-86.549295,2026-09-06 05:25:20.347298560,13,9704,180,76
35.697188,-86.531537,2026-09-06 05:25:20.347326720,13,7449,219,59
35.603843,-86.534854,2026-09-06 05:25:20.393137152,13,12000,128,60
35.662138,-86.691707,2026-09-06 05:25:20.393185280,13,14803,171,48
35.599781,-86.558224,2026-09-06 05:25:20.448882688,13,12204,199,68
35.60122,-86.517528,2026-09-06 05:25:20.512889088,13,12374,127,78
35.648238,-86.650566,2026-09-06 05:25:20.512932352,13,10395,172,38
35.597778,-86.548868,2026-09-06 05:25:20.981862144,13,12922,162,47
40.698416,-102.323091,2026-09-06 05:25:22.466522624,13,12069,101,20
41.335412,-102.2053,2026-09-06 05:25:23.235962880,13,9905,103,63
41.384812,-102.066555,2026-09-06 05:25:23.236013824,13,11778,89,63
32.967716,-78.873264,2026-09-06 05:25:23.860335104,13,6877,157,54
33.091156,-78.954656,2026-09-06 05:25:23.860444672,13,13036,231,38
33.570414,-65.94801,2026-09-06 05:25:24.828574208,13,3374,241,79
34.306676,-64.256629,2026-09-06 05:25:24.982473472,13,4628,249,25
32.912652,-79.086862,2026-09-06 05:25:25.171260416,13,10697,239,48
33.422644,-69.918011,2026-09-06 05:25:25.206462464,13,6498,223,46
23.250825,-105.150469,2026-09-06 05:25:25.772211712,13,7055,240,63
34.650109,-72.344792,2026-09-06 05:25:26.539096576,13,7564,250,76
34.768735,-72.397095,2026-09-06 05:25:26.539143424,13,9291,212,59
33.160303,-64.680607,2026-09-06 05:25:27.227973888,13,8972,251,61
32.70853,-72.664334,2026-09-06 05:25:28.845721600,13,6158,218,25
34.627837,-72.048207,2026-09-06 05:25:29.750341120,13,7813,212,61
34.56161,-72.014897,2026-09-06 05:25:29.750376448,13,7383,201,47
34.50936,-71.604774,2026-09-06 05:25:30.370581248,13,9009,173,103
34.459886,-71.535261,2026-09-06 05:25:30.370565120,13,4667,231,80
34.511625,-71.608808,2026-09-06 05:25:30.370590208,13,6340,253,67
34.483399,-71.569959,2026-09-06 05:25:30.370630400,13,7645,248,54
34.54619,-71.622653,2026-09-06 05:25:30.567281664,13,14651,263,24
34.539539,-71.628019,2026-09-06 05:25:30.695442176,13,8734,209,26
34.624176,-71.687936,2026-09-06 05:25:30.707993088,13,11343,221,31
34.585486,-71.637962,2026-09-06 05:25:30.843064832,13,7084,221,35
34.523865,-71.593955,2026-09-06 05:25:30.843095552,13,6946,250,22
35.145543,-86.060272,2026-09-06 05:25:31.83736064,13,14066,186,22
33.01174,-78.947604,2026-09-06 05:25:31.653754880,13,2944,264,47
32.970514,-78.931636,2026-09-06 05:25:31.653742592,13,13301,153,66
34.268308,-87.038276,2026-09-06 05:25:31.813988352,13,9167,213,70
34.298947,-86.998229,2026-09-06 05:25:31.814069760,13,6175,218,31
41.010521,-102.796382,2026-09-06 05:25:31.880688640,13,13117,152,21
31.194795,-72.296559,2026-09-06 05:25:32.28050944,13,2766,240,113
31.200488,-72.29211,2026-09-06 05:25:32.28051712,13,3665,246,117
31.32258,-72.422402,2026-09-06 05:25:32.28101632,13,9086,269,64
31.223326,-72.341559,2026-09-06 05:25:32.222115328,13,12705,226,59
33.016451,-78.922415,2026-09-06 05:25:34.486935808,13,9398,234,25
19.413194,-105.427899,2026-09-06 05:25:35.310502912,13,14064,259,66
33.098544,-79.035878,2026-09-06 05:25:35.853611520,13,2731,265,58
33.121753,-79.066498,2026-09-06 05:25:35.853679872,13,5035,238,44
33.125246,-79.062218,2026-09-06 05:25:35.853676544,13,4300,230,32
19.320717,-105.646454,2026-09-06 05:25:36.43240192,13,8266,256,40
35.683711,-86.107378,2026-09-06 05:25:36.181537280,13,11730,129,43
35.726123,-86.216644,2026-09-06 05:25:36.242305280,13,14632,67,44
35.675023,-86.489365,2026-09-06 05:25:36.483285504,13,8607,232,63
35.580775,-86.417499,2026-09-06 05:25:36.483251456,13,5534,225,85
35.603148,-86.50208,2026-09-06 05:25:36.483259136,13,13670,98,72
35.603871,-86.496341,2026-09-06 05:25:36.560005376,13,8586,82,58
35.724035,-86.473583,2026-09-06 05:25:36.936196096,13,5391,258,23
35.633092,-86.508652,2026-09-06 05:25:36.963274752,13,10776,106,30
35.662754,-86.496139,2026-09-06 05:25:36.963287552,13,4402,219,27
20.248721,-106.047575,2026-09-06 05:25:37.278796544,13,3024,256,34
20.195337,-106.053957,2026-09-06 05:25:37.575294720,13,5280,254,64
18.991145,-100.185039,2026-09-06 05:25:38.498931712,13,5124,255,47
47.74323,-111.994919,2026-09-06 05:25:39.800947456,13,10136,168,21
23.33111,-104.567952,2026-09-06 05:25:40.41148416,13,7547,268,19
32.685127,-72.65641,2026-09-06 05:25:40.217708544,13,6735,223,54
32.69551,-72.664091,2026-09-06 05:25:40.518215936,13,7307,209,27
34.503093,-86.970269,2026-09-06 05:25:40.679367168,13,12750,194,43
34.581133,-86.946799,2026-09-06 05:25:40.679386368,13,5413,237,27
32.959702,-78.953975,2026-09-06 05:25:42.835211776,13,6973,113,32
32.917888,-78.947526,2026-09-06 05:25:43.63893760,13,14076,158,71
54.472544,-92.352651,2026-09-06 05:25:43.277707008,13,8842,200,61
54.470179,-92.34498,2026-09-06 05:25:43.277705728,13,6635,182,49
20.50574,-105.72321,2026-09-06 05:25:45.308215296,13,11879,254,87
30.261141,-68.363452,2026-09-06 05:25:45.646304256,13,6668,254,54
34.630157,-71.465283,2026-09-06 05:25:45.870645248,13,8295,213,22
35.708658,-86.200268,2026-09-06 05:25:46.178687488,13,14416,69,56
35.763183,-86.244092,2026-09-06 05:25:46.178763264,13,4424,186,42
35.785318,-86.220405,2026-09-06 05:25:46.178776064,13,9575,216,26
35.690414,-86.222247,2026-09-06 05:25:46.241204992,13,10611,67,41
35.746703,-86.252434,2026-09-06 05:25:46.241278976,13,9266,102,28
37.607965,-82.455788,2026-09-06 05:25:47.24164608,13,14807,138,107
37.626391,-82.48191,2026-09-06 05:25:47.24176640,13,9840,161,105
37.705411,-82.480578,2026-09-06 05:25:47.24198144,13,9563,221,92
37.549379,-82.666914,2026-09-06 05:25:47.270792448,13,7003,98,64
37.628516,-82.66592,2026-09-06 05:25:47.270809088,13,9810,231,78
24.390429,-98.640365,2026-09-06 05:25:47.749441280,13,9022,216,107
19.996303,-84.056159,2026-09-06 05:25:48.384860416,13,4093,260,31
35.466141,-86.13477,2026-09-06 05:25:48.785236992,13,6743,190,21
35.433697,-86.15991,2026-09-06 05:25:48.827133952,13,6401,191,23
35.444149,-86.160403,2026-09-06 05:25:48.877888768,13,8791,190,19
32.962629,-78.880537,2026-09-06 05:25:48.926315008,13,9902,240,43
33.066708,-78.905461,2026-09-06 05:25:48.926324736,13,9213,235,30
34.445558,-71.485211,2026-09-06 05:25:49.246237952,13,6112,260,25
32.972613,-78.931084,2026-09-06 05:25:49.609599232,13,13231,160,53
32.869458,-78.91486,2026-09-06 05:25:49.609637888,13,14565,236,46
33.052718,-78.937615,2026-09-06 05:25:49.609681408,13,6814,234,28
35.741836,-86.615154,2026-09-06 05:25:49.929233664,13,6187,178,34
36.063401,-86.28017,2026-09-06 05:25:49.929391616,13,9791,257,21
35.702967,-86.545035,2026-09-06 05:25:50.54512896,13,7000,98,90
34.635568,-72.281812,2026-09-06 05:25:51.340397312,13,8623,269,97
34.630432,-72.268219,2026-09-06 05:25:51.340399872,13,6346,263,80
34.69637,-72.332397,2026-09-06 05:25:51.340431360,13,9195,210,67
34.67706,-72.261052,2026-09-06 05:25:51.340465152,13,6120,267,53
34.573482,-72.232168,2026-09-06 05:25:51.389430272,13,11342,211,33
34.628401,-72.269855,2026-09-06 05:25:51.389445888,13,8018,245,31
34.567568,-72.228707,2026-09-06 05:25:51.616889600,13,10946,263,43
41.144849,-102.147261,2026-09-06 05:25:51.868474624,13,11207,105,72
32.457561,-70.150885,2026-09-06 05:25:52.367223808,13,4237,229,23
15.869194,-94.660864,2026-09-06 05:25:55.363532288,13,14939,267,21
33.084385,-79.032595,2026-09-06 05:25:57.964976640,13,9526,265,25
32.925143,-78.952209,2026-09-06 05:25:58.654930944,13,14839,160,61
32.964681,-78.971679,2026-09-06 05:25:58.655010560,13,5795,240,48
33.015039,-79.02692,2026-09-06 05:25:58.655026688,13,4420,231,32
32.976282,-78.971342,2026-09-06 05:25:58.655014144,13,4840,240,17
41.026138,-102.592101,2026-09-06 05:25:58.731421440,13,8018,174,18
34.632692,-71.020172,2026-09-06 05:25:59.99677184,13,5927,215,29
34.479744,-72.326577,2026-09-06 05:26:00.798452992,13,5173,169,111
34.563783,-72.357079,2026-09-06 05:26:00.798487040,13,3934,209,92
34.551781,-72.367951,2026-09-06 05:26:00.798482688,13,11087,207,78
34.496573,-72.316608,2026-09-06 05:26:00.798519552,13,7124,244,59
34.497767,-72.3443,2026-09-06 05:26:01.78783232,13,5091,264,72
41.195378,-101.64863,2026-09-06 05:26:01.104404224,13,9038,144,53
34.501698,-71.571553,2026-09-06 05:26:01.170980096,13,8575,268,83
34.558436,-71.603301,2026-09-06 05:26:01.171008768,13,11937,222,65
34.508693,-71.581341,2026-09-06 05:26:01.547613184,13,7672,268,85
34.458128,-71.511334,2026-09-06 05:26:01.547596800,13,9123,242,62
34.566718,-71.624451,2026-09-06 05:26:01.547648512,13,7830,217,49
41.231778,-102.284139,2026-09-06 05:26:02.296470016,13,6527,125,19
34.526611,-73.728765,2026-09-06 05:26:02.375247104,13,7152,241,54
34.552852,-73.749606,2026-09-06 05:26:02.375318784,13,11520,195,37
32.910771,-78.966956,2026-09-06 05:26:02.447960320,13,3455,166,34
34.666504,-71.605758,2026-09-06 05:26:02.907567872,13,11232,265,37
34.627498,-72.27403,2026-09-06 05:26:03.62692352,13,5408,263,59
34.641419,-72.285901,2026-09-06 05:26:03.62764288,13,7070,210,23
34.634092,-72.301238,2026-09-06 05:26:03.129965568,13,6058,263,95
34.624136,-72.273313,2026-09-06 05:26:03.129968896,13,7404,263,75
41.201101,-102.118835,2026-09-06 05:26:03.195554560,13,13015,116,14
34.590583,-86.906939,2026-09-06 05:26:03.607398144,13,14646,90,47
34.631488,-86.930316,2026-09-06 05:26:03.607474432,13,3641,263,36
41.279191,-102.023226,2026-09-06 05:26:03.793021440,13,6943,98,24
41.014107,-102.684122,2026-09-06 05:26:04.750478080,13,9848,106,29
33.674931,-70.238237,2026-09-06 05:26:05.304473088,13,9958,219,62
26.582342,-105.956626,2026-09-06 05:26:05.724976896,13,9791,243,125
26.687912,-105.957007,2026-09-06 05:26:05.725058816,13,4692,245,112
32.988111,-78.90843,2026-09-06 05:26:07.966952448,13,13243,233,30
31.202443,-72.365988,2026-09-06 05:26:08.905811712,13,5188,226,22
34.59598,-71.846533,2026-09-06 05:26:09.693947904,13,10247,265,42
34.667154,-71.863451,2026-09-06 05:26:09.807913216,13,7597,175,46
34.556491,-71.777763,2026-09-06 05:26:09.807878656,13,7652,265,71
34.555176,-71.800856,2026-09-06 05:26:09.807933440,13,9634,207,57
34.603511,-71.86209,2026-09-06 05:26:09.856904704,13,13716,213,41
31.194541,-72.584054,2026-09-06 05:26:10.157451776,13,14236,219,33
31.470281,-72.686771,2026-09-06 05:26:10.157532160,13,12454,236,22
34.545106,-71.779596,2026-09-06 05:26:10.406523392,13,9798,214,48
34.607951,-71.825877,2026-09-06 05:26:10.406533888,13,5779,265,35
31.295974,-72.680913,2026-09-06 05:26:10.554129408,13,6879,223,67
31.361322,-72.697521,2026-09-06 05:26:10.677218560,13,8848,226,49
32.697048,-79.0491,2026-09-06 05:26:10.941319424,13,4943,254,25
34.380728,-71.447219,2026-09-06 05:26:10.998844160,13,7993,267,44
34.500157,-71.542529,2026-09-06 05:26:10.998876928,13,11345,260,30
35.637074,-86.530782,2026-09-06 05:26:11.979440128,13,5385,233,83
35.579855,-86.526588,2026-09-06 05:26:11.979429888,13,9758,89,100
35.618342,-86.540065,2026-09-06 05:26:11.979430144,13,10816,175,86
35.615433,-86.551414,2026-09-06 05:26:11.979432960,13,11340,186,71
35.64087,-86.53305,2026-09-06 05:26:11.979492608,13,4141,219,51
35.587336,-86.490147,2026-09-06 05:26:12.77687296,13,13687,54,59
35.642435,-86.511469,2026-09-06 05:26:12.77701120,13,9981,207,84
35.625253,-86.529525,2026-09-06 05:26:12.77688576,13,10212,180,71
35.640399,-86.507885,2026-09-06 05:26:12.77748992,13,9096,217,41
35.614552,-86.506057,2026-09-06 05:26:12.112368384,13,7550,136,53
41.014387,-102.598265,2026-09-06 05:26:13.253243136,13,12572,135,18
35.996291,-86.545948,2026-09-06 05:26:13.575542016,13,4835,95,77
36.02349,-86.582731,2026-09-06 05:26:13.575612928,13,10515,183,64
36.245647,-86.359898,2026-09-06 05:26:13.575710720,13,14812,254,30
35.46674,-86.119233,2026-09-06 05:26:13.900317440,13,7810,182,24
34.030682,-64.899625,2026-09-06 05:26:14.332487168,13,8028,184,59
28.651832,-109.166604,2026-09-06 05:26:14.515690240,13,8295,229,102
33.13426,-79.214904,2026-09-06 05:26:15.329405184,13,8144,262,40
23.45718,-104.600715,2026-09-06 05:26:15.607336704,13,6801,263,70
34.906417,-64.091904,2026-09-06 05:26:16.915163136,13,3639,248,40
34.930787,-64.178796,2026-09-06 05:26:16.915184128,13,2777,268,24
34.713339,-86.474123,2026-09-06 05:26:17.676546816,13,12397,105,49
34.803102,-86.540926,2026-09-06 05:26:17.887938304,13,12599,184,52
34.773968,-86.522658,2026-09-06 05:26:17.887931392,13,7426,193,55
34.852777,-86.516016,2026-09-06 05:26:17.887954688,13,9889,222,38
41.028008,-102.168538,2026-09-06 05:26:20.46520832,13,14522,143,20
34.468062,-71.559489,2026-09-06 05:26:21.401355520,13,8436,202,32
34.479055,-71.596895,2026-09-06 05:26:21.401361920,13,9742,207,44
34.522716,-71.590486,2026-09-06 05:26:21.401374464,13,6294,245,27
34.614873,-71.630838,2026-09-06 05:26:21.512920832,13,8659,240,61
34.466912,-71.536402,2026-09-06 05:26:21.512925696,13,10888,217,48
18.976001,-100.195027,2026-09-06 05:26:23.758198784,13,5326,252,94
15.332403,-100.157718,2026-09-06 05:26:24.401800704,13,9129,269,34
35.653847,-86.786217,2026-09-06 05:26:24.462665728,13,9424,194,29
31.392744,-72.45155,2026-09-06 05:26:24.575018752,13,4954,232,89
31.23033,-72.366212,2026-09-06 05:26:24.574966272,13,9795,232,62
40.504537,-102.665121,2026-09-06 05:26:24.703512320,13,6642,157,100
40.506814,-102.634999,2026-09-06 05:26:24.703527168,13,9486,154,95
19.755821,-84.457235,2026-09-06 05:26:25.26338816,13,6460,248,107
20.027489,-92.573039,2026-09-06 05:26:25.365777152,13,11742,203,102
20.143095,-92.429001,2026-09-06 05:26:25.365837568,13,13616,265,67
23.213157,-105.002691,2026-09-06 05:26:26.712411904,13,11801,191,73
34.530578,-72.002202,2026-09-06 05:26:27.272877056,13,8453,135,49
34.615541,-72.043377,2026-09-06 05:26:27.272918528,13,7298,219,77
34.529947,-71.959105,2026-09-06 05:26:27.272934400,13,6075,247,64
34.525086,-71.957519,2026-09-06 05:26:27.369768448,13,9909,222,29
36.616888,-101.768386,2026-09-06 05:26:27.779051776,13,12407,88,92
41.028392,-102.557197,2026-09-06 05:26:28.614252288,13,12091,115,62
34.80383,-73.406476,2026-09-06 05:26:31.464404992,13,6381,262,65
34.86345,-73.445581,2026-09-06 05:26:31.464492544,13,13474,199,51
34.854675,-73.394217,2026-09-06 05:26:31.464478464,13,7133,195,36
41.004871,-102.156771,2026-09-06 05:26:31.927345664,13,14448,152,19
41.10321,-102.006389,2026-09-06 05:26:32.807927040,13,8083,232,18
32.95671,-78.923718,2026-09-06 05:26:33.47380992,13,14053,233,21
15.527329,-98.559575,2026-09-06 05:26:34.310209792,13,3473,269,55
23.115328,-105.044257,2026-09-06 05:26:34.734980864,13,10545,269,51
34.432049,-72.312137,2026-09-06 05:26:37.503617280,13,13205,217,24
34.464082,-71.629967,2026-09-06 05:26:38.41000960,13,3537,216,73
34.457735,-71.588291,2026-09-06 05:26:38.40994560,13,7712,217,73
34.61411,-71.693344,2026-09-06 05:26:38.85377280,13,6495,240,60
34.033598,-86.354905,2026-09-06 05:26:38.98660352,13,11627,214,35
24.312817,-98.664004,2026-09-06 05:26:38.908792320,13,5829,216,33
54.193274,-93.671666,2026-09-06 05:26:39.125266176,13,3487,195,27
33.062142,-79.099671,2026-09-06 05:26:39.485140736,13,7136,156,39
24.316906,-98.593679,2026-09-06 05:26:39.506664192,13,10382,225,36
33.058344,-79.096473,2026-09-06 05:26:39.570487296,13,3406,176,36
32.766509,-78.968173,2026-09-06 05:26:39.717698048,13,9747,190,24
32.857312,-78.938523,2026-09-06 05:26:39.849424128,13,14337,158,37
32.947787,-78.957031,2026-09-06 05:26:39.849443584,13,13501,234,25
35.662843,-86.260322,2026-09-06 05:26:40.944600064,13,8332,231,94
35.609951,-86.254983,2026-09-06 05:26:40.944588032,13,14637,124,90
35.624953,-86.277637,2026-09-06 05:26:40.944590592,13,11267,176,77
35.611648,-86.265937,2026-09-06 05:26:40.944596736,13,5550,188,64
35.610318,-86.274657,2026-09-06 05:26:40.944640256,13,5500,261,51
19.362709,-105.421018,2026-09-06 05:26:41.643930880,13,4996,255,93
36.69905,-101.797481,2026-09-06 05:26:42.311377664,13,3320,185,23
34.795954,-72.284364,2026-09-06 05:26:42.586637056,13,14063,209,51
34.714949,-72.27514,2026-09-06 05:26:42.586673152,13,7258,204,47
34.725032,-72.241457,2026-09-06 05:26:42.586672128,13,6605,242,34
17.81421,-94.261543,2026-09-06 05:26:42.745954816,13,10113,263,31
40.978042,-103.308736,2026-09-06 05:26:43.10520832,13,11790,111,30
41.337144,-101.851041,2026-09-06 05:26:44.4221184,13,5517,159,93
36.962552,-101.871878,2026-09-06 05:26:46.296042496,13,14113,218,25
36.945645,-101.865746,2026-09-06 05:26:46.296033792,13,13112,223,39
35.759338,-86.643791,2026-09-06 05:26:46.357308672,13,6700,184,25
43.976104,-5.593228,2026-09-06 05:26:46.671314432,13,14074,235,23
36.180939,-62.145205,2026-09-06 05:26:46.815355648,13,9935,232,54
34.378804,-71.455332,2026-09-06 05:26:47.51212800,13,8713,256,22
35.973192,-85.565209,2026-09-06 05:26:47.390004480,13,5324,180,23
24.480211,-98.73205,2026-09-06 05:26:47.889265152,13,5115,218,24
34.81785,-63.873914,2026-09-06 05:26:48.144348672,13,4407,217,79
34.893912,-63.919738,2026-09-06 05:26:48.144433408,13,3452,269,47
32.947361,-78.949163,2026-09-06 05:26:48.755164160,13,5921,166,45
32.965745,-78.949428,2026-09-06 05:26:48.755235584,13,4281,231,32
35.736093,-86.263417,2026-09-06 05:26:50.968652032,13,11538,149,51
35.735446,-86.29738,2026-09-06 05:26:51.29701120,13,9245,235,62
35.780249,-86.219327,2026-09-06 05:26:51.29788672,13,8286,216,35
35.846652,-86.203353,2026-09-06 05:26:51.553913344,13,7070,212,24
32.855529,-78.958475,2026-09-06 05:26:51.892779264,13,14821,157,35
32.913665,-78.938858,2026-09-06 05:26:51.892858368,13,12872,233,23
34.554448,-71.950122,2026-09-06 05:26:52.8420608,13,11535,264,45
34.59386,-71.944194,2026-09-06 05:26:52.8423936,13,4890,258,30
34.524078,-71.896546,2026-09-06 05:26:52.73710848,13,10617,217,32
34.51173,-71.863251,2026-09-06 05:26:52.73693696,13,6188,219,18
41.103111,-102.504492,2026-09-06 05:26:52.301181952,13,12347,118,46
40.949134,-102.567075,2026-09-06 05:26:52.301242112,13,8135,203,49
35.989459,-86.499931,2026-09-06 05:26:52.836470016,13,11741,91,93
33.532974,-70.478344,2026-09-06 05:26:53.132570368,13,5231,231,27
26.630729,-106.327939,2026-09-06 05:26:53.233260288,13,8193,225,20
31.219528,-72.358098,2026-09-06 05:26:53.607355904,13,7680,230,50
34.322476,-64.277395,2026-09-06 05:26:54.156545792,13,5833,264,28
33.118391,-79.061363,2026-09-06 05:26:54.943622400,13,14778,151,32
33.186653,-79.059694,2026-09-06 05:26:54.943654912,13,4945,269,19
33.01165,-78.947441,2026-09-06 05:26:56.155439360,13,5317,260,24
35.72971,-86.702876,2026-09-06 05:26:56.578069504,13,13125,154,30
17.881878,-94.059286,2026-09-06 05:26:57.461590272,13,8118,265,35
23.859831,-83.268627,2026-09-06 05:26:58.214126848,13,7066,253,114
34.657175,-72.265854,2026-09-06 05:26:58.328162048,13,14366,250,32
34.633227,-72.252712,2026-09-06 05:26:58.328146432,13,5631,250,44
32.985798,-78.709507,2026-09-06 05:26:58.877761024,13,10144,230,22
35.601579,-86.492024,2026-09-06 05:26:59.515392256,13,11008,77,52
35.646998,-86.509923,2026-09-06 05:26:59.515461376,13,7931,103,40
35.608851,-86.495663,2026-09-06 05:26:59.576300544,13,9470,78,86
35.643984,-86.515748,2026-09-06 05:26:59.576316928,13,11221,168,71
35.531705,-86.525801,2026-09-06 05:26:59.576331520,13,11201,180,58
35.682826,-86.498106,2026-09-06 05:26:59.576381952,13,7689,261,40
35.627212,-86.510702,2026-09-06 05:26:59.643702016,13,11683,61,38
35.640336,-86.511118,2026-09-06 05:26:59.721001472,13,13540,80,39
24.804043,-92.62162,2026-09-06 05:26:59.949020672,13,5934,176,69
24.8968,-92.619599,2026-09-06 05:26:59.949102848,13,8264,248,98
24.762647,-92.760407,2026-09-06 05:27:00.35036928,13,8443,246,51
35.681102,-86.535689,2026-09-06 05:27:00.434716672,13,4177,178,21
33.770221,-70.215865,2026-09-06 05:27:00.658629888,13,6985,248,63
33.614539,-70.131908,2026-09-06 05:27:00.658631680,13,8786,224,43
24.398096,-98.681478,2026-09-06 05:27:01.446110720,13,4295,234,28
26.932083,-78.56933,2026-09-06 05:27:01.710837760,13,14736,270,76
26.787533,-78.675795,2026-09-06 05:27:01.771439872,13,11411,244,70
26.694902,-78.582883,2026-09-06 05:27:01.812433408,13,8012,257,44
34.615361,-70.852799,2026-09-06 05:27:02.667207424,13,5829,270,36
28.257675,-109.210751,2026-09-06 05:27:03.384980224,13,14607,232,29
34.093248,-87.031931,2026-09-06 05:27:04.653262336,13,10781,154,59
34.112239,-87.034826,2026-09-06 05:27:04.665943296,13,13082,112,52
34.088798,-87.12524,2026-09-06 05:27:04.665981952,13,13764,194,42
35.716614,-86.245862,2026-09-06 05:27:07.231188480,13,6532,180,32
48.781332,-114.243122,2026-09-06 05:27:07.843153408,13,14341,162,85
34.453097,-72.286874,2026-09-06 05:27:08.129773056,13,12799,152,104
34.41933,-72.241916,2026-09-06 05:27:08.129760256,13,7848,210,90
34.451035,-72.291629,2026-09-06 05:27:08.129771264,13,11973,204,72
36.249646,-102.523843,2026-09-06 05:27:08.239469568,13,7701,100,50
34.605272,-71.464387,2026-09-06 05:27:09.728466176,13,11656,114,44
34.638922,-71.47238,2026-09-06 05:27:09.728475904,13,10067,269,47
34.498349,-71.510377,2026-09-06 05:27:10.51749632,13,8879,255,26
34.375259,-71.548586,2026-09-06 05:27:10.911223552,13,4104,262,29
34.430948,-64.22708,2026-09-06 05:27:11.234034944,13,7320,233,28
33.005163,-78.850864,2026-09-06 05:27:13.684774144,13,11957,235,21
35.795243,-86.638116,2026-09-06 05:27:14.687238912,13,10309,177,22
35.989548,-86.517993,2026-09-06 05:27:14.852730880,13,5896,150,77
36.001456,-86.561475,2026-09-06 05:27:14.852808192,13,11776,98,66
34.293393,-87.138468,2026-09-06 05:27:16.342813184,13,12658,103,48
34.368229,-87.00089,2026-09-06 05:27:16.342858496,13,10132,222,35
30.889254,-70.717027,2026-09-06 05:27:17.526681088,13,10503,173,94
26.37883,-105.398838,2026-09-06 05:27:18.727226624,13,10500,251,31
41.193249,-101.993769,2026-09-06 05:27:21.437576704,13,14417,153,21
26.862059,-106.308792,2026-09-06 05:27:21.501478912,13,9785,224,20
41.013165,-103.23208,2026-09-06 05:27:21.601970944,13,13080,151,19
40.999977,-103.237577,2026-09-06 05:27:21.782697216,13,12659,81,24
33.274594,-67.180568,2026-09-06 05:27:21.800244736,13,7034,240,16
35.682316,-86.167973,2026-09-06 05:27:21.907220480,13,6469,93,71
35.690089,-86.196055,2026-09-06 05:27:21.907282688,13,8902,187,58
35.716677,-86.216371,2026-09-06 05:27:21.907288064,13,9751,187,42
35.711944,-86.215647,2026-09-06 05:27:22.104676608,13,6980,102,29
34.546364,-60.724738,2026-09-06 05:27:22.302599936,13,5868,263,31
34.618611,-72.265363,2026-09-06 05:27:22.593323264,13,8300,149,112
34.656601,-72.277307,2026-09-06 05:27:22.593342720,13,3293,262,88
34.629489,-72.254436,2026-09-06 05:27:22.593330944,13,8360,262,75
34.66333,-72.292605,2026-09-06 05:27:22.732028160,13,8662,257,25
34.626575,-71.819044,2026-09-06 05:27:23.694071808,13,10982,234,54
34.562374,-71.794978,2026-09-06 05:27:23.694112768,13,6363,259,41
34.543141,-71.778567,2026-09-06 05:27:23.694104576,13,6723,249,28
34.625681,-71.809071,2026-09-06 05:27:23.749167872,13,11498,215,53
34.538063,-71.78415,2026-09-06 05:27:23.749197312,13,5885,208,39
34.543345,-71.763971,2026-09-06 05:27:23.749196288,13,7959,249,24
34.575322,-71.725745,2026-09-06 05:27:23.806937600,13,14866,215,32
34.579113,-71.713002,2026-09-06 05:27:23.806924032,13,7359,217,17
35.675087,-86.765361,2026-09-06 05:27:23.914099968,13,9039,179,17
34.695774,-71.800196,2026-09-06 05:27:24.504844800,13,10699,233,49
34.578038,-71.740341,2026-09-06 05:27:24.504863488,13,10763,227,36
34.55053,-71.701056,2026-09-06 05:27:24.504844800,13,13108,212,16
32.632942,-72.283927,2026-09-06 05:27:25.29361920,13,9781,219,36
32.861675,-78.957905,2026-09-06 05:27:26.362935040,13,8006,157,39
26.743538,-106.41094,2026-09-06 05:27:26.476059904,13,11823,253,16
26.728157,-106.441157,2026-09-06 05:27:26.506341888,13,8296,225,23
32.989076,-79.152384,2026-09-06 05:27:28.700449536,13,6846,157,27
33.177746,-79.105188,2026-09-06 05:27:28.700518400,13,3288,268,32
33.116933,-79.09008,2026-09-06 05:27:28.700502528,13,8523,230,17
42.327899,-100.620798,2026-09-06 05:27:29.269436416,13,5956,154,24
33.610407,-70.118516,2026-09-06 05:27:29.378598400,13,4971,231,31
24.88097,-104.237628,2026-09-06 05:27:30.325501696,13,4895,254,21
35.674733,-86.5092,2026-09-06 05:27:30.723140352,13,9036,260,49
35.663449,-86.515953,2026-09-06 05:27:30.723137792,13,9750,161,75
35.570568,-86.500673,2026-09-06 05:27:30.747375360,13,12379,90,26
35.584872,-86.501301,2026-09-06 05:27:31.171698176,13,5596,174,89
35.759724,-86.651157,2026-09-06 05:27:31.171763712,13,14605,178,70
35.705293,-86.506259,2026-09-06 05:27:31.261566976,13,6710,208,40
41.327729,-102.150484,2026-09-06 05:27:31.878449664,13,13011,231,19
32.914096,-78.942631,2026-09-06 05:27:32.885707520,13,8749,172,41
32.886202,-78.909725,2026-09-06 05:27:32.964958720,13,7615,158,48
32.812387,-78.962094,2026-09-06 05:27:33.105897984,13,7982,158,42
32.968697,-78.959805,2026-09-06 05:27:33.105957888,13,6951,233,30
32.888736,-78.917333,2026-09-06 05:27:33.161501696,13,9380,191,29
34.140956,-64.289953,2026-09-06 05:27:33.925665024,13,6167,257,19
31.192514,-72.350336,2026-09-06 05:27:34.79152384,13,12497,232,105
31.316381,-72.41121,2026-09-06 05:27:34.226207488,13,5896,230,76
31.292975,-72.41384,2026-09-06 05:27:34.578871808,13,7035,229,38
24.527554,-104.596427,2026-09-06 05:27:37.664821504,13,10189,265,34
40.915547,-102.042181,2026-09-06 05:27:38.93091328,13,14838,81,28
32.969983,-78.978923,2026-09-06 05:27:39.11119872,13,9527,171,24
36.640513,-101.773312,2026-09-06 05:27:39.628739072,13,11690,99,23
36.599185,-101.738835,2026-09-06 05:27:39.696035328,13,11133,68,71
36.608458,-101.785468,2026-09-06 05:27:39.696095232,13,6844,129,55
36.568623,-101.743091,2026-09-06 05:27:39.804487424,13,13634,102,45
36.560286,-101.859215,2026-09-06 05:27:39.804522496,13,8314,166,68
36.580965,-101.71623,2026-09-06 05:27:39.875161344,13,12329,142,70
36.537318,-101.588739,2026-09-06 05:27:39.953958400,13,13707,119,42
36.574994,-101.733011,2026-09-06 05:27:40.31496704,13,12197,50,72
34.497655,-71.611414,2026-09-06 05:27:40.238122240,13,9427,220,19
36.6236,-101.761034,2026-09-06 05:27:40.566144768,13,5678,101,22
33.421863,-64.677676,2026-09-06 05:27:40.974512384,13,7452,251,15
32.921755,-78.937386,2026-09-06 05:27:42.412984576,13,9174,161,49
32.956203,-78.936774,2026-09-06 05:27:42.413059840,13,3607,231,32
32.996601,-78.947084,2026-09-06 05:27:42.413070080,13,9469,231,15
32.968593,-78.946622,2026-09-06 05:27:42.474783744,13,5028,231,30
33.007484,-78.960642,2026-09-06 05:27:42.474795264,13,11128,234,19
34.673889,-71.70372,2026-09-06 05:27:43.242369792,13,13101,265,41
34.532836,-71.575131,2026-09-06 05:27:43.242300160,13,8635,252,28
32.962172,-78.724906,2026-09-06 05:27:43.293247744,13,12302,161,25
34.516994,-71.605782,2026-09-06 05:27:43.426911488,13,13281,216,38
34.519991,-71.576812,2026-09-06 05:27:43.426898176,13,4867,210,24
35.399431,-86.094627,2026-09-06 05:27:45.512034304,13,10997,73,37
41.135848,-101.97006,2026-09-06 05:27:45.984183296,13,8135,168,29
31.205343,-72.4528,2026-09-06 05:27:46.138245632,13,6577,234,96
31.225819,-72.439019,2026-09-06 05:27:46.296790784,13,6571,231,57
33.082876,-79.098781,2026-09-06 05:27:46.441894144,13,2811,245,79
33.034555,-79.087621,2026-09-06 05:27:46.441878528,13,3743,164,70
32.989888,-79.15282,2026-09-06 05:27:46.441914368,13,4960,239,49
33.139407,-79.140119,2026-09-06 05:27:46.514223616,13,5702,227,26
33.700722,-69.27136,2026-09-06 05:27:46.893492992,13,5292,243,50
33.823085,-69.401687,2026-09-06 05:27:47.21965568,13,12888,234,62
33.701675,-69.275279,2026-09-06 05:27:47.21967104,13,8100,225,51
35.695955,-86.22747,2026-09-06 05:27:47.196952320,13,9392,75,104
35.692621,-86.24504,2026-09-06 05:27:47.393583616,13,10197,140,37
34.418112,-72.288847,2026-09-06 05:27:47.434817792,13,5929,216,56
34.692393,-64.552646,2026-09-06 05:27:47.990268416,13,14684,223,15
37.448713,-82.853251,2026-09-06 05:27:48.290151424,13,14895,100,70
34.023068,-86.318545,2026-09-06 05:27:48.529122048,13,10817,202,18
34.020033,-86.326285,2026-09-06 05:27:48.709027328,13,10967,202,14
34.01378,-65.225158,2026-09-06 05:27:50.662582528,13,4792,264,62
34.04281,-65.265985,2026-09-06 05:27:50.662597888,13,5026,237,48
34.789491,-72.362563,2026-09-06 05:27:51.618419712,13,8942,175,78
34.709756,-72.365905,2026-09-06 05:27:51.618445312,13,11423,196,58
34.683256,-72.296681,2026-09-06 05:27:51.618437376,13,4676,265,45
18.99355,-100.200847,2026-09-06 05:27:51.689345024,13,7386,255,33
34.631983,-72.249897,2026-09-06 05:27:51.729157888,13,10510,263,24
35.929351,-85.441118,2026-09-06 05:27:52.477501440,13,5497,180,42
35.99634,-85.405767,2026-09-06 05:27:52.477524224,13,3643,264,25
34.791194,-62.966929,2026-09-06 05:27:52.927432192,13,8374,219,84
34.871319,-62.949304,2026-09-06 05:27:52.927507712,13,8588,259,40
41.200874,-102.077528,2026-09-06 05:27:53.63962880,13,13254,126,42
31.36103,-67.887927,2026-09-06 05:27:54.14070016,13,5250,255,58
34.633901,-71.964459,2026-09-06 05:27:54.559558656,13,7268,218,55
34.549252,-71.933584,2026-09-06 05:27:54.559591424,13,10032,206,42
36.649548,-101.640587,2026-09-06 05:27:54.604954112,13,14322,92,44
34.704499,-71.975833,2026-09-06 05:27:54.753810944,13,5130,215,78
34.627497,-71.969896,2026-09-06 05:27:54.753788672,13,13081,211,62
15.475913,-94.548125,2026-09-06 05:27:56.213474048,13,4240,266,66
23.34401,-105.124,2026-09-06 05:27:56.540803072,13,5770,252,54
36.314021,-102.52072,2026-09-06 05:27:56.628615680,13,10065,196,37
35.651935,-86.774244,2026-09-06 05:27:57.711506688,13,12837,139,57
35.682877,-86.779415,2026-09-06 05:27:57.711578368,13,7994,176,42
33.255628,-67.136988,2026-09-06 05:27:57.801658368,13,10299,232,39
37.601055,-82.22082,2026-09-06 05:27:58.417243136,13,6329,112,70
37.666977,-82.250379,2026-09-06 05:27:58.417248000,13,8053,230,55
46.236101,-114.429068,2026-09-06 05:27:58.531076096,13,9570,67,27
46.240702,-114.421166,2026-09-06 05:27:58.531076864,13,14389,130,15
32.970689,-78.953815,2026-09-06 05:27:59.688311808,13,5116,259,61
19.356887,-105.660535,2026-09-06 05:27:59.789335040,13,6817,258,37
19.509929,-84.822514,2026-09-06 05:28:01.39262208,13,5407,241,105
23.487078,-104.598242,2026-09-06 05:28:01.898175488,13,4985,261,49
24.336362,-98.597175,2026-09-06 05:28:02.90937856,13,5513,232,85
33.085033,-79.070989,2026-09-06 05:28:02.354334720,13,4744,238,47
19.980709,-92.915558,2026-09-06 05:28:03.580240896,13,12058,245,62
35.657929,-86.663682,2026-09-06 05:28:04.438347520,13,11947,132,42
35.699478,-86.67876,2026-09-06 05:28:04.438417408,13,6308,176,29
35.655366,-86.667641,2026-09-06 05:28:04.519653120,13,10026,90,39
35.655587,-86.62094,2026-09-06 05:28:04.597936128,13,5637,182,68
35.683872,-86.649185,2026-09-06 05:28:04.598005248,13,11688,178,55
35.635897,-86.659364,2026-09-06 05:28:04.688321280,13,9504,138,46
35.626576,-86.735433,2026-09-06 05:28:04.688376832,13,14720,108,72
35.651392,-86.737199,2026-09-06 05:28:04.688370432,13,7615,153,54
35.708831,-86.647313,2026-09-06 05:28:04.809715968,13,7311,215,30
35.702021,-86.655507,2026-09-06 05:28:05.262028800,13,8517,185,27
35.711839,-86.630942,2026-09-06 05:28:05.401418240,13,9708,178,36
17.607438,-94.282079,2026-09-06 05:28:07.588230400,13,9785,250,54
35.681017,-86.220594,2026-09-06 05:28:09.255227136,13,10834,115,51
32.964795,-78.886798,2026-09-06 05:28:10.325063168,13,6263,229,27
34.416613,-71.460563,2026-09-06 05:28:10.721882880,13,8796,208,37
34.381098,-71.418719,2026-09-06 05:28:10.825769216,13,13634,222,21
34.447028,-71.453483,2026-09-06 05:28:10.990832640,13,7307,248,35
34.694147,-72.325655,2026-09-06 05:28:11.911840512,13,6512,268,83
34.7041,-72.29772,2026-09-06 05:28:11.911847168,13,6851,255,65
34.769575,-72.380635,2026-09-06 05:28:11.911870208,13,14032,206,52
33.503098,-70.205805,2026-09-06 05:28:12.223408640,13,10090,225,23
34.646603,-72.310508,2026-09-06 05:28:12.623750912,13,11633,203,24
26.595404,-106.355964,2026-09-06 05:28:12.779754752,13,7363,244,21
31.185296,-72.321827,2026-09-06 05:28:14.215208960,13,13126,225,31
20.504041,-106.037369,2026-09-06 05:28:14.877143040,13,9827,255,44
36.013669,-86.506878,2026-09-06 05:28:14.898829824,13,5505,175,42
36.011436,-86.516784,2026-09-06 05:28:14.898827776,13,4465,183,30
36.029292,-86.486657,2026-09-06 05:28:14.898839296,13,10066,213,18
35.867636,-86.588433,2026-09-06 05:28:15.139742464,13,13295,129,16
32.88387,-78.962616,2026-09-06 05:28:15.437189120,13,14215,161,58
32.934516,-78.957565,2026-09-06 05:28:15.437278976,13,8893,270,45
32.942906,-78.951068,2026-09-06 05:28:15.437280768,13,4966,232,30
32.949465,-78.929196,2026-09-06 05:28:15.437283328,13,14248,232,16
26.662187,129.170066,2026-09-06 05:25:14.156896512,14,6252,215,37
33.238372,138.683933,2026-09-06 05:25:28.551883008,14,3800,234,30
33.176298,138.543984,2026-09-06 05:25:55.191902976,14,7348,247,26
33.0879,138.648683,2026-09-06 05:26:38.724201472,14,13061,233,23
33.709974,140.603479,2026-09-06 05:27:17.130673408,14,9334,265,46
33.578713,140.715752,2026-09-06 05:27:17.130616576,14,11269,156,29
33.769076,140.55326,2026-09-06 05:27:17.178416896,14,10939,256,26
33.742917,140.583576,2026-09-06 05:27:17.201335808,14,3200,268,36
33.295715,138.512281,2026-09-06 05:27:20.206665984,14,6598,243,31
33.228855,138.475968,2026-09-06 05:27:20.206649856,14,10103,239,18
28.92511,129.153741,2026-09-06 05:27:28.993221632,14,4787,192,47
29.242318,129.113646,2026-09-06 05:27:30.414852864,14,9575,188,41
43.739004,-6.064583,2026-09-06 05:25:01.508336896,11,10918,194,94
43.770439,-6.081466,2026-09-06 05:25:01.508346880,11,8294,263,156
43.709616,-6.14337,2026-09-06 05:25:01.508354816,11,7615,242,140
43.707097,-6.149463,2026-09-06 05:25:01.508349440,11,6655,242,127
30.725192,-68.787287,2026-09-06 05:25:04.985675776,11,13555,257,74
30.288315,-68.41743,2026-09-06 05:25:05.47855616,11,4489,254,29
34.066839,-69.797467,2026-09-06 05:25:06.832733952,11,14952,212,30
31.746219,-68.298076,2026-09-06 05:25:07.795290368,11,7623,235,32
34.906975,-73.433078,2026-09-06 05:25:07.883743744,11,6804,265,44
33.938655,-65.625019,2026-09-06 05:25:18.120310784,11,6807,207,242
34.610897,-72.760044,2026-09-06 05:25:26.539230208,11,9636,202,42
33.72685,-69.388231,2026-09-06 05:25:32.825119744,11,11181,234,240
19.329206,-105.460768,2026-09-06 05:25:35.310471936,11,7767,262,58
33.174046,-79.057418,2026-09-06 05:25:35.853687552,11,8248,180,24
35.771003,-86.448127,2026-09-06 05:25:36.483322112,11,10678,207,27
8.697823,18.593271,2026-09-06 05:25:41.141154816,11,14048,226,117
30.210859,-68.683214,2026-09-06 05:25:45.646407936,11,8351,192,41
34.398766,-72.786259,2026-09-06 05:25:51.340451328,11,3333,252,54
34.507273,-72.326177,2026-09-06 05:26:01.78847232,11,8795,201,58
34.494741,-71.563479,2026-09-06 05:26:01.547607040,11,9976,268,89
33.702642,-70.276503,2026-09-06 05:26:05.304480512,11,9848,229,171
26.748588,-105.985821,2026-09-06 05:26:05.725083392,11,10375,259,51
34.66021,-71.806731,2026-09-06 05:26:09.807965440,11,13768,268,84
35.592689,-86.494982,2026-09-06 05:26:11.979419136,11,6321,114,68
35.62915,-86.528511,2026-09-06 05:26:11.979492096,11,12465,208,54
36.003862,-86.570253,2026-09-06 05:26:13.575598592,11,8635,192,29
34.115356,-64.975335,2026-09-06 05:26:14.332522752,11,5931,238,56
25.580093,-71.769867,2026-09-06 05:26:19.61143296,11,14984,235,152
34.439533,-71.926441,2026-09-06 05:26:21.401454592,11,11154,214,37
31.329302,-72.425735,2026-09-06 05:26:24.575051520,11,7181,254,86
34.228715,-64.40722,2026-09-06 05:26:26.108221952,11,10798,255,235
34.545366,-71.98615,2026-09-06 05:26:27.272880640,11,8406,265,126
45.610613,33.460997,2026-09-06 05:26:33.407383552,11,7849,231,123
45.637193,33.307936,2026-09-06 05:26:33.407459584,11,10372,234,111
34.030822,-68.889175,2026-09-06 05:26:38.483360512,11,11879,235,186
43.718066,-6.188657,2026-09-06 05:26:45.927006208,11,8161,166,301
43.66888,-5.808754,2026-09-06 05:26:46.671142912,11,7528,174,443
34.957294,-64.144216,2026-09-06 05:26:48.144489728,11,13413,165,102
35.050805,-64.091544,2026-09-06 05:26:48.473110016,11,9241,205,67
41.947101,-7.042613,2026-09-06 05:26:50.702490112,11,7847,141,47
35.258477,-61.036622,2026-09-06 05:26:52.243563520,11,9624,236,30
36.008494,-86.441297,2026-09-06 05:26:52.836548608,11,11851,174,47
31.23572,-72.381738,2026-09-06 05:26:53.607359232,11,9598,231,18
24.87052,-92.62138,2026-09-06 05:26:59.949086976,11,14368,222,85
26.981865,-78.604373,2026-09-06 05:27:01.710848000,11,7057,262,78
35.072096,-64.154677,2026-09-06 05:27:04.228960768,11,13306,267,59
34.690566,-64.413695,2026-09-06 05:27:11.234143488,11,13895,207,75
30.835551,-70.642155,2026-09-06 05:27:17.526655488,11,9299,245,173
34.606096,-72.238458,2026-09-06 05:27:22.593318656,11,8301,211,118
35.638355,-86.515865,2026-09-06 05:27:31.171774464,11,8156,264,30
33.699104,-69.264989,2026-09-06 05:27:46.893494016,11,5060,242,242
43.838365,-5.931789,2026-09-06 05:28:18.60460288,11,6561,252,299
43.739004,-6.064583,2026-09-06 05:25:01.508336896,12,10918,194,93
43.770287,-6.081943,2026-09-06 05:25:01.508346624,12,8288,263,157
43.709616,-6.14337,2026-09-06 05:25:01.508354816,12,7615,242,141
43.707097,-6.149463,2026-09-06 05:25:01.508349440,12,6655,242,128
30.725192,-68.787287,2026-09-06 05:25:04.985675776,12,13555,257,74
30.288315,-68.41743,2026-09-06 05:25:05.47855616,12,4489,254,29
34.067507,-69.796839,2026-09-06 05:25:06.832733952,12,14952,212,30
31.746219,-68.298076,2026-09-06 05:25:07.795290368,12,7623,235,32
34.906975,-73.433078,2026-09-06 05:25:07.883743744,12,6804,265,44
33.938655,-65.625019,2026-09-06 05:25:18.120310784,12,6807,207,246
33.715393,-69.372819,2026-09-06 05:25:32.825117440,12,7993,234,123
19.329206,-105.460768,2026-09-06 05:25:35.310471936,12,7767,262,58
33.174046,-79.057418,2026-09-06 05:25:35.853687552,12,8248,180,24
35.677789,-86.504685,2026-09-06 05:25:36.560086784,12,9114,211,25
8.697823,18.593271,2026-09-06 05:25:41.141154816,12,14048,226,120
30.278811,-68.354512,2026-09-06 05:25:45.646299648,12,12647,255,53
34.398766,-72.786259,2026-09-06 05:25:51.340451328,12,3333,252,54
34.437859,-72.299216,2026-09-06 05:26:00.798436864,12,9058,253,107
34.507273,-72.326177,2026-09-06 05:26:01.78847232,12,8795,201,58
34.33728,-71.609859,2026-09-06 05:26:01.170984448,12,10992,257,69
34.494687,-71.563453,2026-09-06 05:26:01.547607040,12,9978,268,90
33.702642,-70.276503,2026-09-06 05:26:05.304480512,12,9848,229,171
26.748588,-105.985821,2026-09-06 05:26:05.725083392,12,10375,259,49
34.66021,-71.806731,2026-09-06 05:26:09.807965440,12,13768,268,84
35.592689,-86.494982,2026-09-06 05:26:11.979419136,12,6321,114,68
35.62915,-86.528511,2026-09-06 05:26:11.979492096,12,12465,208,54
25.580093,-71.769867,2026-09-06 05:26:19.61143296,12,14984,235,152
34.228715,-64.40722,2026-09-06 05:26:26.108221952,12,10798,255,234
34.545321,-71.986126,2026-09-06 05:26:27.272880640,12,8408,265,126
45.610613,33.460997,2026-09-06 05:26:33.407383552,12,7849,231,124
45.637459,33.690194,2026-09-06 05:26:33.407372800,12,10552,252,111
43.74074,-6.127123,2026-09-06 05:26:45.927026432,12,3956,263,191
43.66888,-5.808754,2026-09-06 05:26:46.671142912,12,7528,174,446
34.717061,-64.248261,2026-09-06 05:26:48.144403456,12,7109,230,103
35.050733,-64.091571,2026-09-06 05:26:48.473110016,12,9248,205,67
41.947101,-7.042613,2026-09-06 05:26:50.702490112,12,7847,141,47
35.258477,-61.036622,2026-09-06 05:26:52.243563520,12,9624,236,30
36.008494,-86.441297,2026-09-06 05:26:52.836548608,12,11851,174,47
31.23572,-72.381738,2026-09-06 05:26:53.607359232,12,9598,231,18
24.87052,-92.62138,2026-09-06 05:26:59.949086976,12,14368,222,85
26.981865,-78.604373,2026-09-06 05:27:01.710848000,12,7057,262,78
26.981544,-78.615934,2026-09-06 05:27:01.812532480,12,6134,262,28
35.072096,-64.154677,2026-09-06 05:27:04.228960768,12,13306,267,59
34.24499,-72.501954,2026-09-06 05:27:08.129869312,12,13717,165,100
34.690566,-64.413695,2026-09-06 05:27:11.234143488,12,13895,207,75
30.835551,-70.642155,2026-09-06 05:27:17.526655488,12,9299,245,174
33.330518,-64.901843,2026-09-06 05:27:18.78861824,12,14517,256,270
34.606096,-72.238458,2026-09-06 05:27:22.593318656,12,8301,211,118
35.638355,-86.515865,2026-09-06 05:27:31.171774464,12,8156,264,30
33.699104,-69.264989,2026-09-06 05:27:46.893494016,12,5060,242,242
43.838365,-5.931789,2026-09-06 05:28:18.60460288,12,6561,252,299
