20.627202,-106.357524,2026-09-25 00:05:04.95917824,3,5370,253,25
46.481842,45.879949,2026-09-25 00:05:00.762999040,4,8586,221,29
9.837706,-74.79323,2026-09-25 00:05:04.949620992,7,9064,262,11
30.58257,-107.958362,2026-09-25 00:05:01.225985792,13,13842,163,34
30.603799,-107.93488,2026-09-25 00:05:01.225990912,13,14871,162,22
20.626632,-106.357456,2026-09-25 00:05:04.95917568,13,5368,253,25
32.275679,-105.485012,2026-09-25 00:05:04.770014720,13,8403,90,25
29.616839,-108.26783,2026-09-25 00:05:05.66854656,13,8802,217,54
29.521257,-108.274657,2026-09-25 00:05:05.66875904,13,9640,236,41
32.692213,-77.066368,2026-09-25 00:05:07.687560448,13,6634,261,21
33.398155,-75.50888,2026-09-25 00:05:12.344669184,13,7056,187,38
33.344945,-75.499003,2026-09-25 00:05:12.344708096,13,5921,211,42
30.09989,-107.59594,2026-09-25 00:05:13.133362432,13,10322,206,57
29.980768,-107.631285,2026-09-25 00:05:13.133358592,13,12409,159,49
30.167928,-107.576539,2026-09-25 00:05:13.133427712,13,10451,249,43
27.485996,-73.083858,2026-09-25 00:05:17.582570240,13,13830,204,109
37.539362,-98.013259,2026-09-25 00:05:17.866367744,13,5000,127,94
37.58452,-98.154419,2026-09-25 00:05:17.866343680,13,12772,177,88
30.312957,13.315207,2026-09-25 00:05:00.429896192,11,2885,266,25
30.338167,14.528325,2026-09-25 00:05:02.825974528,11,7824,261,15
42.421968,15.697454,2026-09-25 00:05:03.428576000,11,6747,258,138
42.292511,15.298356,2026-09-25 00:05:07.964051200,11,9229,148,104
42.273882,15.294512,2026-09-25 00:05:07.964129280,11,11371,157,85
43.78639,12.8486,2026-09-25 00:05:08.553430784,11,6657,237,159
43.75122,12.791789,2026-09-25 00:05:08.553448960,11,9671,167,152
27.477543,-73.063335,2026-09-25 00:05:17.582563584,11,7948,267,109
30.312957,13.315207,2026-09-25 00:05:00.429896192,12,2885,266,25
42.481334,15.671294,2026-09-25 00:05:03.428594944,12,2662,252,142
42.452074,15.6975,2026-09-25 00:05:03.428584960,12,9603,154,95
42.459019,15.705924,2026-09-25 00:05:03.428592128,12,5043,203,65
42.459291,15.725395,2026-09-25 00:05:03.501779968,12,9145,243,69
34.015773,11.051237,2026-09-25 00:05:05.374207488,12,6087,250,237
43.78639,12.8486,2026-09-25 00:05:08.553430784,12,6657,237,148
27.477543,-73.063335,2026-09-25 00:05:17.582563584,12,7948,267,108
31.945832,-105.287492,2026-09-25 01:45:03.226272256,1,10763,210,29
29.411632,-103.837399,2026-09-25 01:45:03.365496320,1,12264,228,21
29.438361,-103.539888,2026-09-25 01:45:00.16386048,3,5499,248,35
20.771036,-75.799526,2026-09-25 01:45:00.344335104,3,4499,262,68
20.818424,-75.800948,2026-09-25 01:45:00.344348672,7,6383,262,17
18.978399,117.332062,2026-09-25 01:45:01.581210112,9,4666,250,46
29.438278,-103.539987,2026-09-25 01:45:00.16386048,13,5498,248,35
20.769606,-75.799254,2026-09-25 01:45:00.344334848,13,4490,262,77
29.347116,-107.50195,2026-09-25 01:45:00.850672384,13,6308,180,31
33.013662,-112.372033,2026-09-25 01:45:01.149524480,13,7261,241,29
34.085823,-103.92521,2026-09-25 01:45:02.6733312,13,7995,141,50
34.142669,-103.944655,2026-09-25 01:45:02.6799104,13,3099,195,39
34.106907,-103.977872,2026-09-25 01:45:02.355669504,13,6375,233,25
31.896855,-105.274184,2026-09-25 01:45:03.226218240,13,12268,136,85
31.917418,-105.343477,2026-09-25 01:45:03.226253824,13,9753,208,66
29.457084,-103.83963,2026-09-25 01:45:03.365500672,13,8578,182,40
26.819423,-105.993969,2026-09-25 01:45:04.429729792,13,8729,242,46
34.904274,-101.930383,2026-09-25 01:45:09.101929472,13,11314,132,70
34.937383,-101.953805,2026-09-25 01:45:09.101986048,13,8635,147,55
20.797117,-106.845143,2026-09-25 01:45:09.404112896,13,5954,254,76
33.013926,-76.234074,2026-09-25 01:45:09.660096512,13,11142,197,72
32.799116,-76.399748,2026-09-25 01:45:09.660090880,13,14459,221,62
34.936471,-101.631079,2026-09-25 01:45:10.313106944,13,10302,244,42
34.946508,-101.592497,2026-09-25 01:45:10.498675968,13,7277,243,45
34.93368,-101.502399,2026-09-25 01:45:10.583986688,13,14245,163,41
26.956399,-99.602141,2026-09-25 01:45:10.596896512,13,5364,253,46
28.305313,-107.812616,2026-09-25 01:45:10.612541696,13,10834,230,34
34.361592,-103.607882,2026-09-25 01:45:13.337456640,13,9967,106,31
34.361455,-103.554566,2026-09-25 01:45:13.337472768,13,4631,250,16
34.337081,-103.49086,2026-09-25 01:45:13.443214848,13,11030,103,121
34.374688,-103.513468,2026-09-25 01:45:13.443238912,13,8360,178,101
21.358228,-105.224249,2026-09-25 01:45:14.531160064,13,4736,268,75
34.018856,-103.977407,2026-09-25 01:45:16.561894656,13,6313,222,24
34.013192,-104.008399,2026-09-25 01:45:16.619155968,13,6659,243,38
34.011414,-104.011058,2026-09-25 01:45:16.697239808,13,8357,240,38
33.852966,-104.174717,2026-09-25 01:45:16.843202816,13,11272,223,38
34.06177,-103.94371,2026-09-25 01:45:16.843305472,13,9442,180,44
34.013446,-103.998028,2026-09-25 01:45:17.36259584,13,14639,224,21
31.959052,-105.286153,2026-09-25 01:45:03.226275840,11,8181,210,32
42.127518,16.784336,2026-09-25 01:45:06.808734976,11,10428,76,178
42.400337,13.473597,2026-09-25 01:45:07.434209792,11,8210,213,76
42.396043,13.487731,2026-09-25 01:45:07.434214912,11,12106,206,167
47.19859,46.269101,2026-09-25 01:45:11.121686528,11,6772,261,287
42.058932,15.92355,2026-09-25 01:45:14.2777856,11,8866,170,45
42.101779,17.222519,2026-09-25 01:45:17.219999232,11,5992,228,121
42.143488,17.209099,2026-09-25 01:45:17.220016128,11,4973,228,84
31.959052,-105.286153,2026-09-25 01:45:03.226275840,12,8181,210,32
42.128309,16.785471,2026-09-25 01:45:06.619652608,12,8176,81,434
42.150401,16.782746,2026-09-25 01:45:06.808742400,12,9310,123,178
42.188762,16.744721,2026-09-25 01:45:06.951278336,12,3841,262,224
42.413681,13.482339,2026-09-25 01:45:07.434215168,12,5475,213,103
42.365492,13.4874,2026-09-25 01:45:07.434199040,12,11827,125,175
42.366969,13.499115,2026-09-25 01:45:07.434207232,12,6346,199,115
47.19859,46.269101,2026-09-25 01:45:11.121686528,12,6772,261,289
42.058936,15.923554,2026-09-25 01:45:14.2777856,12,8867,170,50
42.101779,17.222519,2026-09-25 01:45:17.219999232,12,5992,228,122
42.146945,17.2194,2026-09-25 01:45:17.220018944,12,4857,228,83
39.719159,12.310658,2026-09-25 04:45:05.928321792,1,8200,237,17
39.830131,12.329855,2026-09-25 04:45:05.946868992,1,11896,208,34
39.846478,12.387953,2026-09-25 04:45:05.946924800,1,7288,261,19
40.343047,13.744278,2026-09-25 04:45:06.97375744,1,6266,205,57
40.332096,13.737698,2026-09-25 04:45:06.97379584,1,7565,194,87
40.364327,13.815054,2026-09-25 04:45:06.97394432,1,13701,228,84
40.409514,13.823443,2026-09-25 04:45:06.97414656,1,12319,243,76
31.78234,-105.951674,2026-09-25 04:45:13.671219712,1,5749,233,26
31.722074,-105.955165,2026-09-25 04:45:13.865526016,1,5695,231,28
39.685391,12.240286,2026-09-25 04:45:14.404411904,1,13663,222,34
39.789167,12.43334,2026-09-25 04:45:14.404485632,1,4444,220,21
40.266388,12.824434,2026-09-25 04:45:14.457108736,1,8813,222,35
40.724327,12.980902,2026-09-25 04:45:14.457278208,1,13108,237,23
40.331495,15.238892,2026-09-25 04:45:14.873466624,1,6114,189,268
40.316539,15.246885,2026-09-25 04:45:14.873461760,1,8776,197,254
40.312525,15.236068,2026-09-25 04:45:14.873458176,1,9807,204,238
40.140137,15.195048,2026-09-25 04:45:14.873433600,1,7384,239,225
40.333499,15.254647,2026-09-25 04:45:14.873508352,1,6241,270,209
40.374098,15.274081,2026-09-25 04:45:14.873520896,1,12838,267,193
40.362278,15.257229,2026-09-25 04:45:14.873516032,1,7539,247,177
40.349901,15.288315,2026-09-25 04:45:14.873512448,1,5557,240,163
40.353769,15.300693,2026-09-25 04:45:14.873506816,1,7640,256,150
40.833664,15.125799,2026-09-25 04:45:14.873692928,1,7067,266,138
39.698966,12.429512,2026-09-25 04:45:22.134363648,1,12034,209,80
39.668908,12.39672,2026-09-25 04:45:22.134362624,1,12722,223,67
39.861823,12.565107,2026-09-25 04:45:22.134446080,1,14765,232,52
39.858675,12.550471,2026-09-25 04:45:22.134445824,1,5547,252,38
39.933211,12.405899,2026-09-25 04:45:22.134494208,1,8805,242,21
30.527308,-106.535864,2026-09-25 04:45:29.270484480,1,11647,237,29
30.502511,-106.557918,2026-09-25 04:45:29.376333824,1,5853,240,68
39.723487,12.366609,2026-09-25 04:45:37.235478272,1,8123,221,47
39.673591,12.496299,2026-09-25 04:45:37.235505408,1,14425,188,27
39.599502,12.514678,2026-09-25 04:45:44.995890176,1,7915,223,27
39.573333,12.193716,2026-09-25 04:45:45.109575168,1,12930,262,23
39.588189,12.546845,2026-09-25 04:45:45.190964736,1,14843,239,43
39.607187,12.533973,2026-09-25 04:45:45.190962688,1,4415,263,30
40.276468,13.062341,2026-09-25 04:45:45.346613760,1,7113,208,28
31.584836,-105.933979,2026-09-25 04:45:45.394796032,1,6111,209,22
31.601645,-105.925949,2026-09-25 04:45:45.511349504,1,10454,245,18
40.293877,12.773416,2026-09-25 04:45:45.573583104,1,14799,211,28
40.355734,12.953048,2026-09-25 04:45:45.573633280,1,9479,189,42
40.310529,12.858803,2026-09-25 04:45:45.573649152,1,7212,225,29
40.331492,13.770992,2026-09-25 04:45:46.172044544,1,3732,204,64
39.399613,12.446378,2026-09-25 04:45:53.229804288,1,7329,198,163
39.380307,12.46238,2026-09-25 04:45:53.229802240,1,12183,192,219
39.336588,12.456404,2026-09-25 04:45:53.229789952,1,3786,264,198
39.456513,12.452108,2026-09-25 04:45:53.229834496,1,8469,206,185
39.419685,12.456387,2026-09-25 04:45:53.229813248,1,9741,247,171
39.415297,12.453436,2026-09-25 04:45:53.229818112,1,11912,224,153
39.428051,12.525181,2026-09-25 04:45:53.229858816,1,9996,188,140
39.464791,12.491306,2026-09-25 04:45:53.229875456,1,5757,258,125
39.327583,12.667964,2026-09-25 04:45:53.229811712,1,7558,265,111
39.398356,12.578197,2026-09-25 04:45:53.229841664,1,7324,240,98
31.210935,15.008686,2026-09-25 04:46:01.238252032,1,3127,256,28
39.71468,12.316615,2026-09-25 04:46:01.250673920,1,12590,212,46
39.757744,12.39337,2026-09-25 04:46:01.250696704,1,8744,216,139
39.429843,12.164549,2026-09-25 04:46:01.250603264,1,7923,260,125
39.632489,12.241969,2026-09-25 04:46:01.250682880,1,8543,245,112
39.671018,12.273251,2026-09-25 04:46:01.250688256,1,8855,204,99
39.723572,12.45164,2026-09-25 04:46:01.250730240,1,7020,268,82
40.288747,12.845206,2026-09-25 04:46:09.332680704,1,12963,252,19
31.852806,-105.991847,2026-09-25 04:46:09.424834816,1,4909,206,31
30.910226,-106.436258,2026-09-25 04:46:16.689372672,1,14305,236,19
40.272896,12.964443,2026-09-25 04:46:17.764825344,1,7075,229,225
40.273721,12.968366,2026-09-25 04:46:17.764830464,1,7599,193,207
40.249257,12.96939,2026-09-25 04:46:17.764824320,1,5914,189,187
40.271598,12.980337,2026-09-25 04:46:17.764833536,1,7479,190,166
40.27848,12.972088,2026-09-25 04:46:17.764835840,1,9836,196,148
40.28048,12.990662,2026-09-25 04:46:17.764839936,1,8455,258,132
40.316074,13.042793,2026-09-25 04:46:17.764892672,1,11791,208,119
33.241979,-75.695783,2026-09-25 04:46:25.94530816,1,7656,186,25
30.471644,-106.509047,2026-09-25 04:46:25.282065664,1,5442,261,24
32.92118,-105.887731,2026-09-25 04:46:25.684663296,1,14782,206,41
32.842986,-105.970953,2026-09-25 04:46:25.768094720,1,7049,228,26
32.839063,-105.964883,2026-09-25 04:46:25.797588992,1,5294,228,22
32.92812,-106.785834,2026-09-25 04:46:25.891799552,1,11664,240,18
39.357304,12.47907,2026-09-25 04:46:25.940848896,1,2334,174,81
39.456639,12.442876,2026-09-25 04:46:25.940886528,1,6351,209,242
39.399552,12.458267,2026-09-25 04:46:25.940866048,1,3634,220,226
39.359729,12.45566,2026-09-25 04:46:25.940853504,1,3550,236,211
39.399613,12.474724,2026-09-25 04:46:25.940866048,1,7359,233,198
39.418954,12.460084,2026-09-25 04:46:25.940870144,1,10357,230,183
39.316179,12.555325,2026-09-25 04:46:25.940886528,1,9983,227,168
39.387444,12.561199,2026-09-25 04:46:25.940897280,1,12996,189,155
39.660094,12.400205,2026-09-25 04:46:33.719250432,1,13494,210,81
39.575698,12.421624,2026-09-25 04:46:33.719277056,1,12266,223,70
39.676808,12.436842,2026-09-25 04:46:33.719304960,1,6851,245,57
39.684958,12.439479,2026-09-25 04:46:33.719307008,1,7265,227,43
39.73708,12.510093,2026-09-25 04:46:33.719325184,1,13315,183,27
36.14252,-100.128235,2026-09-25 04:46:41.115194880,1,9485,136,38
36.103983,-100.381151,2026-09-25 04:46:41.115141632,1,7051,235,26
40.78292,12.559489,2026-09-25 04:46:41.963355136,1,14238,246,65
40.399812,12.798221,2026-09-25 04:46:41.963236352,1,11512,189,49
40.472817,12.756005,2026-09-25 04:46:41.963261952,1,6765,264,36
40.347779,12.705757,2026-09-25 04:46:41.963242752,1,10220,249,18
39.584983,12.499373,2026-09-25 04:46:49.573602304,1,3098,266,207
39.603,12.492864,2026-09-25 04:46:49.573609984,1,9158,204,192
39.567127,12.476788,2026-09-25 04:46:49.573598976,1,12734,189,173
39.323421,12.331068,2026-09-25 04:46:49.573540096,1,11933,253,156
39.682951,12.532023,2026-09-25 04:46:49.573648640,1,13608,221,142
39.655848,12.546155,2026-09-25 04:46:49.573668864,1,7528,230,129
39.615161,12.533875,2026-09-25 04:46:49.573650944,1,12589,216,108
39.673065,12.537779,2026-09-25 04:46:49.573678592,1,12918,262,92
39.474285,12.728181,2026-09-25 04:46:49.573586432,1,8470,265,76
39.738664,12.452562,2026-09-25 04:46:49.614038784,1,3880,223,61
39.507754,12.518483,2026-09-25 04:46:49.614006784,1,13030,224,49
39.653328,12.546828,2026-09-25 04:46:49.614051072,1,5568,234,36
39.582338,12.577663,2026-09-25 04:46:49.614023424,1,7563,246,22
39.651265,12.490769,2026-09-25 04:46:49.663828992,1,3049,221,63
39.554713,12.458087,2026-09-25 04:46:49.663840512,1,11788,230,51
39.628727,12.54086,2026-09-25 04:46:49.663867648,1,6270,208,37
39.956043,15.145429,2026-09-25 04:47:05.20001280,1,8896,268,28
40.422703,15.244154,2026-09-25 04:47:05.20180736,1,11132,252,23
39.705619,12.455869,2026-09-25 04:47:05.615853568,1,11705,186,30
40.39912,12.716042,2026-09-25 04:47:20.393255680,1,13260,192,61
40.182002,12.582908,2026-09-25 04:47:20.393224704,1,13979,225,67
40.482163,12.866433,2026-09-25 04:47:20.393316864,1,14208,225,52
40.371073,12.879871,2026-09-25 04:47:20.393295616,1,12313,217,40
40.353685,12.796005,2026-09-25 04:47:20.613307136,1,10533,202,25
12.361103,-7.096277,2026-09-25 04:47:20.618621696,1,14682,239,17
36.183241,-100.15801,2026-09-25 04:47:28.601822720,1,10067,202,22
35.779485,-101.032126,2026-09-25 04:47:28.940215808,1,14901,211,23
39.561273,12.459437,2026-09-25 04:47:29.241840128,1,8311,204,74
39.57533,12.449603,2026-09-25 04:47:29.241855744,1,8442,213,61
39.728006,12.492184,2026-09-25 04:47:29.241903104,1,12754,207,45
39.574979,12.527144,2026-09-25 04:47:29.241893376,1,4978,249,32
40.21852,12.884541,2026-09-25 04:47:38.80848896,1,4652,145,50
40.249949,12.894662,2026-09-25 04:47:38.80893696,1,13442,216,77
40.333841,12.956636,2026-09-25 04:47:38.80929792,1,5617,214,64
40.368977,12.932122,2026-09-25 04:47:38.80941056,1,8333,235,51
36.090882,-100.351506,2026-09-25 04:47:52.783243776,1,11126,230,20
31.833769,-105.953117,2026-09-25 04:47:52.846277632,1,13247,232,27
31.831388,-105.954953,2026-09-25 04:47:52.896072192,1,10961,232,21
33.28221,-104.243291,2026-09-25 04:47:52.908945152,1,13515,222,21
31.787791,-105.969294,2026-09-25 04:47:52.976753152,1,4901,212,31
-33.907725,150.389923,2026-09-25 04:45:12.586731520,2,11978,128,18
7.973475,122.711734,2026-09-25 04:45:17.195718144,2,8341,228,24
13.881475,124.078203,2026-09-25 04:45:32.577495808,2,11873,184,31
13.896171,124.237579,2026-09-25 04:45:32.577521920,2,8883,172,18
-33.855796,150.378885,2026-09-25 04:45:40.483576064,2,10701,108,27
-31.734498,150.038235,2026-09-25 04:45:43.674227968,2,6215,258,26
-32.772727,151.037834,2026-09-25 04:45:43.954425088,2,10626,161,19
7.757834,143.103711,2026-09-25 04:46:05.66523904,2,10687,169,19
-33.904485,150.426614,2026-09-25 04:46:41.933195776,2,14546,110,25
-32.961665,150.092828,2026-09-25 04:46:46.130489088,2,9738,123,18
21.729156,129.257253,2026-09-25 04:46:47.812299008,2,12385,182,36
-29.246353,122.642157,2026-09-25 04:46:49.117863424,2,9169,214,18
-33.896598,150.352814,2026-09-25 04:47:00.498485760,2,12728,111,24
-33.860861,150.444895,2026-09-25 04:47:25.941645312,2,14606,107,25
-2.706796,139.164627,2026-09-25 04:47:28.36800256,2,9694,168,24
-29.271081,122.72419,2026-09-25 04:47:28.300241152,2,11030,213,18
-31.512344,128.598743,2026-09-25 04:47:42.831156480,2,11095,152,25
18.652073,117.270558,2026-09-25 04:47:46.905959424,2,11356,252,25
31.547767,-105.974194,2026-09-25 04:45:03.462853120,3,8507,194,37
31.591799,-105.977996,2026-09-25 04:45:03.462858752,3,4356,225,23
30.838112,-106.653844,2026-09-25 04:45:12.63195648,3,5387,266,27
28.701072,-43.024786,2026-09-25 04:45:20.685332992,3,4536,264,48
35.714321,-101.041069,2026-09-25 04:45:21.14995712,3,12454,116,111
35.74289,-101.040235,2026-09-25 04:45:21.15005184,3,13827,159,93
35.753377,-101.043845,2026-09-25 04:45:21.15015168,3,7306,177,79
35.634326,-101.170309,2026-09-25 04:45:21.38711552,3,14288,151,35
35.77092,-101.042021,2026-09-25 04:45:21.38769408,3,4554,182,20
27.406736,-74.668963,2026-09-25 04:45:28.276654848,3,8178,254,44
27.280083,-74.625823,2026-09-25 04:45:28.276616704,3,14583,267,19
35.782917,-101.052212,2026-09-25 04:45:28.451842048,3,11587,104,41
35.776834,-101.045339,2026-09-25 04:45:28.451847168,3,3188,263,27
35.745687,-101.132297,2026-09-25 04:45:28.505514752,3,12472,122,31
35.736773,-101.063623,2026-09-25 04:45:28.505535488,3,11790,157,17
31.365632,-106.150084,2026-09-25 04:45:28.573012736,3,6619,218,28
30.513166,-106.557096,2026-09-25 04:45:29.60709632,3,8092,206,26
30.463196,-106.56142,2026-09-25 04:45:29.120321536,3,10151,207,41
30.672509,-106.345001,2026-09-25 04:45:29.120419328,3,10796,253,31
30.411637,-106.696875,2026-09-25 04:45:29.203968512,3,6528,103,33
30.230173,-106.617538,2026-09-25 04:45:29.270377472,3,14051,209,73
30.507954,-106.552043,2026-09-25 04:45:29.270479616,3,7494,228,57
18.760371,-77.929944,2026-09-25 04:45:29.361160192,3,4251,268,69
35.884446,-100.739131,2026-09-25 04:45:36.434017792,3,7717,210,33
35.941056,-100.703312,2026-09-25 04:45:36.434034432,3,11950,181,17
32.153323,-77.647579,2026-09-25 04:45:36.999941120,3,8608,196,59
32.20307,-77.695072,2026-09-25 04:45:37.17920,3,5554,248,41
32.212156,-77.673157,2026-09-25 04:45:37.25344,3,8229,233,24
17.20141,-108.050784,2026-09-25 04:45:37.647829504,3,6786,267,42
17.212426,-108.050782,2026-09-25 04:45:37.719968256,3,8870,267,32
33.713739,-75.622059,2026-09-25 04:45:44.821791744,3,6645,256,29
33.688465,-75.603433,2026-09-25 04:45:44.821777152,3,9436,224,14
31.616724,-105.930825,2026-09-25 04:45:45.309676800,3,4139,235,34
31.624911,-105.933886,2026-09-25 04:45:45.309674240,3,6071,235,21
31.252056,-106.25113,2026-09-25 04:45:45.394631424,3,10565,250,47
31.599991,-105.936559,2026-09-25 04:45:45.394794240,3,9277,222,46
31.716506,-105.899526,2026-09-25 04:45:45.394833920,3,8767,260,24
31.537279,-106.032083,2026-09-25 04:45:45.430026752,3,6480,191,49
31.597394,-105.925571,2026-09-25 04:45:45.430063360,3,10311,240,29
31.58108,-105.939948,2026-09-25 04:45:45.511342592,3,6953,199,47
31.599151,-105.941579,2026-09-25 04:45:45.511344128,3,10921,225,33
31.67724,-105.949776,2026-09-25 04:45:45.785238784,3,13272,144,22
31.777158,-105.903483,2026-09-25 04:45:45.867625472,3,4840,234,27
31.752871,-105.902957,2026-09-25 04:45:46.237903360,3,12291,190,43
33.183114,-104.33473,2026-09-25 04:45:47.397655552,3,8341,206,35
33.197254,-104.28097,2026-09-25 04:45:47.397670400,3,6972,240,18
14.800457,-94.824582,2026-09-25 04:45:47.791956480,3,10265,268,18
30.867087,-106.848923,2026-09-25 04:45:55.561927680,3,9801,97,30
30.927116,-106.745059,2026-09-25 04:45:55.561966848,3,9942,229,16
31.009433,-106.694288,2026-09-25 04:45:55.591788032,3,6233,200,29
30.957526,-106.710788,2026-09-25 04:45:55.637855488,3,11369,201,58
30.970539,-106.721166,2026-09-25 04:45:55.637852928,3,5907,222,45
30.900952,-106.785114,2026-09-25 04:45:55.637828352,3,9012,254,27
30.874532,-106.719885,2026-09-25 04:45:55.684894976,3,12373,146,67
30.962021,-106.720744,2026-09-25 04:45:55.684911616,3,9127,219,54
30.982776,-106.725173,2026-09-25 04:45:55.684920064,3,10527,248,34
30.87114,-106.73212,2026-09-25 04:45:55.741061376,3,12655,149,71
30.936358,-106.725482,2026-09-25 04:45:55.741129984,3,7052,229,63
30.981219,-106.713723,2026-09-25 04:45:55.741140480,3,9848,241,48
30.956691,-106.716667,2026-09-25 04:45:55.812117248,3,7759,201,58
30.964755,-106.720478,2026-09-25 04:45:55.812119040,3,8034,227,45
31.928771,-106.089874,2026-09-25 04:45:56.700915712,3,14480,187,49
31.962433,-106.102361,2026-09-25 04:45:56.700918272,3,7898,232,34
19.931894,-91.506182,2026-09-25 04:45:57.73085184,3,7011,248,45
33.03461,-104.505441,2026-09-25 04:45:57.338643968,3,6868,218,51
33.282411,-104.305564,2026-09-25 04:45:57.338747136,3,4222,213,40
33.251652,-104.28596,2026-09-25 04:45:57.410417664,3,7111,190,53
26.229155,-75.100297,2026-09-25 04:46:04.867686912,3,5079,263,55
26.216404,-75.111394,2026-09-25 04:46:04.867683328,3,8124,266,31
32.834815,-106.86061,2026-09-25 04:46:05.611705344,3,14934,166,63
32.905208,-106.859826,2026-09-25 04:46:05.611720704,3,3360,228,51
32.906544,-106.866645,2026-09-25 04:46:05.675078912,3,6678,200,42
35.901696,-100.776874,2026-09-25 04:46:07.642586880,3,8997,169,40
33.09292,-104.430925,2026-09-25 04:46:15.403575808,3,10215,217,50
33.331843,-104.238862,2026-09-25 04:46:15.403678720,3,6018,209,41
33.355566,-104.206101,2026-09-25 04:46:15.403687680,3,10506,231,28
30.934885,-106.735096,2026-09-25 04:46:15.410405888,3,14758,246,26
14.730923,-94.767737,2026-09-25 04:46:15.457329408,3,11531,268,29
33.091974,-104.436133,2026-09-25 04:46:15.499653120,3,11363,217,37
33.259389,-104.336402,2026-09-25 04:46:15.499719424,3,2003,266,27
30.859407,-106.866916,2026-09-25 04:46:16.290564864,3,6758,146,33
35.369812,-107.950181,2026-09-25 04:46:16.633963776,3,14936,212,24
35.392895,-107.950482,2026-09-25 04:46:16.633969920,3,5104,264,26
31.599414,-106.036012,2026-09-25 04:46:16.651323136,3,4313,95,35
30.767561,-106.613851,2026-09-25 04:46:16.689301248,3,13092,97,50
30.876788,-106.464455,2026-09-25 04:46:16.689355264,3,2035,244,37
30.854758,-106.482508,2026-09-25 04:46:16.796599040,3,4117,230,29
30.897938,-106.451582,2026-09-25 04:46:16.805537280,3,5584,222,24
35.347245,-101.284764,2026-09-25 04:46:18.376088576,3,6733,155,67
35.415726,-101.267647,2026-09-25 04:46:18.376157952,3,7350,181,54
35.295993,-101.116219,2026-09-25 04:46:18.917044480,3,9629,105,55
35.413218,-101.275478,2026-09-25 04:46:18.917057536,3,3569,144,42
31.604883,-105.914561,2026-09-25 04:46:19.490614016,3,6529,190,31
31.679991,-105.905393,2026-09-25 04:46:19.490631424,3,5870,239,17
30.753941,-106.777843,2026-09-25 04:46:27.194746112,3,7583,97,31
30.845201,-106.651801,2026-09-25 04:46:27.194790912,3,6749,231,16
15.200972,-94.436223,2026-09-25 04:46:27.396969728,3,6882,269,33
14.736184,-94.752635,2026-09-25 04:46:27.576769280,3,6621,268,56
32.920786,-76.381444,2026-09-25 04:46:27.855970816,3,6738,195,80
32.972386,-76.390863,2026-09-25 04:46:27.855996416,3,5055,194,66
32.717406,-76.544587,2026-09-25 04:46:27.855948544,3,7087,237,50
36.141792,-100.23299,2026-09-25 04:46:28.48549888,3,13899,144,46
36.186249,-100.130691,2026-09-25 04:46:28.48588032,3,9943,216,31
33.22511,-104.283787,2026-09-25 04:46:28.143393024,3,4245,255,47
32.824677,-76.541663,2026-09-25 04:46:28.222286336,3,11911,213,40
33.332648,-104.170899,2026-09-25 04:46:35.383888128,3,6271,245,16
32.675619,-106.217058,2026-09-25 04:46:35.539061504,3,12763,74,90
32.777562,-106.203686,2026-09-25 04:46:35.539140864,3,7081,220,72
32.761114,-106.211635,2026-09-25 04:46:35.539137280,3,9722,228,57
32.64477,-106.298235,2026-09-25 04:46:35.539100416,3,8119,246,32
35.912784,-100.524118,2026-09-25 04:46:36.232519680,3,8441,221,22
35.858656,-100.519866,2026-09-25 04:46:36.247412224,3,13645,111,105
35.908817,-100.520898,2026-09-25 04:46:36.247428352,3,11510,189,86
35.953029,-100.460619,2026-09-25 04:46:36.247455488,3,14508,164,73
35.956486,-100.512474,2026-09-25 04:46:36.247502592,3,7083,205,59
35.91731,-100.522837,2026-09-25 04:46:36.247496960,3,3241,223,43
35.909091,-100.546139,2026-09-25 04:46:36.333499136,3,3220,222,23
31.524705,-106.091397,2026-09-25 04:46:36.355467264,3,11428,87,66
31.628172,-105.97979,2026-09-25 04:46:36.355511040,3,4213,216,53
31.617213,-105.970043,2026-09-25 04:46:36.355510784,3,6197,239,39
31.531965,-106.087053,2026-09-25 04:46:36.469885696,3,10347,142,44
31.623165,-105.977045,2026-09-25 04:46:36.469931008,3,7591,225,30
14.758132,-94.813352,2026-09-25 04:46:36.741422848,3,7789,268,43
33.803586,-101.977179,2026-09-25 04:46:36.776197632,3,12040,185,50
34.023635,-101.804023,2026-09-25 04:46:36.776275712,3,5555,208,38
34.156811,-101.765273,2026-09-25 04:46:36.776325376,3,10943,252,25
23.574028,-105.804012,2026-09-25 04:46:44.416174592,3,4369,267,48
23.633085,-105.807569,2026-09-25 04:46:44.416192256,3,4448,262,41
23.629161,-105.76437,2026-09-25 04:46:44.416201984,3,8973,250,27
35.834202,-101.317445,2026-09-25 04:46:45.241541376,3,12943,166,45
35.862542,-101.306237,2026-09-25 04:46:45.241557760,3,6675,218,30
18.733038,-92.464456,2026-09-25 04:46:45.527924992,3,5540,244,15
33.034679,-104.404932,2026-09-25 04:46:46.145310976,3,8440,217,57
33.27569,-104.217076,2026-09-25 04:46:46.197978112,3,5942,213,36
33.261516,-104.224013,2026-09-25 04:46:46.542505216,3,3289,243,31
32.327859,-77.602898,2026-09-25 04:46:46.794823424,3,10701,270,59
32.273057,-77.577238,2026-09-25 04:46:46.794860032,3,7004,188,50
32.294084,-77.568742,2026-09-25 04:46:46.794872576,3,13689,233,37
14.69021,-94.945483,2026-09-25 04:46:54.616827648,3,4407,269,72
14.686642,-94.955427,2026-09-25 04:46:54.913858816,3,8489,269,72
35.887492,-100.716015,2026-09-25 04:47:01.961185280,3,12300,101,116
35.919693,-100.75111,2026-09-25 04:47:01.961187584,3,9989,142,98
35.938719,-100.619548,2026-09-25 04:47:01.961225216,3,12392,177,83
35.962675,-100.709313,2026-09-25 04:47:01.961262336,3,7000,200,70
35.856508,-100.786438,2026-09-25 04:47:01.961235456,3,5594,217,56
35.957142,-100.716889,2026-09-25 04:47:01.961269760,3,3211,235,41
35.915313,-100.737899,2026-09-25 04:47:01.990750464,3,9218,135,30
17.182916,-88.282574,2026-09-25 04:47:03.293125376,3,5370,258,20
32.75637,-105.964389,2026-09-25 04:47:04.107855360,3,6139,158,29
32.7453,-105.852493,2026-09-25 04:47:04.107885056,3,13443,189,103
31.812732,-106.02064,2026-09-25 04:47:11.122618368,3,5590,260,26
14.754829,-94.807036,2026-09-25 04:47:11.713010688,3,6588,268,34
32.026217,-106.244034,2026-09-25 04:47:13.335114240,3,11404,81,106
32.022723,-106.188376,2026-09-25 04:47:13.335122176,3,13880,143,100
32.168638,-106.207366,2026-09-25 04:47:13.335161088,3,11424,221,91
32.21356,-106.198203,2026-09-25 04:47:13.335178240,3,3965,243,79
31.041238,-78.471569,2026-09-25 04:47:13.463683584,3,6106,190,31
31.101936,-78.496339,2026-09-25 04:47:13.463723008,3,8748,200,84
31.088465,-78.491479,2026-09-25 04:47:13.463770880,3,7208,244,61
31.527098,-106.106913,2026-09-25 04:47:28.546813440,3,10022,87,27
36.085218,-100.288279,2026-09-25 04:47:28.601769216,3,14699,137,59
36.16869,-100.223769,2026-09-25 04:47:28.601804288,3,5985,166,53
36.173646,-100.211787,2026-09-25 04:47:28.638292992,3,5873,204,28
31.757569,-105.941241,2026-09-25 04:47:35.778213888,3,10452,215,27
31.709739,-105.961541,2026-09-25 04:47:35.837116672,3,9767,214,35
31.748756,-105.949049,2026-09-25 04:47:35.837137408,3,5496,239,19
31.77452,-106.008811,2026-09-25 04:47:35.881445888,3,12189,136,67
31.805533,-106.092392,2026-09-25 04:47:35.881489408,3,3788,215,54
31.877814,-105.993046,2026-09-25 04:47:35.881532672,3,5165,238,38
31.615879,-106.09156,2026-09-25 04:47:36.7335936,3,9400,139,42
31.739213,-105.948759,2026-09-25 04:47:36.7396608,3,7900,244,27
31.794279,-106.12007,2026-09-25 04:47:36.38223360,3,9252,178,41
31.876795,-106.024563,2026-09-25 04:47:36.38264064,3,5410,223,28
32.270928,-104.371054,2026-09-25 04:47:36.114440192,3,8313,120,86
32.24015,-104.514621,2026-09-25 04:47:36.114460672,3,6861,252,69
32.283239,-104.381179,2026-09-25 04:47:36.167781632,3,11506,109,86
32.254618,-104.510113,2026-09-25 04:47:36.167791104,3,6615,253,70
31.847074,-106.018843,2026-09-25 04:47:36.179922944,3,6810,213,28
31.611124,-105.909759,2026-09-25 04:47:43.480606464,3,11756,190,17
14.821887,-94.819569,2026-09-25 04:47:44.494203648,3,4351,270,55
32.656038,-106.748406,2026-09-25 04:47:45.209034752,3,6066,179,20
32.686611,-106.773232,2026-09-25 04:47:45.322251008,3,9653,179,18
20.115212,-91.571722,2026-09-25 04:47:45.659134208,3,5494,245,81
36.154646,-100.158484,2026-09-25 04:47:52.701308160,3,12629,106,124
36.193355,-100.171668,2026-09-25 04:47:52.701318656,3,8268,155,106
36.197836,-100.155888,2026-09-25 04:47:52.701328128,3,6727,173,90
36.246437,-100.159512,2026-09-25 04:47:52.701400320,3,11572,205,74
36.257046,-100.14968,2026-09-25 04:47:52.701393408,3,9540,209,58
36.160698,-100.173294,2026-09-25 04:47:52.737690368,3,14518,123,40
36.11166,-100.424755,2026-09-25 04:47:52.783228928,3,8701,238,43
36.201198,-100.178265,2026-09-25 04:47:52.783303936,3,3185,259,30
36.17777,-100.185565,2026-09-25 04:47:52.812401664,3,6269,213,38
31.474177,-106.285074,2026-09-25 04:47:52.846110208,3,10485,247,70
31.844899,-105.969884,2026-09-25 04:47:52.846276096,3,6479,233,59
33.203059,-75.907478,2026-09-25 04:48:00.354084096,3,7608,197,53
33.28083,-75.947216,2026-09-25 04:48:00.354168832,3,6076,240,34
40.565353,16.233898,2026-09-25 04:45:04.832451072,4,6189,208,32
40.25598,12.855626,2026-09-25 04:45:11.258834432,4,7652,223,17
40.343603,12.858687,2026-09-25 04:45:11.325159424,4,7666,224,28
40.301505,15.345767,2026-09-25 04:45:14.873485568,4,13496,176,30
40.423136,15.19924,2026-09-25 04:45:15.282853888,4,6707,220,33
40.183499,15.471322,2026-09-25 04:45:15.899721728,4,14048,213,35
44.918729,48.141158,2026-09-25 04:45:31.933650432,4,11950,266,17
44.966723,47.096921,2026-09-25 04:45:32.26856704,4,12198,209,24
40.394433,12.733409,2026-09-25 04:45:34.515525888,4,11665,190,40
40.314285,13.774978,2026-09-25 04:45:46.567336192,4,11010,189,33
42.164087,18.3033,2026-09-25 04:45:48.661979648,4,4597,178,47
42.146531,18.308262,2026-09-25 04:45:48.661974272,4,9598,174,34
40.405658,12.611392,2026-09-25 04:45:49.57304832,4,4926,182,34
42.270932,18.442782,2026-09-25 04:45:49.267036160,4,6752,144,39
42.450963,18.413973,2026-09-25 04:45:49.267099648,4,14348,261,22
39.406136,12.489001,2026-09-25 04:45:53.229808640,4,11661,191,25
39.417691,12.526973,2026-09-25 04:45:53.331160320,4,8820,185,27
40.508711,15.34658,2026-09-25 04:45:59.109541632,4,7368,218,29
39.716986,12.418066,2026-09-25 04:46:12.966946816,4,6256,192,36
39.703867,12.434081,2026-09-25 04:46:13.173193472,4,14251,180,23
39.654057,12.456427,2026-09-25 04:46:13.344037888,4,7193,225,34
39.636068,12.446107,2026-09-25 04:46:13.399632128,4,9127,244,30
39.626279,12.452244,2026-09-25 04:46:13.473353984,4,7013,234,34
40.250308,12.970386,2026-09-25 04:46:17.764819456,4,7158,222,33
40.268378,12.969087,2026-09-25 04:46:17.794294528,4,6051,222,33
40.589037,12.642657,2026-09-25 04:46:19.8086528,4,9448,269,38
40.157395,12.531719,2026-09-25 04:46:19.7931648,4,6237,226,27
39.986207,13.883722,2026-09-25 04:46:21.841253888,4,4891,219,34
39.422324,12.463498,2026-09-25 04:46:25.940869632,4,6632,206,33
40.518333,14.497016,2026-09-25 04:46:34.33380096,4,13761,205,29
21.728471,129.257318,2026-09-25 04:46:47.812299264,4,12382,182,24
39.569056,12.471769,2026-09-25 04:46:49.237602304,4,10394,235,29
39.574624,12.465763,2026-09-25 04:46:49.296668928,4,8819,235,36
39.659248,12.487863,2026-09-25 04:46:49.573629696,4,8403,239,26
40.331261,12.912457,2026-09-25 04:47:06.836262656,4,12154,223,27
39.366549,12.504057,2026-09-25 04:47:07.740938240,4,8565,186,23
40.425713,15.00799,2026-09-25 04:47:18.23043584,4,14709,193,32
40.300737,13.075366,2026-09-25 04:47:21.702456320,4,12280,171,21
40.28873,13.100339,2026-09-25 04:47:21.749849856,4,13967,171,24
40.276386,13.0145,2026-09-25 04:47:21.818588160,4,6592,196,52
40.266765,13.011455,2026-09-25 04:47:21.911959552,4,10201,191,33
40.25326,13.01027,2026-09-25 04:47:22.58962944,4,4841,222,33
40.263822,12.996113,2026-09-25 04:47:22.248509952,4,4332,227,41
40.262363,13.035971,2026-09-25 04:47:22.248512768,4,13603,186,28
40.380811,15.278103,2026-09-25 04:47:51.605176064,4,5106,204,37
42.215606,18.420207,2026-09-25 04:48:02.512444672,4,10657,153,34
42.427098,18.653098,2026-09-25 04:48:03.2017792,4,9129,152,24
42.74042,18.659067,2026-09-25 04:48:03.277518336,4,7892,124,37
42.713332,19.188251,2026-09-25 04:48:03.442188544,4,4494,143,39
42.871302,19.196733,2026-09-25 04:48:03.442247680,4,6587,263,26
29.071754,-42.167126,2026-09-25 04:45:00.438094336,7,4511,235,41
25.930257,-75.14423,2026-09-25 04:45:01.348678144,7,10119,259,12
25.772434,-75.093224,2026-09-25 04:45:01.356115712,7,8924,261,15
18.973017,-77.961332,2026-09-25 04:45:13.349645056,7,2967,267,11
18.788402,-77.957388,2026-09-25 04:45:44.316104960,7,1278,268,21
14.713853,-94.961978,2026-09-25 04:46:00.766211328,7,8075,265,18
9.690935,-71.967271,2026-09-25 04:46:33.887244800,7,8207,232,16
23.585731,-105.804297,2026-09-25 04:46:44.416184832,7,12672,257,13
14.757034,-94.8022,2026-09-25 04:46:56.970310400,7,6508,268,14
18.981924,-77.979363,2026-09-25 04:46:57.110591744,7,5890,190,33
19.002956,-77.957869,2026-09-25 04:46:57.110600960,7,5773,186,20
18.939842,-77.974564,2026-09-25 04:46:57.187567104,7,2886,243,16
25.885549,-75.088485,2026-09-25 04:47:05.329221888,7,8729,260,15
19.381163,-72.960741,2026-09-25 04:47:05.988628736,7,8323,154,26
14.80451,-94.888754,2026-09-25 04:47:15.372532224,7,10060,268,10
17.556963,-93.310186,2026-09-25 04:47:15.660077824,7,8939,256,15
18.752047,-77.968614,2026-09-25 04:47:16.116659200,7,3853,268,26
18.779228,-77.962561,2026-09-25 04:47:16.176596736,7,3213,268,16
14.996438,-94.585132,2026-09-25 04:47:16.684486656,7,3649,267,20
15.021411,-94.586996,2026-09-25 04:47:16.760900608,7,2905,269,19
19.391921,-73.096565,2026-09-25 04:47:17.671818752,7,6949,253,22
14.787146,-94.789897,2026-09-25 04:47:25.656808192,7,7317,268,13
15.27692,-94.445752,2026-09-25 04:47:25.985568256,7,13776,266,12
29.90434,-41.388227,2026-09-25 04:47:38.322553600,7,11325,225,34
18.974783,-77.936238,2026-09-25 04:47:39.333666304,7,5538,243,25
14.773617,-94.817115,2026-09-25 04:47:46.635660544,7,4466,268,14
14.72664,-94.809008,2026-09-25 04:47:54.517639168,7,10425,268,24
14.679621,-12.857359,2026-09-25 04:45:51.338637312,5,5429,227,13
29.708119,-41.326912,2026-09-25 04:46:11.374891264,5,9489,202,25
29.865097,-41.380733,2026-09-25 04:47:38.322540032,5,6637,239,29
13.885649,124.078283,2026-09-25 04:45:32.577494528,9,9058,184,32
18.394939,105.974364,2026-09-25 04:46:35.778255104,9,4315,245,28
20.201997,116.863697,2026-09-25 04:46:52.254672384,9,8855,252,30
31.847871,-105.967096,2026-09-25 04:47:08.674788096,9,12315,233,10
32.959191,-106.826444,2026-09-25 04:47:09.587988480,9,12014,228,10
30.349814,-106.516692,2026-09-25 04:45:01.67580160,13,11483,208,48
26.160465,-75.117146,2026-09-25 04:45:01.356261376,13,14373,267,29
30.831413,-106.780321,2026-09-25 04:45:01.851918848,13,8149,96,31
30.923806,-106.657789,2026-09-25 04:45:01.905301760,13,12314,199,47
31.64122,-106.17925,2026-09-25 04:45:02.354349568,13,6902,238,25
31.469658,-106.002679,2026-09-25 04:45:02.370151424,13,14521,137,22
31.644521,-106.19436,2026-09-25 04:45:02.389023488,13,11341,152,26
31.540411,-105.961978,2026-09-25 04:45:03.462849536,13,6736,191,36
31.593643,-105.971895,2026-09-25 04:45:03.462863104,13,7644,225,23
30.379183,-106.478231,2026-09-25 04:45:04.229672192,13,12209,236,21
35.210811,-109.062028,2026-09-25 04:45:04.553142528,13,9760,173,34
35.281256,-109.058407,2026-09-25 04:45:04.553151488,13,6010,226,30
31.61364,-105.930478,2026-09-25 04:45:05.337587968,13,14650,181,50
31.673608,-105.921011,2026-09-25 04:45:05.337663488,13,8679,225,48
32.83387,-106.915088,2026-09-25 04:45:05.727904256,13,12939,78,46
32.999639,-106.735067,2026-09-25 04:45:05.727980800,13,4809,238,30
32.967126,-106.805376,2026-09-25 04:45:05.974693376,13,5987,253,23
32.851357,-106.830679,2026-09-25 04:45:06.116400384,13,12635,117,70
32.911243,-106.815666,2026-09-25 04:45:06.116470016,13,9909,188,57
35.308936,-107.808448,2026-09-25 04:45:06.219694080,13,7591,144,21
35.711088,-100.428303,2026-09-25 04:45:07.538802176,13,7586,144,49
35.859828,-100.491056,2026-09-25 04:45:07.538836480,13,9262,181,36
30.815622,-106.850454,2026-09-25 04:45:08.943321600,13,6560,96,32
30.906329,-106.853968,2026-09-25 04:45:09.2762496,13,7195,95,40
31.000052,-106.72423,2026-09-25 04:45:09.2823424,13,4638,266,27
30.918355,-106.732317,2026-09-25 04:45:09.34365440,13,9642,209,23
31.729598,-106.066649,2026-09-25 04:45:09.75274752,13,11581,198,26
30.935281,-106.719064,2026-09-25 04:45:09.298814720,13,6917,224,46
28.047899,-105.300429,2026-09-25 04:45:10.239430912,13,14034,162,21
31.620757,-106.040419,2026-09-25 04:45:10.731618560,13,13579,158,19
30.838142,-106.653817,2026-09-25 04:45:12.63195648,13,5387,265,26
18.984718,-77.963011,2026-09-25 04:45:13.349648128,13,2987,267,28
31.752435,-105.917388,2026-09-25 04:45:13.671218944,13,13209,209,48
31.76615,-105.945996,2026-09-25 04:45:13.671213568,13,8724,233,55
31.674669,-105.963136,2026-09-25 04:45:13.865457152,13,12053,126,71
31.758463,-105.948803,2026-09-25 04:45:13.865531136,13,8651,215,58
31.768714,-105.953785,2026-09-25 04:45:14.293852160,13,10250,188,36
31.762732,-105.954645,2026-09-25 04:45:14.293847552,13,7491,221,23
31.268452,-106.260079,2026-09-25 04:45:14.692579072,13,12402,104,26
31.668407,-106.081572,2026-09-25 04:45:14.812694272,13,8191,152,24
30.340947,-106.521397,2026-09-25 04:45:16.490070016,13,11130,206,23
31.654328,-105.949729,2026-09-25 04:45:16.821536512,13,13459,198,46
31.634062,-106.043256,2026-09-25 04:45:16.821497600,13,14100,202,33
33.698906,-75.590133,2026-09-25 04:45:16.863780864,13,5481,183,36
18.762897,-77.967246,2026-09-25 04:45:17.205281536,13,6879,268,48
30.644774,-106.55087,2026-09-25 04:45:18.362686976,13,6073,227,24
30.539475,-106.718814,2026-09-25 04:45:18.435682048,13,9341,242,20
30.606155,-106.570337,2026-09-25 04:45:18.539770880,13,13551,205,28
31.852041,-106.004583,2026-09-25 04:45:18.689714944,13,7498,230,35
35.648329,-100.924837,2026-09-25 04:45:19.385255680,13,12199,148,46
35.781893,-100.808202,2026-09-25 04:45:19.385309440,13,4818,182,33
33.245748,-104.314744,2026-09-25 04:45:19.488002560,13,9618,166,48
33.279112,-104.32786,2026-09-25 04:45:19.488007168,13,10041,199,35
35.714325,-101.041064,2026-09-25 04:45:21.14995712,13,12454,116,110
35.750538,-101.038907,2026-09-25 04:45:21.15008256,13,11128,159,89
30.789659,-106.524862,2026-09-25 04:45:21.483564800,13,10126,202,29
30.765069,-106.503348,2026-09-25 04:45:21.895280640,13,7791,201,40
30.812151,-106.51467,2026-09-25 04:45:21.895290624,13,5680,228,27
31.782382,-106.026712,2026-09-25 04:45:21.979213312,13,5736,212,26
31.843033,-106.002679,2026-09-25 04:45:22.156787712,13,6200,191,29
31.849715,-106.024799,2026-09-25 04:45:22.156789248,13,10471,222,18
31.720955,-105.498371,2026-09-25 04:45:22.948737792,13,6997,147,35
31.717408,-106.111345,2026-09-25 04:45:23.260442368,13,9466,179,50
31.813711,-105.992948,2026-09-25 04:45:23.260491008,13,5924,234,45
31.743409,-105.979834,2026-09-25 04:45:23.322192384,13,14895,245,18
31.684796,-106.178522,2026-09-25 04:45:23.436145920,13,6788,238,19
36.149673,-100.146198,2026-09-25 04:45:23.889941760,13,7280,134,112
36.184827,-100.145232,2026-09-25 04:45:23.889956608,13,11933,156,97
36.155335,-100.187382,2026-09-25 04:45:23.889945344,13,11825,152,83
14.714221,-94.860317,2026-09-25 04:45:25.217660416,13,13394,268,33
29.161476,-41.380853,2026-09-25 04:45:25.610440192,13,4744,265,55
33.272297,-104.232617,2026-09-25 04:45:26.819884544,13,10116,165,38
33.320489,-104.243964,2026-09-25 04:45:26.819890176,13,4488,213,21
33.296368,-104.245071,2026-09-25 04:45:26.856357888,13,8221,199,24
33.237355,-104.239578,2026-09-25 04:45:26.912486144,13,11992,118,52
20.076559,-91.575652,2026-09-25 04:45:27.207366656,13,10883,243,37
33.276065,-104.186428,2026-09-25 04:45:27.688986112,13,8510,163,23
27.375558,-74.662639,2026-09-25 04:45:28.276650496,13,4100,254,43
27.309321,-74.640669,2026-09-25 04:45:28.276622848,13,6622,263,31
31.325855,-106.155087,2026-09-25 04:45:28.573000448,13,8528,197,25
18.768522,-77.926847,2026-09-25 04:45:29.361162240,13,5648,268,75
30.429494,-106.55241,2026-09-25 04:45:29.376252160,13,13760,206,51
18.75528,-77.948777,2026-09-25 04:45:29.487393024,13,8143,244,60
18.75114,-77.938643,2026-09-25 04:45:29.553788416,13,4514,268,38
37.033036,-68.716918,2026-09-25 04:45:30.279633920,13,9873,129,35
33.846515,-103.895829,2026-09-25 04:45:30.327273984,13,9519,262,39
33.817092,-103.891736,2026-09-25 04:45:30.327273728,13,10678,263,39
33.725165,-103.718072,2026-09-25 04:45:30.520399616,13,14610,166,27
32.612804,-104.735363,2026-09-25 04:45:30.590023680,13,4306,208,26
32.848308,-106.8658,2026-09-25 04:45:30.828458752,13,13816,188,27
32.626429,-106.846837,2026-09-25 04:45:31.956554240,13,11442,206,26
32.727682,-105.951945,2026-09-25 04:45:35.238619136,13,6819,158,90
32.702766,-105.961243,2026-09-25 04:45:35.238624512,13,13015,177,84
32.720886,-106.085696,2026-09-25 04:45:35.282093056,13,11223,159,40
33.338645,-103.233766,2026-09-25 04:45:35.690410752,13,12509,94,52
31.723752,-105.9774,2026-09-25 04:45:35.699288576,13,6837,179,50
31.591807,-105.934604,2026-09-25 04:45:35.857495040,13,9335,198,48
31.783195,-105.995157,2026-09-25 04:45:36.98160384,13,9212,188,32
35.858046,-100.722673,2026-09-25 04:45:36.345854720,13,12134,114,69
35.873746,-100.756741,2026-09-25 04:45:36.345856000,13,10674,140,86
35.887263,-100.699481,2026-09-25 04:45:36.368798208,13,11290,86,59
32.153175,-77.657887,2026-09-25 04:45:36.999942144,13,5868,196,59
32.197403,-77.69686,2026-09-25 04:45:37.15616,13,5575,248,41
31.607802,-106.058071,2026-09-25 04:45:38.32808960,13,6275,183,18
31.721148,-105.930928,2026-09-25 04:45:38.639412992,13,4760,234,37
32.682752,-106.251476,2026-09-25 04:45:39.317233920,13,10301,158,84
32.827499,-106.221057,2026-09-25 04:45:39.317329920,13,4166,266,69
32.683722,-106.234321,2026-09-25 04:45:39.354347776,13,10462,158,35
32.530859,-106.304837,2026-09-25 04:45:39.412872960,13,11626,194,42
32.95061,-76.368545,2026-09-25 04:45:39.736583936,13,9423,195,77
32.764172,-76.528799,2026-09-25 04:45:39.736572416,13,6286,222,58
33.004144,-76.416628,2026-09-25 04:45:39.736661504,13,4874,240,28
32.130858,-106.22114,2026-09-25 04:45:39.863439104,13,10638,195,39
32.152607,-106.196466,2026-09-25 04:45:39.965031168,13,4832,217,27
32.201305,-77.733391,2026-09-25 04:45:41.432158464,13,7999,232,23
30.851406,-106.643067,2026-09-25 04:45:42.320096512,13,11355,220,31
30.865626,-106.625017,2026-09-25 04:45:42.410203904,13,6724,223,31
32.861999,-106.788903,2026-09-25 04:45:42.736979712,13,14287,155,94
31.321878,-106.064177,2026-09-25 04:45:43.671680512,13,6039,219,25
33.624498,-75.601022,2026-09-25 04:45:44.270539776,13,5192,190,86
33.671344,-75.589815,2026-09-25 04:45:44.270554880,13,4856,189,70
33.656503,-75.604,2026-09-25 04:45:44.270552576,13,8048,213,52
33.635469,-75.57059,2026-09-25 04:45:44.292090112,13,8691,185,28
33.668339,-75.613785,2026-09-25 04:45:44.646619136,13,8769,208,36
18.776301,-77.963369,2026-09-25 04:45:44.652152832,13,7261,268,63
33.713716,-75.622075,2026-09-25 04:45:44.821791744,13,6644,259,28
33.688426,-75.603437,2026-09-25 04:45:44.821777152,13,9429,224,14
31.616714,-105.930829,2026-09-25 04:45:45.309676800,13,4141,235,34
31.576185,-105.946948,2026-09-25 04:45:45.394788608,13,5646,249,30
31.537279,-106.032083,2026-09-25 04:45:45.430026752,13,6479,191,36
31.686013,-105.953435,2026-09-25 04:45:45.785243136,13,12793,200,21
31.777167,-105.903474,2026-09-25 04:45:45.867625472,13,4840,234,27
31.768378,-105.895803,2026-09-25 04:45:46.237904896,13,7410,209,33
33.178953,-104.341312,2026-09-25 04:45:47.397654016,13,5211,206,34
15.128542,-94.550862,2026-09-25 04:45:47.746091008,13,6171,267,25
30.296783,-106.639466,2026-09-25 04:45:49.470841600,13,7419,153,21
31.615529,-105.954722,2026-09-25 04:45:49.988495616,13,14924,154,55
31.699906,-105.949354,2026-09-25 04:45:49.988512768,13,2646,234,42
35.124436,-101.211383,2026-09-25 04:45:51.7972608,13,5277,187,22
35.059526,-101.252217,2026-09-25 04:45:51.163438592,13,7429,219,33
31.754583,-105.985454,2026-09-25 04:45:51.856001536,13,7966,235,42
36.176335,-100.093228,2026-09-25 04:45:51.910578176,13,9980,105,52
36.227468,-100.098517,2026-09-25 04:45:51.910646272,13,8901,160,60
31.805382,-105.983996,2026-09-25 04:45:52.41413120,13,7229,235,29
31.827412,-106.022489,2026-09-25 04:45:53.70882560,13,9901,190,53
31.848299,-106.025305,2026-09-25 04:45:53.70887424,13,8241,232,39
31.489589,-106.343284,2026-09-25 04:45:53.286912000,13,9575,247,46
31.847794,-106.016152,2026-09-25 04:45:53.287071232,13,6273,223,57
30.887078,-106.719206,2026-09-25 04:45:55.479871744,13,7620,199,81
30.958994,-106.697131,2026-09-25 04:45:55.479960064,13,14275,230,66
30.957349,-106.711416,2026-09-25 04:45:55.637855488,13,11371,201,56
31.001854,-106.714754,2026-09-25 04:45:55.637868544,13,2844,254,34
30.871138,-106.732118,2026-09-25 04:45:55.741061376,13,12654,149,66
31.919454,-106.106216,2026-09-25 04:45:56.700911104,13,7027,189,48
31.978907,-106.102534,2026-09-25 04:45:56.700923648,13,5981,233,35
33.040886,-104.498522,2026-09-25 04:45:57.338644992,13,8816,218,51
33.273636,-104.285379,2026-09-25 04:45:57.410419456,13,10799,165,42
32.884416,-106.928636,2026-09-25 04:45:57.656976128,13,3273,258,24
33.224955,-104.361993,2026-09-25 04:45:58.147973120,13,14827,96,56
33.242281,-104.269698,2026-09-25 04:45:58.148004352,13,4515,269,43
27.960866,-105.287563,2026-09-25 04:45:58.295911168,13,14835,255,23
37.060124,-68.71798,2026-09-25 04:45:58.696569856,13,5457,246,36
37.057039,-68.725521,2026-09-25 04:45:58.696632832,13,6119,262,26
32.673858,-104.829006,2026-09-25 04:45:59.330451968,13,10544,266,43
32.725894,-106.73022,2026-09-25 04:45:59.845948160,13,13893,243,19
32.725429,-106.675855,2026-09-25 04:45:59.898424064,13,10330,142,30
32.803004,-106.665493,2026-09-25 04:45:59.994910976,13,8691,179,27
32.690351,-106.806142,2026-09-25 04:46:00.43665664,13,12083,161,24
30.457672,-106.44579,2026-09-25 04:46:00.231674368,13,4483,246,30
31.853208,-105.997603,2026-09-25 04:46:02.2771200,13,6426,207,33
35.231397,-109.350358,2026-09-25 04:46:02.26165504,13,8213,136,33
18.972998,-77.973933,2026-09-25 04:46:03.902535936,13,5147,267,57
26.229155,-75.100297,2026-09-25 04:46:04.867686912,13,5078,263,49
32.83501,-106.860671,2026-09-25 04:46:05.611705344,13,14930,166,62
32.906465,-106.859473,2026-09-25 04:46:05.611722240,13,5980,225,47
32.80771,-106.838677,2026-09-25 04:46:05.675056896,13,10486,142,25
35.900822,-100.775764,2026-09-25 04:46:07.642591744,13,8305,169,42
31.718449,-106.022874,2026-09-25 04:46:09.424754176,13,10459,85,89
31.825322,-105.993092,2026-09-25 04:46:09.424822528,13,9368,216,78
31.824344,-106.013061,2026-09-25 04:46:09.654603264,13,10074,188,31
33.123675,-76.054215,2026-09-25 04:46:10.726663424,13,12546,176,29
33.218049,-75.928952,2026-09-25 04:46:10.726696448,13,5067,179,16
32.804058,-107.10337,2026-09-25 04:46:11.55842048,13,8875,190,23
35.791961,-101.021312,2026-09-25 04:46:11.607710976,13,3485,142,40
35.733984,-101.052011,2026-09-25 04:46:11.652293120,13,13809,84,63
35.632698,-100.903706,2026-09-25 04:46:11.861686016,13,10168,82,48
35.726731,-101.093674,2026-09-25 04:46:11.861684992,13,3905,209,50
32.944352,-76.286985,2026-09-25 04:46:12.102627584,13,10063,260,53
33.61075,-75.578018,2026-09-25 04:46:12.369135872,13,6264,188,62
33.633932,-75.589811,2026-09-25 04:46:12.369143808,13,6570,191,72
33.673311,-75.598729,2026-09-25 04:46:12.404220416,13,9135,231,31
32.238577,-105.311556,2026-09-25 04:46:14.8995328,13,14116,199,51
18.733265,-78.019815,2026-09-25 04:46:14.972027136,13,1831,268,58
33.320242,-104.240375,2026-09-25 04:46:15.499756032,13,4799,224,20
16.042359,-93.323368,2026-09-25 04:46:15.644783616,13,5051,263,39
30.906429,-106.746525,2026-09-25 04:46:16.290599424,13,7076,208,22
35.326567,-108.03229,2026-09-25 04:46:16.633937408,13,14541,102,41
31.600126,-106.007189,2026-09-25 04:46:16.651335680,13,6433,127,24
30.775689,-106.597245,2026-09-25 04:46:16.689305600,13,10552,97,44
35.360283,-101.279658,2026-09-25 04:46:18.376090368,13,8260,155,64
35.393797,-101.309256,2026-09-25 04:46:18.376148480,13,3069,144,53
35.479061,-101.219246,2026-09-25 04:46:18.917082112,13,12036,197,45
35.421337,-101.262302,2026-09-25 04:46:18.917062144,13,3152,265,38
31.603978,-105.917099,2026-09-25 04:46:19.490613504,13,11882,190,32
36.98067,-68.535409,2026-09-25 04:46:21.278323200,13,7211,267,31
30.225169,-71.644403,2026-09-25 04:46:21.623688192,13,5995,241,51
36.947764,-68.61892,2026-09-25 04:46:21.626734080,13,5689,268,65
37.075364,-68.847029,2026-09-25 04:46:21.626817536,13,13562,250,59
36.973001,-68.673519,2026-09-25 04:46:21.736546048,13,7482,135,35
32.796695,-106.614528,2026-09-25 04:46:22.30222336,13,6336,234,33
32.756895,-106.656442,2026-09-25 04:46:22.863717632,13,13937,207,18
31.805949,-105.973341,2026-09-25 04:46:24.780166912,13,8947,197,42
33.326164,-75.72167,2026-09-25 04:46:25.94562816,13,3509,270,74
33.287183,-75.700479,2026-09-25 04:46:25.94551296,13,6873,189,66
30.104218,-106.727044,2026-09-25 04:46:25.281912832,13,10899,251,63
30.479959,-106.486238,2026-09-25 04:46:25.282065920,13,10586,233,49
32.722887,-105.981511,2026-09-25 04:46:25.684578304,13,6213,164,134
32.718561,-105.988476,2026-09-25 04:46:25.684579072,13,10334,167,122
32.768981,-105.982144,2026-09-25 04:46:25.684602368,13,11948,205,110
32.90438,-106.759146,2026-09-25 04:46:25.891799552,13,13840,177,48
32.969545,-106.758401,2026-09-25 04:46:26.348432128,13,7345,193,43
31.709148,-105.967939,2026-09-25 04:46:26.778606080,13,9027,198,28
30.762554,-106.792587,2026-09-25 04:46:27.194741248,13,6576,145,32
32.968133,-76.395127,2026-09-25 04:46:27.855987712,13,7044,193,48
32.837037,-76.409296,2026-09-25 04:46:27.856003840,13,14907,238,58
32.996701,-76.404578,2026-09-25 04:46:27.856058112,13,9257,237,21
36.129353,-100.236444,2026-09-25 04:46:28.48557312,13,6511,137,45
36.222775,-100.119892,2026-09-25 04:46:28.48597248,13,7954,146,32
33.231882,-104.276405,2026-09-25 04:46:28.143394048,13,4950,244,37
32.813508,-76.45825,2026-09-25 04:46:28.222290176,13,5009,260,30
33.789198,-75.476492,2026-09-25 04:46:28.485730560,13,7204,181,57
33.754662,-75.503538,2026-09-25 04:46:28.485729280,13,9858,157,66
33.73119,-75.497122,2026-09-25 04:46:28.485722880,13,11308,121,57
28.035076,-105.286487,2026-09-25 04:46:28.838793216,13,13122,215,28
32.109531,-77.761008,2026-09-25 04:46:29.298574080,13,11236,185,25
20.126511,-91.537708,2026-09-25 04:46:29.851573760,13,7908,242,56
33.789385,-111.089729,2026-09-25 04:46:30.99362816,13,8077,128,110
33.809141,-111.20419,2026-09-25 04:46:30.99395840,13,10959,157,54
32.385199,-77.746664,2026-09-25 04:46:32.626768640,13,6252,187,45
32.321193,-77.549157,2026-09-25 04:46:32.626768384,13,7134,244,21
30.779318,-106.520433,2026-09-25 04:46:34.468548096,13,12586,211,26
33.30546,-104.174542,2026-09-25 04:46:35.16173312,13,11803,175,40
33.270816,-104.192626,2026-09-25 04:46:35.77350656,13,11025,176,44
33.205351,-104.288349,2026-09-25 04:46:35.128323328,13,12652,145,43
33.273661,-104.213354,2026-09-25 04:46:35.334993152,13,10046,234,17
33.332605,-104.170957,2026-09-25 04:46:35.383888128,13,6271,245,17
32.678022,-106.217054,2026-09-25 04:46:35.539061504,13,12428,122,87
32.704694,-106.202988,2026-09-25 04:46:35.539118848,13,10077,190,75
35.849144,-100.492485,2026-09-25 04:46:36.247415808,13,8175,111,84
35.909188,-100.512586,2026-09-25 04:46:36.247430144,13,10726,187,87
31.529585,-106.092138,2026-09-25 04:46:36.469877248,13,7843,142,44
18.782616,-77.94919,2026-09-25 04:46:38.108729856,13,7057,268,51
18.333681,-108.023804,2026-09-25 04:46:39.430637312,13,4053,266,70
30.874197,-106.842014,2026-09-25 04:46:40.154528256,13,11191,96,60
30.961034,-106.716028,2026-09-25 04:46:40.154574592,13,10764,223,47
30.951134,-106.699579,2026-09-25 04:46:40.283634688,13,5853,262,45
33.638124,-75.604235,2026-09-25 04:46:40.405569280,13,7277,258,77
33.648661,-75.613859,2026-09-25 04:46:40.405576704,13,8257,183,59
36.174869,-100.145519,2026-09-25 04:46:41.115212288,13,12170,158,37
36.136788,-100.190323,2026-09-25 04:46:41.304580608,13,5642,255,31
35.641656,-100.926243,2026-09-25 04:46:42.758213120,13,11718,148,40
35.751909,-100.843957,2026-09-25 04:46:42.758261760,13,9711,249,30
35.752022,-100.91504,2026-09-25 04:46:43.195642880,13,12830,181,23
35.823494,-101.010256,2026-09-25 04:46:43.496433920,13,13051,181,16
23.62144,-105.790481,2026-09-25 04:46:44.416190464,13,6909,266,48
35.786635,-101.438914,2026-09-25 04:46:45.241513216,13,8581,211,45
35.845273,-101.321571,2026-09-25 04:46:45.241549312,13,5297,245,31
18.733052,-92.464452,2026-09-25 04:46:45.527924992,13,5541,244,19
33.034593,-104.404961,2026-09-25 04:46:46.145310976,13,8441,217,58
33.208491,-104.306807,2026-09-25 04:46:46.197934848,13,7791,125,39
33.20842,-104.309532,2026-09-25 04:46:46.542475008,13,6005,206,26
30.342754,-106.62484,2026-09-25 04:46:47.213461504,13,7574,242,33
33.822992,-103.9059,2026-09-25 04:46:48.810239744,13,4616,116,44
33.924294,-103.787249,2026-09-25 04:46:48.810291968,13,7417,225,29
30.369926,-106.543102,2026-09-25 04:46:49.475743232,13,6635,209,26
18.752022,-77.925293,2026-09-25 04:46:51.627796992,13,5326,268,71
31.353341,-106.174327,2026-09-25 04:46:52.622244864,13,7877,204,41
35.291009,-107.813778,2026-09-25 04:46:53.804311296,13,10564,123,31
31.768693,-106.104989,2026-09-25 04:46:55.551952896,13,14461,189,69
31.707098,-106.111388,2026-09-25 04:46:55.683544064,13,9140,85,45
31.811811,-105.956458,2026-09-25 04:46:55.847130624,13,11925,190,23
37.035763,-68.7219,2026-09-25 04:46:56.69805056,13,3001,170,49
37.077031,-68.715727,2026-09-25 04:46:56.69820672,13,7451,251,50
18.967611,-77.964424,2026-09-25 04:46:57.469408768,13,4842,267,30
22.117215,-58.708588,2026-09-25 04:46:59.118188032,13,7250,172,55
31.624003,-105.974149,2026-09-25 04:47:00.722092288,13,5979,250,34
35.886135,-100.720535,2026-09-25 04:47:01.673391360,13,12860,101,84
35.935065,-100.714138,2026-09-25 04:47:01.673466112,13,11828,177,67
35.885761,-100.714596,2026-09-25 04:47:01.798327552,13,9863,101,86
35.948741,-100.71745,2026-09-25 04:47:01.798408448,13,9523,182,45
35.882413,-100.707459,2026-09-25 04:47:01.961188096,13,6701,101,110
35.901688,-100.756274,2026-09-25 04:47:01.961187840,13,8035,142,100
32.778377,-105.936542,2026-09-25 04:47:04.107860224,13,4816,163,115
32.74531,-105.852468,2026-09-25 04:47:04.107887104,13,13443,189,104
32.84475,-105.94936,2026-09-25 04:47:04.153399808,13,5461,220,28
25.872408,-75.071106,2026-09-25 04:47:05.329220352,13,6627,263,37
32.242588,-77.52159,2026-09-25 04:47:05.539051264,13,6922,190,56
32.29014,-77.550174,2026-09-25 04:47:05.539126016,13,3071,244,39
32.316902,-77.540486,2026-09-25 04:47:05.539136000,13,9368,242,27
31.733361,-105.973655,2026-09-25 04:47:06.948498176,13,12163,192,18
31.472285,-106.252681,2026-09-25 04:47:07.7120640,13,8629,249,67
31.795094,-105.954547,2026-09-25 04:47:07.7279104,13,5941,234,54
31.711861,-105.972835,2026-09-25 04:47:07.168146176,13,12004,179,91
31.790396,-105.965733,2026-09-25 04:47:07.168225536,13,10361,225,76
18.72534,-77.916103,2026-09-25 04:47:07.469216000,13,13296,268,39
30.865716,-106.853688,2026-09-25 04:47:07.555920896,13,8581,96,29
35.770444,-108.455138,2026-09-25 04:47:08.299847936,13,14565,105,92
31.820845,-106.012138,2026-09-25 04:47:08.567251712,13,9754,187,33
31.810934,-106.080456,2026-09-25 04:47:08.754249984,13,5731,190,22
32.967064,-106.841429,2026-09-25 04:47:09.587994112,13,10610,226,33
32.947433,-106.85155,2026-09-25 04:47:09.587986688,13,5223,268,30
32.861647,-106.884153,2026-09-25 04:47:09.657631488,13,10941,171,25
31.851865,-105.989981,2026-09-25 04:47:11.122631936,13,8542,214,27
19.523016,-91.863461,2026-09-25 04:47:11.229737472,13,9450,236,16
31.999287,-106.280773,2026-09-25 04:47:13.335088384,13,10816,202,88
31.029147,-78.52257,2026-09-25 04:47:13.463693312,13,6422,183,89
31.339216,-106.108716,2026-09-25 04:47:14.220285440,13,7100,193,42
30.905155,-106.464192,2026-09-25 04:47:14.869452288,13,9159,199,53
30.923244,-106.459813,2026-09-25 04:47:14.869463296,13,9157,217,39
31.927683,-106.131722,2026-09-25 04:47:15.645571584,13,9866,233,21
17.585962,-93.30071,2026-09-25 04:47:15.660088064,13,9199,256,42
31.767649,-105.942465,2026-09-25 04:47:15.995643904,13,7509,191,23
18.781357,-77.968312,2026-09-25 04:47:16.116673792,13,4607,268,70
31.459919,-106.021182,2026-09-25 04:47:16.623009280,13,8805,192,41
31.397933,-106.190292,2026-09-25 04:47:16.622953728,13,4090,250,37
32.594176,-104.768521,2026-09-25 04:47:18.221837312,13,13606,134,110
30.45561,-106.467356,2026-09-25 04:47:18.684739840,13,11962,206,19
35.627201,-101.188181,2026-09-25 04:47:18.763684096,13,3619,183,28
31.775338,-105.966575,2026-09-25 04:47:19.667233280,13,12722,197,58
31.795186,-105.972635,2026-09-25 04:47:19.667233536,13,12001,223,45
32.840771,-106.799073,2026-09-25 04:47:21.596436224,13,14903,189,44
31.836208,-105.975454,2026-09-25 04:47:21.817365760,13,4854,249,27
32.879638,-106.812561,2026-09-25 04:47:21.861046528,13,4287,236,28
32.812318,-106.807733,2026-09-25 04:47:22.42516992,13,13884,178,43
32.815703,-106.808895,2026-09-25 04:47:22.101797120,13,12257,206,50
32.853572,-106.816902,2026-09-25 04:47:22.153833728,13,10031,217,34
30.861752,-106.796132,2026-09-25 04:47:22.240275712,13,8551,193,95
30.947437,-106.786145,2026-09-25 04:47:22.240358912,13,5078,233,42
32.664046,-106.351341,2026-09-25 04:47:22.708808448,13,8985,75,24
32.694298,-106.212743,2026-09-25 04:47:22.850147840,13,7048,164,79
32.754987,-106.220328,2026-09-25 04:47:22.850218496,13,9845,217,62
32.663822,-106.350612,2026-09-25 04:47:22.922797824,13,9326,75,39
31.682384,-105.954116,2026-09-25 04:47:23.595597312,13,10245,213,29
31.783963,-105.968187,2026-09-25 04:47:23.723171072,13,11451,197,36
31.722771,-106.097057,2026-09-25 04:47:23.819850496,13,6883,207,30
32.740851,-106.690931,2026-09-25 04:47:24.620227584,13,11408,206,22
32.049775,-105.188343,2026-09-25 04:47:25.974397440,13,8686,183,24
15.29814,-94.458032,2026-09-25 04:47:25.985579776,13,8390,266,31
36.214393,-100.168223,2026-09-25 04:47:28.638308096,13,8370,108,31
35.777154,-101.062308,2026-09-25 04:47:28.940206592,13,3672,263,46
31.558935,-105.983456,2026-09-25 04:47:30.1529088,13,11482,194,35
30.920121,-106.714219,2026-09-25 04:47:31.26229248,13,14565,207,50
30.888909,-106.713422,2026-09-25 04:47:31.71539968,13,13289,193,88
30.954527,-106.710723,2026-09-25 04:47:31.71617280,13,5102,231,71
30.700052,-106.75109,2026-09-25 04:47:31.329655296,13,8234,202,70
30.993343,-106.683938,2026-09-25 04:47:31.329750016,13,7455,238,56
18.780355,-77.973859,2026-09-25 04:47:32.294339072,13,7626,267,77
19.549937,-91.84977,2026-09-25 04:47:33.182257152,13,12006,232,16
30.832996,-106.441189,2026-09-25 04:47:33.798712064,13,7315,223,18
30.776649,-106.489645,2026-09-25 04:47:35.72419840,13,8314,201,28
31.821589,-106.011071,2026-09-25 04:47:35.881525760,13,13936,225,39
32.298441,-104.357037,2026-09-25 04:47:36.114518784,13,8143,175,42
32.285828,-104.37675,2026-09-25 04:47:36.167771904,13,12553,120,89
32.254296,-104.511055,2026-09-25 04:47:36.167791104,13,6616,253,72
30.4899,-106.536865,2026-09-25 04:47:36.390041344,13,11114,232,21
32.325162,-104.36207,2026-09-25 04:47:36.458813696,13,11606,210,23
30.664808,-106.529063,2026-09-25 04:47:37.773871104,13,10152,231,18
30.02578,-41.257452,2026-09-25 04:47:38.322541568,13,9808,216,35
32.940299,-76.283261,2026-09-25 04:47:38.699300096,13,6365,219,38
32.965038,-76.275393,2026-09-25 04:47:38.715469056,13,7612,218,36
18.992799,-77.948345,2026-09-25 04:47:39.333673728,13,13564,267,108
31.347608,-106.102619,2026-09-25 04:47:40.117166592,13,14674,202,57
31.387634,-106.101611,2026-09-25 04:47:40.117176320,13,9238,233,43
31.711716,-106.110411,2026-09-25 04:47:40.312100864,13,11578,154,54
31.798208,-105.970411,2026-09-25 04:47:40.312147712,13,9712,220,41
31.602816,-105.924288,2026-09-25 04:47:40.944371712,13,8368,199,32
31.697835,-105.901117,2026-09-25 04:47:40.944385280,13,4873,234,18
32.181211,-77.661266,2026-09-25 04:47:41.62133504,13,9854,184,72
16.013972,-94.640376,2026-09-25 04:47:41.628963840,13,5570,268,34
33.047624,-104.409177,2026-09-25 04:47:41.965450240,13,10859,217,51
33.257378,-104.246143,2026-09-25 04:47:41.965541888,13,6904,266,40
33.297565,-104.220322,2026-09-25 04:47:42.25009920,13,6754,206,31
19.240966,-73.16921,2026-09-25 04:47:42.182554112,13,5744,178,41
33.193526,-75.718864,2026-09-25 04:47:42.380361216,13,13400,117,55
14.702515,-94.813899,2026-09-25 04:47:44.494163200,13,8809,269,67
32.656022,-106.748405,2026-09-25 04:47:45.209034752,13,6067,179,21
20.114658,-91.57234,2026-09-25 04:47:45.659133952,13,5496,245,88
32.586917,-105.96276,2026-09-25 04:47:45.775089920,13,14752,178,45
32.75054,-106.021838,2026-09-25 04:47:45.808399104,13,14961,109,34
34.911832,-110.159493,2026-09-25 04:47:46.281932800,13,9411,140,80
34.9493,-110.32336,2026-09-25 04:47:46.281955072,13,14182,182,93
30.355074,-106.517715,2026-09-25 04:47:46.696037888,13,13273,191,20
27.298192,-74.641377,2026-09-25 04:47:47.859714304,13,7547,236,28
28.014519,-105.31045,2026-09-25 04:47:48.278549760,13,7995,230,30
28.014566,-105.299735,2026-09-25 04:47:48.352129792,13,6905,230,29
17.198546,-94.438243,2026-09-25 04:47:49.706732544,13,4739,257,58
31.195472,-106.31094,2026-09-25 04:47:50.458207232,13,10377,250,62
31.549466,-105.989942,2026-09-25 04:47:50.458371584,13,5197,235,50
33.706065,-111.008376,2026-09-25 04:47:51.686705408,13,4164,243,38
36.15464,-100.158484,2026-09-25 04:47:52.701308160,13,12629,106,106
36.204122,-100.177095,2026-09-25 04:47:52.701325056,13,4347,159,106
30.965237,-106.754727,2026-09-25 04:47:53.532433920,13,9477,230,33
30.922233,-106.76589,2026-09-25 04:47:53.532427776,13,7508,236,24
30.641909,-106.456127,2026-09-25 04:47:54.172134656,13,13145,154,65
30.805171,-106.516653,2026-09-25 04:47:54.287771136,13,9100,202,20
18.74736,-99.877384,2026-09-25 04:47:54.597648640,13,8363,256,29
31.631441,-105.972921,2026-09-25 04:47:56.25600000,13,9929,190,20
31.833042,-106.020655,2026-09-25 04:47:57.606356736,13,11971,188,26
31.813697,-106.001706,2026-09-25 04:47:57.668613120,13,13751,191,36
31.811251,-106.012339,2026-09-25 04:47:57.668624384,13,9977,231,24
31.814641,-105.999856,2026-09-25 04:47:57.697804800,13,13753,191,19
31.814212,-105.999571,2026-09-25 04:47:57.800217600,13,13941,188,21
32.765162,-106.311763,2026-09-25 04:47:58.887620608,13,14704,156,92
32.868144,-106.307923,2026-09-25 04:47:58.887707136,13,5207,213,93
35.251509,-107.922889,2026-09-25 04:47:59.39599104,13,11727,104,29
30.915114,-106.730178,2026-09-25 04:47:59.446888192,13,11242,208,44
30.861339,-106.862239,2026-09-25 04:47:59.727795712,13,9643,147,34
33.203134,-75.913,2026-09-25 04:48:00.354082304,13,7361,196,54
33.288428,-75.947477,2026-09-25 04:48:00.354171648,13,6667,240,34
35.168236,-108.75539,2026-09-25 04:48:01.225072384,13,9376,174,22
35.281866,-109.202989,2026-09-25 04:48:01.523091968,13,13925,186,30
35.369892,-109.260088,2026-09-25 04:48:01.700955904,13,9663,171,41
31.343206,-106.155538,2026-09-25 04:48:03.31715072,13,11727,197,32
33.676524,-75.586802,2026-09-25 04:48:04.713270528,13,5856,187,55
33.755461,-75.607485,2026-09-25 04:48:04.744323584,13,4333,189,41
33.461493,-75.669876,2026-09-25 04:48:04.744277760,13,10189,211,55
33.749303,-75.637893,2026-09-25 04:48:04.857794048,13,9402,259,37
18.787392,-78.004261,2026-09-25 04:48:05.79777536,13,4791,267,31
36.172102,-100.117071,2026-09-25 04:48:07.77737216,13,10041,134,31
36.034263,-100.257011,2026-09-25 04:48:07.187903744,13,13538,137,47
36.137113,-100.170072,2026-09-25 04:48:07.187941632,13,2943,145,38
31.84472,-105.925319,2026-09-25 04:48:08.243736320,13,7000,235,46
31.781957,-105.940063,2026-09-25 04:48:08.509079808,13,13648,191,27
31.706324,-77.917174,2026-09-25 04:48:10.24175872,13,14771,268,43
31.825449,-105.992536,2026-09-25 04:48:10.187280128,13,9863,197,48
31.771423,-106.13786,2026-09-25 04:48:10.508764928,13,9971,84,55
31.873593,-106.000924,2026-09-25 04:48:10.508819968,13,3635,233,42
31.634079,-105.870271,2026-09-25 04:48:10.730243840,13,8647,190,19
30.429263,-106.645206,2026-09-25 04:48:11.144336384,13,9698,139,29
31.90448,-105.975575,2026-09-25 04:48:11.158589184,13,6271,254,28
31.831767,-105.998646,2026-09-25 04:48:11.298709760,13,5645,191,28
33.299349,-75.7401,2026-09-25 04:48:11.851612928,13,6626,247,65
33.27286,-75.752786,2026-09-25 04:48:11.851625728,13,9844,192,52
33.331004,-75.74473,2026-09-25 04:48:11.851688704,13,8619,264,36
29.170966,-41.41782,2026-09-25 04:48:12.513426432,13,2453,250,104
31.614526,-106.077647,2026-09-25 04:48:13.123069184,13,7966,237,33
30.257255,-106.510495,2026-09-25 04:48:13.155827200,13,7825,213,34
32.866291,-106.775972,2026-09-25 04:48:14.514664960,13,13044,71,81
32.962125,-106.751361,2026-09-25 04:48:14.514737408,13,7137,228,30
31.619237,-105.939211,2026-09-25 04:48:14.600067840,13,6565,245,25
32.916097,-106.767313,2026-09-25 04:48:14.631887872,13,8276,187,34
32.943664,-106.765571,2026-09-25 04:48:14.752702464,13,7584,205,19
31.510167,-106.008773,2026-09-25 04:48:15.17747712,13,10618,210,19
32.921737,-106.766217,2026-09-25 04:48:15.187592704,13,7365,176,20
18.739159,-77.953904,2026-09-25 04:48:16.378620928,13,2991,268,53
18.758386,-77.968779,2026-09-25 04:48:16.456667136,13,4173,268,70
14.80049,-94.826165,2026-09-25 04:48:16.725953024,13,4366,268,63
5.969069,121.497015,2026-09-25 04:46:47.805821184,14,9456,187,22
40.312568,12.753893,2026-09-25 04:45:01.160589056,11,6477,210,23
33.79186,11.915052,2026-09-25 04:45:02.483260416,11,9235,260,70
40.54083,16.234168,2026-09-25 04:45:04.832442624,11,6297,136,111
40.546223,16.226076,2026-09-25 04:45:04.832443136,11,8850,203,186
40.31972,12.704473,2026-09-25 04:45:05.671159552,11,9647,201,42
40.374869,13.822231,2026-09-25 04:45:06.97408000,11,9838,238,42
40.249318,13.766358,2026-09-25 04:45:06.497623552,11,11844,217,34
39.683961,12.425787,2026-09-25 04:45:07.296192000,11,13570,189,64
39.669824,12.428006,2026-09-25 04:45:07.296174336,11,3942,264,51
39.689719,12.460989,2026-09-25 04:45:07.296176128,11,4627,227,37
39.711337,12.432639,2026-09-25 04:45:07.452166400,11,12143,175,33
39.691371,12.511099,2026-09-25 04:45:07.452139008,11,5773,214,20
35.864145,-100.485897,2026-09-25 04:45:07.538845184,11,13786,205,24
40.237687,12.878448,2026-09-25 04:45:11.258826496,11,8399,144,304
40.264026,12.850457,2026-09-25 04:45:11.325131520,11,2692,263,123
40.301501,12.86985,2026-09-25 04:45:11.728993536,11,9816,249,71
40.359658,12.84246,2026-09-25 04:45:11.837456384,11,6156,211,84
39.867779,11.831542,2026-09-25 04:45:12.872686592,11,14064,224,56
39.743706,11.729985,2026-09-25 04:45:12.872677888,11,9368,250,51
39.761179,11.864285,2026-09-25 04:45:12.872699648,11,4484,252,37
31.781535,-105.95229,2026-09-25 04:45:13.671219712,11,6019,233,29
31.722076,-105.955163,2026-09-25 04:45:13.865526016,11,5695,231,25
39.68539,12.240282,2026-09-25 04:45:14.404411904,11,13662,222,34
40.266405,12.824445,2026-09-25 04:45:14.457108736,11,8813,222,37
40.724266,12.980913,2026-09-25 04:45:14.457278208,11,13108,237,25
40.38175,15.265049,2026-09-25 04:45:14.873486592,11,6685,168,236
40.313122,15.240746,2026-09-25 04:45:14.873462272,11,12875,189,250
40.113908,15.403962,2026-09-25 04:45:15.899693824,11,8929,189,284
40.170213,15.520376,2026-09-25 04:45:15.899715584,11,7359,189,269
40.355209,15.015262,2026-09-25 04:45:28.51682304,11,14277,123,142
40.366921,15.009552,2026-09-25 04:45:28.51676416,11,13357,203,291
40.384329,14.99335,2026-09-25 04:45:28.51684096,11,8106,226,227
40.383134,13.851446,2026-09-25 04:45:30.226383616,11,8003,222,26
39.749124,12.445876,2026-09-25 04:45:30.801166336,11,14189,188,32
40.404123,12.725854,2026-09-25 04:45:34.515527680,11,3611,202,266
40.41632,12.709389,2026-09-25 04:45:34.515533312,11,7637,233,192
40.375707,13.725461,2026-09-25 04:45:36.390105600,11,8199,204,204
40.375583,13.718915,2026-09-25 04:45:36.390111744,11,7471,187,329
40.297821,13.667766,2026-09-25 04:45:36.390095616,11,5874,203,321
41.387039,18.522728,2026-09-25 04:45:38.355116544,11,11542,128,112
41.350272,18.569323,2026-09-25 04:45:38.355102720,11,4151,268,141
41.772019,18.487923,2026-09-25 04:45:38.355256832,11,7359,258,127
39.732439,12.37834,2026-09-25 04:45:41.53880064,11,7150,237,98
39.660179,12.523914,2026-09-25 04:45:41.53911808,11,14329,194,85
39.635416,12.485469,2026-09-25 04:45:41.53903872,11,12979,200,71
40.316307,13.76338,2026-09-25 04:45:46.567336192,11,7370,205,207
42.138029,18.291285,2026-09-25 04:45:48.661969920,11,9270,127,282
40.274617,12.842555,2026-09-25 04:45:52.316948480,11,12320,190,79
40.268315,12.846918,2026-09-25 04:45:52.316951552,11,6279,211,96
40.252924,12.831555,2026-09-25 04:45:52.316945920,11,12031,228,82
40.242214,12.774129,2026-09-25 04:45:52.362496256,11,8078,255,147
40.285039,12.830536,2026-09-25 04:45:52.362520576,11,5770,206,135
40.266852,12.826672,2026-09-25 04:45:52.362520320,11,5137,232,122
40.22574,12.802953,2026-09-25 04:45:52.362508544,11,14828,181,108
40.297192,12.864298,2026-09-25 04:45:52.362565120,11,9387,190,94
40.28746,12.877257,2026-09-25 04:45:52.362570496,11,12262,196,81
40.239064,12.920064,2026-09-25 04:45:52.362547200,11,6229,225,63
39.347255,12.491765,2026-09-25 04:45:53.229795328,11,7600,155,108
39.407371,12.480065,2026-09-25 04:45:53.229817600,11,8617,233,188
39.556521,12.627098,2026-09-25 04:45:53.229882880,11,10361,221,175
40.317002,13.67319,2026-09-25 04:45:53.929862144,11,6956,224,26
40.306587,12.991955,2026-09-25 04:45:54.515764992,11,8647,228,68
40.271541,12.935135,2026-09-25 04:45:54.578447872,11,2378,168,85
40.296831,12.964663,2026-09-25 04:45:54.578457088,11,7114,192,146
40.257985,12.966629,2026-09-25 04:45:54.578450176,11,4755,213,130
40.370037,12.967387,2026-09-25 04:45:54.578482176,11,6498,222,115
40.20244,12.812831,2026-09-25 04:45:54.578450688,11,12407,239,102
40.310011,13.007567,2026-09-25 04:45:54.578501376,11,10235,196,89
30.934368,-106.715507,2026-09-25 04:45:55.479943168,11,6379,228,38
30.954394,-106.728224,2026-09-25 04:45:55.812113664,11,8058,218,22
40.339989,15.249889,2026-09-25 04:45:58.692845824,11,7154,156,214
40.334928,15.260219,2026-09-25 04:45:58.692844544,11,13936,189,202
39.737855,12.382954,2026-09-25 04:45:59.212212992,11,4043,204,69
39.721372,12.4088,2026-09-25 04:45:59.212213504,11,11889,222,63
39.705371,12.361551,2026-09-25 04:46:01.250674688,11,14237,258,97
40.359847,13.829141,2026-09-25 04:46:02.812821248,11,10497,227,91
40.346817,13.83041,2026-09-25 04:46:02.812819968,11,7217,220,131
40.333351,13.793448,2026-09-25 04:46:02.812820736,11,10658,218,122
39.801156,12.435981,2026-09-25 04:46:06.23728896,11,5630,240,30
39.793755,12.44745,2026-09-25 04:46:06.23725568,11,5825,220,26
39.636089,12.438067,2026-09-25 04:46:13.173166080,11,9202,236,130
39.621212,12.447809,2026-09-25 04:46:13.344024320,11,12810,200,224
39.6188,12.445441,2026-09-25 04:46:13.344030208,11,7126,188,208
39.612682,12.446315,2026-09-25 04:46:13.399617536,11,6560,175,134
39.63506,12.445756,2026-09-25 04:46:13.399634176,11,7393,192,189
39.582398,12.552907,2026-09-25 04:46:14.165423360,11,9841,214,21
40.282669,12.986546,2026-09-25 04:46:17.764833792,11,11167,221,92
40.142621,12.521452,2026-09-25 04:46:19.7920640,11,5592,140,438
40.035875,13.877,2026-09-25 04:46:21.841273344,11,4384,257,205
40.010726,13.877886,2026-09-25 04:46:21.841266688,11,5874,221,286
33.242019,-75.695795,2026-09-25 04:46:25.94530816,11,7654,186,40
30.471553,-106.509048,2026-09-25 04:46:25.282065664,11,5444,261,26
39.427909,12.468583,2026-09-25 04:46:25.940871168,11,4308,268,130
39.442099,12.464688,2026-09-25 04:46:26.609956608,11,3346,265,144
39.390351,12.459118,2026-09-25 04:46:26.609944576,11,4454,220,235
39.769244,12.697149,2026-09-25 04:46:29.160520448,11,12465,198,74
42.102429,18.165613,2026-09-25 04:46:36.770021888,11,8329,184,76
42.103752,18.182294,2026-09-25 04:46:36.770031104,11,6208,160,120
23.635967,-105.769094,2026-09-25 04:46:44.416204800,11,9994,257,22
39.594568,12.473854,2026-09-25 04:46:49.237612544,11,5515,206,152
39.569702,12.487527,2026-09-25 04:46:49.237608704,11,5921,189,205
39.555753,12.486028,2026-09-25 04:46:49.296658432,11,10756,152,217
39.572029,12.481735,2026-09-25 04:46:49.296672512,11,10570,189,239
39.727355,12.389196,2026-09-25 04:46:50.550547456,11,8779,220,44
39.735446,12.442449,2026-09-25 04:46:50.550589440,11,11453,175,35
40.397317,12.904837,2026-09-25 04:46:58.140283136,11,11029,210,60
40.371759,13.718684,2026-09-25 04:47:00.679495168,11,7344,187,157
40.367221,13.720144,2026-09-25 04:47:00.679493120,11,12368,187,142
35.901389,-100.710996,2026-09-25 04:47:01.798401280,11,7905,190,32
32.807173,-105.953134,2026-09-25 04:47:04.107922688,11,12897,207,41
40.290242,15.331024,2026-09-25 04:47:05.20138752,11,14220,226,20
39.562039,12.47619,2026-09-25 04:47:06.644678400,11,10818,191,66
40.296937,12.962167,2026-09-25 04:47:06.836246528,11,6566,192,187
40.108065,12.737521,2026-09-25 04:47:07.407183872,11,11598,236,49
39.750831,12.395782,2026-09-25 04:47:08.453480704,11,12202,200,139
30.960936,-106.429888,2026-09-25 04:47:14.869478912,11,11912,254,17
40.455656,15.015722,2026-09-25 04:47:18.23045632,11,5171,235,102
40.336424,14.940679,2026-09-25 04:47:18.23000832,11,6776,239,225
40.32498,14.987067,2026-09-25 04:47:18.23010304,11,11768,192,213
40.299659,14.976004,2026-09-25 04:47:18.22998528,11,12485,221,179
40.268115,13.007754,2026-09-25 04:47:21.911958784,11,9781,209,207
40.833912,15.065062,2026-09-25 04:47:23.943641600,11,7139,226,81
40.81422,14.948606,2026-09-25 04:47:23.943653120,11,12353,185,71
40.76444,14.947251,2026-09-25 04:47:23.943651072,11,11459,221,56
40.88602,15.083723,2026-09-25 04:47:23.943691520,11,9166,220,42
40.235022,12.886635,2026-09-25 04:47:24.871320576,11,9537,194,97
40.33496,12.778854,2026-09-25 04:47:30.874152192,11,8184,215,52
40.210531,12.773977,2026-09-25 04:47:30.874116864,11,9326,214,58
39.580939,12.331001,2026-09-25 04:47:31.405808128,11,10234,223,27
39.657998,12.309276,2026-09-25 04:47:34.223067392,11,12166,238,26
39.684699,12.386132,2026-09-25 04:47:34.259921920,11,10062,221,31
40.417365,13.76379,2026-09-25 04:47:35.344983552,11,10623,204,243
32.319909,-104.367274,2026-09-25 04:47:36.114512896,11,10577,206,36
32.33592,-104.374934,2026-09-25 04:47:36.167844608,11,11088,206,42
32.300991,-104.368926,2026-09-25 04:47:36.568275712,11,13644,206,30
31.393568,-106.093574,2026-09-25 04:47:40.117184256,11,8149,235,22
31.777079,-105.97933,2026-09-25 04:47:40.312143104,11,10115,231,20
40.271156,13.05906,2026-09-25 04:47:42.649022464,11,7974,210,66
40.243836,13.00286,2026-09-25 04:47:53.394316544,11,8004,142,243
42.228041,18.425615,2026-09-25 04:48:02.512452864,11,4611,207,195
42.193346,18.364477,2026-09-25 04:48:02.512443904,11,2854,185,306
39.288787,12.353007,2026-09-25 04:48:05.944612352,11,13042,226,51
39.478033,12.519958,2026-09-25 04:48:15.126122240,11,14058,251,57
40.310626,12.752296,2026-09-25 04:45:01.160588288,12,7019,210,24
40.54083,16.234168,2026-09-25 04:45:04.832442624,12,6297,136,111
40.546223,16.226076,2026-09-25 04:45:04.832443136,12,8850,203,188
40.31972,12.704473,2026-09-25 04:45:05.671159552,12,9647,201,42
40.374869,13.822231,2026-09-25 04:45:06.97408000,12,9838,238,42
40.249318,13.766358,2026-09-25 04:45:06.497623552,12,11844,217,34
39.683961,12.425787,2026-09-25 04:45:07.296192000,12,13570,189,64
39.669824,12.428006,2026-09-25 04:45:07.296174336,12,3942,264,51
39.689719,12.460989,2026-09-25 04:45:07.296176128,12,4627,227,37
39.950978,12.548225,2026-09-25 04:45:07.452180224,12,13488,185,35
39.691476,12.510953,2026-09-25 04:45:07.452138752,12,5775,214,24
35.864145,-100.485897,2026-09-25 04:45:07.538845184,12,13786,205,24
40.236308,12.877864,2026-09-25 04:45:11.258825984,12,7795,188,306
40.28172,12.861085,2026-09-25 04:45:11.728988160,12,2667,249,94
40.366591,12.864174,2026-09-25 04:45:11.837457920,12,8106,222,75
39.867779,11.831542,2026-09-25 04:45:12.872686592,12,14064,224,56
39.743706,11.729985,2026-09-25 04:45:12.872677888,12,9368,250,51
39.761179,11.864285,2026-09-25 04:45:12.872699648,12,4484,252,37
31.781535,-105.95229,2026-09-25 04:45:13.671219712,12,6019,233,29
31.722076,-105.955163,2026-09-25 04:45:13.865526016,12,5695,231,25
39.68539,12.240282,2026-09-25 04:45:14.404411904,12,13662,222,34
40.266405,12.824445,2026-09-25 04:45:14.457108736,12,8813,222,37
40.724266,12.980913,2026-09-25 04:45:14.457278208,12,13108,237,25
40.38175,15.265049,2026-09-25 04:45:14.873486592,12,6685,168,237
40.313122,15.240746,2026-09-25 04:45:14.873462272,12,12875,189,251
40.151443,15.471204,2026-09-25 04:45:15.899705088,12,10210,120,172
40.148069,15.492307,2026-09-25 04:45:15.899710720,12,7326,234,247
40.197523,15.481535,2026-09-25 04:45:15.899726336,12,9643,228,234
39.603587,12.68485,2026-09-25 04:45:16.811489280,12,7343,268,31
40.356609,15.009657,2026-09-25 04:45:28.51680768,12,14643,123,133
40.383773,14.997356,2026-09-25 04:45:28.51687936,12,7564,191,290
40.376681,13.853214,2026-09-25 04:45:30.226381312,12,11118,222,27
39.749124,12.445876,2026-09-25 04:45:30.801166336,12,14189,188,32
40.404123,12.725854,2026-09-25 04:45:34.515527680,12,3611,202,268
40.41632,12.709389,2026-09-25 04:45:34.515533312,12,7637,236,221
40.375707,13.725461,2026-09-25 04:45:36.390105600,12,8199,204,203
40.375583,13.718915,2026-09-25 04:45:36.390111744,12,7471,187,331
40.297821,13.667766,2026-09-25 04:45:36.390095616,12,5874,203,323
41.387039,18.522728,2026-09-25 04:45:38.355116544,12,11542,128,120
41.417813,18.509149,2026-09-25 04:45:38.355125248,12,7935,261,141
41.400017,18.527177,2026-09-25 04:45:38.355125248,12,6034,245,122
39.732439,12.37834,2026-09-25 04:45:41.53880064,12,7150,237,98
39.660179,12.523914,2026-09-25 04:45:41.53911808,12,14329,194,85
39.635416,12.485469,2026-09-25 04:45:41.53903872,12,12979,200,71
40.282655,13.773087,2026-09-25 04:45:46.567324928,12,6703,153,239
40.274617,12.842555,2026-09-25 04:45:52.316948480,12,12320,190,80
40.268315,12.846918,2026-09-25 04:45:52.316951552,12,6279,211,96
40.252924,12.831555,2026-09-25 04:45:52.316945920,12,12031,228,82
40.254636,12.773766,2026-09-25 04:45:52.362499840,12,8222,202,147
40.285073,12.830507,2026-09-25 04:45:52.362520576,12,5770,206,134
40.225729,12.82482,2026-09-25 04:45:52.362501120,12,6601,192,121
40.235206,12.799352,2026-09-25 04:45:52.362512128,12,8410,181,105
40.297187,12.864294,2026-09-25 04:45:52.362565120,12,9387,190,92
40.279567,12.885076,2026-09-25 04:45:52.362554880,12,12081,196,78
40.239064,12.920064,2026-09-25 04:45:52.362547200,12,6229,225,62
39.347255,12.491765,2026-09-25 04:45:53.229795328,12,7600,155,108
39.407371,12.480065,2026-09-25 04:45:53.229817600,12,8617,233,188
39.556521,12.627098,2026-09-25 04:45:53.229882880,12,10361,221,175
40.317002,13.67319,2026-09-25 04:45:53.929862144,12,6956,224,25
40.306587,12.991955,2026-09-25 04:45:54.515764992,12,8647,228,68
40.278307,12.9441,2026-09-25 04:45:54.578449152,12,3629,212,85
40.277484,12.968184,2026-09-25 04:45:54.578448384,12,9665,193,144
40.269696,12.973297,2026-09-25 04:45:54.578454016,12,6884,212,126
40.439552,13.131259,2026-09-25 04:45:54.578525440,12,7726,192,112
40.280908,12.951946,2026-09-25 04:45:54.578489088,12,6045,236,50
30.934368,-106.715507,2026-09-25 04:45:55.479943168,12,6379,228,38
40.359255,15.256545,2026-09-25 04:45:58.692850432,12,12572,188,214
40.349038,15.291897,2026-09-25 04:45:58.692852224,12,5982,188,198
39.735241,12.395932,2026-09-25 04:45:59.212211200,12,6668,204,73
39.705371,12.361551,2026-09-25 04:46:01.250674688,12,14237,258,106
40.359847,13.829141,2026-09-25 04:46:02.812821248,12,10497,227,91
40.34554,13.816214,2026-09-25 04:46:02.812819200,12,8569,220,132
40.362694,13.809537,2026-09-25 04:46:02.812825088,12,11230,217,121
39.784398,12.423157,2026-09-25 04:46:06.23731968,12,8113,240,29
40.251029,12.810185,2026-09-25 04:46:09.838872832,12,10734,212,34
39.718212,12.447399,2026-09-25 04:46:13.173197056,12,4545,221,108
39.629703,12.444833,2026-09-25 04:46:13.344029696,12,10076,246,119
39.626335,12.452583,2026-09-25 04:46:13.344035072,12,4713,206,243
39.645035,12.454785,2026-09-25 04:46:13.344038912,12,7379,204,228
39.632363,12.456675,2026-09-25 04:46:13.344029184,12,11002,201,215
39.661464,12.442553,2026-09-25 04:46:13.344047104,12,9238,221,148
39.612682,12.446315,2026-09-25 04:46:13.399617536,12,6560,175,156
39.63506,12.445756,2026-09-25 04:46:13.399634176,12,7393,192,188
40.282669,12.986546,2026-09-25 04:46:17.764833792,12,11167,221,92
40.142621,12.521452,2026-09-25 04:46:19.7920640,12,5592,140,436
40.035875,13.877,2026-09-25 04:46:21.841273344,12,4384,257,205
40.010726,13.877886,2026-09-25 04:46:21.841266688,12,5874,221,285
33.242019,-75.695795,2026-09-25 04:46:25.94530816,12,7654,186,40
30.471553,-106.509048,2026-09-25 04:46:25.282065664,12,5444,261,26
39.395183,12.457547,2026-09-25 04:46:25.940859904,12,8316,225,214
39.37856,12.476582,2026-09-25 04:46:25.940856832,12,6440,192,164
32.899576,-106.788286,2026-09-25 04:46:25.982601216,12,10353,198,29
39.397249,12.463333,2026-09-25 04:46:26.609940736,12,3772,209,263
39.384509,12.456334,2026-09-25 04:46:26.609935104,12,9718,196,135
39.828,12.321122,2026-09-25 04:46:26.993857792,12,13606,223,94
39.769244,12.697149,2026-09-25 04:46:29.160520448,12,12465,198,73
42.102429,18.165613,2026-09-25 04:46:36.770021888,12,8329,184,76
42.103752,18.182294,2026-09-25 04:46:36.770031104,12,6208,160,119
23.635967,-105.769094,2026-09-25 04:46:44.416204800,12,9994,257,27
39.594568,12.473854,2026-09-25 04:46:49.237612544,12,5515,206,153
39.569702,12.487527,2026-09-25 04:46:49.237608704,12,5921,189,205
39.555753,12.486028,2026-09-25 04:46:49.296658432,12,10756,152,217
39.572029,12.481735,2026-09-25 04:46:49.296672512,12,10570,189,229
39.727355,12.389196,2026-09-25 04:46:50.550547456,12,8779,220,44
39.735446,12.442449,2026-09-25 04:46:50.550589440,12,11453,175,35
40.397317,12.904837,2026-09-25 04:46:58.140283136,12,11029,210,60
40.371759,13.718684,2026-09-25 04:47:00.679495168,12,7344,187,157
40.367221,13.720144,2026-09-25 04:47:00.679493120,12,12368,187,142
35.901389,-100.710996,2026-09-25 04:47:01.798401280,12,7905,190,32
35.952135,-100.610923,2026-09-25 04:47:01.961229056,12,12437,199,42
32.790485,-105.969034,2026-09-25 04:47:04.107919616,12,9885,207,37
40.290242,15.331024,2026-09-25 04:47:05.20138752,12,14220,226,20
39.561891,12.475891,2026-09-25 04:47:06.644678400,12,10815,191,81
40.337699,12.918888,2026-09-25 04:47:06.836264448,12,4623,193,140
40.108065,12.737521,2026-09-25 04:47:07.407183872,12,11598,236,49
39.750831,12.395782,2026-09-25 04:47:08.453480704,12,12202,200,139
39.661236,12.490969,2026-09-25 04:47:08.453490944,12,14031,189,125
30.960936,-106.429888,2026-09-25 04:47:14.869478912,12,11912,254,17
40.455656,15.015722,2026-09-25 04:47:18.23045632,12,5171,235,102
40.336424,14.940679,2026-09-25 04:47:18.23000832,12,6776,239,225
40.32498,14.987067,2026-09-25 04:47:18.23010304,12,11768,192,213
40.230523,13.009759,2026-09-25 04:47:21.818575616,12,11255,153,113
40.278874,12.998056,2026-09-25 04:47:21.818594560,12,8362,217,295
40.268115,13.007754,2026-09-25 04:47:21.911958784,12,9781,209,206
40.833912,15.065062,2026-09-25 04:47:23.943637504,12,7139,226,90
40.81422,14.948606,2026-09-25 04:47:23.943653120,12,12353,185,72
40.76444,14.947251,2026-09-25 04:47:23.943651072,12,11459,221,57
40.88602,15.083723,2026-09-25 04:47:23.943691520,12,9166,220,43
40.328158,12.786856,2026-09-25 04:47:30.874148864,12,9046,215,58
40.210531,12.773977,2026-09-25 04:47:30.874116864,12,9326,214,58
39.564784,12.324467,2026-09-25 04:47:31.405803008,12,9843,223,37
39.657998,12.309276,2026-09-25 04:47:34.223067392,12,12166,238,26
39.684699,12.386132,2026-09-25 04:47:34.259921920,12,10062,221,31
40.417365,13.76379,2026-09-25 04:47:35.344983552,12,10623,204,243
40.347569,13.724881,2026-09-25 04:47:35.344969472,12,13562,184,237
32.319909,-104.367274,2026-09-25 04:47:36.114512896,12,10577,206,36
32.33592,-104.374934,2026-09-25 04:47:36.167844608,12,11088,206,42
32.30099,-104.368929,2026-09-25 04:47:36.568275712,12,13644,206,31
29.940466,-41.225554,2026-09-25 04:47:38.513039360,12,5719,234,108
31.393568,-106.093574,2026-09-25 04:47:40.117184256,12,8149,235,22
31.777079,-105.97933,2026-09-25 04:47:40.312143104,12,10115,231,20
40.243836,13.00286,2026-09-25 04:47:53.394316544,12,8004,142,244
42.228041,18.425615,2026-09-25 04:48:02.512452864,12,4611,207,195
42.193346,18.364477,2026-09-25 04:48:02.512443904,12,2854,185,308
42.72321,19.151602,2026-09-25 04:48:03.442183936,12,12078,114,239
42.70676,19.156575,2026-09-25 04:48:03.442191872,12,7504,117,189
39.478033,12.519958,2026-09-25 04:48:15.126122240,12,14058,251,57
37.588234,-68.633343,2026-09-25 06:40:03.92877056,1,11763,224,38
40.228459,19.139871,2026-09-25 06:40:10.426383104,1,11390,128,37
32.053731,-105.546115,2026-09-25 06:40:10.622654976,1,5013,210,30
32.085905,-105.539764,2026-09-25 06:40:10.701906432,1,7774,228,39
40.221914,19.142658,2026-09-25 06:40:10.769452288,1,5303,92,29
36.00744,-100.100305,2026-09-25 06:40:18.332135168,1,14089,137,37
36.107271,-100.105837,2026-09-25 06:40:18.332152832,1,7061,224,24
37.459709,-68.581194,2026-09-25 06:40:19.31417856,1,8230,241,18
37.437349,-68.557905,2026-09-25 06:40:19.114047488,1,3316,263,25
36.061076,-100.08294,2026-09-25 06:40:19.553942016,1,6710,162,35
35.908871,-100.216658,2026-09-25 06:40:19.612680704,1,14335,138,20
33.745505,-103.780403,2026-09-25 06:40:27.5287424,1,8977,220,26
39.838069,15.47511,2026-09-25 06:40:28.961322240,1,6776,198,26
39.845702,15.478923,2026-09-25 06:40:28.961327872,1,6178,235,23
40.268527,14.743209,2026-09-25 06:40:31.636044544,1,9327,221,42
40.265271,14.799887,2026-09-25 06:40:31.636147712,1,9079,201,29
40.242371,14.813323,2026-09-25 06:40:32.101639680,1,4460,181,82
40.268891,14.817308,2026-09-25 06:40:32.101649920,1,4097,203,357
40.23059,14.810486,2026-09-25 06:40:32.101642496,1,3896,194,341
40.267436,14.831441,2026-09-25 06:40:32.101651968,1,10696,206,326
40.266652,14.812716,2026-09-25 06:40:32.101653248,1,2766,222,302
32.711511,-105.113562,2026-09-25 06:40:39.201712896,1,12556,224,21
32.675535,-105.28652,2026-09-25 06:40:39.213557504,1,9578,225,34
40.207113,13.573256,2026-09-25 06:40:39.367546112,1,8816,209,27
39.885346,13.59583,2026-09-25 06:40:39.399240704,1,9436,146,137
39.953331,13.610824,2026-09-25 06:40:39.399271936,1,5542,197,123
39.952161,13.618481,2026-09-25 06:40:39.399273216,1,8748,197,110
39.933944,13.605072,2026-09-25 06:40:39.399269632,1,9605,223,96
39.983689,13.617733,2026-09-25 06:40:39.399325184,1,9619,246,71
39.982966,13.628545,2026-09-25 06:40:39.399322368,1,6351,210,59
39.830244,13.641003,2026-09-25 06:40:39.399266048,1,10073,260,45
40.996033,19.320571,2026-09-25 06:40:46.473208064,1,11470,77,27
39.935854,13.708194,2026-09-25 06:40:46.490494464,1,6353,216,24
30.946182,16.005315,2026-09-25 06:40:47.514791168,1,4216,259,19
36.235579,-100.039004,2026-09-25 06:40:48.645243136,1,11240,154,28
36.187383,-100.144814,2026-09-25 06:40:48.704672768,1,11665,163,20
33.746946,-106.136772,2026-09-25 06:40:48.739755008,1,10234,166,25
33.767517,-106.146321,2026-09-25 06:40:48.796337152,1,10865,165,27
36.253973,-100.041603,2026-09-25 06:40:49.305408512,1,14520,196,20
37.863872,-66.410953,2026-09-25 06:40:56.939036928,1,13967,237,27
32.076533,-77.556276,2026-09-25 06:40:57.76896768,1,10557,178,23
40.239786,19.215071,2026-09-25 06:41:04.480464128,1,8501,122,55
40.23114,19.22404,2026-09-25 06:41:04.480461312,1,6307,233,39
32.060705,-105.515832,2026-09-25 06:41:05.215990016,1,11697,242,19
32.019094,-105.543602,2026-09-25 06:41:05.226522880,1,10193,210,31
32.044796,-105.514976,2026-09-25 06:41:05.840378880,1,7063,231,25
32.060621,-105.504419,2026-09-25 06:41:05.941246976,1,12463,231,23
17.243381,-94.634093,2026-09-25 06:41:13.661268480,1,11493,267,14
17.203233,-94.639738,2026-09-25 06:41:13.710843904,1,6176,267,26
31.717793,-105.603039,2026-09-25 06:41:21.597433600,1,13915,183,33
32.472477,-105.353079,2026-09-25 06:41:29.771975168,1,11305,219,38
39.976503,13.569101,2026-09-25 06:41:37.922392576,1,12707,172,53
39.975717,13.653497,2026-09-25 06:41:37.922404864,1,9445,218,38
40.189413,13.660784,2026-09-25 06:41:37.922492928,1,9684,246,24
32.63186,-105.497324,2026-09-25 06:41:38.87350528,1,11054,225,21
30.86933,16.013848,2026-09-25 06:41:38.180511232,1,5643,268,23
40.659731,13.960738,2026-09-25 06:41:46.719843328,1,9142,143,18
40.6833,13.955688,2026-09-25 06:41:46.719853312,1,9366,194,409
40.675743,13.967331,2026-09-25 06:41:46.719852288,1,11686,178,386
40.678391,13.975794,2026-09-25 06:41:46.719852800,1,7977,192,364
40.707369,13.965348,2026-09-25 06:41:46.719869184,1,10586,233,339
40.656938,13.949809,2026-09-25 06:41:46.719855104,1,14116,188,317
40.678598,13.964202,2026-09-25 06:41:46.719856640,1,5150,234,295
40.725844,13.964991,2026-09-25 06:41:46.719873536,1,3986,238,281
40.75063,13.977917,2026-09-25 06:41:46.719881216,1,9249,190,267
40.804773,13.992386,2026-09-25 06:41:46.719906304,1,4022,238,252
40.687919,13.974291,2026-09-25 06:41:46.719861504,1,9128,195,239
40.689525,13.973689,2026-09-25 06:41:46.719867392,1,6556,233,223
39.788313,15.489366,2026-09-25 06:41:55.216486912,1,7805,195,58
39.779051,15.481333,2026-09-25 06:41:55.216484608,1,6460,202,49
39.923073,15.505634,2026-09-25 06:41:55.216530688,1,6807,227,36
39.898429,15.518741,2026-09-25 06:41:55.216533504,1,12646,227,22
28.759278,-74.550757,2026-09-25 06:42:03.178582784,1,13167,243,26
-37.928598,147.140342,2026-09-25 06:40:12.55724800,2,13178,135,24
-27.182515,121.344114,2026-09-25 06:40:15.967004672,2,8547,239,16
-27.117704,121.374106,2026-09-25 06:40:19.861655296,2,11656,247,17
18.633556,117.202511,2026-09-25 06:40:23.265395456,2,10434,252,40
-29.877572,122.705017,2026-09-25 06:40:31.457263360,2,10127,220,16
-33.738232,150.935405,2026-09-25 06:40:49.675447296,2,6498,192,20
-29.827851,123.689192,2026-09-25 06:41:05.502649088,2,13395,205,20
-27.756207,121.821447,2026-09-25 06:41:08.285497344,2,12759,250,14
21.024174,128.749589,2026-09-25 06:41:23.605824768,2,13841,181,20
-32.133808,120.655078,2026-09-25 06:41:32.69801984,2,10804,191,16
-29.710923,122.653904,2026-09-25 06:41:37.668197888,2,10964,225,16
-29.091314,122.994517,2026-09-25 06:41:45.354166016,2,11723,223,19
37.497688,-68.597045,2026-09-25 06:40:02.913839872,3,4720,156,90
37.508214,-68.565987,2026-09-25 06:40:02.913845504,3,3483,243,75
37.539361,-68.590342,2026-09-25 06:40:02.913860864,3,2395,252,65
37.536765,-68.63587,2026-09-25 06:40:02.948436224,3,3484,261,54
37.472131,-68.531478,2026-09-25 06:40:02.948470016,3,8267,248,40
37.489629,-68.556154,2026-09-25 06:40:02.948470784,3,7318,210,27
37.498231,-68.594045,2026-09-25 06:40:03.4026368,3,4767,150,86
37.501079,-68.567571,2026-09-25 06:40:03.4031744,3,2632,243,69
37.528875,-68.576553,2026-09-25 06:40:03.4042752,3,2688,255,58
28.831936,-74.389405,2026-09-25 06:40:10.563823104,3,11867,186,27
32.002861,-105.557137,2026-09-25 06:40:10.622586624,3,6405,172,78
32.07505,-105.538702,2026-09-25 06:40:10.622656512,3,8536,218,65
32.080388,-105.541817,2026-09-25 06:40:10.622658816,3,7604,228,49
32.022548,-105.585578,2026-09-25 06:40:10.622646272,3,14959,236,26
31.985793,-105.563864,2026-09-25 06:40:10.701833984,3,11391,82,87
32.090702,-105.532988,2026-09-25 06:40:10.701906944,3,7370,219,73
32.084664,-105.539226,2026-09-25 06:40:10.701907200,3,7296,228,59
32.101821,-105.539043,2026-09-25 06:40:10.701914880,3,12534,218,39
32.008883,-105.648657,2026-09-25 06:40:10.723717120,3,11161,172,33
32.076194,-105.542843,2026-09-25 06:40:10.723765504,3,6369,239,16
31.973113,-105.636701,2026-09-25 06:40:10.781947904,3,8728,119,41
32.046906,-105.525682,2026-09-25 06:40:10.781984768,3,9047,209,30
15.064349,-94.902947,2026-09-25 06:40:10.814445056,3,8158,269,77
33.819602,-106.358167,2026-09-25 06:40:10.913815808,3,6634,93,36
33.931644,-106.224085,2026-09-25 06:40:10.913870848,3,5023,227,32
33.8599,-106.23587,2026-09-25 06:40:10.963274752,3,8698,163,39
33.935563,-106.23408,2026-09-25 06:40:10.963299584,3,4510,210,25
33.827625,-106.359921,2026-09-25 06:40:11.14641920,3,8485,110,43
33.9083,-106.235194,2026-09-25 06:40:11.14691584,3,3604,218,29
33.830928,-106.359896,2026-09-25 06:40:11.41243904,3,6799,135,24
33.854877,-106.253189,2026-09-25 06:40:11.172988928,3,12028,163,21
33.875975,-106.22398,2026-09-25 06:40:11.229314560,3,11270,163,20
35.74207,-99.978173,2026-09-25 06:40:11.398601216,3,13675,96,60
35.878901,-100.125423,2026-09-25 06:40:11.398651648,3,14747,194,39
35.892739,-100.142639,2026-09-25 06:40:11.398666240,3,5958,225,25
35.584737,-100.213983,2026-09-25 06:40:11.633321472,3,13669,141,46
35.735241,-100.09288,2026-09-25 06:40:11.633374976,3,7631,177,35
33.734557,-106.972914,2026-09-25 06:40:12.210355200,3,6717,94,52
33.851582,-106.844213,2026-09-25 06:40:12.210411264,3,3471,239,36
33.734719,-106.968984,2026-09-25 06:40:12.247052288,3,4432,94,59
33.84585,-106.844719,2026-09-25 06:40:12.247107840,3,4090,244,45
36.550492,-100.092816,2026-09-25 06:40:12.343732224,3,12753,100,35
36.569836,-100.133433,2026-09-25 06:40:12.343739648,3,7078,136,85
35.979383,-100.101542,2026-09-25 06:40:19.553865984,3,5903,136,82
36.031692,-100.092238,2026-09-25 06:40:19.553948160,3,11585,156,68
36.0421,-100.101004,2026-09-25 06:40:19.553943808,3,8796,180,51
36.064711,-100.107753,2026-09-25 06:40:19.553945344,3,13116,218,31
36.025671,-100.115393,2026-09-25 06:40:19.612730624,3,6300,196,51
36.05384,-100.099676,2026-09-25 06:40:19.612740608,3,7422,180,38
33.661602,-103.786459,2026-09-25 06:40:27.5202432,3,7222,147,64
33.712725,-103.802996,2026-09-25 06:40:27.5274624,3,4107,194,50
33.695892,-103.831055,2026-09-25 06:40:27.30194688,3,9455,114,19
33.672156,-103.894287,2026-09-25 06:40:27.80728064,3,10414,79,55
31.331502,-105.85113,2026-09-25 06:40:27.394984704,3,5136,141,27
33.696823,-103.804244,2026-09-25 06:40:27.549172992,3,7335,199,28
31.358259,-105.866812,2026-09-25 06:40:27.700544256,3,9212,89,26
15.323285,-95.351476,2026-09-25 06:40:35.682841600,3,6770,268,44
31.965972,-105.55484,2026-09-25 06:40:44.82965760,3,11433,82,89
32.06117,-105.537269,2026-09-25 06:40:44.83040256,3,12225,221,74
32.064765,-105.530783,2026-09-25 06:40:44.83041536,3,7461,228,59
32.114211,-105.52768,2026-09-25 06:40:44.83059712,3,7017,221,38
31.985377,-105.542526,2026-09-25 06:40:44.123575552,3,8158,173,16
32.047171,-105.529477,2026-09-25 06:40:44.123649280,3,12253,213,51
32.072473,-105.535822,2026-09-25 06:40:44.123659520,3,6175,237,34
31.989586,-105.549346,2026-09-25 06:40:44.194501376,3,7145,170,106
31.888368,-105.496951,2026-09-25 06:40:44.194525440,3,14154,140,93
32.085593,-105.541293,2026-09-25 06:40:44.194577920,3,12445,228,78
32.114032,-105.543673,2026-09-25 06:40:44.194591744,3,7292,244,54
32.046953,-105.704898,2026-09-25 06:40:44.263546880,3,7857,172,33
32.148267,-105.588416,2026-09-25 06:40:44.263603712,3,6756,255,21
31.36302,-105.888447,2026-09-25 06:40:44.297762048,3,8413,149,38
31.450981,-105.768963,2026-09-25 06:40:44.297808128,3,3748,222,24
14.894808,-95.161652,2026-09-25 06:40:44.914428928,3,4035,270,34
33.815458,-106.35974,2026-09-25 06:40:45.177559808,3,7211,93,42
33.917514,-106.231195,2026-09-25 06:40:45.177612288,3,6977,232,28
31.969308,-105.90734,2026-09-25 06:40:46.126449920,3,3207,229,45
35.996641,-100.098334,2026-09-25 06:40:53.200818688,3,4180,136,113
35.999884,-100.100985,2026-09-25 06:40:53.200815360,3,12306,102,101
36.058627,-100.017091,2026-09-25 06:40:53.200856832,3,11584,156,88
36.005962,-100.023394,2026-09-25 06:40:53.200857344,3,9409,89,73
31.693517,-106.290667,2026-09-25 06:41:01.172900352,3,8734,127,37
31.757334,-106.16708,2026-09-25 06:41:01.172942080,3,10620,216,23
31.677425,-106.29197,2026-09-25 06:41:01.390760448,3,14055,90,21
26.329976,-74.490878,2026-09-25 06:41:02.889096192,3,9932,267,107
33.859834,-75.029365,2026-09-25 06:41:10.207542016,3,6785,175,82
33.85329,-75.018242,2026-09-25 06:41:10.207538432,3,7730,180,75
33.825215,-74.988227,2026-09-25 06:41:10.207539200,3,14133,202,59
33.928725,-75.046281,2026-09-25 06:41:10.207624704,3,7630,262,47
33.852069,-75.003594,2026-09-25 06:41:10.207593472,3,6777,240,35
33.962831,-75.083612,2026-09-25 06:41:10.241823232,3,12981,115,58
33.799273,-75.161802,2026-09-25 06:41:10.241814272,3,6650,121,41
33.935786,-75.043388,2026-09-25 06:41:10.241869824,3,8949,239,24
33.839807,-75.035837,2026-09-25 06:41:10.266115072,3,9638,121,37
33.838513,-74.994972,2026-09-25 06:41:10.266104576,3,4674,203,22
33.821567,-75.018893,2026-09-25 06:41:10.313473536,3,4483,195,52
33.8309,-75.006874,2026-09-25 06:41:10.313477376,3,8484,189,82
33.916923,-75.043484,2026-09-25 06:41:10.313514240,3,7439,189,63
33.875067,-75.039584,2026-09-25 06:41:10.313551104,3,6321,268,51
33.857446,-75.017233,2026-09-25 06:41:10.313548288,3,3609,232,38
33.865826,-75.020022,2026-09-25 06:41:10.313548544,3,3335,237,26
31.440291,-105.936485,2026-09-25 06:41:18.213838848,3,12193,143,23
31.397595,-106.19666,2026-09-25 06:41:18.232715264,3,8748,198,14
36.986065,-100.015684,2026-09-25 06:41:26.751611904,3,11170,88,71
36.988118,-100.060131,2026-09-25 06:41:26.751673856,3,7600,133,59
36.989332,-100.082676,2026-09-25 06:41:26.751667968,3,5426,239,49
36.967633,-100.037689,2026-09-25 06:41:26.751686912,3,13748,147,38
28.499859,-74.312158,2026-09-25 06:41:27.171505664,3,6487,236,24
33.685915,-106.094656,2026-09-25 06:41:27.193941504,3,9098,95,70
33.737616,-105.984939,2026-09-25 06:41:27.193977088,3,8616,199,59
36.872679,-99.95144,2026-09-25 06:41:27.626893568,3,6788,126,108
36.917135,-99.965914,2026-09-25 06:41:27.626900992,3,9799,155,99
36.902658,-99.976169,2026-09-25 06:41:27.626904064,3,6444,134,91
31.944332,-105.522544,2026-09-25 06:41:34.903397632,3,10181,171,21
32.012507,-105.500792,2026-09-25 06:41:34.903478528,3,12155,218,96
31.958383,-105.520613,2026-09-25 06:41:34.903460608,3,6488,238,83
32.042254,-105.508136,2026-09-25 06:41:34.903475200,3,13499,228,70
31.922735,-105.540855,2026-09-25 06:41:34.903458816,3,8649,226,52
31.948216,-105.552197,2026-09-25 06:41:34.953293056,3,14007,134,16
32.048518,-105.519279,2026-09-25 06:41:34.953363200,3,7268,231,47
31.815679,-105.571107,2026-09-25 06:41:34.981287424,3,7298,174,71
32.038127,-105.517197,2026-09-25 06:41:34.981362944,3,9242,221,60
31.914687,-105.626533,2026-09-25 06:41:35.12215552,3,4269,120,27
35.999316,-100.109694,2026-09-25 06:41:42.311463424,3,9723,97,59
36.019118,-100.153911,2026-09-25 06:41:42.311526400,3,6641,140,46
36.057425,-100.117329,2026-09-25 06:41:42.311538432,3,8288,182,29
15.206291,-94.861271,2026-09-25 06:41:42.405543424,3,8185,266,19
35.900099,-100.240905,2026-09-25 06:41:42.438384128,3,14086,138,57
36.033477,-100.146324,2026-09-25 06:41:42.438424576,3,3399,140,47
37.515385,-68.628377,2026-09-25 06:41:49.699794944,3,4892,264,49
37.483888,-68.55943,2026-09-25 06:41:49.699846656,3,12157,248,35
37.461631,-68.521343,2026-09-25 06:41:49.699828736,3,6504,244,17
20.404901,-92.875946,2026-09-25 06:41:49.779415808,3,10791,268,47
37.420677,-68.493919,2026-09-25 06:41:49.942695680,3,13624,138,31
37.602384,-68.529294,2026-09-25 06:41:49.949206272,3,12776,141,30
37.473787,-68.42784,2026-09-25 06:41:49.949148416,3,10608,259,17
34.179297,-106.029639,2026-09-25 06:41:58.78048000,3,12204,209,41
34.165375,-106.016186,2026-09-25 06:41:58.78043648,3,13361,205,28
30.856741,-78.419799,2026-09-25 06:41:59.748736768,3,3898,193,22
36.013113,-100.085853,2026-09-25 06:42:00.40317696,3,5981,135,21
36.034217,-100.108834,2026-09-25 06:42:00.40378880,3,7426,140,61
36.042406,-100.113521,2026-09-25 06:42:00.40377344,3,2761,130,48
36.04804,-100.097122,2026-09-25 06:42:00.177986816,3,4896,129,41
31.977567,15.070345,2026-09-25 06:40:06.272903168,4,8640,233,36
31.081896,15.945501,2026-09-25 06:40:08.447117056,4,9605,238,29
41.001247,19.252859,2026-09-25 06:40:15.226914048,4,9588,177,27
39.68152,18.790524,2026-09-25 06:40:15.872553984,4,8070,196,23
31.834837,15.401888,2026-09-25 06:40:21.956447232,4,12817,255,28
31.803612,15.395055,2026-09-25 06:40:22.3786496,4,12705,255,19
18.633324,117.202268,2026-09-25 06:40:23.265395456,4,10434,252,40
40.259338,14.8176,2026-09-25 06:40:32.101644544,4,13090,193,34
39.63762,13.368778,2026-09-25 06:40:32.435908608,4,5209,179,28
46.368145,47.793831,2026-09-25 06:40:38.864419072,4,13534,190,23
40.616365,14.511444,2026-09-25 06:40:40.24810240,4,10407,183,35
33.560136,11.616702,2026-09-25 06:40:58.878787328,4,6871,227,22
39.325612,12.82579,2026-09-25 06:41:01.10697984,4,12417,217,24
39.657565,18.84663,2026-09-25 06:41:10.434240000,4,9677,196,27
21.023892,128.749652,2026-09-25 06:41:23.605824768,4,13839,181,21
40.25006,14.934861,2026-09-25 06:41:31.732550912,4,9768,210,24
31.864151,14.914072,2026-09-25 06:41:41.584942592,4,13587,254,22
32.006672,14.728726,2026-09-25 06:41:42.220984320,4,9897,233,18
40.6958,13.963151,2026-09-25 06:41:46.719858432,4,3134,215,37
40.668616,13.996064,2026-09-25 06:41:46.719862272,4,8111,254,26
40.67862,13.965851,2026-09-25 06:41:46.778763264,4,6226,209,30
40.6969,13.958321,2026-09-25 06:41:46.826006528,4,3905,208,26
31.739018,15.631135,2026-09-25 06:41:48.806925312,4,14283,234,27
18.559785,117.484875,2026-09-25 06:42:03.973648896,4,8153,250,33
15.333228,-95.336477,2026-09-25 06:40:06.998591744,7,4470,268,21
14.425486,-95.343084,2026-09-25 06:40:17.250285312,7,8002,270,27
17.059973,-94.712042,2026-09-25 06:40:19.512052736,7,11243,258,12
12.872738,-95.777935,2026-09-25 06:40:51.374580480,7,11589,233,21
19.148655,-73.315682,2026-09-25 06:41:01.372625920,7,10616,253,23
26.450658,-74.54327,2026-09-25 06:41:02.889139200,7,3367,231,33
14.720129,-95.149738,2026-09-25 06:41:18.922795264,7,8242,268,30
14.694587,-95.219106,2026-09-25 06:41:19.216882944,7,11169,268,25
14.566343,-95.181024,2026-09-25 06:41:19.792629248,7,7214,269,17
26.534731,-74.506318,2026-09-25 06:41:20.734828288,7,4331,263,21
28.447248,-74.153701,2026-09-25 06:41:27.171460608,7,13855,241,10
28.533446,-74.394697,2026-09-25 06:41:27.502674432,7,3247,257,17
26.431635,-74.509849,2026-09-25 06:41:36.397162752,7,3149,258,33
26.443246,-74.524283,2026-09-25 06:41:36.397219584,7,11302,134,26
26.419011,-74.507614,2026-09-25 06:41:36.397218560,7,10064,132,16
26.483672,-74.522882,2026-09-25 06:41:36.723112192,7,3096,261,22
14.611973,-95.131496,2026-09-25 06:41:37.76222208,7,6763,269,15
18.858482,-92.866266,2026-09-25 06:42:01.754889472,7,2401,252,19
18.845987,-92.853448,2026-09-25 06:42:01.834097920,7,3200,252,15
29.233968,-40.666147,2026-09-25 06:41:45.523632896,5,7369,235,40
41.252231,111.91766,2026-09-25 06:40:17.299543040,9,11089,196,17
18.64672,117.318099,2026-09-25 06:40:23.265419264,9,7616,251,39
41.991836,119.124941,2026-09-25 06:40:38.844397056,9,7520,175,10
32.098685,-105.524152,2026-09-25 06:40:44.194584064,9,13628,231,11
20.97082,128.656278,2026-09-25 06:41:31.387308544,9,3213,247,25
20.997664,128.658871,2026-09-25 06:41:31.478864384,9,2396,246,33
21.29225,128.411979,2026-09-25 06:41:32.367290112,9,8712,182,16
31.157654,-105.958698,2026-09-25 06:40:00.346889216,13,7613,203,33
37.514671,-68.536645,2026-09-25 06:40:02.913843200,13,3009,168,58
37.514368,-68.574787,2026-09-25 06:40:03.338207744,13,6540,162,49
37.503359,-68.574644,2026-09-25 06:40:03.479598336,13,7026,156,38
37.538476,-68.594228,2026-09-25 06:40:03.555628544,13,5676,244,50
26.417871,-74.51295,2026-09-25 06:40:03.874865408,13,4700,259,137
37.549165,-68.605328,2026-09-25 06:40:04.151070208,13,5328,265,41
37.519866,-68.567853,2026-09-25 06:40:04.151119872,13,4169,248,27
36.200202,-100.108408,2026-09-25 06:40:06.595828480,13,14692,154,32
36.183957,-100.13888,2026-09-25 06:40:06.595806208,13,4792,253,49
36.99484,-99.8927,2026-09-25 06:40:07.598311168,13,8030,149,104
36.98581,-99.891491,2026-09-25 06:40:07.598316544,13,7641,148,106
36.956463,-99.875626,2026-09-25 06:40:07.647710720,13,12683,88,49
36.996596,-99.8776,2026-09-25 06:40:07.647783424,13,8529,163,55
36.986584,-99.883317,2026-09-25 06:40:07.781374720,13,5007,223,33
37.009994,-99.874235,2026-09-25 06:40:07.781384960,13,6026,172,28
36.956128,-99.874198,2026-09-25 06:40:07.890625536,13,12896,88,59
36.977771,-99.90712,2026-09-25 06:40:07.890682624,13,4533,133,45
31.405499,-106.149356,2026-09-25 06:40:08.507767296,13,12327,89,95
31.519269,-106.139606,2026-09-25 06:40:08.507850240,13,8761,222,81
31.407144,-106.141706,2026-09-25 06:40:08.578957056,13,10765,141,41
31.526004,-106.106982,2026-09-25 06:40:08.579043584,13,4802,245,33
31.37348,-105.774673,2026-09-25 06:40:08.800327680,13,11806,195,23
31.428384,-105.93518,2026-09-25 06:40:08.842190848,13,5085,140,37
31.999224,-105.558649,2026-09-25 06:40:10.622587136,13,6171,172,59
32.103703,-105.538802,2026-09-25 06:40:10.622665728,13,5250,219,66
31.966957,-105.569032,2026-09-25 06:40:10.701835008,13,7720,99,89
32.054634,-105.538638,2026-09-25 06:40:10.701895424,13,12820,194,76
33.859929,-106.235758,2026-09-25 06:40:10.963274752,13,8700,163,39
33.855193,-106.240489,2026-09-25 06:40:11.14676224,13,14155,175,35
33.875986,-106.223981,2026-09-25 06:40:11.229314560,13,11270,163,19
35.746561,-99.977792,2026-09-25 06:40:11.398602496,13,13482,94,60
35.584726,-100.213953,2026-09-25 06:40:11.633321472,13,13667,141,46
35.73908,-100.094275,2026-09-25 06:40:11.633376000,13,9212,177,35
33.737543,-106.971987,2026-09-25 06:40:12.210354432,13,7432,94,50
33.820469,-106.822295,2026-09-25 06:40:12.247104768,13,14209,233,20
36.618229,-100.121864,2026-09-25 06:40:12.343813888,13,11010,210,20
19.302492,-92.502561,2026-09-25 06:40:12.964117248,13,2106,260,30
36.282125,-107.966267,2026-09-25 06:40:13.568295936,13,13864,77,108
31.905142,-106.006391,2026-09-25 06:40:14.354863872,13,14624,196,43
31.969138,-105.991374,2026-09-25 06:40:14.354884864,13,4690,229,34
31.869644,-106.123942,2026-09-25 06:40:14.470049536,13,12545,135,53
31.968814,-105.994068,2026-09-25 06:40:14.470095616,13,2355,234,41
15.115501,-95.291973,2026-09-25 06:40:14.765563904,13,3003,267,85
31.870466,-106.121944,2026-09-25 06:40:15.25806080,13,13809,92,25
31.818066,-105.279491,2026-09-25 06:40:17.396424960,13,11212,243,23
31.479582,-105.555251,2026-09-25 06:40:17.479517952,13,8957,247,66
31.74616,-105.314399,2026-09-25 06:40:17.757184256,13,12377,187,46
33.770103,-106.405798,2026-09-25 06:40:17.859261696,13,9568,94,48
36.006285,-100.090697,2026-09-25 06:40:18.332062720,13,11702,106,104
36.041549,-100.112703,2026-09-25 06:40:18.332070144,13,8834,172,85
36.064328,-100.107216,2026-09-25 06:40:18.332134656,13,9578,170,70
37.454966,-68.594222,2026-09-25 06:40:19.31355392,13,8220,161,41
31.708349,-106.205803,2026-09-25 06:40:19.270349824,13,12510,189,42
31.821931,-106.17384,2026-09-25 06:40:19.270374656,13,6653,235,28
35.978037,-100.118701,2026-09-25 06:40:19.553861376,13,14074,136,66
36.0317,-100.092225,2026-09-25 06:40:19.553948160,13,11586,156,65
36.043327,-100.103272,2026-09-25 06:40:19.813745408,13,4202,194,21
36.035196,-100.093213,2026-09-25 06:40:19.857526528,13,3078,233,29
32.413021,-105.04059,2026-09-25 06:40:20.80175104,13,7856,177,38
32.477366,-105.022875,2026-09-25 06:40:20.80185600,13,7494,225,27
32.341701,-105.434141,2026-09-25 06:40:21.111042048,13,8774,129,90
32.401821,-105.415135,2026-09-25 06:40:21.111108352,13,8980,218,77
32.363754,-105.410872,2026-09-25 06:40:21.151203840,13,14841,179,42
32.322527,-105.428739,2026-09-25 06:40:21.178810624,13,14433,129,39
36.151005,-106.159987,2026-09-25 06:40:22.793294848,13,8511,136,36
36.110648,-106.265542,2026-09-25 06:40:22.959997184,13,12633,90,40
36.184832,-106.136222,2026-09-25 06:40:22.960048384,13,6839,193,37
33.84238,-105.954639,2026-09-25 06:40:23.791701504,13,14586,136,124
33.921441,-105.962014,2026-09-25 06:40:23.791784448,13,13714,212,62
28.904604,-74.379254,2026-09-25 06:40:24.146661120,13,5171,240,31
28.81023,-74.335207,2026-09-25 06:40:24.232898048,13,12399,240,33
28.801499,-74.352702,2026-09-25 06:40:24.283352832,13,9474,215,34
33.492362,-103.973127,2026-09-25 06:40:27.5171968,13,14180,208,61
33.722747,-103.777204,2026-09-25 06:40:27.5280512,13,4891,222,28
31.331515,-105.851116,2026-09-25 06:40:27.394984704,13,5137,141,27
33.662388,-103.861985,2026-09-25 06:40:27.549149952,13,7948,232,28
31.409024,-105.749739,2026-09-25 06:40:27.700585984,13,7332,192,25
36.054423,-100.121377,2026-09-25 06:40:29.264295936,13,6185,129,35
36.148247,-100.072678,2026-09-25 06:40:29.264327936,13,14143,205,18
36.052843,-100.129519,2026-09-25 06:40:29.679266560,13,5352,196,36
36.067556,-100.113864,2026-09-25 06:40:29.679273728,13,6516,168,23
32.018902,-105.903512,2026-09-25 06:40:31.565807872,13,11692,209,34
31.75463,-106.288432,2026-09-25 06:40:32.228382976,13,8864,139,25
31.700027,-106.314915,2026-09-25 06:40:32.320457472,13,10981,85,54
31.796092,-106.205032,2026-09-25 06:40:32.320502528,13,8726,220,41
31.667652,-106.308215,2026-09-25 06:40:34.709350912,13,12930,138,16
33.21752,-75.415712,2026-09-25 06:40:35.173406976,13,14320,184,49
33.327306,-75.259856,2026-09-25 06:40:35.214082048,13,14276,182,15
23.745579,-53.889702,2026-09-25 06:40:36.481507584,13,7305,264,53
37.470448,-68.588037,2026-09-25 06:40:37.72832768,13,8083,139,78
37.485483,-68.563739,2026-09-25 06:40:37.72840192,13,8589,249,58
37.478226,-68.556261,2026-09-25 06:40:37.72896512,13,4559,240,39
37.507198,-68.542583,2026-09-25 06:40:37.97401344,13,6599,153,39
37.480484,-68.492999,2026-09-25 06:40:37.97457664,13,9859,218,24
31.942224,-105.928176,2026-09-25 06:40:37.492251392,13,9051,189,37
31.98023,-105.936485,2026-09-25 06:40:37.492262144,13,1845,222,24
37.517276,-68.573042,2026-09-25 06:40:37.857961472,13,4608,270,66
14.785456,-95.194208,2026-09-25 06:40:38.389610496,13,7400,268,57
32.624896,-105.286395,2026-09-25 06:40:39.64230400,13,8124,158,61
32.681285,-105.265086,2026-09-25 06:40:39.64301056,13,10490,185,56
32.580894,-105.33961,2026-09-25 06:40:39.213474304,13,6269,230,103
36.803673,-100.033894,2026-09-25 06:40:40.44917504,13,14543,124,55
37.671091,-66.242191,2026-09-25 06:40:40.334898176,13,7169,189,26
31.296472,-105.911028,2026-09-25 06:40:40.728819456,13,14800,146,35
31.336529,-105.832157,2026-09-25 06:40:40.728842752,13,8325,249,22
31.745953,-106.174633,2026-09-25 06:40:41.545156608,13,10057,189,55
31.771217,-106.169144,2026-09-25 06:40:41.545167872,13,10511,206,42
37.748323,-66.270158,2026-09-25 06:40:42.426446080,13,6480,260,34
31.985769,-105.545042,2026-09-25 06:40:44.82963456,13,10981,171,84
32.061167,-105.537272,2026-09-25 06:40:44.83040256,13,12226,221,74
31.981203,-105.536856,2026-09-25 06:40:44.123573760,13,12147,173,54
31.989554,-105.549387,2026-09-25 06:40:44.194501376,13,7143,170,98
31.901591,-105.487502,2026-09-25 06:40:44.194530048,13,11625,140,83
14.895618,-95.160374,2026-09-25 06:40:44.468021504,13,5847,268,42
33.816224,-106.355016,2026-09-25 06:40:45.177558272,13,8148,93,42
33.917835,-106.230735,2026-09-25 06:40:45.177612544,13,6976,232,28
36.210804,-100.051609,2026-09-25 06:40:48.645176320,13,11045,132,76
36.234212,-100.048747,2026-09-25 06:40:48.645251840,13,9026,152,59
36.202396,-100.116123,2026-09-25 06:40:48.704624128,13,11702,214,32
33.709647,-105.988067,2026-09-25 06:40:48.739749888,13,14970,187,26
36.209132,-100.053429,2026-09-25 06:40:49.69315072,13,11787,132,60
36.244944,-100.047454,2026-09-25 06:40:49.69385472,13,3098,203,46
33.356311,-104.297675,2026-09-25 06:40:50.41537280,13,12309,215,51
33.442458,-104.107304,2026-09-25 06:40:50.41601280,13,10181,207,39
31.264453,-105.915733,2026-09-25 06:40:50.114468096,13,12210,147,15
33.303327,-104.359481,2026-09-25 06:40:50.421470720,13,10002,144,105
33.372324,-104.355991,2026-09-25 06:40:50.421543168,13,13116,214,87
30.578948,-78.017897,2026-09-25 06:40:50.691924736,13,14501,225,62
30.464758,-77.976126,2026-09-25 06:40:50.691937536,13,9735,206,57
35.999369,-100.006334,2026-09-25 06:40:53.200861696,13,6059,92,43
36.030037,-100.001556,2026-09-25 06:40:53.200866048,13,5474,192,30
36.031747,-100.141073,2026-09-25 06:40:53.525161216,13,4019,204,18
35.514886,-101.047675,2026-09-25 06:40:53.949919744,13,7188,214,25
31.747448,-105.313227,2026-09-25 06:40:54.190709760,13,7419,172,123
31.828315,-105.292249,2026-09-25 06:40:54.190787072,13,14870,220,82
31.846048,-105.294836,2026-09-25 06:40:54.307154688,13,4374,237,30
31.732412,-105.422415,2026-09-25 06:40:54.385420544,13,8785,122,55
31.827746,-105.302218,2026-09-25 06:40:54.385471488,13,3091,233,43
31.711556,-105.335938,2026-09-25 06:40:54.761644544,13,14319,139,76
31.802156,-105.310181,2026-09-25 06:40:54.761710336,13,7555,195,64
37.770456,-66.344734,2026-09-25 06:40:56.939000320,13,5010,162,82
37.764138,-66.342566,2026-09-25 06:40:56.939004672,13,6730,258,61
32.075861,-77.514323,2026-09-25 06:40:57.76892160,13,9546,183,126
32.118704,-77.533651,2026-09-25 06:40:57.76906496,13,6477,212,108
32.097341,-77.521294,2026-09-25 06:40:57.76905728,13,6714,246,87
37.801277,-66.36938,2026-09-25 06:40:57.323459584,13,5270,259,47
32.07443,-77.507414,2026-09-25 06:40:57.584889088,13,6896,187,76
37.686671,-66.298908,2026-09-25 06:40:57.823140352,13,13362,164,34
37.77674,-66.33384,2026-09-25 06:40:57.823174144,13,6948,264,21
31.352093,-105.906868,2026-09-25 06:40:59.217845760,13,9194,145,45
31.443885,-105.797524,2026-09-25 06:40:59.217888512,13,3449,222,33
33.661809,-106.320661,2026-09-25 06:40:59.893122816,13,8905,138,112
33.647657,-106.212846,2026-09-25 06:40:59.893158144,13,14166,182,94
31.74175,-106.169087,2026-09-25 06:41:01.172932096,13,11607,189,37
26.315561,-74.472023,2026-09-25 06:41:02.889089280,13,4874,267,138
26.495973,-74.532445,2026-09-25 06:41:03.80576768,13,4499,261,39
31.286201,-105.872024,2026-09-25 06:41:03.574351104,13,12316,194,42
28.580602,-74.351984,2026-09-25 06:41:04.504479232,13,4327,240,39
32.049001,-105.533942,2026-09-25 06:41:05.215969792,13,13829,184,52
31.989798,-105.52984,2026-09-25 06:41:05.226457600,13,8061,170,57
32.075476,-105.51836,2026-09-25 06:41:05.226535424,13,12156,218,73
31.96314,-105.650579,2026-09-25 06:41:05.840336384,13,11608,136,62
32.07775,-105.522499,2026-09-25 06:41:05.840380160,13,5773,228,51
32.056347,-105.525105,2026-09-25 06:41:05.840374272,13,7966,228,40
22.819933,-73.843887,2026-09-25 06:41:06.112501504,13,5695,267,52
33.694749,-107.022997,2026-09-25 06:41:08.859978240,13,7318,115,45
33.761491,-106.864935,2026-09-25 06:41:08.860021504,13,6373,190,36
33.800001,-106.86971,2026-09-25 06:41:08.860039424,13,8526,219,28
33.876572,-75.04337,2026-09-25 06:41:10.207549184,13,4027,247,88
33.823495,-75.004097,2026-09-25 06:41:10.207535104,13,5549,189,83
33.822387,-75.002459,2026-09-25 06:41:10.207532800,13,8217,201,69
33.906666,-75.038661,2026-09-25 06:41:10.207610624,13,7603,268,55
33.858819,-75.012146,2026-09-25 06:41:10.207601920,13,10087,232,44
33.962825,-75.083611,2026-09-25 06:41:10.241823232,13,12981,115,58
33.830405,-75.009643,2026-09-25 06:41:10.313473280,13,8297,195,101
33.815641,-75.00121,2026-09-25 06:41:10.313474048,13,2990,189,83
33.917405,-75.043516,2026-09-25 06:41:10.313507584,13,7409,189,69
33.855969,-75.016598,2026-09-25 06:41:10.313541120,13,7435,268,55
33.862199,-75.01882,2026-09-25 06:41:10.313549824,13,7565,232,41
36.876064,-99.935904,2026-09-25 06:41:11.786708736,13,9816,122,81
36.894274,-99.935062,2026-09-25 06:41:11.786778880,13,7870,146,68
36.347463,-107.923093,2026-09-25 06:41:12.810372608,13,6623,159,38
36.36192,-107.920288,2026-09-25 06:41:12.810374912,13,5889,177,26
36.206375,-100.013639,2026-09-25 06:41:14.830253568,13,6110,229,34
36.201416,-100.073279,2026-09-25 06:41:14.865376512,13,12712,81,44
36.200643,-100.051523,2026-09-25 06:41:14.865384192,13,9735,118,29
36.198552,-100.062513,2026-09-25 06:41:14.927426304,13,11634,203,35
36.187652,-100.080172,2026-09-25 06:41:14.927414016,13,3391,254,31
36.171346,-100.040256,2026-09-25 06:41:15.61062912,13,4642,134,65
36.210545,-100.068289,2026-09-25 06:41:15.61128192,13,5785,139,53
36.187631,-100.128879,2026-09-25 06:41:15.61107200,13,5134,206,38
36.205575,-100.05386,2026-09-25 06:41:15.104838400,13,7350,186,28
37.113858,-100.058194,2026-09-25 06:41:15.414670592,13,4205,198,27
31.743349,-106.27588,2026-09-25 06:41:15.451915776,13,7750,127,22
36.223057,-100.047254,2026-09-25 06:41:15.506077440,13,3197,218,21
31.463964,-105.805641,2026-09-25 06:41:16.476093952,13,12871,191,51
31.550539,-105.802548,2026-09-25 06:41:16.476110592,13,3883,235,37
31.452503,-105.823917,2026-09-25 06:41:16.589500672,13,7791,179,65
31.445578,-105.91722,2026-09-25 06:41:16.589534464,13,7537,137,53
31.460442,-105.816081,2026-09-25 06:41:16.737253888,13,6206,181,92
31.436966,-105.927048,2026-09-25 06:41:16.908498432,13,7501,129,39
31.508879,-105.815055,2026-09-25 06:41:16.908537600,13,6343,222,31
31.430664,-105.93806,2026-09-25 06:41:16.986029312,13,10777,88,39
31.483527,-105.818925,2026-09-25 06:41:17.372029184,13,9345,191,39
31.519155,-105.807133,2026-09-25 06:41:17.372034816,13,7753,231,34
31.533689,-105.805868,2026-09-25 06:41:17.372039168,13,5542,231,25
36.115311,-106.310581,2026-09-25 06:41:17.745914880,13,10270,203,20
36.132151,-106.117726,2026-09-25 06:41:17.769593856,13,12160,166,28
31.418298,-105.921333,2026-09-25 06:41:17.958471936,13,10865,129,18
31.495269,-105.799776,2026-09-25 06:41:18.213891072,13,8223,199,21
26.516416,-74.513078,2026-09-25 06:41:20.734822400,13,5752,257,33
31.817741,-105.476592,2026-09-25 06:41:21.597473536,13,11272,219,80
33.79953,-103.779484,2026-09-25 06:41:22.775242240,13,5148,215,35
33.558258,-103.911399,2026-09-25 06:41:24.38314496,13,10887,112,30
37.500977,-68.641604,2026-09-25 06:41:24.979763456,13,4626,265,62
36.324831,-67.044244,2026-09-25 06:41:24.998135808,13,6120,263,30
37.514727,-68.64385,2026-09-25 06:41:25.45718272,13,6147,261,44
36.178077,-100.156186,2026-09-25 06:41:25.249828864,13,12705,187,27
36.162307,-100.132487,2026-09-25 06:41:25.445187072,13,7545,187,32
36.19,-100.133796,2026-09-25 06:41:25.445195776,13,6655,244,18
37.439064,-99.849238,2026-09-25 06:41:25.569904384,13,10962,180,34
36.149342,-100.130628,2026-09-25 06:41:25.576375296,13,14578,151,34
36.157701,-100.150754,2026-09-25 06:41:25.576376320,13,7329,235,29
36.235519,-100.108888,2026-09-25 06:41:25.843734528,13,3353,172,26
36.997705,-100.010854,2026-09-25 06:41:26.751679232,13,12382,89,23
33.770675,-105.972804,2026-09-25 06:41:27.193989120,13,5693,232,33
36.879634,-99.947466,2026-09-25 06:41:27.626893824,13,7866,126,104
36.917343,-99.965126,2026-09-25 06:41:27.626901248,13,9822,163,99
36.20373,-100.128377,2026-09-25 06:41:28.888731392,13,6389,200,28
34.002988,-106.085641,2026-09-25 06:41:29.152970752,13,12261,175,54
34.067275,-106.204349,2026-09-25 06:41:29.317643264,13,8193,210,20
32.396002,-105.346802,2026-09-25 06:41:29.771903744,13,13845,164,114
31.784254,-105.333149,2026-09-25 06:41:31.113899520,13,10087,186,47
21.776085,-106.511034,2026-09-25 06:41:31.401703680,13,10287,255,112
21.837023,-106.706032,2026-09-25 06:41:31.797716992,13,13497,249,46
19.329005,-92.543579,2026-09-25 06:41:34.582839296,13,3986,234,63
31.951311,-105.519687,2026-09-25 06:41:34.903397120,13,14001,171,118
31.981368,-105.716106,2026-09-25 06:41:35.465033472,13,12746,82,53
32.069378,-105.589692,2026-09-25 06:41:35.465078016,13,9479,219,47
36.431702,-100.046069,2026-09-25 06:41:35.902221312,13,8217,156,30
36.449389,-100.012941,2026-09-25 06:41:35.902222592,13,8719,173,21
26.458284,-74.502943,2026-09-25 06:41:36.397170432,13,5215,258,131
31.731674,-106.307233,2026-09-25 06:41:36.556702464,13,13643,84,44
36.487181,-100.154535,2026-09-25 06:41:36.616951808,13,10760,185,44
31.719524,-106.308239,2026-09-25 06:41:36.629549824,13,13082,137,24
26.462097,-74.527871,2026-09-25 06:41:36.723106048,13,8040,261,72
36.020039,-100.098773,2026-09-25 06:41:37.539776000,13,13737,96,111
36.057307,-100.116296,2026-09-25 06:41:37.539786496,13,9319,164,95
36.063266,-100.08904,2026-09-25 06:41:37.539800320,13,9892,90,80
32.562747,-105.630717,2026-09-25 06:41:38.87314944,13,12482,111,54
32.628025,-105.503064,2026-09-25 06:41:38.87356160,13,8851,214,40
21.630275,-105.64998,2026-09-25 06:41:38.695753472,13,3982,270,26
31.872124,-106.112934,2026-09-25 06:41:41.70396928,13,8294,124,51
31.963823,-105.99425,2026-09-25 06:41:41.70444288,13,5961,234,38
31.858893,-106.123368,2026-09-25 06:41:41.117611776,13,7864,124,25
36.815562,-99.970247,2026-09-25 06:41:41.982463488,13,11878,127,44
37.77665,-66.381158,2026-09-25 06:41:45.978944,13,8904,163,26
37.526474,-68.542011,2026-09-25 06:41:45.443177472,13,3749,262,44
37.494393,-68.476741,2026-09-25 06:41:45.443216128,13,6878,228,29
28.555481,-74.293376,2026-09-25 06:41:45.712888064,13,6084,236,48
28.822788,-74.365971,2026-09-25 06:41:45.793326592,13,5013,242,41
32.137363,-105.447138,2026-09-25 06:41:46.304909312,13,7891,192,24
32.122461,-105.55238,2026-09-25 06:41:46.380578048,13,7390,117,64
32.196438,-105.431631,2026-09-25 06:41:46.380624384,13,6332,227,51
31.928616,-106.02977,2026-09-25 06:41:47.392572160,13,12549,122,61
31.88226,-106.042927,2026-09-25 06:41:47.531037184,13,7257,145,33
36.504013,-99.905071,2026-09-25 06:41:48.172602624,13,14635,129,55
36.49716,-99.950504,2026-09-25 06:41:48.172587776,13,8367,137,40
30.78707,-78.379773,2026-09-25 06:41:48.542517504,13,10708,182,52
31.363915,-105.825251,2026-09-25 06:41:48.628991744,13,7232,264,26
31.407119,-105.800446,2026-09-25 06:41:48.629002240,13,5163,222,21
37.467927,-68.592638,2026-09-25 06:41:48.998192384,13,2634,163,82
37.490076,-68.57624,2026-09-25 06:41:48.998195712,13,8012,243,69
37.475824,-68.641048,2026-09-25 06:41:49.111655168,13,6602,139,74
37.519901,-68.588018,2026-09-25 06:41:49.266158080,13,9953,242,39
37.467283,-68.552434,2026-09-25 06:41:49.266199040,13,5980,208,47
37.490186,-68.599533,2026-09-25 06:41:49.376258560,13,6242,259,76
37.461938,-68.529949,2026-09-25 06:41:49.376311040,13,13287,221,32
37.515383,-68.628383,2026-09-25 06:41:49.699794944,13,4892,264,50
37.499319,-68.575933,2026-09-25 06:41:49.699844096,13,3948,248,36
33.319327,-104.057784,2026-09-25 06:41:50.767125504,13,12025,117,60
33.287681,-104.136067,2026-09-25 06:41:50.820771328,13,10020,180,40
28.735668,-74.511835,2026-09-25 06:41:51.571610624,13,10137,179,50
14.644296,-95.13454,2026-09-25 06:41:52.93856256,13,4300,269,38
18.26216,-102.282958,2026-09-25 06:41:53.51000832,13,4357,262,47
15.129202,-95.297641,2026-09-25 06:41:55.429761536,13,8966,267,43
36.141618,-100.371704,2026-09-25 06:41:55.447494144,13,11374,244,25
36.222939,-100.07935,2026-09-25 06:41:55.447585280,13,7281,179,25
19.440497,-91.644969,2026-09-25 06:41:55.554621184,13,14561,260,38
36.147587,-100.458134,2026-09-25 06:41:56.169479424,13,8736,125,100
36.185819,-100.507765,2026-09-25 06:41:56.169482496,13,9881,155,85
36.17732,-100.518817,2026-09-25 06:41:56.169480704,13,8466,138,70
34.179297,-106.029639,2026-09-25 06:41:58.78048000,13,12204,209,41
30.851601,-78.416749,2026-09-25 06:41:59.748734720,13,6010,193,23
36.020617,-100.076353,2026-09-25 06:42:00.40322048,13,8241,96,73
36.034075,-100.10889,2026-09-25 06:42:00.40378880,13,7423,140,59
36.052865,-100.090154,2026-09-25 06:42:00.177986048,13,6973,129,39
31.716032,-106.244809,2026-09-25 06:42:01.241433088,13,12666,127,29
31.33877,-105.770067,2026-09-25 06:42:01.518237696,13,5059,264,29
31.324657,-105.845942,2026-09-25 06:42:01.567202048,13,8396,130,23
31.414461,-105.73303,2026-09-25 06:42:01.567247872,13,4559,253,25
31.39612,-105.708464,2026-09-25 06:42:01.618074880,13,9792,192,23
18.851642,-92.830123,2026-09-25 06:42:01.754897408,13,10337,260,19
31.385266,-105.715837,2026-09-25 06:42:01.853876224,13,13693,228,28
31.312445,-105.937767,2026-09-25 06:42:02.180234752,13,3738,248,25
28.718952,-74.279068,2026-09-25 06:42:03.178503424,13,7326,255,73
31.479623,-106.020161,2026-09-25 06:42:03.611269632,13,8193,192,19
21.688783,-105.441004,2026-09-25 06:42:04.324561664,13,6605,250,50
33.40558,-110.748872,2026-09-25 06:42:06.521632768,13,11121,209,25
33.751805,-106.234686,2026-09-25 06:42:06.924323328,13,5913,232,23
31.747401,-105.334106,2026-09-25 06:42:08.15640576,13,5724,175,83
31.830174,-105.32638,2026-09-25 06:42:08.15715840,13,13021,222,74
31.824192,-105.311298,2026-09-25 06:42:08.94114816,13,5721,229,43
31.745577,-105.441003,2026-09-25 06:42:08.142464768,13,7485,177,36
31.832397,-105.25395,2026-09-25 06:42:08.280404224,13,8294,209,36
31.730995,-105.446784,2026-09-25 06:42:08.417280512,13,11204,85,64
31.74253,-105.444352,2026-09-25 06:42:08.417272320,13,5965,215,52
35.837866,-100.133999,2026-09-25 06:42:08.666279168,13,8291,138,51
35.867524,-100.162472,2026-09-25 06:42:08.666342912,13,3175,142,36
32.571133,-105.455344,2026-09-25 06:42:09.249868032,13,9316,193,45
32.448366,-105.611741,2026-09-25 06:42:09.451229952,13,14283,77,57
36.029452,-100.125612,2026-09-25 06:42:10.129457664,13,5584,186,26
21.653799,-105.521647,2026-09-25 06:42:11.98019328,13,7337,248,50
33.426335,-106.180618,2026-09-25 06:42:11.722301184,13,9221,99,54
33.505041,-106.070813,2026-09-25 06:42:11.722351872,13,7386,220,40
33.835175,-106.269717,2026-09-25 06:42:12.989703936,13,12205,163,23
32.039868,-105.556159,2026-09-25 06:42:13.244467968,13,14300,184,35
36.129458,-106.117202,2026-09-25 06:42:14.869196288,13,10201,137,31
36.144058,-106.108031,2026-09-25 06:42:14.908026112,13,14175,136,51
36.177119,-106.106763,2026-09-25 06:42:14.908032512,13,7970,204,36
36.203713,-106.112199,2026-09-25 06:42:15.92836608,13,5953,188,25
36.168895,-106.114804,2026-09-25 06:42:15.137388800,13,10007,198,21
36.189438,-106.118905,2026-09-25 06:42:15.210754816,13,5902,188,25
31.740999,-106.184809,2026-09-25 06:42:15.509797888,13,13110,189,23
31.710092,-106.268567,2026-09-25 06:42:15.577911040,13,8130,127,56
31.803648,-106.14143,2026-09-25 06:42:15.577960448,13,7926,230,43
31.670329,-106.312505,2026-09-25 06:42:15.710748416,13,13787,138,20
30.401331,-77.938327,2026-09-25 06:42:16.488782592,13,13392,191,40
30.443993,-77.986064,2026-09-25 06:42:16.488854784,13,4929,260,22
36.244383,-108.026699,2026-09-25 06:42:17.263943424,13,11625,139,38
36.332608,-107.932581,2026-09-25 06:42:17.263989248,13,7054,217,23
18.635782,117.259411,2026-09-25 06:40:23.265408512,14,8492,252,39
21.024004,128.74968,2026-09-25 06:41:23.605824768,14,13839,181,19
18.559598,117.484625,2026-09-25 06:42:03.973648896,14,8154,250,33
39.975109,13.544112,2026-09-25 06:40:01.291691520,11,10196,210,63
39.945448,13.654874,2026-09-25 06:40:01.291669760,11,8143,268,68
40.162129,13.656971,2026-09-25 06:40:01.291738880,11,12498,216,55
40.034107,13.615621,2026-09-25 06:40:08.142916096,11,13545,209,40
40.056963,13.642444,2026-09-25 06:40:08.142934784,11,10492,247,40
40.034744,13.67104,2026-09-25 06:40:08.142922752,11,9563,226,28
39.971375,19.057093,2026-09-25 06:40:09.207429376,11,5241,203,72
40.007967,19.013269,2026-09-25 06:40:09.207448064,11,9966,176,59
32.065902,-105.551987,2026-09-25 06:40:10.622655488,11,10272,210,31
35.738944,-100.088812,2026-09-25 06:40:11.633374720,11,14464,209,22
32.02143,14.868556,2026-09-25 06:40:13.774929408,11,13457,270,82
40.994274,19.262953,2026-09-25 06:40:15.226914048,11,10748,151,171
41.053449,19.23999,2026-09-25 06:40:15.226937856,11,7316,160,241
31.788529,-105.312047,2026-09-25 06:40:17.757190912,11,13473,243,25
30.832815,16.090796,2026-09-25 06:40:19.887515392,11,9428,265,20
33.883561,-105.948639,2026-09-25 06:40:23.791773952,11,6115,201,42
39.848085,15.479142,2026-09-25 06:40:28.961327360,11,3878,234,35
40.494424,14.622271,2026-09-25 06:40:31.636130816,11,13283,193,41
40.33272,14.792256,2026-09-25 06:40:31.636179456,11,9687,234,28
33.110551,-75.373642,2026-09-25 06:40:35.173380096,11,12187,256,24
37.964708,-69.040189,2026-09-25 06:40:37.73056512,11,9313,224,27
39.451594,16.010368,2026-09-25 06:40:38.231628288,11,11503,167,34
40.609201,14.50664,2026-09-25 06:40:40.24807680,11,6238,197,162
40.620798,14.490083,2026-09-25 06:40:40.24817664,11,10094,221,329
40.63325,14.509212,2026-09-25 06:40:40.24824576,11,9594,229,306
31.787078,-106.152204,2026-09-25 06:40:41.545170688,11,11952,233,22
40.028037,15.451406,2026-09-25 06:40:44.59355392,11,11585,248,40
32.076748,-105.537083,2026-09-25 06:40:44.83045376,11,6216,231,35
32.088423,-105.530813,2026-09-25 06:40:44.123662848,11,5470,231,22
32.092272,-105.536573,2026-09-25 06:40:44.194584064,11,6004,231,41
40.204976,19.152795,2026-09-25 06:40:45.341970176,11,11853,128,53
40.198791,19.166256,2026-09-25 06:40:45.341970176,11,9759,233,46
40.241473,19.20295,2026-09-25 06:40:45.341992704,11,10926,265,33
39.978675,13.722,2026-09-25 06:40:46.330140928,11,10666,182,73
39.955884,13.708194,2026-09-25 06:40:46.330146304,11,7056,261,67
41.013711,19.324231,2026-09-25 06:40:46.473214464,11,5619,176,21
40.08343,13.764784,2026-09-25 06:40:46.490536448,11,14803,167,20
30.894026,15.996898,2026-09-25 06:40:47.514775040,11,5290,264,24
33.34602,-104.358868,2026-09-25 06:40:50.421542400,11,4607,201,41
31.010956,-105.847132,2026-09-25 06:40:50.527078912,11,6806,235,19
40.281837,14.894995,2026-09-25 06:40:56.270839552,11,9146,197,208
40.48218,15.06605,2026-09-25 06:40:56.270925824,11,9905,264,357
33.777856,11.698956,2026-09-25 06:40:58.878836992,11,8251,246,134
33.553309,11.572154,2026-09-25 06:40:59.292866560,11,5707,262,49
33.611288,11.585806,2026-09-25 06:40:59.292886528,11,4863,258,33
33.690589,-106.335934,2026-09-25 06:40:59.893185280,11,11758,203,34
39.186308,12.818884,2026-09-25 06:41:01.10647552,11,7366,210,157
39.181807,12.811307,2026-09-25 06:41:01.10649600,11,3481,223,137
39.127957,12.822728,2026-09-25 06:41:01.10629632,11,7431,227,124
39.306182,12.851538,2026-09-25 06:41:01.10696448,11,8502,202,105
26.371512,-74.528874,2026-09-25 06:41:02.889109760,11,5710,266,216
40.197806,19.212722,2026-09-25 06:41:04.480448000,11,7964,154,31
32.04094,-105.543112,2026-09-25 06:41:05.215978752,11,8003,242,22
32.024998,-105.534071,2026-09-25 06:41:05.226526464,11,6354,210,32
32.044876,-105.515067,2026-09-25 06:41:05.840378880,11,7064,231,29
41.303293,19.47751,2026-09-25 06:41:09.115366144,11,4931,165,67
41.343713,19.520714,2026-09-25 06:41:09.115383808,11,7789,267,122
39.655569,18.843331,2026-09-25 06:41:10.434238208,11,10511,157,137
39.671096,18.841098,2026-09-25 06:41:10.434254592,11,7411,255,178
39.931701,17.200768,2026-09-25 06:41:13.40520960,11,10032,152,24
39.770522,15.832001,2026-09-25 06:41:18.864276224,11,8237,208,86
39.824789,15.879323,2026-09-25 06:41:18.864294656,11,13226,210,128
39.746567,15.835784,2026-09-25 06:41:18.864294656,11,10997,248,115
39.838658,15.835521,2026-09-25 06:41:18.864329472,11,5878,226,100
39.952724,15.67,2026-09-25 06:41:18.864390656,11,4599,268,87
39.503388,13.459471,2026-09-25 06:41:23.578129664,11,2636,268,93
39.552921,13.438845,2026-09-25 06:41:23.578147840,11,5656,205,81
39.806318,15.551151,2026-09-25 06:41:26.343422464,11,8084,163,72
39.803345,15.541723,2026-09-25 06:41:26.413991424,11,11331,163,67
39.84757,15.553627,2026-09-25 06:41:26.414006272,11,5207,235,106
39.91209,15.526435,2026-09-25 06:41:26.414027776,11,12733,238,92
39.896427,15.406438,2026-09-25 06:41:26.414052352,11,12551,265,79
33.707969,-105.99118,2026-09-25 06:41:27.193977088,11,6577,219,28
32.441767,-105.355785,2026-09-25 06:41:29.771965952,11,9275,219,43
40.258886,14.94515,2026-09-25 06:41:31.732555520,11,6816,227,197
40.245553,14.94661,2026-09-25 06:41:31.732553216,11,9146,206,307
40.24236,14.936156,2026-09-25 06:41:31.732549632,11,5903,193,291
31.999159,-105.517993,2026-09-25 06:41:34.903465472,11,10871,221,40
32.052866,-105.519325,2026-09-25 06:41:35.213895936,11,8728,229,21
32.072983,-105.588581,2026-09-25 06:41:35.465072896,11,9662,229,21
26.353299,-74.514823,2026-09-25 06:41:36.397139968,11,10287,266,144
39.954173,19.063097,2026-09-25 06:41:36.912597248,11,7050,168,29
39.956173,13.573982,2026-09-25 06:41:37.922393600,11,8521,220,38
39.896743,13.622883,2026-09-25 06:41:37.922381056,11,6153,263,31
40.682991,13.961524,2026-09-25 06:41:46.719854336,11,1856,254,324
40.696617,13.963148,2026-09-25 06:41:46.778771456,11,9463,194,238
40.679142,13.954865,2026-09-25 06:41:46.778761472,11,9032,178,232
40.69642,13.937246,2026-09-25 06:41:46.826002944,11,4669,202,193
40.73744,13.963492,2026-09-25 06:41:46.826019072,11,4038,246,156
31.981457,-105.914538,2026-09-25 06:41:47.392611584,11,12231,230,41
37.56754,-68.608162,2026-09-25 06:41:48.998224640,11,8901,224,55
33.390489,-104.025635,2026-09-25 06:41:50.727976704,11,9969,221,22
39.83315,15.483408,2026-09-25 06:41:51.320636928,11,12565,162,43
39.819495,15.398872,2026-09-25 06:41:51.320662784,11,13433,219,28
39.953784,19.086159,2026-09-25 06:41:56.618172416,11,9041,155,36
40.024981,13.673039,2026-09-25 06:41:58.467795712,11,7262,208,53
39.991629,13.706318,2026-09-25 06:41:58.467813888,11,12592,211,52
39.985846,13.554381,2026-09-25 06:41:58.467827456,11,9992,248,40
40.116663,13.630606,2026-09-25 06:41:58.500859392,11,5702,210,68
39.976663,13.614417,2026-09-25 06:41:58.500826112,11,9674,200,52
39.996805,13.641138,2026-09-25 06:41:58.500834048,11,5861,217,39
40.173091,19.169997,2026-09-25 06:42:02.142196992,11,9539,88,46
40.003276,13.64475,2026-09-25 06:42:05.649322240,11,7448,219,33
40.009493,13.679141,2026-09-25 06:42:05.649335552,11,6119,247,57
39.97029,13.678761,2026-09-25 06:42:05.651836928,11,7676,141,44
39.279621,12.680957,2026-09-25 06:42:07.523224576,11,6100,216,46
31.850099,-105.319696,2026-09-25 06:42:08.15721216,11,9073,232,32
31.785754,-105.311114,2026-09-25 06:42:08.94105088,11,7299,230,26
35.813929,-100.226447,2026-09-25 06:42:08.666321920,11,11182,256,21
32.531211,-105.475169,2026-09-25 06:42:09.249846016,11,12828,226,28
40.614522,14.514262,2026-09-25 06:42:10.762688000,11,5992,137,263
40.604815,14.516157,2026-09-25 06:42:10.762679552,11,12043,191,133
40.130538,19.132145,2026-09-25 06:42:10.889485824,11,9461,126,55
39.217598,13.183385,2026-09-25 06:42:13.213704192,11,5318,239,241
39.251302,13.187107,2026-09-25 06:42:13.213714176,11,4762,233,359
39.244099,13.165832,2026-09-25 06:42:13.213714176,11,4821,265,343
39.211447,13.18037,2026-09-25 06:42:13.213700864,11,6730,219,143
40.332779,14.798949,2026-09-25 06:42:16.347561984,11,14606,204,44
40.961707,19.316756,2026-09-25 06:40:00.910918656,12,8475,139,49
39.983904,13.556719,2026-09-25 06:40:01.291693568,12,10941,179,52
40.079849,13.601393,2026-09-25 06:40:01.291723008,12,7282,247,65
40.191272,13.6589,2026-09-25 06:40:01.291751168,12,11967,220,52
39.998075,13.642257,2026-09-25 06:40:01.298524672,12,7742,210,50
40.034107,13.615621,2026-09-25 06:40:08.142916096,12,13545,209,40
40.056963,13.642444,2026-09-25 06:40:08.142934784,12,10492,247,40
40.034744,13.67104,2026-09-25 06:40:08.142922752,12,9563,226,28
39.971375,19.057093,2026-09-25 06:40:09.207429376,12,5241,203,72
40.007967,19.013269,2026-09-25 06:40:09.207448064,12,9966,176,59
35.738945,-100.088811,2026-09-25 06:40:11.633374720,12,14464,209,23
32.02143,14.868556,2026-09-25 06:40:13.774929408,12,13457,270,82
40.994274,19.262953,2026-09-25 06:40:15.226914048,12,10748,151,171
41.053449,19.23999,2026-09-25 06:40:15.226937856,12,7316,160,241
31.828826,-105.271046,2026-09-25 06:40:17.479675648,12,11294,232,26
31.788529,-105.312047,2026-09-25 06:40:17.757190912,12,13473,243,25
33.883561,-105.948639,2026-09-25 06:40:23.791773952,12,6115,201,42
40.494424,14.622271,2026-09-25 06:40:31.636130816,12,13283,193,41
40.33272,14.792256,2026-09-25 06:40:31.636179456,12,9687,234,28
33.110551,-75.373642,2026-09-25 06:40:35.173380096,12,12187,256,24
37.572802,-68.621912,2026-09-25 06:40:37.72869632,12,8156,224,37
39.451594,16.010368,2026-09-25 06:40:38.231628288,12,11503,167,33
40.609201,14.50664,2026-09-25 06:40:40.24807680,12,6238,197,162
40.620798,14.490083,2026-09-25 06:40:40.24817664,12,10094,221,329
40.63325,14.509212,2026-09-25 06:40:40.24824576,12,9594,229,306
31.787078,-106.152204,2026-09-25 06:40:41.545170688,12,11952,233,22
40.028037,15.451406,2026-09-25 06:40:44.59355392,12,11585,248,40
32.076748,-105.537083,2026-09-25 06:40:44.83045376,12,6216,231,35
32.088423,-105.530813,2026-09-25 06:40:44.123662848,12,5470,231,22
32.092272,-105.536573,2026-09-25 06:40:44.194584064,12,6004,231,41
40.204976,19.152795,2026-09-25 06:40:45.341970176,12,11853,128,54
40.198791,19.166256,2026-09-25 06:40:45.341970176,12,9759,233,47
39.964656,13.70797,2026-09-25 06:40:46.330142208,12,5883,182,69
39.95922,13.713989,2026-09-25 06:40:46.330147072,12,6812,213,70
40.99197,19.312715,2026-09-25 06:40:46.473209344,12,7899,139,23
40.076884,13.732089,2026-09-25 06:40:46.490538496,12,11090,168,22
30.894026,15.996898,2026-09-25 06:40:47.514775040,12,5290,264,24
33.34602,-104.358868,2026-09-25 06:40:50.421542400,12,4607,201,41
31.010956,-105.847132,2026-09-25 06:40:50.527078912,12,6806,235,19
40.281837,14.894995,2026-09-25 06:40:56.270839552,12,9146,197,208
40.48218,15.06605,2026-09-25 06:40:56.270925824,12,9905,264,357
33.749192,11.696066,2026-09-25 06:40:58.878824960,12,10078,240,134
33.553309,11.572154,2026-09-25 06:40:59.292866560,12,5707,262,50
33.690589,-106.335934,2026-09-25 06:40:59.893185280,12,11758,203,34
39.181239,12.830066,2026-09-25 06:41:01.10645248,12,4025,210,158
39.164395,12.8314,2026-09-25 06:41:01.10643968,12,9084,193,141
39.130611,12.816544,2026-09-25 06:41:01.10633984,12,5012,227,120
39.306182,12.851538,2026-09-25 06:41:01.10696448,12,8502,202,105
26.371512,-74.528874,2026-09-25 06:41:02.889109760,12,5710,266,217
40.197806,19.212722,2026-09-25 06:41:04.480448000,12,7964,154,31
32.04094,-105.543112,2026-09-25 06:41:05.215978752,12,8003,242,22
32.024998,-105.534071,2026-09-25 06:41:05.226526464,12,6354,210,32
32.044876,-105.515067,2026-09-25 06:41:05.840378880,12,7064,231,29
41.303293,19.47751,2026-09-25 06:41:09.115366144,12,4931,165,68
41.343713,19.520714,2026-09-25 06:41:09.115383808,12,7789,267,123
39.655569,18.843331,2026-09-25 06:41:10.434238208,12,10511,157,138
39.671096,18.841098,2026-09-25 06:41:10.434254592,12,7411,255,179
39.931701,17.200768,2026-09-25 06:41:13.40520960,12,10032,152,24
39.770522,15.832001,2026-09-25 06:41:18.864276224,12,8237,208,86
39.827078,15.879897,2026-09-25 06:41:18.864294912,12,13535,208,129
39.746567,15.835784,2026-09-25 06:41:18.864294656,12,10997,247,116
39.838658,15.835521,2026-09-25 06:41:18.864329472,12,5878,226,100
39.952724,15.67,2026-09-25 06:41:18.864390656,12,4599,268,83
39.507347,13.459362,2026-09-25 06:41:23.578130944,12,3407,268,94
39.552826,13.438819,2026-09-25 06:41:23.578148096,12,5656,205,81
39.806318,15.551151,2026-09-25 06:41:26.343422464,12,8084,163,73
39.803345,15.541723,2026-09-25 06:41:26.413991424,12,11331,163,67
39.840676,15.546014,2026-09-25 06:41:26.414003968,12,7532,235,107
39.903337,15.522287,2026-09-25 06:41:26.414027008,12,11273,238,91
39.7655,15.60844,2026-09-25 06:41:26.414013696,12,13769,241,62
33.707969,-105.99118,2026-09-25 06:41:27.193977088,12,6577,219,28
32.441767,-105.355785,2026-09-25 06:41:29.771965952,12,9275,219,43
40.258886,14.94515,2026-09-25 06:41:31.732555520,12,6816,227,197
40.245553,14.94661,2026-09-25 06:41:31.732553216,12,9146,206,308
40.238138,14.936016,2026-09-25 06:41:31.732551424,12,4642,193,293
31.999159,-105.517993,2026-09-25 06:41:34.903465472,12,10871,221,40
32.056808,-105.521526,2026-09-25 06:41:35.37768704,12,11333,231,29
32.024872,-105.530169,2026-09-25 06:41:35.147630848,12,11434,232,23
32.052866,-105.519325,2026-09-25 06:41:35.213895936,12,8728,229,21
32.024257,-105.586739,2026-09-25 06:41:35.465067776,12,6423,229,23
26.353299,-74.514823,2026-09-25 06:41:36.397139968,12,10287,266,145
39.956173,13.573982,2026-09-25 06:41:37.922393600,12,8521,220,38
39.896743,13.622883,2026-09-25 06:41:37.922381056,12,6153,263,31
40.682991,13.961524,2026-09-25 06:41:46.719854336,12,1856,254,354
40.710765,13.966853,2026-09-25 06:41:46.778776320,12,7845,211,217
40.673108,13.96285,2026-09-25 06:41:46.778764288,12,5190,178,228
40.69642,13.937246,2026-09-25 06:41:46.826002944,12,4669,202,144
40.735962,13.963973,2026-09-25 06:41:46.826018560,12,4660,246,228
37.56754,-68.608162,2026-09-25 06:41:48.998224640,12,8901,224,54
33.357965,-104.029114,2026-09-25 06:41:50.727968256,12,13271,221,21
39.83315,15.483408,2026-09-25 06:41:51.320636928,12,12565,162,43
39.819495,15.398872,2026-09-25 06:41:51.320662784,12,13433,219,28
39.953784,19.086159,2026-09-25 06:41:56.618172416,12,9041,155,36
40.024981,13.673039,2026-09-25 06:41:58.467795712,12,7262,208,53
39.991629,13.706318,2026-09-25 06:41:58.467813888,12,12592,211,52
39.985846,13.554381,2026-09-25 06:41:58.467827456,12,9992,248,40
40.116663,13.630606,2026-09-25 06:41:58.500859392,12,5702,210,68
39.976648,13.614427,2026-09-25 06:41:58.500826112,12,9674,200,52
39.996805,13.641138,2026-09-25 06:41:58.500834048,12,5861,217,39
40.173091,19.169997,2026-09-25 06:42:02.142196992,12,9539,88,46
40.003276,13.64475,2026-09-25 06:42:05.649322240,12,7448,219,33
40.009493,13.679141,2026-09-25 06:42:05.649335552,12,6119,247,57
39.97029,13.678761,2026-09-25 06:42:05.651836928,12,7676,141,44
39.279621,12.680957,2026-09-25 06:42:07.523224576,12,6100,216,47
31.814733,-105.323801,2026-09-25 06:42:08.15710464,12,8685,230,29
31.773909,-105.3631,2026-09-25 06:42:08.94093568,12,6244,254,26
35.757292,-100.330345,2026-09-25 06:42:08.666288640,12,11002,230,20
32.531211,-105.475169,2026-09-25 06:42:09.249846016,12,12828,226,27
40.614522,14.514262,2026-09-25 06:42:10.762688000,12,5992,137,263
40.611608,14.522286,2026-09-25 06:42:10.762680320,12,10327,191,158
39.217598,13.183385,2026-09-25 06:42:13.213704192,12,5318,239,242
39.251302,13.187107,2026-09-25 06:42:13.213714176,12,4762,233,357
39.244099,13.165832,2026-09-25 06:42:13.213714176,12,4821,265,341
39.232557,13.18187,2026-09-25 06:42:13.213707776,12,6780,222,311
40.332779,14.798949,2026-09-25 06:42:16.347561984,12,14606,204,44
38.147507,-66.549522,2026-09-25 06:42:17.573441536,12,10051,215,36
39.829738,19.12756,2026-09-25 09:50:03.481684224,1,9538,163,23
39.964486,19.170196,2026-09-25 09:50:03.882075648,1,11921,154,23
39.776503,19.264038,2026-09-25 09:50:03.882047744,1,14293,267,60
39.997228,19.296482,2026-09-25 09:50:03.882120192,1,12788,256,47
39.182546,15.257857,2026-09-25 09:50:03.985661696,1,3922,178,209
39.218449,15.264839,2026-09-25 09:50:03.985672704,1,7050,220,195
39.217723,15.265996,2026-09-25 09:50:03.985671680,1,6143,220,180
39.009145,15.234593,2026-09-25 09:50:03.985638912,1,8947,243,165
29.268224,-72.615091,2026-09-25 09:50:11.32860672,1,12992,244,42
38.925596,19.153072,2026-09-25 09:50:13.274774272,1,8506,179,39
38.818622,19.185165,2026-09-25 09:50:13.274763008,1,6976,249,207
33.605035,-103.995077,2026-09-25 09:50:21.536379392,1,12955,218,22
38.853107,19.373782,2026-09-25 09:50:21.931661312,1,4476,176,80
38.818777,19.369979,2026-09-25 09:50:21.931649792,1,6550,195,67
38.839315,19.392125,2026-09-25 09:50:21.931690240,1,9526,202,46
38.835833,19.410803,2026-09-25 09:50:21.931688704,1,5066,178,28
38.440157,-97.585754,2026-09-25 09:50:23.745568000,1,11383,151,24
33.005411,-104.20806,2026-09-25 09:50:24.151419136,1,11056,202,28
39.790951,14.584192,2026-09-25 09:50:25.70031104,1,11108,225,25
39.226204,15.163157,2026-09-25 09:50:25.165586432,1,8803,234,29
39.71087,14.539417,2026-09-25 09:50:25.406446592,1,2050,261,28
39.736719,14.517436,2026-09-25 09:50:25.406452224,1,7462,217,72
39.674711,14.574084,2026-09-25 09:50:25.406467840,1,6784,255,58
39.79648,14.569097,2026-09-25 09:50:25.406518784,1,13428,190,45
39.766661,14.593882,2026-09-25 09:50:25.406500608,1,3632,263,29
39.183496,15.155329,2026-09-25 09:50:26.83015424,1,7261,207,126
39.204635,15.175863,2026-09-25 09:50:26.83025152,1,3379,207,114
39.264637,15.161657,2026-09-25 09:50:26.83034112,1,14079,240,101
39.251069,15.194989,2026-09-25 09:50:26.83019776,1,14114,239,79
39.711273,19.629898,2026-09-25 09:50:33.182024960,1,8978,152,27
29.030697,-72.621856,2026-09-25 09:50:33.630541568,1,3773,245,36
38.789379,19.135882,2026-09-25 09:50:33.846806016,1,8828,178,52
38.877886,19.152995,2026-09-25 09:50:33.846874880,1,3904,247,25
38.075095,18.080711,2026-09-25 09:50:41.170537216,1,12162,162,56
38.113974,18.079431,2026-09-25 09:50:41.170589184,1,12402,235,48
38.162679,18.111038,2026-09-25 09:50:41.170607360,1,10245,268,32
38.116915,18.093871,2026-09-25 09:50:41.294882048,1,10133,194,65
38.137743,18.085627,2026-09-25 09:50:41.294925568,1,9877,229,52
38.091914,18.086085,2026-09-25 09:50:41.360247040,1,8227,195,58
38.600758,18.727186,2026-09-25 09:50:41.683796992,1,7927,188,105
38.641068,18.743429,2026-09-25 09:50:41.683835904,1,7050,220,94
38.621198,18.750912,2026-09-25 09:50:41.683831808,1,6829,267,77
38.644715,18.752488,2026-09-25 09:50:41.683846400,1,5810,200,63
39.385135,14.932411,2026-09-25 09:50:49.348951552,1,5422,178,63
39.682245,15.09981,2026-09-25 09:50:49.349064192,1,14811,254,47
39.434061,14.951816,2026-09-25 09:50:49.349005568,1,6186,233,26
39.449903,18.77652,2026-09-25 09:50:58.56688384,1,13916,170,67
39.528294,18.806179,2026-09-25 09:50:58.60516864,1,7118,219,51
33.297498,-103.867632,2026-09-25 09:50:07.655620864,3,12676,169,46
33.343948,-103.885751,2026-09-25 09:50:07.655623424,3,9572,202,34
33.426238,-103.84997,2026-09-25 09:50:07.655654656,3,8198,242,18
33.594351,-104.066467,2026-09-25 09:50:07.750138368,3,8773,158,27
21.046145,-105.874247,2026-09-25 09:50:07.862899200,3,4311,251,36
21.049936,-105.872981,2026-09-25 09:50:07.996318464,3,7213,251,61
33.543916,-104.132717,2026-09-25 09:50:08.16914944,3,14673,166,44
21.077623,-105.786945,2026-09-25 09:50:08.361067520,3,7183,252,28
31.611543,-77.392447,2026-09-25 09:50:09.902576384,3,10261,188,100
31.675704,-77.411594,2026-09-25 09:50:09.902607616,3,4969,250,80
18.730628,-100.628422,2026-09-25 09:50:16.946492160,3,6759,256,63
18.796964,-100.625455,2026-09-25 09:50:16.946562816,3,5403,257,120
18.713285,-100.589767,2026-09-25 09:50:17.75801600,3,5805,263,67
32.920341,-104.283481,2026-09-25 09:50:24.151331072,3,8494,218,75
32.951019,-104.313561,2026-09-25 09:50:24.151381760,3,11528,118,63
32.974165,-104.212969,2026-09-25 09:50:24.151405568,3,12822,211,49
32.896481,-104.266893,2026-09-25 09:50:24.151403776,3,7129,211,29
17.55487,-94.2042,2026-09-25 09:50:25.566264064,3,11387,264,44
32.25365,-104.509551,2026-09-25 09:50:25.871780608,3,5433,183,45
32.208516,-104.625231,2026-09-25 09:50:25.871746816,3,13304,259,25
33.41952,-110.397306,2026-09-25 09:50:26.960923392,3,13270,106,47
33.643945,-110.25887,2026-09-25 09:50:26.960990464,3,6386,236,33
22.4186,-105.993971,2026-09-25 09:50:34.187787008,3,3438,267,64
29.041384,-72.671402,2026-09-25 09:50:34.263640576,3,13656,185,92
29.073796,-72.625963,2026-09-25 09:50:34.263700480,3,5557,264,35
33.307633,-103.847077,2026-09-25 09:50:41.412200448,3,10264,145,17
24.414825,-75.915395,2026-09-25 09:50:42.314729728,3,7091,255,43
20.90523,-107.493923,2026-09-25 09:50:42.861404672,3,5877,254,75
20.839716,-107.570472,2026-09-25 09:50:42.861379328,3,6648,259,65
20.881444,-107.544822,2026-09-25 09:50:42.878458368,3,5619,254,44
20.840406,-107.54905,2026-09-25 09:50:42.944162816,3,5858,254,58
20.883725,-107.553343,2026-09-25 09:50:42.991436800,3,6133,254,34
22.566828,-105.650259,2026-09-25 09:50:43.648648960,3,5343,245,21
22.402156,-105.997986,2026-09-25 09:50:52.805666560,3,5621,267,82
22.433989,-105.989182,2026-09-25 09:50:52.805674240,3,3811,267,68
22.398834,-106.007027,2026-09-25 09:50:52.907718656,3,3867,267,41
22.409415,-105.999202,2026-09-25 09:50:53.16613120,3,4628,267,68
22.378127,-105.998445,2026-09-25 09:50:53.112213248,3,8732,267,18
22.406966,-105.991804,2026-09-25 09:50:53.744174336,3,3097,268,84
18.854742,-93.433086,2026-09-25 09:51:01.233351424,3,8308,249,62
39.216189,15.274501,2026-09-25 09:50:04.79250176,4,3234,226,34
39.211639,15.273009,2026-09-25 09:50:04.164940800,4,3473,234,34
39.042289,16.127441,2026-09-25 09:50:06.177692928,4,4864,231,32
38.892818,19.191044,2026-09-25 09:50:13.274790656,4,10216,182,29
39.28441,19.623782,2026-09-25 09:50:18.143288064,4,7237,198,34
39.261651,19.69523,2026-09-25 09:50:18.221484544,4,14882,189,26
39.706924,14.610365,2026-09-25 09:50:18.963073280,4,3147,219,37
37.844267,17.785593,2026-09-25 09:50:28.357330688,4,7273,238,21
37.816008,17.830363,2026-09-25 09:50:28.395549184,4,11282,207,27
39.101823,15.189483,2026-09-25 09:50:54.673623040,4,12035,192,26
39.195633,15.111699,2026-09-25 09:50:55.112211968,4,5610,227,30
37.836995,17.797664,2026-09-25 09:50:56.891222016,4,10955,190,22
37.906586,13.289124,2026-09-25 09:51:05.147477248,4,11377,195,33
19.998104,-74.144797,2026-09-25 09:50:00.64171008,7,8299,247,26
20.044404,-74.160257,2026-09-25 09:50:00.111291136,7,5114,268,22
22.627612,-105.731632,2026-09-25 09:50:01.521988608,7,5650,262,23
29.350119,-72.795231,2026-09-25 09:50:10.301885184,7,11903,186,14
25.240993,-74.902525,2026-09-25 09:50:10.374050816,7,636,269,24
25.216775,-74.897162,2026-09-25 09:50:10.397159424,7,2680,267,20
25.19756,-74.893246,2026-09-25 09:50:10.456769792,7,4882,267,24
18.096728,-87.192257,2026-09-25 09:50:10.953333248,7,5793,252,28
17.996192,-87.20012,2026-09-25 09:50:11.16242688,7,6437,265,22
29.242985,-72.584575,2026-09-25 09:50:11.32854016,7,13539,238,18
29.310151,-72.627149,2026-09-25 09:50:11.32935936,7,4188,259,19
29.313162,-72.643731,2026-09-25 09:50:11.148994048,7,13490,181,10
18.078199,-87.193559,2026-09-25 09:50:11.637181184,7,5220,252,28
17.422049,-94.21749,2026-09-25 09:50:25.566231808,7,9913,265,13
21.170797,-106.334867,2026-09-25 09:50:27.129560576,7,2946,266,18
21.143865,-78.807178,2026-09-25 09:50:36.323241472,7,5565,256,24
21.166784,-78.835654,2026-09-25 09:50:36.369525760,7,4467,256,19
18.746779,-100.691545,2026-09-25 09:50:39.86514944,7,7072,254,21
18.762963,-100.683014,2026-09-25 09:50:39.194298368,7,8832,254,17
21.327608,-105.780568,2026-09-25 09:50:39.463756800,7,2379,264,28
18.944599,-100.774317,2026-09-25 09:50:44.849643264,7,7682,253,27
29.103303,-71.780189,2026-09-25 09:50:45.156182528,7,7796,194,27
26.934943,-75.380253,2026-09-25 09:50:45.765868544,7,2686,260,21
21.091984,-105.555344,2026-09-25 09:50:47.950598144,7,8359,266,18
21.108953,-105.542486,2026-09-25 09:50:47.980753152,7,8450,266,17
20.949822,-105.726714,2026-09-25 09:50:48.94291712,7,3106,266,23
22.478581,-105.898395,2026-09-25 09:50:56.505416448,7,4025,251,22
22.739414,-105.693189,2026-09-25 09:50:56.505527296,7,8898,262,19
21.12256,-106.017225,2026-09-25 09:51:04.352114432,7,7519,267,20
41.007104,115.614729,2026-09-25 09:50:16.985102080,9,13067,183,27
11.215964,125.133694,2026-09-25 09:50:17.609945856,9,3092,250,23
32.92921,120.714318,2026-09-25 09:50:20.924833792,9,10460,230,17
41.3133,115.618393,2026-09-25 09:50:53.579130880,9,10156,203,27
41.069078,115.596899,2026-09-25 09:50:53.579114240,9,10870,207,16
32.760739,120.571401,2026-09-25 09:50:54.60163072,9,8247,249,19
32.884378,120.657203,2026-09-25 09:50:54.97592832,9,8054,248,14
22.647919,-105.746171,2026-09-25 09:50:01.870845952,13,2207,266,90
22.442599,-106.020897,2026-09-25 09:50:04.727240960,13,3993,267,48
22.391219,-106.039673,2026-09-25 09:50:05.39715584,13,3164,267,66
33.530831,-110.249692,2026-09-25 09:50:06.329888000,13,13437,159,123
33.180687,-104.065303,2026-09-25 09:50:07.655546112,13,14076,240,46
33.357328,-103.8913,2026-09-25 09:50:07.655629312,13,6235,212,31
21.04463,-105.880558,2026-09-25 09:50:07.996315392,13,9400,251,63
21.018235,-105.817062,2026-09-25 09:50:08.361048320,13,5766,251,27
31.611575,-77.392462,2026-09-25 09:50:09.902576384,13,10258,188,112
31.675617,-77.411595,2026-09-25 09:50:09.902607360,13,4971,250,83
25.21479,-74.902756,2026-09-25 09:50:10.374044416,13,4033,251,66
25.237321,-74.897426,2026-09-25 09:50:10.397164544,13,3823,269,29
29.266572,-72.626569,2026-09-25 09:50:11.32864256,13,4328,255,122
27.563017,-72.792161,2026-09-25 09:50:13.254649344,13,6449,205,65
27.705787,-72.818005,2026-09-25 09:50:13.766452736,13,3953,262,27
22.627286,-105.732155,2026-09-25 09:50:13.916192256,13,13042,245,19
37.859454,-98.3776,2026-09-25 09:50:16.222858752,13,9070,166,32
19.155216,-100.507803,2026-09-25 09:50:16.946653696,13,9240,262,136
22.650446,-105.742665,2026-09-25 09:50:17.239352064,13,5497,266,50
38.278576,-65.345409,2026-09-25 09:50:19.60123392,13,11728,177,56
38.356861,-65.385957,2026-09-25 09:50:19.732268544,13,5203,177,65
38.33938,-65.340898,2026-09-25 09:50:19.732323584,13,8943,257,51
38.368596,-65.363061,2026-09-25 09:50:19.732327936,13,5428,248,37
38.323397,-65.277355,2026-09-25 09:50:19.757007104,13,14545,177,33
33.524901,-104.003882,2026-09-25 09:50:21.536359680,13,13113,187,50
38.497492,-97.570759,2026-09-25 09:50:23.745576448,13,13588,141,57
38.450508,-97.653264,2026-09-25 09:50:23.745555968,13,4848,218,40
32.920341,-104.283481,2026-09-25 09:50:24.151331072,13,8495,218,74
32.960644,-104.314244,2026-09-25 09:50:24.151383552,13,10339,201,62
32.250201,-104.514452,2026-09-25 09:50:25.871779328,13,8460,183,42
33.409962,-110.398329,2026-09-25 09:50:26.960939520,13,13523,83,27
21.170481,-106.322201,2026-09-25 09:50:27.129563136,13,5475,251,47
22.618991,-105.741468,2026-09-25 09:50:28.825403648,13,14179,245,33
18.956633,-93.636121,2026-09-25 09:50:29.56371200,13,11682,248,112
33.361829,-103.830395,2026-09-25 09:50:30.521984,13,13769,171,33
19.075928,-93.595462,2026-09-25 09:50:30.295545856,13,6718,249,112
18.779292,-93.588411,2026-09-25 09:50:30.691924480,13,3154,260,73
33.774684,-104.454544,2026-09-25 09:50:31.252132864,13,8932,110,54
33.78146,-104.533767,2026-09-25 09:50:31.252171776,13,7339,162,77
32.122239,-104.178273,2026-09-25 09:50:31.454024704,13,14295,218,17
31.970202,-104.458776,2026-09-25 09:50:31.535864320,13,9126,143,22
23.360962,-77.684317,2026-09-25 09:50:32.494130432,13,5467,260,76
37.65042,-98.482272,2026-09-25 09:50:32.819898112,13,10854,114,67
22.687941,-105.725244,2026-09-25 09:50:33.57380608,13,2815,265,73
29.103782,-72.652119,2026-09-25 09:50:33.630572544,13,4416,235,80
28.910959,-72.620237,2026-09-25 09:50:33.698148352,13,7037,240,59
22.40179,-106.011456,2026-09-25 09:50:34.382478336,13,4468,267,29
21.124437,-78.796423,2026-09-25 09:50:36.323239168,13,9953,257,57
33.49126,-104.03904,2026-09-25 09:50:36.551095040,13,12635,140,104
33.546936,-104.033461,2026-09-25 09:50:36.551165952,13,6254,207,89
33.472862,-110.260037,2026-09-25 09:50:36.720332544,13,13010,84,69
33.597917,-110.136946,2026-09-25 09:50:36.751750400,13,8970,191,31
33.768468,-110.535789,2026-09-25 09:50:37.768516864,13,11188,143,46
33.174249,-110.560192,2026-09-25 09:50:37.999050240,13,8930,215,38
33.182865,-110.55147,2026-09-25 09:50:38.69373184,13,11432,196,23
18.7572,-100.678296,2026-09-25 09:50:39.86519552,13,7744,254,63
18.763762,-100.675906,2026-09-25 09:50:39.194300672,13,9354,254,38
33.307633,-103.847077,2026-09-25 09:50:41.412200448,13,10263,145,17
24.394432,-75.91414,2026-09-25 09:50:42.314721280,13,3177,255,43
20.822157,-107.521567,2026-09-25 09:50:42.861380608,13,8344,255,77
22.566848,-105.650239,2026-09-25 09:50:43.648648960,13,5343,245,23
18.913992,-100.764496,2026-09-25 09:50:44.849632256,13,3908,254,76
26.599934,-75.25865,2026-09-25 09:50:45.765736448,13,12532,259,56
33.488429,-110.245032,2026-09-25 09:50:45.882534144,13,3890,221,41
31.302476,-70.108663,2026-09-25 09:50:47.365463296,13,11021,165,72
21.107276,-105.538665,2026-09-25 09:50:47.906598912,13,7210,251,57
38.48474,-97.561663,2026-09-25 09:50:48.318874368,13,9619,96,50
38.490551,-97.59413,2026-09-25 09:50:48.318864384,13,8104,124,37
38.490211,-97.617033,2026-09-25 09:50:48.391037952,13,6878,164,53
28.704259,-73.268386,2026-09-25 09:50:48.418690816,13,5715,229,28
28.811507,-73.343475,2026-09-25 09:50:48.578958080,13,13624,238,17
28.786986,-73.394265,2026-09-25 09:50:48.858912512,13,10670,246,28
22.416706,-105.995902,2026-09-25 09:50:52.805671168,13,4199,267,85
22.359009,-105.997661,2026-09-25 09:50:52.907709696,13,9708,262,43
22.411732,-105.994407,2026-09-25 09:50:53.744175872,13,3273,268,90
22.35256,-105.993736,2026-09-25 09:50:53.951397376,13,10432,246,82
31.670112,-77.382163,2026-09-25 09:50:54.546723584,13,8800,190,64
31.748477,-77.388421,2026-09-25 09:50:54.546817024,13,8992,215,59
31.751875,-77.41592,2026-09-25 09:50:54.546810368,13,6464,252,46
21.097146,-106.336462,2026-09-25 09:50:55.491225088,13,12036,252,26
33.203446,-103.914798,2026-09-25 09:50:55.663653376,13,9736,119,76
33.290047,-103.906684,2026-09-25 09:50:55.663739648,13,9124,204,62
21.145593,-106.331634,2026-09-25 09:50:56.202928384,13,5018,251,28
22.622447,-105.726082,2026-09-25 09:50:56.505490944,13,6005,266,73
31.985372,-104.563057,2026-09-25 09:50:56.859750400,13,10499,142,22
22.60483,-105.802466,2026-09-25 09:50:59.439606272,13,4948,245,22
33.430673,-104.109614,2026-09-25 09:51:00.224930816,13,6341,247,35
22.656425,-105.737162,2026-09-25 09:51:00.521000704,13,5453,266,53
33.450981,-103.987712,2026-09-25 09:51:00.661547776,13,12284,118,68
29.253431,-72.540483,2026-09-25 09:51:02.924079360,13,10251,243,83
29.391571,-72.605118,2026-09-25 09:51:03.408064,13,7451,249,16
22.145679,-107.549858,2026-09-25 09:51:06.125285632,13,4752,253,38
22.313493,-106.017013,2026-09-25 09:51:09.120066048,13,14314,246,18
21.115279,-105.779072,2026-09-25 09:51:09.777769984,13,6663,251,24
18.647046,-93.625768,2026-09-25 09:51:09.868746240,13,12093,251,111
23.393026,-77.659422,2026-09-25 09:51:11.183827200,13,8743,260,34
22.617298,-105.72144,2026-09-25 09:51:12.683466752,13,9152,266,61
33.258497,-103.983097,2026-09-25 09:51:15.103929088,13,12957,97,66
33.334159,-103.871033,2026-09-25 09:51:15.103960576,13,7200,197,51
33.053304,-104.149015,2026-09-25 09:51:15.157766656,13,7130,231,40
22.363391,-105.975645,2026-09-25 09:51:15.324205312,13,6758,267,24
22.476493,-105.929544,2026-09-25 09:51:15.419038464,13,3937,270,36
33.281829,-103.877137,2026-09-25 09:51:15.693712640,13,4897,125,40
22.414692,-105.940067,2026-09-25 09:51:15.718767616,13,13126,246,32
36.770969,-98.619076,2026-09-25 09:51:15.867547648,13,9015,158,40
36.771,-98.595469,2026-09-25 09:51:15.928537856,13,9835,190,24
27.418384,-72.668952,2026-09-25 09:51:16.808610560,13,11555,256,81
22.624268,-105.731044,2026-09-25 09:50:01.870840064,11,14439,251,34
39.819707,14.509655,2026-09-25 09:50:02.146618880,11,13716,215,35
39.107458,15.125481,2026-09-25 09:50:02.786162432,11,11557,183,130
39.233511,15.295129,2026-09-25 09:50:04.79293696,11,8904,217,104
39.020377,16.105035,2026-09-25 09:50:06.177677056,11,11708,90,211
39.034472,16.111735,2026-09-25 09:50:06.177686016,11,5718,225,202
39.042167,16.112802,2026-09-25 09:50:06.177690624,11,9548,225,184
39.080093,18.716594,2026-09-25 09:50:07.836523520,11,7825,248,80
31.683942,-77.43156,2026-09-25 09:50:09.902605568,11,5567,265,37
31.693715,-77.419057,2026-09-25 09:50:09.902665984,11,9466,243,27
39.776774,14.543898,2026-09-25 09:50:10.675152384,11,4827,239,38
39.803123,14.542705,2026-09-25 09:50:10.675162112,11,9435,254,24
29.255019,-72.603134,2026-09-25 09:50:11.32858368,11,9075,244,50
38.883769,19.138893,2026-09-25 09:50:13.274769664,11,5791,163,182
38.805104,19.129774,2026-09-25 09:50:13.274759680,11,11779,195,206
39.719177,14.458373,2026-09-25 09:50:16.156118528,11,11930,204,103
39.737145,14.52677,2026-09-25 09:50:16.156138240,11,8177,236,114
39.781414,14.634942,2026-09-25 09:50:16.156146176,11,13100,265,100
39.851032,14.581684,2026-09-25 09:50:16.156178432,11,12629,190,89
39.821669,14.59786,2026-09-25 09:50:16.156172800,11,7814,252,76
18.740256,-100.65018,2026-09-25 09:50:17.724203264,11,9384,265,28
39.271126,19.600497,2026-09-25 09:50:18.143280128,11,10864,94,323
39.741102,14.613008,2026-09-25 09:50:18.963083520,11,6736,214,193
39.722659,14.610618,2026-09-25 09:50:18.963087360,11,8110,230,194
38.850463,19.374994,2026-09-25 09:50:21.931656704,11,5201,232,55
38.839297,19.392132,2026-09-25 09:50:21.931692544,11,9526,202,46
38.848904,19.411272,2026-09-25 09:50:21.931692544,11,5773,178,28
38.442236,-97.579428,2026-09-25 09:50:23.745575424,11,7965,151,28
33.005386,-104.208124,2026-09-25 09:50:24.151419136,11,11059,202,27
39.791007,14.584229,2026-09-25 09:50:25.70031104,11,11108,225,26
37.825914,17.764916,2026-09-25 09:50:28.357325568,11,4543,239,150
37.842392,17.772297,2026-09-25 09:50:28.395530496,11,7683,265,102
39.173757,15.119738,2026-09-25 09:50:32.864724992,11,3360,194,284
39.181575,15.12948,2026-09-25 09:50:32.864729856,11,5047,222,342
39.170954,15.138158,2026-09-25 09:50:32.864727296,11,8604,248,322
39.172823,15.117945,2026-09-25 09:50:32.864726016,11,5291,241,300
39.772956,14.540957,2026-09-25 09:50:34.172382208,11,3032,229,79
38.785777,19.371853,2026-09-25 09:50:34.339204096,11,5617,239,21
33.47842,-104.148339,2026-09-25 09:50:36.551129344,11,10106,159,31
37.923861,13.189238,2026-09-25 09:50:43.260390656,11,13652,154,76
38.057088,13.220106,2026-09-25 09:50:43.260450304,11,13642,263,141
38.636541,18.780447,2026-09-25 09:50:47.473829120,11,7483,199,84
38.653536,18.770821,2026-09-25 09:50:47.812464896,11,7414,198,82
39.644176,18.911932,2026-09-25 09:50:48.412914688,11,8888,202,52
39.390826,14.943713,2026-09-25 09:50:49.348951296,11,5990,178,59
38.601927,18.71417,2026-09-25 09:50:52.997659904,11,4079,232,89
38.631101,18.708501,2026-09-25 09:50:52.997713152,11,6049,266,98
39.132137,15.124057,2026-09-25 09:50:54.673604352,11,6947,227,181
39.157907,15.12017,2026-09-25 09:50:54.673613312,11,7256,251,201
39.164763,15.130523,2026-09-25 09:50:54.673659904,11,7653,244,54
39.150319,15.116998,2026-09-25 09:50:54.688731904,11,5381,218,59
39.191488,15.149545,2026-09-25 09:50:54.688745728,11,9516,259,73
39.215901,15.14884,2026-09-25 09:50:54.688758784,11,5863,263,60
39.180023,15.108156,2026-09-25 09:50:55.112207616,11,4262,247,320
39.205348,15.111105,2026-09-25 09:50:55.112217344,11,5823,249,78
33.288564,-103.899072,2026-09-25 09:50:55.663742720,11,8499,184,27
37.802994,17.780926,2026-09-25 09:50:56.868582912,11,8020,144,187
20.926079,-107.320413,2026-09-25 09:50:57.447474688,11,7412,258,32
39.461163,18.763163,2026-09-25 09:50:58.56693760,11,7388,170,92
39.058376,16.161016,2026-09-25 09:50:58.925582592,11,3135,219,217
39.069908,16.174298,2026-09-25 09:50:58.925587712,11,6172,251,204
39.044089,16.181177,2026-09-25 09:50:58.925624832,11,7893,225,183
39.041443,16.173721,2026-09-25 09:50:58.925620736,11,4663,212,170
21.470613,-108.171354,2026-09-25 09:50:59.944866304,11,9713,258,34
37.844583,13.318541,2026-09-25 09:51:05.147497984,11,6986,216,119
37.883977,13.297057,2026-09-25 09:51:05.147467776,11,8647,234,251
37.86925,13.296828,2026-09-25 09:51:05.147462144,11,7860,234,236
39.256728,19.604068,2026-09-25 09:51:10.176397824,11,12367,95,238
39.3455,19.747807,2026-09-25 09:51:11.32179712,11,9807,157,143
38.574585,18.863472,2026-09-25 09:51:11.156477952,11,8654,159,25
38.591823,18.74808,2026-09-25 09:51:11.167146240,11,14109,188,38
39.668426,14.610495,2026-09-25 09:51:13.761970432,11,3890,211,133
33.227936,-103.973979,2026-09-25 09:51:15.157856256,11,11189,194,19
36.771263,-98.625955,2026-09-25 09:51:15.867540480,11,12984,158,21
22.624268,-105.731044,2026-09-25 09:50:01.870840064,12,14439,251,32
39.107458,15.125481,2026-09-25 09:50:02.786162432,12,11557,183,129
39.233511,15.295129,2026-09-25 09:50:04.79293696,12,8904,217,104
39.020377,16.105035,2026-09-25 09:50:06.177677056,12,11708,90,211
39.034472,16.111735,2026-09-25 09:50:06.177686016,12,5718,225,202
39.042167,16.112802,2026-09-25 09:50:06.177690624,12,9548,225,184
39.080086,18.716577,2026-09-25 09:50:07.836523520,12,7824,248,80
31.683942,-77.43156,2026-09-25 09:50:09.902605568,12,5567,265,37
31.693715,-77.419057,2026-09-25 09:50:09.902665984,12,9466,243,27
39.776774,14.543898,2026-09-25 09:50:10.675152384,12,4827,239,38
39.803123,14.542705,2026-09-25 09:50:10.675162112,12,9435,254,24
29.255019,-72.603134,2026-09-25 09:50:11.32858368,12,9075,244,55
38.883775,19.138918,2026-09-25 09:50:13.274769664,12,5788,163,182
38.805104,19.129774,2026-09-25 09:50:13.274759680,12,11779,195,206
39.034681,19.103033,2026-09-25 09:50:13.274843648,12,7859,256,50
39.719177,14.458373,2026-09-25 09:50:16.156118528,12,11930,204,103
39.737145,14.52677,2026-09-25 09:50:16.156138240,12,8177,236,114
39.781414,14.634942,2026-09-25 09:50:16.156146176,12,13100,265,100
39.851032,14.581684,2026-09-25 09:50:16.156178432,12,12629,190,89
39.821615,14.597862,2026-09-25 09:50:16.156172800,12,7813,252,76
39.271126,19.600497,2026-09-25 09:50:18.143280128,12,10864,94,323
39.735479,14.612379,2026-09-25 09:50:18.963083264,12,6217,214,199
39.717226,14.59205,2026-09-25 09:50:18.993899520,12,9197,174,96
38.850515,19.374876,2026-09-25 09:50:21.931656704,12,5202,232,55
38.839297,19.392132,2026-09-25 09:50:21.931692544,12,9526,202,46
38.848904,19.411272,2026-09-25 09:50:21.931692544,12,5773,178,28
38.442236,-97.579428,2026-09-25 09:50:23.745575424,12,7965,151,28
33.005386,-104.208124,2026-09-25 09:50:24.151419136,12,11059,202,27
39.791007,14.584229,2026-09-25 09:50:25.70031104,12,11108,225,26
37.825914,17.764916,2026-09-25 09:50:28.357325568,12,4543,239,149
37.842392,17.772297,2026-09-25 09:50:28.395530496,12,7683,265,102
39.173757,15.119738,2026-09-25 09:50:32.864724992,12,3360,194,284
39.181575,15.12948,2026-09-25 09:50:32.864729856,12,5047,222,342
39.170954,15.138158,2026-09-25 09:50:32.864727296,12,8604,248,322
39.172823,15.117945,2026-09-25 09:50:32.864726016,12,5291,241,300
39.693693,19.75261,2026-09-25 09:50:33.37193984,12,9027,156,48
39.772956,14.540957,2026-09-25 09:50:34.172382208,12,3032,229,79
38.806267,19.370469,2026-09-25 09:50:34.339209472,12,7195,265,55
33.47842,-104.148339,2026-09-25 09:50:36.551129344,12,10106,159,31
38.032451,13.253618,2026-09-25 09:50:43.260398336,12,4159,235,245
37.995433,13.234743,2026-09-25 09:50:43.260390656,12,4128,232,231
38.029537,13.212608,2026-09-25 09:50:43.260406016,12,5066,229,217
38.636538,18.78045,2026-09-25 09:50:47.473829120,12,7483,199,84
38.638675,18.78061,2026-09-25 09:50:47.812458240,12,6608,230,56
39.644176,18.911932,2026-09-25 09:50:48.412914688,12,8888,202,52
39.390826,14.943713,2026-09-25 09:50:49.348951296,12,5990,178,59
38.601927,18.71417,2026-09-25 09:50:52.997659904,12,4079,232,89
38.631101,18.708501,2026-09-25 09:50:52.997713152,12,6049,266,98
39.132137,15.124057,2026-09-25 09:50:54.673604352,12,6947,227,182
39.157907,15.12017,2026-09-25 09:50:54.673613312,12,7256,251,201
39.470505,15.056564,2026-09-25 09:50:54.673736704,12,12686,255,63
39.150319,15.116998,2026-09-25 09:50:54.688731904,12,5381,218,53
39.182717,15.142981,2026-09-25 09:50:54.688744704,12,14534,250,72
39.284148,15.153603,2026-09-25 09:50:54.688787200,12,4980,235,58
39.180066,15.108188,2026-09-25 09:50:55.112207616,12,4260,247,318
39.218848,15.10927,2026-09-25 09:50:55.401830400,12,5483,250,77
39.193652,15.114453,2026-09-25 09:50:55.401871104,12,6576,251,85
37.802994,17.780926,2026-09-25 09:50:56.868582912,12,8020,144,187
39.461163,18.763163,2026-09-25 09:50:58.56693760,12,7388,170,92
39.058376,16.161016,2026-09-25 09:50:58.925582592,12,3135,219,217
39.069858,16.174302,2026-09-25 09:50:58.925587712,12,6173,251,204
39.044089,16.181177,2026-09-25 09:50:58.925624832,12,7893,225,183
39.041443,16.173721,2026-09-25 09:50:58.925620736,12,4663,212,170
21.470613,-108.171354,2026-09-25 09:50:59.944866304,12,9713,258,34
37.844583,13.318541,2026-09-25 09:51:05.147497984,12,6986,216,119
37.883977,13.297057,2026-09-25 09:51:05.147467776,12,8647,234,251
37.86925,13.296828,2026-09-25 09:51:05.147462144,12,7860,234,236
39.256728,19.604068,2026-09-25 09:51:10.176397824,12,12367,95,238
39.3455,19.747807,2026-09-25 09:51:11.32179712,12,9807,157,143
38.574585,18.863472,2026-09-25 09:51:11.156477952,12,8654,159,25
37.809851,17.781199,2026-09-25 09:51:17.715337984,12,6379,205,214
40.637587,116.938513,2026-09-25 12:20:01.381239296,2,14842,168,37
40.658411,117.084197,2026-09-25 12:20:01.381287168,2,7031,207,21
28.641933,-71.664792,2026-09-25 12:20:01.836518656,3,5206,248,72
28.719282,-71.675489,2026-09-25 12:20:01.836589824,3,12469,264,42
40.63759,116.938534,2026-09-25 12:20:01.381239296,4,14842,168,38
40.658036,117.130314,2026-09-25 12:20:01.381299968,4,7035,212,23
37.721197,17.637211,2026-09-25 12:20:02.191083776,4,9481,240,27
28.622456,-71.732089,2026-09-25 12:20:01.836544768,7,2380,251,24
29.190405,-72.067409,2026-09-25 12:20:01.836739584,7,13020,262,15
28.507533,-71.562976,2026-09-25 12:20:01.886088960,7,9406,249,16
28.670714,-71.768148,2026-09-25 12:20:01.950568448,7,9873,195,19
40.57281,117.152406,2026-09-25 12:20:01.381308160,9,6314,156,45
28.641933,-71.664792,2026-09-25 12:20:01.836518656,13,5206,248,82
27.746279,-71.809636,2026-09-25 12:20:02.452007168,13,11261,257,30
29.166302,-71.592003,2026-09-25 12:20:05.224854528,13,1807,236,91
28.967744,-71.603882,2026-09-25 12:20:05.386756352,13,7049,239,22
29.054195,-71.505145,2026-09-25 12:20:05.484309248,13,4514,246,23
23.05353,-73.639832,2026-09-25 12:20:06.733342720,13,10103,257,66
23.14492,-73.644014,2026-09-25 12:20:06.799670784,13,3819,266,37
27.922674,-71.958989,2026-09-25 12:20:11.173808640,13,10563,265,109
27.754822,-71.838632,2026-09-25 12:20:13.38051328,13,10274,254,28
28.193886,-72.160538,2026-09-25 12:20:13.305524480,13,9784,265,37
27.742291,-71.861175,2026-09-25 12:20:13.378327808,13,8868,254,37
27.809733,-71.964015,2026-09-25 12:20:13.454342656,13,5113,255,34
33.790765,-109.833464,2026-09-25 12:20:14.270959104,13,10483,188,30
31.717799,-76.526988,2026-09-25 12:20:16.459159296,13,4774,214,55
31.77596,-76.576346,2026-09-25 12:20:16.459181312,13,8169,209,38
31.784116,-76.580903,2026-09-25 12:20:16.459221504,13,7456,251,19
39.186329,20.064402,2026-09-25 12:20:00.717028096,11,8550,230,25
37.73664,17.654023,2026-09-25 12:20:02.191089664,11,3629,206,254
37.765978,17.653489,2026-09-25 12:20:02.191102720,11,2343,267,239
29.092502,-71.533148,2026-09-25 12:20:05.224823040,11,8821,251,50
29.087142,-71.653538,2026-09-25 12:20:05.314311168,11,8518,249,22
23.62993,-73.772942,2026-09-25 12:20:06.733584640,11,13602,258,33
27.918422,-71.990509,2026-09-25 12:20:11.173819904,11,4261,256,77
39.197232,20.067521,2026-09-25 12:20:00.717031168,12,14420,230,24
37.73664,17.654023,2026-09-25 12:20:02.191089664,12,3629,206,254
37.765978,17.653489,2026-09-25 12:20:02.191102720,12,2343,267,239
29.092502,-71.533148,2026-09-25 12:20:05.224823040,12,8821,251,50
29.087142,-71.653538,2026-09-25 12:20:05.314311168,12,8518,249,22
23.62993,-73.772942,2026-09-25 12:20:06.733584640,12,13602,258,33
27.918422,-71.990509,2026-09-25 12:20:11.173819904,12,4261,256,77
10.421744,12.892828,2026-09-25 14:45:05.170510848,1,10315,159,31
36.502299,17.590836,2026-09-25 14:45:12.454879744,1,10240,234,35
36.577291,17.653138,2026-09-25 14:45:12.454936832,1,11412,256,18
38.366432,19.301118,2026-09-25 14:45:23.752909824,1,11718,180,14
38.371928,19.268089,2026-09-25 14:45:23.752920064,1,13705,202,31
38.387584,19.279338,2026-09-25 14:45:23.853823744,1,7511,189,91
38.424209,19.277205,2026-09-25 14:45:23.853831680,1,8097,254,76
38.40005,19.278275,2026-09-25 14:45:23.853863168,1,7177,201,57
38.425636,19.298007,2026-09-25 14:45:23.853875200,1,9374,200,44
8.612548,19.285138,2026-09-25 14:45:24.991815936,1,4088,227,25
37.918401,18.110948,2026-09-25 14:45:33.336461056,1,5780,229,48
37.839527,18.104238,2026-09-25 14:45:33.336440576,1,7719,245,49
37.867956,18.125228,2026-09-25 14:45:33.411502336,1,7492,203,52
31.011475,18.262943,2026-09-25 14:45:43.510330112,1,8491,268,64
38.463877,19.308691,2026-09-25 14:46:08.82213120,1,12220,160,77
38.495406,19.334594,2026-09-25 14:46:08.82256128,1,14836,204,73
38.505592,19.31889,2026-09-25 14:46:08.82259968,1,9827,203,58
38.488901,19.312958,2026-09-25 14:46:08.125467648,1,9098,184,15
38.453282,19.296306,2026-09-25 14:46:08.145369088,1,11837,178,22
30.322327,17.779434,2026-09-25 14:46:08.603076608,1,5710,269,64
30.331869,17.757632,2026-09-25 14:46:08.943898112,1,12324,264,21
29.043097,16.707818,2026-09-25 14:46:18.13358080,1,5232,248,38
7.383117,21.657953,2026-09-25 14:46:18.951254528,1,9793,242,31
39.429592,17.769203,2026-09-25 14:46:26.696845824,1,11508,159,47
38.351364,19.161088,2026-09-25 14:46:27.78037504,1,10690,142,22
38.353872,19.161287,2026-09-25 14:46:27.97596160,1,9640,142,24
37.459947,16.855599,2026-09-25 14:46:29.396779520,1,6439,219,111
37.459319,16.839558,2026-09-25 14:46:29.396788224,1,11140,240,173
37.340688,17.017506,2026-09-25 14:46:29.396778752,1,14849,262,119
36.59077,17.555064,2026-09-25 14:46:36.538735616,1,12548,231,175
36.575805,17.545239,2026-09-25 14:46:36.538745344,1,14864,232,162
36.748555,17.663707,2026-09-25 14:46:36.538803456,1,13798,216,126
36.68212,17.566962,2026-09-25 14:46:36.538790400,1,11577,229,110
29.981383,17.185927,2026-09-25 14:46:43.813125888,1,3627,264,30
24.379202,13.330031,2026-09-25 14:46:51.927553280,1,7629,141,164
29.681214,-68.832583,2026-09-25 14:47:00.410224384,1,3617,256,19
41.119429,122.28825,2026-09-25 14:45:02.79267840,2,8610,188,26
-38.390093,153.472338,2026-09-25 14:45:03.360915456,2,7061,230,33
-38.292789,153.299893,2026-09-25 14:45:03.422138880,2,14170,164,21
-38.199156,153.233889,2026-09-25 14:45:16.306273536,2,12206,227,28
-38.338894,153.349976,2026-09-25 14:45:16.499739136,2,5070,135,26
-38.300663,153.529259,2026-09-25 14:45:16.611711232,2,4598,230,23
-38.254601,152.391134,2026-09-25 14:45:40.710953216,2,10297,219,20
-38.345803,153.513765,2026-09-25 14:45:48.797816320,2,8623,237,30
-38.298982,153.341923,2026-09-25 14:45:48.845228800,2,13693,134,22
6.826811,109.39662,2026-09-25 14:45:54.130740736,2,13130,223,33
-38.324466,153.407126,2026-09-25 14:45:58.157746688,2,10915,132,26
-38.323077,153.382132,2026-09-25 14:45:58.274834944,2,7911,144,22
-38.34332,153.435227,2026-09-25 14:45:58.384964096,2,10655,229,22
-25.312466,122.117795,2026-09-25 14:46:06.23910144,2,9186,242,20
40.954257,122.179875,2026-09-25 14:46:14.363600896,2,6092,169,23
-38.361608,153.542042,2026-09-25 14:46:17.47166464,2,11116,230,30
-38.374272,153.542391,2026-09-25 14:46:17.70568192,2,10196,230,18
-38.357274,153.537425,2026-09-25 14:46:17.98605312,2,11917,230,30
-38.361988,153.528467,2026-09-25 14:46:17.504258816,2,7844,230,21
-38.246967,153.324381,2026-09-25 14:46:24.370921472,2,14537,115,21
-38.244406,153.325633,2026-09-25 14:46:24.722095360,2,14387,162,20
-38.382867,153.510804,2026-09-25 14:46:38.245530624,2,6918,230,21
-38.295318,153.330614,2026-09-25 14:46:38.288893696,2,10241,164,21
41.059529,122.380545,2026-09-25 14:46:39.929591552,2,5828,168,21
40.969501,122.151738,2026-09-25 14:46:44.315417856,2,13729,169,22
38.832679,111.493972,2026-09-25 14:46:55.860865536,2,14777,209,24
-38.330652,153.428438,2026-09-25 14:47:02.398985728,2,7063,146,23
-38.366238,153.501674,2026-09-25 14:47:02.428988160,2,9899,230,22
-38.354637,153.476602,2026-09-25 14:47:02.472020480,2,9502,230,23
-38.356625,153.494088,2026-09-25 14:47:02.526319872,2,10653,230,23
40.789537,121.948014,2026-09-25 14:47:03.886766080,2,9902,177,33
26.385711,-72.065065,2026-09-25 14:45:03.198312704,3,5329,264,39
27.206452,-70.688171,2026-09-25 14:45:04.131511552,3,8340,221,45
17.653252,-109.850186,2026-09-25 14:45:05.481019648,3,5009,268,84
26.999246,-71.476926,2026-09-25 14:45:08.696684288,3,7880,263,13
26.205107,-72.64493,2026-09-25 14:45:08.903851776,3,7895,262,93
26.831792,-72.055882,2026-09-25 14:45:16.39195136,3,6070,266,30
27.475081,-70.982162,2026-09-25 14:45:18.599214080,3,7451,265,21
14.968327,-93.391458,2026-09-25 14:45:19.547071488,3,10848,268,74
23.323735,-76.35931,2026-09-25 14:45:20.76855296,3,3960,261,86
27.06675,-71.516191,2026-09-25 14:45:29.374785280,3,13066,218,78
26.836852,-71.325201,2026-09-25 14:45:29.470097664,3,6214,269,56
27.182148,-71.538221,2026-09-25 14:45:29.527764736,3,9110,256,38
27.105492,-71.484018,2026-09-25 14:45:29.576419072,3,5553,266,22
26.859498,-71.336741,2026-09-25 14:45:29.687712768,3,6264,269,47
27.061524,-71.548284,2026-09-25 14:45:29.940436736,3,2810,260,19
31.758474,-75.785165,2026-09-25 14:45:45.50930688,3,10448,187,26
23.741557,-88.233811,2026-09-25 14:45:45.538740224,3,6495,238,42
23.763594,-88.249198,2026-09-25 14:45:45.538786048,3,6012,254,52
29.670612,-68.807719,2026-09-25 14:45:56.944625920,3,8126,258,34
29.685315,-68.865883,2026-09-25 14:45:56.959801600,3,6198,204,58
29.659598,-68.79338,2026-09-25 14:45:57.23459072,3,5162,205,17
29.708754,-68.876608,2026-09-25 14:45:57.69696256,3,8314,258,24
26.741279,-71.853145,2026-09-25 14:46:06.138870272,3,8203,261,40
26.558502,-71.782986,2026-09-25 14:46:06.159438592,3,7897,265,17
26.653807,-71.854018,2026-09-25 14:46:06.199881216,3,5365,221,42
21.536196,-79.56244,2026-09-25 14:46:23.772004864,3,13137,257,105
21.534107,-79.533731,2026-09-25 14:46:23.772000000,3,3745,254,113
23.60162,-76.407044,2026-09-25 14:46:33.431100672,3,12640,259,66
26.264074,-72.634147,2026-09-25 14:46:34.389947648,3,5649,261,87
27.398729,-72.204883,2026-09-25 14:46:41.431819264,3,6251,267,102
27.522643,-72.274382,2026-09-25 14:46:41.431899904,3,6473,269,61
27.361875,-72.265604,2026-09-25 14:46:41.481045760,3,7427,210,45
22.548217,-107.114443,2026-09-25 14:46:44.320847616,3,8150,257,25
21.853525,-108.90874,2026-09-25 14:46:45.126430720,3,12961,260,23
25.448757,-72.929209,2026-09-25 14:46:45.382923264,3,7929,269,88
25.688705,-72.487829,2026-09-25 14:46:53.715332352,3,8221,268,30
27.158903,-71.344107,2026-09-25 14:46:53.940049408,3,13059,267,18
26.770745,-71.886382,2026-09-25 14:46:57.119188480,3,6560,220,80
26.744851,-71.808433,2026-09-25 14:46:57.229000960,3,7262,263,52
26.816645,-71.88801,2026-09-25 14:46:57.312302336,3,6537,268,21
26.774664,-71.847909,2026-09-25 14:46:57.401582080,3,7488,261,20
27.38671,-70.679097,2026-09-25 14:46:58.538556160,3,3844,267,34
29.70838,-68.859255,2026-09-25 14:47:00.410230528,3,6488,258,38
22.635218,-106.991454,2026-09-25 14:47:05.807348992,3,10818,247,39
41.119426,122.2882,2026-09-25 14:45:02.79267840,4,8610,188,25
29.094122,16.600424,2026-09-25 14:45:05.449114880,4,14493,249,19
37.843486,18.320915,2026-09-25 14:45:26.353073920,4,9914,214,44
36.507458,17.056803,2026-09-25 14:45:30.388241664,4,14936,201,24
38.304232,18.624038,2026-09-25 14:45:35.94426368,4,7019,229,29
25.033627,11.92107,2026-09-25 14:45:39.409521408,4,8686,268,30
31.089193,18.304447,2026-09-25 14:45:43.510361344,4,10798,238,17
33.269852,123.209331,2026-09-25 14:45:43.864611584,4,10014,222,22
38.502162,19.33798,2026-09-25 14:45:47.256616192,4,10662,207,34
38.492816,19.305792,2026-09-25 14:45:47.419197696,4,11925,207,25
40.966025,122.197377,2026-09-25 14:46:14.363601408,4,4426,171,23
41.059146,122.380875,2026-09-25 14:46:39.929591552,4,5828,168,21
38.512762,19.336544,2026-09-25 14:46:42.184370688,4,10870,207,27
36.503965,17.099057,2026-09-25 14:46:43.283712000,4,7940,254,30
40.980502,122.132209,2026-09-25 14:46:44.315411200,4,11042,169,43
38.631188,14.408533,2026-09-25 14:46:46.970443264,4,4918,236,40
38.626367,14.405002,2026-09-25 14:46:47.92442368,4,8519,244,26
38.2945,19.890478,2026-09-25 14:46:48.705812480,4,9825,183,27
38.308581,20.065942,2026-09-25 14:46:48.830724352,4,5662,205,35
38.797004,111.333009,2026-09-25 14:46:55.860833280,4,9047,222,26
40.789537,121.948014,2026-09-25 14:47:03.886766080,4,9902,177,34
26.105916,-72.591481,2026-09-25 14:45:08.903811584,7,2235,266,20
26.373279,-72.821744,2026-09-25 14:45:08.903937024,7,11853,250,20
26.023575,-72.579123,2026-09-25 14:45:08.956897536,7,6635,266,17
26.023432,-72.602166,2026-09-25 14:45:08.991194624,7,5495,265,12
26.054513,-72.626361,2026-09-25 14:45:09.75825664,7,9544,227,17
26.042224,-72.626138,2026-09-25 14:45:09.125587712,7,8293,226,20
26.872077,-72.137285,2026-09-25 14:45:16.39222528,7,7124,217,13
23.256867,-76.333444,2026-09-25 14:45:20.76857600,7,3488,263,29
23.285673,-76.334161,2026-09-25 14:45:20.142635776,7,4075,226,20
26.918389,-71.901763,2026-09-25 14:45:21.882746368,7,4291,260,22
26.822527,-71.899833,2026-09-25 14:45:21.996014848,7,5668,266,15
27.155208,-71.330615,2026-09-25 14:45:40.853252864,7,9216,261,24
27.132886,-71.357341,2026-09-25 14:45:40.853248256,7,13623,261,11
26.295604,-71.453936,2026-09-25 14:45:43.604027136,7,4144,262,16
23.734439,-88.240358,2026-09-25 14:45:45.538737152,7,7827,194,26
21.957027,-109.413979,2026-09-25 14:45:45.645861632,7,5518,268,25
26.248115,-72.308395,2026-09-25 14:45:46.150456832,7,5849,264,13
26.33856,-72.400903,2026-09-25 14:45:46.159718656,7,2236,262,24
26.437407,-72.323611,2026-09-25 14:45:46.159752704,7,4656,260,15
26.415196,-72.456752,2026-09-25 14:45:46.237843968,7,9919,222,17
29.680413,-68.831914,2026-09-25 14:45:56.944630016,7,5169,256,14
29.674292,-68.850461,2026-09-25 14:45:56.959828224,7,6268,252,22
29.704143,-68.843914,2026-09-25 14:45:56.991303936,7,5911,256,13
29.696663,-68.854141,2026-09-25 14:45:57.69687552,7,5493,255,16
26.730636,-71.865132,2026-09-25 14:46:06.138873856,7,6148,261,15
26.844693,-71.883436,2026-09-25 14:46:06.138941184,7,8412,260,14
26.657366,-71.859496,2026-09-25 14:46:06.199883008,7,9153,221,16
26.622466,-71.818241,2026-09-25 14:46:06.695343360,7,4566,262,16
26.352725,-72.292394,2026-09-25 14:46:11.599293440,7,7869,223,23
26.490568,-72.258645,2026-09-25 14:46:11.703389440,7,8823,262,11
26.519544,-72.350302,2026-09-25 14:46:11.771052800,7,8002,260,11
26.511835,-72.321304,2026-09-25 14:46:11.799121152,7,8791,262,10
29.11077,-69.341992,2026-09-25 14:46:12.972434688,7,8499,130,21
29.114883,-69.495534,2026-09-25 14:46:13.71873536,7,13286,241,24
29.142336,-69.289046,2026-09-25 14:46:13.105908224,7,5795,205,13
24.10438,-56.637404,2026-09-25 14:46:18.998055424,7,8255,178,20
21.545197,-79.559895,2026-09-25 14:46:23.771999232,7,13373,228,29
21.198703,-109.879172,2026-09-25 14:46:25.267872768,7,11098,266,23
23.259614,-76.312403,2026-09-25 14:46:33.431010048,7,4703,258,28
23.235376,-76.301895,2026-09-25 14:46:33.431005184,7,1517,258,25
26.148005,-72.6222,2026-09-25 14:46:34.389913344,7,7887,264,25
26.060911,-72.621404,2026-09-25 14:46:34.503539456,7,3808,264,13
26.163165,-72.718393,2026-09-25 14:46:34.601470720,7,7484,263,16
26.030755,-72.591197,2026-09-25 14:46:34.681737984,7,4671,265,11
25.701673,-72.599799,2026-09-25 14:46:35.134140160,7,2582,262,24
25.701747,-72.600012,2026-09-25 14:46:35.134140160,7,2582,262,14
25.496794,-72.592396,2026-09-25 14:46:35.222927104,7,3121,269,22
25.806005,-72.646293,2026-09-25 14:46:35.223041024,7,4121,260,12
25.540106,-72.630904,2026-09-25 14:46:35.251108864,7,4691,269,16
25.722442,-72.630099,2026-09-25 14:46:35.386592768,7,6519,260,20
25.495184,-72.586762,2026-09-25 14:46:35.541795840,7,3597,269,12
26.849861,-71.228525,2026-09-25 14:46:36.540515328,7,12454,222,36
27.430675,-72.274023,2026-09-25 14:46:41.431840256,7,11156,209,33
27.499573,-72.266677,2026-09-25 14:46:41.431896832,7,12720,248,18
27.348962,-72.268796,2026-09-25 14:46:41.481047040,7,10702,210,22
29.053452,-69.401301,2026-09-25 14:46:50.471982592,7,6439,257,19
29.009753,-69.418789,2026-09-25 14:46:50.565730560,7,5200,258,16
29.043776,-69.330574,2026-09-25 14:46:50.796649984,7,6083,209,9
25.98152,-72.799998,2026-09-25 14:46:53.715454208,7,9127,226,13
25.716282,9.056883,2026-09-25 14:46:55.845551872,7,7127,268,31
26.71481,-71.813927,2026-09-25 14:46:57.119163136,7,13172,262,25
26.951704,-71.932256,2026-09-25 14:46:57.229079040,7,5278,260,23
26.938233,-71.933153,2026-09-25 14:46:57.229075712,7,3665,260,12
26.823283,-71.910821,2026-09-25 14:46:57.401603840,7,9963,219,12
7.891593,16.295234,2026-09-25 14:45:03.264428032,5,4691,218,22
10.434645,12.865873,2026-09-25 14:45:05.170514176,5,6077,168,24
8.619957,19.269925,2026-09-25 14:45:24.991822336,5,3580,217,23
29.022647,16.143514,2026-09-25 14:45:34.456673280,5,3571,249,32
10.117199,-8.906603,2026-09-25 14:45:46.924516096,5,7111,234,23
8.704014,12.126226,2026-09-25 14:46:00.446841600,5,6418,168,11
24.304989,13.439804,2026-09-25 14:46:00.838835712,5,13356,137,72
24.305915,13.487942,2026-09-25 14:46:00.838826752,5,4684,166,74
28.359739,9.672888,2026-09-25 14:46:06.625587456,5,6048,245,31
29.063438,16.744907,2026-09-25 14:46:18.13367808,5,9421,249,20
19.094723,12.302775,2026-09-25 14:46:18.17853952,5,8921,184,22
7.442637,21.555167,2026-09-25 14:46:18.951276800,5,11357,241,18
9.397278,-2.095918,2026-09-25 14:46:50.446618880,5,7745,232,14
41.119429,122.28825,2026-09-25 14:45:02.79267840,9,8610,188,25
41.192208,122.53882,2026-09-25 14:45:34.970227712,9,5881,198,12
42.342726,124.823399,2026-09-25 14:45:36.46220032,9,4827,160,22
33.226717,123.177438,2026-09-25 14:45:43.864591616,9,5798,244,12
42.500923,126.603046,2026-09-25 14:45:48.770076416,9,12537,178,17
40.958704,122.180082,2026-09-25 14:46:14.363595264,9,6556,200,17
34.855611,123.10007,2026-09-25 14:46:17.764851712,9,12322,235,12
40.822437,121.665219,2026-09-25 14:46:20.808874752,9,6449,192,10
41.116683,122.327822,2026-09-25 14:46:36.244574720,9,4686,170,19
41.059146,122.380875,2026-09-25 14:46:39.929591552,9,5828,168,21
40.962923,122.245277,2026-09-25 14:46:44.315446272,9,13729,186,28
9.44951,130.983023,2026-09-25 14:46:50.347644928,9,3592,268,21
38.861858,111.532813,2026-09-25 14:46:54.985584640,9,4905,224,16
38.872578,111.53281,2026-09-25 14:46:55.860882944,9,8317,220,17
38.736366,111.443649,2026-09-25 14:46:56.97083904,9,4993,210,15
40.789548,121.94793,2026-09-25 14:47:03.886766336,9,9904,177,32
40.822828,121.865461,2026-09-25 14:47:03.886739456,9,5761,203,17
27.207102,-70.699039,2026-09-25 14:45:04.131509248,13,3823,220,46
26.251657,-72.653818,2026-09-25 14:45:08.903861504,13,4720,262,102
26.163905,-72.597316,2026-09-25 14:45:09.75858176,13,8176,262,41
14.401265,-94.099778,2026-09-25 14:45:12.226029312,13,11200,270,108
27.685194,-72.273845,2026-09-25 14:45:12.401999616,13,5738,256,20
28.031082,-70.758746,2026-09-25 14:45:15.15501568,13,7042,257,21
26.840491,-72.061808,2026-09-25 14:45:16.39197184,13,7967,266,32
27.475093,-70.982156,2026-09-25 14:45:18.599214080,13,7451,265,23
23.318255,-76.367846,2026-09-25 14:45:20.76853760,13,5219,261,95
26.740911,-71.81526,2026-09-25 14:45:21.882683392,13,9422,263,56
37.023621,-107.05612,2026-09-25 14:45:25.399476736,13,14347,53,64
37.033488,-107.029344,2026-09-25 14:45:25.399484928,13,14081,148,50
27.066746,-71.516195,2026-09-25 14:45:29.374785280,13,13066,218,82
27.135561,-71.55215,2026-09-25 14:45:29.414519808,13,6142,257,32
26.851612,-71.333835,2026-09-25 14:45:29.470100736,13,8672,269,36
27.182104,-71.538234,2026-09-25 14:45:29.527764736,13,9111,256,37
27.085581,-71.561914,2026-09-25 14:45:29.940449280,13,2491,267,19
26.8033,-71.167207,2026-09-25 14:45:40.853111552,13,12619,264,61
25.968225,-71.336434,2026-09-25 14:45:43.603902208,13,12616,238,58
31.732488,-75.766442,2026-09-25 14:45:45.50920192,13,10346,259,25
23.709477,-88.222606,2026-09-25 14:45:45.538732032,13,4736,246,71
26.377454,-72.342023,2026-09-25 14:45:46.159703040,13,14591,223,87
26.231033,-72.279688,2026-09-25 14:45:46.237778176,13,14107,266,35
14.519876,-93.632897,2026-09-25 14:45:49.405063424,13,8630,270,90
32.067524,-74.793018,2026-09-25 14:45:50.452818944,13,13136,134,34
32.050539,-74.743955,2026-09-25 14:45:50.452857088,13,8383,253,27
25.675071,-72.648726,2026-09-25 14:45:52.42307072,13,10081,234,123
29.689971,-68.830853,2026-09-25 14:45:56.944628992,13,5867,261,32
29.638944,-68.799309,2026-09-25 14:45:56.959807744,13,10669,202,38
29.720651,-68.882153,2026-09-25 14:45:57.69700864,13,6556,262,35
26.74137,-71.853179,2026-09-25 14:46:06.138870272,13,8202,261,63
26.860727,-71.913124,2026-09-25 14:46:06.695438080,13,4926,259,37
26.352391,-72.286977,2026-09-25 14:46:11.599291648,13,8403,223,52
26.525563,-72.286359,2026-09-25 14:46:11.703399680,13,7391,268,29
26.591712,-72.344145,2026-09-25 14:46:11.771072512,13,4936,263,25
26.486696,-72.303957,2026-09-25 14:46:11.799107584,13,7562,262,20
21.536196,-79.56244,2026-09-25 14:46:23.772004864,13,13137,257,129
23.601468,-76.406897,2026-09-25 14:46:33.431100672,13,12641,259,70
26.188053,-72.651098,2026-09-25 14:46:34.389926656,13,4786,226,95
26.016248,-72.563434,2026-09-25 14:46:34.503517952,13,10808,269,16
25.657401,-72.645317,2026-09-25 14:46:35.134098176,13,11352,231,77
25.770124,-72.67349,2026-09-25 14:46:35.223032320,13,6108,242,32
25.747994,-72.650883,2026-09-25 14:46:35.386572544,13,6535,266,92
26.963003,-71.270059,2026-09-25 14:46:36.540518400,13,4828,262,56
27.006964,-71.258218,2026-09-25 14:46:36.841165568,13,14453,262,22
27.392721,-72.211188,2026-09-25 14:46:41.431821312,13,8263,267,116
22.548202,-107.114462,2026-09-25 14:46:44.320847616,13,8150,257,28
21.853511,-108.908743,2026-09-25 14:46:45.126430720,13,12960,260,24
25.448153,-72.928918,2026-09-25 14:46:45.382923008,13,7941,269,104
29.080276,-69.440068,2026-09-25 14:46:50.471993344,13,8183,259,47
29.004688,-69.410394,2026-09-25 14:46:50.565719552,13,10612,206,23
25.688705,-72.487829,2026-09-25 14:46:53.715332352,13,8220,268,31
27.181456,-71.343851,2026-09-25 14:46:53.940049408,13,12464,267,18
26.768493,-71.885359,2026-09-25 14:46:57.119188224,13,6468,220,85
26.622748,-71.807825,2026-09-25 14:46:57.228952576,13,5723,263,47
26.816604,-71.887992,2026-09-25 14:46:57.312302336,13,6537,268,21
26.852729,-71.900422,2026-09-25 14:46:57.359191296,13,7605,258,16
26.82171,-71.90916,2026-09-25 14:46:57.401603328,13,10498,219,16
27.214429,-70.568734,2026-09-25 14:46:58.538481152,13,12854,263,35
29.711409,-68.858539,2026-09-25 14:47:00.410230016,13,6523,258,35
29.647831,-68.784539,2026-09-25 14:47:00.478834432,13,9448,205,14
22.615937,-106.989196,2026-09-25 14:47:05.807342080,13,7780,247,43
26.97019,-71.224848,2026-09-25 14:47:08.481285376,13,7441,221,35
26.981854,-71.26062,2026-09-25 14:47:08.539278592,13,4152,262,35
26.200645,-72.130051,2026-09-25 14:47:12.884901120,13,14302,267,87
26.451116,-72.264347,2026-09-25 14:47:13.69872384,13,5294,229,26
25.782512,-72.664251,2026-09-25 14:47:13.465647616,13,5829,265,67
33.336003,123.230246,2026-09-25 14:45:43.864628992,14,12542,237,22
40.96606,122.196914,2026-09-25 14:46:14.363601152,14,4427,171,23
41.091626,122.321658,2026-09-25 14:46:36.244579840,14,8474,163,20
41.059146,122.380875,2026-09-25 14:46:39.929591552,14,5828,168,21
40.980499,122.132203,2026-09-25 14:46:44.315411200,14,11042,169,29
38.792339,111.329824,2026-09-25 14:46:55.860832256,14,9671,222,26
40.789537,121.948014,2026-09-25 14:47:03.886766080,14,9901,177,34
7.887313,16.319387,2026-09-25 14:45:03.264421888,11,7539,219,107
10.433287,12.868083,2026-09-25 14:45:05.170514432,11,6290,168,158
38.74566,14.362282,2026-09-25 14:45:07.283284224,11,5260,247,41
38.717659,14.353738,2026-09-25 14:45:07.283271936,11,9119,203,49
38.801298,14.422344,2026-09-25 14:45:07.283287552,11,6701,228,32
37.457131,16.877785,2026-09-25 14:45:07.400308992,11,10944,205,26
37.438529,16.858648,2026-09-25 14:45:07.424878080,11,8457,205,29
37.33433,16.726812,2026-09-25 14:45:15.674238208,11,7793,208,45
37.412889,16.73339,2026-09-25 14:45:15.674307072,11,7683,236,30
37.300787,16.686679,2026-09-25 14:45:15.711721728,11,6850,223,29
37.348371,16.723139,2026-09-25 14:45:15.711775744,11,3970,250,26
38.527218,19.319938,2026-09-25 14:45:18.578263808,11,5614,253,119
26.596481,-71.803443,2026-09-25 14:45:21.882627840,11,11976,268,23
37.824718,18.32212,2026-09-25 14:45:26.353070080,11,5512,225,197
37.832652,18.347059,2026-09-25 14:45:26.353077760,11,10509,212,52
37.235437,17.701145,2026-09-25 14:45:27.803042560,11,7711,214,113
36.484423,17.054294,2026-09-25 14:45:30.388200448,11,3676,250,97
37.772675,18.177509,2026-09-25 14:45:33.336442368,11,9690,221,29
37.867416,18.12371,2026-09-25 14:45:33.411501824,11,7488,226,37
38.660663,14.397662,2026-09-25 14:45:33.576258816,11,6207,201,19
28.97998,16.116345,2026-09-25 14:45:34.456662272,11,7076,270,81
38.309404,18.627556,2026-09-25 14:45:35.94430464,11,5024,218,181
38.307306,18.612378,2026-09-25 14:45:35.94428160,11,8162,204,202
31.011465,18.262939,2026-09-25 14:45:43.510330112,11,8491,268,69
39.15292,14.072994,2026-09-25 14:45:45.45096192,11,11017,192,38
23.500112,-88.294258,2026-09-25 14:45:45.538691328,11,12201,246,31
38.496822,19.323052,2026-09-25 14:45:47.256607488,11,6499,178,333
36.626494,17.583922,2026-09-25 14:45:52.294288640,11,13321,221,34
36.473469,17.053853,2026-09-25 14:45:53.92012288,11,9465,156,248
36.513179,17.068771,2026-09-25 14:45:53.92034560,11,5703,254,236
37.380277,16.829465,2026-09-25 14:45:54.610862592,11,12045,235,44
37.695494,16.9554,2026-09-25 14:45:54.611008512,11,6423,243,25
36.692843,17.576876,2026-09-25 14:45:56.570499328,11,14095,230,31
36.570386,17.654724,2026-09-25 14:45:56.623770624,11,14395,222,29
29.672567,-68.824374,2026-09-25 14:45:56.944631040,11,6837,256,17
29.675276,-68.82954,2026-09-25 14:45:56.959821568,11,12337,258,27
29.685171,-68.829417,2026-09-25 14:45:56.991301120,11,6018,256,15
38.761268,14.495614,2026-09-25 14:46:03.656069632,11,11069,219,53
38.825975,14.43556,2026-09-25 14:46:03.656101376,11,8046,216,43
38.727956,14.472284,2026-09-25 14:46:03.656103168,11,11246,220,32
38.458736,19.301484,2026-09-25 14:46:08.82212352,11,11815,177,85
39.572494,19.899323,2026-09-25 14:46:10.74966784,11,4075,265,125
39.802859,19.921996,2026-09-25 14:46:10.75048704,11,13185,262,122
38.696224,14.439927,2026-09-25 14:46:19.989064704,11,8010,196,29
36.647681,17.565564,2026-09-25 14:46:20.722230784,11,6786,231,71
36.643047,17.587021,2026-09-25 14:46:20.722270720,11,9657,203,55
36.461078,17.00196,2026-09-25 14:46:21.903448320,11,12173,156,234
36.491029,17.028117,2026-09-25 14:46:21.903458816,11,5980,254,225
36.465054,17.003739,2026-09-25 14:46:21.997510912,11,10487,173,36
36.603309,17.50041,2026-09-25 14:46:24.484378624,11,5879,242,79
36.640516,17.528925,2026-09-25 14:46:24.484422144,11,13631,232,61
36.684463,17.550095,2026-09-25 14:46:24.484441344,11,8939,223,48
21.291698,-109.840076,2026-09-25 14:46:25.267889664,11,9734,261,33
5.470237,17.537076,2026-09-25 14:46:26.105587712,11,11151,243,28
37.408099,16.832021,2026-09-25 14:46:29.396784128,11,13974,151,118
31.148079,18.333672,2026-09-25 14:46:30.361669888,11,13415,257,18
36.816561,17.579432,2026-09-25 14:46:31.725534720,11,3626,245,24
36.613729,17.594484,2026-09-25 14:46:31.801150720,11,10994,221,36
36.666468,17.62479,2026-09-25 14:46:31.801210880,11,6343,227,31
26.187039,-72.753028,2026-09-25 14:46:34.389960192,11,8557,269,56
36.591396,17.554525,2026-09-25 14:46:36.538735616,11,12547,231,170
38.49496,19.317429,2026-09-25 14:46:42.184367872,11,7160,209,152
38.48595,19.308982,2026-09-25 14:46:42.184369920,11,7095,269,202
36.486279,17.069675,2026-09-25 14:46:43.283709440,11,7169,208,275
36.472551,17.067373,2026-09-25 14:46:43.283707136,11,7146,255,119
38.58088,14.36588,2026-09-25 14:46:47.92424704,11,11115,153,158
38.59019,14.389509,2026-09-25 14:46:47.443448064,11,3929,196,66
29.045212,-69.39537,2026-09-25 14:46:50.471981312,11,4695,257,30
38.767675,14.438491,2026-09-25 14:46:53.33042944,11,6181,253,62
38.918048,14.587113,2026-09-25 14:46:53.33113600,11,11741,222,61
38.755035,14.478569,2026-09-25 14:46:53.33079552,11,6110,236,47
38.700847,14.490607,2026-09-25 14:46:53.33059328,11,4051,262,34
26.702159,-71.808265,2026-09-25 14:46:57.119161088,11,7608,268,36
26.602783,-71.788399,2026-09-25 14:46:57.228945664,11,14149,268,24
37.849089,18.197012,2026-09-25 14:46:57.681174784,11,6376,202,320
6.380926,12.422096,2026-09-25 14:47:03.912364032,11,12522,214,74
36.654154,17.541397,2026-09-25 14:47:04.864700416,11,5869,231,97
36.679115,17.549292,2026-09-25 14:47:04.864712448,11,6511,252,81
36.660188,17.546286,2026-09-25 14:47:04.864738048,11,8044,234,66
36.692369,17.534782,2026-09-25 14:47:04.910352896,11,3799,259,71
36.511839,16.921374,2026-09-25 14:47:05.622958336,11,5500,234,151
38.694161,14.437001,2026-09-25 14:47:06.529199360,11,9635,118,316
38.677448,14.409936,2026-09-25 14:47:06.529198592,11,9539,227,308
38.689275,14.46047,2026-09-25 14:47:06.529216000,11,6365,216,295
36.607061,17.710508,2026-09-25 14:47:11.333447936,11,8083,172,170
36.63949,17.716818,2026-09-25 14:47:11.333460992,11,4571,231,154
36.460814,17.012601,2026-09-25 14:47:13.739559168,11,6652,182,56
36.453334,17.081144,2026-09-25 14:47:13.739590656,11,14335,261,70
36.54172,17.081227,2026-09-25 14:47:13.739616000,11,14115,231,56
36.516488,17.009413,2026-09-25 14:47:13.788185600,11,4194,234,67
36.536732,17.021494,2026-09-25 14:47:13.788194304,11,6759,254,74
36.519047,17.052882,2026-09-25 14:47:13.788215040,11,11802,226,59
36.496369,17.045418,2026-09-25 14:47:13.838758400,11,4981,234,45
36.30866,17.008292,2026-09-25 14:47:14.225526528,11,14815,229,57
7.887313,16.319387,2026-09-25 14:45:03.264421888,12,7539,219,107
10.433287,12.868083,2026-09-25 14:45:05.170514432,12,6290,168,158
38.74566,14.362282,2026-09-25 14:45:07.283284224,12,5260,247,41
38.717659,14.353738,2026-09-25 14:45:07.283271936,12,9119,203,49
38.801298,14.422344,2026-09-25 14:45:07.283287552,12,6701,228,32
37.457131,16.877785,2026-09-25 14:45:07.400308992,12,10944,205,26
37.438529,16.858648,2026-09-25 14:45:07.424878080,12,8457,205,29
36.497024,17.597384,2026-09-25 14:45:12.454876928,12,9826,234,31
36.57737,17.653115,2026-09-25 14:45:12.454936832,12,11412,256,20
37.33433,16.726812,2026-09-25 14:45:15.674238208,12,7793,208,45
37.412889,16.73339,2026-09-25 14:45:15.674307072,12,7683,236,30
37.300787,16.686679,2026-09-25 14:45:15.711721728,12,6850,223,29
37.348371,16.723139,2026-09-25 14:45:15.711775744,12,3970,250,26
38.527218,19.319938,2026-09-25 14:45:18.578263808,12,5614,253,119
26.596481,-71.803443,2026-09-25 14:45:21.882627840,12,11976,268,23
37.824718,18.32212,2026-09-25 14:45:26.353070080,12,5512,225,196
37.235437,17.701145,2026-09-25 14:45:27.803042560,12,7711,214,113
36.446408,17.036329,2026-09-25 14:45:30.388187392,12,7946,157,156
37.772675,18.177509,2026-09-25 14:45:33.336442368,12,9690,221,29
37.851223,18.120488,2026-09-25 14:45:33.411501312,12,12189,192,23
38.660663,14.397662,2026-09-25 14:45:33.576258816,12,6207,201,19
28.97998,16.116345,2026-09-25 14:45:34.456662272,12,7076,270,81
38.309404,18.627556,2026-09-25 14:45:35.94430464,12,5024,218,181
38.307306,18.612378,2026-09-25 14:45:35.94428160,12,8162,204,201
31.011465,18.262939,2026-09-25 14:45:43.510330112,12,8491,268,69
39.15292,14.072994,2026-09-25 14:45:45.45096192,12,11017,192,30
23.500112,-88.294258,2026-09-25 14:45:45.538691328,12,12201,246,31
38.496822,19.323052,2026-09-25 14:45:47.256607488,12,6499,178,333
36.473469,17.053853,2026-09-25 14:45:53.92012288,12,9465,156,247
36.513179,17.068771,2026-09-25 14:45:53.92034560,12,5703,254,235
37.380277,16.829465,2026-09-25 14:45:54.610862592,12,12045,235,44
37.695494,16.9554,2026-09-25 14:45:54.611008512,12,6423,243,25
36.692843,17.576876,2026-09-25 14:45:56.570499328,12,14095,230,31
36.570386,17.654724,2026-09-25 14:45:56.623770624,12,14395,222,29
29.672567,-68.824374,2026-09-25 14:45:56.944631040,12,6837,256,17
29.675276,-68.82954,2026-09-25 14:45:56.959821568,12,12337,258,27
29.685171,-68.829417,2026-09-25 14:45:56.991301120,12,6018,256,15
38.761268,14.495614,2026-09-25 14:46:03.656069632,12,11069,219,53
38.825975,14.43556,2026-09-25 14:46:03.656101376,12,8046,216,43
38.727956,14.472284,2026-09-25 14:46:03.656103168,12,11246,220,32
38.458736,19.301484,2026-09-25 14:46:08.82212352,12,11815,177,86
39.572494,19.899323,2026-09-25 14:46:10.74966784,12,4075,265,128
39.802859,19.921996,2026-09-25 14:46:10.75048704,12,13185,262,122
39.677256,19.963754,2026-09-25 14:46:10.74998784,12,9741,226,36
38.696221,14.439925,2026-09-25 14:46:19.989064704,12,8010,196,30
36.647681,17.565564,2026-09-25 14:46:20.722230784,12,6786,231,71
36.643047,17.587021,2026-09-25 14:46:20.722270720,12,9657,203,55
36.461078,17.00196,2026-09-25 14:46:21.903448320,12,12173,156,234
36.491029,17.028117,2026-09-25 14:46:21.903458816,12,5980,254,225
36.597325,17.499336,2026-09-25 14:46:24.484376320,12,7736,171,70
36.640516,17.528925,2026-09-25 14:46:24.484422144,12,13631,232,61
36.684463,17.550095,2026-09-25 14:46:24.484441344,12,8939,223,48
21.291698,-109.840076,2026-09-25 14:46:25.267889664,12,9734,261,33
5.470237,17.537076,2026-09-25 14:46:26.105587712,12,11151,243,28
37.408099,16.832021,2026-09-25 14:46:29.396784128,12,13974,151,118
36.816561,17.579432,2026-09-25 14:46:31.725534720,12,3626,245,24
36.613729,17.594484,2026-09-25 14:46:31.801150720,12,10994,221,36
36.666468,17.62479,2026-09-25 14:46:31.801210880,12,6343,227,31
26.187039,-72.753028,2026-09-25 14:46:34.389960192,12,8557,269,56
36.591396,17.554525,2026-09-25 14:46:36.538735616,12,12547,231,170
38.49496,19.317429,2026-09-25 14:46:42.184367872,12,7160,209,152
38.48595,19.308982,2026-09-25 14:46:42.184369920,12,7095,269,202
36.486279,17.069675,2026-09-25 14:46:43.283709440,12,7169,208,275
36.464893,17.066013,2026-09-25 14:46:43.283704320,12,5237,257,114
38.58088,14.36588,2026-09-25 14:46:47.92424704,12,11115,153,165
29.045212,-69.39537,2026-09-25 14:46:50.471981312,12,4695,257,30
38.767675,14.438491,2026-09-25 14:46:53.33042944,12,6181,253,62
38.918048,14.587113,2026-09-25 14:46:53.33113600,12,11741,222,61
38.755035,14.478569,2026-09-25 14:46:53.33079552,12,6110,236,47
38.700847,14.490607,2026-09-25 14:46:53.33059328,12,4051,262,34
37.843343,18.196483,2026-09-25 14:46:57.681173504,12,7495,200,325
6.380926,12.422096,2026-09-25 14:47:03.912364032,12,12522,214,74
36.654154,17.541397,2026-09-25 14:47:04.864700416,12,5869,231,97
36.679115,17.549292,2026-09-25 14:47:04.864712448,12,6511,252,81
36.660188,17.546286,2026-09-25 14:47:04.864738048,12,8044,234,66
36.692369,17.534782,2026-09-25 14:47:04.910352896,12,3799,259,71
36.644525,17.537979,2026-09-25 14:47:04.910339584,12,4959,252,56
36.511839,16.921374,2026-09-25 14:47:05.622958336,12,5500,234,151
36.255306,16.779861,2026-09-25 14:47:05.622892544,12,9805,260,58
38.694161,14.437001,2026-09-25 14:47:06.529199360,12,9635,118,316
38.677448,14.409936,2026-09-25 14:47:06.529198592,12,9539,227,308
38.689275,14.46047,2026-09-25 14:47:06.529216000,12,6365,216,295
36.607061,17.710508,2026-09-25 14:47:11.333447936,12,8083,172,170
36.63949,17.716818,2026-09-25 14:47:11.333460992,12,4571,231,154
36.460814,17.012601,2026-09-25 14:47:13.739559168,12,6652,182,56
36.453334,17.081144,2026-09-25 14:47:13.739590656,12,14335,261,70
36.54172,17.081227,2026-09-25 14:47:13.739616000,12,14115,231,56
36.516488,17.009413,2026-09-25 14:47:13.788185600,12,4194,234,67
36.540785,17.028304,2026-09-25 14:47:13.788196352,12,8431,254,75
36.491972,17.036573,2026-09-25 14:47:13.838755328,12,4938,234,81
36.30866,17.008292,2026-09-25 14:47:14.225526528,12,14815,229,57
30.991432,19.000248,2026-09-25 17:20:06.340685312,1,7168,268,47
31.014706,19.011189,2026-09-25 17:20:06.515650560,1,4255,257,121
37.68981,19.103138,2026-09-25 17:20:16.109871872,1,10835,170,162
27.85816,10.471645,2026-09-25 17:20:25.96185088,1,6185,266,74
36.08954,17.068202,2026-09-25 17:20:25.566933504,1,4881,265,112
36.153559,16.998632,2026-09-25 17:20:41.123535872,1,7009,248,61
36.166986,17.029642,2026-09-25 17:20:41.123598848,1,9835,239,44
36.1073,16.974853,2026-09-25 17:20:41.123574272,1,5823,244,28
36.302263,16.825472,2026-09-25 17:20:41.165736960,1,14663,239,40
36.232564,17.020503,2026-09-25 17:20:41.165743104,1,8264,266,27
36.287186,17.113422,2026-09-25 17:20:41.221796608,1,12954,251,24
26.292226,-73.920114,2026-09-25 17:20:42.119068160,1,13124,267,17
37.695997,19.113436,2026-09-25 17:20:42.240895232,1,12341,170,38
27.901595,10.497454,2026-09-25 17:20:51.76492288,1,9911,266,34
24.778876,9.327392,2026-09-25 17:20:54.505603840,1,9440,164,18
24.866201,9.394352,2026-09-25 17:20:57.799089920,1,11579,270,16
23.680705,8.350137,2026-09-25 17:21:01.613876992,1,8534,194,41
37.715001,19.106686,2026-09-25 17:21:02.37413888,1,10303,169,210
37.846874,19.103347,2026-09-25 17:21:02.37460224,1,10678,211,162
25.384751,8.797642,2026-09-25 17:21:09.383111936,1,14388,258,31
25.363888,9.175667,2026-09-25 17:21:20.861694464,1,7989,268,25
26.977088,-72.628594,2026-09-25 17:21:22.483253248,1,6646,263,21
40.365796,37.725232,2026-09-25 17:21:30.688384000,1,5212,251,161
38.282435,19.782416,2026-09-25 17:21:37.757904896,1,11378,154,110
38.305274,19.783303,2026-09-25 17:21:37.757907712,1,4816,256,91
38.401267,19.76847,2026-09-25 17:21:37.757940480,1,10514,205,74
38.406466,19.799183,2026-09-25 17:21:37.757995520,1,9629,260,61
38.286227,19.748111,2026-09-25 17:21:37.757951488,1,7363,266,48
38.745377,19.824294,2026-09-25 17:21:38.105102848,1,9896,258,22
38.49797,14.145032,2026-09-25 17:21:47.308799744,1,8537,256,31
25.561792,-74.529764,2026-09-25 17:22:10.157154304,1,12906,245,25
37.730183,19.106689,2026-09-25 17:22:17.517797888,1,9312,203,153
37.745084,19.096026,2026-09-25 17:22:17.517855744,1,7786,238,108
37.734881,19.102837,2026-09-25 17:22:17.517847040,1,6580,216,95
37.743867,19.071095,2026-09-25 17:22:17.517844224,1,2978,269,76
39.444983,19.65466,2026-09-25 17:22:25.516837632,1,11036,146,18
37.633814,19.059173,2026-09-25 17:22:25.695644416,1,8989,209,23
38.13664,14.181061,2026-09-25 17:22:26.25478656,1,14146,207,134
38.249471,14.205089,2026-09-25 17:22:26.25522176,1,14425,253,121
38.042356,14.040625,2026-09-25 17:22:26.25482496,1,11969,244,96
38.049127,14.048098,2026-09-25 17:22:26.25491968,1,14297,244,83
38.251365,14.214428,2026-09-25 17:22:26.25572608,1,8604,267,70
38.156174,14.215015,2026-09-25 17:22:26.25545216,1,13604,247,57
38.208185,14.229734,2026-09-25 17:22:26.25549056,1,13179,192,44
38.171825,14.217994,2026-09-25 17:22:26.25540352,1,7624,262,32
38.504166,14.062324,2026-09-25 17:22:26.25668352,1,13605,263,17
37.797305,19.429352,2026-09-25 17:22:30.689592320,1,7640,204,29
29.776244,18.315104,2026-09-25 17:22:31.467801856,1,4869,266,33
29.774368,18.319293,2026-09-25 17:22:31.732327168,1,10842,266,27
26.392362,-73.980267,2026-09-25 17:22:33.159855872,1,9332,266,26
38.251652,14.277441,2026-09-25 17:22:33.228262912,1,5413,232,69
38.18603,14.199375,2026-09-25 17:22:33.228294656,1,8047,270,48
38.16573,14.236379,2026-09-25 17:22:33.228288512,1,14902,240,35
38.229612,14.261668,2026-09-25 17:22:33.248804096,1,4176,206,51
38.287556,14.261813,2026-09-25 17:22:41.209935104,1,11347,265,63
37.659826,19.077845,2026-09-25 17:22:49.832929536,1,12372,172,119
37.723189,19.13625,2026-09-25 17:22:49.832992512,1,6261,224,82
37.670067,19.070344,2026-09-25 17:22:49.832980480,1,8917,208,68
37.687625,19.052307,2026-09-25 17:22:49.832984064,1,5373,257,55
37.717393,19.077926,2026-09-25 17:22:49.832990208,1,13154,236,41
38.122223,18.937139,2026-09-25 17:22:49.833148416,1,14036,270,22
37.661396,19.084151,2026-09-25 17:22:49.888448000,1,11702,172,65
37.677923,19.072008,2026-09-25 17:22:49.888503552,1,8743,214,45
37.711872,19.073701,2026-09-25 17:22:49.888501760,1,11586,187,28
37.667143,19.038266,2026-09-25 17:22:50.68122368,1,10666,172,151
37.681454,19.03204,2026-09-25 17:22:50.68167936,1,8925,213,100
37.692265,19.002306,2026-09-25 17:22:50.68172544,1,3468,270,75
42.65539,124.508908,2026-09-25 17:20:03.837211136,2,8552,150,19
40.844814,121.568758,2026-09-25 17:20:09.728599552,2,3617,183,22
42.532466,120.076965,2026-09-25 17:20:13.642787840,2,5439,168,22
6.647162,107.31091,2026-09-25 17:21:13.154789632,2,14506,247,22
8.784151,102.277973,2026-09-25 17:21:19.381394432,2,7110,195,37
-38.156018,154.92638,2026-09-25 17:21:24.344553216,2,13453,161,21
34.664078,124.131176,2026-09-25 17:21:47.602442752,2,13913,218,30
34.679601,124.253942,2026-09-25 17:21:47.624666880,2,10340,216,27
38.891249,111.572673,2026-09-25 17:21:50.331944704,2,11784,207,21
40.845497,121.511755,2026-09-25 17:21:57.462311936,2,7500,264,28
42.676735,124.622749,2026-09-25 17:22:07.10446592,2,14198,150,16
42.368993,124.114817,2026-09-25 17:22:16.593551872,2,8663,153,17
42.52844,124.692489,2026-09-25 17:22:38.186378496,2,12689,162,40
42.512763,124.843401,2026-09-25 17:22:38.186419968,2,14336,144,23
42.531889,120.009116,2026-09-25 17:22:47.52466176,2,9812,168,35
-38.290611,155.088192,2026-09-25 17:22:47.115148800,2,6285,242,22
-38.326051,155.081438,2026-09-25 17:22:47.126734592,2,9198,242,20
-38.553186,155.007382,2026-09-25 17:22:48.395272448,2,12651,147,21
26.344725,-71.611718,2026-09-25 17:20:01.699796480,3,11122,226,107
26.430297,-71.630742,2026-09-25 17:20:01.752962304,3,5311,262,78
19.567638,-81.48801,2026-09-25 17:20:23.270984448,3,5939,263,70
19.577473,-81.503617,2026-09-25 17:20:23.270984704,3,11649,269,61
36.449671,-107.342851,2026-09-25 17:20:28.158474752,3,11959,91,26
36.497633,-107.322483,2026-09-25 17:20:28.259663360,3,9782,91,48
36.453396,-107.326511,2026-09-25 17:20:28.259674624,3,6964,241,35
36.486029,-107.255182,2026-09-25 17:20:28.259704320,3,10407,201,22
36.530959,-107.269981,2026-09-25 17:20:28.407056896,3,7675,135,52
36.460753,-107.295822,2026-09-25 17:20:28.407067136,3,8063,104,39
36.555021,-107.231038,2026-09-25 17:20:28.407104768,3,8634,217,22
36.462098,-107.247971,2026-09-25 17:20:28.458081024,3,13438,78,52
36.452832,-107.325655,2026-09-25 17:20:28.458106112,3,3851,210,38
36.462485,-107.243974,2026-09-25 17:20:28.547267328,3,12300,78,37
36.462131,-107.291573,2026-09-25 17:20:28.547297280,3,7954,218,24
36.4729,-107.269139,2026-09-25 17:20:28.663265792,3,5472,104,74
36.47127,-107.242267,2026-09-25 17:20:28.663277568,3,11667,153,58
36.433284,-107.321095,2026-09-25 17:20:28.750742272,3,8757,92,33
36.454869,-107.296655,2026-09-25 17:20:28.750747136,3,6470,218,19
37.509313,-106.149933,2026-09-25 17:20:35.988207360,3,14350,114,78
37.583189,-106.091393,2026-09-25 17:20:35.988232192,3,10520,192,75
37.572016,-106.087454,2026-09-25 17:20:35.988240896,3,8820,181,61
37.535453,-106.115673,2026-09-25 17:20:35.988238848,3,13623,210,48
37.447649,-106.100462,2026-09-25 17:20:35.988230912,3,14461,206,36
27.248645,-72.41849,2026-09-25 17:20:38.457640960,3,8353,257,49
35.778765,-108.071233,2026-09-25 17:20:38.650112000,3,13594,95,60
35.772107,-108.067019,2026-09-25 17:20:38.650154752,3,7177,178,45
35.85628,-108.059918,2026-09-25 17:20:38.650175232,3,6526,228,33
27.240862,-72.381398,2026-09-25 17:20:38.766295296,3,12243,262,75
27.771342,-71.53381,2026-09-25 17:20:40.660326144,3,7071,251,21
27.588376,-71.485846,2026-09-25 17:20:40.683388672,3,6435,260,16
26.623545,-74.026228,2026-09-25 17:20:42.119192576,3,11988,261,35
19.536814,-109.911037,2026-09-25 17:20:43.338775808,3,6904,265,80
24.397775,-56.797649,2026-09-25 17:20:57.264455936,3,12285,231,21
35.041534,-107.729264,2026-09-25 17:20:58.818963712,3,4818,109,37
35.046317,-107.703828,2026-09-25 17:20:58.818964992,3,11478,192,26
34.996475,-107.76236,2026-09-25 17:20:58.882158848,3,12447,88,31
35.018882,-107.685382,2026-09-25 17:20:58.882177536,3,10271,169,18
36.475032,-107.232884,2026-09-25 17:21:07.47951104,3,13299,77,22
36.522946,-107.225513,2026-09-25 17:21:07.48006656,3,11547,154,50
36.525442,-107.235314,2026-09-25 17:21:07.48004352,3,13417,209,35
35.823188,-107.781894,2026-09-25 17:21:07.91634176,3,11743,82,31
35.865247,-107.710036,2026-09-25 17:21:07.91645440,3,14486,175,19
27.278368,-72.675396,2026-09-25 17:21:10.879448064,3,11936,254,34
26.828512,-72.900513,2026-09-25 17:21:11.396253952,3,10158,221,21
26.34229,-71.627543,2026-09-25 17:21:13.215090688,3,12569,226,85
26.261955,-71.59818,2026-09-25 17:21:13.267460864,3,10083,227,65
26.949985,-72.570158,2026-09-25 17:21:22.483233792,3,10899,269,63
27.063291,-72.640627,2026-09-25 17:21:22.483313408,3,12170,270,53
27.085377,-72.64818,2026-09-25 17:21:22.538193408,3,6408,255,69
27.117438,-72.690584,2026-09-25 17:21:22.568296960,3,3270,258,36
27.067887,-72.647615,2026-09-25 17:21:22.594592768,3,5965,255,60
26.261026,-70.138046,2026-09-25 17:21:39.77035264,3,9040,240,62
36.439177,-107.279872,2026-09-25 17:21:43.34348288,3,10452,148,16
36.479011,-107.263594,2026-09-25 17:21:43.230544384,3,7893,91,63
36.465457,-107.296576,2026-09-25 17:21:43.230570240,3,8579,104,49
36.543111,-107.248946,2026-09-25 17:21:43.230597376,3,5205,223,36
25.97461,-71.712741,2026-09-25 17:21:43.740174336,3,4827,232,78
25.977721,-71.696202,2026-09-25 17:21:43.794570240,3,10210,265,71
35.736997,-108.156365,2026-09-25 17:21:46.238441216,3,13364,81,27
23.591838,-68.703233,2026-09-25 17:21:52.609089536,3,7253,269,97
27.374456,-72.543524,2026-09-25 17:21:53.914149376,3,7890,253,40
27.273206,-72.592004,2026-09-25 17:21:53.981395200,3,6921,258,65
26.815308,-72.445231,2026-09-25 17:22:08.870627840,3,14067,259,37
25.220912,-74.508811,2026-09-25 17:22:10.156996352,3,3471,267,100
25.045185,-74.585853,2026-09-25 17:22:10.293104896,3,8562,268,60
26.152043,-71.49553,2026-09-25 17:22:19.867058688,3,14755,269,13
26.881448,-72.753003,2026-09-25 17:22:20.173952256,3,13199,263,28
27.603138,-71.498746,2026-09-25 17:22:29.487435776,3,13790,211,80
23.033696,-82.90412,2026-09-25 17:22:32.332281344,3,10986,246,72
22.769816,-82.801207,2026-09-25 17:22:32.341192192,3,10137,236,46
22.734829,-82.806828,2026-09-25 17:22:32.483416576,3,2600,268,38
27.144416,-71.042667,2026-09-25 17:22:39.938094592,3,5746,268,29
35.026556,-107.720314,2026-09-25 17:22:55.173957376,3,11002,153,21
35.052782,-107.665006,2026-09-25 17:22:55.186534656,3,13465,88,41
35.054161,-107.72514,2026-09-25 17:22:55.186560768,3,6360,251,28
35.038448,-107.756866,2026-09-25 17:22:55.254974464,3,9060,128,41
35.037052,-107.76905,2026-09-25 17:22:55.254976256,3,9014,214,30
19.641078,-109.962429,2026-09-25 17:22:57.760815104,3,5716,262,50
19.627756,-109.976161,2026-09-25 17:22:57.918058240,3,6297,262,25
26.477614,-70.855124,2026-09-25 17:22:58.69829120,3,11571,269,20
37.525792,-106.146104,2026-09-25 17:23:00.880788736,3,11624,72,41
37.542414,-106.144489,2026-09-25 17:23:00.880796928,3,10700,162,28
19.353545,-110.141932,2026-09-25 17:23:01.423423232,3,6123,263,26
42.666109,124.502956,2026-09-25 17:20:03.837206528,4,7177,150,24
40.846462,121.569539,2026-09-25 17:20:09.728599552,4,3923,183,23
36.213947,16.529995,2026-09-25 17:20:12.572645632,4,7986,259,30
42.538216,120.078025,2026-09-25 17:20:13.642786304,4,6797,168,22
37.734687,19.132005,2026-09-25 17:20:16.109875456,4,8458,235,35
37.769873,19.359716,2026-09-25 17:20:31.816945920,4,6889,240,35
40.528329,37.575339,2026-09-25 17:20:49.112901376,4,7323,264,29
40.528848,37.582654,2026-09-25 17:20:49.267141632,4,4804,264,26
37.708926,19.119511,2026-09-25 17:21:02.37407488,4,11198,242,33
37.747242,19.123038,2026-09-25 17:21:02.37473792,4,10216,188,21
37.707808,19.124373,2026-09-25 17:21:02.90842368,4,13634,235,25
30.975135,19.090822,2026-09-25 17:21:14.87464960,4,14315,239,30
37.733582,19.097384,2026-09-25 17:21:16.947755776,4,12777,212,41
37.750119,19.108137,2026-09-25 17:21:17.118164992,4,11905,233,35
37.697719,19.109505,2026-09-25 17:21:25.631497472,4,10983,236,27
40.521574,37.57158,2026-09-25 17:21:30.688461056,4,11549,264,29
38.401871,20.407281,2026-09-25 17:21:38.308164864,4,7586,151,34
38.405996,20.419068,2026-09-25 17:21:38.308213760,4,12907,181,20
38.340892,20.566828,2026-09-25 17:21:38.464273408,4,7721,203,29
38.078688,20.105336,2026-09-25 17:21:38.645853440,4,13168,198,33
34.664078,124.131176,2026-09-25 17:21:47.602442752,4,13913,218,31
38.891249,111.572673,2026-09-25 17:21:50.331944704,4,11784,207,22
40.846177,121.509107,2026-09-25 17:21:57.462311424,4,5879,264,29
38.189561,14.202916,2026-09-25 17:22:03.160393472,4,10725,204,28
42.676735,124.622749,2026-09-25 17:22:07.10446592,4,14198,150,17
42.368993,124.114817,2026-09-25 17:22:16.593551872,4,8663,153,17
36.054727,17.101574,2026-09-25 17:22:18.953167616,4,7833,239,27
37.965575,19.553832,2026-09-25 17:22:36.11818240,4,8157,211,18
37.89828,19.588673,2026-09-25 17:22:36.11841536,4,13649,187,21
42.52844,124.692489,2026-09-25 17:22:38.186378496,4,12689,162,42
42.512763,124.843401,2026-09-25 17:22:38.186419968,4,14336,144,25
37.723712,19.121114,2026-09-25 17:22:38.516886016,4,5358,216,33
31.115982,19.091015,2026-09-25 17:22:44.712945664,4,11321,267,21
42.53171,120.009689,2026-09-25 17:22:47.52466176,4,9812,168,37
37.703397,19.061688,2026-09-25 17:22:50.68122880,4,7672,236,27
38.124814,20.628212,2026-09-25 17:22:55.208952320,4,14063,205,15
26.320597,-71.675188,2026-09-25 17:20:01.699816960,7,3535,264,31
26.435039,-71.619648,2026-09-25 17:20:01.699860224,7,8422,131,25
26.327539,-71.674687,2026-09-25 17:20:01.752958208,7,3619,264,25
26.566814,-71.719904,2026-09-25 17:20:01.753047040,7,8099,261,15
26.457487,-74.08233,2026-09-25 17:20:03.435688960,7,14982,215,15
24.526418,-56.824966,2026-09-25 17:20:06.142511360,7,6860,243,15
19.555452,-81.493042,2026-09-25 17:20:23.270980352,7,6006,263,23
26.523964,-74.117133,2026-09-25 17:20:42.119142144,7,7185,217,12
27.309692,-72.687123,2026-09-25 17:21:10.879451648,7,14881,253,13
26.284724,-71.556026,2026-09-25 17:21:13.215064832,7,9522,266,28
26.385857,-71.623678,2026-09-25 17:21:13.215137024,7,11265,148,19
26.305004,-71.645371,2026-09-25 17:21:13.267479296,7,4140,264,22
26.445677,-71.678329,2026-09-25 17:21:14.110482176,7,8156,231,15
26.371917,-74.006434,2026-09-25 17:21:24.357881600,7,4750,257,12
26.889272,-72.01569,2026-09-25 17:21:28.267698432,7,13259,218,14
26.817811,-71.984258,2026-09-25 17:21:28.296025344,7,9705,219,16
12.252939,-89.563331,2026-09-25 17:21:46.426856704,7,14102,269,22
23.753925,-68.776129,2026-09-25 17:21:52.609182976,7,13892,264,26
23.576365,-68.623787,2026-09-25 17:21:52.609113088,7,11649,152,14
27.158908,-72.45955,2026-09-25 17:21:53.914065664,7,7484,255,15
27.294985,-72.622112,2026-09-25 17:21:54.35563520,7,4002,260,20
26.801594,-72.438715,2026-09-25 17:22:08.870613248,7,12346,259,15
25.213867,-74.514801,2026-09-25 17:22:10.156996608,7,3638,267,25
25.153822,-74.478904,2026-09-25 17:22:10.157007872,7,3114,257,19
25.157968,-74.61733,2026-09-25 17:22:10.293141248,7,3428,269,24
14.588115,-93.365361,2026-09-25 17:22:20.679698688,7,4488,270,19
27.589393,-71.586503,2026-09-25 17:22:29.487454976,7,8089,255,25
27.757667,-71.562514,2026-09-25 17:22:29.487512576,7,12841,259,11
22.567562,-82.87223,2026-09-25 17:22:32.332153856,7,9353,248,21
22.857142,-82.916389,2026-09-25 17:22:32.442703360,7,7491,244,17
22.769983,-82.790682,2026-09-25 17:22:32.483430400,7,11728,236,14
22.678897,-82.817779,2026-09-25 17:22:32.515167232,7,13570,268,14
26.597766,-73.99816,2026-09-25 17:22:33.159928576,7,2297,232,21
26.310914,-73.944309,2026-09-25 17:22:33.228098560,7,7117,258,23
25.346132,12.185831,2026-09-25 17:20:05.651770880,5,10488,257,10
27.962986,10.552519,2026-09-25 17:20:25.96230656,5,9765,255,25
24.837063,9.336879,2026-09-25 17:20:36.804783360,5,7840,270,21
23.88016,8.465642,2026-09-25 17:21:01.613956352,5,9180,264,24
25.363458,8.785696,2026-09-25 17:21:09.383103232,5,11245,258,14
25.742804,9.865495,2026-09-25 17:21:36.783669760,5,9354,256,23
28.813437,18.52747,2026-09-25 17:22:12.772638720,5,8437,263,83
42.895982,124.791511,2026-09-25 17:20:03.306702336,9,6182,166,26
42.801121,124.735017,2026-09-25 17:20:03.306702080,9,14026,140,17
42.656036,124.507886,2026-09-25 17:20:03.837210624,9,8553,150,19
40.844177,121.556955,2026-09-25 17:20:09.728595712,9,6362,193,20
42.535604,120.079623,2026-09-25 17:20:13.637690880,9,13046,168,14
42.532468,120.077138,2026-09-25 17:20:13.642787840,9,5439,168,22
41.783184,121.919597,2026-09-25 17:20:20.376409600,9,11424,165,11
42.572602,120.127559,2026-09-25 17:20:32.539372800,9,10054,179,9
42.532142,120.078926,2026-09-25 17:20:32.551664640,9,8244,180,11
42.631526,124.551168,2026-09-25 17:20:45.334974208,9,8228,177,24
42.663221,124.583427,2026-09-25 17:20:45.447130880,9,7644,150,12
9.83043,130.331757,2026-09-25 17:20:47.150068224,9,7350,266,38
41.950456,121.574396,2026-09-25 17:21:27.622920192,9,11607,182,14
34.754436,124.370564,2026-09-25 17:21:47.602457088,9,13368,239,51
34.693134,124.130691,2026-09-25 17:21:47.602445056,9,8635,233,42
34.663922,124.130768,2026-09-25 17:21:47.602442752,9,13910,218,31
34.898085,124.384172,2026-09-25 17:21:47.602554880,9,9040,240,19
34.679491,124.256343,2026-09-25 17:21:47.624665088,9,7721,237,35
34.645417,124.311923,2026-09-25 17:21:47.624676352,9,8976,123,17
38.839853,111.547762,2026-09-25 17:21:50.331941376,9,5097,208,18
40.839273,121.519047,2026-09-25 17:21:57.462315264,9,3354,264,28
42.75458,124.656697,2026-09-25 17:22:07.5413376,9,9598,149,10
42.689601,124.634281,2026-09-25 17:22:07.10448128,9,8215,170,15
42.645623,124.596756,2026-09-25 17:22:07.173938688,9,7651,150,9
42.368993,124.114817,2026-09-25 17:22:16.593551872,9,8663,153,17
41.768594,121.481738,2026-09-25 17:22:28.645795584,9,5776,167,9
42.519604,124.659589,2026-09-25 17:22:38.186370816,9,3969,162,41
42.532951,124.650062,2026-09-25 17:22:38.186365440,9,7658,178,22
42.4926,120.119911,2026-09-25 17:22:47.52496128,9,4882,173,36
42.518207,120.094476,2026-09-25 17:22:47.52493056,9,11948,182,23
26.354431,-71.624715,2026-09-25 17:20:01.699801600,13,6478,226,127
26.372559,-73.949817,2026-09-25 17:20:03.435644416,13,8882,257,46
19.567638,-81.48801,2026-09-25 17:20:23.270984448,13,5939,263,77
36.438059,-107.34106,2026-09-25 17:20:28.158473728,13,7670,92,21
36.497639,-107.322477,2026-09-25 17:20:28.259663360,13,9783,91,48
36.446706,-107.337162,2026-09-25 17:20:28.259673344,13,5268,241,35
36.530963,-107.26997,2026-09-25 17:20:28.407056896,13,7675,135,52
36.460772,-107.295816,2026-09-25 17:20:28.407067136,13,8062,104,39
36.462096,-107.24797,2026-09-25 17:20:28.458081024,13,13439,78,52
36.452921,-107.325273,2026-09-25 17:20:28.458106368,13,3838,210,38
36.457774,-107.245582,2026-09-25 17:20:28.547316736,13,9577,168,32
36.475602,-107.258965,2026-09-25 17:20:28.663268608,13,7727,104,73
36.650711,-107.172487,2026-09-25 17:20:28.663342080,13,13948,234,28
37.509319,-106.149927,2026-09-25 17:20:35.988207360,13,14351,114,88
37.583187,-106.091405,2026-09-25 17:20:35.988232192,13,10520,192,73
27.248645,-72.41849,2026-09-25 17:20:38.457640960,13,8353,257,49
35.778762,-108.071229,2026-09-25 17:20:38.650112000,13,13594,95,60
35.77211,-108.067021,2026-09-25 17:20:38.650154752,13,7177,178,45
27.332631,-72.453731,2026-09-25 17:20:38.766333696,13,10481,253,74
27.771531,-71.533992,2026-09-25 17:20:40.660326144,13,7071,251,22
27.592655,-71.4867,2026-09-25 17:20:40.683388672,13,6693,260,17
26.623542,-74.0262,2026-09-25 17:20:42.119192576,13,11989,261,34
19.536886,-109.910872,2026-09-25 17:20:43.338775808,13,6905,265,98
35.041532,-107.729264,2026-09-25 17:20:58.818963712,13,4818,109,39
35.043106,-107.72438,2026-09-25 17:20:58.818960128,13,8563,213,26
34.996489,-107.762366,2026-09-25 17:20:58.882158848,13,12447,88,32
35.018884,-107.685365,2026-09-25 17:20:58.882177536,13,10272,169,19
36.475239,-107.241993,2026-09-25 17:21:07.47948800,13,10032,78,68
36.540469,-107.226023,2026-09-25 17:21:07.48002816,13,10097,154,53
35.845085,-107.785472,2026-09-25 17:21:07.91633664,13,8592,96,27
27.168852,-72.535601,2026-09-25 17:21:10.879402240,13,9692,255,32
26.828512,-72.900509,2026-09-25 17:21:11.396253952,13,10158,221,21
26.374125,-71.646632,2026-09-25 17:21:13.215101696,13,3836,265,115
26.94986,-72.585818,2026-09-25 17:21:22.483238912,13,6615,269,78
26.98136,-72.726541,2026-09-25 17:21:22.538192128,13,7588,259,58
26.869094,-72.586775,2026-09-25 17:21:22.594549504,13,7066,260,45
26.362324,-73.987293,2026-09-25 17:21:24.357874944,13,7653,263,19
26.695152,-71.914048,2026-09-25 17:21:28.295987968,13,10937,264,44
26.261026,-70.13805,2026-09-25 17:21:39.77035264,13,9041,240,106
36.47901,-107.263595,2026-09-25 17:21:43.230544384,13,7892,91,65
36.465456,-107.296569,2026-09-25 17:21:43.230570240,13,8580,104,50
25.963417,-71.71193,2026-09-25 17:21:43.740174336,13,7300,230,71
35.737022,-108.156372,2026-09-25 17:21:46.238441216,13,13367,81,26
23.591838,-68.703241,2026-09-25 17:21:52.609089536,13,7254,269,100
27.374419,-72.543506,2026-09-25 17:21:53.914149376,13,7890,253,39
27.273105,-72.591576,2026-09-25 17:21:53.981394944,13,6915,258,64
35.844029,-107.785665,2026-09-25 17:21:55.680093952,13,7814,96,40
35.844101,-107.792185,2026-09-25 17:21:55.680090880,13,5180,213,27
35.795592,-107.798638,2026-09-25 17:21:55.772896000,13,12347,131,48
35.820725,-107.714983,2026-09-25 17:21:55.772907776,13,7501,161,35
37.489905,-106.090599,2026-09-25 17:21:58.729586944,13,13472,123,66
26.816025,-72.457081,2026-09-25 17:22:08.870619648,13,12717,259,38
25.221034,-74.508907,2026-09-25 17:22:10.156996608,13,3472,267,116
25.118379,-74.591628,2026-09-25 17:22:10.293123584,13,6310,233,58
26.152043,-71.49553,2026-09-25 17:22:19.867058688,13,14754,269,13
26.881448,-72.753003,2026-09-25 17:22:20.173952256,13,13199,263,31
27.602116,-71.498718,2026-09-25 17:22:29.487435520,13,13498,211,76
26.489166,-74.060587,2026-09-25 17:22:33.159882752,13,4783,248,57
35.793643,-108.086823,2026-09-25 17:22:38.38801408,13,9812,80,73
35.801678,-108.052377,2026-09-25 17:22:38.38840576,13,6382,165,58
26.897009,-71.002933,2026-09-25 17:22:39.231078656,13,12969,263,21
35.071754,-107.662716,2026-09-25 17:22:55.186588416,13,13683,132,26
35.038448,-107.756866,2026-09-25 17:22:55.254974464,13,9061,128,43
35.037658,-107.759042,2026-09-25 17:22:55.254969856,13,6810,214,30
37.525792,-106.146104,2026-09-25 17:23:00.880788736,13,11623,72,41
19.338484,-110.139573,2026-09-25 17:23:01.423425792,13,8420,263,26
42.656036,124.507886,2026-09-25 17:20:03.837210624,14,8554,150,20
7.263531,126.795441,2026-09-25 17:20:18.144245248,14,6602,155,21
38.891237,111.572548,2026-09-25 17:21:50.331944704,14,11784,208,19
40.822208,121.549544,2026-09-25 17:21:57.462325760,14,4654,256,30
42.665914,124.613334,2026-09-25 17:22:07.10447872,14,11485,150,17
42.368995,124.11479,2026-09-25 17:22:16.593551872,14,8663,153,17
42.528398,124.692588,2026-09-25 17:22:38.186378496,14,12688,162,40
42.531788,120.009471,2026-09-25 17:22:47.52462848,14,9811,168,35
30.78516,18.977517,2026-09-25 17:20:06.515611136,11,11686,269,117
37.653138,19.074751,2026-09-25 17:20:08.914950656,11,7333,137,254
36.184164,16.516089,2026-09-25 17:20:12.572639232,11,12360,216,302
37.690124,19.102971,2026-09-25 17:20:16.109867264,11,10739,170,255
39.42588,20.235256,2026-09-25 17:20:19.95878656,11,3842,247,108
39.444661,20.217775,2026-09-25 17:20:19.95886080,11,9453,253,188
38.068612,20.379059,2026-09-25 17:20:19.887967232,11,9589,189,93
36.075963,17.07483,2026-09-25 17:20:25.566926336,11,7885,239,114
36.041783,17.071361,2026-09-25 17:20:25.634719232,11,11168,222,60
37.562261,19.110725,2026-09-25 17:20:27.845938944,11,10436,220,45
37.795326,19.338574,2026-09-25 17:20:31.816955648,11,7467,211,307
37.951864,19.5401,2026-09-25 17:20:33.715056896,11,8417,207,128
27.327118,-72.439888,2026-09-25 17:20:38.457668352,11,10417,269,24
27.295926,-72.423809,2026-09-25 17:20:38.766351360,11,11332,268,36
38.176887,14.210138,2026-09-25 17:20:44.462416384,11,12043,208,59
38.199601,14.219126,2026-09-25 17:20:44.462486016,11,11511,239,45
38.138467,14.234611,2026-09-25 17:20:44.462458112,11,6340,241,29
37.461714,14.800426,2026-09-25 17:20:45.966900224,11,7983,241,94
37.611793,14.904461,2026-09-25 17:20:45.966959872,11,9172,236,88
37.265473,14.731002,2026-09-25 17:20:45.966873600,11,11233,251,76
27.901651,10.49748,2026-09-25 17:20:51.76487424,11,9912,266,33
37.746058,19.125949,2026-09-25 17:21:02.37414400,11,7280,219,134
36.039938,17.244009,2026-09-25 17:21:03.8422144,11,4222,266,88
40.119811,38.055093,2026-09-25 17:21:03.807092480,11,5016,269,33
37.643552,19.061863,2026-09-25 17:21:04.914112512,11,12385,212,36
37.842491,19.13917,2026-09-25 17:21:04.914246912,11,8072,263,23
37.985469,14.525452,2026-09-25 17:21:06.255933440,11,12078,240,134
37.901161,19.496521,2026-09-25 17:21:06.272019456,11,8926,181,30
31.066678,19.052738,2026-09-25 17:21:14.87462912,11,4746,269,228
31.029085,19.034181,2026-09-25 17:21:14.87454976,11,6353,257,245
38.231322,14.200284,2026-09-25 17:21:15.15122176,11,7201,129,62
38.305423,14.203824,2026-09-25 17:21:15.15163392,11,10888,258,54
38.295081,14.231173,2026-09-25 17:21:15.15217152,11,8938,264,36
38.237952,14.192533,2026-09-25 17:21:15.15191808,11,7323,228,23
37.701318,19.07656,2026-09-25 17:21:16.947736832,11,14070,135,381
37.749834,19.093215,2026-09-25 17:21:17.118155264,11,6585,230,262
37.6914,19.094594,2026-09-25 17:21:25.631491584,11,11349,222,74
36.087558,16.99087,2026-09-25 17:21:27.791026432,11,8590,170,125
36.106687,17.0083,2026-09-25 17:21:27.842631936,11,10580,193,60
38.382152,20.390953,2026-09-25 17:21:38.308165376,11,11257,180,291
37.748359,19.114737,2026-09-25 17:21:44.737919488,11,7346,212,64
37.743427,19.118016,2026-09-25 17:21:44.737978112,11,7220,243,48
37.711817,19.077069,2026-09-25 17:21:44.737964800,11,13704,213,35
37.751771,19.089529,2026-09-25 17:21:44.807614976,11,8256,210,60
37.717739,19.039868,2026-09-25 17:21:44.807652608,11,8772,235,45
38.49797,14.145032,2026-09-25 17:21:47.308799744,11,8538,256,26
37.776868,19.389904,2026-09-25 17:21:52.996983296,11,12629,233,57
37.729615,19.082992,2026-09-25 17:21:57.499142912,11,14427,220,125
7.039348,5.93766,2026-09-25 17:22:00.354802432,11,10370,211,29
38.022771,14.073155,2026-09-25 17:22:03.160328960,11,12992,239,242
38.174875,14.201975,2026-09-25 17:22:03.160391168,11,6619,239,227
38.172773,14.193768,2026-09-25 17:22:03.160392448,11,7586,249,218
38.164343,14.186193,2026-09-25 17:22:03.160389888,11,4766,249,206
37.721888,19.068285,2026-09-25 17:22:04.812657152,11,3999,253,95
37.740442,19.102881,2026-09-25 17:22:17.517794560,11,6234,212,151
37.741183,19.116541,2026-09-25 17:22:17.784794368,11,3901,248,80
37.85497,19.070501,2026-09-25 17:22:18.55690752,11,13182,193,53
37.800025,19.084468,2026-09-25 17:22:18.55666432,11,12378,212,47
36.041822,17.07466,2026-09-25 17:22:18.953160960,11,9413,215,233
36.064497,17.089679,2026-09-25 17:22:18.953172736,11,4241,258,216
36.352041,17.2171,2026-09-25 17:22:19.451051264,11,13751,252,19
38.413792,14.143948,2026-09-25 17:22:26.25579520,11,14078,258,87
37.636036,14.016941,2026-09-25 17:22:26.25346560,11,10357,268,109
38.042382,14.040621,2026-09-25 17:22:26.25482496,11,11969,244,96
38.066147,14.071629,2026-09-25 17:22:26.25494784,11,11793,244,83
38.251854,14.214554,2026-09-25 17:22:26.25575936,11,8605,267,70
27.58072,-71.586538,2026-09-25 17:22:29.487456000,11,10565,260,38
37.797162,19.429436,2026-09-25 17:22:30.689592320,11,7642,204,28
38.436427,14.203503,2026-09-25 17:22:33.228333312,11,5685,235,41
38.18604,14.199378,2026-09-25 17:22:33.228294656,11,8046,270,48
38.232313,14.270106,2026-09-25 17:22:33.248802048,11,6457,206,56
37.705718,19.110888,2026-09-25 17:22:38.516879104,11,6074,221,249
37.595977,14.210731,2026-09-25 17:22:46.155859456,11,14825,258,58
38.025234,14.582379,2026-09-25 17:22:46.156031232,11,4855,255,45
37.657459,19.084326,2026-09-25 17:22:49.832925440,11,9705,225,88
37.67401,19.047252,2026-09-25 17:22:50.68118784,11,12921,172,150
39.168657,19.427056,2026-09-25 17:22:51.79721216,11,8637,165,39
38.065394,20.579809,2026-09-25 17:22:55.208945152,11,7691,131,275
38.078903,20.608233,2026-09-25 17:22:55.208949248,11,8170,212,270
38.069958,20.598709,2026-09-25 17:22:55.208941568,11,10609,260,252
38.315405,14.11487,2026-09-25 17:22:56.39775488,11,9392,204,48
5.481528,16.913605,2026-09-25 17:22:57.204262912,11,11558,233,47
37.741237,19.130967,2026-09-25 17:23:04.507020032,11,5976,234,95
37.774041,19.175476,2026-09-25 17:23:04.507087360,11,6119,212,64
39.402298,19.862963,2026-09-25 17:23:05.22348288,11,13032,252,87
39.437252,19.882209,2026-09-25 17:23:05.22293248,11,13330,267,66
39.484661,19.873817,2026-09-25 17:23:05.22362368,11,7052,257,40
39.393778,19.881388,2026-09-25 17:23:05.29595648,11,7091,230,25
36.080256,16.999899,2026-09-25 17:23:14.659474432,11,12885,218,162
30.78516,18.977517,2026-09-25 17:20:06.515611136,12,11686,269,117
37.653138,19.074751,2026-09-25 17:20:08.914950656,12,7333,137,254
36.185238,16.490601,2026-09-25 17:20:12.572642048,12,5783,217,199
37.690124,19.102971,2026-09-25 17:20:16.109867264,12,10739,170,255
39.42588,20.235256,2026-09-25 17:20:19.95878656,12,3842,247,106
39.444661,20.217775,2026-09-25 17:20:19.95886080,12,9453,253,188
36.075963,17.07483,2026-09-25 17:20:25.566926336,12,7885,239,114
36.041783,17.071361,2026-09-25 17:20:25.634719232,12,11168,222,60
37.562261,19.110725,2026-09-25 17:20:27.845938944,12,10436,220,45
37.765555,19.345367,2026-09-25 17:20:31.816941568,12,8788,171,160
37.961718,19.52123,2026-09-25 17:20:33.715051008,12,7758,191,157
37.959919,19.536428,2026-09-25 17:20:33.736845056,12,7231,192,61
27.327118,-72.439888,2026-09-25 17:20:38.457668352,12,10417,269,24
27.295926,-72.423809,2026-09-25 17:20:38.766351360,12,11332,268,36
38.240239,14.254138,2026-09-25 17:20:44.462486528,12,14648,226,37
38.138467,14.234611,2026-09-25 17:20:44.462458112,12,6340,241,29
37.461714,14.800426,2026-09-25 17:20:45.966900224,12,7983,241,94
37.611793,14.904461,2026-09-25 17:20:45.966959872,12,9172,236,88
37.265473,14.731002,2026-09-25 17:20:45.966873600,12,11233,251,76
27.901651,10.49748,2026-09-25 17:20:51.76487424,12,9912,266,33
37.746058,19.125949,2026-09-25 17:21:02.37414400,12,7280,219,134
36.039938,17.244009,2026-09-25 17:21:03.8422144,12,4222,266,89
40.11844,38.056968,2026-09-25 17:21:03.807091968,12,5022,269,34
37.643552,19.061863,2026-09-25 17:21:04.914112512,12,12385,212,37
37.985469,14.525452,2026-09-25 17:21:06.255933440,12,12078,240,134
36.409198,-107.273804,2026-09-25 17:21:07.47977728,12,13867,128,25
41.510619,38.348858,2026-09-25 17:21:13.258173440,12,10075,259,117
31.066678,19.052738,2026-09-25 17:21:14.87462912,12,4746,269,229
31.029085,19.034181,2026-09-25 17:21:14.87454976,12,6353,257,246
38.231322,14.200284,2026-09-25 17:21:15.15122176,12,7201,129,61
38.305423,14.203824,2026-09-25 17:21:15.15163392,12,10888,258,55
38.295081,14.231173,2026-09-25 17:21:15.15217152,12,8938,264,37
38.24836,14.190566,2026-09-25 17:21:15.15188736,12,6608,228,23
37.701318,19.07656,2026-09-25 17:21:16.947736832,12,14070,135,382
37.682369,19.090346,2026-09-25 17:21:25.631490560,12,4916,222,81
36.081421,16.994837,2026-09-25 17:21:27.791025408,12,7471,170,112
38.382152,20.390953,2026-09-25 17:21:38.308165376,12,11257,180,292
41.404583,38.617917,2026-09-25 17:21:41.83789312,12,3154,265,47
3.588874,18.210653,2026-09-25 17:21:41.770088704,12,13402,245,31
37.748359,19.114737,2026-09-25 17:21:44.737919488,12,7346,212,65
37.743427,19.118016,2026-09-25 17:21:44.737978112,12,7220,243,49
37.711817,19.077069,2026-09-25 17:21:44.737964800,12,13704,213,36
37.751771,19.089529,2026-09-25 17:21:44.807614976,12,8256,210,61
37.717739,19.039868,2026-09-25 17:21:44.807652608,12,8772,235,46
37.741442,19.074535,2026-09-25 17:21:44.807667456,12,7372,220,33
38.49797,14.145032,2026-09-25 17:21:47.308799744,12,8538,256,27
37.776868,19.389904,2026-09-25 17:21:52.996983296,12,12629,233,60
37.729615,19.082992,2026-09-25 17:21:57.499142912,12,14427,220,125
7.039348,5.93766,2026-09-25 17:22:00.354802432,12,10370,211,29
38.022771,14.073155,2026-09-25 17:22:03.160328960,12,12992,239,242
38.174875,14.201975,2026-09-25 17:22:03.160391168,12,6619,239,227
38.172773,14.193768,2026-09-25 17:22:03.160392448,12,7586,249,218
38.164343,14.186193,2026-09-25 17:22:03.160389888,12,4766,249,206
37.721888,19.068285,2026-09-25 17:22:04.812657152,12,3999,253,95
37.740442,19.102881,2026-09-25 17:22:17.517794560,12,6234,212,151
37.768091,19.111224,2026-09-25 17:22:17.837209856,12,5510,267,111
37.745591,19.097435,2026-09-25 17:22:18.55653888,12,9791,220,98
36.041822,17.07466,2026-09-25 17:22:18.953160960,12,9413,215,233
36.064497,17.089679,2026-09-25 17:22:18.953172736,12,4241,258,216
36.352041,17.2171,2026-09-25 17:22:19.451051264,12,13751,252,19
38.413792,14.143948,2026-09-25 17:22:26.25579520,12,14078,258,87
37.636036,14.016941,2026-09-25 17:22:26.25346560,12,10357,268,109
38.042382,14.040621,2026-09-25 17:22:26.25482496,12,11969,244,96
38.066147,14.071629,2026-09-25 17:22:26.25494784,12,11793,244,83
38.251854,14.214554,2026-09-25 17:22:26.25575936,12,8605,267,70
27.58072,-71.586538,2026-09-25 17:22:29.487456000,12,10565,260,38
38.436427,14.203503,2026-09-25 17:22:33.228333312,12,5685,235,41
38.18604,14.199378,2026-09-25 17:22:33.228294656,12,8046,270,48
37.705718,19.110888,2026-09-25 17:22:38.516879104,12,6074,221,249
37.873309,13.842283,2026-09-25 17:22:41.209739264,12,8976,251,35
37.595977,14.210731,2026-09-25 17:22:46.155859456,12,14825,258,58
38.025234,14.582379,2026-09-25 17:22:46.156031232,12,4855,255,45
37.657459,19.084326,2026-09-25 17:22:49.832925440,12,9705,225,88
37.67401,19.047252,2026-09-25 17:22:50.68118784,12,12921,172,150
39.168657,19.427056,2026-09-25 17:22:51.79721216,12,8637,165,39
38.065394,20.579809,2026-09-25 17:22:55.208945152,12,7691,131,275
38.078903,20.608233,2026-09-25 17:22:55.208949248,12,8170,212,270
38.069958,20.598709,2026-09-25 17:22:55.208941568,12,10609,260,252
38.315405,14.11487,2026-09-25 17:22:56.39775488,12,9392,204,48
5.505414,16.90052,2026-09-25 17:22:57.204264960,12,4819,236,69
37.741237,19.130967,2026-09-25 17:23:04.507020032,12,5976,234,95
37.778158,19.145684,2026-09-25 17:23:04.507087872,12,13648,186,19
39.402298,19.862963,2026-09-25 17:23:05.22348288,12,13032,252,87
39.437252,19.882209,2026-09-25 17:23:05.22293248,12,13330,267,62
7.383594,18.145351,2026-09-25 17:23:05.118604032,12,11475,225,23
37.621668,19.3499,2026-09-25 17:23:05.132765696,12,13997,263,25
36.080256,16.999899,2026-09-25 17:23:14.659474432,12,12885,218,162
34.437184,-107.329931,2026-09-25 18:55:03.96985600,1,12865,152,29
34.446565,-107.314282,2026-09-25 18:55:03.96981248,1,14579,231,19
41.952817,39.067902,2026-09-25 18:55:04.646202112,1,7670,248,133
41.953319,39.067305,2026-09-25 18:55:04.646203136,1,7625,248,123
37.080248,14.720465,2026-09-25 18:55:11.859868928,1,5171,247,103
37.134382,14.680351,2026-09-25 18:55:11.859947520,1,5441,250,78
37.097452,14.69331,2026-09-25 18:55:11.859929600,1,6663,219,56
37.075204,14.673555,2026-09-25 18:55:11.878765312,1,5871,238,61
37.068959,14.659947,2026-09-25 18:55:11.878824960,1,3956,248,37
37.070501,14.683864,2026-09-25 18:55:11.927244288,1,5156,224,131
37.09654,14.672889,2026-09-25 18:55:11.927323136,1,10791,249,120
37.076494,14.669113,2026-09-25 18:55:11.927311104,1,4584,255,109
37.114764,14.685159,2026-09-25 18:55:11.927320320,1,2420,266,84
40.575256,38.544931,2026-09-25 18:55:21.56866816,1,14261,253,109
40.587424,38.489821,2026-09-25 18:55:21.56870656,1,7377,264,96
11.858352,10.827802,2026-09-25 18:55:28.258497536,1,10160,173,66
35.781123,17.23564,2026-09-25 18:55:44.580106752,1,4308,261,50
35.628866,17.245836,2026-09-25 18:55:44.580046592,1,7651,242,34
26.526947,-72.54587,2026-09-25 18:55:46.993830656,1,13787,268,20
37.020242,14.604844,2026-09-25 18:55:49.154772736,1,10308,235,251
26.771861,-72.615502,2026-09-25 18:55:02.184069376,3,7781,257,74
26.780323,-72.639517,2026-09-25 18:55:02.184109312,3,6042,268,47
10.332515,-64.001241,2026-09-25 18:55:05.120192768,7,14839,191,17
26.618861,-70.132847,2026-09-25 18:55:08.259448832,7,6830,268,11
22.055785,-79.638238,2026-09-25 18:55:18.715846912,7,3579,254,20
21.923269,-84.028582,2026-09-25 18:55:37.699282432,7,11970,267,12
27.099465,-71.916055,2026-09-25 18:55:38.551206400,7,5806,263,16
26.533942,-72.522969,2026-09-25 18:55:46.993826816,7,2826,261,16
27.53631,-71.830365,2026-09-25 18:55:48.806614784,7,5862,255,14
26.632081,-72.574542,2026-09-25 18:55:51.821004288,7,1963,262,28
14.800973,-90.913171,2026-09-25 18:55:52.283145472,7,3255,269,14
26.559875,-72.573056,2026-09-25 18:55:52.384600832,7,3314,260,16
25.477166,9.540627,2026-09-25 18:55:02.413633024,5,4017,268,43
24.602169,9.907614,2026-09-25 18:55:18.129596160,5,13904,260,58
26.224025,12.064288,2026-09-25 18:55:23.451660032,5,14899,265,18
25.948314,14.367788,2026-09-25 18:55:37.358311424,5,12060,264,49
26.24321,13.165521,2026-09-25 18:55:51.986832384,5,10006,253,13
34.60012,125.053039,2026-09-25 18:55:02.843685632,9,9516,202,18
34.568454,124.835632,2026-09-25 18:55:03.544795392,9,5799,267,38
34.584277,124.961124,2026-09-25 18:55:03.544832256,9,9036,236,15
42.687018,126.129858,2026-09-25 18:55:07.571820288,9,13390,161,14
42.544744,125.735659,2026-09-25 18:55:08.446408704,9,5135,178,10
42.499804,125.699005,2026-09-25 18:55:08.700770048,9,4790,179,21
42.230862,120.990704,2026-09-25 18:55:14.273625344,9,8620,168,21
41.271483,122.551562,2026-09-25 18:55:33.843612160,9,5386,193,21
41.209639,122.493052,2026-09-25 18:55:33.843605760,9,10964,195,12
42.267328,125.250611,2026-09-25 18:55:35.389613056,9,6744,176,22
42.034489,124.864761,2026-09-25 18:55:38.933334016,9,7363,152,9
26.836111,-72.639262,2026-09-25 18:55:01.740392448,13,14846,266,14
26.633498,-72.551772,2026-09-25 18:55:02.184021248,13,9016,266,90
34.470268,-107.250395,2026-09-25 18:55:02.686967552,13,9280,121,61
34.478563,-107.232349,2026-09-25 18:55:02.686980352,13,10307,174,87
34.476721,-107.244075,2026-09-25 18:55:03.96956160,13,9024,120,78
34.429493,-107.23772,2026-09-25 18:55:03.96968448,13,12068,159,52
27.186277,-107.115527,2026-09-25 18:55:03.190941184,13,7561,224,24
27.22234,-107.101324,2026-09-25 18:55:03.501612032,13,7371,239,37
23.42896,-57.419054,2026-09-25 18:55:04.966226688,13,5187,181,45
35.970602,-107.2956,2026-09-25 18:55:06.657423616,13,11126,86,46
35.961304,-107.331959,2026-09-25 18:55:06.657459456,13,5274,160,31
26.726371,-72.626142,2026-09-25 18:55:11.995124992,13,6268,261,17
25.527722,-72.204063,2026-09-25 18:55:12.953086208,13,8712,240,46
25.742482,-72.268397,2026-09-25 18:55:13.129121024,13,8423,266,49
34.60701,-105.419527,2026-09-25 18:55:15.828999168,13,10518,85,38
34.601828,-105.463304,2026-09-25 18:55:15.889235200,13,7617,210,24
34.605422,-105.439628,2026-09-25 18:55:15.936480768,13,7174,138,23
33.936835,-108.213327,2026-09-25 18:55:16.660576768,13,8931,120,81
33.827664,-108.234561,2026-09-25 18:55:16.660590592,13,7683,183,64
34.87512,-107.523912,2026-09-25 18:55:19.125059328,13,14819,154,36
34.447624,-107.326482,2026-09-25 18:55:20.795825664,13,13658,121,20
34.892867,-107.533791,2026-09-25 18:55:22.288552704,13,10646,138,55
35.008598,-107.467653,2026-09-25 18:55:22.786635008,13,8950,89,62
35.016632,-107.486995,2026-09-25 18:55:22.786674176,13,8052,171,49
33.850399,-108.203473,2026-09-25 18:55:23.823989760,13,14271,97,54
33.940415,-108.117221,2026-09-25 18:55:23.824011776,13,7533,212,41
36.613433,-106.884483,2026-09-25 18:55:29.12781568,13,13965,188,101
35.700973,-107.277451,2026-09-25 18:55:30.612530688,13,8332,122,93
35.694853,-107.258952,2026-09-25 18:55:30.612537856,13,7952,244,83
34.940967,-107.653061,2026-09-25 18:55:31.830100480,13,13517,110,15
34.940842,-107.621954,2026-09-25 18:55:31.933552128,13,7425,110,41
34.937175,-107.633603,2026-09-25 18:55:31.933544960,13,8214,250,28
18.03326,-110.736457,2026-09-25 18:55:33.501761536,13,6742,268,35
36.142876,-106.599684,2026-09-25 18:55:34.60860672,13,8893,82,62
36.141343,-106.629952,2026-09-25 18:55:34.60892416,13,8107,105,50
33.904797,-108.161682,2026-09-25 18:55:39.384290816,13,14193,97,80
38.993506,-107.437903,2026-09-25 18:55:43.504687104,13,9469,101,38
38.993416,-107.441795,2026-09-25 18:55:43.504697088,13,5279,73,24
5.856698,-62.144044,2026-09-25 18:55:43.792931328,13,7190,231,26
35.927258,-107.232434,2026-09-25 18:55:47.988397056,13,11099,141,60
35.859975,-107.259459,2026-09-25 18:55:47.988401664,13,6193,127,46
23.454885,-57.413827,2026-09-25 18:55:48.26396672,13,8977,178,38
36.050184,-107.306725,2026-09-25 18:55:49.387056384,13,9055,140,70
36.028642,-107.284157,2026-09-25 18:55:49.387083264,13,9990,124,35
35.997309,-107.349495,2026-09-25 18:55:49.443388416,13,9517,97,41
37.816098,-109.262342,2026-09-25 18:55:49.674694144,13,11392,77,43
37.85863,-109.326766,2026-09-25 18:55:49.674717184,13,12725,148,35
26.705779,-72.645317,2026-09-25 18:55:51.821029376,13,4325,220,108
14.786156,-90.918479,2026-09-25 18:55:52.283143680,13,4261,269,25
26.810998,-72.656303,2026-09-25 18:55:52.384695040,13,5066,261,40
36.235001,-107.049207,2026-09-25 18:55:52.916547328,13,14461,95,76
36.236774,-107.011356,2026-09-25 18:55:52.916557824,13,12502,122,65
37.832638,-109.499743,2026-09-25 18:55:57.850375680,13,11320,116,62
37.853407,-109.562735,2026-09-25 18:55:57.850395392,13,6780,148,45
34.974997,-107.45858,2026-09-25 18:56:01.226582528,13,12351,90,66
34.978888,-107.506183,2026-09-25 18:56:01.226610688,13,5940,171,52
34.969094,-107.467792,2026-09-25 18:56:01.245436160,13,13315,90,36
34.963797,-107.514397,2026-09-25 18:56:01.245472256,13,8325,153,23
19.235773,-110.464922,2026-09-25 18:56:01.763454208,13,12845,264,114
26.860552,-72.130136,2026-09-25 18:56:06.354419968,13,14369,259,14
14.803232,-92.065407,2026-09-25 18:56:08.753720320,13,13881,269,20
33.880041,-108.188196,2026-09-25 18:56:09.696496128,13,6423,127,37
33.896246,-108.186907,2026-09-25 18:56:09.734810368,13,6640,81,31
33.88832,-108.17397,2026-09-25 18:56:09.734810112,13,5465,218,39
33.866835,-108.197523,2026-09-25 18:56:09.796137728,13,8992,122,28
36.141532,-106.149927,2026-09-25 18:56:09.807709696,13,12305,99,32
22.033991,-84.141516,2026-09-25 18:56:10.418538752,13,4905,257,37
34.951313,-107.493061,2026-09-25 18:56:11.651394560,13,11136,74,61
27.05871,-69.742632,2026-09-25 18:56:11.924698624,13,9468,228,32
34.570816,124.873237,2026-09-25 18:55:03.544798208,14,8722,267,39
42.28426,125.245364,2026-09-25 18:55:35.389602048,14,14939,148,25
34.63917,124.902582,2026-09-25 18:56:08.40159232,14,6064,231,25
42.430311,125.897866,2026-09-25 18:56:14.752154368,14,6109,146,26
42.557463,121.045031,2026-09-25 18:56:15.853914112,14,7709,164,18
37.080248,14.720465,2026-09-25 18:55:11.859868928,11,5170,247,104
35.642634,17.23666,2026-09-25 18:55:16.120178176,11,9589,233,87
7.79517,11.718089,2026-09-25 18:55:19.935361792,11,3205,183,38
34.965302,-107.528648,2026-09-25 18:55:22.786665216,11,12961,142,22
37.454903,19.763678,2026-09-25 18:55:26.210761984,11,7613,174,147
37.5065,19.746026,2026-09-25 18:55:26.210839552,11,3955,270,133
37.513871,19.799041,2026-09-25 18:55:26.210833664,11,5722,216,120
41.283051,37.681872,2026-09-25 18:55:34.280435456,11,7589,265,53
37.534557,19.544249,2026-09-25 18:55:42.664686336,11,6095,215,68
37.736963,19.759625,2026-09-25 18:55:43.137304320,11,6811,161,337
37.772921,19.754035,2026-09-25 18:55:43.137318144,11,4853,261,112
35.777847,17.234345,2026-09-25 18:55:44.580105984,11,4309,261,49
35.617845,17.23042,2026-09-25 18:55:44.580049920,11,9172,242,35
37.020276,14.604878,2026-09-25 18:55:49.154772736,11,10314,235,249
36.748984,14.706493,2026-09-25 18:55:49.154749952,11,11658,267,44
26.652945,-72.574825,2026-09-25 18:55:51.821004800,11,8869,266,56
26.584134,-72.596997,2026-09-25 18:55:52.384609280,11,9018,267,19
36.184551,-107.085467,2026-09-25 18:55:52.916566528,11,14140,131,31
36.678588,14.909754,2026-09-25 18:55:58.236860416,11,10341,259,214
37.455721,19.787952,2026-09-25 18:56:02.288649216,11,6329,174,208
37.087628,14.789589,2026-09-25 18:56:05.288303616,11,8884,253,393
37.01304,14.801192,2026-09-25 18:56:05.288289536,11,8204,229,382
37.045817,14.678282,2026-09-25 18:56:09.150258176,11,5771,250,91
35.719744,17.205457,2026-09-25 18:56:09.483692544,11,5546,237,92
10.005094,2.257205,2026-09-25 18:56:13.973455104,11,14427,231,19
41.966654,39.041696,2026-09-25 18:55:04.646214656,12,9162,262,89
37.019419,14.715734,2026-09-25 18:55:11.859843072,12,5694,164,105
35.642634,17.23666,2026-09-25 18:55:16.120178176,12,9589,233,87
7.79517,11.718089,2026-09-25 18:55:19.935361792,12,3205,183,38
34.965302,-107.528648,2026-09-25 18:55:22.786665216,12,12961,142,25
37.454903,19.763678,2026-09-25 18:55:26.210761984,12,7613,174,147
37.5065,19.746026,2026-09-25 18:55:26.210839552,12,3955,270,133
37.513871,19.799041,2026-09-25 18:55:26.210833664,12,5722,216,120
41.283051,37.681872,2026-09-25 18:55:34.280435456,12,7589,265,53
37.534557,19.544249,2026-09-25 18:55:42.664686336,12,6095,215,68
37.736963,19.759625,2026-09-25 18:55:43.137304320,12,6811,161,336
35.777847,17.234345,2026-09-25 18:55:44.580105984,12,4309,261,49
35.617845,17.23042,2026-09-25 18:55:44.580049920,12,9172,242,35
37.020276,14.604878,2026-09-25 18:55:49.154772736,12,10314,235,249
36.716867,14.690755,2026-09-25 18:55:49.154731264,12,9649,265,48
26.652945,-72.574825,2026-09-25 18:55:51.821004800,12,8869,266,56
26.584134,-72.596997,2026-09-25 18:55:52.384609280,12,9018,267,19
36.184551,-107.085467,2026-09-25 18:55:52.916566528,12,14140,131,31
36.678588,14.909754,2026-09-25 18:55:58.236860416,12,10341,259,214
37.455721,19.787952,2026-09-25 18:56:02.288649216,12,6329,174,208
37.087628,14.789589,2026-09-25 18:56:05.288303616,12,8884,253,393
37.01304,14.801192,2026-09-25 18:56:05.288289536,12,8204,229,382
37.045817,14.678282,2026-09-25 18:56:09.150258176,12,5771,250,91
35.709674,17.204383,2026-09-25 18:56:09.483692544,12,6075,238,97
10.005094,2.257205,2026-09-25 18:56:13.973455104,12,14427,231,19
23.417296,-58.08023,2026-09-25 20:35:04.490184192,1,10891,227,28
36.055589,15.183296,2026-09-25 20:35:05.296630272,1,10191,228,26
36.243118,15.193873,2026-09-25 20:35:05.507911680,1,11812,270,39
36.213844,15.194441,2026-09-25 20:35:05.507889152,1,2911,254,31
36.184093,15.208108,2026-09-25 20:35:05.586338560,1,5522,268,25
36.32811,15.26058,2026-09-25 20:35:05.595504640,1,10681,254,25
42.70341,38.480888,2026-09-25 20:35:13.211232256,1,11282,262,26
16.599529,-94.323667,2026-09-25 20:35:30.989147392,1,6582,270,27
36.129877,15.025401,2026-09-25 20:35:32.459648768,1,10739,249,29
36.007197,15.058658,2026-09-25 20:35:32.542527488,1,5485,254,243
35.919377,15.046758,2026-09-25 20:35:32.542557184,1,7437,247,226
43.509302,41.244573,2026-09-25 20:35:40.197751040,1,14157,270,24
36.258789,15.195679,2026-09-25 20:35:41.151051264,1,13686,249,75
36.169166,15.180857,2026-09-25 20:35:41.151011072,1,8881,248,57
36.137818,15.17962,2026-09-25 20:35:41.150990848,1,6992,204,38
36.162102,15.183098,2026-09-25 20:35:41.274685440,1,10481,263,35
36.160043,15.168929,2026-09-25 20:35:41.274681088,1,5485,220,22
25.283101,11.221396,2026-09-25 20:35:48.664370432,1,9077,267,45
25.242939,11.247574,2026-09-25 20:35:48.664352256,1,9099,267,30
35.955918,15.307266,2026-09-25 20:35:49.76800000,1,14229,202,51
36.053281,15.25373,2026-09-25 20:35:49.76833536,1,8267,221,37
29.038784,20.006272,2026-09-25 20:35:59.277038336,1,4360,269,25
28.997774,19.967848,2026-09-25 20:35:59.418234368,1,7553,269,19
28.963843,19.964214,2026-09-25 20:35:59.680349184,1,10008,269,19
28.670116,-107.503004,2026-09-25 20:36:00.532378624,1,12907,250,23
37.26217,-104.454893,2026-09-25 20:36:11.398520832,1,12914,119,26
15.407324,-12.208056,2026-09-25 20:36:12.129294080,1,4873,249,22
37.879194,-104.682581,2026-09-25 20:36:39.512113920,1,5927,127,21
43.585878,41.042897,2026-09-25 20:36:48.436100096,1,11594,269,25
41.376737,39.073171,2026-09-25 20:36:58.20642048,1,12597,266,20
41.44275,38.788795,2026-09-25 20:36:58.51405056,1,6615,263,90
37.809784,15.213215,2026-09-25 20:37:05.979881216,1,12061,269,57
37.665562,15.15859,2026-09-25 20:37:05.979824640,1,9546,255,45
36.190002,-106.290327,2026-09-25 20:37:07.126422784,1,13128,134,23
36.17286,15.242094,2026-09-25 20:37:07.883473920,1,4881,269,24
26.402171,12.953702,2026-09-25 20:37:17.128782848,1,12359,261,43
35.925706,15.226056,2026-09-25 20:37:25.776531712,1,14418,259,32
35.975657,15.251502,2026-09-25 20:37:25.776554240,1,4792,246,40
36.057982,15.246182,2026-09-25 20:37:25.776575232,1,6561,257,27
36.135495,15.216145,2026-09-25 20:37:28.158076160,1,9746,245,299
36.123804,15.246056,2026-09-25 20:37:38.333356032,1,8760,252,29
36.915261,19.974178,2026-09-25 20:37:38.580089344,1,6915,225,51
36.880439,20.047021,2026-09-25 20:37:38.580131584,1,4425,219,112
37.008062,19.988289,2026-09-25 20:37:38.580181760,1,10171,261,98
26.527722,-71.999438,2026-09-25 20:37:56.70043136,1,14169,269,22
33.36261,-63.550027,2026-09-25 20:37:58.571101696,1,7025,261,25
25.935365,15.531451,2026-09-25 20:38:14.176632320,1,12045,265,39
17.995328,-90.344434,2026-09-25 20:38:15.306122752,1,11273,266,37
36.060661,15.186735,2026-09-25 20:38:15.351100672,1,10708,245,101
36.102421,15.181822,2026-09-25 20:38:15.351101696,1,4290,268,92
36.144899,15.03615,2026-09-25 20:38:31.479846912,1,8052,261,17
35.948994,140.276992,2026-09-25 20:35:13.640393216,2,2938,226,23
35.944649,140.256155,2026-09-25 20:35:13.696399616,2,7950,232,24
35.886522,140.235733,2026-09-25 20:35:13.750036480,2,9275,235,19
11.284472,110.18219,2026-09-25 20:35:37.623332096,2,13380,199,22
30.52247,113.584003,2026-09-25 20:35:38.575276800,2,12662,208,37
30.565591,113.627458,2026-09-25 20:35:38.575298304,2,5279,256,18
1.343148,107.213307,2026-09-25 20:35:52.172999936,2,13461,225,29
40.968546,122.713923,2026-09-25 20:35:56.195256320,2,13834,129,24
42.192528,122.973597,2026-09-25 20:37:34.971589120,2,10453,156,20
40.940805,123.052301,2026-09-25 20:37:41.419209728,2,11780,161,24
7.113783,106.925063,2026-09-25 20:38:43.460572160,2,14030,185,25
3.166057,109.085175,2026-09-25 20:38:54.510339584,2,10869,221,32
27.621228,-107.320123,2026-09-25 20:35:03.57174272,3,12773,235,29
27.649281,-107.347334,2026-09-25 20:35:03.120700928,3,10946,235,26
36.796194,-104.913146,2026-09-25 20:35:03.772763136,3,8329,121,29
36.873073,-104.831903,2026-09-25 20:35:03.772808192,3,8231,196,16
37.62496,-99.223152,2026-09-25 20:35:04.715222528,3,12823,113,31
37.584522,-99.165947,2026-09-25 20:35:04.873352192,3,6357,114,50
37.629587,-99.200297,2026-09-25 20:35:04.873389568,3,5364,148,37
37.647588,-99.190103,2026-09-25 20:35:04.873399296,3,8805,170,17
37.61221,-99.239511,2026-09-25 20:35:05.65369600,3,8099,113,31
37.637817,-99.201715,2026-09-25 20:35:05.65383936,3,11054,228,15
28.575657,-107.41648,2026-09-25 20:35:05.395687936,3,8987,230,43
26.455857,-71.997622,2026-09-25 20:35:07.952484352,3,13647,263,58
37.649174,-103.433267,2026-09-25 20:35:09.446539008,3,5684,87,39
37.664325,-103.401451,2026-09-25 20:35:09.446543872,3,13340,192,27
49.527248,-120.092645,2026-09-25 20:35:09.759118080,3,6733,178,72
18.530906,-77.652425,2026-09-25 20:35:18.607711488,3,5069,269,33
35.542046,-106.755322,2026-09-25 20:35:18.972524800,3,13676,87,24
35.545411,-106.790186,2026-09-25 20:35:19.45325824,3,6620,128,39
35.554496,-106.773782,2026-09-25 20:35:19.45330176,3,8076,145,27
17.569692,-92.245398,2026-09-25 20:35:21.855041792,3,3657,259,49
35.135912,-111.926164,2026-09-25 20:35:23.713478912,3,14260,103,30
16.576,-94.33595,2026-09-25 20:35:30.989139712,3,6765,262,71
22.699995,-80.961862,2026-09-25 20:35:34.789692160,3,9927,261,24
17.569934,-92.908467,2026-09-25 20:35:36.42027008,3,8557,250,16
25.371404,-71.805814,2026-09-25 20:35:36.477824512,3,6758,269,44
30.367941,-104.442784,2026-09-25 20:35:37.707429120,3,7244,99,27
30.227608,-104.411372,2026-09-25 20:35:37.743646976,3,13838,201,22
31.167189,-102.342503,2026-09-25 20:35:38.466620672,3,3765,196,46
31.332209,-102.375078,2026-09-25 20:35:38.466667520,3,6469,220,32
31.244046,-102.36013,2026-09-25 20:35:38.575968256,3,5841,177,64
31.19635,-102.464178,2026-09-25 20:35:38.575975936,3,10011,158,49
31.305249,-102.363931,2026-09-25 20:35:38.576024064,3,10783,221,36
31.31871,-102.384712,2026-09-25 20:35:38.609117184,3,9921,216,29
34.240884,-107.560827,2026-09-25 20:35:39.344862720,3,13367,96,60
34.263766,-107.520591,2026-09-25 20:35:39.344912896,3,9671,190,43
34.31132,-107.534431,2026-09-25 20:35:39.344930304,3,6266,224,29
35.234652,-106.002321,2026-09-25 20:35:39.385014016,3,9326,91,78
35.221414,-105.929556,2026-09-25 20:35:39.385037568,3,10303,124,60
36.268034,-106.142556,2026-09-25 20:35:48.850443776,3,11947,135,26
37.626018,-99.153727,2026-09-25 20:35:49.294429184,3,14153,88,20
37.653938,-99.178977,2026-09-25 20:35:49.294474496,3,5666,148,36
37.669831,-99.147653,2026-09-25 20:35:49.294481408,3,8312,161,23
28.558145,-107.544883,2026-09-25 20:36:00.532306944,3,8035,143,65
28.630762,-107.506022,2026-09-25 20:36:00.532362752,3,3687,241,54
28.658206,-107.519904,2026-09-25 20:36:00.532374272,3,11845,241,42
37.798788,-104.692515,2026-09-25 20:36:00.572947968,3,10896,79,27
37.81016,-104.694498,2026-09-25 20:36:00.614945536,3,10469,79,32
37.841742,-104.62967,2026-09-25 20:36:00.614969856,3,11838,161,17
37.391559,-99.320562,2026-09-25 20:36:02.279927552,3,10670,112,40
37.420555,-99.327916,2026-09-25 20:36:02.279974400,3,7714,150,26
37.614613,-104.83449,2026-09-25 20:36:02.543082752,3,12552,158,23
37.612377,-104.79905,2026-09-25 20:36:02.632706560,3,9907,95,41
37.651434,-104.728153,2026-09-25 20:36:02.632724992,3,6913,162,28
37.200392,-105.79124,2026-09-25 20:36:02.900438272,3,8277,120,49
37.20312,-105.758755,2026-09-25 20:36:02.900444160,3,10790,205,36
37.198691,-105.822028,2026-09-25 20:36:02.938528768,3,9265,117,30
37.191389,-105.70036,2026-09-25 20:36:02.938565376,3,7291,125,18
37.26722,-98.976768,2026-09-25 20:36:03.278228480,3,12752,103,31
37.335165,-98.900599,2026-09-25 20:36:03.278262272,3,6319,204,20
35.527735,-106.16752,2026-09-25 20:36:05.532381952,3,9247,105,19
22.927374,-81.188418,2026-09-25 20:36:06.592113408,3,7134,246,46
22.867386,-81.199987,2026-09-25 20:36:06.592088064,3,12511,218,33
39.752721,-105.478866,2026-09-25 20:36:06.646417920,3,13445,106,80
39.756116,-105.467222,2026-09-25 20:36:06.646469376,3,8277,149,48
39.752316,-105.458986,2026-09-25 20:36:06.897532416,3,9927,74,70
39.755037,-105.458035,2026-09-25 20:36:06.897573632,3,8728,103,58
39.743118,-105.476593,2026-09-25 20:36:06.897562880,3,11545,84,45
25.602571,-71.694683,2026-09-25 20:36:07.578002944,3,11689,241,61
25.576262,-71.694616,2026-09-25 20:36:07.678894848,3,13556,235,69
36.037198,-106.595087,2026-09-25 20:36:17.483851264,3,11093,97,44
36.148176,-106.519171,2026-09-25 20:36:17.483890176,3,4795,217,30
18.425724,-77.652853,2026-09-25 20:36:17.966032640,3,5908,270,40
25.924703,-71.58608,2026-09-25 20:36:20.781361408,3,4697,233,70
25.820491,-71.593101,2026-09-25 20:36:20.855603712,3,5250,269,49
25.779133,-71.517548,2026-09-25 20:36:20.920498176,3,7012,270,42
25.877541,-71.525315,2026-09-25 20:36:20.969102848,3,3962,267,34
17.606439,-95.2105,2026-09-25 20:36:28.316484864,3,8201,254,16
22.866606,-81.1515,2026-09-25 20:36:28.590142976,3,9460,218,81
39.904882,-105.439011,2026-09-25 20:36:31.11275264,3,12606,111,95
39.920548,-105.426655,2026-09-25 20:36:31.11298560,3,9255,88,82
39.909626,-105.427721,2026-09-25 20:36:31.11293696,3,14419,78,68
39.903976,-105.407773,2026-09-25 20:36:31.49378816,3,14596,114,79
39.902861,-105.404981,2026-09-25 20:36:31.49411328,3,14939,94,64
39.939611,-105.416551,2026-09-25 20:36:31.49425664,3,8447,165,48
34.198579,-107.575245,2026-09-25 20:36:39.31508224,3,12581,117,26
34.211894,-107.510523,2026-09-25 20:36:39.31518208,3,13766,137,24
37.874973,-104.701509,2026-09-25 20:36:39.318567424,3,13440,71,45
37.870937,-104.606078,2026-09-25 20:36:39.318596096,3,14323,116,29
37.901305,-104.627483,2026-09-25 20:36:39.397219840,3,12880,72,52
37.882921,-104.656936,2026-09-25 20:36:39.397251840,3,8301,218,43
37.940854,-104.602229,2026-09-25 20:36:39.397269504,3,7883,190,36
37.87611,-104.692666,2026-09-25 20:36:39.443468288,3,7897,72,26
37.876515,-104.587821,2026-09-25 20:36:39.443493376,3,4353,116,27
37.928864,-104.606155,2026-09-25 20:36:39.443498752,3,12723,172,14
37.897866,-104.622826,2026-09-25 20:36:39.478993408,3,9304,72,51
37.886588,-104.680966,2026-09-25 20:36:39.479013376,3,5601,218,37
37.938851,-104.62484,2026-09-25 20:36:39.479037440,3,6965,177,24
37.896381,-104.595241,2026-09-25 20:36:39.512091648,3,9964,72,67
37.87202,-104.550622,2026-09-25 20:36:39.512111360,3,8423,71,53
37.945869,-104.608335,2026-09-25 20:36:39.512143360,3,5768,180,40
37.859807,-104.717948,2026-09-25 20:36:44.399226112,3,8358,107,25
35.774948,-106.826273,2026-09-25 20:36:44.567817984,3,12489,99,23
37.351409,-104.50574,2026-09-25 20:36:45.777666304,3,10119,97,38
37.410582,-104.442837,2026-09-25 20:36:45.777693696,3,7552,164,22
35.072054,-105.359669,2026-09-25 20:36:45.844750080,3,12668,94,80
35.108508,-105.288166,2026-09-25 20:36:45.844784896,3,10685,187,59
35.147438,-105.335741,2026-09-25 20:36:45.844811264,3,7727,215,46
27.58604,-107.277861,2026-09-25 20:36:48.103504384,3,6938,239,27
26.473891,-71.991531,2026-09-25 20:36:48.453268224,3,7666,266,30
25.492487,-71.814011,2026-09-25 20:36:49.14996992,3,6921,269,72
36.841371,-104.871121,2026-09-25 20:36:49.396923904,3,11960,79,101
36.700529,-104.854806,2026-09-25 20:36:49.396958976,3,14285,127,91
36.884293,-104.829093,2026-09-25 20:36:49.396954624,3,9951,188,78
30.381958,-69.929362,2026-09-25 20:37:01.545126400,3,4608,252,71
37.586115,-99.198237,2026-09-25 20:37:08.602224384,3,12313,114,39
37.605843,-99.225227,2026-09-25 20:37:08.602270464,3,9920,228,25
36.805769,-104.935839,2026-09-25 20:37:09.877359104,3,8385,94,22
36.807048,-104.829139,2026-09-25 20:37:09.922531840,3,14050,104,20
26.0939,-70.794666,2026-09-25 20:37:10.683542784,3,4874,270,97
22.307689,-79.42821,2026-09-25 20:37:18.678892544,3,8156,250,115
22.237197,-79.395661,2026-09-25 20:37:18.678875648,3,6966,258,109
22.24827,-79.404197,2026-09-25 20:37:18.678876416,3,8187,257,93
37.138144,-105.6188,2026-09-25 20:37:18.868766208,3,14234,143,27
37.345973,-104.585013,2026-09-25 20:37:19.461273088,3,9367,94,27
36.631226,-104.705097,2026-09-25 20:37:25.258599936,3,9482,91,27
36.61795,-104.677952,2026-09-25 20:37:25.329238016,3,7625,103,35
36.61763,-104.6567,2026-09-25 20:37:25.329247488,3,7462,175,23
36.608907,-104.685784,2026-09-25 20:37:25.390034432,3,12084,96,58
36.622295,-104.642983,2026-09-25 20:37:25.390043904,3,8382,225,45
36.698357,-104.597465,2026-09-25 20:37:25.390067968,3,7404,197,30
36.637468,-104.70505,2026-09-25 20:37:25.460219136,3,12087,74,22
25.984776,-71.021512,2026-09-25 20:37:34.105807104,3,7270,270,19
37.383825,-104.511563,2026-09-25 20:37:35.183385088,3,12624,84,20
37.434879,-104.410084,2026-09-25 20:37:35.183420416,3,13255,181,21
37.34565,-104.519156,2026-09-25 20:37:35.293801216,3,11749,98,33
37.638907,-99.030604,2026-09-25 20:37:35.817211392,3,10913,175,24
36.288833,-106.191654,2026-09-25 20:37:37.901682432,3,10067,95,23
36.259047,-106.156652,2026-09-25 20:37:37.939721216,3,9636,99,44
36.281173,-106.083795,2026-09-25 20:37:37.939732224,3,14654,135,30
35.228949,-105.968017,2026-09-25 20:37:40.447462912,3,12525,90,24
25.620322,-71.71735,2026-09-25 20:37:40.659710464,3,8089,234,35
35.183077,-106.047384,2026-09-25 20:37:50.187173632,3,13397,92,72
35.17104,-106.089766,2026-09-25 20:37:50.187207168,3,12493,110,55
35.26253,-106.036536,2026-09-25 20:37:50.187236352,3,8179,219,42
35.227646,-106.03128,2026-09-25 20:37:50.187233536,3,12445,244,26
35.079835,-105.982912,2026-09-25 20:37:50.457941760,3,13816,93,32
35.168438,-105.966566,2026-09-25 20:37:50.458006784,3,5733,245,44
35.172954,-105.967265,2026-09-25 20:37:50.458008576,3,3617,221,30
37.810834,-104.56232,2026-09-25 20:37:51.568218112,3,8520,93,27
37.858796,-104.586563,2026-09-25 20:37:51.568218624,3,12263,160,20
37.577427,-99.156504,2026-09-25 20:37:52.67386368,3,10471,84,52
37.575158,-99.215395,2026-09-25 20:37:52.67420672,3,7078,148,38
37.654335,-99.156877,2026-09-25 20:37:52.67443712,3,7499,186,25
37.816276,-104.663404,2026-09-25 20:37:52.97641728,3,9579,73,30
36.666031,-107.391185,2026-09-25 20:37:52.102645760,3,14284,103,72
37.362999,-99.355617,2026-09-25 20:38:02.252475648,3,9807,162,25
15.862093,-96.550487,2026-09-25 20:38:03.203691264,3,8938,264,62
35.71161,-106.621596,2026-09-25 20:38:07.957139200,3,8387,85,52
35.724595,-106.609905,2026-09-25 20:38:07.957184768,3,6000,159,39
35.795439,-106.608974,2026-09-25 20:38:07.957200384,3,5132,217,25
25.881477,-71.415964,2026-09-25 20:38:15.978164480,3,4019,234,68
22.878992,-74.888177,2026-09-25 20:38:16.116088064,3,4463,267,90
39.752792,-105.433516,2026-09-25 20:38:23.451308032,3,8591,75,24
25.835914,-107.028188,2026-09-25 20:38:25.523659008,3,14343,268,45
26.17354,-106.933809,2026-09-25 20:38:25.523792640,3,10555,252,33
22.885378,-81.14347,2026-09-25 20:38:26.482179584,3,6689,246,67
27.188298,-106.64439,2026-09-25 20:38:28.214510080,3,8287,223,29
37.339966,-104.59082,2026-09-25 20:38:28.319649536,3,10269,84,34
37.854297,-104.716551,2026-09-25 20:38:28.747407360,3,14898,77,22
37.918289,-104.598614,2026-09-25 20:38:28.747454976,3,14106,177,25
16.514725,-94.656107,2026-09-25 20:38:29.220518400,3,13905,265,13
16.602116,-93.367459,2026-09-25 20:38:32.228899072,3,12580,262,17
11.054067,-54.87784,2026-09-25 20:38:32.388595712,3,12028,163,27
37.387904,-104.51933,2026-09-25 20:38:32.419631360,3,11182,84,24
14.725952,-91.072055,2026-09-25 20:38:36.127745024,3,7004,269,39
37.667614,-99.195309,2026-09-25 20:38:37.409132800,3,12225,89,46
37.614133,-99.255688,2026-09-25 20:38:37.409152000,3,5695,225,33
37.614661,-99.206528,2026-09-25 20:38:37.409165056,3,7919,204,17
37.616333,-99.234454,2026-09-25 20:38:37.473830912,3,9369,113,29
37.614532,-99.245043,2026-09-25 20:38:37.576989184,3,10280,122,28
35.584067,-106.9369,2026-09-25 20:38:38.378873856,3,8861,196,21
35.543298,-106.906093,2026-09-25 20:38:38.490866176,3,8708,86,51
35.538293,-106.943545,2026-09-25 20:38:38.490894848,3,5350,110,42
49.432267,-120.05837,2026-09-25 20:38:38.901000448,3,6569,175,65
49.542208,-120.250553,2026-09-25 20:38:38.900968448,3,11865,217,66
25.690279,-71.727414,2026-09-25 20:38:46.137815296,3,5254,267,67
25.699635,-71.72182,2026-09-25 20:38:46.245102336,3,6440,267,36
35.090188,-106.051822,2026-09-25 20:38:54.815842304,3,14659,114,32
35.127494,-106.028707,2026-09-25 20:38:54.815851776,3,11526,170,21
35.13202,-106.142576,2026-09-25 20:38:54.996289792,3,13428,110,20
37.644117,-99.128001,2026-09-25 20:38:57.408759552,3,8423,115,43
37.677439,-99.155833,2026-09-25 20:38:57.408806400,3,7620,148,30
17.838288,-94.865081,2026-09-25 20:38:57.414702592,3,6336,263,22
15.847608,-96.55847,2026-09-25 20:39:04.931844096,3,10109,264,41
26.576682,12.834558,2026-09-25 20:35:07.952026112,4,8054,262,25
35.948993,140.277002,2026-09-25 20:35:13.640393216,4,2938,226,23
35.90045,140.331709,2026-09-25 20:35:13.696372736,4,5591,235,25
35.886773,140.248937,2026-09-25 20:35:13.750034688,4,7426,235,20
37.026229,19.916072,2026-09-25 20:35:24.518140928,4,6884,219,18
37.089961,19.860632,2026-09-25 20:35:24.518225664,4,9964,265,26
37.03745,19.914158,2026-09-25 20:35:24.538354176,4,11406,193,21
37.111494,20.211767,2026-09-25 20:35:25.495408128,4,5926,217,39
37.225132,20.156746,2026-09-25 20:35:25.495511296,4,12574,265,22
36.109026,15.012156,2026-09-25 20:35:32.542629888,4,14289,206,31
36.104251,15.018272,2026-09-25 20:35:32.590817536,4,12549,206,21
36.085132,15.005838,2026-09-25 20:35:32.669229312,4,10042,206,21
36.065464,15.006188,2026-09-25 20:35:32.742927872,4,8389,264,38
36.08738,15.01652,2026-09-25 20:35:32.742985984,4,10219,206,24
36.095511,15.231336,2026-09-25 20:35:32.980535296,4,8831,206,22
36.137446,15.253543,2026-09-25 20:35:33.336173568,4,4863,257,19
35.985171,15.244131,2026-09-25 20:36:06.237350400,4,14353,224,27
36.105453,15.207135,2026-09-25 20:36:06.320697600,4,11139,206,26
36.005871,15.25595,2026-09-25 20:36:06.455403520,4,14582,206,31
36.111075,15.181356,2026-09-25 20:36:06.517624576,4,5705,206,30
36.123533,15.191986,2026-09-25 20:36:06.607810048,4,5782,206,29
36.139826,15.234827,2026-09-25 20:36:06.843181056,4,9664,240,23
36.1172,15.244374,2026-09-25 20:36:07.7098112,4,8658,206,27
24.94668,11.448145,2026-09-25 20:36:14.998912768,4,13928,269,23
36.992747,19.903449,2026-09-25 20:36:19.93227264,4,9324,201,30
36.104925,15.292873,2026-09-25 20:36:32.202318080,4,8975,206,20
36.118204,15.19568,2026-09-25 20:36:32.253510912,4,12988,206,20
36.123045,15.192883,2026-09-25 20:36:32.439999232,4,14658,206,18
36.618633,14.690609,2026-09-25 20:36:35.276602880,4,10491,254,18
29.075626,20.062892,2026-09-25 20:36:37.735661824,4,9166,251,17
36.05642,15.29206,2026-09-25 20:37:08.560544768,4,9580,240,30
36.213873,15.202761,2026-09-25 20:37:09.145541376,4,10679,205,27
36.227575,15.190199,2026-09-25 20:37:09.578327808,4,13240,246,17
26.253526,13.113633,2026-09-25 20:37:18.542217728,4,8199,263,21
36.141175,15.190426,2026-09-25 20:37:21.133111040,4,14031,205,25
28.916911,20.121109,2026-09-25 20:37:24.331124992,4,11778,252,27
36.018835,15.285096,2026-09-25 20:37:25.776562432,4,14846,223,15
36.131459,15.239807,2026-09-25 20:37:28.158138880,4,11628,205,32
36.149827,15.223431,2026-09-25 20:37:28.158138880,4,6473,205,19
36.117129,15.217685,2026-09-25 20:37:28.369220352,4,8595,206,24
36.087375,15.230674,2026-09-25 20:37:28.632641536,4,5855,206,27
25.278154,11.120783,2026-09-25 20:37:29.379483392,4,13155,268,16
35.98833,15.341429,2026-09-25 20:37:32.387574272,4,8526,224,29
36.129076,15.317828,2026-09-25 20:37:32.564863744,4,8154,263,35
36.157101,15.343468,2026-09-25 20:37:32.564923392,4,7840,205,22
36.14684,15.31015,2026-09-25 20:37:32.805162240,4,14088,205,17
36.917596,20.062822,2026-09-25 20:37:38.580139008,4,9079,194,21
40.937005,123.032167,2026-09-25 20:37:41.419209728,4,9529,164,24
43.429443,41.197648,2026-09-25 20:37:42.594084096,4,14343,258,32
36.071265,15.336369,2026-09-25 20:38:00.569165568,4,11680,206,19
36.098947,15.244199,2026-09-25 20:38:07.785215232,4,11262,206,21
36.116061,15.190813,2026-09-25 20:38:15.700363520,4,12814,206,19
36.216141,15.20406,2026-09-25 20:38:21.119306240,4,7415,222,24
56.640704,-6.3112,2026-09-25 20:38:40.974100480,4,11386,260,38
36.027708,15.289057,2026-09-25 20:38:42.124686848,4,9845,206,27
35.920507,15.349333,2026-09-25 20:38:42.244136704,4,14323,224,20
35.97484,15.140586,2026-09-25 20:38:48.359112192,4,12407,264,31
41.423934,38.915242,2026-09-25 20:38:49.733341952,4,7295,237,25
37.014175,19.944166,2026-09-25 20:38:51.251980288,4,9097,216,42
36.974197,20.014963,2026-09-25 20:38:51.281969152,4,13343,193,28
37.004774,19.896621,2026-09-25 20:38:51.366349056,4,9465,193,22
36.093818,15.169432,2026-09-25 20:39:04.474975744,4,12527,206,16
36.089982,15.190684,2026-09-25 20:39:04.522016256,4,5930,206,27
23.49819,-58.152203,2026-09-25 20:35:04.490219008,7,5862,246,15
26.41039,-71.95839,2026-09-25 20:35:07.952469504,7,5557,264,33
25.617524,-71.849197,2026-09-25 20:35:09.831752960,7,12279,234,12
25.592719,-71.729913,2026-09-25 20:35:09.839512320,7,7134,238,22
18.547293,-77.640277,2026-09-25 20:35:18.607715840,7,8207,269,24
17.611155,-92.221806,2026-09-25 20:35:21.855059456,7,6268,268,19
22.975776,-81.160943,2026-09-25 20:35:23.919371264,7,7021,256,20
15.070311,-92.308398,2026-09-25 20:35:24.57299712,7,7083,269,20
26.072336,-71.042294,2026-09-25 20:35:50.325250304,7,9277,238,13
26.036523,-70.986303,2026-09-25 20:35:50.330771456,7,5346,264,27
26.036523,-70.986301,2026-09-25 20:35:50.330771456,7,5346,264,18
16.135377,-97.139797,2026-09-25 20:35:55.236513792,7,5184,265,18
28.705362,-107.510118,2026-09-25 20:36:00.532391168,7,10853,240,20
18.363951,-77.638558,2026-09-25 20:36:17.966009344,7,3406,270,30
25.948156,-71.445929,2026-09-25 20:36:18.795630592,7,5898,238,15
17.604037,-95.206223,2026-09-25 20:36:28.441885952,7,13372,254,10
23.068884,-81.158,2026-09-25 20:36:28.590183168,7,4376,246,18
22.882622,-81.13348,2026-09-25 20:36:28.590142976,7,5748,247,20
23.101117,-75.114491,2026-09-25 20:36:31.774492160,7,2608,261,25
25.668329,-71.86598,2026-09-25 20:36:43.54509056,7,8935,269,15
25.413679,-71.634864,2026-09-25 20:36:43.69652992,7,12488,237,15
24.710065,-55.780919,2026-09-25 20:36:50.401139712,7,9192,182,28
25.930133,-71.045735,2026-09-25 20:36:54.50560768,7,3131,268,24
26.146793,-71.058367,2026-09-25 20:36:54.50643712,7,14966,263,13
26.038694,-69.599575,2026-09-25 20:36:56.172967424,7,4947,270,18
22.282294,-79.425593,2026-09-25 20:37:18.678886912,7,6027,250,27
22.263649,-79.36986,2026-09-25 20:37:18.678912000,7,6854,167,23
25.594017,-71.703819,2026-09-25 20:37:40.659704064,7,8971,235,13
25.699308,-71.714305,2026-09-25 20:37:40.659763712,7,6068,263,16
17.603318,-92.253522,2026-09-25 20:37:40.967743488,7,5981,258,25
25.685619,-71.712132,2026-09-25 20:37:52.182187008,7,2681,263,23
25.74544,-71.753719,2026-09-25 20:37:52.249165056,7,8033,270,17
25.720743,-71.733732,2026-09-25 20:37:52.330415616,7,5468,269,9
25.716575,-71.770514,2026-09-25 20:37:52.390785024,7,5142,267,12
17.619693,-92.832362,2026-09-25 20:38:01.332940032,7,14421,250,10
15.905246,-96.557544,2026-09-25 20:38:03.203707136,7,10331,265,20
16.551566,-94.365516,2026-09-25 20:38:14.96457472,7,9804,260,20
16.546047,-94.35427,2026-09-25 20:38:14.338663168,7,10607,260,21
17.911709,-90.341657,2026-09-25 20:38:15.306060800,7,5500,250,21
18.38859,-90.259393,2026-09-25 20:38:15.306240000,7,9201,263,25
25.892125,-71.520675,2026-09-25 20:38:15.978199552,7,10844,267,25
25.848973,-71.736951,2026-09-25 20:38:16.572492544,7,4811,263,19
16.475487,-94.518367,2026-09-25 20:38:21.849841408,7,8316,262,10
22.857537,-79.099003,2026-09-25 20:38:22.795867648,7,5249,257,20
17.4982,-92.900602,2026-09-25 20:38:25.810167808,7,12230,255,11
23.053139,-81.144474,2026-09-25 20:38:26.482212864,7,4791,245,26
22.812349,-81.121163,2026-09-25 20:38:26.482158592,7,4286,248,16
22.894745,-81.133135,2026-09-25 20:38:26.536173056,7,8266,248,17
20.443238,-76.625421,2026-09-25 20:38:39.670524160,7,9207,239,25
20.72258,-76.667234,2026-09-25 20:38:39.706251264,7,2857,261,25
20.504095,-76.633526,2026-09-25 20:38:39.755656192,7,1742,262,19
22.535505,-80.207065,2026-09-25 20:38:39.789149952,7,2189,249,24
19.689623,-90.241805,2026-09-25 20:38:39.829452288,7,5179,249,29
22.49251,-80.203527,2026-09-25 20:38:40.192669184,7,2513,256,20
16.033997,-96.976547,2026-09-25 20:38:58.325131008,7,9848,263,15
19.504108,-89.209826,2026-09-25 20:38:58.602137600,7,8989,235,15
26.591426,12.836891,2026-09-25 20:35:07.952037888,5,6787,262,37
12.951019,-7.252344,2026-09-25 20:35:31.538958336,5,9838,219,16
25.475699,11.334225,2026-09-25 20:35:48.664438528,5,7208,256,15
26.41814,12.981673,2026-09-25 20:36:00.962652672,5,6407,262,20
29.233649,20.007818,2026-09-25 20:36:25.90440448,5,2683,263,40
25.790256,15.773033,2026-09-25 20:36:42.702420992,5,3758,266,16
26.427223,12.969338,2026-09-25 20:37:17.128792832,5,12442,267,16
26.28697,13.088563,2026-09-25 20:37:18.542227200,5,12245,263,30
28.943006,15.974333,2026-09-25 20:37:40.624712704,5,6678,269,16
25.906349,15.532411,2026-09-25 20:38:14.176623872,5,7998,265,21
26.523959,13.039462,2026-09-25 20:38:25.363814400,5,9696,269,10
25.98716,12.876539,2026-09-25 20:38:25.741635328,5,9406,268,14
9.333244,-4.560034,2026-09-25 20:38:27.904959232,5,7976,267,13
28.088066,15.816322,2026-09-25 20:38:39.384048896,5,10034,270,47
25.656563,11.307435,2026-09-25 20:39:03.25887232,5,14481,243,10
35.876091,140.267966,2026-09-25 20:35:13.610835200,9,9920,216,22
36.006039,140.103276,2026-09-25 20:35:13.610868736,9,9935,216,16
35.920533,140.311585,2026-09-25 20:35:13.640383488,9,2074,227,23
35.897484,140.335963,2026-09-25 20:35:13.640379392,9,4538,148,16
35.903911,140.304809,2026-09-25 20:35:13.696376832,9,12164,220,23
35.886522,140.235733,2026-09-25 20:35:13.750036480,9,9275,235,20
30.521119,113.562885,2026-09-25 20:35:38.575271680,9,11399,226,47
41.021383,122.744381,2026-09-25 20:35:56.195257344,9,4090,191,22
42.532134,124.288841,2026-09-25 20:36:25.783693824,9,6827,168,23
42.122118,126.861642,2026-09-25 20:36:34.186714368,9,12518,142,14
17.724636,107.500921,2026-09-25 20:37:30.333373696,9,11246,235,25
42.211391,122.971574,2026-09-25 20:37:34.971595264,9,12852,176,18
40.978658,123.075802,2026-09-25 20:37:41.419223296,9,10990,195,13
40.922664,122.438659,2026-09-25 20:37:48.764556032,9,10747,168,19
40.842614,122.609413,2026-09-25 20:38:43.583728896,9,12375,245,15
10.014975,131.631648,2026-09-25 20:38:47.257585664,9,13438,265,10
27.621007,-107.320407,2026-09-25 20:35:03.57174016,13,12776,235,29
27.640019,-107.343501,2026-09-25 20:35:03.120700672,13,9219,235,27
36.813237,-104.841466,2026-09-25 20:35:03.772777728,13,11930,126,30
37.624962,-99.223151,2026-09-25 20:35:04.715222528,13,12822,113,31
37.614146,-99.206306,2026-09-25 20:35:04.715228416,13,11921,228,17
37.586744,-99.169387,2026-09-25 20:35:04.873351168,13,5661,116,51
37.628207,-99.205781,2026-09-25 20:35:04.873388288,13,7053,148,38
37.605396,-99.229342,2026-09-25 20:35:05.65380608,13,10970,174,21
28.482455,-107.499313,2026-09-25 20:35:05.395648256,13,13839,187,44
28.574111,-107.395253,2026-09-25 20:35:05.395694848,13,5966,239,32
26.455851,-71.99762,2026-09-25 20:35:07.952484352,13,13647,263,57
37.660778,-103.429295,2026-09-25 20:35:09.446539008,13,6832,87,41
37.662866,-103.405994,2026-09-25 20:35:09.446542336,13,7015,210,29
49.527254,-120.092675,2026-09-25 20:35:09.759118080,13,6732,178,112
25.653091,-71.72982,2026-09-25 20:35:09.839528448,13,7894,268,129
25.671917,-71.787531,2026-09-25 20:35:10.16545536,13,3016,240,26
35.061428,-105.37177,2026-09-25 20:35:11.729590272,13,13588,94,63
35.086227,-105.354302,2026-09-25 20:35:11.729638400,13,5830,186,45
35.052184,-105.430573,2026-09-25 20:35:11.828413952,13,11721,129,23
35.100789,-105.378294,2026-09-25 20:35:11.828433408,13,7314,164,20
35.07076,-105.454253,2026-09-25 20:35:12.33509632,13,12986,118,44
35.068766,-105.415463,2026-09-25 20:35:12.33522688,13,4308,239,31
18.517227,-77.6393,2026-09-25 20:35:18.607709952,13,2511,269,58
35.521162,-106.811423,2026-09-25 20:35:18.972509440,13,13148,120,22
35.545411,-106.790186,2026-09-25 20:35:19.45325824,13,6619,128,40
35.554489,-106.773808,2026-09-25 20:35:19.45330176,13,8075,145,27
25.852351,-71.479599,2026-09-25 20:35:26.130253824,13,7332,267,63
25.954867,-71.571007,2026-09-25 20:35:26.345016064,13,6338,266,28
37.60762,-104.730269,2026-09-25 20:35:28.468691968,13,12615,118,26
22.741638,-81.017718,2026-09-25 20:35:34.789720576,13,11299,264,22
25.348628,-71.808094,2026-09-25 20:35:36.477817600,13,8271,270,37
30.365112,-104.440085,2026-09-25 20:35:37.707428352,13,7367,99,23
31.167236,-102.342526,2026-09-25 20:35:38.466620672,13,3766,196,43
31.331847,-102.375513,2026-09-25 20:35:38.466667520,13,6474,220,31
31.215292,-102.47747,2026-09-25 20:35:38.575980032,13,12545,155,37
34.240886,-107.560829,2026-09-25 20:35:39.344862720,13,13367,96,59
34.233926,-107.525589,2026-09-25 20:35:39.344915456,13,8340,190,43
35.234643,-106.002318,2026-09-25 20:35:39.385014016,13,9325,91,79
35.22145,-105.929515,2026-09-25 20:35:39.385037568,13,10304,124,61
36.268034,-106.142556,2026-09-25 20:35:48.850443776,13,11947,135,25
37.626021,-99.153733,2026-09-25 20:35:49.294429184,13,14153,88,36
37.653883,-99.17912,2026-09-25 20:35:49.294474496,13,5663,148,38
27.078201,-106.68809,2026-09-25 20:35:56.316083968,13,9716,240,21
38.257208,-108.791763,2026-09-25 20:35:57.220528384,13,7226,163,56
28.556873,-107.553089,2026-09-25 20:36:00.532309504,13,12115,144,67
28.630807,-107.506005,2026-09-25 20:36:00.532363008,13,3688,241,53
37.398109,-99.319721,2026-09-25 20:36:02.279925760,13,13445,87,41
37.426715,-99.339194,2026-09-25 20:36:02.279974912,13,11917,150,26
37.61461,-104.834475,2026-09-25 20:36:02.543082752,13,12551,158,23
37.600535,-104.800706,2026-09-25 20:36:02.632701952,13,14306,75,40
37.206135,-105.789976,2026-09-25 20:36:02.900439552,13,8312,131,43
37.277925,-105.705186,2026-09-25 20:36:02.900475392,13,5480,194,29
37.198692,-105.822039,2026-09-25 20:36:02.938528768,13,9266,117,30
37.191401,-105.700355,2026-09-25 20:36:02.938565376,13,7291,125,18
37.267975,-98.980893,2026-09-25 20:36:03.278227968,13,12553,103,33
37.335173,-98.900602,2026-09-25 20:36:03.278262272,13,6318,204,24
35.527733,-106.16752,2026-09-25 20:36:05.532381952,13,9247,105,19
22.927367,-81.188413,2026-09-25 20:36:06.592113408,13,7132,246,51
39.74516,-105.481094,2026-09-25 20:36:06.646419200,13,14843,76,57
39.763574,-105.435124,2026-09-25 20:36:06.897538304,13,9308,74,50
39.808275,-105.472956,2026-09-25 20:36:06.897543936,13,12211,88,57
39.74588,-105.483312,2026-09-25 20:36:06.897565952,13,11493,84,44
25.737068,-71.735043,2026-09-25 20:36:07.874296576,13,6709,268,33
25.762337,-71.743605,2026-09-25 20:36:07.994097152,13,5989,270,40
37.612145,-99.137789,2026-09-25 20:36:09.282318080,13,12973,90,69
37.618449,-99.215954,2026-09-25 20:36:09.282349056,13,9151,94,47
34.276158,-107.592753,2026-09-25 20:36:10.762713600,13,13136,177,38
37.384282,-104.527574,2026-09-25 20:36:11.78019840,13,10192,83,23
37.371231,-104.514391,2026-09-25 20:36:11.139336960,13,13896,84,37
37.36792,-104.50586,2026-09-25 20:36:11.211718144,13,9967,84,40
37.393374,-104.428184,2026-09-25 20:36:11.347455488,13,6560,86,65
37.359782,-104.362417,2026-09-25 20:36:11.347484928,13,7628,88,51
34.686518,-108.048923,2026-09-25 20:36:12.403123968,13,9430,113,118
34.631563,-108.073635,2026-09-25 20:36:12.403115776,13,6340,175,109
34.581132,-108.186126,2026-09-25 20:36:12.434413056,13,12732,97,35
36.544875,-104.711307,2026-09-25 20:36:14.397031424,13,12091,107,30
36.542571,-104.667028,2026-09-25 20:36:14.485008128,13,13835,224,35
36.037185,-106.595094,2026-09-25 20:36:17.483851264,13,11093,97,44
36.187767,-106.52101,2026-09-25 20:36:17.483905280,13,8602,224,31
18.425614,-77.652772,2026-09-25 20:36:17.966032384,13,5908,270,72
25.924691,-71.586063,2026-09-25 20:36:20.781361408,13,4695,233,74
26.021433,-71.597887,2026-09-25 20:36:21.284213248,13,7961,267,32
35.139823,-106.832653,2026-09-25 20:36:21.539943168,13,5549,108,67
35.088557,-107.0602,2026-09-25 20:36:22.53784576,13,10269,90,70
35.080723,-107.043045,2026-09-25 20:36:22.53830400,13,9552,169,53
35.70717,-106.636923,2026-09-25 20:36:23.549467648,13,13370,85,52
35.696461,-106.68702,2026-09-25 20:36:23.549500160,13,7529,108,38
37.862773,-104.644719,2026-09-25 20:36:24.113167872,13,10366,106,29
34.736491,-98.889978,2026-09-25 20:36:24.880789248,13,14293,135,32
34.820436,-98.806632,2026-09-25 20:36:24.880860160,13,10083,243,18
26.018916,-71.025986,2026-09-25 20:36:25.402370048,13,10293,267,58
36.680319,-107.654986,2026-09-25 20:36:26.630124288,13,9622,103,32
36.618646,-104.690039,2026-09-25 20:36:27.128455168,13,13335,103,31
36.609347,-104.647184,2026-09-25 20:36:27.505960192,13,4071,205,25
22.887485,-81.135727,2026-09-25 20:36:28.590154240,13,9558,247,76
16.479568,-94.110504,2026-09-25 20:36:29.341821952,13,14209,261,16
39.904893,-105.439122,2026-09-25 20:36:31.11275264,13,12604,111,91
39.926417,-105.421598,2026-09-25 20:36:31.11296000,13,9417,88,80
39.915147,-105.411941,2026-09-25 20:36:31.11293184,13,9994,78,64
39.829744,-105.434431,2026-09-25 20:36:31.49418496,13,14743,104,26
15.827704,-96.505813,2026-09-25 20:36:36.228455680,13,6229,264,33
34.651773,-105.123241,2026-09-25 20:36:37.346489088,13,13203,83,48
34.727589,-105.170196,2026-09-25 20:36:37.346507008,13,9800,176,36
34.496841,-107.158241,2026-09-25 20:36:37.727618560,13,10832,82,95
34.564683,-107.120309,2026-09-25 20:36:37.727643904,13,6781,229,80
34.216092,-107.578128,2026-09-25 20:36:39.31502080,13,7835,80,35
37.874973,-104.701509,2026-09-25 20:36:39.318567424,13,13440,71,43
37.870937,-104.606078,2026-09-25 20:36:39.318596096,13,14323,116,29
37.901297,-104.627494,2026-09-25 20:36:39.397221120,13,12879,72,53
37.882957,-104.656869,2026-09-25 20:36:39.397251840,13,8302,218,43
37.940849,-104.602227,2026-09-25 20:36:39.397270784,13,7882,190,36
37.898269,-104.705453,2026-09-25 20:36:39.443464960,13,14049,71,21
37.897859,-104.622874,2026-09-25 20:36:39.478993408,13,9302,72,30
37.886512,-104.681006,2026-09-25 20:36:39.479013376,13,5603,218,37
37.894059,-104.617647,2026-09-25 20:36:39.512091136,13,11599,72,42
37.872451,-104.549037,2026-09-25 20:36:39.512111616,13,8734,71,52
25.607686,-71.69704,2026-09-25 20:36:43.54494720,13,10362,268,29
37.857634,-104.725844,2026-09-25 20:36:44.399223552,13,9861,92,24
35.774956,-106.826269,2026-09-25 20:36:44.567817984,13,12488,99,23
35.050138,-105.416525,2026-09-25 20:36:45.844770048,13,7552,165,38
22.464752,-77.709872,2026-09-25 20:36:46.850418944,13,4460,251,64
27.595604,-107.281942,2026-09-25 20:36:48.103504384,13,7920,239,40
26.460824,-72.007547,2026-09-25 20:36:48.453273088,13,10733,254,29
25.492495,-71.814019,2026-09-25 20:36:49.14996992,13,6922,269,75
36.845116,-104.844298,2026-09-25 20:36:49.396925184,13,13421,94,89
36.82593,-104.807903,2026-09-25 20:36:49.396937984,13,14876,130,87
36.89836,-104.810454,2026-09-25 20:36:49.396969984,13,5030,189,71
37.55377,-99.197557,2026-09-25 20:36:49.553937408,13,11551,107,21
35.083991,-106.057533,2026-09-25 20:36:50.841128448,13,11586,164,35
49.893958,-120.046673,2026-09-25 20:36:54.721011456,13,10135,114,21
30.383974,-69.930731,2026-09-25 20:37:01.545127168,13,4552,252,73
39.771826,-105.552713,2026-09-25 20:37:02.52396288,13,5772,160,39
39.784904,-105.391219,2026-09-25 20:37:02.176717824,13,14246,68,36
39.787973,-105.475065,2026-09-25 20:37:02.176719104,13,9509,122,23
49.447359,-120.022887,2026-09-25 20:37:06.300046848,13,5849,130,69
49.570296,-120.230194,2026-09-25 20:37:06.300036864,13,12312,204,56
36.260709,-106.25468,2026-09-25 20:37:07.126395392,13,13631,82,70
36.198,-106.266198,2026-09-25 20:37:07.126416128,13,13351,169,52
37.58927,-99.201143,2026-09-25 20:37:08.226823168,13,13610,114,44
37.593505,-99.188533,2026-09-25 20:37:08.282120448,13,11660,103,19
37.586044,-99.204612,2026-09-25 20:37:08.324537856,13,13837,114,34
37.600357,-99.233074,2026-09-25 20:37:08.324578560,13,6293,182,31
37.625403,-99.206677,2026-09-25 20:37:08.545715712,13,5783,228,31
37.575371,-99.177834,2026-09-25 20:37:08.602230784,13,6673,114,39
37.645127,-99.195118,2026-09-25 20:37:08.602279168,13,7288,233,26
36.797098,-104.938961,2026-09-25 20:37:09.877361920,13,7030,94,22
26.093977,-70.794793,2026-09-25 20:37:10.683542784,13,4875,270,113
22.836361,-81.163698,2026-09-25 20:37:11.186188800,13,4154,255,28
35.662651,-106.634153,2026-09-25 20:37:14.435243008,13,11179,160,28
35.687674,-106.697341,2026-09-25 20:37:14.547271680,13,13815,104,38
35.683456,-106.677544,2026-09-25 20:37:14.547277056,13,6027,188,25
22.25607,-79.407309,2026-09-25 20:37:18.678878976,13,8924,250,130
37.391967,-104.484987,2026-09-25 20:37:19.461307648,13,9492,148,24
36.62551,-104.688574,2026-09-25 20:37:25.390021120,13,13816,96,55
36.70116,-104.599486,2026-09-25 20:37:25.390069504,13,5145,212,39
16.562289,-94.325719,2026-09-25 20:37:26.324152576,13,11126,260,38
26.516912,-106.503727,2026-09-25 20:37:26.957116160,13,12840,247,38
35.624483,-105.913124,2026-09-25 20:37:30.678685696,13,10800,156,23
25.983183,-71.0136,2026-09-25 20:37:33.813353984,13,7242,233,75
26.006807,-71.022973,2026-09-25 20:37:34.105807872,13,5519,270,19
37.383825,-104.511563,2026-09-25 20:37:35.183385088,13,12625,84,35
37.345643,-104.519158,2026-09-25 20:37:35.293801984,13,11749,85,27
37.591468,-99.045666,2026-09-25 20:37:35.817195520,13,12581,119,22
37.632845,-99.16017,2026-09-25 20:37:41.359287808,13,7189,95,58
35.718569,-106.649764,2026-09-25 20:37:41.409591808,13,12817,85,40
35.707841,-106.730047,2026-09-25 20:37:41.484537600,13,14585,130,23
35.568491,-106.08748,2026-09-25 20:37:45.15018752,13,9496,88,57
35.550422,-106.132342,2026-09-25 20:37:45.15048960,13,11783,108,43
39.792951,-105.522,2026-09-25 20:37:46.299139584,13,7217,109,26
39.818062,-105.457889,2026-09-25 20:37:46.299163648,13,14983,102,19
39.795941,-105.532629,2026-09-25 20:37:46.353488640,13,9134,110,38
39.804028,-105.540467,2026-09-25 20:37:46.353497600,13,8345,195,27
39.79777,-105.441485,2026-09-25 20:37:46.942125312,13,5583,102,25
34.121984,-107.641542,2026-09-25 20:37:47.534575360,13,7922,81,25
35.191206,-106.048017,2026-09-25 20:37:50.187178240,13,10238,110,59
35.19585,-106.091014,2026-09-25 20:37:50.187209216,13,8262,198,53
35.079842,-105.982915,2026-09-25 20:37:50.457941760,13,13816,93,61
35.16162,-105.966727,2026-09-25 20:37:50.458004992,13,6176,224,44
36.617117,-107.484731,2026-09-25 20:37:52.102672896,13,14538,109,43
36.677928,-107.417365,2026-09-25 20:37:52.120063488,13,12033,110,44
25.463708,-71.649813,2026-09-25 20:37:52.182098688,13,10465,236,49
25.41847,-71.660764,2026-09-25 20:37:52.595241984,13,14196,243,56
26.513581,-71.960118,2026-09-25 20:37:56.70029568,13,7624,269,75
34.720967,-105.099855,2026-09-25 20:37:56.253321984,13,9983,121,48
35.140733,-106.908629,2026-09-25 20:37:56.397702656,13,10860,95,28
36.613049,-104.603995,2026-09-25 20:37:58.109539584,13,9529,96,51
36.591848,-104.533381,2026-09-25 20:37:58.109560576,13,7701,80,53
37.362911,-99.355906,2026-09-25 20:38:02.252475648,13,9803,162,25
35.705245,-106.676771,2026-09-25 20:38:08.177980928,13,6219,105,52
35.71054,-106.679947,2026-09-25 20:38:08.528495872,13,10409,105,64
35.703628,-106.674057,2026-09-25 20:38:08.528496384,13,5648,206,51
34.423154,-107.141356,2026-09-25 20:38:09.982786816,13,10554,96,43
37.750557,-104.679774,2026-09-25 20:38:11.591754496,13,13839,80,20
37.762909,-104.640055,2026-09-25 20:38:11.701450240,13,10561,74,27
25.988691,-71.025782,2026-09-25 20:38:11.933045760,13,4832,239,88
37.892897,-104.686533,2026-09-25 20:38:12.974309376,13,6539,127,32
25.862324,-71.414292,2026-09-25 20:38:15.978161664,13,5915,233,71
25.769068,-71.676796,2026-09-25 20:38:16.572462592,13,5763,270,44
17.272539,-109.290899,2026-09-25 20:38:18.45953280,13,8305,268,31
26.511739,-106.441834,2026-09-25 20:38:19.381032704,13,7305,229,24
39.752783,-105.433507,2026-09-25 20:38:23.451308032,13,8592,75,25
25.835914,-107.028188,2026-09-25 20:38:25.523659008,13,14343,268,47
26.169791,-106.936733,2026-09-25 20:38:25.523791872,13,10562,252,33
27.182311,-106.645255,2026-09-25 20:38:28.214508800,13,10286,223,30
37.344787,-104.601916,2026-09-25 20:38:28.319644672,13,14510,83,35
37.86313,-104.682657,2026-09-25 20:38:28.747421184,13,5344,126,28
16.514691,-94.656118,2026-09-25 20:38:29.220518400,13,13905,265,13
37.387908,-104.519342,2026-09-25 20:38:32.419631360,13,11183,84,24
37.592011,-99.242494,2026-09-25 20:38:37.409146112,13,11634,98,27
37.644201,-99.185962,2026-09-25 20:38:37.409170688,13,4563,229,20
37.616335,-99.234457,2026-09-25 20:38:37.473830912,13,9368,113,29
37.614538,-99.244986,2026-09-25 20:38:37.576989184,13,10282,122,29
35.584055,-106.936909,2026-09-25 20:38:38.378873856,13,8861,196,22
35.543305,-106.906096,2026-09-25 20:38:38.490866176,13,8709,86,56
35.532866,-106.943925,2026-09-25 20:38:38.490895616,13,7491,110,43
49.446691,-120.128621,2026-09-25 20:38:38.901006336,13,10793,193,47
50.153125,-120.212762,2026-09-25 20:38:39.160372480,13,6783,185,80
50.08679,-120.32872,2026-09-25 20:38:39.160409088,13,14763,163,70
20.715126,-76.692716,2026-09-25 20:38:39.670590464,13,8137,262,76
20.513961,-76.628527,2026-09-25 20:38:39.755658752,13,2416,264,45
22.498699,-80.193633,2026-09-25 20:38:40.192669440,13,8930,259,19
25.923089,-71.071062,2026-09-25 20:38:41.862801920,13,5145,234,55
35.730406,-106.784293,2026-09-25 20:38:42.344814080,13,14103,100,22
34.202853,-107.561359,2026-09-25 20:38:42.944019456,13,7087,120,77
34.17837,-107.539634,2026-09-25 20:38:42.944053504,13,9215,149,61
34.205587,-107.559176,2026-09-25 20:38:43.438691840,13,6277,120,54
34.209798,-107.535229,2026-09-25 20:38:43.438729728,13,12845,178,41
35.110732,-106.926291,2026-09-25 20:38:43.520757248,13,13623,90,34
35.144414,-106.863138,2026-09-25 20:38:43.520771584,13,9398,168,19
36.273523,-106.190176,2026-09-25 20:38:44.681863680,13,10419,95,34
36.31013,-106.158493,2026-09-25 20:38:44.681879296,13,11427,241,16
36.285664,-106.203078,2026-09-25 20:38:44.812848384,13,7803,122,22
35.201318,-105.898208,2026-09-25 20:38:45.756714496,13,14445,92,52
35.270145,-105.856567,2026-09-25 20:38:45.756747520,13,10396,164,53
25.690581,-71.727642,2026-09-25 20:38:46.137815296,13,5253,267,119
25.733052,-71.737789,2026-09-25 20:38:46.488412416,13,7177,267,42
37.883586,-104.677151,2026-09-25 20:38:50.167224576,13,11990,92,40
37.930747,-104.611465,2026-09-25 20:38:50.167258112,13,7662,159,27
37.88163,-104.680014,2026-09-25 20:38:50.234709504,13,10250,145,35
37.949868,-104.595547,2026-09-25 20:38:50.234745088,13,7650,153,21
37.941876,-104.610091,2026-09-25 20:38:50.297037056,13,11561,115,18
26.540591,-72.002816,2026-09-25 20:38:51.699241216,13,7211,262,44
26.593861,-71.932929,2026-09-25 20:38:52.38914560,13,5481,262,69
26.372297,-107.315314,2026-09-25 20:38:52.169010944,13,12602,265,44
26.690604,-107.237602,2026-09-25 20:38:52.169139200,13,7517,248,35
35.124608,-106.023015,2026-09-25 20:38:54.815864832,13,10937,92,29
37.658393,-99.214344,2026-09-25 20:38:57.408745472,13,8104,228,43
37.663792,-99.167328,2026-09-25 20:38:57.408800256,13,10317,148,31
17.841876,-94.864125,2026-09-25 20:38:57.414703872,13,6287,263,24
16.061081,-96.970539,2026-09-25 20:38:58.325140992,13,9483,263,45
37.369705,-104.615491,2026-09-25 20:38:59.726293248,13,6068,91,28
37.54692,-99.186932,2026-09-25 20:39:00.258183168,13,9927,85,50
37.62041,-99.182243,2026-09-25 20:39:00.258216704,13,4779,148,37
37.602352,-99.228034,2026-09-25 20:39:00.997241088,13,7803,122,33
35.780875,-106.782177,2026-09-25 20:39:01.40067584,13,14050,95,34
35.805547,-106.790995,2026-09-25 20:39:01.40057600,13,5433,241,37
37.797529,-104.721588,2026-09-25 20:39:03.910184448,13,14481,93,45
37.795258,-104.694233,2026-09-25 20:39:03.910180352,13,6836,219,34
48.148782,-120.417219,2026-09-25 20:39:05.600040448,13,14519,209,77
39.808201,-105.458286,2026-09-25 20:39:06.964895232,13,7165,144,26
35.227142,-105.913147,2026-09-25 20:39:07.60943872,13,12490,112,24
36.5801,-104.62645,2026-09-25 20:39:12.990881024,13,5636,205,24
36.579711,-104.667757,2026-09-25 20:39:13.21796096,13,6526,94,30
36.566442,-104.641071,2026-09-25 20:39:13.21805056,13,6912,224,28
36.584526,-104.662458,2026-09-25 20:39:13.78344960,13,6008,94,30
27.410436,-107.454035,2026-09-25 20:39:13.614299648,13,9106,256,57
36.221453,-105.196571,2026-09-25 20:39:13.756772608,13,9487,101,43
37.607469,-99.168958,2026-09-25 20:39:14.332136448,13,13527,106,39
48.605426,-119.9504,2026-09-25 20:39:14.436014848,13,5950,122,39
35.893621,140.340941,2026-09-25 20:35:13.640365568,14,14821,148,30
35.944649,140.256155,2026-09-25 20:35:13.696399616,14,7950,232,23
35.87303,140.27532,2026-09-25 20:35:13.750027008,14,10312,225,18
30.503619,113.599389,2026-09-25 20:35:38.575284992,14,10771,200,39
36.173211,15.228616,2026-09-25 20:35:05.595439104,11,4424,249,58
8.312345,6.48389,2026-09-25 20:35:11.190807296,11,13378,161,62
36.98427,19.908461,2026-09-25 20:35:24.518130176,11,5943,237,218
37.001058,19.901937,2026-09-25 20:35:24.518138368,11,3509,218,394
29.058439,20.007989,2026-09-25 20:35:27.134270208,11,12829,269,19
26.110929,12.888999,2026-09-25 20:35:28.742371328,11,12298,268,54
36.02497,15.021611,2026-09-25 20:35:32.542592768,11,6177,268,156
36.10023,15.027837,2026-09-25 20:35:32.743003648,11,3795,235,154
36.05363,15.187101,2026-09-25 20:35:32.980530176,11,12213,258,107
36.105246,15.184607,2026-09-25 20:35:34.879541504,11,13366,237,112
36.102273,15.212735,2026-09-25 20:35:34.879527168,11,5441,249,99
26.443955,15.024552,2026-09-25 20:35:47.224085504,11,6682,263,65
35.985527,15.045785,2026-09-25 20:35:54.420002304,11,14101,241,20
36.095277,15.154488,2026-09-25 20:36:06.237340928,11,7338,246,252
36.053362,15.128801,2026-09-25 20:36:06.455377408,11,7578,244,329
36.037728,15.027654,2026-09-25 20:36:08.211047168,11,12407,160,98
26.314724,-71.855886,2026-09-25 20:36:20.781530368,11,13993,212,32
36.080025,15.257463,2026-09-25 20:36:32.202243328,11,9832,249,101
36.071929,15.265457,2026-09-25 20:36:32.202310144,11,4241,249,87
36.304275,15.063771,2026-09-25 20:36:32.253519360,11,14722,243,119
36.646306,14.686153,2026-09-25 20:36:35.276613120,11,7735,199,319
36.650926,14.686289,2026-09-25 20:36:35.276620800,11,7842,198,127
35.061618,-105.435535,2026-09-25 20:36:45.844773632,11,10315,151,28
43.633634,40.836296,2026-09-25 20:36:48.412791808,11,10047,256,91
42.955572,39.790402,2026-09-25 20:37:01.373061888,11,14807,263,63
37.858114,15.203094,2026-09-25 20:37:05.979887104,11,9937,269,54
37.684446,15.16942,2026-09-25 20:37:05.979827200,11,4886,268,38
36.324761,15.180009,2026-09-25 20:37:08.560649984,11,7774,262,304
36.002214,15.273799,2026-09-25 20:37:08.560532480,11,2655,264,379
36.19699,15.137816,2026-09-25 20:37:09.578314496,11,6854,248,58
35.913378,15.314524,2026-09-25 20:37:14.306829312,11,9767,269,103
26.402931,12.973086,2026-09-25 20:37:17.128793344,11,6179,261,45
36.215581,15.196181,2026-09-25 20:37:21.133069824,11,5729,266,174
36.173004,15.194656,2026-09-25 20:37:21.133122816,11,12850,244,175
36.130667,15.22504,2026-09-25 20:37:23.313579264,11,3781,253,26
36.054589,15.243382,2026-09-25 20:37:25.776574464,11,7414,268,38
36.040551,15.248982,2026-09-25 20:37:25.776574720,11,6221,257,30
36.135503,15.216189,2026-09-25 20:37:28.158074880,11,9746,245,293
36.17356,15.183371,2026-09-25 20:37:29.946944768,11,8735,243,27
36.13944,15.21425,2026-09-25 20:37:29.946938624,11,7953,255,15
10.232175,1.666426,2026-09-25 20:37:30.215219712,11,6036,234,68
36.192258,15.307939,2026-09-25 20:37:32.177462784,11,13464,214,29
36.10457,15.28929,2026-09-25 20:37:32.564855552,11,8942,159,336
26.040716,-71.147867,2026-09-25 20:37:33.813400576,11,9141,264,39
35.769813,16.121086,2026-09-25 20:37:34.524092416,11,9831,257,38
36.998078,20.130839,2026-09-25 20:37:38.580146176,11,14040,199,128
17.868584,-92.12119,2026-09-25 20:37:40.967850240,11,12351,265,34
36.234046,15.252974,2026-09-25 20:37:49.760178432,11,11548,263,56
35.168702,-106.11349,2026-09-25 20:37:50.187200000,11,7603,146,24
34.960531,-105.998365,2026-09-25 20:37:50.457964288,11,13771,113,25
26.527722,-71.999438,2026-09-25 20:37:56.70043136,11,14169,269,58
36.187019,15.405036,2026-09-25 20:37:59.980456960,11,6518,269,28
36.059945,15.306657,2026-09-25 20:38:00.569168384,11,9731,250,80
29.05915,19.992905,2026-09-25 20:38:05.524248320,11,6614,269,301
25.914345,15.547249,2026-09-25 20:38:14.176625408,11,2299,265,42
36.113306,15.195472,2026-09-25 20:38:15.351113216,11,7265,264,74
36.245974,15.205605,2026-09-25 20:38:21.119315712,11,4690,223,126
36.217023,15.21059,2026-09-25 20:38:37.686159872,11,5004,248,19
36.232478,15.257564,2026-09-25 20:38:47.292574720,11,12704,241,54
36.133275,15.278344,2026-09-25 20:38:47.292535808,11,2119,263,43
35.815019,15.061353,2026-09-25 20:38:47.801040384,11,9668,212,49
36.09287,15.015582,2026-09-25 20:38:47.801147136,11,9966,233,41
36.066515,15.158837,2026-09-25 20:38:48.359130624,11,11080,160,321
36.09681,15.18146,2026-09-25 20:38:48.359147264,11,12042,184,310
35.79902,15.30171,2026-09-25 20:38:48.359112960,11,14678,231,298
35.616995,15.226041,2026-09-25 20:38:48.359042304,11,8141,268,56
36.96982,19.930465,2026-09-25 20:38:51.251968000,11,8250,199,250
37.002833,19.935361,2026-09-25 20:38:51.251981312,11,3827,218,403
37.000325,19.908856,2026-09-25 20:38:51.281938432,11,10791,226,166
36.153049,15.285562,2026-09-25 20:38:53.592766976,11,9948,263,17
36.209677,15.268835,2026-09-25 20:38:53.667485440,11,5978,236,25
36.088513,15.185901,2026-09-25 20:39:02.2660096,11,14257,249,44
36.131036,15.235981,2026-09-25 20:39:02.2653696,11,7256,255,29
36.095937,15.176255,2026-09-25 20:39:04.522024192,11,5875,224,161
27.728015,-107.329089,2026-09-25 20:39:13.614416896,11,10752,253,22
36.173211,15.228616,2026-09-25 20:35:05.595439104,12,4424,249,58
8.312345,6.48389,2026-09-25 20:35:11.190807296,12,13378,161,62
37.00036,19.910621,2026-09-25 20:35:24.518133760,12,5335,236,238
36.999949,19.902395,2026-09-25 20:35:24.518139392,12,2801,218,397
26.110929,12.888999,2026-09-25 20:35:28.742371328,12,12298,268,54
36.02497,15.021611,2026-09-25 20:35:32.542592768,12,6177,268,157
36.10023,15.027837,2026-09-25 20:35:32.743003648,12,3795,235,151
36.105246,15.184607,2026-09-25 20:35:34.879541504,12,13366,237,112
36.102273,15.212735,2026-09-25 20:35:34.879527168,12,5441,249,99
35.866409,15.185077,2026-09-25 20:35:39.37876224,12,8358,261,32
26.443955,15.024552,2026-09-25 20:35:47.224085504,12,6682,263,65
35.985527,15.045785,2026-09-25 20:35:54.420002304,12,14101,241,20
36.048874,15.144526,2026-09-25 20:36:06.455370496,12,5123,265,258
36.037728,15.027654,2026-09-25 20:36:08.211047168,12,12407,160,89
37.006308,19.912879,2026-09-25 20:36:19.93170176,12,9680,209,196
36.998692,19.900646,2026-09-25 20:36:19.93226240,12,4832,229,232
36.080025,15.257463,2026-09-25 20:36:32.202243328,12,9832,249,101
36.071929,15.265457,2026-09-25 20:36:32.202310144,12,4241,249,87
36.304275,15.063771,2026-09-25 20:36:32.253519360,12,14722,243,131
36.646306,14.686153,2026-09-25 20:36:35.276613120,12,7735,199,319
36.650926,14.686289,2026-09-25 20:36:35.276620800,12,7842,198,123
35.061618,-105.435535,2026-09-25 20:36:45.844773632,12,10315,151,28
43.633634,40.836296,2026-09-25 20:36:48.412791808,12,10047,256,91
26.455083,-69.711616,2026-09-25 20:36:56.265107968,12,11773,247,31
42.955572,39.790402,2026-09-25 20:37:01.373061888,12,14807,263,63
37.858114,15.203094,2026-09-25 20:37:05.979887104,12,9937,269,54
37.684446,15.16942,2026-09-25 20:37:05.979827200,12,4886,268,38
36.324761,15.180009,2026-09-25 20:37:08.560649984,12,7774,262,304
36.002214,15.273799,2026-09-25 20:37:08.560532480,12,2655,264,379
36.267331,15.207524,2026-09-25 20:37:09.145495808,12,4908,265,183
35.913378,15.314524,2026-09-25 20:37:14.306829312,12,9767,269,103
26.402931,12.973086,2026-09-25 20:37:17.128793344,12,6179,261,45
36.215581,15.196181,2026-09-25 20:37:21.133069824,12,5729,266,173
36.159356,15.187078,2026-09-25 20:37:21.133117696,12,12980,244,174
36.130667,15.22504,2026-09-25 20:37:23.313579264,12,3781,253,26
36.054589,15.243382,2026-09-25 20:37:25.776574464,12,7414,268,38
36.040551,15.248982,2026-09-25 20:37:25.776574720,12,6221,257,30
36.135503,15.216189,2026-09-25 20:37:28.158074880,12,9746,245,293
36.17356,15.183371,2026-09-25 20:37:29.946944768,12,8735,243,27
36.13944,15.21425,2026-09-25 20:37:29.946938624,12,7953,255,15
10.232175,1.666426,2026-09-25 20:37:30.215219712,12,6036,234,68
36.192258,15.307939,2026-09-25 20:37:32.177462784,12,13464,214,29
36.10457,15.28929,2026-09-25 20:37:32.564855552,12,8942,159,337
26.040716,-71.147867,2026-09-25 20:37:33.813400576,12,9141,264,40
35.769813,16.121086,2026-09-25 20:37:34.524092416,12,9831,257,38
36.998078,20.130839,2026-09-25 20:37:38.580146176,12,14040,199,127
36.881442,20.046786,2026-09-25 20:37:38.580131840,12,4427,219,112
36.991593,19.998878,2026-09-25 20:37:38.604077824,12,10405,225,23
17.868584,-92.12119,2026-09-25 20:37:40.967850240,12,12351,265,34
35.168702,-106.11349,2026-09-25 20:37:50.187200000,12,7603,146,24
34.960531,-105.998365,2026-09-25 20:37:50.457964288,12,13771,113,25
26.527722,-71.999438,2026-09-25 20:37:56.70043136,12,14169,269,59
35.992698,15.38013,2026-09-25 20:37:59.980389120,12,6527,229,27
36.079816,15.317499,2026-09-25 20:38:00.569173760,12,11398,250,80
41.969784,39.534703,2026-09-25 20:38:03.649549568,12,6222,248,40
29.05915,19.992905,2026-09-25 20:38:05.524248320,12,6614,269,301
25.914345,15.547249,2026-09-25 20:38:14.176625408,12,2299,265,42
36.113306,15.195472,2026-09-25 20:38:15.351113216,12,7265,264,74
36.245974,15.205605,2026-09-25 20:38:21.119315712,12,4690,223,126
36.217023,15.21059,2026-09-25 20:38:37.686159872,12,5004,248,19
36.036894,15.284075,2026-09-25 20:38:42.124624640,12,4891,224,332
36.232478,15.257564,2026-09-25 20:38:47.292574720,12,12704,241,54
36.133275,15.278344,2026-09-25 20:38:47.292535808,12,2119,263,43
35.815019,15.061353,2026-09-25 20:38:47.801040384,12,9668,212,49
36.09287,15.015582,2026-09-25 20:38:47.801147136,12,9966,233,41
36.066515,15.158837,2026-09-25 20:38:48.359130624,12,11080,160,321
36.09681,15.18146,2026-09-25 20:38:48.359147264,12,12042,184,310
35.79902,15.30171,2026-09-25 20:38:48.359112960,12,14678,231,298
36.96982,19.930465,2026-09-25 20:38:51.251968000,12,8250,199,250
37.002833,19.935361,2026-09-25 20:38:51.251981312,12,3827,218,404
36.994151,19.915112,2026-09-25 20:38:51.281938176,12,8182,226,171
36.153049,15.285562,2026-09-25 20:38:53.592766976,12,9948,263,17
36.209677,15.268835,2026-09-25 20:38:53.667485440,12,5978,236,25
36.088513,15.185901,2026-09-25 20:39:02.2660096,12,14257,249,44
36.131036,15.235981,2026-09-25 20:39:02.2653696,12,7256,255,29
36.095937,15.176255,2026-09-25 20:39:04.522024192,12,5875,224,161
36.108111,15.179868,2026-09-25 20:39:04.522023424,12,3133,247,28
27.708525,-107.347202,2026-09-25 20:39:13.614411264,12,9047,253,27
36.130998,-105.166682,2026-09-25 20:39:13.756788992,12,13208,106,24
43.517557,39.901216,2026-09-25 21:55:02.717627136,1,9806,265,21
43.492468,39.966373,2026-09-25 21:55:02.748865024,1,8949,264,47
43.51728,39.91444,2026-09-25 21:55:02.963177216,1,12519,235,33
43.498875,39.923879,2026-09-25 21:55:03.60304640,1,4041,267,69
35.499195,15.852639,2026-09-25 21:55:10.986279168,1,10265,209,96
38.494572,22.415391,2026-09-25 21:55:18.165540864,1,13078,175,41
38.523984,22.401653,2026-09-25 21:55:18.165539328,1,10025,252,25
38.475121,22.404129,2026-09-25 21:55:18.285189632,1,11803,80,30
37.891906,21.733848,2026-09-25 21:55:18.644364288,1,13379,80,474
37.886544,21.747909,2026-09-25 21:55:18.644381184,1,9177,236,488
37.85477,21.75494,2026-09-25 21:55:18.644360704,1,10481,264,471
36.454117,15.654493,2026-09-25 21:55:27.780525312,1,12540,232,47
36.432127,15.674635,2026-09-25 21:55:27.780512256,1,2404,215,34
35.580759,15.692775,2026-09-25 21:55:27.976296704,1,6641,261,206
35.620324,15.0037,2026-09-25 21:55:35.191117824,1,8694,261,40
35.662982,15.043588,2026-09-25 21:55:35.191129856,1,6608,260,27
35.897611,15.263587,2026-09-25 21:55:35.891246080,1,11516,244,152
35.59189,15.179398,2026-09-25 21:55:35.891211776,1,5240,265,195
27.228016,15.616637,2026-09-25 21:55:44.490693632,1,7293,258,82
27.308745,15.655653,2026-09-25 21:55:44.490718720,1,7445,269,120
35.715831,15.069949,2026-09-25 21:55:52.9472256,1,11119,258,20
36.418031,15.680193,2026-09-25 21:56:08.618813184,1,8334,236,32
36.400407,15.668847,2026-09-25 21:56:08.618802688,1,9594,236,17
36.737314,15.481172,2026-09-25 21:56:25.180850944,1,11367,240,34
36.57789,15.407268,2026-09-25 21:56:25.184945152,1,13516,199,28
27.960947,18.237922,2026-09-25 21:56:25.207569408,1,13237,253,227
36.387627,15.682386,2026-09-25 21:56:33.306087424,1,8954,251,28
35.609583,15.120574,2026-09-25 21:56:40.782030592,1,6156,260,44
35.687538,15.141503,2026-09-25 21:56:40.819566080,1,6996,256,20
37.46655,21.561656,2026-09-25 21:56:57.977086976,1,14408,202,23
37.458951,21.55086,2026-09-25 21:56:57.977096192,1,10914,190,341
36.54686,20.160863,2026-09-25 21:57:13.951322880,1,6562,154,27
36.547656,20.178487,2026-09-25 21:57:13.951328256,1,7506,230,428
36.56412,20.174733,2026-09-25 21:57:13.951327232,1,11520,222,412
37.693636,-103.15367,2026-09-25 21:57:22.552361216,1,12759,114,28
37.909678,21.775523,2026-09-25 21:57:22.698076928,1,8900,98,175
36.639315,15.693841,2026-09-25 21:57:29.708186368,1,12525,257,74
36.43284,15.642561,2026-09-25 21:57:29.708120576,1,7083,232,61
36.441431,15.654345,2026-09-25 21:57:29.708116992,1,5407,253,39
36.253158,15.608117,2026-09-25 21:57:29.762748416,1,13572,200,25
36.435858,15.659591,2026-09-25 21:57:29.762799360,1,6563,254,34
36.640564,15.706711,2026-09-25 21:57:29.973522688,1,13055,261,41
36.573072,15.698991,2026-09-25 21:57:29.973504768,1,6841,262,31
36.415922,15.654361,2026-09-25 21:57:29.973444096,1,9451,254,16
36.625813,15.70021,2026-09-25 21:57:29.996773120,1,11689,249,22
35.454314,15.154079,2026-09-25 21:57:30.268865024,1,10001,246,34
43.516832,39.947079,2026-09-25 21:57:31.177798656,1,10112,260,250
37.804297,-103.138582,2026-09-25 21:57:38.421536768,1,13803,129,21
35.881148,14.916656,2026-09-25 21:57:39.786104320,1,12513,243,152
35.700869,15.082425,2026-09-25 21:57:39.786095872,1,11095,249,138
35.649285,15.045218,2026-09-25 21:57:39.786079232,1,9213,265,125
28.11865,17.710997,2026-09-25 21:57:47.16503808,1,11749,252,19
35.447883,15.977042,2026-09-25 21:57:47.166340608,1,7017,213,56
35.53551,16.021949,2026-09-25 21:57:47.166369792,1,4701,247,41
35.481741,15.981377,2026-09-25 21:57:47.166351360,1,3305,251,27
35.257016,16.046452,2026-09-25 21:57:47.554461696,1,7090,261,27
35.589835,-105.155721,2026-09-25 21:57:47.962758912,1,13923,113,20
34.986017,-107.189042,2026-09-25 21:58:00.94127360,1,10207,197,27
40.773682,122.565127,2026-09-25 21:55:36.49444352,2,11942,168,22
-37.924684,146.771914,2026-09-25 21:56:06.443153152,2,8154,129,25
33.997139,126.581933,2026-09-25 21:56:30.119767808,2,9405,217,38
34.621244,127.370796,2026-09-25 21:56:30.429327872,2,7912,221,39
21.052367,-89.931852,2026-09-25 21:55:00.915691776,3,8367,265,28
22.215186,-80.639832,2026-09-25 21:55:01.366670080,3,4562,258,97
21.503929,-76.169453,2026-09-25 21:55:08.821744128,3,5870,178,84
21.48276,-76.157067,2026-09-25 21:55:08.821770496,3,5054,266,60
22.528047,-80.983365,2026-09-25 21:55:13.680694528,3,9273,258,45
22.458985,-80.914699,2026-09-25 21:55:13.728922368,3,7001,263,24
28.551703,-107.49507,2026-09-25 21:55:14.418180096,3,6532,200,24
30.4858,-104.334941,2026-09-25 21:55:14.998066176,3,7498,204,42
30.676506,-104.302075,2026-09-25 21:55:14.998132992,3,4197,226,29
18.153451,-93.480771,2026-09-25 21:55:17.869950720,3,6144,255,62
35.295351,-105.399746,2026-09-25 21:55:18.61176832,3,6596,112,25
35.31326,-105.404853,2026-09-25 21:55:18.61238272,3,12190,185,36
27.625586,-107.882155,2026-09-25 21:55:26.501913088,3,8140,224,26
17.242132,-109.33052,2026-09-25 21:55:26.538247936,3,12757,268,28
35.278427,-105.701354,2026-09-25 21:55:26.723782400,3,8975,88,47
35.334509,-105.613143,2026-09-25 21:55:26.723800064,3,12594,151,35
35.311546,-105.732485,2026-09-25 21:55:26.765688320,3,8922,169,27
26.759332,-106.385611,2026-09-25 21:55:27.904222976,3,6808,243,32
26.741749,-106.391308,2026-09-25 21:55:28.14631168,3,10888,225,21
26.765212,-106.388322,2026-09-25 21:55:28.102076416,3,6608,225,31
26.743417,-106.380885,2026-09-25 21:55:28.573683712,3,10322,225,24
34.61463,-98.756108,2026-09-25 21:55:29.973562624,3,10988,195,21
37.411895,-108.711768,2026-09-25 21:55:30.541358848,3,12595,75,37
37.537625,-108.630493,2026-09-25 21:55:30.541406976,3,7872,190,24
39.74301,-105.136105,2026-09-25 21:55:32.30865664,3,7512,101,34
39.754759,-105.170704,2026-09-25 21:55:32.30861056,3,6340,193,22
26.349983,-107.550873,2026-09-25 21:55:34.334063104,3,5501,230,27
21.171645,-80.033718,2026-09-25 21:55:34.402197760,3,9904,261,39
27.160657,-106.492142,2026-09-25 21:55:36.217419520,3,12335,226,21
37.370937,-103.972634,2026-09-25 21:55:36.696822272,3,11879,118,21
17.566648,-94.591879,2026-09-25 21:55:36.701050112,3,4606,255,62
27.130934,-106.60233,2026-09-25 21:55:37.433157120,3,6323,211,26
27.159575,-106.525253,2026-09-25 21:55:37.463957248,3,6886,239,41
28.590236,-107.057761,2026-09-25 21:55:39.142363136,3,3861,243,31
28.658198,-107.039178,2026-09-25 21:55:39.142418176,3,5921,241,52
34.570342,-107.062548,2026-09-25 21:55:47.497060352,3,8504,123,50
34.567963,-106.933064,2026-09-25 21:55:47.497091840,3,8131,144,37
17.171388,-93.679661,2026-09-25 21:55:55.200726272,3,7344,260,87
50.13376,-119.310053,2026-09-25 21:55:55.564928768,3,7678,128,30
50.312865,-119.558154,2026-09-25 21:55:55.564878848,3,8568,254,76
35.402161,-105.354298,2026-09-25 21:56:02.980148992,3,12550,108,56
35.382401,-105.416231,2026-09-25 21:56:02.980177152,3,12429,107,39
35.419154,-105.410689,2026-09-25 21:56:02.980190720,3,13077,252,20
28.626454,-107.120533,2026-09-25 21:56:04.62363136,3,4772,239,67
28.709983,-107.097637,2026-09-25 21:56:04.62428672,3,5542,240,53
28.694399,-107.113321,2026-09-25 21:56:04.62420480,3,9879,252,37
35.838173,-106.034729,2026-09-25 21:56:04.260367872,3,7724,139,25
35.826704,-106.115942,2026-09-25 21:56:04.490573568,3,7589,80,34
35.907953,-106.044369,2026-09-25 21:56:04.490604288,3,7264,231,19
35.826259,-106.112124,2026-09-25 21:56:04.618253312,3,8270,101,43
35.828173,-106.096301,2026-09-25 21:56:04.618254848,3,9399,106,30
20.2283,-90.392768,2026-09-25 21:56:04.979368192,3,7069,227,14
37.812139,-103.157685,2026-09-25 21:56:06.996230656,3,9130,131,65
37.807068,-103.234987,2026-09-25 21:56:06.996229120,3,5792,222,51
37.997723,-103.089992,2026-09-25 21:56:06.996302592,3,9106,202,37
37.894807,-103.128285,2026-09-25 21:56:06.996302080,3,12358,194,24
27.505515,-107.899337,2026-09-25 21:56:07.118541824,3,12079,182,22
27.276212,-108.017076,2026-09-25 21:56:07.194188544,3,9358,264,49
27.638637,-107.864654,2026-09-25 21:56:07.194331648,3,8409,253,33
26.514584,-107.865922,2026-09-25 21:56:09.316810496,3,8297,247,32
35.722488,-105.050192,2026-09-25 21:56:09.486327552,3,13359,77,41
35.753919,-105.121726,2026-09-25 21:56:09.486314240,3,9362,103,28
35.652228,-105.232971,2026-09-25 21:56:09.547358976,3,6398,195,23
35.674486,-105.137963,2026-09-25 21:56:09.709229056,3,6861,105,29
35.683617,-105.175679,2026-09-25 21:56:09.709259520,3,8293,179,40
20.890142,-90.003268,2026-09-25 21:56:10.171629824,3,9475,249,21
26.522157,-107.495054,2026-09-25 21:56:10.272724224,3,6644,253,36
35.086247,-105.198288,2026-09-25 21:56:11.580847104,3,6163,115,45
35.078151,-105.256432,2026-09-25 21:56:11.580875008,3,12578,108,32
17.565896,-94.278744,2026-09-25 21:56:12.33305856,3,5467,267,40
30.51401,-104.329123,2026-09-25 21:56:13.564492544,3,5646,203,54
30.713029,-104.30037,2026-09-25 21:56:13.564562944,3,4863,225,42
30.734896,-104.28132,2026-09-25 21:56:13.564572160,3,3992,237,28
30.505834,-104.334643,2026-09-25 21:56:13.660796672,3,7334,204,48
30.694969,-104.299568,2026-09-25 21:56:13.660865280,3,7607,222,35
30.622018,-104.37276,2026-09-25 21:56:13.715452416,3,11714,96,32
30.724573,-104.301944,2026-09-25 21:56:13.715484416,3,7294,225,19
30.521734,-104.328278,2026-09-25 21:56:13.766522880,3,6768,203,54
30.685814,-104.301848,2026-09-25 21:56:13.766588672,3,5155,226,41
37.812542,-103.144093,2026-09-25 21:56:15.624371200,3,5307,104,71
37.808924,-103.513187,2026-09-25 21:56:15.624311808,3,10201,255,87
37.833518,-103.161329,2026-09-25 21:56:15.624387584,3,8289,120,74
37.814513,-103.244681,2026-09-25 21:56:15.665188096,3,9119,141,27
37.778484,-103.159101,2026-09-25 21:56:15.719008512,3,6049,86,46
37.845641,-103.14301,2026-09-25 21:56:15.719058432,3,3925,181,31
37.823476,-103.14246,2026-09-25 21:56:16.94502656,3,9286,111,24
26.643095,-71.400843,2026-09-25 21:56:17.45253888,3,5157,264,102
37.384596,-103.964704,2026-09-25 21:56:24.527752960,3,11445,88,23
37.345719,-103.936239,2026-09-25 21:56:24.527759616,3,9318,118,47
37.426889,-103.951793,2026-09-25 21:56:24.527796224,3,12636,191,33
37.367754,-104.060513,2026-09-25 21:56:24.540055552,3,14241,89,21
20.104432,-90.298355,2026-09-25 21:56:32.944196864,3,10878,255,21
28.325623,-107.49593,2026-09-25 21:56:33.629719808,3,12217,249,39
28.666401,-107.381191,2026-09-25 21:56:33.629845504,3,7885,250,26
28.562066,-107.409323,2026-09-25 21:56:33.920828416,3,7442,242,28
28.642924,-107.391812,2026-09-25 21:56:33.920890368,3,5870,241,45
28.620494,-107.411975,2026-09-25 21:56:33.920885504,3,10759,252,31
26.264678,-107.561446,2026-09-25 21:56:33.933744384,3,14480,211,27
26.006974,-107.570949,2026-09-25 21:56:34.3556864,3,12628,254,47
26.527409,-107.406818,2026-09-25 21:56:34.3748864,3,9054,255,36
26.279379,-107.500335,2026-09-25 21:56:34.3695360,3,13589,241,24
18.129807,-93.532262,2026-09-25 21:56:34.922594560,3,9082,255,52
26.54403,-106.624496,2026-09-25 21:56:42.390193664,3,11645,245,73
26.620667,-106.602945,2026-09-25 21:56:42.390256384,3,5779,250,58
26.612177,-106.61281,2026-09-25 21:56:42.390252032,3,5802,245,44
35.315083,-105.374875,2026-09-25 21:56:42.589512448,3,8971,92,80
35.22519,-105.35604,2026-09-25 21:56:42.589541632,3,9711,92,69
35.378167,-105.371049,2026-09-25 21:56:42.589570560,3,8993,222,56
35.392198,-105.365226,2026-09-25 21:56:42.589572864,3,13138,222,41
35.294458,-105.493565,2026-09-25 21:56:42.746603008,3,7433,153,14
35.830157,-106.04306,2026-09-25 21:56:44.789187840,3,13947,120,59
35.865995,-106.009893,2026-09-25 21:56:44.789237760,3,9265,180,56
35.89876,-106.02574,2026-09-25 21:56:44.789246720,3,4050,207,47
35.847746,-106.074925,2026-09-25 21:56:44.789227264,3,6444,252,31
35.851172,-106.02143,2026-09-25 21:56:44.814632448,3,12287,139,18
35.83855,-106.035391,2026-09-25 21:56:44.836027392,3,5217,101,48
35.817969,-105.962701,2026-09-25 21:56:44.836049920,3,8457,155,34
35.814621,-106.106237,2026-09-25 21:56:44.859762176,3,7188,101,36
35.828637,-106.087076,2026-09-25 21:56:44.859765504,3,6589,219,22
35.811177,-106.106398,2026-09-25 21:56:44.965393152,3,8868,101,22
36.740835,-104.172596,2026-09-25 21:56:45.353098496,3,13186,92,77
36.710783,-104.140095,2026-09-25 21:56:45.353113856,3,14907,79,59
36.772062,-104.170873,2026-09-25 21:56:45.353148160,3,4435,184,46
36.749933,-104.170797,2026-09-25 21:56:45.393399552,3,10185,92,77
36.682207,-104.162674,2026-09-25 21:56:45.393420288,3,6754,125,60
36.752855,-104.228135,2026-09-25 21:56:45.463551232,3,7442,104,31
36.747997,-104.150744,2026-09-25 21:56:45.463572480,3,14036,128,18
36.76946,-104.156068,2026-09-25 21:56:45.617482496,3,5412,113,80
36.740109,-104.139655,2026-09-25 21:56:45.617493248,3,8298,124,65
20.949855,-89.963108,2026-09-25 21:56:53.643181056,3,10445,241,26
22.252459,-79.181452,2026-09-25 21:56:57.48201472,3,10992,259,43
34.527072,-107.066896,2026-09-25 21:56:57.489400576,3,9799,122,19
34.522052,-107.036855,2026-09-25 21:56:57.517418496,3,6680,131,25
37.928966,-108.941996,2026-09-25 21:56:57.546681600,3,9182,167,26
34.556705,-106.984002,2026-09-25 21:56:57.580574976,3,7559,120,41
34.618018,-106.956889,2026-09-25 21:56:57.580627456,3,5272,216,41
33.390821,-105.166769,2026-09-25 21:56:59.5020672,3,11411,115,31
33.463462,-105.171733,2026-09-25 21:56:59.5062400,3,8548,199,18
33.29278,-105.141624,2026-09-25 21:56:59.84574720,3,12259,116,42
19.235818,-89.950695,2026-09-25 21:56:59.723208960,3,11638,240,29
37.829578,-103.199116,2026-09-25 21:57:01.224411392,3,12229,91,26
28.383222,-107.079138,2026-09-25 21:57:01.957266176,3,8342,217,26
41.632898,-105.571876,2026-09-25 21:57:03.33780992,3,14610,95,46
41.654927,-105.561571,2026-09-25 21:57:03.33783808,3,12996,122,33
41.586702,-105.517726,2026-09-25 21:57:03.57633024,3,10281,121,38
41.702896,-105.523727,2026-09-25 21:57:03.298356992,3,13412,163,21
36.617653,-107.451604,2026-09-25 21:57:03.612730112,3,6498,134,24
30.961867,-104.262649,2026-09-25 21:57:04.390059264,3,11166,156,50
31.024606,-104.263721,2026-09-25 21:57:04.390111232,3,9277,216,34
30.955046,-104.336635,2026-09-25 21:57:04.416472832,3,11700,92,25
30.839451,-104.290501,2026-09-25 21:57:04.489358080,3,5075,190,34
31.016452,-104.277093,2026-09-25 21:57:04.489419264,3,8845,216,31
30.879488,-104.223157,2026-09-25 21:57:04.599160320,3,4578,195,21
31.02526,-104.259104,2026-09-25 21:57:04.599194624,3,7520,193,22
19.546223,-90.398092,2026-09-25 21:57:05.47141632,3,7196,233,73
19.353561,-90.323292,2026-09-25 21:57:05.238303232,3,6918,268,28
35.057342,-107.8507,2026-09-25 21:57:12.566380544,3,13887,107,25
35.415737,-105.420104,2026-09-25 21:57:12.666817280,3,8191,123,33
35.427685,-105.41455,2026-09-25 21:57:12.666824704,3,8654,244,17
35.4516,-105.36412,2026-09-25 21:57:12.832174592,3,13333,110,19
35.430414,-105.4347,2026-09-25 21:57:12.832193792,3,6894,199,44
35.515339,-105.354887,2026-09-25 21:57:12.832236288,3,7824,210,31
35.438577,-105.372364,2026-09-25 21:57:12.907293952,3,12597,110,45
35.431994,-105.431356,2026-09-25 21:57:12.907316224,3,9243,199,31
19.182853,-90.165247,2026-09-25 21:57:15.139466752,3,8741,254,14
39.802869,-105.101445,2026-09-25 21:57:16.909418752,3,4702,102,30
39.793924,-105.109215,2026-09-25 21:57:16.909415680,3,10146,102,17
39.766627,-105.186228,2026-09-25 21:57:16.995716096,3,11794,86,34
39.755665,-105.08607,2026-09-25 21:57:16.995731712,3,13350,102,20
39.76634,-105.179088,2026-09-25 21:57:17.89519872,3,9859,102,40
39.766242,-105.198904,2026-09-25 21:57:17.89525248,3,12624,193,25
39.769359,-105.10209,2026-09-25 21:57:17.365809664,3,12658,101,52
39.799475,-105.020949,2026-09-25 21:57:17.365843968,3,9016,150,38
39.771758,-105.133242,2026-09-25 21:57:17.365849088,3,4669,216,25
17.977038,-93.550644,2026-09-25 21:57:17.759626752,3,13061,251,18
20.76521,-89.945374,2026-09-25 21:57:18.253180160,3,8499,222,27
18.128841,-93.393837,2026-09-25 21:57:18.581410304,3,6556,255,67
39.690549,-104.800632,2026-09-25 21:57:19.285394944,3,13224,99,19
34.573558,-106.978245,2026-09-25 21:57:22.72107264,3,13587,95,56
34.573433,-107.026742,2026-09-25 21:57:22.72141568,3,6047,158,39
34.548877,-107.062996,2026-09-25 21:57:22.82421504,3,8512,120,29
34.552732,-107.03952,2026-09-25 21:57:22.82424832,3,12403,118,27
37.75994,-103.171409,2026-09-25 21:57:22.108450816,3,7480,163,56
37.769934,-103.1107,2026-09-25 21:57:22.108475392,3,13525,87,44
37.779933,-103.171741,2026-09-25 21:57:22.108493056,3,5186,161,31
37.79485,-103.151572,2026-09-25 21:57:22.108507904,3,12836,170,19
34.545681,-107.051596,2026-09-25 21:57:22.123188480,3,14766,95,28
34.576443,-107.044945,2026-09-25 21:57:22.203698944,3,13297,120,25
34.063515,-107.4502,2026-09-25 21:57:29.616455424,3,10993,87,36
22.42188,-80.976366,2026-09-25 21:57:30.566640640,3,13307,254,57
26.461903,-68.339033,2026-09-25 21:57:32.127631872,3,6160,243,56
26.568278,-106.550521,2026-09-25 21:57:33.394385408,3,7638,244,50
26.586701,-106.563205,2026-09-25 21:57:33.394400000,3,7578,248,37
27.410816,-108.041171,2026-09-25 21:57:33.516421376,3,7748,241,37
27.417201,-108.029136,2026-09-25 21:57:33.516422656,3,10198,227,22
35.756372,-106.069089,2026-09-25 21:57:33.822297088,3,9362,105,34
35.797141,-106.00562,2026-09-25 21:57:33.822318848,3,7126,182,21
35.771428,-106.012498,2026-09-25 21:57:33.938055936,3,6601,104,60
35.691298,-106.105748,2026-09-25 21:57:33.938051840,3,6562,238,44
26.872086,-71.728096,2026-09-25 21:57:34.488544256,3,7803,269,27
26.489209,-71.433146,2026-09-25 21:57:34.681876992,3,10674,265,85
35.317882,-105.459613,2026-09-25 21:57:42.799599872,3,7727,129,30
35.341308,-105.397609,2026-09-25 21:57:42.799624704,3,7846,151,18
35.31973,-105.467398,2026-09-25 21:57:42.861243648,3,4811,94,39
35.319142,-105.411807,2026-09-25 21:57:42.861254656,3,6729,182,27
35.303879,-105.387682,2026-09-25 21:57:42.909465856,3,12103,92,48
35.302455,-105.437256,2026-09-25 21:57:42.909449984,3,9167,199,35
37.374148,-104.053294,2026-09-25 21:57:42.962935040,3,11236,89,22
36.743174,-107.733409,2026-09-25 21:57:50.216819456,3,11571,127,23
28.777368,-107.112242,2026-09-25 21:57:51.983313920,3,10993,225,30
28.773235,-107.123371,2026-09-25 21:57:51.983311360,3,10679,214,17
37.873396,-104.244116,2026-09-25 21:57:52.178574080,3,7279,77,41
37.881917,-104.173567,2026-09-25 21:57:52.273300992,3,6559,81,60
37.851839,-104.105844,2026-09-25 21:57:52.273330944,3,10650,83,51
34.984378,-107.135118,2026-09-25 21:58:00.94084608,3,14935,112,65
35.040265,-107.102509,2026-09-25 21:58:00.94119424,3,5347,213,88
35.11618,-107.115234,2026-09-25 21:58:00.94144512,3,5374,230,77
35.018247,-107.106655,2026-09-25 21:58:00.94148096,3,12894,229,59
34.963851,-107.187414,2026-09-25 21:58:00.110532096,3,4357,112,28
27.635274,-107.861128,2026-09-25 21:58:00.554697728,3,9583,240,58
27.685633,-107.858839,2026-09-25 21:58:00.554756608,3,9524,247,42
36.669363,15.914839,2026-09-25 21:55:04.5943552,4,6253,201,25
35.611458,15.737738,2026-09-25 21:55:04.789865728,4,11324,227,17
35.650867,15.14618,2026-09-25 21:55:11.235652096,4,11639,226,19
35.628444,15.139617,2026-09-25 21:55:11.780166912,4,11439,227,19
27.865037,16.859597,2026-09-25 21:55:12.317683968,4,4876,255,20
36.802711,18.593248,2026-09-25 21:55:12.487861504,4,14683,218,29
37.944609,21.7915,2026-09-25 21:55:18.644395264,4,7794,224,44
36.432533,15.63235,2026-09-25 21:55:19.674479104,4,8409,259,33
36.453084,15.625453,2026-09-25 21:55:19.674538752,4,11036,203,20
36.454964,15.658414,2026-09-25 21:55:20.446955520,4,8255,259,35
36.447083,15.649097,2026-09-25 21:55:20.447008256,4,6409,203,20
35.456054,16.038453,2026-09-25 21:55:21.686046464,4,9150,209,31
35.498279,16.001553,2026-09-25 21:55:21.717059584,4,6425,256,23
35.50151,16.035192,2026-09-25 21:55:21.757249280,4,5000,261,23
35.595839,15.708914,2026-09-25 21:55:27.976296448,4,9444,209,26
35.592862,15.125,2026-09-25 21:55:34.752282880,4,13882,255,17
35.622264,15.076094,2026-09-25 21:55:34.759822336,4,9940,220,21
35.491089,15.277633,2026-09-25 21:55:35.891169792,4,10123,238,26
40.773661,122.56461,2026-09-25 21:55:36.49444352,4,11941,168,24
36.457019,15.610414,2026-09-25 21:55:37.44142592,4,12292,238,20
36.432593,15.699805,2026-09-25 21:55:37.162132224,4,14813,203,32
36.430391,15.672438,2026-09-25 21:55:37.162124032,4,4884,203,20
36.409666,15.642967,2026-09-25 21:55:37.694725376,4,11799,203,26
35.656026,15.893349,2026-09-25 21:55:40.92690432,4,9043,260,18
35.584318,15.876061,2026-09-25 21:55:40.109024768,4,6641,227,22
43.60319,39.588965,2026-09-25 21:55:42.61018880,4,5343,222,24
27.250282,15.631829,2026-09-25 21:55:44.490699776,4,8954,258,19
36.432248,15.658152,2026-09-25 21:55:56.462112512,4,13556,203,21
43.218145,40.273095,2026-09-25 21:55:58.654436096,4,11355,268,18
36.4729,15.538072,2026-09-25 21:56:04.433087232,4,7392,259,39
36.493911,15.560813,2026-09-25 21:56:04.433152256,4,8092,202,26
36.341201,15.625721,2026-09-25 21:56:04.472265728,4,13471,231,28
36.486246,15.547407,2026-09-25 21:56:04.472324864,4,10738,203,20
36.520069,15.547156,2026-09-25 21:56:04.500999936,4,10762,202,22
43.452118,39.961557,2026-09-25 21:56:04.669774336,4,14079,261,37
35.583615,15.146847,2026-09-25 21:56:09.812009728,4,11113,209,18
26.54147,16.243975,2026-09-25 21:56:13.366647552,4,8187,261,18
37.79318,21.87511,2026-09-25 21:56:19.110343424,4,11117,260,28
35.404149,16.095129,2026-09-25 21:56:23.203989248,4,14744,229,18
35.472607,16.022526,2026-09-25 21:56:23.241524992,4,13305,209,31
35.492173,16.00867,2026-09-25 21:56:23.286757120,4,7311,228,21
35.523462,16.061748,2026-09-25 21:56:23.336088064,4,12128,228,19
35.590098,15.696044,2026-09-25 21:56:25.823156224,4,14176,209,18
28.001292,17.799005,2026-09-25 21:56:29.18394624,4,12040,255,20
33.997137,126.582011,2026-09-25 21:56:30.119767808,4,9404,217,38
34.463785,127.572883,2026-09-25 21:56:30.429379840,4,13728,200,31
36.438671,15.646437,2026-09-25 21:56:37.40046336,4,8924,203,30
36.449441,15.632455,2026-09-25 21:56:37.40045824,4,5482,203,17
36.40111,15.638946,2026-09-25 21:56:37.289213696,4,5602,259,38
36.447541,15.666094,2026-09-25 21:56:37.289283840,4,7000,203,26
24.889085,12.458848,2026-09-25 21:56:39.116232960,4,6659,269,20
35.647555,15.096775,2026-09-25 21:56:43.278670080,4,14432,250,14
35.779028,15.086954,2026-09-25 21:56:43.336272128,4,9277,252,22
35.613332,15.098861,2026-09-25 21:56:43.457124352,4,10478,209,32
36.716936,15.443849,2026-09-25 21:56:47.56367616,4,14135,237,22
36.616932,15.375588,2026-09-25 21:56:47.64209152,4,8990,242,21
36.539797,15.573602,2026-09-25 21:56:50.538229248,4,12785,212,28
36.545818,15.570948,2026-09-25 21:56:50.650139904,4,13696,254,17
36.271157,15.779957,2026-09-25 21:56:50.814054400,4,12667,231,24
36.547045,15.514221,2026-09-25 21:56:51.52304128,4,11672,212,24
36.56075,15.540983,2026-09-25 21:56:51.193712128,4,10082,212,30
35.581226,15.149753,2026-09-25 21:56:53.612515584,4,11272,209,16
35.318657,16.650739,2026-09-25 21:56:55.644093184,4,8687,246,35
35.391342,16.598432,2026-09-25 21:56:55.664967424,4,5373,258,20
37.451952,21.570518,2026-09-25 21:56:57.977093120,4,8336,199,38
37.476551,21.553124,2026-09-25 21:56:58.442716928,4,7537,198,37
37.604636,21.484937,2026-09-25 21:56:58.882522624,4,4409,186,29
36.439976,15.662406,2026-09-25 21:57:07.287406080,4,12561,220,14
40.815225,122.626084,2026-09-25 21:57:07.473238784,4,10424,178,26
35.671662,15.099944,2026-09-25 21:57:08.676208384,4,12423,209,18
35.642064,15.080057,2026-09-25 21:57:08.722438656,4,12243,209,20
38.436865,22.388064,2026-09-25 21:57:12.202584064,4,8797,159,29
43.400888,40.147234,2026-09-25 21:57:12.323763712,4,13803,228,26
43.590862,39.847435,2026-09-25 21:57:12.421868288,4,8017,228,23
36.549854,20.198551,2026-09-25 21:57:13.951337984,4,13520,223,41
36.422698,15.615629,2026-09-25 21:57:18.416009984,4,13390,203,26
36.409648,15.620166,2026-09-25 21:57:18.445228288,4,13744,203,25
36.412245,15.643406,2026-09-25 21:57:18.482873856,4,8412,203,30
36.430128,15.643968,2026-09-25 21:57:18.482865664,4,13492,203,17
36.435538,15.650959,2026-09-25 21:57:18.509499904,4,14966,203,21
36.474839,15.625977,2026-09-25 21:57:18.558539008,4,5820,248,22
36.532526,15.652188,2026-09-25 21:57:18.688979456,4,9896,258,19
37.98116,21.809389,2026-09-25 21:57:22.698163200,4,9238,182,25
35.490467,15.83959,2026-09-25 21:57:23.892393472,4,7598,209,32
35.549349,15.819671,2026-09-25 21:57:23.957044224,4,8619,228,20
35.578604,15.935941,2026-09-25 21:57:24.845784064,4,4272,265,26
43.298458,40.181374,2026-09-25 21:57:27.285663744,4,6358,237,18
36.394795,15.643389,2026-09-25 21:57:28.795051264,4,6266,259,38
36.411792,15.641484,2026-09-25 21:57:28.795109888,4,8171,213,24
36.442869,15.661655,2026-09-25 21:57:28.843628032,4,9962,213,30
36.41907,15.636927,2026-09-25 21:57:28.875639040,4,10949,242,18
36.448349,15.645735,2026-09-25 21:57:28.963082752,4,14011,242,19
36.308214,15.741948,2026-09-25 21:57:29.192070656,4,9858,231,25
36.511152,15.690374,2026-09-25 21:57:29.389209856,4,13713,265,14
36.460832,15.648404,2026-09-25 21:57:29.708129536,4,11128,259,14
43.483369,39.942254,2026-09-25 21:57:31.261521152,4,5421,236,24
35.637562,15.035254,2026-09-25 21:57:39.786076672,4,12672,209,24
35.659058,15.039711,2026-09-25 21:57:39.848814848,4,10572,209,22
43.47802,40.198226,2026-09-25 21:57:41.71109120,4,8265,237,30
43.537101,40.068455,2026-09-25 21:57:41.160040960,4,10156,235,18
42.544581,39.943714,2026-09-25 21:57:43.648414976,4,14157,210,18
36.587271,15.461433,2026-09-25 21:57:44.365283328,4,11434,202,24
36.594391,15.470629,2026-09-25 21:57:44.373260800,4,12665,237,20
36.556287,15.514209,2026-09-25 21:57:54.371365888,4,7819,247,24
36.54526,15.537902,2026-09-25 21:57:54.390091264,4,13784,202,18
36.539551,15.523728,2026-09-25 21:57:54.432897792,4,7185,202,22
36.552646,15.519252,2026-09-25 21:57:54.495328512,4,13547,242,21
35.50708,15.840713,2026-09-25 21:58:03.716637696,4,8059,209,31
35.499431,15.831796,2026-09-25 21:58:03.716628736,4,11305,209,18
21.498453,-76.168227,2026-09-25 21:55:08.821776384,7,3449,268,19
21.485589,-76.167399,2026-09-25 21:55:08.964730624,7,5305,263,19
21.521987,-76.191965,2026-09-25 21:55:09.46217984,7,7542,263,13
21.153256,-80.021276,2026-09-25 21:55:34.402186752,7,7545,257,18
25.931279,-72.13989,2026-09-25 21:55:44.296068096,7,5649,267,13
17.803472,-92.822949,2026-09-25 21:55:45.691091456,7,6092,255,13
22.369086,-77.19903,2026-09-25 21:55:47.948519936,7,6752,264,12
17.049061,-92.943956,2026-09-25 21:56:01.224326400,7,8641,255,13
28.636642,-107.20547,2026-09-25 21:56:04.62382336,7,6220,208,22
28.619138,-107.121682,2026-09-25 21:56:04.62402304,7,13923,242,14
17.424561,-94.330324,2026-09-25 21:56:12.24323328,7,12314,254,10
17.550741,-94.287847,2026-09-25 21:56:12.33298432,7,4979,267,16
26.636584,-71.398779,2026-09-25 21:56:17.45253120,7,4202,266,29
26.760936,-71.439645,2026-09-25 21:56:17.45317376,7,12341,146,24
28.566664,-107.434588,2026-09-25 21:56:33.920871936,7,14142,240,16
20.597038,-90.056056,2026-09-25 21:57:18.253118976,7,5699,268,10
19.96214,-90.365952,2026-09-25 21:57:26.151335168,7,12208,229,11
20.195162,-90.329687,2026-09-25 21:57:28.132829184,7,11870,253,11
20.782802,-89.988768,2026-09-25 21:57:28.825441024,7,11031,222,12
17.659272,-92.853219,2026-09-25 21:57:38.4433664,7,13173,249,10
22.471698,-80.953499,2026-09-25 21:57:38.977916672,7,3477,250,18
22.463822,-80.932716,2026-09-25 21:57:39.188137472,7,8672,250,15
17.623171,-93.385791,2026-09-25 21:57:47.217331456,7,13318,250,14
21.610038,-76.932212,2026-09-25 21:57:49.807998976,7,1827,261,23
24.767359,-72.381279,2026-09-25 21:57:51.508352000,7,9073,263,15
8.319278,15.520339,2026-09-25 21:55:32.319662080,5,7874,206,11
28.062329,17.699266,2026-09-25 21:55:32.999234048,5,14173,267,30
28.048292,17.703209,2026-09-25 21:55:33.5533184,5,3185,267,25
25.349698,14.077765,2026-09-25 21:55:51.391295232,5,6641,270,30
26.736116,13.426011,2026-09-25 21:56:11.95988480,5,5945,261,16
27.94778,17.773698,2026-09-25 21:56:29.18376960,5,14279,253,42
28.077726,17.721178,2026-09-25 21:56:29.918317824,5,2129,252,32
26.915456,14.110472,2026-09-25 21:56:41.373993216,5,3782,265,40
28.082566,17.718415,2026-09-25 21:57:47.16492032,5,6125,252,9
7.389744,17.37114,2026-09-25 21:58:02.464356352,5,3959,215,15
40.790062,122.539786,2026-09-25 21:55:34.985772800,9,13176,200,19
40.806216,122.636189,2026-09-25 21:55:36.49461504,9,7245,195,15
40.90614,122.451091,2026-09-25 21:56:24.428023808,9,9550,178,20
34.08872,126.565384,2026-09-25 21:56:30.119777792,9,12160,201,27
34.459234,127.562156,2026-09-25 21:56:30.429376512,9,7244,200,31
34.560217,127.774691,2026-09-25 21:56:30.429450752,9,6661,229,20
42.377366,123.970841,2026-09-25 21:56:56.171826432,9,4928,164,52
40.793369,122.524911,2026-09-25 21:57:07.473213440,9,6551,186,26
21.095445,-89.950453,2026-09-25 21:55:00.915703552,13,9871,269,26
21.506488,-76.150247,2026-09-25 21:55:08.821744640,13,2725,178,94
30.485734,-104.335034,2026-09-25 21:55:14.998066176,13,7499,204,41
30.774418,-104.150809,2026-09-25 21:55:14.998189056,13,6540,255,28
18.158267,-93.480375,2026-09-25 21:55:17.869952256,13,7129,255,68
35.29535,-105.399741,2026-09-25 21:55:18.61176832,13,6596,112,32
37.796574,-103.165473,2026-09-25 21:55:24.429084416,13,10750,82,90
37.787078,-103.293226,2026-09-25 21:55:24.429068288,13,4629,258,74
37.779844,-103.238772,2026-09-25 21:55:24.493215232,13,9085,142,37
37.832296,-103.162492,2026-09-25 21:55:24.493245440,13,9889,87,28
27.567182,-107.868702,2026-09-25 21:55:24.900310528,13,7166,239,58
27.686212,-107.846618,2026-09-25 21:55:24.900353024,13,7132,247,43
27.625618,-107.882108,2026-09-25 21:55:26.501913088,13,8140,224,26
17.242132,-109.33052,2026-09-25 21:55:26.538247936,13,12756,268,28
35.278427,-105.701354,2026-09-25 21:55:26.723782400,13,8975,88,47
35.340629,-105.622984,2026-09-25 21:55:26.723796224,13,8797,151,34
35.310883,-105.682158,2026-09-25 21:55:26.765701632,13,6452,130,27
26.746051,-106.38478,2026-09-25 21:55:27.904218880,13,6337,243,26
26.741795,-106.391248,2026-09-25 21:55:28.14631168,13,10888,225,21
26.765223,-106.388309,2026-09-25 21:55:28.102076416,13,6608,225,31
26.743444,-106.38084,2026-09-25 21:55:28.573683712,13,10320,225,24
34.612924,-98.744804,2026-09-25 21:55:29.973563904,13,12559,194,21
37.411895,-108.711769,2026-09-25 21:55:30.541358848,13,12595,75,35
37.535273,-108.634675,2026-09-25 21:55:30.541405696,13,7029,190,24
39.743012,-105.136105,2026-09-25 21:55:32.30865664,13,7511,101,32
39.754761,-105.170704,2026-09-25 21:55:32.30861056,13,6339,193,22
26.309174,-107.623563,2026-09-25 21:55:34.334034176,13,7141,229,25
27.236773,-106.397477,2026-09-25 21:55:36.217457664,13,9346,222,26
17.586806,-94.596758,2026-09-25 21:55:36.701057792,13,5906,255,45
28.599045,-107.054223,2026-09-25 21:55:39.142364672,13,12743,226,66
28.686956,-107.038754,2026-09-25 21:55:39.142424064,13,4694,241,48
25.960554,-72.170601,2026-09-25 21:55:44.296067840,13,11952,267,21
26.64733,-106.127387,2026-09-25 21:55:45.15986688,13,12644,225,22
49.547368,-119.457683,2026-09-25 21:55:47.758386944,13,13627,114,27
33.7774,-105.509816,2026-09-25 21:55:49.522104832,13,7137,223,34
40.644631,-105.348794,2026-09-25 21:55:49.720777216,13,12473,97,25
34.065303,-107.460218,2026-09-25 21:55:50.628093184,13,6638,99,46
34.079038,-107.385658,2026-09-25 21:55:50.628114944,13,5026,178,32
34.054432,-107.452157,2026-09-25 21:55:50.653591040,13,12689,87,25
34.051706,-107.467466,2026-09-25 21:55:50.731499776,13,8750,129,30
34.051567,-107.458496,2026-09-25 21:55:50.731505920,13,4267,196,28
34.06065,-107.40876,2026-09-25 21:55:50.855998464,13,10799,99,49
34.076956,-107.394667,2026-09-25 21:55:50.856038656,13,7062,178,34
36.21392,-104.924677,2026-09-25 21:55:51.622665216,13,12471,85,66
36.15432,-104.932058,2026-09-25 21:55:51.622682624,13,10925,95,53
35.870014,-105.391716,2026-09-25 21:55:51.770782464,13,10576,120,39
20.820946,-89.900682,2026-09-25 21:55:52.684316160,13,7378,267,23
36.596354,-107.435523,2026-09-25 21:55:53.388037888,13,11105,109,106
36.67094,-107.437993,2026-09-25 21:55:53.440822784,13,14587,76,46
41.553375,-105.644466,2026-09-25 21:55:53.686201344,13,14122,86,38
36.713633,-104.161223,2026-09-25 21:55:54.74921216,13,14413,79,58
36.707172,-104.173083,2026-09-25 21:55:54.125061376,13,9795,105,30
36.708913,-104.233929,2026-09-25 21:55:54.125084416,13,7562,191,30
35.537106,-105.441792,2026-09-25 21:55:54.744606976,13,8416,159,22
50.081714,-119.40641,2026-09-25 21:55:55.564958720,13,12479,100,30
34.729511,-98.61354,2026-09-25 21:55:56.744800000,13,6779,192,75
34.701774,-98.500158,2026-09-25 21:55:56.744851968,13,12665,155,65
34.664033,-98.496129,2026-09-25 21:55:56.744838400,13,13820,101,52
34.825691,-98.557527,2026-09-25 21:55:56.744855296,13,14084,163,37
28.375105,-107.072735,2026-09-25 21:55:58.5256960,13,11373,232,26
37.793787,-103.149004,2026-09-25 21:55:59.697355776,13,10781,76,64
37.790218,-103.195538,2026-09-25 21:55:59.697351168,13,11961,208,55
37.726259,-103.128293,2026-09-25 21:55:59.871239936,13,13126,72,55
37.791197,-103.1479,2026-09-25 21:56:00.28641792,13,10154,76,53
37.803386,-103.177777,2026-09-25 21:56:00.28674048,13,6876,120,28
37.794502,-103.22118,2026-09-25 21:56:00.203911168,13,6651,92,26
37.843352,-103.153506,2026-09-25 21:56:00.203936000,13,4927,161,33
37.794742,-103.218137,2026-09-25 21:56:00.257865472,13,7924,132,33
37.792045,-103.15552,2026-09-25 21:56:00.334809344,13,13233,93,52
35.392946,-105.364991,2026-09-25 21:56:02.980149760,13,8582,108,56
35.382012,-105.4147,2026-09-25 21:56:02.980177408,13,11683,107,40
28.626701,-107.120442,2026-09-25 21:56:04.62363392,13,4774,239,67
28.709963,-107.097671,2026-09-25 21:56:04.62428672,13,5543,240,53
35.83092,-106.018976,2026-09-25 21:56:04.260373760,13,10876,156,23
35.826706,-106.115944,2026-09-25 21:56:04.490573568,13,7589,80,35
35.826262,-106.112109,2026-09-25 21:56:04.618253312,13,8271,101,43
35.829483,-106.088239,2026-09-25 21:56:04.618256384,13,5105,106,30
20.22829,-90.392768,2026-09-25 21:56:04.979368192,13,7069,227,13
37.820358,-103.168148,2026-09-25 21:56:06.996235008,13,11894,132,46
38.003492,-103.075708,2026-09-25 21:56:06.996315904,13,8975,220,41
27.585694,-107.871876,2026-09-25 21:56:07.194304000,13,8371,246,43
26.506786,-107.863236,2026-09-25 21:56:09.316807424,13,10653,247,31
35.70507,-105.16967,2026-09-25 21:56:09.486292736,13,8888,224,37
35.648521,-105.054166,2026-09-25 21:56:09.709262080,13,10089,153,37
26.485682,-107.508802,2026-09-25 21:56:10.272713216,13,7762,247,37
35.086233,-105.198246,2026-09-25 21:56:11.580847104,13,6162,115,45
35.077071,-105.252048,2026-09-25 21:56:11.580876032,13,10457,108,32
30.499399,-104.341657,2026-09-25 21:56:13.564488704,13,7194,204,53
30.705594,-104.302183,2026-09-25 21:56:13.564561664,13,5918,225,41
30.706179,-104.303046,2026-09-25 21:56:13.660868352,13,11459,229,19
37.817233,-103.146938,2026-09-25 21:56:15.624365056,13,8794,99,85
37.796651,-103.197905,2026-09-25 21:56:15.624367360,13,7274,208,85
37.776334,-103.243613,2026-09-25 21:56:15.719021568,13,6975,175,24
37.823475,-103.142459,2026-09-25 21:56:16.94502656,13,9286,111,23
26.643129,-71.400891,2026-09-25 21:56:17.45253888,13,5158,264,116
37.810621,-103.234606,2026-09-25 21:56:18.484937728,13,14739,116,23
27.627804,-107.8615,2026-09-25 21:56:21.216483584,13,9725,233,29
36.492942,-99.180811,2026-09-25 21:56:21.525025536,13,7868,96,30
36.515899,-99.134752,2026-09-25 21:56:21.798671616,13,8585,99,79
36.550554,-99.148772,2026-09-25 21:56:21.798683392,13,6740,161,64
37.329393,-103.934535,2026-09-25 21:56:24.527755520,13,7768,179,38
37.372322,-104.044384,2026-09-25 21:56:24.540052480,13,10747,89,18
14.660817,-91.325025,2026-09-25 21:56:26.789109248,13,3083,270,33
17.732993,-93.375448,2026-09-25 21:56:27.258694144,13,8072,249,18
35.830463,-106.131311,2026-09-25 21:56:27.585896960,13,8749,101,26
37.802877,-103.205182,2026-09-25 21:56:27.960552960,13,7535,85,38
37.847799,-103.117941,2026-09-25 21:56:27.960584192,13,10228,176,24
24.516462,-72.377593,2026-09-25 21:56:29.932139008,13,5745,270,36
25.106721,-106.359489,2026-09-25 21:56:30.495231232,13,7460,265,29
16.541388,-94.795548,2026-09-25 21:56:31.538798848,13,6099,262,57
30.873397,-104.289199,2026-09-25 21:56:31.616953600,13,12323,191,46
31.052517,-104.267015,2026-09-25 21:56:31.617025792,13,8420,218,33
31.004685,-104.281026,2026-09-25 21:56:31.675761152,13,11027,219,24
31.026827,-104.262888,2026-09-25 21:56:31.751802112,13,7123,223,41
20.121375,-90.306759,2026-09-25 21:56:32.944201216,13,9429,255,21
28.325623,-107.49593,2026-09-25 21:56:33.629719808,13,12217,249,39
28.666405,-107.381183,2026-09-25 21:56:33.629845504,13,7884,250,27
28.599332,-107.392956,2026-09-25 21:56:33.920875520,13,9461,241,43
26.264668,-107.561456,2026-09-25 21:56:33.933744384,13,14480,211,24
26.006869,-107.57109,2026-09-25 21:56:34.3556864,13,12628,254,47
35.673715,-105.125138,2026-09-25 21:56:35.657017600,13,14662,88,102
35.655164,-105.147122,2026-09-25 21:56:35.759527424,13,9497,115,47
35.664791,-105.074053,2026-09-25 21:56:35.759548160,13,9526,130,48
35.686655,-105.219427,2026-09-25 21:56:36.148106240,13,12562,108,44
35.667524,-105.21528,2026-09-25 21:56:36.148108032,13,10859,198,32
35.892174,-105.402712,2026-09-25 21:56:36.902180864,13,12884,101,48
35.872507,-105.379409,2026-09-25 21:56:36.902185472,13,5692,198,33
35.864399,-105.390406,2026-09-25 21:56:36.932466176,13,11641,116,22
40.3115,-107.470578,2026-09-25 21:56:37.492936192,13,14116,130,73
37.404939,-103.938543,2026-09-25 21:56:38.91340032,13,13712,118,36
37.457363,-103.953635,2026-09-25 21:56:38.91342592,13,12515,168,21
26.847815,-107.788703,2026-09-25 21:56:38.872147968,13,8985,251,31
26.731527,-107.798725,2026-09-25 21:56:38.931591424,13,11428,244,22
27.264853,-106.265448,2026-09-25 21:56:40.242864128,13,10112,238,27
26.448694,-106.643957,2026-09-25 21:56:41.494129920,13,10490,176,74
26.586467,-106.611479,2026-09-25 21:56:41.494200576,13,8895,256,61
26.619002,-106.617347,2026-09-25 21:56:42.390249216,13,6419,250,49
35.310733,-105.366413,2026-09-25 21:56:42.589509888,13,11614,92,82
35.224575,-105.356199,2026-09-25 21:56:42.589535744,13,9657,158,67
35.830157,-106.04306,2026-09-25 21:56:44.789187840,13,13947,120,59
35.859198,-106.008214,2026-09-25 21:56:44.789236480,13,10692,162,56
35.820749,-106.111418,2026-09-25 21:56:44.859763456,13,11654,152,18
35.811174,-106.106398,2026-09-25 21:56:44.965393152,13,8868,101,21
36.74084,-104.172626,2026-09-25 21:56:45.353098496,13,13186,92,77
36.710784,-104.140086,2026-09-25 21:56:45.353113856,13,14909,79,59
36.772011,-104.170897,2026-09-25 21:56:45.353148160,13,4435,184,46
36.673211,-104.179445,2026-09-25 21:56:45.393415680,13,12934,97,37
36.820617,-104.143722,2026-09-25 21:56:45.393455872,13,10613,211,24
36.75242,-104.243239,2026-09-25 21:56:45.463550208,13,8532,116,20
36.761891,-104.165057,2026-09-25 21:56:45.617480192,13,14314,92,70
36.765732,-104.159496,2026-09-25 21:56:45.767983104,13,11603,92,55
36.764205,-104.158688,2026-09-25 21:56:45.768022528,13,14739,140,21
35.347573,-105.464378,2026-09-25 21:56:46.940326144,13,13094,124,24
37.258492,-104.699162,2026-09-25 21:56:48.118505472,13,9265,84,38
37.297914,-104.621888,2026-09-25 21:56:48.118527232,13,11135,165,23
25.958241,-106.436895,2026-09-25 21:56:48.172513024,13,8708,229,25
33.981419,-107.432524,2026-09-25 21:56:49.68543744,13,12086,168,30
35.983194,-105.78652,2026-09-25 21:56:51.694977024,13,14785,85,56
35.996903,-105.762429,2026-09-25 21:56:51.695017472,13,8243,154,51
22.219644,-79.162687,2026-09-25 21:56:57.48189952,13,9378,257,56
34.554532,-106.979192,2026-09-25 21:56:57.580565504,13,14239,96,53
34.654994,-106.962225,2026-09-25 21:56:57.580636672,13,3941,248,37
33.390822,-105.166778,2026-09-25 21:56:59.5020672,13,11412,115,33
33.450285,-105.148516,2026-09-25 21:56:59.84614656,13,9687,217,29
19.236717,-89.952146,2026-09-25 21:56:59.723209472,13,11810,240,28
37.829564,-103.199111,2026-09-25 21:57:01.224411392,13,12228,91,25
28.365364,-107.084313,2026-09-25 21:57:01.957262848,13,9588,217,24
19.942001,-90.34202,2026-09-25 21:57:02.113291520,13,8065,264,23
41.632903,-105.571878,2026-09-25 21:57:03.33774592,13,14609,95,43
41.7029,-105.52374,2026-09-25 21:57:03.298356992,13,13413,163,19
36.617661,-107.451605,2026-09-25 21:57:03.612730112,13,6498,134,25
31.011241,-104.337673,2026-09-25 21:57:04.390098176,13,8460,210,36
30.95505,-104.336636,2026-09-25 21:57:04.416472832,13,11699,92,22
30.828808,-104.307566,2026-09-25 21:57:04.489352960,13,5941,198,34
31.016454,-104.277082,2026-09-25 21:57:04.489419776,13,8846,216,30
30.879427,-104.223363,2026-09-25 21:57:04.599160320,13,4577,195,27
31.022378,-104.268543,2026-09-25 21:57:04.599192576,13,10093,193,24
19.54982,-90.39568,2026-09-25 21:57:05.47141120,13,6424,233,80
26.01777,-72.179152,2026-09-25 21:57:09.60244224,13,12478,265,20
35.415737,-105.420104,2026-09-25 21:57:12.666817280,13,8191,123,30
35.451729,-105.366879,2026-09-25 21:57:12.832176640,13,11921,113,34
35.452532,-105.363126,2026-09-25 21:57:12.907294464,13,7109,110,40
35.48191,-105.372323,2026-09-25 21:57:12.907341056,13,8223,180,27
39.79403,-105.121269,2026-09-25 21:57:16.909415424,13,10155,102,20
39.752443,-105.179638,2026-09-25 21:57:16.995715072,13,8209,101,24
39.765214,-105.188645,2026-09-25 21:57:16.995715584,13,7177,202,18
39.76634,-105.179088,2026-09-25 21:57:17.89519872,13,9859,102,40
39.806975,-105.009502,2026-09-25 21:57:17.365844736,13,8206,141,35
39.753866,-105.158946,2026-09-25 21:57:17.365838848,13,7587,197,30
17.977038,-93.550644,2026-09-25 21:57:17.759626752,13,13061,251,15
34.58955,-106.989526,2026-09-25 21:57:22.72111360,13,7435,120,56
34.577704,-107.031757,2026-09-25 21:57:22.72139520,13,7638,158,41
34.549064,-107.064325,2026-09-25 21:57:22.82421760,13,8510,120,30
37.753526,-103.238882,2026-09-25 21:57:22.108463872,13,13893,93,34
37.733673,-103.231757,2026-09-25 21:57:22.108475136,13,3519,208,39
34.548777,-107.056577,2026-09-25 21:57:22.123187968,13,13324,95,23
37.800647,-103.156621,2026-09-25 21:57:22.552316416,13,12553,141,50
37.808552,-103.180596,2026-09-25 21:57:22.552352512,13,6593,124,45
37.807659,-103.215999,2026-09-25 21:57:22.901541632,13,10567,102,43
37.845374,-103.151313,2026-09-25 21:57:22.901567232,13,9157,165,37
37.807051,-103.149453,2026-09-25 21:57:23.154150912,13,14870,91,52
37.84965,-103.126823,2026-09-25 21:57:23.154196736,13,14512,177,29
25.994911,-72.204359,2026-09-25 21:57:25.723570944,13,11426,268,17
36.19983,-104.894364,2026-09-25 21:57:26.350086144,13,5169,100,75
36.170071,-104.843441,2026-09-25 21:57:26.350105088,13,7172,147,60
34.075486,-107.389663,2026-09-25 21:57:29.168881152,13,11297,99,56
34.086958,-107.377283,2026-09-25 21:57:29.168920832,13,8460,178,42
34.049937,-107.451614,2026-09-25 21:57:29.616458240,13,14159,100,22
26.469146,-68.342269,2026-09-25 21:57:32.127633664,13,7108,243,53
26.546791,-106.554006,2026-09-25 21:57:33.394380544,13,5547,244,47
27.417221,-108.037225,2026-09-25 21:57:33.516423168,13,8063,262,22
35.789426,-106.07798,2026-09-25 21:57:33.822288896,13,13039,104,35
35.764776,-106.012721,2026-09-25 21:57:33.938053632,13,9466,96,37
35.691305,-106.105749,2026-09-25 21:57:33.938051840,13,6561,238,44
26.911536,-71.74765,2026-09-25 21:57:34.488551168,13,9064,269,27
26.489171,-71.433121,2026-09-25 21:57:34.681876992,13,10676,265,94
26.748784,-71.521883,2026-09-25 21:57:34.778420224,13,11546,269,30
27.588998,-107.894792,2026-09-25 21:57:35.202086400,13,8718,239,54
27.779368,-107.78562,2026-09-25 21:57:35.202164480,13,10246,256,40
37.813858,-103.214662,2026-09-25 21:57:38.140539904,13,9986,134,27
37.857608,-103.244506,2026-09-25 21:57:38.157173504,13,14745,91,24
37.833452,-103.243962,2026-09-25 21:57:38.241527296,13,11240,138,27
37.838024,-103.221122,2026-09-25 21:57:38.421496832,13,12808,95,49
37.833073,-103.237811,2026-09-25 21:57:38.421498624,13,3295,253,51
22.460954,-80.917603,2026-09-25 21:57:39.288949504,13,4139,265,20
37.591901,-109.344125,2026-09-25 21:57:41.402727936,13,11990,129,25
35.404014,-105.339487,2026-09-25 21:57:43.380531712,13,8316,158,23
35.722383,-105.133896,2026-09-25 21:57:47.703886336,13,13391,106,60
35.762756,-105.11574,2026-09-25 21:57:47.703937536,13,9383,193,42
35.702286,-105.193349,2026-09-25 21:57:47.721040128,13,9536,119,31
35.703346,-105.197812,2026-09-25 21:57:47.721034752,13,6714,197,33
35.706162,-105.18769,2026-09-25 21:57:47.761346048,13,8524,78,29
35.707801,-105.207559,2026-09-25 21:57:47.787282688,13,10954,84,25
35.755141,-105.136662,2026-09-25 21:57:47.787313664,13,7404,177,20
35.762702,-105.123933,2026-09-25 21:57:47.810374656,13,10493,137,32
35.774701,-105.130197,2026-09-25 21:57:47.849574912,13,9769,196,26
35.710469,-105.125075,2026-09-25 21:57:47.899538944,13,14519,88,55
35.700686,-105.200317,2026-09-25 21:57:47.899567872,13,4755,197,38
35.709989,-105.137358,2026-09-25 21:57:47.962736384,13,14882,88,34
35.780036,-105.125882,2026-09-25 21:57:47.962794496,13,6383,219,41
28.730988,-107.115911,2026-09-25 21:57:51.983308800,13,13122,226,29
37.873711,-104.253994,2026-09-25 21:57:52.178576896,13,5675,122,23
37.870119,-104.183737,2026-09-25 21:57:52.273302784,13,10940,77,62
37.855751,-104.105539,2026-09-25 21:57:52.273329408,13,12725,114,48
34.096148,-107.413765,2026-09-25 21:57:53.120493312,13,10477,63,62
34.108393,-107.360335,2026-09-25 21:57:53.120521728,13,14243,197,48
35.272872,-105.473179,2026-09-25 21:57:54.502767360,13,7033,110,24
50.702598,-119.957842,2026-09-25 21:57:54.723283712,13,12456,231,26
26.116347,-72.305711,2026-09-25 21:57:57.307933184,13,13466,265,20
30.881891,-104.284358,2026-09-25 21:57:57.988883712,13,6401,197,56
31.014672,-104.260249,2026-09-25 21:57:57.988934144,13,8345,216,42
30.965698,-104.24502,2026-09-25 21:57:58.45889024,13,7720,156,54
31.022917,-104.251014,2026-09-25 21:57:58.45941504,13,9221,216,40
28.403227,-107.065725,2026-09-25 21:57:58.716127488,13,8142,228,55
28.326073,-107.143842,2026-09-25 21:57:58.716134400,13,8287,238,44
35.328872,-106.198595,2026-09-25 21:57:58.779328768,13,10396,112,35
35.329721,-106.19488,2026-09-25 21:57:58.779331584,13,6353,225,22
28.251655,-107.223043,2026-09-25 21:57:58.919892480,13,9590,186,23
34.950455,-107.132156,2026-09-25 21:58:00.94088448,13,6693,114,82
27.3486,-107.979711,2026-09-25 21:58:00.554657536,13,8583,230,31
18.011874,-93.531491,2026-09-25 21:58:01.276585472,13,13042,247,14
17.099367,-93.191442,2026-09-25 21:58:02.106281984,13,10918,254,19
27.522484,-107.823233,2026-09-25 21:58:04.926760192,13,14773,182,59
27.74115,-107.796446,2026-09-25 21:58:04.926827520,13,7497,256,47
36.705364,-104.184094,2026-09-25 21:58:07.604279040,13,11920,141,46
36.805955,-104.133614,2026-09-25 21:58:07.604324864,13,12787,189,78
36.712985,-104.184683,2026-09-25 21:58:07.822936064,13,10095,140,26
39.74526,-105.122383,2026-09-25 21:58:11.709454080,13,14290,144,21
35.609108,-105.361751,2026-09-25 21:58:13.827309056,13,9495,109,32
35.611071,-105.375356,2026-09-25 21:58:13.827309568,13,5882,199,38
35.63626,-105.308948,2026-09-25 21:58:13.868561152,13,7202,107,33
35.618253,-105.372819,2026-09-25 21:58:13.868587008,13,10676,181,20
27.347371,-108.008512,2026-09-25 21:58:13.921949440,13,13197,242,22
5.778427,-63.580177,2026-09-25 21:58:14.464424192,13,14174,208,18
40.773682,122.565127,2026-09-25 21:55:36.49444352,14,11943,168,23
33.997125,126.581968,2026-09-25 21:56:30.119767808,14,9405,217,39
34.62124,127.370548,2026-09-25 21:56:30.429327872,14,7913,221,38
43.504975,39.934958,2026-09-25 21:55:03.288696064,11,4208,267,60
36.205822,15.592531,2026-09-25 21:55:04.5753856,11,13059,259,50
35.513949,15.706712,2026-09-25 21:55:04.789776640,11,10905,217,121
35.610097,15.747443,2026-09-25 21:55:04.789864704,11,8069,249,113
35.6829,15.131734,2026-09-25 21:55:05.976212992,11,11723,267,80
35.817741,15.123315,2026-09-25 21:55:06.178359552,11,13559,261,90
36.855774,18.486453,2026-09-25 21:55:12.487836416,11,3534,180,267
37.891906,21.733848,2026-09-25 21:55:18.644364288,11,13378,80,501
36.437316,15.616774,2026-09-25 21:55:19.674479872,11,7236,217,342
36.441123,15.611061,2026-09-25 21:55:19.674484480,11,5955,201,269
36.203607,15.69876,2026-09-25 21:55:19.674464256,11,12190,260,182
36.413882,15.632183,2026-09-25 21:55:20.446939392,11,7648,146,377
36.43182,15.631704,2026-09-25 21:55:20.446952192,11,3714,253,383
36.415192,15.655671,2026-09-25 21:55:20.446943744,11,5443,253,165
35.431621,15.998017,2026-09-25 21:55:21.685978112,11,4616,229,286
35.645138,15.687884,2026-09-25 21:55:27.976316160,11,8534,251,132
8.303554,15.558752,2026-09-25 21:55:32.319656192,11,6265,216,67
28.049645,17.694019,2026-09-25 21:55:32.999221248,11,7333,267,66
35.560147,15.057547,2026-09-25 21:55:34.759745792,11,4003,247,254
35.595312,15.042013,2026-09-25 21:55:34.759760128,11,4943,268,250
35.620324,15.0037,2026-09-25 21:55:35.191117824,11,8693,261,39
35.996673,15.150335,2026-09-25 21:55:35.487089664,11,13994,154,22
35.897644,15.263603,2026-09-25 21:55:35.891246080,11,11516,244,205
36.397925,15.641632,2026-09-25 21:55:37.162061056,11,2788,237,310
36.401086,15.653555,2026-09-25 21:55:37.162060032,11,5399,254,174
35.59668,15.859371,2026-09-25 21:55:40.92672256,11,13564,260,126
35.578396,15.84594,2026-09-25 21:55:40.92672768,11,7943,249,113
43.431243,39.878965,2026-09-25 21:55:42.60920832,11,7366,257,204
27.241548,15.625005,2026-09-25 21:55:44.490693376,11,4578,258,131
8.46712,9.885764,2026-09-25 21:55:45.92176128,11,7938,166,90
43.479406,40.129541,2026-09-25 21:55:46.819872512,11,14917,268,91
36.330867,15.612099,2026-09-25 21:55:47.132627200,11,13965,164,124
36.661774,15.884785,2026-09-25 21:55:50.680355584,11,13272,239,42
36.621622,15.859811,2026-09-25 21:55:50.686049536,11,9403,191,56
36.424594,15.91182,2026-09-25 21:55:50.686043648,11,10453,259,44
36.288947,15.741999,2026-09-25 21:55:56.462045184,11,7463,238,54
36.429046,15.6567,2026-09-25 21:55:56.462103296,11,6596,246,68
36.453313,15.523389,2026-09-25 21:56:04.433081088,11,7196,245,269
36.460896,15.521082,2026-09-25 21:56:04.433088256,11,2562,253,354
35.631078,15.129024,2026-09-25 21:56:09.812022528,11,4584,251,73
35.578953,15.124203,2026-09-25 21:56:09.812001536,11,5778,240,74
26.540275,16.182908,2026-09-25 21:56:13.366636800,11,6021,262,139
37.682144,21.902594,2026-09-25 21:56:19.110330368,11,9162,260,89
35.445005,15.990598,2026-09-25 21:56:23.203956736,11,10292,210,119
35.50827,16.022682,2026-09-25 21:56:23.830219520,11,7652,212,65
37.257079,21.41026,2026-09-25 21:56:30.196810752,11,10951,268,56
35.664646,-105.202935,2026-09-25 21:56:35.657043712,11,6008,145,38
35.698494,-105.151646,2026-09-25 21:56:35.759582208,11,11513,206,24
36.228194,15.709468,2026-09-25 21:56:37.289208576,11,6362,259,187
36.564051,15.639413,2026-09-25 21:56:37.358874624,11,8270,252,51
43.497187,39.961189,2026-09-25 21:56:41.880466688,11,3799,236,25
35.622485,15.068669,2026-09-25 21:56:43.457066496,11,4650,262,310
35.645163,15.088409,2026-09-25 21:56:43.457074176,11,7060,249,149
36.429885,15.611585,2026-09-25 21:56:50.814060288,11,7059,262,225
35.695447,15.159632,2026-09-25 21:56:53.612553472,11,5255,263,75
35.682468,15.157037,2026-09-25 21:56:53.612550400,11,12773,264,69
35.292197,16.633001,2026-09-25 21:56:55.644082944,11,8061,201,291
37.454322,21.57316,2026-09-25 21:56:57.977093120,11,10209,199,351
37.454445,21.562862,2026-09-25 21:56:57.977091840,11,4977,190,341
37.507,21.313365,2026-09-25 21:56:59.377211136,11,7869,158,223
25.752549,13.192013,2026-09-25 21:57:04.557625088,11,5083,269,218
35.601407,15.111747,2026-09-25 21:57:06.790391040,11,5561,232,41
35.59057,15.112565,2026-09-25 21:57:06.790387200,11,9153,208,37
36.496481,15.703329,2026-09-25 21:57:07.287420672,11,9448,258,70
36.41067,15.67676,2026-09-25 21:57:07.287383552,11,4927,268,60
35.667625,15.083219,2026-09-25 21:57:08.676208384,11,8720,209,98
35.696232,15.058986,2026-09-25 21:57:08.676211712,11,7973,231,85
28.037533,17.723098,2026-09-25 21:57:10.23264256,11,13857,252,52
43.500946,39.907046,2026-09-25 21:57:12.323773184,11,13487,225,402
36.544259,20.169837,2026-09-25 21:57:13.951323904,11,4245,155,326
36.547612,20.178513,2026-09-25 21:57:13.951328256,11,7506,230,315
36.497532,15.619313,2026-09-25 21:57:18.416033280,11,3314,268,104
36.514424,15.676901,2026-09-25 21:57:18.558560256,11,7503,265,48
37.911927,21.774692,2026-09-25 21:57:22.698077952,11,8738,118,189
35.489869,15.814845,2026-09-25 21:57:23.892329728,11,5414,229,331
35.490531,15.798853,2026-09-25 21:57:23.892335872,11,6258,212,339
35.412904,15.914579,2026-09-25 21:57:24.845681920,11,10395,220,159
36.429378,15.627868,2026-09-25 21:57:29.192064000,11,4061,263,224
35.606394,15.190384,2026-09-25 21:57:32.970780416,11,10057,230,86
35.748191,14.85803,2026-09-25 21:57:39.786062592,11,13376,204,151
35.700864,15.082424,2026-09-25 21:57:39.786095872,11,11096,249,162
35.63697,15.039063,2026-09-25 21:57:39.786075136,11,6676,265,150
43.479347,40.133966,2026-09-25 21:57:41.71119360,11,10360,227,261
36.580629,15.448829,2026-09-25 21:57:44.365210880,11,11922,230,135
36.616026,15.485507,2026-09-25 21:57:44.365295872,11,12309,263,136
27.186309,17.343134,2026-09-25 21:57:44.868309248,11,6622,257,60
36.40233,15.433706,2026-09-25 21:57:44.903808256,11,6956,167,31
36.522732,15.508075,2026-09-25 21:57:54.371293440,11,6142,241,194
36.549775,15.487995,2026-09-25 21:57:54.432839168,11,5634,261,109
35.517349,15.859333,2026-09-25 21:58:03.716580352,11,5288,264,248
8.568044,13.791167,2026-09-25 21:58:04.748765952,11,13521,199,35
36.707289,15.52963,2026-09-25 21:58:06.413299200,11,10306,247,158
36.587138,15.4633,2026-09-25 21:58:10.443432704,11,10803,252,56
36.557104,15.451486,2026-09-25 21:58:10.462232320,11,12277,252,53
27.281931,-71.735185,2026-09-25 21:55:03.167264000,12,14981,235,84
36.626181,15.886517,2026-09-25 21:55:04.5865216,12,10895,154,233
36.682935,15.914528,2026-09-25 21:55:04.5885696,12,7460,256,218
35.513949,15.706712,2026-09-25 21:55:04.789776640,12,10905,217,123
35.610097,15.747443,2026-09-25 21:55:04.789864704,12,8069,249,113
35.6829,15.131734,2026-09-25 21:55:05.976212992,12,11723,267,80
35.817741,15.123315,2026-09-25 21:55:06.178359552,12,13559,261,72
35.629901,15.053239,2026-09-25 21:55:06.178291200,12,4969,240,53
36.855774,18.486453,2026-09-25 21:55:12.487836416,12,3534,180,266
37.891906,21.733848,2026-09-25 21:55:18.644364288,12,13378,80,499
36.437316,15.616774,2026-09-25 21:55:19.674479872,12,7236,217,341
36.441123,15.611061,2026-09-25 21:55:19.674484480,12,5955,201,287
36.1925,15.705242,2026-09-25 21:55:19.674459648,12,11214,260,222
36.413882,15.632183,2026-09-25 21:55:20.446939392,12,7648,146,376
36.43182,15.631704,2026-09-25 21:55:20.446952192,12,3714,253,382
35.645138,15.687884,2026-09-25 21:55:27.976316160,12,8534,251,131
8.303554,15.558752,2026-09-25 21:55:32.319656192,12,6265,216,67
28.049645,17.694019,2026-09-25 21:55:32.999221248,12,7333,267,66
35.560147,15.057547,2026-09-25 21:55:34.759745792,12,4003,247,253
35.595312,15.042013,2026-09-25 21:55:34.759760128,12,4943,268,249
35.996673,15.150335,2026-09-25 21:55:35.487089664,12,13994,154,22
35.897644,15.263603,2026-09-25 21:55:35.891246080,12,11516,244,204
36.397925,15.641632,2026-09-25 21:55:37.162061056,12,2788,237,309
36.401086,15.653555,2026-09-25 21:55:37.162060032,12,5399,254,226
35.59668,15.859371,2026-09-25 21:55:40.92672256,12,13564,260,125
35.578396,15.84594,2026-09-25 21:55:40.92672768,12,7943,249,112
43.431243,39.878965,2026-09-25 21:55:42.60920832,12,7366,257,204
43.389455,39.909934,2026-09-25 21:55:42.130545664,12,4341,270,28
27.241548,15.625005,2026-09-25 21:55:44.490693376,12,4578,258,131
8.390742,9.841647,2026-09-25 21:55:45.92199936,12,8360,181,88
43.479406,40.129541,2026-09-25 21:55:46.819872512,12,14917,268,91
36.330867,15.612099,2026-09-25 21:55:47.132627200,12,13965,164,124
36.449079,15.681717,2026-09-25 21:55:47.340984576,12,7250,237,26
42.4971,40.009335,2026-09-25 21:55:48.767956992,12,5233,265,41
36.661774,15.884785,2026-09-25 21:55:50.680355584,12,13272,239,42
36.621622,15.859811,2026-09-25 21:55:50.686049536,12,9403,191,56
36.424594,15.91182,2026-09-25 21:55:50.686043648,12,10453,259,44
36.288947,15.741999,2026-09-25 21:55:56.462045184,12,7463,238,54
36.429046,15.6567,2026-09-25 21:55:56.462103296,12,6596,246,68
36.453313,15.523389,2026-09-25 21:56:04.433081088,12,7196,245,269
36.460896,15.521082,2026-09-25 21:56:04.433088256,12,2562,253,353
35.639734,15.151325,2026-09-25 21:56:09.812029952,12,7343,263,88
35.579006,15.12419,2026-09-25 21:56:09.812002560,12,5778,240,78
26.540275,16.182908,2026-09-25 21:56:13.366636800,12,6021,262,139
37.905982,21.757203,2026-09-25 21:56:19.110341120,12,10763,77,188
35.445005,15.990598,2026-09-25 21:56:23.203956736,12,10292,210,119
35.50827,16.022682,2026-09-25 21:56:23.830219520,12,7652,212,65
43.30086,40.167573,2026-09-25 21:56:30.56499968,12,10837,237,27
35.664646,-105.202935,2026-09-25 21:56:35.657043712,12,6008,145,38
35.698494,-105.151646,2026-09-25 21:56:35.759582208,12,11513,206,24
36.228194,15.709468,2026-09-25 21:56:37.289208576,12,6362,259,187
36.564051,15.639413,2026-09-25 21:56:37.358874624,12,8270,252,51
35.62452,15.062449,2026-09-25 21:56:43.457131520,12,5363,214,153
36.615266,15.484115,2026-09-25 21:56:51.52329984,12,3982,270,119
36.519369,15.496556,2026-09-25 21:56:51.193637376,12,5537,238,71
26.750968,-71.588233,2026-09-25 21:56:52.359549184,12,5490,264,46
35.701841,15.166855,2026-09-25 21:56:53.612556544,12,4215,263,74
35.677882,15.159443,2026-09-25 21:56:53.612549888,12,12638,264,68
35.292197,16.633001,2026-09-25 21:56:55.644082944,12,8061,201,291
37.463195,21.564156,2026-09-25 21:56:57.977096960,12,12529,198,342
37.446484,21.565499,2026-09-25 21:56:57.977090304,12,5766,190,338
37.504514,21.312676,2026-09-25 21:56:59.377225728,12,13900,155,206
25.752549,13.192013,2026-09-25 21:57:04.557625088,12,5083,269,217
35.626241,15.111224,2026-09-25 21:57:06.790403072,12,3431,262,40
35.599837,15.132126,2026-09-25 21:57:06.790388736,12,6392,223,38
36.496481,15.703329,2026-09-25 21:57:07.287420672,12,9448,258,70
36.41067,15.67676,2026-09-25 21:57:07.287383552,12,4927,268,60
35.667625,15.083219,2026-09-25 21:57:08.676208384,12,8720,209,97
35.687646,15.062322,2026-09-25 21:57:08.676208384,12,7813,231,84
35.643834,15.076153,2026-09-25 21:57:08.722437888,12,6189,210,61
28.038513,17.723192,2026-09-25 21:57:10.23264512,12,13858,252,52
43.500946,39.907046,2026-09-25 21:57:12.323773184,12,13487,225,401
36.544259,20.169837,2026-09-25 21:57:13.951323904,12,4245,155,378
36.547612,20.178513,2026-09-25 21:57:13.951328256,12,7506,230,368
36.452929,15.635856,2026-09-25 21:57:18.415958016,12,5429,259,204
37.911927,21.774692,2026-09-25 21:57:22.698077952,12,8738,118,188
35.459006,15.794674,2026-09-25 21:57:23.892320512,12,6231,229,347
35.47733,15.793866,2026-09-25 21:57:23.892332032,12,7681,212,329
35.412904,15.914579,2026-09-25 21:57:24.845681920,12,10395,220,158
36.2318,15.704446,2026-09-25 21:57:29.192062976,12,7520,248,193
35.606394,15.190384,2026-09-25 21:57:32.970780416,12,10057,230,86
35.748191,14.85803,2026-09-25 21:57:39.786062592,12,13376,204,151
35.700864,15.082424,2026-09-25 21:57:39.786095872,12,11096,249,162
35.63697,15.039063,2026-09-25 21:57:39.786075136,12,6676,265,150
43.479347,40.133966,2026-09-25 21:57:41.71119360,12,10360,227,261
42.4929,40.068231,2026-09-25 21:57:43.728849408,12,8621,270,23
36.580629,15.448829,2026-09-25 21:57:44.365210880,12,11922,230,135
36.616026,15.485507,2026-09-25 21:57:44.365295872,12,12309,263,136
27.186309,17.343134,2026-09-25 21:57:44.868309248,12,6622,257,60
36.40233,15.433706,2026-09-25 21:57:44.903808256,12,6956,167,31
36.522732,15.508075,2026-09-25 21:57:54.371293440,12,6142,241,194
36.574137,15.495208,2026-09-25 21:57:54.432847616,12,8234,258,136
35.517349,15.859333,2026-09-25 21:58:03.716580352,12,5288,264,247
8.529858,13.920954,2026-09-25 21:58:04.748750080,12,5867,201,33
36.386254,15.603657,2026-09-25 21:58:06.413179392,12,13492,169,157
36.408518,15.607097,2026-09-25 21:58:06.413258752,12,3537,269,142
36.533266,15.430883,2026-09-25 21:58:10.443416064,12,6406,252,53
