48.20227,-77.111201,2026-08-01 01:10:12.810123520,1,13406,130,23
31.871827,-85.982593,2026-08-01 01:10:13.991921920,1,6285,204,20
31.859502,-85.984477,2026-08-01 01:10:14.87324672,1,4170,208,23
31.87206,-85.979924,2026-08-01 01:10:14.231183104,1,5773,208,22
59.329287,28.38789,2026-08-01 01:10:22.970703872,1,12447,206,54
59.314783,28.512646,2026-08-01 01:10:22.970765824,1,12494,268,39
59.329011,28.493203,2026-08-01 01:10:22.970757120,1,5338,251,26
59.308391,28.442542,2026-08-01 01:10:23.25501184,1,11378,207,40
59.318184,28.532109,2026-08-01 01:10:23.25562368,1,5924,210,43
59.285323,28.491077,2026-08-01 01:10:23.25568000,1,10384,240,30
59.317225,28.460192,2026-08-01 01:10:23.88094464,1,5544,207,100
59.34536,28.33629,2026-08-01 01:10:23.88128512,1,12575,137,87
59.288976,28.435994,2026-08-01 01:10:23.88169472,1,5244,268,67
52.636429,21.115434,2026-08-01 01:10:30.673745408,1,12065,193,59
52.690877,21.04965,2026-08-01 01:10:30.673739520,1,14308,173,50
52.710123,21.111317,2026-08-01 01:10:30.673816320,1,14124,207,35
52.695161,21.141594,2026-08-01 01:10:30.673802496,1,11105,106,23
52.69975,21.119407,2026-08-01 01:10:31.79091200,1,7281,118,58
52.69116,21.20308,2026-08-01 01:10:31.79188736,1,14288,149,42
52.684357,21.170922,2026-08-01 01:10:31.79185408,1,13052,149,31
52.689776,21.117534,2026-08-01 01:10:31.92479232,1,6479,173,51
52.702824,21.145812,2026-08-01 01:10:31.92558080,1,11681,124,29
17.63839,109.420455,2026-08-01 01:10:03.484962816,2,10255,251,26
17.220594,110.760326,2026-08-01 01:10:10.612094208,2,9916,252,32
20.114516,-77.834417,2026-08-01 01:10:00.515891712,3,7926,208,17
33.183113,-100.327117,2026-08-01 01:10:00.709588736,3,8787,123,53
33.293174,-100.392645,2026-08-01 01:10:00.709616896,3,4657,216,41
33.344249,-100.386946,2026-08-01 01:10:00.709634560,3,8675,220,31
36.268549,-66.728626,2026-08-01 01:10:00.888149760,3,10395,153,40
38.375091,-91.031227,2026-08-01 01:10:07.946844672,3,12799,63,34
31.447545,-87.491823,2026-08-01 01:10:08.31859712,3,11484,205,62
31.445596,-87.494996,2026-08-01 01:10:08.31860992,3,9133,218,59
31.512271,-87.517867,2026-08-01 01:10:08.31925248,3,10759,233,33
27.068166,-107.857479,2026-08-01 01:10:08.257075712,3,9661,245,30
18.80382,-72.981068,2026-08-01 01:10:08.998131200,3,1546,199,48
10.769399,-68.224258,2026-08-01 01:10:09.697901312,3,3761,208,27
26.681426,-108.339908,2026-08-01 01:10:11.99308544,3,9007,249,44
26.990499,-108.28717,2026-08-01 01:10:11.99411968,3,9920,231,31
34.642396,-102.74641,2026-08-01 01:10:11.209988096,3,11249,159,20
32.620337,-109.937405,2026-08-01 01:10:11.293417472,3,12788,189,40
40.055036,-90.824442,2026-08-01 01:10:12.201538560,3,9509,170,15
38.226099,-91.780632,2026-08-01 01:10:12.442025984,3,9606,77,20
48.205665,-77.120847,2026-08-01 01:10:12.810125056,3,7364,130,47
48.17345,-77.119645,2026-08-01 01:10:12.810140416,3,6245,174,50
48.228116,-77.161028,2026-08-01 01:10:12.863778816,3,12156,131,24
48.198393,-77.141401,2026-08-01 01:10:12.910092032,3,11567,131,33
31.345315,-70.474594,2026-08-01 01:10:20.3861504,3,6449,241,52
30.87524,-82.153279,2026-08-01 01:10:20.23479808,3,9856,238,37
30.618466,-81.961042,2026-08-01 01:10:20.23401728,3,5439,193,24
30.549882,-81.912361,2026-08-01 01:10:20.271291136,3,6064,141,31
30.551206,-82.001975,2026-08-01 01:10:20.271340800,3,12875,250,16
46.89209,-86.567464,2026-08-01 01:10:20.447378688,3,6052,189,71
46.936168,-86.604338,2026-08-01 01:10:20.447370752,3,8079,227,57
46.914618,-86.570955,2026-08-01 01:10:20.447377664,3,10667,130,44
46.977491,-86.62244,2026-08-01 01:10:20.484904192,3,4394,112,39
46.996723,-86.685999,2026-08-01 01:10:20.484945408,3,10823,219,31
48.25137,-78.117327,2026-08-01 01:10:21.749115648,3,8664,238,53
48.145341,-77.912393,2026-08-01 01:10:21.749177344,3,3145,173,40
48.153863,-77.916139,2026-08-01 01:10:21.749175552,3,4718,173,27
30.593117,-81.707385,2026-08-01 01:10:21.831553536,3,2768,138,43
30.424467,-81.982216,2026-08-01 01:10:21.831516416,3,5577,266,37
36.236838,-66.816812,2026-08-01 01:10:22.14624512,3,3315,151,75
36.232243,-66.803473,2026-08-01 01:10:22.14620672,3,5196,265,61
36.259941,-66.834068,2026-08-01 01:10:22.14684416,3,7439,257,44
36.174508,-66.757424,2026-08-01 01:10:22.129663232,3,8700,153,22
38.192435,-91.861367,2026-08-01 01:10:30.958083584,3,12785,111,29
34.253721,-104.1946,2026-08-01 01:10:30.984899584,3,6840,128,29
34.32579,-104.342322,2026-08-01 01:10:31.87981568,3,8857,147,28
34.260978,-104.213058,2026-08-01 01:10:31.179545856,3,6827,151,35
34.392014,-104.284914,2026-08-01 01:10:31.179567104,3,4934,194,21
34.232593,-104.369943,2026-08-01 01:10:31.290731776,3,9042,203,27
48.836501,-77.395105,2026-08-01 01:10:34.680186624,3,7718,208,40
48.747089,-77.268911,2026-08-01 01:10:34.680276480,3,13973,179,28
37.846683,-105.397012,2026-08-01 01:10:35.132645888,3,13234,126,36
37.872451,-105.403036,2026-08-01 01:10:35.132642304,3,6247,174,23
48.776862,-77.183914,2026-08-01 01:10:35.200347392,3,13224,133,41
48.709755,-77.207238,2026-08-01 01:10:35.200422656,3,4933,209,23
48.781549,-77.206134,2026-08-01 01:10:35.256132608,3,8555,203,49
48.727677,-77.216485,2026-08-01 01:10:35.256209664,3,11583,228,33
48.737432,-77.166463,2026-08-01 01:10:35.256197120,3,4335,137,20
26.966308,-108.296543,2026-08-01 01:10:37.984515840,3,14374,245,31
38.366518,-91.059485,2026-08-01 01:10:38.115821312,3,7472,113,26
26.943635,-108.282411,2026-08-01 01:10:38.143712256,3,13459,184,25
38.366869,-91.060905,2026-08-01 01:10:38.248457216,3,4030,139,40
38.414801,-91.023921,2026-08-01 01:10:38.248475648,3,7509,128,37
38.41368,-91.071076,2026-08-01 01:10:38.248516864,3,12246,188,21
38.380736,-91.051749,2026-08-01 01:10:38.301765120,3,4110,195,25
38.370125,-91.054177,2026-08-01 01:10:38.408808448,3,8406,97,48
38.381087,-91.089341,2026-08-01 01:10:38.408853760,3,5928,123,29
38.391717,-91.069565,2026-08-01 01:10:38.408859392,3,14847,188,16
37.509665,-90.936755,2026-08-01 01:10:38.743056896,3,10556,136,28
34.111321,-104.1776,2026-08-01 01:10:40.260470784,3,5395,152,31
21.078598,-89.406272,2026-08-01 01:10:41.365262080,3,11885,204,27
48.7545,-77.070697,2026-08-01 01:10:42.919475200,3,9510,179,24
30.606609,-81.72979,2026-08-01 01:10:43.24958464,3,5782,136,48
30.677282,-81.759312,2026-08-01 01:10:43.25022976,3,3892,193,30
30.618851,-81.747427,2026-08-01 01:10:43.108609536,3,2557,240,50
30.672575,-81.78226,2026-08-01 01:10:43.108673024,3,10201,193,32
30.614707,-81.754183,2026-08-01 01:10:43.205427200,3,5772,240,35
30.660813,-81.782196,2026-08-01 01:10:43.205481216,3,7617,261,13
30.598898,-81.751173,2026-08-01 01:10:43.515396608,3,7019,158,83
30.584321,-81.788803,2026-08-01 01:10:43.515434240,3,4863,234,65
39.988352,-90.787122,2026-08-01 01:10:51.624812544,3,9609,65,26
47.774218,-81.089584,2026-08-01 01:10:51.636576000,3,14090,159,63
17.63839,109.420455,2026-08-01 01:10:03.484962816,4,10255,251,27
17.141311,110.73919,2026-08-01 01:10:10.612055040,4,14139,240,35
23.590688,-64.749509,2026-08-01 01:10:26.103247872,7,6105,233,15
18.678144,-72.632428,2026-08-01 01:10:48.813772032,7,12147,166,19
19.950795,-77.884169,2026-08-01 01:10:54.798636032,7,9014,209,12
13.143419,5.152263,2026-08-01 01:10:44.325850880,5,12633,210,16
14.086015,8.344773,2026-08-01 01:10:44.415526656,5,2637,194,55
17.921578,107.932728,2026-08-01 01:10:41.330927616,9,8914,246,15
36.268675,-66.728741,2026-08-01 01:10:00.888149760,13,10396,153,92
26.618463,-108.014966,2026-08-01 01:10:01.791049216,13,12160,265,39
38.285288,-91.634715,2026-08-01 01:10:02.399453952,13,10889,106,19
37.854345,-62.099122,2026-08-01 01:10:04.416165376,13,5285,215,55
37.831355,-62.114156,2026-08-01 01:10:04.416175872,13,5184,264,64
30.673618,-81.772459,2026-08-01 01:10:04.977013760,13,3800,263,47
30.607734,-81.744326,2026-08-01 01:10:05.135202816,13,9597,123,52
30.597631,-81.802867,2026-08-01 01:10:05.135234048,13,5465,234,53
30.841696,-81.945845,2026-08-01 01:10:05.363006976,13,12268,247,22
31.452482,-87.491692,2026-08-01 01:10:07.900767488,13,9978,124,72
31.446136,-87.514611,2026-08-01 01:10:07.900829696,13,5359,234,58
31.430872,-87.577336,2026-08-01 01:10:08.31885824,13,7816,138,38
27.068195,-107.857481,2026-08-01 01:10:08.257075712,13,9659,245,30
18.805121,-72.982841,2026-08-01 01:10:08.998130432,13,2801,199,53
10.769441,-68.224263,2026-08-01 01:10:09.697901312,13,3760,208,61
26.89276,-108.370984,2026-08-01 01:10:11.99374592,13,12699,244,40
34.64041,-102.707582,2026-08-01 01:10:11.209991680,13,7733,127,21
32.860326,-109.891605,2026-08-01 01:10:11.293478656,13,9902,200,26
40.077505,-90.786979,2026-08-01 01:10:12.201550080,13,7458,149,16
38.218437,-91.776527,2026-08-01 01:10:12.442023936,13,5915,77,17
48.194589,-77.163383,2026-08-01 01:10:12.810123264,13,5014,168,39
48.19924,-77.136332,2026-08-01 01:10:12.810131968,13,7745,168,54
48.116183,-77.142184,2026-08-01 01:10:12.910120704,13,9874,162,24
31.955417,-85.942508,2026-08-01 01:10:13.991899136,13,11098,123,53
31.829229,-85.94475,2026-08-01 01:10:13.991917824,13,9396,204,59
31.915493,-85.92051,2026-08-01 01:10:14.133492480,13,4485,216,44
31.849057,-85.925459,2026-08-01 01:10:14.231131648,13,3509,203,64
31.855421,-85.885745,2026-08-01 01:10:14.231136000,13,13036,114,59
31.189857,-87.592836,2026-08-01 01:10:14.646939648,13,6507,208,31
31.14038,-87.662049,2026-08-01 01:10:14.646965760,13,5587,140,20
34.164002,-105.410325,2026-08-01 01:10:18.160139008,13,5716,169,38
34.305086,-105.44661,2026-08-01 01:10:18.160163072,13,5961,217,28
34.147569,-105.443942,2026-08-01 01:10:18.295990016,13,4488,124,55
30.552043,-81.932912,2026-08-01 01:10:19.283696384,13,5615,144,48
30.473641,-81.94385,2026-08-01 01:10:19.283720192,13,4106,235,61
31.433338,-70.449812,2026-08-01 01:10:19.952194560,13,6578,239,72
31.532883,-70.502671,2026-08-01 01:10:19.952288000,13,12265,267,59
46.930491,-86.665487,2026-08-01 01:10:20.447397120,13,8337,136,29
46.932136,-86.595901,2026-08-01 01:10:20.447412224,13,9652,132,39
46.9694,-86.623876,2026-08-01 01:10:20.484906752,13,13026,167,41
48.13987,-77.924968,2026-08-01 01:10:21.749175296,13,7227,214,34
48.153487,-77.915953,2026-08-01 01:10:21.749177600,13,4714,173,33
36.222737,-66.788781,2026-08-01 01:10:22.14616064,13,6199,265,77
36.259942,-66.834081,2026-08-01 01:10:22.14684416,13,7439,257,55
47.580167,-81.653714,2026-08-01 01:10:23.843751936,13,12930,185,60
47.501721,-81.605849,2026-08-01 01:10:23.843790592,13,7835,207,54
47.228246,-81.602765,2026-08-01 01:10:23.843893248,13,10166,243,40
47.535294,-81.626174,2026-08-01 01:10:23.843817472,13,10431,131,27
32.555877,-86.031397,2026-08-01 01:10:24.396805120,13,4082,208,28
48.521645,-80.2564,2026-08-01 01:10:25.676948736,13,10516,183,39
48.543027,-80.273736,2026-08-01 01:10:25.676995328,13,6163,184,26
34.18179,-105.798623,2026-08-01 01:10:28.564317184,13,8208,130,51
34.089604,-105.818299,2026-08-01 01:10:28.564328960,13,5691,159,62
34.190814,-105.852454,2026-08-01 01:10:28.680147456,13,11244,165,23
26.534495,-107.897877,2026-08-01 01:10:29.403251200,13,5154,250,44
38.158577,-91.885003,2026-08-01 01:10:30.958061312,13,10013,253,25
34.253721,-104.194607,2026-08-01 01:10:30.984899584,13,6841,128,28
34.325803,-104.342317,2026-08-01 01:10:31.87981568,13,8857,147,28
34.260981,-104.213037,2026-08-01 01:10:31.179545856,13,6826,151,35
34.392015,-104.284914,2026-08-01 01:10:31.179567104,13,4934,194,21
48.814487,-77.372932,2026-08-01 01:10:34.680197120,13,12335,142,32
48.747087,-77.26891,2026-08-01 01:10:34.680276480,13,13973,179,28
37.902012,-105.359551,2026-08-01 01:10:35.132661248,13,9764,217,20
48.779407,-77.186309,2026-08-01 01:10:35.200348416,13,11079,133,35
48.709752,-77.207241,2026-08-01 01:10:35.200422656,13,4934,209,25
48.781604,-77.206183,2026-08-01 01:10:35.256132608,13,8557,203,50
48.730813,-77.218713,2026-08-01 01:10:35.256208640,13,13069,228,34
48.724155,-77.18818,2026-08-01 01:10:35.256202752,13,3726,209,21
26.922639,-108.351232,2026-08-01 01:10:37.984484608,13,12575,183,24
38.24385,-91.325323,2026-08-01 01:10:38.248420864,13,14244,269,17
38.372187,-91.050992,2026-08-01 01:10:38.301762048,13,6272,97,24
38.369091,-91.054246,2026-08-01 01:10:38.408808192,13,8112,97,36
38.383512,-91.088276,2026-08-01 01:10:38.408852736,13,7404,123,30
37.518233,-90.941408,2026-08-01 01:10:38.743045632,13,13486,126,27
34.111307,-104.177589,2026-08-01 01:10:40.260470784,13,5396,152,33
21.078851,-89.406199,2026-08-01 01:10:41.365262080,13,11886,204,27
30.614749,-81.734242,2026-08-01 01:10:43.24961792,13,7214,152,41
30.696786,-81.759816,2026-08-01 01:10:43.25030144,13,5601,234,21
30.58661,-81.889958,2026-08-01 01:10:43.205441024,13,5870,238,22
30.679555,-81.769732,2026-08-01 01:10:43.515424768,13,5453,244,74
30.586666,-81.787548,2026-08-01 01:10:43.515435264,13,4862,234,66
34.696663,-103.065364,2026-08-01 01:10:44.363569152,13,10491,265,21
36.210974,-66.6654,2026-08-01 01:10:45.961910784,13,11221,155,18
31.976685,-87.115958,2026-08-01 01:10:47.790482688,13,14026,125,29
31.862511,-87.150097,2026-08-01 01:10:47.790490368,13,14025,180,16
27.833617,-108.949075,2026-08-01 01:10:47.995503104,13,5041,231,31
38.358836,-91.032038,2026-08-01 01:10:49.386229248,13,8707,97,49
38.359117,-91.010147,2026-08-01 01:10:49.388849664,13,6057,97,39
38.389955,-91.176032,2026-08-01 01:10:49.542093056,13,8378,134,32
38.354036,-91.043516,2026-08-01 01:10:49.599391744,13,12981,97,28
38.358153,-91.026188,2026-08-01 01:10:49.644219904,13,7658,97,15
38.351979,-91.045037,2026-08-01 01:10:49.763185408,13,6818,143,30
47.838165,-81.191321,2026-08-01 01:10:51.636537856,13,11239,262,44
48.252324,-79.860924,2026-08-01 01:10:53.63115264,13,13321,117,15
32.819561,-86.976271,2026-08-01 01:10:53.523562752,13,5821,114,95
32.829132,-87.012427,2026-08-01 01:10:53.523569152,13,6508,200,86
56.233136,-71.150592,2026-08-01 01:10:53.551914496,13,9265,151,22
19.960445,-77.863713,2026-08-01 01:10:54.798639104,13,5730,209,37
36.296151,-66.745232,2026-08-01 01:10:58.549627904,13,3975,264,74
36.264856,-66.745834,2026-08-01 01:10:58.549623040,13,7275,266,61
38.379831,-91.036467,2026-08-01 01:11:00.148753920,13,7663,97,23
31.412496,-70.390472,2026-08-01 01:11:01.53479936,13,9057,193,43
48.794795,-79.487912,2026-08-01 01:11:02.199070208,13,8361,121,23
34.247525,-105.44025,2026-08-01 01:11:02.249498368,13,9736,129,46
34.338014,-105.424928,2026-08-01 01:11:02.249554432,13,5322,229,33
26.811052,-107.905471,2026-08-01 01:11:03.304527616,13,11788,183,28
21.091572,-89.476741,2026-08-01 01:11:03.548114944,13,8744,268,32
38.015044,-91.036194,2026-08-01 01:11:03.862364416,13,6737,103,37
37.963671,-91.077266,2026-08-01 01:11:03.998015488,13,7955,211,18
48.866404,-78.947687,2026-08-01 01:11:06.469250560,13,8721,160,99
48.849758,-78.978077,2026-08-01 01:11:06.469258752,13,6023,206,81
48.870912,-78.975532,2026-08-01 01:11:06.469251840,13,3315,228,64
48.815817,-78.986819,2026-08-01 01:11:06.469274880,13,3859,261,51
48.95899,-78.69485,2026-08-01 01:11:06.558908672,13,9878,172,93
48.905516,-78.670323,2026-08-01 01:11:06.558938624,13,5078,213,72
48.877265,-78.655542,2026-08-01 01:11:06.558948352,13,4992,247,46
30.522179,-81.995882,2026-08-01 01:11:07.521053184,13,13769,236,48
30.544429,-82.031458,2026-08-01 01:11:07.521050112,13,4547,238,34
30.474582,-81.938814,2026-08-01 01:11:08.740595968,13,6677,196,30
30.592119,-81.968014,2026-08-01 01:11:08.740623616,13,2689,261,42
30.607789,-81.964106,2026-08-01 01:11:08.776887808,13,8599,193,33
30.462114,-82.163354,2026-08-01 01:11:08.791130880,13,9386,186,27
48.724751,-76.96943,2026-08-01 01:11:08.811537664,13,14623,171,25
48.731795,-77.010147,2026-08-01 01:11:09.283240192,13,12393,156,33
49.418935,-81.363764,2026-08-01 01:11:09.367366656,13,4643,174,55
49.43681,-81.382459,2026-08-01 01:11:09.405534208,13,11926,206,28
48.226225,-79.675004,2026-08-01 01:11:10.229954816,13,10082,177,25
51.40982,-75.015279,2026-08-01 01:11:11.105649664,13,9454,253,49
51.433583,-75.075064,2026-08-01 01:11:11.105698048,13,14289,242,38
51.380341,-75.128059,2026-08-01 01:11:11.105710848,13,6712,249,24
31.979862,-85.909016,2026-08-01 01:11:11.369054464,13,4319,215,64
31.911786,-85.9388,2026-08-01 01:11:11.369068800,13,11752,216,47
31.945984,-85.970606,2026-08-01 01:11:11.369083136,13,2336,266,32
17.258797,110.782976,2026-08-01 01:10:10.612098560,14,9136,251,36
18.794287,124.481902,2026-08-01 01:11:02.971511808,14,9324,184,49
18.724287,124.6096,2026-08-01 01:11:03.27818752,14,10826,182,25
36.451164,-67.005249,2026-08-01 01:10:00.888250624,11,14555,189,242
53.256868,20.415961,2026-08-01 01:10:05.529170688,11,7625,159,54
52.763853,21.015356,2026-08-01 01:10:06.711641088,11,6518,103,42
52.759805,21.096661,2026-08-01 01:10:06.711634432,11,14170,175,26
48.202268,-77.111197,2026-08-01 01:10:12.810123520,11,13406,130,30
31.861285,-85.979262,2026-08-01 01:10:13.991917824,11,7347,204,27
31.878076,-70.894066,2026-08-01 01:10:17.659343872,11,9276,234,32
52.24064,20.573485,2026-08-01 01:10:19.38349312,11,10174,131,333
52.269296,20.66123,2026-08-01 01:10:19.38338048,11,7180,234,173
52.306746,20.613528,2026-08-01 01:10:19.259758848,11,11847,238,113
53.186474,20.194856,2026-08-01 01:10:24.197209856,11,9781,213,97
53.237776,20.389992,2026-08-01 01:10:24.197166848,11,12972,215,249
53.227355,20.273587,2026-08-01 01:10:24.197191424,11,9836,187,233
53.240722,20.367405,2026-08-01 01:10:24.197185536,11,9405,204,216
53.228938,20.359346,2026-08-01 01:10:24.197183232,11,6329,211,201
53.225101,20.303797,2026-08-01 01:10:24.197192704,11,9067,200,187
53.124722,20.195168,2026-08-01 01:10:24.777248000,11,14019,88,157
52.656746,21.132795,2026-08-01 01:10:30.673736960,11,7804,203,62
52.690732,21.049109,2026-08-01 01:10:30.673741568,11,14330,173,55
58.868125,28.995511,2026-08-01 01:10:55.266893568,11,7716,245,243
58.889778,28.84184,2026-08-01 01:10:55.266916352,11,4584,239,259
56.072579,2.5281,2026-08-01 01:10:58.452661248,11,9509,107,174
56.019169,2.522329,2026-08-01 01:10:58.452680192,11,7330,226,186
48.898369,-78.979024,2026-08-01 01:11:06.469239808,11,8648,219,101
30.552606,-81.984202,2026-08-01 01:11:08.740612608,11,5702,235,70
36.451164,-67.005249,2026-08-01 01:10:00.888250624,12,14555,189,242
53.256868,20.415961,2026-08-01 01:10:05.529170688,12,7625,159,56
52.7378,21.056381,2026-08-01 01:10:06.711641088,12,5235,105,35
48.202268,-77.111197,2026-08-01 01:10:12.810123520,12,13406,130,30
31.605903,-70.630802,2026-08-01 01:10:17.659229952,12,11816,213,42
52.24064,20.573485,2026-08-01 01:10:19.38349312,12,10174,131,333
52.347599,20.672907,2026-08-01 01:10:19.259739136,12,11824,109,113
46.796433,-86.439126,2026-08-01 01:10:20.447428608,12,14673,141,28
53.186474,20.194856,2026-08-01 01:10:24.197209856,12,9781,213,97
53.237776,20.389992,2026-08-01 01:10:24.197166848,12,12972,215,249
53.227355,20.273587,2026-08-01 01:10:24.197191424,12,9836,187,233
53.240722,20.367405,2026-08-01 01:10:24.197185536,12,9405,204,216
53.228938,20.359346,2026-08-01 01:10:24.197183232,12,6329,211,201
53.225101,20.303797,2026-08-01 01:10:24.197192704,12,9067,200,187
53.124722,20.195168,2026-08-01 01:10:24.777248000,12,14019,88,157
52.656746,21.132795,2026-08-01 01:10:30.673736960,12,7804,203,62
52.690732,21.049109,2026-08-01 01:10:30.673741568,12,14330,173,55
58.884759,28.918065,2026-08-01 01:10:55.266907392,12,6950,243,226
56.072579,2.5281,2026-08-01 01:10:58.452661248,12,9509,107,175
56.019169,2.522329,2026-08-01 01:10:58.452680192,12,7330,226,187
48.895566,-78.969664,2026-08-01 01:11:06.469239040,12,11867,222,68
30.552606,-81.984202,2026-08-01 01:11:08.740612608,12,5702,235,70
45.815315,10.539859,2026-08-01 01:15:01.292137472,1,8459,106,48
45.785298,10.487286,2026-08-01 01:15:01.292158464,1,7332,78,32
52.707261,21.181125,2026-08-01 01:15:01.812923648,1,9589,120,72
52.69609,21.127716,2026-08-01 01:15:01.812946688,1,7384,241,53
52.828279,21.240095,2026-08-01 01:15:01.812966656,1,14287,157,36
52.723486,21.205534,2026-08-01 01:15:01.813008128,1,10596,122,23
59.091546,29.183708,2026-08-01 01:15:17.123737856,1,14946,218,27
45.807958,10.554475,2026-08-01 01:15:17.867847680,1,5419,92,26
59.122588,28.875984,2026-08-01 01:15:18.812965376,1,7984,107,40
59.326044,28.441269,2026-08-01 01:15:18.857797376,1,6896,161,325
59.336934,28.468944,2026-08-01 01:15:18.857801728,1,5675,223,309
59.318901,28.441796,2026-08-01 01:15:18.857807104,1,3730,226,297
32.605347,-86.87976,2026-08-01 01:15:26.282992128,1,7333,198,23
53.222075,20.437488,2026-08-01 01:15:26.428000512,1,11189,149,72
53.229265,20.444559,2026-08-01 01:15:26.428009472,1,6900,125,122
53.232323,20.469767,2026-08-01 01:15:26.428002304,1,8794,176,103
53.183403,20.338228,2026-08-01 01:15:26.428039936,1,9904,175,90
53.233596,20.454776,2026-08-01 01:15:26.428073216,1,9315,185,77
53.21706,20.493259,2026-08-01 01:15:26.428065024,1,6431,233,64
53.201203,20.460217,2026-08-01 01:15:26.428067840,1,5438,252,48
53.197561,20.447375,2026-08-01 01:15:26.428071680,1,7500,239,29
48.538245,-79.926096,2026-08-01 01:15:48.547649536,1,9354,157,27
45.815139,10.530664,2026-08-01 01:15:57.170247680,1,10400,95,30
33.971992,-103.124849,2026-08-01 01:15:00.287250176,3,5207,149,29
34.873416,-103.210729,2026-08-01 01:15:00.812546560,3,14766,159,24
48.803035,-78.02146,2026-08-01 01:15:08.94702336,3,14628,180,60
48.749571,-77.983259,2026-08-01 01:15:08.94736640,3,8855,225,47
48.716827,-77.892962,2026-08-01 01:15:08.94761984,3,14971,164,33
48.795081,-77.911019,2026-08-01 01:15:08.94770944,3,14993,137,20
38.36585,-90.992563,2026-08-01 01:15:08.296068096,3,6919,96,27
38.368071,-91.036107,2026-08-01 01:15:08.369452288,3,6254,199,38
38.37399,-91.022433,2026-08-01 01:15:08.369456896,3,7847,116,30
38.372709,-91.018919,2026-08-01 01:15:08.488554240,3,7813,97,28
38.374629,-91.016117,2026-08-01 01:15:08.556519424,3,8286,96,20
34.227704,-105.464048,2026-08-01 01:15:08.617060864,3,9834,136,23
38.372361,-91.016552,2026-08-01 01:15:08.690161152,3,6488,96,23
34.147415,-105.394685,2026-08-01 01:15:09.207077632,3,5840,110,40
34.359835,-105.37385,2026-08-01 01:15:09.207137280,3,2362,250,28
34.338725,-105.371849,2026-08-01 01:15:09.207133440,3,8716,231,15
37.298709,-91.580111,2026-08-01 01:15:10.46776320,3,5486,157,33
31.11043,-87.807863,2026-08-01 01:15:17.348254976,3,12193,138,39
31.188247,-87.721305,2026-08-01 01:15:17.348303872,3,9730,245,16
48.773692,-76.997808,2026-08-01 01:15:18.255793664,3,13796,142,39
48.720383,-77.003404,2026-08-01 01:15:18.255810560,3,6067,216,49
48.704179,-77.022664,2026-08-01 01:15:18.255813888,3,14861,247,35
48.696185,-76.995023,2026-08-01 01:15:18.255860224,3,7074,136,24
48.739756,-77.988263,2026-08-01 01:15:18.712747776,3,14288,181,28
38.375033,-90.99446,2026-08-01 01:15:19.131297792,3,3299,142,24
45.949953,-86.680624,2026-08-01 01:15:20.723068160,3,14642,219,18
48.274908,-79.78146,2026-08-01 01:15:21.925883392,3,9695,116,17
32.456293,-106.51294,2026-08-01 01:15:22.254380544,3,10004,128,29
32.45675,-106.508308,2026-08-01 01:15:22.334875648,3,10143,143,33
47.206836,-88.456482,2026-08-01 01:15:23.156708608,3,7570,173,16
47.160446,-88.476313,2026-08-01 01:15:23.156725760,3,11557,133,49
47.159948,-88.496543,2026-08-01 01:15:23.156766976,3,6656,131,21
38.329641,-91.43954,2026-08-01 01:15:23.628463104,3,8167,102,16
31.909812,-85.867025,2026-08-01 01:15:24.415294208,3,4685,216,38
31.941309,-85.870207,2026-08-01 01:15:24.415353344,3,8448,235,20
37.980114,-90.951487,2026-08-01 01:15:24.528317952,3,10953,117,27
20.065258,-77.863085,2026-08-01 01:15:33.243928064,3,3138,177,49
30.718677,-75.255404,2026-08-01 01:15:33.247985920,3,11588,264,23
32.32347,-86.060778,2026-08-01 01:15:34.49373952,3,2631,185,29
32.356956,-86.03987,2026-08-01 01:15:34.114624768,3,7430,176,40
32.45673,-86.072565,2026-08-01 01:15:34.114698752,3,5781,268,24
32.33597,-86.023981,2026-08-01 01:15:34.148080896,3,11228,117,54
32.363066,-86.153703,2026-08-01 01:15:34.148124160,3,10832,198,53
32.416566,-86.103071,2026-08-01 01:15:34.168062464,3,4573,121,39
32.368528,-86.109717,2026-08-01 01:15:34.168087296,3,3673,265,25
32.392484,-86.075961,2026-08-01 01:15:34.187842048,3,5924,210,22
32.319344,-86.066074,2026-08-01 01:15:34.216859904,3,3167,187,38
32.318726,-86.118778,2026-08-01 01:15:34.216902400,3,5743,208,26
32.438707,-86.036025,2026-08-01 01:15:34.268729856,3,5117,188,60
32.451723,-86.074691,2026-08-01 01:15:34.268774400,3,6334,202,44
32.357268,-86.120261,2026-08-01 01:15:34.268743936,3,6001,266,27
32.319955,-86.081232,2026-08-01 01:15:34.307694848,3,6050,187,26
32.329238,-86.033668,2026-08-01 01:15:34.673799424,3,8267,121,13
37.349969,-91.62065,2026-08-01 01:15:34.853367808,3,11987,130,16
48.506398,-79.081212,2026-08-01 01:15:34.914130176,3,13857,111,25
32.388392,-86.068006,2026-08-01 01:15:35.174055168,3,3716,214,25
48.505806,-79.064011,2026-08-01 01:15:35.200264704,3,7357,111,40
33.33495,-99.872482,2026-08-01 01:15:44.401288960,3,9168,123,40
33.466734,-99.890319,2026-08-01 01:15:44.401332992,3,13577,203,27
33.326803,-99.806978,2026-08-01 01:15:44.611987200,3,8651,129,40
33.483931,-99.863177,2026-08-01 01:15:44.612029952,3,3129,225,27
30.55416,-81.802147,2026-08-01 01:15:52.3581184,3,10743,121,39
30.615431,-81.865593,2026-08-01 01:15:52.3646976,3,8442,261,17
30.487387,-82.044837,2026-08-01 01:15:52.40299008,3,12860,179,21
30.551405,-81.824109,2026-08-01 01:15:52.212886016,3,7199,144,78
30.622607,-81.841287,2026-08-01 01:15:52.212905984,3,11262,239,70
30.55959,-81.89006,2026-08-01 01:15:52.212930048,3,8879,194,56
30.585431,-81.861873,2026-08-01 01:15:52.212935168,3,8836,236,45
30.679119,-81.876762,2026-08-01 01:15:52.212973312,3,8078,252,30
30.516329,-81.948041,2026-08-01 01:15:52.820270592,3,12827,116,59
30.547075,-81.825351,2026-08-01 01:15:52.871754752,3,6501,121,40
30.499476,-81.876296,2026-08-01 01:15:52.871774208,3,8030,254,30
30.71517,-82.002431,2026-08-01 01:15:53.121729536,3,12307,237,45
30.590144,-81.914355,2026-08-01 01:15:53.121691136,3,6522,193,29
33.431764,-99.50028,2026-08-01 01:15:53.875682560,3,7933,117,30
33.457236,-99.499504,2026-08-01 01:15:54.38690304,3,9997,117,36
33.581356,-99.506448,2026-08-01 01:15:54.38727936,3,3007,200,27
37.143892,-91.300658,2026-08-01 01:16:01.919132416,3,12297,120,25
59.295619,28.455243,2026-08-01 01:15:18.857862400,4,12794,230,30
59.295286,28.503085,2026-08-01 01:15:18.877386496,4,7370,218,28
55.241226,28.081203,2026-08-01 01:15:21.84633344,4,12287,214,19
29.806527,-72.129171,2026-08-01 01:15:01.49169664,7,5599,245,13
20.591775,-91.749119,2026-08-01 01:15:26.966231040,7,7681,252,18
28.927644,-71.406397,2026-08-01 01:15:29.888703232,7,6861,194,14
29.085653,-71.461889,2026-08-01 01:15:29.926540800,7,4836,244,11
28.956711,-71.450589,2026-08-01 01:15:30.145014528,7,3537,245,13
29.748314,-72.133557,2026-08-01 01:15:57.969062656,7,3376,232,20
29.860658,-72.047587,2026-08-01 01:15:57.969108736,7,8626,260,12
12.36984,7.003126,2026-08-01 01:15:32.432411392,5,9383,142,14
22.966222,-16.874108,2026-08-01 01:15:48.570119680,5,11630,210,42
16.097942,112.830211,2026-08-01 01:15:59.645429760,9,5377,258,28
34.873385,-103.210736,2026-08-01 01:15:00.812546560,13,14767,159,23
29.78906,-72.125186,2026-08-01 01:15:01.49168128,13,7182,246,43
30.554505,-81.919712,2026-08-01 01:15:03.114155520,13,13670,176,27
30.575923,-82.09569,2026-08-01 01:15:05.813495296,13,13875,240,35
30.378411,-81.994663,2026-08-01 01:15:05.813457664,13,4839,250,20
46.630571,-86.003197,2026-08-01 01:15:06.285082368,13,13645,118,42
46.623531,-85.946601,2026-08-01 01:15:06.360225280,13,7374,157,66
46.55726,-85.938382,2026-08-01 01:15:06.360242944,13,13119,149,52
33.362862,-99.959095,2026-08-01 01:15:07.323472128,13,4791,209,38
33.279907,-99.967906,2026-08-01 01:15:07.402935552,13,14292,163,35
31.808229,-85.921714,2026-08-01 01:15:07.490303744,13,11811,188,19
48.80305,-78.021483,2026-08-01 01:15:08.94702336,13,14628,180,60
48.749562,-77.983258,2026-08-01 01:15:08.94738688,13,8854,225,46
38.376732,-91.024022,2026-08-01 01:15:08.369455360,13,4804,236,30
34.244307,-105.403296,2026-08-01 01:15:08.617069056,13,13311,162,24
38.373882,-91.013234,2026-08-01 01:15:08.690161664,13,5767,96,23
15.683384,-67.304117,2026-08-01 01:15:10.202914304,13,9329,163,56
38.104816,-91.918518,2026-08-01 01:15:10.438739712,13,3422,175,30
38.104817,-91.912444,2026-08-01 01:15:10.618508800,13,5997,160,24
38.261476,-91.353082,2026-08-01 01:15:11.641683200,13,11191,103,19
37.171426,-64.638099,2026-08-01 01:15:12.775140864,13,14408,258,33
31.950416,-85.994617,2026-08-01 01:15:13.221365760,13,6821,215,47
38.034905,-92.061281,2026-08-01 01:15:13.301632256,13,4791,163,25
36.300862,-66.713224,2026-08-01 01:15:13.655379712,13,6923,262,44
36.29914,-66.700642,2026-08-01 01:15:13.655426560,13,4833,260,29
34.102323,-105.747597,2026-08-01 01:15:14.24910336,13,5380,158,34
37.956773,-63.535935,2026-08-01 01:15:14.284810240,13,14482,249,21
31.099383,-87.811776,2026-08-01 01:15:17.348256768,13,6852,138,39
48.609406,-76.943548,2026-08-01 01:15:18.255853824,13,5747,181,34
48.715266,-76.988586,2026-08-01 01:15:18.255814656,13,5654,178,38
48.697242,-76.993889,2026-08-01 01:15:18.255854592,13,7117,136,25
48.739758,-77.988268,2026-08-01 01:15:18.712747776,13,14288,181,28
38.374212,-90.995342,2026-08-01 01:15:19.131297536,13,5170,142,26
48.274903,-79.781461,2026-08-01 01:15:21.925883392,13,9696,116,17
32.473803,-106.516005,2026-08-01 01:15:22.254381568,13,8074,168,28
32.360925,-106.574502,2026-08-01 01:15:22.334824448,13,14122,260,33
18.644454,-72.920603,2026-08-01 01:15:22.772859904,13,6680,193,17
47.127577,-88.477116,2026-08-01 01:15:23.156735488,13,3421,223,52
47.160436,-88.47631,2026-08-01 01:15:23.156725760,13,11556,133,50
38.329528,-91.439656,2026-08-01 01:15:23.628462848,13,8168,102,16
31.9133,-85.867826,2026-08-01 01:15:24.415294976,13,4974,216,38
31.84664,-85.902248,2026-08-01 01:15:24.415323136,13,11310,217,20
37.980114,-90.951488,2026-08-01 01:15:24.528317952,13,10952,117,35
30.666739,-81.755216,2026-08-01 01:15:26.65615104,13,9539,249,21
30.471869,-81.7999,2026-08-01 01:15:26.116333312,13,10173,181,16
32.765319,-86.783878,2026-08-01 01:15:26.282999040,13,3178,202,80
32.71109,-86.737586,2026-08-01 01:15:26.282989056,13,7947,119,69
32.75286,-86.771473,2026-08-01 01:15:26.282995968,13,13222,210,59
32.702754,-86.731343,2026-08-01 01:15:26.601075456,13,9725,194,44
32.642301,-86.76815,2026-08-01 01:15:26.601099264,13,14385,207,34
20.009899,-91.557605,2026-08-01 01:15:26.966042112,13,5421,256,65
39.30547,-90.308453,2026-08-01 01:15:27.210116352,13,8037,145,37
48.157417,-80.337716,2026-08-01 01:15:28.36902656,13,8827,120,40
48.197746,-80.606527,2026-08-01 01:15:28.36918272,13,7330,231,26
34.636991,-103.512119,2026-08-01 01:15:29.315521024,13,6045,131,49
34.775586,-103.496882,2026-08-01 01:15:29.315563520,13,5307,203,36
30.572129,-82.031023,2026-08-01 01:15:30.346618368,13,7515,241,28
20.065284,-77.863095,2026-08-01 01:15:33.243928064,13,3138,177,58
30.685385,-75.234524,2026-08-01 01:15:33.247972352,13,9749,264,32
20.053071,-77.877413,2026-08-01 01:15:33.383912192,13,10928,191,18
32.172804,-86.178865,2026-08-01 01:15:34.148056576,13,8241,211,28
32.410684,-86.102822,2026-08-01 01:15:34.168051456,13,11675,117,30
32.406165,-86.089288,2026-08-01 01:15:34.168099584,13,7702,268,21
31.134658,-86.675821,2026-08-01 01:15:34.268215808,13,5747,237,55
31.463267,-86.994347,2026-08-01 01:15:34.268310016,13,5684,217,44
32.394032,-86.075866,2026-08-01 01:15:34.307722496,13,5972,214,30
32.381397,-86.058066,2026-08-01 01:15:34.673816576,13,5523,214,25
48.484822,-79.071847,2026-08-01 01:15:35.200273920,13,8738,175,41
37.146443,-104.301789,2026-08-01 01:15:35.592327936,13,9418,94,41
37.211718,-104.257835,2026-08-01 01:15:35.592356608,13,6669,197,25
38.356132,-91.00643,2026-08-01 01:15:36.144585472,13,7520,97,61
38.364227,-91.037754,2026-08-01 01:15:36.144587776,13,12559,131,40
38.485153,-90.990017,2026-08-01 01:15:36.144667392,13,5327,243,21
38.354753,-91.000148,2026-08-01 01:15:36.303470848,13,7377,68,30
38.353007,-91.017043,2026-08-01 01:15:36.549709824,13,6477,142,24
38.355587,-91.002154,2026-08-01 01:15:36.587355392,13,5263,97,16
38.354528,-91.008633,2026-08-01 01:15:36.671727616,13,8615,97,32
38.35139,-91.001746,2026-08-01 01:15:36.827931136,13,5811,97,21
34.150791,-105.762349,2026-08-01 01:15:37.264087808,13,9344,135,49
34.191405,-105.741415,2026-08-01 01:15:37.264129280,13,13081,174,34
32.712164,-86.705946,2026-08-01 01:15:38.629308416,13,10121,118,22
32.745479,-86.717687,2026-08-01 01:15:38.847178496,13,7020,190,38
32.741317,-86.706158,2026-08-01 01:15:38.882622464,13,5622,193,36
32.72634,-86.791819,2026-08-01 01:15:38.882650112,13,8542,207,21
18.694642,-73.169492,2026-08-01 01:15:40.981956096,13,6044,192,13
34.113098,-105.786473,2026-08-01 01:15:41.787741440,13,8728,137,25
33.316619,-100.054551,2026-08-01 01:15:44.401258240,13,11444,242,27
37.45553,-91.657031,2026-08-01 01:15:45.156688128,13,9374,234,38
37.342215,-91.731481,2026-08-01 01:15:45.156648192,13,9702,144,33
25.987822,-108.651084,2026-08-01 01:15:45.382881792,13,11171,252,31
34.215579,-105.713067,2026-08-01 01:15:47.151121664,13,9335,229,20
31.325495,-70.41621,2026-08-01 01:15:47.508740608,13,5556,241,15
48.532584,-79.908257,2026-08-01 01:15:48.547653888,13,4632,157,59
48.526177,-79.937859,2026-08-01 01:15:48.547660288,13,4749,205,74
48.477295,-79.934998,2026-08-01 01:15:48.547674880,13,4573,234,57
48.530221,-79.9246,2026-08-01 01:15:48.547656448,13,5696,209,42
48.445094,-79.929034,2026-08-01 01:15:48.547688192,13,7535,136,29
41.693074,-104.739568,2026-08-01 01:15:49.297547008,13,10376,104,26
34.873752,-102.765802,2026-08-01 01:15:50.138434560,13,6728,136,33
34.995347,-102.819847,2026-08-01 01:15:50.138458880,13,8843,201,19
34.788223,-102.741758,2026-08-01 01:15:50.619212800,13,9013,204,26
47.047444,-86.090481,2026-08-01 01:15:51.475979264,13,12241,217,54
30.59008,-81.867542,2026-08-01 01:15:52.212899584,13,8558,243,85
30.61662,-81.846184,2026-08-01 01:15:52.212904192,13,6935,239,76
30.477716,-81.852624,2026-08-01 01:15:52.212901888,13,8452,236,61
30.511965,-81.960753,2026-08-01 01:15:52.820274432,13,8565,133,39
33.45945,-99.510771,2026-08-01 01:15:53.800898816,13,10860,117,22
33.451818,-99.500709,2026-08-01 01:15:53.875697152,13,11311,141,21
33.463438,-99.436914,2026-08-01 01:15:54.38695680,13,6556,122,29
48.369772,-76.729714,2026-08-01 01:15:54.313558016,13,11852,94,19
38.371398,-90.982856,2026-08-01 01:15:54.448175360,13,6236,149,16
30.485444,-81.933947,2026-08-01 01:15:54.842473984,13,12584,168,40
30.616077,-81.737596,2026-08-01 01:15:54.842537984,13,7896,233,37
35.473208,-110.415456,2026-08-01 01:15:56.694766592,13,14235,129,46
34.291,-105.360005,2026-08-01 01:15:57.638338816,13,8541,113,101
37.276548,-64.403419,2026-08-01 01:15:58.276732416,13,8726,251,31
37.282895,-64.416258,2026-08-01 01:15:58.276728064,13,6471,222,28
34.104321,-103.460435,2026-08-01 01:15:58.657118976,13,8117,191,22
37.197347,-64.603311,2026-08-01 01:16:00.95035136,13,8113,262,47
37.19768,-64.634178,2026-08-01 01:16:00.95033088,13,2334,254,34
37.160154,-91.297765,2026-08-01 01:16:01.919135232,13,9319,109,17
37.454871,-90.910901,2026-08-01 01:16:02.742035200,13,3960,144,35
37.504917,-90.9636,2026-08-01 01:16:02.742085376,13,13998,126,22
31.523839,-70.314578,2026-08-01 01:16:03.627185920,13,10395,243,60
31.3892,-87.44618,2026-08-01 01:16:04.78756096,13,6462,130,98
31.409819,-87.481988,2026-08-01 01:16:04.78770944,13,5666,218,89
31.456391,-87.417929,2026-08-01 01:16:04.216209408,13,8697,129,51
31.588055,-87.467012,2026-08-01 01:16:04.216303872,13,8760,244,33
57.881582,-91.597365,2026-08-01 01:16:04.635863296,13,5961,210,40
20.898616,-89.692798,2026-08-01 01:16:04.841285376,13,8334,269,38
29.051486,-71.400257,2026-08-01 01:16:05.353154304,13,3496,247,35
28.91437,-71.387933,2026-08-01 01:16:05.438500864,13,10633,241,15
38.381036,-90.868789,2026-08-01 01:16:06.642972416,13,5823,164,51
38.372575,-90.892719,2026-08-01 01:16:06.642972416,13,7589,86,44
38.399701,-90.888643,2026-08-01 01:16:06.643022592,13,5110,189,28
31.397272,-70.373261,2026-08-01 01:16:06.860005376,13,8091,240,80
48.144762,-77.027388,2026-08-01 01:16:09.427504640,13,12476,152,55
48.10602,-77.035603,2026-08-01 01:16:09.427532800,13,14469,172,44
48.120649,-77.043876,2026-08-01 01:16:09.427526400,13,7392,167,32
26.628206,-107.827731,2026-08-01 01:16:09.572728832,13,12336,244,51
32.629815,-109.966285,2026-08-01 01:16:10.558020864,13,8260,93,26
33.463093,-99.493671,2026-08-01 01:16:10.619306752,13,5410,180,24
38.3751,-90.989895,2026-08-01 01:16:12.12468480,13,6041,96,26
30.481341,-81.951206,2026-08-01 01:16:12.374453504,13,5424,158,41
30.606464,-81.848528,2026-08-01 01:16:12.374508032,13,2690,235,43
30.826736,-77.806784,2026-08-01 01:16:12.388659456,13,5784,258,26
30.820136,-77.796638,2026-08-01 01:16:12.388653568,13,4086,254,27
45.813931,10.541077,2026-08-01 01:15:01.292137984,11,5558,106,33
52.769408,20.670789,2026-08-01 01:15:03.333150464,11,11340,219,134
59.321033,28.42694,2026-08-01 01:15:18.857803008,11,8491,229,217
59.323696,28.453494,2026-08-01 01:15:18.857808128,11,5581,226,277
55.209831,27.898685,2026-08-01 01:15:21.84599808,11,10003,196,58
53.224593,20.443701,2026-08-01 01:15:26.428006144,11,5969,149,120
53.218899,20.447632,2026-08-01 01:15:26.428010240,11,8747,125,118
53.240429,20.462455,2026-08-01 01:15:26.428011776,11,9651,176,97
55.392432,27.971066,2026-08-01 01:15:44.276507136,11,14226,194,98
55.861698,28.38505,2026-08-01 01:15:51.833356032,11,7428,163,83
45.8142,10.537928,2026-08-01 01:15:57.170249216,11,9023,78,26
29.788048,-72.015092,2026-08-01 01:15:57.969088000,11,10721,244,103
13.403891,7.097553,2026-08-01 01:15:58.874114560,11,5424,194,162
53.122814,20.101123,2026-08-01 01:15:59.874005248,11,6065,129,131
37.343243,-65.013466,2026-08-01 01:16:00.95090176,11,14623,220,69
51.789456,10.174839,2026-08-01 01:16:02.500369152,11,9215,106,140
51.785843,10.181387,2026-08-01 01:16:02.500367872,11,7265,80,159
51.804818,10.19038,2026-08-01 01:16:02.500367872,11,7823,83,137
51.78661,10.177171,2026-08-01 01:16:02.539651328,11,7300,116,150
51.792598,10.177145,2026-08-01 01:16:02.539654400,11,7790,56,151
31.559876,-70.365423,2026-08-01 01:16:03.627193856,11,7465,227,81
52.846324,21.14458,2026-08-01 01:16:10.984320256,11,5533,145,122
52.865039,21.171905,2026-08-01 01:16:10.984313856,11,11113,185,208
52.853021,21.205107,2026-08-01 01:16:10.984315648,11,4006,222,186
52.857814,21.189719,2026-08-01 01:16:10.984312064,11,7233,185,172
45.813931,10.541077,2026-08-01 01:15:01.292137984,12,5558,106,33
52.769408,20.670789,2026-08-01 01:15:03.333150464,12,11340,219,134
59.321033,28.42694,2026-08-01 01:15:18.857803008,12,8491,229,221
59.323696,28.453494,2026-08-01 01:15:18.857808128,12,5581,226,278
53.224593,20.443701,2026-08-01 01:15:26.428006144,12,5969,149,120
53.218899,20.447632,2026-08-01 01:15:26.428010240,12,8747,125,118
53.240429,20.462455,2026-08-01 01:15:26.428011776,12,9651,176,97
57.259731,28.310114,2026-08-01 01:15:34.176475392,12,13690,203,60
55.392432,27.971066,2026-08-01 01:15:44.276507136,12,14226,194,98
55.861698,28.38505,2026-08-01 01:15:51.833356032,12,7428,163,84
45.8142,10.537928,2026-08-01 01:15:57.170249216,12,9023,78,26
29.788048,-72.015092,2026-08-01 01:15:57.969088000,12,10721,244,103
13.403891,7.097553,2026-08-01 01:15:58.874114560,12,5424,194,163
53.122814,20.101123,2026-08-01 01:15:59.874005248,12,6065,129,131
37.343243,-65.013466,2026-08-01 01:16:00.95090176,12,14623,220,68
51.789456,10.174839,2026-08-01 01:16:02.500369152,12,9215,106,141
51.785843,10.181387,2026-08-01 01:16:02.500367872,12,7265,80,161
51.804818,10.19038,2026-08-01 01:16:02.500367872,12,7823,83,139
51.78661,10.177171,2026-08-01 01:16:02.539651328,12,7300,116,150
51.799774,10.141967,2026-08-01 01:16:02.539662848,12,5828,111,189
31.559876,-70.365423,2026-08-01 01:16:03.627193856,12,7465,227,81
52.846324,21.14458,2026-08-01 01:16:10.984320256,12,5533,145,122
52.865039,21.171905,2026-08-01 01:16:10.984313856,12,11113,185,208
52.853021,21.205107,2026-08-01 01:16:10.984315648,12,4006,222,186
52.857814,21.189719,2026-08-01 01:16:10.984312064,12,7233,185,172
45.764847,11.807655,2026-08-01 04:35:05.180903424,1,12398,116,19
30.948708,-81.639669,2026-08-01 04:35:05.669257216,1,7689,124,25
28.726979,-109.980727,2026-08-01 04:35:06.77355520,1,9286,252,21
30.120271,-87.751723,2026-08-01 04:35:06.100841216,1,14933,153,37
30.198196,-87.769916,2026-08-01 04:35:06.100923648,1,9891,233,25
54.23295,14.319366,2026-08-01 04:35:07.187306496,1,3975,105,44
54.229483,14.301685,2026-08-01 04:35:07.187319552,1,12219,72,32
54.233109,14.324486,2026-08-01 04:35:07.189403648,1,5162,109,30
54.235055,14.32391,2026-08-01 04:35:07.189406208,1,4984,135,21
54.253588,14.316512,2026-08-01 04:35:07.200795904,1,13420,184,16
51.644618,12.664199,2026-08-01 04:35:08.204662272,1,4875,76,217
51.650038,12.666502,2026-08-01 04:35:08.204664064,1,11180,109,205
51.624778,12.660032,2026-08-01 04:35:08.204672256,1,6710,158,187
51.643358,12.666293,2026-08-01 04:35:08.204670208,1,4090,118,170
51.636645,12.659743,2026-08-01 04:35:08.204665344,1,7412,144,161
51.679931,12.669133,2026-08-01 04:35:08.204669696,1,5373,197,143
51.642412,12.656588,2026-08-01 04:35:08.204673792,1,8950,91,133
51.642566,12.633655,2026-08-01 04:35:08.204668928,1,13970,104,122
61.52484,31.280322,2026-08-01 04:35:15.247265792,1,10775,173,223
61.524165,31.24852,2026-08-01 04:35:15.247273472,1,9605,182,210
61.525209,31.264903,2026-08-01 04:35:15.247280128,1,7787,240,198
32.73601,-68.535468,2026-08-01 04:35:22.307172864,1,6227,266,24
21.487041,-102.63638,2026-08-01 04:35:22.607658240,1,6435,256,33
54.242148,14.296919,2026-08-01 04:35:24.6742784,1,10480,96,24
54.214836,14.442456,2026-08-01 04:35:24.55907840,1,13980,82,45
54.22631,14.335356,2026-08-01 04:35:24.55927552,1,10816,74,36
45.834755,11.469562,2026-08-01 04:35:25.934909440,1,5695,118,14
54.249551,14.318012,2026-08-01 04:35:26.248686336,1,4801,157,49
54.25031,14.304057,2026-08-01 04:35:26.248690432,1,9959,97,40
54.242429,14.326041,2026-08-01 04:35:26.250151424,1,4862,109,25
56.861541,29.744914,2026-08-01 04:35:26.648112128,1,5741,121,327
56.8654,29.757893,2026-08-01 04:35:26.648117248,1,8859,213,311
56.844413,29.832674,2026-08-01 04:35:26.648105216,1,3439,247,289
56.851656,29.747419,2026-08-01 04:35:26.648120064,1,5178,249,276
56.849427,29.744995,2026-08-01 04:35:26.648124672,1,1446,253,260
56.843312,29.773664,2026-08-01 04:35:26.648120320,1,8488,204,246
56.843272,29.744368,2026-08-01 04:35:26.648130048,1,4268,262,218
54.191605,14.093281,2026-08-01 04:35:35.323674112,1,14179,79,23
45.828153,11.468445,2026-08-01 04:35:36.225367552,1,6042,81,75
45.793815,11.438691,2026-08-01 04:35:36.225380096,1,13219,112,63
45.820898,11.514796,2026-08-01 04:35:36.225380352,1,8972,85,47
45.773763,11.435196,2026-08-01 04:35:36.225381888,1,14237,114,34
37.065305,-89.505226,2026-08-01 04:35:36.282972928,1,10524,250,29
45.769304,11.819687,2026-08-01 04:35:36.421058048,1,10652,87,18
38.036367,-59.976438,2026-08-01 04:35:43.621771264,1,11163,193,18
27.115839,-109.319914,2026-08-01 04:35:52.51184896,1,9411,265,27
37.515119,-88.866604,2026-08-01 04:35:52.833203200,1,7275,82,37
37.524455,-88.951231,2026-08-01 04:35:52.833259776,1,11022,182,24
37.40371,-90.34643,2026-08-01 04:35:52.870250496,1,4613,86,45
37.436491,-90.357575,2026-08-01 04:35:52.870320384,1,6357,170,32
25.166827,-107.106209,2026-08-01 04:36:00.695193600,1,9809,263,23
31.510046,-69.348915,2026-08-01 04:36:01.137189632,1,9376,260,34
61.517787,31.301624,2026-08-01 04:36:08.410496256,1,6087,167,233
61.515772,31.32503,2026-08-01 04:36:08.410499072,1,14438,167,356
61.514735,31.343545,2026-08-01 04:36:08.410500352,1,4119,240,339
30.366881,-69.829578,2026-08-01 04:36:15.519426560,1,6741,248,20
30.04525,-79.493106,2026-08-01 04:36:15.615216384,1,6457,245,20
30.332468,-69.763748,2026-08-01 04:36:15.737068544,1,6612,248,22
54.198603,14.131169,2026-08-01 04:36:15.823031296,1,4279,118,33
54.180531,14.166773,2026-08-01 04:36:15.823038976,1,14608,104,20
33.039028,-68.843453,2026-08-01 04:36:16.643205632,1,9439,264,19
45.830841,11.703684,2026-08-01 04:36:24.592790528,1,4428,67,97
45.830298,11.699549,2026-08-01 04:36:24.592792576,1,6882,116,82
45.836957,11.688662,2026-08-01 04:36:24.592795904,1,5062,114,65
45.877528,11.692382,2026-08-01 04:36:24.592807936,1,8279,161,50
45.813715,11.681407,2026-08-01 04:36:24.592801536,1,12610,62,37
52.611734,13.756503,2026-08-01 04:36:31.827704320,1,14681,108,39
53.587022,23.276046,2026-08-01 04:36:31.995870720,1,12182,170,148
53.594586,23.25583,2026-08-01 04:36:31.995879936,1,8848,149,129
53.600673,23.29378,2026-08-01 04:36:31.995887360,1,14956,191,114
53.615428,23.360836,2026-08-01 04:36:31.995876608,1,5215,142,95
53.598593,23.330801,2026-08-01 04:36:31.995882496,1,8148,144,82
30.333082,-87.862911,2026-08-01 04:36:41.132108800,1,6914,229,36
30.365018,-87.880289,2026-08-01 04:36:41.132114944,1,7228,236,23
61.750727,31.142872,2026-08-01 04:36:41.382448384,1,10639,198,165
61.648186,31.067805,2026-08-01 04:36:41.382520064,1,10503,248,135
45.808167,11.393658,2026-08-01 04:36:48.602082560,1,13415,77,28
60.737845,30.661143,2026-08-01 04:36:49.588977920,1,5627,232,49
60.73557,30.576467,2026-08-01 04:36:49.589041920,1,10582,177,37
54.230604,14.394386,2026-08-01 04:36:58.177476608,1,11832,83,17
54.261165,14.278912,2026-08-01 04:36:58.202439168,1,9144,72,40
54.276012,14.285085,2026-08-01 04:36:58.202445056,1,9878,71,24
38.632233,-59.785506,2026-08-01 04:36:58.274190592,1,12356,183,21
30.0731,-87.788441,2026-08-01 04:37:08.265932800,1,9741,223,31
30.047878,-87.813481,2026-08-01 04:37:08.328349440,1,7151,222,25
45.84384,11.500645,2026-08-01 04:37:09.6725376,1,12144,66,16
24.914307,-107.189877,2026-08-01 04:37:16.964491264,1,10781,209,22
32.313064,-68.036547,2026-08-01 04:37:17.299988992,1,14457,242,29
32.326223,-68.088069,2026-08-01 04:37:17.358706944,1,5808,269,23
42.394518,-91.386062,2026-08-01 04:37:25.150559232,1,12205,111,22
42.337641,-91.354134,2026-08-01 04:37:25.161892096,1,14519,190,35
42.353394,-91.350123,2026-08-01 04:37:25.161955584,1,7865,132,24
60.308493,30.534666,2026-08-01 04:37:34.892657920,1,8578,240,41
19.249794,-79.465255,2026-08-01 04:37:42.390476800,1,10917,255,33
13.811359,122.697503,2026-08-01 04:35:13.90585344,2,10141,265,18
44.871054,125.983737,2026-08-01 04:35:31.474509568,2,9896,161,33
17.006927,109.723224,2026-08-01 04:35:39.239471872,2,9823,246,24
23.446077,115.031145,2026-08-01 04:35:45.56189952,2,11910,263,28
28.68673,-109.963969,2026-08-01 04:35:06.77289984,3,4562,230,65
28.729404,-109.965593,2026-08-01 04:35:06.77357056,3,4789,248,67
30.146651,-87.776533,2026-08-01 04:35:06.100853504,3,5006,221,76
29.487556,-87.236174,2026-08-01 04:35:06.100655872,3,3012,265,98
37.729308,-89.147414,2026-08-01 04:35:13.629325824,3,9251,145,37
37.732497,-89.147061,2026-08-01 04:35:13.629325312,3,13372,149,24
37.706911,-89.102904,2026-08-01 04:35:13.656161024,3,9343,83,19
37.743591,-89.15823,2026-08-01 04:35:13.656233984,3,7582,147,24
37.091825,-89.540522,2026-08-01 04:35:13.902848256,3,11753,122,37
37.117529,-89.377672,2026-08-01 04:35:13.902902272,3,8287,204,27
37.034541,-89.225725,2026-08-01 04:35:13.924210176,3,13494,109,27
37.112402,-89.410289,2026-08-01 04:35:13.924242944,3,7489,147,13
26.090843,-107.774588,2026-08-01 04:35:14.172443392,3,6845,249,32
30.23228,-88.195034,2026-08-01 04:35:14.796300800,3,5526,150,58
30.314877,-88.220228,2026-08-01 04:35:14.796378880,3,5742,251,39
30.312397,-88.21206,2026-08-01 04:35:14.796379904,3,9481,207,21
30.167424,-88.155226,2026-08-01 04:35:15.22117120,3,11885,199,38
36.717912,-91.262841,2026-08-01 04:35:15.89899008,3,10297,127,19
36.774168,-91.262768,2026-08-01 04:35:15.89966336,3,8822,142,20
30.067986,-88.057118,2026-08-01 04:35:16.133695744,3,3241,255,72
30.479131,-69.670113,2026-08-01 04:35:23.204999936,3,6557,253,39
33.623509,-101.418394,2026-08-01 04:35:23.764397056,3,11320,231,17
33.459539,-101.717555,2026-08-01 04:35:24.252653056,3,8987,256,40
33.63183,-101.43614,2026-08-01 04:35:24.252750080,3,10801,195,26
37.687148,-88.961212,2026-08-01 04:35:33.563637248,3,8953,142,28
37.650599,-88.98476,2026-08-01 04:35:33.687883776,3,5109,132,32
37.643586,-88.979848,2026-08-01 04:35:33.687883520,3,4706,156,19
24.535264,-106.697078,2026-08-01 04:35:34.759744000,3,6378,238,26
36.919871,-90.624801,2026-08-01 04:35:34.924994304,3,10950,121,30
36.979638,-90.772637,2026-08-01 04:35:34.925011712,3,8159,142,17
24.070644,-106.375766,2026-08-01 04:35:35.463456768,3,7768,239,19
37.143921,-90.2849,2026-08-01 04:35:35.727998208,3,14090,119,39
37.189092,-90.490453,2026-08-01 04:35:35.728011776,3,6191,154,26
37.129129,-90.397419,2026-08-01 04:35:35.962727936,3,9062,77,28
37.134804,-89.358026,2026-08-01 04:35:36.214491904,3,12103,90,36
37.160018,-89.369619,2026-08-01 04:35:36.214557696,3,5696,149,43
37.119082,-89.357897,2026-08-01 04:35:36.282957568,3,11366,90,22
37.136896,-89.376243,2026-08-01 04:35:36.282971904,3,7653,136,68
37.127813,-89.567533,2026-08-01 04:35:36.282970880,3,7274,210,53
37.130905,-89.346246,2026-08-01 04:35:36.452014592,3,6647,90,63
37.153791,-89.374636,2026-08-01 04:35:36.452076800,3,6858,144,47
38.073647,-60.10309,2026-08-01 04:35:43.621808640,3,9363,186,25
37.198878,-90.851614,2026-08-01 04:35:44.151808768,3,6150,140,26
25.570781,-107.541445,2026-08-01 04:35:44.816489728,3,9121,253,19
25.428725,-107.5351,2026-08-01 04:35:45.193310720,3,14148,255,56
25.517203,-107.547242,2026-08-01 04:35:45.193330432,3,5690,262,42
37.507595,-88.87892,2026-08-01 04:35:52.833205504,3,11314,82,57
37.5132,-88.890988,2026-08-01 04:35:52.833205504,3,10689,85,85
37.508033,-88.895323,2026-08-01 04:35:52.833214208,3,13304,125,68
37.58734,-88.886749,2026-08-01 04:35:52.833275648,3,12216,200,52
37.56466,-88.888488,2026-08-01 04:35:52.833274624,3,10811,200,38
37.407684,-90.351199,2026-08-01 04:35:52.870251520,3,9457,101,89
37.411918,-90.360816,2026-08-01 04:35:52.870252032,3,10376,85,114
37.427621,-90.386507,2026-08-01 04:35:52.870252800,3,10334,135,94
37.502001,-90.268313,2026-08-01 04:35:52.870300672,3,11572,142,77
37.400587,-90.431726,2026-08-01 04:35:52.870295040,3,8924,142,62
37.438945,-90.342188,2026-08-01 04:35:52.870324224,3,12530,191,46
37.3523,-90.317963,2026-08-01 04:35:52.870311168,3,13617,144,29
37.370057,-88.965967,2026-08-01 04:35:52.894765056,3,13105,162,26
37.506854,-88.875816,2026-08-01 04:35:53.125260544,3,11958,82,65
37.649847,-89.014709,2026-08-01 04:35:53.125319168,3,12072,147,48
37.572882,-88.935081,2026-08-01 04:35:53.125320704,3,5385,172,35
37.573786,-88.874014,2026-08-01 04:35:53.125337600,3,5612,252,20
26.418072,-59.338917,2026-08-01 04:35:53.137889536,3,8642,228,26
37.504009,-88.867927,2026-08-01 04:35:53.290494720,3,3983,95,34
37.55238,-88.873517,2026-08-01 04:35:53.290568192,3,4597,240,22
37.401209,-90.345562,2026-08-01 04:35:53.317083392,3,5052,112,36
37.421111,-90.367306,2026-08-01 04:35:53.317150208,3,7627,140,24
37.397047,-90.656917,2026-08-01 04:35:53.637591296,3,13168,116,45
36.33509,-91.57975,2026-08-01 04:35:53.640862720,3,5618,159,50
36.339139,-91.581526,2026-08-01 04:35:53.640865280,3,13896,101,47
36.368481,-91.56149,2026-08-01 04:35:53.640925440,3,9538,156,37
36.430978,-91.544736,2026-08-01 04:35:53.640947200,3,6496,263,25
30.856397,-81.650369,2026-08-01 04:35:53.850568448,3,11952,130,17
30.970889,-81.69787,2026-08-01 04:35:53.850658304,3,7473,237,34
30.875915,-108.794281,2026-08-01 04:35:53.941761792,3,4291,261,24
37.422394,-90.643235,2026-08-01 04:35:54.31810816,3,5957,116,62
37.422751,-90.637943,2026-08-01 04:35:54.31874048,3,13621,73,41
36.682456,-91.275493,2026-08-01 04:35:54.174082560,3,7627,127,46
36.741892,-91.291461,2026-08-01 04:35:54.174153216,3,4489,154,36
24.999269,-107.054598,2026-08-01 04:35:54.590339584,3,4809,257,25
37.812858,-88.359481,2026-08-01 04:36:03.659591936,3,10814,265,26
36.725992,-91.408142,2026-08-01 04:36:04.228538880,3,8064,191,24
21.475288,-102.627274,2026-08-01 04:36:04.987119360,3,5839,262,52
21.506819,-102.479697,2026-08-01 04:36:04.987158016,3,4983,266,50
30.215285,-88.126253,2026-08-01 04:36:05.806915328,3,9878,148,109
30.211566,-88.152177,2026-08-01 04:36:05.806966784,3,10981,171,79
30.211437,-88.11877,2026-08-01 04:36:05.882895104,3,5358,149,99
30.267426,-88.155504,2026-08-01 04:36:05.882909952,3,10769,228,95
30.205672,-88.157517,2026-08-01 04:36:05.882956288,3,12158,171,82
33.78596,-101.515907,2026-08-01 04:36:13.48300800,3,7449,132,35
33.945359,-101.474726,2026-08-01 04:36:13.48352256,3,3861,210,21
33.973626,-101.462785,2026-08-01 04:36:13.131788288,3,14226,152,27
36.568473,-91.353754,2026-08-01 04:36:13.772454400,3,13039,158,26
30.157577,-88.251232,2026-08-01 04:36:14.438313216,3,14008,228,25
33.620158,-101.049931,2026-08-01 04:36:15.168699648,3,12490,208,24
37.610088,-88.874491,2026-08-01 04:36:15.213413120,3,5609,181,54
37.637987,-88.902071,2026-08-01 04:36:15.213478912,3,3823,148,39
37.651599,-88.879166,2026-08-01 04:36:15.213488128,3,2621,194,26
37.631424,-88.849203,2026-08-01 04:36:15.295817984,3,9621,142,112
37.649957,-88.870567,2026-08-01 04:36:15.295836672,3,13446,115,91
37.658898,-88.901079,2026-08-01 04:36:15.295831040,3,4968,157,73
33.581312,-103.94155,2026-08-01 04:36:15.368417280,3,12233,138,81
33.627068,-103.942225,2026-08-01 04:36:15.368492032,3,4868,195,64
17.704695,-96.12212,2026-08-01 04:36:22.566831360,3,8518,264,39
24.330854,-106.44535,2026-08-01 04:36:23.608274432,3,4148,261,30
36.693396,-91.401566,2026-08-01 04:36:24.267563264,3,9847,117,21
37.098837,-89.286354,2026-08-01 04:36:24.381367296,3,11023,147,29
25.656422,-107.574311,2026-08-01 04:36:32.216670464,3,6316,252,83
25.712472,-107.593082,2026-08-01 04:36:32.216740352,3,8519,248,78
25.645446,-107.616728,2026-08-01 04:36:32.216716544,3,8336,256,65
39.67867,-88.496469,2026-08-01 04:36:33.30555904,3,10555,80,62
39.655386,-88.533703,2026-08-01 04:36:33.30622464,3,10214,103,45
39.684188,-88.546507,2026-08-01 04:36:33.30623744,3,3559,172,38
28.66203,-109.966079,2026-08-01 04:36:33.491803136,3,6110,231,19
28.726322,-109.958569,2026-08-01 04:36:33.491874048,3,8071,252,66
28.705093,-109.943689,2026-08-01 04:36:33.604935680,3,8424,179,62
28.732307,-109.954514,2026-08-01 04:36:33.604994560,3,4054,251,69
33.600432,-102.444638,2026-08-01 04:36:40.975233792,3,10489,122,32
36.677878,-91.076516,2026-08-01 04:36:41.81181184,3,9290,138,35
36.731004,-91.243279,2026-08-01 04:36:41.81196800,3,8202,140,21
30.224771,-87.905417,2026-08-01 04:36:41.132012032,3,4692,206,107
30.172732,-87.863831,2026-08-01 04:36:41.131995648,3,4197,256,97
30.204827,-87.92513,2026-08-01 04:36:41.132066048,3,14118,172,82
30.273966,-87.905627,2026-08-01 04:36:41.132086528,3,9911,250,68
30.242944,-87.891452,2026-08-01 04:36:41.132079872,3,2539,258,48
30.262696,-87.9005,2026-08-01 04:36:41.132078592,3,9401,207,31
30.185333,-87.890798,2026-08-01 04:36:41.255131648,3,8890,147,40
30.299037,-87.920634,2026-08-01 04:36:41.255220224,3,2613,238,26
30.259019,-87.913131,2026-08-01 04:36:41.255203584,3,8347,238,13
30.205116,-87.885655,2026-08-01 04:36:41.341786368,3,10157,160,25
30.280735,-87.906599,2026-08-01 04:36:41.341811712,3,4993,245,19
30.310321,-87.912864,2026-08-01 04:36:41.437927168,3,5424,256,31
30.244668,-87.899496,2026-08-01 04:36:41.754332160,3,6705,229,35
39.637322,-88.299853,2026-08-01 04:36:41.847713536,3,13509,75,21
25.58676,-107.563058,2026-08-01 04:36:49.422212096,3,9148,188,43
25.741123,-107.556722,2026-08-01 04:36:49.422265600,3,8282,261,34
33.627048,-101.424705,2026-08-01 04:36:49.947891200,3,6743,252,22
30.61788,-108.920946,2026-08-01 04:36:50.471167488,3,14530,229,45
30.151959,-87.790051,2026-08-01 04:36:50.616185856,3,3547,256,50
30.062924,-87.84258,2026-08-01 04:36:50.616199424,3,12921,231,38
30.199423,-87.775146,2026-08-01 04:36:50.616253696,3,4351,249,30
30.512179,-69.635073,2026-08-01 04:36:57.671233536,3,7384,239,43
30.335093,-69.521882,2026-08-01 04:36:58.193802496,3,13524,255,16
36.676275,-91.361902,2026-08-01 04:36:59.7616000,3,8955,143,31
36.685416,-91.344919,2026-08-01 04:36:59.7616512,3,9750,190,17
36.742657,-91.252224,2026-08-01 04:36:59.381511424,3,10399,140,28
36.725378,-91.245577,2026-08-01 04:36:59.381501184,3,10833,190,16
36.760593,-91.264836,2026-08-01 04:36:59.459887616,3,10492,142,21
25.942749,-107.844483,2026-08-01 04:36:59.594817536,3,7929,233,28
25.941528,-107.871845,2026-08-01 04:36:59.594814720,3,12703,253,14
36.710607,-91.238256,2026-08-01 04:36:59.627626752,3,4948,235,55
36.741608,-91.214859,2026-08-01 04:36:59.627694080,3,13915,141,41
36.790806,-91.227168,2026-08-01 04:36:59.627708672,3,5630,261,20
25.928896,-107.845986,2026-08-01 04:36:59.643586560,3,4858,251,38
36.761335,-91.236108,2026-08-01 04:36:59.748266240,3,9208,191,25
25.931407,-107.834503,2026-08-01 04:37:00.17605376,3,9523,251,62
25.970272,-107.84202,2026-08-01 04:37:00.17614592,3,7213,259,52
46.547371,-89.392812,2026-08-01 04:37:00.414330368,3,12960,124,22
37.171874,-90.937582,2026-08-01 04:37:07.928478464,3,4698,121,31
37.244624,-90.943429,2026-08-01 04:37:07.928549888,3,12701,186,29
30.106115,-87.701063,2026-08-01 04:37:08.265905152,3,9790,144,67
30.228911,-87.716297,2026-08-01 04:37:08.265997056,3,7701,250,49
30.181702,-87.722982,2026-08-01 04:37:08.265981696,3,9241,207,30
30.20332,-87.785206,2026-08-01 04:37:08.328344320,3,4504,152,79
29.983822,-87.744014,2026-08-01 04:37:08.328327424,3,10650,233,69
30.117682,-87.743879,2026-08-01 04:37:08.453646080,3,7171,147,50
30.205687,-87.755256,2026-08-01 04:37:08.453724928,3,2931,252,42
30.740525,-82.328666,2026-08-01 04:37:08.489185792,3,12610,233,34
25.066911,-107.068988,2026-08-01 04:37:15.650504704,3,4586,239,33
28.878317,-110.479418,2026-08-01 04:37:16.269409280,3,8744,181,34
25.054477,-107.01897,2026-08-01 04:37:16.964564224,3,5727,256,57
33.545963,-103.042337,2026-08-01 04:37:17.112371456,3,7825,146,38
33.519989,-103.052689,2026-08-01 04:37:17.112367360,3,1967,251,25
32.417643,-68.160419,2026-08-01 04:37:17.299991552,3,6420,251,93
32.285143,-68.070498,2026-08-01 04:37:17.299938560,3,8169,238,79
32.287572,-68.046995,2026-08-01 04:37:17.299934464,3,8364,256,67
36.423155,-91.526855,2026-08-01 04:37:25.59232256,3,9762,217,53
36.444405,-91.541146,2026-08-01 04:37:25.59286528,3,10914,144,39
36.550065,-91.420121,2026-08-01 04:37:25.59338752,3,6062,224,22
42.383704,-91.387225,2026-08-01 04:37:25.147432960,3,9680,105,52
42.368667,-91.372945,2026-08-01 04:37:25.161884928,3,9272,106,97
42.384447,-91.490853,2026-08-01 04:37:25.161861632,3,7341,270,97
32.647983,-68.221423,2026-08-01 04:37:32.206105600,3,8791,208,54
36.958468,-90.816923,2026-08-01 04:37:32.322974464,3,13494,164,88
36.976808,-90.825114,2026-08-01 04:37:32.322989312,3,10988,133,65
36.987945,-90.805328,2026-08-01 04:37:32.323043072,3,4727,197,49
37.029211,-90.807761,2026-08-01 04:37:32.323048960,3,11259,201,32
28.912445,-110.429625,2026-08-01 04:37:40.166890752,3,6789,181,73
28.874302,-110.432195,2026-08-01 04:37:40.166930688,3,5499,233,79
28.95155,-110.435965,2026-08-01 04:37:40.166963200,3,11300,260,67
28.967012,-110.417489,2026-08-01 04:37:40.166962944,3,12467,264,52
37.618785,-88.879984,2026-08-01 04:37:40.220055040,3,9845,167,44
37.627977,-88.900102,2026-08-01 04:37:40.220112640,3,7746,158,31
37.620815,-88.881434,2026-08-01 04:37:40.220111360,3,13610,194,18
24.807225,-106.971624,2026-08-01 04:37:48.827395328,3,6014,258,46
36.14665,-92.002444,2026-08-01 04:37:49.257792256,3,7488,100,61
36.288592,-91.904807,2026-08-01 04:37:49.257906944,3,8529,225,37
47.573128,-76.731854,2026-08-01 04:37:49.547905280,3,14311,146,43
47.674136,-76.767696,2026-08-01 04:37:49.547917824,3,10556,147,30
47.632125,-76.696438,2026-08-01 04:37:49.547915776,3,8646,243,17
25.062481,-107.046956,2026-08-01 04:37:49.839396096,3,8840,260,51
45.837777,11.692445,2026-08-01 04:35:01.303166208,4,7305,89,23
45.827036,11.750873,2026-08-01 04:35:01.433170944,4,12342,121,19
61.477051,31.110145,2026-08-01 04:35:15.137384704,4,12989,237,45
61.455315,31.308182,2026-08-01 04:35:15.137411072,4,12806,255,33
61.479087,31.304111,2026-08-01 04:35:15.137404672,4,8358,192,21
61.456918,31.234038,2026-08-01 04:35:15.327484416,4,12094,255,34
23.214452,115.345345,2026-08-01 04:35:21.888973312,4,12992,205,28
56.839491,29.690702,2026-08-01 04:35:26.648138752,4,10081,254,39
44.865814,125.979323,2026-08-01 04:35:31.474500096,4,9062,161,35
44.828386,126.033749,2026-08-01 04:35:31.474527488,4,7097,181,19
17.009622,109.694826,2026-08-01 04:35:39.239461888,4,8333,246,25
23.443577,114.933595,2026-08-01 04:35:45.56158976,4,13537,187,32
37.366083,-90.52889,2026-08-01 04:35:52.870265856,4,14147,130,23
17.954474,124.998044,2026-08-01 04:35:56.546178304,4,9642,192,35
51.870584,12.345611,2026-08-01 04:36:03.262614016,4,14143,93,36
51.863459,12.361592,2026-08-01 04:36:03.262626048,4,12230,81,28
54.291416,14.35287,2026-08-01 04:36:05.900718336,4,11949,99,26
61.545683,31.368002,2026-08-01 04:36:08.410489600,4,11634,180,39
61.487212,31.356094,2026-08-01 04:36:08.410550528,4,7111,201,27
54.264742,14.309314,2026-08-01 04:36:20.465066496,4,11280,116,36
54.264363,14.32115,2026-08-01 04:36:20.465057792,4,6628,155,33
45.869597,11.414167,2026-08-01 04:36:28.867378944,4,9484,89,25
53.648502,23.363245,2026-08-01 04:36:32.36592384,4,12599,237,44
53.679119,23.332982,2026-08-01 04:36:32.36600064,4,12221,202,31
53.512099,23.218406,2026-08-01 04:36:32.184052480,4,8059,154,32
56.221932,55.779808,2026-08-01 04:36:50.963347968,4,10800,146,30
45.735095,11.786606,2026-08-01 04:37:03.682831616,4,13130,93,45
53.861277,14.428817,2026-08-01 04:37:10.853010432,4,12875,104,35
42.325844,-91.50226,2026-08-01 04:37:25.161925632,4,14017,106,20
56.587339,28.540197,2026-08-01 04:37:52.359215360,4,12165,241,23
24.653397,-106.675922,2026-08-01 04:35:00.490840832,7,12801,255,11
26.815318,-57.939389,2026-08-01 04:35:21.329433856,7,8732,211,21
21.497346,-102.629328,2026-08-01 04:35:22.607660032,7,4353,254,29
19.402798,-79.669215,2026-08-01 04:35:36.675228416,7,3494,187,20
29.939613,-87.849176,2026-08-01 04:35:38.599503104,7,4946,228,29
28.616231,-110.062366,2026-08-01 04:35:39.11535872,7,12611,208,11
18.895666,-96.915061,2026-08-01 04:35:39.406659584,7,11274,261,10
28.831647,-110.48599,2026-08-01 04:35:47.286658048,7,14401,209,18
26.966123,-109.509473,2026-08-01 04:35:52.51103232,7,3989,257,31
21.431966,-102.652471,2026-08-01 04:36:04.987106048,7,13303,255,19
29.898811,-79.654553,2026-08-01 04:36:15.594947840,7,10306,157,20
24.01168,-106.546062,2026-08-01 04:37:18.411014656,7,10539,243,25
24.084915,-106.414795,2026-08-01 04:37:18.563511296,7,14031,256,25
24.011237,-106.548745,2026-08-01 04:37:18.598004736,7,9971,197,9
24.708902,-107.006208,2026-08-01 04:37:48.827358208,7,12320,210,11
24.995022,-107.100519,2026-08-01 04:37:49.839362816,7,10058,255,15
44.867721,125.960472,2026-08-01 04:35:31.474504960,9,1487,167,36
44.828649,126.033258,2026-08-01 04:35:31.474527744,9,7097,181,23
28.317031,117.736414,2026-08-01 04:36:37.729067520,9,6011,267,21
17.016636,109.810623,2026-08-01 04:37:27.343161344,9,6765,258,20
24.677652,-106.647844,2026-08-01 04:35:00.490855680,13,5930,259,32
30.874386,-108.848454,2026-08-01 04:35:01.389478144,13,8477,156,27
30.962535,-108.763498,2026-08-01 04:35:01.389517824,13,5484,260,35
24.090222,-106.334538,2026-08-01 04:35:02.178683392,13,12512,211,17
28.527734,-110.080648,2026-08-01 04:35:03.157124352,13,5929,182,37
28.688788,-109.973054,2026-08-01 04:35:03.157194496,13,8742,254,21
30.209177,-87.836929,2026-08-01 04:35:04.475816192,13,4606,221,48
30.221427,-87.77996,2026-08-01 04:35:04.475875072,13,6112,253,35
35.515832,-92.96089,2026-08-01 04:35:05.141652224,13,12930,148,36
35.617098,-92.859382,2026-08-01 04:35:05.141703168,13,12639,181,38
30.957259,-81.677711,2026-08-01 04:35:05.669250304,13,5911,127,29
28.686728,-109.963954,2026-08-01 04:35:06.77289984,13,4562,230,79
28.724502,-109.968011,2026-08-01 04:35:06.77355264,13,3891,248,68
30.115035,-87.761794,2026-08-01 04:35:06.100840960,13,13056,149,67
30.154262,-87.771434,2026-08-01 04:35:06.100858624,13,11879,234,93
30.204637,-87.774922,2026-08-01 04:35:06.149853696,13,7002,235,27
28.65705,-109.992438,2026-08-01 04:35:06.450702592,13,4048,258,24
25.734741,-107.601975,2026-08-01 04:35:08.382636544,13,8188,255,24
36.738913,-91.453165,2026-08-01 04:35:09.338734592,13,12559,224,28
30.431912,-86.288122,2026-08-01 04:35:11.28214784,13,5669,218,51
33.356195,-83.902687,2026-08-01 04:35:11.29530880,13,13377,209,53
30.447599,-86.29307,2026-08-01 04:35:11.28219648,13,7791,206,32
24.184152,-106.366829,2026-08-01 04:35:11.890667520,13,7191,264,30
36.690773,-91.225628,2026-08-01 04:35:12.898110720,13,6072,98,58
36.698444,-91.251552,2026-08-01 04:35:12.898111232,13,7682,145,65
36.762261,-91.222241,2026-08-01 04:35:12.898191616,13,6119,217,52
37.066494,-89.372393,2026-08-01 04:35:13.902895360,13,9529,141,23
37.115349,-89.397113,2026-08-01 04:35:13.924245248,13,7692,147,26
37.1124,-89.4103,2026-08-01 04:35:13.924242944,13,7490,147,14
26.089412,-107.7854,2026-08-01 04:35:14.172444416,13,6454,249,26
30.104191,-88.091886,2026-08-01 04:35:14.796266240,13,5292,253,58
30.314789,-88.220305,2026-08-01 04:35:14.796378880,13,5742,251,39
29.999482,-88.161921,2026-08-01 04:35:15.22124032,13,13399,230,22
36.71497,-91.073572,2026-08-01 04:35:15.89956608,13,12188,138,32
36.762768,-91.249204,2026-08-01 04:35:15.89966848,13,12908,142,19
30.360679,-88.289229,2026-08-01 04:35:16.133787392,13,14028,150,77
30.362379,-88.232714,2026-08-01 04:35:16.133833728,13,6070,241,53
30.288942,-88.273373,2026-08-01 04:35:16.351903744,13,6178,239,23
30.401348,-88.235121,2026-08-01 04:35:16.459125504,13,10374,224,25
30.219974,-88.303951,2026-08-01 04:35:16.725962752,13,9785,229,22
34.286841,-101.977988,2026-08-01 04:35:19.72007936,13,12322,204,19
34.143497,-101.903537,2026-08-01 04:35:19.148313088,13,7442,139,30
34.223187,-102.082133,2026-08-01 04:35:19.290640384,13,7099,109,25
34.263411,-102.005954,2026-08-01 04:35:19.290662144,13,2747,255,32
34.272424,-101.973987,2026-08-01 04:35:19.609025024,13,8509,143,33
34.288917,-101.984078,2026-08-01 04:35:19.609027328,13,3443,207,19
34.120857,-102.232363,2026-08-01 04:35:19.871294464,13,4903,259,36
34.339299,-101.869209,2026-08-01 04:35:20.115758336,13,6865,230,41
34.280318,-101.994503,2026-08-01 04:35:20.115715072,13,9696,196,29
34.371767,-101.855925,2026-08-01 04:35:20.245815040,13,4931,242,30
26.814889,-57.954601,2026-08-01 04:35:21.329436160,13,11141,212,105
30.944216,-81.636778,2026-08-01 04:35:21.468074752,13,8708,238,21
32.679256,-68.50903,2026-08-01 04:35:22.307151872,13,4277,234,44
21.49291,-102.632122,2026-08-01 04:35:22.607659264,13,6387,245,108
30.465293,-69.657665,2026-08-01 04:35:23.204993536,13,3133,253,39
33.474896,-101.700447,2026-08-01 04:35:24.252653312,13,7275,255,40
33.644885,-101.438774,2026-08-01 04:35:24.252757248,13,8929,199,28
30.243476,-77.849336,2026-08-01 04:35:25.905626880,13,14712,253,59
36.724123,-91.045705,2026-08-01 04:35:26.56749824,13,12972,245,34
36.814405,-91.211302,2026-08-01 04:35:26.56797184,13,6579,254,22
36.752535,-91.309905,2026-08-01 04:35:26.143136256,13,12011,128,27
30.092326,-87.783673,2026-08-01 04:35:26.422535424,13,12121,149,38
24.578646,-106.72966,2026-08-01 04:35:26.445235456,13,8938,237,26
36.968622,-90.402546,2026-08-01 04:35:27.293661184,13,11833,119,29
37.02401,-90.546524,2026-08-01 04:35:27.293684992,13,10628,166,18
19.314196,-79.38679,2026-08-01 04:35:27.382808576,13,14089,150,111
25.690097,-107.554106,2026-08-01 04:35:27.660899328,13,7356,259,62
24.660591,-106.719808,2026-08-01 04:35:27.849239552,13,6213,237,36
37.0699,-89.098626,2026-08-01 04:35:28.101450496,13,14207,194,22
37.108311,-89.247534,2026-08-01 04:35:28.101481216,13,14175,91,16
36.334218,-91.582433,2026-08-01 04:35:28.661664512,13,13249,111,78
36.344955,-91.575892,2026-08-01 04:35:28.661669120,13,6937,128,75
36.320839,-91.62462,2026-08-01 04:35:28.661708800,13,8706,139,53
30.226238,-88.216052,2026-08-01 04:35:28.983312896,13,7563,156,54
30.325427,-88.220766,2026-08-01 04:35:28.983396864,13,5759,250,41
36.344604,-91.567523,2026-08-01 04:35:29.146157568,13,8252,111,26
36.354708,-91.58569,2026-08-01 04:35:29.146154752,13,8038,129,45
36.401735,-91.568345,2026-08-01 04:35:29.146225152,13,8661,204,30
24.096948,-106.406767,2026-08-01 04:35:29.671596288,13,7490,261,41
30.843068,-81.641702,2026-08-01 04:35:29.782888192,13,8336,127,80
30.845792,-81.641935,2026-08-01 04:35:29.868938752,13,8584,127,80
30.907095,-81.653744,2026-08-01 04:35:29.869005056,13,5091,232,47
32.282637,-68.10144,2026-08-01 04:35:30.5649920,13,4652,238,35
32.270592,-68.119496,2026-08-01 04:35:30.287281664,13,10874,237,55
47.93677,-77.897637,2026-08-01 04:35:31.324337664,13,6169,162,55
47.945734,-77.883539,2026-08-01 04:35:31.324342016,13,11078,164,42
47.926908,-77.838036,2026-08-01 04:35:31.324327680,13,4383,262,24
24.535378,-106.697022,2026-08-01 04:35:34.759744000,13,6377,238,28
36.975303,-90.758975,2026-08-01 04:35:34.925018880,13,13281,142,30
36.9753,-90.758967,2026-08-01 04:35:34.925009152,13,13280,142,17
24.075134,-106.371228,2026-08-01 04:35:35.463458816,13,5719,239,19
37.124243,-90.316972,2026-08-01 04:35:35.727992832,13,13977,119,40
37.193775,-90.481157,2026-08-01 04:35:35.728013824,13,7279,154,27
37.248167,-89.464038,2026-08-01 04:35:36.214547200,13,8756,122,47
37.119067,-89.357798,2026-08-01 04:35:36.282957568,13,11370,90,49
37.142451,-89.376198,2026-08-01 04:35:36.282973952,13,10527,136,68
37.153419,-89.374209,2026-08-01 04:35:36.452076800,13,6890,144,45
37.180392,-89.402473,2026-08-01 04:35:36.452078592,13,4197,172,39
30.192107,-88.196707,2026-08-01 04:35:36.484144384,13,5394,148,23
30.241101,-86.680339,2026-08-01 04:35:37.122102272,13,5791,232,32
30.274516,-86.685316,2026-08-01 04:35:37.122110976,13,8038,240,28
30.099357,-87.751973,2026-08-01 04:35:38.599509760,13,8657,149,108
30.013142,-87.819184,2026-08-01 04:35:38.599527168,13,5386,222,90
30.238226,-87.760009,2026-08-01 04:35:38.788504832,13,4939,223,36
28.746058,-110.023227,2026-08-01 04:35:39.11577344,13,10424,255,31
18.882018,-96.914505,2026-08-01 04:35:39.406654720,13,12942,261,19
46.760787,-87.966116,2026-08-01 04:35:41.759306496,13,12473,125,44
46.754299,-87.984944,2026-08-01 04:35:41.759301632,13,6633,118,29
46.748307,-87.993858,2026-08-01 04:35:41.769614592,13,7591,137,29
37.76225,-89.112036,2026-08-01 04:35:41.888589312,13,4870,103,55
37.834506,-89.225724,2026-08-01 04:35:41.888633088,13,12755,147,42
37.162036,-90.40756,2026-08-01 04:35:42.197008384,13,4859,142,30
37.178881,-90.393799,2026-08-01 04:35:42.197011712,13,5524,195,16
37.149189,-89.34029,2026-08-01 04:35:43.83134208,13,8144,136,40
37.062075,-89.368868,2026-08-01 04:35:43.83159040,13,14468,150,27
25.543684,-107.564767,2026-08-01 04:35:44.816477696,13,13528,253,17
25.429011,-107.535239,2026-08-01 04:35:45.193310720,13,14150,255,58
25.531755,-107.545315,2026-08-01 04:35:45.193335296,13,4828,262,42
25.248878,-107.477249,2026-08-01 04:35:45.463338496,13,8146,255,24
31.229926,-108.81025,2026-08-01 04:35:45.977673984,13,11347,211,57
28.934502,-110.413774,2026-08-01 04:35:47.286700288,13,5975,236,35
37.010464,-89.137025,2026-08-01 04:35:47.318916608,13,14718,106,54
26.014348,-107.811859,2026-08-01 04:35:50.359504128,13,10808,251,20
30.58047,-108.586313,2026-08-01 04:35:50.984223232,13,5397,216,22
30.632863,-108.571883,2026-08-01 04:35:51.57244672,13,12726,214,46
27.052234,-109.320485,2026-08-01 04:35:52.51110912,13,5028,240,117
37.542472,-88.88055,2026-08-01 04:35:52.833215488,13,6295,181,71
37.529439,-88.890176,2026-08-01 04:35:52.833213696,13,9750,109,79
37.414932,-90.341861,2026-08-01 04:35:52.870253568,13,4577,177,74
37.427435,-90.342072,2026-08-01 04:35:52.870257152,13,5486,193,123
37.415323,-90.376397,2026-08-01 04:35:52.870254592,13,9593,123,106
37.511939,-88.863269,2026-08-01 04:35:53.125261056,13,7959,82,46
37.522645,-88.881815,2026-08-01 04:35:53.125324288,13,13203,152,28
37.528885,-88.897111,2026-08-01 04:35:53.290563840,13,8320,144,27
37.401164,-90.345682,2026-08-01 04:35:53.317083392,13,5053,112,27
30.805486,-81.833729,2026-08-01 04:35:53.850575360,13,12519,145,33
30.873086,-108.78225,2026-08-01 04:35:53.941765632,13,7136,261,25
37.424051,-90.638687,2026-08-01 04:35:54.31811072,13,6493,87,47
36.709447,-91.280949,2026-08-01 04:35:54.174085888,13,14333,111,48
36.764124,-91.256519,2026-08-01 04:35:54.174171904,13,11985,204,22
24.999256,-107.054587,2026-08-01 04:35:54.590339584,13,4809,257,55
28.001619,-110.206321,2026-08-01 04:35:54.969545216,13,5268,186,37
36.85448,-90.95447,2026-08-01 04:35:55.474854656,13,12349,97,33
30.812255,-81.670005,2026-08-01 04:35:56.181266176,13,9010,127,49
30.879808,-81.695816,2026-08-01 04:35:56.181339136,13,13814,191,42
30.822036,-81.654228,2026-08-01 04:35:56.533905920,13,8520,127,84
30.915851,-81.687449,2026-08-01 04:35:56.533985280,13,6464,237,63
30.890074,-81.669649,2026-08-01 04:35:56.533975552,13,8645,191,49
37.700623,-88.2889,2026-08-01 04:35:57.425478656,13,6800,167,55
24.067199,-106.310139,2026-08-01 04:35:58.276977408,13,5026,264,34
30.113113,-87.753568,2026-08-01 04:35:58.370408192,13,9734,147,40
30.036106,-87.399806,2026-08-01 04:35:59.336617472,13,12921,147,53
30.229637,-87.387054,2026-08-01 04:35:59.336685824,13,3574,254,39
25.072887,-107.11488,2026-08-01 04:36:00.695162880,13,11700,257,65
35.530172,-92.87332,2026-08-01 04:36:00.939994368,13,11240,109,67
35.56121,-92.85582,2026-08-01 04:36:00.940078848,13,14943,178,28
31.673901,-69.498031,2026-08-01 04:36:01.137263104,13,3847,249,97
31.712378,-69.566442,2026-08-01 04:36:01.137277184,13,4210,248,113
37.812766,-88.359736,2026-08-01 04:36:03.659591936,13,10814,265,26
36.72599,-91.408147,2026-08-01 04:36:04.228538880,13,8064,191,24
21.472833,-102.627143,2026-08-01 04:36:04.987118592,13,5493,262,68
30.215262,-88.12623,2026-08-01 04:36:05.806909696,13,9877,148,114
30.232727,-88.148396,2026-08-01 04:36:05.938454016,13,10296,216,110
30.171227,-88.221507,2026-08-01 04:36:06.55092480,13,9236,231,36
30.22228,-88.139656,2026-08-01 04:36:06.101987328,13,9499,198,26
30.349783,-88.132787,2026-08-01 04:36:06.102083328,13,7700,229,32
30.210179,-88.123486,2026-08-01 04:36:06.417417472,13,10029,194,52
30.23705,-88.179656,2026-08-01 04:36:06.417469952,13,4972,180,41
30.16421,-88.197538,2026-08-01 04:36:06.560242944,13,8283,228,26
37.510056,-88.679527,2026-08-01 04:36:06.821665792,13,11800,132,71
37.600438,-88.65272,2026-08-01 04:36:06.821699328,13,9146,146,53
37.553356,-88.723655,2026-08-01 04:36:06.821732608,13,7635,160,39
37.482331,-88.681011,2026-08-01 04:36:06.987334400,13,7171,191,50
37.498324,-88.642843,2026-08-01 04:36:07.45518848,13,8794,71,57
37.513557,-88.646081,2026-08-01 04:36:07.45521664,13,11097,109,87
36.687998,-91.250855,2026-08-01 04:36:07.175027712,13,4216,226,65
33.592358,-104.3162,2026-08-01 04:36:07.503436544,13,14277,113,58
33.697818,-104.294654,2026-08-01 04:36:07.503506944,13,14287,195,58
36.119513,-92.320054,2026-08-01 04:36:08.68405760,13,6741,128,25
25.018918,-107.154892,2026-08-01 04:36:09.610828800,13,7321,257,18
28.648976,-110.004211,2026-08-01 04:36:09.811786496,13,5310,234,68
28.742522,-110.008556,2026-08-01 04:36:09.811813120,13,4842,250,74
30.076198,-79.241007,2026-08-01 04:36:10.18509568,13,2941,245,30
28.643056,-110.020948,2026-08-01 04:36:10.194774528,13,11451,235,30
25.863723,-107.672981,2026-08-01 04:36:10.427740416,13,13180,252,82
26.075262,-107.742968,2026-08-01 04:36:10.427813632,13,5651,255,70
40.670886,-89.036015,2026-08-01 04:36:10.528748544,13,8601,118,32
40.664102,-89.051487,2026-08-01 04:36:10.528817920,13,10550,71,17
25.998568,-107.785084,2026-08-01 04:36:10.603876096,13,9618,251,49
26.005059,-107.777192,2026-08-01 04:36:11.25819648,13,7884,250,19
37.150554,-89.376568,2026-08-01 04:36:11.572983040,13,12429,79,65
37.175128,-89.38826,2026-08-01 04:36:11.573047552,13,5001,153,44
37.162469,-89.349159,2026-08-01 04:36:11.886190080,13,7663,181,101
37.14158,-89.373552,2026-08-01 04:36:11.886191360,13,10702,119,82
37.218373,-89.361062,2026-08-01 04:36:11.886215936,13,10479,127,64
37.186957,-89.357462,2026-08-01 04:36:12.148731648,13,12843,135,24
36.372379,-91.543304,2026-08-01 04:36:12.294874624,13,9206,97,65
33.787798,-101.435627,2026-08-01 04:36:13.48317440,13,9642,175,24
33.973626,-101.462785,2026-08-01 04:36:13.131788288,13,14225,152,27
36.573243,-91.366802,2026-08-01 04:36:13.772452608,13,10018,158,24
37.626265,-88.867259,2026-08-01 04:36:15.295817472,13,13287,78,51
37.610895,-88.863493,2026-08-01 04:36:15.295833344,13,3833,181,79
37.669586,-88.869516,2026-08-01 04:36:15.295882752,13,11028,125,63
30.051236,-79.503836,2026-08-01 04:36:15.615217152,13,3568,244,45
33.135274,-68.89173,2026-08-01 04:36:16.645306624,13,5839,241,63
32.977768,-68.760948,2026-08-01 04:36:16.645292800,13,12046,227,55
32.989536,-68.77464,2026-08-01 04:36:16.645299712,13,8553,258,44
30.892858,-81.659167,2026-08-01 04:36:17.724981504,13,5324,247,100
31.022265,-81.645236,2026-08-01 04:36:17.725027840,13,8345,241,84
30.755046,-81.691476,2026-08-01 04:36:18.38675968,13,14708,128,40
30.906139,-81.656282,2026-08-01 04:36:18.38729472,13,7732,233,14
30.867836,-81.666339,2026-08-01 04:36:18.140824320,13,3450,235,78
30.906278,-81.659829,2026-08-01 04:36:18.140885248,13,6030,232,43
37.082607,-90.73883,2026-08-01 04:36:18.265952768,13,7804,118,57
36.322356,-91.544042,2026-08-01 04:36:18.544479488,13,7355,105,68
36.409407,-91.522508,2026-08-01 04:36:18.544511744,13,6330,145,71
36.283954,-91.639447,2026-08-01 04:36:18.765030656,13,6266,161,26
36.32529,-91.557993,2026-08-01 04:36:18.912157184,13,9313,96,61
36.392484,-91.550992,2026-08-01 04:36:18.912230144,13,4986,220,40
36.363012,-91.554378,2026-08-01 04:36:18.912220672,13,14464,199,26
24.137777,-106.365456,2026-08-01 04:36:20.763980032,13,6148,254,51
23.908037,-106.550077,2026-08-01 04:36:20.869801216,13,9279,268,21
37.101705,-90.698974,2026-08-01 04:36:21.538028800,13,6825,141,29
37.098433,-90.67591,2026-08-01 04:36:21.541640448,13,11826,142,29
30.352302,-88.18638,2026-08-01 04:36:21.901284608,13,12076,258,24
24.267289,-106.459063,2026-08-01 04:36:23.608249344,13,12045,191,23
36.699542,-91.399148,2026-08-01 04:36:24.267569664,13,9576,142,23
37.115979,-89.280498,2026-08-01 04:36:24.381371648,13,13687,147,31
37.086948,-89.278364,2026-08-01 04:36:24.381358080,13,10106,147,18
24.100871,-106.204587,2026-08-01 04:36:27.348180480,13,7899,263,32
24.024325,-106.221847,2026-08-01 04:36:27.379766272,13,14050,239,41
24.031301,-106.222333,2026-08-01 04:36:27.502407424,13,4429,240,21
30.818477,-108.892916,2026-08-01 04:36:29.660438528,13,14021,168,45
30.956313,-108.743362,2026-08-01 04:36:29.660506880,13,11061,243,32
37.06609,-91.138242,2026-08-01 04:36:29.836417792,13,10802,261,30
37.065333,-91.1399,2026-08-01 04:36:29.836409600,13,3730,261,17
24.989395,-107.092513,2026-08-01 04:36:30.40069376,13,7951,236,35
37.564655,-88.823019,2026-08-01 04:36:30.655238656,13,11493,125,29
37.610823,-89.000659,2026-08-01 04:36:30.655265280,13,11639,157,16
25.095117,-107.045062,2026-08-01 04:36:30.881109504,13,6734,236,21
25.605896,-107.587358,2026-08-01 04:36:32.216654848,13,9613,188,92
39.678668,-88.496471,2026-08-01 04:36:33.30555904,13,10555,80,62
39.660444,-88.532597,2026-08-01 04:36:33.30620672,13,10358,103,44
39.620359,-88.497284,2026-08-01 04:36:33.30629120,13,5893,133,32
28.681059,-109.944087,2026-08-01 04:36:33.491808256,13,5100,230,89
28.666145,-109.958331,2026-08-01 04:36:33.491855872,13,9413,234,75
28.70506,-109.943713,2026-08-01 04:36:33.604935680,13,8425,179,69
30.160931,-87.75192,2026-08-01 04:36:33.787823872,13,9421,222,29
30.102334,-87.780741,2026-08-01 04:36:33.787812352,13,6423,181,58
28.616531,-109.983103,2026-08-01 04:36:33.862966784,13,13303,190,35
37.162692,-90.853524,2026-08-01 04:36:34.390283008,13,7690,218,24
37.447895,-89.983603,2026-08-01 04:36:34.886115072,13,10822,96,111
37.457514,-89.962508,2026-08-01 04:36:34.886118144,13,6307,101,91
37.466076,-90.005797,2026-08-01 04:36:34.886118144,13,5222,133,79
37.437941,-90.014034,2026-08-01 04:36:34.886170624,13,9572,182,64
33.748347,-102.929719,2026-08-01 04:36:35.9529856,13,3993,224,22
33.734976,-102.896846,2026-08-01 04:36:35.20961536,13,12728,157,27
25.609084,-107.532093,2026-08-01 04:36:35.166770944,13,10135,191,46
36.947711,-90.840023,2026-08-01 04:36:35.299851520,13,11278,96,77
37.022507,-90.781147,2026-08-01 04:36:35.299884800,13,10290,132,55
36.932365,-90.936456,2026-08-01 04:36:35.299885312,13,5754,251,42
37.107319,-89.192329,2026-08-01 04:36:36.644379392,13,10407,147,67
37.124314,-89.108474,2026-08-01 04:36:36.644432896,13,13315,121,54
37.1594,-89.257293,2026-08-01 04:36:36.644449792,13,7094,162,41
37.272444,-89.123758,2026-08-01 04:36:36.644507648,13,7552,202,23
25.869875,-107.910709,2026-08-01 04:36:37.697515008,13,7982,234,19
32.757784,-68.291549,2026-08-01 04:36:37.905763840,13,11924,237,22
32.673712,-68.380381,2026-08-01 04:36:38.444034304,13,11797,235,40
32.613343,-68.619073,2026-08-01 04:36:39.14850816,13,7890,236,20
25.012886,-107.083259,2026-08-01 04:36:40.274305280,13,9802,258,62
30.297301,-87.97341,2026-08-01 04:36:41.132033792,13,3365,152,114
30.188096,-87.872875,2026-08-01 04:36:41.132004608,13,4289,153,101
30.202494,-87.918476,2026-08-01 04:36:41.132064000,13,13128,172,82
30.188395,-87.88265,2026-08-01 04:36:41.255134464,13,4832,147,40
30.252038,-87.920538,2026-08-01 04:36:41.754339072,13,3128,226,24
24.63958,-106.598425,2026-08-01 04:36:42.253899008,13,11357,259,19
37.552067,-88.858065,2026-08-01 04:36:43.381897472,13,14085,152,24
33.616228,-101.089561,2026-08-01 04:36:46.189477376,13,11064,155,28
40.670436,-89.081239,2026-08-01 04:36:47.406589696,13,11525,102,35
30.91213,-81.640917,2026-08-01 04:36:47.426920192,13,13034,246,29
37.149408,-90.816806,2026-08-01 04:36:47.572119296,13,14335,138,34
37.159979,-90.816518,2026-08-01 04:36:47.572118528,13,9898,120,21
37.119483,-90.653699,2026-08-01 04:36:47.728042240,13,11955,94,34
25.602346,-107.56294,2026-08-01 04:36:49.422214912,13,8059,188,49
33.636858,-101.421493,2026-08-01 04:36:49.947893248,13,5291,239,23
30.617894,-108.920927,2026-08-01 04:36:50.471167488,13,14531,229,46
30.109202,-87.760433,2026-08-01 04:36:50.616174848,13,7135,201,45
37.172442,-90.863199,2026-08-01 04:36:50.795385088,13,3078,194,98
37.154302,-90.875668,2026-08-01 04:36:50.795381760,13,10975,101,90
37.134231,-90.863122,2026-08-01 04:36:50.795444992,13,9635,125,46
36.71267,-91.232484,2026-08-01 04:36:50.970686720,13,8527,130,30
36.702911,-91.230896,2026-08-01 04:36:50.970685952,13,3766,143,14
37.215872,-90.884773,2026-08-01 04:36:51.257583872,13,8635,112,66
37.23717,-90.884303,2026-08-01 04:36:51.257589504,13,12338,90,49
37.31557,-90.908176,2026-08-01 04:36:51.257665536,13,14411,200,36
23.938195,-106.300282,2026-08-01 04:36:51.554986496,13,9245,193,22
30.871867,-109.08085,2026-08-01 04:36:51.653755136,13,6384,245,19
30.888239,-81.621685,2026-08-01 04:36:51.798922752,13,4471,248,60
30.896177,-81.630327,2026-08-01 04:36:51.798979328,13,2770,232,47
36.674863,-91.463007,2026-08-01 04:36:53.613063168,13,14599,141,30
24.258483,-106.368831,2026-08-01 04:36:53.770388736,13,10562,191,78
24.315695,-106.483077,2026-08-01 04:36:53.923989248,13,10538,238,29
30.506039,-107.670771,2026-08-01 04:36:53.930489344,13,14912,98,32
25.998785,-107.770646,2026-08-01 04:36:54.344927488,13,7906,233,28
36.368156,-91.507501,2026-08-01 04:36:55.549517568,13,11701,71,24
36.957622,-90.828677,2026-08-01 04:36:56.413956864,13,13027,202,46
36.988359,-90.829808,2026-08-01 04:36:56.414019584,13,5892,130,35
37.016961,-90.811066,2026-08-01 04:36:56.414029312,13,7511,258,19
36.99552,-90.838259,2026-08-01 04:36:56.548608000,13,5106,142,27
30.515288,-69.636198,2026-08-01 04:36:57.671234560,13,7394,239,43
36.673804,-91.360848,2026-08-01 04:36:59.7615744,13,9510,124,32
36.695808,-91.354665,2026-08-01 04:36:59.7619840,13,5888,190,18
36.742653,-91.252241,2026-08-01 04:36:59.381511424,13,10399,140,27
36.760563,-91.264855,2026-08-01 04:36:59.459887616,13,10492,142,22
36.721725,-91.239917,2026-08-01 04:36:59.627630848,13,11552,210,55
36.748253,-91.233192,2026-08-01 04:36:59.627706112,13,14931,141,39
25.929504,-107.85804,2026-08-01 04:36:59.643583232,13,7622,251,31
36.74704,-91.229471,2026-08-01 04:36:59.748264448,13,12239,143,27
25.931555,-107.834563,2026-08-01 04:37:00.17605376,13,9525,251,61
26.005885,-107.829986,2026-08-01 04:37:00.17629184,13,7820,259,54
30.174835,-77.647396,2026-08-01 04:37:00.958751744,13,14547,190,43
30.211568,-77.627718,2026-08-01 04:37:01.9707520,13,12223,184,17
36.367465,-91.545023,2026-08-01 04:37:01.580211712,13,8473,115,36
36.408463,-91.55884,2026-08-01 04:37:01.580281088,13,12999,192,24
37.115629,-89.371963,2026-08-01 04:37:02.614416640,13,14735,127,32
40.721886,-89.1533,2026-08-01 04:37:02.853669632,13,11700,120,32
40.650649,-89.066136,2026-08-01 04:37:02.853687808,13,4939,180,38
40.663595,-89.015292,2026-08-01 04:37:02.937783808,13,10078,117,41
40.679517,-89.039604,2026-08-01 04:37:02.937855744,13,9827,101,45
40.642818,-89.045255,2026-08-01 04:37:02.937851136,13,2848,123,30
40.631019,-89.017254,2026-08-01 04:37:02.937849600,13,11558,99,18
36.75908,-91.220425,2026-08-01 04:37:03.59679232,13,10158,82,34
36.40342,-91.557089,2026-08-01 04:37:03.133904896,13,10675,210,29
36.373832,-91.668331,2026-08-01 04:37:03.133922048,13,14915,97,33
31.196683,-109.166235,2026-08-01 04:37:03.669140992,13,9098,204,31
31.17787,-109.198817,2026-08-01 04:37:03.786656256,13,10984,212,24
37.533578,-88.627311,2026-08-01 04:37:03.947896576,13,8106,152,26
31.135635,-109.28264,2026-08-01 04:37:03.964608768,13,6394,156,50
30.290267,-69.727685,2026-08-01 04:37:04.483125248,13,9663,252,65
30.261611,-69.692346,2026-08-01 04:37:04.483119104,13,4166,265,56
30.303221,-69.755685,2026-08-01 04:37:04.634921728,13,7315,236,37
30.296524,-69.753254,2026-08-01 04:37:04.749002240,13,3365,240,32
36.740057,-91.255381,2026-08-01 04:37:07.312045824,13,11405,185,23
37.206405,-90.9548,2026-08-01 04:37:07.928553728,13,14250,139,34
30.161267,-87.742544,2026-08-01 04:37:08.265925120,13,4703,229,68
30.215411,-87.720092,2026-08-01 04:37:08.265991680,13,4284,250,46
30.170395,-87.726818,2026-08-01 04:37:08.328388608,13,12042,239,27
24.682324,-106.70903,2026-08-01 04:37:09.482604288,13,6463,237,24
37.981801,-89.422995,2026-08-01 04:37:10.576133888,13,9709,183,36
37.967652,-89.426015,2026-08-01 04:37:10.576195328,13,8935,194,63
34.426433,-105.74893,2026-08-01 04:37:10.853866240,13,12532,127,52
28.65191,-109.957629,2026-08-01 04:37:11.66144512,13,7103,234,85
28.511627,-110.235393,2026-08-01 04:37:11.337087744,13,6821,268,25
28.6728,-109.967055,2026-08-01 04:37:11.477408512,13,11182,226,25
24.913639,-107.237995,2026-08-01 04:37:11.932992768,13,9072,261,27
36.075502,-92.111484,2026-08-01 04:37:12.732635648,13,13217,133,45
36.080359,-92.374453,2026-08-01 04:37:12.732632064,13,5274,231,32
36.194871,-92.290532,2026-08-01 04:37:12.732676352,13,8807,257,18
30.439722,-86.316718,2026-08-01 04:37:15.324610304,13,6742,231,30
25.063484,-107.071421,2026-08-01 04:37:15.650503424,13,7594,239,24
28.945431,-110.385198,2026-08-01 04:37:16.269447936,13,8237,241,34
25.093297,-107.024899,2026-08-01 04:37:16.964579072,13,4600,257,50
32.449487,-68.179484,2026-08-01 04:37:17.300000768,13,5162,253,94
32.275801,-68.013904,2026-08-01 04:37:17.299985408,13,7093,246,90
32.330806,-68.089441,2026-08-01 04:37:17.551684864,13,8035,202,64
32.309759,-68.063858,2026-08-01 04:37:17.551735808,13,7372,261,59
30.742231,-108.693916,2026-08-01 04:37:18.235618048,13,9080,210,24
24.131527,-106.366032,2026-08-01 04:37:18.411072512,13,14708,254,97
24.125869,-106.401868,2026-08-01 04:37:18.563518720,13,10714,266,90
24.11416,-106.388663,2026-08-01 04:37:19.87315200,13,14488,240,33
24.096574,-106.403388,2026-08-01 04:37:19.647707648,13,7264,239,27
36.69503,-91.396502,2026-08-01 04:37:21.524759296,13,13743,92,44
36.815872,-91.370185,2026-08-01 04:37:21.524859136,13,10415,263,27
30.160412,-88.122536,2026-08-01 04:37:22.800572416,13,4113,244,59
30.345437,-88.181172,2026-08-01 04:37:22.800681984,13,5176,250,40
30.688189,-108.336876,2026-08-01 04:37:22.838969088,13,9917,213,45
30.779343,-108.34374,2026-08-01 04:37:22.838985984,13,7370,251,39
30.682761,-69.842303,2026-08-01 04:37:23.486043904,13,2398,237,48
30.122684,-87.925783,2026-08-01 04:37:23.557134592,13,10177,153,22
26.058015,-107.773171,2026-08-01 04:37:24.135598592,13,14460,232,21
42.371446,-91.353641,2026-08-01 04:37:25.161883648,13,13145,58,47
34.340225,-105.994229,2026-08-01 04:37:27.297224704,13,10333,194,24
25.639791,-107.606207,2026-08-01 04:37:27.648990720,13,14676,256,23
25.010131,-107.024272,2026-08-01 04:37:27.702026496,13,10813,257,27
30.845139,-108.717796,2026-08-01 04:37:28.64759296,13,8727,223,31
30.770264,-108.899312,2026-08-01 04:37:28.184400896,13,7570,134,52
30.767277,-108.898842,2026-08-01 04:37:28.374226688,13,8507,134,34
30.832256,-108.772754,2026-08-01 04:37:28.540727040,13,6348,214,23
33.452466,-100.890693,2026-08-01 04:37:29.834196480,13,6127,258,21
30.007738,-87.425836,2026-08-01 04:37:30.128477952,13,11564,154,43
30.330247,-87.427261,2026-08-01 04:37:30.128581376,13,4371,250,38
37.163546,-90.443649,2026-08-01 04:37:30.508526336,13,14365,173,55
37.223282,-90.495357,2026-08-01 04:37:30.508596480,13,7872,142,40
36.411285,-91.496141,2026-08-01 04:37:30.551028480,13,10985,128,30
36.411813,-91.497557,2026-08-01 04:37:30.551017728,13,8414,127,17
31.118444,-69.701761,2026-08-01 04:37:31.127433728,13,5152,246,97
37.176706,-90.367424,2026-08-01 04:37:31.266147328,13,7148,256,30
37.336299,-90.235591,2026-08-01 04:37:31.266205952,13,12270,218,17
36.709575,-91.224603,2026-08-01 04:37:31.393102848,13,5733,111,55
36.744062,-91.232578,2026-08-01 04:37:31.393161216,13,8254,137,39
36.971682,-90.792587,2026-08-01 04:37:32.322978560,13,7134,97,47
36.974186,-90.839455,2026-08-01 04:37:32.322976256,13,8817,137,63
37.010959,-90.807841,2026-08-01 04:37:32.323044864,13,11811,205,24
25.937127,-107.801948,2026-08-01 04:37:33.103158016,13,12189,250,91
25.951488,-107.796352,2026-08-01 04:37:33.426943488,13,12421,251,57
26.037707,-107.817551,2026-08-01 04:37:33.426963456,13,7205,255,38
25.953515,-107.825345,2026-08-01 04:37:33.497883648,13,8086,250,34
36.821271,-91.204499,2026-08-01 04:37:33.648909312,13,9756,171,34
25.064325,-107.082034,2026-08-01 04:37:33.881207808,13,13454,256,16
28.662953,-110.011368,2026-08-01 04:37:34.202646528,13,10119,235,24
28.662589,-110.006692,2026-08-01 04:37:34.259670784,13,11587,235,27
28.663926,-109.994665,2026-08-01 04:37:34.333184768,13,10049,234,42
36.994653,-90.766605,2026-08-01 04:37:34.819051520,13,13000,122,66
28.655062,-110.005055,2026-08-01 04:37:34.842902272,13,8923,236,31
28.670992,-109.991772,2026-08-01 04:37:34.975964928,13,6671,234,51
37.160012,-90.799165,2026-08-01 04:37:35.295920384,13,6909,138,29
36.630198,-91.472928,2026-08-01 04:37:35.410741248,13,5175,238,29
31.156461,-109.296025,2026-08-01 04:37:35.526971904,13,8254,168,37
25.880515,-107.825024,2026-08-01 04:37:36.591376896,13,7012,251,24
30.861739,-81.631948,2026-08-01 04:37:37.136127232,13,4337,235,79
30.904223,-81.626913,2026-08-01 04:37:37.136199168,13,8739,235,70
30.900391,-81.640227,2026-08-01 04:37:37.136193280,13,5843,191,53
30.89503,-81.633029,2026-08-01 04:37:37.192983296,13,4799,235,40
30.913951,-81.640529,2026-08-01 04:37:37.192979712,13,9708,191,45
33.448509,-101.194399,2026-08-01 04:37:37.660102912,13,10861,164,64
33.544638,-101.171963,2026-08-01 04:37:37.660136960,13,3205,188,53
33.633058,-101.147397,2026-08-01 04:37:37.797360640,13,12664,147,25
24.104628,-62.495671,2026-08-01 04:37:38.301883904,13,7926,243,23
40.643461,-89.033033,2026-08-01 04:37:38.539925504,13,9601,73,73
40.636716,-89.063306,2026-08-01 04:37:38.539996160,13,11392,102,51
40.648261,-89.027566,2026-08-01 04:37:38.593897472,13,9537,71,43
40.643377,-89.053546,2026-08-01 04:37:38.593962496,13,9958,109,61
28.85781,-110.457743,2026-08-01 04:37:40.166922240,13,10679,233,59
37.09336,-89.308824,2026-08-01 04:37:41.885992448,13,7241,79,45
37.084183,-89.342655,2026-08-01 04:37:41.915273472,13,6586,171,32
37.109534,-89.365449,2026-08-01 04:37:41.915340800,13,8456,154,25
37.117999,-89.339662,2026-08-01 04:37:42.1312256,13,11559,145,97
19.269634,-79.457277,2026-08-01 04:37:42.390434048,13,6597,214,109
31.607615,-69.36968,2026-08-01 04:37:42.578246400,13,13146,241,46
48.182822,-77.064866,2026-08-01 04:37:43.622984704,13,11810,260,69
48.003578,-76.840678,2026-08-01 04:37:43.623061248,13,5713,207,56
47.964772,-76.819227,2026-08-01 04:37:43.623113472,13,11556,148,37
47.997176,-76.815179,2026-08-01 04:37:43.623102464,13,14191,132,24
37.180001,-90.916257,2026-08-01 04:37:44.197274880,13,8455,95,77
37.1813,-90.93598,2026-08-01 04:37:44.197282304,13,11969,135,69
37.253414,-90.925232,2026-08-01 04:37:44.197355264,13,10737,199,46
24.664982,-106.725722,2026-08-01 04:37:44.674811648,13,7493,259,15
24.678448,-106.719677,2026-08-01 04:37:44.807440384,13,5266,237,21
33.542872,-101.543244,2026-08-01 04:37:45.5329408,13,10642,259,19
30.826627,-108.786216,2026-08-01 04:37:45.267503616,13,8557,243,18
9.49762,-71.626019,2026-08-01 04:37:45.483805696,13,12753,243,18
36.678593,-91.026064,2026-08-01 04:37:46.559789568,13,14413,125,37
36.723623,-91.186449,2026-08-01 04:37:46.559806464,13,6581,70,25
36.70927,-91.163893,2026-08-01 04:37:46.745331456,13,6612,200,47
36.743856,-91.178002,2026-08-01 04:37:46.745394944,13,7933,205,33
36.730055,-91.175353,2026-08-01 04:37:46.745392128,13,7447,218,24
30.402079,-77.969606,2026-08-01 04:37:47.768621824,13,8102,249,38
30.381755,-77.962768,2026-08-01 04:37:47.849638400,13,6081,249,48
24.807227,-106.971618,2026-08-01 04:37:48.827395328,13,6014,258,47
36.146622,-92.002441,2026-08-01 04:37:49.257792256,13,7487,100,62
36.089746,-92.045838,2026-08-01 04:37:49.257831680,13,8296,207,39
36.187564,-91.995856,2026-08-01 04:37:49.257861888,13,13913,204,26
47.72837,-76.910951,2026-08-01 04:37:49.547817216,13,14689,250,49
24.961936,-107.070476,2026-08-01 04:37:49.839365120,13,11964,257,51
29.959124,-87.947974,2026-08-01 04:37:50.565662976,13,6636,253,121
30.218129,-88.163936,2026-08-01 04:37:50.565741568,13,3944,153,109
30.099036,-87.864099,2026-08-01 04:37:51.129753344,13,14759,229,27
25.622879,-107.550938,2026-08-01 04:37:53.76836352,13,4790,253,35
25.654299,-107.563663,2026-08-01 04:37:53.485016320,13,6291,234,28
25.563863,-107.639217,2026-08-01 04:37:53.548748544,13,9764,228,18
25.454047,-107.51788,2026-08-01 04:37:54.795401472,13,7439,235,26
37.548997,-90.029274,2026-08-01 04:37:56.292021760,13,6419,128,60
37.477433,-90.075492,2026-08-01 04:37:56.292050432,13,13567,154,43
14.479899,-70.702691,2026-08-01 04:37:56.856658688,13,8200,193,54
36.732284,-104.43492,2026-08-01 04:37:58.466507776,13,13662,168,18
25.024289,-107.080272,2026-08-01 04:37:59.661204736,13,5218,237,19
25.002949,-107.089435,2026-08-01 04:37:59.805370624,13,9018,257,53
25.074621,-107.082753,2026-08-01 04:37:59.805390592,13,5993,257,41
36.762372,-91.358468,2026-08-01 04:38:00.49460992,13,6348,239,27
37.367396,-90.550205,2026-08-01 04:38:00.162090752,13,12717,190,39
37.411226,-90.538886,2026-08-01 04:38:00.162159360,13,7760,195,26
37.368747,-90.528814,2026-08-01 04:38:00.537885952,13,6443,104,47
37.401225,-90.54041,2026-08-01 04:38:00.537956864,13,6088,91,33
37.319732,-90.569425,2026-08-01 04:38:00.545977088,13,7609,115,27
37.348039,-90.563587,2026-08-01 04:38:00.546041600,13,11175,93,18
25.573641,-107.669813,2026-08-01 04:38:01.382294016,13,7616,189,20
24.984309,-107.228432,2026-08-01 04:38:01.635205120,13,10737,209,28
37.681024,-89.253818,2026-08-01 04:38:02.634860544,13,8438,171,124
37.735081,-89.238483,2026-08-01 04:38:02.634876672,13,4827,181,110
37.74853,-89.257217,2026-08-01 04:38:02.634888192,13,7475,134,97
37.719569,-89.269573,2026-08-01 04:38:02.634892800,13,14636,138,84
37.69118,-89.311651,2026-08-01 04:38:02.634926848,13,9157,124,57
28.66392,-110.018039,2026-08-01 04:38:02.707874560,13,4767,231,90
28.49286,-110.299914,2026-08-01 04:38:02.871217664,13,9266,267,26
37.060996,-90.837862,2026-08-01 04:38:03.222838272,13,11596,234,23
37.042234,-90.841457,2026-08-01 04:38:03.222827264,13,7181,215,31
33.332193,-100.784651,2026-08-01 04:38:03.326486016,13,5669,143,37
33.485199,-100.885886,2026-08-01 04:38:03.326515968,13,3114,260,24
36.747699,-90.979463,2026-08-01 04:38:03.955249408,13,5966,197,33
36.734685,-91.230451,2026-08-01 04:38:04.48721664,13,13110,125,26
36.707023,-91.199092,2026-08-01 04:38:04.99767552,13,13587,117,58
30.700469,-82.031664,2026-08-01 04:38:05.996806400,13,6779,233,33
30.683821,-82.020075,2026-08-01 04:38:05.996799744,13,8882,234,25
36.633356,-91.470585,2026-08-01 04:38:06.365072896,13,8487,265,19
30.173629,-87.732086,2026-08-01 04:38:06.822665984,13,3337,223,69
30.237613,-87.701476,2026-08-01 04:38:06.822743808,13,5676,231,56
30.248761,-87.728184,2026-08-01 04:38:06.822743040,13,6410,249,39
30.146144,-87.748924,2026-08-01 04:38:06.931651840,13,8009,119,44
30.05049,-87.780973,2026-08-01 04:38:07.225994496,13,5670,218,65
25.942061,-107.693998,2026-08-01 04:38:07.408037632,13,9677,255,35
33.652985,-101.336565,2026-08-01 04:38:07.661191680,13,6707,148,27
33.529616,-101.376001,2026-08-01 04:38:07.729498112,13,12120,194,37
19.018599,-97.100683,2026-08-01 04:38:07.979209728,13,4372,261,32
33.541419,-101.538713,2026-08-01 04:38:08.263412992,13,7288,256,32
36.306607,-91.618409,2026-08-01 04:38:08.613001728,13,14013,91,28
33.537905,-103.914694,2026-08-01 04:38:09.104715776,13,13229,114,59
33.570625,-103.951182,2026-08-01 04:38:09.104774400,13,12898,196,40
23.691233,-61.49064,2026-08-01 04:38:09.677616128,13,4852,191,25
24.377512,-106.602442,2026-08-01 04:38:09.831770112,13,8447,239,46
36.35001,-91.546987,2026-08-01 04:38:11.679049984,13,8589,101,56
30.177422,-87.367122,2026-08-01 04:38:11.699908864,13,11280,151,26
30.122352,-87.348001,2026-08-01 04:38:11.899869952,13,8811,208,40
30.214212,-87.34839,2026-08-01 04:38:11.899959808,13,6838,231,27
33.357742,-102.464077,2026-08-01 04:38:12.159472896,13,8175,215,58
33.399536,-102.386367,2026-08-01 04:38:12.159497216,13,2468,269,73
23.223538,115.247032,2026-08-01 04:35:21.888952576,14,13949,252,24
44.872681,125.980032,2026-08-01 04:35:31.474508544,14,7794,161,35
17.009752,109.695048,2026-08-01 04:35:39.239461888,14,8333,246,26
14.569037,113.426979,2026-08-01 04:36:46.691617792,14,12622,238,24
45.848503,11.691369,2026-08-01 04:35:01.303168256,11,7404,75,85
45.856975,11.697966,2026-08-01 04:35:01.303163904,11,14517,103,99
45.855266,11.687035,2026-08-01 04:35:01.303175424,11,9629,77,76
54.264384,14.2636,2026-08-01 04:35:04.438065152,11,5712,72,29
54.258734,14.272119,2026-08-01 04:35:04.438063872,11,10291,91,27
51.662094,12.652879,2026-08-01 04:35:08.204677376,11,9217,93,66
54.178261,14.094089,2026-08-01 04:35:08.817519104,11,7613,94,187
36.697309,-91.237757,2026-08-01 04:35:12.898168320,11,14752,126,27
56.883965,29.328361,2026-08-01 04:35:13.242693632,11,9388,233,24
56.87285,29.340505,2026-08-01 04:35:13.242697984,11,5128,211,24
54.225126,14.344228,2026-08-01 04:35:13.438911488,11,7767,70,21
60.67523,30.209326,2026-08-01 04:35:14.390501888,11,11541,246,45
61.530979,31.366628,2026-08-01 04:35:15.137332736,11,12101,243,315
61.509826,31.267485,2026-08-01 04:35:15.247272192,11,7982,182,169
32.735995,-68.535462,2026-08-01 04:35:22.307172864,11,6228,266,33
54.220764,14.381351,2026-08-01 04:35:24.55937280,11,13705,114,23
54.25362,14.306476,2026-08-01 04:35:26.248687872,11,6079,97,41
54.250823,14.301395,2026-08-01 04:35:26.248692224,11,9517,102,36
54.241699,14.328013,2026-08-01 04:35:26.250149120,11,4982,109,27
56.859403,29.764214,2026-08-01 04:35:26.648110080,11,6215,121,306
56.856576,29.801461,2026-08-01 04:35:26.648108288,11,8056,233,305
56.841787,29.833011,2026-08-01 04:35:26.648104448,11,11931,219,285
19.037572,-79.292425,2026-08-01 04:35:27.382771200,11,13693,258,164
53.891033,14.39615,2026-08-01 04:35:28.851048960,11,7289,70,28
30.939022,-81.650127,2026-08-01 04:35:29.782965760,11,5385,158,44
24.079915,-106.451242,2026-08-01 04:35:29.952431616,11,14196,264,60
32.28403,-68.132464,2026-08-01 04:35:30.287287552,11,6758,233,34
45.811918,11.832628,2026-08-01 04:35:31.572286720,11,8011,109,36
45.857326,11.475571,2026-08-01 04:35:31.739976960,11,10861,151,30
45.843946,11.514927,2026-08-01 04:35:31.739966208,11,10523,157,24
54.193943,14.084611,2026-08-01 04:35:35.323682560,11,12452,89,15
51.91243,12.462093,2026-08-01 04:35:37.224898560,11,11688,66,26
45.787844,11.356487,2026-08-01 04:35:37.502710016,11,9205,100,23
38.079157,-60.105022,2026-08-01 04:35:43.621809408,11,8382,201,32
53.184849,22.433522,2026-08-01 04:35:47.499873024,11,10357,160,65
53.166887,22.473108,2026-08-01 04:35:47.499884544,11,8001,102,78
45.82332,11.366037,2026-08-01 04:35:49.136114176,11,9859,89,36
45.816875,11.355856,2026-08-01 04:35:49.136112640,11,7179,78,21
45.811941,11.392671,2026-08-01 04:35:49.147546624,11,11945,98,15
45.851708,11.713147,2026-08-01 04:35:51.279211008,11,11218,89,22
27.115689,-109.320152,2026-08-01 04:35:52.51184896,11,9409,265,48
37.526371,-89.002394,2026-08-01 04:35:52.833248512,11,11045,141,35
45.856488,11.507663,2026-08-01 04:35:54.665410560,11,9132,74,28
45.781873,11.785856,2026-08-01 04:35:55.6188800,11,14208,54,25
45.784091,11.799103,2026-08-01 04:35:55.10344448,11,5426,85,24
45.786375,11.781202,2026-08-01 04:35:55.233735424,11,8180,85,30
45.783071,11.770626,2026-08-01 04:35:55.233735168,11,6434,98,27
51.867968,12.355406,2026-08-01 04:36:03.262616064,11,7648,68,163
51.873081,12.35905,2026-08-01 04:36:03.262616576,11,6304,109,407
51.865872,12.377722,2026-08-01 04:36:03.262621952,11,8823,195,380
51.644823,12.657628,2026-08-01 04:36:05.441654528,11,10492,96,127
61.508724,31.393584,2026-08-01 04:36:08.410481920,11,11831,244,274
53.856603,14.391872,2026-08-01 04:36:09.227488512,11,12406,111,58
53.845906,14.397792,2026-08-01 04:36:09.227497728,11,5338,120,74
53.847771,14.368611,2026-08-01 04:36:09.572752640,11,10213,103,60
53.830089,14.379239,2026-08-01 04:36:09.572762880,11,5855,193,113
53.83327,14.377374,2026-08-01 04:36:09.572764160,11,6722,199,111
53.839215,14.378283,2026-08-01 04:36:09.572757248,11,8830,110,98
53.848991,14.383327,2026-08-01 04:36:09.572764160,11,8745,178,82
30.094661,-79.248316,2026-08-01 04:36:10.18516480,11,6565,245,22
45.764862,11.803399,2026-08-01 04:36:11.489603072,11,14797,90,82
52.127085,13.290503,2026-08-01 04:36:19.483608576,11,14773,61,53
52.090653,13.29257,2026-08-01 04:36:19.483614976,11,9063,57,98
52.12262,13.253804,2026-08-01 04:36:19.483626240,11,11364,85,96
52.102641,13.222773,2026-08-01 04:36:19.483628032,11,8675,107,90
52.109217,13.237328,2026-08-01 04:36:19.483634688,11,12187,108,80
52.115782,13.255556,2026-08-01 04:36:19.485055232,11,14581,75,74
45.747809,11.806604,2026-08-01 04:36:20.120720640,11,7489,158,20
54.262601,14.325256,2026-08-01 04:36:20.464997376,11,5547,101,153
53.885524,14.431438,2026-08-01 04:36:21.982235648,11,7468,191,183
45.827093,11.700634,2026-08-01 04:36:24.592791808,11,6538,55,46
45.851011,11.699812,2026-08-01 04:36:24.592798720,11,7981,134,62
45.798468,11.688204,2026-08-01 04:36:24.592806912,11,9615,81,44
45.796707,11.70452,2026-08-01 04:36:24.592804864,11,9498,73,29
45.864035,11.434547,2026-08-01 04:36:28.867379712,11,13808,59,75
45.864433,11.427258,2026-08-01 04:36:28.867380992,11,10633,106,193
45.862872,11.419232,2026-08-01 04:36:28.867382784,11,8396,75,171
45.868848,11.412867,2026-08-01 04:36:28.867383552,11,7150,115,152
45.900237,11.45381,2026-08-01 04:36:28.867396352,11,7815,194,139
45.885412,11.423966,2026-08-01 04:36:28.867429376,11,8986,140,45
53.658554,23.254198,2026-08-01 04:36:32.36603648,11,6710,168,410
61.761374,31.175817,2026-08-01 04:36:41.382433536,11,9788,201,162
45.808956,11.378939,2026-08-01 04:36:48.602085120,11,9454,83,28
52.623157,13.790766,2026-08-01 04:36:54.373146112,11,14394,82,17
54.263908,14.291298,2026-08-01 04:36:58.202437120,11,5966,90,39
54.275985,14.285071,2026-08-01 04:36:58.202440192,11,9879,71,25
45.843837,11.50065,2026-08-01 04:37:09.6725376,11,12144,66,16
53.875916,14.364445,2026-08-01 04:37:10.852996096,11,10545,86,188
53.909188,14.373656,2026-08-01 04:37:10.852984064,11,13247,87,253
32.29268,-68.382954,2026-08-01 04:37:17.551831552,11,6910,197,50
45.836814,11.484754,2026-08-01 04:37:19.129798144,11,6709,118,16
52.62901,13.831245,2026-08-01 04:37:21.194238464,11,12601,85,30
45.872988,11.506248,2026-08-01 04:37:23.206041088,11,4426,60,22
45.854794,11.555792,2026-08-01 04:37:23.514854656,11,8259,63,22
61.77413,31.297102,2026-08-01 04:37:23.766145792,11,13819,204,33
54.272304,14.32155,2026-08-01 04:37:28.413937408,11,14521,73,96
54.280111,14.340934,2026-08-01 04:37:28.413946112,11,13259,155,89
54.257524,14.365977,2026-08-01 04:37:28.413961472,11,14116,93,69
45.84195,11.496691,2026-08-01 04:37:30.716718080,11,14767,90,25
31.382132,-69.763132,2026-08-01 04:37:31.127592192,11,8911,237,122
53.869014,14.375744,2026-08-01 04:37:31.143223552,11,6691,155,119
53.869488,14.359126,2026-08-01 04:37:31.143230720,11,6804,110,112
53.871494,14.368257,2026-08-01 04:37:31.143230208,11,11122,119,100
45.838227,11.512081,2026-08-01 04:37:36.922715136,11,6712,132,28
45.77754,11.515449,2026-08-01 04:37:36.922739456,11,12074,98,30
45.809944,11.488372,2026-08-01 04:37:36.927397888,11,9937,86,25
45.863347,11.545724,2026-08-01 04:37:40.509003520,11,9548,86,29
45.833802,11.55844,2026-08-01 04:37:40.552800512,11,10192,93,29
54.27134,14.328259,2026-08-01 04:37:44.733023232,11,14198,108,185
54.287708,14.279731,2026-08-01 04:37:44.733027328,11,10477,116,207
54.48643,14.427717,2026-08-01 04:37:44.732958976,11,7608,265,200
45.829113,11.527058,2026-08-01 04:37:46.902795264,11,12429,73,17
45.861503,11.522803,2026-08-01 04:37:47.205718528,11,10516,58,18
54.190905,14.104913,2026-08-01 04:37:47.559537664,11,12616,95,39
54.181594,14.055953,2026-08-01 04:37:47.566689536,11,5958,137,33
56.635668,28.828583,2026-08-01 04:37:52.359159296,11,3659,235,108
56.607118,28.931644,2026-08-01 04:37:52.359144192,11,2634,228,144
56.617372,28.907419,2026-08-01 04:37:52.359147520,11,10903,238,131
61.450672,31.384589,2026-08-01 04:37:53.269372928,11,14619,136,40
61.782983,31.591827,2026-08-01 04:37:54.728059904,11,12543,260,33
45.847146,11.508777,2026-08-01 04:38:00.114330880,11,5059,93,79
45.856473,11.508919,2026-08-01 04:38:00.114336256,11,11490,193,132
45.840739,11.506814,2026-08-01 04:38:00.114339328,11,7607,118,122
45.821361,11.380216,2026-08-01 04:38:00.114323712,11,13076,187,107
53.198747,22.532274,2026-08-01 04:38:01.939083264,11,5362,198,34
53.199955,22.510022,2026-08-01 04:38:01.939088896,11,7317,114,35
53.193561,22.506728,2026-08-01 04:38:01.957421312,11,12162,139,23
60.687157,30.903471,2026-08-01 04:38:03.307525376,11,7997,269,36
54.218582,14.129214,2026-08-01 04:38:04.793758976,11,5983,87,330
45.767387,11.477993,2026-08-01 04:38:07.529889024,11,9970,85,19
45.848503,11.691369,2026-08-01 04:35:01.303168256,12,7404,50,74
45.845914,11.689517,2026-08-01 04:35:01.303171840,12,8433,86,95
45.850748,11.690278,2026-08-01 04:35:01.303170048,12,9082,62,73
45.82356,11.522264,2026-08-01 04:35:02.44226816,12,8027,107,34
54.264384,14.2636,2026-08-01 04:35:04.438065152,12,5712,72,29
54.258734,14.272119,2026-08-01 04:35:04.438063872,12,10291,91,27
51.645686,12.654645,2026-08-01 04:35:08.204665600,12,6037,143,95
54.193778,14.066183,2026-08-01 04:35:08.817521920,12,6402,114,199
36.697309,-91.237757,2026-08-01 04:35:12.898168320,12,14752,126,26
56.883965,29.328361,2026-08-01 04:35:13.242693632,12,9388,233,24
56.872852,29.340536,2026-08-01 04:35:13.242697984,12,5127,211,24
54.225126,14.344228,2026-08-01 04:35:13.438911488,12,7767,70,21
60.67523,30.209326,2026-08-01 04:35:14.390501888,12,11541,246,45
61.530979,31.366628,2026-08-01 04:35:15.137332736,12,12101,243,314
61.519056,31.372471,2026-08-01 04:35:15.327405056,12,9970,243,318
32.73593,-68.535456,2026-08-01 04:35:22.307172864,12,6229,266,39
21.499406,-102.621632,2026-08-01 04:35:22.607659520,12,6242,256,47
54.220764,14.381351,2026-08-01 04:35:24.55937280,12,13705,114,23
54.25362,14.306476,2026-08-01 04:35:26.248687872,12,6079,97,41
54.250823,14.301395,2026-08-01 04:35:26.248692224,12,9517,102,36
54.241699,14.328013,2026-08-01 04:35:26.250149120,12,4982,109,27
56.859403,29.764214,2026-08-01 04:35:26.648110080,12,6215,121,305
56.856576,29.801461,2026-08-01 04:35:26.648108288,12,8056,233,301
56.8448,29.798662,2026-08-01 04:35:26.648113664,12,8078,202,228
19.037572,-79.292425,2026-08-01 04:35:27.382771200,12,13693,258,203
53.891033,14.39615,2026-08-01 04:35:28.851048960,12,7289,70,28
30.939022,-81.650127,2026-08-01 04:35:29.782965760,12,5385,158,43
24.079915,-106.451242,2026-08-01 04:35:29.952431616,12,14196,264,58
32.28403,-68.132464,2026-08-01 04:35:30.287287552,12,6758,233,34
45.830782,11.697591,2026-08-01 04:35:31.537330944,12,7626,47,43
45.848814,11.485589,2026-08-01 04:35:31.739956992,12,7875,68,37
45.831452,11.491922,2026-08-01 04:35:31.739958528,12,10582,66,24
54.191603,14.093277,2026-08-01 04:35:35.323674112,12,14179,79,17
51.91243,12.462093,2026-08-01 04:35:37.224898560,12,11688,66,27
45.792033,11.363307,2026-08-01 04:35:37.502707712,12,8692,83,26
45.841855,11.428326,2026-08-01 04:35:41.382269184,12,8505,74,50
38.079157,-60.105022,2026-08-01 04:35:43.621809408,12,8382,201,32
53.184849,22.433522,2026-08-01 04:35:47.499873024,12,10357,160,65
53.166887,22.473108,2026-08-01 04:35:47.499884544,12,8001,102,78
45.82332,11.366037,2026-08-01 04:35:49.136114176,12,9859,89,36
45.816875,11.355856,2026-08-01 04:35:49.136112640,12,7179,78,21
45.811941,11.392671,2026-08-01 04:35:49.147546624,12,11945,98,15
45.851708,11.713147,2026-08-01 04:35:51.279211008,12,11218,89,23
27.084322,-109.33571,2026-08-01 04:35:52.51166976,12,10657,249,47
37.526371,-89.002394,2026-08-01 04:35:52.833248512,12,11045,141,34
54.197012,14.128236,2026-08-01 04:35:53.479257344,12,4284,157,35
54.189756,14.115566,2026-08-01 04:35:53.479259648,12,6213,107,32
45.856488,11.507663,2026-08-01 04:35:54.665410560,12,9132,74,28
45.781873,11.785856,2026-08-01 04:35:55.6188800,12,14208,54,25
45.784091,11.799103,2026-08-01 04:35:55.10344448,12,5426,85,24
45.786375,11.781202,2026-08-01 04:35:55.233735424,12,8180,85,30
45.783071,11.770626,2026-08-01 04:35:55.233735168,12,6434,98,27
51.867968,12.355406,2026-08-01 04:36:03.262616064,12,7648,68,184
51.873081,12.35905,2026-08-01 04:36:03.262616576,12,6304,109,407
51.865872,12.377722,2026-08-01 04:36:03.262621952,12,8823,195,380
51.644545,12.644348,2026-08-01 04:36:05.441658880,12,7235,94,98
61.508724,31.393584,2026-08-01 04:36:08.410481920,12,11831,244,274
53.856603,14.391872,2026-08-01 04:36:09.227488512,12,12406,111,57
53.845906,14.397792,2026-08-01 04:36:09.227497728,12,5338,120,74
53.847771,14.368611,2026-08-01 04:36:09.572752640,12,10213,103,60
53.830089,14.379239,2026-08-01 04:36:09.572762880,12,5855,193,113
53.83327,14.377374,2026-08-01 04:36:09.572764160,12,6722,199,111
53.839215,14.378283,2026-08-01 04:36:09.572757248,12,8830,110,98
30.094661,-79.248316,2026-08-01 04:36:10.18516480,12,6565,245,22
45.764862,11.803399,2026-08-01 04:36:11.489603072,12,14797,90,82
52.298941,13.022066,2026-08-01 04:36:11.738423552,12,8380,61,71
52.118109,13.28532,2026-08-01 04:36:19.483604992,12,9069,60,58
52.121911,13.269984,2026-08-01 04:36:19.483602688,12,12743,100,102
52.12262,13.253804,2026-08-01 04:36:19.483626240,12,11364,85,94
52.102641,13.222773,2026-08-01 04:36:19.483628032,12,8675,107,90
52.109217,13.237328,2026-08-01 04:36:19.483634688,12,12187,108,80
52.115782,13.255556,2026-08-01 04:36:19.485055232,12,14581,75,74
45.747809,11.806604,2026-08-01 04:36:20.120720640,12,7489,158,20
54.262601,14.325256,2026-08-01 04:36:20.464997376,12,5547,101,164
53.886687,14.423126,2026-08-01 04:36:21.982240256,12,4194,240,121
45.827092,11.700634,2026-08-01 04:36:24.592791808,12,6538,55,46
45.851011,11.699812,2026-08-01 04:36:24.592798720,12,7981,134,62
45.798468,11.688204,2026-08-01 04:36:24.592806912,12,9615,81,44
45.796707,11.70452,2026-08-01 04:36:24.592804864,12,9498,73,29
54.193911,14.102995,2026-08-01 04:36:27.318811392,12,13390,85,104
54.190145,14.09943,2026-08-01 04:36:27.318811904,12,12649,92,97
45.867469,11.416206,2026-08-01 04:36:28.867378688,12,8922,58,217
45.870029,11.426454,2026-08-01 04:36:28.867376128,12,8139,84,223
45.866972,11.42728,2026-08-01 04:36:28.867378944,12,8377,142,201
45.862761,11.419266,2026-08-01 04:36:28.867378688,12,12456,83,168
53.658554,23.254198,2026-08-01 04:36:32.36603648,12,6710,168,410
61.761501,31.176383,2026-08-01 04:36:41.382433536,12,9790,201,162
45.808956,11.378939,2026-08-01 04:36:48.602085120,12,9454,83,28
52.623157,13.790766,2026-08-01 04:36:54.373146112,12,14394,82,17
54.263908,14.291298,2026-08-01 04:36:58.202437120,12,5966,90,39
54.275985,14.285071,2026-08-01 04:36:58.202440192,12,9879,71,25
54.197586,14.097132,2026-08-01 04:37:04.682929408,12,7468,136,39
45.843837,11.50065,2026-08-01 04:37:09.6725376,12,12144,66,16
53.875916,14.364445,2026-08-01 04:37:10.852996096,12,10545,86,188
53.909188,14.373656,2026-08-01 04:37:10.852984064,12,13247,87,253
32.29268,-68.382954,2026-08-01 04:37:17.551831552,12,6910,197,50
52.62901,13.831245,2026-08-01 04:37:21.194238464,12,12601,85,30
45.866234,11.502056,2026-08-01 04:37:23.206043648,12,9031,66,21
45.854794,11.555792,2026-08-01 04:37:23.514854656,12,8259,63,22
61.77413,31.297102,2026-08-01 04:37:23.766145792,12,13819,204,33
54.184991,14.136941,2026-08-01 04:37:27.907952896,12,8215,104,16
54.272304,14.32155,2026-08-01 04:37:28.413937408,12,14521,73,96
54.280111,14.340934,2026-08-01 04:37:28.413946112,12,13259,155,89
54.257524,14.365977,2026-08-01 04:37:28.413961472,12,14116,93,69
45.842945,11.501637,2026-08-01 04:37:30.716716800,12,9079,90,30
31.382132,-69.763132,2026-08-01 04:37:31.127592192,12,8911,237,122
53.869014,14.375744,2026-08-01 04:37:31.143223552,12,6691,155,120
53.869488,14.359126,2026-08-01 04:37:31.143230720,12,6804,110,113
53.871494,14.368257,2026-08-01 04:37:31.143230208,12,11122,119,101
45.838227,11.512081,2026-08-01 04:37:36.922715136,12,6712,132,28
45.77754,11.515449,2026-08-01 04:37:36.922739456,12,12074,98,30
45.809944,11.488372,2026-08-01 04:37:36.927397888,12,9937,86,25
45.863347,11.545724,2026-08-01 04:37:40.509003520,12,9548,86,30
45.833802,11.55844,2026-08-01 04:37:40.552800512,12,10192,93,29
54.27134,14.328259,2026-08-01 04:37:44.733023232,12,14198,108,115
54.287708,14.279731,2026-08-01 04:37:44.733027328,12,10477,116,207
54.48643,14.427717,2026-08-01 04:37:44.732958976,12,7608,265,200
54.306598,14.357644,2026-08-01 04:37:44.733024768,12,12827,161,191
45.829113,11.527058,2026-08-01 04:37:46.902795264,12,12429,73,17
45.861503,11.522803,2026-08-01 04:37:47.205718528,12,10516,58,18
54.190905,14.104913,2026-08-01 04:37:47.559537664,12,12616,95,39
54.181594,14.055953,2026-08-01 04:37:47.566689536,12,5958,137,33
56.635668,28.828583,2026-08-01 04:37:52.359159296,12,3659,235,108
56.607118,28.931644,2026-08-01 04:37:52.359144192,12,2634,228,144
56.617372,28.907419,2026-08-01 04:37:52.359147520,12,10903,238,131
61.450672,31.384589,2026-08-01 04:37:53.269372928,12,14619,136,38
61.782983,31.591827,2026-08-01 04:37:54.728059904,12,12543,260,33
45.846782,11.503827,2026-08-01 04:38:00.114331904,12,3374,65,87
45.858721,11.502677,2026-08-01 04:38:00.114334464,12,9034,192,133
45.840742,11.506817,2026-08-01 04:38:00.114333696,12,7607,118,123
45.821361,11.380216,2026-08-01 04:38:00.114323712,12,13076,187,107
53.198747,22.532274,2026-08-01 04:38:01.939083264,12,5362,198,34
53.199955,22.510022,2026-08-01 04:38:01.939088896,12,7317,114,35
54.218582,14.129214,2026-08-01 04:38:04.793758976,12,5983,87,330
45.767393,11.477989,2026-08-01 04:38:07.529889024,12,9969,85,20
45.847628,11.501642,2026-08-01 04:38:00.114332160,1,2989,65,159
45.814952,11.519314,2026-08-01 04:38:00.114338048,1,12061,92,146
45.777725,11.512714,2026-08-01 04:38:00.114326016,1,14815,195,136
30.137335,-87.725905,2026-08-01 04:38:07.226030080,1,14024,173,31
30.218607,-87.723139,2026-08-01 04:38:07.226050048,1,8365,236,22
45.730092,11.460364,2026-08-01 04:38:07.529880576,1,6557,82,41
45.763263,11.476554,2026-08-01 04:38:07.529891072,1,3200,165,28
33.507487,-104.007654,2026-08-01 04:38:09.104759296,1,12121,178,18
54.257608,14.369232,2026-08-01 04:38:09.490707712,1,10154,82,18
53.505068,23.550907,2026-08-01 04:38:24.269640448,1,10155,191,33
45.872113,11.515055,2026-08-01 04:38:24.597318144,1,4843,58,30
45.785993,11.478807,2026-08-01 04:38:32.552990208,1,11196,71,39
45.804556,11.479367,2026-08-01 04:38:32.557168896,1,7376,86,21
52.630035,13.814066,2026-08-01 04:38:32.665676288,1,7303,126,382
52.650206,13.857859,2026-08-01 04:38:32.665663232,1,3745,259,376
52.642282,13.82081,2026-08-01 04:38:32.665671168,1,5629,90,370
52.643595,13.824467,2026-08-01 04:38:32.665672960,1,10130,65,368
52.65471,13.822395,2026-08-01 04:38:32.665678592,1,5986,85,365
52.650905,13.814377,2026-08-01 04:38:32.665673984,1,6655,72,354
30.326788,-87.612355,2026-08-01 04:38:39.740951552,1,6209,252,29
30.100858,-87.748172,2026-08-01 04:38:39.793262080,1,8191,174,37
30.166035,-87.722391,2026-08-01 04:38:39.793281280,1,11109,239,23
53.874954,14.39869,2026-08-01 04:38:40.429711616,1,5271,120,56
53.891049,14.426162,2026-08-01 04:38:40.439123200,1,6029,117,275
53.8918,14.428759,2026-08-01 04:38:40.439125504,1,4131,87,263
53.891993,14.433847,2026-08-01 04:38:40.439128320,1,5409,185,244
53.888391,14.431581,2026-08-01 04:38:40.439127296,1,4049,135,224
53.890386,14.413298,2026-08-01 04:38:40.439127552,1,4700,106,207
53.879251,14.443172,2026-08-01 04:38:40.439130880,1,2868,147,192
31.085243,-81.869248,2026-08-01 04:38:48.781436672,1,11353,232,36
31.000435,-81.697743,2026-08-01 04:38:48.781446400,1,11608,246,25
45.858317,11.556394,2026-08-01 04:38:49.38699264,1,5665,57,27
24.383377,-106.591526,2026-08-01 04:38:49.906594304,1,7095,265,23
31.348433,-70.405962,2026-08-01 04:38:50.74129664,1,12621,248,23
45.78092,11.820589,2026-08-01 04:38:51.972305664,1,5356,87,73
45.785744,11.820556,2026-08-01 04:38:51.972307968,1,7925,60,73
45.782579,11.81918,2026-08-01 04:38:51.972315904,1,10098,84,53
45.782466,11.823845,2026-08-01 04:38:51.972312320,1,6497,64,34
46.571534,-89.551349,2026-08-01 04:38:52.221342208,1,10343,129,26
54.291164,14.371211,2026-08-01 04:38:53.463094016,1,7159,111,41
27.11359,119.321124,2026-08-01 04:38:30.833453824,2,12122,237,23
28.720367,118.975354,2026-08-01 04:38:42.725294592,2,13985,171,28
39.657611,-88.464925,2026-08-01 04:37:57.983430144,3,7600,127,29
39.622485,-88.459738,2026-08-01 04:37:57.983426304,3,13985,93,23
25.009383,-107.089266,2026-08-01 04:37:59.661199104,3,6993,236,35
30.866898,-108.781966,2026-08-01 04:38:00.1424640,3,12004,215,31
30.921889,-108.764703,2026-08-01 04:38:00.1443072,3,4995,260,24
36.698033,-91.355179,2026-08-01 04:38:00.49388032,3,3583,97,24
36.666666,-91.454749,2026-08-01 04:38:00.49412864,3,9647,141,45
36.747876,-91.355316,2026-08-01 04:38:00.49459200,3,3914,201,27
37.439457,-90.521901,2026-08-01 04:38:00.162169856,3,6347,258,29
37.35962,-90.540641,2026-08-01 04:38:00.537884416,3,3346,138,48
37.409252,-90.557519,2026-08-01 04:38:00.537951488,3,14124,92,35
37.323256,-90.578356,2026-08-01 04:38:00.545977856,3,5296,139,26
19.026452,-97.096064,2026-08-01 04:38:07.979213568,3,9378,261,22
33.526765,-101.638828,2026-08-01 04:38:08.263394048,3,10623,257,37
33.723484,-101.349253,2026-08-01 04:38:08.263502336,3,4762,261,23
33.570562,-103.948579,2026-08-01 04:38:09.104774912,3,5450,196,40
33.630922,-103.904935,2026-08-01 04:38:09.104798720,3,13214,249,20
33.556572,-103.964132,2026-08-01 04:38:09.153136128,3,4510,246,32
33.568112,-103.932955,2026-08-01 04:38:09.153148160,3,5054,238,14
24.340549,-106.620897,2026-08-01 04:38:09.248364288,3,6430,238,45
24.373614,-106.609663,2026-08-01 04:38:09.317961216,3,8252,238,24
33.557074,-103.962715,2026-08-01 04:38:09.331740160,3,3550,251,37
33.538981,-103.995417,2026-08-01 04:38:09.331727104,3,2900,264,25
24.339009,-106.653867,2026-08-01 04:38:09.457318912,3,6494,238,20
33.602678,-103.751745,2026-08-01 04:38:09.503706112,3,13733,116,32
3.85686,-81.088487,2026-08-01 04:38:16.779955456,3,12073,255,48
30.478599,-69.589099,2026-08-01 04:38:16.813134080,3,8200,240,41
30.451311,-77.951014,2026-08-01 04:38:17.552195840,3,3606,178,25
30.4006,-77.964241,2026-08-01 04:38:17.633982976,3,7744,128,27
37.215922,-90.757946,2026-08-01 04:38:18.581583616,3,10371,110,66
37.218161,-90.747869,2026-08-01 04:38:18.581589248,3,7353,87,109
37.225632,-90.778846,2026-08-01 04:38:18.581591552,3,5764,138,90
37.298613,-90.744211,2026-08-01 04:38:18.581616896,3,10382,145,73
37.204349,-90.836039,2026-08-01 04:38:18.581630976,3,12040,145,59
37.21148,-90.768659,2026-08-01 04:38:18.772525568,3,3636,215,72
37.223362,-90.73801,2026-08-01 04:38:18.772535552,3,3991,91,61
37.157789,-90.798057,2026-08-01 04:38:18.772572160,3,11699,153,48
37.297173,-90.752127,2026-08-01 04:38:18.772610816,3,3802,214,35
36.421536,-91.594004,2026-08-01 04:38:19.517672960,3,7451,144,23
36.436888,-91.569047,2026-08-01 04:38:19.517677824,3,2060,208,26
36.424161,-91.602308,2026-08-01 04:38:19.535488000,3,5219,144,29
28.6872,-110.7228,2026-08-01 04:38:19.666150912,3,10991,269,52
19.685278,-79.583683,2026-08-01 04:38:20.149059584,3,5237,148,62
35.055172,-65.566813,2026-08-01 04:38:27.679399680,3,7353,263,43
35.068918,-65.577572,2026-08-01 04:38:27.679406848,3,12079,226,26
36.621946,-91.330271,2026-08-01 04:38:28.186478848,3,14667,94,58
36.674174,-91.368995,2026-08-01 04:38:28.186539264,3,13949,154,39
36.709546,-91.339907,2026-08-01 04:38:28.186564608,3,4997,256,22
30.797334,-108.879333,2026-08-01 04:38:28.560450816,3,12115,169,38
30.835032,-108.736649,2026-08-01 04:38:28.646716928,3,8087,214,63
37.686922,-88.945291,2026-08-01 04:38:36.300046592,3,14748,91,24
33.351355,-103.131527,2026-08-01 04:38:36.457321472,3,8381,192,43
33.491055,-103.047548,2026-08-01 04:38:36.457378816,3,3932,251,27
33.496013,-103.114785,2026-08-01 04:38:36.526226688,3,13842,117,36
33.542143,-103.002987,2026-08-01 04:38:36.526268672,3,4142,212,21
37.138684,-90.464054,2026-08-01 04:38:36.613967104,3,10773,115,52
37.172032,-90.476098,2026-08-01 04:38:36.614028544,3,5624,143,39
37.17663,-90.450587,2026-08-01 04:38:36.614035968,3,10407,195,25
37.155357,-90.481398,2026-08-01 04:38:36.696134656,3,8103,115,41
37.179083,-90.507313,2026-08-01 04:38:36.696200448,3,6470,141,24
30.313052,-107.651804,2026-08-01 04:38:36.738319616,3,5213,266,31
37.147179,-90.445079,2026-08-01 04:38:36.849655296,3,8205,89,101
37.15435,-90.459255,2026-08-01 04:38:36.849664768,3,11699,86,83
37.181429,-90.450756,2026-08-01 04:38:36.849732352,3,9266,131,70
37.164331,-90.451527,2026-08-01 04:38:36.849727488,3,3692,145,50
33.485276,-100.938619,2026-08-01 04:38:37.370608384,3,5473,229,45
33.445577,-101.008684,2026-08-01 04:38:37.370581504,3,5835,179,34
31.664884,-69.497571,2026-08-01 04:38:38.44317696,3,10969,246,89
25.859033,-107.858427,2026-08-01 04:38:45.382254592,3,13750,250,36
25.954249,-107.849416,2026-08-01 04:38:45.382282752,3,8999,260,40
25.797047,-107.911823,2026-08-01 04:38:45.454927872,3,10226,188,44
30.117146,-87.322632,2026-08-01 04:38:45.519676672,3,5011,145,46
30.20412,-87.348014,2026-08-01 04:38:45.519756032,3,5462,253,35
25.863304,-107.864344,2026-08-01 04:38:45.532362240,3,10557,251,19
30.164242,-87.906193,2026-08-01 04:38:45.613412864,3,3552,144,98
30.171134,-87.899337,2026-08-01 04:38:45.613417728,3,2477,159,91
30.227705,-87.915343,2026-08-01 04:38:45.613488128,3,5059,250,65
33.44255,-100.911708,2026-08-01 04:38:53.564163072,3,8203,169,39
33.289193,-101.046834,2026-08-01 04:38:53.684866304,3,9380,223,43
33.443052,-100.916678,2026-08-01 04:38:53.684931840,3,3882,169,30
33.319344,-100.823491,2026-08-01 04:38:53.848033280,3,6029,144,44
33.434198,-100.913449,2026-08-01 04:38:53.848058624,3,3636,169,38
33.536846,-100.773146,2026-08-01 04:38:54.13647104,3,5007,235,28
33.451121,-100.898862,2026-08-01 04:38:54.13601536,3,3541,262,14
30.401629,-108.611734,2026-08-01 04:38:54.415998208,3,13984,218,56
61.618623,31.855032,2026-08-01 04:38:20.610418176,4,14656,193,25
27.098164,119.277405,2026-08-01 04:38:30.833440000,4,13656,249,26
56.863604,29.269212,2026-08-01 04:38:31.289515520,4,9514,249,32
52.619554,13.836874,2026-08-01 04:38:32.665682688,4,10145,99,37
51.93972,12.533779,2026-08-01 04:38:39.305046528,4,11434,90,27
51.937312,12.517611,2026-08-01 04:38:39.343985152,4,8310,90,22
53.886186,14.463061,2026-08-01 04:38:40.439128320,4,6598,121,30
53.865382,14.359685,2026-08-01 04:38:40.552760064,4,9205,151,25
28.720438,118.975785,2026-08-01 04:38:42.725294848,4,13993,171,30
28.390829,-110.686887,2026-08-01 04:38:02.707785728,7,5315,243,24
17.800357,-96.086998,2026-08-01 04:38:12.274367744,7,5994,268,36
25.851663,-107.861635,2026-08-01 04:38:25.479629568,7,14742,208,16
28.574723,-110.242362,2026-08-01 04:38:38.996091648,7,7960,215,20
28.562315,-110.218617,2026-08-01 04:38:39.115527936,7,10436,215,27
6.431706,-94.140996,2026-08-01 04:38:46.400836608,7,5874,254,14
19.818974,-70.051668,2026-08-01 04:38:46.861423872,7,9411,254,19
24.310914,-106.625548,2026-08-01 04:38:49.906561280,7,10345,256,14
23.57657,114.837513,2026-08-01 04:38:04.940215808,9,7139,189,17
27.068857,119.153622,2026-08-01 04:38:30.833400064,9,7515,230,25
28.668373,118.948239,2026-08-01 04:38:42.725291264,9,6604,238,29
29.000109,119.127199,2026-08-01 04:38:42.725394944,9,4652,263,20
23.246679,115.230786,2026-08-01 04:38:48.970835200,9,7760,205,19
37.519644,-88.662542,2026-08-01 04:38:13.277164032,13,11826,132,97
37.496108,-88.534937,2026-08-01 04:38:13.277211904,13,12901,110,75
37.505725,-88.655532,2026-08-01 04:38:13.277228800,13,13591,125,60
37.525332,-88.645454,2026-08-01 04:38:13.396622592,13,7675,148,53
37.550645,-88.671193,2026-08-01 04:38:13.396697088,13,9388,149,41
37.530241,-88.578613,2026-08-01 04:38:13.532915456,13,9181,131,58
37.543135,-88.612764,2026-08-01 04:38:13.532979968,13,7864,155,29
28.65823,-109.960184,2026-08-01 04:38:14.349728768,13,14099,234,31
28.670968,-109.946196,2026-08-01 04:38:14.540238848,13,9754,259,25
30.158735,-87.698578,2026-08-01 04:38:15.346283776,13,5625,159,37
46.716666,-87.964957,2026-08-01 04:38:15.529847552,13,8367,125,63
46.701028,-87.961016,2026-08-01 04:38:15.529850368,13,12855,125,50
46.732599,-87.9703,2026-08-01 04:38:15.529849600,13,10537,130,34
36.970001,-90.807615,2026-08-01 04:38:16.71426048,13,10876,147,15
30.520697,-77.974527,2026-08-01 04:38:17.552217856,13,3215,260,25
30.395502,-77.959847,2026-08-01 04:38:17.633984000,13,5322,128,28
37.220293,-90.751201,2026-08-01 04:38:18.581585152,13,6906,92,106
37.21817,-90.747897,2026-08-01 04:38:18.581586688,13,7354,95,108
37.228287,-90.782973,2026-08-01 04:38:18.581592576,13,9296,118,88
37.292293,-90.781597,2026-08-01 04:38:18.581618688,13,10350,130,69
37.209712,-90.883988,2026-08-01 04:38:18.581620224,13,11325,190,55
37.216627,-90.759581,2026-08-01 04:38:18.772526592,13,4127,209,74
37.223364,-90.73801,2026-08-01 04:38:18.772535552,13,3990,91,64
37.157792,-90.798052,2026-08-01 04:38:18.772572160,13,11699,153,50
37.221637,-90.941445,2026-08-01 04:38:18.772545536,13,3572,269,37
37.281431,-90.74409,2026-08-01 04:38:18.772608000,13,7719,203,22
36.421508,-91.594038,2026-08-01 04:38:19.517672960,13,7450,144,39
36.417132,-91.57162,2026-08-01 04:38:19.517675008,13,4495,187,25
36.414978,-91.590845,2026-08-01 04:38:19.535488512,13,8432,144,25
28.687189,-110.722809,2026-08-01 04:38:19.666150912,13,10991,269,57
19.685286,-79.58369,2026-08-01 04:38:20.149059584,13,5238,148,75
19.671963,-79.557293,2026-08-01 04:38:20.248559872,13,11003,184,36
36.720033,-91.352392,2026-08-01 04:38:21.233533184,13,10309,141,32
42.40225,-91.348127,2026-08-01 04:38:21.494025984,13,13240,126,20
30.1229,-76.684641,2026-08-01 04:38:21.591130368,13,12360,207,17
30.86259,-81.620507,2026-08-01 04:38:22.126179328,13,3390,235,107
30.918606,-81.640038,2026-08-01 04:38:22.126199296,13,3554,240,100
30.858695,-81.593147,2026-08-01 04:38:22.126232832,13,7519,234,86
30.840025,-81.683899,2026-08-01 04:38:22.126217472,13,4070,192,71
30.76417,-81.669532,2026-08-01 04:38:22.160110336,13,6729,130,65
31.15528,-81.78361,2026-08-01 04:38:22.181313280,13,4381,234,39
25.047167,-107.042915,2026-08-01 04:38:23.174681344,13,5831,236,27
28.540948,-110.122752,2026-08-01 04:38:23.256997888,13,9081,232,35
25.023679,-107.049856,2026-08-01 04:38:23.389879552,13,4826,236,32
25.953959,-107.799363,2026-08-01 04:38:25.479666688,13,8946,251,56
25.934936,-107.79579,2026-08-01 04:38:25.644151552,13,5144,250,54
42.383839,-89.20913,2026-08-01 04:38:26.832223744,13,9519,99,74
42.388524,-89.243756,2026-08-01 04:38:26.832283136,13,5069,253,54
42.382065,-89.266581,2026-08-01 04:38:26.832278272,13,5159,178,30
24.625838,-106.613907,2026-08-01 04:38:26.994727168,13,8452,258,23
35.061881,-65.571096,2026-08-01 04:38:27.679404800,13,4042,267,19
36.621946,-91.330271,2026-08-01 04:38:28.186478848,13,14666,94,60
36.672612,-91.36421,2026-08-01 04:38:28.186538752,13,13039,154,41
30.797334,-108.879333,2026-08-01 04:38:28.560450816,13,12116,169,37
25.006572,-107.086286,2026-08-01 04:38:30.703403008,13,9697,236,23
36.395886,-91.520502,2026-08-01 04:38:31.534790144,13,11300,104,36
36.422594,-91.535675,2026-08-01 04:38:31.534794752,13,10041,141,61
24.141961,-106.389393,2026-08-01 04:38:31.682688512,13,6042,254,69
24.086308,-106.387669,2026-08-01 04:38:31.813423872,13,7136,263,41
37.568666,-88.852155,2026-08-01 04:38:32.871893760,13,12667,82,44
37.627047,-88.904972,2026-08-01 04:38:32.871972608,13,7050,160,27
36.696912,-91.648974,2026-08-01 04:38:33.136407552,13,14541,189,26
24.097825,-106.38307,2026-08-01 04:38:33.295016192,13,7013,239,44
36.444682,-91.531187,2026-08-01 04:38:34.179868672,13,10314,126,25
24.996721,-107.111403,2026-08-01 04:38:34.839276032,13,12357,257,20
30.286876,-69.776423,2026-08-01 04:38:35.156127744,13,6057,249,13
37.470133,-90.102271,2026-08-01 04:38:35.578882816,13,13270,134,17
20.755263,-101.887136,2026-08-01 04:38:36.61611264,13,9376,248,16
37.138836,-90.470826,2026-08-01 04:38:36.613961472,13,14215,115,60
37.168599,-90.473103,2026-08-01 04:38:36.614029312,13,7350,145,34
37.183867,-90.456405,2026-08-01 04:38:36.614036992,13,6814,196,21
30.172995,-107.757434,2026-08-01 04:38:36.738261248,13,11860,156,20
33.506263,-100.928846,2026-08-01 04:38:37.370611968,13,3735,240,37
33.438199,-101.032357,2026-08-01 04:38:37.370573312,13,8962,179,29
31.634434,-69.451286,2026-08-01 04:38:38.44305920,13,4605,245,97
31.505649,-69.368655,2026-08-01 04:38:38.44257024,13,10217,251,82
34.330258,-102.103897,2026-08-01 04:38:38.87076608,13,9270,99,40
37.42843,-89.676693,2026-08-01 04:38:38.211575296,13,7753,145,33
34.329741,-102.095508,2026-08-01 04:38:38.215152896,13,8250,99,53
34.382396,-102.099341,2026-08-01 04:38:38.215226624,13,7363,176,23
34.359559,-102.110036,2026-08-01 04:38:38.639447040,13,8626,151,29
28.678322,-110.021237,2026-08-01 04:38:38.996167168,13,7241,249,52
36.708413,-91.173902,2026-08-01 04:38:39.303751424,13,8587,89,65
36.800105,-91.377305,2026-08-01 04:38:39.303761664,13,14741,149,47
30.094678,-87.71909,2026-08-01 04:38:39.665502976,13,10670,155,106
30.103723,-87.742659,2026-08-01 04:38:39.665518592,13,11878,211,96
30.136494,-87.742758,2026-08-01 04:38:39.740816128,13,2726,229,87
30.196781,-87.720046,2026-08-01 04:38:39.740898560,13,9558,222,76
36.716426,-91.194694,2026-08-01 04:38:41.8941568,13,6962,217,19
30.421468,-77.946873,2026-08-01 04:38:41.326671872,13,6913,263,54
36.998225,-90.744884,2026-08-01 04:38:41.417412864,13,13513,122,32
33.600358,-103.97252,2026-08-01 04:38:41.448057600,13,3620,211,21
25.070533,-107.013075,2026-08-01 04:38:41.690958592,13,8197,256,22
33.265454,-102.468678,2026-08-01 04:38:42.365768448,13,13452,267,33
33.500238,-102.082592,2026-08-01 04:38:42.365897984,13,7072,200,23
36.403556,-91.515867,2026-08-01 04:38:43.119563776,13,2030,242,95
36.422534,-91.489714,2026-08-01 04:38:43.119572736,13,8683,95,83
36.452747,-91.475472,2026-08-01 04:38:43.119640064,13,12221,194,64
36.47084,-91.484042,2026-08-01 04:38:43.119641088,13,6783,204,48
36.407261,-91.500237,2026-08-01 04:38:43.266746624,13,10573,109,101
36.417959,-91.482052,2026-08-01 04:38:43.266754560,13,4465,167,78
36.451899,-91.483861,2026-08-01 04:38:43.266822912,13,6973,194,53
36.418773,-91.487526,2026-08-01 04:38:43.391281920,13,5666,108,60
36.436459,-91.474641,2026-08-01 04:38:43.391352064,13,12300,147,41
36.452545,-91.486441,2026-08-01 04:38:43.391347712,13,13062,199,20
37.211277,-90.758815,2026-08-01 04:38:43.929308928,13,14544,185,49
37.262264,-90.772653,2026-08-01 04:38:43.929386752,13,6319,189,49
37.211238,-90.755307,2026-08-01 04:38:43.934221312,13,7831,209,70
37.25529,-90.749137,2026-08-01 04:38:43.934234624,13,9850,88,74
37.463206,-90.652094,2026-08-01 04:38:43.934357504,13,14331,204,35
30.196724,-87.934505,2026-08-01 04:38:45.613476608,13,4510,229,50
30.230637,-87.912754,2026-08-01 04:38:45.613488896,13,5060,250,68
30.117643,-88.031297,2026-08-01 04:38:45.781698560,13,7282,251,71
27.275238,-108.888299,2026-08-01 04:38:46.590789376,13,8238,266,42
30.964024,-81.708938,2026-08-01 04:38:48.781377792,13,4565,242,100
30.94758,-81.690849,2026-08-01 04:38:48.781427456,13,5785,234,84
30.952348,-81.703354,2026-08-01 04:38:48.781425664,13,3764,188,71
31.010281,-108.974727,2026-08-01 04:38:49.89659136,13,11837,129,28
31.115088,-108.856653,2026-08-01 04:38:49.89711616,13,6959,233,24
24.413775,-106.588536,2026-08-01 04:38:49.906594816,13,7026,262,59
31.347358,-70.403459,2026-08-01 04:38:50.74129152,13,11300,243,58
36.758982,-90.921601,2026-08-01 04:38:50.219909632,13,4085,196,51
36.756448,-91.243918,2026-08-01 04:38:51.342700288,13,9734,218,25
33.386026,-103.146661,2026-08-01 04:38:51.797023488,13,10944,191,26
9.525251,-71.607753,2026-08-01 04:38:51.999665920,13,14111,238,16
46.573243,-89.550253,2026-08-01 04:38:52.221269248,13,14920,174,59
46.578981,-89.569686,2026-08-01 04:38:52.221328128,13,12727,128,46
46.627736,-89.772418,2026-08-01 04:38:52.255694336,13,13374,108,25
33.442573,-100.911708,2026-08-01 04:38:53.564163072,13,8203,169,38
33.289622,-101.046562,2026-08-01 04:38:53.684866304,13,9375,223,44
33.442988,-100.916704,2026-08-01 04:38:53.684931840,13,3882,169,31
33.300841,-101.028291,2026-08-01 04:38:53.847994624,13,9056,178,40
33.474183,-100.885715,2026-08-01 04:38:53.848074240,13,8654,201,38
30.602248,-108.571422,2026-08-01 04:38:54.416073472,13,14702,257,40
30.561338,-108.694757,2026-08-01 04:38:54.579563776,13,11104,171,40
30.692045,-108.552163,2026-08-01 04:38:54.579622912,13,6118,245,28
30.834137,-108.875394,2026-08-01 04:38:55.147485440,13,5147,133,29
30.898377,-108.746905,2026-08-01 04:38:55.405618432,13,9322,205,25
37.194118,-89.314146,2026-08-01 04:38:55.649477376,13,7496,225,23
30.639718,-108.317455,2026-08-01 04:38:55.674274816,13,14823,213,38
37.425276,-89.168937,2026-08-01 04:38:56.320567552,13,9403,222,33
37.622883,-88.879227,2026-08-01 04:38:56.320673024,13,3788,162,24
25.178699,-107.057091,2026-08-01 04:38:56.395524352,13,11083,269,35
30.409934,-77.953467,2026-08-01 04:38:58.344531456,13,5811,260,58
36.725529,-91.212395,2026-08-01 04:38:59.123358464,13,12206,159,24
25.537453,-107.547719,2026-08-01 04:38:59.619850752,13,5889,251,40
33.602259,-101.492778,2026-08-01 04:39:00.305918464,13,13832,157,25
30.290375,-88.18819,2026-08-01 04:39:00.584112384,13,6784,143,125
29.521857,-87.645032,2026-08-01 04:39:00.583914240,13,4432,263,110
30.328055,-88.244379,2026-08-01 04:39:00.769029888,13,5186,151,39
30.15287,-88.246585,2026-08-01 04:39:00.897304320,13,6059,217,38
30.304301,-88.197585,2026-08-01 04:39:00.897353472,13,9414,238,28
30.221866,-88.278766,2026-08-01 04:39:01.25550848,13,12089,152,32
30.732739,-69.889332,2026-08-01 04:39:01.675032832,13,3674,246,22
35.031073,-104.527258,2026-08-01 04:39:01.742269184,13,13924,101,43
28.665084,-109.954099,2026-08-01 04:39:03.519574272,13,5525,235,20
36.394011,-91.52375,2026-08-01 04:39:03.644576000,13,9674,218,44
36.428136,-91.504519,2026-08-01 04:39:03.644652800,13,13695,205,33
36.694109,-91.16985,2026-08-01 04:39:03.668894208,13,8077,98,45
36.768149,-91.164421,2026-08-01 04:39:03.668967936,13,4360,212,44
36.795938,-91.160251,2026-08-01 04:39:03.668976896,13,3843,261,30
36.47767,-91.525301,2026-08-01 04:39:03.762312192,13,7335,202,28
30.70579,-81.656723,2026-08-01 04:39:04.363246080,13,14510,237,33
30.895319,-81.631865,2026-08-01 04:39:04.363319552,13,9820,237,22
30.881881,-81.594615,2026-08-01 04:39:04.632831744,13,5738,249,20
38.115747,-60.044315,2026-08-01 04:39:04.703570688,13,11231,194,25
46.751026,-88.07888,2026-08-01 04:39:05.604036608,13,13208,148,39
46.75055,-88.02331,2026-08-01 04:39:05.610085632,13,4368,226,51
30.100036,-87.771507,2026-08-01 04:39:06.266799104,13,7384,119,48
30.107922,-87.727383,2026-08-01 04:39:06.402226944,13,9406,149,96
30.164692,-87.770197,2026-08-01 04:39:06.499113472,13,3871,226,66
36.690851,-91.218678,2026-08-01 04:39:06.824947456,13,7728,94,62
36.627608,-91.268292,2026-08-01 04:39:06.824987136,13,11397,155,48
36.724248,-91.223343,2026-08-01 04:39:06.825014272,13,9001,197,30
36.718367,-91.230453,2026-08-01 04:39:06.920477440,13,10534,153,23
30.142239,-87.670751,2026-08-01 04:39:07.585219072,13,8601,207,30
29.971704,-87.691458,2026-08-01 04:39:07.683955712,13,10122,154,32
40.738869,-89.107973,2026-08-01 04:39:07.991821568,13,9439,98,36
40.671185,-89.184717,2026-08-01 04:39:07.991804928,13,9548,206,29
24.148902,-106.390912,2026-08-01 04:39:09.749507328,13,5638,254,60
33.143022,-101.265051,2026-08-01 04:39:10.988474112,13,5132,239,39
30.24323,-87.936375,2026-08-01 04:39:11.169710080,13,7356,221,32
37.305201,-90.996846,2026-08-01 04:39:11.553244928,13,10851,131,35
37.205139,-90.914788,2026-08-01 04:39:11.553264384,13,11656,132,61
37.094176,-91.196386,2026-08-01 04:39:11.553165568,13,6369,262,44
25.057941,-107.004841,2026-08-01 04:39:12.176576000,13,6470,236,24
33.532774,-101.233094,2026-08-01 04:39:12.308540672,13,14732,164,20
32.327261,-68.054838,2026-08-01 04:39:12.471624192,13,7399,247,24
21.423936,-101.994142,2026-08-01 04:39:12.817039616,13,9367,245,100
33.633435,-102.920397,2026-08-01 04:39:13.543562240,13,11292,178,42
33.606842,-102.936103,2026-08-01 04:39:13.543556352,13,7601,190,47
27.113914,119.322112,2026-08-01 04:38:30.833454336,14,12121,237,24
28.721871,118.985884,2026-08-01 04:38:42.725297664,14,10388,171,27
52.133404,13.246302,2026-08-01 04:38:14.580899584,11,12022,131,359
52.131823,13.301964,2026-08-01 04:38:14.580893696,11,6568,117,351
37.219716,-90.754795,2026-08-01 04:38:18.581590528,11,14166,98,53
37.203413,-90.731782,2026-08-01 04:38:18.581649152,11,9217,117,35
61.698876,31.752633,2026-08-01 04:38:20.610365952,11,4106,246,278
61.712817,31.654406,2026-08-01 04:38:20.610387968,11,7547,187,265
30.899857,-81.631572,2026-08-01 04:38:22.126189312,11,6272,231,82
45.863634,11.674175,2026-08-01 04:38:25.812606464,11,6543,73,32
42.283257,-89.612912,2026-08-01 04:38:26.832174336,11,11482,225,27
35.092668,-65.586311,2026-08-01 04:38:27.679412480,11,5066,265,23
56.894194,29.315899,2026-08-01 04:38:31.289490688,11,6675,223,164
56.873709,29.373222,2026-08-01 04:38:31.289489408,11,3042,229,260
24.126643,-106.386765,2026-08-01 04:38:31.682684160,11,6599,246,33
52.641357,13.811066,2026-08-01 04:38:32.665672448,11,8932,127,294
52.649473,13.821663,2026-08-01 04:38:32.665668096,11,11791,95,364
52.636975,13.823441,2026-08-01 04:38:32.665675264,11,8822,111,272
45.870378,11.562573,2026-08-01 04:38:37.827945472,11,10243,184,50
51.9373,12.523473,2026-08-01 04:38:39.305044224,11,7068,87,101
53.889675,14.414483,2026-08-01 04:38:40.439121664,11,9240,87,178
53.890098,14.436253,2026-08-01 04:38:40.439124480,11,6113,161,181
53.870355,14.36903,2026-08-01 04:38:40.552749568,11,10733,102,181
45.824892,11.609573,2026-08-01 04:38:43.199040256,11,4080,74,72
45.881949,11.423773,2026-08-01 04:38:44.121747200,11,8040,68,19
30.968222,-81.694591,2026-08-01 04:38:48.781371136,11,10633,235,69
31.000099,-81.697923,2026-08-01 04:38:48.781441536,11,11607,246,57
45.783829,11.819352,2026-08-01 04:38:51.972305664,11,12173,68,44
45.785642,11.819131,2026-08-01 04:38:51.972311040,11,9490,81,42
54.291893,14.347123,2026-08-01 04:39:01.12369408,11,8508,73,105
54.286417,14.356901,2026-08-01 04:39:01.12363008,11,9001,131,94
54.259892,14.218191,2026-08-01 04:39:07.162243840,11,10892,180,72
54.229098,14.198875,2026-08-01 04:39:07.162252288,11,9369,117,106
54.212269,14.15653,2026-08-01 04:39:07.162269696,11,5402,155,93
54.213121,14.179937,2026-08-01 04:39:07.162266368,11,6156,159,80
54.19322,14.158655,2026-08-01 04:39:07.162271488,11,7545,173,66
54.198275,14.161096,2026-08-01 04:39:07.162271232,11,6306,134,53
51.000993,10.366751,2026-08-01 04:39:09.649710080,11,8414,49,172
51.014477,10.375646,2026-08-01 04:39:09.649712896,11,12106,75,166
51.040389,10.355683,2026-08-01 04:39:09.649706496,11,9624,151,148
51.026316,10.351395,2026-08-01 04:39:09.649707776,11,14665,92,130
56.873387,29.420824,2026-08-01 04:39:13.499119872,11,4269,232,238
56.856967,29.466066,2026-08-01 04:39:13.499116032,11,3181,245,297
52.133404,13.246302,2026-08-01 04:38:14.580899584,12,12022,131,360
52.131823,13.301964,2026-08-01 04:38:14.580893696,12,6568,117,352
37.208578,-90.756203,2026-08-01 04:38:18.581588736,12,10709,98,52
37.203413,-90.731782,2026-08-01 04:38:18.581649152,12,9217,117,35
61.698876,31.752633,2026-08-01 04:38:20.610365952,12,4106,246,280
61.712817,31.654406,2026-08-01 04:38:20.610387968,12,7547,187,267
30.916537,-81.626529,2026-08-01 04:38:22.126193920,12,8131,231,81
45.863704,11.6748,2026-08-01 04:38:25.812606464,12,9038,73,29
42.283257,-89.612912,2026-08-01 04:38:26.832174336,12,11482,225,27
35.092668,-65.586311,2026-08-01 04:38:27.679412480,12,5066,265,23
56.894194,29.315899,2026-08-01 04:38:31.289490688,12,6675,223,164
56.873709,29.373222,2026-08-01 04:38:31.289489408,12,3042,229,262
24.126643,-106.386765,2026-08-01 04:38:31.682684160,12,6599,246,33
52.641355,13.811064,2026-08-01 04:38:32.665672448,12,8934,127,294
52.649473,13.821663,2026-08-01 04:38:32.665668096,12,11791,87,366
52.643608,13.805822,2026-08-01 04:38:32.665667328,12,7865,161,164
45.88891,11.533405,2026-08-01 04:38:37.827954176,12,8006,103,52
53.870355,14.369026,2026-08-01 04:38:40.552749568,12,10730,86,130
45.824892,11.609573,2026-08-01 04:38:43.199040256,12,4080,74,71
45.881949,11.423773,2026-08-01 04:38:44.121747200,12,8040,68,19
30.968222,-81.694591,2026-08-01 04:38:48.781371136,12,10633,235,69
31.000099,-81.697923,2026-08-01 04:38:48.781441536,12,11607,246,57
45.779057,11.815155,2026-08-01 04:38:51.972307712,12,11364,70,50
45.78228,11.819787,2026-08-01 04:38:51.972311808,12,10314,86,51
54.291829,14.349043,2026-08-01 04:39:01.12369408,12,8562,73,102
54.286904,14.365554,2026-08-01 04:39:01.12365824,12,7206,132,94
54.259892,14.218191,2026-08-01 04:39:07.162243840,12,10892,180,72
54.229098,14.198875,2026-08-01 04:39:07.162252288,12,9369,117,107
54.212269,14.15653,2026-08-01 04:39:07.162269696,12,5402,155,94
54.213121,14.179937,2026-08-01 04:39:07.162266368,12,6156,159,81
54.162791,14.137007,2026-08-01 04:39:07.162280704,12,9266,156,67
54.200892,14.179584,2026-08-01 04:39:07.162268160,12,7432,134,50
51.000993,10.366751,2026-08-01 04:39:09.649710080,12,8414,49,172
51.014477,10.375646,2026-08-01 04:39:09.649712896,12,12106,75,166
51.040389,10.355683,2026-08-01 04:39:09.649706496,12,9624,151,148
51.026316,10.351395,2026-08-01 04:39:09.649707776,12,14665,92,130
56.864848,29.491859,2026-08-01 04:39:13.499111680,12,8753,246,149
56.85663,29.434526,2026-08-01 04:39:13.499123712,12,10075,216,269
