25.643942,-77.612848,2026-09-30 01:30:00.594184448,1,12510,270,16
33.183626,-103.932961,2026-09-30 01:30:09.425831680,1,7087,201,29
47.60221,-10.395781,2026-09-30 01:30:28.529479936,1,5710,239,370
21.197268,-105.554998,2026-09-30 01:30:36.623077888,1,12918,267,20
33.243293,-103.738854,2026-09-30 01:30:37.564801280,1,8922,233,18
32.70957,-104.28847,2026-09-30 01:30:46.816270848,1,10733,190,27
18.485847,-109.109689,2026-09-30 01:30:46.877819648,1,7894,268,34
47.96265,-9.883027,2026-09-30 01:30:46.932436992,1,10277,220,51
47.946908,-9.989329,2026-09-30 01:30:46.932482816,1,5336,255,36
47.955833,-9.94473,2026-09-30 01:30:46.932486400,1,6515,176,23
42.379776,3.981528,2026-09-30 01:30:54.471721216,1,12344,169,27
33.426423,-103.790177,2026-09-30 01:30:56.213339904,1,11675,220,27
33.383371,-103.883276,2026-09-30 01:30:56.336752640,1,12856,179,29
20.93206,-99.455766,2026-09-30 01:31:14.191577344,1,7370,254,23
21.061311,-99.856822,2026-09-30 01:31:15.720556800,1,8949,252,34
42.416122,4.08178,2026-09-30 01:31:32.43487232,1,14289,148,25
42.397117,4.077894,2026-09-30 01:31:32.63287296,1,6355,197,432
42.406579,4.06575,2026-09-30 01:31:32.63294208,1,4849,176,413
42.423207,4.071275,2026-09-30 01:31:32.63299840,1,2396,243,391
42.376322,4.031331,2026-09-30 01:31:32.63279616,1,5181,267,378
42.390282,4.078718,2026-09-30 01:31:32.63294976,1,3144,161,365
42.403282,4.071278,2026-09-30 01:31:32.63293440,1,3848,174,352
42.400249,4.06153,2026-09-30 01:31:32.63292160,1,4746,240,338
42.402408,4.057474,2026-09-30 01:31:32.63293184,1,6924,228,323
42.388509,4.041452,2026-09-30 01:31:32.63288576,1,2719,253,307
42.456739,4.05779,2026-09-30 01:31:32.63316992,1,6717,231,292
33.209881,-103.909,2026-09-30 01:31:39.364167680,1,10115,220,18
33.185336,-103.919333,2026-09-30 01:31:39.572125696,1,9731,220,19
32.362678,-103.956078,2026-09-30 01:31:40.557260800,1,11219,205,25
25.700165,-77.591155,2026-09-30 01:31:40.897682944,1,8094,270,35
26.188286,-77.587965,2026-09-30 01:31:40.897906944,1,8605,241,21
34.712947,-103.530528,2026-09-30 01:31:50.614309120,1,8661,192,30
34.896124,-102.182978,2026-09-30 01:31:54.748660992,1,11407,208,15
29.173069,-103.026844,2026-09-30 01:31:54.992364544,1,7036,206,19
32.100157,138.850902,2026-09-30 01:30:04.822215424,2,3938,252,33
25.713447,-77.579852,2026-09-30 01:30:00.236960512,3,12284,233,44
25.713984,-77.659877,2026-09-30 01:30:00.594208768,3,7442,232,32
33.150951,-103.907528,2026-09-30 01:30:09.425761024,3,11920,71,83
33.212251,-103.92903,2026-09-30 01:30:09.425832960,3,10183,198,67
33.281935,-103.92071,2026-09-30 01:30:09.425850880,3,3193,240,48
33.099188,-104.029141,2026-09-30 01:30:09.425800192,3,7056,239,34
33.003215,-104.075466,2026-09-30 01:30:09.479241984,3,6800,213,57
33.196023,-103.958676,2026-09-30 01:30:09.479316224,3,13586,197,42
32.996497,-104.088588,2026-09-30 01:30:09.631670272,3,6862,213,38
33.210643,-103.922973,2026-09-30 01:30:09.631764992,3,6585,218,31
33.181782,-103.925935,2026-09-30 01:30:09.955411200,3,9907,170,18
18.821193,-89.894218,2026-09-30 01:30:10.272729088,3,12258,246,51
33.653641,-103.982625,2026-09-30 01:30:10.934646016,3,9317,87,31
33.654016,-103.975823,2026-09-30 01:30:11.67685376,3,9276,87,30
33.73031,-103.886808,2026-09-30 01:30:11.67733504,3,9474,198,16
23.378969,-78.432178,2026-09-30 01:30:19.561469952,3,6667,253,23
20.258866,-82.9426,2026-09-30 01:30:20.477711616,3,5071,261,33
34.748769,-102.50681,2026-09-30 01:30:20.592279552,3,8949,260,20
19.656286,-81.014629,2026-09-30 01:30:20.734276096,3,5006,235,100
19.318634,-80.125941,2026-09-30 01:30:27.930463488,3,9173,264,59
19.335074,-80.143891,2026-09-30 01:30:28.5850368,3,2630,264,49
33.180479,-103.766267,2026-09-30 01:30:28.201494016,3,13923,217,15
25.845926,-87.011174,2026-09-30 01:30:28.322280704,3,11923,210,15
25.853081,-87.017432,2026-09-30 01:30:28.352807168,3,9765,210,23
21.009768,-99.344681,2026-09-30 01:30:28.413256704,3,9372,264,24
33.205201,-104.110987,2026-09-30 01:30:28.904037120,3,8236,237,20
16.240376,-106.191533,2026-09-30 01:30:30.666109952,3,7191,268,25
35.667388,-101.768931,2026-09-30 01:30:31.479194624,3,9334,127,50
35.679376,-101.804141,2026-09-30 01:30:31.479250432,3,3844,248,36
33.445879,-103.845134,2026-09-30 01:30:31.977629952,3,4135,246,31
21.069049,-105.514917,2026-09-30 01:30:34.586919680,3,8600,266,93
31.276583,-76.46842,2026-09-30 01:30:42.235478016,3,6572,211,42
29.154246,-77.317972,2026-09-30 01:30:42.234713600,3,3957,255,33
31.370775,-76.500754,2026-09-30 01:30:42.326305280,3,4952,192,34
31.347722,-76.511501,2026-09-30 01:30:42.326294784,3,2515,255,20
31.341535,-76.492044,2026-09-30 01:30:42.356924160,3,5076,255,31
31.371603,-76.500608,2026-09-30 01:30:42.356932352,3,11081,255,13
19.961144,-81.688422,2026-09-30 01:30:49.994918912,3,5335,261,66
33.156258,-103.859876,2026-09-30 01:30:57.120687104,3,11826,87,20
33.164444,-103.891688,2026-09-30 01:30:57.862508288,3,14592,146,62
33.19998,-103.916717,2026-09-30 01:30:57.862572032,3,6191,218,47
33.244176,-103.910358,2026-09-30 01:30:57.862580480,3,10548,223,31
33.201535,-103.936341,2026-09-30 01:30:57.893071104,3,4540,203,29
33.190536,-103.932137,2026-09-30 01:30:57.893070080,3,7955,187,17
32.991815,-104.073138,2026-09-30 01:30:57.925508096,3,8639,213,56
33.179678,-103.934483,2026-09-30 01:30:57.925591552,3,8638,187,44
33.131869,-103.928019,2026-09-30 01:30:58.27589888,3,2636,160,104
33.17585,-103.933474,2026-09-30 01:30:58.27659008,3,12902,198,89
32.348019,-59.449243,2026-09-30 01:31:06.139241984,3,9544,269,46
32.395097,-59.520218,2026-09-30 01:31:06.139273728,3,6232,270,36
33.453062,-103.792531,2026-09-30 01:31:13.992992256,3,11679,167,22
21.016536,-99.44675,2026-09-30 01:31:14.191599872,3,5228,268,50
33.418309,-103.746241,2026-09-30 01:31:14.738686464,3,9577,159,19
23.814889,-81.457142,2026-09-30 01:31:15.566379264,3,8411,241,57
23.842634,-81.469344,2026-09-30 01:31:15.566381568,3,10236,241,51
21.348236,-99.778008,2026-09-30 01:31:15.720623360,3,11016,248,87
16.473042,-106.181525,2026-09-30 01:31:22.932934912,3,8838,269,43
16.360293,-106.272921,2026-09-30 01:31:22.932900608,3,7906,268,38
16.353525,-106.243005,2026-09-30 01:31:23.110489344,3,5650,269,49
16.224328,-106.294154,2026-09-30 01:31:23.110451200,3,13560,267,54
19.36033,-80.32063,2026-09-30 01:31:23.203486464,3,4569,264,39
23.446414,-78.556836,2026-09-30 01:31:24.95663360,3,6488,247,43
23.42165,-78.542688,2026-09-30 01:31:24.411403264,3,5075,245,39
23.606804,-77.972631,2026-09-30 01:31:24.852887552,3,3983,244,30
34.886994,-102.966416,2026-09-30 01:31:25.142754816,3,10895,263,18
19.67168,-81.089713,2026-09-30 01:31:25.345892608,3,5199,262,25
19.262367,-89.798914,2026-09-30 01:31:25.828088320,3,4581,239,40
19.675782,-81.092436,2026-09-30 01:31:26.39793152,3,3545,262,20
33.213653,-103.654815,2026-09-30 01:31:26.315846144,3,7704,241,26
29.64739,-104.308047,2026-09-30 01:31:26.610001664,3,7971,178,49
18.899064,-89.96166,2026-09-30 01:31:26.810811136,3,8491,245,14
16.263078,-106.020567,2026-09-30 01:31:27.704490240,3,5521,269,28
16.12484,-106.211921,2026-09-30 01:31:34.895177216,3,8731,267,80
29.137747,-74.073395,2026-09-30 01:31:36.107013632,3,9044,261,47
20.098179,-82.219994,2026-09-30 01:31:36.192145664,3,2117,260,47
29.131283,-102.959431,2026-09-30 01:31:43.816027392,3,10253,105,53
29.228693,-102.965622,2026-09-30 01:31:43.816106496,3,12551,228,40
29.184313,-102.995189,2026-09-30 01:31:43.816093952,3,9104,251,19
29.125387,-103.023641,2026-09-30 01:31:46.227132928,3,13864,229,49
29.179947,-102.912246,2026-09-30 01:31:46.227163392,3,4924,211,33
16.259106,-106.213518,2026-09-30 01:31:46.441605632,3,14185,268,46
19.87842,-81.637981,2026-09-30 01:31:46.734999552,3,3113,261,34
26.592946,-103.569356,2026-09-30 01:31:46.867101440,3,14975,235,16
29.458741,-103.013124,2026-09-30 01:31:46.913602048,3,7333,202,32
29.575441,-102.952469,2026-09-30 01:31:46.971660800,3,5215,225,39
19.969186,-81.548085,2026-09-30 01:31:47.133746432,3,5264,261,35
29.165942,-103.076769,2026-09-30 01:31:54.735992064,3,11774,191,41
29.275514,-102.942374,2026-09-30 01:31:54.736049152,3,12970,250,28
34.829505,-102.286519,2026-09-30 01:31:54.748635648,3,14135,115,48
34.873495,-102.195731,2026-09-30 01:31:54.748658176,3,7679,172,36
29.156025,-103.073828,2026-09-30 01:31:54.776928000,3,10485,191,51
29.221105,-103.013404,2026-09-30 01:31:54.776966656,3,11089,217,39
29.168922,-103.02238,2026-09-30 01:31:54.992361216,3,8904,191,52
29.22973,-102.960307,2026-09-30 01:31:54.992385792,3,10672,212,35
29.168253,-103.022081,2026-09-30 01:31:55.51592704,3,7560,203,22
19.932997,-81.939269,2026-09-30 01:32:02.657542656,3,12361,261,69
32.092994,138.857647,2026-09-30 01:30:04.822213376,4,2727,252,33
47.878525,-10.265151,2026-09-30 01:30:46.957452288,4,14372,259,31
28.410987,4.563406,2026-09-30 01:31:21.537077504,4,4588,265,21
42.37817,4.05904,2026-09-30 01:31:32.63292672,4,14944,186,38
42.019049,3.717253,2026-09-30 01:31:32.125444864,4,10673,263,26
42.381299,3.963331,2026-09-30 01:31:32.220431360,4,8745,167,25
23.82648,-81.520475,2026-09-30 01:30:08.334090240,7,1238,241,24
23.944113,-81.531645,2026-09-30 01:30:08.334129664,7,3696,264,12
18.409959,-79.161241,2026-09-30 01:30:08.516078848,7,2254,268,23
24.313614,-85.993268,2026-09-30 01:30:12.542531072,7,10736,202,24
24.418707,-85.883537,2026-09-30 01:30:12.582946048,7,11000,230,11
21.041239,-99.885156,2026-09-30 01:30:13.854418688,7,5699,254,24
18.915717,-90.299768,2026-09-30 01:30:14.192909312,7,6171,247,30
17.835046,-89.860081,2026-09-30 01:30:14.860801536,7,13154,251,10
18.92912,-97.143257,2026-09-30 01:30:15.207155200,7,6875,250,17
25.722847,-77.586688,2026-09-30 01:30:17.679663360,7,13336,232,14
23.366954,-78.42171,2026-09-30 01:30:19.491990528,7,4186,252,22
23.491434,-78.442901,2026-09-30 01:30:19.492035584,7,5563,245,14
23.432183,-78.457774,2026-09-30 01:30:19.561487872,7,4600,245,19
19.659087,-81.017342,2026-09-30 01:30:20.734277120,7,5467,167,25
19.346874,-80.140285,2026-09-30 01:30:27.930474752,7,4148,264,21
19.327798,-80.135832,2026-09-30 01:30:28.5849088,7,7120,264,17
25.842435,-87.0035,2026-09-30 01:30:28.352811520,7,8499,210,11
19.168342,-89.852954,2026-09-30 01:30:36.242741504,7,7437,237,10
21.1516,-105.672473,2026-09-30 01:30:36.623026432,7,10008,257,17
19.637615,-75.882353,2026-09-30 01:30:38.44745984,7,5162,269,14
8.702808,-65.240391,2026-09-30 01:30:38.516313344,7,4199,217,22
27.276728,-85.366994,2026-09-30 01:30:40.303003648,7,5622,219,23
25.647602,-77.588838,2026-09-30 01:30:40.823568896,7,2711,232,29
25.651232,-77.596126,2026-09-30 01:30:40.823567616,7,2422,232,20
12.686939,-33.499944,2026-09-30 01:30:49.654013440,7,5625,214,20
19.972355,-81.684431,2026-09-30 01:30:49.994919680,7,3529,261,21
23.568698,-101.504275,2026-09-30 01:30:50.748261376,7,7440,226,18
26.514917,-72.186174,2026-09-30 01:30:51.381408256,7,5506,263,20
20.696847,-99.065039,2026-09-30 01:30:52.287530496,7,6563,241,13
20.608983,-78.070762,2026-09-30 01:31:00.635904768,7,9776,236,15
19.949807,-81.511012,2026-09-30 01:31:01.816143872,7,4071,261,25
20.01966,-81.491862,2026-09-30 01:31:01.816170752,7,6975,247,14
19.265766,-75.083064,2026-09-30 01:31:02.579048960,7,4593,269,18
20.221097,-82.689007,2026-09-30 01:31:03.318021888,7,13114,230,16
20.157837,-82.693806,2026-09-30 01:31:03.784897792,7,2298,261,26
20.144871,-82.698282,2026-09-30 01:31:03.784893440,7,3385,260,18
20.200927,-76.370212,2026-09-30 01:31:05.232146944,7,3506,263,19
26.32504,-86.196746,2026-09-30 01:31:06.296008448,7,8941,226,14
26.752477,-86.710486,2026-09-30 01:31:08.860136448,7,3628,223,18
26.733942,-86.720067,2026-09-30 01:31:08.860127488,7,6974,242,13
20.833359,-106.865989,2026-09-30 01:31:09.854540032,7,6513,264,15
19.298153,-79.029793,2026-09-30 01:31:10.509533440,7,1172,265,16
19.264919,-79.027076,2026-09-30 01:31:10.572399360,7,7431,240,13
24.127763,-78.879483,2026-09-30 01:31:11.185403392,7,4167,248,30
24.036967,-78.868261,2026-09-30 01:31:11.185414656,7,6997,168,23
24.085254,-78.831422,2026-09-30 01:31:11.282807040,7,3615,216,15
24.045462,-78.825165,2026-09-30 01:31:11.315943680,7,5934,241,19
24.046872,-78.828124,2026-09-30 01:31:11.372167424,7,4169,241,22
23.843381,-81.475288,2026-09-30 01:31:15.566384896,7,9698,241,18
19.90724,-81.609126,2026-09-30 01:31:15.939179520,7,4671,261,20
19.926947,-81.604497,2026-09-30 01:31:16.20012800,7,6282,261,22
19.336438,-80.160791,2026-09-30 01:31:16.191770368,7,2940,265,27
19.31743,-80.145327,2026-09-30 01:31:16.294231808,7,1637,264,19
19.458101,-80.493128,2026-09-30 01:31:17.816465408,7,5900,263,15
19.441434,-80.497368,2026-09-30 01:31:17.990869760,7,2307,263,12
27.716679,-71.277088,2026-09-30 01:31:20.685486336,7,7795,245,17
17.77534,-89.967825,2026-09-30 01:31:27.872595200,7,7431,251,14
28.076654,-71.168003,2026-09-30 01:31:28.740913408,7,5712,258,25
28.17497,-71.223457,2026-09-30 01:31:28.741002496,7,10232,125,17
27.930398,-71.181922,2026-09-30 01:31:28.807761152,7,7434,212,17
19.491034,-80.407354,2026-09-30 01:31:31.800082176,7,2599,263,16
25.58381,-77.570624,2026-09-30 01:31:40.897648384,7,3192,261,18
25.821192,-77.588118,2026-09-30 01:31:40.897775872,7,4407,261,23
25.726656,-77.565906,2026-09-30 01:31:40.941643008,7,5620,232,21
25.732008,-77.56371,2026-09-30 01:31:40.965338880,7,3541,232,18
25.352758,-77.519616,2026-09-30 01:31:41.95558656,7,14020,265,13
18.361567,-79.143948,2026-09-30 01:31:42.175218176,7,2651,268,22
19.054923,-97.050416,2026-09-30 01:31:42.199971840,7,4592,250,22
18.4031,-79.137913,2026-09-30 01:31:42.253082624,7,2130,268,18
23.351743,-78.442991,2026-09-30 01:31:42.840698880,7,2706,252,25
23.435055,-78.475717,2026-09-30 01:31:42.997033472,7,2678,245,14
14.677814,-90.230092,2026-09-30 01:31:47.562159616,7,10391,262,23
21.139155,-105.554888,2026-09-30 01:31:50.191289856,7,6261,267,24
19.334191,-80.30779,2026-09-30 01:31:51.268682240,7,1182,264,18
20.303849,-76.163676,2026-09-30 01:31:53.344531968,7,2868,268,14
19.28874,-89.980495,2026-09-30 01:31:53.510482432,7,7834,239,12
29.182859,-103.021411,2026-09-30 01:31:54.992360960,7,8308,177,16
19.314381,-80.162881,2026-09-30 01:31:55.348383488,7,5317,264,26
19.314553,-80.170835,2026-09-30 01:31:55.671115264,7,6288,264,15
20.781169,-99.104916,2026-09-30 01:31:57.959086848,7,6829,240,18
25.442464,-77.726102,2026-09-30 01:31:58.987554304,7,14129,266,18
19.927845,-81.928923,2026-09-30 01:32:02.657540352,7,7793,261,23
11.243446,-19.563929,2026-09-30 01:31:19.313565440,5,11211,261,38
7.489518,-6.329122,2026-09-30 01:31:27.887035136,5,11561,230,12
30.788891,107.988653,2026-09-30 01:30:01.507616000,9,4807,260,21
31.24442,139.100676,2026-09-30 01:30:04.160844544,9,8288,139,27
31.894766,138.680517,2026-09-30 01:30:04.162493440,9,12325,266,17
32.099967,138.850958,2026-09-30 01:30:04.822218240,9,3941,252,35
32.110767,138.829914,2026-09-30 01:30:04.822223360,9,3849,256,16
31.889359,138.660007,2026-09-30 01:31:34.213403648,9,13382,258,19
31.818989,138.729132,2026-09-30 01:31:34.214791936,9,14636,254,16
31.596522,108.348594,2026-09-30 01:31:54.984404224,9,6721,258,28
25.849639,-77.563495,2026-09-30 01:30:00.237006848,13,12191,260,45
25.72894,-77.660898,2026-09-30 01:30:00.594209792,13,3007,269,19
16.390393,-106.229582,2026-09-30 01:30:02.25389056,13,7732,268,61
33.136875,-103.876915,2026-09-30 01:30:03.755153408,13,6336,127,26
38.287579,-100.090933,2026-09-30 01:30:05.413016576,13,12354,147,29
31.339582,-76.465847,2026-09-30 01:30:06.625117952,13,4226,205,90
31.346157,-76.457049,2026-09-30 01:30:06.625118720,13,4948,236,75
31.299187,-76.447885,2026-09-30 01:30:06.625160448,13,5462,241,46
31.282076,-76.422895,2026-09-30 01:30:06.673519872,13,9904,212,50
33.146744,-103.927075,2026-09-30 01:30:09.425763072,13,6628,88,72
33.198173,-103.945363,2026-09-30 01:30:09.425825536,13,6994,198,67
33.140547,-104.024626,2026-09-30 01:30:09.631725056,13,8604,124,33
33.203368,-103.935566,2026-09-30 01:30:09.631757312,13,7891,197,28
33.181775,-103.925937,2026-09-30 01:30:09.955411200,13,9907,170,18
18.817131,-89.884314,2026-09-30 01:30:10.272730368,13,4429,246,51
33.653639,-103.982646,2026-09-30 01:30:10.934646016,13,9318,87,29
33.662678,-103.983954,2026-09-30 01:30:11.67689472,13,5302,87,30
21.018772,-99.851196,2026-09-30 01:30:13.854412544,13,4301,243,42
34.868686,-102.168743,2026-09-30 01:30:14.379888896,13,6391,134,23
34.915326,-102.085542,2026-09-30 01:30:17.428679680,13,11300,181,16
25.744534,-77.60817,2026-09-30 01:30:17.679664640,13,7199,233,49
23.64278,-78.52655,2026-09-30 01:30:19.492048384,13,6463,269,88
16.256555,-106.180551,2026-09-30 01:30:22.730995456,13,9050,268,47
23.982297,-78.873085,2026-09-30 01:30:22.760712448,13,3296,252,32
33.166069,-103.785386,2026-09-30 01:30:23.633667584,13,8332,170,34
33.189144,-103.79506,2026-09-30 01:30:23.633665024,13,9973,187,20
29.336973,-79.848705,2026-09-30 01:30:24.377403392,13,14430,247,43
29.429036,-79.924909,2026-09-30 01:30:24.377408512,13,14638,203,36
29.492669,-102.993272,2026-09-30 01:30:25.453598208,13,7345,188,21
18.877065,-76.215898,2026-09-30 01:30:25.651894528,13,5557,269,40
33.026672,-103.909202,2026-09-30 01:30:26.671126528,13,6060,210,48
20.662777,-78.013667,2026-09-30 01:30:27.303279104,13,5332,262,57
20.653798,-78.001957,2026-09-30 01:30:27.423542272,13,3197,259,30
20.671185,-78.013749,2026-09-30 01:30:27.750248192,13,2501,259,23
19.335068,-80.14389,2026-09-30 01:30:28.5850368,13,2631,264,53
25.843839,-87.029421,2026-09-30 01:30:28.322274560,13,9202,210,15
25.842445,-87.003484,2026-09-30 01:30:28.352811520,13,8509,210,21
21.010016,-99.344414,2026-09-30 01:30:28.413256960,13,9372,264,24
33.269595,-103.931071,2026-09-30 01:30:28.904101120,13,10870,241,19
35.684198,-101.747979,2026-09-30 01:30:31.479256832,13,11631,133,45
33.460737,-103.833449,2026-09-30 01:30:31.977631232,13,9204,167,32
21.076552,-105.523879,2026-09-30 01:30:34.586923520,13,10203,266,102
21.086645,-105.517018,2026-09-30 01:30:34.903169280,13,5192,265,73
21.219401,-105.566879,2026-09-30 01:30:36.623074304,13,3961,265,49
19.32836,-75.834769,2026-09-30 01:30:38.44637952,13,2745,270,41
34.411985,-103.792523,2026-09-30 01:30:40.281723136,13,11528,147,51
27.238217,-85.366496,2026-09-30 01:30:40.302993920,13,12048,217,49
31.354972,-76.514477,2026-09-30 01:30:42.235572736,13,7176,218,42
31.378971,-76.498929,2026-09-30 01:30:42.326302720,13,7255,192,28
31.389371,-76.507654,2026-09-30 01:30:42.356935936,13,4769,269,28
16.512636,-106.160136,2026-09-30 01:30:43.648029952,13,5374,267,55
26.772777,-103.405103,2026-09-30 01:30:47.87032832,13,13512,225,55
35.36199,-100.964738,2026-09-30 01:30:49.58201600,13,6686,214,20
19.970174,-81.677991,2026-09-30 01:30:49.994918656,13,2947,262,59
19.963854,-81.675121,2026-09-30 01:30:50.74576896,13,5095,261,54
23.648833,-101.406676,2026-09-30 01:30:50.748293888,13,7399,232,66
19.160368,-96.73165,2026-09-30 01:30:55.479855872,13,6469,259,18
33.397389,-103.754938,2026-09-30 01:30:56.213278464,13,14627,116,70
33.454876,-103.791639,2026-09-30 01:30:56.213348352,13,3629,205,68
33.407946,-103.789173,2026-09-30 01:30:56.284103168,13,10245,116,67
33.411488,-103.868752,2026-09-30 01:30:56.284143104,13,5079,203,54
33.411846,-103.766493,2026-09-30 01:30:56.336709120,13,6454,139,79
33.430692,-103.796158,2026-09-30 01:30:56.463139584,13,7200,162,27
33.397205,-103.776536,2026-09-30 01:30:56.652171264,13,9898,116,84
33.397291,-103.836835,2026-09-30 01:30:56.652210176,13,4992,186,67
33.164155,-103.856153,2026-09-30 01:30:57.120688896,13,7606,87,20
33.149014,-103.91043,2026-09-30 01:30:57.862507008,13,11327,119,63
33.212693,-103.917934,2026-09-30 01:30:57.862575360,13,3478,234,49
33.189219,-103.915451,2026-09-30 01:30:57.925598464,13,5125,229,35
33.155666,-103.905727,2026-09-30 01:30:58.27593216,13,11518,153,44
33.175853,-103.933472,2026-09-30 01:30:58.27659008,13,12902,198,84
34.941969,-102.186376,2026-09-30 01:30:58.485743616,13,4586,266,23
20.566655,-78.057652,2026-09-30 01:31:00.635888384,13,6818,260,47
29.209216,-102.88702,2026-09-30 01:31:03.47438848,13,14492,217,25
20.021157,-82.661178,2026-09-30 01:31:03.784855808,13,6064,263,89
20.205834,-76.36416,2026-09-30 01:31:05.232150016,13,3767,266,60
26.253918,-86.276733,2026-09-30 01:31:06.295961600,13,11349,189,34
33.160274,-103.935573,2026-09-30 01:31:06.924858624,13,4857,235,27
33.178932,-103.91755,2026-09-30 01:31:06.960838144,13,7341,163,22
33.000504,-104.067153,2026-09-30 01:31:07.17675520,13,12165,231,23
20.990627,-98.890005,2026-09-30 01:31:07.572481536,13,8453,266,18
33.79869,-104.16972,2026-09-30 01:31:08.215259136,13,12491,89,27
31.389425,-76.515482,2026-09-30 01:31:08.407788800,13,4948,235,18
29.474708,-102.981543,2026-09-30 01:31:08.696531712,13,9277,209,25
26.480832,-86.747826,2026-09-30 01:31:08.860037632,13,11216,201,57
26.763873,-86.708777,2026-09-30 01:31:08.860137216,13,8333,242,49
21.010231,-106.665847,2026-09-30 01:31:09.854636800,13,13042,270,65
33.190793,-103.701376,2026-09-30 01:31:10.143239680,13,14824,237,15
24.03901,-78.862486,2026-09-30 01:31:11.185369344,13,2550,256,121
24.062274,-78.872633,2026-09-30 01:31:11.248196608,13,6333,256,24
19.463721,-81.564337,2026-09-30 01:31:12.574256128,13,4771,263,33
16.155886,-106.172736,2026-09-30 01:31:12.843438848,13,4250,267,48
33.142487,-104.070497,2026-09-30 01:31:12.896910336,13,5444,217,25
33.427746,-103.745443,2026-09-30 01:31:14.738686208,13,11849,159,19
23.815655,-81.457543,2026-09-30 01:31:15.566379520,13,8411,241,59
23.855282,-81.475729,2026-09-30 01:31:15.566385152,13,3256,241,49
19.906666,-81.600033,2026-09-30 01:31:15.939181312,13,6305,261,69
19.315749,-80.159699,2026-09-30 01:31:16.191764224,13,5115,265,84
19.45714,-80.508898,2026-09-30 01:31:17.816466176,13,6387,263,46
25.695054,-77.577639,2026-09-30 01:31:18.606631936,13,7361,232,29
25.763026,-77.619576,2026-09-30 01:31:18.631667200,13,9685,269,24
20.242753,-82.738261,2026-09-30 01:31:18.909106176,13,6699,260,25
20.243233,-82.705464,2026-09-30 01:31:18.966692352,13,3721,260,37
33.19335,-103.830479,2026-09-30 01:31:19.993441536,13,10861,150,50
33.237808,-103.768861,2026-09-30 01:31:19.993465344,13,7221,197,35
29.047889,-103.133113,2026-09-30 01:31:20.93018624,13,9382,203,39
27.616541,-71.156155,2026-09-30 01:31:20.685456384,13,7886,213,78
29.584552,-102.619312,2026-09-30 01:31:20.802487808,13,12175,205,46
16.352808,-106.243056,2026-09-30 01:31:23.110489088,13,5651,269,68
19.349796,-80.322117,2026-09-30 01:31:23.203482624,13,2953,264,42
23.428713,-78.553605,2026-09-30 01:31:24.95656960,13,4167,247,44
23.429349,-78.553193,2026-09-30 01:31:24.411408384,13,7112,245,42
23.595777,-77.967136,2026-09-30 01:31:24.957557248,13,6534,245,24
35.039555,-102.776554,2026-09-30 01:31:25.142841344,13,13209,188,19
19.671243,-81.089511,2026-09-30 01:31:25.345892352,13,5209,262,46
19.26059,-89.80029,2026-09-30 01:31:25.828088576,13,4581,239,40
33.282349,-103.646574,2026-09-30 01:31:26.315864832,13,7300,239,26
29.655951,-104.306234,2026-09-30 01:31:26.610000896,13,9919,107,49
28.118074,-71.226886,2026-09-30 01:31:28.740937984,13,6941,209,108
32.085104,-103.798005,2026-09-30 01:31:28.984967680,13,5938,250,24
28.247178,-71.25112,2026-09-30 01:31:29.231075584,13,6355,260,17
34.411559,-112.045436,2026-09-30 01:31:30.310983168,13,14799,198,25
23.244205,-85.819937,2026-09-30 01:31:31.380715008,13,8306,246,32
33.026985,-103.719225,2026-09-30 01:31:31.467915776,13,13191,158,29
19.476127,-80.403351,2026-09-30 01:31:32.90272256,13,4107,263,61
19.970638,-81.454101,2026-09-30 01:31:32.775721728,13,5593,261,58
35.378338,-102.047884,2026-09-30 01:31:32.982278400,13,6213,264,35
29.085176,-103.070112,2026-09-30 01:31:33.251103232,13,10925,178,21
27.094215,-85.368212,2026-09-30 01:31:33.389241856,13,10982,184,115
27.458549,-85.653343,2026-09-30 01:31:33.389375232,13,9762,256,87
27.165192,-85.388486,2026-09-30 01:31:33.463837184,13,8465,251,54
24.940395,-102.409702,2026-09-30 01:31:33.947404032,13,4173,237,37
29.261388,-74.134483,2026-09-30 01:31:36.107107328,13,5141,251,28
20.105502,-82.230695,2026-09-30 01:31:36.192148736,13,6746,260,49
19.659226,-81.042773,2026-09-30 01:31:36.690450944,13,3106,262,40
19.95231,-81.718703,2026-09-30 01:31:36.813908992,13,3025,261,32
19.935784,-81.684042,2026-09-30 01:31:36.849088512,13,5713,261,24
35.755213,-100.727171,2026-09-30 01:31:37.449233920,13,12077,146,25
27.099244,-71.243351,2026-09-30 01:31:38.137334784,13,10137,263,79
31.336355,-76.467644,2026-09-30 01:31:38.726977024,13,2997,206,115
31.337649,-76.456383,2026-09-30 01:31:38.726971392,13,7052,213,109
31.324199,-76.482625,2026-09-30 01:31:38.781006336,13,9113,133,91
33.15866,-103.897954,2026-09-30 01:31:39.364094464,13,13651,119,73
33.205555,-103.917671,2026-09-30 01:31:39.364168192,13,13434,207,60
33.149686,-103.898317,2026-09-30 01:31:39.572057088,13,11347,119,64
33.208082,-103.907515,2026-09-30 01:31:39.572130048,13,6815,218,50
32.301678,-103.951669,2026-09-30 01:31:40.557184512,13,5994,133,72
32.331629,-104.015241,2026-09-30 01:31:40.557229568,13,7971,204,80
25.705042,-77.564679,2026-09-30 01:31:40.897684224,13,1975,261,128
25.687925,-77.57433,2026-09-30 01:31:40.897678336,13,5585,233,115
25.713237,-77.57747,2026-09-30 01:31:40.941641216,13,4927,245,48
25.745909,-77.57257,2026-09-30 01:31:40.965344768,13,2776,269,34
34.835965,-102.159429,2026-09-30 01:31:41.638754048,13,10739,146,28
18.362732,-79.1475,2026-09-30 01:31:42.175220736,13,6891,269,83
23.439305,-78.482708,2026-09-30 01:31:42.997034752,13,2226,245,50
29.024287,-102.819962,2026-09-30 01:31:43.816059904,13,13468,220,54
29.228693,-102.965622,2026-09-30 01:31:43.816106496,13,12551,228,41
29.125457,-103.023562,2026-09-30 01:31:46.227132928,13,13863,229,49
19.889886,-81.63707,2026-09-30 01:31:46.735003648,13,4748,261,25
26.592878,-103.569421,2026-09-30 01:31:46.867101440,13,14975,235,16
29.455082,-103.012546,2026-09-30 01:31:46.913601792,13,7337,203,27
18.691222,-109.024782,2026-09-30 01:31:48.772617728,13,9507,263,58
21.104879,-105.576687,2026-09-30 01:31:50.191273984,13,9379,251,96
34.713102,-103.486359,2026-09-30 01:31:50.547965696,13,9757,146,31
34.668268,-103.517107,2026-09-30 01:31:50.614244608,13,11612,99,85
34.671601,-103.580968,2026-09-30 01:31:50.614285568,13,7965,105,65
16.325011,-106.071665,2026-09-30 01:31:50.730199040,13,4462,269,31
33.03453,-104.016237,2026-09-30 01:31:51.50268160,13,14579,94,34
19.334775,-80.308254,2026-09-30 01:31:51.268682496,13,3340,264,57
19.355032,-80.311277,2026-09-30 01:31:51.394611200,13,3798,264,23
35.256819,-101.918131,2026-09-30 01:31:52.85120256,13,7465,253,23
33.157251,-103.998015,2026-09-30 01:31:53.20082944,13,11719,170,41
33.157221,-104.047097,2026-09-30 01:31:53.20071168,13,3110,232,30
33.204456,-103.909544,2026-09-30 01:31:53.193049344,13,9897,170,34
29.153516,-103.071519,2026-09-30 01:31:54.735990272,13,9555,192,38
34.872432,-102.192538,2026-09-30 01:31:54.748657664,13,7713,182,47
28.996696,-102.924144,2026-09-30 01:31:54.776900352,13,9774,219,37
19.327109,-80.149773,2026-09-30 01:31:55.348387072,13,3618,265,65
34.318954,-103.710134,2026-09-30 01:31:55.944748288,13,9129,259,23
20.847131,-99.092774,2026-09-30 01:31:57.959103488,13,5764,253,69
33.174612,-103.880851,2026-09-30 01:31:58.320146176,13,11777,127,21
35.322479,-102.119466,2026-09-30 01:31:58.388058624,13,9960,115,73
35.291237,-102.207592,2026-09-30 01:31:58.388101120,13,13729,139,60
37.841626,-100.357961,2026-09-30 01:31:58.451603200,13,8993,184,18
37.78604,-100.38178,2026-09-30 01:31:58.686431232,13,14821,148,19
56.111566,-96.117761,2026-09-30 01:32:01.942841856,13,6848,212,16
56.204378,-96.382159,2026-09-30 01:32:02.867466752,13,5432,215,25
29.094689,-103.080793,2026-09-30 01:32:03.441164032,13,4727,209,20
35.041794,-102.85278,2026-09-30 01:32:04.282237696,13,5901,148,94
33.116359,-103.848324,2026-09-30 01:32:06.218620928,13,6866,145,21
32.877575,-104.137333,2026-09-30 01:32:06.324395008,13,4893,112,39
32.832165,-104.198206,2026-09-30 01:32:06.400083456,13,7519,243,32
31.308295,-76.466857,2026-09-30 01:32:06.875425280,13,10078,203,65
31.065683,-76.614664,2026-09-30 01:32:06.875394048,13,8328,239,62
31.364692,-76.512498,2026-09-30 01:32:06.875513600,13,8351,246,48
31.297323,-76.447511,2026-09-30 01:32:06.933702144,13,4747,211,71
31.400211,-76.522405,2026-09-30 01:32:06.985242368,13,14632,231,28
33.171321,-103.913607,2026-09-30 01:32:07.681745152,13,13176,71,53
33.217647,-103.927179,2026-09-30 01:32:07.681808384,13,7523,187,39
33.170589,-103.913247,2026-09-30 01:32:07.799525376,13,12006,119,55
33.207634,-103.933049,2026-09-30 01:32:07.799589888,13,6468,187,43
33.885894,-104.051548,2026-09-30 01:32:09.633017600,13,13950,101,24
33.801816,-104.061611,2026-09-30 01:32:09.701217024,13,12757,121,29
20.81533,-99.488823,2026-09-30 01:32:11.362250752,13,10024,241,40
19.199279,-89.91139,2026-09-30 01:32:11.666458368,13,7143,237,18
16.395435,-106.053189,2026-09-30 01:32:11.816796672,13,12207,268,49
33.468831,-103.841099,2026-09-30 01:32:12.959143168,13,9234,161,42
33.875156,-104.296613,2026-09-30 01:32:12.999192576,13,14555,161,33
19.972184,-81.522643,2026-09-30 01:32:13.381260800,13,2651,261,40
32.096334,138.854294,2026-09-30 01:30:04.822214144,14,3415,252,34
25.64401,-77.612866,2026-09-30 01:30:00.594184448,11,12510,270,17
28.158384,-71.24056,2026-09-30 01:30:02.298687744,11,10492,266,162
31.309302,-76.47023,2026-09-30 01:30:06.625108224,11,8662,216,67
33.183765,-103.932704,2026-09-30 01:30:09.425831680,11,7090,201,31
26.228118,-77.682872,2026-09-30 01:30:17.679840256,11,9406,268,22
42.382848,4.00424,2026-09-30 01:30:22.78867200,11,3466,210,131
42.393098,4.004131,2026-09-30 01:30:22.78863872,11,10376,205,206
42.398429,4.016457,2026-09-30 01:30:22.78877440,11,9256,174,187
45.180537,-13.62511,2026-09-30 01:30:27.673637888,11,6492,268,431
21.212548,-105.400523,2026-09-30 01:30:34.903226112,11,9265,255,31
21.197268,-105.554998,2026-09-30 01:30:36.623077888,11,12918,267,21
47.944122,-10.008168,2026-09-30 01:30:46.957458688,11,3308,263,464
42.396527,4.058812,2026-09-30 01:31:32.63287808,11,4947,128,341
42.41378,4.067779,2026-09-30 01:31:32.63296000,11,5753,174,390
42.408767,4.064586,2026-09-30 01:31:32.125546240,11,6895,178,303
45.074653,-12.864088,2026-09-30 01:31:34.347072512,11,6416,260,198
31.337308,-76.467264,2026-09-30 01:31:38.726972672,11,4678,269,277
25.695835,-77.592114,2026-09-30 01:31:40.897683968,11,9245,270,281
24.214298,-78.56067,2026-09-30 01:31:42.841007616,11,14049,236,120
29.238631,-102.914703,2026-09-30 01:31:43.816118528,11,7320,266,18
48.180496,-10.481255,2026-09-30 01:31:46.718681344,11,10125,238,30
34.712941,-103.530529,2026-09-30 01:31:50.614309120,11,8661,192,26
20.826799,-99.098356,2026-09-30 01:31:57.959102720,11,5966,253,32
47.651872,-10.312369,2026-09-30 01:32:01.59566080,11,4833,250,49
34.996999,-102.945996,2026-09-30 01:32:04.282272000,11,12637,144,35
33.145791,-104.009269,2026-09-30 01:32:07.681786880,11,12341,183,20
25.64401,-77.612866,2026-09-30 01:30:00.594184448,12,12510,270,17
28.158384,-71.24056,2026-09-30 01:30:02.298687744,12,10492,266,163
31.309302,-76.47023,2026-09-30 01:30:06.625108224,12,8662,216,67
33.183765,-103.932704,2026-09-30 01:30:09.425831680,12,7090,201,31
42.374715,4.008755,2026-09-30 01:30:22.78856192,12,10982,154,210
42.406205,4.00674,2026-09-30 01:30:22.78873344,12,8728,236,206
42.398429,4.016457,2026-09-30 01:30:22.78877440,12,9256,174,188
21.14561,-105.479,2026-09-30 01:30:34.903192832,12,10228,267,30
21.111176,-105.523519,2026-09-30 01:30:35.98419712,12,10309,256,31
47.944122,-10.008168,2026-09-30 01:30:46.957458688,12,3308,263,465
29.123096,-103.03211,2026-09-30 01:31:20.93062400,12,9166,239,21
42.396527,4.058812,2026-09-30 01:31:32.63287808,12,4947,128,341
42.41378,4.067779,2026-09-30 01:31:32.63296000,12,5753,174,390
42.408767,4.064586,2026-09-30 01:31:32.125546240,12,6895,178,302
45.074653,-12.864088,2026-09-30 01:31:34.347072512,12,6416,260,198
31.337308,-76.467264,2026-09-30 01:31:38.726972672,12,4678,269,277
25.695835,-77.592114,2026-09-30 01:31:40.897683968,12,9245,270,281
24.214298,-78.56067,2026-09-30 01:31:42.841007616,12,14049,236,120
29.238631,-102.914703,2026-09-30 01:31:43.816118528,12,7320,266,18
48.180496,-10.481255,2026-09-30 01:31:46.718681344,12,10125,238,30
34.712941,-103.530529,2026-09-30 01:31:50.614309120,12,8661,192,26
20.826799,-99.098356,2026-09-30 01:31:57.959102720,12,5966,253,32
47.651872,-10.312369,2026-09-30 01:32:01.59566080,12,4833,250,49
34.996999,-102.945996,2026-09-30 01:32:04.282272000,12,12637,144,35
33.145791,-104.009269,2026-09-30 01:32:07.681786880,12,12341,183,20
19.94109,-81.657506,2026-09-30 01:35:03.113796096,7,8059,233,23
19.353553,-80.161632,2026-09-30 01:35:00.169799168,13,3067,267,45
19.812272,-77.037835,2026-09-30 01:35:00.183501056,13,6823,265,46
33.819222,-110.995432,2026-09-30 01:35:01.630006016,13,14956,148,21
34.369691,-112.009855,2026-09-30 01:35:02.126708736,13,11932,169,25
31.210034,-76.414707,2026-09-30 01:35:02.718724096,13,10185,214,23
19.917315,-81.644394,2026-09-30 01:35:03.113795328,13,8313,263,79
20.010549,-81.667339,2026-09-30 01:35:03.356800000,13,5100,261,33
24.28818,-85.830647,2026-09-30 01:35:03.648766464,13,10349,240,79
33.265662,-103.739759,2026-09-30 01:35:04.118175232,13,4270,179,33
34.638819,-103.461753,2026-09-30 01:35:05.213016832,13,8505,231,20
34.037787,-103.918423,2026-09-30 01:35:06.140567040,13,8491,107,87
34.033528,-103.98032,2026-09-30 01:35:06.140614400,13,9753,190,69
20.18113,-76.305703,2026-09-30 01:35:06.473163520,13,1907,266,56
19.362635,-80.29062,2026-09-30 01:35:07.70758656,13,5462,264,45
29.276162,-102.885916,2026-09-30 01:35:07.373031680,13,8819,260,49
29.250464,-102.924669,2026-09-30 01:35:07.448162560,13,6312,130,47
35.600205,-100.596857,2026-09-30 01:35:08.977467904,13,9308,155,36
35.602668,-100.655178,2026-09-30 01:35:09.68496128,13,4221,257,26
35.61915,-100.586885,2026-09-30 01:35:09.139697920,13,13454,146,16
35.60975,-100.62767,2026-09-30 01:35:09.409072384,13,10572,192,20
35.697143,-100.641333,2026-09-30 01:35:10.431087872,13,13952,179,19
20.228067,-107.674282,2026-09-30 01:35:10.665702656,13,12485,256,28
26.909821,-103.593229,2026-09-30 01:35:10.916912384,13,11103,152,21
26.832436,-103.606852,2026-09-30 01:35:11.429975808,13,11410,247,27
32.098746,-103.826438,2026-09-30 01:35:11.721189888,13,4993,165,56
32.228834,-103.880657,2026-09-30 01:35:11.721226240,13,5727,195,42
25.690904,-77.534918,2026-09-30 01:35:12.338159616,13,4489,233,60
34.374324,-111.991533,2026-09-30 01:35:13.327170304,13,13106,146,65
34.372605,-112.004218,2026-09-30 01:35:13.327164416,13,9891,218,51
22.859122,-101.246987,2026-09-30 01:35:13.509197312,13,11480,143,44
33.247955,-103.909985,2026-09-30 01:35:14.185453312,13,12345,166,59
34.086425,-103.925375,2026-09-30 01:35:06.140636160,11,4151,196,30
42.453748,41.381269,2026-09-30 01:35:13.517635328,11,6929,246,20
34.086425,-103.925375,2026-09-30 01:35:06.140636160,12,4151,196,30
42.453748,41.381269,2026-09-30 01:35:13.517635328,12,6929,246,20
43.858446,3.646034,2026-09-30 07:15:00.398586880,1,13987,150,131
28.583309,-70.255297,2026-09-30 07:15:16.701242112,1,3642,257,23
43.954772,3.92219,2026-09-30 07:15:17.110862336,1,10883,82,28
28.756362,-101.233537,2026-09-30 07:15:33.130366720,1,4053,263,26
28.71053,-101.314517,2026-09-30 07:15:33.547719424,1,9530,210,17
29.36103,-79.611037,2026-09-30 07:15:33.715732736,1,11044,248,31
29.815319,-101.296314,2026-09-30 07:15:52.608490752,1,10776,244,27
43.573843,3.924874,2026-09-30 07:15:55.550758400,1,6602,177,63
43.562248,3.966369,2026-09-30 07:15:55.550766848,1,11875,242,51
43.56493,3.920056,2026-09-30 07:15:55.552656384,1,6701,145,53
43.587678,3.90569,2026-09-30 07:15:55.552658432,1,13373,127,42
43.578461,3.898417,2026-09-30 07:15:55.566555904,1,14905,144,37
43.605549,3.919116,2026-09-30 07:15:55.566572544,1,10590,154,17
43.575071,3.893271,2026-09-30 07:15:55.579918848,1,6019,176,19
30.309842,-101.016561,2026-09-30 07:15:55.957209344,1,3404,247,24
28.031758,-101.258938,2026-09-30 07:15:56.235540736,1,4455,266,27
44.2531,4.047938,2026-09-30 07:15:56.886752000,1,9602,122,21
17.936808,-94.719776,2026-09-30 07:16:06.69336576,1,7395,263,46
28.473474,4.042407,2026-09-30 07:16:24.696514816,1,9522,262,17
28.341799,3.999782,2026-09-30 07:16:24.740753152,1,9664,233,45
28.302274,4.004898,2026-09-30 07:16:24.740751616,1,12892,233,30
28.456938,4.052601,2026-09-30 07:16:24.762234624,1,7451,262,22
43.583738,3.886224,2026-09-30 07:16:24.827788032,1,14374,134,16
29.081941,-101.486704,2026-09-30 07:16:33.781960704,1,5873,263,19
43.906217,3.626636,2026-09-30 07:16:35.417780736,1,6008,115,159
43.904845,3.635662,2026-09-30 07:16:35.417783552,1,2791,160,142
43.920613,3.626824,2026-09-30 07:16:35.417790976,1,7262,180,128
43.908535,3.628312,2026-09-30 07:16:35.417787648,1,5458,122,117
43.924955,3.608183,2026-09-30 07:16:35.417793792,1,7343,148,103
43.939566,3.622226,2026-09-30 07:16:35.417797888,1,6384,243,93
19.724633,-96.049506,2026-09-30 07:16:45.701196544,1,3979,257,27
51.744882,-7.325797,2026-09-30 07:16:46.675196416,1,14333,240,113
51.726889,-7.238987,2026-09-30 07:16:46.675224064,1,14160,249,100
51.699401,-7.323236,2026-09-30 07:16:46.675204608,1,12563,245,85
51.733958,-7.297552,2026-09-30 07:16:46.675254016,1,9587,225,51
28.121934,-101.215754,2026-09-30 07:16:46.904715008,1,5091,215,21
28.130799,-101.195489,2026-09-30 07:16:46.981803264,1,11284,231,23
28.13188,-101.198875,2026-09-30 07:16:47.38312704,1,5260,239,23
28.149077,-101.210404,2026-09-30 07:16:47.122971904,1,10298,214,20
33.233378,-103.71193,2026-09-30 07:16:54.744379136,1,9415,220,21
43.988513,3.907765,2026-09-30 07:16:55.735484416,1,5533,165,51
28.051879,-101.198863,2026-09-30 07:17:03.339503360,1,3509,266,27
43.961296,3.931216,2026-09-30 07:17:07.273602048,1,6591,137,101
43.959657,3.908451,2026-09-30 07:17:07.273614336,1,5761,134,89
43.965253,3.910863,2026-09-30 07:17:07.273615616,1,5876,89,74
43.965405,3.905832,2026-09-30 07:17:07.273621504,1,5286,121,61
43.974416,3.897704,2026-09-30 07:17:07.273624576,1,4698,140,44
43.94623,3.92399,2026-09-30 07:17:27.941243136,1,14480,114,25
43.952734,3.913559,2026-09-30 07:17:27.955788544,1,13946,81,80
43.951071,3.940783,2026-09-30 07:17:27.955819776,1,13533,153,67
43.957125,3.899472,2026-09-30 07:17:27.958183424,1,14808,142,36
43.960589,3.993579,2026-09-30 07:17:27.967920640,1,13976,113,65
43.951061,3.910866,2026-09-30 07:17:27.967946240,1,10327,162,52
43.978724,3.91304,2026-09-30 07:17:27.967959040,1,7244,148,37
44.01033,3.941382,2026-09-30 07:17:28.686067200,1,4457,110,92
44.014834,3.928103,2026-09-30 07:17:28.686071808,1,4461,132,77
44.01481,3.932427,2026-09-30 07:17:28.686073344,1,8460,124,60
44.040177,3.905316,2026-09-30 07:17:28.686087680,1,7238,147,47
44.090456,3.848318,2026-09-30 07:17:28.686103040,1,12857,218,32
44.004174,3.936101,2026-09-30 07:17:28.817451264,1,8074,99,28
31.103713,-76.36221,2026-09-30 07:17:28.856347136,1,4527,196,38
28.112176,-101.22157,2026-09-30 07:17:36.103376384,1,3670,266,31
28.104478,-101.188502,2026-09-30 07:17:36.103383296,1,7445,222,22
28.115953,-101.21493,2026-09-30 07:17:36.146491136,1,4160,266,23
51.700839,-7.22922,2026-09-30 07:17:36.286119168,1,3828,270,38
51.736902,-7.145195,2026-09-30 07:17:36.286141440,1,6503,237,25
51.710419,-7.169717,2026-09-30 07:17:36.288811008,1,12277,264,20
28.866046,-79.802764,2026-09-30 07:17:36.487123968,1,8095,259,25
28.111141,-101.231785,2026-09-30 07:17:36.999009792,1,3273,266,23
29.430331,-79.651202,2026-09-30 07:17:37.619362048,1,13984,248,28
29.398667,-79.644745,2026-09-30 07:17:37.619345408,1,6836,248,19
19.691711,-96.069381,2026-09-30 07:17:37.759805696,1,4317,257,26
19.646038,-96.072627,2026-09-30 07:17:37.826516992,1,14383,258,19
19.659825,-96.070099,2026-09-30 07:17:39.452110336,1,8942,257,24
33.547209,-103.713733,2026-09-30 07:17:39.988418560,1,8204,188,23
55.050553,-92.815945,2026-09-30 07:17:47.437827840,1,9517,228,33
43.97561,3.899234,2026-09-30 07:17:48.450497280,1,9297,141,82
43.842418,3.999822,2026-09-30 07:17:48.450532864,1,13797,150,46
19.214942,-96.469769,2026-09-30 07:17:56.556319744,1,5429,259,23
31.819524,-80.391568,2026-09-30 07:17:56.916107008,1,10612,248,31
31.488245,-80.032048,2026-09-30 07:17:56.916009728,1,8306,235,19
31.443519,-79.990859,2026-09-30 07:17:57.238791424,1,9807,235,18
31.796291,139.473717,2026-09-30 07:15:02.18501376,2,4501,260,32
32.051298,139.40234,2026-09-30 07:15:26.311675392,2,11742,155,46
32.041836,139.378466,2026-09-30 07:15:26.311671808,2,13281,140,31
32.004084,139.351671,2026-09-30 07:15:26.406547200,2,12328,264,29
32.034671,139.376367,2026-09-30 07:15:26.556496640,2,3257,264,22
32.023887,139.353641,2026-09-30 07:15:27.584974080,2,1626,264,23
31.778514,139.482205,2026-09-30 07:15:30.628918272,2,4655,261,23
31.946486,139.454138,2026-09-30 07:15:30.794534400,2,12030,259,19
31.981904,139.303443,2026-09-30 07:15:51.287910656,2,10072,157,48
31.982889,139.324652,2026-09-30 07:15:51.287908608,2,13692,136,30
32.020767,139.326935,2026-09-30 07:15:51.378512384,2,3066,257,32
31.810279,139.483846,2026-09-30 07:15:57.402968064,2,4476,260,34
29.881547,118.518487,2026-09-30 07:16:03.593944576,2,8735,244,22
30.004111,118.521588,2026-09-30 07:16:03.593972480,2,5896,262,19
32.027098,139.401252,2026-09-30 07:16:18.208785152,2,13861,144,47
32.023738,139.359896,2026-09-30 07:16:18.208782080,2,8549,140,33
32.029158,139.364081,2026-09-30 07:16:18.236656640,2,3690,264,18
32.01011,139.348974,2026-09-30 07:16:18.303984128,2,8558,156,40
32.023372,139.352984,2026-09-30 07:16:18.303987712,2,11532,137,22
32.02315,139.351158,2026-09-30 07:16:18.370392576,2,4889,261,31
32.016209,139.345991,2026-09-30 07:16:18.399240448,2,13310,257,24
32.015885,139.348923,2026-09-30 07:16:19.81212928,2,5364,257,22
31.764465,139.503819,2026-09-30 07:16:20.647346432,2,10631,261,28
31.815777,139.473572,2026-09-30 07:16:44.364315136,2,4504,260,19
31.993933,139.301638,2026-09-30 07:16:49.294129408,2,6998,157,49
32.003098,139.30008,2026-09-30 07:16:49.294136576,2,9357,138,32
32.005697,139.297623,2026-09-30 07:16:49.357890304,2,5689,258,20
31.850821,139.726696,2026-09-30 07:16:56.860283136,2,13714,268,25
31.846702,139.726055,2026-09-30 07:16:56.865157632,2,9289,145,36
31.844472,139.71418,2026-09-30 07:16:56.865162496,2,8460,256,25
31.869916,139.739164,2026-09-30 07:16:56.885152256,2,4098,265,26
31.869388,139.72883,2026-09-30 07:16:56.895438080,2,3796,265,21
31.889333,139.715096,2026-09-30 07:16:56.911960320,2,4716,265,29
32.013271,139.359441,2026-09-30 07:17:06.713002752,2,3650,257,33
32.009022,139.345418,2026-09-30 07:17:06.713002752,2,10524,255,19
32.026314,139.367076,2026-09-30 07:17:06.803012096,2,4082,259,19
32.018764,139.37209,2026-09-30 07:17:06.836079616,2,5121,259,21
32.000825,139.367569,2026-09-30 07:17:06.915840256,2,9452,156,40
32.015168,139.372131,2026-09-30 07:17:06.915843328,2,8788,137,23
32.028268,139.341407,2026-09-30 07:17:07.369224960,2,10619,257,27
32.045744,139.35767,2026-09-30 07:17:07.572894720,2,5643,266,19
-29.929261,129.480876,2026-09-30 07:17:10.463261952,2,14121,200,20
32.014603,139.369906,2026-09-30 07:17:14.587235840,2,5009,257,34
32.012382,139.348829,2026-09-30 07:17:14.587239936,2,9980,255,17
32.038575,139.344073,2026-09-30 07:17:14.881889024,2,6571,257,23
32.010697,139.35908,2026-09-30 07:17:14.960144128,2,9238,257,27
31.995535,139.290122,2026-09-30 07:17:26.140861440,2,9869,257,36
31.989254,139.292494,2026-09-30 07:17:26.140861184,2,10635,255,19
32.00713,139.306077,2026-09-30 07:17:26.582809088,2,6610,257,29
31.930403,139.378147,2026-09-30 07:17:28.320957952,2,6079,258,30
31.95243,139.395173,2026-09-30 07:17:28.884664832,2,11150,258,21
31.986853,139.29479,2026-09-30 07:17:36.506414848,2,9122,257,31
32.014925,139.297453,2026-09-30 07:17:36.707172352,2,3666,257,24
32.018046,139.287335,2026-09-30 07:17:36.970740736,2,5943,256,31
31.795486,139.486361,2026-09-30 07:17:37.809832192,2,11215,261,32
32.006269,139.3509,2026-09-30 07:17:55.590532096,2,8585,156,39
32.016845,139.349721,2026-09-30 07:17:55.590534656,2,11312,136,21
32.002942,139.35919,2026-09-30 07:17:55.641196288,2,9000,257,32
32.027572,139.340689,2026-09-30 07:17:55.725890560,2,5509,257,29
32.029034,139.360379,2026-09-30 07:17:55.825087488,2,6526,257,31
32.040865,139.365522,2026-09-30 07:17:55.859609856,2,5278,257,23
32.046256,139.359622,2026-09-30 07:17:55.875789568,2,4366,257,16
31.811565,139.456862,2026-09-30 07:18:02.171942656,2,4869,260,31
19.740372,-96.040147,2026-09-30 07:15:07.29532672,3,6395,257,40
19.842969,-95.905756,2026-09-30 07:15:07.807849216,3,3991,269,22
21.14093,-80.769195,2026-09-30 07:15:07.927261952,3,12152,255,49
19.716785,-79.128776,2026-09-30 07:15:08.437525504,3,5392,263,30
19.75728,-79.138517,2026-09-30 07:15:08.527670784,3,2446,263,33
28.5016,-70.20123,2026-09-30 07:15:16.701202688,3,7894,262,48
31.00407,-76.351807,2026-09-30 07:15:17.463207936,3,3812,239,26
32.807758,-111.590647,2026-09-30 07:15:19.151352320,3,2749,253,29
22.164872,-77.441484,2026-09-30 07:15:20.571052544,3,4429,267,35
31.155872,-76.288582,2026-09-30 07:15:21.168542208,3,11065,222,35
27.995804,-101.110616,2026-09-30 07:15:21.229280512,3,6966,235,46
30.957155,-76.353042,2026-09-30 07:15:29.830869248,3,14953,205,90
30.998585,-76.382137,2026-09-30 07:15:29.830903552,3,11060,239,95
30.90842,-76.459332,2026-09-30 07:15:29.830916352,3,8535,252,80
31.005541,-76.372906,2026-09-30 07:15:29.830956032,3,9281,243,69
31.006143,-76.375812,2026-09-30 07:15:29.830949120,3,7557,248,58
31.02871,-76.387276,2026-09-30 07:15:29.830963456,3,6279,250,37
17.921581,-94.715481,2026-09-30 07:15:29.953096192,3,2346,255,80
30.950007,-76.346274,2026-09-30 07:15:29.980259584,3,4861,215,58
31.038162,-76.39503,2026-09-30 07:15:29.980346112,3,4056,238,46
30.957675,-76.332469,2026-09-30 07:15:30.55588864,3,4985,224,76
31.020508,-76.404429,2026-09-30 07:15:30.55682560,3,7851,239,57
19.772111,-96.082288,2026-09-30 07:15:44.635052800,3,4701,256,36
31.092191,-76.239215,2026-09-30 07:15:46.20775936,3,5566,250,17
33.454121,-103.82069,2026-09-30 07:15:47.318763264,3,11632,176,27
29.204136,-79.514648,2026-09-30 07:15:47.494883328,3,12529,173,39
29.372041,-79.502597,2026-09-30 07:15:47.499958784,3,6962,216,47
29.380281,-79.514692,2026-09-30 07:15:47.499959808,3,4110,216,41
19.659433,-96.053701,2026-09-30 07:15:49.74867712,3,7630,244,65
55.905634,-89.05226,2026-09-30 07:15:51.567787008,3,13561,199,16
18.045675,-94.832036,2026-09-30 07:15:52.223893760,3,4948,256,40
29.639056,-101.233649,2026-09-30 07:15:52.608412928,3,9632,130,67
29.813833,-101.31443,2026-09-30 07:15:52.608482048,3,5360,223,54
29.768912,-101.323922,2026-09-30 07:15:52.849679872,3,6816,225,25
29.946682,-101.046261,2026-09-30 07:15:55.957089024,3,5449,208,70
30.302247,-101.02548,2026-09-30 07:15:55.957206784,3,8502,234,63
30.245762,-101.074738,2026-09-30 07:15:55.957181184,3,5269,262,51
30.359201,-101.028601,2026-09-30 07:15:55.957226496,3,5649,254,25
27.74258,-101.190217,2026-09-30 07:15:56.235451392,3,8761,218,70
22.034142,-77.411721,2026-09-30 07:15:56.975293952,3,3789,267,36
31.093541,-76.423127,2026-09-30 07:16:04.175962880,3,6425,195,17
21.371779,-58.706374,2026-09-30 07:16:04.684239872,3,9964,266,26
18.195798,-94.688032,2026-09-30 07:16:06.69380096,3,9096,255,114
17.908499,-94.707516,2026-09-30 07:16:06.69329152,3,14651,256,119
21.326891,-80.878825,2026-09-30 07:16:14.309759744,3,7802,254,88
30.990681,-76.364038,2026-09-30 07:16:16.261886976,3,11053,197,24
29.42724,-74.118502,2026-09-30 07:16:23.542379264,3,10989,231,40
29.415962,-74.093409,2026-09-30 07:16:23.542376192,3,5973,269,31
22.135275,-77.509085,2026-09-30 07:16:25.134332160,3,7167,267,74
22.352535,-79.485116,2026-09-30 07:16:26.111046400,3,3824,250,34
28.94879,-101.311326,2026-09-30 07:16:33.781942784,3,12679,118,58
29.207916,-101.397622,2026-09-30 07:16:33.782014976,3,6832,227,46
29.086834,-101.485463,2026-09-30 07:16:33.781966336,3,13702,249,20
22.332324,-77.465642,2026-09-30 07:16:34.209819904,3,9172,254,62
22.186972,-77.4178,2026-09-30 07:16:34.209770240,3,11516,261,51
22.232433,-77.45904,2026-09-30 07:16:34.209792256,3,8229,259,34
19.627999,-96.119069,2026-09-30 07:16:35.265723392,3,11400,255,31
21.141481,-80.742586,2026-09-30 07:16:35.296050688,3,5808,255,29
29.274009,-79.636663,2026-09-30 07:16:35.469455360,3,8094,170,67
29.371583,-79.639215,2026-09-30 07:16:35.518194432,3,6370,263,14
27.458886,-101.495444,2026-09-30 07:16:40.451924992,3,6602,239,22
30.900672,-76.410989,2026-09-30 07:16:40.520311040,3,11877,225,25
27.134586,-101.631112,2026-09-30 07:16:41.56964864,3,14118,197,36
27.335843,-101.476849,2026-09-30 07:16:41.57063936,3,10124,240,24
21.640206,-81.518014,2026-09-30 07:16:41.263837440,3,9942,260,69
21.71228,-81.544033,2026-09-30 07:16:41.365626112,3,4351,252,48
28.251373,-69.997745,2026-09-30 07:16:48.590793472,3,12337,261,64
28.589728,-70.21655,2026-09-30 07:16:48.590932224,3,7100,267,33
11.626548,-83.465082,2026-09-30 07:16:49.77620480,3,9467,268,79
19.806226,-79.30015,2026-09-30 07:16:50.317612544,3,4766,262,41
19.782914,-79.297125,2026-09-30 07:16:50.317604864,3,5409,263,25
19.884856,-79.289027,2026-09-30 07:16:50.522052608,3,5200,262,55
28.763647,-101.110814,2026-09-30 07:16:51.323407872,3,13042,234,29
19.671995,-96.058702,2026-09-30 07:17:07.64273152,3,9642,244,41
19.69792,-96.071034,2026-09-30 07:17:07.91838976,3,3492,246,40
19.702342,-96.059902,2026-09-30 07:17:07.173789440,3,5327,256,77
22.635968,-81.422925,2026-09-30 07:17:16.433266944,3,11230,259,22
21.673098,-81.516765,2026-09-30 07:17:16.567540224,3,8384,253,46
19.847062,-79.339689,2026-09-30 07:17:16.611356160,3,4236,264,68
21.681775,-81.524115,2026-09-30 07:17:16.671152896,3,4095,253,42
57.010324,-90.556896,2026-09-30 07:17:17.54169088,3,9607,176,68
29.285227,-79.636887,2026-09-30 07:17:24.670615552,3,8323,170,63
29.165496,-79.670967,2026-09-30 07:17:24.670624512,3,5104,262,47
30.897309,-76.541051,2026-09-30 07:17:25.104443136,3,8832,209,75
30.963122,-76.580822,2026-09-30 07:17:25.104531712,3,7335,222,61
30.981113,-76.584082,2026-09-30 07:17:25.104531200,3,6656,259,47
30.94378,-76.550602,2026-09-30 07:17:25.104516096,3,1623,259,30
30.97289,-76.573705,2026-09-30 07:17:25.104527360,3,10471,248,17
29.600313,-101.181856,2026-09-30 07:17:25.200294400,3,8358,126,70
29.763867,-101.25354,2026-09-30 07:17:25.200358144,3,9593,223,59
29.774596,-101.277566,2026-09-30 07:17:25.200357376,3,8499,232,37
19.215834,-81.675655,2026-09-30 07:17:25.285792000,3,7781,264,24
29.575034,-101.174259,2026-09-30 07:17:25.307721216,3,12979,126,80
29.736018,-101.261343,2026-09-30 07:17:25.307777280,3,2425,223,69
29.782204,-101.271006,2026-09-30 07:17:25.307789824,3,5484,225,56
29.534823,-101.194205,2026-09-30 07:17:25.400574464,3,14588,219,81
29.765897,-101.267721,2026-09-30 07:17:25.400649216,3,3477,228,63
29.693893,-101.137689,2026-09-30 07:17:32.740195584,3,13876,184,21
29.959532,-101.158033,2026-09-30 07:17:32.740280064,3,8766,255,26
30.25598,-100.839815,2026-09-30 07:17:32.848278016,3,13036,120,71
30.433692,-100.905382,2026-09-30 07:17:32.848339712,3,7460,219,61
30.431394,-100.916719,2026-09-30 07:17:32.848333312,3,9613,228,45
25.258373,-102.070008,2026-09-30 07:17:33.265430272,3,5015,251,24
29.52285,-101.517964,2026-09-30 07:17:34.393126656,3,9235,225,58
22.366945,-77.216551,2026-09-30 07:17:41.592567296,3,10826,269,65
22.26297,-77.115972,2026-09-30 07:17:41.592573184,3,5551,255,67
22.307968,-77.117017,2026-09-30 07:17:41.634046464,3,9173,266,32
22.289727,-77.117288,2026-09-30 07:17:41.675963392,3,4524,266,71
22.729302,-78.081862,2026-09-30 07:17:51.245044992,3,13508,269,87
22.595265,-77.990346,2026-09-30 07:17:51.287727104,3,7261,252,40
22.615706,-77.999288,2026-09-30 07:17:51.315801088,3,6243,252,58
31.796567,139.473634,2026-09-30 07:15:02.18505472,4,4505,260,32
32.037795,139.416866,2026-09-30 07:15:26.311659264,4,12790,155,47
32.041877,139.378382,2026-09-30 07:15:26.311671296,4,13280,140,31
32.017588,139.353485,2026-09-30 07:15:26.406552576,4,7477,264,29
32.051744,139.352502,2026-09-30 07:15:26.556502784,4,5992,265,22
32.018461,139.353291,2026-09-30 07:15:27.584972032,4,2690,264,25
31.773919,139.492524,2026-09-30 07:15:30.628916736,4,2233,261,25
31.940848,139.480352,2026-09-30 07:15:30.794532096,4,9810,259,21
31.981904,139.303443,2026-09-30 07:15:51.287910656,4,10072,157,49
31.982883,139.32466,2026-09-30 07:15:51.287909376,4,13692,138,31
32.006754,139.318024,2026-09-30 07:15:51.378507520,4,11167,257,32
31.80298,139.478958,2026-09-30 07:15:57.402966528,4,3433,260,34
32.027098,139.401252,2026-09-30 07:16:18.208785152,4,13861,144,48
32.023738,139.359896,2026-09-30 07:16:18.208784128,4,8549,140,35
32.058393,139.327904,2026-09-30 07:16:18.208802816,4,6873,203,18
32.029158,139.364081,2026-09-30 07:16:18.236656640,4,3690,264,19
32.023333,139.349502,2026-09-30 07:16:18.303986944,4,4040,156,39
32.023368,139.352987,2026-09-30 07:16:18.303987712,4,11532,137,22
32.013498,139.350926,2026-09-30 07:16:18.370388992,4,4892,261,32
32.025829,139.349535,2026-09-30 07:16:18.399244800,4,8718,257,24
32.015626,139.34897,2026-09-30 07:16:19.81212928,4,5362,257,23
31.772559,139.518854,2026-09-30 07:16:20.647348992,4,4102,261,29
31.815777,139.473572,2026-09-30 07:16:44.364315136,4,4504,260,21
31.995891,139.293871,2026-09-30 07:16:49.294132224,4,6670,157,48
32.001703,139.306109,2026-09-30 07:16:49.294135296,4,8522,136,31
32.003122,139.311548,2026-09-30 07:16:49.357888512,4,3731,258,22
31.850821,139.726696,2026-09-30 07:16:56.860283136,4,13714,268,26
31.851426,139.713561,2026-09-30 07:16:56.865159936,4,14562,153,36
31.844472,139.71418,2026-09-30 07:16:56.865162496,4,8460,256,24
31.884626,139.725521,2026-09-30 07:16:56.885155328,4,4796,265,26
31.869748,139.728707,2026-09-30 07:16:56.895438080,4,3796,265,23
31.868554,139.731771,2026-09-30 07:16:56.911951872,4,3845,265,30
32.00431,139.357885,2026-09-30 07:17:06.712997632,4,12373,257,35
32.016782,139.375246,2026-09-30 07:17:06.803011584,4,2113,259,19
32.019399,139.372142,2026-09-30 07:17:06.836079872,4,5120,259,22
32.002998,139.373629,2026-09-30 07:17:06.915841792,4,9941,156,41
32.0152,139.372092,2026-09-30 07:17:06.915843328,4,8787,137,24
32.022769,139.372255,2026-09-30 07:17:07.369225472,4,4522,257,30
32.013008,139.379876,2026-09-30 07:17:07.572881408,4,3259,266,21
32.021561,139.362138,2026-09-30 07:17:14.587239680,4,3953,257,34
32.012371,139.34883,2026-09-30 07:17:14.587239936,4,9980,255,18
32.038575,139.344073,2026-09-30 07:17:14.881889024,4,6571,257,24
32.025388,139.361197,2026-09-30 07:17:14.960149504,4,4922,257,28
31.995528,139.290128,2026-09-30 07:17:26.140860672,4,9869,257,36
31.989254,139.292494,2026-09-30 07:17:26.140861184,4,10635,255,19
32.032914,139.285951,2026-09-30 07:17:26.582811904,4,5849,256,30
31.942028,139.373672,2026-09-30 07:17:28.320962560,4,5829,258,32
32.01464,139.384968,2026-09-30 07:17:28.884673792,4,10420,257,23
32.009404,139.29047,2026-09-30 07:17:36.506423296,4,3539,257,33
32.015087,139.29742,2026-09-30 07:17:36.707172352,4,3664,257,26
32.015484,139.299622,2026-09-30 07:17:36.970734336,4,4112,257,33
31.806137,139.494619,2026-09-30 07:17:37.809840896,4,4370,261,32
32.006582,139.350802,2026-09-30 07:17:55.590528256,4,8590,156,42
32.016845,139.349721,2026-09-30 07:17:55.590534656,4,11312,136,24
32.002942,139.35919,2026-09-30 07:17:55.641196288,4,9000,257,33
32.0167,139.356406,2026-09-30 07:17:55.725886464,4,3733,257,30
32.028254,139.381133,2026-09-30 07:17:55.825088256,4,4206,257,31
32.029278,139.372595,2026-09-30 07:17:55.859605248,4,5069,257,24
32.023953,139.37415,2026-09-30 07:17:55.875781376,4,3376,257,17
31.804669,139.459127,2026-09-30 07:18:02.171940096,4,4818,260,32
29.797716,-101.295089,2026-09-30 07:15:02.923213312,7,9025,170,33
29.794341,-101.218893,2026-09-30 07:15:02.923240960,7,6285,229,19
29.436219,-80.174295,2026-09-30 07:15:03.435098880,7,10952,150,28
29.649268,-80.164701,2026-09-30 07:15:03.435177216,7,6557,258,16
29.508156,-80.185945,2026-09-30 07:15:03.482194944,7,6691,172,13
29.215836,-79.857014,2026-09-30 07:15:03.541889792,7,6068,129,27
29.316638,-79.716649,2026-09-30 07:15:03.541944576,7,8697,181,15
29.263533,-79.676059,2026-09-30 07:15:03.577488640,7,5148,186,16
22.164564,-99.669474,2026-09-30 07:15:05.136485376,7,8385,195,24
22.161596,-99.696162,2026-09-30 07:15:05.187410176,7,3251,197,20
22.241084,-99.566701,2026-09-30 07:15:05.233999872,7,5853,233,18
19.624253,-96.037594,2026-09-30 07:15:07.29491968,7,5119,255,15
21.161467,-80.789091,2026-09-30 07:15:07.927265280,7,2172,255,21
21.125928,-80.790377,2026-09-30 07:15:07.927252480,7,6091,228,12
19.734362,-79.127262,2026-09-30 07:15:08.437527296,7,2904,263,21
19.682815,-79.115591,2026-09-30 07:15:08.437514496,7,6571,264,15
19.739513,-79.123655,2026-09-30 07:15:08.527666432,7,6896,263,14
19.737642,-79.122708,2026-09-30 07:15:08.590519040,7,4723,263,17
19.743791,-79.129439,2026-09-30 07:15:08.617341696,7,4007,263,28
19.742944,-79.133322,2026-09-30 07:15:08.617339648,7,7658,263,19
19.766678,-79.125868,2026-09-30 07:15:08.716164352,7,2550,263,31
19.752546,-79.132319,2026-09-30 07:15:08.716160000,7,3780,263,24
21.673624,-81.518538,2026-09-30 07:15:09.603956992,7,6962,253,18
21.611404,-81.504156,2026-09-30 07:15:09.797091072,7,5785,252,21
21.846393,-81.430392,2026-09-30 07:15:10.473409280,7,7036,252,32
23.056017,-77.93007,2026-09-30 07:15:11.385436160,7,9735,248,15
23.077544,-77.936405,2026-09-30 07:15:11.947428096,7,5000,247,17
21.258132,-80.942744,2026-09-30 07:15:12.897815040,7,2607,261,27
19.660746,-96.071406,2026-09-30 07:15:13.925422080,7,2249,247,19
27.898702,-101.211932,2026-09-30 07:15:21.229239296,7,6858,189,16
27.928751,-101.253042,2026-09-30 07:15:21.293893632,7,9364,188,21
27.974782,-101.155588,2026-09-30 07:15:21.525806848,7,7862,188,18
29.292862,-101.324227,2026-09-30 07:15:21.946182656,7,9368,120,14
29.894275,-101.242888,2026-09-30 07:15:22.928805888,7,6245,159,18
19.702215,-74.888244,2026-09-30 07:15:23.418642432,7,6270,159,28
19.835742,-74.941397,2026-09-30 07:15:23.599883264,7,4920,267,24
29.941992,-101.124281,2026-09-30 07:15:24.106479104,7,7019,240,19
29.679878,-101.428801,2026-09-30 07:15:24.163004160,7,7084,199,21
22.237435,-99.593512,2026-09-30 07:15:27.255749888,7,7382,232,13
17.920368,-94.714652,2026-09-30 07:15:29.953095936,7,2553,255,28
17.900508,-94.739238,2026-09-30 07:15:30.177138432,7,2903,265,20
21.463279,-81.379775,2026-09-30 07:15:31.947170560,7,3477,253,22
21.543719,-81.409212,2026-09-30 07:15:31.947198976,7,4052,253,16
18.974294,-96.493052,2026-09-30 07:15:31.967306240,7,13241,261,12
21.553251,-81.411551,2026-09-30 07:15:32.23964416,7,6932,253,27
18.914699,-96.507717,2026-09-30 07:15:32.64121856,7,3149,251,17
28.705422,-101.307109,2026-09-30 07:15:33.68235008,7,7177,181,36
28.713699,-101.319391,2026-09-30 07:15:33.130338816,7,4137,207,23
28.725667,-101.32907,2026-09-30 07:15:33.547726336,7,5097,207,25
29.280383,-79.612943,2026-09-30 07:15:33.715652864,7,7635,188,26
29.375459,-79.615034,2026-09-30 07:15:33.715741696,7,4808,245,13
22.54094,-77.981022,2026-09-30 07:15:34.38294528,7,5047,226,26
21.665946,-81.572495,2026-09-30 07:15:34.140198400,7,5004,224,14
21.648963,-81.578389,2026-09-30 07:15:34.293502976,7,7807,224,20
21.635797,-81.575901,2026-09-30 07:15:34.757816064,7,3050,252,18
19.70242,-96.072831,2026-09-30 07:15:35.749465344,7,11533,254,13
23.188528,-74.71165,2026-09-30 07:15:37.465791232,7,4477,262,28
23.994215,-86.398113,2026-09-30 07:15:39.645722368,7,5335,237,25
27.790101,-101.344906,2026-09-30 07:15:40.831468800,7,6863,190,15
22.244455,-85.642903,2026-09-30 07:15:42.253423360,7,6274,264,33
22.361494,-85.765775,2026-09-30 07:15:42.253486592,7,6589,244,27
23.465563,-80.782739,2026-09-30 07:15:43.595602432,7,13193,243,12
19.796989,-96.067691,2026-09-30 07:15:44.635056896,7,14818,256,15
29.233191,-79.647105,2026-09-30 07:15:47.494882560,7,13014,130,15
29.202612,-79.501732,2026-09-30 07:15:47.499895808,7,5400,163,17
29.359021,-79.516128,2026-09-30 07:15:47.499953152,7,5125,204,16
19.660462,-96.046204,2026-09-30 07:15:49.74867968,7,11944,244,25
18.030896,-94.810934,2026-09-30 07:15:52.223895296,7,8701,253,17
29.730401,-101.42274,2026-09-30 07:15:52.608430336,7,9490,171,25
27.946706,-101.433003,2026-09-30 07:15:56.235486464,7,6049,209,24
21.994633,-77.270699,2026-09-30 07:15:57.820038400,7,1789,254,29
21.939991,-77.251521,2026-09-30 07:15:57.820018944,7,6863,260,20
22.553881,-81.159009,2026-09-30 07:15:59.422843136,7,6340,249,30
22.197992,-81.150866,2026-09-30 07:15:59.476930304,7,2226,251,23
21.51648,-81.376619,2026-09-30 07:15:59.856277248,7,3714,254,29
28.624483,-101.195978,2026-09-30 07:16:00.99214080,7,12877,235,11
19.122002,-96.433946,2026-09-30 07:16:00.292879360,7,12894,247,11
19.157323,-96.477687,2026-09-30 07:16:00.308273152,7,3005,250,25
19.082432,-96.569347,2026-09-30 07:16:00.373487104,7,9107,245,19
13.684897,-90.647219,2026-09-30 07:16:08.329989376,7,10206,265,28
28.013018,-101.322797,2026-09-30 07:16:08.724692224,7,7290,188,17
28.331657,-70.376296,2026-09-30 07:16:09.925230336,7,5744,257,18
19.72537,-96.050657,2026-09-30 07:16:11.222143232,7,5329,246,23
19.741679,-96.04416,2026-09-30 07:16:11.306976512,7,4047,257,17
19.69907,-96.041742,2026-09-30 07:16:11.355717888,7,8413,254,12
28.620929,-101.146799,2026-09-30 07:16:12.740625408,7,2686,219,20
21.377829,-80.851441,2026-09-30 07:16:14.309771520,7,5169,264,24
27.622371,-101.275545,2026-09-30 07:16:20.630802944,7,6772,225,13
20.501374,-74.741176,2026-09-30 07:16:21.363363840,7,7998,269,18
24.970384,-101.943116,2026-09-30 07:16:21.716422400,7,5680,235,29
28.480891,-70.18855,2026-09-30 07:16:22.24841728,7,5298,253,13
28.502418,-70.200792,2026-09-30 07:16:22.56903168,7,3482,256,21
28.380066,-70.118347,2026-09-30 07:16:22.86050048,7,7763,249,11
28.486395,-70.186673,2026-09-30 07:16:22.117931264,7,8826,253,20
28.383074,-70.114565,2026-09-30 07:16:22.287787264,7,5171,249,9
29.462457,-74.086655,2026-09-30 07:16:23.542393600,7,2822,270,16
22.117716,-77.518857,2026-09-30 07:16:25.134322944,7,4338,253,27
-1.140078,-66.834452,2026-09-30 07:16:26.51307264,7,5428,191,14
22.351916,-79.486086,2026-09-30 07:16:26.111046400,7,2050,250,13
21.526457,-81.409832,2026-09-30 07:16:26.628304896,7,2112,253,26
21.549364,-81.404667,2026-09-30 07:16:26.732812032,7,2886,253,13
21.533876,-81.411238,2026-09-30 07:16:26.811036928,7,5147,253,22
22.321767,-77.707215,2026-09-30 07:16:28.503151616,7,5860,252,16
29.826149,-101.285651,2026-09-30 07:16:29.576371968,7,8028,170,13
29.822058,-101.290294,2026-09-30 07:16:29.690540032,7,6266,170,22
29.835003,-101.185824,2026-09-30 07:16:29.774360576,7,6030,211,23
19.843089,-79.399823,2026-09-30 07:16:30.280893440,7,1930,262,15
29.862735,-101.227175,2026-09-30 07:16:30.882208256,7,10689,247,13
22.948082,-78.096495,2026-09-30 07:16:31.36421888,7,9701,248,27
19.84446,-75.087415,2026-09-30 07:16:31.965781760,7,2165,268,23
29.093542,-101.398363,2026-09-30 07:16:33.781993984,7,6353,245,17
22.357028,-77.551034,2026-09-30 07:16:34.209834752,7,6436,258,21
19.617562,-96.110267,2026-09-30 07:16:35.265723648,7,8764,255,12
29.23147,-79.787645,2026-09-30 07:16:35.469474304,7,4535,134,22
27.09954,-101.62033,2026-09-30 07:16:41.56978176,7,12883,214,13
19.026802,-96.528102,2026-09-30 07:16:41.154128384,7,7553,245,14
21.661915,-81.545535,2026-09-30 07:16:41.263850240,7,6964,224,26
21.655168,-81.543888,2026-09-30 07:16:41.365605120,7,4133,252,19
21.654773,-81.543904,2026-09-30 07:16:41.365604864,7,4131,252,13
21.607963,-81.496705,2026-09-30 07:16:41.493539584,7,5893,265,18
21.662262,-81.543134,2026-09-30 07:16:41.493557760,7,8483,224,17
21.674005,-81.550949,2026-09-30 07:16:41.558427904,7,5537,224,12
21.651129,-81.54201,2026-09-30 07:16:41.614926848,7,2761,252,25
22.941807,-78.152941,2026-09-30 07:16:41.907262208,7,3386,254,31
19.81762,-79.306604,2026-09-30 07:16:50.317617152,7,1662,262,17
19.874997,-79.288748,2026-09-30 07:16:50.522049024,7,2045,262,20
22.256138,-77.058157,2026-09-30 07:16:51.624088832,7,8922,230,27
22.29975,-77.056737,2026-09-30 07:16:51.624105472,7,6170,164,22
22.306928,-77.050263,2026-09-30 07:16:51.709994496,7,4973,253,17
22.303971,-77.043146,2026-09-30 07:16:51.859193600,7,6887,253,28
21.885743,-82.122862,2026-09-30 07:16:55.316216320,7,5772,250,14
21.943751,-82.003133,2026-09-30 07:16:55.568172032,7,7135,222,21
17.904441,-94.718838,2026-09-30 07:16:55.839947264,7,4039,254,25
17.963016,-94.680745,2026-09-30 07:16:55.939983360,7,7691,253,19
21.45431,-81.378243,2026-09-30 07:16:57.276504064,7,2491,269,26
21.504004,-81.380948,2026-09-30 07:16:57.420300288,7,5325,255,21
19.703425,-96.069479,2026-09-30 07:17:07.64274688,7,3446,246,19
19.661651,-96.05431,2026-09-30 07:17:07.91838720,7,11184,244,14
19.680722,-96.06473,2026-09-30 07:17:07.173774848,7,9722,244,26
29.171098,-79.736953,2026-09-30 07:17:08.756971776,7,12366,162,24
29.36722,-79.635036,2026-09-30 07:17:08.757043968,7,6276,204,17
19.057507,-96.509048,2026-09-30 07:17:10.273638400,7,6410,250,20
19.473324,-95.876263,2026-09-30 07:17:10.690890752,7,7618,247,27
19.427199,-95.858795,2026-09-30 07:17:10.764766720,7,3651,245,29
19.564653,-95.880207,2026-09-30 07:17:10.764807680,7,3200,259,30
19.072527,-96.475935,2026-09-30 07:17:10.879050752,7,5054,250,19
21.673673,-81.520395,2026-09-30 07:17:16.567540736,7,6140,253,16
21.683497,-81.526875,2026-09-30 07:17:16.567541248,7,2809,253,13
19.824312,-79.334939,2026-09-30 07:17:16.611351040,7,4559,262,24
21.676586,-81.519556,2026-09-30 07:17:16.671153920,7,6300,253,16
22.373138,-85.876629,2026-09-30 07:17:18.161605376,7,5815,234,22
22.471476,-85.899767,2026-09-30 07:17:18.276816128,7,9522,257,15
22.25322,-99.585167,2026-09-30 07:17:18.405608704,7,6369,234,15
22.263413,-99.581985,2026-09-30 07:17:18.420718080,7,5442,234,16
22.292407,-77.104924,2026-09-30 07:17:19.97435904,7,2819,253,21
22.280034,-77.091046,2026-09-30 07:17:19.157928960,7,4545,253,17
29.070745,-79.407268,2026-09-30 07:17:21.127929344,7,13472,166,12
29.206923,-79.674968,2026-09-30 07:17:24.670639872,7,6934,160,23
29.366205,-79.63629,2026-09-30 07:17:24.670702592,7,4929,245,11
29.686966,-101.365218,2026-09-30 07:17:25.200311552,7,6904,171,24
29.681383,-101.371622,2026-09-30 07:17:25.307740672,7,4448,171,24
29.677369,-101.374211,2026-09-30 07:17:25.400603648,7,3962,199,26
29.691066,-101.371895,2026-09-30 07:17:25.457376256,7,7021,171,14
19.623184,-96.119255,2026-09-30 07:17:25.891857664,7,7109,247,11
28.492791,-70.172893,2026-09-30 07:17:28.791732224,7,10624,259,21
22.084316,-77.397209,2026-09-30 07:17:29.922889216,7,4809,253,18
22.018126,-77.367249,2026-09-30 07:17:29.922862848,7,3076,259,13
17.91416,-94.685576,2026-09-30 07:17:30.979742464,7,6506,253,29
17.909613,-94.68842,2026-09-30 07:17:31.49084416,7,13325,256,23
29.870548,-101.28503,2026-09-30 07:17:32.740237312,7,8209,169,12
29.425203,-101.688941,2026-09-30 07:17:34.393067264,7,5223,245,20
28.07214,-101.305753,2026-09-30 07:17:36.103348736,7,4285,187,29
28.071632,-101.221386,2026-09-30 07:17:36.103373056,7,6083,236,17
28.071722,-101.29719,2026-09-30 07:17:36.146459648,7,4999,187,18
28.723605,-79.888232,2026-09-30 07:17:36.487062016,7,4934,166,23
28.910507,-79.787864,2026-09-30 07:17:36.487140352,7,7781,249,12
28.077417,-101.308503,2026-09-30 07:17:36.998981888,7,5298,212,18
29.408331,-79.624381,2026-09-30 07:17:37.619349248,7,5018,244,27
29.413692,-79.625938,2026-09-30 07:17:37.619351040,7,3236,244,21
29.385763,-79.669065,2026-09-30 07:17:37.619337984,7,5796,181,14
19.681615,-96.067107,2026-09-30 07:17:37.759811328,7,12935,254,21
29.273876,-79.736686,2026-09-30 07:17:37.792457216,7,7126,158,18
19.716654,-96.045811,2026-09-30 07:17:37.826542336,7,11509,244,20
29.265288,-79.705045,2026-09-30 07:17:37.980942080,7,6498,159,15
21.305419,-80.967778,2026-09-30 07:17:39.247640832,7,906,255,22
19.566279,-96.17174,2026-09-30 07:17:39.452057600,7,4618,237,22
19.127368,-96.47416,2026-09-30 07:17:40.570753024,7,12504,247,15
22.206789,-77.10295,2026-09-30 07:17:41.592551168,7,3348,259,27
22.219291,-77.103362,2026-09-30 07:17:41.675937024,7,1573,259,28
20.674647,-105.509709,2026-09-30 07:17:43.907728384,7,3854,258,20
22.013991,-82.146061,2026-09-30 07:17:44.182575616,7,2528,221,20
21.998602,-82.146469,2026-09-30 07:17:44.182575872,7,7316,221,11
22.949285,-78.197845,2026-09-30 07:17:45.343427328,7,3683,254,27
23.009398,-78.227689,2026-09-30 07:17:45.343447296,7,4358,247,18
22.952802,-78.229666,2026-09-30 07:17:45.445576448,7,6234,248,23
19.928715,-79.430079,2026-09-30 07:17:45.774705920,7,13158,262,13
19.816084,-79.394228,2026-09-30 07:17:45.861229312,7,3883,262,20
22.6005,-78.003599,2026-09-30 07:17:51.245046272,7,4472,250,31
22.527686,-77.972402,2026-09-30 07:17:51.245019904,7,7381,256,22
22.584881,-77.990533,2026-09-30 07:17:51.287723520,7,5529,250,17
22.592535,-77.99325,2026-09-30 07:17:51.315792384,7,4095,250,25
19.78605,-75.021034,2026-09-30 07:17:52.205296896,7,12384,159,33
19.88675,-75.093882,2026-09-30 07:17:52.315575808,7,4410,267,32
22.192179,-99.674545,2026-09-30 07:17:52.458622976,7,7962,245,21
27.921441,-101.347047,2026-09-30 07:17:53.17603584,7,8934,208,13
21.682162,-81.594573,2026-09-30 07:17:53.704185856,7,2874,253,25
27.953821,-101.188607,2026-09-30 07:18:02.17330944,7,9299,237,16
28.022216,-101.170485,2026-09-30 07:18:02.75123200,7,11148,187,11
27.969281,-101.259381,2026-09-30 07:18:02.121657856,7,5253,213,16
28.00505,-101.275544,2026-09-30 07:18:02.252368640,7,6654,241,17
27.919828,-101.321869,2026-09-30 07:18:02.393334784,7,9077,208,11
19.655033,-96.201881,2026-09-30 07:18:02.536852480,7,5749,236,14
27.924182,-101.329814,2026-09-30 07:18:02.559169024,7,8198,208,10
29.846261,-101.280433,2026-09-30 07:18:03.85008896,7,11356,170,24
29.849964,-101.278132,2026-09-30 07:18:03.165164032,7,10460,170,25
19.482424,-95.878236,2026-09-30 07:18:03.174030848,7,3851,258,15
29.837216,-101.273216,2026-09-30 07:18:03.341467904,7,12683,170,20
28.50024,-70.195613,2026-09-30 07:18:03.465451008,7,7061,258,24
28.457658,-70.163984,2026-09-30 07:18:03.776724992,7,3572,260,11
27.995441,4.594703,2026-09-30 07:15:20.338285824,5,14592,264,15
28.337011,4.008319,2026-09-30 07:16:24.740759040,5,6561,233,21
29.423578,6.075301,2026-09-30 07:17:11.756364288,5,6033,248,63
29.207418,6.05003,2026-09-30 07:17:11.756308992,5,10074,249,51
31.799196,139.457443,2026-09-30 07:15:02.18507008,9,10309,260,32
31.801768,139.470881,2026-09-30 07:15:02.18504960,9,4886,258,13
33.66804,134.385055,2026-09-30 07:15:09.670394624,9,5493,190,24
32.037795,139.416866,2026-09-30 07:15:26.311659264,9,12790,155,46
32.041877,139.378382,2026-09-30 07:15:26.311671296,9,13280,140,30
32.018654,139.352259,2026-09-30 07:15:26.406552320,9,7620,265,30
32.054843,139.361979,2026-09-30 07:15:26.556503808,9,3058,265,21
32.037569,139.372247,2026-09-30 07:15:26.556498432,9,2957,264,18
31.93027,139.476188,2026-09-30 07:15:26.559477248,9,8847,266,16
31.948528,139.31552,2026-09-30 07:15:27.260100608,9,2391,264,20
32.018461,139.353291,2026-09-30 07:15:27.584972032,9,2690,264,25
31.773919,139.492524,2026-09-30 07:15:30.628916736,9,2233,261,24
31.804887,139.486641,2026-09-30 07:15:30.794481664,9,3261,268,20
13.665636,135.521578,2026-09-30 07:15:38.344909056,9,11620,252,16
32.011699,139.436599,2026-09-30 07:15:51.287928064,9,1515,173,45
31.927807,139.372213,2026-09-30 07:15:51.287893504,9,4279,258,36
31.920298,139.356508,2026-09-30 07:15:51.287900416,9,9612,254,24
32.006082,139.341321,2026-09-30 07:15:51.378506496,9,2592,257,32
32.009787,139.317916,2026-09-30 07:15:51.378513152,9,11184,255,20
31.80298,139.478958,2026-09-30 07:15:57.402966528,9,3433,260,33
31.837922,139.446248,2026-09-30 07:15:57.402984448,9,4149,265,15
30.028033,118.166744,2026-09-30 07:16:03.593869568,9,4195,259,46
32.027098,139.401252,2026-09-30 07:16:18.208785152,9,13861,144,48
32.023738,139.359896,2026-09-30 07:16:18.208784128,9,8549,140,35
32.058393,139.327904,2026-09-30 07:16:18.208802816,9,6873,203,18
32.029158,139.364081,2026-09-30 07:16:18.236656640,9,3690,264,18
32.009988,139.349013,2026-09-30 07:16:18.303980544,9,8556,156,40
32.023372,139.352984,2026-09-30 07:16:18.303987712,9,11532,137,22
32.01892,139.346654,2026-09-30 07:16:18.348443392,9,4478,264,11
32.030771,139.346095,2026-09-30 07:16:18.370391296,9,3415,261,32
32.056725,139.322353,2026-09-30 07:16:18.370402304,9,6687,254,19
32.050465,139.34534,2026-09-30 07:16:18.399256064,9,1080,269,24
32.019246,139.370625,2026-09-30 07:16:18.399245568,9,5594,257,14
32.119537,139.240044,2026-09-30 07:16:18.685953792,9,4094,259,16
32.032772,139.349138,2026-09-30 07:16:19.81219072,9,6288,257,23
32.101279,139.409447,2026-09-30 07:16:19.89427968,9,2828,264,14
31.772559,139.518854,2026-09-30 07:16:20.647348992,9,4102,261,29
32.049998,139.551971,2026-09-30 07:16:39.544513024,9,8395,265,16
31.811779,139.470779,2026-09-30 07:16:44.364316416,9,3085,260,19
31.997996,139.294579,2026-09-30 07:16:49.294132992,9,6670,157,48
31.96806,139.347821,2026-09-30 07:16:49.294122752,9,2220,268,31
31.962646,139.335557,2026-09-30 07:16:49.294126336,9,5026,254,19
32.005697,139.297623,2026-09-30 07:16:49.357890304,9,5689,258,21
31.850821,139.726696,2026-09-30 07:16:56.860283136,9,13714,268,26
31.846709,139.726052,2026-09-30 07:16:56.865159680,9,9288,145,42
31.943725,139.669561,2026-09-30 07:16:56.865196032,9,1532,228,25
31.958229,139.637783,2026-09-30 07:16:56.865201152,9,3378,227,16
31.870151,139.738726,2026-09-30 07:16:56.885153024,9,4099,265,25
31.869388,139.72883,2026-09-30 07:16:56.895438080,9,3796,265,22
31.868554,139.731771,2026-09-30 07:16:56.911951872,9,3845,265,30
31.948934,139.707777,2026-09-30 07:16:56.914349568,9,4281,269,20
32.00431,139.357885,2026-09-30 07:17:06.712997632,9,12373,257,35
32.153692,139.238193,2026-09-30 07:17:06.713054976,9,14048,226,18
32.03306,139.362251,2026-09-30 07:17:06.803017728,9,3154,259,19
32.018764,139.37209,2026-09-30 07:17:06.836079616,9,5121,259,22
32.013182,139.359671,2026-09-30 07:17:06.915844608,9,6015,139,37
31.96579,139.40151,2026-09-30 07:17:06.915831808,9,3122,256,21
32.013872,139.373502,2026-09-30 07:17:07.369219584,9,4497,257,25
32.013008,139.379876,2026-09-30 07:17:07.572881408,9,3259,266,20
44.353306,133.009036,2026-09-30 07:17:13.510336000,9,9390,260,15
32.033504,139.359817,2026-09-30 07:17:14.587244032,9,2731,257,34
32.012442,139.34883,2026-09-30 07:17:14.587236864,9,9981,255,20
32.030356,139.350631,2026-09-30 07:17:14.881885952,9,6274,257,23
31.995873,139.36556,2026-09-30 07:17:14.960140544,9,12765,257,27
32.018738,139.364724,2026-09-30 07:17:15.4237824,9,5053,257,14
32.029507,139.2853,2026-09-30 07:17:26.140872960,9,4138,256,35
31.996107,139.299751,2026-09-30 07:17:26.140862464,9,7521,255,19
31.997153,139.309112,2026-09-30 07:17:26.582805248,9,6530,257,30
32.008442,139.28236,2026-09-30 07:17:26.582809344,9,9752,256,11
31.928133,139.382102,2026-09-30 07:17:28.320960768,9,3299,258,30
31.915112,139.33583,2026-09-30 07:17:28.320968448,9,5537,256,23
31.974738,139.373813,2026-09-30 07:17:28.884673792,9,12047,258,22
31.984967,139.292171,2026-09-30 07:17:36.506414336,9,11687,257,32
31.972231,139.320805,2026-09-30 07:17:36.506406400,9,8749,257,14
32.005683,139.296587,2026-09-30 07:17:36.707169280,9,4718,257,24
32.018046,139.287335,2026-09-30 07:17:36.970740736,9,5943,256,33
31.979115,139.30072,2026-09-30 07:17:36.970723840,9,11161,255,14
31.826575,139.479507,2026-09-30 07:17:37.809844992,9,5365,257,27
32.006582,139.350802,2026-09-30 07:17:55.590528256,9,8590,156,41
32.016845,139.349721,2026-09-30 07:17:55.590534656,9,11312,136,23
32.016611,139.356673,2026-09-30 07:17:55.641198080,9,5687,257,32
32.056528,139.316038,2026-09-30 07:17:55.641218304,9,4917,254,15
32.016683,139.3564,2026-09-30 07:17:55.725886464,9,3733,257,30
32.004586,139.343731,2026-09-30 07:17:55.725883136,9,10828,255,12
32.019442,139.370653,2026-09-30 07:17:55.825084928,9,6064,257,30
32.020962,139.383735,2026-09-30 07:17:55.859603968,9,3241,257,24
32.023997,139.374144,2026-09-30 07:17:55.875781632,9,3376,257,15
32.013369,139.381485,2026-09-30 07:17:56.489933824,9,2297,264,14
32.045676,139.359145,2026-09-30 07:17:56.923013376,9,1530,264,15
31.802916,139.468119,2026-09-30 07:18:02.171935744,9,3400,260,31
31.838965,139.428121,2026-09-30 07:18:02.171954432,9,4209,264,14
27.949245,-101.293677,2026-09-30 07:15:02.148320512,13,14166,188,39
29.803806,-101.187801,2026-09-30 07:15:02.923178496,13,4350,178,104
29.935457,-101.172369,2026-09-30 07:15:02.923275264,13,3450,253,29
29.879709,-101.182466,2026-09-30 07:15:03.674560,13,7404,222,30
29.513119,-80.157905,2026-09-30 07:15:03.435076352,13,8202,156,90
29.565892,-80.171781,2026-09-30 07:15:03.435155968,13,5336,201,84
29.176429,-79.701868,2026-09-30 07:15:03.577510656,13,10793,171,34
31.275041,-76.353535,2026-09-30 07:15:03.782279680,13,8138,143,22
55.04753,-92.59639,2026-09-30 07:15:04.986485760,13,5175,191,32
22.231711,-99.586677,2026-09-30 07:15:05.136526592,13,6730,245,79
22.251222,-99.567985,2026-09-30 07:15:05.234002432,13,5552,235,31
29.102864,-101.22329,2026-09-30 07:15:05.821991424,13,11534,228,46
27.70798,-101.257188,2026-09-30 07:15:06.121625344,13,8657,267,27
19.730281,-96.038946,2026-09-30 07:15:07.29531136,13,10364,257,38
21.172081,-80.790219,2026-09-30 07:15:07.927270656,13,4233,255,36
19.754716,-79.124496,2026-09-30 07:15:08.437540352,13,7725,263,44
19.733988,-79.132375,2026-09-30 07:15:08.716153344,13,7262,263,77
19.921255,-79.143379,2026-09-30 07:15:08.852554240,13,9439,237,48
28.83158,-101.117021,2026-09-30 07:15:08.957057024,13,6286,207,29
21.392353,-81.373922,2026-09-30 07:15:11.145404928,13,12781,257,61
23.088706,-77.948746,2026-09-30 07:15:11.385449216,13,3683,249,52
23.090335,-77.953957,2026-09-30 07:15:11.947435008,13,14587,249,53
19.639253,-96.063945,2026-09-30 07:15:13.925422592,13,8642,244,51
28.491272,-70.193156,2026-09-30 07:15:16.701200640,13,5761,262,49
32.807773,-111.590647,2026-09-30 07:15:19.151352320,13,2749,253,29
22.131722,-77.441793,2026-09-30 07:15:20.571041536,13,5365,267,37
31.147211,-76.285054,2026-09-30 07:15:21.168539392,13,7810,222,34
28.011417,-101.109323,2026-09-30 07:15:21.229283328,13,8866,235,40
28.000035,-101.145513,2026-09-30 07:15:21.525805056,13,9918,191,41
30.497811,-100.95125,2026-09-30 07:15:21.866391552,13,12236,251,25
29.298876,-101.318583,2026-09-30 07:15:21.946180352,13,14067,117,39
29.999194,-101.043704,2026-09-30 07:15:22.928865280,13,11326,222,62
30.004658,-101.03377,2026-09-30 07:15:22.928860672,13,9154,194,55
19.818501,-74.932415,2026-09-30 07:15:23.504250880,13,3059,269,52
29.708972,-101.085975,2026-09-30 07:15:24.106403072,13,11946,147,61
29.903779,-101.207802,2026-09-30 07:15:24.106458112,13,9304,222,49
29.749864,-101.321046,2026-09-30 07:15:24.163046656,13,3392,231,39
30.135088,-101.066648,2026-09-30 07:15:26.29001984,13,5096,221,39
30.154101,-101.074784,2026-09-30 07:15:26.29008128,13,7004,221,27
30.957155,-76.353042,2026-09-30 07:15:29.830869248,13,14953,205,106
30.954232,-76.321951,2026-09-30 07:15:30.55584768,13,7122,229,70
17.888503,-94.728358,2026-09-30 07:15:30.177140480,13,6367,265,38
21.528331,-81.42698,2026-09-30 07:15:32.23952896,13,10040,255,40
28.709758,-101.190779,2026-09-30 07:15:33.68198144,13,9445,102,122
28.819226,-101.182185,2026-09-30 07:15:33.68228864,13,5831,230,121
28.681936,-101.09199,2026-09-30 07:15:33.130329088,13,12334,232,73
28.549133,-101.130177,2026-09-30 07:15:33.547694848,13,10951,234,81
28.840457,-101.201252,2026-09-30 07:15:33.547780096,13,3209,246,69
29.27828,-79.608493,2026-09-30 07:15:33.715652096,13,6111,170,78
29.350285,-79.621139,2026-09-30 07:15:33.715730432,13,5771,204,59
29.412101,-79.616411,2026-09-30 07:15:34.129250048,13,7280,203,41
25.458205,-102.490544,2026-09-30 07:15:36.392849408,13,6191,260,25
19.767878,-79.393191,2026-09-30 07:15:37.845446912,13,6603,262,35
27.579048,-101.296803,2026-09-30 07:15:38.166641920,13,5561,244,29
27.573339,-101.294655,2026-09-30 07:15:38.283755776,13,8809,244,27
23.016515,-78.220781,2026-09-30 07:15:40.352121088,13,8999,249,44
23.002343,-78.225664,2026-09-30 07:15:40.529789696,13,5792,248,49
23.023187,-78.223646,2026-09-30 07:15:40.773415680,13,8539,262,86
23.036702,-78.217773,2026-09-30 07:15:41.170531840,13,5528,262,32
22.299114,-85.768376,2026-09-30 07:15:42.253410048,13,5135,223,139
22.387983,-85.775366,2026-09-30 07:15:42.313047552,13,8127,251,30
22.40396,-85.779277,2026-09-30 07:15:42.345075968,13,13908,261,26
22.397358,-85.770634,2026-09-30 07:15:42.394821376,13,4174,250,37
19.753079,-96.0826,2026-09-30 07:15:44.635044608,13,2992,257,36
31.092048,-76.23919,2026-09-30 07:15:46.20775936,13,5571,250,17
33.45411,-103.820658,2026-09-30 07:15:47.318763264,13,11632,176,26
29.204128,-79.514648,2026-09-30 07:15:47.494883328,13,12529,173,40
19.659454,-96.053688,2026-09-30 07:15:49.74867712,13,7628,244,70
29.640895,-101.232765,2026-09-30 07:15:52.608413440,13,9871,130,68
29.769836,-101.325357,2026-09-30 07:15:52.849680384,13,6108,225,24
29.946657,-101.046275,2026-09-30 07:15:55.957089024,13,5449,208,70
30.302732,-101.02528,2026-09-30 07:15:55.957207040,13,8501,234,63
30.245894,-101.074445,2026-09-30 07:15:55.957181440,13,5267,262,50
28.105234,-101.232991,2026-09-30 07:15:56.235568896,13,4459,235,35
22.539088,-81.156391,2026-09-30 07:15:59.422838272,13,8509,249,126
28.536116,-101.295645,2026-09-30 07:16:00.99170560,13,8114,210,33
19.181846,-96.472333,2026-09-30 07:16:00.308276992,13,7525,247,77
28.025287,-101.123958,2026-09-30 07:16:00.919728128,13,6682,235,46
28.01853,-101.133521,2026-09-30 07:16:01.106991872,13,4743,235,69
28.034725,-101.136253,2026-09-30 07:16:01.361462784,13,9120,235,50
19.62658,-96.038759,2026-09-30 07:16:01.611880448,13,8158,244,63
19.664026,-96.029051,2026-09-30 07:16:02.197905920,13,8552,257,20
31.24462,-76.368525,2026-09-30 07:16:02.622900480,13,7418,213,35
31.257019,-76.376331,2026-09-30 07:16:02.622907648,13,5681,256,18
31.28464,-76.243568,2026-09-30 07:16:03.96361216,13,6780,201,95
31.319195,-76.253312,2026-09-30 07:16:03.96380416,13,4147,235,85
31.2674,-76.200879,2026-09-30 07:16:03.194553344,13,10095,215,88
22.286796,-77.078812,2026-09-30 07:16:03.471552768,13,5133,255,63
19.719452,-79.151547,2026-09-30 07:16:03.703473152,13,7098,263,64
31.093522,-76.423126,2026-09-30 07:16:04.175962880,13,6426,195,17
18.195798,-94.688032,2026-09-30 07:16:06.69380096,13,9096,255,140
30.174751,-101.073641,2026-09-30 07:16:06.460874240,13,3123,253,28
19.799485,-79.389399,2026-09-30 07:16:06.835782912,13,6696,262,24
30.355274,-100.794734,2026-09-30 07:16:06.966169344,13,8038,194,44
30.563502,-100.883255,2026-09-30 07:16:06.966232576,13,1945,255,30
30.531923,-100.872268,2026-09-30 07:16:07.34281216,13,7616,218,55
19.941787,-75.087012,2026-09-30 07:16:07.973096448,13,4763,268,44
28.109264,-101.206674,2026-09-30 07:16:08.724742144,13,6649,235,57
28.103156,-101.218831,2026-09-30 07:16:08.847290624,13,7392,235,33
28.094803,-101.211763,2026-09-30 07:16:09.196328192,13,9608,240,24
28.325377,-70.366686,2026-09-30 07:16:09.925227520,13,6265,264,71
28.396804,-70.465242,2026-09-30 07:16:10.177519872,13,9405,263,16
19.709065,-96.044478,2026-09-30 07:16:11.222146304,13,12364,246,79
19.750774,-96.028616,2026-09-30 07:16:11.306984704,13,4239,251,33
30.890512,-100.922794,2026-09-30 07:16:11.448427008,13,11859,192,45
31.419981,-80.010667,2026-09-30 07:16:12.556664320,13,5726,150,77
31.332235,-80.081011,2026-09-30 07:16:12.628136704,13,10357,162,44
28.536555,-101.029778,2026-09-30 07:16:12.740576000,13,6853,226,47
28.735408,-101.112923,2026-09-30 07:16:12.911159552,13,3375,262,54
30.995115,-76.360574,2026-09-30 07:16:16.261885184,13,11832,197,23
22.202135,-81.015889,2026-09-30 07:16:16.994694144,13,5535,250,58
22.209098,-80.952453,2026-09-30 07:16:17.41600256,13,10186,250,27
19.905381,-79.34841,2026-09-30 07:16:18.582849280,13,4824,265,40
27.685202,-101.278555,2026-09-30 07:16:20.630815488,13,3141,251,73
27.631646,-101.251746,2026-09-30 07:16:21.41812480,13,6149,242,25
29.215471,-101.082271,2026-09-30 07:16:21.59332352,13,9976,227,37
25.041924,-101.948261,2026-09-30 07:16:21.616524800,13,4744,252,30
28.46728,-70.210258,2026-09-30 07:16:21.973576192,13,12114,208,103
28.498695,-70.191106,2026-09-30 07:16:22.56900352,13,8076,260,55
29.432268,-74.094832,2026-09-30 07:16:23.542386944,13,4687,232,49
22.116713,-77.520272,2026-09-30 07:16:25.134322944,13,3901,267,81
22.343955,-79.479485,2026-09-30 07:16:26.111046144,13,5337,250,27
21.553803,-81.413981,2026-09-30 07:16:26.811041536,13,4492,254,35
30.804496,-100.941667,2026-09-30 07:16:28.978310912,13,5382,249,33
29.903883,-101.183843,2026-09-30 07:16:29.576421632,13,7821,222,55
29.843752,-101.229004,2026-09-30 07:16:29.576395520,13,3561,264,42
29.756166,-101.09824,2026-09-30 07:16:29.690528512,13,8519,215,81
29.891898,-101.18856,2026-09-30 07:16:29.690586112,13,6657,223,47
29.887674,-101.187751,2026-09-30 07:16:29.774366464,13,7070,223,52
29.866372,-101.194104,2026-09-30 07:16:29.895582720,13,5594,223,37
29.907421,-101.190495,2026-09-30 07:16:29.895590656,13,6568,222,29
19.848171,-79.398484,2026-09-30 07:16:30.280895232,13,4878,262,24
29.863836,-101.225826,2026-09-30 07:16:30.882208768,13,10583,236,51
29.815666,-101.300624,2026-09-30 07:16:30.882171136,13,10019,223,35
29.719843,-101.372841,2026-09-30 07:16:30.924831744,13,3011,265,32
23.020797,-78.189694,2026-09-30 07:16:31.583929088,13,4138,249,35
21.939689,-76.216433,2026-09-30 07:16:32.553819136,13,8310,269,68
28.948792,-101.31132,2026-09-30 07:16:33.781942784,13,12680,118,59
22.332287,-77.465623,2026-09-30 07:16:34.209819904,13,9172,254,61
29.481219,-79.685997,2026-09-30 07:16:35.469518592,13,13387,245,66
27.458904,-101.49544,2026-09-30 07:16:40.451924992,13,6602,239,24
31.338654,-76.3512,2026-09-30 07:16:40.520486400,13,12876,261,26
27.138949,-101.642161,2026-09-30 07:16:41.56962816,13,13753,197,35
23.16956,-77.923252,2026-09-30 07:16:41.313967872,13,4529,261,37
21.699318,-81.541715,2026-09-30 07:16:41.365621248,13,4421,253,39
21.712434,-81.539346,2026-09-30 07:16:41.493575168,13,3588,253,46
21.699734,-81.542594,2026-09-30 07:16:41.749660672,13,5371,253,37
31.343197,-80.040727,2026-09-30 07:16:44.394786304,13,13158,179,25
31.497649,-80.03368,2026-09-30 07:16:44.394842880,13,6662,228,19
32.676658,-111.620514,2026-09-30 07:16:44.875970304,13,7737,240,28
19.707525,-96.049219,2026-09-30 07:16:45.701193728,13,7157,244,75
19.742948,-96.057574,2026-09-30 07:16:46.104834560,13,4176,257,48
28.160614,-101.208769,2026-09-30 07:16:46.904721152,13,6974,234,57
27.989019,-101.107335,2026-09-30 07:16:46.981740288,13,10837,119,60
27.850371,-101.168301,2026-09-30 07:16:47.122871040,13,10000,216,60
28.179959,-101.20899,2026-09-30 07:16:47.122980608,13,9013,234,49
22.997216,-77.871746,2026-09-30 07:16:47.233595904,13,4631,250,127
22.989023,-77.857258,2026-09-30 07:16:47.274617088,13,8681,248,73
28.106694,-101.208658,2026-09-30 07:16:47.294915584,13,5861,235,42
28.251367,-69.997735,2026-09-30 07:16:48.590793472,13,12338,261,71
19.81731,-79.302897,2026-09-30 07:16:50.317616640,13,3883,262,38
19.894896,-79.294707,2026-09-30 07:16:50.522056704,13,4509,263,55
28.752534,-101.108005,2026-09-30 07:16:51.323405056,13,13109,238,22
22.612469,-77.14108,2026-09-30 07:16:51.624177408,13,9380,251,119
22.306911,-77.056623,2026-09-30 07:16:51.859196416,13,10016,255,80
30.854174,-100.937669,2026-09-30 07:16:52.240131328,13,3914,249,45
30.839806,-100.949674,2026-09-30 07:16:52.240125440,13,6461,218,54
30.776783,-100.947077,2026-09-30 07:16:52.410759680,13,14786,80,101
30.737322,-101.092262,2026-09-30 07:16:52.522002176,13,11110,142,44
23.082739,-78.186575,2026-09-30 07:16:53.129824256,13,4128,247,31
33.525844,-103.652805,2026-09-30 07:16:54.176588544,13,9986,160,34
33.228671,-103.722411,2026-09-30 07:16:54.744375552,13,6661,259,24
21.980702,-82.138293,2026-09-30 07:16:55.316244992,13,4850,251,37
21.909217,-81.96063,2026-09-30 07:16:55.568155392,13,6537,257,59
21.725668,-81.450399,2026-09-30 07:16:57.36299520,13,4864,252,46
30.920395,-76.407679,2026-09-30 07:16:57.731502336,13,14830,211,79
30.921159,-76.419247,2026-09-30 07:16:58.246379264,13,12065,209,92
30.978763,-76.454738,2026-09-30 07:16:58.246403840,13,5341,217,78
21.495333,-81.304707,2026-09-30 07:16:58.345431552,13,8596,254,34
29.152852,-79.404469,2026-09-30 07:16:58.441388800,13,9399,175,90
29.033157,-79.474319,2026-09-30 07:16:58.441405696,13,6244,266,70
22.146818,-83.387278,2026-09-30 07:16:59.499627520,13,8470,269,87
27.859764,-101.258104,2026-09-30 07:17:00.702374656,13,4848,192,20
28.007709,-101.100155,2026-09-30 07:17:00.782775552,13,7460,235,70
28.011016,-101.159163,2026-09-30 07:17:00.850590208,13,4770,236,46
27.949221,-101.2122,2026-09-30 07:17:01.301840128,13,4231,269,82
19.322302,-81.155014,2026-09-30 07:17:02.64593152,13,3776,264,61
22.870483,-75.807078,2026-09-30 07:17:02.686640640,13,8004,264,34
22.696171,-78.061437,2026-09-30 07:17:02.801511680,13,11157,251,64
55.925278,-89.035799,2026-09-30 07:17:02.935349248,13,9698,198,73
27.739663,-101.157036,2026-09-30 07:17:03.225788672,13,10958,214,62
27.929285,-101.086009,2026-09-30 07:17:03.339453696,13,9908,132,78
28.104162,-101.214529,2026-09-30 07:17:03.645428480,13,6134,234,42
30.226632,-100.93349,2026-09-30 07:17:05.103706880,13,3777,255,26
31.303871,-76.344382,2026-09-30 07:17:05.536160512,13,10193,269,19
30.725111,-100.886342,2026-09-30 07:17:06.57755136,13,6888,222,35
30.918339,-100.916888,2026-09-30 07:17:06.57814016,13,10669,215,32
30.954197,-100.925001,2026-09-30 07:17:06.344511232,13,8997,215,53
30.957791,-100.930675,2026-09-30 07:17:06.344502784,13,9093,215,42
19.585267,-96.150567,2026-09-30 07:17:07.64226560,13,4869,237,80
19.716236,-96.063664,2026-09-30 07:17:07.173790720,13,5376,256,35
25.449515,-102.441698,2026-09-30 07:17:08.94222848,13,7744,250,50
29.225332,-79.670247,2026-09-30 07:17:08.756948480,13,10656,169,81
29.285055,-79.713551,2026-09-30 07:17:08.757006848,13,14254,217,63
28.05449,-101.253989,2026-09-30 07:17:09.409897472,13,13061,238,18
19.047557,-96.50432,2026-09-30 07:17:10.273634560,13,6981,250,77
19.475726,-95.86403,2026-09-30 07:17:10.690887680,13,6660,247,76
19.494507,-95.871762,2026-09-30 07:17:10.764785408,13,8257,246,70
19.083267,-96.492223,2026-09-30 07:17:10.879062016,13,10221,250,49
30.863337,-100.717608,2026-09-30 07:17:11.704367872,13,12847,223,18
29.133147,-101.202542,2026-09-30 07:17:12.245289216,13,8362,204,23
28.49125,-101.004497,2026-09-30 07:17:12.852630528,13,10095,232,24
28.494108,-101.004538,2026-09-30 07:17:12.865598208,13,6047,232,23
56.991161,-90.542682,2026-09-30 07:17:17.54176256,13,9246,223,69
56.865602,-90.310366,2026-09-30 07:17:17.290923776,13,6607,206,69
22.479622,-85.90868,2026-09-30 07:17:17.972598528,13,13625,254,15
22.367548,-85.877047,2026-09-30 07:17:18.161604096,13,5216,234,36
22.313177,-77.103703,2026-09-30 07:17:18.911180544,13,6704,266,131
22.274148,-77.099375,2026-09-30 07:17:19.97432064,13,7534,255,81
22.307863,-77.092272,2026-09-30 07:17:19.157939200,13,5882,266,46
29.006033,-79.264799,2026-09-30 07:17:21.127937792,13,10660,170,24
31.206669,-76.291016,2026-09-30 07:17:24.26224896,13,13662,256,24
29.285108,-79.636835,2026-09-30 07:17:24.670611968,13,8325,170,64
29.164048,-79.671463,2026-09-30 07:17:24.670624512,13,4474,262,47
30.944193,-79.063463,2026-09-30 07:17:24.671309568,13,8141,245,31
30.975629,-76.581491,2026-09-30 07:17:25.104537088,13,8385,210,56
30.959628,-76.58889,2026-09-30 07:17:25.104524032,13,5319,261,53
29.600312,-101.181858,2026-09-30 07:17:25.200294400,13,8357,126,71
29.759742,-101.258908,2026-09-30 07:17:25.200357632,13,6867,223,58
29.740857,-101.255878,2026-09-30 07:17:25.307776768,13,6064,261,47
32.695199,-111.547044,2026-09-30 07:17:28.111975680,13,12646,204,26
28.470546,-70.16277,2026-09-30 07:17:28.791729920,13,4965,262,58
31.122975,-76.394536,2026-09-30 07:17:28.856348160,13,3796,191,70
31.156606,-76.362635,2026-09-30 07:17:28.856358400,13,8271,214,100
31.090363,-76.500706,2026-09-30 07:17:28.921033984,13,11404,138,44
22.078173,-77.397209,2026-09-30 07:17:29.922887168,13,4915,255,64
30.515348,-100.948009,2026-09-30 07:17:32.368657664,13,8134,236,17
29.935203,-101.178669,2026-09-30 07:17:32.740274176,13,4876,224,35
30.458465,-100.908397,2026-09-30 07:17:32.848343552,13,6891,226,37
30.363751,-100.971398,2026-09-30 07:17:32.848304640,13,3770,261,47
25.263597,-102.085223,2026-09-30 07:17:33.265426944,13,9014,251,18
29.510184,-101.512334,2026-09-30 07:17:34.393123328,13,12787,225,59
27.846179,-101.1592,2026-09-30 07:17:36.103295488,13,10792,212,86
28.17315,-101.198298,2026-09-30 07:17:36.103399168,13,4566,234,75
28.15547,-101.199811,2026-09-30 07:17:36.146506496,13,6910,234,56
28.782592,-79.81404,2026-09-30 07:17:36.487034368,13,14262,185,68
28.877489,-79.819508,2026-09-30 07:17:36.487119360,13,6431,208,57
28.072932,-101.305998,2026-09-30 07:17:36.998980352,13,6783,212,36
31.165293,-76.284054,2026-09-30 07:17:37.290591488,13,6005,237,29
29.316117,-79.612259,2026-09-30 07:17:37.619265792,13,14781,170,68
19.676071,-96.064455,2026-09-30 07:17:37.759809280,13,12977,254,60
29.258922,-79.696821,2026-09-30 07:17:37.792448512,13,7949,159,26
29.410552,-79.680685,2026-09-30 07:17:37.981001984,13,6870,248,33
21.351625,-80.985497,2026-09-30 07:17:39.247659008,13,7283,254,66
19.679812,-96.084712,2026-09-30 07:17:39.452109312,13,4470,247,59
33.56902,-103.732481,2026-09-30 07:17:39.988414720,13,12339,86,54
22.366972,-77.216559,2026-09-30 07:17:41.592567296,13,10827,269,83
22.258831,-77.107168,2026-09-30 07:17:41.675955456,13,6297,255,76
22.986979,-78.22475,2026-09-30 07:17:45.343445760,13,7854,250,78
22.951721,-78.225851,2026-09-30 07:17:45.445580032,13,6540,250,62
55.076823,-92.831847,2026-09-30 07:17:47.437759744,13,7620,200,85
30.815951,-100.943701,2026-09-30 07:17:47.606506240,13,6931,256,32
22.729443,-78.081914,2026-09-30 07:17:51.245047808,13,13513,269,95
22.574417,-77.991903,2026-09-30 07:17:51.315785984,13,4880,250,48
22.311055,-99.555759,2026-09-30 07:17:52.458679296,13,8733,249,78
28.042267,-101.195542,2026-09-30 07:17:53.17670400,13,5275,215,20
22.290183,-81.064008,2026-09-30 07:17:54.845405952,13,9139,222,46
29.292394,-101.224991,2026-09-30 07:17:55.34034944,13,10968,127,72
28.166076,-101.101721,2026-09-30 07:17:55.89667072,13,11461,234,46
19.203913,-96.487347,2026-09-30 07:17:56.556315904,13,4862,249,56
31.426043,-80.016191,2026-09-30 07:17:56.915925248,13,10517,152,60
31.408141,-80.005357,2026-09-30 07:17:57.238716672,13,5232,152,55
31.465176,-80.027411,2026-09-30 07:17:57.238794752,13,7449,186,40
19.482441,-96.137438,2026-09-30 07:17:58.957648896,13,9413,245,18
55.226383,-92.88699,2026-09-30 07:18:00.589718016,13,9188,206,25
28.027521,-101.156766,2026-09-30 07:18:02.17351680,13,11865,248,85
27.994467,-101.221096,2026-09-30 07:18:02.121679616,13,8787,242,39
28.093677,-101.168127,2026-09-30 07:18:02.252416000,13,7022,254,33
28.049408,-101.161833,2026-09-30 07:18:02.393408256,13,7032,240,20
28.056999,-101.162991,2026-09-30 07:18:02.559244544,13,5281,239,20
33.453756,-103.639635,2026-09-30 07:18:02.927834368,13,11884,201,51
29.738322,-101.043058,2026-09-30 07:18:03.85006848,13,12133,144,75
29.863139,-101.235021,2026-09-30 07:18:03.85024512,13,3385,264,60
29.933777,-101.174292,2026-09-30 07:18:03.165214208,13,7600,237,70
29.922387,-101.17653,2026-09-30 07:18:03.341506816,13,8167,234,20
28.299976,-70.132217,2026-09-30 07:18:03.465375744,13,6006,210,62
28.480613,-70.183866,2026-09-30 07:18:03.776729856,13,6115,260,30
31.031515,-76.429496,2026-09-30 07:18:06.417384192,13,12865,269,72
30.902762,-76.336905,2026-09-30 07:18:06.417342976,13,6655,218,83
30.852663,-76.27293,2026-09-30 07:18:06.461167616,13,7269,230,62
21.99226,-82.12314,2026-09-30 07:18:07.224257280,13,7476,251,45
21.969746,-81.645391,2026-09-30 07:18:08.352634112,13,3837,251,41
29.312123,-79.632103,2026-09-30 07:18:08.740616448,13,6037,183,51
29.429013,-79.649723,2026-09-30 07:18:08.740710656,13,3496,245,35
29.213883,-79.655261,2026-09-30 07:18:08.786330880,13,11362,170,36
19.802463,-79.321839,2026-09-30 07:18:11.598733568,13,3831,262,34
32.050343,-76.922736,2026-09-30 07:18:12.275944704,13,7656,196,81
32.069206,-76.959273,2026-09-30 07:18:12.275956992,13,5432,262,68
32.130813,-76.978216,2026-09-30 07:18:12.276035328,13,8784,241,51
31.031361,-76.405952,2026-09-30 07:18:12.971426816,13,14522,221,49
23.214078,-74.710327,2026-09-30 07:18:14.987711488,13,8576,253,106
19.822324,-79.395314,2026-09-30 07:18:15.312219392,13,5492,262,38
22.700934,-79.564132,2026-09-30 07:18:15.813065216,13,9019,248,32
31.804014,139.471478,2026-09-30 07:15:02.18508288,14,4617,260,32
32.048144,139.402859,2026-09-30 07:15:26.311666432,14,9185,155,44
32.032498,139.388218,2026-09-30 07:15:26.311671552,14,5467,140,30
32.150991,139.294689,2026-09-30 07:15:26.311708928,14,12287,224,15
31.999314,139.378357,2026-09-30 07:15:26.406545920,14,2027,264,29
32.008955,139.364779,2026-09-30 07:15:27.584968704,14,2147,264,21
31.778495,139.482205,2026-09-30 07:15:30.628918272,14,4655,261,25
31.946478,139.454137,2026-09-30 07:15:30.794534400,14,12030,259,19
31.982114,139.303403,2026-09-30 07:15:51.287911680,14,10078,157,49
31.978893,139.31966,2026-09-30 07:15:51.287907584,14,13049,136,32
32.006021,139.341381,2026-09-30 07:15:51.378506240,14,2592,257,32
31.810715,139.483814,2026-09-30 07:15:57.402972160,14,4477,260,33
29.897416,118.478868,2026-09-30 07:16:03.593933568,14,10645,179,28
32.029626,139.400159,2026-09-30 07:16:18.208785920,14,12598,144,50
32.023735,139.359897,2026-09-30 07:16:18.208784128,14,8550,140,37
32.058399,139.3279,2026-09-30 07:16:18.208802816,14,6874,203,21
32.01011,139.348974,2026-09-30 07:16:18.303984128,14,8558,156,40
32.023366,139.352988,2026-09-30 07:16:18.303987712,14,11532,137,22
32.051965,139.327151,2026-09-30 07:16:18.370403584,14,3651,262,18
32.030475,139.351093,2026-09-30 07:16:18.399245312,14,3836,257,17
32.019139,139.358577,2026-09-30 07:16:19.81213696,14,3033,257,23
31.772559,139.518854,2026-09-30 07:16:20.647348992,14,4103,261,29
31.815777,139.473572,2026-09-30 07:16:44.364315136,14,4505,260,21
32.007276,139.307022,2026-09-30 07:16:49.294136832,14,7836,142,46
32.001686,139.306165,2026-09-30 07:16:49.294131968,14,8523,136,32
32.005587,139.297642,2026-09-30 07:16:49.357889536,14,5687,258,25
31.876294,139.712002,2026-09-30 07:16:56.860279040,14,12927,267,26
31.841333,139.7146,2026-09-30 07:16:56.865156096,14,6480,153,39
31.821602,139.735083,2026-09-30 07:16:56.865152256,14,5595,258,27
31.869916,139.739164,2026-09-30 07:16:56.885152256,14,4099,265,22
31.925447,139.673943,2026-09-30 07:16:56.895461632,14,9935,264,20
31.871568,139.735232,2026-09-30 07:16:56.911948800,14,3021,265,28
32.00775,139.358535,2026-09-30 07:17:06.713000704,14,12374,257,34
32.025962,139.367138,2026-09-30 07:17:06.803012096,14,4082,259,20
32.019068,139.372088,2026-09-30 07:17:06.836079616,14,5120,259,21
32.008137,139.365624,2026-09-30 07:17:06.915843072,14,4113,156,42
32.021842,139.353806,2026-09-30 07:17:06.915849216,14,5255,255,26
32.042107,139.351842,2026-09-30 07:17:07.369229312,14,3795,257,28
32.045744,139.35767,2026-09-30 07:17:07.572894720,14,5642,266,22
32.022959,139.367529,2026-09-30 07:17:14.587238912,14,4096,257,34
32.012371,139.34883,2026-09-30 07:17:14.587239936,14,9980,255,18
32.035576,139.359576,2026-09-30 07:17:14.881880576,14,4304,257,27
32.021597,139.372812,2026-09-30 07:17:14.960149760,14,1771,257,27
32.004432,139.300716,2026-09-30 07:17:26.140864256,14,2880,257,36
31.993826,139.293357,2026-09-30 07:17:26.140862720,14,10641,255,21
31.997153,139.309112,2026-09-30 07:17:26.582805248,14,6529,257,30
31.930403,139.378147,2026-09-30 07:17:28.320957952,14,6080,258,31
32.005906,139.293486,2026-09-30 07:17:36.506422016,14,3551,257,32
31.99697,139.314418,2026-09-30 07:17:36.707165952,14,2692,257,24
32.010473,139.300756,2026-09-30 07:17:36.970732544,14,4140,257,35
31.819166,139.491529,2026-09-30 07:17:37.809841152,14,3373,260,35
32.012716,139.348853,2026-09-30 07:17:55.590534400,14,4066,156,42
32.019604,139.357467,2026-09-30 07:17:55.590534400,14,9051,137,25
32.001958,139.370217,2026-09-30 07:17:55.641195520,14,3295,266,21
32.019541,139.355755,2026-09-30 07:17:55.725887744,14,2844,257,29
32.027442,139.372729,2026-09-30 07:17:55.825086976,14,2488,257,32
32.023162,139.385629,2026-09-30 07:17:55.859603712,14,4098,257,24
31.790577,139.478936,2026-09-30 07:18:02.171934464,14,3317,261,32
43.878417,3.609709,2026-09-30 07:15:00.398608640,11,13344,89,98
43.825529,3.625014,2026-09-30 07:15:00.398584320,11,12615,175,121
29.856043,-101.183151,2026-09-30 07:15:02.923252480,11,4728,230,40
22.252767,-99.574132,2026-09-30 07:15:05.136531456,11,4176,248,30
22.244273,-99.580204,2026-09-30 07:15:05.187451648,11,6489,248,25
30.033025,-101.009171,2026-09-30 07:15:22.928870144,11,7136,212,25
30.868221,-76.360856,2026-09-30 07:15:29.830900992,11,10941,199,75
31.022143,-76.389883,2026-09-30 07:15:29.830961408,11,10334,248,71
28.906005,-101.210384,2026-09-30 07:15:33.68314368,11,7892,256,41
28.756361,-101.233526,2026-09-30 07:15:33.130366720,11,4053,263,23
48.269902,-12.016109,2026-09-30 07:15:34.74437632,11,13147,259,20
51.06091,-8.156008,2026-09-30 07:15:38.378792448,11,7267,258,190
51.057122,-8.123631,2026-09-30 07:15:38.378800384,11,7611,254,173
51.080706,-7.933153,2026-09-30 07:15:38.378833152,11,12797,242,156
24.004659,-86.419777,2026-09-30 07:15:39.645731584,11,11167,267,32
28.118333,4.887575,2026-09-30 07:15:43.210595584,11,7853,264,107
29.358035,-79.505284,2026-09-30 07:15:47.499950592,11,4617,248,23
43.565305,3.899876,2026-09-30 07:15:55.550759424,11,10195,140,51
43.585785,3.88978,2026-09-30 07:15:55.552654080,11,11968,144,58
43.566433,3.908668,2026-09-30 07:15:55.552656384,11,7755,96,45
43.576831,3.913657,2026-09-30 07:15:55.552659200,11,7787,127,40
43.572715,3.910411,2026-09-30 07:15:55.566565120,11,11551,136,29
43.575094,3.893278,2026-09-30 07:15:55.579918848,11,6019,176,24
28.627877,-101.139669,2026-09-30 07:16:00.99230464,11,12752,261,14
27.980767,-101.148796,2026-09-30 07:16:01.241343232,11,4252,215,19
28.19721,-101.023735,2026-09-30 07:16:01.361532416,11,9574,264,16
31.269898,-76.233558,2026-09-30 07:16:03.96363008,11,5152,195,62
30.490761,-100.85801,2026-09-30 07:16:07.34277120,11,10505,219,21
30.881558,-100.923513,2026-09-30 07:16:11.448415232,11,13598,217,21
31.843496,-80.000491,2026-09-30 07:16:12.556864256,11,9167,266,26
28.72678,-101.088059,2026-09-30 07:16:12.740644352,11,5068,227,36
28.723046,-101.08877,2026-09-30 07:16:12.911161088,11,5676,227,24
28.527963,-70.22178,2026-09-30 07:16:21.973635328,11,9614,266,89
43.952279,3.923319,2026-09-30 07:16:23.179428608,11,12693,160,66
22.053315,-77.701118,2026-09-30 07:16:28.503054848,11,11319,260,18
29.869759,-101.187373,2026-09-30 07:16:29.690578688,11,11783,213,26
29.885121,-101.166483,2026-09-30 07:16:29.774375168,11,6549,223,30
20.206557,-75.186901,2026-09-30 07:16:31.995781376,11,12400,256,37
43.962884,3.899675,2026-09-30 07:16:32.454278656,11,12227,174,41
29.082343,-101.48517,2026-09-30 07:16:33.781960960,11,5853,263,19
43.903283,3.62854,2026-09-30 07:16:35.417780992,11,6473,107,133
43.926517,3.624171,2026-09-30 07:16:35.417788672,11,5858,179,143
43.909874,3.627195,2026-09-30 07:16:35.417788928,11,7540,143,128
43.915455,3.628893,2026-09-30 07:16:35.417794304,11,6207,152,117
44.042566,3.597009,2026-09-30 07:16:35.417835520,11,4745,265,108
43.912187,3.607733,2026-09-30 07:16:35.417789184,11,6126,221,100
43.967361,3.899477,2026-09-30 07:16:40.896401664,11,10212,97,55
43.964097,3.908372,2026-09-30 07:16:40.896401408,11,7365,121,40
51.712646,-7.459001,2026-09-30 07:16:46.675175168,11,10867,262,63
45.806002,-8.817568,2026-09-30 07:16:49.369221888,11,4754,261,80
43.640435,3.822872,2026-09-30 07:16:50.264157440,11,8657,141,53
43.631515,3.81716,2026-09-30 07:16:50.264163072,11,9097,127,40
43.979121,3.912154,2026-09-30 07:16:55.735478272,11,6542,136,44
28.056376,-101.086725,2026-09-30 07:17:00.782791168,11,4952,256,28
28.014612,-101.135279,2026-09-30 07:17:00.850595072,11,9404,231,31
28.039935,-101.099399,2026-09-30 07:17:01.301890048,11,4327,252,36
28.051915,-101.198792,2026-09-30 07:17:03.339503360,11,3506,266,29
43.944992,3.955059,2026-09-30 07:17:07.273604096,11,8863,207,66
43.964235,3.904566,2026-09-30 07:17:07.273619200,11,9259,134,80
43.969167,3.902584,2026-09-30 07:17:07.273612288,11,11586,125,63
43.974909,3.896795,2026-09-30 07:17:07.273624576,11,5160,140,44
29.170327,-79.593166,2026-09-30 07:17:08.756974848,11,10777,219,26
30.988833,-76.590414,2026-09-30 07:17:25.104534784,11,7397,247,25
43.945935,3.906868,2026-09-30 07:17:27.955815680,11,12833,153,43
44.004913,3.933161,2026-09-30 07:17:28.686065664,11,9541,141,86
44.019887,3.927881,2026-09-30 07:17:28.686078720,11,9179,88,64
44.039299,3.905379,2026-09-30 07:17:28.686087424,11,7240,147,48
30.444081,-100.8887,2026-09-30 07:17:32.848345088,11,7327,253,21
51.700631,-7.236123,2026-09-30 07:17:36.286117632,11,3821,270,33
28.85841,-79.802134,2026-09-30 07:17:36.487121408,11,6059,259,32
28.111246,-101.231643,2026-09-30 07:17:36.999009792,11,3274,266,22
29.430223,-79.651189,2026-09-30 07:17:37.619362048,11,13987,248,30
29.398677,-79.644747,2026-09-30 07:17:37.619345408,11,6836,248,21
43.609545,3.853501,2026-09-30 07:17:45.942211328,11,12510,146,27
55.110003,-92.91985,2026-09-30 07:17:47.437791744,11,10596,200,28
43.975609,3.899229,2026-09-30 07:17:48.450497280,11,9298,141,86
31.819762,-80.391574,2026-09-30 07:17:56.916107008,11,10615,248,31
31.488217,-80.032044,2026-09-30 07:17:56.916009728,11,8307,235,19
31.443126,-79.990996,2026-09-30 07:17:57.238791168,11,9810,235,18
43.970715,3.90336,2026-09-30 07:17:58.928282368,11,7840,108,72
43.918799,3.901317,2026-09-30 07:17:58.928283136,11,10633,181,59
43.979567,3.914615,2026-09-30 07:17:58.928303872,11,7393,148,46
28.037548,-101.138444,2026-09-30 07:18:02.17355520,11,6332,222,30
45.768883,-8.909508,2026-09-30 07:18:06.159828992,11,11057,212,95
45.790895,-8.879579,2026-09-30 07:18:06.159842560,11,6111,262,74
30.858818,-76.328135,2026-09-30 07:18:06.417323520,11,8288,197,72
43.9619,3.906366,2026-09-30 07:18:10.669735424,11,4916,89,39
43.968554,3.918889,2026-09-30 07:18:10.669734912,11,7423,125,63
44.039244,3.921529,2026-09-30 07:18:10.669762560,11,4934,241,46
43.958537,3.916651,2026-09-30 07:18:10.675946240,11,8537,81,39
32.053961,-76.969102,2026-09-30 07:18:12.275950592,11,7490,181,31
30.99015,-76.392058,2026-09-30 07:18:12.971407360,11,13106,250,23
43.878417,3.609709,2026-09-30 07:15:00.398608640,12,13344,89,98
43.825529,3.625014,2026-09-30 07:15:00.398584320,12,12615,175,121
29.856043,-101.183151,2026-09-30 07:15:02.923252480,12,4728,230,40
22.252767,-99.574132,2026-09-30 07:15:05.136531456,12,4176,248,30
22.244273,-99.580204,2026-09-30 07:15:05.187451648,12,6489,248,25
30.033025,-101.009171,2026-09-30 07:15:22.928870144,12,7136,212,25
20.247361,-75.003215,2026-09-30 07:15:23.504413440,12,13350,262,26
30.868221,-76.360856,2026-09-30 07:15:29.830900992,12,10941,199,74
28.906005,-101.210384,2026-09-30 07:15:33.68314368,12,7892,255,38
28.837718,-101.19852,2026-09-30 07:15:33.68291840,12,13253,263,29
28.756361,-101.233526,2026-09-30 07:15:33.130366720,12,4053,263,22
48.269902,-12.016109,2026-09-30 07:15:34.74437632,12,13147,259,20
51.06091,-8.156008,2026-09-30 07:15:38.378792448,12,7267,258,191
51.057122,-8.123631,2026-09-30 07:15:38.378800384,12,7611,254,174
51.080706,-7.933153,2026-09-30 07:15:38.378833152,12,12797,242,157
24.004659,-86.419777,2026-09-30 07:15:39.645731584,12,11167,267,32
28.118333,4.887575,2026-09-30 07:15:43.210595584,12,7853,264,107
29.358035,-79.505284,2026-09-30 07:15:47.499950592,12,4617,248,23
43.565305,3.899876,2026-09-30 07:15:55.550759424,12,10195,140,52
43.585785,3.88978,2026-09-30 07:15:55.552654080,12,11968,144,59
43.566433,3.908668,2026-09-30 07:15:55.552656384,12,7755,96,46
43.576831,3.913657,2026-09-30 07:15:55.552659200,12,7787,127,41
43.572715,3.910411,2026-09-30 07:15:55.566565120,12,11551,136,30
43.575094,3.893278,2026-09-30 07:15:55.579918848,12,6019,176,24
28.577884,-101.196872,2026-09-30 07:16:00.99205376,12,12314,236,15
27.980767,-101.148796,2026-09-30 07:16:01.241343232,12,4252,215,20
28.19721,-101.023735,2026-09-30 07:16:01.361532416,12,9574,264,16
31.269898,-76.233558,2026-09-30 07:16:03.96363008,12,5152,195,62
30.490761,-100.85801,2026-09-30 07:16:07.34277120,12,10505,219,21
30.866296,-100.90638,2026-09-30 07:16:11.448413440,12,7869,217,22
31.843496,-80.000491,2026-09-30 07:16:12.556864256,12,9167,266,26
28.72678,-101.088059,2026-09-30 07:16:12.740642816,12,5068,227,35
28.723046,-101.08877,2026-09-30 07:16:12.911161088,12,5676,227,24
28.527963,-70.22178,2026-09-30 07:16:21.973635328,12,9614,266,89
43.952279,3.923319,2026-09-30 07:16:23.179428608,12,12693,160,66
22.053315,-77.701118,2026-09-30 07:16:28.503054848,12,11319,260,18
29.806872,-101.247671,2026-09-30 07:16:29.576380160,12,12483,260,21
29.869759,-101.187373,2026-09-30 07:16:29.690578688,12,11783,213,26
29.885121,-101.166483,2026-09-30 07:16:29.774375168,12,6549,223,30
43.962884,3.899675,2026-09-30 07:16:32.454278656,12,12227,174,41
29.082343,-101.48517,2026-09-30 07:16:33.781960960,12,5853,263,19
43.903283,3.62854,2026-09-30 07:16:35.417780992,12,6473,107,133
43.926517,3.624171,2026-09-30 07:16:35.417788672,12,5858,179,143
43.909874,3.627195,2026-09-30 07:16:35.417788928,12,7540,143,128
43.915455,3.628893,2026-09-30 07:16:35.417794304,12,6207,152,117
44.042566,3.597009,2026-09-30 07:16:35.417835520,12,4745,265,108
43.912187,3.607733,2026-09-30 07:16:35.417789184,12,6126,221,100
43.967361,3.899477,2026-09-30 07:16:40.896401664,12,10212,97,55
43.964097,3.908372,2026-09-30 07:16:40.896401408,12,7365,121,40
19.724617,-96.04951,2026-09-30 07:16:45.701196544,12,3979,257,31
51.73447,-7.127204,2026-09-30 07:16:46.675239168,12,12700,266,73
45.806002,-8.817568,2026-09-30 07:16:49.369221888,12,4754,261,80
43.631949,3.821579,2026-09-30 07:16:50.264159232,12,6615,95,44
43.606474,3.791654,2026-09-30 07:16:50.264162560,12,7829,219,40
43.979121,3.912154,2026-09-30 07:16:55.735478272,12,6542,136,45
28.056376,-101.086725,2026-09-30 07:17:00.782791168,12,4952,256,28
28.014612,-101.135279,2026-09-30 07:17:00.850595072,12,9404,231,31
28.039935,-101.099399,2026-09-30 07:17:01.301890048,12,4327,252,36
55.969727,-89.173877,2026-09-30 07:17:02.935315456,12,6035,219,32
28.054753,-101.193859,2026-09-30 07:17:03.339516160,12,11027,253,28
43.944992,3.955059,2026-09-30 07:17:07.273604096,12,8863,207,67
43.964235,3.904566,2026-09-30 07:17:07.273619200,12,9259,134,81
43.969167,3.902584,2026-09-30 07:17:07.273612288,12,11586,125,64
43.974909,3.896795,2026-09-30 07:17:07.273624576,12,5160,140,45
29.170327,-79.593166,2026-09-30 07:17:08.756974848,12,10777,219,26
30.988833,-76.590414,2026-09-30 07:17:25.104534784,12,7397,247,25
43.945935,3.906868,2026-09-30 07:17:27.955815680,12,12833,153,44
44.00282,3.935306,2026-09-30 07:17:28.686064896,12,9231,170,66
44.041238,3.904654,2026-09-30 07:17:28.686085376,12,6668,161,58
44.030453,3.909641,2026-09-30 07:17:28.686087680,12,6467,147,44
30.444081,-100.8887,2026-09-30 07:17:32.848345088,12,7327,253,21
51.700631,-7.236123,2026-09-30 07:17:36.286117632,12,3821,270,33
28.85841,-79.802134,2026-09-30 07:17:36.487121408,12,6059,259,32
28.111246,-101.231643,2026-09-30 07:17:36.999009792,12,3274,266,22
29.430223,-79.651189,2026-09-30 07:17:37.619362048,12,13987,248,30
29.398677,-79.644747,2026-09-30 07:17:37.619345408,12,6836,248,21
43.609545,3.853501,2026-09-30 07:17:45.942211328,12,12510,146,27
55.110003,-92.91985,2026-09-30 07:17:47.437791744,12,10596,200,28
43.975609,3.899229,2026-09-30 07:17:48.450497280,12,9298,141,87
31.819762,-80.391574,2026-09-30 07:17:56.916107008,12,10615,248,31
31.488217,-80.032044,2026-09-30 07:17:56.916009728,12,8307,235,19
31.443126,-79.990996,2026-09-30 07:17:57.238791168,12,9810,235,18
43.970715,3.90336,2026-09-30 07:17:58.928282368,12,7840,108,71
43.918799,3.901317,2026-09-30 07:17:58.928283136,12,10633,181,58
43.979567,3.914615,2026-09-30 07:17:58.928303872,12,7393,148,45
28.037548,-101.138444,2026-09-30 07:18:02.17355520,12,6332,222,33
45.767274,-8.916397,2026-09-30 07:18:06.159832320,12,7536,213,96
45.777723,-8.942905,2026-09-30 07:18:06.159831040,12,6872,262,75
43.9619,3.906366,2026-09-30 07:18:10.669735424,12,4916,89,39
43.968554,3.918889,2026-09-30 07:18:10.669734912,12,7423,125,62
44.126699,3.911793,2026-09-30 07:18:10.669794816,12,12541,260,45
43.958537,3.916651,2026-09-30 07:18:10.675946240,12,8537,81,39
32.053961,-76.969102,2026-09-30 07:18:12.275950592,12,7490,181,31
30.99015,-76.392058,2026-09-30 07:18:12.971407360,12,13106,250,23
47.149656,-12.628026,2026-09-30 07:25:07.237793280,1,13138,239,38
47.06179,-12.941919,2026-09-30 07:25:07.242920704,1,11571,256,38
44.014018,3.955014,2026-09-30 07:25:09.144278784,1,8106,81,216
18.000914,-94.748642,2026-09-30 07:25:17.720815104,1,12160,265,18
27.67816,-101.231237,2026-09-30 07:25:34.683686400,1,5818,218,17
43.546768,3.993433,2026-09-30 07:25:36.77913088,1,9671,161,141
43.704327,4.003124,2026-09-30 07:25:36.77971200,1,10752,248,154
43.603101,3.940348,2026-09-30 07:25:36.77941504,1,8257,186,148
43.549905,3.961919,2026-09-30 07:25:36.77925376,1,10657,154,137
43.572945,3.933074,2026-09-30 07:25:36.77938944,1,7291,231,131
43.583544,3.923199,2026-09-30 07:25:36.77944064,1,8202,231,120
51.864996,-11.1723,2026-09-30 07:25:51.146425600,1,14942,269,27
29.905844,-101.123004,2026-09-30 07:26:00.102959616,1,13527,213,24
29.63816,-101.334095,2026-09-30 07:26:08.823833600,1,7585,256,20
29.550213,-101.45756,2026-09-30 07:26:09.37427200,1,5725,228,19
27.646384,-101.286415,2026-09-30 07:26:13.223045120,1,4905,243,21
27.701702,-101.153032,2026-09-30 07:26:13.674379008,1,4107,243,22
29.824244,-101.27426,2026-09-30 07:26:22.332003328,1,9002,214,24
18.866214,-108.978342,2026-09-30 07:26:22.383080448,1,5882,267,27
29.686587,-101.358847,2026-09-30 07:26:22.411204352,1,11133,227,19
31.096524,-76.34705,2026-09-30 07:26:52.188576512,1,10969,195,32
31.805209,139.536115,2026-09-30 07:25:04.297572608,2,13954,261,26
32.021412,139.411216,2026-09-30 07:25:05.125976576,2,5197,155,39
32.014711,139.404424,2026-09-30 07:25:05.125977088,2,11077,139,22
32.014849,139.401524,2026-09-30 07:25:05.209332480,2,5651,257,33
32.026613,139.396939,2026-09-30 07:25:05.252621568,2,5439,259,26
32.026671,139.39608,2026-09-30 07:25:05.310441216,2,9108,259,32
32.033647,139.3856,2026-09-30 07:25:05.310446848,2,9026,260,15
32.102776,139.408461,2026-09-30 07:25:05.440494336,2,5172,257,30
32.028063,139.404914,2026-09-30 07:25:05.580640768,2,5130,257,30
32.040554,139.411239,2026-09-30 07:25:05.674939904,2,4838,257,30
32.023524,139.41195,2026-09-30 07:25:05.808212480,2,2471,257,31
32.018221,139.394395,2026-09-30 07:25:05.808211712,2,12547,257,17
32.027221,139.416266,2026-09-30 07:25:05.895488000,2,4876,257,23
32.038826,139.349686,2026-09-30 07:25:15.982938624,2,4477,257,25
26.331037,114.385732,2026-09-30 07:25:32.781410304,2,14742,238,25
32.009511,139.347932,2026-09-30 07:25:41.414403584,2,11897,257,34
31.991231,139.361444,2026-09-30 07:25:41.414406912,2,11566,257,16
32.025542,139.329213,2026-09-30 07:25:42.12776448,2,5974,257,22
-24.290214,126.443213,2026-09-30 07:25:56.56713728,2,10691,251,15
31.878845,139.519927,2026-09-30 07:26:01.555948032,2,5552,267,21
31.837099,139.534372,2026-09-30 07:26:04.518044672,2,5038,267,20
32.003179,139.400494,2026-09-30 07:26:10.407605504,2,9518,161,43
32.001541,139.412772,2026-09-30 07:26:10.407605760,2,11580,139,25
32.033146,139.393822,2026-09-30 07:26:11.348409088,2,4599,264,18
32.038629,139.390951,2026-09-30 07:26:11.453038848,2,4046,264,17
-38.605494,120.129291,2026-09-30 07:26:19.627669760,2,14751,220,23
32.003459,139.351962,2026-09-30 07:26:30.495651072,2,7368,257,31
32.000359,139.338286,2026-09-30 07:26:30.615495680,2,9322,257,31
32.013146,139.359369,2026-09-30 07:26:30.683786240,2,4711,257,27
31.844216,139.487365,2026-09-30 07:26:50.574002432,2,13033,260,24
31.92556,139.460476,2026-09-30 07:26:50.979155968,2,10201,262,18
31.917953,139.477581,2026-09-30 07:26:58.145244416,2,13696,259,32
31.942795,139.476642,2026-09-30 07:26:58.668176384,2,13179,259,18
31.953896,139.492732,2026-09-30 07:26:59.98797568,2,4862,259,16
32.032578,139.472818,2026-09-30 07:27:05.75599104,2,12352,258,20
28.551541,-101.015721,2026-09-30 07:25:02.77025280,3,7832,231,45
28.533278,-101.023965,2026-09-30 07:25:02.77010176,3,12804,233,32
23.142277,-77.59477,2026-09-30 07:25:02.662131200,3,10856,261,40
55.25276,-92.819994,2026-09-30 07:25:02.774039040,3,10231,194,85
55.220419,-92.808965,2026-09-30 07:25:02.774100224,3,3291,261,67
22.306713,-82.155086,2026-09-30 07:25:02.918748160,3,8898,249,88
29.38135,-101.395386,2026-09-30 07:25:11.79689728,3,11806,227,27
29.413515,-101.395583,2026-09-30 07:25:11.79694592,3,12253,236,46
29.495225,-101.392267,2026-09-30 07:25:11.79722240,3,8747,262,24
29.620146,-101.137331,2026-09-30 07:25:11.215298048,3,9356,129,74
29.776133,-101.215314,2026-09-30 07:25:11.215355136,3,13636,223,59
29.837906,-101.232317,2026-09-30 07:25:11.215373056,3,6963,239,38
29.893395,-101.214107,2026-09-30 07:25:11.215397632,3,11772,260,18
29.426665,-101.324016,2026-09-30 07:25:11.233104384,3,11639,226,34
29.388462,-101.319911,2026-09-30 07:25:11.233089280,3,11811,205,30
29.435278,-101.303152,2026-09-30 07:25:11.234691584,3,12659,226,30
29.605432,-101.123074,2026-09-30 07:25:11.261258496,3,11243,147,64
29.799599,-101.227222,2026-09-30 07:25:11.261318912,3,7334,223,52
29.805447,-101.226223,2026-09-30 07:25:11.261322496,3,13119,232,30
29.791519,-101.233879,2026-09-30 07:25:11.283405824,3,10451,225,28
29.839488,-101.201779,2026-09-30 07:25:11.342902528,3,13388,223,100
29.094629,-101.370076,2026-09-30 07:25:12.25340416,3,14982,203,43
29.398271,-101.400865,2026-09-30 07:25:12.25446912,3,6321,226,30
19.802053,-79.401404,2026-09-30 07:25:12.37893632,3,4444,265,33
22.575702,-77.55841,2026-09-30 07:25:20.134194688,3,8899,251,101
22.237721,-77.476276,2026-09-30 07:25:20.180287744,3,8793,266,84
27.734997,-101.177028,2026-09-30 07:25:34.581180928,3,5888,214,26
27.735015,-101.177027,2026-09-30 07:25:34.581176320,3,5887,239,16
27.755963,-101.172904,2026-09-30 07:25:34.622107392,3,8344,236,42
27.719289,-101.187488,2026-09-30 07:25:34.622096128,3,12030,238,26
27.727203,-101.221329,2026-09-30 07:25:34.683700224,3,6784,237,33
27.711574,-101.226984,2026-09-30 07:25:34.683696640,3,2878,268,20
19.813068,-79.400772,2026-09-30 07:25:34.764865280,3,6641,262,35
19.753168,-79.37896,2026-09-30 07:25:34.764841728,3,5670,263,21
22.358812,-76.968436,2026-09-30 07:25:34.828048128,3,9429,254,60
19.803971,-79.397424,2026-09-30 07:25:35.196373760,3,3189,262,46
33.885029,-103.180495,2026-09-30 07:25:35.271132160,3,12844,160,33
33.902171,-103.202477,2026-09-30 07:25:35.271141120,3,5932,193,23
19.757454,-79.325753,2026-09-30 07:25:42.769592576,3,6768,262,33
20.908821,-80.474761,2026-09-30 07:25:43.11826432,3,9986,257,32
22.086385,-77.461185,2026-09-30 07:25:43.488872448,3,8226,255,84
21.799605,-81.475354,2026-09-30 07:25:51.123584000,3,5805,252,94
21.49101,-81.466822,2026-09-30 07:25:51.338523136,3,5315,254,42
23.020146,-77.902958,2026-09-30 07:25:58.371438848,3,8506,250,57
22.974065,-77.885915,2026-09-30 07:25:58.371419392,3,5287,258,47
22.98529,-77.914007,2026-09-30 07:25:58.371426816,3,6814,256,32
29.418169,-79.710368,2026-09-30 07:25:59.955716608,3,8253,262,21
29.93443,-101.122182,2026-09-30 07:26:00.88625408,3,7321,256,29
29.921024,-101.147787,2026-09-30 07:26:00.88616192,3,8609,257,16
29.819301,-101.133593,2026-09-30 07:26:00.102875392,3,8171,91,16
29.915386,-101.12828,2026-09-30 07:26:00.102958592,3,12561,222,71
29.93049,-101.123049,2026-09-30 07:26:00.102963968,3,12213,231,52
29.992491,-101.137905,2026-09-30 07:26:00.102984704,3,9080,256,30
22.884485,-75.904284,2026-09-30 07:26:00.462546688,3,8260,264,54
22.89435,-75.896912,2026-09-30 07:26:00.517814528,3,3466,264,33
22.904865,-75.908388,2026-09-30 07:26:00.545704704,3,3436,264,30
22.882625,-75.904108,2026-09-30 07:26:00.594345216,3,8442,264,61
22.884612,-75.905588,2026-09-30 07:26:00.630705408,3,8679,264,38
22.264713,-81.202775,2026-09-30 07:26:00.874659072,3,7213,250,32
29.584758,-101.443464,2026-09-30 07:26:08.707654912,3,9287,228,22
29.623965,-101.440944,2026-09-30 07:26:08.823810816,3,12437,206,50
29.576377,-101.440752,2026-09-30 07:26:08.823795712,3,7900,225,37
29.603795,-101.44861,2026-09-30 07:26:09.37446656,3,13031,207,31
29.576179,-101.443124,2026-09-30 07:26:09.37434112,3,6696,225,44
29.559162,-101.455477,2026-09-30 07:26:09.37424128,3,7704,225,35
30.92259,-76.357529,2026-09-30 07:26:09.110000896,3,5816,239,34
29.26977,-101.440972,2026-09-30 07:26:10.275216128,3,10678,121,22
28.100931,-101.212212,2026-09-30 07:26:12.935503616,3,9065,235,32
31.072631,-76.34416,2026-09-30 07:26:20.95792128,3,10035,218,60
31.127659,-76.400515,2026-09-30 07:26:20.95882240,3,8060,200,45
31.139812,-76.383498,2026-09-30 07:26:20.95883008,3,6725,254,23
31.164728,-76.399006,2026-09-30 07:26:20.137106432,3,7708,237,42
31.154578,-76.389149,2026-09-30 07:26:20.137101568,3,7570,256,28
31.142157,-76.378616,2026-09-30 07:26:20.221601536,3,12334,237,46
31.150734,-76.392823,2026-09-30 07:26:20.221595904,3,6321,256,37
31.135646,-76.377716,2026-09-30 07:26:20.221586176,3,6768,255,24
31.177109,-76.404741,2026-09-30 07:26:20.282298624,3,10963,214,27
31.264489,-76.419885,2026-09-30 07:26:20.491658752,3,5822,270,16
31.071475,-76.352529,2026-09-30 07:26:20.588443648,3,7042,210,66
31.154341,-76.22428,2026-09-30 07:26:27.993493504,3,6270,237,28
21.962108,-76.293746,2026-09-30 07:26:30.583634432,3,4123,268,32
19.840679,-79.399169,2026-09-30 07:26:39.579874816,3,2598,265,78
19.829134,-79.403848,2026-09-30 07:26:39.579870720,3,10203,262,71
19.829467,-79.397897,2026-09-30 07:26:39.638348800,3,3338,262,51
19.830455,-79.401987,2026-09-30 07:26:39.792571136,3,2134,262,66
33.529966,-103.612991,2026-09-30 07:26:47.831590144,3,14305,119,66
33.603229,-103.610068,2026-09-30 07:26:47.831607296,3,3245,204,52
33.629621,-103.594544,2026-09-30 07:26:47.831622912,3,4705,221,39
33.686743,-103.619633,2026-09-30 07:26:47.831638016,3,7386,248,23
29.77881,-101.269021,2026-09-30 07:26:48.104375808,3,4740,223,37
29.776817,-101.274342,2026-09-30 07:26:48.104372480,3,3799,223,22
29.770352,-101.26733,2026-09-30 07:26:48.211465984,3,3585,223,50
29.773231,-101.272709,2026-09-30 07:26:48.211466240,3,6060,223,37
29.665463,-101.316492,2026-09-30 07:26:48.360801024,3,11060,172,21
4.264314,-62.420643,2026-09-30 07:26:56.798897408,3,8385,222,17
23.451548,-80.867126,2026-09-30 07:27:04.168467712,3,11394,243,26
23.467796,-80.86996,2026-09-30 07:27:04.168460544,3,10048,243,20
31.80049,139.535587,2026-09-30 07:25:04.297570816,4,13946,261,27
32.024615,139.403337,2026-09-30 07:25:05.125980416,4,2239,155,40
32.014818,139.404419,2026-09-30 07:25:05.125977344,4,11078,139,25
32.041984,139.387109,2026-09-30 07:25:05.209340160,4,4668,257,33
32.026613,139.396939,2026-09-30 07:25:05.252621568,4,5439,259,27
32.026744,139.396056,2026-09-30 07:25:05.310441216,4,9109,259,32
32.033647,139.3856,2026-09-30 07:25:05.310446848,4,9026,260,15
32.085616,139.41335,2026-09-30 07:25:05.440487936,4,3883,257,31
32.041832,139.404676,2026-09-30 07:25:05.580640512,4,3950,257,33
32.038524,139.402281,2026-09-30 07:25:05.674936064,4,2970,257,30
32.029317,139.398124,2026-09-30 07:25:05.808218624,4,5289,257,31
32.027221,139.416266,2026-09-30 07:25:05.895488000,4,4876,257,24
32.033727,139.352251,2026-09-30 07:25:15.982936576,4,3714,257,27
52.304172,-7.482911,2026-09-30 07:25:31.757134592,4,12618,245,30
26.332088,114.3875,2026-09-30 07:25:32.781410816,4,14745,238,26
32.011298,139.348333,2026-09-30 07:25:41.414404096,4,11899,257,34
32.051459,139.304033,2026-09-30 07:25:42.12784384,4,7636,256,26
51.798184,-7.247079,2026-09-30 07:25:47.877014016,4,10078,241,28
31.892232,139.514568,2026-09-30 07:26:01.555944192,4,11449,267,24
31.837099,139.534372,2026-09-30 07:26:04.518044672,4,5038,267,22
32.003171,139.400496,2026-09-30 07:26:10.407606272,4,9518,161,43
32.002307,139.412902,2026-09-30 07:26:10.407606016,4,11581,140,25
32.033146,139.393822,2026-09-30 07:26:11.348409088,4,4599,264,20
32.02231,139.415033,2026-09-30 07:26:11.453032704,4,3650,264,18
44.218882,4.077194,2026-09-30 07:26:18.11736832,4,11967,234,24
31.994209,139.343111,2026-09-30 07:26:30.495649024,4,10741,257,32
32.000216,139.338272,2026-09-30 07:26:30.615491072,4,9322,257,32
32.013375,139.358953,2026-09-30 07:26:30.683786240,4,4712,257,31
31.84864,139.461828,2026-09-30 07:26:50.574004224,4,11559,260,36
31.92556,139.460478,2026-09-30 07:26:50.979152384,4,10201,262,21
31.918883,139.466875,2026-09-30 07:26:58.145242624,4,4306,259,32
31.97343,139.479484,2026-09-30 07:26:58.668187648,4,3537,259,19
31.962485,139.4822,2026-09-30 07:26:59.98803456,4,3735,259,16
32.032578,139.472818,2026-09-30 07:27:05.75599104,4,12352,258,21
18.934056,-96.466726,2026-09-30 07:25:00.383123456,7,7182,248,16
19.873304,-79.38627,2026-09-30 07:25:00.520538624,7,4980,262,22
23.408097,-74.845594,2026-09-30 07:25:00.566371840,7,1751,261,24
23.410662,-74.843341,2026-09-30 07:25:00.566373632,7,1245,261,15
23.346926,-74.828782,2026-09-30 07:25:00.681043968,7,5523,251,20
19.832293,-79.385758,2026-09-30 07:25:01.72346624,7,7443,262,17
28.436964,-101.118592,2026-09-30 07:25:02.76971520,7,6455,184,12
22.337581,-82.174717,2026-09-30 07:25:02.918762752,7,7818,249,18
22.049143,-82.13654,2026-09-30 07:25:02.918701568,7,4129,247,20
22.018998,-82.150371,2026-09-30 07:25:03.9149952,7,4636,251,20
21.922382,-82.118794,2026-09-30 07:25:03.61139712,7,1528,250,23
19.258187,-96.460519,2026-09-30 07:25:03.925871104,7,3135,248,28
21.95209,-76.274531,2026-09-30 07:25:07.857821696,7,7143,255,22
21.973814,-76.264692,2026-09-30 07:25:07.912278528,7,4522,255,17
21.77074,-81.577262,2026-09-30 07:25:08.103567872,7,4627,224,18
19.681226,-96.093982,2026-09-30 07:25:09.137772544,7,4373,247,60
18.077493,-94.744073,2026-09-30 07:25:16.422921984,7,8589,266,31
22.22484,-99.548962,2026-09-30 07:25:16.636652544,7,7472,232,17
17.963901,-94.729817,2026-09-30 07:25:17.720800256,7,6091,265,13
17.981501,-94.730265,2026-09-30 07:25:17.817793280,7,7245,255,26
17.956614,-94.720729,2026-09-30 07:25:17.960444416,7,6966,256,17
17.973845,-94.720627,2026-09-30 07:25:18.14752000,7,5443,256,18
17.995374,-94.736532,2026-09-30 07:25:18.249038080,7,3060,254,27
22.225957,-77.487048,2026-09-30 07:25:20.134116096,7,4838,252,30
22.243436,-77.492072,2026-09-30 07:25:20.200128000,7,2632,252,18
22.238174,-77.49337,2026-09-30 07:25:20.222948864,7,2858,252,21
27.951933,-101.213861,2026-09-30 07:25:20.710075904,7,6828,216,19
27.971718,-101.119785,2026-09-30 07:25:20.774615040,7,5230,226,21
27.953552,-101.207635,2026-09-30 07:25:20.812803840,7,7250,191,16
29.721787,-101.407475,2026-09-30 07:25:21.421078272,7,11073,198,11
27.562462,-101.359837,2026-09-30 07:25:22.427130880,7,7533,219,20
27.585679,-101.366176,2026-09-30 07:25:22.478828800,7,8450,195,18
19.804783,-79.397807,2026-09-30 07:25:22.981373952,7,5406,263,19
21.863015,-81.595649,2026-09-30 07:25:25.4066048,7,4786,252,19
21.856804,-81.595876,2026-09-30 07:25:26.274712832,7,5188,253,18
23.031396,-77.972733,2026-09-30 07:25:38.767999232,7,7848,248,16
23.041517,-78.00269,2026-09-30 07:25:39.33415936,7,7398,248,15
23.018047,-77.993224,2026-09-30 07:25:39.367885824,7,7501,248,13
19.729368,-79.328534,2026-09-30 07:25:42.769582848,7,6512,263,12
20.910025,-80.482153,2026-09-30 07:25:43.11821568,7,5807,257,14
22.080656,-77.438649,2026-09-30 07:25:43.488875776,7,5722,253,23
19.894857,-75.061467,2026-09-30 07:25:43.570636288,7,5381,159,29
22.020105,-77.394828,2026-09-30 07:25:43.584832256,7,6077,259,21
19.747852,-96.126886,2026-09-30 07:25:44.146654720,7,11139,244,10
20.851279,-80.505368,2026-09-30 07:25:45.74930176,7,8068,257,20
19.794709,-79.347127,2026-09-30 07:25:45.881126912,7,3100,264,19
13.572125,-83.645517,2026-09-30 07:25:46.827358208,7,9188,266,10
29.415633,-80.087403,2026-09-30 07:25:47.471959296,7,6364,149,22
29.585251,-80.086301,2026-09-30 07:25:47.472015616,7,9303,202,16
20.587976,-74.69034,2026-09-30 07:25:47.747936512,7,6941,264,18
29.359066,-101.680383,2026-09-30 07:25:55.686826752,7,10440,165,19
29.673464,-101.478348,2026-09-30 07:25:55.766832128,7,14681,162,21
29.138394,-79.390954,2026-09-30 07:25:56.973384448,7,14184,123,12
17.94623,-94.688188,2026-09-30 07:25:57.369137408,7,10343,263,11
22.983017,-77.893768,2026-09-30 07:25:58.371425024,7,6538,248,17
29.825486,-101.162162,2026-09-30 07:26:00.102947328,7,13794,211,24
29.815885,-101.168097,2026-09-30 07:26:00.102936832,7,8939,229,14
22.868756,-75.894632,2026-09-30 07:26:00.462540032,7,6256,251,16
22.864003,-75.893515,2026-09-30 07:26:00.594336768,7,6520,251,15
23.378222,-80.857712,2026-09-30 07:26:01.600383232,7,6775,247,29
23.405668,-80.876316,2026-09-30 07:26:01.781280512,7,2690,246,21
19.833265,-79.39088,2026-09-30 07:26:02.73001984,7,2546,262,31
19.800302,-79.399349,2026-09-30 07:26:02.72991488,7,10163,237,23
19.82141,-79.380367,2026-09-30 07:26:02.117004544,7,7693,262,13
19.837386,-79.391645,2026-09-30 07:26:02.135179264,7,2733,262,13
19.824617,-79.380951,2026-09-30 07:26:02.195907840,7,8049,262,16
21.167609,-80.530842,2026-09-30 07:26:02.612451328,7,2702,255,31
20.791326,-80.49302,2026-09-30 07:26:02.612360960,7,7738,230,23
20.817515,-80.520817,2026-09-30 07:26:02.808381696,7,4012,257,19
23.029907,-77.980616,2026-09-30 07:26:05.59867392,7,3626,248,18
23.019686,-77.977739,2026-09-30 07:26:05.154885376,7,5658,248,17
23.03564,-77.986186,2026-09-30 07:26:05.244896256,7,2326,248,23
19.818696,-79.363522,2026-09-30 07:26:06.84172800,7,8461,237,14
17.876412,-94.683467,2026-09-30 07:26:07.350592000,7,8791,254,11
29.489726,-101.561373,2026-09-30 07:26:08.823750400,7,8558,174,15
2.492081,-66.172493,2026-09-30 07:26:12.903452160,7,13080,232,12
19.720482,-74.85307,2026-09-30 07:26:13.66947584,7,9104,268,23
19.789251,-74.845847,2026-09-30 07:26:13.150135552,7,7800,267,20
27.67082,-101.300164,2026-09-30 07:26:13.223054080,7,6400,215,13
19.863542,-79.324807,2026-09-30 07:26:14.31753472,7,5834,262,10
19.787267,-96.083561,2026-09-30 07:26:16.183805440,7,7052,257,18
19.684623,-96.101924,2026-09-30 07:26:16.222034944,7,11488,244,23
19.918333,-96.105822,2026-09-30 07:26:16.566231808,7,7543,258,26
8.21031,-79.425789,2026-09-30 07:26:26.167527936,7,12536,201,14
29.075721,-79.339524,2026-09-30 07:26:26.759239168,7,4414,168,17
29.245303,-79.245108,2026-09-30 07:26:26.879617536,7,3924,244,17
29.222033,-79.26396,2026-09-30 07:26:27.2948096,7,3854,246,17
22.020768,-77.405076,2026-09-30 07:26:30.832455168,7,3460,259,32
18.974018,-96.602422,2026-09-30 07:26:31.508591872,7,3704,258,18
29.677042,-101.431006,2026-09-30 07:26:32.292631040,7,11869,228,23
18.888488,-96.730289,2026-09-30 07:26:32.655090944,7,8306,248,12
-0.962188,-66.932704,2026-09-30 07:26:32.886115328,7,7376,246,13
23.014136,-77.850369,2026-09-30 07:26:42.586830848,7,4145,248,25
23.006208,-77.851766,2026-09-30 07:26:43.51933440,7,5957,248,21
17.886009,-94.684885,2026-09-30 07:26:44.519564288,7,4521,254,19
20.841199,-80.505717,2026-09-30 07:26:45.6180864,7,3498,257,20
20.841653,-80.507193,2026-09-30 07:26:45.98717696,7,2837,257,13
29.699249,-101.381981,2026-09-30 07:26:48.211423488,7,8299,172,16
21.687316,-81.498186,2026-09-30 07:26:49.365122816,7,2194,253,29
21.67506,-81.491272,2026-09-30 07:26:49.365118720,7,3124,253,22
21.614375,-81.528592,2026-09-30 07:26:49.412704256,7,5313,253,12
22.887155,-75.901396,2026-09-30 07:26:50.573594368,7,3582,251,28
21.971922,-82.170106,2026-09-30 07:26:51.291194368,7,3321,251,29
21.942115,-82.161076,2026-09-30 07:26:51.343802880,7,7635,251,20
21.956141,-82.177631,2026-09-30 07:26:51.428556032,7,2722,251,19
22.004381,-82.139767,2026-09-30 07:26:51.528747008,7,3046,251,26
21.955404,-82.167134,2026-09-30 07:26:51.567100416,7,3757,251,21
21.95107,-82.329292,2026-09-30 07:26:52.205129728,7,2365,251,29
28.414477,-70.097439,2026-09-30 07:26:52.591666688,7,6093,262,27
21.334193,-80.906621,2026-09-30 07:26:59.823203072,7,6147,254,13
28.301475,4.029395,2026-09-30 07:26:16.415805184,5,5887,252,26
31.832935,139.534164,2026-09-30 07:25:04.297585408,9,3725,261,22
32.018421,139.40268,2026-09-30 07:25:05.125981184,9,3910,155,39
32.014711,139.404424,2026-09-30 07:25:05.125977088,9,11077,139,22
32.043453,139.387,2026-09-30 07:25:05.209340928,9,4664,257,33
32.06477,139.348406,2026-09-30 07:25:05.209353472,9,3954,260,15
32.026896,139.396946,2026-09-30 07:25:05.252623872,9,5438,259,26
32.026671,139.39608,2026-09-30 07:25:05.310441216,9,9108,259,32
32.057496,139.359652,2026-09-30 07:25:05.310458368,9,4044,260,15
32.068461,139.42741,2026-09-30 07:25:05.440481280,9,6832,257,31
32.058083,139.420922,2026-09-30 07:25:05.440480256,9,11530,257,12
32.04749,139.398631,2026-09-30 07:25:05.580643328,9,3982,257,32
32.016415,139.409472,2026-09-30 07:25:05.580634368,9,10872,258,14
32.038571,139.402266,2026-09-30 07:25:05.674936064,9,2970,257,29
32.011796,139.41146,2026-09-30 07:25:05.674927872,9,7640,258,11
32.041572,139.395749,2026-09-30 07:25:05.808219648,9,4733,257,30
32.035921,139.39748,2026-09-30 07:25:05.808218880,9,6248,257,14
32.034821,139.401747,2026-09-30 07:25:05.895492864,9,5396,257,23
31.935684,139.674461,2026-09-30 07:25:12.502969088,9,7105,267,14
32.038826,139.349686,2026-09-30 07:25:15.982938624,9,4477,257,27
27.891585,107.64597,2026-09-30 07:25:27.446793728,9,14244,222,20
31.843412,139.559654,2026-09-30 07:25:36.638595072,9,6168,267,16
32.011298,139.348333,2026-09-30 07:25:41.414404096,9,11899,257,34
31.98482,139.383208,2026-09-30 07:25:41.414396672,9,5722,258,15
32.02171,139.306583,2026-09-30 07:25:42.12776704,9,12225,261,11
31.921568,139.48631,2026-09-30 07:26:01.555963904,9,1596,267,23
31.831265,139.54104,2026-09-30 07:26:04.518042368,9,4964,267,21
32.003152,139.400493,2026-09-30 07:26:10.407609088,9,9518,161,44
32.002307,139.412902,2026-09-30 07:26:10.407606016,9,11581,140,25
32.033146,139.393822,2026-09-30 07:26:11.348409088,9,4599,264,19
32.038629,139.390951,2026-09-30 07:26:11.453038848,9,4046,264,18
31.994392,139.354839,2026-09-30 07:26:30.495647744,9,7270,257,31
31.989704,139.361965,2026-09-30 07:26:30.495648256,9,6224,257,12
32.019449,139.344954,2026-09-30 07:26:30.615498240,9,2165,257,31
32.045143,139.307125,2026-09-30 07:26:30.615513600,9,3731,260,15
32.013375,139.358953,2026-09-30 07:26:30.683786240,9,4712,257,30
31.826569,139.48332,2026-09-30 07:26:50.573998336,9,11446,260,30
31.871399,139.511063,2026-09-30 07:26:50.979133696,9,2234,265,23
31.833235,139.490168,2026-09-30 07:26:51.51047680,9,3090,267,14
26.720103,114.63799,2026-09-30 07:26:55.925031936,9,12820,269,14
31.924023,139.446598,2026-09-30 07:26:58.145244928,9,11403,259,31
31.909272,139.459369,2026-09-30 07:26:58.145239808,9,10937,259,12
31.973416,139.479499,2026-09-30 07:26:58.668187648,9,3537,259,19
31.962526,139.482191,2026-09-30 07:26:59.98804736,9,3736,259,15
17.957169,121.237433,2026-09-30 07:27:04.180370176,9,7849,220,20
32.07542,139.467521,2026-09-30 07:27:05.75614976,9,1576,265,21
32.04824,139.484915,2026-09-30 07:27:05.75606784,9,4118,258,12
23.33113,-74.847925,2026-09-30 07:25:00.681035264,13,7733,263,61
19.794368,-79.380284,2026-09-30 07:25:01.72332800,13,7290,262,41
28.551541,-101.015721,2026-09-30 07:25:02.77025280,13,7832,231,46
23.134134,-77.608034,2026-09-30 07:25:02.662126592,13,3710,261,35
55.25276,-92.819994,2026-09-30 07:25:02.774039040,13,10231,194,85
22.016775,-82.151905,2026-09-30 07:25:02.918694400,13,7961,251,75
22.017357,-82.143344,2026-09-30 07:25:03.9151488,13,7308,251,38
20.855955,-80.489135,2026-09-30 07:25:03.338547712,13,3945,258,80
20.844626,-80.459054,2026-09-30 07:25:03.492511488,13,4961,260,40
30.944575,-76.351012,2026-09-30 07:25:04.804394240,13,12299,219,29
21.967306,-76.285162,2026-09-30 07:25:07.857828096,13,8026,257,64
29.64346,-100.972436,2026-09-30 07:25:08.12982528,13,8888,238,32
31.156472,-76.317867,2026-09-30 07:25:08.656666880,13,14393,220,37
31.120658,-76.302362,2026-09-30 07:25:08.656638720,13,5819,261,17
19.674936,-96.105479,2026-09-30 07:25:09.137770496,13,4507,247,41
30.56258,-100.808474,2026-09-30 07:25:09.604311808,13,8482,218,55
30.567923,-100.821233,2026-09-30 07:25:09.604305152,13,6562,218,42
29.381131,-101.412548,2026-09-30 07:25:11.79685120,13,10581,227,60
29.775692,-101.221349,2026-09-30 07:25:11.215361280,13,10067,223,37
29.912866,-101.220062,2026-09-30 07:25:11.342986240,13,4651,264,42
19.802548,-79.388751,2026-09-30 07:25:12.37893376,13,5229,265,86
30.334227,-74.859415,2026-09-30 07:25:13.246609664,13,5049,221,27
31.194292,-76.314932,2026-09-30 07:25:14.196321536,13,6105,237,18
22.476244,-99.417842,2026-09-30 07:25:16.27145472,13,9382,264,124
22.282428,-99.55195,2026-09-30 07:25:16.636668672,13,3785,260,46
22.539279,-77.563708,2026-09-30 07:25:20.134185728,13,7808,251,114
22.237642,-77.476233,2026-09-30 07:25:20.180287744,13,8794,266,95
27.950777,-101.206559,2026-09-30 07:25:20.812803328,13,7510,191,33
29.818706,-101.288684,2026-09-30 07:25:21.421123072,13,5870,223,48
28.061783,-101.113606,2026-09-30 07:25:21.529708800,13,5363,249,39
19.823208,-79.4055,2026-09-30 07:25:22.272874496,13,3764,262,55
27.315812,-101.217272,2026-09-30 07:25:22.427062528,13,9802,221,63
19.810278,-79.401234,2026-09-30 07:25:22.465949696,13,3898,262,52
27.654469,-101.211116,2026-09-30 07:25:22.539060992,13,5080,267,22
20.834681,-80.493342,2026-09-30 07:25:22.877885184,13,3867,257,34
19.821138,-79.403781,2026-09-30 07:25:22.981378560,13,4071,262,57
55.892499,-89.037987,2026-09-30 07:25:23.555593216,13,14903,227,31
56.309557,-89.339326,2026-09-30 07:25:23.813741056,13,7095,198,66
21.882083,-81.611054,2026-09-30 07:25:26.274721280,13,3371,253,47
19.305657,-96.476843,2026-09-30 07:25:28.148041216,13,12331,248,85
30.777333,-100.831291,2026-09-30 07:25:28.588407296,13,5051,249,25
28.882085,-101.097624,2026-09-30 07:25:33.552760576,13,14140,244,64
29.27488,-79.560452,2026-09-30 07:25:33.965689344,13,4202,257,27
55.379422,-92.909308,2026-09-30 07:25:34.236436224,13,10790,195,96
27.73232,-101.176504,2026-09-30 07:25:34.581180416,13,6100,214,27
27.722666,-101.17074,2026-09-30 07:25:34.622099968,13,5317,237,44
19.813478,-79.400894,2026-09-30 07:25:34.764865280,13,6640,262,40
19.818841,-79.400281,2026-09-30 07:25:35.196375040,13,4291,262,53
19.806181,-79.39692,2026-09-30 07:25:35.262449408,13,3921,262,49
18.864611,-96.498557,2026-09-30 07:25:35.417623296,13,8865,249,84
20.829388,-80.46377,2026-09-30 07:25:36.135342592,13,6164,257,74
20.838405,-80.461566,2026-09-30 07:25:36.291922944,13,4424,257,56
18.925001,-96.663968,2026-09-30 07:25:37.632138752,13,6228,250,75
23.037165,-78.00274,2026-09-30 07:25:39.33409536,13,4996,248,41
31.102724,-76.236224,2026-09-30 07:25:39.296802816,13,12492,210,101
31.153423,-76.272601,2026-09-30 07:25:39.296834816,13,6007,215,84
31.008636,-76.272878,2026-09-30 07:25:39.296834304,13,11879,260,68
31.14851,-76.258105,2026-09-30 07:25:39.296885248,13,9087,243,38
23.0522,-77.995565,2026-09-30 07:25:39.425164800,13,3776,262,21
28.045777,-101.141565,2026-09-30 07:25:40.577771520,13,6129,235,37
28.003117,-101.165649,2026-09-30 07:25:41.375548160,13,6089,215,19
30.883714,-76.119124,2026-09-30 07:25:41.894867200,13,7126,222,48
30.87961,-76.121727,2026-09-30 07:25:41.894862592,13,5373,259,42
30.887063,-76.117959,2026-09-30 07:25:41.896216320,13,8739,222,39
30.865055,-76.11343,2026-09-30 07:25:41.896205568,13,3429,259,31
20.923618,-80.485264,2026-09-30 07:25:43.11832576,13,10447,257,29
19.706396,-96.126825,2026-09-30 07:25:44.146639360,13,8545,244,22
20.021312,-75.129241,2026-09-30 07:25:44.413550848,13,3143,268,69
20.008454,-75.120784,2026-09-30 07:25:44.970305280,13,4697,268,60
19.815095,-79.418174,2026-09-30 07:25:45.417461248,13,6263,262,27
19.784716,-79.352179,2026-09-30 07:25:45.881121280,13,3806,262,28
30.799101,-76.225981,2026-09-30 07:25:46.321859840,13,6210,220,86
30.86554,-76.278979,2026-09-30 07:25:46.321949440,13,3888,251,33
19.865228,-79.354264,2026-09-30 07:25:46.489020928,13,5138,262,33
29.503644,-80.083646,2026-09-30 07:25:47.471937536,13,11232,157,65
29.363607,-80.125612,2026-09-30 07:25:47.471937536,13,7950,265,56
29.582567,-80.077144,2026-09-30 07:25:47.472015872,13,13162,202,48
29.58659,-80.100666,2026-09-30 07:25:47.472014592,13,6081,249,37
29.590339,-80.102705,2026-09-30 07:25:47.472015104,13,6239,249,30
20.609096,-74.698797,2026-09-30 07:25:47.747941120,13,3544,266,51
22.007571,-81.954385,2026-09-30 07:25:48.329969408,13,7702,254,39
21.863618,-81.857777,2026-09-30 07:25:48.703797504,13,5957,252,84
27.541953,-102.116829,2026-09-30 07:25:48.844542464,13,4037,239,31
22.398869,-85.830231,2026-09-30 07:25:49.56975104,13,10484,224,116
21.713095,-81.578709,2026-09-30 07:25:49.666735872,13,4113,252,28
30.799887,-100.811105,2026-09-30 07:25:50.314289920,13,6679,248,22
21.434655,-81.460753,2026-09-30 07:25:51.123507968,13,9641,254,91
21.497169,-81.466093,2026-09-30 07:25:51.338524672,13,5888,254,41
21.487286,-81.460646,2026-09-30 07:25:51.473820672,13,5532,254,39
19.812685,-79.412183,2026-09-30 07:25:53.667993600,13,4373,262,41
30.275275,-101.047253,2026-09-30 07:25:54.497776384,13,9647,220,26
32.910456,-111.503296,2026-09-30 07:25:55.201100032,13,13505,92,84
32.922146,-111.522712,2026-09-30 07:25:55.201168640,13,5278,214,71
33.0413,-111.487829,2026-09-30 07:25:55.201197312,13,4597,246,56
29.382443,-101.470903,2026-09-30 07:25:55.686816000,13,8185,153,79
29.47532,-101.456468,2026-09-30 07:25:55.686906112,13,5794,226,66
29.698746,-101.274921,2026-09-30 07:25:55.766826752,13,9814,117,82
29.812729,-101.225621,2026-09-30 07:25:55.857064960,13,4599,234,49
29.782582,-101.256988,2026-09-30 07:25:56.77955840,13,6783,228,42
29.613387,-101.120411,2026-09-30 07:25:56.396724992,13,11797,114,38
29.795755,-101.227162,2026-09-30 07:25:56.396784384,13,4609,227,26
29.266524,-79.253889,2026-09-30 07:25:56.973452288,13,13188,261,43
31.122349,-76.234921,2026-09-30 07:25:58.125262080,13,7999,269,43
23.019616,-77.902783,2026-09-30 07:25:58.371438592,13,8515,250,69
29.424003,-79.696912,2026-09-30 07:25:59.955719424,13,6074,262,21
29.914546,-101.130033,2026-09-30 07:26:00.102958848,13,7772,229,48
22.883841,-75.90394,2026-09-30 07:26:00.462546432,13,8261,253,54
22.264872,-81.202773,2026-09-30 07:26:00.874659072,13,7214,250,30
23.44645,-80.901574,2026-09-30 07:26:01.600403968,13,9178,243,63
19.808159,-79.380656,2026-09-30 07:26:02.72996608,13,10573,263,106
21.184246,-80.512927,2026-09-30 07:26:02.612452352,13,7554,256,104
31.230181,-76.224933,2026-09-30 07:26:03.64419072,13,7500,236,31
31.950498,-77.358611,2026-09-30 07:26:03.411386368,13,13219,269,58
31.929742,-77.193079,2026-09-30 07:26:03.411390208,13,6608,246,46
31.807267,-77.159556,2026-09-30 07:26:03.724294656,13,6685,193,42
31.834431,-77.200381,2026-09-30 07:26:03.724372992,13,8992,249,71
23.04497,-77.991135,2026-09-30 07:26:04.930042368,13,5023,249,68
23.043345,-77.986273,2026-09-30 07:26:05.20818432,13,5549,250,58
23.02745,-77.985828,2026-09-30 07:26:05.59867648,13,4272,248,39
19.902495,-79.418479,2026-09-30 07:26:06.84190208,13,8265,237,36
17.893074,-94.688274,2026-09-30 07:26:07.350598144,13,10043,255,89
28.60654,-70.197505,2026-09-30 07:26:07.782408448,13,8402,237,15
29.498996,-101.542319,2026-09-30 07:26:08.707606272,13,7589,201,22
29.618936,-101.44104,2026-09-30 07:26:08.823810560,13,13023,206,50
29.577905,-101.449406,2026-09-30 07:26:08.823794432,13,3368,225,37
29.287524,-101.424511,2026-09-30 07:26:09.37334528,13,12003,198,37
29.559548,-101.45498,2026-09-30 07:26:09.37432064,13,7709,225,44
29.582123,-101.447725,2026-09-30 07:26:09.37432832,13,5259,227,34
30.936335,-76.3438,2026-09-30 07:26:09.110008832,13,8983,243,22
29.285773,-101.43559,2026-09-30 07:26:10.275230976,13,3942,232,23
19.793122,-74.863336,2026-09-30 07:26:13.66968064,13,9452,269,57
29.116315,-101.086481,2026-09-30 07:26:13.456875776,13,7706,263,21
19.942038,-79.340558,2026-09-30 07:26:13.725628160,13,4293,262,67
29.818399,-101.271329,2026-09-30 07:26:16.18431744,13,13788,241,27
19.825483,-96.083125,2026-09-30 07:26:16.566213120,13,12671,255,95
22.685541,-77.078565,2026-09-30 07:26:18.142296064,13,11573,252,104
22.369204,-77.000092,2026-09-30 07:26:18.744037888,13,3350,266,31
28.220511,-70.337733,2026-09-30 07:26:19.846891264,13,9950,225,94
31.10028,-76.358072,2026-09-30 07:26:19.896557312,13,10170,210,59
31.164788,-76.399034,2026-09-30 07:26:20.137106432,13,7706,237,42
22.88891,-75.901064,2026-09-30 07:26:20.920708608,13,3954,253,49
22.886337,-75.905736,2026-09-30 07:26:21.11541248,13,7149,264,78
33.765375,-103.46547,2026-09-30 07:26:21.92132352,13,8738,116,32
22.987485,-78.159432,2026-09-30 07:26:21.463813376,13,12652,262,40
29.674036,-101.214661,2026-09-30 07:26:22.331938304,13,10699,130,68
29.787154,-101.29039,2026-09-30 07:26:22.331997184,13,3533,200,49
29.825653,-101.263124,2026-09-30 07:26:22.639532544,13,6699,223,28
19.82387,-79.324566,2026-09-30 07:26:22.941938688,13,4748,262,53
20.837454,-80.501454,2026-09-30 07:26:23.958019840,13,4892,257,83
21.720844,-99.635454,2026-09-30 07:26:24.971953408,13,14450,237,27
19.834841,-79.414927,2026-09-30 07:26:25.563195136,13,4719,262,54
19.818251,-79.411517,2026-09-30 07:26:25.955229952,13,4223,262,54
19.805243,-79.405234,2026-09-30 07:26:26.235863552,13,6834,262,39
29.229528,-79.285139,2026-09-30 07:26:26.759302400,13,9299,217,53
29.208117,-79.269626,2026-09-30 07:26:26.879608064,13,6076,218,39
29.202907,-79.263389,2026-09-30 07:26:27.2942464,13,7322,218,47
31.159797,-76.224281,2026-09-30 07:26:27.993495552,13,8406,237,13
22.088945,-77.438218,2026-09-30 07:26:30.832434944,13,5018,267,125
32.0008,-76.907835,2026-09-30 07:26:32.607308032,13,6231,231,55
32.010436,-76.909392,2026-09-30 07:26:32.607307520,13,7851,191,44
31.105712,-76.053315,2026-09-30 07:26:33.386641408,13,8135,200,32
25.01324,-101.882551,2026-09-30 07:26:33.506473216,13,6238,252,25
23.047919,-78.258327,2026-09-30 07:26:35.186450176,13,5057,249,64
32.741408,-111.526609,2026-09-30 07:26:35.393360384,13,12001,203,28
29.743804,-101.322209,2026-09-30 07:26:36.397102336,13,9467,256,17
30.974276,-76.359558,2026-09-30 07:26:37.330696448,13,13713,216,16
19.840646,-79.399148,2026-09-30 07:26:39.579874816,13,2599,265,85
19.818696,-79.390241,2026-09-30 07:26:39.638346752,13,4712,262,57
19.822464,-79.404328,2026-09-30 07:26:39.792569856,13,4723,262,73
22.996656,-77.854655,2026-09-30 07:26:42.586828032,13,8039,250,90
23.023872,-77.864773,2026-09-30 07:26:43.51941376,13,12581,250,53
20.842388,-80.50117,2026-09-30 07:26:45.6184704,13,5519,258,87
20.834778,-80.509081,2026-09-30 07:26:45.98717184,13,3476,257,42
33.583176,-103.587675,2026-09-30 07:26:47.831601152,13,12700,223,17
29.779946,-101.268499,2026-09-30 07:26:48.104376320,13,8305,256,27
29.768662,-101.273915,2026-09-30 07:26:48.211467264,13,3794,224,37
21.622022,-81.547189,2026-09-30 07:26:49.365102592,13,8031,253,93
30.322341,-100.912893,2026-09-30 07:26:51.653510144,13,3841,219,51
30.346309,-100.913128,2026-09-30 07:26:52.270661120,13,4944,252,33
28.439843,-70.136102,2026-09-30 07:26:52.591677952,13,5566,262,128
28.596602,-100.907573,2026-09-30 07:26:53.3977984,13,8012,231,40
29.368199,-79.728845,2026-09-30 07:26:53.153040640,13,12608,216,60
29.401558,-79.719834,2026-09-30 07:26:53.153044480,13,6622,203,56
29.314649,-79.728795,2026-09-30 07:26:53.314311680,13,6693,167,88
29.245808,-79.714423,2026-09-30 07:26:53.358558720,13,8963,169,34
22.508286,-77.386267,2026-09-30 07:26:53.449039616,13,4197,253,49
29.850167,-101.251323,2026-09-30 07:26:53.555521280,13,9884,223,45
19.943739,-79.356484,2026-09-30 07:26:54.274189056,13,5383,262,42
30.714271,-100.665587,2026-09-30 07:26:55.448908288,13,13043,252,41
19.832191,-79.385255,2026-09-30 07:26:56.176205312,13,6671,262,33
22.329325,-77.492773,2026-09-30 07:26:57.779772672,13,7834,254,61
22.333208,-77.503078,2026-09-30 07:26:58.34257408,13,10996,254,52
21.347372,-80.919711,2026-09-30 07:26:59.823207168,13,6145,254,27
19.228071,-96.486257,2026-09-30 07:27:02.100745216,13,12518,249,40
19.445688,-96.29519,2026-09-30 07:27:02.688076544,13,8798,268,24
20.8314,-80.494679,2026-09-30 07:27:03.17917440,13,3514,257,78
20.869345,-80.490988,2026-09-30 07:27:03.101749760,13,9025,257,45
19.758126,-79.318829,2026-09-30 07:27:03.776378112,13,4878,262,45
23.447198,-80.878484,2026-09-30 07:27:04.168461824,13,4581,243,41
31.223963,-76.308494,2026-09-30 07:27:04.305890560,13,4361,216,46
31.124789,-76.300351,2026-09-30 07:27:04.445455616,13,9131,248,37
19.776513,-79.325634,2026-09-30 07:27:04.671163392,13,7492,262,49
31.175074,-76.289547,2026-09-30 07:27:04.768019968,13,7501,219,46
31.158098,-76.305437,2026-09-30 07:27:04.768009728,13,5302,237,41
31.073802,-76.24635,2026-09-30 07:27:05.98114560,13,8182,220,54
22.790872,-77.669429,2026-09-30 07:27:05.229202176,13,10723,251,51
31.096144,-76.399114,2026-09-30 07:27:06.113863680,13,14658,220,50
31.094132,-76.408426,2026-09-30 07:27:06.113850880,13,14753,257,36
29.304923,-101.361919,2026-09-30 07:27:06.540799744,13,12349,211,71
29.49702,-101.454044,2026-09-30 07:27:06.540865024,13,7732,225,61
29.507659,-101.448585,2026-09-30 07:27:06.615222016,13,14364,208,51
29.379535,-101.461327,2026-09-30 07:27:07.209628160,13,14254,213,90
29.422797,-101.506813,2026-09-30 07:27:07.209691904,13,9201,226,78
22.333364,-77.047185,2026-09-30 07:27:08.914866688,13,7404,266,74
28.255348,-101.169147,2026-09-30 07:27:08.939076608,13,4223,233,21
22.992548,-77.927939,2026-09-30 07:27:09.83276288,13,9306,262,88
25.295241,-102.417331,2026-09-30 07:27:09.247525376,13,11248,260,23
25.495539,-102.507237,2026-09-30 07:27:10.199413504,13,6950,226,47
31.131113,-75.935576,2026-09-30 07:27:10.681010432,13,6085,244,34
19.801715,-79.387315,2026-09-30 07:27:11.120970496,13,5056,262,45
21.704426,-81.599792,2026-09-30 07:27:11.909108224,13,7975,256,17
19.005019,-96.449782,2026-09-30 07:27:12.131822080,13,13749,248,22
28.246462,-70.313264,2026-09-30 07:27:13.457077760,13,5090,263,57
24.961366,-101.864009,2026-09-30 07:27:13.788506624,13,14812,248,17
24.969098,-101.858534,2026-09-30 07:27:13.827939840,13,8309,261,29
24.995636,-101.842778,2026-09-30 07:27:13.899412224,13,8996,252,57
28.909684,-100.937116,2026-09-30 07:27:14.651652096,13,9610,229,69
31.826005,139.538497,2026-09-30 07:25:04.297580288,14,3425,261,26
32.015621,139.413156,2026-09-30 07:25:05.125977600,14,8901,155,40
32.025409,139.410384,2026-09-30 07:25:05.125979648,14,7398,140,22
32.014431,139.401639,2026-09-30 07:25:05.209332480,14,5644,257,34
32.026613,139.396939,2026-09-30 07:25:05.252621568,14,5439,259,26
32.026671,139.39608,2026-09-30 07:25:05.310441216,14,9109,259,33
32.033613,139.38564,2026-09-30 07:25:05.310446848,14,9023,260,16
32.093988,139.410832,2026-09-30 07:25:05.440491008,14,3885,257,30
32.028063,139.404914,2026-09-30 07:25:05.580640768,14,5129,257,33
32.038021,139.402451,2026-09-30 07:25:05.674935808,14,2967,257,29
32.023701,139.411852,2026-09-30 07:25:05.808212480,14,2471,257,35
32.027154,139.416381,2026-09-30 07:25:05.895488000,14,4877,257,23
32.023554,139.358581,2026-09-30 07:25:15.982932736,14,3139,257,26
25.722872,116.781065,2026-09-30 07:25:19.940099584,14,9086,267,24
26.331046,114.38579,2026-09-30 07:25:32.781410304,14,14742,238,25
32.009534,139.347971,2026-09-30 07:25:41.414403584,14,11898,257,34
31.993651,139.361872,2026-09-30 07:25:41.414407680,14,11570,257,16
32.036526,139.324647,2026-09-30 07:25:42.12780288,14,4347,257,23
31.865875,139.512695,2026-09-30 07:26:01.555943168,14,4385,267,24
31.827912,139.540951,2026-09-30 07:26:04.518041344,14,4967,267,20
32.013144,139.412744,2026-09-30 07:26:10.407609088,14,3551,161,44
32.007433,139.416014,2026-09-30 07:26:10.407608832,14,7914,140,29
32.033189,139.393814,2026-09-30 07:26:11.348409088,14,4600,264,18
32.02757,139.371701,2026-09-30 07:26:11.453036288,14,13974,264,16
31.994392,139.354839,2026-09-30 07:26:30.495647744,14,7269,257,31
32.00524,139.347991,2026-09-30 07:26:30.615497216,14,4085,257,32
32.024943,139.35256,2026-09-30 07:26:30.683790592,14,1994,265,30
31.861552,139.473576,2026-09-30 07:26:50.574009600,14,2598,260,24
31.907306,139.49506,2026-09-30 07:26:50.979140352,14,8785,264,15
31.924328,139.466019,2026-09-30 07:26:58.145246976,14,4346,259,33
31.956896,139.495193,2026-09-30 07:26:58.668181504,14,3061,259,20
31.953896,139.492732,2026-09-30 07:26:59.98797568,14,4863,259,17
32.048002,139.485326,2026-09-30 07:27:05.75604736,14,4117,258,28
31.848219,139.543535,2026-09-30 07:27:15.225467904,14,2598,261,30
28.47449,-101.030785,2026-09-30 07:25:02.76997376,11,4454,264,17
44.010692,3.925389,2026-09-30 07:25:09.144282624,11,7654,205,93
44.014267,3.95943,2026-09-30 07:25:09.145368320,11,14150,177,188
29.726536,-101.243436,2026-09-30 07:25:11.215347200,11,8109,245,20
28.011732,-101.118107,2026-09-30 07:25:20.710116608,11,5580,231,26
56.317303,-89.420521,2026-09-30 07:25:23.813719808,11,8674,227,34
52.338443,-7.465361,2026-09-30 07:25:31.757120768,11,2371,253,311
52.346137,-7.44317,2026-09-30 07:25:31.757123840,11,7913,268,331
52.345741,-7.407399,2026-09-30 07:25:31.757130752,11,9221,246,311
52.33185,-7.458182,2026-09-30 07:25:31.757123584,11,10985,235,292
43.562595,3.976733,2026-09-30 07:25:36.77915392,11,11449,160,138
43.538621,3.894254,2026-09-30 07:25:36.77915136,11,11857,186,153
43.621623,3.927304,2026-09-30 07:25:36.77946112,11,7018,175,147
43.557804,3.971006,2026-09-30 07:25:36.77928192,11,13562,154,137
43.568366,3.93369,2026-09-30 07:25:36.77940224,11,9619,231,123
31.109712,-76.274186,2026-09-30 07:25:39.296812800,11,10908,196,37
51.782236,-7.238522,2026-09-30 07:25:47.876971264,11,3716,264,270
51.824493,-7.138698,2026-09-30 07:25:47.876997376,11,5877,270,256
51.86623,-7.005447,2026-09-30 07:25:47.877028352,11,7136,253,240
51.802289,-7.246164,2026-09-30 07:25:47.876977664,11,5604,234,226
32.766367,-111.766263,2026-09-30 07:25:55.201077248,11,13535,215,28
29.399981,-101.502651,2026-09-30 07:25:55.686871808,11,11034,262,31
29.777396,-101.253287,2026-09-30 07:25:55.766908416,11,5881,223,28
30.048618,2.706689,2026-09-30 07:26:04.925184000,11,4302,255,56
29.63824,-101.333964,2026-09-30 07:26:08.823833600,11,7585,256,18
29.550213,-101.45756,2026-09-30 07:26:09.37427200,11,5726,228,18
44.184216,4.016767,2026-09-30 07:26:18.11714816,11,11374,240,143
43.578316,3.882748,2026-09-30 07:26:20.733153536,11,7710,191,95
43.584234,3.897661,2026-09-30 07:26:20.733157632,11,7257,179,155
43.592541,3.895545,2026-09-30 07:26:20.733165312,11,5789,146,139
29.824248,-101.274261,2026-09-30 07:26:22.332003328,11,9003,214,26
29.05782,-79.302993,2026-09-30 07:26:26.879545344,11,7616,171,19
33.612688,-103.59719,2026-09-30 07:26:47.831616512,11,6337,221,27
29.652645,-101.35969,2026-09-30 07:26:48.104316928,11,13957,229,17
29.807876,-101.194045,2026-09-30 07:26:48.211492864,11,7714,268,19
44.015148,3.951524,2026-09-30 07:26:49.878610944,11,13665,111,55
28.447758,-70.158218,2026-09-30 07:26:52.591684864,11,12861,262,121
29.397636,-79.720316,2026-09-30 07:26:53.153043200,11,5982,248,25
29.239109,-79.74215,2026-09-30 07:26:53.209833984,11,9004,158,33
29.426681,-79.707717,2026-09-30 07:26:53.314407168,11,6763,260,37
51.818099,-7.111568,2026-09-30 07:26:53.487639296,11,14644,236,21
29.706805,-101.355999,2026-09-30 07:26:53.555460096,11,11302,231,18
20.433778,-75.048924,2026-09-30 07:26:56.836581888,11,5464,252,133
43.5805,3.928234,2026-09-30 07:27:00.119145472,11,6280,104,278
43.557531,3.874568,2026-09-30 07:27:00.119135488,11,14876,186,312
31.233329,-76.310023,2026-09-30 07:27:04.305889280,11,5098,215,21
31.168857,-76.306111,2026-09-30 07:27:04.445459712,11,7500,247,23
29.436728,-101.498541,2026-09-30 07:27:06.540839424,11,5439,262,30
31.389298,-76.226599,2026-09-30 07:27:10.681138432,11,13836,266,33
44.145046,3.821255,2026-09-30 07:27:11.961544192,11,13505,61,346
44.138066,3.826446,2026-09-30 07:27:11.961539328,11,6105,140,329
44.145765,3.821449,2026-09-30 07:27:11.961545216,11,8812,127,217
28.284032,-70.350369,2026-09-30 07:27:13.457088000,11,3271,259,27
51.177053,-8.048109,2026-09-30 07:27:14.292558592,11,9169,220,35
28.900191,-100.934217,2026-09-30 07:27:14.651645440,11,8613,226,26
28.47449,-101.030785,2026-09-30 07:25:02.76997376,12,4454,264,17
44.010692,3.925389,2026-09-30 07:25:09.144282624,12,7654,205,93
44.014267,3.95943,2026-09-30 07:25:09.145368320,12,14150,177,188
29.763016,-101.216092,2026-09-30 07:25:11.215356416,12,7318,214,30
28.010697,-101.117443,2026-09-30 07:25:20.710124032,12,9217,231,17
27.981353,-101.157607,2026-09-30 07:25:20.774607616,12,5287,266,27
56.317303,-89.420521,2026-09-30 07:25:23.813719808,12,8674,227,34
52.338443,-7.465361,2026-09-30 07:25:31.757120768,12,2371,253,311
52.346137,-7.44317,2026-09-30 07:25:31.757123840,12,7913,268,331
52.345741,-7.407399,2026-09-30 07:25:31.757130752,12,9221,246,311
52.33185,-7.458182,2026-09-30 07:25:31.757123584,12,10985,235,292
43.562595,3.976733,2026-09-30 07:25:36.77915392,12,11449,160,138
43.538621,3.894254,2026-09-30 07:25:36.77915136,12,11857,186,153
43.621623,3.927304,2026-09-30 07:25:36.77946112,12,7018,175,147
43.557804,3.971006,2026-09-30 07:25:36.77928192,12,13562,154,137
43.568366,3.93369,2026-09-30 07:25:36.77940224,12,9619,231,119
31.109712,-76.274186,2026-09-30 07:25:39.296812800,12,10908,196,37
51.782236,-7.238522,2026-09-30 07:25:47.876971264,12,3716,264,270
51.824493,-7.138698,2026-09-30 07:25:47.876997376,12,5877,270,256
51.86623,-7.005447,2026-09-30 07:25:47.877028352,12,7136,253,240
51.802289,-7.246164,2026-09-30 07:25:47.876977664,12,5604,234,226
22.393082,-85.805926,2026-09-30 07:25:49.56978944,12,13486,260,82
32.766367,-111.766263,2026-09-30 07:25:55.201077248,12,13535,215,28
29.399981,-101.502651,2026-09-30 07:25:55.686871808,12,11034,262,31
29.777396,-101.253287,2026-09-30 07:25:55.766908416,12,5881,223,28
29.917793,-101.116774,2026-09-30 07:26:00.102961920,12,5504,239,32
23.431095,-75.984514,2026-09-30 07:26:00.594546944,12,14157,264,25
30.048618,2.706689,2026-09-30 07:26:04.925184000,12,4302,255,56
29.63824,-101.333964,2026-09-30 07:26:08.823833600,12,7585,256,18
29.550213,-101.45756,2026-09-30 07:26:09.37427200,12,5726,228,18
44.189138,4.027671,2026-09-30 07:26:18.11714560,12,7835,239,128
44.332826,4.106661,2026-09-30 07:26:18.11742720,12,14000,190,223
44.212863,4.167428,2026-09-30 07:26:18.11731456,12,11498,163,200
43.584676,3.890341,2026-09-30 07:26:20.733154816,12,8049,191,110
43.584234,3.897661,2026-09-30 07:26:20.733157632,12,7257,179,154
43.592694,3.888479,2026-09-30 07:26:20.733167872,12,13883,158,41
29.824248,-101.274261,2026-09-30 07:26:22.332003328,12,9003,214,26
33.612688,-103.59719,2026-09-30 07:26:47.831616512,12,6337,221,27
29.652645,-101.35969,2026-09-30 07:26:48.104316928,12,13957,229,17
29.807876,-101.194045,2026-09-30 07:26:48.211492864,12,7714,268,19
44.023513,3.962071,2026-09-30 07:26:49.878607104,12,7946,112,66
28.447758,-70.158218,2026-09-30 07:26:52.591684864,12,12861,262,121
29.397636,-79.720316,2026-09-30 07:26:53.153043200,12,5982,248,25
29.239109,-79.74215,2026-09-30 07:26:53.209833984,12,9004,158,33
51.818099,-7.111568,2026-09-30 07:26:53.487639296,12,14644,236,22
29.706805,-101.355999,2026-09-30 07:26:53.555460096,12,11302,231,18
20.433778,-75.048924,2026-09-30 07:26:56.836581888,12,5464,252,133
43.5805,3.928234,2026-09-30 07:27:00.119145472,12,6280,104,278
43.557531,3.874568,2026-09-30 07:27:00.119135488,12,14876,186,312
31.233329,-76.310023,2026-09-30 07:27:04.305889280,12,5098,215,21
31.168857,-76.306111,2026-09-30 07:27:04.445459712,12,7500,247,23
29.436728,-101.498541,2026-09-30 07:27:06.540839424,12,5439,262,29
29.43672,-101.454203,2026-09-30 07:27:06.615197952,12,5865,262,21
31.389298,-76.226599,2026-09-30 07:27:10.681138432,12,13836,266,33
44.145046,3.821255,2026-09-30 07:27:11.961544192,12,13505,61,347
44.138066,3.826446,2026-09-30 07:27:11.961539328,12,6105,140,330
44.145765,3.821449,2026-09-30 07:27:11.961545216,12,8812,127,308
28.284032,-70.350369,2026-09-30 07:27:13.457088000,12,3271,259,27
51.177053,-8.048109,2026-09-30 07:27:14.292558592,12,9169,220,35
28.900191,-100.934217,2026-09-30 07:27:14.651645440,12,8613,226,26
55.874735,-87.588312,2026-09-30 13:50:08.227679744,1,4762,218,21
42.43576,0.65605,2026-09-30 13:50:11.111698688,1,11278,90,61
42.428968,0.615993,2026-09-30 13:50:11.111731200,1,10654,156,33
25.883522,4.046369,2026-09-30 13:50:21.754569216,1,10441,249,63
25.827604,4.055211,2026-09-30 13:50:21.754545408,1,13688,261,44
37.763683,29.577071,2026-09-30 13:50:34.126429696,1,14524,220,93
21.20065,-109.53196,2026-09-30 13:50:41.340072192,1,6969,265,22
23.181075,-51.627432,2026-09-30 13:50:46.492454400,1,14570,226,53
40.778684,-0.01819,2026-09-30 13:50:50.96212224,1,5267,205,33
40.786639,-0.053444,2026-09-30 13:50:50.96251648,1,10669,172,21
34.500577,20.575519,2026-09-30 13:50:50.718342912,1,9317,233,22
34.486429,20.480057,2026-09-30 13:50:50.718361344,1,5484,222,27
27.745097,4.963583,2026-09-30 13:50:53.672099072,1,4588,265,35
37.886212,28.040148,2026-09-30 13:50:54.266514432,1,10902,231,60
24.514897,-86.755502,2026-09-30 13:51:05.89338368,1,10320,235,42
24.551629,-86.743582,2026-09-30 13:51:05.89388288,1,6758,263,30
29.572432,-71.774307,2026-09-30 13:51:06.159678720,1,9846,245,27
30.740243,-73.01692,2026-09-30 13:51:19.693222400,1,11638,228,30
55.533829,-87.221136,2026-09-30 13:51:22.633236480,1,5781,215,37
55.386451,-87.099045,2026-09-30 13:51:22.633292032,1,7534,209,26
55.306156,-87.061921,2026-09-30 13:51:22.874613760,1,7153,227,27
22.937612,-51.499413,2026-09-30 13:51:34.925080576,1,7110,238,25
38.035902,27.759699,2026-09-30 13:51:42.161728256,1,14090,138,171
37.997574,27.875612,2026-09-30 13:51:42.161697792,1,10813,245,158
12.48395,-4.261552,2026-09-30 13:51:54.689669376,1,9280,202,71
14.100547,134.863578,2026-09-30 13:50:02.667124992,2,7008,192,21
41.908643,135.037903,2026-09-30 13:50:04.187290880,2,8889,240,47
41.690119,134.793186,2026-09-30 13:50:04.187396096,2,10628,212,25
32.34208,139.43956,2026-09-30 13:50:10.697038336,2,12509,261,21
32.418419,139.363949,2026-09-30 13:50:12.501169664,2,12024,141,41
32.540494,139.397185,2026-09-30 13:50:14.30447616,2,14477,256,19
-26.74617,128.228439,2026-09-30 13:50:14.176321792,2,12063,232,24
32.378986,139.445962,2026-09-30 13:50:30.506714368,2,13670,261,22
41.094995,133.870624,2026-09-30 13:50:31.944145152,2,6123,254,23
14.081502,134.471615,2026-09-30 13:50:34.879273728,2,11253,204,23
32.416116,139.440453,2026-09-30 13:50:54.432507136,2,8789,265,25
41.505198,134.586051,2026-09-30 13:50:59.905706240,2,6859,225,20
24.74193,116.485734,2026-09-30 13:51:08.411154176,2,7709,254,33
28.065874,120.87849,2026-09-30 13:51:09.561722624,2,14565,238,19
39.9403,131.988662,2026-09-30 13:51:11.757059328,2,9793,231,24
-29.198694,128.777904,2026-09-30 13:51:12.456962304,2,13544,171,18
32.424192,139.399747,2026-09-30 13:51:16.501758464,2,6316,265,27
32.367472,139.262789,2026-09-30 13:51:20.101179136,2,8169,152,44
32.374556,139.258102,2026-09-30 13:51:20.101189120,2,12954,135,26
27.997314,120.136947,2026-09-30 13:51:22.900886784,2,7351,252,30
28.133063,120.547682,2026-09-30 13:51:22.901018880,2,9661,269,17
-37.974623,124.823799,2026-09-30 13:51:23.970148352,2,13107,192,23
14.03847,134.899359,2026-09-30 13:51:37.212588800,2,5891,191,20
28.231627,120.648675,2026-09-30 13:51:37.482776064,2,6100,268,21
32.342531,139.403867,2026-09-30 13:51:37.804904192,2,5037,266,31
28.190165,120.540076,2026-09-30 13:51:37.805747200,2,3633,240,30
32.423272,139.297321,2026-09-30 13:51:40.618278400,2,2483,252,36
32.426321,139.289637,2026-09-30 13:51:40.618280448,2,5394,251,22
32.779088,141.183713,2026-09-30 13:51:42.623201024,2,7070,257,24
-24.641012,128.164102,2026-09-30 13:51:44.639048960,2,9528,229,15
32.43477,139.380782,2026-09-30 13:51:45.169896448,2,11961,256,23
32.422045,139.330303,2026-09-30 13:51:49.348485376,2,4514,256,25
32.419628,139.30916,2026-09-30 13:51:49.551850496,2,4902,256,22
41.391712,134.330717,2026-09-30 13:51:49.634310400,2,11935,220,30
32.414007,139.429652,2026-09-30 13:51:50.154898944,2,7802,154,37
32.427502,139.434618,2026-09-30 13:51:50.154907136,2,8268,139,18
32.414733,139.399658,2026-09-30 13:52:00.279822848,2,13939,261,19
55.324634,-86.987511,2026-09-30 13:50:02.850516736,3,13292,238,31
24.647307,-74.608964,2026-09-30 13:50:05.350063872,3,9683,255,52
22.138807,-76.836374,2026-09-30 13:50:06.389630208,3,9001,254,37
55.930545,-87.664361,2026-09-30 13:50:08.202529536,3,13043,218,52
55.578495,-87.305745,2026-09-30 13:50:15.584749312,3,7133,246,60
55.67107,-87.265814,2026-09-30 13:50:15.584733952,3,12017,212,63
55.647011,-87.239494,2026-09-30 13:50:15.584750336,3,7200,144,42
55.609723,-87.184526,2026-09-30 13:50:15.584759040,3,10783,173,24
55.428434,-87.256173,2026-09-30 13:50:15.604916992,3,7781,260,36
55.633852,-87.20516,2026-09-30 13:50:15.604869120,3,5987,202,24
55.661837,-87.177712,2026-09-30 13:50:15.621179904,3,6385,210,19
27.500633,-79.930994,2026-09-30 13:50:18.458474752,3,14114,164,20
23.185815,-73.437496,2026-09-30 13:50:22.250148352,3,4530,266,35
23.170653,-74.402909,2026-09-30 13:50:36.801298944,3,3461,264,36
24.640333,-85.562805,2026-09-30 13:50:44.150588928,3,14879,235,21
23.104946,-51.616028,2026-09-30 13:50:46.492429056,3,9699,251,50
25.25132,-76.785566,2026-09-30 13:50:47.676412928,3,9524,249,35
25.285989,-76.789556,2026-09-30 13:50:47.729938688,3,6327,249,38
28.987097,-79.920235,2026-09-30 13:50:52.945325312,3,9343,160,33
29.136114,-79.820071,2026-09-30 13:50:52.945391872,3,7038,249,20
22.952892,-75.551629,2026-09-30 13:51:02.417362176,3,4193,264,40
29.85464,-73.211664,2026-09-30 13:51:04.246185984,3,5952,231,34
29.741868,-73.252794,2026-09-30 13:51:04.443844608,3,9409,235,37
24.522698,-86.739597,2026-09-30 13:51:05.89347072,3,4558,232,104
24.840248,-86.880156,2026-09-30 13:51:05.99832064,3,11320,267,43
55.137052,-86.813283,2026-09-30 13:51:13.654109440,3,13932,233,46
55.181293,-86.847356,2026-09-30 13:51:13.654092544,3,13655,230,29
22.117101,-76.698201,2026-09-30 13:51:15.802098688,3,9908,267,45
30.789366,-72.935076,2026-09-30 13:51:19.693207296,3,4671,217,64
30.786122,-72.929119,2026-09-30 13:51:19.693247488,3,4897,270,37
30.792934,-72.905928,2026-09-30 13:51:19.693250304,3,9419,259,23
20.009538,-80.366212,2026-09-30 13:51:20.801593600,3,6832,262,63
19.789744,-80.352244,2026-09-30 13:51:20.801539840,3,5004,262,53
55.497816,-87.224287,2026-09-30 13:51:22.633240064,3,14908,214,77
55.366343,-87.061416,2026-09-30 13:51:22.633299200,3,10268,265,63
55.394139,-87.084302,2026-09-30 13:51:22.874582272,3,5137,262,53
24.364814,-74.794645,2026-09-30 13:51:42.740464128,3,7110,257,42
20.675867,-79.81858,2026-09-30 13:51:43.32084736,3,14841,267,79
20.47116,-79.62694,2026-09-30 13:51:43.118718720,3,3839,259,27
27.435432,-86.12951,2026-09-30 13:51:43.371098880,3,3610,255,67
21.656045,-75.741134,2026-09-30 13:51:57.419466752,3,5937,258,31
55.522752,-87.251121,2026-09-30 13:52:01.600569600,3,11197,263,38
55.241653,-86.929958,2026-09-30 13:52:01.600696320,3,3413,215,25
41.896594,135.037845,2026-09-30 13:50:04.187294976,4,5635,240,48
41.690119,134.793186,2026-09-30 13:50:04.187396096,4,10628,212,25
32.34208,139.43956,2026-09-30 13:50:10.697038336,4,12509,261,22
32.396293,139.349755,2026-09-30 13:50:12.501166080,4,9670,150,42
32.555879,139.377094,2026-09-30 13:50:14.30453248,4,13141,256,20
49.831223,0.665491,2026-09-30 13:50:26.232964096,4,12815,87,35
40.971637,133.915093,2026-09-30 13:50:31.944185856,4,9497,191,20
32.486498,139.261854,2026-09-30 13:50:37.148476928,4,13160,255,22
32.656801,139.346143,2026-09-30 13:50:37.182460160,4,14900,250,21
32.361,139.499058,2026-09-30 13:50:54.432483584,4,6969,260,23
41.505198,134.586051,2026-09-30 13:50:59.905706240,4,6859,225,21
28.065874,120.87849,2026-09-30 13:51:09.561722624,4,14565,238,19
28.228394,120.612216,2026-09-30 13:51:09.561692672,4,12705,235,36
27.290561,109.988131,2026-09-30 13:51:11.657809920,4,14521,196,40
39.9403,131.988662,2026-09-30 13:51:11.757059328,4,9793,231,24
32.426774,139.399485,2026-09-30 13:51:16.501759488,4,7284,265,28
32.364946,139.254753,2026-09-30 13:51:20.101179392,4,7797,152,44
32.374556,139.258102,2026-09-30 13:51:20.101189120,4,12954,135,26
27.997314,120.136947,2026-09-30 13:51:22.900886784,4,7351,252,30
28.133063,120.547682,2026-09-30 13:51:22.901018880,4,9661,269,17
13.95323,134.894055,2026-09-30 13:51:37.212551168,4,6184,248,21
28.231627,120.648675,2026-09-30 13:51:37.482776064,4,6100,268,20
32.285736,139.462721,2026-09-30 13:51:37.804877312,4,8640,264,33
28.190165,120.540076,2026-09-30 13:51:37.805747200,4,3633,240,30
32.252591,139.471865,2026-09-30 13:51:37.946862080,4,13784,263,28
43.956212,4.518645,2026-09-30 13:51:39.480576512,4,13819,157,24
44.185012,4.411867,2026-09-30 13:51:39.763544832,4,13752,153,28
32.423148,139.297426,2026-09-30 13:51:40.618277376,4,2483,252,36
32.426321,139.289637,2026-09-30 13:51:40.618280448,4,5394,251,22
49.997037,0.457428,2026-09-30 13:51:41.351886592,4,11357,221,33
32.779088,141.183713,2026-09-30 13:51:42.623201024,4,7070,257,26
32.372036,139.43377,2026-09-30 13:51:45.169873408,4,9543,254,24
32.452787,139.297646,2026-09-30 13:51:49.348496384,4,7244,256,26
32.405421,139.328228,2026-09-30 13:51:49.551845376,4,4258,257,23
41.410115,134.331893,2026-09-30 13:51:49.634304256,4,7422,231,31
32.421281,139.427679,2026-09-30 13:51:50.154899456,4,4209,154,37
32.422546,139.422385,2026-09-30 13:51:50.154902016,4,11533,139,20
32.478514,139.296004,2026-09-30 13:52:00.279857920,4,9035,255,20
24.550958,-74.671053,2026-09-30 13:50:05.350029312,7,8817,241,17
18.107792,-81.734682,2026-09-30 13:50:11.563642112,7,7222,254,26
17.918404,-81.694941,2026-09-30 13:50:11.563600640,7,14983,254,17
20.451947,-79.627934,2026-09-30 13:50:11.761134592,7,9072,260,25
29.524865,-71.695036,2026-09-30 13:50:12.351678208,7,6574,184,15
29.590959,-71.621845,2026-09-30 13:50:12.469377792,7,12400,232,12
24.623934,-85.551115,2026-09-30 13:50:15.111511552,7,9057,227,21
20.549065,-85.041434,2026-09-30 13:50:23.412748800,7,9276,260,21
23.216358,-74.444529,2026-09-30 13:50:36.534895872,7,3818,262,15
22.664197,-77.652271,2026-09-30 13:50:37.108280576,7,8120,250,21
21.286262,-109.49361,2026-09-30 13:50:41.340097792,7,13445,267,15
17.882331,-81.687074,2026-09-30 13:50:41.640944128,7,12753,255,24
17.92598,-81.696343,2026-09-30 13:50:41.700995584,7,6305,269,12
23.113202,-51.632878,2026-09-30 13:50:46.492434944,7,12211,226,16
25.118331,-76.854699,2026-09-30 13:50:47.729875712,7,8316,234,15
20.96717,-75.266791,2026-09-30 13:51:01.520331520,7,6362,262,18
29.760437,-73.281543,2026-09-30 13:51:04.246151424,7,9236,172,13
29.727677,-73.264615,2026-09-30 13:51:04.443850240,7,14514,230,17
24.521102,-86.749766,2026-09-30 13:51:05.89343744,7,8991,193,34
24.56051,-86.755081,2026-09-30 13:51:05.89390080,7,9236,224,20
24.510183,-86.734142,2026-09-30 13:51:05.115217408,7,6894,228,20
18.921349,-80.489228,2026-09-30 13:51:05.120745728,7,4948,266,18
29.502599,-71.673057,2026-09-30 13:51:06.159654912,7,4691,184,19
29.551646,-71.744192,2026-09-30 13:51:06.189386496,7,7910,240,16
29.551326,-71.648114,2026-09-30 13:51:06.453473792,7,4151,232,16
22.511445,-76.520816,2026-09-30 13:51:10.883830784,7,12458,252,15
22.090016,-76.701407,2026-09-30 13:51:15.802088960,7,6219,254,17
19.764723,-80.340891,2026-09-30 13:51:20.801536256,7,7453,262,20
22.990785,-74.474224,2026-09-30 13:51:21.300941824,7,6431,257,22
18.846462,-81.322617,2026-09-30 13:51:22.936262912,7,5221,266,17
18.867945,-81.321892,2026-09-30 13:51:22.987836160,7,5988,266,23
17.901382,-81.696048,2026-09-30 13:51:23.199518208,7,5584,270,27
17.865903,-81.700363,2026-09-30 13:51:23.199512576,7,10438,243,18
22.886198,-51.424689,2026-09-30 13:51:34.925042176,7,6862,195,18
22.360323,-76.548073,2026-09-30 13:51:48.34906624,7,10843,253,17
20.309244,-84.99292,2026-09-30 13:51:48.670042624,7,9142,256,13
20.381264,-85.042987,2026-09-30 13:51:48.705301504,7,14342,244,13
24.742878,-58.795495,2026-09-30 13:51:51.299912448,7,6221,242,17
24.710189,-58.522575,2026-09-30 13:51:59.73347328,7,4173,224,18
25.862858,4.125375,2026-09-30 13:50:21.754541312,5,5967,246,28
25.906184,4.432845,2026-09-30 13:50:40.950381568,5,3108,269,29
25.97385,4.392523,2026-09-30 13:50:40.950393088,5,12638,232,18
27.750671,4.958987,2026-09-30 13:50:53.672099072,5,4898,265,19
10.672623,-6.01615,2026-09-30 13:50:56.783218688,5,8022,222,23
32.666288,139.225609,2026-09-30 13:50:02.469917440,9,11501,256,14
32.434465,139.30925,2026-09-30 13:50:02.690354944,9,2120,259,20
41.899808,135.053023,2026-09-30 13:50:04.187297280,9,2877,230,31
41.692918,134.799257,2026-09-30 13:50:04.187396352,9,8475,215,16
32.34208,139.43956,2026-09-30 13:50:10.697038336,9,12509,261,22
32.418433,139.363928,2026-09-30 13:50:12.501173760,9,12023,141,42
32.848187,139.365197,2026-09-30 13:50:12.503714816,9,5704,270,37
32.848212,139.365196,2026-09-30 13:50:12.503714560,9,5704,269,35
32.415457,139.327386,2026-09-30 13:50:12.503657216,9,7794,264,26
32.56685,139.358688,2026-09-30 13:50:14.30459904,9,11479,255,15
32.385212,139.438521,2026-09-30 13:50:25.247798784,9,4432,263,13
32.377533,139.446021,2026-09-30 13:50:30.506727424,9,7375,261,23
40.971681,133.915254,2026-09-30 13:50:31.944185600,9,9495,194,14
32.447184,139.314686,2026-09-30 13:50:37.148463104,9,4913,264,22
32.693254,139.32625,2026-09-30 13:50:37.182471424,9,4732,249,21
32.464286,139.388037,2026-09-30 13:50:37.392849408,9,14331,263,11
32.383319,139.48212,2026-09-30 13:50:42.428159232,9,4158,262,17
32.33414,139.506449,2026-09-30 13:50:47.377197056,9,13497,264,15
26.232459,128.344261,2026-09-30 13:50:53.346505984,9,7998,197,33
32.369579,139.480474,2026-09-30 13:50:54.432488192,9,2491,263,21
32.436065,139.375584,2026-09-30 13:50:54.432526080,9,14132,256,12
32.416232,139.38726,2026-09-30 13:50:54.445558528,9,6852,261,15
26.464215,117.78064,2026-09-30 13:50:56.51774720,9,14211,245,18
41.523742,134.553224,2026-09-30 13:50:59.905697792,9,2575,258,21
28.166369,120.739129,2026-09-30 13:51:09.561717248,9,3542,240,48
27.320715,110.004906,2026-09-30 13:51:11.657815552,9,10696,196,40
39.954987,131.961112,2026-09-30 13:51:11.757049856,9,6797,231,24
32.410955,139.327471,2026-09-30 13:51:13.340395776,9,3085,268,15
32.575353,139.33508,2026-09-30 13:51:13.682920704,9,11179,259,17
32.417047,139.400488,2026-09-30 13:51:16.501762304,9,4244,265,24
32.364681,139.263415,2026-09-30 13:51:20.101178112,9,8144,152,45
32.374554,139.258104,2026-09-30 13:51:20.101184000,9,12954,135,27
28.06084,120.584001,2026-09-30 13:51:22.350741760,9,10359,226,15
27.997314,120.136947,2026-09-30 13:51:22.900886784,9,7351,252,29
28.043496,120.501501,2026-09-30 13:51:22.900994816,9,5580,269,13
32.350585,139.404159,2026-09-30 13:51:37.804907008,9,11556,263,33
32.35333,139.391932,2026-09-30 13:51:37.946903808,9,2617,269,24
32.434337,139.292791,2026-09-30 13:51:40.618281472,9,6232,251,30
32.719102,140.982245,2026-09-30 13:51:41.988954368,9,12054,254,19
32.839611,141.164615,2026-09-30 13:51:42.623222528,9,3005,263,24
32.424495,139.39394,2026-09-30 13:51:45.169892864,9,2458,261,23
32.465942,139.337822,2026-09-30 13:51:45.169915648,9,10303,256,14
32.39963,139.345777,2026-09-30 13:51:49.265119744,9,2576,264,17
32.422045,139.330303,2026-09-30 13:51:49.348485376,9,4514,256,26
32.429799,139.31008,2026-09-30 13:51:49.488579584,9,5190,263,19
32.419628,139.30916,2026-09-30 13:51:49.551850496,9,4902,256,22
41.410128,134.331875,2026-09-30 13:51:49.634304256,9,7422,231,31
41.129843,134.001722,2026-09-30 13:51:49.634426624,9,13956,203,13
32.414608,139.429497,2026-09-30 13:51:50.154896896,9,7806,154,37
32.422546,139.422383,2026-09-30 13:51:50.154906624,9,11533,139,18
32.513022,139.520517,2026-09-30 13:51:50.293871872,9,9563,264,15
28.38172,120.618623,2026-09-30 13:51:50.340643840,9,7792,263,14
32.386311,139.391541,2026-09-30 13:51:56.506309376,9,14364,262,13
32.439776,139.34042,2026-09-30 13:52:00.279841792,9,2579,260,19
28.046505,120.538495,2026-09-30 13:52:01.253554176,9,5201,265,16
32.402591,139.312167,2026-09-30 13:52:05.166121472,9,3790,256,33
32.446617,139.247854,2026-09-30 13:52:05.166147328,9,11539,255,22
32.413249,139.323335,2026-09-30 13:52:05.219381248,9,14947,259,28
55.322399,-86.98429,2026-09-30 13:50:02.850520832,13,13435,238,33
24.647307,-74.608964,2026-09-30 13:50:05.350063872,13,9683,255,54
55.943212,-87.658737,2026-09-30 13:50:08.202524672,13,14049,218,52
22.375312,-76.648759,2026-09-30 13:50:12.104047616,13,8635,255,62
29.598202,-71.630617,2026-09-30 13:50:12.469376512,13,4499,232,22
24.789491,-85.483033,2026-09-30 13:50:14.865190144,13,13237,251,14
24.824725,-85.530355,2026-09-30 13:50:15.111548416,13,7341,233,58
55.578495,-87.305745,2026-09-30 13:50:15.584749312,13,7133,246,76
55.612068,-87.203952,2026-09-30 13:50:15.584753920,13,14285,192,57
27.493564,-79.937414,2026-09-30 13:50:18.221785856,13,12414,164,20
27.500655,-79.930998,2026-09-30 13:50:18.458474752,13,14113,164,20
23.179414,-73.435648,2026-09-30 13:50:22.250146816,13,4511,266,35
22.954909,-75.709215,2026-09-30 13:50:24.972462336,13,5891,264,35
20.107926,-109.882704,2026-09-30 13:50:36.868919296,13,7552,257,56
22.634664,-77.629468,2026-09-30 13:50:37.108270336,13,11284,250,56
22.201822,-76.513338,2026-09-30 13:50:42.984286464,13,4365,254,34
24.640396,-85.562805,2026-09-30 13:50:44.150588928,13,14880,235,21
25.251328,-76.785571,2026-09-30 13:50:47.676412928,13,9523,249,35
25.268184,-76.801451,2026-09-30 13:50:47.729932032,13,6254,249,40
28.987103,-79.92024,2026-09-30 13:50:52.945325312,13,9343,160,33
29.145313,-79.820217,2026-09-30 13:50:52.945395200,13,8814,249,20
30.220003,-72.177562,2026-09-30 13:50:55.847795456,13,7148,223,37
29.854656,-73.211673,2026-09-30 13:51:04.246185984,13,5952,231,34
24.525044,-86.737373,2026-09-30 13:51:05.89348096,13,2761,232,114
30.937976,-72.489679,2026-09-30 13:51:05.964490240,13,12654,214,48
29.633216,-71.705468,2026-09-30 13:51:06.159666944,13,5789,232,61
29.494417,-71.649079,2026-09-30 13:51:06.189373952,13,13600,185,26
29.579097,-71.655367,2026-09-30 13:51:06.453476352,13,13106,189,46
22.186932,-76.460563,2026-09-30 13:51:10.883762176,13,2898,254,33
55.136993,-86.813288,2026-09-30 13:51:13.654109440,13,13930,233,47
22.123067,-76.702829,2026-09-30 13:51:15.802101248,13,5008,267,46
30.789395,-72.935101,2026-09-30 13:51:19.693207296,13,4670,217,66
20.009879,-80.36634,2026-09-30 13:51:20.801593856,13,6833,262,69
55.448546,-87.21776,2026-09-30 13:51:22.633247744,13,11898,214,72
55.481553,-87.134776,2026-09-30 13:51:22.633256704,13,8750,201,62
55.394151,-87.084306,2026-09-30 13:51:22.874582272,13,5137,262,50
24.751096,-83.078598,2026-09-30 13:51:27.387087616,13,10604,238,37
20.480861,-79.622238,2026-09-30 13:51:43.118722048,13,5811,259,42
27.434302,-86.129922,2026-09-30 13:51:43.371098368,13,3602,258,75
22.217782,-76.650739,2026-09-30 13:51:46.326524416,13,5050,267,34
22.34411,-76.523259,2026-09-30 13:51:48.34908160,13,5596,266,51
20.308328,-84.98165,2026-09-30 13:51:48.670040064,13,10504,257,39
21.666131,-75.742993,2026-09-30 13:51:57.419470592,13,4630,258,32
55.522845,-87.251373,2026-09-30 13:52:01.600569600,13,11195,263,37
16.248175,-94.54709,2026-09-30 13:52:03.677315584,13,8021,262,27
55.714061,-87.513642,2026-09-30 13:52:04.230415104,13,5911,261,84
22.301849,-76.536688,2026-09-30 13:52:10.518469376,13,3925,266,28
29.848361,-73.135225,2026-09-30 13:52:11.555222528,13,3948,228,60
29.771244,-73.077276,2026-09-30 13:52:11.603086592,13,6583,231,28
29.721572,-73.070041,2026-09-30 13:52:11.655758848,13,6533,231,23
29.771385,-73.002064,2026-09-30 13:52:11.726911232,13,6812,261,38
41.902047,135.026448,2026-09-30 13:50:04.187291904,14,5691,240,49
41.695488,134.804849,2026-09-30 13:50:04.187386368,14,9063,212,27
32.342001,139.43956,2026-09-30 13:50:10.697038080,14,12510,261,22
32.408887,139.353418,2026-09-30 13:50:12.501169920,14,12452,143,38
32.540494,139.397185,2026-09-30 13:50:14.30447616,14,14477,256,19
32.37897,139.445949,2026-09-30 13:50:30.506714368,14,13671,261,23
41.107136,133.8683,2026-09-30 13:50:31.944140800,14,5472,254,23
32.416117,139.440451,2026-09-30 13:50:54.432507136,14,8790,265,26
41.505209,134.586041,2026-09-30 13:50:59.905703936,14,6859,225,20
28.200318,120.656694,2026-09-30 13:51:09.561702656,14,5629,240,45
32.424215,139.399759,2026-09-30 13:51:16.501758464,14,6315,265,27
32.365821,139.254566,2026-09-30 13:51:20.101179648,14,7804,152,48
32.37455,139.258103,2026-09-30 13:51:20.101182208,14,12954,135,30
27.997314,120.136947,2026-09-30 13:51:22.900886784,14,7350,252,31
32.354212,139.395509,2026-09-30 13:51:37.804908544,14,12742,263,33
28.266273,120.342158,2026-09-30 13:51:37.805710336,14,9182,241,33
32.422115,139.290035,2026-09-30 13:51:40.618277376,14,5313,252,37
32.402976,139.311407,2026-09-30 13:51:40.618276608,14,6916,251,19
32.43483,139.380756,2026-09-30 13:51:45.169896448,14,11959,256,23
32.42235,139.321749,2026-09-30 13:51:49.348486912,14,3166,256,24
32.419647,139.309148,2026-09-30 13:51:49.551850496,14,4902,256,22
41.397854,134.32456,2026-09-30 13:51:49.634305024,14,10348,220,29
32.413023,139.42717,2026-09-30 13:51:50.154898688,14,7714,154,35
32.427501,139.434616,2026-09-30 13:51:50.154907136,14,8268,139,20
32.414733,139.399658,2026-09-30 13:52:00.279822848,14,13940,261,19
32.369981,139.323277,2026-09-30 13:52:05.166112256,14,8782,257,35
32.411676,139.292855,2026-09-30 13:52:05.166140160,14,12793,257,22
32.437729,139.329717,2026-09-30 13:52:05.219392768,14,6112,260,29
25.396332,-74.772512,2026-09-30 13:50:05.350340096,11,13035,269,22
42.488843,0.634687,2026-09-30 13:50:11.111717120,11,14531,163,47
7.332877,13.591455,2026-09-30 13:50:13.663330560,11,12009,190,19
55.682027,-87.272352,2026-09-30 13:50:15.584730624,11,3701,216,34
37.925583,28.315271,2026-09-30 13:50:17.367803136,11,9700,104,89
37.877762,28.46231,2026-09-30 13:50:17.367807232,11,4771,246,75
49.820056,0.706278,2026-09-30 13:50:26.232954112,11,5291,68,215
49.82987,0.675488,2026-09-30 13:50:26.232952064,11,6913,143,310
49.828737,0.638983,2026-09-30 13:50:26.232942336,11,3031,261,292
37.763684,29.577078,2026-09-30 13:50:34.126429696,11,14523,220,95
37.582425,29.691122,2026-09-30 13:50:34.126392576,11,8658,257,81
6.756278,14.430348,2026-09-30 13:50:36.196602880,11,5870,214,62
7.625512,17.537351,2026-09-30 13:50:38.329702400,11,12463,214,20
40.778689,-0.018187,2026-09-30 13:50:50.96212224,11,5267,205,33
40.786617,-0.053425,2026-09-30 13:50:50.96251648,11,10668,172,21
34.524924,20.582793,2026-09-30 13:50:50.718352128,11,13163,233,33
37.875475,28.048776,2026-09-30 13:50:54.266511616,11,9816,232,66
35.413709,33.051412,2026-09-30 13:50:56.325337344,11,10456,225,23
24.50385,-86.722309,2026-09-30 13:51:05.89347072,11,10130,235,55
27.887831,7.601334,2026-09-30 13:51:08.836108032,11,7243,269,53
30.740235,-73.01692,2026-09-30 13:51:19.693222400,11,11638,228,33
55.514757,-87.204057,2026-09-30 13:51:22.633243648,11,8215,215,30
55.172632,-86.969799,2026-09-30 13:51:22.874660352,11,6667,251,31
43.959164,4.518747,2026-09-30 13:51:39.480571648,11,9510,127,142
43.945979,4.500603,2026-09-30 13:51:39.480570880,11,2396,209,191
43.970098,4.522132,2026-09-30 13:51:39.480577024,11,8840,161,177
43.96325,4.526114,2026-09-30 13:51:39.480579072,11,6291,135,157
36.656114,29.206825,2026-09-30 13:51:44.411561216,11,14360,254,58
36.93744,28.771448,2026-09-30 13:51:47.866704640,11,12648,249,58
36.87103,29.448802,2026-09-30 13:52:12.130689792,11,8855,231,123
25.396332,-74.772512,2026-09-30 13:50:05.350340096,12,13035,269,22
42.488843,0.634687,2026-09-30 13:50:11.111717120,12,14531,163,47
7.332877,13.591455,2026-09-30 13:50:13.663330560,12,12009,190,19
55.682027,-87.272352,2026-09-30 13:50:15.584730624,12,3701,216,34
37.925583,28.315271,2026-09-30 13:50:17.367803136,12,9700,104,89
37.877762,28.46231,2026-09-30 13:50:17.367807232,12,4771,246,75
49.820056,0.706278,2026-09-30 13:50:26.232954112,12,5291,68,215
49.82987,0.675488,2026-09-30 13:50:26.232952064,12,6913,143,310
49.826858,0.673703,2026-09-30 13:50:26.232954624,12,8248,159,256
37.763684,29.577078,2026-09-30 13:50:34.126429696,12,14523,220,95
37.582425,29.691122,2026-09-30 13:50:34.126392576,12,8658,257,81
6.756278,14.430348,2026-09-30 13:50:36.196602880,12,5870,214,62
7.625512,17.537351,2026-09-30 13:50:38.329702400,12,12463,214,20
40.778689,-0.018187,2026-09-30 13:50:50.96212224,12,5267,205,33
40.786617,-0.053425,2026-09-30 13:50:50.96251648,12,10668,172,21
34.524924,20.582793,2026-09-30 13:50:50.718352128,12,13163,233,33
37.875475,28.048776,2026-09-30 13:50:54.266511616,12,9816,232,66
35.413709,33.051412,2026-09-30 13:50:56.325337344,12,10456,225,23
24.50385,-86.722309,2026-09-30 13:51:05.89347072,12,10130,235,55
27.887831,7.601334,2026-09-30 13:51:08.836108032,12,7243,269,52
30.740235,-73.01692,2026-09-30 13:51:19.693222400,12,11638,228,33
55.514757,-87.204057,2026-09-30 13:51:22.633243648,12,8215,215,30
55.172632,-86.969799,2026-09-30 13:51:22.874660352,12,6667,251,30
43.961502,4.518066,2026-09-30 13:51:39.480572416,12,7769,130,145
43.948559,4.494247,2026-09-30 13:51:39.480571392,12,6560,203,193
43.962829,4.521005,2026-09-30 13:51:39.480581632,12,7065,161,172
43.958657,4.522806,2026-09-30 13:51:39.480577792,12,5564,142,151
36.656114,29.206825,2026-09-30 13:51:44.411561216,12,14360,254,58
36.93744,28.771448,2026-09-30 13:51:47.866704640,12,12648,249,58
36.87103,29.448802,2026-09-30 13:52:12.130689792,12,8855,231,123
