35.877969,-78.155623,2026-09-05 01:05:02.992081408,1,11176,212,21
33.957678,-108.941597,2026-09-05 01:05:00.399095296,13,11024,185,31
34.001873,-108.91587,2026-09-05 01:05:00.399093248,13,13933,200,19
25.659004,-99.559061,2026-09-05 01:05:00.790286848,13,12211,197,47
35.381473,-66.054568,2026-09-05 01:05:01.245480448,13,5930,251,39
35.381482,-66.114529,2026-09-05 01:05:01.359845888,13,6880,176,44
35.223394,-63.642932,2026-09-05 01:05:01.415136512,13,4308,223,41
35.317628,-66.052414,2026-09-05 01:05:01.547600128,13,10552,164,28
35.427627,-66.121476,2026-09-05 01:05:01.547635712,13,3130,262,38
36.009247,-78.05861,2026-09-05 01:05:02.992093184,13,9898,163,42
36.099252,-78.100705,2026-09-05 01:05:02.992170496,13,5863,245,29
35.093349,-67.068904,2026-09-05 01:05:04.135052032,13,8953,145,55
35.191855,-67.160491,2026-09-05 01:05:04.135092992,13,2863,249,78
35.150612,-63.445594,2026-09-05 01:05:04.977070336,13,6193,269,32
35.452608,-108.02913,2026-09-05 01:05:05.84233984,13,10369,117,31
37.103131,-101.377651,2026-09-05 01:05:06.120512000,13,9202,106,33
37.171085,-101.223112,2026-09-05 01:05:06.120556800,13,10885,178,21
35.81892,-77.251431,2026-09-05 01:05:06.342667776,13,12791,162,28
35.825362,-77.459396,2026-09-05 01:05:06.403740928,13,12449,170,33
35.934881,-78.153953,2026-09-05 01:05:07.221974016,13,8657,169,43
35.88823,-78.102179,2026-09-05 01:05:07.222016256,13,8911,154,28
35.931748,-78.121901,2026-09-05 01:05:07.435153920,13,9312,178,40
37.315299,-101.30493,2026-09-05 01:05:08.884480,13,4946,195,25
35.967746,-78.006387,2026-09-05 01:05:10.408627968,13,8521,179,53
35.91483,-78.081039,2026-09-05 01:05:10.408667136,13,11493,154,39
36.072488,-78.028651,2026-09-05 01:05:10.408719104,13,9355,256,26
35.069832,-67.236607,2026-09-05 01:05:10.746796544,13,10236,233,16
37.289117,-101.247522,2026-09-05 01:05:10.955528960,13,5897,95,24
35.236586,-64.104664,2026-09-05 01:05:11.705110016,13,3997,248,22
35.14652,-67.23992,2026-09-05 01:05:12.693032960,13,6210,269,38
35.118586,-67.23003,2026-09-05 01:05:12.693023744,13,3875,269,25
25.748621,-99.530628,2026-09-05 01:05:13.724737280,13,4992,206,56
25.807112,-99.494711,2026-09-05 01:05:13.830036736,13,8384,227,23
20.581645,-90.638102,2026-09-05 01:05:14.606143232,13,14171,269,28
20.614872,-90.624008,2026-09-05 01:05:14.743404544,13,3701,269,31
37.304041,-101.232868,2026-09-05 01:05:15.93913856,13,3131,167,28
37.303002,-101.242166,2026-09-05 01:05:15.93914112,13,4621,256,17
59.895694,-101.903697,2026-09-05 01:05:15.501562368,13,9826,238,51
40.343829,-29.03784,2026-09-05 01:05:00.656769792,11,6624,232,305
35.385327,-63.896168,2026-09-05 01:05:01.767386624,11,13222,185,118
35.402205,-63.905606,2026-09-05 01:05:02.182325248,11,14530,187,70
35.868793,-78.152914,2026-09-05 01:05:02.992081664,11,8546,213,23
35.332514,-67.481152,2026-09-05 01:05:12.693117952,11,13015,188,25
40.343829,-29.03784,2026-09-05 01:05:00.656769792,12,6624,232,305
35.242022,-66.525922,2026-09-05 01:05:01.858613504,12,5974,254,56
35.402205,-63.905606,2026-09-05 01:05:02.182325248,12,14530,187,71
35.868793,-78.152914,2026-09-05 01:05:02.992081664,12,8546,213,23
35.332514,-67.481152,2026-09-05 01:05:12.693117952,12,13015,188,25
37.176092,-101.398732,2026-09-05 04:50:00.33243648,1,14556,191,24
30.451491,-106.686019,2026-09-05 04:50:01.1123072,1,10918,220,24
13.560956,7.08373,2026-09-05 04:50:17.162223616,1,7677,172,41
28.433964,-104.022684,2026-09-05 04:50:43.808230144,1,11348,225,30
28.528703,-103.985426,2026-09-05 04:50:43.857164800,1,10425,224,23
30.799852,-106.989886,2026-09-05 04:51:16.834278912,1,12809,219,26
41.888575,-84.75949,2026-09-05 04:51:17.144134400,1,13049,143,32
41.934028,-84.580762,2026-09-05 04:51:17.144193024,1,11424,89,20
27.440857,-105.925539,2026-09-05 04:51:24.467775232,1,9295,232,27
51.054826,-24.546265,2026-09-05 04:51:47.520119808,1,11320,237,58
41.962278,-85.713696,2026-09-05 04:51:54.974297088,1,13210,160,23
42.09945,-85.627367,2026-09-05 04:52:03.374267648,1,7853,210,36
40.275874,-84.133894,2026-09-05 04:52:04.309813760,1,14630,87,26
24.507772,-107.154906,2026-09-05 04:52:21.647352064,1,13651,246,29
24.907613,-107.162916,2026-09-05 04:52:29.750695424,1,6995,209,26
36.091847,-72.18642,2026-09-05 04:52:30.116912640,1,8764,246,14
36.078952,-71.987977,2026-09-05 04:52:37.209534720,1,11646,205,15
35.912249,-72.143233,2026-09-05 04:52:37.209675520,1,9292,220,42
35.142211,-36.924424,2026-09-05 04:53:01.703516160,1,13666,187,111
-38.272935,143.201908,2026-09-05 04:50:09.878070272,2,9163,136,14
29.041203,143.642016,2026-09-05 04:50:12.669406464,2,8133,229,35
29.208493,143.437463,2026-09-05 04:50:12.669492480,2,12771,259,26
30.886598,142.378743,2026-09-05 04:50:27.11268096,2,4374,193,49
30.023017,142.837041,2026-09-05 04:50:33.535014912,2,5495,203,44
30.024191,142.812605,2026-09-05 04:50:33.776219392,2,6880,205,38
30.182213,142.591705,2026-09-05 04:50:33.776315904,2,11710,246,23
-46.658679,168.318121,2026-09-05 04:50:44.847184640,2,12760,246,30
30.426201,141.799456,2026-09-05 04:51:08.160151808,2,5593,180,36
12.245146,120.841629,2026-09-05 04:51:26.740274432,2,9737,225,22
16.327238,129.403004,2026-09-05 04:51:43.108166656,2,6008,235,32
-39.037751,148.221203,2026-09-05 04:51:52.461927936,2,12329,163,19
-33.365075,149.566098,2026-09-05 04:52:09.535793920,2,11497,123,21
-33.360657,149.535516,2026-09-05 04:52:09.701507840,2,14758,147,16
29.717111,143.294542,2026-09-05 04:52:22.596219904,2,4994,215,42
29.998699,142.92304,2026-09-05 04:53:04.183057152,2,9930,205,46
37.748728,-101.478357,2026-09-05 04:50:04.353080320,3,14050,88,18
24.461433,-107.117773,2026-09-05 04:50:04.408294144,3,13055,193,47
24.602606,-107.109065,2026-09-05 04:50:04.408348416,3,4312,265,36
24.499416,-107.128553,2026-09-05 04:50:04.408319232,3,3496,244,23
42.094584,-85.624123,2026-09-05 04:50:04.491564544,3,8575,131,137
42.080997,-85.643041,2026-09-05 04:50:04.491570176,3,12757,66,121
42.067118,-85.632893,2026-09-05 04:50:04.491571712,3,10723,155,98
42.056542,-85.710247,2026-09-05 04:50:04.491555072,3,7860,240,75
42.07156,-85.546649,2026-09-05 04:50:04.491604992,3,5907,143,60
42.046686,-85.624203,2026-09-05 04:50:04.491627008,3,14117,100,45
42.070594,-85.65323,2026-09-05 04:50:04.537556992,3,11416,140,28
24.497797,-107.145339,2026-09-05 04:50:04.545144320,3,6562,208,26
42.070099,-85.631961,2026-09-05 04:50:04.550735360,3,13220,173,39
42.063166,-85.63295,2026-09-05 04:50:04.550725888,3,4922,117,26
42.085268,-85.599445,2026-09-05 04:50:04.575550720,3,4035,150,72
42.07777,-85.669833,2026-09-05 04:50:04.575556608,3,4243,141,58
42.084398,-85.664659,2026-09-05 04:50:04.575614976,3,4068,201,44
42.092451,-85.662012,2026-09-05 04:50:04.575614208,3,4243,158,26
36.641266,-101.740282,2026-09-05 04:50:04.590973696,3,12049,92,20
42.077255,-85.628929,2026-09-05 04:50:04.598773760,3,9234,78,60
42.077537,-85.654769,2026-09-05 04:50:04.598780160,3,6227,160,55
42.095766,-85.675032,2026-09-05 04:50:04.598836480,3,4730,191,39
42.099166,-85.673461,2026-09-05 04:50:04.598835200,3,4585,158,26
42.077985,-85.604538,2026-09-05 04:50:04.654466560,3,7427,103,57
42.067059,-85.805786,2026-09-05 04:50:04.654488576,3,11640,209,43
42.073795,-85.628426,2026-09-05 04:50:04.654527488,3,2925,201,30
42.094219,-85.653621,2026-09-05 04:50:04.654525184,3,7600,158,17
24.535161,-107.139385,2026-09-05 04:50:04.759869696,3,7792,259,34
42.106686,-85.461622,2026-09-05 04:50:11.874753024,3,14204,104,43
42.128653,-85.537903,2026-09-05 04:50:11.874811648,3,10410,217,26
26.922519,-106.971028,2026-09-05 04:50:11.884139776,3,11853,241,34
26.90944,-106.972329,2026-09-05 04:50:11.884135168,3,14663,228,29
42.121764,-85.474085,2026-09-05 04:50:11.975149312,3,11019,76,92
42.100458,-85.479757,2026-09-05 04:50:11.975162624,3,8329,134,75
42.118367,-85.482012,2026-09-05 04:50:11.975153920,3,11250,89,65
42.169003,-85.861241,2026-09-05 04:50:11.975117056,3,9619,223,52
42.106984,-85.570283,2026-09-05 04:50:11.975199488,3,4648,217,38
42.071479,-85.454374,2026-09-05 04:50:11.975225088,3,6893,143,22
28.272057,-79.557856,2026-09-05 04:50:12.121707264,3,11792,171,55
29.387894,-79.236177,2026-09-05 04:50:12.122135808,3,5305,252,56
29.433628,-79.258082,2026-09-05 04:50:12.122143232,3,9874,252,47
29.385965,-79.215348,2026-09-05 04:50:12.122129920,3,5251,262,35
29.449439,-79.247683,2026-09-05 04:50:12.122159872,3,12584,250,22
42.095469,-85.461817,2026-09-05 04:50:12.455680512,3,9417,64,36
48.632568,-102.74399,2026-09-05 04:50:13.163812096,3,5253,166,24
35.862905,-71.803295,2026-09-05 04:50:14.112119552,3,6549,150,117
35.856345,-71.817689,2026-09-05 04:50:14.112124672,3,5658,146,99
35.831465,-71.738625,2026-09-05 04:50:14.112106752,3,4904,245,80
35.85476,-71.795735,2026-09-05 04:50:14.112125696,3,4635,243,65
35.858006,-71.79998,2026-09-05 04:50:14.192079360,3,8044,260,61
35.845132,-71.792131,2026-09-05 04:50:14.192134144,3,12594,192,39
35.841177,-71.735986,2026-09-05 04:50:14.192122368,3,9086,225,31
35.881258,-71.818644,2026-09-05 04:50:14.468163328,3,8385,254,36
35.889313,-71.824755,2026-09-05 04:50:14.468227328,3,7454,253,25
26.10256,-106.202489,2026-09-05 04:50:22.487927040,3,6749,228,24
25.980533,-106.056429,2026-09-05 04:50:22.598859776,3,14831,185,70
26.233627,-106.146356,2026-09-05 04:50:22.598920448,3,13577,248,63
26.22881,-106.147945,2026-09-05 04:50:22.598932224,3,11705,238,50
26.170935,-106.175528,2026-09-05 04:50:22.598913024,3,14389,245,36
28.392933,-106.444719,2026-09-05 04:50:23.67107840,3,10934,160,50
28.430015,-106.47136,2026-09-05 04:50:23.67185152,3,13400,241,110
28.415549,-106.468583,2026-09-05 04:50:23.67178240,3,8031,248,98
28.446539,-106.445727,2026-09-05 04:50:23.67188736,3,11724,237,81
27.353806,-103.804157,2026-09-05 04:50:23.731285248,3,14121,236,25
27.547235,-103.916932,2026-09-05 04:50:23.731355904,3,12484,239,59
27.536676,-103.920775,2026-09-05 04:50:23.731352064,3,6512,219,51
27.656933,-103.85921,2026-09-05 04:50:23.731397888,3,10911,228,44
36.72852,-101.612046,2026-09-05 04:50:30.870459136,3,12665,168,39
36.838958,-101.477423,2026-09-05 04:50:30.870497280,3,11470,197,34
36.785328,-101.494966,2026-09-05 04:50:30.870496768,3,7140,200,17
42.153247,-85.98542,2026-09-05 04:50:31.301141504,3,8500,102,39
42.055867,-86.115629,2026-09-05 04:50:31.301186560,3,13372,153,38
42.14895,-86.012595,2026-09-05 04:50:31.301213440,3,13706,87,24
34.356411,-65.756918,2026-09-05 04:50:31.910262528,3,4708,256,44
33.955599,-64.269324,2026-09-05 04:50:39.187217152,3,4542,257,29
33.924094,-64.290769,2026-09-05 04:50:39.234444800,3,8678,212,96
34.044832,-64.352242,2026-09-05 04:50:39.234499840,3,7270,248,82
34.064412,-64.438228,2026-09-05 04:50:39.234528256,3,13565,253,73
33.950201,-64.267338,2026-09-05 04:50:39.291476480,3,10240,241,67
25.985939,-107.243274,2026-09-05 04:50:46.365430016,3,11677,231,19
37.254234,-62.838464,2026-09-05 04:50:46.781859840,3,7585,255,33
37.289585,-62.890627,2026-09-05 04:50:46.781876224,3,5866,253,17
20.876335,-101.69436,2026-09-05 04:50:47.852216832,3,8499,245,48
20.909638,-101.689161,2026-09-05 04:50:47.852224000,3,6872,246,44
40.415338,-57.762647,2026-09-05 04:50:48.656309248,3,2761,244,85
42.067762,-85.66319,2026-09-05 04:50:56.493970944,3,12620,90,25
24.19951,-106.836065,2026-09-05 04:50:56.941159680,3,12817,263,55
24.766706,-106.880881,2026-09-05 04:50:56.941336064,3,3939,259,45
24.644241,-106.863906,2026-09-05 04:50:57.6495744,3,13237,191,54
24.78813,-106.874598,2026-09-05 04:50:57.6532608,3,4344,259,46
35.48551,-68.752992,2026-09-05 04:50:57.61193216,3,6215,237,33
35.482291,-68.749293,2026-09-05 04:50:57.61188608,3,3051,237,23
24.628603,-106.867453,2026-09-05 04:50:57.79460352,3,7283,191,63
42.151728,-85.906486,2026-09-05 04:50:57.263425792,3,7491,139,39
42.131344,-86.085377,2026-09-05 04:50:57.263479040,3,6466,151,26
41.953347,-84.298407,2026-09-05 04:51:04.580654080,3,12410,84,43
41.947466,-84.315627,2026-09-05 04:51:04.580724992,3,7459,145,31
42.294009,-85.387143,2026-09-05 04:51:05.79651840,3,13882,71,21
42.277107,-85.402422,2026-09-05 04:51:05.150878976,3,5956,106,43
42.277591,-85.419581,2026-09-05 04:51:05.150887936,3,4946,88,61
42.292238,-85.445511,2026-09-05 04:51:05.150938624,3,4339,258,47
42.260449,-85.384349,2026-09-05 04:51:05.150945280,3,11211,92,22
42.288297,-85.439314,2026-09-05 04:51:05.275737344,3,11672,101,26
42.283463,-85.433666,2026-09-05 04:51:05.639472896,3,7380,114,28
42.020475,-85.482515,2026-09-05 04:51:13.574098688,3,10317,121,64
42.035618,-85.555433,2026-09-05 04:51:13.574098944,3,5044,149,68
42.019709,-85.516916,2026-09-05 04:51:13.574114304,3,8657,120,53
42.028348,-85.589766,2026-09-05 04:51:13.574147840,3,5120,217,39
41.981422,-85.483889,2026-09-05 04:51:13.574173952,3,7031,142,23
33.310058,-62.550193,2026-09-05 04:51:13.716517120,3,8482,259,42
33.284105,-62.503805,2026-09-05 04:51:13.716500480,3,3595,265,24
24.626225,-107.046504,2026-09-05 04:51:13.909777152,3,14817,238,22
52.099782,-107.7739,2026-09-05 04:51:16.573212160,3,10935,194,22
28.230165,-103.98481,2026-09-05 04:51:16.714046720,3,6888,225,36
28.221156,-103.996623,2026-09-05 04:51:16.714041344,3,4822,235,22
30.736132,-106.986654,2026-09-05 04:51:16.834208768,3,7421,194,75
30.818766,-107.001361,2026-09-05 04:51:16.834286848,3,9392,228,70
30.768736,-107.00663,2026-09-05 04:51:16.834269696,3,4577,253,57
41.968259,-84.56852,2026-09-05 04:51:17.144130816,3,9694,126,77
41.946936,-84.597023,2026-09-05 04:51:17.144131072,3,6755,138,66
41.931154,-84.66827,2026-09-05 04:51:17.144169984,3,5901,164,47
41.927461,-84.556333,2026-09-05 04:51:17.144190208,3,6110,113,28
18.918726,-99.48412,2026-09-05 04:51:17.166379008,3,3398,255,27
18.880146,-99.512866,2026-09-05 04:51:17.243424768,3,7105,261,40
27.400437,-105.926693,2026-09-05 04:51:24.467700480,3,12124,234,70
27.457398,-105.904415,2026-09-05 04:51:24.467789312,3,14183,246,71
27.441736,-105.927877,2026-09-05 04:51:24.467768576,3,7391,252,72
27.422214,-105.945656,2026-09-05 04:51:24.467761408,3,14580,238,61
42.158585,-86.009683,2026-09-05 04:51:25.18405888,3,12477,95,58
42.191721,-86.363768,2026-09-05 04:51:25.18381568,3,13489,227,49
42.153728,-86.079201,2026-09-05 04:51:25.18453504,3,4652,221,35
42.158697,-86.004439,2026-09-05 04:51:25.121645568,3,13748,99,58
42.187694,-86.132989,2026-09-05 04:51:25.121684992,3,13998,148,45
42.197431,-86.069477,2026-09-05 04:51:25.121701376,3,3486,160,26
36.074796,-72.217453,2026-09-05 04:51:32.812315136,3,9287,232,36
36.099971,-72.209507,2026-09-05 04:51:32.812381440,3,5433,236,24
36.070109,-72.211123,2026-09-05 04:51:32.864983296,3,5618,232,54
36.076508,-72.216738,2026-09-05 04:51:32.865051648,3,12118,190,38
36.127608,-72.234903,2026-09-05 04:51:32.865061888,3,4629,242,23
36.062023,-72.190646,2026-09-05 04:51:32.978098176,3,2928,241,102
36.087849,-72.210618,2026-09-05 04:51:32.978110720,3,2740,144,89
36.106897,-72.228781,2026-09-05 04:51:32.978118400,3,3196,245,76
36.160064,-72.314666,2026-09-05 04:51:32.978147328,3,14793,212,64
36.122379,-72.214582,2026-09-05 04:51:32.978181888,3,10421,237,53
52.073904,-107.8373,2026-09-05 04:51:40.173016064,3,13475,202,23
23.040519,-106.338486,2026-09-05 04:51:40.204455424,3,13432,244,28
23.072226,-106.359718,2026-09-05 04:51:40.204461824,3,13402,244,21
42.1231,-85.981815,2026-09-05 04:51:40.297920000,3,14422,83,58
42.192756,-86.117339,2026-09-05 04:51:40.297951744,3,9156,155,43
42.174434,-86.064072,2026-09-05 04:51:40.297966848,3,12689,160,30
35.228259,-67.383032,2026-09-05 04:51:41.230663680,3,11857,159,43
35.212092,-67.348835,2026-09-05 04:51:41.230711552,3,14614,225,26
53.439522,-107.307659,2026-09-05 04:51:50.210373120,3,7463,201,28
42.290361,-86.126677,2026-09-05 04:51:50.365796352,3,12536,149,32
42.220945,-85.998453,2026-09-05 04:51:50.365831424,3,10551,112,19
36.096919,-72.255516,2026-09-05 04:51:50.485663744,3,8047,255,21
22.897714,-106.217408,2026-09-05 04:51:51.8374016,3,6918,268,19
26.971341,-106.916244,2026-09-05 04:51:51.113141504,3,12243,241,30
26.945983,-106.964427,2026-09-05 04:51:51.113137408,3,8644,249,19
22.954446,-106.113881,2026-09-05 04:51:51.225835520,3,12288,270,34
42.300862,-85.409914,2026-09-05 04:51:58.402006528,3,13400,66,43
42.301137,-85.415425,2026-09-05 04:51:58.402079744,3,13349,123,32
42.302104,-85.454575,2026-09-05 04:51:58.402065920,3,7271,171,25
42.246496,-85.652219,2026-09-05 04:51:58.465574912,3,6747,168,29
42.32202,-85.412396,2026-09-05 04:51:58.465650688,3,10495,176,17
42.24279,-85.618501,2026-09-05 04:51:58.853477376,3,9804,158,23
41.90999,-84.511816,2026-09-05 04:51:59.291630336,3,13350,95,29
41.922782,-84.50722,2026-09-05 04:51:59.291724800,3,14156,99,19
41.848132,-84.723178,2026-09-05 04:51:59.316997120,3,11841,197,23
42.204379,-87.0179,2026-09-05 04:51:59.695886336,3,11738,109,64
42.15414,-87.004635,2026-09-05 04:51:59.695948800,3,10852,124,54
42.174429,-87.103812,2026-09-05 04:51:59.695912448,3,6090,227,41
42.178595,-86.989481,2026-09-05 04:51:59.695932672,3,7462,75,28
42.169828,-86.958253,2026-09-05 04:51:59.710322176,3,6079,71,111
42.165132,-87.113761,2026-09-05 04:51:59.710320128,3,13663,159,98
42.188213,-87.271545,2026-09-05 04:51:59.710280704,3,11009,255,86
42.16653,-87.022596,2026-09-05 04:51:59.710352128,3,4967,181,65
42.226138,-86.982434,2026-09-05 04:51:59.710376704,3,12062,102,44
42.175575,-86.999257,2026-09-05 04:51:59.723154432,3,9574,117,99
42.162721,-87.039075,2026-09-05 04:51:59.723150080,3,3734,168,110
42.170372,-87.073048,2026-09-05 04:51:59.723146496,3,3559,260,95
42.146614,-87.025099,2026-09-05 04:51:59.723162880,3,4759,113,76
34.841112,-66.074898,2026-09-05 04:52:06.777741824,3,12177,169,29
34.913403,-66.154073,2026-09-05 04:52:06.777783552,3,10600,230,31
26.872544,-104.431103,2026-09-05 04:52:07.6436864,3,9665,224,77
26.94312,-104.418815,2026-09-05 04:52:07.6514688,3,6767,242,69
26.913514,-104.426051,2026-09-05 04:52:07.6509056,3,13783,230,52
26.923589,-104.441906,2026-09-05 04:52:07.72349952,3,9791,160,24
42.120316,-85.935326,2026-09-05 04:52:07.432660224,3,14011,160,20
24.555243,-107.092306,2026-09-05 04:52:08.657105664,3,8727,259,37
24.497623,-107.096306,2026-09-05 04:52:08.657089536,3,5078,240,40
24.525157,-107.094082,2026-09-05 04:52:08.682043136,3,5719,207,21
24.485884,-107.116279,2026-09-05 04:52:08.733358080,3,6316,259,47
13.078134,-96.614792,2026-09-05 04:52:09.21320192,3,9375,243,34
42.109433,-85.432321,2026-09-05 04:52:16.316529664,3,11140,64,67
42.078986,-85.405835,2026-09-05 04:52:16.316613120,3,13394,119,49
42.118254,-85.484055,2026-09-05 04:52:16.316589056,3,6096,227,36
42.135958,-85.439851,2026-09-05 04:52:16.316602624,3,6597,169,18
42.110773,-85.421922,2026-09-05 04:52:16.359229952,3,13281,59,81
42.103853,-85.470778,2026-09-05 04:52:16.359230464,3,6758,139,60
42.055305,-85.62815,2026-09-05 04:52:16.359244032,3,2771,228,41
42.118322,-85.472225,2026-09-05 04:52:16.359288064,3,4661,157,28
42.101148,-85.435946,2026-09-05 04:52:16.398877184,3,13883,86,73
42.041922,-85.610784,2026-09-05 04:52:16.398892800,3,8787,208,49
42.128597,-85.480895,2026-09-05 04:52:16.398935808,3,6374,157,36
42.052504,-85.390033,2026-09-05 04:52:16.398943488,3,11950,103,20
42.102764,-85.428279,2026-09-05 04:52:16.475530752,3,8486,74,94
42.102855,-85.468696,2026-09-05 04:52:16.475533056,3,5583,139,78
42.064452,-85.649338,2026-09-05 04:52:16.475535872,3,7852,228,56
42.125196,-85.481086,2026-09-05 04:52:16.475592704,3,9281,157,43
42.055719,-85.406498,2026-09-05 04:52:16.475598080,3,6615,107,26
42.112522,-85.382726,2026-09-05 04:52:17.50981888,3,12690,76,98
42.103488,-85.416937,2026-09-05 04:52:17.50983424,3,4443,138,110
42.105141,-85.431228,2026-09-05 04:52:17.50980352,3,8023,206,90
42.108643,-85.403836,2026-09-05 04:52:17.50995968,3,14350,82,72
42.062745,-85.362362,2026-09-05 04:52:17.51052032,3,6707,143,51
42.075616,-85.355824,2026-09-05 04:52:17.51043328,3,10782,107,38
42.133743,-86.261058,2026-09-05 04:52:17.685370880,3,14092,89,37
42.145216,-86.258203,2026-09-05 04:52:17.685443840,3,14489,135,25
25.404456,-107.577878,2026-09-05 04:52:18.504982528,3,10172,254,35
34.360267,-65.62718,2026-09-05 04:52:26.414280704,3,12774,246,61
34.360757,-65.667034,2026-09-05 04:52:26.414281216,3,10818,231,49
34.339153,-65.66312,2026-09-05 04:52:26.414273024,3,8193,228,34
34.346656,-65.626749,2026-09-05 04:52:26.960122368,3,8041,247,38
41.929235,-84.33226,2026-09-05 04:52:26.964524288,3,5672,198,32
42.219876,-85.625335,2026-09-05 04:52:27.231327744,3,9311,158,30
42.298435,-85.438488,2026-09-05 04:52:27.231390208,3,7296,161,17
34.305351,-65.598022,2026-09-05 04:52:27.251315456,3,14086,162,14
36.823909,-101.466891,2026-09-05 04:52:35.436577792,3,10730,172,58
27.658274,-103.754723,2026-09-05 04:52:37.55063552,3,10062,249,40
27.581218,-103.808362,2026-09-05 04:52:37.126881536,3,14519,214,18
36.016564,-71.963531,2026-09-05 04:52:37.209506560,3,8170,255,88
35.995149,-71.958383,2026-09-05 04:52:37.209506560,3,4015,223,74
36.092041,-72.053234,2026-09-05 04:52:37.209537024,3,14726,204,61
36.000482,-71.958264,2026-09-05 04:52:37.209565440,3,8012,194,46
34.773217,-66.084078,2026-09-05 04:52:44.248186112,3,12478,155,27
18.883754,-99.542765,2026-09-05 04:52:44.259341056,3,10301,254,31
23.201585,-106.360773,2026-09-05 04:52:44.484410624,3,8485,264,23
18.877466,-99.542072,2026-09-05 04:52:44.578816768,3,6931,254,35
18.973698,-99.513258,2026-09-05 04:52:44.578838272,3,6351,254,49
18.899537,-99.526678,2026-09-05 04:52:44.785505792,3,8179,254,21
23.152189,-106.440218,2026-09-05 04:52:45.142704384,3,10289,265,36
27.599489,-105.630032,2026-09-05 04:52:45.165787904,3,11214,236,51
23.210165,-106.315872,2026-09-05 04:52:45.335524864,3,2705,267,21
27.501057,-105.628141,2026-09-05 04:52:45.549132800,3,5826,148,28
27.592932,-105.609402,2026-09-05 04:52:45.549212160,3,7758,244,68
42.23814,-85.982481,2026-09-05 04:52:52.634403840,3,13051,56,23
26.476609,-105.699721,2026-09-05 04:52:53.46127360,3,6914,225,20
35.944041,-72.083081,2026-09-05 04:52:53.511842560,3,14850,251,41
36.034363,-72.204555,2026-09-05 04:52:53.511934976,3,10041,221,30
42.135092,-85.957468,2026-09-05 04:52:53.573721856,3,13234,119,33
42.182651,-86.031388,2026-09-05 04:52:53.573691904,3,14837,160,20
23.133107,-106.303744,2026-09-05 04:52:54.144456192,3,8198,243,33
42.065298,-85.370308,2026-09-05 04:52:54.229563136,3,8819,104,34
42.080515,-85.381536,2026-09-05 04:52:54.229634560,3,7484,159,23
36.635588,-101.747052,2026-09-05 04:52:54.378390784,3,6285,112,113
36.643658,-101.741272,2026-09-05 04:52:54.378389760,3,14575,88,99
36.663027,-101.791228,2026-09-05 04:52:54.378394624,3,7606,132,87
35.15834,-36.933713,2026-09-05 04:53:01.703511552,3,11970,187,32
17.43652,-93.907891,2026-09-05 04:53:01.775900416,3,4777,256,48
18.931847,-99.555009,2026-09-05 04:53:01.999115776,3,7379,262,36
18.935919,-99.550319,2026-09-05 04:53:01.999118336,3,7405,255,72
29.041143,143.642058,2026-09-05 04:50:12.669406464,4,8132,229,36
29.209159,143.436915,2026-09-05 04:50:12.669492480,4,12597,259,27
30.890623,142.405165,2026-09-05 04:50:27.11266304,4,5257,194,51
30.021051,142.822374,2026-09-05 04:50:33.535015936,4,4137,203,47
30.244047,142.540452,2026-09-05 04:50:33.776343296,4,14704,251,26
30.554195,141.764823,2026-09-05 04:51:08.160199936,4,9931,246,23
16.326408,129.402725,2026-09-05 04:51:43.108166912,4,6009,235,32
24.704232,-106.91881,2026-09-05 04:50:00.131650304,7,9864,209,16
23.754069,-102.965718,2026-09-05 04:50:11.242228480,7,10791,164,13
3.994449,-80.378378,2026-09-05 04:50:11.563561216,7,9999,221,15
26.849119,-107.099122,2026-09-05 04:50:11.884101888,7,12104,218,12
29.378469,-79.231584,2026-09-05 04:50:12.122140416,7,12308,227,16
28.400946,-106.441358,2026-09-05 04:50:23.67180544,7,8443,244,29
28.47286,-106.426155,2026-09-05 04:50:23.67193344,7,13029,243,20
27.552095,-104.041922,2026-09-05 04:50:23.731328256,7,9856,162,22
17.505589,-93.520753,2026-09-05 04:50:24.768155392,7,8286,232,16
27.537836,-105.751239,2026-09-05 04:50:26.67180800,7,5335,145,22
7.585493,-82.639087,2026-09-05 04:50:27.567310848,7,9310,225,26
24.973071,-107.044076,2026-09-05 04:50:28.264492288,7,10547,208,18
24.626001,-107.093287,2026-09-05 04:50:29.867297536,7,11383,265,18
24.586119,-107.187418,2026-09-05 04:50:30.167542528,7,12073,243,15
26.82891,-107.093472,2026-09-05 04:50:32.465769984,7,6799,194,25
23.075629,-106.413195,2026-09-05 04:50:54.403277824,7,8719,250,18
18.895928,-99.149954,2026-09-05 04:50:54.952327680,7,8203,253,12
28.025107,-104.253682,2026-09-05 04:51:03.338523392,7,8653,239,16
18.471757,-96.475007,2026-09-05 04:51:03.435545344,7,7038,254,12
15.537477,-51.173802,2026-09-05 04:51:05.849860608,7,3324,267,18
18.8013,-99.600524,2026-09-05 04:51:17.243387648,7,6626,252,17
24.906824,-107.043199,2026-09-05 04:51:17.320084992,7,13857,209,21
13.200509,-96.913364,2026-09-05 04:51:17.444872192,7,5115,234,21
16.635578,-91.597369,2026-09-05 04:51:25.85642496,7,4763,263,16
23.403949,-82.72621,2026-09-05 04:51:25.305829120,7,12584,260,15
23.515649,-82.880378,2026-09-05 04:51:25.318161408,7,2028,263,19
28.38024,-104.012619,2026-09-05 04:51:44.360665088,7,7673,163,22
17.431395,-93.533595,2026-09-05 04:51:46.52266240,7,9567,259,13
23.431867,-106.35001,2026-09-05 04:52:06.93633792,7,11839,259,17
26.873066,-104.404827,2026-09-05 04:52:07.6509824,7,9585,167,21
13.364478,-96.402291,2026-09-05 04:52:09.21380864,7,9926,226,17
25.269598,-107.784315,2026-09-05 04:52:18.504912128,7,9930,242,12
23.130668,-106.335878,2026-09-05 04:52:29.617609472,7,6238,216,13
24.893573,-107.036119,2026-09-05 04:52:29.750729984,7,6776,209,18
24.933623,-106.932532,2026-09-05 04:52:29.814114304,7,10615,206,19
24.95677,-107.004994,2026-09-05 04:52:29.911339264,7,6453,220,14
25.452049,-107.51925,2026-09-05 04:52:30.170145280,7,9072,202,15
27.8114,-104.974204,2026-09-05 04:52:38.1517824,7,12522,137,14
17.466179,-93.600212,2026-09-05 04:52:40.845505024,7,5503,256,20
17.464086,-93.60554,2026-09-05 04:52:40.928932352,7,5975,256,10
17.476343,-93.608057,2026-09-05 04:52:41.38219520,7,5995,265,15
17.479015,-93.62346,2026-09-05 04:52:41.151046400,7,6399,256,22
22.988112,-106.563645,2026-09-05 04:52:51.139542272,7,11393,251,13
24.708881,-106.957541,2026-09-05 04:52:54.561375232,7,7093,258,20
26.816778,-107.163023,2026-09-05 04:52:54.617959680,7,4315,220,21
24.717638,-106.951275,2026-09-05 04:52:54.704910336,7,7692,258,17
24.60246,-107.122262,2026-09-05 04:52:55.78369792,7,11907,197,21
26.756616,-107.033828,2026-09-05 04:52:55.169381888,7,10561,197,19
26.853186,-106.848297,2026-09-05 04:52:55.194299904,7,10246,249,20
17.427875,-93.656145,2026-09-05 04:52:55.435171072,7,5095,259,15
24.601581,-107.125828,2026-09-05 04:52:55.489186304,7,4185,197,19
25.939948,-107.204691,2026-09-05 04:52:57.762605568,7,8753,252,18
13.516494,7.159036,2026-09-05 04:52:17.528018432,5,14505,169,12
9.236713,16.454035,2026-09-05 04:52:28.586952448,5,12426,216,12
29.042953,143.593546,2026-09-05 04:50:12.669414400,9,5964,235,36
29.208493,143.437463,2026-09-05 04:50:12.669492480,9,12771,259,26
29.214468,143.428998,2026-09-05 04:50:12.669485568,9,12908,259,18
31.030611,142.249229,2026-09-05 04:50:27.11325184,9,12011,249,13
29.991224,142.860861,2026-09-05 04:50:33.535052544,9,7257,266,19
30.211855,142.566996,2026-09-05 04:50:33.776324096,9,6775,246,20
18.937594,154.484714,2026-09-05 04:50:49.130760448,9,10861,243,16
30.4221,141.811164,2026-09-05 04:51:08.160153600,9,9229,180,31
30.571816,141.73278,2026-09-05 04:51:08.160207872,9,3683,245,21
53.212121,123.828391,2026-09-05 04:51:31.362376192,9,6917,205,11
25.047608,133.145321,2026-09-05 04:51:43.111658240,9,14493,192,12
29.998699,142.92304,2026-09-05 04:53:04.183057152,9,9930,205,47
37.218251,-101.37655,2026-09-05 04:50:00.33170944,13,8729,84,75
37.248949,-101.386021,2026-09-05 04:50:00.33237248,13,10510,138,67
30.413077,-106.687094,2026-09-05 04:50:01.1115136,13,10438,218,25
23.162604,-106.369887,2026-09-05 04:50:01.520153600,13,10142,243,23
34.589649,-60.899732,2026-09-05 04:50:01.901496064,13,4910,268,25
42.239043,-86.838494,2026-09-05 04:50:03.484082176,13,14358,124,28
42.213756,-86.768864,2026-09-05 04:50:03.484098048,13,5933,179,40
26.744051,-106.959139,2026-09-05 04:50:03.599677952,13,8654,183,18
42.077354,-85.650254,2026-09-05 04:50:04.491571456,13,10987,94,57
42.068537,-85.636655,2026-09-05 04:50:04.491576320,13,12449,150,99
42.070244,-85.694989,2026-09-05 04:50:04.491563776,13,6535,218,74
42.085279,-85.599461,2026-09-05 04:50:04.575550720,13,4036,150,58
24.535142,-107.13938,2026-09-05 04:50:04.759869696,13,7792,259,41
42.078511,-85.624696,2026-09-05 04:50:05.98714880,13,8589,87,92
42.064684,-85.507862,2026-09-05 04:50:05.98755584,13,7183,112,34
35.127189,-59.850973,2026-09-05 04:50:05.591928320,13,4054,244,29
35.212991,-67.381061,2026-09-05 04:50:06.436917248,13,6628,264,17
53.425391,-107.357811,2026-09-05 04:50:06.820046336,13,7981,215,55
28.066895,-104.11653,2026-09-05 04:50:07.571785472,13,6131,240,34
28.15331,-103.995372,2026-09-05 04:50:07.651035136,13,7639,226,45
28.145349,-104.012461,2026-09-05 04:50:07.693229824,13,7861,147,30
18.952968,-99.533028,2026-09-05 04:50:07.973513472,13,4675,255,63
27.744917,-104.061381,2026-09-05 04:50:08.142840064,13,14829,238,38
28.148074,-104.006657,2026-09-05 04:50:08.142982144,13,5804,211,30
28.162121,-104.020219,2026-09-05 04:50:08.357827328,13,9611,226,28
48.888814,-103.706555,2026-09-05 04:50:09.174399744,13,5788,148,26
25.918642,-107.275302,2026-09-05 04:50:09.197819904,13,9284,250,36
25.981589,-107.250247,2026-09-05 04:50:09.197841152,13,5400,245,32
23.098621,-106.249824,2026-09-05 04:50:09.538279424,13,7975,200,20
23.789836,-102.864458,2026-09-05 04:50:11.242260736,13,5491,266,30
42.113775,-85.48231,2026-09-05 04:50:11.975150592,13,14401,96,37
42.113828,-85.503358,2026-09-05 04:50:11.975156736,13,4638,144,67
42.169008,-85.861235,2026-09-05 04:50:11.975117056,13,9618,223,53
42.120691,-85.565898,2026-09-05 04:50:11.975195648,13,6825,217,40
29.266993,-79.340732,2026-09-05 04:50:12.122093312,13,14508,170,63
42.09547,-85.461819,2026-09-05 04:50:12.455680512,13,9417,64,40
48.641465,-102.748212,2026-09-05 04:50:13.163811072,13,5939,166,24
35.834715,-71.789159,2026-09-05 04:50:14.112112384,13,4310,239,111
35.853917,-71.809003,2026-09-05 04:50:14.112120320,13,5921,146,116
35.827954,-71.743704,2026-09-05 04:50:14.112107520,13,3228,245,95
35.832018,-71.759557,2026-09-05 04:50:14.112110080,13,10902,202,82
35.845121,-71.79971,2026-09-05 04:50:14.468154624,13,5475,254,36
35.889295,-71.824756,2026-09-05 04:50:14.468227328,13,7454,253,26
23.109202,-106.247676,2026-09-05 04:50:16.43861760,13,2480,265,51
24.475788,-107.142438,2026-09-05 04:50:16.267139840,13,5415,260,29
24.289667,-107.063754,2026-09-05 04:50:16.364107520,13,14174,262,50
24.542334,-107.140268,2026-09-05 04:50:16.364203520,13,2944,260,63
34.861608,-66.304943,2026-09-05 04:50:18.658037504,13,11802,224,37
34.873969,-66.315922,2026-09-05 04:50:18.756531456,13,7383,168,59
41.964253,-84.306957,2026-09-05 04:50:18.886345984,13,12540,68,44
41.974356,-84.310547,2026-09-05 04:50:18.886354944,13,6394,126,68
41.95838,-84.278972,2026-09-05 04:50:18.943412736,13,7271,78,45
41.95875,-84.307639,2026-09-05 04:50:18.943422720,13,8406,99,63
41.960634,-84.297457,2026-09-05 04:50:19.76937216,13,14666,78,69
41.948926,-84.318973,2026-09-05 04:50:19.76945408,13,14653,53,51
41.967417,-84.344204,2026-09-05 04:50:19.224421888,13,7808,181,53
41.955563,-84.306647,2026-09-05 04:50:19.224430848,13,6279,88,74
41.981704,-84.333692,2026-09-05 04:50:19.224487680,13,4611,157,34
41.943935,-84.299219,2026-09-05 04:50:19.300196864,13,12446,117,52
41.950832,-84.314505,2026-09-05 04:50:19.373329152,13,14695,89,32
36.053079,-72.19696,2026-09-05 04:50:20.263476736,13,12096,252,27
41.971041,-85.00403,2026-09-05 04:50:20.804714240,13,8915,101,32
42.007137,-85.002538,2026-09-05 04:50:20.804784384,13,8808,191,19
26.100723,-106.204651,2026-09-05 04:50:22.487926016,13,5236,230,21
26.089089,-106.145639,2026-09-05 04:50:22.598887936,13,13852,177,60
28.377565,-106.44877,2026-09-05 04:50:23.67112448,13,14234,160,134
28.430151,-106.471171,2026-09-05 04:50:23.67185152,13,13403,241,114
27.707203,-103.869757,2026-09-05 04:50:23.731399936,13,5512,247,51
27.536674,-103.920777,2026-09-05 04:50:23.731347712,13,6512,219,53
27.656903,-103.859234,2026-09-05 04:50:23.731397888,13,10910,228,44
35.227164,-66.884303,2026-09-05 04:50:24.129195264,13,13276,149,23
31.682584,-104.324716,2026-09-05 04:50:24.283592960,13,3794,173,59
31.859209,-104.381784,2026-09-05 04:50:24.283630336,13,3212,208,57
31.783606,-104.24355,2026-09-05 04:50:24.324039168,13,13764,181,37
42.014232,-84.115676,2026-09-05 04:50:25.624119040,13,12890,76,27
27.296371,-105.645163,2026-09-05 04:50:26.67117056,13,12704,221,82
25.0089,-107.023075,2026-09-05 04:50:28.264504576,13,12017,257,36
25.00781,-107.034917,2026-09-05 04:50:28.513242112,13,8884,236,36
24.687003,-107.022524,2026-09-05 04:50:29.867328000,13,4044,258,46
41.976684,-84.956598,2026-09-05 04:50:30.475983616,13,13078,104,28
36.737504,-101.63095,2026-09-05 04:50:30.870454272,13,8032,204,46
36.789871,-101.529687,2026-09-05 04:50:30.870483200,13,9655,131,37
34.282148,-65.751547,2026-09-05 04:50:32.331526400,13,11517,171,37
26.830844,-106.946048,2026-09-05 04:50:32.465809664,13,14936,178,81
34.266808,-65.356039,2026-09-05 04:50:32.934763264,13,4989,172,42
34.356077,-65.414981,2026-09-05 04:50:32.934794752,13,3651,248,54
34.320334,-65.404307,2026-09-05 04:50:33.402460928,13,9857,229,24
42.249261,-85.613555,2026-09-05 04:50:35.701073664,13,13674,140,27
42.2665,-85.625233,2026-09-05 04:50:35.765481216,13,6724,160,28
42.289189,-85.385719,2026-09-05 04:50:35.819470080,13,9810,64,25
42.285666,-85.436745,2026-09-05 04:50:36.28253696,13,11643,171,25
42.272251,-85.401606,2026-09-05 04:50:36.87283968,13,7844,122,58
42.289749,-85.495301,2026-09-05 04:50:36.87311872,13,7890,161,44
42.2986,-85.413607,2026-09-05 04:50:36.87337472,13,9081,164,31
42.188024,-86.864396,2026-09-05 04:50:37.306584576,13,9566,90,27
41.871805,-84.434645,2026-09-05 04:50:37.535635968,13,7736,139,29
24.410695,-107.197979,2026-09-05 04:50:38.9483520,13,12016,239,23
26.54085,-104.22493,2026-09-05 04:50:38.892368128,13,8593,221,20
33.934812,-64.293461,2026-09-05 04:50:39.291417344,13,5362,212,92
37.878729,-101.221981,2026-09-05 04:50:39.685082368,13,7569,128,22
34.843805,-66.541767,2026-09-05 04:50:40.874159872,13,5604,238,24
42.083726,-85.202065,2026-09-05 04:50:41.454025472,13,10308,124,32
42.048541,-85.224853,2026-09-05 04:50:41.454028288,13,5529,153,60
42.098919,-85.257242,2026-09-05 04:50:41.454076672,13,14434,169,49
42.04649,-85.223801,2026-09-05 04:50:41.454088448,13,12427,155,37
35.868277,-71.754767,2026-09-05 04:50:41.867476224,13,5062,239,110
35.886163,-71.766955,2026-09-05 04:50:41.867485696,13,5374,146,102
35.879203,-71.735284,2026-09-05 04:50:41.867478528,13,10631,237,83
36.646419,-101.485258,2026-09-05 04:50:42.135796736,13,13551,132,34
36.683538,-101.728758,2026-09-05 04:50:42.360876800,13,7622,242,30
42.092799,-85.586555,2026-09-05 04:50:42.722081792,13,12824,89,54
42.124895,-85.68026,2026-09-05 04:50:42.722129152,13,14264,138,50
37.593315,-101.121521,2026-09-05 04:50:42.762801664,13,13967,99,38
42.078525,-85.571981,2026-09-05 04:50:42.812184320,13,6583,131,60
42.095195,-85.629199,2026-09-05 04:50:42.812181760,13,7337,141,65
42.098407,-85.66563,2026-09-05 04:50:42.812232192,13,3493,259,42
42.076637,-85.600768,2026-09-05 04:50:42.930985984,13,11212,127,48
42.102265,-85.575498,2026-09-05 04:50:42.994268672,13,6697,64,36
42.108753,-85.63613,2026-09-05 04:50:42.994328576,13,7065,183,32
24.540259,-107.130983,2026-09-05 04:50:43.579803392,13,9566,239,19
24.54594,-107.14059,2026-09-05 04:50:43.659169280,13,5783,239,24
28.345301,-104.025502,2026-09-05 04:50:43.808149504,13,12489,122,95
28.436512,-104.002739,2026-09-05 04:50:43.808231424,13,10592,239,85
36.539111,-101.810812,2026-09-05 04:50:44.608213248,13,5861,100,45
36.457836,-101.791823,2026-09-05 04:50:44.690900992,13,8947,101,52
23.154457,-106.299358,2026-09-05 04:50:44.961360896,13,12368,199,43
23.138671,-106.317022,2026-09-05 04:50:45.48307456,13,9210,243,17
48.945922,-103.739319,2026-09-05 04:50:45.152348672,13,7297,173,22
25.020489,-106.999221,2026-09-05 04:50:45.374284800,13,12934,236,45
25.250795,-107.362809,2026-09-05 04:50:45.729760768,13,14247,256,72
25.525193,-107.40956,2026-09-05 04:50:45.783384064,13,4816,262,30
27.738746,-106.17702,2026-09-05 04:50:46.214979072,13,4843,245,47
25.978044,-107.245966,2026-09-05 04:50:46.365427712,13,10644,231,19
37.254231,-62.838462,2026-09-05 04:50:46.781859840,13,7585,255,33
20.869772,-101.693516,2026-09-05 04:50:47.852214784,13,7188,245,62
40.415345,-57.762645,2026-09-05 04:50:48.656309248,13,2762,244,95
53.491151,-107.297246,2026-09-05 04:50:49.549510144,13,6547,198,23
42.21911,-86.609082,2026-09-05 04:50:49.815502336,13,5831,177,64
42.19542,-86.778394,2026-09-05 04:50:49.815513600,13,7346,154,61
42.161618,-86.991405,2026-09-05 04:50:49.815508992,13,4238,260,47
42.203628,-86.728927,2026-09-05 04:50:49.815576064,13,11584,117,35
24.690291,-107.046138,2026-09-05 04:50:50.72852736,13,11885,238,31
39.428653,-75.462575,2026-09-05 04:50:50.749119488,13,10681,119,41
42.166253,-86.672985,2026-09-05 04:50:50.794281216,13,11639,128,24
36.37775,-72.304284,2026-09-05 04:50:50.848511232,13,8316,268,31
36.116548,-72.245722,2026-09-05 04:50:50.848477696,13,7940,261,21
35.144522,-65.353521,2026-09-05 04:50:51.514521088,13,12903,230,35
23.169962,-106.281116,2026-09-05 04:50:54.23954944,13,8592,260,15
23.208877,-106.265622,2026-09-05 04:50:54.403344128,13,3856,264,46
23.219878,-106.260723,2026-09-05 04:50:54.534591744,13,3429,270,30
18.939897,-99.153551,2026-09-05 04:50:54.952343040,13,3836,253,39
28.240177,-104.012438,2026-09-05 04:50:55.215468032,13,4609,235,36
42.067762,-85.66319,2026-09-05 04:50:56.493970944,13,12620,90,26
24.199502,-106.836052,2026-09-05 04:50:56.941159680,13,12816,263,57
24.713629,-106.875661,2026-09-05 04:50:57.6510080,13,8143,258,61
42.115116,-86.083215,2026-09-05 04:50:57.263471616,13,9185,151,19
41.870646,-84.403432,2026-09-05 04:50:58.729876480,13,10831,131,31
41.937755,-84.257286,2026-09-05 04:50:58.729926400,13,8037,150,19
35.370289,-70.009141,2026-09-05 04:50:59.72035840,13,14317,169,91
35.285627,-69.995437,2026-09-05 04:50:59.72030208,13,9931,263,76
35.408681,-70.095534,2026-09-05 04:50:59.72076544,13,8464,221,63
35.305092,-70.006493,2026-09-05 04:50:59.72085760,13,11649,207,49
33.98043,-64.98538,2026-09-05 04:50:59.357159936,13,9855,232,16
28.037318,-106.3972,2026-09-05 04:50:59.847261696,13,9378,217,23
19.123024,-98.820687,2026-09-05 04:51:00.419748864,13,5815,249,33
25.012194,-107.013384,2026-09-05 04:51:01.167547136,13,9738,256,65
34.922297,-66.157744,2026-09-05 04:51:01.923194880,13,5619,171,68
24.954034,-103.7231,2026-09-05 04:51:01.980947712,13,13095,254,48
28.218087,-103.992094,2026-09-05 04:51:03.338638336,13,10343,225,46
28.181329,-103.990275,2026-09-05 04:51:03.338627584,13,7158,214,33
41.95269,-84.416592,2026-09-05 04:51:03.596653312,13,5779,142,25
41.940379,-84.321077,2026-09-05 04:51:03.655232512,13,9729,115,65
41.906344,-84.440087,2026-09-05 04:51:03.655257856,13,5291,180,30
42.122155,-85.46072,2026-09-05 04:51:03.760859904,13,10881,141,42
34.88754,-66.003509,2026-09-05 04:51:03.974768128,13,8089,270,25
41.920787,-84.462336,2026-09-05 04:51:04.580691712,13,12167,229,24
42.269281,-85.411684,2026-09-05 04:51:05.150882048,13,9490,88,66
42.329253,-85.791705,2026-09-05 04:51:05.150849280,13,9080,225,50
42.291822,-85.431784,2026-09-05 04:51:05.150938624,13,5223,164,36
42.280492,-85.426016,2026-09-05 04:51:05.924128256,13,6776,106,47
36.045127,-72.153241,2026-09-05 04:51:06.666587392,13,3661,254,62
36.102064,-72.186625,2026-09-05 04:51:06.666608384,13,3420,246,94
36.072383,-72.563075,2026-09-05 04:51:06.666719744,13,7296,246,81
36.065072,-72.16655,2026-09-05 04:51:06.728983040,13,5755,227,61
36.062189,-72.161274,2026-09-05 04:51:06.870509312,13,7749,221,61
36.064497,-72.138601,2026-09-05 04:51:06.870510848,13,8861,221,67
34.251116,-65.42073,2026-09-05 04:51:07.246257664,13,4221,174,21
36.073303,-72.160942,2026-09-05 04:51:07.325619456,13,7897,249,48
36.078941,-72.163191,2026-09-05 04:51:07.325684480,13,8855,215,21
36.096281,-72.172009,2026-09-05 04:51:07.398541568,13,7228,252,39
36.100821,-72.170355,2026-09-05 04:51:07.398603520,13,5515,246,25
48.904031,-103.369676,2026-09-05 04:51:08.86088704,13,12999,149,33
24.689849,-106.969021,2026-09-05 04:51:08.689277696,13,7354,237,21
26.891975,-106.990141,2026-09-05 04:51:09.340601088,13,13500,242,36
23.218823,-106.41678,2026-09-05 04:51:10.257305088,13,8469,267,22
48.106525,-103.164015,2026-09-05 04:51:10.813745408,13,10170,162,34
37.603752,-101.577087,2026-09-05 04:51:11.135722496,13,14937,110,32
25.051474,-106.995356,2026-09-05 04:51:11.282768384,13,8644,257,21
42.039435,-85.351966,2026-09-05 04:51:11.534624768,13,9561,127,26
42.053735,-85.232954,2026-09-05 04:51:11.534656512,13,8595,88,24
42.226488,-85.60018,2026-09-05 04:51:11.598757376,13,10740,158,31
42.291503,-85.380161,2026-09-05 04:51:11.598824960,13,10965,122,19
35.917797,-71.755831,2026-09-05 04:51:11.988127488,13,14533,257,24
48.875568,-103.599749,2026-09-05 04:51:12.189024256,13,14034,142,30
24.526511,-107.109009,2026-09-05 04:51:12.212581120,13,4899,260,19
35.366723,-70.269806,2026-09-05 04:51:12.744692224,13,12585,262,30
35.293073,-70.176179,2026-09-05 04:51:12.744648704,13,12480,253,17
42.021564,-85.505035,2026-09-05 04:51:13.574103296,13,13207,121,78
42.036307,-85.552115,2026-09-05 04:51:13.574099712,13,4768,140,71
42.028845,-85.544871,2026-09-05 04:51:13.574105344,13,5247,205,56
42.026787,-85.5973,2026-09-05 04:51:13.574146304,13,5053,217,41
41.981508,-85.483954,2026-09-05 04:51:13.574173952,13,7031,142,26
24.626205,-107.046509,2026-09-05 04:51:13.909777152,13,14816,238,21
52.079967,-107.75741,2026-09-05 04:51:16.573210112,13,8039,188,23
28.230143,-103.984797,2026-09-05 04:51:16.714046720,13,6887,225,36
30.736117,-106.986644,2026-09-05 04:51:16.834208768,13,7422,194,88
30.816533,-106.990476,2026-09-05 04:51:16.834284800,13,9809,228,70
41.951093,-84.573335,2026-09-05 04:51:17.144135168,13,6656,126,53
41.967237,-84.565391,2026-09-05 04:51:17.144140032,13,6029,127,61
41.94355,-84.664878,2026-09-05 04:51:17.144167680,13,5422,163,45
29.110708,-79.659212,2026-09-05 04:51:17.711522048,13,5639,170,60
42.05123,-85.167891,2026-09-05 04:51:18.410608640,13,14468,96,83
42.051512,-85.199253,2026-09-05 04:51:18.410612736,13,7634,136,64
42.045785,-85.283493,2026-09-05 04:51:18.410654720,13,7406,148,50
42.059597,-85.154832,2026-09-05 04:51:18.517059584,13,11355,77,64
42.051426,-85.199606,2026-09-05 04:51:18.517062656,13,6309,141,47
29.391122,-79.31458,2026-09-05 04:51:20.607522816,13,6922,252,39
29.407979,-79.329206,2026-09-05 04:51:20.607521024,13,6763,252,33
37.226557,-101.38797,2026-09-05 04:51:20.784204544,13,6692,138,29
37.223055,-101.458096,2026-09-05 04:51:20.784189952,13,7688,249,50
37.230106,-101.4447,2026-09-05 04:51:20.822984704,13,9074,136,21
36.993271,-101.340618,2026-09-05 04:51:21.242297856,13,13225,150,29
42.102709,-85.487158,2026-09-05 04:51:21.511912960,13,9671,129,56
18.766133,-99.441521,2026-09-05 04:51:21.787816960,13,8571,266,24
27.380025,-106.026274,2026-09-05 04:51:23.88678400,13,6259,237,29
37.859305,-101.438725,2026-09-05 04:51:23.687484160,13,12920,108,80
33.94136,-65.337077,2026-09-05 04:51:23.690615040,13,12383,245,56
27.457311,-105.908921,2026-09-05 04:51:24.467715584,13,9990,234,86
42.158584,-86.009685,2026-09-05 04:51:25.18405888,13,12477,95,58
37.015379,-101.583053,2026-09-05 04:51:25.622130688,13,9582,150,93
37.025951,-101.551363,2026-09-05 04:51:25.622148864,13,13353,87,100
24.871782,-107.003975,2026-09-05 04:51:25.946097664,13,10553,257,20
35.884201,-71.778577,2026-09-05 04:51:26.473676032,13,14466,254,31
35.905085,-71.720561,2026-09-05 04:51:26.473742592,13,14504,244,18
46.618815,-100.093805,2026-09-05 04:51:26.574409216,13,8279,137,43
16.301898,-88.589738,2026-09-05 04:51:26.713383168,13,11679,261,65
34.800866,-66.302875,2026-09-05 04:51:26.954414080,13,6730,165,58
34.94112,-66.390942,2026-09-05 04:51:26.954470912,13,7866,247,46
34.816151,-66.273684,2026-09-05 04:51:26.954470656,13,11612,220,27
41.912606,-84.460844,2026-09-05 04:51:27.757239040,13,12115,77,81
41.919251,-84.492904,2026-09-05 04:51:27.757239552,13,6774,128,64
19.143809,-98.797576,2026-09-05 04:51:28.18087680,13,6146,254,19
36.480942,-101.838435,2026-09-05 04:51:28.124579072,13,10303,124,22
36.523156,-101.759728,2026-09-05 04:51:28.228227840,13,13077,103,24
23.194302,-106.31563,2026-09-05 04:51:28.310811136,13,6792,264,38
41.997608,-84.921562,2026-09-05 04:51:28.502711552,13,11703,106,22
23.206505,-106.3147,2026-09-05 04:51:28.570608896,13,5585,264,20
35.940144,-72.043124,2026-09-05 04:51:29.252958464,13,6873,223,33
24.449261,-107.133509,2026-09-05 04:51:29.546661376,13,10067,194,30
26.750654,-107.072005,2026-09-05 04:51:29.969050112,13,5718,252,29
42.277568,-85.433557,2026-09-05 04:51:31.254134272,13,7689,56,43
42.279555,-85.460061,2026-09-05 04:51:31.254182144,13,9190,191,37
42.261098,-85.407973,2026-09-05 04:51:31.254187520,13,9369,92,17
38.047547,-80.341259,2026-09-05 04:51:31.321594112,13,8576,47,75
38.040394,-80.350781,2026-09-05 04:51:31.321601280,13,12778,146,56
42.100765,-85.767249,2026-09-05 04:51:31.720713216,13,14649,78,18
24.495489,-102.982371,2026-09-05 04:51:32.31773952,13,6794,255,25
42.1703,-86.776188,2026-09-05 04:51:32.147667456,13,13238,146,39
42.137292,-86.906758,2026-09-05 04:51:32.147634688,13,9490,114,26
36.075256,-72.217435,2026-09-05 04:51:32.812315136,13,9287,232,38
36.068629,-72.199538,2026-09-05 04:51:32.978101248,13,5499,239,85
36.080042,-72.211981,2026-09-05 04:51:32.978110720,13,5721,142,96
36.160086,-72.314616,2026-09-05 04:51:32.978147328,13,14794,212,77
36.058184,-72.158971,2026-09-05 04:51:32.978153472,13,8678,206,60
42.345675,-85.534862,2026-09-05 04:51:33.663100160,13,10567,88,36
34.359405,-65.585873,2026-09-05 04:51:34.139609600,13,6131,257,29
42.279796,-85.396702,2026-09-05 04:51:34.236702720,13,12707,111,37
34.321313,-65.62057,2026-09-05 04:51:34.900841216,13,6861,244,17
42.158903,-85.988304,2026-09-05 04:51:35.297342976,13,12020,102,41
42.071667,-86.148138,2026-09-05 04:51:35.297380608,13,14762,202,30
17.473316,-93.556532,2026-09-05 04:51:35.507333376,13,12229,252,18
25.944359,-107.272524,2026-09-05 04:51:37.59427840,13,8841,248,37
25.948271,-107.280114,2026-09-05 04:51:37.178093824,13,10469,232,27
25.977845,-107.24595,2026-09-05 04:51:37.285508864,13,13409,251,52
36.630246,-101.726238,2026-09-05 04:51:37.675446784,13,9782,74,53
36.649846,-101.735577,2026-09-05 04:51:37.675514880,13,6585,167,61
36.666115,-101.726778,2026-09-05 04:51:37.675520768,13,9758,179,48
36.633387,-101.707353,2026-09-05 04:51:37.710299136,13,9981,75,54
36.658799,-101.719571,2026-09-05 04:51:37.710367232,13,6336,143,62
36.663033,-101.719384,2026-09-05 04:51:37.710367744,13,11507,153,48
35.866366,-71.719609,2026-09-05 04:51:38.994973696,13,14980,212,28
24.903853,-106.984563,2026-09-05 04:51:39.88684800,13,14780,258,52
23.152504,-106.312204,2026-09-05 04:51:39.232123648,13,10691,243,47
28.215171,-104.043311,2026-09-05 04:51:39.304713216,13,7657,232,58
42.192516,-85.989925,2026-09-05 04:51:40.297919232,13,13831,145,53
42.213603,-86.139819,2026-09-05 04:51:40.297945856,13,13872,85,45
42.157085,-86.679305,2026-09-05 04:51:42.281584384,13,8100,126,30
22.944449,-106.433409,2026-09-05 04:51:43.629836800,13,10611,261,20
42.049535,-85.179981,2026-09-05 04:51:43.779794944,13,11874,66,42
35.970648,-71.762823,2026-09-05 04:51:44.271176448,13,6176,128,111
35.964425,-71.764114,2026-09-05 04:51:44.271178240,13,4924,222,107
36.006714,-71.766621,2026-09-05 04:51:44.271193600,13,3739,259,90
35.947046,-71.728863,2026-09-05 04:51:44.271177216,13,11047,202,66
28.439113,-103.981311,2026-09-05 04:51:44.360681472,13,7311,228,50
37.76526,-101.385044,2026-09-05 04:51:47.108762624,13,5789,126,37
37.757024,-101.394781,2026-09-05 04:51:47.108755456,13,9703,108,25
24.527865,-107.149017,2026-09-05 04:51:47.551703552,13,7563,259,29
24.561083,-107.134704,2026-09-05 04:51:47.792185600,13,9518,259,38
41.942784,-84.242628,2026-09-05 04:51:47.956258304,13,12977,91,53
41.935445,-84.31578,2026-09-05 04:51:48.36689408,13,11140,73,30
41.93587,-84.333404,2026-09-05 04:51:48.36768000,13,12028,145,33
36.030072,-72.135077,2026-09-05 04:51:48.321849344,13,2979,270,66
36.062638,-72.161004,2026-09-05 04:51:48.321865216,13,4654,250,74
36.059552,-72.148972,2026-09-05 04:51:48.321864192,13,8572,221,59
36.037364,-72.082499,2026-09-05 04:51:48.321907712,13,7113,208,40
53.438752,-107.309048,2026-09-05 04:51:50.210373632,13,7576,201,26
42.290357,-86.126678,2026-09-05 04:51:50.365792768,13,12536,145,32
42.231493,-85.986681,2026-09-05 04:51:50.365816576,13,13750,121,18
36.097045,-72.255839,2026-09-05 04:51:50.485663744,13,8051,255,20
22.930659,-106.473531,2026-09-05 04:51:51.225874944,13,13694,261,34
24.712511,-107.002356,2026-09-05 04:51:51.806092288,13,8473,191,49
24.735338,-106.99359,2026-09-05 04:51:51.942281984,13,6209,258,44
34.030393,-65.229382,2026-09-05 04:51:52.338406400,13,4674,174,53
34.145446,-65.313231,2026-09-05 04:51:52.338455296,13,4705,259,25
36.118716,-72.23583,2026-09-05 04:51:53.289440768,13,13439,238,42
36.076028,-72.175841,2026-09-05 04:51:53.289484544,13,12969,198,29
42.290611,-85.402489,2026-09-05 04:51:54.634589952,13,13151,56,38
22.445015,-102.707217,2026-09-05 04:51:54.676378112,13,5723,242,41
42.038265,-85.533398,2026-09-05 04:51:54.974302720,13,14916,85,34
42.061429,-85.521497,2026-09-05 04:51:54.974369024,13,8819,162,23
22.483733,-102.703907,2026-09-05 04:51:55.24992512,13,4226,262,27
41.975306,-85.708157,2026-09-05 04:51:55.67203328,13,7420,156,34
42.011793,-85.510428,2026-09-05 04:51:55.67266816,13,12439,85,21
41.913306,-85.775506,2026-09-05 04:51:55.184563968,13,14679,163,21
30.210858,-106.825075,2026-09-05 04:51:56.517291008,13,8130,207,62
30.505076,-106.768667,2026-09-05 04:51:56.517388288,13,2818,230,49
42.274056,-85.362875,2026-09-05 04:51:57.949213184,13,9685,99,93
42.27944,-85.408441,2026-09-05 04:51:57.949212672,13,9312,137,72
42.288129,-85.411798,2026-09-05 04:51:57.949273088,13,3801,225,55
42.244628,-85.626528,2026-09-05 04:51:58.402011648,13,11722,158,41
42.301317,-85.427817,2026-09-05 04:51:58.402076416,13,11819,123,29
42.250058,-85.627784,2026-09-05 04:51:58.465576960,13,10836,158,24
42.242792,-85.618481,2026-09-05 04:51:58.853477376,13,9804,158,22
41.84159,-84.742862,2026-09-05 04:51:59.291656448,13,7053,146,25
41.842754,-84.731434,2026-09-05 04:51:59.316999168,13,7261,197,21
42.185618,-87.159625,2026-09-05 04:51:59.695918080,13,13648,117,59
42.160152,-86.979256,2026-09-05 04:51:59.710324736,13,12409,74,57
42.169255,-87.039465,2026-09-05 04:51:59.710348800,13,14168,154,81
42.1787,-87.007473,2026-09-05 04:51:59.723156992,13,5054,109,49
42.108259,-87.182741,2026-09-05 04:51:59.980384256,13,6715,212,21
29.26629,-79.263898,2026-09-05 04:52:00.940563712,13,6834,170,45
29.489004,-79.294651,2026-09-05 04:52:00.981945088,13,13704,252,23
42.183145,-86.955101,2026-09-05 04:52:01.773674752,13,8711,179,32
42.261177,-86.731438,2026-09-05 04:52:01.773740544,13,11594,74,19
41.948578,-84.143167,2026-09-05 04:52:02.448960256,13,12035,78,28
42.058643,-85.600979,2026-09-05 04:52:02.749011712,13,13286,121,26
42.080402,-85.58397,2026-09-05 04:52:03.374280960,13,12306,77,40
42.087908,-85.572014,2026-09-05 04:52:03.416041728,13,12923,123,46
42.113484,-85.612016,2026-09-05 04:52:03.416105984,13,5631,158,26
36.794387,-101.608409,2026-09-05 04:52:04.77695232,13,9994,115,21
36.811333,-101.538911,2026-09-05 04:52:04.77725696,13,11351,124,15
28.142855,-104.000417,2026-09-05 04:52:04.136827136,13,8115,211,26
40.28074,-84.169569,2026-09-05 04:52:04.294515200,13,7749,77,64
40.326029,-84.045409,2026-09-05 04:52:04.294553600,13,14790,116,50
40.282731,-84.080627,2026-09-05 04:52:04.309792256,13,8463,157,24
37.201275,-101.35039,2026-09-05 04:52:04.580889344,13,12989,102,38
22.944745,-105.914746,2026-09-05 04:52:04.730937600,13,8690,269,26
22.99892,-105.906329,2026-09-05 04:52:04.873784320,13,6041,265,22
23.192746,-106.300553,2026-09-05 04:52:05.926619904,13,2998,264,21
23.141928,-106.307079,2026-09-05 04:52:05.990177536,13,4818,265,28
23.168709,-106.305563,2026-09-05 04:52:06.237384960,13,4741,265,21
26.906043,-104.420485,2026-09-05 04:52:07.6498304,13,11397,158,73
42.144778,-85.907493,2026-09-05 04:52:07.432668928,13,14189,89,20
24.513983,-107.097641,2026-09-05 04:52:08.657094656,13,7452,261,48
24.493292,-107.102819,2026-09-05 04:52:08.733363456,13,7462,259,52
28.422901,-106.496211,2026-09-05 04:52:09.329111552,13,7037,254,33
35.996748,-72.176835,2026-09-05 04:52:09.412718336,13,6708,250,39
17.461313,-93.609328,2026-09-05 04:52:10.185873152,13,4819,255,42
18.832125,-99.558388,2026-09-05 04:52:10.934505216,13,5767,254,31
29.574929,-107.377366,2026-09-05 04:52:11.710361344,13,7257,259,27
36.004326,-72.181653,2026-09-05 04:52:12.466178304,13,13387,211,25
36.012264,-72.157419,2026-09-05 04:52:12.466165760,13,9860,198,17
42.175926,-86.00296,2026-09-05 04:52:12.768386816,13,14061,170,20
36.460008,-101.83896,2026-09-05 04:52:14.755825920,13,11212,174,33
36.509909,-101.788186,2026-09-05 04:52:14.755853824,13,4226,124,25
39.096733,-74.826399,2026-09-05 04:52:14.949062656,13,6418,210,55
39.077196,-74.809315,2026-09-05 04:52:14.949072128,13,11111,225,44
26.443134,-107.21595,2026-09-05 04:52:14.982788352,13,10842,224,19
36.105253,-71.993565,2026-09-05 04:52:15.542031104,13,13714,247,33
36.063541,-72.144367,2026-09-05 04:52:15.542077696,13,5978,241,21
42.261597,-86.096801,2026-09-05 04:52:15.846457600,13,12771,158,19
42.273107,-86.022464,2026-09-05 04:52:15.846474240,13,8096,132,19
42.198251,-86.283184,2026-09-05 04:52:15.980970240,13,14630,166,21
42.1019,-85.432553,2026-09-05 04:52:16.316529152,13,8250,84,60
42.143304,-85.577809,2026-09-05 04:52:16.316564224,13,13286,159,48
42.094925,-85.424022,2026-09-05 04:52:16.359228672,13,6099,117,44
42.086157,-85.441222,2026-09-05 04:52:16.359236608,13,7745,119,62
42.062186,-85.650496,2026-09-05 04:52:16.359241472,13,7806,248,44
42.100488,-85.442301,2026-09-05 04:52:16.398875392,13,12106,86,41
42.112364,-85.4314,2026-09-05 04:52:16.398936832,13,13834,194,49
42.099308,-85.433039,2026-09-05 04:52:16.475529216,13,9555,74,59
42.102851,-85.468675,2026-09-05 04:52:16.475533056,13,5585,139,76
42.064446,-85.649321,2026-09-05 04:52:16.475535872,13,7852,228,56
42.114666,-85.470229,2026-09-05 04:52:16.475595008,13,7514,157,43
42.110962,-85.391916,2026-09-05 04:52:17.50979328,13,14669,67,108
42.103154,-85.412005,2026-09-05 04:52:17.50985472,13,4420,149,102
42.086676,-85.38718,2026-09-05 04:52:17.51000576,13,10381,159,84
42.088815,-85.395796,2026-09-05 04:52:17.50994688,13,10419,91,60
25.401045,-107.576005,2026-09-05 04:52:18.504982272,13,6528,235,34
42.043958,-85.947008,2026-09-05 04:52:19.823571968,13,10731,148,37
42.009363,-85.846887,2026-09-05 04:52:19.823600128,13,7167,158,29
24.478592,-107.163059,2026-09-05 04:52:21.363351808,13,7820,259,58
24.390458,-107.049958,2026-09-05 04:52:21.448257024,13,9324,208,40
24.477551,-107.142436,2026-09-05 04:52:21.647336448,13,11468,242,53
24.490494,-107.156575,2026-09-05 04:52:21.702864896,13,7355,208,28
24.77213,-106.999396,2026-09-05 04:52:21.904987392,13,8206,258,39
24.447246,-107.162471,2026-09-05 04:52:21.963640576,13,6736,194,36
24.488891,-107.160301,2026-09-05 04:52:22.234895616,13,7147,208,21
24.696478,-106.991122,2026-09-05 04:52:22.294713088,13,10898,204,25
12.492534,-89.025699,2026-09-05 04:52:22.824914688,13,5451,268,60
42.204527,-86.669419,2026-09-05 04:52:23.12910080,13,7970,91,48
36.140953,-72.282494,2026-09-05 04:52:23.486962432,13,12060,247,15
29.374779,-106.633739,2026-09-05 04:52:23.737443072,13,10492,216,47
29.3931,-106.649306,2026-09-05 04:52:23.737448192,13,4596,230,33
35.905343,-71.77125,2026-09-05 04:52:24.167235328,13,11479,218,39
35.87951,-71.744032,2026-09-05 04:52:24.167222784,13,13243,201,25
33.814909,-61.28739,2026-09-05 04:52:25.519240448,13,4968,262,57
17.489422,-93.343027,2026-09-05 04:52:26.4601856,13,5205,265,54
34.467418,-65.721745,2026-09-05 04:52:26.414274048,13,3809,239,55
34.276715,-65.613664,2026-09-05 04:52:26.960103936,13,5722,166,55
34.345003,-65.620676,2026-09-05 04:52:26.960120832,13,7808,250,45
42.233943,-85.644455,2026-09-05 04:52:27.231334912,13,14525,146,21
26.607457,-104.169841,2026-09-05 04:52:27.593890304,13,10521,244,19
35.20797,-68.898971,2026-09-05 04:52:29.150428160,13,13209,238,23
36.050291,-72.433519,2026-09-05 04:52:29.459105536,13,6632,268,36
36.050869,-72.446322,2026-09-05 04:52:29.459175680,13,10914,213,59
36.027276,-72.390938,2026-09-05 04:52:29.459156224,13,7755,206,46
23.143376,-106.334229,2026-09-05 04:52:29.617607424,13,9546,216,19
25.023602,-106.985462,2026-09-05 04:52:29.750771456,13,9165,258,58
24.951411,-106.938085,2026-09-05 04:52:29.814110208,13,10251,190,67
36.122945,-72.21397,2026-09-05 04:52:30.116930048,13,5753,253,51
36.086953,-72.182015,2026-09-05 04:52:30.539407872,13,10480,249,42
36.06047,-72.13304,2026-09-05 04:52:30.539451904,13,2903,223,29
36.07417,-72.195336,2026-09-05 04:52:30.753360896,13,12171,207,28
41.908714,-84.544883,2026-09-05 04:52:31.167451648,13,8772,143,36
41.906016,-84.585612,2026-09-05 04:52:31.167433984,13,6965,253,24
37.038876,-101.414883,2026-09-05 04:52:32.731067904,13,13700,109,24
37.049246,-101.458823,2026-09-05 04:52:32.731056128,13,7649,124,25
37.049827,-101.485594,2026-09-05 04:52:32.765426688,13,13563,136,38
37.045072,-101.480322,2026-09-05 04:52:32.765424128,13,7936,124,25
23.095815,-106.253227,2026-09-05 04:52:32.954438656,13,6294,248,33
42.267421,-86.007528,2026-09-05 04:52:33.669127936,13,10258,103,60
42.286262,-86.074666,2026-09-05 04:52:33.669186304,13,9522,156,47
42.281018,-86.046761,2026-09-05 04:52:33.669185536,13,5341,161,31
42.278324,-85.973719,2026-09-05 04:52:33.868905728,13,5008,142,72
42.261787,-86.010136,2026-09-05 04:52:33.868918528,13,8331,121,58
42.262621,-85.992751,2026-09-05 04:52:33.868986880,13,9333,240,44
42.261421,-86.208588,2026-09-05 04:52:33.950866944,13,11640,152,29
42.284777,-85.998768,2026-09-05 04:52:34.150118656,13,11060,58,55
40.390532,-57.743421,2026-09-05 04:52:34.196382464,13,4019,244,110
36.796317,-101.479309,2026-09-05 04:52:35.436568320,13,11717,189,57
35.994188,-71.945213,2026-09-05 04:52:37.209500672,13,9415,236,56
36.020181,-71.956166,2026-09-05 04:52:37.209518080,13,6042,248,73
35.989917,-71.948512,2026-09-05 04:52:37.209562624,13,9876,194,56
52.003094,-107.780522,2026-09-05 04:52:37.235949056,13,6017,234,22
23.972631,-107.588545,2026-09-05 04:52:37.645738496,13,10141,264,26
27.804724,-104.960146,2026-09-05 04:52:38.1512704,13,13889,137,40
27.810025,-104.823302,2026-09-05 04:52:38.1548032,13,6117,215,28
36.047643,-72.20164,2026-09-05 04:52:39.92134144,13,8630,249,57
36.03739,-72.173529,2026-09-05 04:52:39.92135168,13,8324,246,45
36.008977,-72.176389,2026-09-05 04:52:39.92185088,13,9810,194,32
23.241514,-106.290493,2026-09-05 04:52:39.108318976,13,5283,264,26
23.208457,-106.293736,2026-09-05 04:52:39.198639616,13,8048,264,26
41.878705,-84.196098,2026-09-05 04:52:39.916610816,13,14230,134,19
45.037702,-60.120724,2026-09-05 04:52:40.811457792,13,11848,238,32
17.556012,-93.572492,2026-09-05 04:52:40.845539072,13,4988,253,35
17.515836,-93.611202,2026-09-05 04:52:41.151071232,13,7383,261,39
28.048336,-106.384342,2026-09-05 04:52:41.574664448,13,8490,236,19
24.819334,-107.007141,2026-09-05 04:52:41.696726528,13,10380,203,24
35.881583,-71.728705,2026-09-05 04:52:41.816998144,13,7470,253,24
22.791674,-105.936964,2026-09-05 04:52:42.70342656,13,7656,200,22
43.544295,-98.394595,2026-09-05 04:52:42.339963136,13,14368,111,38
42.289242,-85.463772,2026-09-05 04:52:42.702389504,13,3561,154,27
42.280524,-85.455563,2026-09-05 04:52:42.702392064,13,5233,217,29
42.290634,-85.374178,2026-09-05 04:52:42.854973184,13,10274,80,41
38.022385,-80.487674,2026-09-05 04:52:43.45253632,13,9453,100,27
35.409016,-70.303538,2026-09-05 04:52:43.596839936,13,11245,253,50
35.41234,-70.317047,2026-09-05 04:52:43.596833280,13,6095,216,37
18.885266,-99.556308,2026-09-05 04:52:44.155683584,13,7406,252,88
18.934271,-99.518986,2026-09-05 04:52:44.578832384,13,9934,254,53
18.955395,-99.51301,2026-09-05 04:52:44.785526784,13,4565,262,56
23.151637,-106.440659,2026-09-05 04:52:45.142704128,13,10291,265,37
27.603934,-105.609535,2026-09-05 04:52:45.549216512,13,5786,225,50
36.019717,-72.161233,2026-09-05 04:52:45.703159296,13,7264,221,37
23.204488,-106.313932,2026-09-05 04:52:46.244291840,13,4638,267,34
17.214665,-82.270882,2026-09-05 04:52:47.908916224,13,4586,269,34
18.970706,-99.057114,2026-09-05 04:52:49.72697088,13,4519,261,62
48.837925,-103.577591,2026-09-05 04:52:49.391339264,13,6245,169,27
23.12424,-106.396005,2026-09-05 04:52:51.139610880,13,7081,265,40
23.104803,-106.213454,2026-09-05 04:52:52.17545216,13,6597,265,35
42.241222,-85.994481,2026-09-05 04:52:52.634405888,13,10205,87,22
36.136977,-72.178,2026-09-05 04:52:53.511914240,13,9970,220,40
36.008048,-72.179798,2026-09-05 04:52:53.511927296,13,8180,247,27
42.13509,-85.957468,2026-09-05 04:52:53.573721856,13,13234,119,33
36.6433,-101.754009,2026-09-05 04:52:54.378392320,13,11299,89,113
36.688496,-101.751048,2026-09-05 04:52:54.378405376,13,8374,172,93
36.646981,-101.662844,2026-09-05 04:52:54.378434048,13,6432,106,76
24.702038,-106.952489,2026-09-05 04:52:54.561374976,13,7960,262,59
26.908215,-107.034854,2026-09-05 04:52:54.618017792,13,8154,250,64
24.51654,-106.869678,2026-09-05 04:52:54.704829184,13,10788,259,82
24.711615,-106.967942,2026-09-05 04:52:55.78429696,13,8707,258,66
24.746174,-106.965626,2026-09-05 04:52:55.78440960,13,5005,259,55
26.759711,-106.98073,2026-09-05 04:52:55.169398784,13,5439,176,42
26.648921,-107.025634,2026-09-05 04:52:55.194210816,13,14354,235,36
24.673329,-106.987983,2026-09-05 04:52:55.238588416,13,8973,238,27
24.697475,-106.962969,2026-09-05 04:52:55.489245184,13,5771,258,39
36.067842,-72.188374,2026-09-05 04:52:55.650114304,13,8824,246,31
36.062336,-72.180006,2026-09-05 04:52:55.650176256,13,5933,236,21
37.172478,-101.333669,2026-09-05 04:52:56.401749760,13,11067,102,31
37.177787,-101.351348,2026-09-05 04:52:56.401755904,13,12947,109,18
17.82486,-93.37323,2026-09-05 04:52:56.753679104,13,6399,256,89
25.001309,-107.024387,2026-09-05 04:52:57.252775424,13,6775,237,25
25.002686,-107.017762,2026-09-05 04:52:57.315021056,13,5860,236,24
26.01656,-107.162549,2026-09-05 04:52:57.762634496,13,4102,252,35
25.943422,-107.192133,2026-09-05 04:52:57.762614016,13,8781,245,42
48.858593,-103.48886,2026-09-05 04:52:58.592198400,13,11962,141,28
24.434448,-107.215015,2026-09-05 04:52:58.943533568,13,10403,239,16
35.932412,-72.137742,2026-09-05 04:52:59.53622528,13,13132,254,22
42.190468,-86.804485,2026-09-05 04:52:59.639717376,13,9487,142,25
41.990968,-85.597426,2026-09-05 04:53:00.422624000,13,14639,81,29
18.927399,-99.550097,2026-09-05 04:53:01.999114752,13,6290,255,63
29.39401,-106.712463,2026-09-05 04:53:02.615806464,13,9644,224,44
36.553417,-101.845497,2026-09-05 04:53:03.119893504,13,9921,125,25
42.089071,-85.648909,2026-09-05 04:53:04.664591616,13,13889,156,29
41.885244,-84.298364,2026-09-05 04:53:04.736699648,13,14055,87,52
41.906044,-84.281898,2026-09-05 04:53:04.736776192,13,4317,133,35
41.827883,-84.604116,2026-09-05 04:53:04.736678400,13,9815,260,22
41.917038,-84.379766,2026-09-05 04:53:04.931250688,13,4199,237,32
41.90991,-84.394881,2026-09-05 04:53:05.39772160,13,11421,132,29
41.949441,-85.069241,2026-09-05 04:53:06.577528832,13,12323,94,49
42.037186,-85.216882,2026-09-05 04:53:06.577593088,13,14803,82,36
41.940112,-85.077253,2026-09-05 04:53:06.577621760,13,11787,92,23
29.048113,-79.839105,2026-09-05 04:53:06.671056384,13,14015,160,36
29.062548,-79.835057,2026-09-05 04:53:06.675832576,13,14133,160,29
29.186988,-79.646907,2026-09-05 04:53:06.675889152,13,6816,252,37
52.022676,-107.830647,2026-09-05 04:53:07.655195136,13,11916,218,48
41.86548,-84.752228,2026-09-05 04:53:08.939868928,13,9511,128,82
41.844752,-84.786001,2026-09-05 04:53:08.939871488,13,6168,131,67
41.851101,-84.757669,2026-09-05 04:53:08.939870976,13,10898,75,52
41.837742,-84.839339,2026-09-05 04:53:08.939914496,13,2868,212,39
35.258563,-68.93379,2026-09-05 04:53:09.327688704,13,14493,258,21
24.483487,-107.184141,2026-09-05 04:53:10.72146432,13,10988,239,21
42.088996,-85.485579,2026-09-05 04:53:10.509969664,13,10211,89,66
42.089506,-85.527452,2026-09-05 04:53:10.509970944,13,4131,139,50
42.097539,-85.506122,2026-09-05 04:53:10.647164928,13,6601,95,52
42.053782,-85.586808,2026-09-05 04:53:10.647174144,13,14371,129,59
42.075514,-85.476536,2026-09-05 04:53:10.647212800,13,13738,98,50
42.110273,-85.497763,2026-09-05 04:53:10.745029120,13,13505,75,46
42.086544,-85.503517,2026-09-05 04:53:10.745032192,13,10519,121,59
42.103167,-85.45684,2026-09-05 04:53:10.795960064,13,9757,152,37
42.086265,-85.490537,2026-09-05 04:53:10.894471680,13,7310,78,85
42.074999,-85.479882,2026-09-05 04:53:10.894535936,13,14403,91,32
42.09663,-85.491514,2026-09-05 04:53:11.47560960,13,12034,62,48
42.08121,-85.603178,2026-09-05 04:53:11.353530880,13,11289,103,54
36.758104,-101.516263,2026-09-05 04:53:11.388669696,13,14021,105,78
28.052566,-103.90178,2026-09-05 04:53:11.933614848,13,14209,144,47
28.184037,-103.993628,2026-09-05 04:53:11.933669376,13,5298,235,30
36.050727,-72.190133,2026-09-05 04:53:12.641744640,13,7468,246,34
35.953839,-72.208583,2026-09-05 04:53:12.641764352,13,9562,237,25
34.286258,-65.27921,2026-09-05 04:53:13.32645888,13,9841,170,26
34.340251,-65.420204,2026-09-05 04:53:13.90170368,13,6765,245,27
35.211123,-67.396429,2026-09-05 04:53:13.427271424,13,12211,152,56
35.205256,-67.361113,2026-09-05 04:53:13.427336704,13,6329,217,26
36.090706,-72.200417,2026-09-05 04:53:14.22193408,13,7759,252,113
36.084864,-72.195427,2026-09-05 04:53:14.22198272,13,8445,142,96
36.05471,-72.146959,2026-09-05 04:53:14.22184192,13,10101,220,78
36.069429,-72.155737,2026-09-05 04:53:14.22238720,13,8252,209,63
42.285398,-85.399698,2026-09-05 04:53:14.142368256,13,12415,88,36
42.227119,-85.576818,2026-09-05 04:53:14.142386944,13,7417,206,41
34.261369,-65.720923,2026-09-05 04:53:14.728028928,13,13052,163,43
34.309942,-65.730358,2026-09-05 04:53:14.728049664,13,5055,242,27
29.041125,143.642075,2026-09-05 04:50:12.669406464,14,8133,229,35
29.208493,143.437469,2026-09-05 04:50:12.669492480,14,12772,259,27
30.0262,142.814228,2026-09-05 04:50:33.776219648,14,7104,205,39
30.182109,142.5932,2026-09-05 04:50:33.776315392,14,11731,246,25
30.422022,141.811206,2026-09-05 04:51:08.160153600,14,9227,180,37
30.555933,141.764243,2026-09-05 04:51:08.160200704,14,9926,246,22
16.326234,129.402629,2026-09-05 04:51:43.108166912,14,6008,235,33
29.717014,143.294633,2026-09-05 04:52:22.596219904,14,4995,215,38
30.005346,142.919719,2026-09-05 04:53:04.183055104,14,5494,205,47
29.977283,142.913032,2026-09-05 04:53:05.386104832,14,5426,205,36
12.286817,-89.323585,2026-09-05 04:50:02.496407040,11,5899,242,64
40.192017,-58.238074,2026-09-05 04:50:03.991439104,11,10130,251,212
5.123366,20.029462,2026-09-05 04:50:06.799571968,11,14394,239,37
35.840053,-71.783526,2026-09-05 04:50:14.112110336,11,10964,208,227
34.868671,-66.281758,2026-09-05 04:50:18.756582656,11,14871,229,126
28.412771,-106.466817,2026-09-05 04:50:23.67178752,11,14238,229,61
34.026308,-64.393644,2026-09-05 04:50:39.234497024,11,11815,256,281
34.102708,-64.47456,2026-09-05 04:50:39.291496448,11,11208,265,130
35.493619,-72.665545,2026-09-05 04:50:41.867411200,11,13073,263,91
35.123525,-65.331559,2026-09-05 04:50:51.514509056,11,11747,233,48
41.912441,-84.496797,2026-09-05 04:51:03.596628224,11,5629,150,24
41.902006,-84.505386,2026-09-05 04:51:03.655247616,11,10333,150,26
33.938491,-65.337969,2026-09-05 04:51:23.690614784,11,11865,252,285
33.980911,-66.363919,2026-09-05 04:51:34.900777216,11,7422,266,24
35.943239,-71.710538,2026-09-05 04:51:44.271161344,11,7465,209,179
41.86667,-87.618164,2026-09-05 04:51:59.723198720,11,6429,246,33
33.863418,-61.357002,2026-09-05 04:52:25.519269632,11,9817,253,298
17.490258,-93.356163,2026-09-05 04:52:26.4603648,11,6314,266,82
34.378542,-65.678226,2026-09-05 04:52:26.414278656,11,11891,234,179
34.055254,-63.942957,2026-09-05 04:52:32.234073856,11,7170,257,161
36.008346,-71.943356,2026-09-05 04:52:37.209507840,11,7703,251,146
45.044498,-60.313434,2026-09-05 04:52:40.811499520,11,5817,184,102
41.971908,-85.576644,2026-09-05 04:53:10.745064960,11,13074,167,46
36.781292,-101.495097,2026-09-05 04:53:11.388746240,11,11396,131,27
36.078555,-72.179349,2026-09-05 04:53:14.22193408,11,6695,246,194
40.192017,-58.238074,2026-09-05 04:50:03.991439104,12,10130,251,212
5.123366,20.029462,2026-09-05 04:50:06.799571968,12,14394,239,37
35.840053,-71.783526,2026-09-05 04:50:14.112110336,12,10964,208,226
28.412771,-106.466817,2026-09-05 04:50:23.67178752,12,14238,229,61
34.026308,-64.393644,2026-09-05 04:50:39.234497024,12,11815,256,281
34.102708,-64.47456,2026-09-05 04:50:39.291496448,12,11208,265,214
35.493619,-72.665545,2026-09-05 04:50:41.867411200,12,13073,263,91
35.123541,-65.332528,2026-09-05 04:50:51.514509056,12,11747,233,48
33.938491,-65.337969,2026-09-05 04:51:23.690614784,12,11865,252,286
33.980825,-66.363966,2026-09-05 04:51:34.900776960,12,7420,266,24
35.943239,-71.710538,2026-09-05 04:51:44.271161344,12,7465,209,178
41.86667,-87.618164,2026-09-05 04:51:59.723198720,12,6429,246,39
33.863418,-61.357002,2026-09-05 04:52:25.519269632,12,9817,253,300
17.490258,-93.356163,2026-09-05 04:52:26.4603648,12,6314,266,91
34.378542,-65.678226,2026-09-05 04:52:26.414278656,12,11891,234,180
36.083344,-72.003669,2026-09-05 04:52:37.209534208,12,10685,205,146
41.971908,-85.576644,2026-09-05 04:53:10.745064960,12,13074,167,45
36.078555,-72.179349,2026-09-05 04:53:14.22193408,12,6695,246,195
41.791748,-84.966452,2026-09-05 05:35:12.856344320,1,7791,194,39
41.76566,-84.880278,2026-09-05 05:35:12.856363008,1,10208,145,31
41.965045,-86.470773,2026-09-05 05:35:21.27231488,1,14952,170,23
35.091789,-59.763806,2026-09-05 05:35:29.952177664,1,10959,198,23
42.051099,-86.060531,2026-09-05 05:35:37.810147584,1,8382,218,38
42.089461,-86.257508,2026-09-05 05:35:39.80450816,1,14654,145,29
23.015736,-106.146452,2026-09-05 05:35:57.891011840,1,12312,250,25
34.864245,-37.800363,2026-09-05 05:36:07.71065088,1,13375,219,167
37.105027,-101.294199,2026-09-05 05:36:14.406652160,1,14250,175,32
37.07799,-101.288056,2026-09-05 05:36:14.469737728,1,8465,145,24
37.107059,-101.270845,2026-09-05 05:36:14.557131520,1,11028,145,22
37.113039,-101.27431,2026-09-05 05:36:14.606656256,1,11935,145,23
42.347392,-86.399267,2026-09-05 05:36:15.271999232,1,6990,155,35
18.469827,-99.705072,2026-09-05 05:36:24.180167680,1,9673,264,33
35.83854,-71.668178,2026-09-05 05:36:39.589512960,1,8804,209,39
41.618686,-84.620478,2026-09-05 05:36:46.692422912,1,11946,152,25
28.321428,-52.547247,2026-09-05 05:37:03.510973184,1,10460,192,26
37.155441,-101.168502,2026-09-05 05:37:18.115287296,1,12523,128,29
48.976635,-103.235502,2026-09-05 05:37:21.85692416,1,14032,143,25
29.174687,-79.416963,2026-09-05 05:37:30.37114368,1,11973,166,30
35.810616,-71.344996,2026-09-05 05:37:37.379376896,1,11979,212,30
44.004152,-98.613113,2026-09-05 05:37:53.295705600,1,12227,147,28
35.898428,-58.748731,2026-09-05 05:38:09.511544320,1,7310,236,25
42.058456,-85.963869,2026-09-05 05:38:51.471254528,1,9035,96,40
42.04578,-85.946622,2026-09-05 05:38:51.471255808,1,13831,91,31
43.565691,-98.239646,2026-09-05 05:38:52.719300864,1,12407,128,32
41.664466,-83.709795,2026-09-05 05:38:53.14266368,1,13349,125,40
41.635895,-83.678382,2026-09-05 05:38:53.14284544,1,7255,95,26
36.232436,-80.293197,2026-09-05 05:39:01.581022208,1,10899,203,25
30.068119,143.163247,2026-09-05 05:35:10.789609216,2,4564,211,43
-46.158422,166.892007,2026-09-05 05:35:19.717991168,2,12929,222,27
1.388313,153.08762,2026-09-05 05:35:20.639147520,2,4637,202,24
-39.267916,149.11047,2026-09-05 05:35:34.135751680,2,11801,184,19
-39.277638,149.101691,2026-09-05 05:35:34.191935488,2,13899,182,20
-36.258634,146.956969,2026-09-05 05:35:42.718982144,2,8040,114,22
31.140356,142.450288,2026-09-05 05:35:56.238066688,2,6163,195,44
1.343391,152.753241,2026-09-05 05:36:13.344707584,2,10488,194,19
31.429014,137.18894,2026-09-05 05:36:21.904410624,2,6221,246,29
31.456639,137.181379,2026-09-05 05:36:21.964191744,2,4516,246,27
31.443585,137.175135,2026-09-05 05:36:22.148402432,2,5997,246,25
-39.154963,149.076717,2026-09-05 05:36:28.128553216,2,8220,182,14
-39.143051,149.085592,2026-09-05 05:36:28.175364864,2,13055,180,32
30.083317,143.047589,2026-09-05 05:36:55.561963520,2,4491,208,33
30.073973,143.074525,2026-09-05 05:36:55.965199872,2,4196,209,43
31.402485,137.200419,2026-09-05 05:37:02.911625472,2,14669,247,23
18.165734,155.472595,2026-09-05 05:37:23.164113664,2,5823,205,19
-40.861213,150.364351,2026-09-05 05:37:30.235112960,2,14835,212,18
47.960778,121.219732,2026-09-05 05:37:33.433494016,2,14934,169,14
-38.853799,149.318495,2026-09-05 05:37:40.680046080,2,13515,184,19
30.08592,143.068133,2026-09-05 05:37:46.63961344,2,7241,208,50
1.357251,152.950532,2026-09-05 05:37:49.803170816,2,10766,195,24
18.887935,126.861242,2026-09-05 05:37:52.146979072,2,5955,178,27
53.265043,124.618002,2026-09-05 05:37:55.625786880,2,6328,233,18
31.150831,142.165114,2026-09-05 05:37:56.191538688,2,7511,270,27
-38.447617,148.130977,2026-09-05 05:38:00.871460352,2,10186,160,18
31.636247,138.257157,2026-09-05 05:38:01.720665856,2,13885,252,21
-39.686125,149.200348,2026-09-05 05:38:07.487712768,2,11774,187,27
-39.701932,149.216448,2026-09-05 05:38:07.592964352,2,11218,188,20
-39.287932,149.124661,2026-09-05 05:38:10.301936128,2,7094,183,21
-39.065408,149.347258,2026-09-05 05:38:32.790632960,2,7619,185,21
31.163854,142.179192,2026-09-05 05:38:40.720548608,2,8992,270,29
-0.526183,138.212789,2026-09-05 05:38:41.268186368,2,11455,170,22
15.662776,140.642231,2026-09-05 05:38:42.494541824,2,7063,258,26
16.378942,128.919977,2026-09-05 05:38:47.903541760,2,8713,208,24
-46.087796,166.890699,2026-09-05 05:38:54.128519936,2,14139,190,24
31.17032,137.378836,2026-09-05 05:38:59.725828608,2,14503,252,34
-42.101997,148.55173,2026-09-05 05:39:01.367812864,2,7455,212,24
15.818497,131.984477,2026-09-05 05:39:04.751726080,2,7218,246,35
42.194767,-86.252454,2026-09-05 05:35:03.335354880,3,10205,90,31
23.32449,-106.571634,2026-09-05 05:35:03.349022208,3,12645,264,45
23.337656,-106.56873,2026-09-05 05:35:03.349020416,3,6938,258,33
35.73874,-71.80213,2026-09-05 05:35:03.746068224,3,8090,260,24
35.726208,-71.801544,2026-09-05 05:35:03.901589504,3,9112,226,25
41.600648,-85.069573,2026-09-05 05:35:04.56735232,3,11864,97,38
41.732025,-84.967818,2026-09-05 05:35:04.56771072,3,5367,163,25
22.974625,-106.140389,2026-09-05 05:35:04.840340736,3,6085,265,26
23.011131,-106.15474,2026-09-05 05:35:04.912185344,3,7435,254,33
40.173155,-83.964375,2026-09-05 05:35:05.97725952,3,13306,64,45
40.171389,-84.061846,2026-09-05 05:35:05.97753600,3,10160,111,32
42.074136,-86.155623,2026-09-05 05:35:05.373172224,3,7834,139,49
42.013549,-86.413433,2026-09-05 05:35:05.373190656,3,8404,166,36
42.06128,-86.231367,2026-09-05 05:35:05.373236480,3,4818,235,23
22.972606,-106.143914,2026-09-05 05:35:05.461267200,3,10503,266,65
42.386524,-86.356313,2026-09-05 05:35:12.547459840,3,12198,122,33
42.363189,-86.687047,2026-09-05 05:35:12.547358464,3,5317,252,20
41.79542,-84.877812,2026-09-05 05:35:12.856356608,3,11796,96,58
41.766995,-84.883792,2026-09-05 05:35:12.856365312,3,10980,82,116
41.770378,-84.918375,2026-09-05 05:35:12.856355072,3,7492,200,93
41.749977,-84.888951,2026-09-05 05:35:12.856366080,3,4253,134,75
41.752016,-84.877556,2026-09-05 05:35:12.856373504,3,11753,98,61
41.732966,-84.86075,2026-09-05 05:35:12.856422656,3,10450,99,49
41.739625,-84.624027,2026-09-05 05:35:12.856368896,3,13221,270,31
41.698681,-84.651089,2026-09-05 05:35:13.52815360,3,11744,113,48
41.696384,-84.648249,2026-09-05 05:35:13.52804096,3,7739,130,36
41.724758,-84.662723,2026-09-05 05:35:13.52800768,3,9737,172,23
35.756872,-71.890788,2026-09-05 05:35:13.497048832,3,13082,250,23
41.683595,-84.090336,2026-09-05 05:35:13.563698176,3,10705,123,32
41.746072,-84.101315,2026-09-05 05:35:13.563705856,3,12387,201,21
28.048466,-103.93621,2026-09-05 05:35:13.870333184,3,4120,227,42
28.074093,-103.961212,2026-09-05 05:35:13.955831552,3,8426,227,21
34.612654,-66.495565,2026-09-05 05:35:14.37653248,3,2406,269,25
34.130948,-65.154761,2026-09-05 05:35:15.142917120,3,5358,259,41
34.179203,-65.263838,2026-09-05 05:35:15.142955776,3,7861,230,28
41.8605,-85.449646,2026-09-05 05:35:15.325630720,3,14047,70,26
41.608378,-84.469104,2026-09-05 05:35:15.342069760,3,12623,129,34
41.605045,-84.46128,2026-09-05 05:35:15.342076416,3,9618,164,21
41.813669,-85.726527,2026-09-05 05:35:15.514455296,3,12505,166,24
35.78564,-71.408689,2026-09-05 05:35:23.65964544,3,9733,150,73
35.790548,-71.40755,2026-09-05 05:35:23.65972992,3,6868,267,73
35.865023,-71.471381,2026-09-05 05:35:23.66001920,3,10625,202,56
35.751632,-71.359122,2026-09-05 05:35:23.66014464,3,10471,198,45
35.772839,-71.363189,2026-09-05 05:35:23.66023680,3,9300,228,33
35.776284,-71.391925,2026-09-05 05:35:23.100887552,3,14526,222,35
35.782569,-71.37903,2026-09-05 05:35:23.100881664,3,3508,264,23
35.859658,-71.444504,2026-09-05 05:35:23.143552768,3,3767,266,61
35.999382,-71.490977,2026-09-05 05:35:23.143604224,3,12269,253,48
35.842235,-71.434609,2026-09-05 05:35:23.143604992,3,6216,268,35
28.155778,-78.436128,2026-09-05 05:35:23.669709056,3,3787,257,33
43.696799,-98.308153,2026-09-05 05:35:24.568013824,3,14830,104,24
42.378448,-86.372361,2026-09-05 05:35:25.373042944,3,11556,92,36
42.386044,-86.457247,2026-09-05 05:35:25.373080320,3,6323,219,24
37.69242,-79.658214,2026-09-05 05:35:32.662661120,3,12801,94,55
37.746046,-79.711762,2026-09-05 05:35:32.662690560,3,14651,166,61
37.765626,-79.569753,2026-09-05 05:35:32.662719232,3,11964,124,46
37.731135,-79.644416,2026-09-05 05:35:32.662731520,3,10369,150,33
37.728054,-79.637204,2026-09-05 05:35:32.662739712,3,12504,196,18
41.927904,-85.383973,2026-09-05 05:35:32.811791104,3,12687,158,28
41.863314,-85.433887,2026-09-05 05:35:33.133210368,3,13692,84,37
41.777543,-85.657095,2026-09-05 05:35:33.133212672,3,9571,170,24
45.822372,-99.340368,2026-09-05 05:35:33.206363904,3,10592,111,51
45.800028,-99.482201,2026-09-05 05:35:33.206383360,3,12903,106,39
45.760998,-99.478858,2026-09-05 05:35:33.206394368,3,10051,127,18
34.578513,-66.180526,2026-09-05 05:35:33.459003392,3,5796,262,32
26.733167,-104.176156,2026-09-05 05:35:33.879115520,3,9308,232,20
25.302704,-107.294333,2026-09-05 05:35:40.971652352,3,5459,255,33
25.294576,-107.293044,2026-09-05 05:35:40.971652096,3,7747,256,24
25.233331,-107.2932,2026-09-05 05:35:41.70153984,3,6608,235,21
41.645741,-84.755298,2026-09-05 05:35:41.261403904,3,10437,174,32
41.569227,-84.856306,2026-09-05 05:35:41.261431040,3,8428,158,34
41.60394,-84.741953,2026-09-05 05:35:41.261469184,3,6546,208,21
27.898507,-104.519219,2026-09-05 05:35:41.933439232,3,13294,153,35
33.981311,-65.206346,2026-09-05 05:35:42.250553088,3,6067,171,17
34.085194,-65.234228,2026-09-05 05:35:42.341633024,3,12040,246,23
34.051729,-65.237498,2026-09-05 05:35:42.421674496,3,5800,246,24
40.151565,-83.98904,2026-09-05 05:35:42.522740736,3,7560,158,73
40.162129,-83.94253,2026-09-05 05:35:42.522761984,3,8414,149,58
40.191322,-83.943778,2026-09-05 05:35:42.522832896,3,11208,226,39
40.124217,-83.929735,2026-09-05 05:35:42.522819072,3,14457,95,26
40.13187,-83.938784,2026-09-05 05:35:42.655029504,3,14060,85,47
40.123097,-83.930173,2026-09-05 05:35:42.655034112,3,11527,115,49
40.140934,-84.049388,2026-09-05 05:35:42.655070976,3,14643,203,28
40.115853,-83.940334,2026-09-05 05:35:42.758323968,3,4976,128,44
40.167799,-83.957183,2026-09-05 05:35:42.758385920,3,12857,83,31
34.554145,-66.080292,2026-09-05 05:35:42.781479168,3,4832,241,20
33.982804,-65.193368,2026-09-05 05:35:42.922428672,3,8694,171,39
42.173807,-86.063307,2026-09-05 05:35:50.618273024,3,8704,119,31
42.189948,-85.940971,2026-09-05 05:35:50.618305280,3,4407,160,16
42.372728,-86.591614,2026-09-05 05:35:50.747541248,3,13228,122,21
24.580488,-107.205347,2026-09-05 05:35:58.833983488,3,7634,207,27
41.852341,-85.4086,2026-09-05 05:35:59.276820736,3,12122,84,50
41.828076,-85.633129,2026-09-05 05:35:59.276821248,3,13675,156,37
41.845958,-85.404201,2026-09-05 05:35:59.276880896,3,11789,96,23
41.855177,-85.413106,2026-09-05 05:35:59.304617728,3,14345,84,36
41.877871,-85.399195,2026-09-05 05:35:59.304679424,3,6441,165,23
29.693499,-106.332841,2026-09-05 05:35:59.354230784,3,13530,158,25
45.807871,-99.459125,2026-09-05 05:35:59.847572480,3,10930,126,24
41.880722,-84.744783,2026-09-05 05:36:00.815101952,3,11237,127,67
41.821867,-84.784136,2026-09-05 05:36:00.815106560,3,13356,116,62
41.827683,-84.856676,2026-09-05 05:36:00.815100416,3,8952,162,44
41.805053,-84.796431,2026-09-05 05:36:00.815164672,3,12305,89,29
41.851484,-85.485108,2026-09-05 05:36:01.151989248,3,10665,119,38
41.842348,-85.514155,2026-09-05 05:36:01.151977472,3,7130,143,25
41.78376,-85.033455,2026-09-05 05:36:08.490789120,3,14786,110,33
41.78384,-84.909116,2026-09-05 05:36:08.490822912,3,14357,81,20
34.751461,-66.209806,2026-09-05 05:36:08.784530176,3,11109,266,71
34.869743,-66.255331,2026-09-05 05:36:08.784575744,3,7388,235,57
34.764932,-66.22155,2026-09-05 05:36:08.784589568,3,8269,221,44
34.793824,-66.207517,2026-09-05 05:36:08.784598784,3,12746,250,34
34.777636,-66.211573,2026-09-05 05:36:08.834951424,3,6458,256,28
53.711858,-107.562471,2026-09-05 05:36:08.951150080,3,9532,218,52
34.790632,-66.237274,2026-09-05 05:36:08.966517248,3,5790,174,24
34.77821,-66.213885,2026-09-05 05:36:08.966570496,3,3756,242,40
34.763906,-66.181557,2026-09-05 05:36:08.966558464,3,4556,243,29
35.624788,-71.69055,2026-09-05 05:36:09.39324672,3,9444,224,30
35.67176,-71.792428,2026-09-05 05:36:09.39341312,3,8976,220,18
34.778149,-66.211911,2026-09-05 05:36:09.118806528,3,6642,242,63
34.779918,-66.22557,2026-09-05 05:36:09.118802944,3,4835,229,53
34.33797,-37.746687,2026-09-05 05:36:16.484670976,3,12110,221,57
40.1431,-84.197594,2026-09-05 05:36:16.717684224,3,11314,169,30
40.14901,-83.917814,2026-09-05 05:36:16.717760768,3,6247,186,17
41.782789,-85.42598,2026-09-05 05:36:17.310976000,3,5700,94,46
41.701269,-85.642979,2026-09-05 05:36:17.310994944,3,5414,240,30
41.72477,-84.57125,2026-09-05 05:36:17.365995264,3,2806,117,96
41.719298,-84.596081,2026-09-05 05:36:17.365988608,3,2819,219,85
41.720402,-84.57417,2026-09-05 05:36:17.365994496,3,9584,82,72
41.70654,-84.585729,2026-09-05 05:36:17.365997056,3,7186,160,49
41.681804,-84.554014,2026-09-05 05:36:17.366055424,3,7421,108,30
29.271928,-79.383926,2026-09-05 05:36:24.727843584,3,13946,172,93
29.335604,-79.418378,2026-09-05 05:36:24.727863040,3,9641,254,96
29.33812,-79.405666,2026-09-05 05:36:24.727867904,3,9303,250,85
29.365406,-79.417876,2026-09-05 05:36:24.727884544,3,9837,251,73
29.398008,-79.41067,2026-09-05 05:36:24.727938304,3,12147,268,47
29.372328,-79.396415,2026-09-05 05:36:24.727936000,3,11684,257,34
42.003407,-85.692408,2026-09-05 05:36:24.798276864,3,11534,101,40
41.97712,-85.91303,2026-09-05 05:36:24.798304512,3,11985,149,34
42.032105,-85.707194,2026-09-05 05:36:24.798348800,3,9918,163,18
29.180787,-79.357738,2026-09-05 05:36:24.807968512,3,12016,166,29
29.281492,-79.397669,2026-09-05 05:36:24.897792256,3,7816,175,82
29.318527,-79.404433,2026-09-05 05:36:24.897865472,3,5725,247,64
29.344818,-79.392175,2026-09-05 05:36:25.5778432,3,4881,248,43
41.693627,-84.711,2026-09-05 05:36:32.355472128,3,13845,136,36
41.730089,-84.582655,2026-09-05 05:36:32.355508736,3,8669,210,21
41.763151,-84.449021,2026-09-05 05:36:32.401708800,3,11027,129,44
41.751292,-84.51453,2026-09-05 05:36:32.401684736,3,7448,201,32
35.893561,-71.323606,2026-09-05 05:36:33.30723584,3,5894,221,24
41.625538,-84.927126,2026-09-05 05:36:33.364467712,3,7289,163,33
41.628772,-85.029829,2026-09-05 05:36:33.364436224,3,5374,213,19
34.143368,-65.310005,2026-09-05 05:36:33.883042560,3,5833,249,37
34.157431,-65.346744,2026-09-05 05:36:33.883043072,3,8461,236,24
35.32524,-67.770306,2026-09-05 05:36:33.978074112,3,13960,246,32
34.684311,-65.927956,2026-09-05 05:36:41.648060672,3,9400,158,30
28.10674,-103.895985,2026-09-05 05:36:42.260601088,3,11213,228,25
28.160432,-103.902877,2026-09-05 05:36:42.406308608,3,12301,233,26
42.267181,-86.671422,2026-09-05 05:36:42.477222144,3,14040,174,28
28.038453,-103.895091,2026-09-05 05:36:42.577820160,3,5426,227,35
35.668019,-71.78871,2026-09-05 05:36:43.201413120,3,9637,255,26
22.840831,-105.987322,2026-09-05 05:36:43.365364480,3,7175,200,45
41.602218,-84.676878,2026-09-05 05:36:44.276388608,3,8017,146,23
49.121103,-103.266863,2026-09-05 05:36:44.633465088,3,13468,158,80
48.982671,-103.236422,2026-09-05 05:36:44.633507328,3,8790,137,66
44.089695,-98.760968,2026-09-05 05:36:51.692401664,3,14862,109,22
35.973383,-72.021448,2026-09-05 05:36:53.37326848,3,14817,254,44
41.723858,-84.981519,2026-09-05 05:36:53.562803968,3,2954,132,44
41.749001,-84.987295,2026-09-05 05:36:53.562860032,3,5839,222,31
41.838173,-85.605363,2026-09-05 05:36:54.32798464,3,5686,90,34
41.845671,-85.582152,2026-09-05 05:36:54.75195136,3,13809,94,36
41.847857,-85.594362,2026-09-05 05:36:54.75200000,3,13820,141,48
41.867718,-85.582721,2026-09-05 05:36:54.75263232,3,10107,127,34
41.725876,-84.525282,2026-09-05 05:36:54.380892416,3,6483,132,29
41.737488,-84.493161,2026-09-05 05:36:54.380903168,3,6800,150,16
26.396009,-104.511066,2026-09-05 05:36:54.471728896,3,8093,228,34
41.717563,-84.443718,2026-09-05 05:36:54.600744704,3,9049,146,32
41.740246,-84.48733,2026-09-05 05:36:54.600728832,3,6468,199,18
42.36582,-86.395042,2026-09-05 05:36:54.778213632,3,13691,122,35
40.416325,-84.466055,2026-09-05 05:37:02.204097792,3,11349,119,36
40.52077,-84.322038,2026-09-05 05:37:02.204153600,3,13659,121,23
41.745507,-84.905079,2026-09-05 05:37:02.515816960,3,7085,192,32
41.833859,-85.417115,2026-09-05 05:37:02.646577152,3,14912,116,49
41.788632,-85.419336,2026-09-05 05:37:02.646568192,3,14571,198,33
34.801863,-66.97402,2026-09-05 05:37:02.683994624,3,5471,263,28
34.804347,-66.992982,2026-09-05 05:37:02.684002304,3,12876,235,16
17.211791,-82.059075,2026-09-05 05:37:03.489453056,3,3506,268,26
26.528264,-107.274812,2026-09-05 05:37:04.44883456,3,14786,262,30
27.06302,-107.064151,2026-09-05 05:37:04.45081344,3,7047,249,76
15.077215,-50.968586,2026-09-05 05:37:11.140684032,3,12401,178,29
41.581023,-84.92542,2026-09-05 05:37:11.286551040,3,11889,150,20
41.789986,-84.810295,2026-09-05 05:37:11.337708544,3,7932,100,42
41.811654,-84.895981,2026-09-05 05:37:11.337743616,3,12450,106,31
41.852158,-84.775258,2026-09-05 05:37:11.337788928,3,11296,171,17
34.569276,-66.071599,2026-09-05 05:37:11.545265664,3,8821,244,46
34.623023,-66.114557,2026-09-05 05:37:11.545285120,3,6062,255,32
34.586119,-66.061704,2026-09-05 05:37:11.647010304,3,7058,258,49
34.622307,-66.11993,2026-09-05 05:37:11.647026432,3,4064,255,35
35.623817,-71.778877,2026-09-05 05:37:11.696550144,3,5931,256,27
41.642618,-84.980009,2026-09-05 05:37:11.955889408,3,13768,83,37
41.755771,-84.905734,2026-09-05 05:37:11.955930624,3,14233,83,24
40.081025,-83.965761,2026-09-05 05:37:12.400826880,3,4087,127,74
40.086643,-83.948509,2026-09-05 05:37:12.400824064,3,10479,114,61
40.075765,-83.941982,2026-09-05 05:37:12.400891136,3,4993,146,48
40.081091,-84.017582,2026-09-05 05:37:12.400874752,3,4156,210,33
40.085896,-83.925066,2026-09-05 05:37:12.400888320,3,14958,100,15
41.927251,-85.262243,2026-09-05 05:37:12.440951808,3,11905,94,43
41.873136,-85.202913,2026-09-05 05:37:12.440960000,3,4615,215,30
34.535922,-66.407907,2026-09-05 05:37:19.627935488,3,12699,147,23
41.626726,-84.181063,2026-09-05 05:37:19.836265728,3,14353,119,49
41.624532,-84.196915,2026-09-05 05:37:19.836259840,3,13160,83,37
41.68925,-84.15248,2026-09-05 05:37:19.897973248,3,10939,54,31
49.012192,-103.103315,2026-09-05 05:37:21.85718784,3,11709,187,77
48.999391,-103.074167,2026-09-05 05:37:21.85719040,3,13501,155,64
48.939777,-103.093105,2026-09-05 05:37:21.85727488,3,7569,214,50
26.835384,-105.827495,2026-09-05 05:37:21.135616256,3,6840,234,27
49.002469,-103.104748,2026-09-05 05:37:21.281075712,3,8245,142,29
41.670738,-83.968095,2026-09-05 05:37:21.567980544,3,12822,88,33
41.660008,-84.004359,2026-09-05 05:37:21.567970560,3,9086,115,20
52.773435,-107.6075,2026-09-05 05:37:21.897037056,3,7560,121,73
46.758588,-100.004261,2026-09-05 05:37:29.34321664,3,11147,127,22
35.813188,-71.351512,2026-09-05 05:37:37.379378944,3,6754,132,90
35.797027,-71.348692,2026-09-05 05:37:37.379377664,3,7091,229,69
35.899556,-71.422631,2026-09-05 05:37:37.379421952,3,9006,211,52
35.788154,-71.273873,2026-09-05 05:37:37.379422720,3,6180,227,42
35.799273,-71.316909,2026-09-05 05:37:37.397548032,3,13575,200,31
35.804544,-71.343706,2026-09-05 05:37:37.397552384,3,9822,200,19
22.334146,-105.794954,2026-09-05 05:37:37.411581696,3,11246,203,54
42.396135,-86.393703,2026-09-05 05:37:44.521180416,3,14108,71,15
42.348847,-86.414378,2026-09-05 05:37:44.521251328,3,14661,162,19
25.340509,-107.580975,2026-09-05 05:37:44.914361344,3,8764,256,26
25.336652,-107.584773,2026-09-05 05:37:44.914358272,3,6221,258,25
26.560036,-107.150087,2026-09-05 05:37:44.988058880,3,9225,247,56
26.497844,-107.169425,2026-09-05 05:37:44.988035584,3,9196,251,56
26.555821,-107.148809,2026-09-05 05:37:44.988053504,3,6257,257,50
26.453144,-107.177575,2026-09-05 05:37:44.988024576,3,14935,243,42
13.277989,-88.611001,2026-09-05 05:37:45.276510464,3,8807,270,37
34.163534,-65.363204,2026-09-05 05:37:45.981704704,3,3465,262,44
34.155218,-65.361916,2026-09-05 05:37:45.981702656,3,4620,260,29
24.585996,-107.433573,2026-09-05 05:37:53.261192448,3,9635,194,17
44.039825,-98.609376,2026-09-05 05:37:53.295635200,3,12988,82,83
44.006882,-98.614324,2026-09-05 05:37:53.295705600,3,10817,118,69
44.003088,-98.620933,2026-09-05 05:37:53.295700224,3,6218,133,51
44.033238,-98.60656,2026-09-05 05:37:53.295709440,3,9121,139,36
43.997906,-98.669609,2026-09-05 05:37:53.295696128,3,6027,235,15
24.658744,-107.420454,2026-09-05 05:37:53.457331968,3,9791,259,20
18.704842,-99.556567,2026-09-05 05:38:00.563765248,3,5729,253,27
41.880115,-85.524781,2026-09-05 05:38:00.805100288,3,12754,159,21
18.178459,-92.889397,2026-09-05 05:38:00.835854592,3,8652,270,30
36.648684,-101.598201,2026-09-05 05:38:00.943008512,3,11213,114,36
36.658325,-101.56624,2026-09-05 05:38:00.943013376,3,12761,175,22
41.913486,-85.795227,2026-09-05 05:38:01.138942720,3,8338,149,19
42.03158,-85.930991,2026-09-05 05:38:02.419122432,3,6444,121,54
42.051398,-85.944679,2026-09-05 05:38:02.419130112,3,7283,125,108
42.016631,-85.93749,2026-09-05 05:38:02.419131904,3,9690,157,88
42.011269,-86.00253,2026-09-05 05:38:02.419124992,3,9123,242,68
42.089695,-86.40646,2026-09-05 05:38:02.836136960,3,13393,157,25
35.723175,-71.712249,2026-09-05 05:38:03.8397568,3,7092,255,42
35.693537,-71.585597,2026-09-05 05:38:03.8429312,3,8390,227,31
25.12439,-107.447279,2026-09-05 05:38:11.75012864,3,14402,190,32
25.233235,-107.436388,2026-09-05 05:38:11.75052800,3,9986,247,20
25.723084,-107.323584,2026-09-05 05:38:11.486597120,3,6553,250,50
25.714623,-107.340845,2026-09-05 05:38:11.486650880,3,3919,256,74
25.721379,-107.358556,2026-09-05 05:38:12.76483584,3,10428,259,50
25.075879,-107.220012,2026-09-05 05:38:12.662695936,3,12843,203,60
34.60847,-66.507888,2026-09-05 05:38:19.945963776,3,5237,264,37
34.58815,-66.483483,2026-09-05 05:38:19.945954560,3,6538,259,24
28.031446,-103.950387,2026-09-05 05:38:20.231684096,3,10033,217,25
49.033971,-103.209568,2026-09-05 05:38:20.540355840,3,14498,143,21
28.119303,-103.976955,2026-09-05 05:38:20.929741056,3,5869,226,28
25.217812,-107.331282,2026-09-05 05:38:21.385632768,3,10590,236,22
35.698017,-71.941658,2026-09-05 05:38:21.654169856,3,13569,231,38
18.049424,-99.812657,2026-09-05 05:38:21.860414720,3,7751,258,16
26.810692,-107.133558,2026-09-05 05:38:29.878746112,3,11484,245,52
26.943092,-107.212314,2026-09-05 05:38:29.878787584,3,7998,230,42
26.985215,-107.156164,2026-09-05 05:38:30.441768960,3,5751,249,29
27.113851,-107.034937,2026-09-05 05:38:30.441827072,3,6850,266,53
26.883023,-107.197257,2026-09-05 05:38:30.461253888,3,14088,228,22
41.696227,-84.444465,2026-09-05 05:38:30.596545536,3,9164,115,37
41.670729,-84.434816,2026-09-05 05:38:30.596543232,3,6083,161,24
41.682474,-84.477477,2026-09-05 05:38:32.86472192,3,13502,115,42
41.652732,-84.47866,2026-09-05 05:38:32.86459136,3,11135,92,29
49.089757,-103.150452,2026-09-05 05:38:32.551047680,3,8613,153,16
49.047812,-103.177057,2026-09-05 05:38:32.551104000,3,9715,137,89
41.785715,-84.806543,2026-09-05 05:38:39.670952192,3,11381,112,27
36.667526,-101.607571,2026-09-05 05:38:39.718483456,3,11475,97,69
36.680979,-101.727718,2026-09-05 05:38:39.718517248,3,9817,165,55
36.717019,-101.598461,2026-09-05 05:38:39.718548736,3,11803,160,40
36.784451,-101.587394,2026-09-05 05:38:39.718576128,3,13806,246,27
41.719489,-85.059853,2026-09-05 05:38:39.727187712,3,9731,152,28
41.784388,-84.815045,2026-09-05 05:38:39.727259136,3,9542,151,16
36.701543,-101.60121,2026-09-05 05:38:39.806368512,3,12376,117,58
36.718281,-101.595603,2026-09-05 05:38:39.806372864,3,10697,160,45
35.798201,-71.820595,2026-09-05 05:38:39.817668864,3,8927,251,33
35.681509,-71.790264,2026-09-05 05:38:39.817674752,3,12200,212,20
35.68752,-71.719747,2026-09-05 05:38:40.4078336,3,11722,206,24
36.701836,-101.592117,2026-09-05 05:38:40.107114752,3,9438,98,71
36.718664,-101.591005,2026-09-05 05:38:40.107186176,3,5465,147,58
36.72679,-101.588652,2026-09-05 05:38:40.107186688,3,5000,147,46
35.668027,-71.706443,2026-09-05 05:38:40.128133376,3,14443,207,23
36.694557,-101.581539,2026-09-05 05:38:40.299086336,3,8483,98,92
40.236639,-84.008014,2026-09-05 05:38:40.301341952,3,11662,99,74
34.436171,-60.171276,2026-09-05 05:38:47.317559808,3,4227,269,54
34.472321,-60.253379,2026-09-05 05:38:47.339014656,3,5616,266,29
42.041813,-86.168348,2026-09-05 05:38:54.664285184,3,10202,98,59
42.030965,-86.125191,2026-09-05 05:38:54.664303616,3,13288,147,47
42.032798,-86.240065,2026-09-05 05:38:54.664325888,3,7958,161,33
41.992655,-86.431987,2026-09-05 05:38:54.925665280,3,6326,151,37
42.031864,-86.25238,2026-09-05 05:38:54.925710592,3,4653,190,24
34.194721,-65.014413,2026-09-05 05:39:02.497339136,3,6517,190,74
34.34891,-65.102906,2026-09-05 05:39:02.497406720,3,12293,259,59
34.183497,-64.972066,2026-09-05 05:39:02.497388544,3,9900,235,49
34.229043,-64.97779,2026-09-05 05:39:02.497411584,3,5167,262,34
41.832775,-85.584747,2026-09-05 05:35:52.590157824,4,13819,60,19
31.140698,142.450048,2026-09-05 05:35:56.238066432,4,6161,195,46
41.788384,-84.947385,2026-09-05 05:36:03.181648384,4,13131,98,22
31.439255,137.182856,2026-09-05 05:36:21.904414976,4,5086,246,31
31.465482,137.176392,2026-09-05 05:36:21.964195328,4,3969,246,29
31.425839,137.180837,2026-09-05 05:36:22.148395776,4,3310,246,27
29.565919,143.32248,2026-09-05 05:36:32.594753024,4,4797,217,32
41.774831,-84.896715,2026-09-05 05:36:46.506601728,4,12316,62,21
30.069159,143.07999,2026-09-05 05:36:55.965201152,4,2956,209,44
31.402485,137.200419,2026-09-05 05:37:02.911625472,4,14669,247,24
30.08592,143.068133,2026-09-05 05:37:46.63961344,4,7241,208,53
18.887935,126.861242,2026-09-05 05:37:52.146979072,4,5955,178,30
31.151173,142.164032,2026-09-05 05:37:56.191539200,4,7520,270,27
31.656497,138.205771,2026-09-05 05:38:01.720666880,4,13955,251,21
42.036858,-85.959094,2026-09-05 05:38:02.419127808,4,14002,61,22
49.032049,-103.198311,2026-09-05 05:38:32.551105024,4,13895,144,18
31.163761,142.179474,2026-09-05 05:38:40.720548608,4,8989,270,31
41.650937,-83.708124,2026-09-05 05:38:53.14275584,4,14713,63,17
31.619523,-60.56889,2026-09-05 05:38:58.39872256,4,14148,258,28
31.169348,137.378588,2026-09-05 05:38:59.725828352,4,14512,252,38
13.714192,-95.275134,2026-09-05 05:35:16.595046912,7,4780,268,17
28.009983,-78.482429,2026-09-05 05:35:23.669651968,7,3995,194,19
9.338276,-72.963949,2026-09-05 05:35:28.530772224,7,9451,204,16
18.186071,-92.760851,2026-09-05 05:35:33.885092096,7,5774,240,16
27.898761,-104.533306,2026-09-05 05:35:41.933436928,7,13069,182,15
18.749976,-99.521272,2026-09-05 05:35:44.130578432,7,5210,255,17
18.735007,-99.532717,2026-09-05 05:35:44.193802240,7,6153,253,15
18.753272,-99.549586,2026-09-05 05:35:53.939269376,7,7804,262,17
9.120187,-72.55519,2026-09-05 05:35:54.594996480,7,8072,225,19
22.730979,-106.060129,2026-09-05 05:35:56.767450880,7,11721,261,18
22.93621,-106.323428,2026-09-05 05:35:57.890952960,7,5159,249,19
18.379574,-99.819448,2026-09-05 05:36:24.180119552,7,6528,255,23
29.269394,-79.395796,2026-09-05 05:36:24.727847424,7,10594,168,20
24.516717,-107.408109,2026-09-05 05:36:40.520625152,7,14351,201,13
27.980567,-104.026801,2026-09-05 05:36:42.577782784,7,9908,207,12
22.943181,-105.979516,2026-09-05 05:36:43.365394176,7,9211,261,14
17.216711,-82.056514,2026-09-05 05:37:03.489457920,7,4480,268,13
28.449565,-52.677372,2026-09-05 05:37:03.511036928,7,6457,234,26
26.984619,-107.220206,2026-09-05 05:37:04.45030400,7,7877,244,21
29.38167,-79.413441,2026-09-05 05:37:15.906973184,7,3437,248,21
29.317747,-79.399617,2026-09-05 05:37:15.906955520,7,5901,226,12
26.701463,-105.967127,2026-09-05 05:37:21.135555840,7,13208,213,11
27.073083,-105.424786,2026-09-05 05:37:23.501606656,7,11733,240,12
27.564074,-79.907582,2026-09-05 05:37:23.813005312,7,3561,165,22
27.660114,-79.834233,2026-09-05 05:37:23.813048320,7,5042,232,13
28.480097,-106.664896,2026-09-05 05:37:24.168635648,7,13351,237,18
17.582864,-94.284673,2026-09-05 05:37:25.550553344,7,3878,255,15
26.970398,-107.237401,2026-09-05 05:37:27.104934400,7,7284,194,20
27.846965,-104.612277,2026-09-05 05:37:42.486744832,7,10460,133,16
26.409895,-107.337495,2026-09-05 05:37:44.987972096,7,3606,177,17
26.931887,-107.285392,2026-09-05 05:37:50.967693312,7,14035,247,18
26.789808,-107.474305,2026-09-05 05:37:51.250525952,7,9325,198,15
27.752631,-104.750646,2026-09-05 05:37:53.755491840,7,9915,166,17
17.33339,-94.347592,2026-09-05 05:37:55.442427392,7,2354,258,24
18.681423,-99.568068,2026-09-05 05:38:00.563755776,7,3848,253,13
18.060339,-92.97379,2026-09-05 05:38:00.835808256,7,7985,225,19
25.200122,-107.284579,2026-09-05 05:38:12.662737152,7,14481,255,16
27.907405,-104.465225,2026-09-05 05:38:23.54759424,7,12723,171,16
12.848258,-88.907271,2026-09-05 05:38:33.481441024,7,4369,238,22
28.578429,-106.755041,2026-09-05 05:38:52.892337920,7,9203,240,15
11.972827,-95.922865,2026-09-05 05:38:55.398800128,7,9816,230,18
28.003843,-49.969066,2026-09-05 05:38:45.258159872,5,11290,223,47
30.031374,143.191565,2026-09-05 05:35:10.789642240,9,5935,257,19
30.277101,142.865151,2026-09-05 05:35:11.108871168,9,8384,255,24
30.36063,144.130566,2026-09-05 05:35:18.130212608,9,7373,252,22
51.760533,121.827916,2026-09-05 05:35:32.528558848,9,5648,212,15
29.222367,99.721247,2026-09-05 05:35:34.416161792,9,5723,264,41
31.428984,137.188932,2026-09-05 05:36:21.904410624,9,6221,246,30
31.456639,137.181379,2026-09-05 05:36:21.964191744,9,4516,246,28
31.425189,137.180484,2026-09-05 05:36:22.148393984,9,3310,246,23
29.552743,143.328747,2026-09-05 05:36:32.594794752,9,5515,257,20
31.436321,137.185088,2026-09-05 05:37:02.911624448,9,5463,246,23
31.42942,137.178385,2026-09-05 05:37:02.913666560,9,2773,255,22
18.43696,155.259018,2026-09-05 05:37:23.164237568,9,6648,229,24
31.246138,142.036355,2026-09-05 05:37:24.653944064,9,4430,269,21
47.958955,121.21903,2026-09-05 05:37:33.433496064,9,14584,176,12
53.223318,124.600869,2026-09-05 05:37:55.625792256,9,4972,233,19
31.177681,142.130058,2026-09-05 05:37:56.191553536,9,3529,269,27
31.157582,142.152563,2026-09-05 05:37:56.191545344,9,5289,270,16
31.677811,138.222444,2026-09-05 05:38:01.720670720,9,5565,251,21
42.034645,-85.972502,2026-09-05 05:38:02.419131392,9,13892,94,13
31.163914,142.179012,2026-09-05 05:38:40.720548608,9,8994,270,27
31.285867,142.119861,2026-09-05 05:38:40.720590080,9,13188,219,12
31.836476,141.818995,2026-09-05 05:38:54.276636672,9,11008,267,12
31.276684,142.058672,2026-09-05 05:38:59.525530368,9,5762,269,20
31.4475,137.210714,2026-09-05 05:38:59.725908480,9,3452,247,37
31.493329,137.177155,2026-09-05 05:38:59.725925888,9,5464,256,20
15.818544,131.98444,2026-09-05 05:39:04.751726080,9,7221,246,36
40.260644,-83.936714,2026-09-05 05:35:00.482780928,13,8599,119,18
52.427555,-105.395115,2026-09-05 05:35:01.403229440,13,7096,205,53
42.19837,-86.365771,2026-09-05 05:35:02.816019456,13,12198,132,31
42.189625,-86.221802,2026-09-05 05:35:02.816056576,13,7891,153,18
23.293132,-106.583441,2026-09-05 05:35:03.349005056,13,6073,264,49
35.738722,-71.802123,2026-09-05 05:35:03.746068224,13,8090,260,25
35.726238,-71.801566,2026-09-05 05:35:03.901589504,13,9112,226,26
41.733951,-84.955254,2026-09-05 05:35:04.56781824,13,11968,111,37
41.716582,-85.043462,2026-09-05 05:35:04.56751360,13,7073,217,21
23.012175,-106.153587,2026-09-05 05:35:04.912185856,13,4543,254,34
40.17316,-83.964378,2026-09-05 05:35:05.97725952,13,13305,64,43
18.501991,-99.710883,2026-09-05 05:35:05.826873344,13,6156,254,63
35.759659,-71.711391,2026-09-05 05:35:06.87780096,13,7213,260,75
41.841694,-84.61729,2026-09-05 05:35:07.343961344,13,11688,129,99
41.810572,-84.625922,2026-09-05 05:35:07.343968768,13,9639,91,82
41.821247,-84.663163,2026-09-05 05:35:07.343960064,13,8317,211,59
41.69898,-84.192501,2026-09-05 05:35:07.848372480,13,7172,123,51
44.048393,-98.697439,2026-09-05 05:35:09.140137984,13,4319,173,111
44.052525,-98.723888,2026-09-05 05:35:09.140146944,13,11112,96,104
34.587945,-66.121105,2026-09-05 05:35:09.528648704,13,8815,169,84
41.923257,-85.443636,2026-09-05 05:35:11.399845120,13,12521,99,38
41.916458,-85.45521,2026-09-05 05:35:11.399910144,13,6659,212,37
37.157678,-100.991257,2026-09-05 05:35:11.486125056,13,8173,91,20
37.126385,-101.006228,2026-09-05 05:35:11.730666240,13,10094,91,23
41.793614,-84.444659,2026-09-05 05:35:11.797626112,13,13132,162,25
24.287417,-103.55668,2026-09-05 05:35:11.877689344,13,8157,235,27
34.120697,-65.317941,2026-09-05 05:35:11.953084416,13,7567,259,17
35.73116,-72.42315,2026-09-05 05:35:12.234725888,13,7328,251,81
35.734268,-72.42758,2026-09-05 05:35:12.234730496,13,7181,247,64
35.698351,-72.389252,2026-09-05 05:35:12.234773760,13,11987,196,50
35.745829,-72.427527,2026-09-05 05:35:12.234798848,13,12913,193,37
35.708499,-72.361398,2026-09-05 05:35:12.308470528,13,8604,229,38
35.693358,-72.338199,2026-09-05 05:35:12.308466432,13,5890,241,47
42.372222,-86.527443,2026-09-05 05:35:12.432303872,13,5128,151,25
42.37334,-86.646518,2026-09-05 05:35:12.547365632,13,14575,173,34
42.420926,-86.386457,2026-09-05 05:35:12.547449600,13,9410,162,21
41.773502,-84.881044,2026-09-05 05:35:12.856351744,13,12249,75,132
41.772504,-84.917102,2026-09-05 05:35:12.856355072,13,2165,223,120
41.774298,-84.909955,2026-09-05 05:35:12.856357376,13,10845,138,105
35.666309,-71.779929,2026-09-05 05:35:13.497006336,13,7275,237,25
27.728922,-103.90976,2026-09-05 05:35:13.870226688,13,11943,212,25
34.536379,-66.406,2026-09-05 05:35:14.37625856,13,6863,165,21
34.562608,-66.449078,2026-09-05 05:35:14.37632000,13,8082,239,17
42.116197,-86.185579,2026-09-05 05:35:14.205530368,13,14120,64,21
34.189897,-65.289894,2026-09-05 05:35:15.142964480,13,8148,258,30
34.181209,-65.266636,2026-09-05 05:35:15.142956800,13,7497,237,34
46.889907,-100.160655,2026-09-05 05:35:15.626581248,13,13982,182,16
41.808452,-85.705144,2026-09-05 05:35:15.646830848,13,8797,165,29
35.414778,-70.331004,2026-09-05 05:35:15.755903744,13,11762,238,34
35.380472,-70.261236,2026-09-05 05:35:15.755876352,13,2847,239,26
41.626799,-84.668657,2026-09-05 05:35:16.103481600,13,11241,136,30
41.749536,-84.594559,2026-09-05 05:35:16.103516928,13,5681,214,19
35.678139,-71.91029,2026-09-05 05:35:16.994576640,13,8868,226,27
41.68626,-84.125777,2026-09-05 05:35:17.66472448,13,11339,103,23
41.788527,-85.747778,2026-09-05 05:35:18.150747392,13,12731,223,26
41.797387,-85.521327,2026-09-05 05:35:18.215286272,13,12822,110,77
41.818568,-85.562561,2026-09-05 05:35:18.215273728,13,4886,141,61
41.818794,-85.52933,2026-09-05 05:35:18.215338240,13,7837,99,42
41.802643,-85.524739,2026-09-05 05:35:18.215341824,13,11924,90,30
41.701539,-84.731335,2026-09-05 05:35:18.352750848,13,12078,93,82
41.706675,-84.750732,2026-09-05 05:35:18.352743680,13,6519,134,85
38.993626,-75.049223,2026-09-05 05:35:18.699896832,13,8295,150,53
39.001251,-75.046046,2026-09-05 05:35:18.699904000,13,11728,178,43
38.985636,-74.991957,2026-09-05 05:35:18.699952128,13,7903,204,23
37.027664,-101.259329,2026-09-05 05:35:18.852945664,13,13606,110,15
36.650467,-101.605796,2026-09-05 05:35:19.11324416,13,7926,96,62
36.72264,-101.647407,2026-09-05 05:35:19.11393280,13,4991,143,49
36.695095,-101.605216,2026-09-05 05:35:19.315187200,13,9435,143,34
36.679973,-101.655761,2026-09-05 05:35:19.462278144,13,9427,124,35
36.688206,-101.638045,2026-09-05 05:35:19.462278912,13,9803,132,25
36.712258,-101.600188,2026-09-05 05:35:19.561524224,13,9753,137,29
36.685442,-101.615897,2026-09-05 05:35:19.645318400,13,10108,98,34
36.701408,-101.61942,2026-09-05 05:35:19.645325568,13,7164,160,20
36.661732,-101.607033,2026-09-05 05:35:19.794157824,13,12839,96,82
36.703916,-101.61737,2026-09-05 05:35:19.794233856,13,11401,166,67
41.908512,-85.844511,2026-09-05 05:35:20.10648320,13,11501,199,19
42.031023,-86.257883,2026-09-05 05:35:21.27226112,13,14531,99,55
42.046684,-86.246604,2026-09-05 05:35:21.27303680,13,7126,131,18
41.728517,-84.58972,2026-09-05 05:35:21.294961664,13,6670,103,45
41.739232,-84.612266,2026-09-05 05:35:21.295017472,13,13705,124,31
41.819237,-84.973233,2026-09-05 05:35:21.905467136,13,9973,100,59
41.791637,-84.997362,2026-09-05 05:35:21.905466368,13,7275,155,46
41.795855,-84.980997,2026-09-05 05:35:21.905526784,13,9431,185,32
45.799738,-99.452479,2026-09-05 05:35:22.51301376,13,14721,136,35
24.962954,-107.209169,2026-09-05 05:35:22.137218560,13,4409,247,36
24.83847,-107.196782,2026-09-05 05:35:22.208838400,13,12348,191,29
35.782023,-71.407152,2026-09-05 05:35:23.65963776,13,8891,150,85
35.816661,-71.420194,2026-09-05 05:35:23.65982208,13,3105,267,86
35.842817,-71.445612,2026-09-05 05:35:23.65989376,13,7094,202,73
35.857887,-71.464984,2026-09-05 05:35:23.65993216,13,13243,202,59
43.696796,-98.308163,2026-09-05 05:35:24.568013824,13,14831,104,24
41.612453,-85.143305,2026-09-05 05:35:25.797707264,13,4596,215,19
35.130305,-68.699783,2026-09-05 05:35:26.572742400,13,8195,252,22
35.129488,-68.73526,2026-09-05 05:35:26.576402176,13,7684,249,29
35.081109,-68.634116,2026-09-05 05:35:26.576371712,13,6498,240,16
41.716461,-85.71475,2026-09-05 05:35:27.265928960,13,9302,167,26
34.815197,-66.279608,2026-09-05 05:35:27.510129152,13,7976,238,35
34.32782,-62.680693,2026-09-05 05:35:29.208133888,13,14601,265,16
40.084701,-84.043808,2026-09-05 05:35:29.684687104,13,14630,118,18
42.081379,-86.17452,2026-09-05 05:35:29.996229632,13,13030,66,44
42.076127,-86.200494,2026-09-05 05:35:29.996233472,13,6391,239,73
42.090812,-86.223701,2026-09-05 05:35:29.996229376,13,13218,187,57
42.061097,-86.188583,2026-09-05 05:35:30.44813568,13,12674,75,55
42.070851,-86.21585,2026-09-05 05:35:30.44809216,13,8375,149,81
42.064985,-86.209214,2026-09-05 05:35:30.44818944,13,6958,187,66
42.051236,-86.280125,2026-09-05 05:35:30.44857600,13,5968,222,50
42.077404,-86.162879,2026-09-05 05:35:30.117271296,13,8821,80,57
42.08141,-86.226554,2026-09-05 05:35:30.117268480,13,3027,245,67
42.060829,-86.168139,2026-09-05 05:35:30.117343232,13,10224,159,53
42.091767,-86.212842,2026-09-05 05:35:30.117330688,13,4839,161,39
42.107882,-86.338483,2026-09-05 05:35:30.199286016,13,12031,97,50
42.067525,-86.237644,2026-09-05 05:35:30.199316224,13,12131,216,40
41.713805,-84.806746,2026-09-05 05:35:30.346524160,13,12029,132,37
41.724097,-84.789775,2026-09-05 05:35:30.346596352,13,9473,162,22
25.279464,-107.577774,2026-09-05 05:35:31.253213952,13,10029,254,65
41.693486,-84.798678,2026-09-05 05:35:31.458823680,13,13617,167,23
37.700426,-79.650789,2026-09-05 05:35:32.662662144,13,7368,94,83
37.733463,-79.711571,2026-09-05 05:35:32.662683392,13,7356,189,71
37.713816,-79.706815,2026-09-05 05:35:32.662679552,13,11600,186,60
37.756185,-79.575311,2026-09-05 05:35:32.662719488,13,10581,124,47
37.744522,-79.652039,2026-09-05 05:35:32.662739712,13,7982,150,31
41.984947,-85.176903,2026-09-05 05:35:32.811861248,13,11416,239,29
41.976413,-85.194731,2026-09-05 05:35:32.811850496,13,6145,227,16
41.853078,-85.475344,2026-09-05 05:35:32.860360960,13,14634,98,26
45.816779,-99.446452,2026-09-05 05:35:33.206394112,13,14413,132,52
45.797977,-99.481622,2026-09-05 05:35:33.206390272,13,12431,121,39
34.672684,-65.288611,2026-09-05 05:35:34.76156160,13,10934,261,46
48.194339,-102.947535,2026-09-05 05:35:34.572469504,13,14317,137,26
41.623204,-84.440055,2026-09-05 05:35:35.108122624,13,10054,222,28
41.777657,-85.00274,2026-09-05 05:35:37.424057344,13,4422,190,24
42.031599,-85.938823,2026-09-05 05:35:37.810162432,13,7585,76,104
42.033264,-85.983516,2026-09-05 05:35:37.810166016,13,11182,145,90
42.030579,-85.982692,2026-09-05 05:35:37.810163200,13,7741,211,70
42.074385,-85.897853,2026-09-05 05:35:37.810194944,13,7796,82,48
34.723379,-65.770474,2026-09-05 05:35:37.992543744,13,6184,242,20
34.769031,-66.044506,2026-09-05 05:35:38.205217792,13,8979,240,19
41.628558,-84.730879,2026-09-05 05:35:38.357592576,13,6705,147,22
26.308713,-104.868484,2026-09-05 05:35:38.546532864,13,5882,226,33
42.094459,-86.122,2026-09-05 05:35:39.80420608,13,8738,80,73
42.096403,-86.195774,2026-09-05 05:35:39.80412928,13,11484,147,61
42.077986,-86.104682,2026-09-05 05:35:39.80505344,13,13071,223,46
6.723812,-64.608419,2026-09-05 05:35:39.470094592,13,11570,214,18
41.700248,-84.158843,2026-09-05 05:35:40.90569728,13,9588,101,36
24.667548,-107.203427,2026-09-05 05:35:40.106147072,13,9242,259,32
41.615292,-84.673302,2026-09-05 05:35:41.261416960,13,14302,83,46
41.608993,-84.750355,2026-09-05 05:35:41.261468928,13,6987,208,28
27.918166,-104.529421,2026-09-05 05:35:41.933443584,13,8770,228,37
34.045635,-65.211346,2026-09-05 05:35:42.250574080,13,3240,246,18
34.093951,-65.224002,2026-09-05 05:35:42.341630208,13,9027,246,24
34.049764,-65.225914,2026-09-05 05:35:42.421671680,13,5138,246,24
40.145836,-83.971969,2026-09-05 05:35:42.522743296,13,6144,166,75
40.133063,-83.961277,2026-09-05 05:35:42.522750976,13,6619,111,62
40.131874,-83.938789,2026-09-05 05:35:42.655029504,13,14061,85,49
41.91302,-85.537621,2026-09-05 05:35:43.388487680,13,12736,126,69
52.408639,-107.103022,2026-09-05 05:35:43.767224576,13,5893,194,33
28.055568,-103.953137,2026-09-05 05:35:43.943140864,13,6874,234,23
18.705981,-99.517869,2026-09-05 05:35:44.130573056,13,8246,253,87
46.793258,-99.966838,2026-09-05 05:35:45.532103680,13,6316,125,113
41.910589,-85.489591,2026-09-05 05:35:46.406867200,13,11702,80,37
41.923413,-85.345456,2026-09-05 05:35:46.406902016,13,8131,214,30
41.959731,-85.475205,2026-09-05 05:35:46.433395200,13,14519,127,36
35.724604,-71.827444,2026-09-05 05:35:46.472893440,13,12707,249,30
45.853864,-99.292943,2026-09-05 05:35:46.978805248,13,12271,119,36
35.474726,-71.845035,2026-09-05 05:35:47.147032832,13,12474,269,26
35.724696,-71.809488,2026-09-05 05:35:47.147122688,13,3975,261,19
41.644996,-84.645508,2026-09-05 05:35:48.478949888,13,13091,73,26
53.557774,-107.597545,2026-09-05 05:35:48.779451648,13,7086,170,36
43.562585,-97.711744,2026-09-05 05:35:48.916797184,13,13024,200,32
43.615496,-97.725185,2026-09-05 05:35:49.90007808,13,9742,176,38
43.595754,-97.725337,2026-09-05 05:35:49.90010624,13,4566,174,24
35.923199,-71.67584,2026-09-05 05:35:49.506781696,13,10386,244,31
42.395707,-86.569111,2026-09-05 05:35:50.747553792,13,14318,150,18
41.844146,-85.555004,2026-09-05 05:35:52.543677952,13,5319,84,63
41.796496,-85.553613,2026-09-05 05:35:52.543681024,13,9964,160,90
41.839012,-85.497342,2026-09-05 05:35:52.559516416,13,4358,199,107
41.853111,-85.552395,2026-09-05 05:35:52.559529984,13,9095,108,98
41.831539,-85.576418,2026-09-05 05:35:52.559526912,13,9337,143,76
41.836631,-85.516848,2026-09-05 05:35:52.590138624,13,4607,153,106
41.816363,-85.563252,2026-09-05 05:35:52.605335552,13,12129,119,32
41.670661,-84.125517,2026-09-05 05:35:53.166613504,13,6948,168,30
41.616203,-84.534891,2026-09-05 05:35:53.264043264,13,4400,173,29
41.61542,-84.536469,2026-09-05 05:35:53.264040960,13,5366,167,16
18.789166,-99.538384,2026-09-05 05:35:53.939283968,13,12070,254,65
24.894064,-107.318682,2026-09-05 05:35:54.926422272,13,8101,237,28
41.616851,-84.116593,2026-09-05 05:35:55.336399872,13,12783,137,60
41.706706,-84.585603,2026-09-05 05:35:55.843630848,13,12142,89,50
41.742084,-84.634163,2026-09-05 05:35:55.843686912,13,8306,116,41
41.725195,-84.594211,2026-09-05 05:35:55.843693056,13,5166,227,27
22.754678,-106.056093,2026-09-05 05:35:56.767451648,13,7934,267,29
22.751725,-106.062838,2026-09-05 05:35:56.864356608,13,6692,246,45
37.106216,-101.174933,2026-09-05 05:35:57.510624000,13,12643,142,35
37.11674,-101.167918,2026-09-05 05:35:57.510631424,13,10512,164,38
23.017582,-106.159436,2026-09-05 05:35:57.891013376,13,8655,266,80
36.631583,-101.568502,2026-09-05 05:35:58.357454336,13,7790,89,71
36.659522,-101.567325,2026-09-05 05:35:58.357526528,13,13736,149,60
24.594568,-107.200075,2026-09-05 05:35:58.833983232,13,6237,207,32
41.859976,-85.407399,2026-09-05 05:35:59.276813824,13,13811,97,55
41.786562,-85.621879,2026-09-05 05:35:59.276813312,13,12864,161,34
45.812833,-99.473242,2026-09-05 05:35:59.847569920,13,10982,116,27
41.834827,-84.781575,2026-09-05 05:36:00.815099136,13,14518,119,56
41.822881,-84.834558,2026-09-05 05:36:00.815097600,13,12899,132,61
41.810739,-84.804282,2026-09-05 05:36:00.815162112,13,10436,98,38
41.802819,-84.780935,2026-09-05 05:36:00.815159296,13,13381,90,24
41.900361,-85.788006,2026-09-05 05:36:01.151901440,13,14864,235,41
36.886875,-101.486856,2026-09-05 05:36:01.760323840,13,14393,89,56
36.902238,-101.469207,2026-09-05 05:36:01.760339456,13,14720,169,42
42.406634,-86.496897,2026-09-05 05:36:02.27953920,13,9141,176,18
41.698339,-85.155553,2026-09-05 05:36:02.304240896,13,13550,154,23
41.901317,-85.117968,2026-09-05 05:36:02.602435072,13,13828,87,53
41.908533,-85.146892,2026-09-05 05:36:02.602419712,13,7217,150,40
41.795216,-84.492024,2026-09-05 05:36:02.985435648,13,12685,129,57
41.801088,-84.930574,2026-09-05 05:36:03.181645568,13,11134,97,62
41.799936,-84.929305,2026-09-05 05:36:03.181641984,13,10814,113,98
41.844695,-84.928441,2026-09-05 05:36:03.181655808,13,3459,180,75
28.03848,-103.922378,2026-09-05 05:36:03.393193472,13,8587,239,23
41.837344,-85.650172,2026-09-05 05:36:03.486299648,13,11989,147,26
41.660101,-84.071118,2026-09-05 05:36:03.575762944,13,14318,160,17
41.788805,-85.440795,2026-09-05 05:36:03.641820416,13,7773,138,28
41.790706,-85.393566,2026-09-05 05:36:03.641833984,13,5031,184,28
34.883002,-67.063568,2026-09-05 05:36:04.257303552,13,6685,237,30
22.393739,-105.795219,2026-09-05 05:36:04.319574528,13,5849,269,37
41.608309,-84.701309,2026-09-05 05:36:06.585997056,13,12519,146,17
48.949929,-103.039147,2026-09-05 05:36:07.501777408,13,13787,194,17
41.78376,-85.033455,2026-09-05 05:36:08.490789120,13,14787,110,36
41.782532,-84.908698,2026-09-05 05:36:08.490822912,13,14511,81,23
34.767633,-66.238803,2026-09-05 05:36:08.784531968,13,14703,178,78
34.764773,-66.208636,2026-09-05 05:36:08.784532224,13,6458,252,81
34.869755,-66.255233,2026-09-05 05:36:08.784575744,13,7387,235,68
34.788756,-66.241076,2026-09-05 05:36:08.966517248,13,6277,174,54
34.777711,-66.226212,2026-09-05 05:36:09.118812416,13,11373,221,46
34.763942,-66.221438,2026-09-05 05:36:09.337855744,13,7875,239,20
35.404679,-70.316703,2026-09-05 05:36:10.787991040,13,9058,133,130
35.393286,-70.312516,2026-09-05 05:36:10.787994112,13,4905,224,122
35.3714,-70.256746,2026-09-05 05:36:10.787978240,13,6493,245,105
35.280254,-69.972648,2026-09-05 05:36:10.787942400,13,14840,233,86
35.693327,-72.379851,2026-09-05 05:36:11.493353216,13,4118,263,60
35.863963,-72.385972,2026-09-05 05:36:11.493413632,13,7176,217,71
35.701916,-72.362539,2026-09-05 05:36:11.493351936,13,13168,219,56
41.859234,-85.416856,2026-09-05 05:36:11.698834432,13,13449,95,37
41.824213,-85.492637,2026-09-05 05:36:11.734071040,13,13875,117,28
41.841996,-85.447117,2026-09-05 05:36:11.734134784,13,13065,103,20
41.750749,-84.892282,2026-09-05 05:36:11.895683584,13,11201,111,71
41.77734,-84.886905,2026-09-05 05:36:11.895684864,13,5623,129,55
41.764854,-84.904091,2026-09-05 05:36:11.895740928,13,8668,126,34
25.881367,-107.413372,2026-09-05 05:36:12.154250496,13,5581,244,60
25.862094,-107.414806,2026-09-05 05:36:12.290001408,13,7702,236,49
25.197681,-107.304794,2026-09-05 05:36:12.322586368,13,8338,236,32
24.629714,-107.271942,2026-09-05 05:36:12.952471808,13,8027,259,37
24.614096,-107.279622,2026-09-05 05:36:13.14168832,13,9052,260,27
41.76789,-84.97845,2026-09-05 05:36:13.186289920,13,10116,110,21
41.629211,-84.735125,2026-09-05 05:36:13.342321664,13,9951,147,24
37.247305,-101.201035,2026-09-05 05:36:13.805807616,13,10587,107,19
37.073089,-101.274812,2026-09-05 05:36:14.406581760,13,8098,93,71
37.103084,-101.289677,2026-09-05 05:36:14.406587136,13,14463,145,92
37.112081,-101.297974,2026-09-05 05:36:14.469743360,13,12772,134,39
45.80446,-99.451414,2026-09-05 05:36:15.93125632,13,7306,121,27
42.390446,-86.456719,2026-09-05 05:36:15.271978496,13,10793,114,35
42.358954,-86.388133,2026-09-05 05:36:15.272003072,13,9530,230,36
35.668573,-71.755269,2026-09-05 05:36:15.739737600,13,9116,256,36
35.767275,-71.814088,2026-09-05 05:36:15.739830016,13,5778,246,23
41.613024,-84.017248,2026-09-05 05:36:16.276272896,13,12458,79,24
40.150658,-83.905461,2026-09-05 05:36:16.717767168,13,7128,190,21
41.721656,-84.574986,2026-09-05 05:36:17.365995520,13,13396,72,103
41.717405,-84.59547,2026-09-05 05:36:17.365991936,13,4885,132,81
41.693864,-84.569799,2026-09-05 05:36:17.366057728,13,12822,94,35
41.713446,-84.906751,2026-09-05 05:36:17.769308928,13,11349,80,39
41.752916,-84.924488,2026-09-05 05:36:17.769381120,13,7274,158,30
35.201844,-37.197763,2026-09-05 05:36:17.817243136,13,10599,231,38
42.153926,-86.235988,2026-09-05 05:36:18.959256576,13,13824,124,58
42.128498,-86.207108,2026-09-05 05:36:18.959313152,13,6179,160,47
40.184156,-83.990736,2026-09-05 05:36:19.429046528,13,12469,162,27
40.189023,-83.964485,2026-09-05 05:36:19.550969088,13,7895,153,51
40.153531,-83.926215,2026-09-05 05:36:19.551043072,13,8479,97,41
40.173534,-84.013987,2026-09-05 05:36:19.551020288,13,2935,206,28
41.935874,-86.514316,2026-09-05 05:36:20.405712640,13,6798,175,24
48.838962,-103.128629,2026-09-05 05:36:20.810169600,13,10310,141,26
41.855446,-85.756896,2026-09-05 05:36:22.804471296,13,14231,83,36
41.836236,-85.61142,2026-09-05 05:36:22.804508416,13,11019,128,23
18.487611,-99.708321,2026-09-05 05:36:24.180175616,13,5883,256,91
29.277906,-79.412256,2026-09-05 05:36:24.727851264,13,8863,172,113
29.32607,-79.408805,2026-09-05 05:36:24.727867904,13,7487,250,112
29.18146,-79.367517,2026-09-05 05:36:24.897826560,13,11955,171,58
29.356937,-79.414596,2026-09-05 05:36:25.5783296,13,8471,229,26
41.733449,-84.552022,2026-09-05 05:36:26.15060224,13,13117,85,43
41.660738,-84.772406,2026-09-05 05:36:26.15072768,13,14006,153,29
41.730308,-84.911028,2026-09-05 05:36:27.421840384,13,13093,96,40
41.672172,-85.100714,2026-09-05 05:36:27.421856768,13,3928,206,27
35.793449,-71.402836,2026-09-05 05:36:27.688644608,13,7028,242,22
35.05049,-67.737567,2026-09-05 05:36:28.723480064,13,12552,241,55
25.105343,-107.316188,2026-09-05 05:36:29.68296704,13,8533,258,39
25.173869,-107.290325,2026-09-05 05:36:29.135559424,13,6913,261,32
41.697179,-84.526923,2026-09-05 05:36:29.632154624,13,9076,139,59
34.575402,-66.037425,2026-09-05 05:36:30.559693824,13,3822,258,40
34.586395,-66.091155,2026-09-05 05:36:30.559706880,13,6784,231,27
36.67669,-101.730927,2026-09-05 05:36:31.234793984,13,10189,113,46
36.680961,-101.653335,2026-09-05 05:36:31.234810880,13,6792,124,37
36.652672,-101.563048,2026-09-05 05:36:31.327891712,13,11433,75,77
36.656336,-101.682575,2026-09-05 05:36:31.465203200,13,11500,105,38
36.776598,-101.559489,2026-09-05 05:36:31.465269504,13,8034,230,25
36.664551,-101.582188,2026-09-05 05:36:31.534256384,13,13823,98,20
36.662651,-101.620255,2026-09-05 05:36:31.749427200,13,10924,124,31
36.660758,-101.596665,2026-09-05 05:36:31.749424896,13,7643,134,22
41.69453,-84.71226,2026-09-05 05:36:32.355471616,13,13893,136,37
41.77792,-84.605729,2026-09-05 05:36:32.401672448,13,11036,92,29
41.686807,-84.638988,2026-09-05 05:36:32.401646080,13,7918,236,34
35.893651,-71.328008,2026-09-05 05:36:33.14773504,13,6995,241,25
35.914843,-71.372655,2026-09-05 05:36:33.17131776,13,14541,235,21
35.895316,-71.325124,2026-09-05 05:36:33.30724352,13,6320,221,25
41.625641,-84.926808,2026-09-05 05:36:33.364467968,13,9207,163,36
41.627814,-85.015241,2026-09-05 05:36:33.364441344,13,7118,213,23
34.098527,-65.310997,2026-09-05 05:36:33.925613568,13,8048,175,26
35.313216,-67.767928,2026-09-05 05:36:33.978071552,13,13884,235,27
41.608992,-84.197561,2026-09-05 05:36:36.718236928,13,8001,188,19
41.6485,-85.072782,2026-09-05 05:36:37.604732160,13,10885,152,34
41.694064,-84.901309,2026-09-05 05:36:37.604780544,13,7619,152,15
41.592772,-84.648626,2026-09-05 05:36:38.428445696,13,11096,143,40
41.616313,-84.766376,2026-09-05 05:36:38.428421888,13,3501,246,27
41.702223,-85.156418,2026-09-05 05:36:38.500596992,13,10308,154,30
41.692707,-85.167326,2026-09-05 05:36:38.546613760,13,11510,154,32
41.764459,-84.929738,2026-09-05 05:36:38.546682880,13,9043,134,17
41.699385,-85.173455,2026-09-05 05:36:38.573355520,13,12393,154,19
41.702484,-85.440457,2026-09-05 05:36:38.591517696,13,8730,140,23
43.646551,-98.282327,2026-09-05 05:36:38.707425024,13,8206,167,56
43.642345,-98.318933,2026-09-05 05:36:38.707481088,13,12611,113,43
25.261193,-107.271344,2026-09-05 05:36:39.358691072,13,9896,239,38
35.828585,-71.659887,2026-09-05 05:36:39.589509376,13,5729,247,61
35.844703,-71.669003,2026-09-05 05:36:39.589519104,13,4963,238,94
35.838078,-71.640995,2026-09-05 05:36:39.589510144,13,5676,219,76
42.045082,-85.898709,2026-09-05 05:36:40.145343744,13,9409,84,77
42.040231,-85.950567,2026-09-05 05:36:40.145346816,13,6624,161,60
42.047787,-85.95581,2026-09-05 05:36:40.145402880,13,5575,192,44
42.051805,-85.952194,2026-09-05 05:36:40.145401088,13,3592,159,30
41.839949,-85.590795,2026-09-05 05:36:40.226626048,13,14091,83,32
41.767229,-85.831464,2026-09-05 05:36:40.226628864,13,8332,193,27
41.614285,-84.088516,2026-09-05 05:36:40.431634432,13,11166,85,37
41.609294,-84.056314,2026-09-05 05:36:40.431709184,13,12301,147,22
24.660154,-107.245674,2026-09-05 05:36:40.973703680,13,6747,259,32
41.844194,-85.365752,2026-09-05 05:36:41.165061888,13,14244,150,48
34.674902,-65.967809,2026-09-05 05:36:41.648059648,13,5306,157,30
28.087115,-103.926923,2026-09-05 05:36:42.244115456,13,7550,229,16
28.062778,-103.915082,2026-09-05 05:36:42.260590336,13,13625,223,23
42.267205,-86.671479,2026-09-05 05:36:42.477222144,13,14041,174,31
28.039021,-103.894958,2026-09-05 05:36:42.577830656,13,13666,223,27
41.858128,-85.462618,2026-09-05 05:36:42.606346752,13,14131,84,23
35.625393,-71.763863,2026-09-05 05:36:43.201402880,13,12941,259,36
22.841098,-105.995398,2026-09-05 05:36:43.365370880,13,8551,266,53
41.602215,-84.676885,2026-09-05 05:36:44.276388608,13,8018,146,25
41.56973,-85.000534,2026-09-05 05:36:44.435889920,13,14481,90,26
49.109514,-103.266661,2026-09-05 05:36:44.633473024,13,11184,179,73
48.982674,-103.236424,2026-09-05 05:36:44.633507328,13,8790,137,65
27.857865,-104.554235,2026-09-05 05:36:45.45106176,13,6567,231,22
35.837804,-71.495197,2026-09-05 05:36:45.400239360,13,8569,131,68
35.862361,-71.507433,2026-09-05 05:36:45.400250624,13,6321,245,80
35.930519,-71.548918,2026-09-05 05:36:45.400272640,13,9393,201,65
35.817352,-71.422531,2026-09-05 05:36:45.400285440,13,6147,226,51
36.162848,-58.687643,2026-09-05 05:36:45.429847808,13,11948,182,21
46.772531,-99.820509,2026-09-05 05:36:45.842626304,13,9875,146,46
41.818216,-84.861974,2026-09-05 05:36:46.270791680,13,11818,144,24
41.779752,-84.875389,2026-09-05 05:36:46.506603264,13,12182,75,98
41.747056,-85.100981,2026-09-05 05:36:46.506546432,13,8255,266,109
41.768107,-84.880578,2026-09-05 05:36:46.506608128,13,14094,98,69
36.705166,-101.74053,2026-09-05 05:36:48.313337600,13,11690,99,41
41.742046,-84.522869,2026-09-05 05:36:48.876685056,13,14388,74,121
41.725729,-84.52687,2026-09-05 05:36:48.876682240,13,10552,90,98
41.705583,-84.516625,2026-09-05 05:36:48.876687360,13,5395,153,75
41.710446,-84.528871,2026-09-05 05:36:48.876689152,13,11512,97,61
42.25914,-85.833594,2026-09-05 05:36:49.499878144,13,10616,111,84
42.267603,-85.907288,2026-09-05 05:36:49.499865600,13,12163,155,71
42.245804,-85.938488,2026-09-05 05:36:49.499884544,13,14213,211,50
41.891278,-85.536234,2026-09-05 05:36:49.845452288,13,13024,216,17
53.520178,-107.698226,2026-09-05 05:36:50.356173056,13,5691,221,22
41.839017,-85.509814,2026-09-05 05:36:50.671824384,13,8410,147,28
41.863356,-85.471688,2026-09-05 05:36:50.671834624,13,7591,156,22
35.085172,-68.612025,2026-09-05 05:36:51.162013696,13,4553,266,67
35.101526,-68.616787,2026-09-05 05:36:51.162023424,13,7168,242,86
35.095793,-68.619961,2026-09-05 05:36:51.162074624,13,10718,225,68
25.717266,-107.299304,2026-09-05 05:36:51.394310144,13,7425,253,59
44.089695,-98.760971,2026-09-05 05:36:51.692401664,13,14862,109,16
36.148223,-72.173831,2026-09-05 05:36:53.37393664,13,14499,220,48
41.728437,-84.982165,2026-09-05 05:36:53.562789120,13,14652,68,45
41.838118,-85.60579,2026-09-05 05:36:54.32798720,13,5684,90,28
41.846542,-85.583856,2026-09-05 05:36:54.75194880,13,13809,94,62
41.842758,-85.612613,2026-09-05 05:36:54.75195392,13,5482,141,49
41.858962,-85.571387,2026-09-05 05:36:54.75275520,13,8788,100,35
41.718063,-84.523959,2026-09-05 05:36:54.380892928,13,8483,132,22
26.396078,-104.511109,2026-09-05 05:36:54.471728896,13,8093,228,36
41.722586,-84.648821,2026-09-05 05:36:54.600685056,13,11048,130,25
22.993331,-106.140376,2026-09-05 05:36:55.317119232,13,10684,265,20
42.053022,-86.176505,2026-09-05 05:36:55.651462144,13,12195,110,49
42.088572,-86.300168,2026-09-05 05:36:55.763735040,13,14282,148,38
42.052065,-86.250586,2026-09-05 05:36:55.763750400,13,4265,262,24
42.048959,-86.187641,2026-09-05 05:36:55.887235072,13,10166,97,42
42.057833,-86.220507,2026-09-05 05:36:55.887286528,13,6877,214,32
41.781827,-85.604778,2026-09-05 05:36:56.190065408,13,10135,129,31
41.767861,-85.666195,2026-09-05 05:36:56.190108672,13,7188,218,36
34.251371,-59.407997,2026-09-05 05:36:57.8385536,13,13394,268,37
41.885417,-85.54794,2026-09-05 05:36:58.640445696,13,14081,104,35
44.062912,-98.699479,2026-09-05 05:36:59.931656704,13,11631,131,98
42.084198,-86.120263,2026-09-05 05:37:00.464866560,13,6071,93,23
40.413491,-84.440796,2026-09-05 05:37:02.204098048,13,13787,119,34
40.48546,-84.416195,2026-09-05 05:37:02.204120576,13,6496,205,22
41.745507,-84.905079,2026-09-05 05:37:02.515816960,13,7085,192,32
41.833757,-85.417018,2026-09-05 05:37:02.646577152,13,14935,116,49
41.83614,-85.613065,2026-09-05 05:37:02.646537216,13,8307,250,32
34.806097,-66.995451,2026-09-05 05:37:02.684000000,13,13996,235,26
26.579515,-107.269721,2026-09-05 05:37:04.44904192,13,13910,261,79
43.311381,-97.428866,2026-09-05 05:37:04.311064320,13,10243,77,20
43.318128,-97.415427,2026-09-05 05:37:04.473043456,13,13933,81,86
43.290098,-97.453786,2026-09-05 05:37:04.473105664,13,8602,134,64
41.622482,-84.01393,2026-09-05 05:37:04.923576576,13,13663,111,33
35.781737,-71.706531,2026-09-05 05:37:05.404822272,13,7720,260,83
35.791354,-71.704936,2026-09-05 05:37:05.404833024,13,10367,251,74
35.767082,-71.702141,2026-09-05 05:37:05.404878080,13,8284,196,53
41.729945,-85.489954,2026-09-05 05:37:05.804012800,13,13648,93,59
41.697458,-85.730911,2026-09-05 05:37:05.804025088,13,12895,169,43
35.3721,-70.402598,2026-09-05 05:37:07.11671552,13,7532,265,63
35.169373,-70.341741,2026-09-05 05:37:07.11666176,13,13921,254,46
35.397532,-70.406747,2026-09-05 05:37:07.11741696,13,4985,255,33
34.691454,-66.509548,2026-09-05 05:37:07.433299200,13,6349,237,73
34.706577,-66.529045,2026-09-05 05:37:07.433307904,13,4991,237,88
34.717652,-66.532247,2026-09-05 05:37:07.516180224,13,8675,269,51
24.260905,-83.339918,2026-09-05 05:37:07.794661888,13,8265,269,18
35.120622,-68.453203,2026-09-05 05:37:08.230254592,13,14423,234,29
26.630224,-107.29021,2026-09-05 05:37:08.386028544,13,12686,180,67
41.778976,-85.574501,2026-09-05 05:37:08.749716992,13,9089,82,41
41.739762,-85.553755,2026-09-05 05:37:08.749783808,13,9533,158,34
41.759274,-85.582383,2026-09-05 05:37:08.749776896,13,10265,97,21
26.728303,-107.302183,2026-09-05 05:37:08.842895360,13,7587,249,27
41.825817,-85.567649,2026-09-05 05:37:08.897820928,13,8149,196,21
36.687217,-101.686548,2026-09-05 05:37:10.175493376,13,4307,236,75
41.800797,-84.741161,2026-09-05 05:37:11.337704448,13,12661,100,47
41.811946,-84.896884,2026-09-05 05:37:11.337743360,13,12526,107,31
34.583588,-66.10712,2026-09-05 05:37:11.545214208,13,5748,175,56
34.58032,-66.054008,2026-09-05 05:37:11.545268480,13,10162,244,49
34.629722,-66.123182,2026-09-05 05:37:11.545288960,13,3988,255,23
35.628358,-71.787105,2026-09-05 05:37:11.696552448,13,6177,256,25
35.640741,-71.787428,2026-09-05 05:37:11.696619776,13,7140,269,15
41.76014,-85.008137,2026-09-05 05:37:11.955900416,13,8734,161,32
41.771409,-84.920981,2026-09-05 05:37:11.955925504,13,8091,153,21
40.101784,-83.94706,2026-09-05 05:37:12.400831488,13,8470,126,60
41.786673,-85.396037,2026-09-05 05:37:12.440894464,13,13551,160,29
40.087278,-83.961811,2026-09-05 05:37:12.551134208,13,11214,108,79
42.214347,-86.237281,2026-09-05 05:37:12.817984512,13,11325,88,26
44.038961,-98.742292,2026-09-05 05:37:14.243376896,13,14788,86,67
41.844197,-84.90178,2026-09-05 05:37:14.316374272,13,14625,68,86
41.825673,-84.90811,2026-09-05 05:37:14.316382208,13,12005,79,64
41.673972,-84.635249,2026-09-05 05:37:15.188203264,13,12489,77,26
35.48911,-70.497975,2026-09-05 05:37:15.219949312,13,11977,251,21
23.088221,-106.134099,2026-09-05 05:37:15.573746688,13,7508,254,46
23.059943,-106.175696,2026-09-05 05:37:15.692465408,13,4779,265,31
29.200702,-79.565631,2026-09-05 05:37:15.906897408,13,14048,171,62
29.321809,-79.411658,2026-09-05 05:37:15.906963456,13,13149,254,62
30.736473,-107.089794,2026-09-05 05:37:16.40131328,13,11371,232,27
29.988934,-107.368145,2026-09-05 05:37:16.229436672,13,6796,234,23
41.753899,-84.444385,2026-09-05 05:37:16.313366528,13,9086,117,71
41.765795,-84.43952,2026-09-05 05:37:16.313456896,13,13430,114,43
23.720227,-102.25698,2026-09-05 05:37:17.375848448,13,6944,236,28
37.134229,-101.223837,2026-09-05 05:37:18.115211008,13,5914,252,92
37.148691,-101.171275,2026-09-05 05:37:18.115284224,13,8162,98,78
37.1625,-101.165471,2026-09-05 05:37:18.115289344,13,9550,149,69
37.144064,-101.173755,2026-09-05 05:37:18.286696192,13,8314,98,27
37.152436,-101.176587,2026-09-05 05:37:18.483371008,13,10498,92,36
37.151143,-101.203044,2026-09-05 05:37:18.483368192,13,7523,129,25
41.833753,-85.576165,2026-09-05 05:37:18.795103744,13,9496,101,33
41.786091,-85.575337,2026-09-05 05:37:18.795165952,13,12667,112,23
34.540555,-66.397194,2026-09-05 05:37:19.627927552,13,4737,270,23
41.631965,-84.200355,2026-09-05 05:37:19.836262656,13,11734,119,49
41.618654,-84.195668,2026-09-05 05:37:19.836255488,13,10401,111,36
41.689254,-84.152484,2026-09-05 05:37:19.897973248,13,10939,54,27
49.012125,-103.103126,2026-09-05 05:37:21.85718784,13,11711,187,76
48.987158,-103.087039,2026-09-05 05:37:21.85720832,13,10017,155,63
26.841501,-105.82706,2026-09-05 05:37:21.135617280,13,10261,234,22
52.642991,-107.466987,2026-09-05 05:37:21.897082368,13,5697,224,41
41.602286,-84.704966,2026-09-05 05:37:22.623883008,13,12916,133,34
41.850987,-85.511275,2026-09-05 05:37:22.881508608,13,11512,114,24
41.870191,-85.512402,2026-09-05 05:37:22.881497088,13,6363,169,33
42.029357,-86.255285,2026-09-05 05:37:23.73075456,13,13798,146,36
42.020859,-86.199488,2026-09-05 05:37:23.73101824,13,8761,154,22
35.82227,-71.877555,2026-09-05 05:37:23.540096256,13,14704,118,45
35.673674,-71.798566,2026-09-05 05:37:23.597202944,13,9066,226,43
27.59746,-80.064391,2026-09-05 05:37:23.813001472,13,12874,158,33
25.254055,-103.922438,2026-09-05 05:37:23.992024576,13,11883,231,24
28.09832,-106.820062,2026-09-05 05:37:24.168504576,13,14278,243,55
28.528604,-106.665535,2026-09-05 05:37:24.168649216,13,4514,230,37
41.724696,-84.556658,2026-09-05 05:37:25.694990080,13,10804,73,18
41.681039,-84.768673,2026-09-05 05:37:26.82809600,13,11438,127,38
41.655212,-84.707062,2026-09-05 05:37:26.82817024,13,4558,211,25
41.817352,-85.414101,2026-09-05 05:37:26.569295104,13,7349,89,39
41.841805,-85.433839,2026-09-05 05:37:26.569354752,13,6239,169,31
27.099374,-107.079688,2026-09-05 05:37:27.105005568,13,7794,249,60
41.703268,-84.970114,2026-09-05 05:37:28.40821760,13,9566,139,48
41.664041,-85.146959,2026-09-05 05:37:28.40841472,13,8844,157,35
41.706772,-84.971586,2026-09-05 05:37:28.40889856,13,4691,179,20
46.766898,-100.022616,2026-09-05 05:37:29.34316288,13,9145,127,23
41.652516,-84.267675,2026-09-05 05:37:29.557063936,13,14053,80,65
41.643567,-84.270209,2026-09-05 05:37:29.557077248,13,13701,77,55
29.265867,-79.39219,2026-09-05 05:37:29.623320064,13,7930,172,75
29.192605,-79.369102,2026-09-05 05:37:29.810622464,13,8670,169,59
29.379297,-79.449352,2026-09-05 05:37:30.37136896,13,5447,223,84
29.273704,-79.390425,2026-09-05 05:37:30.37151744,13,6255,247,85
41.830945,-85.549056,2026-09-05 05:37:30.213600512,13,13493,165,41
35.771629,-71.798057,2026-09-05 05:37:30.955962112,13,12116,251,21
34.17139,-64.999461,2026-09-05 05:37:31.124969216,13,4599,250,50
34.152142,-65.00358,2026-09-05 05:37:31.226516736,13,5739,246,49
35.855562,-71.668652,2026-09-05 05:37:32.120947456,13,6763,226,51
35.864116,-71.688309,2026-09-05 05:37:32.298864896,13,6891,172,82
35.848434,-71.650272,2026-09-05 05:37:32.298862848,13,6888,226,60
35.848635,-71.676235,2026-09-05 05:37:32.298919680,13,8331,196,45
31.571252,-60.623549,2026-09-05 05:37:32.577274112,13,8699,224,36
25.689175,-107.291613,2026-09-05 05:37:32.698688000,13,10011,253,65
25.746058,-107.388802,2026-09-05 05:37:32.849626368,13,9476,251,37
25.734629,-107.387106,2026-09-05 05:37:32.915501056,13,7142,252,33
41.851185,-85.518465,2026-09-05 05:37:34.89284608,13,14991,133,19
24.945069,-103.587819,2026-09-05 05:37:34.458009344,13,6170,231,32
41.817735,-84.766852,2026-09-05 05:37:34.563466496,13,13798,60,35
52.396746,-107.117853,2026-09-05 05:37:34.597872128,13,8206,165,20
41.815387,-85.475394,2026-09-05 05:37:34.737910272,13,14753,83,44
41.811271,-85.527101,2026-09-05 05:37:34.737965568,13,5946,217,30
36.657141,-101.599401,2026-09-05 05:37:35.548747520,13,6208,98,86
36.697453,-101.604266,2026-09-05 05:37:35.548805888,13,13189,143,69
36.726199,-101.577446,2026-09-05 05:37:35.548815104,13,9960,174,50
36.686418,-101.639007,2026-09-05 05:37:35.620389120,13,4477,124,28
40.176501,-83.932372,2026-09-05 05:37:36.90621184,13,13579,83,54
40.196616,-83.913531,2026-09-05 05:37:36.90701824,13,5315,149,40
40.126267,-84.106945,2026-09-05 05:37:36.90641408,13,5321,253,27
36.669802,-101.52442,2026-09-05 05:37:36.242160384,13,13476,117,39
36.76641,-101.560578,2026-09-05 05:37:36.242172928,13,5690,210,27
35.810725,-71.339715,2026-09-05 05:37:37.379375360,13,2827,262,102
35.792309,-71.339911,2026-09-05 05:37:37.379375360,13,1831,261,91
35.831747,-71.350744,2026-09-05 05:37:37.379389696,13,5665,252,78
35.798694,-71.31815,2026-09-05 05:37:37.379432704,13,12700,198,58
22.408016,-105.800106,2026-09-05 05:37:37.411613952,13,6397,256,33
34.921931,-66.39849,2026-09-05 05:37:37.995464192,13,14761,268,16
41.57447,-84.498333,2026-09-05 05:37:38.412894464,13,11447,66,38
41.581468,-84.524896,2026-09-05 05:37:38.412958720,13,7325,150,23
30.373408,-105.972576,2026-09-05 05:37:39.249199104,13,14388,198,56
39.217456,-75.0148,2026-09-05 05:37:40.516474880,13,9888,211,34
42.108689,-86.11988,2026-09-05 05:37:41.146041600,13,9489,122,32
37.107894,-101.034851,2026-09-05 05:37:41.169362176,13,10568,103,20
41.919203,-85.660755,2026-09-05 05:37:41.527685120,13,12902,83,29
24.362126,-107.386622,2026-09-05 05:37:41.540393472,13,8907,217,17
24.917324,-107.305,2026-09-05 05:37:41.591818752,13,7559,237,17
24.618107,-107.217289,2026-09-05 05:37:41.599597056,13,7452,238,16
24.919547,-107.304817,2026-09-05 05:37:41.669501184,13,6909,237,19
24.595195,-107.220571,2026-09-05 05:37:41.686872576,13,7649,239,21
24.894244,-107.313341,2026-09-05 05:37:41.744583680,13,11587,237,26
25.048062,-107.287789,2026-09-05 05:37:41.952176128,13,9306,247,16
27.96087,-104.470995,2026-09-05 05:37:42.82823936,13,14638,225,30
27.920033,-104.497976,2026-09-05 05:37:42.486789632,13,11050,228,37
23.773584,-103.296164,2026-09-05 05:37:42.931725312,13,13512,172,22
43.609764,-97.68494,2026-09-05 05:37:43.155839232,13,7332,216,103
43.652443,-97.691064,2026-09-05 05:37:43.155827712,13,9756,92,98
43.450496,-97.596701,2026-09-05 05:37:43.155899904,13,11848,194,82
41.552527,-84.756132,2026-09-05 05:37:43.212634112,13,7662,147,25
37.308548,-101.209825,2026-09-05 05:37:43.255145984,13,12408,182,20
52.203467,-107.148905,2026-09-05 05:37:43.389854464,13,8908,163,26
41.629221,-84.475087,2026-09-05 05:37:44.61436672,13,7827,125,25
41.771647,-84.950837,2026-09-05 05:37:44.187274752,13,13959,92,36
41.76469,-85.037629,2026-09-05 05:37:44.187328512,13,8499,210,21
42.39105,-86.377478,2026-09-05 05:37:44.521170944,13,8638,133,33
42.359697,-86.415839,2026-09-05 05:37:44.521251584,13,11979,162,20
25.321873,-107.58299,2026-09-05 05:37:44.914356224,13,5540,247,36
26.560036,-107.150087,2026-09-05 05:37:44.988058880,13,9226,247,60
26.497836,-107.169421,2026-09-05 05:37:44.988035584,13,9196,251,57
34.14609,-65.354653,2026-09-05 05:37:45.981702912,13,4839,260,26
41.831264,-85.55172,2026-09-05 05:37:46.304934912,13,11075,68,36
41.991538,-86.214884,2026-09-05 05:37:46.565440256,13,13403,106,49
42.003936,-86.419603,2026-09-05 05:37:46.565445120,13,5638,156,36
42.023476,-86.182284,2026-09-05 05:37:47.97902080,13,10183,169,23
41.790868,-85.671568,2026-09-05 05:37:47.252045056,13,14093,90,31
41.680481,-84.804388,2026-09-05 05:37:48.660467968,13,11555,167,16
40.495358,-84.364183,2026-09-05 05:37:50.54839808,13,13668,88,43
40.435279,-84.547146,2026-09-05 05:37:50.54867968,13,13747,156,32
40.500364,-84.32195,2026-09-05 05:37:50.54911488,13,14639,152,20
27.987156,-106.546172,2026-09-05 05:37:50.821676288,13,9109,236,28
26.854142,-107.324958,2026-09-05 05:37:50.967671808,13,7718,241,42
26.911284,-107.320365,2026-09-05 05:37:50.967684608,13,6805,236,41
26.88154,-107.328362,2026-09-05 05:37:51.80134656,13,8659,226,20
34.76555,-66.222741,2026-09-05 05:37:51.385959168,13,12610,239,14
34.739887,-66.265801,2026-09-05 05:37:51.874693632,13,8596,264,19
41.914603,-85.383407,2026-09-05 05:37:52.78747136,13,9763,94,33
41.899586,-85.411718,2026-09-05 05:37:52.223798016,13,10962,86,54
41.925691,-85.434235,2026-09-05 05:37:52.223803392,13,12060,128,39
41.911672,-85.450902,2026-09-05 05:37:52.223846144,13,9535,156,29
44.056837,-98.597241,2026-09-05 05:37:53.295636992,13,11563,83,85
27.85884,-104.605719,2026-09-05 05:37:53.755550720,13,6342,236,25
17.596393,-94.076394,2026-09-05 05:37:54.227960064,13,10200,257,47
52.425919,-107.221981,2026-09-05 05:37:54.822741760,13,9796,199,74
41.656656,-84.670548,2026-09-05 05:37:55.911164416,13,8522,136,29
41.716886,-84.531954,2026-09-05 05:37:55.911213824,13,9300,153,16
41.641612,-84.677437,2026-09-05 05:37:56.560276992,13,13680,129,22
42.033163,-86.222028,2026-09-05 05:37:59.552769792,13,9733,118,47
42.036053,-86.269683,2026-09-05 05:37:59.552754944,13,8137,226,57
42.015506,-86.212174,2026-09-05 05:37:59.552771328,13,12059,85,41
41.741731,-85.633462,2026-09-05 05:37:59.673287680,13,10393,162,31
22.991037,-105.977593,2026-09-05 05:38:00.93537024,13,5484,265,23
18.723242,-99.537445,2026-09-05 05:38:00.563773952,13,3994,254,38
42.03522,-85.934404,2026-09-05 05:38:02.419122432,13,10127,76,115
42.028593,-85.979526,2026-09-05 05:38:02.419122944,13,4056,145,106
42.026385,-85.964224,2026-09-05 05:38:02.419129600,13,4921,239,90
42.024948,-85.975743,2026-09-05 05:38:02.419131904,13,4989,192,67
42.08962,-86.406425,2026-09-05 05:38:02.836136960,13,13420,78,27
35.721574,-71.712213,2026-09-05 05:38:03.8396288,13,7704,255,42
35.77045,-71.702447,2026-09-05 05:38:03.8464896,13,6536,242,29
41.602184,-84.828582,2026-09-05 05:38:04.116428544,13,5807,148,33
41.636652,-84.642674,2026-09-05 05:38:04.116474112,13,5968,98,20
34.706442,-66.524178,2026-09-05 05:38:04.464943360,13,4048,162,113
42.080364,-86.118039,2026-09-05 05:38:05.437327616,13,5910,101,93
42.087838,-86.164141,2026-09-05 05:38:05.437327616,13,4449,147,77
42.09142,-86.169566,2026-09-05 05:38:05.437330176,13,4330,211,64
42.064347,-86.26467,2026-09-05 05:38:05.437366272,13,7234,204,51
42.075789,-86.225845,2026-09-05 05:38:05.437373440,13,6190,221,37
37.190938,-101.215741,2026-09-05 05:38:05.754118656,13,12022,106,50
37.227864,-101.21542,2026-09-05 05:38:05.754193664,13,10124,144,42
37.172998,-101.215815,2026-09-05 05:38:05.754185728,13,13787,147,27
37.204009,-101.218162,2026-09-05 05:38:05.811422208,13,11492,105,19
37.206756,-101.33771,2026-09-05 05:38:05.876522752,13,8704,157,23
37.244826,-101.190356,2026-09-05 05:38:05.876565248,13,11909,146,24
41.869222,-85.130811,2026-09-05 05:38:06.595606016,13,6076,150,34
24.943656,-107.222367,2026-09-05 05:38:06.655991552,13,7534,240,29
40.168403,-83.933471,2026-09-05 05:38:06.742408960,13,10755,115,52
34.114541,-65.178783,2026-09-05 05:38:06.963967232,13,6214,244,28
43.295744,-97.437018,2026-09-05 05:38:07.161551872,13,10602,133,39
41.80191,-85.561802,2026-09-05 05:38:07.579290624,13,9337,206,28
41.76038,-85.507493,2026-09-05 05:38:07.579297536,13,6109,259,29
11.890096,-93.385183,2026-09-05 05:38:07.899379712,13,5954,254,48
22.965579,-106.149497,2026-09-05 05:38:08.406463744,13,12178,267,68
22.974044,-106.145907,2026-09-05 05:38:08.453783552,13,13043,254,26
22.983876,-106.157013,2026-09-05 05:38:08.500819456,13,10042,246,32
23.029612,-106.142571,2026-09-05 05:38:08.646213632,13,10116,254,39
36.132461,-58.607209,2026-09-05 05:38:09.511608320,13,7679,219,27
35.663804,-71.745256,2026-09-05 05:38:09.840067840,13,12777,220,21
49.006644,-103.159987,2026-09-05 05:38:10.80201472,13,14410,142,24
41.402981,-84.559882,2026-09-05 05:38:10.234490368,13,10633,183,31
41.641975,-84.662377,2026-09-05 05:38:10.234476800,13,4599,151,18
42.048911,-86.261727,2026-09-05 05:38:10.333668352,13,10372,166,18
34.985346,-37.136086,2026-09-05 05:38:10.554479616,13,10851,249,26
25.197301,-107.427337,2026-09-05 05:38:11.75042048,13,10258,255,31
25.52615,-107.520513,2026-09-05 05:38:11.486556416,13,10162,208,64
25.746597,-107.35802,2026-09-05 05:38:12.76492032,13,7681,243,34
25.202724,-107.308183,2026-09-05 05:38:12.662738176,13,8102,258,46
25.199454,-107.312907,2026-09-05 05:38:13.131009792,13,7187,255,22
37.704652,-79.710071,2026-09-05 05:38:13.305340416,13,12406,139,75
37.716371,-79.72144,2026-09-05 05:38:13.305347584,13,8485,133,62
37.742318,-79.56339,2026-09-05 05:38:13.305384704,13,13240,124,49
37.774119,-79.672362,2026-09-05 05:38:13.305423104,13,6404,232,36
42.481562,-86.300267,2026-09-05 05:38:13.527366400,13,4806,179,63
42.470491,-86.380831,2026-09-05 05:38:13.527387136,13,9917,92,50
36.687834,-101.593696,2026-09-05 05:38:13.766510080,13,10139,143,32
36.654093,-101.595819,2026-09-05 05:38:13.933820928,13,4864,138,32
35.552733,-70.999589,2026-09-05 05:38:15.770093056,13,7403,232,70
35.832541,-71.459289,2026-09-05 05:38:15.846440448,13,14058,221,29
42.14818,-86.150192,2026-09-05 05:38:16.597680896,13,8859,158,26
42.133209,-86.182937,2026-09-05 05:38:16.597666048,13,5693,161,19
40.202434,-83.957611,2026-09-05 05:38:18.289475584,13,9877,174,40
40.222833,-83.89099,2026-09-05 05:38:18.289553920,13,4024,186,27
41.616802,-84.051305,2026-09-05 05:38:18.954186240,13,8177,137,33
41.572565,-84.230355,2026-09-05 05:38:18.954128640,13,5631,240,21
42.010986,-85.670703,2026-09-05 05:38:19.21188608,13,9351,146,31
41.851957,-85.382166,2026-09-05 05:38:19.213014528,13,9757,179,15
41.813308,-85.463815,2026-09-05 05:38:19.607029760,13,14354,89,56
41.800291,-85.652594,2026-09-05 05:38:19.607039744,13,14260,162,43
41.822748,-85.48509,2026-09-05 05:38:19.607074816,13,6083,217,28
34.545917,-66.411927,2026-09-05 05:38:19.945936128,13,10290,160,25
34.554554,-66.411739,2026-09-05 05:38:19.945929984,13,9412,246,20
28.069255,-103.940931,2026-09-05 05:38:20.231690752,13,5919,231,29
49.002295,-103.155885,2026-09-05 05:38:20.540372480,13,14466,211,22
28.126513,-103.975048,2026-09-05 05:38:20.929744128,13,4992,229,25
25.211104,-107.335432,2026-09-05 05:38:21.385630208,13,12124,236,21
35.698011,-71.941646,2026-09-05 05:38:21.654179328,13,13569,231,38
35.567781,-71.840567,2026-09-05 05:38:21.654182656,13,9621,206,25
27.966068,-104.448639,2026-09-05 05:38:22.981193472,13,8959,239,39
27.907173,-104.453145,2026-09-05 05:38:23.54763264,13,10330,152,49
25.093186,-107.361969,2026-09-05 05:38:23.459932672,13,12842,237,19
41.807426,-84.457035,2026-09-05 05:38:24.6612224,13,13256,83,19
36.599675,-101.689153,2026-09-05 05:38:24.355134464,13,14911,89,41
41.818506,-84.863093,2026-09-05 05:38:24.869220608,13,10133,153,24
41.689525,-84.7018,2026-09-05 05:38:24.869231104,13,10325,107,25
36.575853,-101.737259,2026-09-05 05:38:24.941350656,13,11148,85,30
36.551328,-101.742233,2026-09-05 05:38:24.941353728,13,10570,164,26
24.547708,-107.345946,2026-09-05 05:38:25.951930880,13,12332,239,16
35.757959,-71.640758,2026-09-05 05:38:26.136016384,13,3714,256,64
35.768248,-71.645213,2026-09-05 05:38:26.136023552,13,8523,233,46
41.867605,-85.513185,2026-09-05 05:38:26.440891904,13,6898,92,36
41.863681,-85.527259,2026-09-05 05:38:26.440948224,13,8528,199,37
35.804172,-71.69712,2026-09-05 05:38:26.614898432,13,5739,251,36
35.855089,-71.682492,2026-09-05 05:38:26.614917632,13,4875,208,59
41.808863,-84.899181,2026-09-05 05:38:26.810405120,13,5848,114,44
41.8199,-84.884356,2026-09-05 05:38:26.810399744,13,12614,82,88
42.364741,-86.501794,2026-09-05 05:38:28.308751360,13,10562,172,22
41.617025,-85.739694,2026-09-05 05:38:28.412556800,13,14274,242,41
41.857813,-85.414486,2026-09-05 05:38:28.412647936,13,13223,169,32
41.84533,-85.489456,2026-09-05 05:38:28.726315264,13,7775,130,23
26.809395,-107.133829,2026-09-05 05:38:29.878745856,13,11498,245,54
27.008633,-107.150016,2026-09-05 05:38:30.441777664,13,6177,255,58
41.683633,-84.637093,2026-09-05 05:38:30.596487936,13,13067,136,37
41.681771,-84.440585,2026-09-05 05:38:30.596542720,13,11107,103,23
41.682475,-84.477473,2026-09-05 05:38:32.86472192,13,13502,115,41
41.652727,-84.478657,2026-09-05 05:38:32.86459136,13,11135,92,29
49.071264,-103.172771,2026-09-05 05:38:32.551048704,13,6685,152,106
49.047798,-103.177116,2026-09-05 05:38:32.551111424,13,9711,137,92
41.655332,-84.735516,2026-09-05 05:38:33.206575104,13,14064,105,20
41.681184,-85.052177,2026-09-05 05:38:33.897061120,13,13600,232,16
35.561498,-71.717027,2026-09-05 05:38:34.63702272,13,10097,216,22
34.166885,-65.365564,2026-09-05 05:38:35.187129344,13,4763,259,35
34.128338,-65.341762,2026-09-05 05:38:35.187115520,13,8015,243,38
41.979585,-86.049469,2026-09-05 05:38:35.960577792,13,14997,127,45
42.020878,-86.191713,2026-09-05 05:38:35.960603392,13,7652,175,33
42.253225,-86.249196,2026-09-05 05:38:37.79401984,13,8901,145,23
42.382381,-86.305191,2026-09-05 05:38:37.714384640,13,9452,183,57
42.373847,-86.441629,2026-09-05 05:38:37.714453504,13,7776,221,44
42.36112,-86.495641,2026-09-05 05:38:37.714435584,13,6812,219,26
24.892313,-107.44753,2026-09-05 05:38:37.755758592,13,6342,258,36
41.664635,-84.73026,2026-09-05 05:38:38.913787648,13,5523,133,36
23.852683,-103.205815,2026-09-05 05:38:39.451352832,13,9599,259,109
36.672197,-101.600154,2026-09-05 05:38:39.718482944,13,9171,97,66
36.719428,-101.610129,2026-09-05 05:38:39.718552832,13,10702,170,53
36.701663,-101.594138,2026-09-05 05:38:39.806363648,13,10701,96,39
36.69647,-101.599316,2026-09-05 05:38:40.107115008,13,11834,98,70
36.729297,-101.599792,2026-09-05 05:38:40.107186432,13,10350,146,56
36.699993,-101.588689,2026-09-05 05:38:40.299083776,13,13063,98,90
36.705427,-101.714548,2026-09-05 05:38:40.487391232,13,10659,113,37
36.711099,-101.645821,2026-09-05 05:38:40.487408896,13,7500,165,24
41.638261,-84.491904,2026-09-05 05:38:41.75339264,13,9243,84,45
24.598306,-107.213919,2026-09-05 05:38:41.121428736,13,7601,238,31
41.740815,-84.558637,2026-09-05 05:38:41.268377600,13,4471,131,31
41.675469,-84.760085,2026-09-05 05:38:41.268374016,13,12485,161,27
41.859343,-85.490943,2026-09-05 05:38:41.921111552,13,7665,161,24
22.975834,-106.230553,2026-09-05 05:38:42.69336064,13,10089,250,47
18.109733,-92.86386,2026-09-05 05:38:42.268943872,13,8114,262,44
41.627147,-84.054883,2026-09-05 05:38:43.300307456,13,7183,96,88
41.620007,-84.051714,2026-09-05 05:38:43.300307456,13,7659,111,72
41.617696,-84.077748,2026-09-05 05:38:43.300304640,13,8073,144,53
35.017097,-59.409468,2026-09-05 05:38:43.887310592,13,13251,246,45
24.61867,-107.419336,2026-09-05 05:38:44.879421440,13,7822,239,25
24.592284,-107.422688,2026-09-05 05:38:45.638690304,13,10070,208,18
24.370974,-107.296587,2026-09-05 05:38:46.379345408,13,5044,250,47
27.925562,-104.474593,2026-09-05 05:38:47.777347328,13,6996,221,58
35.825234,-71.78182,2026-09-05 05:38:49.720793344,13,7487,251,27
42.086684,-86.227154,2026-09-05 05:38:50.776581888,13,4515,176,22
42.056831,-85.940897,2026-09-05 05:38:51.471249664,13,13318,98,110
42.072257,-85.991478,2026-09-05 05:38:51.471239936,13,3078,257,100
42.069043,-85.975661,2026-09-05 05:38:51.471240960,13,12710,186,87
43.583116,-98.218452,2026-09-05 05:38:52.719236608,13,4293,165,112
43.574728,-98.249745,2026-09-05 05:38:52.719243264,13,5861,118,98
41.661739,-83.689826,2026-09-05 05:38:53.14270720,13,8730,74,80
41.656754,-83.682078,2026-09-05 05:38:53.14279168,13,7269,100,102
41.633686,-83.689483,2026-09-05 05:38:53.14280960,13,9181,123,82
27.019689,-107.098226,2026-09-05 05:38:53.930563584,13,12915,239,35
27.086509,-107.096542,2026-09-05 05:38:53.930578688,13,9902,237,27
27.08653,-107.096507,2026-09-05 05:38:53.930579968,13,9903,258,18
41.653983,-84.641466,2026-09-05 05:38:54.307912960,13,7734,130,50
41.715031,-84.668736,2026-09-05 05:38:54.307980032,13,12426,163,33
42.027074,-86.204456,2026-09-05 05:38:54.664279808,13,3108,195,55
42.143161,-86.402637,2026-09-05 05:38:54.664282368,13,14313,189,44
41.998936,-86.181224,2026-09-05 05:38:54.664346112,13,14735,91,26
41.990457,-86.414027,2026-09-05 05:38:54.925665792,13,6364,200,31
42.007231,-86.230739,2026-09-05 05:38:54.925718784,13,11414,101,15
35.85121,-71.670579,2026-09-05 05:38:55.738045696,13,9487,131,68
35.828611,-71.606738,2026-09-05 05:38:55.738036992,13,5854,229,77
18.446458,-84.632406,2026-09-05 05:38:56.124192000,13,5703,266,58
35.495155,-70.854221,2026-09-05 05:38:56.348982784,13,12343,226,34
41.61699,-84.015268,2026-09-05 05:38:56.680635136,13,11739,137,21
41.663929,-84.01484,2026-09-05 05:38:56.699226624,13,7566,145,25
41.632411,-84.041139,2026-09-05 05:38:56.742102272,13,7485,85,34
41.575786,-84.237962,2026-09-05 05:38:56.742106368,13,4388,248,32
42.095948,-86.208305,2026-09-05 05:38:56.854321920,13,12957,97,62
42.052067,-86.433846,2026-09-05 05:38:56.854316288,13,12299,175,52
42.08188,-86.283103,2026-09-05 05:38:56.854361088,13,5332,222,36
41.676324,-84.659096,2026-09-05 05:38:57.90242304,13,5314,139,45
41.689879,-84.695018,2026-09-05 05:38:57.90300928,13,7923,151,28
36.673511,-101.596417,2026-09-05 05:38:57.402143744,13,9573,128,84
36.695201,-101.590922,2026-09-05 05:38:57.402150400,13,10588,88,83
36.691498,-101.57772,2026-09-05 05:38:57.402212096,13,9083,173,69
36.673983,-101.720524,2026-09-05 05:38:57.461648896,13,14912,100,24
40.467769,-84.328895,2026-09-05 05:38:57.854225152,13,3070,127,41
40.495942,-84.302587,2026-09-05 05:38:57.854295296,13,3365,233,28
36.645612,-101.727723,2026-09-05 05:38:58.101233664,13,9197,118,23
42.01751,-86.111173,2026-09-05 05:38:58.957730048,13,14221,104,24
41.61745,-84.051982,2026-09-05 05:38:59.282718464,13,8988,53,42
41.571256,-84.243736,2026-09-05 05:38:59.282727936,13,7844,240,34
29.368447,-79.42863,2026-09-05 05:38:59.657917696,13,4859,264,66
29.224377,-79.513287,2026-09-05 05:38:59.709694208,13,10332,163,39
29.27165,-79.417588,2026-09-05 05:39:00.14803968,13,6269,175,56
35.677275,-71.301896,2026-09-05 05:39:00.619354112,13,7123,237,42
35.693503,-71.289533,2026-09-05 05:39:00.619360512,13,4460,247,63
35.80477,-71.342183,2026-09-05 05:39:00.619451136,13,8990,268,43
18.710022,-99.687579,2026-09-05 05:39:00.802542592,13,9781,253,29
41.891597,-85.568962,2026-09-05 05:39:00.881463040,13,13651,102,36
41.770461,-84.902014,2026-09-05 05:39:01.102407680,13,12776,84,45
41.79566,-85.045123,2026-09-05 05:39:01.102425344,13,7451,163,32
36.24435,-80.252876,2026-09-05 05:39:01.491707904,13,9933,196,18
36.174035,-80.285782,2026-09-05 05:39:01.580945664,13,12981,106,49
36.256547,-80.284909,2026-09-05 05:39:01.580974336,13,10488,126,51
36.20213,-80.271921,2026-09-05 05:39:01.581002752,13,13345,136,38
34.421071,-65.525222,2026-09-05 05:39:01.624723712,13,10114,178,41
34.479432,-65.517097,2026-09-05 05:39:01.624735488,13,8774,256,40
34.197108,-65.004028,2026-09-05 05:39:02.440703232,13,7295,191,103
34.1979,-64.988953,2026-09-05 05:39:02.440707840,13,6397,260,83
34.204434,-65.014431,2026-09-05 05:39:02.440765952,13,11149,229,65
34.194721,-65.014396,2026-09-05 05:39:02.497339136,13,6516,190,58
34.260719,-65.045244,2026-09-05 05:39:02.497424896,13,7356,265,42
34.134991,-64.833851,2026-09-05 05:39:02.608840448,13,13073,200,18
34.124657,-64.981886,2026-09-05 05:39:03.163872256,13,7459,178,15
42.095942,-86.33304,2026-09-05 05:39:03.376144384,13,13743,123,45
41.966845,-86.266825,2026-09-05 05:39:03.447672576,13,4059,156,21
41.64943,-84.076453,2026-09-05 05:39:03.722367488,13,7888,148,22
52.218843,-107.028347,2026-09-05 05:39:04.676073984,13,14158,182,22
41.956869,-86.380587,2026-09-05 05:39:06.118355968,13,8507,172,23
41.770352,-84.460898,2026-09-05 05:39:06.825267200,13,6664,122,41
41.80556,-84.497233,2026-09-05 05:39:06.825251328,13,2320,222,86
41.786597,-84.460958,2026-09-05 05:39:06.825261312,13,13996,72,73
22.379435,-105.795099,2026-09-05 05:39:07.438626304,13,6527,247,63
41.644563,-85.181148,2026-09-05 05:39:07.599564800,13,14421,154,20
36.697926,-101.670591,2026-09-05 05:39:07.684165120,13,13882,97,19
41.651599,-84.057592,2026-09-05 05:39:09.19728640,13,10352,114,42
41.595786,-84.266485,2026-09-05 05:39:09.19666944,13,7180,248,29
36.138162,-72.286529,2026-09-05 05:39:09.380488448,13,8612,199,53
36.01636,-72.243862,2026-09-05 05:39:09.380449792,13,14709,207,41
36.053148,-72.268493,2026-09-05 05:39:09.380516608,13,7767,235,28
36.006842,-72.224413,2026-09-05 05:39:09.459142144,13,13938,246,36
36.05056,-72.261175,2026-09-05 05:39:09.459226112,13,7643,237,23
36.996927,-101.191934,2026-09-05 05:39:09.716475904,13,14465,127,27
36.995793,-101.175847,2026-09-05 05:39:09.716474880,13,13030,111,22
41.878784,-85.521037,2026-09-05 05:39:10.229051904,13,10537,163,23
49.116683,-103.544421,2026-09-05 05:39:10.265534208,13,13482,143,19
34.560118,-66.060551,2026-09-05 05:39:10.483694592,13,14518,241,29
41.678324,-84.803141,2026-09-05 05:39:11.371003648,13,9580,193,30
41.818107,-85.166756,2026-09-05 05:39:11.374322944,13,9059,206,30
41.907536,-85.749745,2026-09-05 05:39:12.288357632,13,14161,101,16
35.679041,-71.861548,2026-09-05 05:39:12.513142528,13,5038,264,36
35.59978,-71.773468,2026-09-05 05:39:12.513177344,13,13826,247,23
41.667039,-84.065268,2026-09-05 05:39:13.527181824,13,7770,120,104
41.646204,-84.073203,2026-09-05 05:39:13.527181568,13,8302,94,89
41.652209,-84.074117,2026-09-05 05:39:13.527182336,13,11322,76,68
41.662166,-84.101929,2026-09-05 05:39:14.34719488,13,4601,162,57
41.648741,-84.069771,2026-09-05 05:39:14.34726400,13,10489,85,55
41.643908,-84.062569,2026-09-05 05:39:14.34795776,13,6067,123,42
41.636077,-84.06602,2026-09-05 05:39:14.34793216,13,13944,96,31
41.633322,-84.046998,2026-09-05 05:39:14.34785536,13,13129,93,19
41.647609,-84.09147,2026-09-05 05:39:14.146296576,13,4449,217,56
41.645751,-84.055272,2026-09-05 05:39:14.146372096,13,9284,148,45
41.665603,-84.101783,2026-09-05 05:39:14.146353664,13,6694,159,35
41.609334,-84.23402,2026-09-05 05:39:14.283757824,13,12908,131,22
18.286971,119.843242,2026-09-05 05:35:04.957690880,14,9436,232,24
30.065211,143.149056,2026-09-05 05:35:10.789611520,14,2580,210,44
31.140322,142.450321,2026-09-05 05:35:56.238066688,14,6164,195,46
31.429014,137.18894,2026-09-05 05:36:21.904410624,14,6222,246,30
31.443428,137.189979,2026-09-05 05:36:21.964186368,14,3670,246,28
31.425922,137.180844,2026-09-05 05:36:22.148395776,14,3309,246,25
30.074061,143.074446,2026-09-05 05:36:55.965199872,14,4196,209,46
31.407045,137.185465,2026-09-05 05:37:02.911628544,14,12374,247,23
31.150799,142.165244,2026-09-05 05:37:56.191538688,14,7509,270,29
31.636247,138.257157,2026-09-05 05:38:01.720665856,14,13885,252,24
31.1687,142.170278,2026-09-05 05:38:40.720551936,14,6773,270,30
31.170114,137.378783,2026-09-05 05:38:59.725828608,14,14505,252,36
15.813235,131.984547,2026-09-05 05:39:04.751726336,14,5395,246,37
41.831789,-84.721265,2026-09-05 05:35:07.343953408,11,10274,195,38
34.692612,-65.474524,2026-09-05 05:35:15.143144960,11,11616,270,30
41.738951,-85.720216,2026-09-05 05:35:18.215273984,11,14052,162,27
41.731476,-84.835951,2026-09-05 05:35:18.352724480,11,9341,191,42
35.76752,-71.390609,2026-09-05 05:35:23.65959424,11,10996,212,138
35.029229,-59.769559,2026-09-05 05:35:29.952169728,11,9868,208,91
31.446778,-60.531791,2026-09-05 05:35:33.914944512,11,9617,262,196
42.023155,-86.012111,2026-09-05 05:35:37.810157312,11,10027,163,41
22.773162,-106.03082,2026-09-05 05:35:56.864359424,11,14506,251,29
23.015766,-106.14645,2026-09-05 05:35:57.891011840,11,12313,250,33
35.834307,-71.664687,2026-09-05 05:36:39.589512192,11,9224,209,149
41.777831,-84.88106,2026-09-05 05:36:46.506600192,11,12379,92,90
41.535971,-84.818869,2026-09-05 05:36:46.692371712,11,14430,146,23
41.752437,-84.531756,2026-09-05 05:36:48.876674304,11,14398,109,44
35.105459,-68.634785,2026-09-05 05:36:51.162022400,11,12232,263,194
41.681032,-83.749225,2026-09-05 05:36:57.344419840,11,10713,192,118
41.633188,-83.672661,2026-09-05 05:36:57.344445440,11,14463,138,107
43.278751,-97.425605,2026-09-05 05:37:04.473108480,11,8071,123,24
34.57261,-66.086625,2026-09-05 05:37:11.545271808,11,8730,231,68
44.031093,-98.640165,2026-09-05 05:37:14.243419904,11,13341,139,40
37.150755,-101.168559,2026-09-05 05:37:18.115286528,11,10795,128,31
27.094102,-107.059884,2026-09-05 05:37:27.105000192,11,11939,236,34
29.174684,-79.416961,2026-09-05 05:37:30.37114368,11,11973,166,131
36.657194,-101.600008,2026-09-05 05:37:35.548811520,11,14137,130,31
34.278598,-62.538877,2026-09-05 05:37:39.997004032,11,7458,247,128
17.195616,-94.42223,2026-09-05 05:37:55.442371328,11,8325,240,112
35.894616,-58.787926,2026-09-05 05:38:09.511530752,11,3140,249,78
35.110579,-37.142366,2026-09-05 05:38:10.554591744,11,10251,208,110
7.252696,19.688636,2026-09-05 05:38:22.84082944,11,11018,236,36
34.839094,-37.790678,2026-09-05 05:38:29.352569088,11,14185,244,94
34.894335,-37.66394,2026-09-05 05:38:29.621786368,11,9826,238,45
34.383397,-60.504292,2026-09-05 05:38:47.317620992,11,12111,186,196
42.055961,-85.984619,2026-09-05 05:38:51.471250176,11,10741,163,49
41.670028,-83.734262,2026-09-05 05:38:53.14266112,11,7270,192,54
41.627227,-83.67161,2026-09-05 05:38:53.14281728,11,8979,95,39
29.269003,-79.361399,2026-09-05 05:38:59.657891840,11,9342,247,203
41.831789,-84.721265,2026-09-05 05:35:07.343953408,12,10274,195,38
41.738951,-85.720215,2026-09-05 05:35:18.215273984,12,14052,162,27
41.731476,-84.835951,2026-09-05 05:35:18.352724480,12,9341,191,43
35.76752,-71.390609,2026-09-05 05:35:23.65959424,12,10996,212,139
31.474046,-60.567975,2026-09-05 05:35:33.914959360,12,10647,262,197
42.051039,-86.060361,2026-09-05 05:35:37.810147584,12,8389,218,42
22.773162,-106.03082,2026-09-05 05:35:56.864359424,12,14506,251,30
35.833368,-71.669127,2026-09-05 05:36:39.589513472,12,6022,209,146
41.770393,-84.898152,2026-09-05 05:36:46.506600704,12,7692,151,88
41.732813,-84.73765,2026-09-05 05:36:46.506648320,12,11378,122,53
41.535971,-84.818869,2026-09-05 05:36:46.692371712,12,14430,146,24
41.804072,-84.517383,2026-09-05 05:36:48.876689152,12,11370,91,43
41.68705,-83.703983,2026-09-05 05:36:57.344429568,12,12977,107,116
43.278751,-97.425605,2026-09-05 05:37:04.473108480,12,8071,123,23
34.581552,-66.063791,2026-09-05 05:37:11.545273600,12,12157,232,67
44.031093,-98.640165,2026-09-05 05:37:14.243419904,12,13341,139,39
37.151921,-101.164486,2026-09-05 05:37:18.115285760,12,11255,128,29
27.094102,-107.059884,2026-09-05 05:37:27.105000192,12,11939,236,32
36.657194,-101.600008,2026-09-05 05:37:35.548811520,12,14137,130,31
35.794223,-71.34989,2026-09-05 05:37:37.379369984,12,10491,212,105
34.278606,-62.538912,2026-09-05 05:37:39.997004032,12,7460,247,128
17.383522,-94.338058,2026-09-05 05:37:55.442441728,12,7172,266,112
35.894616,-58.787926,2026-09-05 05:38:09.511530752,12,3140,249,79
35.110618,-37.142362,2026-09-05 05:38:10.554591744,12,10250,208,106
25.6878,-107.34082,2026-09-05 05:38:11.486645248,12,9255,242,42
7.222876,19.740294,2026-09-05 05:38:22.84069632,12,10357,226,41
34.894335,-37.66394,2026-09-05 05:38:29.621786368,12,9826,238,45
48.980534,-103.12346,2026-09-05 05:38:32.551120384,12,8716,186,32
34.383397,-60.504292,2026-09-05 05:38:47.317620992,12,12111,186,197
42.055961,-85.984619,2026-09-05 05:38:51.471250176,12,10741,163,49
41.670028,-83.734262,2026-09-05 05:38:53.14266112,12,7270,192,54
41.627227,-83.67161,2026-09-05 05:38:53.14281728,12,8979,95,39
29.269003,-79.361399,2026-09-05 05:38:59.657891840,12,9342,247,204
41.75534,-84.489687,2026-09-05 05:39:06.825263360,12,11272,138,35
