35.361029,24.091549,2026-10-01 01:30:00.851290624,1,11137,257,132
34.971304,24.20217,2026-10-01 01:30:00.851200000,1,5932,268,206
22.792847,-99.364078,2026-10-01 01:30:08.460128256,1,8413,243,22
42.88541,5.790526,2026-10-01 01:30:09.21295616,1,10409,161,36
42.882331,5.807765,2026-10-01 01:30:09.152133632,1,8275,173,64
42.864337,5.76979,2026-10-01 01:30:09.152206848,1,9552,205,54
42.902584,5.935058,2026-10-01 01:30:09.155484160,1,13005,151,42
42.864817,5.812466,2026-10-01 01:30:09.245990656,1,5637,170,235
42.871161,5.802922,2026-10-01 01:30:09.245992960,1,4448,145,222
42.882211,5.792519,2026-10-01 01:30:09.245991936,1,8882,207,204
42.87028,5.798089,2026-10-01 01:30:09.245990400,1,11709,188,189
42.908748,5.782598,2026-10-01 01:30:09.246009344,1,7900,196,176
43.005021,5.807436,2026-10-01 01:30:09.246102272,1,13057,261,154
42.837533,5.855585,2026-10-01 01:30:17.41590016,1,6382,120,110
42.837946,5.847335,2026-10-01 01:30:17.41592576,1,8478,194,97
42.83632,5.862323,2026-10-01 01:30:17.41667840,1,9970,145,68
42.81647,5.828124,2026-10-01 01:30:17.41651968,1,6769,212,54
42.853285,5.853274,2026-10-01 01:30:17.41660928,1,3951,204,38
42.885864,5.864082,2026-10-01 01:30:17.41670656,1,4496,241,24
42.65135,3.773487,2026-10-01 01:30:33.734252288,1,8414,186,40
42.65419,3.774312,2026-10-01 01:30:33.734259712,1,6253,175,23
42.664276,3.733538,2026-10-01 01:30:33.804576256,1,13247,184,20
42.654139,3.771015,2026-10-01 01:30:33.820644608,1,3268,202,28
42.652331,3.776155,2026-10-01 01:30:33.833058048,1,6883,186,18
42.648598,3.768551,2026-10-01 01:30:33.833060608,1,2743,235,31
42.640478,3.7547,2026-10-01 01:30:33.845671936,1,13814,186,19
42.630012,4.711168,2026-10-01 01:30:34.572172800,1,7164,161,51
42.548666,4.662591,2026-10-01 01:30:34.572218624,1,14456,162,32
42.573001,4.728127,2026-10-01 01:30:41.695324160,1,8177,171,23
42.582334,4.729429,2026-10-01 01:30:42.8249088,1,14061,170,16
42.587223,4.75417,2026-10-01 01:31:22.697480960,1,6314,127,64
42.577627,4.742365,2026-10-01 01:31:22.697562624,1,10275,213,48
42.618544,4.788974,2026-10-01 01:31:22.697571584,1,11480,141,35
42.627898,4.765983,2026-10-01 01:31:22.697578496,1,13918,156,22
35.835689,30.347671,2026-10-01 01:31:39.136722432,1,10053,148,131
42.649083,3.794373,2026-10-01 01:31:46.249503744,1,6899,158,32
42.645195,3.739963,2026-10-01 01:31:46.460707840,1,8198,148,35
42.624682,4.453377,2026-10-01 01:31:55.31728896,1,13871,165,27
-23.185141,163.081958,2026-10-01 01:30:37.275508992,2,9810,248,21
17.400085,144.269955,2026-10-01 01:31:21.972397056,2,6536,262,23
23.046487,-99.36243,2026-10-01 01:30:03.318497536,3,12984,238,57
22.855066,-99.448668,2026-10-01 01:30:03.318463232,3,4990,261,49
22.883264,-99.46275,2026-10-01 01:30:03.318470912,3,4585,264,33
32.046702,-101.604732,2026-10-01 01:30:04.64776448,3,3608,250,25
26.940639,-78.87274,2026-10-01 01:30:04.339649280,3,4691,221,47
27.054396,-78.90142,2026-10-01 01:30:04.339741440,3,10066,222,44
27.050874,-78.902726,2026-10-01 01:30:04.414337536,3,6154,222,51
27.057328,-78.910891,2026-10-01 01:30:04.414334720,3,6233,222,39
33.647215,-98.162469,2026-10-01 01:30:04.519040512,3,12660,227,21
30.380887,-101.989366,2026-10-01 01:30:15.261371136,3,4974,252,25
22.788471,-99.458208,2026-10-01 01:30:15.522461184,3,3339,263,48
22.728403,-99.470317,2026-10-01 01:30:15.522437888,3,13915,238,35
31.690593,-101.42153,2026-10-01 01:30:16.684746240,3,8512,207,19
30.339792,-101.014921,2026-10-01 01:30:17.71843072,3,8796,195,47
30.531078,-101.053539,2026-10-01 01:30:17.71907072,3,8070,249,34
30.563992,-101.010157,2026-10-01 01:30:17.874129408,3,11995,248,17
22.608781,-100.143624,2026-10-01 01:30:19.444489728,3,3961,258,44
30.533966,-101.101068,2026-10-01 01:30:19.534183168,3,8245,211,37
30.515096,-101.099,2026-10-01 01:30:19.534183680,3,5442,221,24
22.825461,-99.385581,2026-10-01 01:30:19.692122368,3,4497,254,38
30.406669,-101.93249,2026-10-01 01:30:19.798231808,3,10141,256,15
30.189349,-102.130834,2026-10-01 01:30:19.835044864,3,7901,191,28
21.194892,-99.803111,2026-10-01 01:30:20.462543104,3,11914,264,17
22.651553,-100.385521,2026-10-01 01:30:29.819407104,3,8273,256,25
30.268066,-101.988755,2026-10-01 01:30:38.138337792,3,3774,255,24
31.252125,-101.999858,2026-10-01 01:30:38.718205696,3,12381,257,21
31.485193,-101.665709,2026-10-01 01:30:38.785216000,3,8887,175,22
32.013341,-101.559507,2026-10-01 01:30:39.641025280,3,9905,134,53
32.045453,-101.583376,2026-10-01 01:30:39.641090816,3,3320,206,40
31.79404,-101.938019,2026-10-01 01:30:39.794313728,3,6941,248,24
32.956344,-99.020252,2026-10-01 01:30:40.228145920,3,13204,218,18
25.82798,-105.104633,2026-10-01 01:30:41.323374336,3,4794,250,30
22.769526,-100.295895,2026-10-01 01:30:42.104007936,3,4283,232,24
22.705091,-99.439999,2026-10-01 01:30:44.375986432,3,5852,240,58
22.776455,-99.439205,2026-10-01 01:30:44.376007936,3,3587,261,56
22.739275,-99.435713,2026-10-01 01:30:44.397592320,3,7805,237,43
22.731927,-99.439697,2026-10-01 01:30:44.425973760,3,7753,231,48
22.705877,-99.451688,2026-10-01 01:30:44.480262144,3,5073,245,31
24.734843,-101.081901,2026-10-01 01:30:51.649623040,3,13629,244,71
24.627333,-101.152871,2026-10-01 01:30:51.649611008,3,9556,230,51
36.863542,-101.723906,2026-10-01 01:30:51.668626176,3,13507,97,48
36.866203,-101.777546,2026-10-01 01:30:51.668668928,3,5789,243,35
30.189079,-102.156629,2026-10-01 01:30:52.225975552,3,6760,180,44
24.688976,-102.692,2026-10-01 01:30:52.428981760,3,6159,238,25
30.416648,-101.689325,2026-10-01 01:30:52.954737664,3,6380,178,19
19.698858,-80.083807,2026-10-01 01:31:00.177519872,3,5859,262,34
22.672707,-100.462465,2026-10-01 01:31:01.789767680,3,14590,170,18
29.988019,-101.97189,2026-10-01 01:31:10.256456704,3,12942,194,28
33.772431,-100.578927,2026-10-01 01:31:10.961875968,3,10278,197,40
33.781599,-100.522926,2026-10-01 01:31:10.961878528,3,14855,249,29
22.535888,-100.296745,2026-10-01 01:31:11.199074816,3,9441,252,26
30.279748,-101.950716,2026-10-01 01:31:11.212975360,3,3675,253,29
30.118456,-101.877852,2026-10-01 01:31:11.461788160,3,6219,194,96
30.134899,-101.899174,2026-10-01 01:31:11.461856000,3,10918,203,85
39.442985,-98.494953,2026-10-01 01:31:18.989210624,3,13577,123,40
39.418378,-98.4513,2026-10-01 01:31:18.989229056,3,14683,214,27
30.006927,-101.919642,2026-10-01 01:31:19.416206848,3,8940,174,70
30.072029,-101.920753,2026-10-01 01:31:19.416280064,3,3745,237,58
31.9389,-101.857589,2026-10-01 01:31:20.60279296,3,7109,245,20
30.088827,-102.009163,2026-10-01 01:31:22.99739648,3,9283,173,50
30.334583,-102.006115,2026-10-01 01:31:22.99828224,3,3701,252,37
30.185982,-102.135257,2026-10-01 01:31:22.202604288,3,14344,192,17
30.077638,-102.025981,2026-10-01 01:31:22.288315392,3,12550,173,48
30.281475,-102.047998,2026-10-01 01:31:22.288386048,3,3092,220,36
39.550377,-98.145531,2026-10-01 01:31:23.260143104,3,5043,226,23
31.608647,-101.492418,2026-10-01 01:31:24.264049920,3,7490,243,28
30.545181,-101.62967,2026-10-01 01:31:24.509017856,3,4650,267,27
31.538116,-101.593268,2026-10-01 01:31:24.566002944,3,11403,153,22
32.13205,-101.596022,2026-10-01 01:31:24.621010688,3,13246,244,24
22.858973,-99.387894,2026-10-01 01:31:33.85332480,3,4944,261,42
22.821892,-99.374163,2026-10-01 01:31:33.85321472,3,4767,261,29
22.589106,-100.395091,2026-10-01 01:31:33.302185216,3,13531,234,34
30.315589,-101.967247,2026-10-01 01:31:33.709719552,3,9611,241,21
26.377356,-102.061092,2026-10-01 01:31:34.167086336,3,11246,245,45
26.323839,-102.127053,2026-10-01 01:31:34.167067648,3,9378,225,29
23.347238,-106.172251,2026-10-01 01:31:42.25929472,3,10520,267,76
23.406425,-106.183734,2026-10-01 01:31:42.25996544,3,8323,257,76
23.385113,-106.212561,2026-10-01 01:31:42.25992960,3,10866,252,57
39.161606,-98.756921,2026-10-01 01:31:43.673511424,3,6334,167,26
39.162304,-98.755251,2026-10-01 01:31:43.673516288,3,7339,218,18
30.274342,-102.003116,2026-10-01 01:31:44.872326656,3,6828,204,49
30.247936,-102.033862,2026-10-01 01:31:44.872311040,3,5184,209,36
30.201991,-102.103992,2026-10-01 01:31:44.968466432,3,7937,167,30
32.244034,-101.400767,2026-10-01 01:31:45.518269440,3,5552,264,19
30.041684,-101.825983,2026-10-01 01:31:54.167660032,3,4759,196,96
30.047945,-101.919816,2026-10-01 01:31:54.167707136,3,9733,204,83
27.055565,-78.967803,2026-10-01 01:32:01.644646912,3,9081,235,48
27.092618,-78.974941,2026-10-01 01:32:01.644654336,3,7290,221,36
37.517595,-102.599696,2026-10-01 01:32:03.185378048,3,14531,115,19
33.813132,-100.574178,2026-10-01 01:32:03.306297856,3,10536,243,19
37.393043,35.104045,2026-10-01 01:30:06.11132416,4,9778,252,20
36.121181,30.44676,2026-10-01 01:30:17.740375040,4,7251,242,19
42.832014,5.634929,2026-10-01 01:30:18.71671040,4,7680,161,28
37.181924,40.166311,2026-10-01 01:30:19.829226496,4,8095,253,27
36.632361,34.472479,2026-10-01 01:30:28.995076352,4,14338,238,24
42.823689,5.733117,2026-10-01 01:30:32.445200640,4,9261,161,31
42.817232,5.730188,2026-10-01 01:30:32.619411200,4,14787,161,26
42.835356,5.700923,2026-10-01 01:30:44.153176320,4,14066,161,26
35.195388,24.707284,2026-10-01 01:30:46.108538112,4,14430,221,18
35.187378,24.698188,2026-10-01 01:30:46.182288640,4,10803,222,18
36.102219,30.340614,2026-10-01 01:30:54.325152000,4,9182,249,22
36.787811,34.523469,2026-10-01 01:30:56.307566336,4,6969,237,23
42.810801,4.938554,2026-10-01 01:31:01.638438912,4,9331,250,29
42.610786,4.701354,2026-10-01 01:31:01.670526464,4,14366,252,26
37.431169,35.269427,2026-10-01 01:31:21.191149056,4,13146,233,18
17.422297,144.252126,2026-10-01 01:31:21.972406528,4,5496,262,24
42.911732,5.792819,2026-10-01 01:31:28.260012800,4,13500,160,22
36.697968,34.577712,2026-10-01 01:31:31.270442496,4,7812,261,24
35.228392,24.804935,2026-10-01 01:31:44.98329088,4,14906,204,27
38.222673,39.044679,2026-10-01 01:31:45.766830080,4,11478,249,18
37.254026,40.293405,2026-10-01 01:31:47.658901504,4,11590,237,23
37.458618,40.289991,2026-10-01 01:31:52.277999104,4,12267,236,19
35.284543,25.271674,2026-10-01 01:31:55.413427968,4,5405,222,26
42.494478,4.603118,2026-10-01 01:31:56.808882944,4,10944,165,24
42.499238,4.597271,2026-10-01 01:31:56.854739456,4,12543,165,25
42.572035,4.695786,2026-10-01 01:31:56.906798336,4,7809,258,24
26.934405,-78.99318,2026-10-01 01:30:04.339688960,7,5653,185,18
26.927172,-78.992889,2026-10-01 01:30:04.414280448,7,8317,168,18
22.751304,-100.33539,2026-10-01 01:30:25.283689984,7,13221,231,17
25.748009,-105.210588,2026-10-01 01:30:41.323334912,7,10045,243,10
22.808056,-100.308467,2026-10-01 01:30:42.104019712,7,5317,229,16
22.643071,-99.532898,2026-10-01 01:30:44.375951872,7,2778,232,21
22.632586,-99.549383,2026-10-01 01:30:44.425931008,7,4491,178,17
22.631607,-99.527385,2026-10-01 01:30:44.480216064,7,8538,179,12
22.646918,-99.528676,2026-10-01 01:30:44.564516096,7,2107,232,21
22.720335,-99.457356,2026-10-01 01:30:44.743238400,7,9496,231,14
17.101357,-95.533045,2026-10-01 01:30:54.763192064,7,3221,266,19
22.663355,-99.533311,2026-10-01 01:30:55.374024192,7,7694,229,20
20.258761,-99.417918,2026-10-01 01:30:59.512699392,7,11421,255,12
20.280437,-99.392445,2026-10-01 01:30:59.543119616,7,5059,255,18
19.68337,-80.062634,2026-10-01 01:30:59.934843136,7,2416,237,19
22.44356,-100.352421,2026-10-01 01:31:24.442944256,7,11319,233,14
22.164009,-100.252558,2026-10-01 01:31:25.190038784,7,9099,236,12
18.168054,-68.711987,2026-10-01 01:31:36.234881024,7,8246,177,23
27.396332,-101.236474,2026-10-01 01:31:39.399483904,7,5035,229,25
27.830527,-100.867709,2026-10-01 01:31:39.695132160,7,13159,122,18
20.473859,-81.571009,2026-10-01 01:31:40.351945472,7,1884,259,17
22.716326,-100.424738,2026-10-01 01:31:41.984949504,7,8440,230,12
23.263091,-106.35293,2026-10-01 01:31:42.25927680,7,8285,247,21
21.983678,-100.331834,2026-10-01 01:31:52.663407104,7,6990,248,18
14.883271,-90.71496,2026-10-01 01:31:54.122953216,7,3638,268,20
29.997834,-101.93352,2026-10-01 01:31:54.167690496,7,6711,168,27
26.159107,108.372432,2026-10-01 01:30:03.36272384,9,2708,239,23
17.421586,144.259524,2026-10-01 01:31:21.972404224,9,7070,262,20
25.663328,116.417085,2026-10-01 01:31:28.449031936,9,9764,270,16
31.470918,-101.65968,2026-10-01 01:30:00.138211584,13,7841,179,30
30.461409,-101.545392,2026-10-01 01:30:00.410096896,13,8650,207,24
22.001252,-100.573333,2026-10-01 01:30:01.42451712,13,8000,260,20
24.004587,-101.071048,2026-10-01 01:30:01.274190336,13,11717,230,78
22.756645,-99.443364,2026-10-01 01:30:01.851653376,13,4443,257,52
19.747283,-80.039979,2026-10-01 01:30:02.200945408,13,7830,263,105
19.754368,-80.062017,2026-10-01 01:30:02.276625664,13,4907,265,40
20.436917,-81.592011,2026-10-01 01:30:02.958008576,13,6068,259,30
22.72869,-99.479106,2026-10-01 01:30:03.318425088,13,8023,242,42
32.047483,-101.60378,2026-10-01 01:30:04.64776448,13,3620,250,22
26.940846,-78.873075,2026-10-01 01:30:04.339649280,13,4699,221,53
27.04386,-78.906061,2026-10-01 01:30:04.414334720,13,5726,222,42
37.477614,-102.517655,2026-10-01 01:30:07.906802688,13,5915,203,20
22.636932,-99.522957,2026-10-01 01:30:08.460042752,13,8978,176,56
22.758428,-99.446735,2026-10-01 01:30:08.539732992,13,3632,255,40
22.738051,-99.440668,2026-10-01 01:30:08.622080256,13,10006,231,31
18.004636,-90.003948,2026-10-01 01:30:09.502345216,13,14372,257,42
23.918935,-99.186979,2026-10-01 01:30:12.485169152,13,10259,257,107
30.38103,-101.989095,2026-10-01 01:30:15.261371136,13,4973,252,25
22.72945,-99.458182,2026-10-01 01:30:15.522441472,13,7617,228,46
31.622334,-101.523618,2026-10-01 01:30:16.684707328,13,6590,174,25
30.339801,-101.014906,2026-10-01 01:30:17.71843072,13,8795,195,47
30.525081,-101.06751,2026-10-01 01:30:17.71903744,13,3306,249,32
22.549975,-100.138759,2026-10-01 01:30:19.444475648,13,6946,234,30
30.533905,-101.101048,2026-10-01 01:30:19.534183168,13,8247,211,24
30.515087,-101.099001,2026-10-01 01:30:19.534183680,13,5442,221,24
22.826522,-99.38461,2026-10-01 01:30:19.692122880,13,4495,254,39
30.189458,-102.130724,2026-10-01 01:30:19.835044864,13,7902,191,28
22.616998,-99.519462,2026-10-01 01:30:22.687382272,13,11275,232,41
31.470695,-101.670557,2026-10-01 01:30:22.998804736,13,4851,180,38
30.180412,-102.142769,2026-10-01 01:30:24.754888192,13,7829,180,32
22.742098,-100.36347,2026-10-01 01:30:25.283682816,13,13697,233,18
22.651534,-100.385539,2026-10-01 01:30:29.819407104,13,8271,256,25
33.959018,-100.697523,2026-10-01 01:30:31.420230656,13,13475,238,21
34.043775,-100.576846,2026-10-01 01:30:32.19530752,13,9654,155,43
34.103716,-100.496565,2026-10-01 01:30:32.19561472,13,4682,188,28
31.401706,-101.640408,2026-10-01 01:30:32.827120640,13,6128,180,22
21.376665,-99.578002,2026-10-01 01:30:33.24954368,13,3230,262,37
22.702309,-99.420442,2026-10-01 01:30:33.262620416,13,10272,235,28
21.231366,-99.638442,2026-10-01 01:30:33.426433792,13,8120,259,31
25.979819,-73.825727,2026-10-01 01:30:34.803939328,13,3676,264,33
37.201629,-102.444124,2026-10-01 01:30:35.305024000,13,13439,148,44
37.191701,-102.479415,2026-10-01 01:30:35.305018368,13,8037,216,32
19.714239,-80.038065,2026-10-01 01:30:35.820576000,13,7890,262,72
19.735972,-80.042272,2026-10-01 01:30:35.842262528,13,3554,262,45
22.712901,-99.432661,2026-10-01 01:30:36.648906752,13,10963,228,90
25.634823,-99.12486,2026-10-01 01:30:37.136119552,13,8887,224,59
31.579307,-101.534416,2026-10-01 01:30:37.256424704,13,9251,248,18
32.011991,-101.667669,2026-10-01 01:30:39.641068288,13,7948,173,27
32.038296,-101.608918,2026-10-01 01:30:39.641081088,13,3898,263,33
31.980892,-101.662199,2026-10-01 01:30:39.794427648,13,8122,178,22
32.958383,-99.013052,2026-10-01 01:30:40.228148224,13,13063,218,17
25.83183,-105.100302,2026-10-01 01:30:41.323376384,13,5898,250,28
22.76952,-100.295905,2026-10-01 01:30:42.104007936,13,4284,232,46
22.705961,-99.439751,2026-10-01 01:30:44.375986944,13,5972,240,65
22.727202,-99.438478,2026-10-01 01:30:44.425977088,13,6693,231,24
22.724124,-99.435239,2026-10-01 01:30:44.564555008,13,5972,243,67
22.608557,-99.513638,2026-10-01 01:30:44.803209984,13,10034,198,28
22.191305,-100.309235,2026-10-01 01:30:47.656714240,13,13029,236,17
22.501022,-100.505311,2026-10-01 01:30:48.448084480,13,5214,248,68
22.909018,-105.67989,2026-10-01 01:30:48.596243200,13,7759,258,34
39.578005,-98.105886,2026-10-01 01:30:50.58893312,13,11583,129,71
39.548892,-98.1247,2026-10-01 01:30:50.58947072,13,12281,103,58
30.573393,-101.078558,2026-10-01 01:30:50.198125824,13,6545,189,20
24.793797,-101.302402,2026-10-01 01:30:51.649692160,13,13868,260,21
36.869979,-101.830235,2026-10-01 01:30:51.668645632,13,14641,103,38
36.87819,-101.73676,2026-10-01 01:30:51.668680192,13,9191,156,34
30.243807,-102.06866,2026-10-01 01:30:52.226015232,13,8488,209,47
24.657678,-102.695951,2026-10-01 01:30:52.428976640,13,4740,238,28
32.91301,-99.177575,2026-10-01 01:30:54.957210624,13,8186,187,46
22.733799,-99.447294,2026-10-01 01:30:55.374057728,13,5909,245,58
32.906678,-99.175153,2026-10-01 01:30:55.640627456,13,8938,230,28
32.781858,-98.735942,2026-10-01 01:30:58.326999808,13,8093,194,31
32.84358,-98.744105,2026-10-01 01:30:58.327021312,13,14408,205,25
20.343246,-99.382704,2026-10-01 01:30:59.543132928,13,11033,253,81
30.235151,-102.027789,2026-10-01 01:30:59.709107712,13,10862,220,58
30.260986,-102.043632,2026-10-01 01:30:59.709104896,13,3282,220,60
19.688414,-80.082432,2026-10-01 01:30:59.934850304,13,10272,237,86
19.761423,-80.053612,2026-10-01 01:31:00.34027264,13,2951,262,35
31.510979,-101.626543,2026-10-01 01:31:02.436720640,13,10779,178,47
31.534903,-101.536526,2026-10-01 01:31:02.436752384,13,4477,210,43
31.560372,-101.540813,2026-10-01 01:31:02.436756992,13,6721,222,26
31.478882,-101.607934,2026-10-01 01:31:02.875968000,13,8860,179,21
22.739309,-99.408714,2026-10-01 01:31:03.249558528,13,6249,238,62
23.818131,-99.267626,2026-10-01 01:31:04.153454336,13,6499,255,64
32.044377,-101.731869,2026-10-01 01:31:05.21662208,13,11402,241,18
22.174252,-100.235271,2026-10-01 01:31:05.832610560,13,5476,236,32
22.755017,-99.445908,2026-10-01 01:31:08.661939968,13,5430,255,28
29.989768,-101.970023,2026-10-01 01:31:10.256455936,13,12942,194,30
33.845597,-100.562195,2026-10-01 01:31:10.961883136,13,13943,159,39
33.781557,-100.522977,2026-10-01 01:31:10.961878528,13,14856,249,31
30.284908,-101.94995,2026-10-01 01:31:11.212973824,13,3646,253,28
30.090053,-101.891185,2026-10-01 01:31:11.461783296,13,12079,172,97
30.089213,-101.997475,2026-10-01 01:31:11.461821696,13,8069,226,82
19.721366,-80.029565,2026-10-01 01:31:13.224385792,13,2855,263,46
19.743022,-80.04119,2026-10-01 01:31:13.307880704,13,5963,263,40
26.813158,-78.910643,2026-10-01 01:31:14.558451456,13,14918,213,15
35.177428,-99.253349,2026-10-01 01:31:14.600031744,13,14333,179,21
32.107664,-101.566283,2026-10-01 01:31:15.235733760,13,10271,234,19
39.419342,-98.387317,2026-10-01 01:31:18.989246976,13,14751,109,41
30.023039,-101.936265,2026-10-01 01:31:19.416208384,13,13551,174,70
30.045407,-101.963239,2026-10-01 01:31:19.416266496,13,5923,221,54
32.241146,-101.377945,2026-10-01 01:31:20.60472832,13,12622,239,17
22.959525,-105.88172,2026-10-01 01:31:21.854116352,13,12073,265,25
30.110084,-101.96706,2026-10-01 01:31:22.99753472,13,7439,201,51
30.338359,-101.996062,2026-10-01 01:31:22.99827456,13,3018,252,37
30.185992,-102.135242,2026-10-01 01:31:22.202604288,13,14343,192,20
30.108435,-101.990404,2026-10-01 01:31:22.288327424,13,14390,201,50
30.285584,-102.049308,2026-10-01 01:31:22.288387328,13,5756,220,36
19.134362,-78.268827,2026-10-01 01:31:22.680229120,13,5744,266,36
39.534564,-98.123682,2026-10-01 01:31:23.260152832,13,4469,211,24
35.575801,-98.709927,2026-10-01 01:31:27.204796416,13,6797,203,26
22.725166,-99.43675,2026-10-01 01:31:29.125251840,13,12586,228,16
22.785706,-99.453398,2026-10-01 01:31:30.958864384,13,3978,269,53
22.769866,-99.43904,2026-10-01 01:31:33.85296128,13,3324,268,43
30.31427,-101.961674,2026-10-01 01:31:33.709720320,13,7619,241,22
26.377762,-102.061218,2026-10-01 01:31:34.167086592,13,11255,245,44
30.332721,-101.906629,2026-10-01 01:31:36.812808448,13,13537,252,30
31.989143,-101.689692,2026-10-01 01:31:37.884823040,13,6709,162,33
32.067404,-101.58792,2026-10-01 01:31:38.239689216,13,6348,232,35
27.357539,-101.229905,2026-10-01 01:31:39.399422464,13,11206,225,74
28.034989,-100.682541,2026-10-01 01:31:39.695219456,13,13694,248,60
20.455284,-81.563997,2026-10-01 01:31:40.246286336,13,5018,259,44
20.471057,-81.572686,2026-10-01 01:31:40.351944448,13,3743,259,41
22.507084,-100.404915,2026-10-01 01:31:41.259660544,13,2966,257,37
22.62711,-100.331259,2026-10-01 01:31:41.426581504,13,6680,262,28
22.456819,-100.387013,2026-10-01 01:31:41.603141888,13,7937,237,35
31.495483,-101.640337,2026-10-01 01:31:41.721756928,13,12638,178,23
23.433715,-106.190026,2026-10-01 01:31:42.26006784,13,10391,269,60
39.161611,-98.756963,2026-10-01 01:31:43.673511424,13,6336,167,30
30.291105,-102.010106,2026-10-01 01:31:44.872330496,13,5029,215,24
30.292136,-102.014905,2026-10-01 01:31:44.968516864,13,8271,231,29
30.425567,-101.241315,2026-10-01 01:31:48.369158400,13,8471,258,22
31.470757,-101.955378,2026-10-01 01:31:50.768373504,13,4506,179,22
22.401281,-100.246843,2026-10-01 01:31:51.254155264,13,11430,235,18
21.982529,-100.334101,2026-10-01 01:31:52.663404032,13,9516,239,46
30.018858,-101.830175,2026-10-01 01:31:54.167658240,13,6862,174,64
31.949755,-101.435744,2026-10-01 01:31:54.571755264,13,8349,207,39
22.632889,-99.544531,2026-10-01 01:31:55.11034880,13,5041,229,61
30.35776,-101.801834,2026-10-01 01:31:55.639654400,13,10267,164,40
29.915297,-102.080157,2026-10-01 01:31:57.114228480,13,13816,195,15
22.614114,-99.480946,2026-10-01 01:31:58.545094912,13,7256,177,55
31.140638,-102.441326,2026-10-01 01:31:59.4061184,13,10071,264,39
31.549763,-101.86198,2026-10-01 01:31:59.4295936,13,3123,264,27
31.400685,-102.025978,2026-10-01 01:31:59.89651712,13,4755,180,25
31.429158,-102.033709,2026-10-01 01:31:59.301723136,13,9492,167,27
29.898693,-101.975638,2026-10-01 01:32:00.34797568,13,11693,195,24
27.100342,-78.970696,2026-10-01 01:32:01.644657152,13,4211,235,47
37.517595,-102.599696,2026-10-01 01:32:03.185378048,13,14530,115,19
33.780952,-100.60837,2026-10-01 01:32:03.306294528,13,11164,243,20
19.475908,-79.134952,2026-10-01 01:32:05.438874624,13,5377,264,41
26.95415,-101.961521,2026-10-01 01:32:05.776547584,13,7470,232,32
31.566662,-101.486255,2026-10-01 01:32:07.76973312,13,8084,236,33
31.53738,-101.600909,2026-10-01 01:32:07.160583936,13,14084,187,30
22.547928,-100.295181,2026-10-01 01:32:07.728595968,13,8423,252,31
39.431357,-98.434895,2026-10-01 01:32:07.737672448,13,6827,159,21
22.701432,-99.404657,2026-10-01 01:32:07.918632192,13,7941,240,73
22.859797,-105.896677,2026-10-01 01:32:09.878820608,13,6168,258,60
22.698695,-106.01169,2026-10-01 01:32:09.938590208,13,9110,250,29
22.895682,-105.921876,2026-10-01 01:32:10.431709696,13,12787,258,37
39.456607,-98.419237,2026-10-01 01:32:11.619942912,13,14449,163,31
30.408451,-101.948341,2026-10-01 01:32:12.96171264,13,8255,246,40
22.588203,-100.281429,2026-10-01 01:32:12.233169408,13,3075,262,47
40.130061,-100.108152,2026-10-01 01:32:13.513210112,13,7626,187,28
24.110937,-99.260189,2026-10-01 01:32:13.759254784,13,10792,218,56
32.950783,-99.258156,2026-10-01 01:32:15.56462848,13,7463,179,43
32.932182,-99.296123,2026-10-01 01:32:15.657742592,13,14002,270,24
35.347618,24.092893,2026-10-01 01:30:00.851294720,11,9877,257,219
23.892502,-101.20958,2026-10-01 01:30:01.274148864,11,12196,240,54
42.881725,5.816581,2026-10-01 01:30:09.615955200,11,7811,248,130
42.867496,5.803649,2026-10-01 01:30:09.615955456,11,3795,232,352
42.91251,5.806446,2026-10-01 01:30:09.615969024,11,4971,220,338
42.899124,5.81065,2026-10-01 01:30:09.615969280,11,7727,183,272
42.653731,4.715861,2026-10-01 01:30:13.360012288,11,8846,153,64
42.578081,3.661553,2026-10-01 01:30:14.21122048,11,6453,119,99
42.601099,3.694135,2026-10-01 01:30:14.21131776,11,9249,206,92
42.570608,3.688316,2026-10-01 01:30:14.21130752,11,8686,176,75
42.538439,4.652236,2026-10-01 01:30:16.125090816,11,9109,126,37
42.844865,5.85434,2026-10-01 01:30:17.41591808,11,7610,120,112
42.837962,5.847343,2026-10-01 01:30:17.41598720,11,8479,187,98
42.848648,5.730979,2026-10-01 01:30:18.71623680,11,6918,145,105
42.859341,5.760349,2026-10-01 01:30:18.71635456,11,3756,180,226
42.840527,5.718178,2026-10-01 01:30:18.71623680,11,4322,215,213
42.581064,4.701011,2026-10-01 01:30:24.670817792,11,12967,208,121
42.547872,4.692469,2026-10-01 01:30:24.670821376,11,10367,186,221
42.559427,4.705069,2026-10-01 01:30:24.729154048,11,9098,128,149
42.844604,5.818962,2026-10-01 01:30:26.548071168,11,8384,173,65
42.838594,5.835048,2026-10-01 01:30:26.548080384,11,8088,212,102
42.53699,4.429074,2026-10-01 01:30:26.973185536,11,5875,202,109
42.550857,4.409672,2026-10-01 01:30:26.973193216,11,10115,200,157
42.850282,5.849432,2026-10-01 01:30:28.181509376,11,13046,119,43
42.88236,5.730388,2026-10-01 01:30:28.181588736,11,14470,154,28
42.863791,5.844129,2026-10-01 01:30:32.327711232,11,4823,205,157
42.846987,5.848803,2026-10-01 01:30:32.327708416,11,5483,206,190
42.654216,3.779858,2026-10-01 01:30:33.734259712,11,10799,155,27
42.654062,3.762848,2026-10-01 01:30:33.833065472,11,10296,155,42
42.659402,3.756597,2026-10-01 01:30:33.845674240,11,12108,185,21
42.637954,4.708155,2026-10-01 01:30:34.572174592,11,8769,160,53
42.586485,3.74737,2026-10-01 01:30:37.936515072,11,7147,174,115
42.58043,3.700439,2026-10-01 01:30:37.936506624,11,8266,196,169
42.635162,3.751669,2026-10-01 01:30:37.936528128,11,4921,236,153
42.55315,3.666881,2026-10-01 01:30:37.936502016,11,11576,247,140
42.510021,3.606019,2026-10-01 01:30:40.727355648,11,12771,145,60
42.556861,3.674432,2026-10-01 01:30:40.727380224,11,8329,242,75
42.879955,5.813307,2026-10-01 01:30:44.153131008,11,7982,184,110
42.832902,5.802944,2026-10-01 01:30:44.153121792,11,8842,217,236
42.878573,5.822316,2026-10-01 01:30:44.153139456,11,8146,175,143
35.281882,24.653762,2026-10-01 01:30:46.79959552,11,4238,210,322
35.298686,24.624898,2026-10-01 01:30:46.79969536,11,6634,269,313
42.870245,4.964848,2026-10-01 01:31:01.638460672,11,7714,159,414
43.250789,4.896901,2026-10-01 01:31:02.108547328,11,6472,174,236
43.276272,4.865148,2026-10-01 01:31:02.108558848,11,8722,141,136
42.865888,5.747025,2026-10-01 01:31:04.323344640,11,8772,169,298
42.881332,5.905666,2026-10-01 01:31:10.12553472,11,9743,118,55
42.854734,5.852582,2026-10-01 01:31:10.208048384,11,7208,172,48
42.866396,5.859952,2026-10-01 01:31:10.208062464,11,12676,200,39
42.563993,4.745906,2026-10-01 01:31:17.279272704,11,12829,128,111
42.497325,4.673331,2026-10-01 01:31:17.279257344,11,12223,259,97
42.878691,5.806288,2026-10-01 01:31:17.786629120,11,6533,169,122
42.951838,5.90218,2026-10-01 01:31:28.259981824,11,4832,158,138
42.939376,5.897414,2026-10-01 01:31:28.259981824,11,6172,211,186
42.921451,5.876296,2026-10-01 01:31:28.259976704,11,12204,203,171
42.948687,5.949806,2026-10-01 01:31:40.731116032,11,11094,222,45
42.839658,5.885179,2026-10-01 01:31:40.731082240,11,11938,205,30
42.896363,5.84562,2026-10-01 01:31:44.774937856,11,8194,186,127
42.891669,5.838778,2026-10-01 01:31:44.774943488,11,7967,213,185
42.860539,5.837541,2026-10-01 01:31:48.766803456,11,12754,162,70
42.85246,5.865751,2026-10-01 01:31:48.766812416,11,9418,186,79
42.839291,5.827881,2026-10-01 01:31:48.766817280,11,5663,175,66
42.824809,5.821326,2026-10-01 01:31:48.766813952,11,5724,141,52
42.885351,5.835053,2026-10-01 01:31:48.766892544,11,4827,163,38
42.936318,5.90224,2026-10-01 01:31:49.160188416,11,7007,224,25
42.837956,5.962043,2026-10-01 01:31:49.381300736,11,14156,161,33
42.535033,4.712411,2026-10-01 01:31:56.808853248,11,6044,170,160
42.54543,4.719516,2026-10-01 01:31:56.808855808,11,8485,192,235
42.533028,4.713241,2026-10-01 01:31:56.808858368,11,7770,165,221
42.555269,4.689338,2026-10-01 01:31:56.906723072,11,6760,125,169
42.53978,4.737475,2026-10-01 01:31:57.957401344,11,6988,144,45
27.060432,-78.971498,2026-10-01 01:32:01.644640000,11,3651,261,20
42.643135,3.77558,2026-10-01 01:32:07.294025984,11,7780,186,57
43.310417,5.720909,2026-10-01 01:32:10.312750592,11,11182,240,24
42.55656,4.761508,2026-10-01 01:32:12.177628416,11,5445,128,52
42.576859,4.763316,2026-10-01 01:32:12.177640448,11,4634,162,62
42.480873,4.905786,2026-10-01 01:32:12.177683456,11,14586,206,45
42.638385,4.8562,2026-10-01 01:32:12.177731072,11,11612,159,33
22.554391,-100.277504,2026-10-01 01:32:12.233159424,11,8788,246,18
42.6211,3.70049,2026-10-01 01:32:13.262339328,11,9946,181,26
35.347618,24.092893,2026-10-01 01:30:00.851294720,12,9877,257,218
23.892502,-101.20958,2026-10-01 01:30:01.274148864,12,12196,240,54
42.881725,5.816581,2026-10-01 01:30:09.615955200,12,7811,248,130
42.867496,5.803649,2026-10-01 01:30:09.615955456,12,3795,232,352
42.91251,5.806446,2026-10-01 01:30:09.615969024,12,4971,220,338
42.899124,5.81065,2026-10-01 01:30:09.615969280,12,7727,183,298
42.589493,3.690459,2026-10-01 01:30:14.21118464,12,14693,119,98
42.574468,3.6911,2026-10-01 01:30:14.21127936,12,7061,146,84
42.428583,3.765148,2026-10-01 01:30:14.21125120,12,6264,188,69
42.837302,5.850738,2026-10-01 01:30:17.41591296,12,6993,120,111
42.837962,5.847343,2026-10-01 01:30:17.41598720,12,8479,187,98
42.848648,5.730979,2026-10-01 01:30:18.71623680,12,6918,145,105
42.859341,5.760349,2026-10-01 01:30:18.71635456,12,3756,180,226
42.840527,5.718178,2026-10-01 01:30:18.71623680,12,4322,215,213
42.581064,4.701011,2026-10-01 01:30:24.670817792,12,12967,208,121
42.547872,4.692469,2026-10-01 01:30:24.670821376,12,10367,186,220
42.554259,4.71777,2026-10-01 01:30:24.729151744,12,7422,202,150
42.844604,5.818962,2026-10-01 01:30:26.548071168,12,8384,173,64
42.838594,5.835048,2026-10-01 01:30:26.548080384,12,8088,212,102
42.548748,4.414398,2026-10-01 01:30:26.973190912,12,12803,125,102
42.850282,5.849432,2026-10-01 01:30:28.181509376,12,13046,119,43
42.88236,5.730388,2026-10-01 01:30:28.181588736,12,14470,154,28
42.857071,5.843295,2026-10-01 01:30:32.327709184,12,4039,173,156
42.846881,5.849221,2026-10-01 01:30:32.327713792,12,5500,207,190
42.665511,3.731123,2026-10-01 01:30:33.804577024,12,14191,184,18
42.631331,4.70986,2026-10-01 01:30:34.572173312,12,7486,161,52
42.586485,3.74737,2026-10-01 01:30:37.936515072,12,7147,174,115
42.58043,3.700439,2026-10-01 01:30:37.936506624,12,8266,196,169
42.635162,3.751669,2026-10-01 01:30:37.936528128,12,4921,236,153
42.55315,3.666881,2026-10-01 01:30:37.936502016,12,11576,247,140
42.511764,3.609874,2026-10-01 01:30:40.727354368,12,12615,145,70
42.574991,3.680808,2026-10-01 01:30:40.727384064,12,8284,261,83
42.573921,3.687272,2026-10-01 01:30:40.727386880,12,9538,234,70
42.869043,5.825991,2026-10-01 01:30:44.153132800,12,5775,184,121
42.870658,5.829382,2026-10-01 01:30:44.153136128,12,5218,207,243
42.882491,5.82431,2026-10-01 01:30:44.153133824,12,8002,175,134
35.281882,24.653762,2026-10-01 01:30:46.79959552,12,4238,210,321
35.298686,24.624898,2026-10-01 01:30:46.79969536,12,6634,269,312
42.870755,4.974963,2026-10-01 01:31:01.638455552,12,3742,180,396
43.262185,4.857765,2026-10-01 01:31:02.108549376,12,7851,167,177
42.863276,5.741324,2026-10-01 01:31:04.323352064,12,8965,185,155
42.851249,5.737342,2026-10-01 01:31:04.323344896,12,5395,205,258
42.881332,5.905666,2026-10-01 01:31:10.12553472,12,9743,118,57
42.856435,5.850031,2026-10-01 01:31:10.208049408,12,6780,172,51
42.866399,5.859951,2026-10-01 01:31:10.208062464,12,12676,200,38
42.55466,4.755853,2026-10-01 01:31:17.279275776,12,7031,209,222
42.878131,5.815004,2026-10-01 01:31:17.786627072,12,7371,169,136
42.654059,5.749612,2026-10-01 01:31:21.367664640,12,14097,157,32
42.584067,4.872951,2026-10-01 01:31:27.533800448,12,10898,128,133
42.958763,5.898143,2026-10-01 01:31:28.259980544,12,7717,158,153
42.97259,5.888268,2026-10-01 01:31:28.301906176,12,3719,205,130
42.896363,5.84562,2026-10-01 01:31:44.774937856,12,8194,186,133
42.877499,5.847211,2026-10-01 01:31:44.774943488,12,3098,221,188
42.860539,5.837541,2026-10-01 01:31:48.766803456,12,12754,162,70
42.85246,5.865751,2026-10-01 01:31:48.766812416,12,9418,186,79
42.839291,5.827881,2026-10-01 01:31:48.766817280,12,5663,175,66
42.824809,5.821326,2026-10-01 01:31:48.766813952,12,5724,141,52
42.885351,5.835053,2026-10-01 01:31:48.766892544,12,4827,163,38
42.836573,5.894696,2026-10-01 01:31:49.160084224,12,8447,120,65
42.837935,5.962012,2026-10-01 01:31:49.381300736,12,14157,161,32
42.539951,4.717473,2026-10-01 01:31:56.808851200,12,10285,170,171
42.527639,4.713672,2026-10-01 01:31:56.808853248,12,5899,223,235
42.533028,4.713241,2026-10-01 01:31:56.808858368,12,7770,165,222
42.53978,4.737475,2026-10-01 01:31:57.957401344,12,6988,144,45
27.060432,-78.971498,2026-10-01 01:32:01.644640000,12,3651,261,20
42.643135,3.77558,2026-10-01 01:32:07.294025984,12,7780,186,57
43.310417,5.720909,2026-10-01 01:32:10.312750592,12,11182,240,24
42.55656,4.761508,2026-10-01 01:32:12.177628416,12,5445,128,52
42.576859,4.763316,2026-10-01 01:32:12.177640448,12,4634,162,62
42.480873,4.905786,2026-10-01 01:32:12.177683456,12,14586,206,45
42.638385,4.8562,2026-10-01 01:32:12.177731072,12,11612,159,33
22.554391,-100.277504,2026-10-01 01:32:12.233159424,12,8788,246,18
42.6211,3.70049,2026-10-01 01:32:13.262339328,12,9946,181,26
42.527963,3.78245,2026-10-01 02:10:01.938655488,1,7214,122,68
42.357876,3.873128,2026-10-01 02:10:01.938652160,1,12886,188,51
42.587604,3.796402,2026-10-01 02:10:01.938743552,1,3820,180,38
42.530283,3.761284,2026-10-01 02:10:01.938718720,1,6975,219,25
-33.217475,136.945851,2026-10-01 02:10:01.65183744,2,5171,248,24
42.56553,3.782321,2026-10-01 02:10:01.977669888,4,9017,250,23
22.537606,-99.416584,2026-10-01 02:10:00.177867008,7,14162,230,14
17.090491,-97.826313,2026-10-01 02:10:01.586061312,7,7602,259,16
16.949538,-98.007967,2026-10-01 02:10:01.732594176,7,9373,261,14
31.529321,-101.172592,2026-10-01 02:10:00.39439360,13,10828,173,49
31.612991,-101.344614,2026-10-01 02:10:00.86395136,13,8039,178,39
31.682993,-101.244754,2026-10-01 02:10:00.119216640,13,6050,209,35
32.342625,-101.228381,2026-10-01 02:10:02.574837504,13,10897,204,14
34.437067,-100.028397,2026-10-01 02:10:02.823659264,13,4716,170,21
21.78745,-99.444997,2026-10-01 02:10:03.22885632,13,9934,261,25
22.625127,-99.441146,2026-10-01 02:10:04.349100288,13,9993,241,59
22.899776,-99.274337,2026-10-01 02:10:07.204926464,13,7962,263,92
32.322666,-101.168698,2026-10-01 02:10:07.505193984,13,5867,173,25
32.344277,-101.161989,2026-10-01 02:10:07.548016128,13,10798,192,22
32.285871,-101.166731,2026-10-01 02:10:07.665564416,13,8117,189,33
33.165046,-98.966049,2026-10-01 02:10:08.662559744,13,14391,153,69
33.205924,-98.961464,2026-10-01 02:10:08.662626816,13,9035,205,56
33.21801,-98.936068,2026-10-01 02:10:08.723550720,13,6031,216,38
18.265875,-80.452354,2026-10-01 02:10:11.359083776,13,6120,268,40
32.446082,-101.138694,2026-10-01 02:10:11.834757632,13,8523,202,43
22.67094,-99.397669,2026-10-01 02:10:11.960024832,13,10220,231,38
32.375543,-101.149772,2026-10-01 02:10:11.983039232,13,13332,124,39
32.414853,-101.173429,2026-10-01 02:10:11.983100416,13,4793,269,52
32.366749,-101.226204,2026-10-01 02:10:12.55119104,13,9466,170,41
33.648869,-100.338749,2026-10-01 02:10:12.234157312,13,11107,173,47
22.988252,-99.292755,2026-10-01 02:10:15.94258176,13,14230,245,67
34.668503,142.023809,2026-10-01 02:10:12.466569728,14,10156,265,18
42.544934,3.770245,2026-10-01 02:10:01.977606144,11,9666,169,189
42.417878,3.70769,2026-10-01 02:10:05.704838912,11,8016,172,158
42.413935,3.70267,2026-10-01 02:10:05.704834304,11,13923,179,242
42.801175,5.955689,2026-10-01 02:10:07.339148032,11,14250,118,267
42.427549,3.694897,2026-10-01 02:10:08.264119040,11,10011,125,77
42.463236,3.736746,2026-10-01 02:10:08.264138240,11,13659,141,75
42.463954,3.73706,2026-10-01 02:10:08.264137728,11,11804,155,44
42.554143,3.761825,2026-10-01 02:10:08.522433024,11,6940,121,26
42.432105,3.7116,2026-10-01 02:10:15.920925440,11,6830,197,147
35.278021,25.629263,2026-10-01 02:10:16.286545408,11,7060,212,314
42.544934,3.770245,2026-10-01 02:10:01.977606144,12,9666,169,189
42.417878,3.70769,2026-10-01 02:10:05.704838912,12,8016,172,158
42.413935,3.70267,2026-10-01 02:10:05.704834304,12,13923,179,242
42.801175,5.955689,2026-10-01 02:10:07.339148032,12,14250,118,267
42.427549,3.694897,2026-10-01 02:10:08.264119040,12,10011,125,77
42.463236,3.736746,2026-10-01 02:10:08.264138240,12,13659,141,75
42.554143,3.761825,2026-10-01 02:10:08.522433024,12,6940,121,26
42.429715,3.712565,2026-10-01 02:10:15.920924672,12,6952,198,154
35.278021,25.629263,2026-10-01 02:10:16.286545408,12,7060,212,314
18.383849,-94.682186,2026-10-01 07:40:13.662007552,1,5483,263,25
18.400439,-94.679135,2026-10-01 07:40:13.794591744,1,4516,263,18
35.891947,32.240382,2026-10-01 07:40:13.927608832,1,12145,166,72
41.284107,4.963847,2026-10-01 07:40:14.48172544,1,14606,179,24
41.25983,4.95279,2026-10-01 07:40:14.152326400,1,5306,180,34
8.780397,-14.242812,2026-10-01 07:40:15.337166336,1,8158,252,24
25.36843,-60.921541,2026-10-01 07:40:22.679324416,1,11625,230,21
41.337966,3.766038,2026-10-01 07:40:24.295156224,1,9550,213,48
41.383308,3.753543,2026-10-01 07:40:24.295210496,1,11162,156,30
41.322087,3.780845,2026-10-01 07:40:24.520789504,1,6847,213,50
30.343047,-100.14878,2026-10-01 07:40:24.588185600,1,10053,195,20
40.895367,3.19233,2026-10-01 07:40:26.224549120,1,12247,187,48
40.94052,3.205866,2026-10-01 07:40:26.224606464,1,7030,188,28
40.923796,3.243728,2026-10-01 07:40:26.374187264,1,6788,187,18
40.916306,3.236941,2026-10-01 07:40:26.480602880,1,8826,186,21
40.921746,3.236369,2026-10-01 07:40:26.542694400,1,8330,186,21
24.508863,-60.346411,2026-10-01 07:40:34.253862912,1,5920,232,20
41.066829,3.880777,2026-10-01 07:40:34.954330368,1,13760,248,98
41.206911,3.724007,2026-10-01 07:40:34.954432768,1,12022,235,57
41.283928,3.74651,2026-10-01 07:40:34.954449408,1,2456,211,43
41.289756,3.779765,2026-10-01 07:40:34.954450944,1,6756,256,29
41.16331,3.687638,2026-10-01 07:40:35.84255488,1,7712,176,35
30.221419,-100.338268,2026-10-01 07:40:42.797617920,1,7884,196,27
27.528123,-102.528039,2026-10-01 07:40:43.360255488,1,7756,245,36
27.648312,-102.499136,2026-10-01 07:40:43.360298240,1,13090,260,23
36.332109,34.453478,2026-10-01 07:40:50.616481280,1,10685,261,80
21.448009,-98.319749,2026-10-01 07:41:00.166928640,1,3730,250,20
27.780663,119.60944,2026-10-01 07:40:00.996777216,2,6129,260,34
27.886461,119.84416,2026-10-01 07:40:00.996862208,2,10176,270,18
30.293668,-100.307563,2026-10-01 07:40:05.53313280,3,7577,207,43
30.325105,-100.303543,2026-10-01 07:40:05.53324288,3,6923,222,26
21.667293,-97.983337,2026-10-01 07:40:05.128090368,3,7260,250,28
30.168312,-100.256915,2026-10-01 07:40:05.435847936,3,12148,117,22
23.492695,-55.997617,2026-10-01 07:40:05.576890624,3,10068,257,13
30.398791,-99.83744,2026-10-01 07:40:05.843115008,3,9196,193,22
30.359857,-99.903446,2026-10-01 07:40:15.585102080,3,13086,180,29
30.573379,-101.264374,2026-10-01 07:40:15.592314112,3,6210,206,36
30.600905,-101.26065,2026-10-01 07:40:15.592315648,3,4169,205,38
30.682094,-101.253614,2026-10-01 07:40:15.592344320,3,13135,228,24
22.428578,-54.502765,2026-10-01 07:40:15.929484800,3,7314,190,69
22.57152,-54.621551,2026-10-01 07:40:15.929556736,3,7725,249,55
34.363679,-97.494698,2026-10-01 07:40:15.970185984,3,13425,173,30
34.41161,-97.438554,2026-10-01 07:40:15.970258176,3,10108,181,65
34.436082,-97.416223,2026-10-01 07:40:15.970264320,3,9732,206,52
34.37032,-97.489371,2026-10-01 07:40:15.970237184,3,13971,227,38
34.5512,-97.707645,2026-10-01 07:40:16.696815872,3,5064,201,129
34.552317,-97.68944,2026-10-01 07:40:16.696819968,3,5386,269,123
34.586013,-97.655381,2026-10-01 07:40:16.696837376,3,6685,178,110
34.599755,-97.647764,2026-10-01 07:40:16.696846336,3,11085,198,94
34.518386,-97.851094,2026-10-01 07:40:16.696829696,3,9848,230,80
30.353378,-100.120047,2026-10-01 07:40:24.588193024,3,13798,206,50
30.40065,-100.136103,2026-10-01 07:40:24.588195840,3,6143,228,32
30.274952,-101.34499,2026-10-01 07:40:24.593843712,3,13556,193,19
30.307736,-101.38768,2026-10-01 07:40:24.637902848,3,12077,222,32
30.356007,-101.350878,2026-10-01 07:40:24.637934848,3,8642,260,15
24.1926,-107.733645,2026-10-01 07:40:25.709568768,3,7783,263,60
21.433802,-98.327877,2026-10-01 07:40:33.383780608,3,8080,235,42
21.493305,-98.318298,2026-10-01 07:40:33.383799040,3,9156,266,43
30.160615,-100.335312,2026-10-01 07:40:33.399785472,3,10149,171,55
30.245942,-100.352093,2026-10-01 07:40:33.399856384,3,6087,220,61
30.258573,-100.354283,2026-10-01 07:40:33.399865600,3,4776,195,45
21.445538,-98.32425,2026-10-01 07:40:33.430106880,3,7726,237,37
21.457119,-98.316256,2026-10-01 07:40:33.507881216,3,4966,251,87
30.251132,-100.343547,2026-10-01 07:40:40.800010752,3,11650,220,37
24.159726,-60.181054,2026-10-01 07:40:48.6045184,3,3134,252,24
30.40692,-99.766263,2026-10-01 07:40:48.604344576,3,8090,206,34
30.471711,-99.757346,2026-10-01 07:40:48.604361216,3,4765,259,18
31.992188,-99.207832,2026-10-01 07:40:48.748881664,3,6122,189,33
32.038633,-99.20699,2026-10-01 07:40:48.748884736,3,12980,238,19
21.178707,-97.850305,2026-10-01 07:40:49.760277504,3,6911,236,61
21.206742,-97.842547,2026-10-01 07:40:49.760284672,3,6293,251,59
21.316905,-97.846559,2026-10-01 07:40:49.760325632,3,7258,270,40
34.998939,-97.352916,2026-10-01 07:40:49.942922752,3,6937,178,84
35.004497,-97.333562,2026-10-01 07:40:49.942932480,3,9501,157,106
35.031815,-97.218096,2026-10-01 07:40:49.942964992,3,14292,169,90
35.033,-97.337916,2026-10-01 07:40:49.942993152,3,9559,195,78
34.9573,-97.378538,2026-10-01 07:40:49.942969088,3,6001,227,62
30.482202,-99.629201,2026-10-01 07:40:50.34604288,3,6538,205,40
32.358589,-98.988878,2026-10-01 07:40:57.397629696,3,7912,185,33
32.435689,-98.965746,2026-10-01 07:40:57.397643520,3,5185,234,25
41.101921,3.770868,2026-10-01 07:40:17.721061632,4,13409,239,42
41.304325,3.848544,2026-10-01 07:40:17.721125632,4,14602,246,28
35.439668,28.628509,2026-10-01 07:40:33.228086784,4,8718,195,26
42.15384,7.128386,2026-10-01 07:41:00.588652288,4,5067,232,35
42.214677,7.13264,2026-10-01 07:41:00.622891264,4,11462,187,22
27.763404,-79.565459,2026-10-01 07:40:02.517671424,7,4248,173,17
21.458478,-98.31692,2026-10-01 07:40:03.334940416,7,7960,238,12
19.968257,-77.396862,2026-10-01 07:40:10.157992704,7,1977,263,19
21.528591,-97.971474,2026-10-01 07:40:12.307860736,7,4310,248,18
18.464888,-98.533281,2026-10-01 07:40:13.176812032,7,8440,253,11
18.565722,-94.809865,2026-10-01 07:40:13.443883264,7,5388,250,20
18.233579,-94.778338,2026-10-01 07:40:13.661945344,7,5723,247,22
18.356065,-94.67962,2026-10-01 07:40:13.748600320,7,7719,251,15
18.276366,-94.779318,2026-10-01 07:40:13.794532608,7,2618,249,17
22.425795,-54.502757,2026-10-01 07:40:15.929485824,7,9837,184,28
24.241096,-107.837676,2026-10-01 07:40:25.709597184,7,6655,260,18
19.538189,-76.480045,2026-10-01 07:40:27.40684032,7,8399,181,24
21.436337,-98.323743,2026-10-01 07:40:33.383779584,7,4220,235,22
21.443861,-98.325547,2026-10-01 07:40:33.430104320,7,5047,237,13
21.262567,-97.999795,2026-10-01 07:40:42.582696704,7,10433,218,13
27.446624,-102.627483,2026-10-01 07:40:43.360212992,7,6940,246,17
27.512803,-102.504128,2026-10-01 07:40:43.360262656,7,8434,239,22
13.047435,-62.75886,2026-10-01 07:40:44.150913024,7,12388,186,15
24.95052,-59.93727,2026-10-01 07:40:51.450757888,7,4237,168,18
21.466163,-98.054719,2026-10-01 07:40:57.111112448,7,6729,213,17
22.636397,-98.383286,2026-10-01 07:40:59.133562368,7,6948,244,17
21.293289,-98.39441,2026-10-01 07:40:59.697459968,7,3602,221,17
21.423103,-98.327772,2026-10-01 07:41:00.166921728,7,6751,235,18
21.325415,-98.390264,2026-10-01 07:41:00.230448128,7,5217,218,13
8.743747,-14.287593,2026-10-01 07:40:15.337142784,5,10693,254,13
34.681347,-97.530788,2026-10-01 07:40:16.696884480,9,9887,210,15
27.626238,-102.484631,2026-10-01 07:40:43.360293888,9,12303,250,10
31.840771,-99.152377,2026-10-01 07:40:01.186881280,13,9557,142,46
31.977027,-99.207465,2026-10-01 07:40:01.250340352,13,4970,238,30
31.97879,-99.232169,2026-10-01 07:40:01.416492288,13,5994,195,50
27.876443,-79.569914,2026-10-01 07:40:01.652109056,13,10191,184,115
27.938835,-79.595105,2026-10-01 07:40:01.652137472,13,3991,263,94
27.96473,-79.608747,2026-10-01 07:40:01.728125952,13,8869,215,36
27.955902,-79.619992,2026-10-01 07:40:01.728114176,13,7481,256,47
27.857527,-79.564376,2026-10-01 07:40:01.803984640,13,6355,182,64
21.432282,-98.308405,2026-10-01 07:40:02.168705024,13,6668,246,81
27.821895,-79.630821,2026-10-01 07:40:02.447747328,13,7948,180,92
27.90085,-79.637444,2026-10-01 07:40:02.447842048,13,7453,263,71
27.768932,-79.554928,2026-10-01 07:40:02.517667840,13,6772,178,35
32.784899,-99.002868,2026-10-01 07:40:02.673870592,13,9582,181,45
21.353465,-98.419754,2026-10-01 07:40:03.334893824,13,4247,220,34
30.491633,-99.656999,2026-10-01 07:40:03.704574720,13,4837,204,33
30.123496,-100.480034,2026-10-01 07:40:03.869806592,13,10403,209,45
30.328471,-101.341712,2026-10-01 07:40:04.183600896,13,7677,219,27
30.27691,-100.303444,2026-10-01 07:40:05.53318144,13,10383,207,38
21.639161,-97.982149,2026-10-01 07:40:05.128083712,13,5853,250,21
30.195082,-100.277087,2026-10-01 07:40:05.435857920,13,12154,195,22
30.365893,-100.12863,2026-10-01 07:40:08.979324672,13,7634,221,23
34.809493,-97.329704,2026-10-01 07:40:09.560079872,13,6698,139,31
34.809911,-97.314134,2026-10-01 07:40:09.560081920,13,8714,163,18
19.973069,-77.403765,2026-10-01 07:40:10.157995264,13,3959,266,51
24.759793,-59.620413,2026-10-01 07:40:10.971084288,13,3793,185,82
30.300549,-100.289186,2026-10-01 07:40:11.322307840,13,11465,194,17
27.143067,-102.41079,2026-10-01 07:40:11.757126912,13,6682,239,30
21.571205,-97.950605,2026-10-01 07:40:12.307876864,13,5366,246,30
30.203567,-100.369452,2026-10-01 07:40:12.372675328,13,5494,208,34
30.588719,-99.586311,2026-10-01 07:40:12.442172416,13,4389,248,25
30.578778,-99.594062,2026-10-01 07:40:12.530003456,13,8900,204,34
18.448422,-98.526735,2026-10-01 07:40:13.176813056,13,7119,253,24
18.599024,-94.813176,2026-10-01 07:40:13.443892224,13,4301,252,49
30.348884,-99.913358,2026-10-01 07:40:15.585106688,13,7269,180,29
30.59556,-101.269243,2026-10-01 07:40:15.592318464,13,8732,205,37
34.272436,-97.33677,2026-10-01 07:40:15.970215680,13,14319,89,58
34.40989,-97.436822,2026-10-01 07:40:15.970257920,13,6642,203,62
34.537602,-97.697231,2026-10-01 07:40:16.696820736,13,10393,176,134
34.553417,-97.679121,2026-10-01 07:40:16.696825856,13,3167,244,121
34.589516,-97.666809,2026-10-01 07:40:16.696838912,13,9840,185,104
30.349721,-99.809853,2026-10-01 07:40:17.559103232,13,13702,223,20
30.166584,-100.359756,2026-10-01 07:40:17.869295616,13,10473,196,31
30.233252,-100.369645,2026-10-01 07:40:18.397520128,13,5946,166,16
30.331271,-101.316502,2026-10-01 07:40:18.844460288,13,3769,219,29
30.356005,-101.304436,2026-10-01 07:40:19.530119168,13,9083,219,17
30.381092,-101.299071,2026-10-01 07:40:19.638629376,13,12231,196,23
23.732109,-55.040312,2026-10-01 07:40:19.762842880,13,3644,256,41
30.359009,-100.222446,2026-10-01 07:40:19.942112000,13,6450,206,59
30.367158,-100.213041,2026-10-01 07:40:20.118237696,13,12236,219,30
30.1794,-101.425879,2026-10-01 07:40:20.221755648,13,8440,166,31
26.80213,-100.535799,2026-10-01 07:40:20.549993728,13,9832,217,44
32.414971,-98.952263,2026-10-01 07:40:20.794356992,13,3827,269,23
32.41234,-99.109346,2026-10-01 07:40:21.384661760,13,6390,185,20
30.381927,-100.130453,2026-10-01 07:40:24.588194304,13,3883,224,45
30.305064,-101.389563,2026-10-01 07:40:24.637909504,13,7621,255,21
24.254073,-107.749188,2026-10-01 07:40:25.709590784,13,11884,263,93
19.546358,-76.470871,2026-10-01 07:40:27.99295232,13,3697,268,43
25.114432,-107.669566,2026-10-01 07:40:27.345978880,13,5361,250,31
30.290076,-101.373024,2026-10-01 07:40:30.658455296,13,9352,220,28
30.216251,-100.363153,2026-10-01 07:40:32.124740096,13,12663,194,55
30.079419,-100.273936,2026-10-01 07:40:32.224611072,13,10114,204,59
21.435945,-98.32479,2026-10-01 07:40:33.383781888,13,6596,235,61
21.448662,-98.320655,2026-10-01 07:40:33.507878656,13,6090,250,92
30.616471,-99.502342,2026-10-01 07:40:34.516528640,13,13521,233,31
30.570583,-99.531085,2026-10-01 07:40:34.694035968,13,6061,237,42
30.61539,-101.233959,2026-10-01 07:40:35.155415296,13,9063,185,63
30.594377,-99.531896,2026-10-01 07:40:35.317900032,13,7733,217,23
30.241626,-100.357954,2026-10-01 07:40:35.878779392,13,7561,220,23
21.125158,-97.84312,2026-10-01 07:40:36.54476032,13,7870,250,36
30.192787,-100.304446,2026-10-01 07:40:37.951616512,13,8337,226,33
30.173902,-100.335354,2026-10-01 07:40:37.980491520,13,7211,226,49
30.118607,-100.337561,2026-10-01 07:40:38.7010304,13,11506,195,22
35.135837,-95.922518,2026-10-01 07:40:38.211570176,13,12441,87,54
35.076673,-95.970338,2026-10-01 07:40:38.211549952,13,12871,140,40
35.10527,-95.93548,2026-10-01 07:40:38.411805952,13,8614,168,26
30.297114,-100.11338,2026-10-01 07:40:38.758253056,13,12436,235,26
31.928932,-99.215473,2026-10-01 07:40:39.774990592,13,9851,174,64
31.941821,-99.205909,2026-10-01 07:40:39.774994688,13,4314,211,80
31.924474,-99.219897,2026-10-01 07:40:40.121065472,13,10539,180,36
31.81321,-99.11846,2026-10-01 07:40:40.171008000,13,12103,112,48
31.81641,-99.42093,2026-10-01 07:40:40.271148032,13,7415,208,31
31.815029,-99.429041,2026-10-01 07:40:40.336515328,13,7541,208,25
31.722695,-99.472625,2026-10-01 07:40:40.442938112,13,7585,113,50
30.194589,-100.35454,2026-10-01 07:40:40.492253440,13,8366,220,26
21.395355,-97.9067,2026-10-01 07:40:42.582762240,13,7482,251,37
30.248085,-100.319798,2026-10-01 07:40:42.797616128,13,8165,220,40
18.518331,-94.673838,2026-10-01 07:40:43.150710528,13,6712,269,19
30.210171,-100.336681,2026-10-01 07:40:43.198275328,13,11359,114,21
27.543005,-102.489484,2026-10-01 07:40:43.360210432,13,9156,231,106
30.5524,-99.58512,2026-10-01 07:40:45.785913344,13,9969,192,34
23.158246,-55.886611,2026-10-01 07:40:46.533223168,13,6272,253,29
30.290971,-100.230502,2026-10-01 07:40:47.262330624,13,7606,207,33
21.216989,-98.349087,2026-10-01 07:40:47.517080832,13,7498,243,23
24.159726,-60.181054,2026-10-01 07:40:48.6045184,13,3134,252,25
30.406601,-99.766505,2026-10-01 07:40:48.604344320,13,8090,206,33
31.992269,-99.207809,2026-10-01 07:40:48.748881664,13,6116,189,34
32.033966,-99.193577,2026-10-01 07:40:48.748894976,13,3124,243,20
21.191242,-97.842084,2026-10-01 07:40:49.760277760,13,6081,238,71
34.99894,-97.352909,2026-10-01 07:40:49.942922752,13,6938,178,120
35.0045,-97.333551,2026-10-01 07:40:49.942932480,13,9502,157,107
30.297414,-99.749321,2026-10-01 07:40:52.211714304,13,8149,167,66
30.067724,-100.266846,2026-10-01 07:40:52.439153152,13,10876,107,45
30.194771,-100.345237,2026-10-01 07:40:52.511583744,13,11253,208,64
30.471669,-99.824647,2026-10-01 07:40:52.543767040,13,6319,251,33
21.730509,-80.934705,2026-10-01 07:40:52.729187584,13,4280,270,19
30.445148,-99.916973,2026-10-01 07:40:53.13706752,13,12058,218,33
30.280908,-101.482432,2026-10-01 07:40:53.843976192,13,12457,125,17
30.296099,-100.209584,2026-10-01 07:40:55.706995968,13,10860,88,87
30.352411,-100.208203,2026-10-01 07:40:55.707068160,13,8216,212,73
30.323774,-101.363858,2026-10-01 07:40:56.938872064,13,13554,194,15
21.567457,-97.948837,2026-10-01 07:40:57.111174912,13,13062,234,42
32.358589,-98.988878,2026-10-01 07:40:57.397629696,13,7911,185,36
32.445841,-98.961752,2026-10-01 07:40:57.397644288,13,4208,239,25
22.466768,-98.471528,2026-10-01 07:40:59.133489664,13,7946,216,43
21.417985,-98.281908,2026-10-01 07:40:59.697520384,13,8617,250,39
21.429211,-98.317474,2026-10-01 07:41:00.166924544,13,6486,235,54
21.452936,-98.301168,2026-10-01 07:41:00.324100352,13,11102,235,19
27.905328,-79.642822,2026-10-01 07:41:00.708836608,13,3221,261,99
27.966116,-79.59848,2026-10-01 07:41:00.781442048,13,4417,247,48
30.583123,-101.299084,2026-10-01 07:41:01.128186624,13,9964,218,35
30.634412,-101.41271,2026-10-01 07:41:02.40137728,13,6468,217,54
30.197177,-100.368424,2026-10-01 07:41:02.276963840,13,6296,194,24
35.847066,-37.468514,2026-10-01 07:41:02.488757760,13,9258,217,32
24.788955,-59.699939,2026-10-01 07:41:03.285772032,13,7757,180,88
31.926931,-99.157942,2026-10-01 07:41:03.488357120,13,9365,110,85
31.98801,-99.169288,2026-10-01 07:41:03.488439552,13,7190,209,69
32.000446,-99.157585,2026-10-01 07:41:03.649595648,13,6805,237,30
31.926837,-99.162171,2026-10-01 07:41:03.769580544,13,8780,125,96
31.97034,-99.179203,2026-10-01 07:41:03.769659392,13,10704,209,83
30.49053,-99.667325,2026-10-01 07:41:04.480243712,13,11214,227,28
30.34188,-99.889581,2026-10-01 07:41:06.935964416,13,12102,197,68
30.363125,-101.378102,2026-10-01 07:41:09.12864256,13,14842,172,17
19.545191,-76.485511,2026-10-01 07:41:10.157664512,13,4961,268,52
19.59528,-76.486527,2026-10-01 07:41:10.210192640,13,4024,268,46
21.54902,-98.004665,2026-10-01 07:41:11.149636864,13,6792,234,67
30.424328,-100.117118,2026-10-01 07:41:12.111105792,13,9511,250,21
30.191238,-99.77377,2026-10-01 07:41:12.374168832,13,12031,170,54
30.424663,-99.796186,2026-10-01 07:41:12.374241024,13,8052,211,50
30.412002,-99.816826,2026-10-01 07:41:12.497850112,13,7294,218,15
21.734992,-97.910801,2026-10-01 07:41:12.823987968,13,10946,233,36
32.245371,-99.155826,2026-10-01 07:41:13.4764928,13,6665,206,40
15.612663,-93.798309,2026-10-01 07:41:13.896646656,13,5634,266,35
32.674439,-98.99901,2026-10-01 07:41:15.66488320,13,9522,126,60
32.727062,-99.030912,2026-10-01 07:41:15.66508800,13,8651,181,108
32.592672,-98.911153,2026-10-01 07:41:15.116916224,13,12136,111,72
32.636525,-98.931069,2026-10-01 07:41:15.169527808,13,11817,140,65
31.969104,-99.23391,2026-10-01 07:41:15.587043840,13,7687,205,45
41.290286,3.739962,2026-10-01 07:40:00.970368256,11,11065,241,34
31.961941,-99.259604,2026-10-01 07:40:01.186920448,11,9457,179,21
31.947055,-99.241114,2026-10-01 07:40:01.250337024,11,9599,205,19
27.801131,-79.596848,2026-10-01 07:40:01.728058624,11,9429,178,26
27.758769,-79.635086,2026-10-01 07:40:02.447779328,11,10156,177,30
41.225739,3.791039,2026-10-01 07:40:08.667838208,11,10806,205,42
41.246977,3.798915,2026-10-01 07:40:08.667840000,11,7450,170,64
41.212279,3.748515,2026-10-01 07:40:08.884717056,11,7288,236,46
41.279657,3.74951,2026-10-01 07:40:08.884745984,11,10105,157,48
41.251763,3.681985,2026-10-01 07:40:09.197340928,11,4141,179,23
41.308269,3.871054,2026-10-01 07:40:17.721127936,11,9934,218,470
41.312249,3.773267,2026-10-01 07:40:24.295151616,11,10071,177,47
41.327563,3.779339,2026-10-01 07:40:24.520793344,11,9482,243,35
30.309667,-100.124713,2026-10-01 07:40:24.588177920,11,10460,195,19
41.216972,3.746143,2026-10-01 07:40:27.423867392,11,6761,180,22
41.250233,3.717175,2026-10-01 07:40:27.559084800,11,9143,174,37
35.343487,26.243424,2026-10-01 07:40:31.307287040,11,11674,198,110
35.453989,28.552013,2026-10-01 07:40:33.228064000,11,10038,170,199
35.44623,28.593687,2026-10-01 07:40:33.228062976,11,7621,268,181
35.423278,28.583752,2026-10-01 07:40:33.304341248,11,10202,249,63
41.215562,3.744496,2026-10-01 07:40:34.954383616,11,9546,213,65
30.637798,-101.233522,2026-10-01 07:40:35.155417344,11,7472,188,44
41.266475,3.802354,2026-10-01 07:40:35.412188160,11,11852,173,29
40.934864,3.328501,2026-10-01 07:40:36.144623360,11,10372,185,33
40.935104,3.309036,2026-10-01 07:40:36.144668672,11,12011,178,26
30.151824,-100.369137,2026-10-01 07:40:37.980471808,11,7701,197,20
30.323776,-100.130083,2026-10-01 07:40:38.758268928,11,11391,220,18
31.93851,-99.204617,2026-10-01 07:40:39.774991360,11,13796,199,35
41.26928,3.790472,2026-10-01 07:40:40.859159552,11,7755,197,48
40.905083,3.154236,2026-10-01 07:40:41.540648192,11,9406,187,25
30.225447,-100.333975,2026-10-01 07:40:42.797617152,11,5382,196,27
42.086262,7.11431,2026-10-01 07:40:43.592391680,11,6113,166,144
42.110573,7.129357,2026-10-01 07:40:43.592403968,11,2429,243,175
42.095405,7.114874,2026-10-01 07:40:43.592398592,11,9959,187,162
42.092472,7.114099,2026-10-01 07:40:43.592403968,11,13858,189,143
42.112999,7.120457,2026-10-01 07:40:43.592410880,11,9028,222,121
30.549702,-99.592649,2026-10-01 07:40:45.785911552,11,11229,218,16
42.186953,7.130742,2026-10-01 07:41:00.639928576,11,6306,185,239
27.844767,-79.648232,2026-10-01 07:41:00.708810240,11,8146,175,109
42.229205,7.138086,2026-10-01 07:41:00.854568704,11,8317,181,208
41.037109,3.446221,2026-10-01 07:41:02.668573952,11,3926,248,327
41.194669,3.744925,2026-10-01 07:41:07.154052864,11,10195,164,40
41.242292,3.797001,2026-10-01 07:41:11.243412992,11,14367,188,37
41.290286,3.739962,2026-10-01 07:40:00.970368256,12,11065,241,35
31.961941,-99.259604,2026-10-01 07:40:01.186920448,12,9457,179,21
31.947055,-99.241114,2026-10-01 07:40:01.250337024,12,9599,205,19
27.758769,-79.635086,2026-10-01 07:40:02.447779328,12,10156,177,30
41.225739,3.791039,2026-10-01 07:40:08.667838208,12,10806,205,42
41.246977,3.798915,2026-10-01 07:40:08.667840000,12,7450,170,65
41.212279,3.748515,2026-10-01 07:40:08.884717056,12,7288,236,54
41.279657,3.74951,2026-10-01 07:40:08.884745984,12,10105,157,49
41.251763,3.681985,2026-10-01 07:40:09.197340928,12,4141,179,23
35.860394,32.290235,2026-10-01 07:40:13.927581696,12,9042,261,70
41.309373,4.938027,2026-10-01 07:40:14.48180992,12,7847,189,30
41.308269,3.871054,2026-10-01 07:40:17.721127936,12,9934,218,471
41.312249,3.773267,2026-10-01 07:40:24.295151616,12,10071,177,47
41.327563,3.779339,2026-10-01 07:40:24.520793344,12,9482,213,36
30.309667,-100.124713,2026-10-01 07:40:24.588177920,12,10460,195,19
41.216972,3.746143,2026-10-01 07:40:27.423867392,12,6761,180,22
41.250233,3.717175,2026-10-01 07:40:27.559084800,12,9143,174,37
35.343487,26.243424,2026-10-01 07:40:31.307287040,12,11674,198,111
35.453989,28.552013,2026-10-01 07:40:33.228064000,12,10038,170,200
35.44623,28.593687,2026-10-01 07:40:33.228062976,12,7621,268,182
35.423278,28.583752,2026-10-01 07:40:33.304341248,12,10202,249,58
41.215562,3.744496,2026-10-01 07:40:34.954383616,12,9546,213,65
41.266475,3.802354,2026-10-01 07:40:35.412188160,12,11852,173,29
40.934864,3.328501,2026-10-01 07:40:36.144623360,12,10372,185,33
40.935104,3.309036,2026-10-01 07:40:36.144668672,12,12011,178,26
30.151824,-100.369137,2026-10-01 07:40:37.980471808,12,7701,197,20
30.323776,-100.130083,2026-10-01 07:40:38.758268928,12,11391,220,18
41.26928,3.790472,2026-10-01 07:40:40.859159552,12,7755,197,48
40.905083,3.154236,2026-10-01 07:40:41.540648192,12,9406,187,25
30.225447,-100.333975,2026-10-01 07:40:42.797617152,12,5382,196,26
42.086262,7.11431,2026-10-01 07:40:43.592391680,12,6113,166,144
42.110573,7.129357,2026-10-01 07:40:43.592403968,12,2429,243,175
42.095405,7.114874,2026-10-01 07:40:43.592398592,12,9959,187,162
42.092472,7.114099,2026-10-01 07:40:43.592403968,12,13858,189,143
42.112999,7.120457,2026-10-01 07:40:43.592410880,12,9028,222,121
30.549702,-99.592649,2026-10-01 07:40:45.785911552,12,11229,218,16
42.226114,7.132735,2026-10-01 07:41:00.693924608,12,12619,186,98
27.844767,-79.648232,2026-10-01 07:41:00.708810240,12,8146,175,125
42.229205,7.138086,2026-10-01 07:41:00.854568704,12,8317,181,208
41.037109,3.446221,2026-10-01 07:41:02.668573952,12,3926,248,328
41.194669,3.744925,2026-10-01 07:41:07.154052864,12,10195,164,36
41.242292,3.797001,2026-10-01 07:41:11.243412992,12,14367,188,37
18.286299,-94.575024,2026-10-01 09:00:00.549181440,1,4590,263,22
30.205881,-100.98424,2026-10-01 09:00:01.644191488,1,14203,222,15
18.241014,-94.9756,2026-10-01 09:00:00.158837504,7,10867,252,14
18.268246,-94.583531,2026-10-01 09:00:00.549173760,7,4350,254,17
18.574554,-94.296563,2026-10-01 09:00:03.588862208,7,6876,252,15
18.061243,-94.662944,2026-10-01 09:00:00.578823936,13,12851,249,17
30.209387,-100.984503,2026-10-01 09:00:01.531473408,13,7100,220,32
30.222945,-100.974691,2026-10-01 09:00:01.531475968,13,5771,220,19
30.224574,-100.983046,2026-10-01 09:00:01.644180480,13,6949,221,43
30.213736,-101.004038,2026-10-01 09:00:01.644177408,13,10353,253,28
30.29845,-100.749539,2026-10-01 09:00:02.496983296,13,7478,250,30
30.224063,-100.859408,2026-10-01 09:00:03.8191232,13,8489,220,41
30.307817,-100.702426,2026-10-01 09:00:03.155987968,13,7365,224,25
32.052256,-99.462856,2026-10-01 09:00:08.483424512,13,11085,225,28
21.237617,-97.888248,2026-10-01 09:00:09.44369408,13,5059,239,62
21.217071,-97.947422,2026-10-01 09:00:09.736621312,13,13826,236,51
30.249498,-100.77205,2026-10-01 09:00:10.383781888,13,9127,192,34
19.704417,-76.330615,2026-10-01 09:00:11.255546368,13,5226,268,34
27.118076,-99.539068,2026-10-01 09:00:13.161167872,13,8434,230,82
30.188058,-99.502647,2026-10-01 09:00:13.330089472,13,10412,207,63
30.219647,-99.512765,2026-10-01 09:00:13.420731904,13,3121,229,47
30.006471,-102.120236,2026-10-01 09:00:14.700765952,13,12077,183,28
30.122973,-100.826323,2026-10-01 09:00:16.210630144,13,9843,88,81
30.188883,-100.832261,2026-10-01 09:00:16.210706688,13,6549,218,69
39.769042,-95.746391,2026-10-01 09:00:16.507797248,13,12495,130,23
30.274644,-100.761884,2026-10-01 09:00:16.578767360,13,9181,253,16
21.220472,-97.831057,2026-10-01 09:00:17.367541248,13,8906,260,18
21.255459,-97.546478,2026-10-01 09:00:17.604246528,13,6288,235,38
33.581529,-97.504535,2026-10-01 09:00:18.435251200,13,11737,204,58
31.978398,-99.485371,2026-10-01 09:00:08.483399168,11,3049,248,31
21.227106,-97.879492,2026-10-01 09:00:09.44370432,11,6406,251,30
27.258957,-99.512085,2026-10-01 09:00:13.161206272,11,5762,235,32
30.182369,-99.528007,2026-10-01 09:00:13.330082816,11,11006,195,24
30.179463,-99.532027,2026-10-01 09:00:13.420724736,11,12598,194,24
40.768891,1.613027,2026-10-01 09:00:15.59935232,11,9461,213,79
40.733351,1.608648,2026-10-01 09:00:15.59967744,11,10217,179,75
40.752246,1.609844,2026-10-01 09:00:15.59969536,11,7732,244,62
40.752055,1.620299,2026-10-01 09:00:15.562540544,11,4545,221,317
40.737751,1.584178,2026-10-01 09:00:15.562536960,11,3682,252,304
30.20589,-100.984239,2026-10-01 09:00:01.644191744,12,14203,222,15
40.757113,1.674619,2026-10-01 09:00:06.829892608,12,9522,192,39
40.679108,1.614202,2026-10-01 09:00:06.829923584,12,7230,194,32
27.133797,-99.547677,2026-10-01 09:00:13.161170176,12,8094,213,33
30.155051,-99.562101,2026-10-01 09:00:13.330068992,12,7344,255,25
30.183155,-99.525258,2026-10-01 09:00:13.420726784,12,9011,194,24
40.768891,1.613027,2026-10-01 09:00:15.59935232,12,9461,213,79
40.733351,1.608648,2026-10-01 09:00:15.59967744,12,10217,179,75
40.752246,1.609844,2026-10-01 09:00:15.59969536,12,7732,244,62
40.752055,1.620299,2026-10-01 09:00:15.562540544,12,4545,221,316
40.737751,1.584178,2026-10-01 09:00:15.562536960,12,3682,252,302
35.99768,29.497778,2026-10-01 09:00:16.363376384,12,10349,148,151
31.894363,-5.982125,2026-10-01 14:45:00.178968064,1,8725,220,145
31.947035,-5.977932,2026-10-01 14:45:00.179017728,1,7089,258,210
31.903235,-5.957,2026-10-01 14:45:00.179010304,1,5718,245,196
35.501186,6.607859,2026-10-01 14:45:07.776459776,1,7783,260,172
35.581584,6.632937,2026-10-01 14:45:07.776485120,1,8964,242,188
35.374194,6.580647,2026-10-01 14:45:07.776450048,1,12560,231,181
35.538303,6.603167,2026-10-01 14:45:07.776511232,1,6333,249,174
40.531768,0.809276,2026-10-01 14:45:15.764911104,1,10721,220,107
40.554102,0.799921,2026-10-01 14:45:15.764926976,1,14566,176,88
40.58179,0.808378,2026-10-01 14:45:15.764969216,1,11959,171,71
40.52547,0.759139,2026-10-01 14:45:15.764942848,1,12055,262,58
40.505145,0.713405,2026-10-01 14:45:15.764935680,1,7519,258,44
40.613597,0.746212,2026-10-01 14:45:17.17220352,1,6562,228,187
40.618975,0.753017,2026-10-01 14:45:17.17223168,1,12957,190,174
40.655565,0.738592,2026-10-01 14:45:17.17263360,1,7840,185,160
40.649134,0.732232,2026-10-01 14:45:17.17263104,1,6687,209,146
40.639004,0.719899,2026-10-01 14:45:17.17261568,1,4322,263,120
40.625401,0.714237,2026-10-01 14:45:17.17263104,1,4496,252,90
40.571981,0.797167,2026-10-01 14:45:24.68028672,1,14132,219,101
40.49357,0.749213,2026-10-01 14:45:24.68047872,1,14979,233,78
40.559042,0.77795,2026-10-01 14:45:24.68067072,1,4495,261,65
40.522435,0.725692,2026-10-01 14:45:24.68055552,1,9244,263,50
40.580055,0.785991,2026-10-01 14:45:24.68076544,1,14412,248,29
40.560277,0.791307,2026-10-01 14:45:24.318891008,1,7982,220,20
40.629391,0.938733,2026-10-01 14:45:24.318944512,1,11355,166,25
40.578499,0.788003,2026-10-01 14:45:24.371873024,1,11287,205,32
40.591429,0.781247,2026-10-01 14:45:24.501899776,1,9274,222,23
36.008584,29.567412,2026-10-01 14:45:25.568669696,1,10905,148,73
40.566044,0.834503,2026-10-01 14:45:33.604396288,1,9488,220,131
40.573234,0.817193,2026-10-01 14:45:33.604402432,1,7972,154,108
40.533024,0.782816,2026-10-01 14:45:33.604392448,1,7337,261,83
40.545873,0.781038,2026-10-01 14:45:33.604433664,1,5225,249,55
40.521495,0.756984,2026-10-01 14:45:33.604422400,1,6640,253,42
40.564699,0.823789,2026-10-01 14:45:33.722739456,1,5174,220,20
40.556607,0.799005,2026-10-01 14:45:33.722739456,1,4283,260,73
40.576599,0.805869,2026-10-01 14:45:33.722781184,1,5008,200,60
40.556527,0.79896,2026-10-01 14:45:33.722776320,1,2367,248,45
40.830016,0.860403,2026-10-01 14:45:33.722883840,1,10861,250,29
40.578463,0.815086,2026-10-01 14:45:33.892792320,1,8465,190,40
40.563223,0.788792,2026-10-01 14:45:33.892826368,1,5221,248,25
39.864411,-0.350722,2026-10-01 14:45:42.244379392,1,9149,242,76
39.9735,-0.250778,2026-10-01 14:45:42.244435200,1,11825,174,60
39.912415,-0.37347,2026-10-01 14:45:42.244437248,1,10451,257,42
39.926112,-0.335652,2026-10-01 14:45:42.244449792,1,12228,153,27
36.655639,28.284863,2026-10-01 14:45:42.339727360,1,7846,132,48
36.391756,29.675327,2026-10-01 14:45:43.340851456,1,11940,239,38
36.312447,29.823214,2026-10-01 14:45:43.387858688,1,6487,266,29
36.399543,29.744244,2026-10-01 14:45:43.492589824,1,8309,160,24
40.526385,0.776074,2026-10-01 14:45:43.613118720,1,11171,206,33
39.971482,-0.273227,2026-10-01 14:45:43.697355776,1,6552,197,26
39.797985,-0.309776,2026-10-01 14:45:43.697339136,1,6712,223,53
39.944153,-0.283777,2026-10-01 14:45:43.697385472,1,3226,270,40
39.921095,-0.307595,2026-10-01 14:45:43.697378560,1,5044,256,25
37.38675,28.332086,2026-10-01 14:45:50.825090048,1,9099,112,49
37.291059,28.495304,2026-10-01 14:45:50.825078784,1,7466,268,57
37.554634,28.210375,2026-10-01 14:45:50.833341952,1,5942,249,31
37.389175,28.329034,2026-10-01 14:45:50.848544512,1,6011,112,49
37.324126,28.472393,2026-10-01 14:45:50.848544000,1,4764,263,39
37.400517,28.347144,2026-10-01 14:45:50.874294272,1,7579,141,65
11.584623,3.458267,2026-10-01 14:45:57.941992192,1,7494,198,111
40.580545,0.830604,2026-10-01 14:46:06.776990976,1,9616,193,144
40.563592,0.836799,2026-10-01 14:46:06.776988928,1,6029,154,121
40.54529,0.812931,2026-10-01 14:46:06.776986880,1,5440,263,100
40.57547,0.784631,2026-10-01 14:46:13.853665024,1,11854,191,49
40.557135,0.762321,2026-10-01 14:46:13.853707520,1,10277,247,27
35.871315,9.665875,2026-10-01 14:46:13.998576640,1,13386,239,54
35.899503,9.695809,2026-10-01 14:46:13.998580736,1,12084,245,41
35.910434,9.692559,2026-10-01 14:46:13.998591744,1,9441,240,24
9.685251,-15.438957,2026-10-01 14:46:14.520491776,1,9293,254,42
40.62318,0.707005,2026-10-01 14:46:14.579961856,1,7365,208,57
40.598495,0.672303,2026-10-01 14:46:14.579987456,1,6891,263,42
36.772969,28.246735,2026-10-01 14:46:15.587009024,1,10914,128,39
36.767628,28.253237,2026-10-01 14:46:15.622185216,1,5917,221,48
36.704347,28.366452,2026-10-01 14:46:15.667581184,1,6223,258,33
40.57075,0.811884,2026-10-01 14:46:17.628012544,1,9023,205,24
40.499935,0.820137,2026-10-01 14:46:17.658309376,1,4604,231,47
40.547561,0.783784,2026-10-01 14:46:17.658327296,1,8640,199,34
40.627752,0.838697,2026-10-01 14:46:17.658398720,1,9873,261,17
40.546195,0.82163,2026-10-01 14:46:19.390867968,1,1940,234,75
40.56028,0.805165,2026-10-01 14:46:19.390874112,1,4547,191,69
40.578727,0.810132,2026-10-01 14:46:19.390926592,1,7678,171,55
40.537424,0.750218,2026-10-01 14:46:19.390903808,1,4140,256,41
40.571206,0.787434,2026-10-01 14:46:19.390913792,1,10144,248,27
35.642278,9.470825,2026-10-01 14:46:26.751705600,1,14708,245,44
35.708121,9.588429,2026-10-01 14:46:26.751744000,1,6648,246,31
40.48017,0.822819,2026-10-01 14:46:27.23429120,1,9298,222,18
40.545795,0.717553,2026-10-01 14:46:27.150177536,1,13193,214,31
34.516741,28.229238,2026-10-01 14:46:35.196396800,1,6995,211,27
36.776703,28.244304,2026-10-01 14:46:35.428940544,1,8827,128,24
36.703901,28.366368,2026-10-01 14:46:35.428935936,1,9745,258,18
40.507861,0.709451,2026-10-01 14:46:36.215847680,1,9179,200,35
40.527503,0.722909,2026-10-01 14:46:36.215855616,1,7438,209,70
40.5514,0.760841,2026-10-01 14:46:36.215872256,1,10574,261,56
9.968282,1.440056,2026-10-01 14:46:38.605432832,1,9983,190,33
40.528424,0.714498,2026-10-01 14:46:39.910650624,1,14366,182,42
35.992243,30.123465,2026-10-01 14:46:55.927644672,1,5355,270,85
26.470969,118.395446,2026-10-01 14:45:04.435721728,2,13970,180,18
25.235058,116.739894,2026-10-01 14:45:13.660790528,2,5547,254,31
-3.48825,136.722024,2026-10-01 14:45:13.851181056,2,13383,188,27
24.141172,127.078767,2026-10-01 14:45:18.125207808,2,12719,183,40
23.973384,127.131951,2026-10-01 14:45:18.211792384,2,7590,241,35
24.278594,127.241283,2026-10-01 14:45:19.285648128,2,8175,214,53
24.221677,127.097164,2026-10-01 14:45:19.285661952,2,9872,191,42
18.61257,142.911265,2026-10-01 14:45:24.543483648,2,5671,256,29
13.522478,120.167446,2026-10-01 14:45:54.230600960,2,6417,253,18
23.2376,114.382768,2026-10-01 14:45:55.952615680,2,12686,195,27
18.811174,142.799317,2026-10-01 14:45:56.797772800,2,14667,256,30
25.883844,117.954702,2026-10-01 14:46:07.734848256,2,5576,266,35
25.15575,117.060127,2026-10-01 14:46:35.520285696,2,13064,178,20
13.48552,119.798314,2026-10-01 14:46:40.375807744,2,4094,257,22
38.041159,-101.856315,2026-10-01 14:45:04.390236160,3,8801,139,20
31.678248,-60.582462,2026-10-01 14:45:06.757423872,3,14102,268,77
31.729099,-60.838944,2026-10-01 14:45:06.757502976,3,8448,251,68
31.802442,-60.905149,2026-10-01 14:45:06.757541888,3,13411,210,52
31.708517,-60.816042,2026-10-01 14:45:06.853042432,3,11578,251,17
36.20703,-38.221026,2026-10-01 14:45:11.388725760,3,12092,184,46
36.152166,-38.242593,2026-10-01 14:45:11.454071808,3,10735,173,24
25.75348,-58.348969,2026-10-01 14:45:17.704511488,3,11786,221,22
36.841822,-36.828949,2026-10-01 14:45:20.337589248,3,8568,210,38
32.476913,-97.275032,2026-10-01 14:45:20.523327744,3,13350,114,53
32.495491,-97.316569,2026-10-01 14:45:20.523320320,3,8122,158,89
32.596946,-97.211192,2026-10-01 14:45:20.523371776,3,8365,200,74
32.583856,-97.22762,2026-10-01 14:45:20.523369216,3,9104,168,61
32.384756,-97.291713,2026-10-01 14:45:21.105387520,3,11916,115,14
23.864262,-79.246033,2026-10-01 14:45:34.416565504,3,10085,244,81
23.819743,-79.221198,2026-10-01 14:45:34.416582400,3,13526,249,64
24.037021,-79.282578,2026-10-01 14:45:34.462562304,3,8874,241,47
24.011037,-79.278097,2026-10-01 14:45:34.488205568,3,8044,243,35
23.845129,-57.468561,2026-10-01 14:45:43.808934400,3,7918,251,41
23.934908,-57.507113,2026-10-01 14:45:43.981499904,3,10373,226,14
36.161099,-38.133351,2026-10-01 14:45:44.927405312,3,6552,214,31
24.881873,-55.580511,2026-10-01 14:45:46.503412736,3,5120,252,43
24.806803,-55.525866,2026-10-01 14:45:46.503407872,3,14259,249,35
24.760764,-56.524137,2026-10-01 14:45:51.230405376,3,8726,227,22
29.549431,-73.144227,2026-10-01 14:45:51.364872704,3,5570,232,64
32.429681,-97.119559,2026-10-01 14:45:56.475183872,3,6515,155,32
32.444991,-97.16212,2026-10-01 14:45:56.475215104,3,6222,125,18
30.942413,-98.510067,2026-10-01 14:45:56.925036544,3,5584,194,69
31.013437,-98.526034,2026-10-01 14:45:56.925054464,3,9990,188,70
26.096162,-79.972763,2026-10-01 14:45:57.191722752,3,5393,227,67
38.070077,-101.738946,2026-10-01 14:46:07.85926656,3,11277,199,26
26.060217,-78.500556,2026-10-01 14:46:18.506729728,3,9955,228,56
26.023875,-78.496597,2026-10-01 14:46:18.506716416,3,6903,267,44
26.048471,-78.51387,2026-10-01 14:46:18.506723840,3,8293,242,29
24.57203,-55.434397,2026-10-01 14:46:33.696321792,3,8886,231,42
24.569688,-55.632361,2026-10-01 14:46:33.696391936,3,9286,238,25
23.279776,-57.672751,2026-10-01 14:46:40.250183936,3,13836,171,59
22.154364,-80.58971,2026-10-01 14:46:40.617753344,3,4439,251,74
21.965563,-80.584763,2026-10-01 14:46:40.617711360,3,9139,251,63
24.617831,-56.498198,2026-10-01 14:46:47.686701056,3,14764,230,43
30.638766,-98.851471,2026-10-01 14:46:51.653141504,3,9446,211,44
30.650058,-98.83337,2026-10-01 14:46:51.653145344,3,9212,191,32
30.654501,-98.853574,2026-10-01 14:46:51.653147648,3,10991,191,22
30.511163,-98.695155,2026-10-01 14:46:52.371456768,3,12601,124,34
30.543045,-98.711102,2026-10-01 14:46:52.371467776,3,12135,220,23
29.58259,-99.165706,2026-10-01 14:46:55.554555136,3,13267,184,74
29.587104,-99.127509,2026-10-01 14:46:55.554586880,3,13103,203,61
29.676757,-99.18753,2026-10-01 14:46:55.554620928,3,7650,227,48
29.753394,-99.142809,2026-10-01 14:46:55.554648832,3,7317,251,35
29.614532,-99.163685,2026-10-01 14:46:55.572186624,3,11136,225,39
29.460795,-99.15031,2026-10-01 14:46:55.572163840,3,10728,195,26
29.664712,-99.200584,2026-10-01 14:46:55.607781376,3,6704,211,32
29.653928,-99.210109,2026-10-01 14:46:55.607774976,3,9701,226,23
29.56729,-99.204123,2026-10-01 14:46:55.764793088,3,14913,114,43
29.843785,-98.982985,2026-10-01 14:46:55.764959232,3,13015,250,21
29.518567,-99.344994,2026-10-01 14:46:55.915806464,3,6011,243,31
29.48996,-99.227479,2026-10-01 14:46:56.72748288,3,10928,95,35
26.470969,118.395446,2026-10-01 14:45:04.435721728,4,13970,180,18
35.552159,6.61715,2026-10-01 14:45:07.776477696,4,10129,235,26
25.235058,116.739894,2026-10-01 14:45:13.660790528,4,5547,254,31
40.63854,0.683417,2026-10-01 14:45:17.17252608,4,12851,194,19
40.463527,0.628928,2026-10-01 14:45:17.354171648,4,14656,255,22
24.143645,127.166741,2026-10-01 14:45:18.125162240,4,10716,215,38
24.152046,127.020654,2026-10-01 14:45:18.125198336,4,10353,191,40
24.115377,127.158673,2026-10-01 14:45:18.211837952,4,6558,177,35
24.221677,127.097164,2026-10-01 14:45:19.285661952,4,9872,191,41
18.61257,142.911265,2026-10-01 14:45:24.543483648,4,5671,256,29
37.852062,27.982391,2026-10-01 14:45:50.805987584,4,12534,265,28
13.522478,120.167446,2026-10-01 14:45:54.230600960,4,6417,253,19
23.2376,114.382768,2026-10-01 14:45:55.952615680,4,12686,195,27
25.883844,117.954702,2026-10-01 14:46:07.734848256,4,5576,266,35
26.040665,118.464382,2026-10-01 14:46:07.735014656,4,7500,270,21
36.388279,34.991351,2026-10-01 14:46:27.426001408,4,12365,239,24
25.15575,117.060127,2026-10-01 14:46:35.520285696,4,13064,178,20
13.48552,119.798314,2026-10-01 14:46:40.375807744,4,4094,257,23
19.695612,-86.208394,2026-10-01 14:45:00.148123648,7,11532,246,9
24.123891,-79.395803,2026-10-01 14:45:34.416672768,7,7619,267,18
23.8531,-79.265624,2026-10-01 14:45:34.462525696,7,4920,216,19
24.161431,-79.510504,2026-10-01 14:45:34.488280576,7,10569,251,13
21.872286,-80.550454,2026-10-01 14:45:37.596030976,7,2726,253,28
21.935679,-80.571745,2026-10-01 14:45:37.596049664,7,4645,252,21
23.934448,-57.511591,2026-10-01 14:45:43.808970752,7,5277,226,18
25.763943,-78.576976,2026-10-01 14:46:18.506610688,7,5493,258,26
26.038975,-78.510548,2026-10-01 14:46:18.506714880,7,7266,242,17
23.495975,-57.434067,2026-10-01 14:46:24.342073856,7,8717,175,25
23.654811,-57.486727,2026-10-01 14:46:25.308748800,7,3971,245,24
23.524684,-57.255166,2026-10-01 14:46:25.927207680,7,6162,175,26
26.175761,-79.945708,2026-10-01 14:46:27.836164096,7,6862,227,19
26.841376,-76.195524,2026-10-01 14:46:29.593105664,7,11827,241,11
23.282872,-57.662402,2026-10-01 14:46:40.250182400,7,11666,174,19
21.917228,-80.562717,2026-10-01 14:46:40.617695232,7,3898,253,23
21.941187,-80.584647,2026-10-01 14:46:40.617705216,7,5568,224,14
29.53507,-99.251274,2026-10-01 14:46:55.554582016,7,7854,173,23
29.548441,-99.198781,2026-10-01 14:46:55.554598144,7,8183,208,15
13.608951,-93.580961,2026-10-01 14:47:01.761240576,7,6792,267,25
11.402869,2.792477,2026-10-01 14:45:19.355098880,5,6740,200,31
5.457543,24.097871,2026-10-01 14:45:49.590271488,5,7018,247,16
11.545776,3.394632,2026-10-01 14:45:57.941989376,5,4616,195,28
8.288482,12.936003,2026-10-01 14:46:19.475685376,5,2672,178,14
9.973048,1.458045,2026-10-01 14:46:38.605436672,5,9983,224,20
26.4556,118.558484,2026-10-01 14:45:04.435750400,9,4767,246,17
23.980032,127.13526,2026-10-01 14:45:18.211791616,9,3908,247,36
24.226813,127.293853,2026-10-01 14:45:19.285633280,9,4487,175,53
25.549022,133.101667,2026-10-01 14:45:25.512311296,9,3647,223,26
30.617739,128.492408,2026-10-01 14:45:51.423228928,9,10440,171,23
23.386764,114.432435,2026-10-01 14:45:55.952662272,9,6949,266,26
18.763968,142.915013,2026-10-01 14:45:56.797748480,9,5334,257,29
25.878164,117.993249,2026-10-01 14:46:07.734857216,9,1766,265,35
26.076897,118.457611,2026-10-01 14:46:07.735026432,9,2514,270,22
38.041136,-101.856333,2026-10-01 14:45:04.390236160,13,8803,139,19
25.753668,-58.349197,2026-10-01 14:45:17.704511488,13,11789,221,22
32.476911,-97.27503,2026-10-01 14:45:20.523327744,13,13350,114,107
32.495512,-97.316536,2026-10-01 14:45:20.523320320,13,8122,158,89
32.384755,-97.291714,2026-10-01 14:45:21.105387520,13,11915,115,14
24.859125,-56.540625,2026-10-01 14:45:31.501099008,13,5993,245,19
29.579298,-99.189909,2026-10-01 14:45:31.951431936,13,12933,187,58
29.640031,-99.193284,2026-10-01 14:45:31.951488512,13,9746,198,40
29.566325,-99.194765,2026-10-01 14:45:32.222808064,13,13700,188,70
29.620394,-99.189705,2026-10-01 14:45:32.222862336,13,11864,195,54
33.07482,-96.864953,2026-10-01 14:45:32.525333248,13,7176,136,115
33.103352,-96.874761,2026-10-01 14:45:32.525349632,13,10931,189,117
29.480188,-73.124884,2026-10-01 14:45:51.364879616,13,13760,232,29
32.435899,-97.239808,2026-10-01 14:45:56.475191040,13,6541,160,28
32.444961,-97.162187,2026-10-01 14:45:56.475215360,13,6221,125,20
30.957661,-98.517612,2026-10-01 14:45:56.925035776,13,8820,193,61
25.195304,-57.493905,2026-10-01 14:46:02.614388224,13,7751,254,32
26.000764,-78.463022,2026-10-01 14:46:18.506707456,13,7849,266,55
26.090155,-78.5275,2026-10-01 14:46:18.506730496,13,10067,266,37
38.244504,-101.465299,2026-10-01 14:46:27.750124544,13,11952,65,49
38.281212,-101.471739,2026-10-01 14:46:27.750141184,13,6681,159,33
26.177342,-79.938462,2026-10-01 14:46:27.836159488,13,6650,228,42
26.683361,-76.047013,2026-10-01 14:46:29.593054208,13,13307,245,23
36.178943,-38.218047,2026-10-01 14:46:30.389580288,13,8782,184,75
30.618284,-98.845016,2026-10-01 14:46:51.653134080,13,6650,212,34
30.632484,-98.841621,2026-10-01 14:46:51.653138176,13,10926,187,31
30.511161,-98.695152,2026-10-01 14:46:52.371456768,13,12600,124,34
29.58258,-99.165692,2026-10-01 14:46:55.554555136,13,13266,184,74
29.587102,-99.127515,2026-10-01 14:46:55.554586880,13,13104,203,61
29.567268,-99.204116,2026-10-01 14:46:55.764793088,13,14913,114,43
29.551905,-99.310606,2026-10-01 14:46:55.915814144,13,8714,148,23
29.490009,-99.227293,2026-10-01 14:46:56.72748288,13,10932,95,35
36.173619,-38.235595,2026-10-01 14:47:03.475660032,13,5753,184,55
14.948601,-94.154442,2026-10-01 14:47:08.857267200,13,8611,268,56
37.948681,-101.720293,2026-10-01 14:47:12.338920960,13,9210,98,34
37.94947,-101.731162,2026-10-01 14:47:12.490748160,13,12198,79,51
37.961668,-101.649209,2026-10-01 14:47:12.779759104,13,12697,67,48
37.969175,-101.648259,2026-10-01 14:47:12.779767552,13,13854,113,76
24.049117,-79.277542,2026-10-01 14:47:15.157541888,13,6750,243,65
24.036505,-79.263954,2026-10-01 14:47:15.200970240,13,8653,243,38
30.407057,-98.726815,2026-10-01 14:47:15.490864384,13,13590,126,19
14.876445,119.188507,2026-10-01 14:45:01.311305472,14,7997,251,26
26.471,118.39619,2026-10-01 14:45:04.435721728,14,13969,180,18
24.278697,127.241228,2026-10-01 14:45:19.285648128,14,8171,214,58
23.237667,114.382788,2026-10-01 14:45:55.952615680,14,12686,195,27
13.487957,119.749054,2026-10-01 14:47:11.259594496,14,5696,259,24
31.866488,-5.967981,2026-10-01 14:45:00.178957824,11,6356,220,231
33.420458,-4.803942,2026-10-01 14:45:00.511719936,11,8581,182,36
40.535563,0.839417,2026-10-01 14:45:02.224202752,11,7600,221,194
40.551336,0.838366,2026-10-01 14:45:02.224214016,11,4261,208,171
40.535488,0.845683,2026-10-01 14:45:02.224212992,11,7926,194,156
40.55841,0.816428,2026-10-01 14:45:02.224249856,11,14375,151,31
37.539539,-2.514606,2026-10-01 14:45:02.518107392,11,8483,228,363
40.546731,0.836104,2026-10-01 14:45:07.23342592,11,6024,220,161
40.573371,0.822012,2026-10-01 14:45:07.23357184,11,7199,208,139
35.523491,6.619607,2026-10-01 14:45:07.776466176,11,4885,260,213
35.106191,29.943286,2026-10-01 14:45:10.650701824,11,6612,259,207
36.088709,-38.250821,2026-10-01 14:45:11.388702464,11,12698,191,141
10.52572,1.213204,2026-10-01 14:45:13.802491904,11,12698,189,52
40.635639,0.727425,2026-10-01 14:45:17.17266432,11,12023,184,61
40.553235,0.837257,2026-10-01 14:45:17.354182400,11,7760,220,243
40.561565,0.828152,2026-10-01 14:45:17.525874688,11,11231,198,84
36.775066,-36.943288,2026-10-01 14:45:20.337607680,11,7081,212,277
40.559305,0.787968,2026-10-01 14:45:21.83759104,11,6920,220,113
40.60605,0.84739,2026-10-01 14:45:21.200520192,11,11428,222,24
40.620344,0.842225,2026-10-01 14:45:21.305330944,11,7974,232,35
40.533876,-1.127823,2026-10-01 14:45:22.721628928,11,12156,202,36
40.557962,0.785901,2026-10-01 14:45:24.68022528,11,9713,220,101
40.565544,0.780821,2026-10-01 14:45:24.68032000,11,7200,208,81
40.55904,0.777945,2026-10-01 14:45:24.68068352,11,4495,261,68
40.507513,0.719001,2026-10-01 14:45:24.68049920,11,9314,263,50
40.615993,0.794114,2026-10-01 14:45:24.68091136,11,5390,255,23
40.57129,0.782959,2026-10-01 14:45:24.318898688,11,4155,181,38
40.529034,0.723958,2026-10-01 14:45:24.318916864,11,8268,199,24
40.568495,0.77404,2026-10-01 14:45:24.371867904,11,9895,205,31
40.625283,0.731329,2026-10-01 14:45:27.708350976,11,5137,190,112
40.714751,0.772253,2026-10-01 14:45:27.708398080,11,10318,196,99
40.706101,0.783159,2026-10-01 14:45:27.708408064,11,10051,183,86
40.569757,0.721003,2026-10-01 14:45:27.963763200,11,7461,237,66
40.534009,0.730238,2026-10-01 14:45:27.986564096,11,6215,220,38
40.901309,1.095944,2026-10-01 14:45:28.4076288,11,12192,265,25
39.479084,-0.879163,2026-10-01 14:45:31.265669888,11,4351,249,41
29.55708,-99.237495,2026-10-01 14:45:32.222842368,11,14113,194,28
40.572972,0.824504,2026-10-01 14:45:33.604403968,11,10391,154,99
40.567182,0.828943,2026-10-01 14:45:33.604404992,11,5375,176,100
40.544387,0.81278,2026-10-01 14:45:33.604398592,11,10186,261,82
40.539547,0.778415,2026-10-01 14:45:36.486565632,11,8313,181,122
40.632292,0.743729,2026-10-01 14:45:37.866093568,11,11927,179,58
35.817115,29.559992,2026-10-01 14:45:39.437721600,11,12411,265,221
39.88779,-0.346876,2026-10-01 14:45:42.244390912,11,6374,242,65
39.979292,-0.248219,2026-10-01 14:45:42.244436992,11,9888,174,64
39.949172,-0.281723,2026-10-01 14:45:42.244435968,11,8110,267,52
39.875739,-0.380646,2026-10-01 14:45:42.244430080,11,6968,257,39
36.655672,28.284818,2026-10-01 14:45:42.339727616,11,7846,132,41
40.498862,0.754941,2026-10-01 14:45:45.426435584,11,5151,221,100
40.544283,0.761307,2026-10-01 14:45:45.426454272,11,8365,208,82
40.593336,0.89142,2026-10-01 14:45:46.100763648,11,8034,197,27
40.546187,0.726636,2026-10-01 14:45:47.24779264,11,8540,181,51
40.594237,0.738707,2026-10-01 14:45:48.218336256,11,14310,204,22
39.60339,-0.827325,2026-10-01 14:45:50.94622976,11,9815,236,15
37.358057,28.358066,2026-10-01 14:45:50.805749248,11,7882,252,260
37.396386,28.368183,2026-10-01 14:45:50.805763840,11,7855,252,282
40.547192,0.74724,2026-10-01 14:45:51.80526336,11,7925,187,164
42.429393,0.487394,2026-10-01 14:45:52.607882496,11,5708,179,251
42.441704,0.474143,2026-10-01 14:45:52.607884288,11,5122,173,137
39.616479,-0.780825,2026-10-01 14:45:55.506855680,11,7160,221,235
35.35183,29.653018,2026-10-01 14:45:56.272972544,11,10035,270,99
11.584623,3.458267,2026-10-01 14:45:57.941992192,11,7494,198,250
36.064916,29.369811,2026-10-01 14:45:59.425920512,11,8859,262,72
32.181538,-5.458744,2026-10-01 14:46:00.29028608,11,4930,216,32
34.396354,27.932203,2026-10-01 14:46:01.44105472,11,9064,267,62
34.40654,27.964856,2026-10-01 14:46:01.300534016,11,13411,213,56
40.578371,0.824615,2026-10-01 14:46:03.521775360,11,5904,219,143
40.550125,0.80687,2026-10-01 14:46:03.521769728,11,4196,260,124
40.526597,0.833,2026-10-01 14:46:03.796470784,11,7791,221,230
40.528621,0.834695,2026-10-01 14:46:03.796472320,11,6058,208,149
42.402591,1.396832,2026-10-01 14:46:04.547377920,11,9045,238,73
42.411273,1.377294,2026-10-01 14:46:04.547394816,11,13410,140,63
42.399454,1.365086,2026-10-01 14:46:04.547391232,11,11555,176,47
40.579805,0.828154,2026-10-01 14:46:06.776989184,11,10063,193,109
40.466503,0.778381,2026-10-01 14:46:11.766514432,11,9269,232,66
40.553519,0.770059,2026-10-01 14:46:11.802215424,11,9562,181,41
40.594956,0.789939,2026-10-01 14:46:13.765197568,11,13793,193,75
40.342767,0.561018,2026-10-01 14:46:13.765137408,11,11140,264,78
40.556511,0.752561,2026-10-01 14:46:13.765234432,11,9492,250,61
36.770436,28.255934,2026-10-01 14:46:15.587004672,11,10154,221,30
36.779035,28.241601,2026-10-01 14:46:15.622190592,11,8725,128,30
36.773063,28.240617,2026-10-01 14:46:15.667585536,11,9320,128,38
40.585132,0.738484,2026-10-01 14:46:21.373047040,11,6646,241,35
40.569902,0.703879,2026-10-01 14:46:21.373077504,11,10221,261,32
40.530629,0.683913,2026-10-01 14:46:21.373068800,11,7604,247,20
39.948183,-0.273884,2026-10-01 14:46:22.77725440,11,10296,197,82
39.96977,-0.281174,2026-10-01 14:46:22.77779712,11,4229,194,63
39.930467,-0.315699,2026-10-01 14:46:22.77759488,11,5474,270,50
39.948467,-0.28847,2026-10-01 14:46:22.77768960,11,7853,153,32
40.5178,0.72914,2026-10-01 14:46:23.960122112,11,6878,230,44
27.115618,5.641617,2026-10-01 14:46:24.52240640,11,8879,265,71
39.705438,-2.707056,2026-10-01 14:46:28.471516160,11,8471,186,29
36.160818,-38.226297,2026-10-01 14:46:30.389571584,11,13014,211,219
37.560775,-2.540246,2026-10-01 14:46:31.906824960,11,7195,224,184
40.522288,0.76286,2026-10-01 14:46:32.184320768,11,8210,220,148
40.533784,0.769486,2026-10-01 14:46:32.184332800,11,3774,227,124
40.508034,0.757945,2026-10-01 14:46:32.292156928,11,11052,182,75
36.215236,29.725401,2026-10-01 14:46:32.751461888,11,11425,261,72
39.839863,-0.387393,2026-10-01 14:46:34.66008576,11,6437,220,23
39.915958,-0.343414,2026-10-01 14:46:34.66030848,11,9080,256,17
34.516764,28.22923,2026-10-01 14:46:35.196396800,11,6994,211,27
40.641534,0.763281,2026-10-01 14:46:36.215898624,11,12658,197,49
9.979128,1.477448,2026-10-01 14:46:38.605440768,11,9983,219,40
40.536958,0.711079,2026-10-01 14:46:39.910659584,11,5407,181,39
40.571871,0.691793,2026-10-01 14:46:39.922994176,11,9871,213,20
40.46828,0.709105,2026-10-01 14:46:41.829481216,11,13049,187,40
40.524697,0.745367,2026-10-01 14:46:41.829504512,11,7097,261,52
40.546079,0.759027,2026-10-01 14:46:41.829509120,11,6737,249,35
40.532511,0.763472,2026-10-01 14:46:42.25099520,11,10687,182,71
40.516618,0.732803,2026-10-01 14:46:42.25143808,11,8829,262,44
40.502644,0.722274,2026-10-01 14:46:42.25133568,11,3265,248,23
40.529226,0.762973,2026-10-01 14:46:42.93107200,11,7937,220,231
40.527001,0.744783,2026-10-01 14:46:42.93107968,11,9369,155,209
40.447792,0.784238,2026-10-01 14:46:43.570410240,11,12853,232,51
40.50166,0.760237,2026-10-01 14:46:43.570430976,11,13670,226,38
40.544913,0.799201,2026-10-01 14:46:43.705638656,11,7031,220,32
40.467884,0.748705,2026-10-01 14:46:43.705675264,11,11630,214,34
40.524888,0.731404,2026-10-01 14:46:43.705680640,11,14533,256,20
40.539063,0.818869,2026-10-01 14:46:48.918294784,11,11679,177,48
35.839422,5.898203,2026-10-01 14:46:49.193814784,11,9442,253,74
35.816436,5.899719,2026-10-01 14:46:49.193799168,11,7831,209,89
40.521848,0.752027,2026-10-01 14:46:50.897600768,11,11344,182,117
40.531088,0.744506,2026-10-01 14:46:50.897611520,11,6412,194,95
40.511073,0.753771,2026-10-01 14:46:50.942405888,11,6329,221,61
39.790554,-0.493676,2026-10-01 14:46:51.266663680,11,11714,235,64
37.368,-2.897133,2026-10-01 14:46:51.336102656,11,5994,208,58
35.991599,30.124129,2026-10-01 14:46:55.927644416,11,5355,270,83
40.553471,0.794035,2026-10-01 14:46:56.884434176,11,11247,199,34
39.502243,-2.153557,2026-10-01 14:47:02.288652032,11,14627,190,63
39.526788,-2.134706,2026-10-01 14:47:02.288671488,11,3470,265,25
35.246282,7.409747,2026-10-01 14:47:03.505728256,11,10016,264,407
35.096007,8.704046,2026-10-01 14:47:04.766898176,11,7835,252,140
35.069068,8.694439,2026-10-01 14:47:04.766889472,11,12079,233,179
40.530167,0.808758,2026-10-01 14:47:05.112660224,11,2883,228,63
40.546886,0.733851,2026-10-01 14:47:06.518350336,11,5837,199,48
40.547845,0.721885,2026-10-01 14:47:06.518352896,11,7572,209,33
40.48672,0.842505,2026-10-01 14:47:06.908305664,11,14713,217,45
40.516513,0.697432,2026-10-01 14:47:14.605144320,11,4867,199,107
40.523691,0.723456,2026-10-01 14:47:14.605145344,11,5797,261,105
36.669651,28.273492,2026-10-01 14:47:14.756569600,11,5377,158,41
31.866488,-5.967981,2026-10-01 14:45:00.178957824,12,6356,220,231
33.420458,-4.803942,2026-10-01 14:45:00.511719936,12,8581,182,37
40.535563,0.839417,2026-10-01 14:45:02.224202752,12,7600,221,194
40.551336,0.838366,2026-10-01 14:45:02.224214016,12,4261,208,171
40.535488,0.845683,2026-10-01 14:45:02.224212992,12,7926,194,156
37.539539,-2.514606,2026-10-01 14:45:02.518107392,12,8483,228,380
40.574355,0.837183,2026-10-01 14:45:05.12215040,12,8235,194,105
40.59612,0.838952,2026-10-01 14:45:05.12223232,12,9470,184,160
35.523491,6.619607,2026-10-01 14:45:07.776466176,12,4885,260,213
35.106191,29.943286,2026-10-01 14:45:10.650701824,12,6612,259,207
36.088709,-38.250821,2026-10-01 14:45:11.388702464,12,12698,191,133
10.52572,1.213204,2026-10-01 14:45:13.802491904,12,12698,189,48
40.635639,0.727425,2026-10-01 14:45:17.17266432,12,12023,184,61
40.553235,0.837257,2026-10-01 14:45:17.354182400,12,7760,220,245
40.550235,0.814816,2026-10-01 14:45:17.525870080,12,9404,230,76
36.775066,-36.943288,2026-10-01 14:45:20.337607680,12,7081,212,277
40.559305,0.787968,2026-10-01 14:45:21.83759104,12,6920,220,113
40.60605,0.84739,2026-10-01 14:45:21.200520192,12,11428,222,24
40.620344,0.842225,2026-10-01 14:45:21.305330944,12,7974,232,35
40.533876,-1.127823,2026-10-01 14:45:22.721628928,12,12156,202,36
40.557962,0.785901,2026-10-01 14:45:24.68022528,12,9713,220,101
40.565544,0.780821,2026-10-01 14:45:24.68032000,12,7200,208,81
40.55904,0.777945,2026-10-01 14:45:24.68068352,12,4495,261,68
40.507513,0.719001,2026-10-01 14:45:24.68049920,12,9314,263,50
40.615993,0.794114,2026-10-01 14:45:24.68091136,12,5390,255,23
40.57129,0.782959,2026-10-01 14:45:24.318898688,12,4155,181,38
40.529034,0.723958,2026-10-01 14:45:24.318916864,12,8268,199,24
40.568495,0.77404,2026-10-01 14:45:24.371867904,12,9895,205,31
40.621132,0.729215,2026-10-01 14:45:27.708350720,12,6222,190,108
40.62706,0.744673,2026-10-01 14:45:27.708371456,12,9302,193,96
40.685466,0.778901,2026-10-01 14:45:27.708398080,12,14522,183,83
40.673285,0.773394,2026-10-01 14:45:27.708404992,12,11519,258,67
40.550348,0.727702,2026-10-01 14:45:27.963757568,12,6091,237,87
40.521796,0.815722,2026-10-01 14:45:27.963770624,12,11230,201,59
40.556163,0.702423,2026-10-01 14:45:28.3914496,12,7387,199,31
39.479084,-0.879163,2026-10-01 14:45:31.265669888,12,4351,249,41
29.55708,-99.237495,2026-10-01 14:45:32.222842368,12,14113,194,28
40.572972,0.824504,2026-10-01 14:45:33.604403968,12,10391,154,99
40.567182,0.828943,2026-10-01 14:45:33.604404992,12,5375,176,100
40.544387,0.81278,2026-10-01 14:45:33.604398592,12,10186,261,82
40.539547,0.778415,2026-10-01 14:45:36.486565632,12,8313,181,122
35.817115,29.559992,2026-10-01 14:45:39.437721600,12,12411,265,221
39.88779,-0.346876,2026-10-01 14:45:42.244390912,12,6374,242,67
39.979292,-0.248219,2026-10-01 14:45:42.244436992,12,9888,174,64
39.949172,-0.281723,2026-10-01 14:45:42.244435968,12,8110,267,52
39.875739,-0.380646,2026-10-01 14:45:42.244430080,12,6968,257,39
36.655672,28.284818,2026-10-01 14:45:42.339727616,12,7846,132,41
40.486925,0.765332,2026-10-01 14:45:45.426434304,12,3636,221,64
40.544212,0.76129,2026-10-01 14:45:45.426454272,12,8365,208,84
40.563262,0.797721,2026-10-01 14:45:45.426499840,12,8728,190,67
40.473811,0.720054,2026-10-01 14:45:45.426468864,12,5150,264,54
40.523075,0.765539,2026-10-01 14:45:45.628480768,12,11236,215,20
40.593336,0.89142,2026-10-01 14:45:46.100763648,12,8034,197,27
40.508589,0.74566,2026-10-01 14:45:47.24764672,12,4638,227,60
40.594237,0.738707,2026-10-01 14:45:48.218336256,12,14310,204,22
39.60339,-0.827325,2026-10-01 14:45:50.94622976,12,9815,236,15
37.358057,28.358066,2026-10-01 14:45:50.805749248,12,7882,252,260
37.396386,28.368183,2026-10-01 14:45:50.805763840,12,7855,252,282
40.547192,0.74724,2026-10-01 14:45:51.80526336,12,7925,187,157
42.407725,0.487583,2026-10-01 14:45:52.607869440,12,6610,167,208
42.49841,0.554255,2026-10-01 14:45:52.607913472,12,3600,269,195
39.616479,-0.780825,2026-10-01 14:45:55.506855680,12,7160,221,235
39.637253,-0.769272,2026-10-01 14:45:55.651782912,12,7262,259,22
35.35183,29.653018,2026-10-01 14:45:56.272972544,12,10035,270,99
11.584623,3.458267,2026-10-01 14:45:57.941992192,12,7494,198,250
40.549131,0.828602,2026-10-01 14:45:58.81815808,12,11598,266,32
40.556354,0.832045,2026-10-01 14:45:58.81867264,12,14939,254,20
36.064916,29.369811,2026-10-01 14:45:59.425920512,12,8859,262,72
32.181538,-5.458744,2026-10-01 14:46:00.29028608,12,4930,216,32
34.396354,27.932203,2026-10-01 14:46:01.44105472,12,9064,267,62
34.40654,27.964856,2026-10-01 14:46:01.300534016,12,13411,213,56
40.578371,0.824615,2026-10-01 14:46:03.521775360,12,5904,219,143
40.550125,0.80687,2026-10-01 14:46:03.521769728,12,4196,260,124
40.526597,0.833,2026-10-01 14:46:03.796470784,12,7791,221,230
40.522975,0.836701,2026-10-01 14:46:03.796471040,12,6284,177,181
35.465354,9.217008,2026-10-01 14:46:04.65812992,12,4704,250,22
42.402591,1.396832,2026-10-01 14:46:04.547377920,12,9045,238,70
42.415113,1.370489,2026-10-01 14:46:04.547392256,12,10781,140,64
42.399458,1.365089,2026-10-01 14:46:04.547391232,12,11555,176,48
40.579805,0.828154,2026-10-01 14:46:06.776989184,12,10063,193,109
40.466503,0.778381,2026-10-01 14:46:11.766514432,12,9269,232,66
40.552659,0.77417,2026-10-01 14:46:11.802217728,12,8979,181,34
40.594956,0.789939,2026-10-01 14:46:13.765197568,12,13793,193,75
40.342767,0.561018,2026-10-01 14:46:13.765137408,12,11140,264,78
40.556511,0.752561,2026-10-01 14:46:13.765234432,12,9492,250,61
40.565776,0.77243,2026-10-01 14:46:13.853669120,12,7371,191,43
36.770436,28.255934,2026-10-01 14:46:15.587004672,12,10154,221,30
36.779035,28.241601,2026-10-01 14:46:15.622190592,12,8725,128,30
36.773063,28.240617,2026-10-01 14:46:15.667585536,12,9320,128,38
40.585132,0.738484,2026-10-01 14:46:21.373047040,12,6646,241,35
40.569902,0.703879,2026-10-01 14:46:21.373077504,12,10221,261,32
40.530629,0.683913,2026-10-01 14:46:21.373068800,12,7604,247,20
39.948183,-0.273884,2026-10-01 14:46:22.77725440,12,10296,197,82
39.96977,-0.281174,2026-10-01 14:46:22.77779712,12,4229,194,63
39.930467,-0.315699,2026-10-01 14:46:22.77759488,12,5474,270,50
39.948467,-0.28847,2026-10-01 14:46:22.77768960,12,7853,153,32
40.5178,0.72914,2026-10-01 14:46:23.960122112,12,6878,230,44
27.115618,5.641617,2026-10-01 14:46:24.52240640,12,8879,265,71
39.705438,-2.707056,2026-10-01 14:46:28.471516160,12,8471,186,29
36.160818,-38.226297,2026-10-01 14:46:30.389571584,12,13014,211,219
37.560775,-2.540246,2026-10-01 14:46:31.906824960,12,7195,224,184
40.52719,0.75534,2026-10-01 14:46:32.184328192,12,6680,155,167
40.487097,0.769583,2026-10-01 14:46:32.292152832,12,2438,229,77
36.104434,29.88551,2026-10-01 14:46:32.751400448,12,14895,270,51
39.839863,-0.387393,2026-10-01 14:46:34.66008576,12,6437,220,23
39.915958,-0.343414,2026-10-01 14:46:34.66030848,12,9080,256,17
34.516764,28.22923,2026-10-01 14:46:35.196396800,12,6994,211,27
40.641534,0.763281,2026-10-01 14:46:36.215898624,12,12658,197,49
9.979128,1.477448,2026-10-01 14:46:38.605440768,12,9983,219,40
40.536958,0.711079,2026-10-01 14:46:39.910659584,12,5407,181,39
40.571871,0.691793,2026-10-01 14:46:39.922994176,12,9871,213,20
40.46828,0.709105,2026-10-01 14:46:41.829481216,12,13049,187,41
40.524697,0.745367,2026-10-01 14:46:41.829504512,12,7097,261,52
40.546079,0.759027,2026-10-01 14:46:41.829509120,12,6737,249,35
40.532511,0.763472,2026-10-01 14:46:42.25099520,12,10687,182,71
40.516618,0.732803,2026-10-01 14:46:42.25143808,12,8829,262,44
40.529226,0.762973,2026-10-01 14:46:42.93107200,12,7937,220,231
40.527001,0.744783,2026-10-01 14:46:42.93107968,12,9369,155,209
40.447792,0.784238,2026-10-01 14:46:43.570410240,12,12853,232,51
40.50166,0.760237,2026-10-01 14:46:43.570430976,12,13670,226,38
40.544913,0.799201,2026-10-01 14:46:43.705638656,12,7031,220,32
40.467884,0.748705,2026-10-01 14:46:43.705675264,12,11630,214,34
40.524888,0.731404,2026-10-01 14:46:43.705680640,12,14533,256,20
40.539063,0.818869,2026-10-01 14:46:48.918294784,12,11679,177,48
35.839422,5.898203,2026-10-01 14:46:49.193814784,12,9442,253,74
35.816436,5.899719,2026-10-01 14:46:49.193799168,12,7831,209,89
40.521848,0.752027,2026-10-01 14:46:50.897600768,12,11344,182,117
40.531088,0.744506,2026-10-01 14:46:50.897611520,12,6412,194,95
40.511073,0.753771,2026-10-01 14:46:50.942405888,12,6329,221,66
35.991599,30.124129,2026-10-01 14:46:55.927644416,12,5355,270,83
40.553471,0.794035,2026-10-01 14:46:56.884434176,12,11247,199,34
39.502243,-2.153557,2026-10-01 14:47:02.288652032,12,14627,190,63
39.547251,-2.114759,2026-10-01 14:47:02.288680960,12,10669,154,28
35.246282,7.409747,2026-10-01 14:47:03.505728256,12,10016,264,407
35.096007,8.704046,2026-10-01 14:47:04.766898176,12,7835,252,140
35.069068,8.694439,2026-10-01 14:47:04.766889472,12,12079,233,179
40.53281,0.80314,2026-10-01 14:47:05.112658688,12,10072,220,81
40.546886,0.733851,2026-10-01 14:47:06.518350336,12,5837,199,48
40.547845,0.721885,2026-10-01 14:47:06.518352896,12,7572,209,33
40.48672,0.842505,2026-10-01 14:47:06.908305664,12,14713,217,45
40.516513,0.697432,2026-10-01 14:47:14.605144320,12,4867,199,107
40.523691,0.723456,2026-10-01 14:47:14.605145344,12,5797,261,105
42.217913,0.787982,2026-10-01 16:20:00.46921728,1,12519,184,24
42.158448,0.757377,2026-10-01 16:20:00.46940672,1,11018,256,37
42.344772,0.806848,2026-10-01 16:20:00.47006720,1,12132,150,24
42.211978,0.82834,2026-10-01 16:20:00.82962432,1,7166,157,43
42.237435,0.825597,2026-10-01 16:20:00.82978560,1,6763,176,140
42.26679,0.994279,2026-10-01 16:20:00.83015680,1,9897,242,127
42.096222,0.954831,2026-10-01 16:20:00.82989568,1,14670,173,109
42.19189,0.871738,2026-10-01 16:20:00.83010304,1,13962,179,94
42.143958,0.868911,2026-10-01 16:20:00.82984448,1,8604,254,81
42.137425,0.839975,2026-10-01 16:20:00.82985216,1,6800,254,66
42.183252,0.797356,2026-10-01 16:20:00.83002112,1,8729,244,53
42.214192,0.814779,2026-10-01 16:20:00.83015168,1,9085,238,37
42.204814,0.841341,2026-10-01 16:20:00.363654400,1,6187,91,48
42.170459,0.822541,2026-10-01 16:20:00.363664640,1,14520,182,35
42.093211,0.670822,2026-10-01 16:20:00.363672064,1,12487,255,22
40.186078,-2.261641,2026-10-01 16:20:01.68231936,1,8260,156,26
40.138611,0.514369,2026-10-01 16:20:01.557172736,1,3305,237,19
40.162075,0.497987,2026-10-01 16:20:01.557181184,1,8657,182,86
40.176275,0.491916,2026-10-01 16:20:01.557190912,1,5160,199,68
40.113065,0.452675,2026-10-01 16:20:01.557202432,1,7166,267,54
40.136625,0.457825,2026-10-01 16:20:01.557208832,1,8178,248,41
40.155303,0.52971,2026-10-01 16:20:01.632595200,1,3153,228,149
40.214512,0.506278,2026-10-01 16:20:01.632613632,1,4254,225,131
40.170891,0.52655,2026-10-01 16:20:01.632603392,1,5188,182,118
36.837997,27.642746,2026-10-01 16:20:10.85010688,1,14657,214,47
36.819916,27.629712,2026-10-01 16:20:10.154774784,1,10224,214,35
39.386952,-0.827357,2026-10-01 16:20:12.725418752,1,9563,198,103
39.402852,-0.819876,2026-10-01 16:20:12.725424896,1,7321,193,81
39.406035,-0.863823,2026-10-01 16:20:12.725462528,1,7047,265,39
39.39741,-0.817852,2026-10-01 16:20:12.808733696,1,6843,250,31
10.372029,14.163572,2026-10-01 16:20:20.173793024,1,10380,195,24
39.732659,-2.754888,2026-10-01 16:20:20.600184064,1,8967,208,33
34.766269,9.857695,2026-10-01 16:20:21.373722368,1,7795,255,46
35.00792,9.919806,2026-10-01 16:20:21.373821440,1,11041,244,59
34.881204,9.781312,2026-10-01 16:20:21.373776896,1,8782,232,46
35.49052,5.758455,2026-10-01 16:20:21.543586816,1,2614,239,37
35.492863,30.030229,2026-10-01 16:20:28.898110464,1,11542,164,127
36.144196,-38.055405,2026-10-01 16:20:36.77093632,1,9476,184,35
42.156357,0.81984,2026-10-01 16:20:45.493798400,1,12979,93,36
42.134671,0.755591,2026-10-01 16:20:45.493825280,1,7374,156,61
42.134639,0.778481,2026-10-01 16:20:45.493838848,1,4483,240,45
42.136677,0.774952,2026-10-01 16:20:45.493837312,1,4357,263,31
37.327753,-2.668887,2026-10-01 16:20:48.49776384,1,9706,185,61
37.608934,40.48374,2026-10-01 16:20:48.532219904,1,7538,262,30
15.512966,-9.535591,2026-10-01 16:20:58.859340288,1,8923,212,21
15.668826,142.153006,2026-10-01 16:20:23.145780224,2,9571,265,51
15.83742,142.477931,2026-10-01 16:20:31.956740352,2,4411,169,14
23.651285,117.635476,2026-10-01 16:20:51.7615232,2,12856,240,24
24.178624,-79.343607,2026-10-01 16:20:00.229666304,3,14528,242,40
38.285434,-101.015556,2026-10-01 16:20:01.454837760,3,14287,120,29
38.227293,-101.06835,2026-10-01 16:20:01.991644160,3,12877,87,83
38.276722,-101.156251,2026-10-01 16:20:01.991664384,3,8983,242,80
26.019993,-57.211038,2026-10-01 16:20:09.242678272,3,9331,244,24
30.276234,-98.130422,2026-10-01 16:20:09.359318784,3,12489,160,28
30.42146,-98.225438,2026-10-01 16:20:09.359353088,3,8708,220,15
29.242632,-96.04937,2026-10-01 16:20:12.830891776,3,10573,241,71
29.275047,-96.032552,2026-10-01 16:20:12.830945280,3,8064,226,54
29.309804,-96.039519,2026-10-01 16:20:12.830950144,3,3995,223,42
29.365041,-96.0295,2026-10-01 16:20:12.830972928,3,10510,265,27
24.176435,-58.16281,2026-10-01 16:20:13.372573184,3,9807,250,36
25.764001,-56.79677,2026-10-01 16:20:17.777546496,3,5520,245,33
32.168978,-96.899102,2026-10-01 16:20:20.605938944,3,8642,146,54
32.19765,-96.921211,2026-10-01 16:20:20.605970432,3,5986,164,40
32.316082,-96.839917,2026-10-01 16:20:20.606019840,3,5317,270,25
32.155131,-96.906245,2026-10-01 16:20:20.665710080,3,9045,146,31
32.224849,-96.883486,2026-10-01 16:20:20.665762560,3,5647,208,36
32.25643,-96.867998,2026-10-01 16:20:20.665775360,3,6257,211,20
32.174101,-96.890695,2026-10-01 16:20:20.771486208,3,10908,145,17
32.264037,-96.857618,2026-10-01 16:20:20.771543552,3,4142,237,35
32.323709,-96.83642,2026-10-01 16:20:20.771563264,3,3673,270,21
31.820554,-97.072824,2026-10-01 16:20:21.679869440,3,14569,153,24
26.513733,-83.898131,2026-10-01 16:20:24.390945024,3,6606,194,25
26.413796,-83.96994,2026-10-01 16:20:24.483143424,3,11103,253,15
37.374386,-101.755042,2026-10-01 16:20:27.664264960,3,14612,103,46
37.417546,-101.750418,2026-10-01 16:20:27.664311808,3,13628,114,30
32.150023,-97.001446,2026-10-01 16:20:29.32534784,3,6235,186,14
36.241574,-37.94834,2026-10-01 16:20:36.77083648,3,9123,208,22
26.066537,-54.307624,2026-10-01 16:20:36.395578880,3,5707,248,20
32.301214,-96.8886,2026-10-01 16:20:37.269119488,3,11691,146,35
32.410087,-96.847101,2026-10-01 16:20:37.269178368,3,8581,260,21
32.303066,-96.921178,2026-10-01 16:20:37.366999552,3,11271,147,44
32.387146,-96.881088,2026-10-01 16:20:37.367054848,3,8724,234,29
32.370067,-96.893111,2026-10-01 16:20:37.520355840,3,4212,229,38
32.39322,-96.887037,2026-10-01 16:20:37.520361472,3,4429,218,24
32.30651,-96.896574,2026-10-01 16:20:37.797601536,3,13994,109,58
32.371285,-96.893865,2026-10-01 16:20:37.797656576,3,2801,234,41
32.506836,-96.823361,2026-10-01 16:20:37.797708288,3,3176,250,29
22.147691,-86.782707,2026-10-01 16:20:44.482828800,3,10403,256,26
22.324287,-86.866951,2026-10-01 16:20:44.812951552,3,9494,254,43
31.531491,-96.869628,2026-10-01 16:20:52.339281152,3,11998,241,31
35.81606,-38.681927,2026-10-01 16:21:01.497413632,3,7738,193,59
33.452914,-33.588256,2026-10-01 16:21:01.618308864,3,11855,191,26
15.668826,142.153006,2026-10-01 16:20:23.145780224,4,9571,265,52
36.32694,28.25874,2026-10-01 16:20:35.201487616,4,11074,270,28
36.277105,29.22453,2026-10-01 16:20:43.472128512,4,14242,266,25
23.651285,117.635476,2026-10-01 16:20:51.7615232,4,12856,240,24
24.092812,-79.446036,2026-10-01 16:20:00.229611264,7,9836,262,16
14.779994,-94.427926,2026-10-01 16:20:07.39606784,7,9206,268,10
29.348308,-98.852578,2026-10-01 16:20:07.315612160,7,9353,240,20
29.193403,-96.066977,2026-10-01 16:20:12.830922240,7,11322,193,21
26.58127,-83.841025,2026-10-01 16:20:24.390959616,7,12931,234,12
22.324291,-86.866946,2026-10-01 16:20:44.812951552,7,9494,254,17
24.304035,-56.011834,2026-10-01 16:20:49.548490752,7,4760,244,21
26.618102,-79.563373,2026-10-01 16:20:50.311448576,7,13050,225,11
16.185649,-8.799406,2026-10-01 16:20:03.265169664,5,4629,214,33
10.995753,-1.029108,2026-10-01 16:20:05.846139136,5,7700,222,14
28.12962,124.69458,2026-10-01 16:20:05.139546624,9,9942,220,20
15.704769,142.064674,2026-10-01 16:20:23.145804288,9,5500,265,51
15.9638,154.163489,2026-10-01 16:20:44.169714688,9,4450,242,13
24.195242,-79.354205,2026-10-01 16:20:00.229667072,13,9254,242,40
38.268459,-101.020433,2026-10-01 16:20:01.454839296,13,11577,120,29
38.227299,-101.068399,2026-10-01 16:20:01.991644160,13,12878,87,83
29.705789,-98.820268,2026-10-01 16:20:07.315674112,13,7857,220,88
29.718236,-98.819052,2026-10-01 16:20:07.315684096,13,11353,193,78
32.634559,-96.85257,2026-10-01 16:20:08.160734976,13,14400,176,59
30.276232,-98.130426,2026-10-01 16:20:09.359318784,13,12488,160,24
29.28752,-96.061386,2026-10-01 16:20:12.830902528,13,14439,211,57
32.17551,-96.90639,2026-10-01 16:20:20.605937664,13,5875,146,54
32.234092,-96.870952,2026-10-01 16:20:20.605984768,13,7855,184,41
32.155133,-96.906239,2026-10-01 16:20:20.665710592,13,9046,146,49
32.224839,-96.883493,2026-10-01 16:20:20.665762560,13,5648,208,36
32.10598,-96.857057,2026-10-01 16:20:20.771504896,13,5893,104,31
32.255613,-96.856262,2026-10-01 16:20:20.771541248,13,6967,237,35
26.638273,-83.97422,2026-10-01 16:20:24.391001600,13,10050,259,21
26.406496,-83.969134,2026-10-01 16:20:24.483143936,13,11107,253,15
37.371761,-101.749677,2026-10-01 16:20:27.664265984,13,11586,103,46
37.417784,-101.753107,2026-10-01 16:20:27.664312320,13,13628,114,32
23.668701,-68.37371,2026-10-01 16:20:32.924838656,13,7557,265,59
36.241574,-37.94834,2026-10-01 16:20:36.77083648,13,9124,208,26
32.301213,-96.888609,2026-10-01 16:20:37.269119488,13,11689,146,35
32.398005,-96.846937,2026-10-01 16:20:37.269177856,13,5677,260,21
32.303063,-96.921179,2026-10-01 16:20:37.366999552,13,11270,147,44
32.504573,-96.780703,2026-10-01 16:20:37.367106304,13,5465,243,28
32.370066,-96.893107,2026-10-01 16:20:37.520355840,13,4213,229,38
32.306519,-96.896573,2026-10-01 16:20:37.797601536,13,13993,109,57
32.371265,-96.893883,2026-10-01 16:20:37.797656576,13,2800,234,40
22.143992,-86.799394,2026-10-01 16:20:44.482823168,13,5257,256,26
22.324271,-86.866957,2026-10-01 16:20:44.812951552,13,9493,254,47
31.918478,-96.846872,2026-10-01 16:20:52.339376128,13,12452,214,30
28.613954,-73.142984,2026-10-01 16:21:04.718820608,13,3304,246,34
28.343767,-73.065965,2026-10-01 16:21:04.923515648,13,12039,243,58
26.610351,-81.871215,2026-10-01 16:21:12.234346496,13,5567,260,24
32.871605,-96.734514,2026-10-01 16:21:14.290409216,13,12687,231,17
42.211975,0.828341,2026-10-01 16:20:00.82962432,11,7167,157,150
42.224263,0.838075,2026-10-01 16:20:00.82973696,11,8436,176,140
42.226265,0.826849,2026-10-01 16:20:00.82973696,11,8493,180,125
42.151163,0.923505,2026-10-01 16:20:00.83004416,11,14623,151,88
42.212061,0.848521,2026-10-01 16:20:00.363654400,11,9834,98,46
42.170382,0.822558,2026-10-01 16:20:00.363664640,11,14520,182,33
40.186041,-2.261656,2026-10-01 16:20:01.68231936,11,8260,156,25
40.137882,0.4611,2026-10-01 16:20:01.557168640,11,6664,267,75
40.158777,0.524479,2026-10-01 16:20:01.632591872,11,5991,228,164
40.172943,0.515063,2026-10-01 16:20:01.632600320,11,8553,160,143
39.587044,-0.822716,2026-10-01 16:20:04.263194368,11,12995,229,23
42.267497,0.824425,2026-10-01 16:20:08.447496448,11,9792,180,63
42.201499,0.804438,2026-10-01 16:20:08.447499264,11,12954,183,54
42.267759,0.854606,2026-10-01 16:20:08.447567872,11,13655,170,41
36.682384,27.916809,2026-10-01 16:20:10.84960256,11,9463,261,29
36.819919,27.629703,2026-10-01 16:20:10.154774784,11,10224,214,33
39.386957,-0.827355,2026-10-01 16:20:12.725418752,11,9564,198,105
39.402541,-0.820371,2026-10-01 16:20:12.725425152,11,7324,193,82
39.408987,-0.827512,2026-10-01 16:20:13.181073408,11,9126,167,86
39.595812,-0.824676,2026-10-01 16:20:14.151963136,11,8381,178,27
36.140951,29.00303,2026-10-01 16:20:16.307870464,11,6703,146,151
36.168819,29.01326,2026-10-01 16:20:16.307876096,11,7653,264,173
42.210171,0.919302,2026-10-01 16:20:19.661911296,11,10082,88,72
42.181214,0.852841,2026-10-01 16:20:19.661933824,11,9125,189,58
42.241587,0.878384,2026-10-01 16:20:19.672782336,11,9214,163,54
42.256811,0.868146,2026-10-01 16:20:19.672791040,11,6591,176,68
42.234195,0.853761,2026-10-01 16:20:19.672796928,11,11194,150,52
42.109925,0.769497,2026-10-01 16:20:19.672759296,11,8121,258,39
42.297328,0.842768,2026-10-01 16:20:19.672829184,11,11285,136,26
39.732667,-2.754888,2026-10-01 16:20:20.600184064,11,8969,208,44
34.93815,9.966341,2026-10-01 16:20:21.373787648,11,12346,253,57
34.715388,9.792982,2026-10-01 16:20:21.373720576,11,8848,263,56
42.283859,0.764698,2026-10-01 16:20:25.824252672,11,11289,161,39
40.407964,-1.613028,2026-10-01 16:20:26.748204544,11,5301,173,186
40.394301,-1.614934,2026-10-01 16:20:26.748208640,11,5171,176,173
40.390475,-1.617114,2026-10-01 16:20:26.748202496,11,5004,270,160
35.4854,30.029057,2026-10-01 16:20:28.898099200,11,9636,254,132
33.255846,-3.735949,2026-10-01 16:20:29.848276736,11,2858,264,36
40.157415,0.514914,2026-10-01 16:20:34.263922688,11,11143,189,158
40.183205,0.540025,2026-10-01 16:20:34.263936768,11,5987,270,273
35.585544,29.775117,2026-10-01 16:20:35.866515200,11,4406,252,204
42.235963,0.817406,2026-10-01 16:20:38.248171520,11,7789,188,32
35.91585,29.433227,2026-10-01 16:20:43.285860608,11,9050,263,209
35.928683,29.46759,2026-10-01 16:20:43.285868544,11,5936,268,191
42.122374,0.766464,2026-10-01 16:20:45.493826304,11,7991,190,58
42.148842,0.751994,2026-10-01 16:20:45.493830144,11,5619,155,56
42.133287,0.775549,2026-10-01 16:20:45.493838080,11,4484,240,44
42.136538,0.774901,2026-10-01 16:20:45.493839360,11,4358,263,29
37.32775,-2.668886,2026-10-01 16:20:48.49776384,11,9707,185,62
37.60891,40.483794,2026-10-01 16:20:48.532219648,11,7537,262,30
35.98622,29.578155,2026-10-01 16:20:54.675038464,11,14564,263,81
36.836603,27.64566,2026-10-01 16:20:55.987990784,11,14095,214,51
35.817557,-38.697566,2026-10-01 16:21:01.497409024,11,9879,216,214
36.225766,29.040338,2026-10-01 16:21:04.951236352,11,4646,259,116
35.816288,29.298163,2026-10-01 16:21:04.951130880,11,11609,268,102
36.204287,-38.06317,2026-10-01 16:21:08.377430272,11,6173,217,265
39.615064,-0.786409,2026-10-01 16:21:09.185621248,11,6871,189,27
40.3077,0.780629,2026-10-01 16:21:11.438412032,11,11355,187,74
40.204691,0.716109,2026-10-01 16:21:11.438411008,11,9316,225,71
40.285339,0.765475,2026-10-01 16:21:11.438441728,11,8268,265,59
40.308288,0.765794,2026-10-01 16:21:11.438448640,11,10921,250,42
40.289344,0.771628,2026-10-01 16:21:11.438446336,11,11256,172,22
40.22875,0.885788,2026-10-01 16:21:11.463773696,11,10244,239,24
34.796095,9.849595,2026-10-01 16:21:13.787394304,11,7989,246,88
34.813294,9.828323,2026-10-01 16:21:13.787436544,11,6973,250,70
34.955617,9.853758,2026-10-01 16:21:13.787485184,11,5793,268,53
34.82912,9.839994,2026-10-01 16:21:13.787443456,11,4181,263,40
42.211975,0.828341,2026-10-01 16:20:00.82962432,12,7167,157,150
42.224263,0.838075,2026-10-01 16:20:00.82973696,12,8436,176,140
42.226265,0.826849,2026-10-01 16:20:00.82973696,12,8493,180,125
42.212061,0.848521,2026-10-01 16:20:00.363654400,12,9834,98,46
42.170382,0.822558,2026-10-01 16:20:00.363664640,12,14520,182,33
40.186041,-2.261656,2026-10-01 16:20:01.68231936,12,8260,156,25
40.137882,0.4611,2026-10-01 16:20:01.557168640,12,6664,267,75
40.158777,0.524479,2026-10-01 16:20:01.632591872,12,5991,228,164
40.172943,0.515063,2026-10-01 16:20:01.632600320,12,8553,160,143
39.587044,-0.822716,2026-10-01 16:20:04.263194368,12,12995,229,23
42.267497,0.824425,2026-10-01 16:20:08.447496448,12,9792,180,63
42.201499,0.804438,2026-10-01 16:20:08.447499264,12,12954,183,54
42.267759,0.854606,2026-10-01 16:20:08.447567872,12,13655,170,41
36.682384,27.916809,2026-10-01 16:20:10.84960256,12,9463,261,29
36.819919,27.629703,2026-10-01 16:20:10.154774784,12,10224,214,37
39.386957,-0.827355,2026-10-01 16:20:12.725418752,12,9564,198,105
39.402541,-0.820371,2026-10-01 16:20:12.725425152,12,7324,193,82
39.408987,-0.827512,2026-10-01 16:20:13.181073408,12,9126,167,86
39.595812,-0.824676,2026-10-01 16:20:14.151963136,12,8381,178,27
36.140951,29.00303,2026-10-01 16:20:16.307870464,12,6703,146,151
36.168819,29.01326,2026-10-01 16:20:16.307876096,12,7653,264,173
42.210171,0.919302,2026-10-01 16:20:19.661911296,12,10082,88,72
42.181214,0.852841,2026-10-01 16:20:19.661933824,12,9125,189,58
42.241587,0.878384,2026-10-01 16:20:19.672782336,12,9214,163,54
42.256811,0.868146,2026-10-01 16:20:19.672791040,12,6591,176,68
42.234195,0.853761,2026-10-01 16:20:19.672796928,12,11194,150,52
42.109925,0.769497,2026-10-01 16:20:19.672759296,12,8121,258,39
42.297328,0.842768,2026-10-01 16:20:19.672829184,12,11285,136,26
39.732667,-2.754888,2026-10-01 16:20:20.600184064,12,8969,208,44
34.93815,9.966341,2026-10-01 16:20:21.373787648,12,12346,253,57
34.715388,9.792982,2026-10-01 16:20:21.373720576,12,8848,263,56
42.283859,0.764698,2026-10-01 16:20:25.824252672,12,11289,161,39
40.407964,-1.613028,2026-10-01 16:20:26.748204544,12,5301,173,186
40.394301,-1.614934,2026-10-01 16:20:26.748208640,12,5171,176,173
40.390475,-1.617114,2026-10-01 16:20:26.748202496,12,5004,270,160
35.4854,30.029057,2026-10-01 16:20:28.898099200,12,9636,254,132
33.255846,-3.735949,2026-10-01 16:20:29.848276736,12,2858,264,36
40.157415,0.514914,2026-10-01 16:20:34.263922688,12,11143,189,158
40.183205,0.540025,2026-10-01 16:20:34.263936768,12,5987,270,273
35.585544,29.775117,2026-10-01 16:20:35.866515200,12,4406,252,204
42.235963,0.817406,2026-10-01 16:20:38.248171520,12,7789,188,32
35.91585,29.433227,2026-10-01 16:20:43.285860608,12,9050,263,209
35.928683,29.46759,2026-10-01 16:20:43.285868544,12,5936,268,191
42.122374,0.766464,2026-10-01 16:20:45.493826304,12,7991,190,60
42.148842,0.751994,2026-10-01 16:20:45.493830144,12,5619,155,56
42.133287,0.775549,2026-10-01 16:20:45.493838080,12,4484,240,44
42.136538,0.774901,2026-10-01 16:20:45.493839360,12,4358,263,29
37.32775,-2.668886,2026-10-01 16:20:48.49776384,12,9707,185,61
37.60891,40.483794,2026-10-01 16:20:48.532219648,12,7537,262,28
35.98622,29.578155,2026-10-01 16:20:54.675038464,12,14564,263,81
36.836603,27.64566,2026-10-01 16:20:55.987990784,12,14095,214,50
35.817557,-38.697566,2026-10-01 16:21:01.497409024,12,9879,216,219
36.225766,29.040338,2026-10-01 16:21:04.951236352,12,4646,259,116
35.816288,29.298163,2026-10-01 16:21:04.951130880,12,11609,268,102
36.204287,-38.06317,2026-10-01 16:21:08.377430272,12,6173,217,265
39.621874,-0.799116,2026-10-01 16:21:09.185615872,12,8787,189,23
40.3077,0.780629,2026-10-01 16:21:11.438412032,12,11355,187,74
40.204691,0.716109,2026-10-01 16:21:11.438411008,12,9316,225,71
40.285339,0.765475,2026-10-01 16:21:11.438441728,12,8268,265,59
40.308288,0.765794,2026-10-01 16:21:11.438448640,12,10921,250,42
40.289344,0.771628,2026-10-01 16:21:11.438446336,12,11256,172,22
40.22875,0.885788,2026-10-01 16:21:11.463773696,12,10244,239,24
34.796095,9.849595,2026-10-01 16:21:13.787394304,12,7989,246,88
34.813294,9.828323,2026-10-01 16:21:13.787436544,12,6973,250,70
34.955617,9.853758,2026-10-01 16:21:13.787485184,12,5793,268,53
34.82912,9.839994,2026-10-01 16:21:13.787443456,12,4181,263,40
38.81373,-0.066767,2026-10-01 19:50:05.765751808,1,8094,261,30
35.817748,32.333939,2026-10-01 19:50:07.431991808,1,11700,262,57
11.467882,-4.058001,2026-10-01 19:50:15.32450304,1,8060,240,31
39.623356,-2.38043,2026-10-01 19:50:15.579194112,1,12657,174,58
39.68597,-2.346933,2026-10-01 19:50:15.579208960,1,10220,153,35
39.65745,-2.397893,2026-10-01 19:50:15.949871616,1,11451,196,98
37.449933,-99.030526,2026-10-01 19:50:33.57676288,1,14276,185,26
39.163226,-0.34293,2026-10-01 19:50:33.510361088,1,7111,207,253
39.187839,-0.343739,2026-10-01 19:50:33.510371840,1,5446,197,233
35.804982,27.621984,2026-10-01 19:50:40.657085184,1,10151,263,28
19.830092,3.222879,2026-10-01 19:50:41.133437184,1,6916,197,29
35.717543,27.826597,2026-10-01 19:50:41.150187776,1,4005,262,297
35.712681,27.882847,2026-10-01 19:50:41.150185216,1,13753,264,289
35.18477,25.059562,2026-10-01 19:50:49.126350336,1,13446,268,353
35.200732,25.074918,2026-10-01 19:50:49.126364416,1,4853,268,342
33.057067,-5.33835,2026-10-01 19:50:57.610758912,1,13717,239,44
39.004102,-2.111726,2026-10-01 19:51:13.216872960,1,13780,253,42
39.204845,-1.901863,2026-10-01 19:51:13.216956160,1,8947,170,29
35.319388,27.825579,2026-10-01 19:51:14.707133184,1,9528,248,124
27.897984,-99.735383,2026-10-01 19:51:22.309137152,1,7026,209,24
39.20267,-0.439369,2026-10-01 19:51:30.507791616,1,10278,185,29
28.322504,-98.419518,2026-10-01 19:51:30.630189056,1,8535,203,22
39.231701,-0.392309,2026-10-01 19:51:31.158731520,1,10525,183,19
39.133116,-2.048479,2026-10-01 19:51:32.951563520,1,10165,153,24
39.136032,-2.047698,2026-10-01 19:51:32.951564800,1,10126,267,13
27.634192,-97.934399,2026-10-01 19:51:33.289273856,1,8738,207,26
34.013147,-2.708985,2026-10-01 19:51:33.601241600,1,5285,215,25
34.841178,-2.397027,2026-10-01 19:51:53.780249344,1,4782,231,21
34.80728,-2.343471,2026-10-01 19:51:53.979804416,1,11298,209,21
35.303976,30.839402,2026-10-01 19:51:55.572715520,1,9215,260,140
22.943946,-102.413808,2026-10-01 19:52:03.920975872,1,12618,248,28
40.92737,0.764247,2026-10-01 19:52:11.874802176,1,8452,197,397
40.88265,0.783441,2026-10-01 19:52:11.874802432,1,12010,149,380
40.946606,0.755235,2026-10-01 19:52:11.874820096,1,11155,194,364
35.396004,31.073724,2026-10-01 19:52:19.170510848,1,9596,260,256
27.650211,-97.919844,2026-10-01 19:52:26.461317120,1,7933,207,19
27.64708,-97.915143,2026-10-01 19:52:26.750757376,1,6110,207,22
35.351965,31.166841,2026-10-01 19:52:26.948631808,1,9439,175,47
28.319318,-98.368113,2026-10-01 19:52:49.735744768,1,14797,217,24
28.284906,-98.430058,2026-10-01 19:52:49.777074944,1,5171,240,22
39.753124,-2.456406,2026-10-01 19:52:51.284110592,1,11097,176,119
39.683357,-2.438412,2026-10-01 19:52:51.284151296,1,12060,173,105
39.742139,-2.48015,2026-10-01 19:52:51.284171520,1,5133,178,51
39.64686,-2.555564,2026-10-01 19:52:51.284130048,1,13708,263,38
39.661769,-2.556778,2026-10-01 19:52:51.284136448,1,10928,263,24
40.675216,0.534246,2026-10-01 19:52:51.419673088,1,7863,208,21
40.652219,0.536744,2026-10-01 19:52:51.419674624,1,7668,163,456
40.664313,0.546833,2026-10-01 19:52:51.419680768,1,4845,152,436
40.680572,0.537979,2026-10-01 19:52:51.419684352,1,5079,198,421
40.817377,0.594763,2026-10-01 19:52:59.396609280,1,14611,190,32
40.884114,0.664431,2026-10-01 19:52:59.402801152,1,11567,171,27
40.963371,0.718934,2026-10-01 19:52:59.411285504,1,8707,202,63
40.914928,0.731508,2026-10-01 19:52:59.411274240,1,9471,195,116
40.917249,0.758513,2026-10-01 19:52:59.411333888,1,5446,189,103
40.879248,0.674884,2026-10-01 19:52:59.411312384,1,2632,268,89
40.907509,0.707589,2026-10-01 19:52:59.411321856,1,7669,260,75
40.891538,0.706085,2026-10-01 19:52:59.411319296,1,4041,255,56
40.921069,0.759004,2026-10-01 19:52:59.420530176,1,12501,200,50
40.943608,0.837141,2026-10-01 19:52:59.420656128,1,14953,161,37
40.856133,0.668242,2026-10-01 19:52:59.420584448,1,9019,246,24
40.934284,0.759441,2026-10-01 19:52:59.442393088,1,13757,170,34
40.890249,0.730059,2026-10-01 19:52:59.442371840,1,11406,242,20
26.207303,123.482656,2026-10-01 19:50:19.645294080,2,4173,246,24
-27.226262,119.338088,2026-10-01 19:50:57.591534080,2,8721,266,15
16.66374,141.116878,2026-10-01 19:51:32.311912448,2,8122,259,38
16.627187,141.155267,2026-10-01 19:51:32.311901696,2,6319,168,23
-27.483715,119.971397,2026-10-01 19:51:59.996773888,2,11407,252,18
22.9732,113.770519,2026-10-01 19:52:38.393773312,2,14258,263,29
29.380776,-97.206484,2026-10-01 19:50:02.848499200,3,7989,214,65
29.367739,-97.202286,2026-10-01 19:50:02.848535296,3,12005,189,52
29.59581,-97.131784,2026-10-01 19:50:02.848616192,3,5244,266,31
29.392844,-97.216258,2026-10-01 19:50:02.877190144,3,5855,208,25
29.293398,-97.242832,2026-10-01 19:50:02.953720320,3,11470,266,58
29.373615,-97.230665,2026-10-01 19:50:02.953783552,3,14454,173,45
29.644488,-97.09492,2026-10-01 19:50:02.953884672,3,5763,266,29
29.426096,-97.182515,2026-10-01 19:50:03.15105024,3,6059,263,25
30.876738,-96.127492,2026-10-01 19:50:03.483096576,3,4921,140,21
32.23188,-95.488671,2026-10-01 19:50:03.736731392,3,10076,148,63
32.275877,-95.457674,2026-10-01 19:50:03.736784896,3,6362,206,49
32.272718,-95.490168,2026-10-01 19:50:03.736773376,3,4668,153,35
27.28691,-98.120246,2026-10-01 19:50:09.385667328,3,5756,240,51
27.276537,-98.138539,2026-10-01 19:50:09.385667840,3,8960,231,33
20.875277,-76.587335,2026-10-01 19:50:09.394104832,3,5312,262,58
27.244699,-98.125924,2026-10-01 19:50:09.551362560,3,6680,229,58
37.32449,-99.924215,2026-10-01 19:50:13.254580224,3,12480,163,34
37.411595,-99.839587,2026-10-01 19:50:13.254621952,3,10967,204,23
30.405796,-96.377063,2026-10-01 19:50:14.339548928,3,7513,222,23
30.262116,-96.74173,2026-10-01 19:50:15.461353984,3,10459,173,59
30.329749,-96.724799,2026-10-01 19:50:15.461404416,3,10279,188,46
30.332907,-96.738604,2026-10-01 19:50:15.461401600,3,14375,247,31
30.398602,-96.716428,2026-10-01 19:50:15.834248192,3,4778,254,24
30.221598,-96.822738,2026-10-01 19:50:15.871434752,3,9553,168,21
28.270958,-98.431883,2026-10-01 19:50:16.8719360,3,11626,183,63
28.302582,-98.418389,2026-10-01 19:50:16.8769280,3,10943,211,48
28.324304,-98.456199,2026-10-01 19:50:16.128751616,3,6953,215,24
28.218656,-98.56621,2026-10-01 19:50:16.367110656,3,14685,268,23
31.475237,-95.81657,2026-10-01 19:50:17.749520896,3,10115,95,38
31.56265,-95.804378,2026-10-01 19:50:17.749583360,3,7366,239,24
32.306593,-95.410382,2026-10-01 19:50:17.826008832,3,11987,102,70
32.507876,-95.271674,2026-10-01 19:50:17.826088192,3,14991,219,60
32.464014,-95.302346,2026-10-01 19:50:17.826082816,3,12783,166,53
31.454327,-95.953806,2026-10-01 19:50:17.943413248,3,8490,180,30
31.493066,-95.881071,2026-10-01 19:50:17.943440128,3,4941,264,22
26.885081,-78.551938,2026-10-01 19:50:21.151833600,3,5406,224,33
23.939784,-102.73966,2026-10-01 19:50:22.96625408,3,7761,269,36
28.499365,-97.503648,2026-10-01 19:50:22.167276800,3,4319,235,31
28.9774,-98.259627,2026-10-01 19:50:22.300811008,3,13517,177,53
29.025774,-98.237264,2026-10-01 19:50:22.300859648,3,10182,226,45
32.538623,-95.6432,2026-10-01 19:50:22.594103552,3,4822,133,24
32.531062,-95.635811,2026-10-01 19:50:22.682799616,3,6495,133,22
32.625933,-95.516108,2026-10-01 19:50:22.798189312,3,6258,225,33
32.622703,-95.526397,2026-10-01 19:50:22.798183168,3,4092,232,20
37.820822,-98.634861,2026-10-01 19:50:22.809373696,3,13591,81,18
37.895887,-98.596152,2026-10-01 19:50:22.809402880,3,12990,145,65
28.367068,-97.574582,2026-10-01 19:50:31.65841920,3,11193,216,37
28.413541,-97.587192,2026-10-01 19:50:31.65845248,3,7815,235,24
28.35618,-97.561465,2026-10-01 19:50:31.103372544,3,14678,185,37
28.374808,-97.556678,2026-10-01 19:50:31.103372288,3,13793,247,21
28.251502,-97.737381,2026-10-01 19:50:31.126154240,3,12844,262,25
28.269531,-97.670808,2026-10-01 19:50:31.167008512,3,7588,264,26
28.30632,-97.637512,2026-10-01 19:50:31.361629696,3,8957,264,16
31.902332,-95.526913,2026-10-01 19:50:32.333457920,3,9295,119,32
37.397363,-99.149885,2026-10-01 19:50:33.57635840,3,4562,182,71
37.401595,-99.217918,2026-10-01 19:50:33.57624064,3,8801,235,59
37.429309,-99.061122,2026-10-01 19:50:33.57669376,3,10790,145,44
37.399025,-99.133586,2026-10-01 19:50:33.87176704,3,8274,106,19
37.415523,-99.16811,2026-10-01 19:50:33.87212544,3,4233,182,34
37.398459,-99.127555,2026-10-01 19:50:33.125025792,3,8740,106,49
37.427414,-99.173746,2026-10-01 19:50:33.125055744,3,10594,248,34
28.467163,-98.440668,2026-10-01 19:50:42.990328576,3,7932,139,69
28.539615,-98.400862,2026-10-01 19:50:43.565281536,3,14486,230,74
20.556646,-75.763626,2026-10-01 19:50:51.438726144,3,4124,265,56
27.749348,-97.895689,2026-10-01 19:50:52.519056640,3,9402,207,39
27.702416,-97.936284,2026-10-01 19:50:52.519044608,3,12081,268,26
37.732392,-98.32652,2026-10-01 19:50:53.169011712,3,8748,94,22
37.73538,-98.394714,2026-10-01 19:50:53.169008384,3,6296,189,68
37.754827,-98.283866,2026-10-01 19:50:53.169043968,3,11882,143,55
37.790364,-98.334422,2026-10-01 19:50:53.169060608,3,7892,168,41
37.724185,-98.315551,2026-10-01 19:50:53.210683648,3,7390,102,64
37.797385,-98.504827,2026-10-01 19:50:53.210686976,3,14232,218,49
37.785981,-98.336565,2026-10-01 19:50:53.210732800,3,5951,169,34
28.061237,-73.622486,2026-10-01 19:50:53.775185920,3,4416,254,90
28.610653,-97.590762,2026-10-01 19:51:01.197590528,3,11352,199,22
27.554799,-98.063646,2026-10-01 19:51:02.41748992,3,13927,269,31
31.88269,-95.594519,2026-10-01 19:51:02.564772096,3,11326,159,24
31.96753,-95.477942,2026-10-01 19:51:02.623366400,3,4212,213,40
31.98686,-95.484393,2026-10-01 19:51:02.623372800,3,8085,210,32
31.994645,-95.481244,2026-10-01 19:51:02.773284864,3,4424,234,69
31.899962,-95.403416,2026-10-01 19:51:02.773287936,3,7925,211,56
31.992765,-95.476262,2026-10-01 19:51:02.773319168,3,6922,198,43
32.056654,-95.48506,2026-10-01 19:51:02.773337856,3,6383,237,28
31.908907,-95.531258,2026-10-01 19:51:02.914778368,3,11013,192,22
31.907977,-95.531229,2026-10-01 19:51:02.951227392,3,10064,192,21
27.546848,-97.970479,2026-10-01 19:51:03.3321600,3,7152,266,48
27.528338,-97.983948,2026-10-01 19:51:03.3317248,3,3304,233,36
31.924755,-95.590557,2026-10-01 19:51:03.12707328,3,9234,222,38
32.042738,-95.430882,2026-10-01 19:51:03.12768512,3,5528,262,25
27.438331,-98.002057,2026-10-01 19:51:03.55863808,3,8139,209,41
27.508911,-97.984697,2026-10-01 19:51:03.55881472,3,4151,267,25
31.896311,-95.589209,2026-10-01 19:51:03.177817600,3,6508,222,25
27.647897,-97.863899,2026-10-01 19:51:03.205051904,3,11714,263,23
31.911862,-95.579541,2026-10-01 19:51:03.288387584,3,8963,222,23
30.29732,-96.721789,2026-10-01 19:51:08.128446720,3,12741,204,26
19.219092,-99.720462,2026-10-01 19:51:08.204503040,3,11254,250,23
30.489442,-96.6243,2026-10-01 19:51:08.468186880,3,10272,246,27
28.537411,-98.289925,2026-10-01 19:51:09.705150976,3,14393,259,23
28.275776,-98.414462,2026-10-01 19:51:09.835912704,3,10865,183,19
28.320765,-98.4415,2026-10-01 19:51:10.46737664,3,11070,232,41
28.573509,-98.261045,2026-10-01 19:51:10.46842880,3,3510,262,27
18.443064,-95.515471,2026-10-01 19:51:10.548042752,3,10213,251,34
37.322849,-99.906758,2026-10-01 19:51:10.690240000,3,11123,125,40
37.36867,-99.862567,2026-10-01 19:51:10.690252800,3,13772,169,29
30.905345,-96.12454,2026-10-01 19:51:12.612908800,3,7374,139,23
30.892833,-96.116438,2026-10-01 19:51:12.872404224,3,6118,140,19
37.165916,-101.042107,2026-10-01 19:51:14.536023296,3,13288,167,24
37.12661,-101.122002,2026-10-01 19:51:14.546774528,3,11240,136,25
31.179033,-95.926447,2026-10-01 19:51:14.751354368,3,11275,133,27
32.147606,-60.113172,2026-10-01 19:51:15.521186560,3,10267,262,60
31.915921,-59.716767,2026-10-01 19:51:15.521076224,3,8879,269,51
29.927082,-98.152803,2026-10-01 19:51:15.703002880,3,7898,218,57
29.91546,-98.145964,2026-10-01 19:51:15.702996992,3,11175,236,54
29.887998,-98.152547,2026-10-01 19:51:15.702985728,3,13206,220,45
30.092917,-98.059807,2026-10-01 19:51:15.912206080,3,13895,222,54
29.875206,-98.090171,2026-10-01 19:51:15.912190464,3,14414,185,62
33.129385,-95.300208,2026-10-01 19:51:23.527215104,3,5012,208,50
33.164463,-95.287317,2026-10-01 19:51:23.527262464,3,5850,228,37
33.174498,-95.273774,2026-10-01 19:51:23.527266304,3,8692,257,23
32.324235,-95.508197,2026-10-01 19:51:23.718240256,3,9264,152,27
22.951259,-84.138499,2026-10-01 19:51:24.49528064,3,10103,256,23
37.393253,-99.151637,2026-10-01 19:51:24.734152960,3,6154,86,90
37.403749,-99.209643,2026-10-01 19:51:24.734146560,3,14920,191,78
37.463747,-99.123387,2026-10-01 19:51:24.734192896,3,12052,145,65
37.494809,-99.128761,2026-10-01 19:51:24.734190848,3,14732,149,54
37.536981,-99.163081,2026-10-01 19:51:24.734233088,3,10654,214,32
17.364493,-98.35399,2026-10-01 19:51:26.499444736,3,11970,258,44
29.388398,-97.210111,2026-10-01 19:51:28.347615232,3,11606,208,38
29.41974,-97.203983,2026-10-01 19:51:28.347621888,3,7388,228,25
29.417893,-97.2112,2026-10-01 19:51:28.396016384,3,8130,228,41
21.099109,-76.503059,2026-10-01 19:51:28.410964224,3,12156,261,76
17.126829,-94.327146,2026-10-01 19:51:35.897021696,3,5516,269,45
32.369216,-95.418121,2026-10-01 19:51:37.859266816,3,10672,113,27
32.254008,-95.328513,2026-10-01 19:51:40.985327104,3,6395,203,35
32.26838,-95.342441,2026-10-01 19:51:40.985325056,3,4078,208,22
27.918828,-73.487219,2026-10-01 19:51:43.105743616,3,9371,244,17
15.861444,-95.84475,2026-10-01 19:51:43.622703360,3,6895,264,39
31.568567,-96.011925,2026-10-01 19:51:46.469486848,3,7757,121,26
21.250531,-100.154069,2026-10-01 19:51:46.645921024,3,7190,247,20
28.575266,-97.574161,2026-10-01 19:51:47.456024064,3,14673,145,81
28.791397,-97.585262,2026-10-01 19:51:47.456067328,3,9715,194,72
30.937331,-96.112771,2026-10-01 19:51:47.942318080,3,4048,138,34
30.923182,-96.126204,2026-10-01 19:51:48.323701760,3,12144,91,20
22.861217,-84.239029,2026-10-01 19:51:52.195033088,3,11133,260,15
28.251743,-98.43239,2026-10-01 19:51:53.120594688,3,14710,183,54
28.328366,-98.42793,2026-10-01 19:51:53.120611328,3,10210,202,40
28.343761,-98.433465,2026-10-01 19:51:53.120624896,3,6899,235,24
28.298688,-98.459781,2026-10-01 19:51:53.315642880,3,14531,140,53
28.265855,-98.440438,2026-10-01 19:51:53.315672320,3,11135,211,61
28.338356,-98.436537,2026-10-01 19:51:53.315688704,3,4725,235,48
28.386762,-98.422444,2026-10-01 19:51:53.315707136,3,3217,265,32
28.413744,-98.425202,2026-10-01 19:51:53.315719680,3,10131,265,18
31.972549,-95.478469,2026-10-01 19:51:53.638953216,3,11623,120,27
30.107102,-97.026067,2026-10-01 19:51:54.892763904,3,11701,220,24
37.295769,-100.67333,2026-10-01 19:51:55.369308928,3,12534,77,98
37.323541,-100.624052,2026-10-01 19:51:55.369336320,3,13274,143,81
37.315673,-100.673192,2026-10-01 19:51:55.369327104,3,11165,130,67
37.297942,-100.677442,2026-10-01 19:51:55.369361920,3,12202,176,48
27.467772,-97.953322,2026-10-01 19:51:56.425807872,3,5538,239,71
27.389291,-98.007494,2026-10-01 19:51:56.425815552,3,11651,209,59
27.452187,-98.001896,2026-10-01 19:51:56.425828096,3,8431,240,42
31.570952,-95.897124,2026-10-01 19:51:56.723426560,3,11564,159,22
31.642592,-95.873753,2026-10-01 19:51:56.723489024,3,7102,240,35
31.651617,-95.866016,2026-10-01 19:51:56.723489280,3,8945,216,20
28.376615,-98.436202,2026-10-01 19:51:57.575621632,3,8840,203,51
28.486166,-98.418451,2026-10-01 19:51:57.575658496,3,13266,246,16
28.435583,-98.396112,2026-10-01 19:51:57.717012992,3,6740,263,34
28.405899,-98.402497,2026-10-01 19:51:58.143291648,3,7097,233,47
28.432042,-98.395448,2026-10-01 19:51:58.143301888,3,1650,237,32
37.61621,-99.85643,2026-10-01 19:52:08.679894784,3,6400,95,78
31.827828,-95.429092,2026-10-01 19:52:16.293478144,3,12802,98,35
32.184333,-95.35581,2026-10-01 19:52:16.293575424,3,10464,244,22
20.32392,-77.720636,2026-10-01 19:52:16.516296960,3,10834,262,53
29.838138,-97.167202,2026-10-01 19:52:16.576575232,3,13170,215,32
26.651747,-78.589111,2026-10-01 19:52:16.865868800,3,6699,242,40
31.970249,-95.516607,2026-10-01 19:52:23.12119296,3,11796,160,26
28.50346,-98.475714,2026-10-01 19:52:33.267894272,3,11883,235,48
28.231175,-98.507314,2026-10-01 19:52:33.335638272,3,4860,268,22
28.313437,-98.441316,2026-10-01 19:52:33.435890944,3,7685,232,75
28.29688,-98.431239,2026-10-01 19:52:33.435915776,3,6613,217,60
27.035303,-97.895613,2026-10-01 19:52:40.489435136,3,9025,245,27
27.057625,-97.88491,2026-10-01 19:52:40.595647744,3,7879,241,23
27.452049,-99.693329,2026-10-01 19:52:40.945237760,3,9759,239,31
26.673999,-97.722317,2026-10-01 19:52:43.763026432,3,9336,126,50
26.747694,-97.713102,2026-10-01 19:52:43.763054592,3,9297,243,34
31.936313,-95.540092,2026-10-01 19:52:48.465545728,3,14846,131,31
17.39135,-98.400559,2026-10-01 19:52:49.136249344,3,6060,269,39
28.379122,-98.399018,2026-10-01 19:52:49.735717120,3,7282,265,86
28.331588,-98.421159,2026-10-01 19:52:49.735735296,3,9462,234,74
28.340653,-98.418109,2026-10-01 19:52:49.735740416,3,4628,230,59
28.368685,-98.423322,2026-10-01 19:52:49.735751424,3,6423,234,43
28.254952,-98.493556,2026-10-01 19:52:49.777058048,3,8068,187,50
28.339949,-98.430097,2026-10-01 19:52:49.777092864,3,5648,234,36
28.333298,-98.425304,2026-10-01 19:52:49.810743296,3,8099,232,27
28.313946,-98.434197,2026-10-01 19:52:49.832917504,3,9306,215,29
28.317759,-98.43192,2026-10-01 19:52:50.148849408,3,12425,233,28
28.361979,-98.433168,2026-10-01 19:52:50.148858112,3,8430,235,24
28.291743,-98.427258,2026-10-01 19:52:50.215865600,3,9418,215,26
30.271793,-96.747162,2026-10-01 19:52:52.865105920,3,9180,112,30
30.365188,-96.729298,2026-10-01 19:52:53.148950272,3,8154,222,35
30.381618,-96.70833,2026-10-01 19:52:53.148950272,3,8613,223,22
26.254147,124.125101,2026-10-01 19:50:07.723183360,4,14712,209,31
40.668291,0.569468,2026-10-01 19:50:14.264985856,4,8754,214,42
40.687334,0.548448,2026-10-01 19:50:14.264986880,4,6996,265,29
40.707007,0.601732,2026-10-01 19:50:14.327337728,4,6598,265,31
40.801595,0.750345,2026-10-01 19:50:14.378546432,4,12753,259,22
26.113183,123.325199,2026-10-01 19:50:19.645231616,4,9462,190,36
40.666149,0.460017,2026-10-01 19:50:44.547178752,4,6885,265,33
40.675419,0.527303,2026-10-01 19:50:44.593473536,4,5261,265,26
35.238628,27.978834,2026-10-01 19:50:51.404785664,4,12763,216,34
39.647694,-2.494018,2026-10-01 19:51:07.170877440,4,13286,261,34
35.560608,30.725051,2026-10-01 19:51:19.963537152,4,5676,250,24
35.316049,30.912531,2026-10-01 19:51:20.13093632,4,9481,183,26
40.600954,0.491906,2026-10-01 19:51:20.155812608,4,6040,227,35
40.913015,0.875299,2026-10-01 19:51:20.642993408,4,9172,249,37
35.540438,31.221623,2026-10-01 19:51:28.609735680,4,14017,260,18
16.667097,141.154505,2026-10-01 19:51:32.311917824,4,10728,259,39
36.40791,31.689508,2026-10-01 19:51:37.437950720,4,9770,257,19
40.65669,0.485569,2026-10-01 19:51:48.427777024,4,6292,265,34
40.866721,0.638363,2026-10-01 19:51:48.476868864,4,13782,260,36
40.683808,0.492503,2026-10-01 19:51:48.508077568,4,5893,265,30
40.832084,0.56055,2026-10-01 19:52:11.874797568,4,13556,264,30
35.67885,30.923748,2026-10-01 19:52:19.170674176,4,6364,250,24
36.036383,27.424206,2026-10-01 19:52:22.336205568,4,14518,264,16
35.771962,30.843754,2026-10-01 19:52:26.970054144,4,14351,245,19
35.316411,30.898791,2026-10-01 19:52:31.212666880,4,10737,197,20
39.077886,-0.475893,2026-10-01 19:52:47.925492736,4,4971,255,36
39.065312,-0.490921,2026-10-01 19:52:48.485210112,4,5062,255,37
40.666108,0.4706,2026-10-01 19:52:51.419682048,4,6469,265,34
35.138938,35.928831,2026-10-01 19:53:02.189191936,4,9437,246,23
27.200444,-98.138269,2026-10-01 19:50:09.551347968,7,8197,211,16
28.985938,-98.338651,2026-10-01 19:50:29.158167040,7,9687,198,21
28.345725,-97.577545,2026-10-01 19:50:31.65831168,7,13997,182,14
28.037086,-73.605535,2026-10-01 19:50:53.775181824,7,5324,242,26
28.070297,-73.72482,2026-10-01 19:50:53.840235264,7,4822,198,16
27.985182,-73.636644,2026-10-01 19:50:53.921745408,7,4246,200,19
28.278751,-98.51633,2026-10-01 19:50:56.346442496,7,9413,183,12
16.324005,-95.439058,2026-10-01 19:50:58.86841600,7,10855,261,12
28.537887,-98.867978,2026-10-01 19:50:58.380187904,7,8778,203,18
27.439881,-98.005849,2026-10-01 19:51:03.3289600,7,8116,209,17
18.417199,-95.521535,2026-10-01 19:51:10.548033280,7,5200,251,16
29.812969,-98.148225,2026-10-01 19:51:15.702979840,7,9587,191,18
29.938323,-98.145584,2026-10-01 19:51:15.912183040,7,10139,169,17
17.428552,-98.079498,2026-10-01 19:51:19.349656064,7,8728,257,15
29.302994,-97.334889,2026-10-01 19:51:28.347565056,7,5785,235,16
20.913599,-76.434132,2026-10-01 19:51:28.410924800,7,9786,260,24
29.378727,-97.212562,2026-10-01 19:51:28.466513920,7,9369,208,15
28.28911,-98.428097,2026-10-01 19:51:30.630179328,7,10451,183,15
27.623164,-97.929979,2026-10-01 19:51:33.289263872,7,9960,208,19
25.895045,-60.866646,2026-10-01 19:51:35.798184448,7,4182,222,15
17.095482,-94.338186,2026-10-01 19:51:35.897007104,7,6147,266,17
28.621953,-97.582768,2026-10-01 19:51:47.456044032,7,8856,195,23
27.285208,-98.063512,2026-10-01 19:51:56.425776640,7,9559,118,21
28.423333,-98.430626,2026-10-01 19:51:57.575638784,7,14820,203,15
28.369595,-98.416974,2026-10-01 19:51:57.716995072,7,14549,203,10
24.173865,-63.483556,2026-10-01 19:52:08.283723520,7,9698,155,20
13.49877,-94.657802,2026-10-01 19:52:09.956084992,7,6042,268,25
17.279409,-92.833246,2026-10-01 19:52:10.183225600,7,2896,253,23
27.594873,-97.927013,2026-10-01 19:52:26.461307392,7,7782,188,16
27.598793,-97.921475,2026-10-01 19:52:26.750743296,7,12645,116,16
28.327861,-97.65091,2026-10-01 19:52:28.160702208,7,3523,121,29
28.429181,-98.464263,2026-10-01 19:52:28.331868672,7,14796,182,13
28.242375,-98.453509,2026-10-01 19:52:33.267846400,7,12025,204,12
28.186801,-98.567026,2026-10-01 19:52:33.435873792,7,7673,238,22
27.28331,-98.116536,2026-10-01 19:52:36.697974784,7,6981,211,15
26.989699,-97.942574,2026-10-01 19:52:40.265273600,7,7307,165,17
17.126241,-94.385059,2026-10-01 19:53:01.728697088,7,7748,256,10
21.642051,1.343994,2026-10-01 19:50:27.622105600,5,1870,263,33
20.756857,3.000922,2026-10-01 19:51:45.718319616,5,3090,255,35
26.232828,124.145222,2026-10-01 19:50:07.723194624,9,7028,211,42
26.258363,124.129795,2026-10-01 19:50:07.723181824,9,14707,209,31
26.255166,124.201498,2026-10-01 19:50:08.105217280,9,2483,194,23
23.186145,116.495651,2026-10-01 19:50:15.608748800,9,8655,246,22
26.023667,123.431119,2026-10-01 19:50:19.592039936,9,9673,158,32
26.120775,123.345089,2026-10-01 19:50:19.612290560,9,5164,187,19
26.197719,123.481887,2026-10-01 19:50:19.645290752,9,6169,246,21
23.161598,116.725425,2026-10-01 19:50:58.436903936,9,12382,245,20
27.301143,107.667956,2026-10-01 19:51:47.466047488,9,8271,243,37
22.957098,113.796925,2026-10-01 19:52:38.393783552,9,6435,267,29
22.610668,113.300911,2026-10-01 19:52:39.330923776,9,14408,262,19
33.700362,100.98711,2026-10-01 19:52:51.785668608,9,13101,260,14
32.28195,-95.370289,2026-10-01 19:50:00.929671680,13,10247,103,48
32.351951,-95.344509,2026-10-01 19:50:00.929736448,13,8147,200,35
32.26785,-95.353723,2026-10-01 19:50:01.204379904,13,14220,98,44
32.492223,-95.231071,2026-10-01 19:50:01.204493312,13,2441,242,30
26.989828,-97.909588,2026-10-01 19:50:01.955431680,13,12589,212,25
27.049473,-97.934949,2026-10-01 19:50:02.318992896,13,6702,226,24
29.439931,-97.271305,2026-10-01 19:50:02.848529152,13,12591,207,61
29.378818,-97.221494,2026-10-01 19:50:02.953777920,13,11327,193,37
29.440478,-97.212376,2026-10-01 19:50:02.953797632,13,6163,222,32
29.434317,-97.183308,2026-10-01 19:50:03.15107584,13,7245,263,22
30.876733,-96.127492,2026-10-01 19:50:03.483096576,13,4921,140,21
32.231946,-95.488648,2026-10-01 19:50:03.736731136,13,10077,148,63
32.275886,-95.457659,2026-10-01 19:50:03.736784896,13,6363,206,49
27.277724,-98.125153,2026-10-01 19:50:09.385666560,13,9038,231,41
27.241299,-98.126119,2026-10-01 19:50:09.551360768,13,13907,210,30
37.324488,-99.924215,2026-10-01 19:50:13.254580224,13,12481,163,34
37.410929,-99.839575,2026-10-01 19:50:13.254621696,13,10968,204,23
30.401729,-96.37576,2026-10-01 19:50:14.339547648,13,8606,222,21
30.278999,-96.722348,2026-10-01 19:50:15.461349376,13,14184,171,56
30.397754,-96.716741,2026-10-01 19:50:15.834248192,13,4776,254,22
28.335775,-98.424146,2026-10-01 19:50:16.8777472,13,6867,232,56
28.324612,-98.455945,2026-10-01 19:50:16.128751616,13,6953,215,26
28.218616,-98.566223,2026-10-01 19:50:16.367110656,13,14686,268,23
31.475236,-95.816569,2026-10-01 19:50:17.749520896,13,10115,95,38
31.562647,-95.804381,2026-10-01 19:50:17.749583360,13,7366,239,24
32.302147,-95.405856,2026-10-01 19:50:17.826015232,13,14016,148,68
32.472133,-95.296885,2026-10-01 19:50:17.826076928,13,14389,204,58
31.488355,-95.876526,2026-10-01 19:50:17.943439872,13,8980,125,33
26.731113,-78.653242,2026-10-01 19:50:21.151794688,13,10092,243,33
23.939749,-102.739698,2026-10-01 19:50:22.96625408,13,7760,269,40
28.492759,-97.499887,2026-10-01 19:50:22.167274752,13,6292,225,30
28.977395,-98.259632,2026-10-01 19:50:22.300811008,13,13517,177,54
29.025708,-98.237462,2026-10-01 19:50:22.300859648,13,10184,226,46
32.565614,-95.65807,2026-10-01 19:50:22.594112256,13,13939,148,16
32.554271,-95.584851,2026-10-01 19:50:22.682820096,13,11717,235,18
37.833717,-98.660462,2026-10-01 19:50:22.809381632,13,8181,81,76
37.847537,-98.585258,2026-10-01 19:50:22.809416704,13,14601,142,63
32.040651,-95.491973,2026-10-01 19:50:23.665026560,13,5475,237,45
22.337162,-79.342616,2026-10-01 19:50:25.636114176,13,6169,253,57
29.11319,-98.274531,2026-10-01 19:50:29.158170624,13,8593,225,77
29.147939,-98.26355,2026-10-01 19:50:29.158185984,13,7578,229,73
28.367068,-97.574578,2026-10-01 19:50:31.65841920,13,11192,216,37
28.342951,-97.574402,2026-10-01 19:50:31.103371776,13,8680,186,18
31.91672,-95.542877,2026-10-01 19:50:32.333458688,13,6086,159,28
37.383563,-99.112107,2026-10-01 19:50:33.57645824,13,5848,113,53
37.388664,-99.204975,2026-10-01 19:50:33.57636608,13,8453,191,54
37.429578,-99.129341,2026-10-01 19:50:33.57695488,13,7432,179,37
37.399018,-99.133579,2026-10-01 19:50:33.87176704,13,8274,106,38
37.40538,-99.136126,2026-10-01 19:50:33.125022208,13,9360,106,40
29.382804,-97.207021,2026-10-01 19:50:37.568427520,13,5075,208,76
29.342196,-97.139815,2026-10-01 19:50:37.568437760,13,12926,224,63
32.370308,-95.349436,2026-10-01 19:50:38.482043136,13,12976,96,40
32.510804,-95.302066,2026-10-01 19:50:38.482127872,13,5203,268,25
28.317515,-98.430656,2026-10-01 19:50:39.997759744,13,7692,215,25
28.355724,-98.406654,2026-10-01 19:50:40.123262976,13,6832,261,35
28.363657,-98.428725,2026-10-01 19:50:40.123262720,13,4795,264,20
28.588212,-98.395877,2026-10-01 19:50:42.990375680,13,10715,230,65
28.495403,-98.432531,2026-10-01 19:50:42.990371072,13,4987,246,49
28.540278,-98.399671,2026-10-01 19:50:43.565281792,13,14485,230,74
28.493332,-98.431432,2026-10-01 19:50:43.565292032,13,5142,247,53
31.967283,-95.498492,2026-10-01 19:50:44.881118720,13,9529,154,46
32.027773,-95.486735,2026-10-01 19:50:44.881172992,13,6857,210,33
31.970807,-95.445606,2026-10-01 19:50:45.35559424,13,13226,210,41
26.964186,-97.956203,2026-10-01 19:50:45.689219584,13,7923,194,40
27.048827,-97.897641,2026-10-01 19:50:45.748215552,13,4012,244,52
27.987186,-84.901613,2026-10-01 19:50:47.452841216,13,8774,218,75
28.287918,-98.41765,2026-10-01 19:50:48.537837312,13,12212,232,23
37.552144,-99.379685,2026-10-01 19:50:50.200029696,13,10811,158,31
20.556642,-75.763612,2026-10-01 19:50:51.438726144,13,4124,265,59
27.741468,-97.900813,2026-10-01 19:50:52.519053568,13,12439,207,39
37.726227,-98.318614,2026-10-01 19:50:53.169014528,13,8257,97,84
37.73545,-98.394448,2026-10-01 19:50:53.169010432,13,6299,189,70
37.772603,-98.355304,2026-10-01 19:50:53.169053696,13,6590,150,53
37.724137,-98.315583,2026-10-01 19:50:53.210683648,13,7390,102,65
37.743752,-98.382768,2026-10-01 19:50:53.210707968,13,11511,114,43
28.070373,-73.64578,2026-10-01 19:50:53.775192832,13,14391,193,99
27.954111,-73.595255,2026-10-01 19:50:54.313565696,13,7081,243,25
28.24567,-98.522797,2026-10-01 19:50:56.346443008,13,8698,183,26
23.182215,-101.210257,2026-10-01 19:50:57.883726080,13,5756,260,26
28.563422,-98.865805,2026-10-01 19:50:58.380196864,13,12374,198,28
28.580275,-98.871262,2026-10-01 19:50:58.424164352,13,7311,230,39
28.595069,-98.885329,2026-10-01 19:50:58.529501440,13,7288,230,30
28.630635,-98.871187,2026-10-01 19:50:58.529510400,13,8166,232,29
28.574361,-98.905708,2026-10-01 19:50:58.630848768,13,12747,212,23
32.804563,-95.243476,2026-10-01 19:50:58.715438592,13,11892,107,18
28.507158,-97.770005,2026-10-01 19:51:01.197520896,13,14954,264,21
27.555045,-98.063302,2026-10-01 19:51:02.41748992,13,13926,269,27
31.892965,-95.591836,2026-10-01 19:51:02.564768512,13,7511,159,24
31.966988,-95.478546,2026-10-01 19:51:02.623366144,13,4481,233,42
32.054453,-95.413493,2026-10-01 19:51:02.773310208,13,10667,165,36
31.965425,-95.457834,2026-10-01 19:51:02.773315584,13,9700,169,51
31.908001,-95.531235,2026-10-01 19:51:02.951227392,13,10065,192,20
27.546404,-97.970567,2026-10-01 19:51:03.3321600,13,7151,266,48
27.463339,-97.99654,2026-10-01 19:51:03.55870720,13,12512,209,39
30.239785,-96.825767,2026-10-01 19:51:08.128417280,13,14787,166,25
30.296666,-96.836715,2026-10-01 19:51:08.468096512,13,12246,257,27
28.321408,-98.425912,2026-10-01 19:51:09.835923712,13,5802,236,26
28.299197,-98.428992,2026-10-01 19:51:10.46731008,13,5432,203,40
18.435215,-95.519489,2026-10-01 19:51:10.548039936,13,8082,251,38
37.323595,-99.908408,2026-10-01 19:51:10.690239488,13,10492,116,24
37.369197,-99.877191,2026-10-01 19:51:10.690249472,13,8450,169,21
30.904997,-96.12592,2026-10-01 19:51:12.612909056,13,8181,139,22
37.089658,-101.092284,2026-10-01 19:51:14.546764544,13,14596,100,22
31.179532,-95.940311,2026-10-01 19:51:14.751361536,13,9133,132,23
29.944075,-98.14514,2026-10-01 19:51:15.703006720,13,7327,219,36
29.938145,-98.142579,2026-10-01 19:51:15.912182784,13,11905,201,70
29.885495,-98.151558,2026-10-01 19:51:15.912172544,13,14652,219,57
17.452706,-98.100329,2026-10-01 19:51:19.349667840,13,10519,257,45
27.89189,-99.730742,2026-10-01 19:51:22.309140480,13,13054,206,35
33.092217,-95.320505,2026-10-01 19:51:23.527208960,13,10323,135,43
33.310552,-95.19,2026-10-01 19:51:23.527317504,13,4297,247,31
32.324237,-95.508203,2026-10-01 19:51:23.718240256,13,9265,152,26
37.393253,-99.15164,2026-10-01 19:51:24.734152960,13,6155,86,87
37.403752,-99.209637,2026-10-01 19:51:24.734146560,13,14920,191,78
37.482947,-99.090563,2026-10-01 19:51:24.734195968,13,14032,156,61
17.364491,-98.354008,2026-10-01 19:51:26.499444736,13,11969,258,51
17.398967,-98.333684,2026-10-01 19:51:26.582368000,13,5867,265,60
37.87132,-99.179943,2026-10-01 19:51:27.206315008,13,12614,154,24
21.099104,-76.503064,2026-10-01 19:51:28.410964224,13,12156,261,83
20.873265,-76.469689,2026-10-01 19:51:28.719167232,13,5356,262,41
28.330685,-98.419518,2026-10-01 19:51:30.630191872,13,8334,232,47
29.261653,-97.40005,2026-10-01 19:51:30.667605504,13,14883,194,24
28.331593,-98.417505,2026-10-01 19:51:30.735670016,13,8746,236,37
28.231099,-98.492182,2026-10-01 19:51:30.995939072,13,4831,268,24
27.663184,-97.93701,2026-10-01 19:51:33.289282304,13,11508,237,61
27.691339,-97.913181,2026-10-01 19:51:33.534774528,13,7427,266,19
32.370242,-95.399855,2026-10-01 19:51:37.859270144,13,8558,186,23
32.258455,-95.322169,2026-10-01 19:51:40.985323264,13,7998,227,24
27.926697,-73.490665,2026-10-01 19:51:43.105744384,13,11374,244,16
15.912405,-95.832915,2026-10-01 19:51:43.622718208,13,6408,265,39
21.25052,-100.154081,2026-10-01 19:51:46.645921024,13,7190,247,16
28.79517,-97.588265,2026-10-01 19:51:47.456063488,13,11944,194,73
30.935282,-96.12131,2026-10-01 19:51:47.942320896,13,7268,138,34
31.310411,-95.850168,2026-10-01 19:51:47.942470144,13,12334,251,19
22.939356,-84.254624,2026-10-01 19:51:52.195062272,13,4197,266,17
28.321621,-98.425699,2026-10-01 19:51:53.120618240,13,9827,200,46
28.327721,-98.428793,2026-10-01 19:51:53.120617728,13,5178,202,37
28.291059,-98.447871,2026-10-01 19:51:53.315641088,13,8528,140,73
28.280569,-98.440068,2026-10-01 19:51:53.315673600,13,14649,215,56
31.984751,-95.500275,2026-10-01 19:51:53.638955776,13,11998,156,27
30.096186,-97.0408,2026-10-01 19:51:54.892763648,13,5998,221,24
37.295769,-100.67333,2026-10-01 19:51:55.369308928,13,12535,53,97
37.314949,-100.698628,2026-10-01 19:51:55.369320448,13,8276,150,81
37.335693,-100.676562,2026-10-01 19:51:55.369334272,13,5002,130,64
27.569043,-97.89766,2026-10-01 19:51:56.425845760,13,6166,264,62
31.552868,-95.892213,2026-10-01 19:51:56.723419648,13,12299,91,48
31.650762,-95.867842,2026-10-01 19:51:56.723487488,13,4284,240,32
28.375922,-98.442099,2026-10-01 19:51:57.575620864,13,10413,203,54
28.424338,-98.404469,2026-10-01 19:51:57.717008128,13,9539,233,24
23.101362,-102.272876,2026-10-01 19:52:03.921020672,13,12990,250,59
22.233197,-78.996347,2026-10-01 19:52:04.338381056,13,9742,253,57
37.623797,-99.862062,2026-10-01 19:52:08.679893248,13,9983,62,78
37.647654,-99.805904,2026-10-01 19:52:08.679920384,13,14864,141,50
28.534199,-98.438448,2026-10-01 19:52:08.981936384,13,11072,239,37
31.982445,-95.486793,2026-10-01 19:52:10.147583744,13,8323,154,60
31.987228,-95.446261,2026-10-01 19:52:10.147635968,13,14805,154,52
32.026294,-95.447057,2026-10-01 19:52:10.223440128,13,7142,217,39
28.033328,-73.610534,2026-10-01 19:52:12.46437120,13,8394,249,62
29.196071,-97.457132,2026-10-01 19:52:12.546638336,13,10703,142,20
36.809738,-99.352296,2026-10-01 19:52:14.841019392,13,9909,197,25
36.737448,-99.421596,2026-10-01 19:52:14.964884224,13,12219,190,22
36.790762,-99.355401,2026-10-01 19:52:14.964902400,13,11108,174,21
31.827828,-95.429092,2026-10-01 19:52:16.293478144,13,12801,98,35
32.184333,-95.35581,2026-10-01 19:52:16.293575424,13,10464,244,22
20.293774,-77.743234,2026-10-01 19:52:16.516297216,13,5504,261,53
26.657035,-78.592325,2026-10-01 19:52:16.865870336,13,6688,242,44
31.970249,-95.516605,2026-10-01 19:52:23.12119296,13,11795,160,23
32.296624,-95.290996,2026-10-01 19:52:25.364518912,13,8134,123,33
27.652525,-97.914162,2026-10-01 19:52:26.461325312,13,10136,207,44
27.676482,-97.899637,2026-10-01 19:52:26.750770944,13,10224,246,23
28.376901,-97.557402,2026-10-01 19:52:28.160695040,13,8561,216,94
28.383022,-97.488805,2026-10-01 19:52:28.160719360,13,11879,195,75
28.428757,-98.446918,2026-10-01 19:52:28.331863040,13,2582,214,26
28.490996,-98.441981,2026-10-01 19:52:28.741485312,13,12500,233,25
29.657151,-96.584991,2026-10-01 19:52:29.163800064,13,9637,174,38
28.355747,-98.434667,2026-10-01 19:52:33.435943680,13,7962,240,36
31.530219,-95.876522,2026-10-01 19:52:35.555793152,13,6930,152,73
31.514228,-95.78109,2026-10-01 19:52:35.555817984,13,6856,213,57
31.465346,-95.765238,2026-10-01 19:52:35.670680832,13,13992,133,34
31.591622,-95.820859,2026-10-01 19:52:35.670722304,13,4954,208,44
30.90676,-95.990974,2026-10-01 19:52:36.330531328,13,8975,196,51
30.89793,-96.109883,2026-10-01 19:52:36.599674112,13,4368,169,79
31.043189,-96.014108,2026-10-01 19:52:36.599732224,13,5482,177,67
23.948905,-102.749024,2026-10-01 19:52:38.504945408,13,4637,266,40
28.248317,-98.541089,2026-10-01 19:52:39.206123264,13,12043,268,26
29.308942,-97.171031,2026-10-01 19:52:39.230406912,13,7143,229,25
27.040846,-97.91548,2026-10-01 19:52:40.186926080,13,6985,226,24
27.041633,-97.891556,2026-10-01 19:52:40.265303040,13,5283,244,52
27.008969,-97.909628,2026-10-01 19:52:40.489415424,13,11505,226,18
27.044295,-97.894109,2026-10-01 19:52:40.595641856,13,7750,241,22
27.475548,-99.687559,2026-10-01 19:52:40.945249024,13,3956,239,30
26.660917,-97.77593,2026-10-01 19:52:43.763016704,13,5555,199,49
31.903619,-95.484785,2026-10-01 19:52:48.465552896,13,13238,161,34
28.414835,-98.37126,2026-10-01 19:52:49.735732224,13,7274,231,85
28.379949,-98.426474,2026-10-01 19:52:49.735747072,13,7509,234,68
28.333337,-98.425697,2026-10-01 19:52:50.148855552,13,10524,233,26
30.276986,-96.825835,2026-10-01 19:52:52.865133312,13,14075,164,25
30.364783,-96.729191,2026-10-01 19:52:53.148950272,13,8156,222,34
28.380038,-98.567308,2026-10-01 19:53:01.648831744,13,9316,268,25
29.223354,-97.557336,2026-10-01 19:53:02.245467904,13,10006,208,28
32.005437,-95.387713,2026-10-01 19:53:02.706643200,13,6459,235,27
19.340436,-97.025297,2026-10-01 19:53:03.443480320,13,11090,246,21
36.734264,-99.400535,2026-10-01 19:53:06.373675776,13,13536,135,32
31.459069,-95.826136,2026-10-01 19:53:07.807864320,13,11374,115,45
31.611868,-95.836042,2026-10-01 19:53:07.807902464,13,8124,213,30
31.559433,-95.826629,2026-10-01 19:53:07.862841600,13,5836,190,43
31.743568,-95.732421,2026-10-01 19:53:07.862908928,13,7079,246,30
31.522459,-95.903922,2026-10-01 19:53:07.937182464,13,10338,123,21
31.860805,-95.416992,2026-10-01 19:53:09.285356800,13,10936,94,39
32.020432,-95.427162,2026-10-01 19:53:09.285392128,13,11163,210,27
31.944395,-95.45789,2026-10-01 19:53:09.356741632,13,11702,116,35
32.011318,-95.418857,2026-10-01 19:53:09.356800512,13,5862,210,33
31.810067,-95.468067,2026-10-01 19:53:09.505624832,13,12615,132,31
32.012711,-95.41149,2026-10-01 19:53:09.505686016,13,7585,223,34
13.369147,105.443166,2026-10-01 19:51:44.969056256,14,13136,240,21
22.9732,113.770519,2026-10-01 19:52:38.393773312,14,14258,263,28
34.941113,-1.724767,2026-10-01 19:50:02.537712128,11,5301,192,18
29.376298,-97.197743,2026-10-01 19:50:02.848537088,11,5274,192,27
29.381988,-97.217897,2026-10-01 19:50:02.953779456,11,14306,192,26
35.830148,32.324005,2026-10-01 19:50:07.431994624,11,9508,262,36
40.68485,0.595807,2026-10-01 19:50:14.264977920,11,6749,116,436
39.178717,-0.335638,2026-10-01 19:50:33.510363136,11,10283,206,214
39.179856,-0.35219,2026-10-01 19:50:33.510373888,11,5945,197,232
39.185747,-0.353688,2026-10-01 19:50:33.605064960,11,8456,199,143
35.693614,27.844204,2026-10-01 19:50:41.150178048,11,10487,262,326
40.689095,0.561498,2026-10-01 19:50:44.547185920,11,3075,252,207
40.674644,0.544517,2026-10-01 19:50:44.547178240,11,9325,151,439
40.680111,0.536338,2026-10-01 19:50:44.547187200,11,5372,192,212
28.110752,-84.839441,2026-10-01 19:50:47.452893184,11,14092,252,51
39.175326,-1.748142,2026-10-01 19:50:53.965735424,11,14838,196,50
39.242754,-1.724594,2026-10-01 19:50:53.965767936,11,5935,267,35
33.106936,-5.122999,2026-10-01 19:50:57.610800128,11,13374,194,66
31.680235,-6.44351,2026-10-01 19:50:58.766152704,11,8758,224,20
34.95141,-1.655193,2026-10-01 19:51:05.689562624,11,9069,236,18
39.753446,-2.341435,2026-10-01 19:51:07.170876928,11,10252,177,329
35.629547,27.634071,2026-10-01 19:51:10.147328256,11,12822,263,185
35.319463,27.825499,2026-10-01 19:51:14.707133440,11,9529,248,127
31.317348,-62.969958,2026-10-01 19:51:17.614257664,11,13666,241,39
40.685808,0.601263,2026-10-01 19:51:20.155781376,11,9967,216,283
39.13512,-0.409836,2026-10-01 19:51:20.529905664,11,12096,181,126
27.899609,-99.733758,2026-10-01 19:51:22.309136896,11,7020,209,26
35.348663,27.957092,2026-10-01 19:51:23.118080256,11,9281,247,149
39.221412,-0.439861,2026-10-01 19:51:30.507790336,11,8528,172,22
28.296923,-98.427819,2026-10-01 19:51:30.630179072,11,14207,203,22
39.132137,-2.04873,2026-10-01 19:51:32.951563776,11,10179,153,25
27.648785,-97.930144,2026-10-01 19:51:33.289275136,11,5324,207,26
34.014115,-2.708931,2026-10-01 19:51:33.601242112,11,5667,215,23
35.911918,31.956032,2026-10-01 19:51:42.377582080,11,8934,175,20
40.681345,0.533395,2026-10-01 19:51:48.427728896,11,9628,198,194
40.694577,0.531864,2026-10-01 19:51:48.508019968,11,12092,174,171
40.660375,0.542666,2026-10-01 19:51:48.542433536,11,7452,117,185
34.841121,-2.397134,2026-10-01 19:51:53.780249600,11,4782,231,20
34.807535,-2.34345,2026-10-01 19:51:53.979804672,11,11296,209,21
27.384215,-97.999496,2026-10-01 19:51:56.425806848,11,5975,209,25
39.165295,-0.308982,2026-10-01 19:51:57.836817408,11,5767,207,249
39.157485,-0.296121,2026-10-01 19:51:57.871448576,11,5784,207,209
39.168507,-0.311668,2026-10-01 19:51:57.871463424,11,10241,197,131
35.476496,28.088206,2026-10-01 19:52:01.298403840,11,10087,269,341
39.661363,-2.482592,2026-10-01 19:52:04.915908608,11,5215,174,21
39.718947,-2.41531,2026-10-01 19:52:04.915935488,11,9994,153,34
40.667563,0.520728,2026-10-01 19:52:05.262499840,11,12000,117,56
40.647147,0.452813,2026-10-01 19:52:05.262572032,11,12555,249,40
35.145043,25.124257,2026-10-01 19:52:15.553084160,11,14118,263,274
35.158501,25.125098,2026-10-01 19:52:15.553086464,11,7479,268,310
35.232799,28.063887,2026-10-01 19:52:19.895210752,11,7166,268,31
35.606914,27.63797,2026-10-01 19:52:22.335978752,11,9326,263,128
39.231756,-1.527158,2026-10-01 19:52:26.127598336,11,8599,195,108
27.650232,-97.919822,2026-10-01 19:52:26.461317120,11,7935,207,23
27.635086,-97.917511,2026-10-01 19:52:26.750752768,11,4811,211,22
39.157608,-0.311514,2026-10-01 19:52:30.64375808,11,11067,187,26
40.900152,0.759555,2026-10-01 19:52:31.864666880,11,8977,110,51
27.092339,-97.769318,2026-10-01 19:52:40.265330432,11,14430,231,78
39.128898,-1.972906,2026-10-01 19:52:42.925233408,11,3889,178,47
39.206376,-1.928928,2026-10-01 19:52:42.925258752,11,5099,266,35
39.229104,-1.928581,2026-10-01 19:52:42.936020224,11,5874,169,23
39.158094,-1.995454,2026-10-01 19:52:42.945778688,11,8351,153,24
35.634297,27.631593,2026-10-01 19:52:43.127792896,11,5699,263,219
26.697769,-97.711738,2026-10-01 19:52:43.763034368,11,6142,217,21
39.210494,-0.371876,2026-10-01 19:52:48.274573056,11,9812,206,179
39.198584,-0.338622,2026-10-01 19:52:48.485203200,11,6587,196,117
28.285093,-98.429871,2026-10-01 19:52:49.777074944,11,5171,240,22
40.674363,0.535178,2026-10-01 19:52:51.419672832,11,8258,208,469
40.713121,0.534738,2026-10-01 19:52:51.419695360,11,2618,239,447
34.050214,-2.701403,2026-10-01 19:52:57.416222208,11,7312,215,78
40.938752,0.745632,2026-10-01 19:52:59.411336192,11,8555,183,74
40.879488,0.675019,2026-10-01 19:52:59.411313920,11,2738,268,87
40.908136,0.712332,2026-10-01 19:52:59.411327232,11,7774,260,74
40.894902,0.707118,2026-10-01 19:52:59.411320576,11,7365,255,56
40.921062,0.759017,2026-10-01 19:52:59.420530176,11,12502,200,51
40.943742,0.837263,2026-10-01 19:52:59.420656128,11,14952,161,38
40.869342,0.676831,2026-10-01 19:52:59.420596224,11,9404,246,24
35.165042,31.713493,2026-10-01 19:53:05.505483264,11,13136,265,83
40.14241,-1.847336,2026-10-01 19:53:08.257640704,11,9372,164,143
34.941113,-1.724767,2026-10-01 19:50:02.537712128,12,5301,192,18
29.376298,-97.197743,2026-10-01 19:50:02.848537088,12,5274,192,27
29.381988,-97.217897,2026-10-01 19:50:02.953779456,12,14306,192,26
35.830148,32.324005,2026-10-01 19:50:07.431994624,12,9508,262,36
40.68485,0.595807,2026-10-01 19:50:14.264977920,12,6749,116,427
35.435213,27.906187,2026-10-01 19:50:16.788485120,12,5715,266,99
39.178717,-0.335638,2026-10-01 19:50:33.510363136,12,10283,206,214
39.179856,-0.35219,2026-10-01 19:50:33.510373888,12,5945,197,231
39.189598,-0.34595,2026-10-01 19:50:33.551549440,12,7440,230,140
35.693614,27.844204,2026-10-01 19:50:41.150178048,12,10487,262,326
40.689095,0.561498,2026-10-01 19:50:44.547185920,12,3075,252,207
40.674644,0.544517,2026-10-01 19:50:44.547178240,12,9325,151,438
40.683312,0.530649,2026-10-01 19:50:44.547184640,12,7652,197,415
28.110752,-84.839441,2026-10-01 19:50:47.452893184,12,14092,252,51
35.385637,27.815337,2026-10-01 19:50:51.404798720,12,14245,266,231
39.175326,-1.748142,2026-10-01 19:50:53.965735424,12,14838,196,50
39.242754,-1.724594,2026-10-01 19:50:53.965767936,12,5935,267,35
31.680235,-6.44351,2026-10-01 19:50:58.766152704,12,8758,224,20
34.95141,-1.655193,2026-10-01 19:51:05.689562624,12,9069,236,18
39.753446,-2.341435,2026-10-01 19:51:07.170876928,12,10252,177,329
35.629547,27.634071,2026-10-01 19:51:10.147328256,12,12822,263,185
35.319463,27.825499,2026-10-01 19:51:14.707133440,12,9529,248,127
31.317348,-62.969958,2026-10-01 19:51:17.614257664,12,13666,241,39
40.685808,0.601263,2026-10-01 19:51:20.155781376,12,9967,216,283
39.13512,-0.409836,2026-10-01 19:51:20.529905664,12,12096,181,132
27.899609,-99.733758,2026-10-01 19:51:22.309136896,12,7020,209,26
35.348663,27.957092,2026-10-01 19:51:23.118080256,12,9281,247,149
39.221412,-0.439861,2026-10-01 19:51:30.507790336,12,8528,172,22
28.296923,-98.427819,2026-10-01 19:51:30.630179072,12,14207,203,22
39.132137,-2.04873,2026-10-01 19:51:32.951563776,12,10179,153,25
27.648785,-97.930144,2026-10-01 19:51:33.289275136,12,5324,207,26
34.014115,-2.708931,2026-10-01 19:51:33.601242112,12,5667,215,23
35.911918,31.956032,2026-10-01 19:51:42.377582080,12,8934,175,20
40.681345,0.533395,2026-10-01 19:51:48.427728896,12,9628,198,195
40.683003,0.540852,2026-10-01 19:51:48.508017664,12,7134,174,163
40.681716,0.521858,2026-10-01 19:51:48.596461568,12,5137,180,188
40.684805,0.531749,2026-10-01 19:51:48.596466176,12,4623,198,348
34.841121,-2.397134,2026-10-01 19:51:53.780249600,12,4782,231,20
34.807535,-2.34345,2026-10-01 19:51:53.979804672,12,11296,209,21
27.384215,-97.999496,2026-10-01 19:51:56.425806848,12,5975,209,25
39.165295,-0.308982,2026-10-01 19:51:57.836817408,12,5767,207,250
39.169373,-0.291551,2026-10-01 19:51:57.871453184,12,7392,207,201
35.476496,28.088206,2026-10-01 19:52:01.298403840,12,10087,269,345
39.668543,-2.482127,2026-10-01 19:52:04.915906816,12,6704,151,28
39.699071,-2.439137,2026-10-01 19:52:04.915928576,12,7464,266,36
40.667563,0.520728,2026-10-01 19:52:05.262499840,12,12000,117,57
40.647003,0.452504,2026-10-01 19:52:05.262572032,12,12604,249,43
40.920181,0.74602,2026-10-01 19:52:11.874800896,12,14436,183,237
40.938969,0.749693,2026-10-01 19:52:11.874817024,12,11325,193,360
35.145043,25.124257,2026-10-01 19:52:15.553084160,12,14118,263,274
35.159907,25.110568,2026-10-01 19:52:15.553091072,12,5939,268,311
35.232799,28.063887,2026-10-01 19:52:19.895210752,12,7166,268,31
35.606914,27.63797,2026-10-01 19:52:22.335978752,12,9326,263,129
39.231756,-1.527158,2026-10-01 19:52:26.127598336,12,8599,195,108
27.634791,-97.926998,2026-10-01 19:52:26.461312768,12,10539,207,22
27.635086,-97.917511,2026-10-01 19:52:26.750752768,12,4811,211,22
39.157608,-0.311514,2026-10-01 19:52:30.64375808,12,11067,187,26
40.924671,0.71374,2026-10-01 19:52:31.837842944,12,12286,197,41
27.092339,-97.769318,2026-10-01 19:52:40.265330432,12,14430,231,78
39.128898,-1.972906,2026-10-01 19:52:42.925233408,12,3889,178,47
39.206376,-1.928928,2026-10-01 19:52:42.925258752,12,5099,266,35
39.229104,-1.928581,2026-10-01 19:52:42.936020224,12,5874,169,23
39.158094,-1.995454,2026-10-01 19:52:42.945778688,12,8351,153,24
35.634297,27.631593,2026-10-01 19:52:43.127792896,12,5699,263,219
26.697769,-97.711738,2026-10-01 19:52:43.763034368,12,6142,217,21
39.210494,-0.371876,2026-10-01 19:52:48.274573056,12,9812,206,179
39.198541,-0.338443,2026-10-01 19:52:48.485202944,12,6587,196,159
28.285093,-98.429871,2026-10-01 19:52:49.777074944,12,5171,240,22
40.674363,0.535178,2026-10-01 19:52:51.419672832,12,8258,208,469
40.713121,0.534738,2026-10-01 19:52:51.419695360,12,2618,239,447
34.054251,-2.698735,2026-10-01 19:52:57.416222720,12,6388,215,86
40.938752,0.745632,2026-10-01 19:52:59.411336192,12,8555,183,74
40.879488,0.675019,2026-10-01 19:52:59.411313920,12,2738,268,87
40.908136,0.712332,2026-10-01 19:52:59.411327232,12,7774,260,74
40.894902,0.707118,2026-10-01 19:52:59.411320576,12,7365,255,56
40.921062,0.759017,2026-10-01 19:52:59.420530176,12,12502,200,51
40.943742,0.837263,2026-10-01 19:52:59.420656128,12,14952,161,38
40.869342,0.676831,2026-10-01 19:52:59.420596224,12,9404,246,24
40.14241,-1.847336,2026-10-01 19:53:08.257640704,12,9372,164,143
27.940535,-97.853015,2026-10-01 21:05:04.659851520,1,8646,204,25
39.062202,-2.177321,2026-10-01 21:05:13.637780992,1,7060,268,34
39.054446,-2.194367,2026-10-01 21:05:13.664717568,1,11285,165,58
39.141874,-2.12336,2026-10-01 21:05:13.664744960,1,4874,170,34
35.589085,31.476172,2026-10-01 21:05:20.756811520,1,12835,152,32
39.052124,-0.010006,2026-10-01 21:05:28.244428800,1,8498,185,16
36.185063,27.267656,2026-10-01 21:05:29.640752640,1,12268,254,54
40.695954,0.527238,2026-10-01 21:05:38.347750912,1,8307,116,319
40.706217,0.520257,2026-10-01 21:05:38.347760896,1,9434,151,297
40.698609,0.518099,2026-10-01 21:05:38.347764480,1,5739,191,278
40.666154,0.482338,2026-10-01 21:05:38.347757312,1,9457,262,240
40.717035,0.509,2026-10-01 21:06:02.279400448,1,9409,209,30
40.688723,0.528515,2026-10-01 21:06:02.279457024,1,13035,257,56
40.676024,0.498504,2026-10-01 21:06:02.279450880,1,11844,259,44
40.712209,0.527537,2026-10-01 21:06:02.279458560,1,7157,244,24
39.030747,-0.115801,2026-10-01 21:06:02.898005248,1,11205,267,25
24.793889,-99.048607,2026-10-01 21:06:12.413182208,1,6351,229,24
26.274517,-60.784964,2026-10-01 21:06:28.392775424,1,10442,186,35
28.042329,-97.863617,2026-10-01 21:06:35.720738304,1,9209,228,22
28.012255,-97.855846,2026-10-01 21:06:35.855835392,1,4478,207,25
26.955505,-97.757549,2026-10-01 21:06:35.902009088,1,12420,212,20
38.465783,-2.39446,2026-10-01 21:06:35.974171904,1,9991,193,61
38.483375,-2.357942,2026-10-01 21:06:35.974170624,1,9026,175,38
26.987242,-97.766072,2026-10-01 21:06:36.245976576,1,10517,212,19
39.318013,-0.234641,2026-10-01 21:06:44.871635968,1,13127,203,38
40.679858,0.53904,2026-10-01 21:06:45.877786880,1,8814,207,78
40.760744,0.414054,2026-10-01 21:06:45.877884928,1,14189,163,64
40.708934,0.374481,2026-10-01 21:06:45.877855232,1,4537,263,45
40.722355,0.410148,2026-10-01 21:06:45.877865984,1,3612,245,30
26.797035,-97.864265,2026-10-01 21:06:46.285100544,1,6609,213,24
39.000584,-0.034159,2026-10-01 21:06:46.628462848,1,6820,168,48
39.002396,-0.054901,2026-10-01 21:06:46.628525312,1,6320,161,34
40.772154,0.634134,2026-10-01 21:06:54.929875712,1,10817,164,41
40.669568,0.501597,2026-10-01 21:06:54.929823744,1,4857,260,27
40.684221,0.504751,2026-10-01 21:06:54.953656064,1,12646,174,32
40.702376,0.541851,2026-10-01 21:06:55.230869504,1,5758,213,83
40.704078,0.479228,2026-10-01 21:06:55.230874880,1,3648,267,69
40.682658,0.451051,2026-10-01 21:06:55.230934016,1,12360,178,56
40.682298,0.456995,2026-10-01 21:06:55.230923776,1,3652,256,44
40.763275,0.509966,2026-10-01 21:06:55.230956544,1,12963,250,31
38.557114,-2.345655,2026-10-01 21:06:55.556216832,1,14297,201,78
42.302829,7.982529,2026-10-01 21:06:55.950324480,1,7537,158,33
38.986999,0.029581,2026-10-01 21:07:04.338150400,1,13020,190,52
38.989147,-0.072351,2026-10-01 21:07:04.338122496,1,7325,269,45
31.293758,-95.847433,2026-10-01 21:07:20.56433664,1,11294,212,17
28.207744,-98.548331,2026-10-01 21:07:23.87369216,1,11107,204,32
28.386169,-74.698372,2026-10-01 21:07:30.154929152,1,6866,240,30
40.648491,0.444015,2026-10-01 21:07:32.943898112,1,9906,174,47
40.64667,0.43998,2026-10-01 21:07:32.943895296,1,6016,254,33
27.136643,-98.503701,2026-10-01 21:07:41.125489408,1,7629,212,20
27.128381,-97.803607,2026-10-01 21:07:42.77553920,1,8861,211,26
40.763355,0.486783,2026-10-01 21:07:42.471142144,1,8687,195,61
40.69256,0.352987,2026-10-01 21:07:42.471166208,1,4839,225,43
40.723283,0.504601,2026-10-01 21:07:42.475809792,1,7098,116,45
40.721347,0.484736,2026-10-01 21:07:42.475811072,1,14170,135,52
40.676594,0.406727,2026-10-01 21:07:42.475856640,1,4476,263,43
40.781095,0.490299,2026-10-01 21:07:42.475890432,1,3653,269,30
40.744535,0.498435,2026-10-01 21:07:42.488866816,1,4222,213,255
40.717059,0.456487,2026-10-01 21:07:42.488856320,1,3353,207,246
40.735162,0.491776,2026-10-01 21:07:42.488872704,1,4537,173,233
18.764016,-88.92263,2026-10-01 21:08:03.787127040,1,14379,267,32
36.398506,27.302853,2026-10-01 21:08:03.845594624,1,11411,244,188
11.994833,-1.477392,2026-10-01 21:08:11.807664640,1,6955,237,33
40.743647,0.537055,2026-10-01 21:08:30.77943552,1,12819,145,25
37.371674,-98.836899,2026-10-01 21:08:30.284348160,1,13773,151,47
27.689502,-97.930564,2026-10-01 21:08:45.524093184,1,7805,207,19
27.653742,-97.934732,2026-10-01 21:08:45.639777792,1,12584,207,23
12.038287,-2.005588,2026-10-01 21:08:46.543208448,1,4206,221,31
42.37685,7.93438,2026-10-01 21:08:54.951217408,1,9198,191,293
42.375568,7.934929,2026-10-01 21:08:54.951222784,1,6801,260,280
42.328539,7.908434,2026-10-01 21:08:54.951222528,1,12321,161,264
-23.749432,165.522605,2026-10-01 21:05:46.347096064,2,7573,261,23
15.20407,141.071832,2026-10-01 21:06:12.240862720,2,9217,166,24
22.824877,113.5632,2026-10-01 21:06:36.992194304,2,13693,268,34
-23.856534,165.40291,2026-10-01 21:06:43.702657792,2,13811,249,22
24.502328,107.331779,2026-10-01 21:06:47.2198784,2,13253,164,39
26.048615,107.367909,2026-10-01 21:07:10.821878784,2,12817,205,36
13.548243,151.106329,2026-10-01 21:07:57.781180928,2,6613,198,26
29.93442,-97.467988,2026-10-01 21:05:00.212068096,3,12868,223,55
29.753142,-97.440143,2026-10-01 21:05:00.212044032,3,6821,220,41
22.908023,-55.188904,2026-10-01 21:05:00.295952640,3,9878,188,68
28.410736,-97.845526,2026-10-01 21:05:09.399669760,3,7236,233,95
28.274692,-97.887065,2026-10-01 21:05:09.399627520,3,11760,182,84
28.295114,-97.872031,2026-10-01 21:05:09.399667968,3,14431,197,69
28.338616,-97.871863,2026-10-01 21:05:09.399683072,3,6909,228,55
28.385669,-97.896231,2026-10-01 21:05:09.399692800,3,10947,250,39
28.352671,-97.872191,2026-10-01 21:05:09.433073408,3,12149,219,53
28.373923,-97.88424,2026-10-01 21:05:09.433072384,3,9590,204,42
28.284221,-97.873996,2026-10-01 21:05:09.632605440,3,7182,223,36
28.292404,-97.873094,2026-10-01 21:05:09.632643840,3,4343,236,38
28.357364,-97.855818,2026-10-01 21:05:09.632667136,3,6867,241,24
31.243374,-95.927853,2026-10-01 21:05:09.893982464,3,13459,92,18
27.299604,-73.014577,2026-10-01 21:05:12.19386624,3,12083,252,46
27.304478,-73.01845,2026-10-01 21:05:12.61848832,3,7665,252,41
28.874937,-98.55637,2026-10-01 21:05:21.256119808,3,10816,227,47
28.935653,-98.524407,2026-10-01 21:05:21.256133888,3,13571,203,49
27.916233,-97.862467,2026-10-01 21:05:21.793595648,3,14040,237,30
23.127276,-102.206196,2026-10-01 21:05:21.959906304,3,13158,236,60
23.195254,-102.194799,2026-10-01 21:05:21.959925504,3,11490,238,47
26.864452,-97.787773,2026-10-01 21:05:22.559916544,3,7498,242,26
27.30584,-97.710931,2026-10-01 21:05:22.626465536,3,13226,240,48
27.397518,-97.615477,2026-10-01 21:05:22.626554112,3,11426,269,34
37.31151,-98.462103,2026-10-01 21:05:22.789103616,3,7734,130,46
37.307287,-98.500297,2026-10-01 21:05:22.789137408,3,12364,118,31
24.801239,-99.043881,2026-10-01 21:05:23.894726144,3,5466,226,37
24.847178,-99.058702,2026-10-01 21:05:23.894740480,3,8519,252,20
24.862991,-99.052222,2026-10-01 21:05:23.984545024,3,6286,255,32
26.839858,-98.249508,2026-10-01 21:05:24.946516224,3,8850,214,42
26.869669,-98.237411,2026-10-01 21:05:24.946522368,3,8051,242,29
26.864136,-98.252979,2026-10-01 21:05:25.202436096,3,5995,242,33
26.891646,-98.254837,2026-10-01 21:05:25.202446848,3,8971,242,28
28.017221,-97.887747,2026-10-01 21:05:25.681094912,3,6387,234,37
28.179086,-97.748411,2026-10-01 21:05:25.681170176,3,9690,260,23
28.396258,-98.361741,2026-10-01 21:05:26.414838016,3,10098,218,54
28.43075,-98.353305,2026-10-01 21:05:26.414845696,3,8854,204,42
28.469125,-98.361444,2026-10-01 21:05:26.414863872,3,8787,240,22
27.978728,-97.838717,2026-10-01 21:05:27.326974464,3,14429,201,53
28.037087,-97.838967,2026-10-01 21:05:27.326992896,3,14211,230,27
29.557048,-97.325828,2026-10-01 21:05:27.351566336,3,10976,171,30
30.216933,-96.749425,2026-10-01 21:05:27.783269120,3,6437,236,30
17.233762,-94.441681,2026-10-01 21:05:28.185982208,3,5646,260,35
16.453429,-96.390208,2026-10-01 21:05:29.933071872,3,8368,261,28
26.698743,-98.678468,2026-10-01 21:05:32.132960512,3,9200,234,46
26.773335,-98.672344,2026-10-01 21:05:32.132984832,3,6673,243,43
26.755106,-98.681883,2026-10-01 21:05:32.132973568,3,8645,237,28
25.846562,-78.474481,2026-10-01 21:05:33.987502080,3,4166,244,33
25.839105,-78.466638,2026-10-01 21:05:33.987495680,3,4350,244,20
27.067492,-97.670576,2026-10-01 21:05:35.871784448,3,9477,262,24
24.830928,-86.164294,2026-10-01 21:05:37.304947456,3,11224,224,24
27.21721,-97.692894,2026-10-01 21:05:41.46215680,3,11301,247,46
27.107425,-97.744891,2026-10-01 21:05:41.46205184,3,13547,208,37
30.354264,-96.47309,2026-10-01 21:05:43.332587520,3,7935,234,78
30.328291,-96.477834,2026-10-01 21:05:43.332592896,3,6235,164,65
30.327217,-96.534062,2026-10-01 21:05:43.332603904,3,9160,165,55
30.403197,-96.475282,2026-10-01 21:05:43.332637440,3,9637,223,41
30.447246,-96.467165,2026-10-01 21:05:43.332655360,3,9642,241,24
29.469222,-96.640704,2026-10-01 21:05:45.12667904,3,13798,191,71
29.510717,-96.634634,2026-10-01 21:05:45.12680960,3,12408,194,60
29.47439,-96.582408,2026-10-01 21:05:45.12690944,3,11117,228,47
29.498306,-96.637397,2026-10-01 21:05:45.12717056,3,6724,244,34
29.743715,-96.613582,2026-10-01 21:05:45.12779776,3,14407,232,19
28.193147,-97.797817,2026-10-01 21:05:49.364517632,3,9462,260,25
31.461382,-95.653261,2026-10-01 21:05:49.811846400,3,8660,131,89
31.51578,-95.5935,2026-10-01 21:05:49.811865600,3,11284,191,80
31.539923,-95.603323,2026-10-01 21:05:49.811884800,3,9809,169,63
31.568941,-95.602453,2026-10-01 21:05:49.811890176,3,12287,230,47
31.680178,-95.630702,2026-10-01 21:05:49.811943936,3,8594,236,33
31.860526,-95.441073,2026-10-01 21:05:53.341997312,3,10519,252,29
31.799997,-95.667156,2026-10-01 21:05:53.341957632,3,14779,237,17
27.704338,-97.901385,2026-10-01 21:05:54.165113856,3,11845,228,50
27.663507,-97.917975,2026-10-01 21:05:54.165138688,3,12412,211,44
27.711949,-97.874911,2026-10-01 21:05:54.165153024,3,11756,231,27
28.601261,-98.482836,2026-10-01 21:05:54.632468992,3,14532,233,72
28.592749,-98.557287,2026-10-01 21:05:54.632487424,3,9793,234,71
28.612918,-98.563443,2026-10-01 21:05:54.632497664,3,6082,232,56
28.644233,-98.562841,2026-10-01 21:05:54.632505344,3,11014,239,39
28.714781,-98.529727,2026-10-01 21:05:54.704345344,3,3852,268,30
28.850066,-98.376388,2026-10-01 21:05:54.704415488,3,10591,228,27
26.868624,-98.262339,2026-10-01 21:05:54.785872640,3,5791,243,41
26.8696,-98.266229,2026-10-01 21:05:54.785867520,3,7642,242,29
28.574111,-98.551734,2026-10-01 21:05:54.804324864,3,11741,215,69
28.597055,-98.550493,2026-10-01 21:05:54.804330240,3,5876,228,56
28.616186,-98.564016,2026-10-01 21:05:54.804334336,3,6911,238,43
28.796838,-98.502624,2026-10-01 21:05:54.804403200,3,14813,259,25
28.761838,-98.515191,2026-10-01 21:05:54.968531968,3,11304,234,70
28.673273,-98.556164,2026-10-01 21:05:54.968536576,3,4667,220,58
28.71349,-98.548337,2026-10-01 21:05:54.968545280,3,4594,232,44
28.727985,-98.542635,2026-10-01 21:05:54.968553472,3,4873,238,28
28.305908,-97.895923,2026-10-01 21:05:55.701888000,3,9315,248,48
22.016814,-78.823879,2026-10-01 21:05:55.951424256,3,9030,255,46
37.988793,-98.177914,2026-10-01 21:05:58.167999488,3,4540,120,140
38.002389,-98.255426,2026-10-01 21:05:58.167991808,3,5570,171,126
38.026733,-98.212762,2026-10-01 21:05:58.168007936,3,4920,133,106
38.053983,-98.214199,2026-10-01 21:05:58.168018688,3,5553,171,83
32.496794,-95.104103,2026-10-01 21:06:05.377937920,3,12087,89,114
32.547193,-95.092636,2026-10-01 21:06:05.377958400,3,9406,215,98
32.613068,-95.055302,2026-10-01 21:06:05.377976320,3,8717,163,83
32.588443,-95.100541,2026-10-01 21:06:05.377999360,3,6380,221,52
22.246651,-79.207391,2026-10-01 21:06:05.944310528,3,5928,253,98
22.210251,-79.203785,2026-10-01 21:06:05.944295424,3,9488,251,92
22.394783,-79.167232,2026-10-01 21:06:06.11611392,3,3359,250,60
3.244961,-64.470472,2026-10-01 21:06:13.947364096,3,13915,179,14
31.050176,-96.350609,2026-10-01 21:06:14.15536896,3,10387,215,80
31.094478,-96.303259,2026-10-01 21:06:14.15560192,3,11250,208,72
31.103215,-96.306882,2026-10-01 21:06:14.15566336,3,10635,174,60
31.108266,-96.299704,2026-10-01 21:06:14.15575296,3,14363,191,50
31.080775,-96.380395,2026-10-01 21:06:14.15582464,3,11833,232,40
31.142641,-96.355958,2026-10-01 21:06:14.15603968,3,5332,238,30
29.222496,-97.839352,2026-10-01 21:06:16.702086400,3,9834,228,83
29.20744,-97.844763,2026-10-01 21:06:16.702084864,3,9327,229,71
29.254362,-97.802786,2026-10-01 21:06:16.702108416,3,11712,195,57
29.287588,-97.863601,2026-10-01 21:06:16.702135296,3,12509,240,41
29.283033,-97.807013,2026-10-01 21:06:16.741553664,3,7764,267,22
37.305584,-98.81833,2026-10-01 21:06:16.777704192,3,6756,94,87
37.389668,-98.811905,2026-10-01 21:06:16.777732096,3,9672,150,71
29.137874,-97.784088,2026-10-01 21:06:16.782352896,3,8956,191,56
29.230973,-97.83462,2026-10-01 21:06:16.782387456,3,4306,235,41
37.339145,-98.823334,2026-10-01 21:06:16.823685376,3,8585,189,24
29.194864,-97.875902,2026-10-01 21:06:16.846274816,3,10864,194,46
29.423086,-97.750364,2026-10-01 21:06:16.846362112,3,5823,261,28
29.720252,-97.029889,2026-10-01 21:06:17.528727296,3,11267,221,66
30.231119,-96.759725,2026-10-01 21:06:26.229824512,3,9171,184,87
30.209579,-96.757809,2026-10-01 21:06:26.229818112,3,10820,165,80
30.297832,-96.705994,2026-10-01 21:06:26.229861376,3,5984,181,64
30.310596,-96.765772,2026-10-01 21:06:26.229888000,3,7683,235,49
29.992775,-97.016844,2026-10-01 21:06:26.262453248,3,13074,253,36
30.257695,-96.73129,2026-10-01 21:06:26.262588928,3,7758,249,24
25.870595,-78.456099,2026-10-01 21:06:26.574182400,3,10367,244,27
25.829942,-78.467063,2026-10-01 21:06:26.632672768,3,3788,244,32
26.240049,-60.900188,2026-10-01 21:06:28.392784128,3,6392,192,74
17.053303,-94.416044,2026-10-01 21:06:31.598717184,3,6006,258,37
30.024211,-96.851781,2026-10-01 21:06:35.234700032,3,10474,250,37
30.041988,-96.856689,2026-10-01 21:06:35.234699008,3,11066,251,24
28.170831,-97.738135,2026-10-01 21:06:35.720761600,3,9460,266,61
28.032282,-97.854684,2026-10-01 21:06:35.720737024,3,6246,234,48
28.077373,-97.842134,2026-10-01 21:06:35.720751872,3,6669,236,27
27.979669,-97.854721,2026-10-01 21:06:35.855831040,3,11547,201,59
28.056609,-97.855035,2026-10-01 21:06:35.855845120,3,5525,238,45
26.986555,-97.750879,2026-10-01 21:06:35.902020608,3,5562,242,26
27.015054,-97.744966,2026-10-01 21:06:35.902026752,3,4340,235,38
26.990254,-97.742898,2026-10-01 21:06:35.902020608,3,8077,236,23
28.384992,-74.718567,2026-10-01 21:06:43.693611264,3,3319,248,80
26.913339,-97.824656,2026-10-01 21:06:46.285106944,3,10890,209,54
27.038851,-98.535596,2026-10-01 21:06:47.578999808,3,13036,228,26
27.400738,-98.363259,2026-10-01 21:06:47.683981056,3,12983,263,62
26.667952,-98.698461,2026-10-01 21:06:52.959768576,3,9442,235,71
26.750207,-98.708083,2026-10-01 21:06:52.959828736,3,7709,253,58
26.757491,-98.70479,2026-10-01 21:06:52.959835136,3,5844,237,43
26.805162,-98.694424,2026-10-01 21:06:52.959853312,3,3189,261,27
26.695753,-98.701402,2026-10-01 21:06:53.8886016,3,12274,197,27
26.698222,-98.708499,2026-10-01 21:06:53.115984128,3,8379,234,60
26.751168,-98.706113,2026-10-01 21:06:53.115995904,3,4517,243,47
26.754777,-98.703079,2026-10-01 21:06:53.115996672,3,6741,237,34
26.639627,-98.772213,2026-10-01 21:06:53.400907264,3,9829,197,39
26.871841,-98.570758,2026-10-01 21:06:53.401001216,3,9461,267,23
28.074828,-98.002717,2026-10-01 21:06:56.527506688,3,14622,184,28
22.920655,-101.355946,2026-10-01 21:06:57.221014784,3,12484,236,22
27.494986,-73.126246,2026-10-01 21:06:57.687162368,3,7676,251,23
26.911311,-98.234037,2026-10-01 21:06:58.575166464,3,9498,232,40
26.932256,-98.218785,2026-10-01 21:06:58.575170048,3,11344,236,35
27.906543,-97.875478,2026-10-01 21:06:59.572524288,3,11101,186,35
27.973922,-97.885853,2026-10-01 21:06:59.572527616,3,10101,238,23
27.983253,-97.944576,2026-10-01 21:06:59.720580608,3,14251,218,40
27.967676,-97.857866,2026-10-01 21:06:59.720611584,3,8490,228,33
27.977126,-97.848495,2026-10-01 21:06:59.720613376,3,6646,230,19
16.167311,-96.601368,2026-10-01 21:06:59.931728384,3,12376,265,22
18.326925,-89.055961,2026-10-01 21:07:00.510686464,3,9029,246,14
30.191725,-96.342879,2026-10-01 21:07:03.540981248,3,12918,245,18
27.322297,-97.686858,2026-10-01 21:07:06.459081984,3,6828,265,23
27.133317,-97.765086,2026-10-01 21:07:06.459040256,3,11614,205,67
27.192679,-97.779472,2026-10-01 21:07:06.459062016,3,7862,237,53
27.189437,-97.783204,2026-10-01 21:07:06.459062016,3,14823,246,35
27.12372,-97.785757,2026-10-01 21:07:06.527645952,3,12199,208,34
27.195477,-97.780167,2026-10-01 21:07:06.527662336,3,7962,241,40
27.189634,-97.792801,2026-10-01 21:07:06.527661568,3,11460,253,19
27.12482,-97.758729,2026-10-01 21:07:06.606728192,3,8291,215,43
27.183705,-97.761468,2026-10-01 21:07:06.606740736,3,9505,241,30
27.106459,-97.794815,2026-10-01 21:07:06.676326656,3,9995,208,46
27.176276,-97.794515,2026-10-01 21:07:06.676343040,3,4980,241,32
26.441944,-61.024315,2026-10-01 21:07:08.82239232,3,5510,190,18
16.151213,-96.82092,2026-10-01 21:07:09.949576704,3,6159,262,31
28.138928,-97.760867,2026-10-01 21:07:12.91136256,3,12035,225,59
28.022471,-97.855584,2026-10-01 21:07:12.91127808,3,10459,204,45
28.055103,-97.844719,2026-10-01 21:07:12.91138816,3,8804,236,29
25.108788,-77.423758,2026-10-01 21:07:12.605860864,3,7566,249,23
27.975405,-97.873137,2026-10-01 21:07:12.736664832,3,9598,185,42
28.044786,-97.864307,2026-10-01 21:07:12.736674816,3,9820,236,30
28.708889,-98.533686,2026-10-01 21:07:13.471892224,3,5586,216,37
28.740617,-98.528217,2026-10-01 21:07:13.471902976,3,5897,244,90
28.778739,-98.528246,2026-10-01 21:07:13.471915520,3,8478,202,76
28.782712,-98.532451,2026-10-01 21:07:13.471947264,3,10605,250,59
28.760673,-98.533281,2026-10-01 21:07:13.471944192,3,12567,248,41
28.767503,-98.519683,2026-10-01 21:07:13.499170560,3,6794,261,40
28.728018,-98.540687,2026-10-01 21:07:13.499147776,3,12555,231,28
28.744365,-98.525176,2026-10-01 21:07:13.580780032,3,7182,233,30
28.819956,-98.472879,2026-10-01 21:07:13.632145664,3,8813,257,69
28.732025,-98.547172,2026-10-01 21:07:13.632141824,3,3995,232,48
28.578002,-98.48029,2026-10-01 21:07:13.678280704,3,10504,232,53
28.756777,-98.543112,2026-10-01 21:07:13.678348032,3,5011,226,32
28.725657,-98.51828,2026-10-01 21:07:13.754431488,3,9633,228,65
26.94088,-97.843664,2026-10-01 21:07:13.943443712,3,12382,242,29
28.613289,-98.644937,2026-10-01 21:07:14.424823040,3,11091,243,22
28.734838,-97.448351,2026-10-01 21:07:17.366629888,3,12420,265,26
28.640896,-98.437808,2026-10-01 21:07:17.507353088,3,10244,242,41
16.535272,-95.689384,2026-10-01 21:07:18.46353408,3,5123,263,75
26.901644,-98.615501,2026-10-01 21:07:26.94665472,3,5385,242,28
26.807304,-98.639842,2026-10-01 21:07:26.133451776,3,13665,196,18
26.838418,-98.630839,2026-10-01 21:07:26.179641088,3,10537,227,37
26.921884,-98.623387,2026-10-01 21:07:26.179670528,3,4062,242,25
29.475154,-97.531606,2026-10-01 21:07:26.348320000,3,14853,192,61
29.549133,-97.52931,2026-10-01 21:07:26.348333568,3,4423,240,45
29.53442,-97.550801,2026-10-01 21:07:26.348338688,3,6765,239,20
28.463325,-74.722834,2026-10-01 21:07:30.154957312,3,5295,223,73
28.357913,-74.673448,2026-10-01 21:07:30.332088064,3,10103,254,39
28.481243,-74.738151,2026-10-01 21:07:30.332162048,3,6566,266,18
25.895919,-78.522782,2026-10-01 21:07:31.806555136,3,10080,252,35
29.88177,-96.950583,2026-10-01 21:07:32.333477120,3,11903,199,57
29.93458,-96.807278,2026-10-01 21:07:32.333518592,3,11796,187,48
27.975943,-97.81626,2026-10-01 21:07:35.806041600,3,13058,185,34
27.830172,-98.035787,2026-10-01 21:07:35.805951744,3,10843,268,21
19.392142,-83.687562,2026-10-01 21:07:36.408098048,3,11851,261,35
28.053543,-97.857569,2026-10-01 21:07:36.703965696,3,4787,234,99
23.143499,-83.066011,2026-10-01 21:07:44.653388032,3,3532,260,23
23.231651,-83.144675,2026-10-01 21:07:44.860206080,3,5924,265,36
23.320644,-83.154882,2026-10-01 21:07:44.860263936,3,9219,253,54
27.924614,-97.973224,2026-10-01 21:07:46.510553088,3,10560,166,34
26.666715,-98.76703,2026-10-01 21:07:48.341690880,3,12693,197,28
26.802043,-98.693839,2026-10-01 21:07:48.533509888,3,8043,212,37
26.981577,-98.577002,2026-10-01 21:07:48.533613824,3,6908,267,23
30.134767,-96.673032,2026-10-01 21:07:49.534201344,3,14648,165,47
30.363201,-96.539997,2026-10-01 21:07:49.534296320,3,7589,248,39
30.362499,-96.40479,2026-10-01 21:07:49.534321920,3,12676,247,27
26.97472,-98.567388,2026-10-01 21:07:53.312281344,3,13899,194,39
27.032813,-98.558705,2026-10-01 21:07:53.312294912,3,10384,210,26
23.046905,-85.342306,2026-10-01 21:07:53.839993856,3,8377,254,69
23.152998,-85.338642,2026-10-01 21:07:53.840060672,3,11581,255,57
22.239599,-79.169988,2026-10-01 21:07:54.207073024,3,5185,266,108
22.200711,-79.171909,2026-10-01 21:07:54.207064832,3,7293,251,98
22.398695,-79.215873,2026-10-01 21:07:54.264826368,3,8848,251,43
22.250926,-79.184869,2026-10-01 21:07:54.314464256,3,3508,266,38
30.072446,-96.363099,2026-10-01 21:08:02.847215616,3,9443,148,22
30.051203,-96.351656,2026-10-01 21:08:02.908472832,3,14133,151,43
30.163905,-96.26054,2026-10-01 21:08:02.908510720,3,8017,248,29
30.140329,-96.271892,2026-10-01 21:08:03.291766784,3,6196,248,32
30.13452,-96.254525,2026-10-01 21:08:03.291764736,3,10863,223,20
19.02579,-88.886772,2026-10-01 21:08:03.787226624,3,5166,254,68
29.769187,-98.031781,2026-10-01 21:08:05.696227584,3,13882,202,37
29.779677,-98.035587,2026-10-01 21:08:05.696226304,3,12268,224,31
29.804038,-98.010988,2026-10-01 21:08:05.716652800,3,10336,258,32
31.433036,-95.91816,2026-10-01 21:08:07.276901632,3,4628,144,38
31.382238,-95.933328,2026-10-01 21:08:07.276886528,3,3630,266,25
19.417478,-109.184879,2026-10-01 21:08:07.914618368,3,11421,262,21
27.732824,-97.915218,2026-10-01 21:08:08.160910592,3,8870,266,40
31.564115,-95.585682,2026-10-01 21:08:08.896142336,3,9165,114,58
31.558001,-95.451679,2026-10-01 21:08:08.896179712,3,6597,153,49
31.64974,-95.468146,2026-10-01 21:08:08.896200704,3,14143,173,35
17.171633,-95.238885,2026-10-01 21:08:12.148988928,3,11043,262,33
16.572826,-94.165526,2026-10-01 21:08:13.608033280,3,5146,263,30
26.761076,-98.736384,2026-10-01 21:08:13.909764096,3,4408,243,30
28.162683,-97.892273,2026-10-01 21:08:14.278761728,3,12102,235,51
28.22349,-97.738815,2026-10-01 21:08:14.278820608,3,5738,266,37
31.372561,-95.940548,2026-10-01 21:08:14.361286400,3,12095,174,36
31.469988,-95.998599,2026-10-01 21:08:14.361326080,3,5195,217,19
27.13337,-97.790797,2026-10-01 21:08:15.678438912,3,8734,207,48
27.192305,-97.799238,2026-10-01 21:08:15.678450176,3,4097,241,34
27.16373,-97.831244,2026-10-01 21:08:16.94402560,3,6611,225,30
27.109697,-98.460765,2026-10-01 21:08:16.470277632,3,8092,230,56
27.171072,-98.463824,2026-10-01 21:08:16.470282496,3,9943,235,44
2.021135,-66.07616,2026-10-01 21:08:18.982639616,3,13438,204,24
26.893416,-97.808714,2026-10-01 21:08:19.767743744,3,14042,249,70
26.844866,-97.84634,2026-10-01 21:08:19.767757312,3,3675,246,57
26.842664,-97.844083,2026-10-01 21:08:19.767757312,3,5870,236,43
30.21893,-96.329795,2026-10-01 21:08:22.174148864,3,8939,188,51
30.315448,-96.235841,2026-10-01 21:08:22.174190592,3,3103,248,38
30.317955,-96.230552,2026-10-01 21:08:22.174189056,3,8853,223,24
26.889459,-97.893769,2026-10-01 21:08:22.452365312,3,9798,232,52
26.939253,-97.899444,2026-10-01 21:08:22.452374528,3,3362,242,39
26.954496,-97.885578,2026-10-01 21:08:22.452378368,3,9425,242,23
30.201997,-96.326648,2026-10-01 21:08:22.561284352,3,14389,123,35
30.279175,-96.279769,2026-10-01 21:08:22.561318144,3,6888,202,22
16.164948,-96.594965,2026-10-01 21:08:24.550060288,3,10093,262,37
26.809375,-97.867869,2026-10-01 21:08:24.941540608,3,9776,195,47
26.783804,-97.844873,2026-10-01 21:08:24.941568768,3,14277,210,34
26.796246,-98.264131,2026-10-01 21:08:25.2481920,3,7820,196,23
26.824017,-98.688589,2026-10-01 21:08:29.753454592,3,12292,242,30
26.718822,-98.699856,2026-10-01 21:08:30.32404736,3,9083,244,39
26.772402,-98.693829,2026-10-01 21:08:30.32419328,3,6295,243,26
37.32623,-98.836475,2026-10-01 21:08:30.284337152,3,13155,60,95
37.354104,-98.843408,2026-10-01 21:08:30.284351232,3,9920,146,75
37.415121,-98.803112,2026-10-01 21:08:30.284377344,3,6769,137,57
37.341487,-98.832419,2026-10-01 21:08:30.284393216,3,9287,159,42
37.395,-98.838447,2026-10-01 21:08:30.284403200,3,7970,205,30
37.334021,-98.833679,2026-10-01 21:08:30.319041280,3,8902,130,31
37.329809,-98.863555,2026-10-01 21:08:30.319074560,3,13049,208,19
37.315581,-98.825477,2026-10-01 21:08:30.358802688,3,9563,91,49
37.354045,-98.83927,2026-10-01 21:08:30.358844928,3,9635,169,33
37.355491,-98.844381,2026-10-01 21:08:30.358846208,3,9121,172,20
25.518333,-101.065938,2026-10-01 21:08:30.703867648,3,4404,253,27
27.682405,-97.948549,2026-10-01 21:08:30.902704128,3,14514,188,47
27.738464,-97.878968,2026-10-01 21:08:30.902733056,3,10849,205,34
17.968848,-89.437611,2026-10-01 21:08:33.835284480,3,10934,248,18
17.997628,-89.470921,2026-10-01 21:08:33.944545536,3,8181,248,15
28.005286,-98.500366,2026-10-01 21:08:34.290542080,3,7082,218,63
28.04873,-98.485803,2026-10-01 21:08:34.290594048,3,8977,222,51
28.066529,-98.498505,2026-10-01 21:08:34.290592256,3,9148,236,35
21.717343,-100.236271,2026-10-01 21:08:34.303195136,3,13826,241,28
21.426019,-100.371935,2026-10-01 21:08:34.303109120,3,10655,242,81
14.789025,-95.665068,2026-10-01 21:08:43.147273728,3,11831,268,68
26.973549,-98.292902,2026-10-01 21:08:43.309400064,3,14742,213,20
30.080846,-96.364027,2026-10-01 21:08:43.331621888,3,9606,174,32
27.225993,-98.143316,2026-10-01 21:08:43.392235520,3,12361,265,30
27.634981,-97.932844,2026-10-01 21:08:45.524074752,3,10359,188,48
27.647809,-97.93172,2026-10-01 21:08:45.524082176,3,12130,205,35
27.63576,-97.933241,2026-10-01 21:08:45.581031424,3,10038,188,38
27.725472,-97.934144,2026-10-01 21:08:45.581055744,3,7151,238,21
27.71085,-97.83661,2026-10-01 21:08:45.639768064,3,14378,203,60
27.71005,-97.931004,2026-10-01 21:08:45.639785472,3,7367,236,46
27.717737,-97.934604,2026-10-01 21:08:45.639792128,3,6314,232,33
28.998949,-97.410971,2026-10-01 21:08:47.60569344,3,8482,231,37
29.012185,-97.403379,2026-10-01 21:08:47.60572160,3,9507,230,26
27.093602,-98.4916,2026-10-01 21:08:47.766512640,3,8293,193,27
23.455993,-103.517081,2026-10-01 21:08:50.737760512,3,12826,265,22
26.865142,-97.824291,2026-10-01 21:08:50.887719936,3,12988,243,26
28.523485,-97.948517,2026-10-01 21:08:51.163936000,3,11334,180,48
28.548483,-97.945708,2026-10-01 21:08:51.163992832,3,10623,200,34
28.582971,-97.937276,2026-10-01 21:08:51.163988480,3,14891,199,19
26.824271,-97.859595,2026-10-01 21:08:51.514333696,3,14552,217,38
26.815784,-97.836216,2026-10-01 21:08:51.514327808,3,13389,214,25
16.629172,-93.194067,2026-10-01 21:08:53.872914944,3,10516,264,38
30.336752,-96.521843,2026-10-01 21:08:54.885167616,3,8365,248,30
30.357031,-96.527899,2026-10-01 21:08:54.885166080,3,10772,224,24
30.14801,-96.44918,2026-10-01 21:08:55.476299776,3,9606,159,61
30.259009,-96.440557,2026-10-01 21:08:55.476371712,3,5955,217,48
30.257924,-96.431543,2026-10-01 21:08:55.476369408,3,4961,217,34
30.261621,-96.45192,2026-10-01 21:08:55.476372736,3,8773,236,19
27.681971,-98.750713,2026-10-01 21:08:55.631372032,3,9741,225,45
27.68739,-98.745593,2026-10-01 21:08:55.631375616,3,12177,232,33
36.835942,-100.34128,2026-10-01 21:08:57.208937216,3,4851,114,22
28.456177,-97.922352,2026-10-01 21:08:58.230187520,3,13909,215,23
28.521152,-97.924111,2026-10-01 21:08:58.230196224,3,7977,233,25
28.573425,-97.857244,2026-10-01 21:08:58.344006400,3,11540,233,54
28.48222,-97.917109,2026-10-01 21:08:58.344007936,3,8166,201,42
28.689616,-97.799893,2026-10-01 21:08:58.344090368,3,7255,264,24
26.928236,-98.222868,2026-10-01 21:09:00.31009280,3,10970,242,28
28.306131,-98.487876,2026-10-01 21:09:00.170700544,3,6567,219,89
28.253881,-98.430447,2026-10-01 21:09:00.170710016,3,7494,198,77
28.368767,-98.44846,2026-10-01 21:09:00.170736384,3,11416,201,61
28.357344,-98.494545,2026-10-01 21:09:00.170751232,3,4462,248,48
28.325741,-98.435716,2026-10-01 21:09:00.229338880,3,8455,238,24
28.25254,-98.488723,2026-10-01 21:09:00.229342208,3,6880,204,58
26.851008,-97.825548,2026-10-01 21:09:00.240028416,3,12613,195,38
28.279546,-98.489684,2026-10-01 21:09:00.282942976,3,6613,220,57
36.76143,42.896131,2026-10-01 21:05:10.836086016,4,8530,256,30
39.332824,-0.260513,2026-10-01 21:05:25.538214912,4,11113,268,24
39.606269,0.095912,2026-10-01 21:05:25.547239168,4,9971,258,36
39.266261,-0.363741,2026-10-01 21:05:25.587891456,4,13926,221,20
35.546415,31.364935,2026-10-01 21:05:43.951340032,4,10028,163,31
35.382115,32.196945,2026-10-01 21:06:04.537038848,4,9209,260,24
35.813096,31.984359,2026-10-01 21:06:04.972093952,4,7731,179,29
35.432437,31.272291,2026-10-01 21:06:07.719378688,4,9870,171,27
34.767558,28.24236,2026-10-01 21:06:10.226692096,4,7456,252,20
35.767958,31.922003,2026-10-01 21:06:18.954866944,4,5162,175,24
36.641399,34.766897,2026-10-01 21:06:20.552803072,4,12071,255,22
35.88744,31.924081,2026-10-01 21:06:24.33493504,4,11221,163,20
24.478819,107.331,2026-10-01 21:06:47.2207488,4,11581,164,39
40.655352,0.393127,2026-10-01 21:06:48.513435392,4,7699,209,24
40.629617,0.383062,2026-10-01 21:06:48.931169792,4,8569,232,33
36.206766,31.682137,2026-10-01 21:07:06.562067712,4,13317,249,20
35.889836,31.930588,2026-10-01 21:07:06.594513920,4,10381,163,21
35.89235,31.953559,2026-10-01 21:07:06.633468160,4,7570,175,20
26.071334,107.378017,2026-10-01 21:07:10.821882880,4,14574,205,37
35.583966,31.367253,2026-10-01 21:07:15.52701440,4,8487,161,21
35.880927,31.106475,2026-10-01 21:07:34.330720000,4,14899,259,15
35.895171,31.103401,2026-10-01 21:07:34.628549888,4,9992,262,21
35.460476,32.096228,2026-10-01 21:07:34.794034944,4,8420,260,17
40.755142,0.437217,2026-10-01 21:07:42.488931840,4,10184,265,21
40.717273,0.359875,2026-10-01 21:07:42.523328256,4,9318,194,33
40.734679,0.459969,2026-10-01 21:07:42.633965312,4,8120,265,22
40.743412,0.429091,2026-10-01 21:07:42.891405824,4,7844,265,29
36.076735,31.678479,2026-10-01 21:07:49.922941952,4,10276,242,20
40.71711,0.34129,2026-10-01 21:08:08.612086784,4,12304,194,25
36.601637,42.797853,2026-10-01 21:08:09.608723968,4,10828,256,25
40.748594,0.469515,2026-10-01 21:08:17.919100672,4,9516,265,31
40.804887,0.53582,2026-10-01 21:08:18.185671424,4,11236,258,34
40.750943,0.493832,2026-10-01 21:08:18.524610304,4,5693,265,24
36.63835,34.626933,2026-10-01 21:08:22.532132096,4,8171,258,24
40.932854,0.381685,2026-10-01 21:08:34.522285824,4,7776,265,24
36.842051,34.635064,2026-10-01 21:08:43.902027008,4,7711,260,24
39.854767,0.420959,2026-10-01 21:08:59.100976128,4,13736,241,37
40.511954,0.264391,2026-10-01 21:08:59.133818880,4,7099,266,29
28.166594,-97.708951,2026-10-01 21:05:04.659901696,7,12198,238,22
21.418604,-100.566073,2026-10-01 21:05:05.82315520,7,11714,239,9
23.343717,-83.042043,2026-10-01 21:05:06.709845504,7,11849,258,18
23.225809,-82.982767,2026-10-01 21:05:06.948959232,7,13187,261,14
28.258989,-97.942735,2026-10-01 21:05:09.399650048,7,12149,183,30
28.212686,-97.898861,2026-10-01 21:05:09.399659264,7,8750,214,21
28.257412,-97.876009,2026-10-01 21:05:09.433040384,7,12840,203,15
24.07421,-60.276016,2026-10-01 21:05:11.104004096,7,6508,166,16
26.803159,-98.642573,2026-10-01 21:05:18.596117248,7,6051,218,29
26.754541,-98.625512,2026-10-01 21:05:18.596125184,7,11073,224,31
27.926591,-97.912822,2026-10-01 21:05:25.681060096,7,13783,237,11
28.386277,-98.374638,2026-10-01 21:05:26.414842624,7,14565,203,20
17.274814,-94.439186,2026-10-01 21:05:28.185989120,7,6451,259,14
26.703645,-98.676806,2026-10-01 21:05:32.132959488,7,11660,216,17
25.740821,-78.537596,2026-10-01 21:05:33.987453184,7,7647,222,16
27.095954,-97.761917,2026-10-01 21:05:41.46202624,7,12138,211,15
29.496656,-96.740227,2026-10-01 21:05:45.12697088,7,7263,218,20
27.712356,-97.895615,2026-10-01 21:05:54.165150976,7,9021,241,19
28.55105,-98.57343,2026-10-01 21:05:54.632479488,7,6276,205,24
28.538264,-98.492673,2026-10-01 21:05:54.632508160,7,7791,230,18
26.854132,-98.267462,2026-10-01 21:05:54.785858560,7,10138,227,14
28.492465,-98.630051,2026-10-01 21:05:54.804296192,7,7253,181,23
28.629092,-98.554648,2026-10-01 21:05:54.968526592,7,6785,202,25
27.927422,-97.854927,2026-10-01 21:05:55.701799424,7,8084,205,13
27.42834,-73.235552,2026-10-01 21:06:04.324911360,7,8385,205,11
27.973194,-97.821443,2026-10-01 21:06:09.754241024,7,12896,205,14
18.280204,-89.28644,2026-10-01 21:06:09.789408768,7,10189,250,19
26.590097,-98.768194,2026-10-01 21:06:10.319604992,7,13873,118,18
28.132962,-97.804139,2026-10-01 21:06:12.381349120,7,8187,204,17
24.809748,-99.059956,2026-10-01 21:06:12.413186048,7,9761,232,16
5.386688,-62.658187,2026-10-01 21:06:15.702953216,7,8436,213,14
29.2439,-97.857891,2026-10-01 21:06:16.702096384,7,8009,196,29
28.489409,-97.838682,2026-10-01 21:06:16.701968640,7,8736,234,21
29.150358,-97.882431,2026-10-01 21:06:16.846267136,7,8354,175,16
29.706957,-97.033932,2026-10-01 21:06:17.528717824,7,10423,190,20
27.244922,-62.466815,2026-10-01 21:06:17.541261568,7,3604,178,22
29.712677,-96.752775,2026-10-01 21:06:26.229767168,7,10457,226,20
25.782379,-78.566015,2026-10-01 21:06:26.574131200,7,12299,221,15
25.747067,-78.573509,2026-10-01 21:06:26.632630272,7,10082,266,12
26.738343,-60.894906,2026-10-01 21:06:41.779639296,7,10750,218,12
28.35061,-74.637145,2026-10-01 21:06:43.693588736,7,5316,258,12
17.089369,-94.501842,2026-10-01 21:06:44.719399424,7,7375,260,12
26.803635,-97.875413,2026-10-01 21:06:46.285106688,7,9400,217,19
27.485426,-73.132184,2026-10-01 21:06:57.687158528,7,7824,251,13
27.863391,-97.872545,2026-10-01 21:06:59.572516608,7,11679,186,14
27.917773,-97.869707,2026-10-01 21:06:59.720597504,7,11228,205,14
27.055627,-97.823352,2026-10-01 21:07:06.459012352,7,12268,193,22
27.048881,-97.802188,2026-10-01 21:07:06.459027968,7,13290,221,12
27.06815,-97.843196,2026-10-01 21:07:06.527620096,7,9892,193,18
28.706094,-98.469205,2026-10-01 21:07:13.678311424,7,11572,200,17
28.80139,-98.412819,2026-10-01 21:07:13.754468864,7,7627,211,21
28.697897,-98.503402,2026-10-01 21:07:13.754469120,7,12895,212,12
17.962704,-97.225322,2026-10-01 21:07:14.589034240,7,12946,263,13
28.238652,-98.516761,2026-10-01 21:07:23.87344128,7,12744,183,26
28.184563,-98.498939,2026-10-01 21:07:23.87376128,7,8067,215,20
28.250189,-98.516911,2026-10-01 21:07:23.545630208,7,9841,183,21
27.917992,-98.530627,2026-10-01 21:07:23.545564672,7,11864,249,21
26.817257,-98.636077,2026-10-01 21:07:26.94640640,7,12505,196,14
26.85426,-98.636426,2026-10-01 21:07:26.179644416,7,9187,199,17
29.425384,-97.536068,2026-10-01 21:07:26.348301568,7,12005,173,23
28.373985,-74.671138,2026-10-01 21:07:30.154919424,7,5093,258,24
28.316167,-74.699227,2026-10-01 21:07:30.332100096,7,5576,232,24
25.727539,-78.565934,2026-10-01 21:07:31.806516480,7,6747,222,16
29.931682,-96.867924,2026-10-01 21:07:32.333530624,7,12124,188,21
27.141757,-97.80479,2026-10-01 21:07:41.881660416,7,9218,215,13
27.093849,-97.770802,2026-10-01 21:07:41.963608832,7,11685,193,14
27.0839,-97.868747,2026-10-01 21:07:42.77540352,7,10574,196,24
27.097888,-97.812113,2026-10-01 21:07:42.145630720,7,8277,193,14
21.299593,-100.638095,2026-10-01 21:07:42.395046400,7,5552,240,17
27.069681,-98.565013,2026-10-01 21:07:53.312289280,7,9944,193,15
23.208211,-85.274673,2026-10-01 21:07:53.840097024,7,6764,256,24
23.175673,-85.291816,2026-10-01 21:07:53.840077312,7,8896,241,17
22.227967,-79.163626,2026-10-01 21:07:54.207073024,7,11679,251,30
22.46142,-79.248356,2026-10-01 21:07:54.207180032,7,13324,268,16
22.208824,-79.166255,2026-10-01 21:07:54.264778240,7,8130,252,16
26.430229,-63.89339,2026-10-01 21:07:57.813885440,7,14397,152,17
26.63709,-63.999975,2026-10-01 21:07:57.813970688,7,9050,267,20
28.010623,-97.846546,2026-10-01 21:07:59.309809152,7,14656,188,15
21.743988,-100.964334,2026-10-01 21:07:59.962638848,7,7698,238,18
29.095489,-97.762754,2026-10-01 21:08:00.822394368,7,11152,176,17
18.961311,-88.9413,2026-10-01 21:08:03.787197696,7,7444,256,28
18.889479,-88.947081,2026-10-01 21:08:03.787169280,7,14318,247,19
16.601811,-94.159649,2026-10-01 21:08:13.608041984,7,6784,263,15
26.644072,-98.803415,2026-10-01 21:08:13.909724672,7,12680,197,12
27.903408,-97.912689,2026-10-01 21:08:14.278704384,7,11083,186,20
27.133406,-97.81125,2026-10-01 21:08:15.678433536,7,12671,211,17
27.070318,-98.47426,2026-10-01 21:08:16.470258432,7,14871,213,17
17.234942,-93.121463,2026-10-01 21:08:26.339384576,7,8401,258,12
26.742125,-98.704615,2026-10-01 21:08:30.32409856,7,10412,219,16
27.703003,-97.966941,2026-10-01 21:08:30.902703360,7,13058,188,19
28.138862,-98.412121,2026-10-01 21:08:34.290596864,7,9367,215,23
28.012796,-98.497096,2026-10-01 21:08:34.290581760,7,14386,216,16
21.446631,-100.399126,2026-10-01 21:08:34.303098624,7,11022,238,27
15.942909,-84.110022,2026-10-01 21:08:34.321926656,7,14283,250,19
18.52734,-3.245115,2026-10-01 21:05:09.292442624,5,14764,170,20
18.190785,-3.230417,2026-10-01 21:06:42.947680000,5,5740,219,14
22.886875,113.599186,2026-10-01 21:05:05.46716672,9,10792,269,26
22.867426,113.437807,2026-10-01 21:05:19.935358720,9,9781,201,23
24.528616,107.318716,2026-10-01 21:05:38.404494080,9,8462,213,24
13.577451,141.520727,2026-10-01 21:06:09.105865472,9,11296,266,18
15.197542,141.042973,2026-10-01 21:06:12.240838912,9,4745,262,45
22.97494,113.479694,2026-10-01 21:06:13.357991168,9,13282,200,24
25.290524,106.003102,2026-10-01 21:06:13.904243712,9,8213,177,23
24.502328,107.331779,2026-10-01 21:06:47.2198784,9,13253,164,40
25.921491,107.639615,2026-10-01 21:07:10.821970944,9,6315,244,38
26.041875,107.364126,2026-10-01 21:07:11.67940608,9,11947,209,18
22.824796,113.550046,2026-10-01 21:07:17.227671040,9,9387,200,23
28.62802,127.436738,2026-10-01 21:07:30.326874112,9,4210,209,24
22.963365,113.047839,2026-10-01 21:07:40.937067776,9,13620,202,17
13.914798,150.968412,2026-10-01 21:07:57.781320704,9,3236,247,21
5.118988,100.564815,2026-10-01 21:08:38.411641856,9,9757,200,23
25.16273,105.980065,2026-10-01 21:08:47.263077632,9,12652,212,32
23.235378,116.344173,2026-10-01 21:08:56.464332544,9,14433,254,33
33.068857,133.781873,2026-10-01 21:08:56.471066368,9,10857,202,25
29.934402,-97.467996,2026-10-01 21:05:00.212068096,13,12868,223,55
22.977862,-55.285518,2026-10-01 21:05:00.295994368,13,5533,267,54
27.999275,-97.842373,2026-10-01 21:05:04.659873536,13,12592,237,46
28.007745,-97.84923,2026-10-01 21:05:04.659873024,13,7742,230,35
23.167687,-83.012305,2026-10-01 21:05:06.709810176,13,4431,264,35
23.139525,-82.99606,2026-10-01 21:05:06.948935680,13,6638,264,28
28.325323,-97.862516,2026-10-01 21:05:09.399638016,13,14594,236,95
28.249891,-97.962771,2026-10-01 21:05:09.399646464,13,13320,230,66
28.352671,-97.872191,2026-10-01 21:05:09.433073408,13,12150,219,38
28.399468,-97.82542,2026-10-01 21:05:09.632648448,13,9711,237,49
28.329914,-97.876673,2026-10-01 21:05:09.632656384,13,7938,232,33
27.327385,-73.068625,2026-10-01 21:05:12.19402240,13,11219,207,49
31.58418,-95.405824,2026-10-01 21:05:14.304845824,13,8736,139,35
31.702759,-95.31007,2026-10-01 21:05:14.304905216,13,10201,237,19
22.569491,-101.027168,2026-10-01 21:05:16.71914240,13,7728,270,87
31.568559,-95.629781,2026-10-01 21:05:17.303557120,13,11514,101,35
31.640997,-95.624772,2026-10-01 21:05:17.303628800,13,5833,240,24
27.641577,-99.674112,2026-10-01 21:05:17.971460096,13,3914,226,48
26.921714,-98.579002,2026-10-01 21:05:18.596129024,13,6188,249,73
26.81228,-98.634301,2026-10-01 21:05:18.694777856,13,7404,215,35
26.86,-98.626175,2026-10-01 21:05:18.891533824,13,8418,246,24
27.285476,-98.551077,2026-10-01 21:05:20.213533440,13,4225,229,52
27.122314,-98.521494,2026-10-01 21:05:20.332120064,13,5454,254,43
27.045823,-98.549403,2026-10-01 21:05:20.591924736,13,4450,245,34
28.875317,-98.55537,2026-10-01 21:05:21.256120064,13,10818,227,56
28.907518,-98.554976,2026-10-01 21:05:21.256131328,13,9374,202,45
23.127107,-102.206581,2026-10-01 21:05:21.959906304,13,13157,236,62
26.860989,-97.789133,2026-10-01 21:05:22.559915264,13,8091,242,28
27.30696,-97.710311,2026-10-01 21:05:22.626465792,13,13226,240,36
27.124226,-97.776406,2026-10-01 21:05:22.626445312,13,8512,214,35
37.291832,-98.462669,2026-10-01 21:05:22.789098752,13,9801,103,39
37.336995,-98.476957,2026-10-01 21:05:22.789142784,13,8930,169,27
24.875775,-99.045116,2026-10-01 21:05:23.894755328,13,4825,256,24
24.777098,-99.058634,2026-10-01 21:05:23.984513280,13,7623,229,32
26.831369,-98.242659,2026-10-01 21:05:24.946518272,13,6908,214,42
26.777184,-98.279509,2026-10-01 21:05:25.202409728,13,11914,239,23
28.029946,-97.892177,2026-10-01 21:05:25.681096192,13,5197,236,24
28.396421,-98.3616,2026-10-01 21:05:26.414838016,13,10100,218,55
28.431616,-98.35339,2026-10-01 21:05:26.414851584,13,3902,233,38
28.238712,-97.893168,2026-10-01 21:05:27.327025408,13,10583,237,52
28.02746,-97.843148,2026-10-01 21:05:27.326981376,13,7959,234,40
30.216953,-96.749387,2026-10-01 21:05:27.783269120,13,6437,236,29
26.77158,-98.673671,2026-10-01 21:05:32.132979200,13,4980,259,44
25.846504,-78.474441,2026-10-01 21:05:33.987502080,13,4168,244,33
27.067479,-97.670592,2026-10-01 21:05:35.871784448,13,9475,262,24
24.819117,-86.155542,2026-10-01 21:05:37.304949248,13,12011,224,37
27.124659,-97.748076,2026-10-01 21:05:41.46215936,13,6061,230,30
30.373628,-96.478529,2026-10-01 21:05:43.332594944,13,8151,183,61
29.478964,-96.630899,2026-10-01 21:05:45.12672512,13,7706,191,68
29.510717,-96.634634,2026-10-01 21:05:45.12680960,13,12408,194,60
28.028927,-97.946107,2026-10-01 21:05:49.364455424,13,11282,269,19
31.46139,-95.653261,2026-10-01 21:05:49.811846400,13,8660,131,86
31.519882,-95.595154,2026-10-01 21:05:49.811876352,13,4747,212,78
31.645663,-95.57929,2026-10-01 21:05:49.811921664,13,8977,239,51
31.860526,-95.441061,2026-10-01 21:05:53.341991424,13,10519,252,29
27.645304,-97.941749,2026-10-01 21:05:54.165124352,13,9700,191,45
28.617499,-98.501075,2026-10-01 21:05:54.632472832,13,8163,232,86
28.613085,-98.554879,2026-10-01 21:05:54.632497664,13,4409,245,62
28.635447,-98.574082,2026-10-01 21:05:54.804333824,13,7585,195,40
28.785792,-98.507475,2026-10-01 21:05:54.968541184,13,13213,228,43
27.996384,-97.847164,2026-10-01 21:05:55.701816576,13,10803,234,51
28.007823,-97.836398,2026-10-01 21:05:55.701820416,13,13647,206,33
22.006665,-78.825291,2026-10-01 21:05:55.951420928,13,10345,255,50
37.994407,-98.18284,2026-10-01 21:05:58.168000768,13,4498,120,129
37.997858,-98.292459,2026-10-01 21:05:58.167986688,13,3872,221,119
38.02749,-98.221418,2026-10-01 21:05:58.168010752,13,9625,133,105
38.049082,-98.211827,2026-10-01 21:05:58.168017408,13,6818,167,83
23.030052,-101.445298,2026-10-01 21:05:58.521529088,13,14055,240,44
24.998055,-98.864675,2026-10-01 21:05:58.698178560,13,9579,228,42
27.144273,-97.758454,2026-10-01 21:05:59.130159872,13,13474,207,42
21.428192,-100.404082,2026-10-01 21:06:02.455945216,13,12331,239,43
26.81798,-97.862864,2026-10-01 21:06:03.102310400,13,8453,247,36
26.806884,-97.859705,2026-10-01 21:06:03.102305024,13,8229,214,28
26.816413,-97.767968,2026-10-01 21:06:03.106793728,13,13597,210,25
26.867155,-97.842875,2026-10-01 21:06:03.246353664,13,8201,242,40
27.526971,-73.145394,2026-10-01 21:06:04.324948224,13,6726,254,23
32.509035,-95.115937,2026-10-01 21:06:05.377933824,13,8776,135,93
32.532218,-95.081502,2026-10-01 21:06:05.377951232,13,4718,252,89
22.254723,-79.211173,2026-10-01 21:06:05.944308992,13,3918,253,113
38.142136,-98.142748,2026-10-01 21:06:07.985473536,13,10486,126,56
38.05142,-98.135138,2026-10-01 21:06:07.985482752,13,10243,152,43
38.136041,-98.267703,2026-10-01 21:06:08.145779968,13,5719,170,37
38.127015,-98.238496,2026-10-01 21:06:08.145788160,13,5783,224,24
28.134813,-97.723248,2026-10-01 21:06:09.721404160,13,3376,254,33
30.236366,-83.741357,2026-10-01 21:06:10.81937664,13,2856,193,85
30.275377,-83.724109,2026-10-01 21:06:10.81978112,13,10960,229,74
30.269938,-83.719663,2026-10-01 21:06:10.81972992,13,11574,237,61
26.705306,-98.710454,2026-10-01 21:06:10.319651840,13,4548,234,31
26.741532,-98.699365,2026-10-01 21:06:10.412620288,13,5973,247,19
26.683137,-98.697506,2026-10-01 21:06:10.549416960,13,8682,215,48
28.288109,-97.759318,2026-10-01 21:06:12.381367552,13,14117,202,51
28.255425,-97.794578,2026-10-01 21:06:12.381378048,13,7213,229,42
24.787576,-99.05728,2026-10-01 21:06:12.413182976,13,5579,229,27
31.030527,-96.278693,2026-10-01 21:06:14.15558912,13,11905,191,33
29.233502,-97.845232,2026-10-01 21:06:16.702092800,13,9877,228,82
29.256349,-97.787107,2026-10-01 21:06:16.702108672,13,9884,202,69
37.465388,-98.882707,2026-10-01 21:06:16.777742848,13,13334,164,52
37.383732,-98.809838,2026-10-01 21:06:16.777722624,13,11661,144,69
29.720225,-97.029895,2026-10-01 21:06:17.528727296,13,11266,221,66
30.035471,-96.35754,2026-10-01 21:06:17.782983168,13,10434,176,21
26.76709,-97.882357,2026-10-01 21:06:18.115828224,13,9054,195,17
26.772063,-97.887625,2026-10-01 21:06:18.257369600,13,8868,195,27
30.04448,-96.366184,2026-10-01 21:06:20.484712960,13,14338,213,26
27.692937,-97.928003,2026-10-01 21:06:22.89211392,13,10714,225,46
27.636633,-97.94201,2026-10-01 21:06:22.124217088,13,9224,116,22
27.76904,-97.925764,2026-10-01 21:06:22.235764480,13,5672,254,26
28.031252,-97.892384,2026-10-01 21:06:23.302169856,13,4597,222,52
30.234558,-96.755402,2026-10-01 21:06:26.229825536,13,8348,221,68
25.870283,-78.456006,2026-10-01 21:06:26.574182144,13,10368,244,27
30.032899,-96.870078,2026-10-01 21:06:35.234695936,13,5028,249,38
28.160259,-97.743496,2026-10-01 21:06:35.720757248,13,9075,266,62
28.040236,-97.85619,2026-10-01 21:06:35.720739840,13,7269,228,46
27.958104,-97.925122,2026-10-01 21:06:35.855806208,13,4277,231,26
28.025745,-97.852414,2026-10-01 21:06:36.409920000,13,4061,264,30
31.403915,-96.062213,2026-10-01 21:06:38.737155072,13,4469,143,80
31.441695,-96.019396,2026-10-01 21:06:38.737171456,13,6894,237,78
31.479849,-95.977864,2026-10-01 21:06:38.737189120,13,13298,168,64
31.663302,-95.321952,2026-10-01 21:06:38.825904384,13,10379,170,17
31.527236,-95.462186,2026-10-01 21:06:41.83697920,13,13314,171,61
31.566251,-95.449228,2026-10-01 21:06:41.83716096,13,13194,169,55
31.573491,-95.434538,2026-10-01 21:06:41.83728896,13,10044,180,45
28.453261,-74.733301,2026-10-01 21:06:43.693636096,13,4892,223,87
26.822699,-97.871353,2026-10-01 21:06:46.285110784,13,3298,246,25
27.038848,-98.535596,2026-10-01 21:06:47.578999808,13,13035,228,26
27.119701,-98.465529,2026-10-01 21:06:47.683873792,13,9682,248,65
27.034771,-98.53645,2026-10-01 21:06:47.683875584,13,4703,216,52
18.795785,-78.635942,2026-10-01 21:06:47.818452992,13,4319,267,26
26.834831,-98.646666,2026-10-01 21:06:52.959832576,13,9682,250,73
26.699008,-98.706916,2026-10-01 21:06:53.115983872,13,8378,234,60
26.640015,-98.771668,2026-10-01 21:06:53.400907008,13,9830,197,40
28.074827,-98.002715,2026-10-01 21:06:56.527506688,13,14621,184,28
22.925542,-101.346559,2026-10-01 21:06:57.221008128,13,12575,236,21
27.501482,-73.122101,2026-10-01 21:06:57.687164672,13,7572,252,22
26.946899,-98.224072,2026-10-01 21:06:58.575177984,13,6124,231,45
27.906362,-97.875627,2026-10-01 21:06:59.572524288,13,11100,186,34
27.976647,-97.856889,2026-10-01 21:06:59.720613632,13,5445,228,28
18.326932,-89.055958,2026-10-01 21:07:00.510686464,13,9029,246,14
30.191725,-96.342879,2026-10-01 21:07:03.540981248,13,12918,245,17
27.322203,-97.686952,2026-10-01 21:07:06.459081984,13,6829,265,76
27.113903,-97.784113,2026-10-01 21:07:06.459042304,13,8472,208,66
27.216129,-97.771146,2026-10-01 21:07:06.527670272,13,2604,253,35
28.052051,-97.846149,2026-10-01 21:07:12.91135744,13,6415,236,47
28.055243,-97.853402,2026-10-01 21:07:12.91138048,13,5149,236,40
25.120399,-77.421909,2026-10-01 21:07:12.605861888,13,6395,249,22
27.975424,-97.873122,2026-10-01 21:07:12.736664832,13,9599,185,42
28.708962,-98.53364,2026-10-01 21:07:13.471892224,13,5588,216,97
28.740504,-98.528282,2026-10-01 21:07:13.471902720,13,5897,244,89
28.731943,-98.551061,2026-10-01 21:07:13.632146176,13,5677,232,27
28.775367,-98.516132,2026-10-01 21:07:13.754448384,13,7587,233,61
26.955264,-97.832142,2026-10-01 21:07:13.943450112,13,6828,242,30
28.61333,-98.644923,2026-10-01 21:07:14.424823040,13,11091,243,24
28.73114,-97.454788,2026-10-01 21:07:17.366629632,13,14671,265,26
28.653301,-98.436003,2026-10-01 21:07:17.507356928,13,10816,242,30
23.422585,-102.730222,2026-10-01 21:07:18.288834048,13,6980,240,34
28.157545,-97.847747,2026-10-01 21:07:18.823363584,13,6713,224,38
31.356715,-95.839382,2026-10-01 21:07:20.56454400,13,10070,210,35
31.638949,-95.208339,2026-10-01 21:07:21.380533760,13,12571,119,49
31.811708,-95.272224,2026-10-01 21:07:21.380583936,13,5566,231,35
28.289808,-98.486745,2026-10-01 21:07:23.87365120,13,6739,234,92
28.31179,-98.503631,2026-10-01 21:07:23.87404032,13,10003,230,68
28.290095,-98.50781,2026-10-01 21:07:23.545639168,13,5349,220,55
28.381056,-98.457818,2026-10-01 21:07:23.545673984,13,7225,200,90
26.901644,-98.615501,2026-10-01 21:07:26.94665472,13,5385,242,28
26.860002,-98.631466,2026-10-01 21:07:26.179655936,13,9917,214,20
29.475163,-97.531618,2026-10-01 21:07:26.348320000,13,14855,192,61
28.463359,-74.722874,2026-10-01 21:07:30.154957312,13,5296,223,74
25.895908,-78.522772,2026-10-01 21:07:31.806555136,13,10079,252,35
29.881777,-96.950572,2026-10-01 21:07:32.333477120,13,11903,199,58
29.940118,-96.802324,2026-10-01 21:07:32.333517824,13,14943,187,48
27.975935,-97.816388,2026-10-01 21:07:35.806041600,13,13056,185,34
28.03155,-97.849717,2026-10-01 21:07:36.703960064,13,6052,222,102
28.028717,-97.852121,2026-10-01 21:07:36.703963136,13,6885,234,91
28.096802,-97.79964,2026-10-01 21:07:36.703992320,13,12167,198,77
28.012619,-97.856665,2026-10-01 21:07:36.790072320,13,14036,219,73
28.000148,-97.879318,2026-10-01 21:07:36.937138176,13,3818,218,31
27.998025,-97.873975,2026-10-01 21:07:37.445765120,13,5162,218,31
26.648333,-98.754151,2026-10-01 21:07:38.418296320,13,11743,197,40
26.880566,-98.237771,2026-10-01 21:07:40.392132096,13,10162,195,24
19.397118,-109.245208,2026-10-01 21:07:40.795017984,13,7397,262,29
27.165457,-98.50952,2026-10-01 21:07:40.910237440,13,5234,241,24
27.17465,-98.502667,2026-10-01 21:07:41.125494272,13,5075,229,50
27.225868,-97.757349,2026-10-01 21:07:41.881654528,13,12066,207,50
27.122123,-97.774974,2026-10-01 21:07:41.963622912,13,10624,230,23
27.18265,-97.791454,2026-10-01 21:07:42.77576704,13,4761,230,31
26.861316,-97.860349,2026-10-01 21:07:42.97220096,13,7630,217,29
27.194049,-97.786837,2026-10-01 21:07:42.145656320,13,5073,252,24
21.432895,-100.552774,2026-10-01 21:07:42.395095296,13,3925,262,36
23.14362,-83.066147,2026-10-01 21:07:44.653388032,13,3533,260,23
23.23919,-83.161542,2026-10-01 21:07:44.860205056,13,4318,269,69
27.924583,-97.973256,2026-10-01 21:07:46.510553088,13,10561,166,34
26.666714,-98.767035,2026-10-01 21:07:48.341690880,13,12692,197,29
26.802056,-98.69383,2026-10-01 21:07:48.533509888,13,8043,212,37
30.263632,-96.530816,2026-10-01 21:07:49.534276864,13,11867,248,39
26.994722,-98.586514,2026-10-01 21:07:53.312291072,13,10666,194,28
23.160003,-85.358412,2026-10-01 21:07:53.840077312,13,14544,254,64
22.25469,-79.17767,2026-10-01 21:07:54.207079168,13,2476,266,121
22.411868,-79.211912,2026-10-01 21:07:54.580225024,13,6592,251,79
37.337662,-98.52138,2026-10-01 21:07:58.81860096,13,8000,151,29
28.074294,-97.810042,2026-10-01 21:07:59.309848320,13,12867,264,42
28.057759,-97.832136,2026-10-01 21:07:59.309834752,13,10570,236,27
21.773514,-100.913001,2026-10-01 21:07:59.962657024,13,8891,241,55
29.131316,-97.758057,2026-10-01 21:08:00.822401792,13,11879,208,49
29.186259,-97.73632,2026-10-01 21:08:00.822414592,13,10866,229,28
30.177915,-96.246717,2026-10-01 21:08:02.908518400,13,7486,248,21
30.143382,-96.271753,2026-10-01 21:08:03.291767296,13,5985,221,31
29.769178,-98.031782,2026-10-01 21:08:05.696227584,13,13883,202,37
29.779672,-98.035592,2026-10-01 21:08:05.696226304,13,12268,224,31
31.401025,-95.933918,2026-10-01 21:08:07.276893440,13,7014,142,19
31.558661,-95.558533,2026-10-01 21:08:08.896143104,13,8275,145,61
31.678476,-95.454625,2026-10-01 21:08:08.896204544,13,4291,203,46
26.638105,-98.801986,2026-10-01 21:08:13.909723648,13,10631,197,33
28.010978,-97.856193,2026-10-01 21:08:14.278737920,13,5707,222,53
28.035811,-97.859713,2026-10-01 21:08:14.278747648,13,5383,236,37
31.372558,-95.940549,2026-10-01 21:08:14.361286400,13,12095,174,36
27.133353,-97.790799,2026-10-01 21:08:15.678438912,13,8735,207,45
27.163786,-97.831223,2026-10-01 21:08:16.94402560,13,6610,225,30
27.109691,-98.46076,2026-10-01 21:08:16.470277632,13,8092,230,57
26.795852,-97.847916,2026-10-01 21:08:19.767748864,13,8700,232,67
26.846614,-97.840928,2026-10-01 21:08:19.767760640,13,4401,252,55
30.218765,-96.330175,2026-10-01 21:08:22.174149120,13,8939,188,46
26.914821,-97.889697,2026-10-01 21:08:22.452372224,13,7140,231,48
30.242115,-96.326832,2026-10-01 21:08:22.561292288,13,6442,186,38
26.809365,-97.867875,2026-10-01 21:08:24.941540608,13,9777,195,47
26.7815,-98.709575,2026-10-01 21:08:29.753438208,13,5970,243,29
26.525123,-98.735135,2026-10-01 21:08:30.32354048,13,12989,198,40
37.326235,-98.836475,2026-10-01 21:08:30.284337152,13,13153,60,88
37.362497,-98.845364,2026-10-01 21:08:30.284352512,13,6869,146,75
37.207433,-98.442829,2026-10-01 21:08:30.284270336,13,8075,252,30
25.518319,-101.065948,2026-10-01 21:08:30.703867648,13,4404,253,25
27.682402,-97.948553,2026-10-01 21:08:30.902699776,13,14514,188,35
17.968841,-89.437611,2026-10-01 21:08:33.835284480,13,10934,248,18
28.005359,-98.500307,2026-10-01 21:08:34.290542080,13,7081,218,59
21.673283,-100.254337,2026-10-01 21:08:34.303177728,13,10590,241,94
28.030698,-97.811133,2026-10-01 21:08:34.854255616,13,8534,222,98
28.013814,-97.823971,2026-10-01 21:08:34.854245632,13,8902,234,83
28.090792,-97.776007,2026-10-01 21:08:34.854284544,13,7145,201,68
29.483413,-98.025709,2026-10-01 21:08:36.12376832,13,7065,206,26
22.403891,-79.213677,2026-10-01 21:08:38.462967552,13,5075,251,77
28.016055,-97.845671,2026-10-01 21:08:39.913429248,13,11668,236,45
27.983595,-97.83074,2026-10-01 21:08:39.913411072,13,11819,203,31
21.898707,-100.915092,2026-10-01 21:08:40.104322560,13,4953,269,31
20.919894,-77.197817,2026-10-01 21:08:40.290990848,13,2849,261,42
29.26205,-97.812564,2026-10-01 21:08:40.829715200,13,9760,233,33
26.973564,-98.292896,2026-10-01 21:08:43.309400064,13,14742,213,20
30.100597,-96.377019,2026-10-01 21:08:43.331626752,13,7930,193,25
27.646539,-97.933995,2026-10-01 21:08:45.524078848,13,11447,188,48
27.628955,-97.931599,2026-10-01 21:08:45.581028864,13,6331,188,22
27.826515,-97.874511,2026-10-01 21:08:45.639789824,13,13862,205,34
28.939745,-97.422324,2026-10-01 21:08:47.60555520,13,11970,177,41
27.096138,-98.485595,2026-10-01 21:08:47.766513664,13,6530,193,27
23.503835,-103.499101,2026-10-01 21:08:50.737778944,13,10243,265,20
27.130131,-97.680693,2026-10-01 21:08:50.887812352,13,13039,266,26
28.523459,-97.948602,2026-10-01 21:08:51.163936512,13,11335,180,47
26.824271,-97.859595,2026-10-01 21:08:51.514333696,13,14553,217,37
30.307933,-96.52902,2026-10-01 21:08:54.885156608,13,7217,248,35
30.196238,-96.459542,2026-10-01 21:08:55.476313088,13,10743,189,57
30.259009,-96.44056,2026-10-01 21:08:55.476371712,13,5956,217,47
27.682309,-98.751153,2026-10-01 21:08:55.631372288,13,9740,225,46
36.835957,-100.341285,2026-10-01 21:08:57.208937216,13,4850,114,30
28.440683,-97.921178,2026-10-01 21:08:58.230182144,13,9709,181,37
28.507491,-97.902027,2026-10-01 21:08:58.230193664,13,6006,233,23
28.348275,-97.839807,2026-10-01 21:08:58.343954176,13,14141,151,53
28.497841,-97.917584,2026-10-01 21:08:58.344013056,13,7106,231,40
26.939416,-98.213536,2026-10-01 21:09:00.31013632,13,6764,243,21
28.310503,-98.488808,2026-10-01 21:09:00.170702080,13,7037,219,93
27.665546,-97.959625,2026-10-01 21:09:02.363893248,13,5684,221,68
27.682778,-97.935023,2026-10-01 21:09:02.363939840,13,6787,207,54
37.985648,-98.157865,2026-10-01 21:09:03.303482368,13,6538,95,116
37.993504,-98.244801,2026-10-01 21:09:03.303474432,13,11301,185,103
27.054742,-98.559636,2026-10-01 21:09:03.774699776,13,12023,245,42
38.048055,-98.16051,2026-10-01 21:09:04.86575872,13,7609,98,83
38.056253,-98.248297,2026-10-01 21:09:04.86568192,13,9906,185,66
38.036951,-98.181202,2026-10-01 21:09:04.86622464,13,9155,124,48
28.07442,-97.740923,2026-10-01 21:09:05.301344000,13,8161,234,67
27.983251,-97.801115,2026-10-01 21:09:05.301346304,13,5177,204,54
27.966611,-97.852325,2026-10-01 21:09:05.464253184,13,7254,251,25
28.014721,-97.873195,2026-10-01 21:09:05.704241664,13,5682,238,28
27.032952,-98.261476,2026-10-01 21:09:06.344453376,13,3893,241,29
27.568611,-98.766154,2026-10-01 21:09:06.604760320,13,7506,221,33
21.759315,-78.798167,2026-10-01 21:09:06.790825472,13,5563,256,26
27.140783,-98.496911,2026-10-01 21:09:09.870911232,13,7237,241,42
26.740937,-98.706274,2026-10-01 21:09:10.57490432,13,5613,233,54
29.144933,-97.772013,2026-10-01 21:09:10.736776192,13,7910,215,82
29.081449,-97.716255,2026-10-01 21:09:10.736783104,13,5896,226,68
29.258046,-97.777148,2026-10-01 21:09:10.736841216,13,5915,248,54
27.128965,-97.783892,2026-10-01 21:09:11.610387200,13,4698,252,86
27.139254,-97.789802,2026-10-01 21:09:11.610423040,13,13831,208,69
27.998525,-97.848204,2026-10-01 21:09:14.362504704,13,10495,235,48
24.502328,107.331779,2026-10-01 21:06:47.2198784,14,13253,164,42
39.069221,-0.075978,2026-10-01 21:05:05.776505856,11,14908,182,82
28.293917,-97.888005,2026-10-01 21:05:09.399672576,11,10813,202,28
39.100339,-0.076015,2026-10-01 21:05:10.74234368,11,5185,205,38
38.984526,-0.068554,2026-10-01 21:05:10.74196480,11,8373,257,45
24.022467,-60.240129,2026-10-01 21:05:11.103982080,11,11261,188,263
39.277877,-0.355554,2026-10-01 21:05:18.608189440,11,2450,217,423
39.259784,-0.400989,2026-10-01 21:05:18.608183296,11,3113,258,410
39.223884,-0.397279,2026-10-01 21:05:18.670116352,11,6715,205,202
39.326686,-0.153843,2026-10-01 21:05:25.538150912,11,11534,238,181
39.333163,-0.198822,2026-10-01 21:05:25.547048960,11,7839,118,176
28.000684,-97.826389,2026-10-01 21:05:27.326983424,11,12144,204,23
40.646176,0.532939,2026-10-01 21:05:36.519226880,11,13758,118,60
40.6324,0.459637,2026-10-01 21:05:36.519278336,11,6232,187,47
40.652381,0.490893,2026-10-01 21:05:36.519287296,11,4767,249,32
40.68978,0.531127,2026-10-01 21:05:38.347750400,11,6984,117,318
40.706642,0.520731,2026-10-01 21:05:38.347760384,11,9434,151,295
40.705131,0.52467,2026-10-01 21:05:38.347762432,11,5738,191,274
39.370113,-2.54504,2026-10-01 21:05:40.475619072,11,10290,200,64
35.56036,31.277121,2026-10-01 21:05:43.981290752,11,11639,145,70
27.976763,-97.847221,2026-10-01 21:05:55.701809408,11,8462,239,55
39.0351,0.022951,2026-10-01 21:05:55.995291136,11,10767,167,61
39.062222,0.012292,2026-10-01 21:05:55.995377408,11,11767,199,48
39.039251,-0.021313,2026-10-01 21:05:55.995357696,11,3910,260,35
39.116275,0.03791,2026-10-01 21:05:55.995386880,11,4551,261,22
40.80312,0.429066,2026-10-01 21:05:57.341896704,11,3084,181,154
40.770636,0.480773,2026-10-01 21:05:58.261448448,11,11426,115,197
40.726772,0.461282,2026-10-01 21:05:58.617543680,11,12951,188,60
40.70489,0.450839,2026-10-01 21:05:58.617541888,11,13919,261,48
40.765225,0.536661,2026-10-01 21:06:02.279419392,11,8387,237,67
39.023194,-0.133644,2026-10-01 21:06:02.897999616,11,11291,267,26
40.659518,0.475579,2026-10-01 21:06:16.779476480,11,12643,136,123
39.035227,-0.113151,2026-10-01 21:06:22.320262912,11,9785,194,80
33.642149,-38.714047,2026-10-01 21:06:31.435003136,11,13505,225,176
39.576768,-2.421175,2026-10-01 21:06:37.771907840,11,12321,164,28
28.37806,-74.708374,2026-10-01 21:06:43.693608704,11,8018,249,54
40.733323,0.495412,2026-10-01 21:06:48.513411840,11,9139,116,229
40.752718,0.493343,2026-10-01 21:06:48.513423872,11,4722,197,209
40.708606,0.464874,2026-10-01 21:06:48.931144192,11,2677,197,348
42.270278,7.800086,2026-10-01 21:06:51.257441280,11,9029,248,28
40.75569,0.466316,2026-10-01 21:06:52.871368960,11,9762,254,91
40.731196,0.453721,2026-10-01 21:06:52.871418368,11,6396,262,83
26.688519,-98.731176,2026-10-01 21:06:52.959812096,11,7238,250,25
26.69922,-98.7076,2026-10-01 21:06:53.115983104,11,10909,216,22
40.790179,0.507509,2026-10-01 21:06:55.230957824,11,7161,254,31
42.29985,7.969119,2026-10-01 21:06:55.950323200,11,10095,158,25
40.736638,0.512171,2026-10-01 21:06:57.648104448,11,14713,108,73
40.740486,0.486159,2026-10-01 21:06:57.648173824,11,7502,181,60
40.739147,0.488276,2026-10-01 21:06:57.648177152,11,6834,258,47
36.449134,27.489187,2026-10-01 21:06:58.161961472,11,3296,193,33
40.736855,0.460196,2026-10-01 21:07:12.908360192,11,8074,199,64
40.728653,0.479934,2026-10-01 21:07:12.908354048,11,6684,206,92
36.37365,27.255033,2026-10-01 21:07:14.308672768,11,14486,244,85
35.601084,31.255299,2026-10-01 21:07:14.625578240,11,10163,144,240
35.561144,31.366508,2026-10-01 21:07:15.52706304,11,11606,160,43
40.791304,0.476312,2026-10-01 21:07:23.971644672,11,10039,175,21
39.093337,-0.036728,2026-10-01 21:07:24.978549504,11,8366,217,21
29.46631,-97.53812,2026-10-01 21:07:26.348314112,11,14798,192,16
39.330434,-0.198904,2026-10-01 21:07:36.177798656,11,6650,118,348
39.349975,-0.208729,2026-10-01 21:07:36.177812736,11,6850,194,384
38.138067,-2.532072,2026-10-01 21:07:46.112375552,11,12329,260,43
29.119906,-97.75871,2026-10-01 21:08:00.822397696,11,6276,200,19
36.396535,27.303566,2026-10-01 21:08:03.845589248,11,11447,244,197
40.779587,0.487289,2026-10-01 21:08:08.612050176,11,7013,212,207
40.729585,0.452749,2026-10-01 21:08:08.612036608,11,4374,267,191
40.752411,0.473795,2026-10-01 21:08:08.612048384,11,4450,256,179
40.74398,0.488892,2026-10-01 21:08:10.424127232,11,14195,163,62
40.743847,0.471726,2026-10-01 21:08:10.424196864,11,12337,176,57
40.682849,0.394469,2026-10-01 21:08:10.424172800,11,7645,257,44
40.790298,0.494013,2026-10-01 21:08:18.185592832,11,6965,242,430
40.7848,0.49203,2026-10-01 21:08:18.185590272,11,5466,232,412
26.81102,-97.8405,2026-10-01 21:08:19.767749632,11,5278,212,25
39.033929,-0.059901,2026-10-01 21:08:25.856553472,11,5500,260,41
37.383647,-98.804257,2026-10-01 21:08:30.284361728,11,13803,144,48
40.904206,0.404164,2026-10-01 21:08:34.464964352,11,10860,112,417
40.935309,0.384347,2026-10-01 21:08:34.464974848,11,4397,179,395
40.705261,0.419437,2026-10-01 21:08:39.181357568,11,6286,262,118
40.749146,0.485645,2026-10-01 21:08:39.181438464,11,6656,181,116
27.978619,-97.840025,2026-10-01 21:08:39.913413120,11,6259,204,25
39.217747,-0.40378,2026-10-01 21:08:42.359747840,11,10033,172,253
40.773124,0.479585,2026-10-01 21:08:44.184473856,11,7816,253,91
40.731174,0.455419,2026-10-01 21:08:44.184527616,11,8727,174,139
40.76484,0.445721,2026-10-01 21:08:44.184531200,11,5491,269,118
40.760306,0.464142,2026-10-01 21:08:44.184531968,11,9660,244,66
40.75564,0.50413,2026-10-01 21:08:47.929876992,11,11927,208,216
40.754677,0.537093,2026-10-01 21:08:47.929881344,11,13232,206,254
42.375768,7.932368,2026-10-01 21:08:54.951217152,11,9015,191,276
42.375561,7.934925,2026-10-01 21:08:54.951222784,11,6802,260,279
42.459425,7.847413,2026-10-01 21:08:54.951249408,11,14072,236,265
40.526327,0.303424,2026-10-01 21:08:59.101093120,11,6972,217,284
40.510947,0.329179,2026-10-01 21:08:59.101095680,11,5325,177,406
40.769714,0.508907,2026-10-01 21:09:05.47301632,11,5472,242,119
40.726542,0.476525,2026-10-01 21:09:05.47289088,11,5181,257,147
40.714419,0.509887,2026-10-01 21:09:05.185533696,11,7217,108,70
42.304008,7.936948,2026-10-01 21:09:08.958268416,11,5250,250,107
42.262001,7.937692,2026-10-01 21:09:08.958257920,11,12888,91,176
39.240858,-0.389955,2026-10-01 21:09:13.721179136,11,10214,199,165
39.069221,-0.075978,2026-10-01 21:05:05.776505856,12,14908,182,80
28.293917,-97.888005,2026-10-01 21:05:09.399672576,12,10813,202,28
39.100339,-0.076015,2026-10-01 21:05:10.74234368,12,5185,205,38
38.984526,-0.068554,2026-10-01 21:05:10.74196480,12,8373,257,45
24.022467,-60.240129,2026-10-01 21:05:11.103982080,12,11261,188,260
38.977897,-0.100188,2026-10-01 21:05:18.295641856,12,10133,213,129
26.807075,-98.638971,2026-10-01 21:05:18.596125184,12,9641,214,312
39.224087,-0.410334,2026-10-01 21:05:18.670119424,12,12896,209,273
39.326686,-0.153843,2026-10-01 21:05:25.538150912,12,11534,238,185
39.333163,-0.198822,2026-10-01 21:05:25.547048960,12,7839,118,187
40.646176,0.532939,2026-10-01 21:05:36.519226880,12,13758,118,60
40.6324,0.459637,2026-10-01 21:05:36.519278336,12,6232,187,47
40.652381,0.490893,2026-10-01 21:05:36.519287296,12,4767,249,32
40.68978,0.531127,2026-10-01 21:05:38.347750400,12,6984,117,318
40.706642,0.520731,2026-10-01 21:05:38.347760384,12,9434,151,295
40.705131,0.52467,2026-10-01 21:05:38.347762432,12,5738,191,276
39.370113,-2.54504,2026-10-01 21:05:40.475619072,12,10290,200,65
27.974085,-97.838059,2026-10-01 21:05:55.701809152,12,5273,204,63
39.0351,0.022951,2026-10-01 21:05:55.995291136,12,10767,167,61
39.062222,0.012292,2026-10-01 21:05:55.995377408,12,11767,199,48
39.039251,-0.021313,2026-10-01 21:05:55.995357696,12,3910,260,35
39.116275,0.03791,2026-10-01 21:05:55.995386880,12,4551,261,22
40.771112,0.475533,2026-10-01 21:05:57.341880832,12,8096,115,353
40.771593,0.432836,2026-10-01 21:05:58.261445888,12,4776,267,181
40.769227,0.472537,2026-10-01 21:05:58.261457408,12,5566,206,181
40.71377,0.507771,2026-10-01 21:06:02.279399168,12,8272,208,56
40.696793,0.536101,2026-10-01 21:06:02.279459328,12,14242,257,54
39.023194,-0.133644,2026-10-01 21:06:02.897999616,12,11291,267,26
40.659518,0.475579,2026-10-01 21:06:16.779476480,12,12643,136,123
36.235496,27.36314,2026-10-01 21:06:22.300739840,12,6278,263,82
39.039721,-0.090089,2026-10-01 21:06:22.320200960,12,7482,211,129
38.72419,-0.199333,2026-10-01 21:06:22.320155136,12,11948,238,175
39.046866,-0.111788,2026-10-01 21:06:22.386952448,12,9989,211,169
33.642149,-38.714047,2026-10-01 21:06:31.435003136,12,13505,225,176
39.203966,-0.468315,2026-10-01 21:06:33.405049088,12,13541,159,31
28.375718,-74.705103,2026-10-01 21:06:43.693607936,12,6336,239,60
40.733323,0.495412,2026-10-01 21:06:48.513411840,12,9139,116,229
40.752718,0.493343,2026-10-01 21:06:48.513423872,12,4722,197,209
40.737772,0.479987,2026-10-01 21:06:48.931153408,12,6288,213,350
40.786395,0.476222,2026-10-01 21:06:52.871374848,12,7610,253,118
40.69427,0.513713,2026-10-01 21:06:52.871424256,12,12892,197,97
40.731196,0.453721,2026-10-01 21:06:52.871418368,12,6396,262,83
26.69922,-98.7076,2026-10-01 21:06:53.115983104,12,10909,216,24
40.790179,0.507509,2026-10-01 21:06:55.230957824,12,7161,254,31
42.29985,7.969119,2026-10-01 21:06:55.950323200,12,10095,158,26
40.736638,0.512171,2026-10-01 21:06:57.648104448,12,14713,108,73
40.740486,0.486159,2026-10-01 21:06:57.648173824,12,7502,181,60
40.739147,0.488276,2026-10-01 21:06:57.648177152,12,6834,258,47
36.449134,27.489187,2026-10-01 21:06:58.161961472,12,3296,193,33
40.791304,0.476312,2026-10-01 21:07:23.971644672,12,10039,175,21
29.46631,-97.53812,2026-10-01 21:07:26.348314112,12,14798,192,16
39.367008,-0.217013,2026-10-01 21:07:36.177810432,12,3180,248,180
38.138067,-2.532072,2026-10-01 21:07:46.112375552,12,12329,260,43
29.119906,-97.75871,2026-10-01 21:08:00.822397696,12,6276,200,19
36.396535,27.303566,2026-10-01 21:08:03.845589248,12,11447,244,200
40.779587,0.487289,2026-10-01 21:08:08.612050176,12,7013,212,208
40.729585,0.452749,2026-10-01 21:08:08.612036608,12,4374,267,192
40.74398,0.488892,2026-10-01 21:08:10.424127232,12,14195,163,62
40.743847,0.471726,2026-10-01 21:08:10.424196864,12,12337,176,57
40.682849,0.394469,2026-10-01 21:08:10.424172800,12,7645,257,44
27.977439,-97.865064,2026-10-01 21:08:14.278729216,12,9355,204,21
40.759666,0.472873,2026-10-01 21:08:18.185581824,12,10711,222,114
39.033929,-0.059901,2026-10-01 21:08:25.856553472,12,5500,260,41
37.383647,-98.804257,2026-10-01 21:08:30.284361728,12,13803,144,49
40.904206,0.404164,2026-10-01 21:08:34.464964352,12,10860,112,417
40.935309,0.384347,2026-10-01 21:08:34.464974848,12,4397,179,395
40.793616,0.466745,2026-10-01 21:08:39.181392384,12,9614,216,75
27.978089,-97.839911,2026-10-01 21:08:39.913412864,12,6268,204,22
39.217747,-0.40378,2026-10-01 21:08:42.359747840,12,10033,172,254
39.275022,-0.406918,2026-10-01 21:08:42.421323520,12,5970,223,186
40.773124,0.479585,2026-10-01 21:08:44.184473856,12,7816,253,91
40.731174,0.455419,2026-10-01 21:08:44.184527616,12,8727,174,140
40.765016,0.445748,2026-10-01 21:08:44.184531200,12,5512,263,80
40.756382,0.522216,2026-10-01 21:08:47.929878272,12,13939,212,257
40.754677,0.537093,2026-10-01 21:08:47.929881344,12,13232,206,255
42.375768,7.932368,2026-10-01 21:08:54.951217152,12,9015,191,276
42.375561,7.934925,2026-10-01 21:08:54.951222784,12,6802,260,279
42.459425,7.847413,2026-10-01 21:08:54.951249408,12,14072,236,265
39.075852,-0.069392,2026-10-01 21:08:55.923909632,12,9699,199,96
39.032354,-0.104162,2026-10-01 21:08:55.923963392,12,10231,202,82
40.526327,0.303424,2026-10-01 21:08:59.101093120,12,6972,217,284
40.510947,0.329179,2026-10-01 21:08:59.101095680,12,5325,177,407
40.755137,0.498611,2026-10-01 21:09:01.174017536,12,12271,163,26
40.769714,0.508907,2026-10-01 21:09:05.47301632,12,5472,242,128
40.726542,0.476525,2026-10-01 21:09:05.47289088,12,5181,257,148
42.304008,7.936948,2026-10-01 21:09:08.958268416,12,5250,250,107
42.262001,7.937692,2026-10-01 21:09:08.958257920,12,12888,91,177
39.249852,-0.387715,2026-10-01 21:09:13.721180416,12,6878,231,153
39.71795,0.35193,2026-10-01 23:30:04.350682368,1,9718,194,46
39.754146,0.366075,2026-10-01 23:30:04.350686208,1,12889,254,40
28.043278,-98.33364,2026-10-01 23:30:04.908918272,1,14509,234,24
40.04978,0.28101,2026-10-01 23:30:05.472955648,1,7974,153,28
39.986467,0.268533,2026-10-01 23:30:05.558675200,1,14133,175,71
40.020013,0.226372,2026-10-01 23:30:05.558669824,1,4988,268,54
40.055147,0.263578,2026-10-01 23:30:05.558680320,1,4513,268,39
39.923861,0.119436,2026-10-01 23:30:05.558625792,1,9998,254,25
39.659676,0.59071,2026-10-01 23:30:13.884806144,1,9197,156,25
39.786785,0.373638,2026-10-01 23:30:14.462745600,1,13082,223,42
39.712628,0.273867,2026-10-01 23:30:14.462701312,1,6073,255,36
39.738054,0.311979,2026-10-01 23:30:14.464394240,1,9598,180,33
39.726816,0.298958,2026-10-01 23:30:14.464381696,1,7330,255,21
39.993572,0.403057,2026-10-01 23:30:22.336934400,1,6424,217,64
39.97561,0.379788,2026-10-01 23:30:22.336996352,1,8070,175,51
39.983063,0.38944,2026-10-01 23:30:22.336994560,1,3050,267,37
39.733705,0.551309,2026-10-01 23:30:29.535155456,1,10854,209,27
39.727628,0.55679,2026-10-01 23:30:29.535159040,1,7129,189,219
40.055671,0.236429,2026-10-01 23:30:36.663556352,1,8139,176,58
40.060751,0.262126,2026-10-01 23:30:36.663559168,1,3654,253,45
40.074273,0.256327,2026-10-01 23:30:36.663563264,1,13361,153,31
39.645659,0.209323,2026-10-01 23:30:44.612690176,1,11966,197,15
39.804616,0.203077,2026-10-01 23:30:44.866574080,1,13925,217,41
39.746045,0.35042,2026-10-01 23:30:44.866582272,1,5511,155,20
39.83473,0.114882,2026-10-01 23:30:45.84463616,1,10036,243,41
39.9353,0.226726,2026-10-01 23:30:45.84513024,1,3551,265,28
39.933553,0.256314,2026-10-01 23:31:01.434145280,1,8578,254,28
38.000023,-2.71602,2026-10-01 23:31:10.766414336,1,5672,199,36
39.739882,0.534767,2026-10-01 23:31:11.689755392,1,14200,191,41
39.705841,0.483554,2026-10-01 23:31:11.689730560,1,8102,254,28
39.947292,0.393753,2026-10-01 23:31:28.537622528,1,7289,137,30
39.930585,0.33707,2026-10-01 23:31:28.537679872,1,9928,267,46
39.969147,0.346848,2026-10-01 23:31:28.537687808,1,3118,267,34
39.993825,0.374033,2026-10-01 23:31:28.537697792,1,10255,252,22
39.660456,0.606766,2026-10-01 23:31:28.872509184,1,8579,169,282
39.879005,0.401761,2026-10-01 23:31:35.934784000,1,14312,192,56
39.775243,0.339914,2026-10-01 23:31:35.934744064,1,5647,269,43
39.771191,0.333647,2026-10-01 23:31:35.934737152,1,5151,254,19
39.840148,0.462626,2026-10-01 23:31:36.23062784,1,13111,178,85
39.852065,0.461527,2026-10-01 23:31:36.23049472,1,8255,187,72
39.759868,0.330324,2026-10-01 23:31:36.23006720,1,5646,265,58
39.74845,0.312948,2026-10-01 23:31:36.22994688,1,3196,264,38
39.781422,0.3513,2026-10-01 23:31:36.23011840,1,9120,175,23
28.228508,-98.10241,2026-10-01 23:31:36.123728896,1,13437,203,25
35.455535,26.913038,2026-10-01 23:31:36.366039040,1,8804,208,48
28.224889,-98.087868,2026-10-01 23:31:36.384644608,1,6069,237,23
39.768505,0.585281,2026-10-01 23:31:37.345529600,1,13550,201,36
39.726692,0.414362,2026-10-01 23:31:37.345492480,1,12659,254,23
40.001148,0.291857,2026-10-01 23:31:44.592255232,1,13493,203,104
39.961239,0.209597,2026-10-01 23:31:52.998653184,1,9141,196,56
39.974533,0.213638,2026-10-01 23:31:52.998712320,1,8193,267,47
39.947492,0.243878,2026-10-01 23:31:53.1005824,1,9511,196,34
39.974105,0.214901,2026-10-01 23:31:53.1004544,1,5827,268,30
39.990653,0.237124,2026-10-01 23:31:53.11236864,1,7321,196,26
39.982911,0.282263,2026-10-01 23:31:53.11320576,1,6442,187,48
39.938399,0.123173,2026-10-01 23:31:53.11278080,1,5920,261,35
40.012036,0.213037,2026-10-01 23:31:53.11300096,1,14139,153,22
40.065053,0.342428,2026-10-01 23:31:53.704342784,1,12682,176,44
39.992307,0.226523,2026-10-01 23:31:53.704292096,1,6041,268,26
11.686257,119.459629,2026-10-01 23:30:16.727855360,2,12712,224,24
23.262046,115.613527,2026-10-01 23:30:37.374821888,2,9060,258,37
24.752005,107.364961,2026-10-01 23:30:46.322124032,2,12599,209,35
22.994272,115.737054,2026-10-01 23:31:32.481492480,2,7516,255,27
23.960374,-83.759834,2026-10-01 23:30:01.395370240,3,7100,248,59
31.39005,-94.262945,2026-10-01 23:30:11.822245888,3,13982,144,32
25.866587,-98.693439,2026-10-01 23:30:12.876937216,3,10130,247,28
25.776028,-98.702086,2026-10-01 23:30:13.38809600,3,11624,223,25
25.721353,-98.780786,2026-10-01 23:30:13.149769472,3,11191,223,22
25.851999,-99.023054,2026-10-01 23:30:13.193257472,3,11192,248,26
20.121638,-89.734319,2026-10-01 23:30:15.910811392,3,14412,266,25
27.058523,-98.316988,2026-10-01 23:30:18.108852480,3,10193,241,31
21.353159,-82.79867,2026-10-01 23:30:18.598090240,3,6949,254,29
28.037332,-98.232552,2026-10-01 23:30:20.605266944,3,9524,224,92
28.078267,-98.246014,2026-10-01 23:30:20.605285632,3,10024,221,81
28.067543,-98.100786,2026-10-01 23:30:20.718061568,3,9054,184,65
32.467534,-59.155199,2026-10-01 23:30:30.376795648,3,5881,256,43
28.075624,-98.380534,2026-10-01 23:30:32.595964672,3,10534,205,31
28.181265,-98.316221,2026-10-01 23:30:32.596009728,3,7159,235,18
28.300117,-98.160854,2026-10-01 23:30:32.664694784,3,9758,267,47
28.153014,-98.285528,2026-10-01 23:30:32.664671488,3,7695,235,34
28.358921,-98.13666,2026-10-01 23:30:32.664761600,3,9815,257,20
28.074609,-98.37112,2026-10-01 23:30:33.698773760,3,4286,236,29
28.364043,-98.138335,2026-10-01 23:30:33.698899968,3,4458,263,27
28.030688,-98.364075,2026-10-01 23:30:33.833235712,3,14169,205,32
28.099992,-98.356803,2026-10-01 23:30:33.833255168,3,4828,235,22
27.975136,-98.367707,2026-10-01 23:30:33.933896960,3,11373,206,21
25.834857,-99.01137,2026-10-01 23:30:33.987957760,3,5875,235,49
25.868866,-99.0176,2026-10-01 23:30:33.987966720,3,5359,247,33
27.873904,-98.401184,2026-10-01 23:30:34.132626176,3,6235,219,63
25.855473,-99.017903,2026-10-01 23:30:34.232290304,3,4972,253,46
27.836572,-98.452984,2026-10-01 23:30:34.300777984,3,6869,207,29
28.338915,-97.622805,2026-10-01 23:30:36.522240000,3,10350,232,46
28.065656,-97.697697,2026-10-01 23:30:36.621370368,3,14281,238,21
17.520962,-100.034702,2026-10-01 23:30:37.371795712,3,8584,258,56
25.792909,-99.035591,2026-10-01 23:30:40.472399104,3,7475,254,26
27.880473,-98.478978,2026-10-01 23:30:40.996749824,3,5616,237,38
27.884141,-98.490533,2026-10-01 23:30:40.996746496,3,8460,237,23
28.061819,-98.24056,2026-10-01 23:30:43.800172288,3,7817,224,59
28.110105,-98.248293,2026-10-01 23:30:43.800222208,3,5038,234,45
28.094119,-98.238277,2026-10-01 23:30:43.800221440,3,2450,252,31
28.116167,-98.23745,2026-10-01 23:30:43.929633792,3,9618,234,37
28.001019,-98.181822,2026-10-01 23:30:43.929629440,3,11182,232,67
28.132768,-98.246596,2026-10-01 23:30:43.929663232,3,7746,236,54
28.123895,-98.263849,2026-10-01 23:30:43.929664512,3,13910,247,35
28.137723,-98.260517,2026-10-01 23:30:44.120751616,3,13481,239,30
27.903638,-98.423214,2026-10-01 23:30:47.15527680,3,6932,246,68
27.943867,-98.416097,2026-10-01 23:30:47.15575808,3,8057,223,55
27.962269,-98.427865,2026-10-01 23:30:47.15579648,3,4236,237,42
27.9809,-98.429279,2026-10-01 23:30:47.15588352,3,8699,242,24
27.878547,-60.497754,2026-10-01 23:30:47.128986624,3,9473,197,83
27.847612,-98.527857,2026-10-01 23:30:47.601084672,3,11410,159,26
27.873386,-98.253753,2026-10-01 23:30:56.113466880,3,7982,243,43
27.863919,-98.268823,2026-10-01 23:30:56.113461248,3,4866,243,30
28.020128,-98.284867,2026-10-01 23:30:57.886878464,3,11355,224,57
28.108839,-98.291868,2026-10-01 23:30:57.886941696,3,6007,236,41
28.130813,-98.293255,2026-10-01 23:30:57.886953216,3,12008,236,25
28.120739,-98.242936,2026-10-01 23:30:58.23531008,3,12863,208,47
28.092421,-98.295026,2026-10-01 23:30:58.23548928,3,6425,236,34
28.060677,-98.308645,2026-10-01 23:30:58.23538688,3,14804,236,19
27.027929,-98.372736,2026-10-01 23:30:58.60974336,3,9031,242,34
27.035609,-98.391967,2026-10-01 23:30:58.60972032,3,10026,242,21
26.952624,-98.437614,2026-10-01 23:30:58.387582208,3,6100,214,27
27.039963,-98.377231,2026-10-01 23:30:59.21121280,3,8245,242,41
26.971725,-98.382353,2026-10-01 23:30:59.21099264,3,4696,217,28
30.885916,-95.573138,2026-10-01 23:31:00.104146944,3,11745,130,26
28.14172,-98.204542,2026-10-01 23:31:00.736581376,3,12791,242,28
28.135123,-98.279965,2026-10-01 23:31:00.736609280,3,7735,236,15
28.173126,-98.213638,2026-10-01 23:31:00.909618688,3,14272,200,51
28.120127,-98.268862,2026-10-01 23:31:00.909628672,3,4524,236,38
23.844898,-83.817916,2026-10-01 23:31:01.332937216,3,5623,250,91
23.934709,-83.863286,2026-10-01 23:31:01.332999168,3,11974,251,74
23.780465,-83.725062,2026-10-01 23:31:01.413516800,3,7995,246,40
28.086717,-98.273706,2026-10-01 23:31:06.783698432,3,12885,234,78
27.992967,-98.219842,2026-10-01 23:31:06.783694592,3,11824,199,60
28.076644,-98.278962,2026-10-01 23:31:06.783727104,3,9993,236,47
28.109279,-98.301935,2026-10-01 23:31:06.783737088,3,12717,247,33
33.939274,-50.402486,2026-10-01 23:31:09.689588736,3,12889,200,15
25.872831,-99.036266,2026-10-01 23:31:11.476517376,3,12470,247,19
27.809684,-98.317513,2026-10-01 23:31:13.352134144,3,8619,157,22
28.074235,-98.253192,2026-10-01 23:31:13.518102784,3,12285,224,75
28.078344,-98.25991,2026-10-01 23:31:13.518148352,3,13815,212,59
28.141214,-98.25825,2026-10-01 23:31:13.518158848,3,8710,236,45
27.890839,-98.226786,2026-10-01 23:31:13.547896064,3,10798,206,32
27.926377,-98.235015,2026-10-01 23:31:13.547896832,3,10470,236,19
28.003152,-98.161337,2026-10-01 23:31:13.717070336,3,14773,201,36
27.870808,-98.295598,2026-10-01 23:31:13.717044224,3,3738,239,23
29.462752,-96.396504,2026-10-01 23:31:15.614203648,3,7553,132,16
29.565955,-96.351845,2026-10-01 23:31:15.614245120,3,3637,231,80
29.555131,-96.358317,2026-10-01 23:31:15.614243072,3,4718,195,67
29.606401,-96.321085,2026-10-01 23:31:15.614267392,3,7312,223,54
27.919339,-98.369979,2026-10-01 23:31:16.112422400,3,11572,206,39
28.179215,-98.237292,2026-10-01 23:31:16.112519936,3,4482,267,24
27.916746,-98.372089,2026-10-01 23:31:16.186233856,3,11404,210,41
27.921803,-98.371487,2026-10-01 23:31:16.275130624,3,12172,210,44
28.131244,-98.228963,2026-10-01 23:31:16.568707584,3,10459,223,24
25.871007,-98.666203,2026-10-01 23:31:19.369683712,3,8565,247,22
25.801443,-98.676865,2026-10-01 23:31:19.488092672,3,12644,222,23
25.84583,-98.668537,2026-10-01 23:31:19.488104960,3,9833,247,15
19.169044,-100.032844,2026-10-01 23:31:20.77463040,3,12418,252,31
28.16878,-98.238594,2026-10-01 23:31:24.5021952,3,9219,200,44
28.090242,-98.277188,2026-10-01 23:31:24.5019392,3,9305,235,31
28.006568,-98.349661,2026-10-01 23:31:24.129511680,3,8836,206,32
25.825403,-99.009516,2026-10-01 23:31:27.66832128,3,9973,223,21
25.994873,-78.745027,2026-10-01 23:31:27.137011968,3,13739,261,78
26.088429,-78.837024,2026-10-01 23:31:27.137103872,3,13654,229,62
25.914107,-78.717228,2026-10-01 23:31:27.137046528,3,10001,270,49
26.063701,-78.859439,2026-10-01 23:31:27.284314624,3,10631,268,22
26.211506,-78.834306,2026-10-01 23:31:27.536086784,3,9857,267,26
26.180308,-78.881441,2026-10-01 23:31:27.755895296,3,9743,263,23
24.879541,-99.479697,2026-10-01 23:31:28.678554880,3,7156,252,28
28.252154,-98.07638,2026-10-01 23:31:36.123704832,3,6788,237,58
28.244156,-98.073557,2026-10-01 23:31:36.123734272,3,7804,203,44
28.290128,-98.086523,2026-10-01 23:31:36.123748352,3,9403,235,29
28.505651,-98.157803,2026-10-01 23:31:36.199579136,3,13258,249,22
28.277302,-98.076595,2026-10-01 23:31:36.384666368,3,6842,219,47
28.275548,-98.08655,2026-10-01 23:31:36.384664576,3,3987,235,35
28.284911,-98.081849,2026-10-01 23:31:36.384668160,3,6109,235,20
25.876814,-99.004528,2026-10-01 23:31:44.643862528,3,4738,247,21
29.834515,-96.777531,2026-10-01 23:31:46.668644608,3,10680,229,87
29.910211,-96.734599,2026-10-01 23:31:46.668673024,3,12546,184,71
29.785405,-96.755803,2026-10-01 23:31:46.668668160,3,14584,194,55
29.913581,-96.786925,2026-10-01 23:31:46.668716032,3,9475,241,36
26.916769,-98.103896,2026-10-01 23:31:48.237725184,3,11621,234,82
26.959429,-98.11243,2026-10-01 23:31:48.237769984,3,4600,261,68
26.961736,-98.098504,2026-10-01 23:31:48.237771520,3,5832,239,54
27.013267,-98.095979,2026-10-01 23:31:48.237792768,3,6062,258,36
26.949736,-98.104844,2026-10-01 23:31:48.354352896,3,5217,245,28
26.99781,-98.097346,2026-10-01 23:31:48.354367232,3,2139,254,40
26.973013,-98.111284,2026-10-01 23:31:48.354357248,3,9404,242,28
27.923879,-98.238548,2026-10-01 23:31:49.550713344,3,9829,236,24
25.807118,-98.9961,2026-10-01 23:31:52.488740608,3,11311,218,24
27.754351,-98.296154,2026-10-01 23:31:52.534281472,3,12017,224,36
27.7848,-98.307201,2026-10-01 23:31:52.534283008,3,10570,240,26
23.855366,-83.6012,2026-10-01 23:31:53.569477888,3,7592,251,63
23.943991,-83.641627,2026-10-01 23:31:53.569541888,3,5534,251,48
23.916775,-83.668793,2026-10-01 23:31:53.699845888,3,6966,241,39
26.527869,-98.571082,2026-10-01 23:31:54.894469888,3,10365,213,41
26.704731,-98.457725,2026-10-01 23:31:55.150871040,3,10211,238,48
28.098033,-98.259888,2026-10-01 23:31:55.169421568,3,4096,240,90
28.066944,-98.271074,2026-10-01 23:31:55.169413632,3,10686,234,88
28.203457,-98.215148,2026-10-01 23:31:55.169496576,3,7495,231,67
27.993407,-98.360202,2026-10-01 23:32:04.413515520,3,10576,238,26
36.338115,31.489775,2026-10-01 23:30:01.399336960,4,7348,172,30
36.593853,31.176438,2026-10-01 23:30:01.399468288,4,10864,256,21
40.08694,0.405692,2026-10-01 23:30:07.757934848,4,8439,262,34
40.322218,0.58578,2026-10-01 23:30:07.919252224,4,8739,256,35
39.698361,0.363566,2026-10-01 23:30:16.83476224,4,6016,269,19
39.681702,0.4828,2026-10-01 23:30:29.237328896,4,7096,269,23
39.695374,0.511626,2026-10-01 23:30:29.307351808,4,14404,268,19
39.690103,0.502589,2026-10-01 23:30:29.535204864,4,9529,269,22
39.965873,0.211661,2026-10-01 23:30:30.110406400,4,3855,269,23
39.791432,0.33224,2026-10-01 23:30:34.630489856,4,8089,269,21
39.921383,0.420967,2026-10-01 23:30:34.683714304,4,9815,265,13
39.848119,0.352973,2026-10-01 23:30:35.263978752,4,7967,268,18
34.810357,29.863437,2026-10-01 23:30:45.609787392,4,7277,257,24
24.752005,107.364961,2026-10-01 23:30:46.322124032,4,12599,209,36
39.687228,0.527511,2026-10-01 23:30:48.451093504,4,13931,268,19
39.70307,0.30332,2026-10-01 23:30:50.986611456,4,8715,269,17
35.629441,26.817471,2026-10-01 23:30:57.181209344,4,13541,264,20
36.550843,35.013678,2026-10-01 23:31:03.688974336,4,7274,255,23
36.615333,30.963178,2026-10-01 23:31:04.181109760,4,8838,256,22
39.683682,0.478954,2026-10-01 23:31:04.833314816,4,6742,269,32
39.701816,0.505611,2026-10-01 23:31:04.886334464,4,5828,268,26
39.711483,0.507408,2026-10-01 23:31:04.949216256,4,5740,268,26
40.703858,0.519907,2026-10-01 23:31:08.203780608,4,6977,265,30
40.235197,0.297429,2026-10-01 23:31:15.17521408,4,7541,267,19
31.899674,19.398964,2026-10-01 23:31:15.361815808,4,12105,241,24
40.047744,0.272551,2026-10-01 23:31:30.228689664,4,5649,268,22
34.682261,28.446192,2026-10-01 23:31:30.691124736,4,14973,252,23
39.703581,0.491045,2026-10-01 23:31:33.669529856,4,4931,269,25
39.617977,0.199793,2026-10-01 23:31:34.660832768,4,11906,212,29
39.750487,0.311361,2026-10-01 23:31:35.310327808,4,5149,269,21
39.783128,0.34649,2026-10-01 23:31:35.554694912,4,6551,269,27
39.709968,0.240334,2026-10-01 23:31:35.836857856,4,14647,211,14
39.597186,0.418954,2026-10-01 23:31:47.414536704,4,8938,244,33
39.735042,0.496747,2026-10-01 23:31:47.414594816,4,8158,268,23
39.678822,0.460012,2026-10-01 23:31:47.460074752,4,7308,269,19
39.708349,0.494961,2026-10-01 23:31:47.885298944,4,10449,268,23
36.89991,35.639517,2026-10-01 23:31:50.146033152,4,4893,237,24
37.184696,35.638478,2026-10-01 23:31:51.238888704,4,13698,235,17
39.767898,0.375262,2026-10-01 23:31:56.522148864,4,12869,269,17
39.555467,-0.079118,2026-10-01 23:32:03.286817792,4,11735,215,26
21.910685,-100.337962,2026-10-01 23:30:07.488801792,7,5286,252,17
28.069287,-98.241921,2026-10-01 23:30:20.605274112,7,12465,185,28
28.003013,-98.265212,2026-10-01 23:30:20.755043328,7,10807,150,10
26.343215,-98.798292,2026-10-01 23:30:21.609492736,7,9614,200,18
27.999491,-98.234882,2026-10-01 23:30:43.800150272,7,14844,150,15
27.956113,-98.319175,2026-10-01 23:30:43.929614336,7,13413,111,20
28.034394,-98.331695,2026-10-01 23:30:47.15581184,7,8406,216,21
27.875383,-60.498599,2026-10-01 23:30:47.128987648,7,8870,174,23
1.283824,-67.7871,2026-10-01 23:30:54.374299648,7,14629,194,11
29.497356,-96.360919,2026-10-01 23:31:15.614220288,7,7655,171,27
29.675479,-96.354182,2026-10-01 23:31:15.614316800,7,7548,244,20
26.135265,-78.970392,2026-10-01 23:31:27.137106176,7,2379,269,25
25.982608,-78.929303,2026-10-01 23:31:27.137049856,7,7739,265,17
27.789517,-59.932482,2026-10-01 23:31:37.842447104,7,4416,192,20
29.658914,-64.405807,2026-10-01 23:31:54.172980992,7,2573,267,14
26.507624,-98.600094,2026-10-01 23:31:54.894459136,7,14348,198,15
28.00181,-98.283899,2026-10-01 23:31:55.169441536,7,6961,216,26
28.033891,-98.258698,2026-10-01 23:31:55.169442560,7,11562,216,19
28.046024,-98.339026,2026-10-01 23:31:55.382905344,7,8314,185,21
28.045014,-78.557416,2026-10-01 23:31:57.519317760,7,2312,249,22
27.927722,-78.692404,2026-10-01 23:31:57.555407616,7,8319,163,18
27.964158,-78.547703,2026-10-01 23:31:57.661443584,7,6901,223,16
22.643784,115.981914,2026-10-01 23:30:14.370531328,9,10644,189,25
13.820001,118.45564,2026-10-01 23:30:19.486535680,9,2611,268,21
24.807388,107.377939,2026-10-01 23:30:46.322149376,9,7982,168,38
23.033422,116.663286,2026-10-01 23:31:15.975894016,9,11347,185,23
23.72714,-83.686437,2026-10-01 23:30:01.710694656,13,11073,247,22
28.086927,-98.286663,2026-10-01 23:30:04.908905984,13,6546,223,61
28.084107,-98.313837,2026-10-01 23:30:04.908936192,13,6862,234,46
28.048665,-98.507286,2026-10-01 23:30:04.950535424,13,14189,164,21
21.915497,-100.3419,2026-10-01 23:30:07.488803072,13,9001,240,66
31.384054,-94.266129,2026-10-01 23:30:11.822248192,13,9753,144,33
25.854412,-98.7078,2026-10-01 23:30:12.876931840,13,8537,247,27
25.758128,-98.72079,2026-10-01 23:30:13.38802432,13,9533,223,24
25.721391,-98.78074,2026-10-01 23:30:13.149769472,13,11191,223,20
25.852281,-99.023201,2026-10-01 23:30:13.193257728,13,11187,248,26
27.072065,-98.320134,2026-10-01 23:30:18.108857088,13,9531,241,28
21.353169,-82.798677,2026-10-01 23:30:18.598090240,13,6949,254,29
28.035067,-98.216393,2026-10-01 23:30:20.605267200,13,8295,241,63
28.064173,-98.109662,2026-10-01 23:30:20.718058240,13,14421,218,54
28.043723,-98.254429,2026-10-01 23:30:20.755052800,13,9682,224,57
28.103301,-98.244107,2026-10-01 23:30:20.941921024,13,6041,234,29
28.245898,-98.114589,2026-10-01 23:30:20.941985280,13,4569,260,23
26.6256,-98.737643,2026-10-01 23:30:21.299410688,13,14783,254,23
26.475252,-98.734501,2026-10-01 23:30:21.609527808,13,3690,245,50
26.485395,-98.732739,2026-10-01 23:30:21.780406784,13,6938,245,24
28.175131,-98.31312,2026-10-01 23:30:32.596008960,13,5905,235,29
28.300926,-98.159576,2026-10-01 23:30:32.664695296,13,9757,267,31
28.045349,-98.364253,2026-10-01 23:30:33.698775296,13,11508,236,25
28.104828,-98.351438,2026-10-01 23:30:33.833257728,13,6260,235,18
25.819626,-99.00904,2026-10-01 23:30:33.987949312,13,9447,238,21
27.873483,-98.401517,2026-10-01 23:30:34.132625920,13,6236,219,63
25.849237,-99.013306,2026-10-01 23:30:34.232287488,13,7289,253,44
27.920159,-98.394843,2026-10-01 23:30:34.300813056,13,8107,236,27
28.339026,-97.622753,2026-10-01 23:30:36.522240000,13,10350,232,45
25.83878,-99.050142,2026-10-01 23:30:40.472413440,13,9195,253,21
27.880473,-98.478978,2026-10-01 23:30:40.996749824,13,5617,237,38
28.061819,-98.24056,2026-10-01 23:30:43.800172288,13,7817,224,57
28.175964,-98.18336,2026-10-01 23:30:43.929658624,13,13035,202,52
27.904038,-98.422933,2026-10-01 23:30:47.15527680,13,6932,246,68
27.943857,-98.4161,2026-10-01 23:30:47.15575808,13,8057,223,56
27.878984,-60.498296,2026-10-01 23:30:47.128986368,13,9475,189,60
27.874454,-98.511794,2026-10-01 23:30:47.601097216,13,13028,269,21
23.602632,-109.006512,2026-10-01 23:30:48.823702784,13,6636,267,55
23.448079,-109.067354,2026-10-01 23:30:48.823666432,13,12621,247,42
27.581522,-98.73089,2026-10-01 23:30:49.370404352,13,6588,238,40
26.469512,-98.709435,2026-10-01 23:30:49.535496704,13,3706,252,98
26.49111,-98.68036,2026-10-01 23:30:49.763002368,13,8747,245,35
25.818864,-99.006181,2026-10-01 23:30:50.29240832,13,5301,228,88
27.774446,-98.502373,2026-10-01 23:30:50.918294784,13,14456,205,26
28.526302,-85.133469,2026-10-01 23:30:52.112595712,13,5123,246,43
28.62929,-85.13539,2026-10-01 23:30:52.112664832,13,9100,260,31
27.802786,-98.30998,2026-10-01 23:30:56.113437184,13,8332,207,42
28.112495,-98.102087,2026-10-01 23:30:56.113561600,13,3929,267,27
28.034911,-98.274658,2026-10-01 23:30:57.886884352,13,5060,224,58
28.348479,-98.129395,2026-10-01 23:30:57.887040768,13,3203,266,35
28.120747,-98.24294,2026-10-01 23:30:58.23531008,13,12863,208,46
27.063567,-98.374197,2026-10-01 23:30:58.387627264,13,9916,241,26
27.040017,-98.377159,2026-10-01 23:30:59.21121280,13,8245,242,41
30.885888,-95.573164,2026-10-01 23:31:00.104146944,13,11747,130,26
28.141657,-98.204507,2026-10-01 23:31:00.736581120,13,12792,242,28
28.173135,-98.213623,2026-10-01 23:31:00.909618688,13,14271,200,51
23.844882,-83.817915,2026-10-01 23:31:01.332937216,13,5623,250,98
28.086717,-98.273699,2026-10-01 23:31:06.783698432,13,12884,234,80
28.077137,-98.279487,2026-10-01 23:31:06.783726080,13,5925,236,55
25.872833,-99.036264,2026-10-01 23:31:11.476517376,13,12471,247,21
27.809684,-98.317513,2026-10-01 23:31:13.352134144,13,8618,157,24
28.074242,-98.253196,2026-10-01 23:31:13.518102784,13,12285,224,77
28.131915,-98.253684,2026-10-01 23:31:13.518155008,13,5914,236,51
27.890846,-98.226777,2026-10-01 23:31:13.547896064,13,10798,206,32
28.002796,-98.161627,2026-10-01 23:31:13.717070080,13,14775,201,35
29.47404,-96.395956,2026-10-01 23:31:15.614205952,13,5856,132,91
29.558181,-96.362569,2026-10-01 23:31:15.614241792,13,5809,186,77
27.919336,-98.369981,2026-10-01 23:31:16.112422400,13,11572,206,39
27.916737,-98.37209,2026-10-01 23:31:16.186233856,13,11405,210,39
25.870852,-98.666286,2026-10-01 23:31:19.369683712,13,8565,247,20
25.851495,-98.676225,2026-10-01 23:31:19.488103680,13,6624,252,20
28.16877,-98.238599,2026-10-01 23:31:24.5021952,13,9219,200,43
28.094624,-98.279911,2026-10-01 23:31:24.5026048,13,6370,235,24
28.006579,-98.349609,2026-10-01 23:31:24.129511680,13,8838,206,31
26.163367,-78.857536,2026-10-01 23:31:27.536069376,13,7913,267,25
26.17989,-78.881379,2026-10-01 23:31:27.755895040,13,9749,263,23
24.879566,-99.479684,2026-10-01 23:31:28.678554880,13,7157,252,28
28.382648,-97.986343,2026-10-01 23:31:36.123755264,13,14539,216,44
28.47018,-97.954962,2026-10-01 23:31:36.123828736,13,5927,265,34
28.429775,-98.122763,2026-10-01 23:31:36.199553280,13,14151,236,34
28.2773,-98.076594,2026-10-01 23:31:36.384666368,13,6842,219,47
27.747304,-98.510376,2026-10-01 23:31:40.835409664,13,8747,208,57
28.17409,-98.210954,2026-10-01 23:31:42.190833920,13,12737,200,49
28.289182,-98.116303,2026-10-01 23:31:42.190916352,13,6730,261,37
23.8893,-84.387172,2026-10-01 23:31:43.861760256,13,11962,249,43
23.876337,-84.45755,2026-10-01 23:31:43.936965888,13,14202,241,34
25.852476,-99.024898,2026-10-01 23:31:44.525678592,13,9576,219,58
29.816001,-96.773107,2026-10-01 23:31:46.668641792,13,6958,229,88
29.861646,-96.771929,2026-10-01 23:31:46.668663040,13,4343,252,73
26.910366,-98.108463,2026-10-01 23:31:48.237722624,13,7392,234,85
26.949777,-98.104864,2026-10-01 23:31:48.354352896,13,5217,245,55
18.735771,-89.024843,2026-10-01 23:31:52.12334080,13,10749,242,25
25.807135,-98.996114,2026-10-01 23:31:52.488740608,13,11312,218,26
27.754349,-98.296188,2026-10-01 23:31:52.534281472,13,12016,224,40
29.649364,-64.394375,2026-10-01 23:31:54.172978688,13,5478,262,32
26.63021,-98.525393,2026-10-01 23:31:54.894469376,13,8266,213,43
26.539452,-98.576827,2026-10-01 23:31:55.150843136,13,8492,246,48
28.073167,-98.253857,2026-10-01 23:31:55.169412864,13,4484,240,61
28.066933,-98.271072,2026-10-01 23:31:55.169413632,13,10686,234,91
28.151124,-98.269304,2026-10-01 23:31:55.245867008,13,7867,235,22
28.197131,-98.2957,2026-10-01 23:31:55.382965760,13,11087,248,24
28.049407,-78.555332,2026-10-01 23:31:57.519319040,13,5917,227,92
27.9426,-78.715838,2026-10-01 23:31:57.555410176,13,11245,155,34
27.898759,-78.595251,2026-10-01 23:31:57.571721728,13,12933,194,22
25.654948,-98.858177,2026-10-01 23:31:58.298395904,13,6997,248,27
18.137932,-89.155275,2026-10-01 23:32:01.103544064,13,7942,247,18
27.893576,-98.450303,2026-10-01 23:32:01.468157184,13,9836,243,24
18.189017,-89.183968,2026-10-01 23:32:01.599247360,13,6063,267,17
28.02052,-98.368374,2026-10-01 23:32:04.413524480,13,8501,238,26
28.023296,-98.316861,2026-10-01 23:32:04.919490048,13,6347,236,26
25.867191,-99.051289,2026-10-01 23:32:08.763675136,13,10326,247,25
25.87485,-99.009212,2026-10-01 23:32:08.913724672,13,9685,247,21
30.041296,-95.908872,2026-10-01 23:32:08.932722944,13,11328,186,20
28.075258,-98.26032,2026-10-01 23:32:09.950422784,13,14471,205,90
25.739557,-99.007876,2026-10-01 23:32:12.168601088,13,11753,218,21
25.472495,-98.824653,2026-10-01 23:32:12.402304000,13,13409,220,20
30.839357,-95.696915,2026-10-01 23:32:13.353923072,13,9514,123,55
30.908189,-95.670288,2026-10-01 23:32:13.353984000,13,5080,245,35
25.842975,-99.014934,2026-10-01 23:32:15.642122752,13,11793,218,20
23.034668,-107.885208,2026-10-01 23:32:15.992499456,13,5552,270,54
28.05962,-98.347574,2026-10-01 23:32:16.956380416,13,9118,205,36
28.072839,-98.361321,2026-10-01 23:32:16.956388608,13,9445,236,19
28.139208,-98.317566,2026-10-01 23:32:17.39158784,13,12071,205,37
39.73116,0.467551,2026-10-01 23:30:03.273982976,11,12596,205,52
40.02112,0.185729,2026-10-01 23:30:03.663770368,11,13806,204,80
39.98832,0.165456,2026-10-01 23:30:03.663813888,11,5367,268,69
39.983682,0.156772,2026-10-01 23:30:03.663811840,11,5493,261,52
39.764799,0.376703,2026-10-01 23:30:04.265088256,11,5849,178,51
39.718287,0.329147,2026-10-01 23:30:04.265068032,11,3189,255,35
39.695766,0.368043,2026-10-01 23:30:04.350679296,11,8504,195,39
39.738832,0.381411,2026-10-01 23:30:04.350683904,11,4045,254,41
39.741913,0.36009,2026-10-01 23:30:04.350676736,11,13203,155,26
28.058957,-98.321349,2026-10-01 23:30:04.908924928,11,6882,234,25
39.986574,0.268585,2026-10-01 23:30:05.558675200,11,14133,175,72
39.73171,0.325915,2026-10-01 23:30:06.494309120,11,8376,181,47
39.687592,0.30928,2026-10-01 23:30:06.494291968,11,4985,262,34
40.102815,0.352576,2026-10-01 23:30:07.757867008,11,4987,214,182
40.075835,0.375378,2026-10-01 23:30:07.757862912,11,9863,183,417
40.077329,0.361522,2026-10-01 23:30:07.919071744,11,6896,197,247
40.087773,0.340923,2026-10-01 23:30:07.919081728,11,2823,214,265
40.079749,0.339723,2026-10-01 23:30:08.526803712,11,9949,161,202
40.082948,0.339934,2026-10-01 23:30:08.727359744,11,4916,200,175
40.069748,0.33683,2026-10-01 23:30:09.92736768,11,8139,182,65
39.626791,0.425641,2026-10-01 23:30:11.878664448,11,11699,186,40
39.690215,0.510346,2026-10-01 23:30:12.6814208,11,10123,203,134
39.658621,0.446938,2026-10-01 23:30:12.6884096,11,14617,195,113
39.825145,0.387703,2026-10-01 23:30:12.915049472,11,8084,261,24
39.824085,0.384674,2026-10-01 23:30:12.915043328,11,7494,157,23
39.602369,0.522645,2026-10-01 23:30:13.884792064,11,14113,268,19
39.947262,0.313115,2026-10-01 23:30:15.171002624,11,13384,207,67
39.648424,0.382605,2026-10-01 23:30:16.83392512,11,14309,145,134
40.115487,0.351324,2026-10-01 23:30:17.835126784,11,11934,191,137
39.958047,0.24618,2026-10-01 23:30:19.725645312,11,11454,147,112
39.980503,0.253336,2026-10-01 23:30:19.725721088,11,6230,191,94
39.972647,0.234697,2026-10-01 23:30:19.725712128,11,4550,269,81
40.006741,0.261709,2026-10-01 23:30:19.725719296,11,4841,267,65
36.499792,36.459175,2026-10-01 23:30:22.40299264,11,9174,259,73
39.985847,0.410589,2026-10-01 23:30:22.336936448,11,10917,226,50
39.98573,0.381532,2026-10-01 23:30:22.336991744,11,9503,177,47
39.979774,0.393842,2026-10-01 23:30:22.336992768,11,5643,154,31
40.032587,0.3067,2026-10-01 23:30:23.911963392,11,6501,203,170
39.999492,0.207495,2026-10-01 23:30:25.73941504,11,7349,169,74
40.001825,0.29636,2026-10-01 23:30:25.948703232,11,8265,237,83
39.986452,0.305402,2026-10-01 23:30:25.948753408,11,8903,226,70
34.576581,27.23188,2026-10-01 23:30:26.726737920,11,14901,220,56
39.734051,0.52442,2026-10-01 23:30:29.209797632,11,5262,234,193
39.719542,0.53975,2026-10-01 23:30:29.535159040,11,6767,168,188
39.943291,0.270453,2026-10-01 23:30:29.834890240,11,5202,197,147
39.950533,0.256668,2026-10-01 23:30:30.110341888,11,4037,233,277
36.356978,31.488351,2026-10-01 23:30:31.298788608,11,12889,252,86
40.027475,0.24999,2026-10-01 23:30:32.310848000,11,11202,240,105
40.092729,0.306222,2026-10-01 23:30:32.310940928,11,5387,268,123
40.053283,0.248978,2026-10-01 23:30:32.310914560,11,4547,268,106
39.727037,0.352641,2026-10-01 23:30:32.382101504,11,9466,167,89
39.793309,0.337896,2026-10-01 23:30:34.630426624,11,6700,234,133
39.659569,0.300048,2026-10-01 23:30:34.630442496,11,13686,210,165
40.254285,0.285045,2026-10-01 23:30:39.158711552,11,12760,188,52
40.389576,0.284694,2026-10-01 23:30:39.158732544,11,6123,169,39
40.250561,0.187974,2026-10-01 23:30:39.158683904,11,9253,252,26
39.697786,0.342134,2026-10-01 23:30:40.537212928,11,10143,223,53
39.646847,0.275946,2026-10-01 23:30:40.537252352,11,7974,255,59
39.77273,0.369977,2026-10-01 23:30:40.537294592,11,5179,256,39
39.942925,0.212712,2026-10-01 23:30:40.665023744,11,5115,265,18
40.654972,0.485936,2026-10-01 23:30:41.768269312,11,11533,226,66
40.669264,0.479962,2026-10-01 23:30:41.768359936,11,13983,182,106
40.647445,0.444875,2026-10-01 23:30:41.768338688,11,10801,263,73
28.047367,-98.25554,2026-10-01 23:30:43.800201472,11,13569,205,22
39.647578,0.210438,2026-10-01 23:30:44.612690176,11,12730,197,15
39.765727,0.321323,2026-10-01 23:30:44.866583552,11,7780,208,33
34.517248,28.527043,2026-10-01 23:30:47.729194240,11,11412,265,244
39.666684,0.322755,2026-10-01 23:30:50.986534912,11,6844,183,178
39.747311,0.353298,2026-10-01 23:30:50.986565376,11,9288,189,165
39.755804,0.616249,2026-10-01 23:30:52.593491712,11,9393,167,21
40.150262,0.291093,2026-10-01 23:30:56.964950784,11,8964,245,35
40.058206,0.259987,2026-10-01 23:30:56.964909056,11,11829,250,56
23.863782,-83.856922,2026-10-01 23:31:01.332986880,11,10222,268,125
39.689982,0.49987,2026-10-01 23:31:02.401121536,11,8330,204,30
39.733152,0.601802,2026-10-01 23:31:02.401149440,11,7496,254,17
39.919946,0.323547,2026-10-01 23:31:03.190123776,11,6520,201,43
40.002788,0.415255,2026-10-01 23:31:03.190163200,11,4127,267,34
39.842549,0.16834,2026-10-01 23:31:03.407043840,11,11994,145,46
39.953142,0.204605,2026-10-01 23:31:03.407079936,11,2796,265,32
36.340093,31.143748,2026-10-01 23:31:04.180930816,11,12744,250,142
39.708194,0.53904,2026-10-01 23:31:04.833256192,11,8487,205,284
39.728323,0.527561,2026-10-01 23:31:04.886277376,11,6086,220,147
39.727141,0.532765,2026-10-01 23:31:05.35840256,11,12080,202,97
39.776076,0.540104,2026-10-01 23:31:11.689761280,11,12527,178,28
39.659366,0.354293,2026-10-01 23:31:12.845617408,11,12301,145,54
39.703501,0.358074,2026-10-01 23:31:12.845684992,11,8287,269,58
39.724331,0.079987,2026-10-01 23:31:13.580839936,11,8475,173,46
39.621271,0.021648,2026-10-01 23:31:13.580794112,11,2804,264,44
40.030022,0.274066,2026-10-01 23:31:14.361863168,11,13972,231,95
40.065101,0.28908,2026-10-01 23:31:14.361945088,11,3683,200,84
40.05357,0.286997,2026-10-01 23:31:14.361935616,11,4279,267,71
40.079196,0.278065,2026-10-01 23:31:14.361942016,11,7811,267,55
40.017747,0.273331,2026-10-01 23:31:14.386291968,11,13175,213,51
40.018571,0.23555,2026-10-01 23:31:14.386278912,11,10629,153,21
40.187419,0.295508,2026-10-01 23:31:15.17437440,11,11803,225,188
39.731133,0.368184,2026-10-01 23:31:17.73070592,11,12028,234,96
40.077628,0.2919,2026-10-01 23:31:17.982160384,11,10144,173,76
39.979095,0.236648,2026-10-01 23:31:17.982128128,11,6321,267,91
40.007823,0.216355,2026-10-01 23:31:18.308057600,11,7415,254,28
40.028439,0.226142,2026-10-01 23:31:18.308061184,11,6570,253,17
39.895011,0.195982,2026-10-01 23:31:18.448917504,11,8738,254,23
39.701683,0.346913,2026-10-01 23:31:22.653434880,11,11467,224,94
39.715704,0.616874,2026-10-01 23:31:23.645822720,11,14291,197,40
39.678328,0.576587,2026-10-01 23:31:23.645796608,11,11364,254,41
39.725496,0.473121,2026-10-01 23:31:24.73360384,11,13226,191,34
39.688089,0.432254,2026-10-01 23:31:24.73331456,11,3386,255,35
39.787716,0.484364,2026-10-01 23:31:24.73366528,11,4341,259,22
40.552667,0.284614,2026-10-01 23:31:24.251621632,11,14749,169,28
39.705747,0.510916,2026-10-01 23:31:25.23362560,11,10489,168,42
39.64767,0.486046,2026-10-01 23:31:25.23339264,11,9937,270,55
39.614085,0.435371,2026-10-01 23:31:25.23325184,11,9068,256,42
39.674778,0.501711,2026-10-01 23:31:25.23352576,11,11689,157,24
40.010189,0.306829,2026-10-01 23:31:30.228604160,11,14042,136,79
39.754085,0.534692,2026-10-01 23:31:33.669483520,11,11639,227,190
39.728391,0.327488,2026-10-01 23:31:34.660823040,11,11291,203,135
39.726537,0.405214,2026-10-01 23:31:34.660839680,11,13885,198,262
39.767556,0.364044,2026-10-01 23:31:35.554620672,11,6274,207,224
40.646837,0.478555,2026-10-01 23:31:37.605196800,11,10128,208,131
40.067346,0.31773,2026-10-01 23:31:40.34366720,11,5181,203,141
40.058182,0.322226,2026-10-01 23:31:40.34362880,11,6197,203,129
39.946448,0.213053,2026-10-01 23:31:41.813424640,11,11983,208,21
39.773393,0.23466,2026-10-01 23:31:42.484433152,11,13195,190,26
40.026665,0.299866,2026-10-01 23:31:44.592264704,11,11585,203,87
29.957329,-96.631564,2026-10-01 23:31:46.668715008,11,11129,217,33
39.705837,0.52303,2026-10-01 23:31:47.414527232,11,4917,210,312
39.735077,0.51764,2026-10-01 23:31:47.414537984,11,4730,219,308
39.710534,0.539493,2026-10-01 23:31:47.885234432,11,11376,205,207
39.705781,0.550535,2026-10-01 23:31:47.885241088,11,8096,190,175
39.758008,0.376092,2026-10-01 23:31:49.205545472,11,13506,129,127
39.961234,0.209596,2026-10-01 23:31:52.998653184,11,9142,196,53
39.97483,0.213925,2026-10-01 23:31:52.998712576,11,8194,267,46
39.947483,0.243855,2026-10-01 23:31:53.1005824,11,9512,196,37
39.989701,0.227613,2026-10-01 23:31:53.11239424,11,9238,196,41
39.985018,0.223493,2026-10-01 23:31:53.11316480,11,13711,153,27
40.059174,0.316235,2026-10-01 23:31:55.636340480,11,13994,174,71
39.965821,0.229217,2026-10-01 23:31:55.636304640,11,4928,269,53
39.995093,0.254209,2026-10-01 23:31:55.636314624,11,3197,268,35
40.160798,0.267372,2026-10-01 23:31:58.806006528,11,7530,203,272
40.18325,0.25796,2026-10-01 23:31:58.806010880,11,8581,211,378
39.631046,0.064921,2026-10-01 23:32:03.286796544,11,8753,202,219
39.649339,0.06989,2026-10-01 23:32:03.286806016,11,12185,190,276
36.626084,27.354269,2026-10-01 23:32:04.87977984,11,9597,172,60
36.763091,27.264857,2026-10-01 23:32:04.88034304,11,8296,263,48
35.198511,27.055678,2026-10-01 23:32:05.648411136,11,9129,216,75
39.669297,0.332226,2026-10-01 23:32:08.517836544,11,11536,149,120
39.694579,0.344038,2026-10-01 23:32:08.517842944,11,3653,267,103
39.665174,0.355636,2026-10-01 23:32:08.517883136,11,6465,266,83
40.676492,0.515374,2026-10-01 23:32:11.225053440,11,5841,175,138
40.665287,0.535094,2026-10-01 23:32:11.225050368,11,7739,174,268
40.639954,0.504223,2026-10-01 23:32:11.313079808,11,11026,172,119
40.679916,0.531351,2026-10-01 23:32:11.313157376,11,9280,186,65
40.653481,0.491762,2026-10-01 23:32:11.313149440,11,8257,170,38
39.707213,0.550925,2026-10-01 23:32:14.19900672,11,5721,168,281
39.709006,0.562621,2026-10-01 23:32:14.19905280,11,5882,189,265
39.73116,0.467551,2026-10-01 23:30:03.273982976,12,12596,205,51
40.02112,0.185729,2026-10-01 23:30:03.663770368,12,13806,204,80
39.98832,0.165456,2026-10-01 23:30:03.663813888,12,5367,268,69
39.983682,0.156772,2026-10-01 23:30:03.663811840,12,5493,261,53
39.764799,0.376703,2026-10-01 23:30:04.265088256,12,5849,178,51
39.718287,0.329147,2026-10-01 23:30:04.265068032,12,3189,255,35
39.695766,0.368043,2026-10-01 23:30:04.350679296,12,8504,195,39
39.738832,0.381411,2026-10-01 23:30:04.350683904,12,4045,254,41
39.741913,0.36009,2026-10-01 23:30:04.350676736,12,13203,155,26
28.121408,-98.323532,2026-10-01 23:30:04.908947200,12,12667,233,24
40.017155,0.276121,2026-10-01 23:30:05.558686464,12,14951,234,57
39.971331,0.221127,2026-10-01 23:30:05.558658816,12,7128,263,21
39.707426,0.345194,2026-10-01 23:30:06.494305536,12,11662,156,23
40.102815,0.352576,2026-10-01 23:30:07.757867008,12,4987,214,182
40.075835,0.375378,2026-10-01 23:30:07.757862912,12,9863,183,417
40.077329,0.361522,2026-10-01 23:30:07.919071744,12,6896,197,292
40.087773,0.340923,2026-10-01 23:30:07.919081728,12,2823,214,280
40.079749,0.339723,2026-10-01 23:30:08.526803712,12,9949,161,202
40.070708,0.33754,2026-10-01 23:30:09.92736512,12,8681,175,33
39.690215,0.510346,2026-10-01 23:30:12.6814208,12,10123,203,135
39.658621,0.446938,2026-10-01 23:30:12.6884096,12,14617,195,114
39.673431,0.428367,2026-10-01 23:30:12.6868992,12,13871,269,73
39.825145,0.387703,2026-10-01 23:30:12.915049472,12,8084,261,26
39.824085,0.384674,2026-10-01 23:30:12.915043328,12,7494,157,23
39.602369,0.522645,2026-10-01 23:30:13.884792064,12,14113,268,19
39.947262,0.313115,2026-10-01 23:30:15.171002624,12,13384,207,67
39.648424,0.382605,2026-10-01 23:30:16.83392512,12,14309,145,135
40.115487,0.351324,2026-10-01 23:30:17.835126784,12,11934,191,138
39.958047,0.24618,2026-10-01 23:30:19.725645312,12,11454,147,113
39.980503,0.253336,2026-10-01 23:30:19.725721088,12,6230,191,95
39.972647,0.234697,2026-10-01 23:30:19.725712128,12,4550,269,82
40.006741,0.261709,2026-10-01 23:30:19.725719296,12,4841,267,66
39.985591,0.397048,2026-10-01 23:30:22.336934656,12,8333,218,59
39.990192,0.381913,2026-10-01 23:30:22.336997632,12,6262,175,51
39.991488,0.392021,2026-10-01 23:30:22.336997120,12,3730,267,38
40.032587,0.3067,2026-10-01 23:30:23.911963392,12,6501,203,171
39.999492,0.207495,2026-10-01 23:30:25.73941504,12,7349,169,74
40.001825,0.29636,2026-10-01 23:30:25.948703232,12,8265,237,84
39.986452,0.305402,2026-10-01 23:30:25.948753408,12,8903,226,71
39.734051,0.52442,2026-10-01 23:30:29.209797632,12,5262,234,198
39.910837,0.21134,2026-10-01 23:30:29.834937344,12,13762,170,114
39.940864,0.250382,2026-10-01 23:30:29.834952448,12,7701,184,183
39.950533,0.256668,2026-10-01 23:30:30.110341888,12,4037,233,277
36.356978,31.488351,2026-10-01 23:30:31.298788608,12,12889,252,87
40.027475,0.24999,2026-10-01 23:30:32.310848000,12,11202,240,105
40.092729,0.306222,2026-10-01 23:30:32.310940928,12,5387,268,123
40.053283,0.248978,2026-10-01 23:30:32.310914560,12,4547,268,106
39.727037,0.352641,2026-10-01 23:30:32.382101504,12,9466,167,95
39.793309,0.337896,2026-10-01 23:30:34.630426624,12,6700,234,132
39.679029,0.274382,2026-10-01 23:30:34.630449664,12,13228,197,135
40.254285,0.285045,2026-10-01 23:30:39.158711552,12,12760,188,52
40.389576,0.284694,2026-10-01 23:30:39.158732544,12,6123,169,39
40.250561,0.187974,2026-10-01 23:30:39.158683904,12,9253,252,26
39.697786,0.342134,2026-10-01 23:30:40.537212928,12,10143,223,53
39.646847,0.275946,2026-10-01 23:30:40.537252352,12,7974,255,60
39.77273,0.369977,2026-10-01 23:30:40.537294592,12,5179,256,40
39.942925,0.212712,2026-10-01 23:30:40.665023744,12,5115,265,19
40.654972,0.485936,2026-10-01 23:30:41.768269312,12,11533,226,66
40.669264,0.479962,2026-10-01 23:30:41.768359936,12,13983,182,106
40.757081,0.49508,2026-10-01 23:30:41.886953728,12,12419,257,27
39.647578,0.210438,2026-10-01 23:30:44.612690176,12,12730,197,15
39.765727,0.321323,2026-10-01 23:30:44.866583552,12,7780,208,34
39.748444,0.347571,2026-10-01 23:30:44.866582528,12,6844,155,21
34.517248,28.527043,2026-10-01 23:30:47.729194240,12,11412,265,218
39.666684,0.322755,2026-10-01 23:30:50.986534912,12,6844,183,178
39.747311,0.353298,2026-10-01 23:30:50.986565376,12,9288,189,165
40.160781,0.30352,2026-10-01 23:30:56.964891904,12,9177,201,93
40.0286,0.275841,2026-10-01 23:30:56.964911104,12,4939,195,79
40.057654,0.25986,2026-10-01 23:30:56.964912640,12,9131,264,65
23.863782,-83.856922,2026-10-01 23:31:01.332986880,12,10222,268,126
39.689982,0.49987,2026-10-01 23:31:02.401121536,12,8330,204,30
39.733152,0.601802,2026-10-01 23:31:02.401149440,12,7496,254,17
39.919946,0.323547,2026-10-01 23:31:03.190123776,12,6520,201,44
39.973766,0.392616,2026-10-01 23:31:03.190155520,12,6769,253,39
39.842549,0.16834,2026-10-01 23:31:03.407043840,12,11994,145,46
39.953142,0.204605,2026-10-01 23:31:03.407079936,12,2796,265,32
39.971186,0.223644,2026-10-01 23:31:03.407085312,12,9169,254,18
36.340093,31.143748,2026-10-01 23:31:04.180930816,12,12744,250,141
39.708194,0.53904,2026-10-01 23:31:04.833256192,12,8487,205,285
39.737024,0.52913,2026-10-01 23:31:04.886277888,12,8586,220,141
39.711211,0.528555,2026-10-01 23:31:04.949153280,12,10169,189,57
39.781223,0.67716,2026-10-01 23:31:05.473404160,12,12891,179,40
39.776076,0.540104,2026-10-01 23:31:11.689761280,12,12527,178,28
39.659366,0.354293,2026-10-01 23:31:12.845617408,12,12301,145,54
39.709876,0.371113,2026-10-01 23:31:12.845686528,12,5647,269,59
39.729532,0.089135,2026-10-01 23:31:13.580836608,12,7983,173,47
40.030022,0.274066,2026-10-01 23:31:14.361863168,12,13972,231,96
40.065101,0.28908,2026-10-01 23:31:14.361945088,12,3683,200,85
40.052408,0.280976,2026-10-01 23:31:14.361936640,12,5681,267,71
40.065551,0.274555,2026-10-01 23:31:14.361937152,12,14099,267,56
40.017747,0.273331,2026-10-01 23:31:14.386291968,12,13175,213,52
40.187419,0.295508,2026-10-01 23:31:15.17437440,12,11803,225,189
39.731133,0.368184,2026-10-01 23:31:17.73070592,12,12028,234,97
39.766149,0.370755,2026-10-01 23:31:17.73154048,12,9647,198,84
39.746524,0.34961,2026-10-01 23:31:17.73136384,12,8117,158,37
40.077628,0.2919,2026-10-01 23:31:17.982160384,12,10144,173,78
39.972128,0.224802,2026-10-01 23:31:17.982127104,12,7466,267,92
40.007823,0.216355,2026-10-01 23:31:18.308057600,12,7415,254,28
40.028439,0.226142,2026-10-01 23:31:18.308061184,12,6570,253,17
39.895011,0.195982,2026-10-01 23:31:18.448917504,12,8738,254,23
39.680303,0.364354,2026-10-01 23:31:22.653431296,12,10049,225,91
39.715704,0.616874,2026-10-01 23:31:23.645822720,12,14291,197,48
39.695217,0.58403,2026-10-01 23:31:23.645807872,12,14025,254,45
39.725496,0.473121,2026-10-01 23:31:24.73360384,12,13226,191,33
39.688089,0.432254,2026-10-01 23:31:24.73331456,12,3386,255,34
39.722915,0.439984,2026-10-01 23:31:24.73342976,12,6753,175,21
40.552667,0.284614,2026-10-01 23:31:24.251621632,12,14749,169,28
39.705747,0.510916,2026-10-01 23:31:25.23362560,12,10489,168,41
39.670154,0.503311,2026-10-01 23:31:25.23339008,12,12476,270,55
39.630772,0.437086,2026-10-01 23:31:25.23331328,12,11769,256,42
39.696619,0.498512,2026-10-01 23:31:25.23356160,12,9805,157,29
39.660453,0.606765,2026-10-01 23:31:28.872509184,12,8580,169,185
40.010189,0.306829,2026-10-01 23:31:30.228604160,12,14042,136,86
40.061225,0.313085,2026-10-01 23:31:30.228700928,12,5614,184,45
39.754085,0.534692,2026-10-01 23:31:33.669483520,12,11639,227,189
39.669306,0.351083,2026-10-01 23:31:34.660795392,12,12032,144,222
39.767556,0.364044,2026-10-01 23:31:35.554620672,12,6274,207,246
40.067346,0.31773,2026-10-01 23:31:40.34366720,12,5181,203,141
40.058182,0.322226,2026-10-01 23:31:40.34362880,12,6197,203,129
39.934614,0.218438,2026-10-01 23:31:41.813422336,12,10599,219,22
39.773393,0.23466,2026-10-01 23:31:42.484433152,12,13195,190,25
40.065218,0.268108,2026-10-01 23:31:44.592272896,12,12587,202,82
29.957329,-96.631564,2026-10-01 23:31:46.668715008,12,11129,217,33
39.705837,0.52303,2026-10-01 23:31:47.414527232,12,4917,210,311
39.735077,0.51764,2026-10-01 23:31:47.414537984,12,4730,219,319
39.710534,0.539493,2026-10-01 23:31:47.885234432,12,11376,205,198
39.711582,0.532383,2026-10-01 23:31:47.885246464,12,6823,189,185
39.758008,0.376092,2026-10-01 23:31:49.205545472,12,13506,129,127
39.961234,0.209596,2026-10-01 23:31:52.998653184,12,9142,196,53
39.97483,0.213925,2026-10-01 23:31:52.998712576,12,8194,267,46
40.059174,0.316235,2026-10-01 23:31:55.636340480,12,13994,174,71
39.965821,0.229217,2026-10-01 23:31:55.636304640,12,4928,269,53
39.968606,0.218662,2026-10-01 23:31:55.636302592,12,8924,254,35
28.171246,-78.559408,2026-10-01 23:31:57.519359232,12,8616,257,41
40.160798,0.267372,2026-10-01 23:31:58.806006528,12,7530,203,271
40.18325,0.25796,2026-10-01 23:31:58.806010880,12,8581,211,377
39.631046,0.064921,2026-10-01 23:32:03.286796544,12,8753,202,218
39.649339,0.06989,2026-10-01 23:32:03.286806016,12,12185,190,275
36.626029,27.354419,2026-10-01 23:32:04.87977984,12,9597,172,60
36.763091,27.264857,2026-10-01 23:32:04.88034304,12,8296,263,48
35.198511,27.055678,2026-10-01 23:32:05.648411136,12,9129,216,74
39.669297,0.332226,2026-10-01 23:32:08.517836544,12,11536,149,120
39.694579,0.344038,2026-10-01 23:32:08.517842944,12,3653,267,103
39.665174,0.355636,2026-10-01 23:32:08.517883136,12,6465,266,83
40.676492,0.515374,2026-10-01 23:32:11.225053440,12,5841,175,138
40.665287,0.535094,2026-10-01 23:32:11.225050368,12,7739,174,267
40.51122,0.240054,2026-10-01 23:32:11.225020160,12,7665,269,161
40.643038,0.520635,2026-10-01 23:32:11.313083136,12,5006,172,127
40.673647,0.516618,2026-10-01 23:32:11.313161728,12,8683,186,50
40.038276,0.285329,2026-10-01 23:32:12.97969152,12,7566,184,47
39.707213,0.550925,2026-10-01 23:32:14.19900672,12,5721,168,281
39.709006,0.562621,2026-10-01 23:32:14.19905280,12,5882,189,265
