{
  "type": "FeatureCollection",
  "features": [
    {
      "type": "Feature",
      "properties": {
        "fid": null,
        "prob": 3,
        "warning": 0,
        "date": "1",
        "kind": "outlook",
        "hazard": "general",
        "title": "",
        "description": "",
        "hatched": false,
        "doubleHatch": false,
        "probability": "<5",
        "intensity": "1",
        "riskLabel": "T-Storm Risk"
      },
      "geometry": {
        "type": "MultiPolygon",
        "coordinates": [
          [
            [
              [
                7.529395,
                47.673877
              ],
              [
                7.53344464417671,
                47.66630994738464
              ],
              [
                7.536573,
                47.665205
              ],
              [
                7.550112,
                47.652441
              ],
              [
                7.572643,
                47.622004
              ],
              [
                7.578638,
                47.61694
              ],
              [
                7.585046,
                47.613167
              ],
              [
                7.590317,
                47.607948
              ],
              [
                7.592321741856724,
                47.59914006964885
              ],
              [
                7.615625,
                47.592725
              ],
              [
                7.619987298951207,
                47.591515526126116
              ],
              [
                7.637032,
                47.594977
              ],
              [
                7.659666,
                47.596579
              ],
              [
                7.652313216015361,
                47.58255296932393
              ],
              [
                7.698047,
                47.569873
              ],
              [
                7.790790226277532,
                47.567440659005854
              ],
              [
                7.801467,
                47.576089
              ],
              [
                7.819657,
                47.595339
              ],
              [
                7.833713,
                47.590481
              ],
              [
                7.898205,
                47.587846
              ],
              [
                7.904303,
                47.583557
              ],
              [
                7.907507,
                47.574177
              ],
              [
                7.90947,
                47.564798
              ],
              [
                7.909773045478326,
                47.564320142280735
              ],
              [
                7.927051,
                47.563867
              ],
              [
                8.09375,
                47.576172
              ],
              [
                8.103714907656954,
                47.57910562639574
              ],
              [
                8.105427,
                47.581257
              ],
              [
                8.113902,
                47.587846
              ],
              [
                8.122067,
                47.592135
              ],
              [
                8.143771,
                47.600067
              ],
              [
                8.162065,
                47.603762
              ],
              [
                8.168886,
                47.608646
              ],
              [
                8.173847,
                47.613529
              ],
              [
                8.179015,
                47.615803
              ],
              [
                8.232965,
                47.621952
              ],
              [
                8.251051,
                47.622004
              ],
              [
                8.276993,
                47.61663
              ],
              [
                8.288569,
                47.615803
              ],
              [
                8.293943,
                47.611462
              ],
              [
                8.296467742892716,
                47.606934
              ],
              [
                8.327832,
                47.606934
              ],
              [
                8.414746,
                47.5896
              ],
              [
                8.430078,
                47.592139
              ],
              [
                8.454004,
                47.596191
              ],
              [
                8.455899472715522,
                47.5975146949053
              ],
              [
                8.461788,
                47.606139
              ],
              [
                8.49238,
                47.619833
              ],
              [
                8.522353,
                47.621901
              ],
              [
                8.526256619373635,
                47.61942508270522
              ],
              [
                8.559473,
                47.624023
              ],
              [
                8.570508,
                47.637793
              ],
              [
                8.56709,
                47.651904
              ],
              [
                8.552344,
                47.659131
              ],
              [
                8.517420080369263,
                47.65658807367451
              ],
              [
                8.504679,
                47.65226
              ],
              [
                8.49083,
                47.645568
              ],
              [
                8.476051,
                47.640401
              ],
              [
                8.458274,
                47.639884
              ],
              [
                8.437603,
                47.647842
              ],
              [
                8.411972,
                47.661045
              ],
              [
                8.407011,
                47.661562
              ],
              [
                8.391301,
                47.665464
              ],
              [
                8.397709,
                47.67629
              ],
              [
                8.395229,
                47.684817
              ],
              [
                8.390991,
                47.692129
              ],
              [
                8.392128,
                47.699519
              ],
              [
                8.401947,
                47.707089
              ],
              [
                8.423724974386163,
                47.71515564909632
              ],
              [
                8.435742,
                47.731348
              ],
              [
                8.442152043069989,
                47.73442213285046
              ],
              [
                8.445458,
                47.743185
              ],
              [
                8.450109,
                47.750471
              ],
              [
                8.463648,
                47.763907
              ],
              [
                8.471503,
                47.76706
              ],
              [
                8.482665,
                47.766853
              ],
              [
                8.536512,
                47.774088
              ],
              [
                8.551602,
                47.779255
              ],
              [
                8.5423,
                47.795017
              ],
              [
                8.558216,
                47.801166
              ],
              [
                8.583124,
                47.800236
              ],
              [
                8.601624,
                47.794603
              ],
              [
                8.603175,
                47.787317
              ],
              [
                8.604105,
                47.774398
              ],
              [
                8.605764621760466,
                47.768662528554614
              ],
              [
                8.617871,
                47.766113
              ],
              [
                8.626144663288272,
                47.761164188408436
              ],
              [
                8.62984,
                47.762796
              ],
              [
                8.635007,
                47.784604
              ],
              [
                8.644102,
                47.791012
              ],
              [
                8.657022,
                47.788118
              ],
              [
                8.666633,
                47.778273
              ],
              [
                8.674488,
                47.766698
              ],
              [
                8.68193,
                47.75874
              ],
              [
                8.692265,
                47.757164
              ],
              [
                8.703324,
                47.758714
              ],
              [
                8.713142,
                47.757422
              ],
              [
                8.719757,
                47.747319
              ],
              [
                8.71707,
                47.743547
              ],
              [
                8.703737,
                47.730033
              ],
              [
                8.70043,
                47.723496
              ],
              [
                8.704667,
                47.715332
              ],
              [
                8.709469669703221,
                47.71132414256106
              ],
              [
                8.72832,
                47.700049
              ],
              [
                8.754785,
                47.698047
              ],
              [
                8.763254708722163,
                47.70460146738772
              ],
              [
                8.77071,
                47.720861
              ],
              [
                8.797581,
                47.720034
              ],
              [
                8.830241,
                47.707192
              ],
              [
                8.856079,
                47.690682
              ],
              [
                8.846310243894253,
                47.68914529400609
              ],
              [
                8.874023,
                47.662695
              ],
              [
                8.88109404589024,
                47.65644720675233
              ],
              [
                8.881191064189782,
                47.656398268347615
              ],
              [
                8.981877050926565,
                47.66224482036636
              ],
              [
                8.997673,
                47.673835
              ],
              [
                9.016586,
                47.6789
              ],
              [
                9.125785642928319,
                47.670601187487065
              ],
              [
                9.127539,
                47.670703
              ],
              [
                9.182813,
                47.670703
              ],
              [
                9.216711262681219,
                47.65614974166969
              ],
              [
                9.234351,
                47.656162
              ],
              [
                9.273211,
                47.65009
              ],
              [
                9.547482,
                47.534547
              ],
              [
                9.553059,
                47.516891
              ],
              [
                9.554951,
                47.5109
              ],
              [
                9.555223032033767,
                47.51062226209456
              ],
              [
                9.625879,
                47.467041
              ],
              [
                9.625813869124642,
                47.46674923911499
              ],
              [
                9.650346,
                47.452092
              ],
              [
                9.649519,
                47.409717
              ],
              [
                9.639804,
                47.394524
              ],
              [
                9.601047,
                47.36127
              ],
              [
                9.596396,
                47.352305
              ],
              [
                9.591228,
                47.334683
              ],
              [
                9.587404,
                47.32781
              ],
              [
                9.553298,
                47.299853
              ],
              [
                9.527007934981821,
                47.26954781725248
              ],
              [
                9.523148347760625,
                47.260796255418754
              ],
              [
                9.53025,
                47.253654
              ],
              [
                9.547096,
                47.243035
              ],
              [
                9.540378,
                47.229108
              ],
              [
                9.544823,
                47.220323
              ],
              [
                9.554331,
                47.211615
              ],
              [
                9.562909,
                47.19774
              ],
              [
                9.561876,
                47.190609
              ],
              [
                9.551954,
                47.175571
              ],
              [
                9.552057,
                47.16689
              ],
              [
                9.581823,
                47.154901
              ],
              [
                9.605594,
                47.132266
              ],
              [
                9.615723,
                47.106764
              ],
              [
                9.608798,
                47.080771
              ],
              [
                9.581788064301476,
                47.05737674476788
              ],
              [
                9.619922,
                47.057471
              ],
              [
                9.629162737235687,
                47.05596690008159
              ],
              [
                9.65231,
                47.05793
              ],
              [
                9.669053,
                47.056199
              ],
              [
                9.857982,
                47.015478
              ],
              [
                9.856328,
                47.004083
              ],
              [
                9.860566,
                47.001602
              ],
              [
                9.866767,
                47.001938
              ],
              [
                9.870591,
                46.998838
              ],
              [
                9.870591,
                46.992947
              ],
              [
                9.866457,
                46.983387
              ],
              [
                9.86543115692306,
                46.97368593983428
              ],
              [
                9.877734,
                46.937695
              ],
              [
                9.961957980554077,
                46.900692324060216
              ],
              [
                10.006913,
                46.890757
              ],
              [
                10.026441844386543,
                46.878028946586895
              ],
              [
                10.133496,
                46.851514
              ],
              [
                10.179785,
                46.862354
              ],
              [
                10.214617473242596,
                46.88749069664133
              ],
              [
                10.215169,
                46.893108
              ],
              [
                10.219924,
                46.905769
              ],
              [
                10.235116,
                46.923313
              ],
              [
                10.251343,
                46.92538
              ],
              [
                10.263978349906715,
                46.9231117498469
              ],
              [
                10.304626398619469,
                46.95244523020124
              ],
              [
                10.313665,
                46.964318
              ],
              [
                10.338883,
                46.98411
              ],
              [
                10.367925,
                46.995505
              ],
              [
                10.373403,
                46.996254
              ],
              [
                10.378984,
                46.995505
              ],
              [
                10.384255,
                46.993153
              ],
              [
                10.384358,
                46.993153
              ],
              [
                10.384358,
                46.992998
              ],
              [
                10.394693,
                46.985402
              ],
              [
                10.413291725291666,
                46.96491649914709
              ],
              [
                10.414941,
                46.964404
              ],
              [
                10.416452543158307,
                46.96192637913041
              ],
              [
                10.449574,
                46.943906
              ],
              [
                10.458462,
                46.936619
              ],
              [
                10.463836,
                46.919747
              ],
              [
                10.454293744778495,
                46.89360466766158
              ],
              [
                10.453121504501043,
                46.870617956009355
              ],
              [
                10.453793310547775,
                46.86458583297384
              ],
              [
                10.479395,
                46.855127
              ],
              [
                10.579785,
                46.853711
              ],
              [
                10.582391366323305,
                46.853536627990906
              ],
              [
                10.629408,
                46.862412
              ],
              [
                10.647081,
                46.863756
              ],
              [
                10.662481,
                46.860965
              ],
              [
                10.738962,
                46.829546
              ],
              [
                10.748677,
                46.819443
              ],
              [
                10.743819,
                46.812518
              ],
              [
                10.738319605654972,
                46.80945510884236
              ],
              [
                10.759766,
                46.793311
              ],
              [
                10.815596836548929,
                46.77872182262179
              ],
              [
                10.823918,
                46.78035
              ],
              [
                10.83415,
                46.780246
              ],
              [
                10.843141,
                46.777043
              ],
              [
                10.848099179825018,
                46.774120540541745
              ],
              [
                10.906641070923248,
                46.770693831582726
              ],
              [
                10.913731,
                46.77234
              ],
              [
                10.930888,
                46.773994
              ],
              [
                10.953506337537855,
                46.7724666290586
              ],
              [
                10.993262,
                46.777002
              ],
              [
                11.025098,
                46.796973
              ],
              [
                11.063477,
                46.859131
              ],
              [
                11.075194583054895,
                46.871953773639575
              ],
              [
                11.083643,
                46.900136
              ],
              [
                11.091912,
                46.912435
              ],
              [
                11.156611,
                46.956515
              ],
              [
                11.174491,
                46.963853
              ],
              [
                11.243737,
                46.979252
              ],
              [
                11.31381,
                46.987262
              ],
              [
                11.349467,
                46.98194
              ],
              [
                11.35524148508711,
                46.980011954206184
              ],
              [
                11.429960718165857,
                46.98293036191873
              ],
              [
                11.445172,
                46.992998
              ],
              [
                11.445275,
                46.993102
              ],
              [
                11.452923,
                47.000879
              ],
              [
                11.461812,
                47.005504
              ],
              [
                11.471837,
                47.00708
              ],
              [
                11.489407,
                47.004212
              ],
              [
                11.495918,
                47.001602
              ],
              [
                11.501706,
                46.997856
              ],
              [
                11.505780235623686,
                46.99410099399358
              ],
              [
                11.527539,
                46.997412
              ],
              [
                11.563670311161223,
                46.99710583058261
              ],
              [
                11.572709,
                46.998915
              ],
              [
                11.59648,
                47.00044
              ],
              [
                11.624036478368543,
                46.9965942999005
              ],
              [
                11.625488,
                46.996582
              ],
              [
                11.634295115609357,
                46.99516263502191
              ],
              [
                11.64795,
                46.993257
              ],
              [
                11.648467,
                46.993257
              ],
              [
                11.649707,
                46.992998
              ],
              [
                11.657252,
                46.992533
              ],
              [
                11.664797,
                46.993257
              ],
              [
                11.683814,
                46.991913
              ],
              [
                11.69745436688404,
                46.98498381674842
              ],
              [
                11.699414,
                46.984668
              ],
              [
                11.771947574629108,
                46.98601463093844
              ],
              [
                11.777141,
                46.988296
              ],
              [
                11.787958419367222,
                46.989478782717995
              ],
              [
                11.844170466110452,
                47.00502556168308
              ],
              [
                11.857033,
                47.012015
              ],
              [
                11.899511,
                47.027725
              ],
              [
                11.943643,
                47.038164
              ],
              [
                11.966706976413366,
                47.038915949085876
              ],
              [
                11.969531,
                47.039697
              ],
              [
                12.0764755863697,
                47.06239737312516
              ],
              [
                12.116242,
                47.076559
              ],
              [
                12.133146,
                47.078832
              ],
              [
                12.180631,
                47.085215
              ],
              [
                12.204195,
                47.079686
              ],
              [
                12.203897,
                47.067012
              ],
              [
                12.203575,
                47.053331
              ],
              [
                12.182284,
                47.033616
              ],
              [
                12.164432587820704,
                47.02680750369973
              ],
              [
                12.130762,
                46.984766
              ],
              [
                12.154102,
                46.935254
              ],
              [
                12.221644285207233,
                46.87631384025559
              ],
              [
                12.250807,
                46.875615
              ],
              [
                12.26662,
                46.868148
              ],
              [
                12.275819,
                46.846289
              ],
              [
                12.276129,
                46.83399
              ],
              [
                12.274008062650184,
                46.82849197716735
              ],
              [
                12.319196141271329,
                46.77314278331294
              ],
              [
                12.326048,
                46.772495
              ],
              [
                12.342688,
                46.765131
              ],
              [
                12.351473,
                46.743246
              ],
              [
                12.357702598348416,
                46.7326763668923
              ],
              [
                12.388281,
                46.702637
              ],
              [
                12.469067276369122,
                46.67586729380131
              ],
              [
                12.469632,
                46.675799
              ],
              [
                12.499888,
                46.672139
              ],
              [
                12.508858952705285,
                46.66793860149205
              ],
              [
                12.59689133257266,
                46.654370437915524
              ],
              [
                12.62019,
                46.656481
              ],
              [
                12.669593,
                46.653019
              ],
              [
                12.671368,
                46.652466
              ],
              [
                12.679205,
                46.650022
              ],
              [
                12.681857686106852,
                46.64863907408734
              ],
              [
                12.699805,
                46.647461
              ],
              [
                12.729097810393753,
                46.64148339545846
              ],
              [
                12.732018,
                46.64227
              ],
              [
                12.739873,
                46.642994
              ],
              [
                12.7485,
                46.640996
              ],
              [
                12.773566,
                46.635191
              ],
              [
                12.784898615230167,
                46.63009646672311
              ],
              [
                12.805566,
                46.625879
              ],
              [
                12.960340584592947,
                46.60319747296194
              ],
              [
                13.064504,
                46.598035
              ],
              [
                13.146463,
                46.584961
              ],
              [
                13.1770681384306,
                46.57198504147814
              ],
              [
                13.331062592943322,
                46.55956352524155
              ],
              [
                13.373323,
                46.565789
              ],
              [
                13.417041,
                46.560492
              ],
              [
                13.478019,
                46.563567
              ],
              [
                13.484944,
                46.561733
              ],
              [
                13.493556380612393,
                46.55497460173852
              ],
              [
                13.547630264332065,
                46.54588283591976
              ],
              [
                13.549229,
                46.545842
              ],
              [
                13.553297778927744,
                46.54492992275848
              ],
              [
                13.7,
                46.520264
              ],
              [
                13.705971123289638,
                46.519454579555436
              ],
              [
                13.716093,
                46.518867
              ],
              [
                13.74038698767152,
                46.51478930923747
              ],
              [
                13.743945,
                46.514307
              ],
              [
                13.826695152165707,
                46.51139380230411
              ],
              [
                13.860683,
                46.51525
              ],
              [
                13.890862,
                46.511787
              ],
              [
                13.936813307522721,
                46.496781537932435
              ],
              [
                14.016509144670213,
                46.482728148459664
              ],
              [
                14.032456,
                46.484709
              ],
              [
                14.050026,
                46.484399
              ],
              [
                14.066355,
                46.48104
              ],
              [
                14.081032,
                46.47595
              ],
              [
                14.10594291058455,
                46.46110172730894
              ],
              [
                14.267285,
                46.440723
              ],
              [
                14.313743100970328,
                46.43682919649421
              ],
              [
                14.362151,
                46.435875
              ],
              [
                14.395844,
                46.440991
              ],
              [
                14.40649,
                46.439337
              ],
              [
                14.411244,
                46.434635
              ],
              [
                14.414448,
                46.429002
              ],
              [
                14.415266099400915,
                46.42832022606815
              ],
              [
                14.419922,
                46.42793
              ],
              [
                14.465918,
                46.416113
              ],
              [
                14.492566750702448,
                46.41677074883376
              ],
              [
                14.502194,
                46.418356
              ],
              [
                14.503612339203682,
                46.417004923529205
              ],
              [
                14.549805,
                46.399707
              ],
              [
                14.571183942553173,
                46.41005283505334
              ],
              [
                14.575368,
                46.419726
              ],
              [
                14.590148,
                46.434428
              ],
              [
                14.599863,
                46.437167
              ],
              [
                14.600362410080457,
                46.43719790249438
              ],
              [
                14.656441117828084,
                46.455627720946254
              ],
              [
                14.662081,
                46.459698
              ],
              [
                14.666629,
                46.460524
              ],
              [
                14.67005007556062,
                46.46010019598007
              ],
              [
                14.680176,
                46.463428
              ],
              [
                14.683482926019694,
                46.46496968008178
              ],
              [
                14.687093,
                46.471221
              ],
              [
                14.698772,
                46.480962
              ],
              [
                14.703733,
                46.487758
              ],
              [
                14.709727,
                46.492512
              ],
              [
                14.726367,
                46.497706
              ],
              [
                14.735255,
                46.493339
              ],
              [
                14.747305368648554,
                46.49472353244655
              ],
              [
                14.756738,
                46.499121
              ],
              [
                14.810547,
                46.54458
              ],
              [
                14.812266912461405,
                46.5466321955691
              ],
              [
                14.814519,
                46.551337
              ],
              [
                14.822278,
                46.567546
              ],
              [
                14.833647,
                46.584393
              ],
              [
                14.85039,
                46.601136
              ],
              [
                14.862999,
                46.604831
              ],
              [
                14.877055,
                46.603642
              ],
              [
                14.891299178272014,
                46.60495938549047
              ],
              [
                14.893262,
                46.605908
              ],
              [
                14.90080546075506,
                46.60689190630022
              ],
              [
                14.919507,
                46.615017
              ],
              [
                14.933589,
                46.621135
              ],
              [
                14.947955,
                46.619274
              ],
              [
                14.95312917438959,
                46.614155540035014
              ],
              [
                14.990848432840993,
                46.62353201651177
              ],
              [
                15.004386,
                46.636844
              ],
              [
                15.061954,
                46.649557
              ],
              [
                15.085723,
                46.647795
              ],
              [
                15.105591,
                46.646323
              ],
              [
                15.172557,
                46.64136
              ],
              [
                15.184880080782625,
                46.640446459311065
              ],
              [
                15.216992,
                46.642969
              ],
              [
                15.254142113676055,
                46.64074098934924
              ],
              [
                15.332784,
                46.64358
              ],
              [
                15.388135,
                46.645578
              ],
              [
                15.417591,
                46.637955
              ],
              [
                15.430468708456901,
                46.63016612181022
              ],
              [
                15.439258,
                46.629639
              ],
              [
                15.520617268864736,
                46.64881755567035
              ],
              [
                15.52084,
                46.649608
              ],
              [
                15.530659,
                46.663845
              ],
              [
                15.545955,
                46.671881
              ],
              [
                15.567349,
                46.675757
              ],
              [
                15.587802684716337,
                46.67595489859807
              ],
              [
                15.632617,
                46.698437
              ],
              [
                15.632907149121223,
                46.698464972178414
              ],
              [
                15.632875,
                46.702473
              ],
              [
                15.635975,
                46.717563
              ],
              [
                15.652098,
                46.710819
              ],
              [
                15.70497912764629,
                46.705413158799466
              ],
              [
                15.760254,
                46.710742
              ],
              [
                15.766895,
                46.711279
              ],
              [
                15.775695345683836,
                46.70972668181177
              ],
              [
                15.78461,
                46.7122
              ],
              [
                15.822941,
                46.722834
              ],
              [
                15.850743,
                46.724488
              ],
              [
                15.878545,
                46.720715
              ],
              [
                15.946344,
                46.697151
              ],
              [
                15.970050359964869,
                46.69425555335601
              ],
              [
                15.972266,
                46.697217
              ],
              [
                15.980469,
                46.705859
              ],
              [
                15.979812316926434,
                46.723213312946925
              ],
              [
                15.970529,
                46.743014
              ],
              [
                15.969702,
                46.760532
              ],
              [
                15.970985,
                46.77505
              ],
              [
                15.971252,
                46.778076
              ],
              [
                15.978177,
                46.809134
              ],
              [
                15.97735,
                46.816213
              ],
              [
                15.972906,
                46.818435
              ],
              [
                15.971976,
                46.820632
              ],
              [
                15.981691,
                46.827685
              ],
              [
                15.987582,
                46.830011
              ],
              [
                16.025597187137667,
                46.8364642499079
              ],
              [
                16.037207,
                46.844824
              ],
              [
                16.093066,
                46.863281
              ],
              [
                16.20246427761824,
                46.85983244621591
              ],
              [
                16.272009,
                46.863962
              ],
              [
                16.282241,
                46.859932
              ],
              [
                16.297392,
                46.847033
              ],
              [
                16.301878,
                46.843214
              ],
              [
                16.310663,
                46.84001
              ],
              [
                16.325339,
                46.839442
              ],
              [
                16.329783,
                46.834403
              ],
              [
                16.327509,
                46.825463
              ],
              [
                16.321825,
                46.813268
              ],
              [
                16.3149,
                46.802002
              ],
              [
                16.314334232113687,
                46.80133506930467
              ],
              [
                16.318457,
                46.78252
              ],
              [
                16.335449,
                46.721631
              ],
              [
                16.348376918394628,
                46.71476929316375
              ],
              [
                16.357275,
                46.715832
              ],
              [
                16.357382676431172,
                46.709989337907324
              ],
              [
                16.367188,
                46.704785
              ],
              [
                16.3744242653731,
                46.694804432398186
              ],
              [
                16.390038,
                46.694154
              ],
              [
                16.405024,
                46.687255
              ],
              [
                16.410502,
                46.668367
              ],
              [
                16.402607,
                46.663109
              ],
              [
                16.396652,
                46.659143
              ],
              [
                16.382494538559065,
                46.65446826817482
              ],
              [
                16.38125,
                46.638672
              ],
              [
                16.413863094405635,
                46.61110947806635
              ],
              [
                16.430242,
                46.604392
              ],
              [
                16.467139,
                46.564704
              ],
              [
                16.500832,
                46.544809
              ],
              [
                16.51518614051124,
                46.50205608032112
              ],
              [
                16.515367419451028,
                46.50167506282447
              ],
              [
                16.521024613933147,
                46.498567369501735
              ],
              [
                16.569922,
                46.48501
              ],
              [
                16.587429037673825,
                46.478267247368
              ],
              [
                16.588062,
                46.479567
              ],
              [
                16.594263,
                46.482978
              ],
              [
                16.602118,
                46.482048
              ],
              [
                16.61111,
                46.478069
              ],
              [
                16.637671,
                46.474477
              ],
              [
                16.659272,
                46.464193
              ],
              [
                16.677462,
                46.44869
              ],
              [
                16.683855025911335,
                46.44112923475301
              ],
              [
                16.748047,
                46.416406
              ],
              [
                16.782435469257234,
                46.39492689250984
              ],
              [
                17.830378,
                47.049712
              ],
              [
                19.196152,
                47.935601
              ],
              [
                21.408705,
                48.824555
              ],
              [
                22.432947,
                48.940401
              ],
              [
                22.448996,
                48.971431
              ],
              [
                22.466566,
                48.980526
              ],
              [
                22.48192671096806,
                48.982012249767244
              ],
              [
                22.483203,
                48.983252
              ],
              [
                22.524121,
                49.031396
              ],
              [
                22.525756916752318,
                49.03604022274218
              ],
              [
                22.531989,
                49.055715
              ],
              [
                22.53488966103024,
                49.06196727472326
              ],
              [
                22.538672,
                49.072705
              ],
              [
                22.540801929224543,
                49.07293661717044
              ],
              [
                22.560721,
                49.085532
              ],
              [
                22.580771,
                49.08145
              ],
              [
                22.59150773371745,
                49.07365608774526
              ],
              [
                22.693139368382138,
                49.04243844258846
              ],
              [
                22.721951,
                49.041039
              ],
              [
                22.744482,
                49.045535
              ],
              [
                22.755334,
                49.044708
              ],
              [
                22.765463,
                49.038403
              ],
              [
                22.778639458601077,
                49.02625715413383
              ],
              [
                22.809766,
                49.020752
              ],
              [
                22.839746,
                49.038916
              ],
              [
                22.843457437570418,
                49.04610300808029
              ],
              [
                22.844424,
                49.056697
              ],
              [
                22.85028283359864,
                49.06931330082786
              ],
              [
                22.84707,
                49.08125
              ],
              [
                22.803595594787264,
                49.10875101017783
              ],
              [
                22.796469,
                49.11137
              ],
              [
                22.778072,
                49.12031
              ],
              [
                22.75817169224359,
                49.137503092994784
              ],
              [
                22.737260640658832,
                49.15091921415853
              ],
              [
                22.71637,
                49.160566
              ],
              [
                22.720194,
                49.161186
              ],
              [
                22.720894021113214,
                49.161419716726506
              ],
              [
                22.71852419110995,
                49.162940153244605
              ],
              [
                22.705725,
                49.168835
              ],
              [
                22.692496,
                49.157931
              ],
              [
                22.687845,
                49.155915
              ],
              [
                22.681747,
                49.161238
              ],
              [
                22.687121,
                49.173382
              ],
              [
                22.702934,
                49.195034
              ],
              [
                22.717094,
                49.230433
              ],
              [
                22.71933250886001,
                49.234477490927944
              ],
              [
                22.721973,
                49.240967
              ],
              [
                22.732422,
                49.295166
              ],
              [
                22.719922,
                49.353809
              ],
              [
                22.698033700716216,
                49.40176851359847
              ],
              [
                22.692599,
                49.405513
              ],
              [
                22.679576,
                49.418948
              ],
              [
                22.676786,
                49.424478
              ],
              [
                22.673065,
                49.435847
              ],
              [
                22.668644784504558,
                49.46616264986385
              ],
              [
                22.660645,
                49.483691
              ],
              [
                22.657910991131903,
                49.497158507132916
              ],
              [
                22.640922,
                49.528761
              ],
              [
                22.665831,
                49.567363
              ],
              [
                22.69455155948815,
                49.59246419580053
              ],
              [
                22.706152,
                49.606201
              ],
              [
                22.745106456497492,
                49.63998209969893
              ],
              [
                22.758951,
                49.6656
              ],
              [
                22.766186,
                49.67423
              ],
              [
                22.777348,
                49.680483
              ],
              [
                22.794354976565593,
                49.68269015715964
              ],
              [
                22.869971021155287,
                49.74826399314136
              ],
              [
                22.888246,
                49.769728
              ],
              [
                22.897961,
                49.777428
              ],
              [
                22.905441768303156,
                49.78064000433005
              ],
              [
                22.949006369897656,
                49.82320193252017
              ],
              [
                22.951188,
                49.826624
              ],
              [
                22.957032793441776,
                49.83050610013064
              ],
              [
                23.036328,
                49.899072
              ],
              [
                23.056045010434467,
                49.91409193237612
              ],
              [
                23.101463,
                49.957107
              ],
              [
                23.141254,
                49.985477
              ],
              [
                23.166533852155588,
                49.998259607616866
              ],
              [
                23.19017364642089,
                50.01626781998914
              ],
              [
                23.207916,
                50.03395
              ],
              [
                23.436429,
                50.193475
              ],
              [
                23.481595,
                50.215954
              ],
              [
                23.483987450613146,
                50.21713206241292
              ],
              [
                23.506152,
                50.229834
              ],
              [
                23.649023,
                50.327051
              ],
              [
                23.664619007801182,
                50.33956168681168
              ],
              [
                23.671247,
                50.353568
              ],
              [
                23.682203,
                50.368245
              ],
              [
                23.695742,
                50.376771
              ],
              [
                23.713002,
                50.382404
              ],
              [
                23.747522,
                50.38938
              ],
              [
                23.811814502408986,
                50.38989348267708
              ],
              [
                23.972656,
                50.410059
              ],
              [
                24.00498,
                50.457031
              ],
              [
                24.00939208237679,
                50.46179109038515
              ],
              [
                24.007867,
                50.480744
              ],
              [
                24.010658,
                50.492785
              ],
              [
                24.050426529185263,
                50.506062175789275
              ],
              [
                24.052637,
                50.508447
              ],
              [
                24.089941,
                50.530469
              ],
              [
                24.092225760728677,
                50.57179710401236
              ],
              [
                24.085279,
                50.604406
              ],
              [
                24.09459525181555,
                50.61465786088087
              ],
              [
                24.094727,
                50.617041
              ],
              [
                24.047691570310914,
                50.71974055643869
              ],
              [
                24.026884,
                50.728016
              ],
              [
                24.012828,
                50.743312
              ],
              [
                24.017849166222145,
                50.750066264753094
              ],
              [
                24.007324,
                50.760156
              ],
              [
                23.996592147846005,
                50.76960103974253
              ],
              [
                23.974278,
                50.776178
              ],
              [
                23.959498,
                50.788891
              ],
              [
                23.957638,
                50.808011
              ],
              [
                23.969937,
                50.825168
              ],
              [
                23.992881,
                50.836226
              ],
              [
                24.020477,
                50.838552
              ],
              [
                24.046935,
                50.829095
              ],
              [
                24.067295,
                50.834831
              ],
              [
                24.088338648619462,
                50.83492931405902
              ],
              [
                24.105762,
                50.844971
              ],
              [
                24.095801,
                50.872754
              ],
              [
                24.064894997185487,
                50.891758303568764
              ],
              [
                24.046935,
                50.898031
              ],
              [
                23.979342,
                50.937512
              ],
              [
                23.964356,
                50.953222
              ],
              [
                23.958878,
                50.966348
              ],
              [
                23.958424609556598,
                50.97029420859306
              ],
              [
                23.938086,
                50.992529
              ],
              [
                23.93497788672914,
                50.998098433706495
              ],
              [
                23.9318,
                50.999472
              ],
              [
                23.919087,
                51.002728
              ],
              [
                23.911749,
                51.00681
              ],
              [
                23.915987,
                51.014665
              ],
              [
                23.915987,
                51.020866
              ],
              [
                23.909590929600306,
                51.043589367407094
              ],
              [
                23.88655903445327,
                51.08486026134747
              ],
              [
                23.869271,
                51.10174
              ],
              [
                23.854492,
                51.121532
              ],
              [
                23.858213,
                51.13073
              ],
              [
                23.858474144651368,
                51.13081527945799
              ],
              [
                23.79873380874449,
                51.185676709370334
              ],
              [
                23.765195,
                51.199021
              ],
              [
                23.742664,
                51.216255
              ],
              [
                23.696030755508364,
                51.28035392957769
              ],
              [
                23.680115179318875,
                51.29532564950868
              ],
              [
                23.670214,
                51.299376
              ],
              [
                23.650887,
                51.299609
              ],
              [
                23.635177,
                51.304699
              ],
              [
                23.628666,
                51.325964
              ],
              [
                23.63404,
                51.339296
              ],
              [
                23.647786,
                51.353998
              ],
              [
                23.66400504425527,
                51.36477116052012
              ],
              [
                23.678788950186522,
                51.393193556264535
              ],
              [
                23.678895,
                51.394073
              ],
              [
                23.679610442312768,
                51.39477289358051
              ],
              [
                23.679688,
                51.394922
              ],
              [
                23.66150310932472,
                51.44217683850156
              ],
              [
                23.648716,
                51.453966
              ],
              [
                23.647166,
                51.460193
              ],
              [
                23.648667350808118,
                51.4621169724985
              ],
              [
                23.62469225117023,
                51.49294778617653
              ],
              [
                23.614817,
                51.49722
              ],
              [
                23.608099,
                51.511224
              ],
              [
                23.60659227532933,
                51.5162234760029
              ],
              [
                23.605273,
                51.51792
              ],
              [
                23.59517386160147,
                51.533459361507504
              ],
              [
                23.588668,
                51.535899
              ],
              [
                23.572752,
                51.539672
              ],
              [
                23.56035,
                51.555304
              ],
              [
                23.567171,
                51.55489
              ],
              [
                23.573992,
                51.555304
              ],
              [
                23.552081,
                51.578817
              ],
              [
                23.5434,
                51.592743
              ],
              [
                23.539886,
                51.607109
              ],
              [
                23.541600514852593,
                51.61589170072754
              ],
              [
                23.539648,
                51.618896
              ],
              [
                23.541160739721438,
                51.64559632369997
              ],
              [
                23.532444,
                51.6515
              ],
              [
                23.532444,
                51.658967
              ],
              [
                23.541436,
                51.659742
              ],
              [
                23.541973797650567,
                51.65994704748074
              ],
              [
                23.544824,
                51.710254
              ],
              [
                23.546881801637696,
                51.71319207468521
              ],
              [
                23.546604,
                51.713589
              ],
              [
                23.552288,
                51.736636
              ],
              [
                23.556319,
                51.747359
              ],
              [
                23.56035,
                51.754542
              ],
              [
                23.577299,
                51.766686
              ],
              [
                23.589941186293355,
                51.771496791447795
              ],
              [
                23.625684,
                51.809326
              ],
              [
                23.624712649339532,
                51.81307369445767
              ],
              [
                23.610269,
                51.825184
              ],
              [
                23.594559,
                51.843297
              ],
              [
                23.605721,
                51.851591
              ],
              [
                23.6095401009238,
                51.87161287903898
              ],
              [
                23.607422,
                51.879785
              ],
              [
                23.62176287863367,
                51.91040802575095
              ],
              [
                23.622155,
                51.927943
              ],
              [
                23.628666,
                51.946339
              ],
              [
                23.647579,
                51.97409
              ],
              [
                23.651167081570136,
                51.97758623367987
              ],
              [
                23.652441,
                52.040381
              ],
              [
                23.633301,
                52.06958
              ],
              [
                23.597949,
                52.103076
              ],
              [
                23.551410762260346,
                52.12101527233617
              ],
              [
                23.531928,
                52.120644
              ],
              [
                23.512497,
                52.124442
              ],
              [
                23.497496646551586,
                52.1428857120452
              ],
              [
                23.458398,
                52.169531
              ],
              [
                23.437002901222645,
                52.17587470791634
              ],
              [
                23.43674,
                52.175679
              ],
              [
                23.427231,
                52.17679
              ],
              [
                23.421377474963094,
                52.18050769144637
              ],
              [
                23.40430111340846,
                52.185570881436924
              ],
              [
                23.391368,
                52.182501
              ],
              [
                23.388474,
                52.184154
              ],
              [
                23.392406440834044,
                52.18909768584002
              ],
              [
                23.327148,
                52.208447
              ],
              [
                23.291888140976333,
                52.22158043410394
              ],
              [
                23.284191,
                52.219734
              ],
              [
                23.212257,
                52.231671
              ],
              [
                23.189726,
                52.240533
              ],
              [
                23.197054443804916,
                52.256903664176924
              ],
              [
                23.196973,
                52.256934
              ],
              [
                23.176249378192868,
                52.285058441626894
              ],
              [
                23.176099,
                52.285136
              ],
              [
                23.168746,
                52.288928
              ],
              [
                23.165645,
                52.289393
              ],
              [
                23.20071329064246,
                52.33330752295063
              ],
              [
                23.204102,
                52.337891
              ],
              [
                23.205100809637152,
                52.338801825640004
              ],
              [
                23.21205,
                52.347504
              ],
              [
                23.230447,
                52.365074
              ],
              [
                23.249875808233693,
                52.3796326458845
              ],
              [
                23.30332,
                52.428369
              ],
              [
                23.322795270294414,
                52.44426547357507
              ],
              [
                23.392298,
                52.509638
              ],
              [
                23.480458,
                52.554416
              ],
              [
                23.569031,
                52.585887
              ],
              [
                23.618939670518774,
                52.59455222650383
              ],
              [
                23.844727,
                52.664209
              ],
              [
                23.90127,
                52.703613
              ],
              [
                23.91543,
                52.770264
              ],
              [
                23.916309,
                52.81875
              ],
              [
                23.909700860908426,
                52.900835209745395
              ],
              [
                23.909476,
                52.901501
              ],
              [
                23.905445,
                52.906539
              ],
              [
                23.902034,
                52.912534
              ],
              [
                23.901104,
                52.923257
              ],
              [
                23.903894,
                52.931137
              ],
              [
                23.90447943825152,
                52.93185102397473
              ],
              [
                23.887109,
                53.027539
              ],
              [
                23.88328599398534,
                53.03911519745282
              ],
              [
                23.867928,
                53.051027
              ],
              [
                23.859349,
                53.067976
              ],
              [
                23.860693,
                53.087484
              ],
              [
                23.86518624290079,
                53.09392188402306
              ],
              [
                23.85918,
                53.112109
              ],
              [
                23.802431135723612,
                53.241022304881625
              ],
              [
                23.800645,
                53.242462
              ],
              [
                23.782972,
                53.270936
              ],
              [
                23.765986417696485,
                53.3110842804675
              ],
              [
                23.698514870197087,
                53.427454727059356
              ],
              [
                23.675795,
                53.455705
              ],
              [
                23.590942,
                53.611251
              ],
              [
                23.567068,
                53.681014
              ],
              [
                23.56651977984298,
                53.695814256666466
              ],
              [
                23.54517916480608,
                53.759425568844236
              ],
              [
                23.540402,
                53.763593
              ],
              [
                23.52986,
                53.78416
              ],
              [
                23.52238661181854,
                53.82736476370398
              ],
              [
                23.511394425991064,
                53.860129862693796
              ],
              [
                23.51043,
                53.862502
              ],
              [
                23.497201,
                53.885549
              ],
              [
                23.486866,
                53.909992
              ],
              [
                23.48573894018689,
                53.93660278129242
              ],
              [
                23.484668,
                53.939795
              ],
              [
                23.477637,
                53.958936
              ],
              [
                23.47797286118305,
                53.96187633302705
              ],
              [
                23.470949,
                53.965286
              ],
              [
                23.462888,
                53.972521
              ],
              [
                23.45865,
                53.981616
              ],
              [
                23.45927,
                53.992313
              ],
              [
                23.464128,
                53.996757
              ],
              [
                23.469502,
                54.000684
              ],
              [
                23.481595,
                54.006627
              ],
              [
                23.482960765177424,
                54.008035531376365
              ],
              [
                23.481348,
                54.079004
              ],
              [
                23.453613,
                54.143457
              ],
              [
                23.407308758113334,
                54.175084589573615
              ],
              [
                23.401806,
                54.175971
              ],
              [
                23.391471,
                54.180105
              ],
              [
                23.382273,
                54.187856
              ],
              [
                23.372414455813004,
                54.19891874874879
              ],
              [
                23.370117,
                54.200488
              ],
              [
                23.282324,
                54.240332
              ],
              [
                23.258783323891503,
                54.248972471175584
              ],
              [
                23.235408,
                54.254157
              ],
              [
                23.197271,
                54.267851
              ],
              [
                23.168988567603776,
                54.281733162763274
              ],
              [
                23.089612926443166,
                54.2990032810108
              ],
              [
                23.073041,
                54.294878
              ],
              [
                23.050096,
                54.294827
              ],
              [
                23.032113,
                54.309554
              ],
              [
                23.032216,
                54.320148
              ],
              [
                23.0338765062331,
                54.32339470854181
              ],
              [
                23.031934,
                54.327881
              ],
              [
                23.01592274536014,
                54.34784651829566
              ],
              [
                23.001004,
                54.34888
              ],
              [
                22.989738,
                54.353376
              ],
              [
                22.983434,
                54.359784
              ],
              [
                22.980746044565283,
                54.36450364812266
              ],
              [
                22.976758,
                54.366357
              ],
              [
                22.928741165703375,
                54.380371307958285
              ],
              [
                22.918838,
                54.381126
              ],
              [
                22.88560505040737,
                54.39115343159085
              ],
              [
                22.82373,
                54.395801
              ],
              [
                22.798423635124458,
                54.378636193253456
              ],
              [
                22.78603,
                54.36521
              ],
              [
                22.76722,
                54.35627
              ],
              [
                22.698387,
                54.342937
              ],
              [
                22.510388,
                54.348777
              ],
              [
                22.27712,
                54.356063
              ],
              [
                21.720772,
                54.373271
              ],
              [
                21.287413,
                54.386759
              ],
              [
                20.929606,
                54.397818
              ],
              [
                20.640838,
                54.406784
              ],
              [
                20.35207,
                54.415749
              ],
              [
                19.964703,
                54.427842
              ],
              [
                19.758256,
                54.434256
              ],
              [
                19.680276,
                54.436678
              ],
              [
                19.63077,
                54.446652
              ],
              [
                19.609548,
                54.456732
              ],
              [
                19.59254,
                54.452379
              ],
              [
                19.531016,
                54.414944
              ],
              [
                19.499278,
                54.406399
              ],
              [
                19.459972,
                54.401028
              ],
              [
                19.407289376233678,
                54.3861348659289
              ],
              [
                19.407129,
                54.386084
              ],
              [
                19.407100859479893,
                54.38608157311453
              ],
              [
                19.377208,
                54.377631
              ],
              [
                19.002126,
                54.344916
              ],
              [
                18.978334784395003,
                54.34910407045588
              ],
              [
                18.97627,
                54.348926
              ],
              [
                18.940688873608092,
                54.35418108841637
              ],
              [
                18.923188,
                54.348538
              ],
              [
                18.885916,
                54.350165
              ],
              [
                18.717296,
                54.382025
              ],
              [
                18.70045,
                54.395819
              ],
              [
                18.694347,
                54.404527
              ],
              [
                18.680024,
                54.40998
              ],
              [
                18.663341,
                54.412991
              ],
              [
                18.649913,
                54.413804
              ],
              [
                18.634288,
                54.416938
              ],
              [
                18.60377,
                54.430609
              ],
              [
                18.588064,
                54.433661
              ],
              [
                18.574067,
                54.450385
              ],
              [
                18.567556,
                54.48786
              ],
              [
                18.566742,
                54.527411
              ],
              [
                18.569005755663206,
                54.54070788474914
              ],
              [
                18.50761294756372,
                54.63504217287772
              ],
              [
                18.506358,
                54.634101
              ],
              [
                18.487315,
                54.631781
              ],
              [
                18.475922,
                54.640082
              ],
              [
                18.481944,
                54.659613
              ],
              [
                18.470388,
                54.666734
              ],
              [
                18.470063,
                54.673285
              ],
              [
                18.473888,
                54.679918
              ],
              [
                18.474351627338844,
                54.68615048772375
              ],
              [
                18.468725048026165,
                54.694796115289776
              ],
              [
                18.459809,
                54.706041
              ],
              [
                18.447765,
                54.718248
              ],
              [
                18.442393,
                54.721991
              ],
              [
                18.418468,
                54.728217
              ],
              [
                18.413097,
                54.73192
              ],
              [
                18.413097,
                54.746527
              ],
              [
                18.41505,
                54.753119
              ],
              [
                18.42921,
                54.781684
              ],
              [
                18.435557,
                54.786811
              ],
              [
                18.447765,
                54.789984
              ],
              [
                18.456309,
                54.787665
              ],
              [
                18.48878,
                54.773179
              ],
              [
                18.49822,
                54.765367
              ],
              [
                18.556977,
                54.74901
              ],
              [
                18.61671,
                54.725246
              ],
              [
                18.64503,
                54.71955
              ],
              [
                18.654552,
                54.71015
              ],
              [
                18.663422,
                54.707994
              ],
              [
                18.698497,
                54.703803
              ],
              [
                18.707774,
                54.701239
              ],
              [
                18.755382,
                54.654486
              ],
              [
                18.771821,
                54.642279
              ],
              [
                18.773087683346517,
                54.64033253926321
              ],
              [
                18.799609,
                54.63335
              ],
              [
                18.75960592158765,
                54.68415228295846
              ],
              [
                18.758822670625598,
                54.68474203300016
              ],
              [
                18.670099166434508,
                54.71833741879477
              ],
              [
                18.410167,
                54.808295
              ],
              [
                18.389171,
                54.811103
              ],
              [
                18.375824,
                54.815131
              ],
              [
                18.342421156333085,
                54.83201970599619
              ],
              [
                18.334803418191463,
                54.8344933714249
              ],
              [
                18.31781798826794,
                54.83812860178601
              ],
              [
                18.110216507038622,
                54.83608220903264
              ],
              [
                18.044160026317687,
                54.83256788458169
              ],
              [
                17.851350808022197,
                54.817360112707284
              ],
              [
                17.715668,
                54.790432
              ],
              [
                17.538546467968928,
                54.771035751173706
              ],
              [
                17.27050518596575,
                54.73082967419849
              ],
              [
                17.230290848273782,
                54.71990255347747
              ],
              [
                17.016441111867053,
                54.654723115764895
              ],
              [
                16.939952,
                54.606024
              ],
              [
                16.902192,
                54.598131
              ],
              [
                16.88571552165073,
                54.596508592200514
              ],
              [
                16.885449,
                54.596387
              ],
              [
                16.85043420990482,
                54.59180935937193
              ],
              [
                16.778494,
                54.575141
              ],
              [
                16.616487617819583,
                54.56122447161971
              ],
              [
                16.560535908966106,
                54.55390965365389
              ],
              [
                16.5591088038819,
                54.55339171721775
              ],
              [
                16.474172135861476,
                54.499461682985036
              ],
              [
                16.479747,
                54.495551
              ],
              [
                16.473399,
                54.482123
              ],
              [
                16.460623,
                54.473456
              ],
              [
                16.444509,
                54.469875
              ],
              [
                16.434418,
                54.472357
              ],
              [
                16.43599238353471,
                54.475219675404944
              ],
              [
                16.375586,
                54.436865
              ],
              [
                16.305407109432707,
                54.37347391895841
              ],
              [
                16.32488,
                54.373114
              ],
              [
                16.336762,
                54.358588
              ],
              [
                16.323904,
                54.349921
              ],
              [
                16.288829,
                54.340237
              ],
              [
                16.274913,
                54.330471
              ],
              [
                16.259044,
                54.326728
              ],
              [
                16.240896,
                54.32453
              ],
              [
                16.231781,
                54.322577
              ],
              [
                16.240489,
                54.330024
              ],
              [
                16.262869,
                54.343695
              ],
              [
                16.266031237250438,
                54.34745299548123
              ],
              [
                16.239355,
                54.333057
              ],
              [
                16.198406952140584,
                54.30010211116132
              ],
              [
                16.21518,
                54.299628
              ],
              [
                16.213227,
                54.283515
              ],
              [
                16.216645,
                54.28205
              ],
              [
                16.218516,
                54.282375
              ],
              [
                16.219574,
                54.28148
              ],
              [
                16.220063,
                54.276597
              ],
              [
                16.172374,
                54.276597
              ],
              [
                16.172374,
                54.269192
              ],
              [
                16.17921,
                54.269192
              ],
              [
                16.17921,
                54.263007
              ],
              [
                16.091075,
                54.253974
              ],
              [
                16.069347,
                54.263007
              ],
              [
                16.118907,
                54.276028
              ],
              [
                16.126110398975698,
                54.28030355479079
              ],
              [
                16.051942926742207,
                54.267891591759636
              ],
              [
                16.020844,
                54.261786
              ],
              [
                15.891006710046277,
                54.252277829597574
              ],
              [
                15.815040220423317,
                54.23811073961967
              ],
              [
                15.665782,
                54.198432
              ],
              [
                15.468516,
                54.167141
              ],
              [
                15.288341,
                54.138861
              ],
              [
                15.010102,
                54.06981
              ],
              [
                14.820646655583412,
                54.04058759867904
              ],
              [
                14.736847881225925,
                54.02279607534927
              ],
              [
                14.663275419383433,
                54.00350355922751
              ],
              [
                14.498105403015236,
                53.95687137513034
              ],
              [
                14.445567,
                53.934027
              ],
              [
                14.406749,
                53.92182
              ],
              [
                14.367035,
                53.916978
              ],
              [
                14.268077,
                53.92182
              ],
              [
                14.237478,
                53.928656
              ],
              [
                14.226573,
                53.934027
              ],
              [
                14.210053,
                53.938463
              ],
              [
                14.209483,
                53.938625
              ],
              [
                14.192393,
                53.946112
              ],
              [
                14.107790372190546,
                54.00092772232764
              ],
              [
                14.038867,
                54.03457
              ],
              [
                13.890526170514608,
                54.099683623703484
              ],
              [
                13.882498,
                54.102444
              ],
              [
                13.877748101166402,
                54.10529250698992
              ],
              [
                13.827734,
                54.127246
              ],
              [
                13.82041,
                54.092822
              ],
              [
                13.827148,
                54.05957
              ],
              [
                13.853610222250175,
                54.045968348852895
              ],
              [
                13.854991,
                54.046332
              ],
              [
                13.863617,
                54.049994
              ],
              [
                13.871104,
                54.048651
              ],
              [
                13.876313,
                54.036444
              ],
              [
                13.875273395048891,
                54.034013496050335
              ],
              [
                13.898253168906013,
                54.01550230984405
              ],
              [
                13.899913,
                54.019721
              ],
              [
                13.907237,
                54.027493
              ],
              [
                13.91627,
                54.033637
              ],
              [
                13.924815,
                54.036444
              ],
              [
                13.924815,
                54.043891
              ],
              [
                13.915863,
                54.056383
              ],
              [
                13.926117,
                54.064032
              ],
              [
                13.946056,
                54.066596
              ],
              [
                13.965831,
                54.063788
              ],
              [
                13.9817,
                54.056342
              ],
              [
                13.995291,
                54.045722
              ],
              [
                14.006196,
                54.032294
              ],
              [
                14.014334,
                54.016018
              ],
              [
                14.037446,
                54.021715
              ],
              [
                14.05128,
                54.005072
              ],
              [
                14.053071,
                53.97842
              ],
              [
                14.040294,
                53.953843
              ],
              [
                14.04835,
                53.940863
              ],
              [
                14.014334,
                53.947089
              ],
              [
                14.01588,
                53.952704
              ],
              [
                14.018565,
                53.956366
              ],
              [
                14.022634,
                53.95897
              ],
              [
                14.027843,
                53.961371
              ],
              [
                13.987478,
                53.961412
              ],
              [
                13.97462,
                53.957343
              ],
              [
                13.958995,
                53.940863
              ],
              [
                13.960297,
                53.956732
              ],
              [
                13.968272,
                53.976264
              ],
              [
                13.965831,
                53.981838
              ],
              [
                13.972667,
                53.989244
              ],
              [
                13.954845,
                53.993598
              ],
              [
                13.921068523992027,
                53.99482568689967
              ],
              [
                13.909639519725664,
                53.96108285667111
              ],
              [
                13.938975,
                53.928209
              ],
              [
                13.931651,
                53.899319
              ],
              [
                13.922374,
                53.893378
              ],
              [
                13.920396731224832,
                53.89270265560267
              ],
              [
                13.925781,
                53.879053
              ],
              [
                14.027932401613231,
                53.86574470416242
              ],
              [
                14.04835,
                53.879381
              ],
              [
                14.065115,
                53.872382
              ],
              [
                14.087413,
                53.870429
              ],
              [
                14.200819,
                53.878157
              ],
              [
                14.203136,
                53.878323
              ],
              [
                14.226573,
                53.871975
              ],
              [
                14.229633615079383,
                53.86935461560756
              ],
              [
                14.350879,
                53.85874
              ],
              [
                14.410423791365528,
                53.848540265524264
              ],
              [
                14.415701,
                53.853013
              ],
              [
                14.417654,
                53.865139
              ],
              [
                14.40919,
                53.871568
              ],
              [
                14.392914,
                53.875963
              ],
              [
                14.363048,
                53.879381
              ],
              [
                14.371593,
                53.885891
              ],
              [
                14.378266,
                53.89232
              ],
              [
                14.385102,
                53.897284
              ],
              [
                14.393809,
                53.899319
              ],
              [
                14.405772,
                53.897406
              ],
              [
                14.414236,
                53.894721
              ],
              [
                14.422048,
                53.896145
              ],
              [
                14.431895,
                53.906155
              ],
              [
                14.433767,
                53.902411
              ],
              [
                14.434093,
                53.901597
              ],
              [
                14.434906,
                53.901313
              ],
              [
                14.438162,
                53.899319
              ],
              [
                14.425548,
                53.879828
              ],
              [
                14.441173,
                53.869615
              ],
              [
                14.552094,
                53.862779
              ],
              [
                14.575857,
                53.854804
              ],
              [
                14.58961,
                53.837836
              ],
              [
                14.583263,
                53.834215
              ],
              [
                14.574229,
                53.827094
              ],
              [
                14.569102,
                53.824164
              ],
              [
                14.574474,
                53.819078
              ],
              [
                14.580089,
                53.815334
              ],
              [
                14.587087,
                53.812649
              ],
              [
                14.595876,
                53.810492
              ],
              [
                14.58961,
                53.817328
              ],
              [
                14.613536,
                53.83161
              ],
              [
                14.621349,
                53.839545
              ],
              [
                14.62379,
                53.851508
              ],
              [
                14.630626,
                53.851508
              ],
              [
                14.627289,
                53.832709
              ],
              [
                14.620372,
                53.814846
              ],
              [
                14.61671,
                53.794745
              ],
              [
                14.62379,
                53.769517
              ],
              [
                14.608246,
                53.769029
              ],
              [
                14.597341,
                53.765204
              ],
              [
                14.587413,
                53.763495
              ],
              [
                14.575938,
                53.769517
              ],
              [
                14.563053914418171,
                53.746702253639036
              ],
              [
                14.552148,
                53.707324
              ],
              [
                14.571582,
                53.675879
              ],
              [
                14.576980678307205,
                53.65932861167598
              ],
              [
                14.587413,
                53.656073
              ],
              [
                14.613048,
                53.65469
              ],
              [
                14.62379,
                53.652818
              ],
              [
                14.622813,
                53.646959
              ],
              [
                14.623057,
                53.643012
              ],
              [
                14.62379,
                53.639228
              ],
              [
                14.610037,
                53.632758
              ],
              [
                14.601573,
                53.626654
              ],
              [
                14.597016,
                53.617336
              ],
              [
                14.595876,
                53.601304
              ],
              [
                14.590587,
                53.598375
              ],
              [
                14.579112,
                53.607245
              ],
              [
                14.546235,
                53.644761
              ],
              [
                14.532236782152726,
                53.65673752898281
              ],
              [
                14.488789527037735,
                53.67147094090318
              ],
              [
                14.458669,
                53.677883
              ],
              [
                14.414561,
                53.682359
              ],
              [
                14.403575,
                53.687812
              ],
              [
                14.38994482843873,
                53.696538605170126
              ],
              [
                14.305703180564711,
                53.71781495194748
              ],
              [
                14.304861,
                53.712551
              ],
              [
                14.291677,
                53.705268
              ],
              [
                14.273692,
                53.700629
              ],
              [
                14.263901,
                53.699976
              ],
              [
                14.256196,
                53.699449
              ],
              [
                14.240001,
                53.700751
              ],
              [
                14.225352,
                53.703762
              ],
              [
                14.212738,
                53.708075
              ],
              [
                14.259532,
                53.727973
              ],
              [
                14.260788968107295,
                53.729158632699125
              ],
              [
                14.258887,
                53.729639
              ],
              [
                14.25,
                53.731885
              ],
              [
                14.192756024387895,
                53.740928784893704
              ],
              [
                14.186534,
                53.739814
              ],
              [
                14.10613,
                53.743354
              ],
              [
                14.094005,
                53.746324
              ],
              [
                14.068858,
                53.755276
              ],
              [
                14.061534,
                53.756415
              ],
              [
                14.037446,
                53.755276
              ],
              [
                14.033539,
                53.757514
              ],
              [
                14.017345,
                53.769517
              ],
              [
                13.984223,
                53.773993
              ],
              [
                13.910655,
                53.810492
              ],
              [
                13.899913,
                53.809149
              ],
              [
                13.8838,
                53.817694
              ],
              [
                13.869151,
                53.830308
              ],
              [
                13.862804,
                53.841254
              ],
              [
                13.85434,
                53.844916
              ],
              [
                13.835785,
                53.84748
              ],
              [
                13.817068,
                53.852932
              ],
              [
                13.808116,
                53.865139
              ],
              [
                13.818533,
                53.877997
              ],
              [
                13.854515618114489,
                53.89553861425996
              ],
              [
                13.829924878115119,
                53.989712263936475
              ],
              [
                13.803477,
                53.996324
              ],
              [
                13.797618,
                53.998928
              ],
              [
                13.78712,
                54.009101
              ],
              [
                13.758149,
                54.030992
              ],
              [
                13.746104,
                54.036444
              ],
              [
                13.773204,
                54.046332
              ],
              [
                13.785492,
                54.06391
              ],
              [
                13.786961556953669,
                54.067358095494576
              ],
              [
                13.732347074497065,
                54.14209950783791
              ],
              [
                13.72877,
                54.143866
              ],
              [
                13.701356957128901,
                54.152200312408105
              ],
              [
                13.636779778821051,
                54.149311581976285
              ],
              [
                13.632335,
                54.147528
              ],
              [
                13.602712,
                54.139472
              ],
              [
                13.479259,
                54.12519
              ],
              [
                13.479259,
                54.118354
              ],
              [
                13.487478,
                54.113918
              ],
              [
                13.498871,
                54.102484
              ],
              [
                13.507091,
                54.097886
              ],
              [
                13.507091,
                54.091051
              ],
              [
                13.483572,
                54.091295
              ],
              [
                13.465099,
                54.098456
              ],
              [
                13.450369,
                54.110419
              ],
              [
                13.437673,
                54.12519
              ],
              [
                13.423188,
                54.148098
              ],
              [
                13.417735,
                54.153144
              ],
              [
                13.408702,
                54.154608
              ],
              [
                13.40211,
                54.151313
              ],
              [
                13.394786,
                54.148912
              ],
              [
                13.382986,
                54.153144
              ],
              [
                13.39088,
                54.157294
              ],
              [
                13.395681,
                54.161933
              ],
              [
                13.397530881288057,
                54.16470746677761
              ],
              [
                13.374811548014776,
                54.17542867983305
              ],
              [
                13.346528,
                54.166938
              ],
              [
                13.321544,
                54.166815
              ],
              [
                13.333344,
                54.174018
              ],
              [
                13.348888,
                54.180487
              ],
              [
                13.321788,
                54.194525
              ],
              [
                13.313718519642705,
                54.204258371510186
              ],
              [
                13.207718671571126,
                54.254279511714856
              ],
              [
                13.176117,
                54.264838
              ],
              [
                13.143403,
                54.263007
              ],
              [
                13.154633,
                54.26732
              ],
              [
                13.161306,
                54.269029
              ],
              [
                13.170665,
                54.269192
              ],
              [
                13.170665,
                54.27176507357628
              ],
              [
                13.160425659898763,
                54.276597
              ],
              [
                13.125987,
                54.276597
              ],
              [
                13.114919,
                54.280015
              ],
              [
                13.112071,
                54.288479
              ],
              [
                13.112071,
                54.299302
              ],
              [
                13.109223,
                54.310207
              ],
              [
                13.08074,
                54.337144
              ],
              [
                13.076671,
                54.352525
              ],
              [
                13.079787188654322,
                54.35578230842654
              ],
              [
                13.04843037182638,
                54.38963821458703
              ],
              [
                13.040375,
                54.392076
              ],
              [
                13.028575,
                54.401842
              ],
              [
                13.02278547860235,
                54.4115536773445
              ],
              [
                12.941134770811825,
                54.418820981813
              ],
              [
                12.929373,
                54.414374
              ],
              [
                12.903819,
                54.399604
              ],
              [
                12.894867,
                54.389716
              ],
              [
                12.884532,
                54.373481
              ],
              [
                12.875987,
                54.365424
              ],
              [
                12.864757,
                54.359565
              ],
              [
                12.854666,
                54.357856
              ],
              [
                12.83546,
                54.358588
              ],
              [
                12.825369,
                54.357245
              ],
              [
                12.821788,
                54.356147
              ],
              [
                12.818044,
                54.357978
              ],
              [
                12.800955,
                54.370754
              ],
              [
                12.794688,
                54.377143
              ],
              [
                12.789887,
                54.384345
              ],
              [
                12.78712,
                54.392076
              ],
              [
                12.778331,
                54.384752
              ],
              [
                12.768565,
                54.380072
              ],
              [
                12.757823,
                54.379788
              ],
              [
                12.746104,
                54.385891
              ],
              [
                12.735037,
                54.37816
              ],
              [
                12.723806,
                54.381252
              ],
              [
                12.713552,
                54.390082
              ],
              [
                12.7046,
                54.399604
              ],
              [
                12.701182,
                54.391669
              ],
              [
                12.696625,
                54.384955
              ],
              [
                12.684093,
                54.37226
              ],
              [
                12.686534,
                54.384752
              ],
              [
                12.692393,
                54.396186
              ],
              [
                12.702485,
                54.40412
              ],
              [
                12.71754,
                54.406399
              ],
              [
                12.71754,
                54.413804
              ],
              [
                12.704845,
                54.414618
              ],
              [
                12.692556,
                54.413642
              ],
              [
                12.680837,
                54.410875
              ],
              [
                12.670421,
                54.406399
              ],
              [
                12.672374,
                54.402981
              ],
              [
                12.675059,
                54.395413
              ],
              [
                12.677257,
                54.392076
              ],
              [
                12.622732,
                54.373928
              ],
              [
                12.592947,
                54.36933
              ],
              [
                12.574229,
                54.379096
              ],
              [
                12.574229,
                54.37226
              ],
              [
                12.566091,
                54.375922
              ],
              [
                12.559337,
                54.376288
              ],
              [
                12.540782,
                54.37226
              ],
              [
                12.540782,
                54.365424
              ],
              [
                12.547048,
                54.364488
              ],
              [
                12.560557,
                54.358588
              ],
              [
                12.495616,
                54.340277
              ],
              [
                12.478689,
                54.331855
              ],
              [
                12.476573,
                54.327786
              ],
              [
                12.475597,
                54.315131
              ],
              [
                12.472423,
                54.310207
              ],
              [
                12.468272,
                54.308336
              ],
              [
                12.457286,
                54.306301
              ],
              [
                12.451427,
                54.303941
              ],
              [
                12.42628,
                54.289618
              ],
              [
                12.41684,
                54.280951
              ],
              [
                12.41033,
                54.269192
              ],
              [
                12.430837,
                54.258612
              ],
              [
                12.442638,
                54.255194
              ],
              [
                12.458181,
                54.255561
              ],
              [
                12.436778,
                54.247707
              ],
              [
                12.412446,
                54.25141
              ],
              [
                12.368826,
                54.269192
              ],
              [
                12.380138,
                54.277086
              ],
              [
                12.37794,
                54.285875
              ],
              [
                12.36964,
                54.296576
              ],
              [
                12.362559,
                54.310207
              ],
              [
                12.37908,
                54.312445
              ],
              [
                12.391612,
                54.321112
              ],
              [
                12.396495,
                54.332953
              ],
              [
                12.389903,
                54.344916
              ],
              [
                12.396739,
                54.351752
              ],
              [
                12.403819,
                54.34809
              ],
              [
                12.409679,
                54.346625
              ],
              [
                12.424001,
                54.344916
              ],
              [
                12.418468,
                54.360663
              ],
              [
                12.424691792967726,
                54.375251150060606
              ],
              [
                12.386276156111549,
                54.35176526874869
              ],
              [
                12.378184,
                54.344916
              ],
              [
                12.342133,
                54.303941
              ],
              [
                12.327322,
                54.293769
              ],
              [
                12.289399,
                54.275092
              ],
              [
                12.24767434869042,
                54.261732116358594
              ],
              [
                12.169560675996173,
                54.22629127408148
              ],
              [
                12.163097,
                54.219916
              ],
              [
                12.162286387379721,
                54.21948629210585
              ],
              [
                12.1364415825853,
                54.193531478722186
              ],
              [
                12.135609,
                54.180906
              ],
              [
                12.142833,
                54.180487
              ],
              [
                12.134737,
                54.167688
              ],
              [
                12.012183,
                52.309787
              ],
              [
                11.247349,
                50.729276
              ],
              [
                9.744999,
                49.644983
              ],
              [
                8.761642,
                49.057797
              ],
              [
                8.144236,
                48.896694
              ],
              [
                8.140153111961316,
                48.88927689114565
              ],
              [
                8.140332,
                48.886426
              ],
              [
                8.137191464090856,
                48.88389666410163
              ],
              [
                8.10274,
                48.821311
              ],
              [
                8.090338,
                48.807513
              ],
              [
                8.08424,
                48.804051
              ],
              [
                8.04755,
                48.791028
              ],
              [
                8.038765,
                48.79077
              ],
              [
                8.036594,
                48.788289
              ],
              [
                8.031943,
                48.785344
              ],
              [
                8.027293,
                48.780021
              ],
              [
                8.025122,
                48.770616
              ],
              [
                8.022952,
                48.765087
              ],
              [
                8.017267,
                48.761831
              ],
              [
                8.009619,
                48.760074
              ],
              [
                7.993423665904686,
                48.759895408879856
              ],
              [
                7.9639542992403305,
                48.73430801767308
              ],
              [
                7.963627,
                48.729275
              ],
              [
                7.959183,
                48.721368
              ],
              [
                7.948434,
                48.71186
              ],
              [
                7.935205,
                48.703333
              ],
              [
                7.92332,
                48.698217
              ],
              [
                7.895931,
                48.676513
              ],
              [
                7.882158684354828,
                48.66860310244882
              ],
              [
                7.837988,
                48.636035
              ],
              [
                7.8017133227678865,
                48.56106447638774
              ],
              [
                7.801673,
                48.54758
              ],
              [
                7.813455,
                48.526341
              ],
              [
                7.813455,
                48.519468
              ],
              [
                7.788444,
                48.506343
              ],
              [
                7.785622914576703,
                48.504421725291415
              ],
              [
                7.765137,
                48.41001
              ],
              [
                7.7465422912844195,
                48.36937040163503
              ],
              [
                7.746896,
                48.368677
              ],
              [
                7.75196,
                48.355344
              ],
              [
                7.75072,
                48.341366
              ],
              [
                7.736974,
                48.326664
              ],
              [
                7.725019586664807,
                48.322331532414346
              ],
              [
                7.705664,
                48.280029
              ],
              [
                7.688307664348245,
                48.25601169162613
              ],
              [
                7.687158,
                48.252921
              ],
              [
                7.676616,
                48.2384
              ],
              [
                7.673416689120505,
                48.23540589376602
              ],
              [
                7.616602,
                48.156787
              ],
              [
                7.58418,
                48.064307
              ],
              [
                7.599344191128392,
                48.02581716975435
              ],
              [
                7.618945,
                48.002652
              ],
              [
                7.621116,
                47.97144
              ],
              [
                7.611607,
                47.959399
              ],
              [
                7.600459973802307,
                47.951460009768596
              ],
              [
                7.593262,
                47.905664
              ],
              [
                7.538574,
                47.773633
              ],
              [
                7.53666208143551,
                47.75285455481869
              ],
              [
                7.53833,
                47.748146
              ],
              [
                7.537813,
                47.731816
              ],
              [
                7.534370603958798,
                47.72795112011263
              ],
              [
                7.529395,
                47.673877
              ]
            ]
          ],
          [
            [
              [
                12.450056738991401,
                54.39075832788055
              ],
              [
                12.454763,
                54.392076
              ],
              [
                12.490977,
                54.390082
              ],
              [
                12.510753,
                54.384263
              ],
              [
                12.527029,
                54.37226
              ],
              [
                12.535981,
                54.383734
              ],
              [
                12.554047,
                54.390815
              ],
              [
                12.575531,
                54.391995
              ],
              [
                12.594737,
                54.385891
              ],
              [
                12.594412,
                54.390204
              ],
              [
                12.595876,
                54.391506
              ],
              [
                12.598643,
                54.391547
              ],
              [
                12.602224,
                54.392076
              ],
              [
                12.594005,
                54.392768
              ],
              [
                12.587657,
                54.394029
              ],
              [
                12.583507,
                54.397854
              ],
              [
                12.581716,
                54.406399
              ],
              [
                12.588064,
                54.407457
              ],
              [
                12.596934,
                54.411933
              ],
              [
                12.602224,
                54.413804
              ],
              [
                12.608409,
                54.406399
              ],
              [
                12.614513,
                54.419745
              ],
              [
                12.624197,
                54.422919
              ],
              [
                12.650076,
                54.420071
              ],
              [
                12.670421,
                54.420071
              ],
              [
                12.676117,
                54.422553
              ],
              [
                12.686778,
                54.431627
              ],
              [
                12.694591,
                54.433661
              ],
              [
                12.720958,
                54.431586
              ],
              [
                12.763682,
                54.422187
              ],
              [
                12.870779,
                54.416815
              ],
              [
                12.896332,
                54.420071
              ],
              [
                12.900677755014462,
                54.42242185019053
              ],
              [
                12.898047,
                54.422656
              ],
              [
                12.779102,
                54.445703
              ],
              [
                12.722489510378228,
                54.451728
              ],
              [
                12.591482,
                54.451728
              ],
              [
                12.561525291440816,
                54.45890602520076
              ],
              [
                12.450056738991401,
                54.39075832788055
              ]
            ]
          ],
          [
            [
              [
                13.159356124456128,
                54.3800203351817
              ],
              [
                13.162109,
                54.364551
              ],
              [
                13.190039,
                54.325635
              ],
              [
                13.309786835421164,
                54.27082602635973
              ],
              [
                13.313975,
                54.2744
              ],
              [
                13.320567,
                54.278388
              ],
              [
                13.335216,
                54.283515
              ],
              [
                13.32488,
                54.268215
              ],
              [
                13.323261291633296,
                54.26465872393835
              ],
              [
                13.355871284004516,
                54.2497330243965
              ],
              [
                13.35963,
                54.275458
              ],
              [
                13.381602,
                54.282213
              ],
              [
                13.406098,
                54.285224
              ],
              [
                13.417735,
                54.300523
              ],
              [
                13.428884,
                54.31094
              ],
              [
                13.481781,
                54.338284
              ],
              [
                13.499685,
                54.344916
              ],
              [
                13.599294,
                54.351752
              ],
              [
                13.610606,
                54.347968
              ],
              [
                13.618337,
                54.341376
              ],
              [
                13.626801,
                54.339097
              ],
              [
                13.64031,
                54.348334
              ],
              [
                13.650076,
                54.352444
              ],
              [
                13.664073,
                54.353258
              ],
              [
                13.690929,
                54.351752
              ],
              [
                13.690929,
                54.344916
              ],
              [
                13.67213,
                54.340318
              ],
              [
                13.627175102890106,
                54.32181899791793
              ],
              [
                13.627313894971333,
                54.32174857577263
              ],
              [
                13.636729,
                54.325507
              ],
              [
                13.659923,
                54.329779
              ],
              [
                13.711925,
                54.331855
              ],
              [
                13.703624,
                54.320461
              ],
              [
                13.688243,
                54.3133
              ],
              [
                13.6586661856612,
                54.30584063959156
              ],
              [
                13.68120841200013,
                54.29440286933336
              ],
              [
                13.694835,
                54.297431
              ],
              [
                13.705089,
                54.303941
              ],
              [
                13.711925,
                54.303941
              ],
              [
                13.715994,
                54.29328
              ],
              [
                13.713152126596261,
                54.288590804120744
              ],
              [
                13.727896671795776,
                54.30741019346945
              ],
              [
                13.730154,
                54.31684
              ],
              [
                13.732511093345702,
                54.31992169536938
              ],
              [
                13.710620224225941,
                54.3788387805183
              ],
              [
                13.70572119571556,
                54.38408244024778
              ],
              [
                13.655524700780838,
                54.40392765316719
              ],
              [
                13.630056,
                54.407538
              ],
              [
                13.609548,
                54.413804
              ],
              [
                13.599132,
                54.422675
              ],
              [
                13.587901,
                54.437567
              ],
              [
                13.579112,
                54.455064
              ],
              [
                13.57545,
                54.471869
              ],
              [
                13.584809,
                54.486518
              ],
              [
                13.606781,
                54.498969
              ],
              [
                13.633606554737822,
                54.50942814184116
              ],
              [
                13.670703,
                54.535449
              ],
              [
                13.657617,
                54.55957
              ],
              [
                13.636035,
                54.577002
              ],
              [
                13.58599525845283,
                54.590262752643476
              ],
              [
                13.466319,
                54.57689
              ],
              [
                13.424571,
                54.58515
              ],
              [
                13.407725,
                54.593411
              ],
              [
                13.394542,
                54.604438
              ],
              [
                13.385997,
                54.618638
              ],
              [
                13.382986,
                54.636379
              ],
              [
                13.39088,
                54.650539
              ],
              [
                13.409028,
                54.659817
              ],
              [
                13.429698,
                54.666734
              ],
              [
                13.438438577448371,
                54.67080395745954
              ],
              [
                13.430861320157428,
                54.68457819415355
              ],
              [
                13.418712,
                54.688422
              ],
              [
                13.390798,
                54.688178
              ],
              [
                13.295520425025419,
                54.67210038228817
              ],
              [
                13.239941,
                54.638428
              ],
              [
                13.239773215414251,
                54.63732871078377
              ],
              [
                13.24586,
                54.639797
              ],
              [
                13.290538,
                54.646552
              ],
              [
                13.293468,
                54.642279
              ],
              [
                13.29127,
                54.632961
              ],
              [
                13.286957,
                54.623521
              ],
              [
                13.283946,
                54.619289
              ],
              [
                13.269867,
                54.611802
              ],
              [
                13.256847,
                54.594916
              ],
              [
                13.249766,
                54.576483
              ],
              [
                13.253266,
                54.564643
              ],
              [
                13.273285,
                54.56094
              ],
              [
                13.291352,
                54.568793
              ],
              [
                13.30836,
                54.579576
              ],
              [
                13.331798,
                54.587836
              ],
              [
                13.347911,
                54.600816
              ],
              [
                13.355724,
                54.605618
              ],
              [
                13.369151,
                54.612128
              ],
              [
                13.371349,
                54.6081
              ],
              [
                13.382986,
                54.598131
              ],
              [
                13.389659,
                54.591051
              ],
              [
                13.393077,
                54.58454
              ],
              [
                13.399262,
                54.579576
              ],
              [
                13.414317,
                54.577704
              ],
              [
                13.423839,
                54.57453
              ],
              [
                13.430675,
                54.56745
              ],
              [
                13.436046,
                54.56037
              ],
              [
                13.441417,
                54.557196
              ],
              [
                13.475759,
                54.556098
              ],
              [
                13.486583,
                54.557196
              ],
              [
                13.493907,
                54.560736
              ],
              [
                13.500255,
                54.566067
              ],
              [
                13.508311,
                54.57038
              ],
              [
                13.520763,
                54.570787
              ],
              [
                13.520763,
                54.564643
              ],
              [
                13.512869,
                54.563544
              ],
              [
                13.5088,
                54.561835
              ],
              [
                13.505544,
                54.559719
              ],
              [
                13.499685,
                54.557196
              ],
              [
                13.499685,
                54.55036
              ],
              [
                13.507498,
                54.544664
              ],
              [
                13.51295,
                54.537543
              ],
              [
                13.520763,
                54.523668
              ],
              [
                13.520763,
                54.516262
              ],
              [
                13.514171,
                54.513129
              ],
              [
                13.509288,
                54.508979
              ],
              [
                13.499685,
                54.495754
              ],
              [
                13.507091,
                54.488267
              ],
              [
                13.455577,
                54.487494
              ],
              [
                13.430675,
                54.492743
              ],
              [
                13.410899,
                54.509426
              ],
              [
                13.417328,
                54.524563
              ],
              [
                13.405528,
                54.538235
              ],
              [
                13.387869,
                54.551256
              ],
              [
                13.37672,
                54.564643
              ],
              [
                13.363129,
                54.557196
              ],
              [
                13.363129,
                54.55036
              ],
              [
                13.371837,
                54.548896
              ],
              [
                13.381358,
                54.544379
              ],
              [
                13.389822,
                54.542914
              ],
              [
                13.3838,
                54.531887
              ],
              [
                13.374848,
                54.52558
              ],
              [
                13.363292,
                54.523139
              ],
              [
                13.348888,
                54.523668
              ],
              [
                13.358084,
                54.538153
              ],
              [
                13.363129,
                54.542914
              ],
              [
                13.358653,
                54.547553
              ],
              [
                13.353852,
                54.549872
              ],
              [
                13.348399,
                54.550482
              ],
              [
                13.342052,
                54.55036
              ],
              [
                13.350759,
                54.555976
              ],
              [
                13.358246,
                54.564765
              ],
              [
                13.369395,
                54.58515
              ],
              [
                13.35255,
                54.581448
              ],
              [
                13.333669,
                54.573065
              ],
              [
                13.31544,
                54.561957
              ],
              [
                13.301036,
                54.55036
              ],
              [
                13.309255,
                54.534817
              ],
              [
                13.305512,
                54.523424
              ],
              [
                13.297862,
                54.51968
              ],
              [
                13.29363,
                54.526801
              ],
              [
                13.288259,
                54.539944
              ],
              [
                13.276541,
                54.545071
              ],
              [
                13.264903,
                54.547797
              ],
              [
                13.259532,
                54.553778
              ],
              [
                13.242931,
                54.555976
              ],
              [
                13.186436253470577,
                54.551112873436296
              ],
              [
                13.17666,
                54.544238
              ],
              [
                13.181011267073117,
                54.51081761451074
              ],
              [
                13.185395,
                54.508287
              ],
              [
                13.203298,
                54.509467
              ],
              [
                13.232758,
                54.516262
              ],
              [
                13.233653,
                54.509223
              ],
              [
                13.231944,
                54.506008
              ],
              [
                13.22877,
                54.504299
              ],
              [
                13.225352,
                54.501939
              ],
              [
                13.233246,
                54.493069
              ],
              [
                13.245372,
                54.488349
              ],
              [
                13.273123,
                54.482123
              ],
              [
                13.266856,
                54.477484
              ],
              [
                13.260753,
                54.475491
              ],
              [
                13.259532,
                54.475287
              ],
              [
                13.259532,
                54.468451
              ],
              [
                13.239024,
                54.466254
              ],
              [
                13.208832,
                54.456936
              ],
              [
                13.181814,
                54.45303
              ],
              [
                13.174327,
                54.447659
              ],
              [
                13.165179007308785,
                54.43666388751997
              ],
              [
                13.163204980890931,
                54.427780689367836
              ],
              [
                13.201427,
                54.433661
              ],
              [
                13.211599,
                54.431098
              ],
              [
                13.217947,
                54.425686
              ],
              [
                13.225352,
                54.420844
              ],
              [
                13.239024,
                54.420071
              ],
              [
                13.239024,
                54.413804
              ],
              [
                13.234386,
                54.403388
              ],
              [
                13.239268,
                54.393622
              ],
              [
                13.25115,
                54.386908
              ],
              [
                13.266856,
                54.385891
              ],
              [
                13.237153,
                54.373969
              ],
              [
                13.223318,
                54.372504
              ],
              [
                13.211681,
                54.379096
              ],
              [
                13.204845,
                54.37226
              ],
              [
                13.174327,
                54.383979
              ],
              [
                13.159356124456128,
                54.3800203351817
              ]
            ]
          ],
          [
            [
              [
                13.356846890304672,
                54.24928648622067
              ],
              [
                13.364355,
                54.24585
              ],
              [
                13.414551,
                54.249561
              ],
              [
                13.420530825276746,
                54.25734514096228
              ],
              [
                13.417735,
                54.266059
              ],
              [
                13.410899,
                54.26789
              ],
              [
                13.363129,
                54.263007
              ],
              [
                13.364757,
                54.26203
              ],
              [
                13.367524,
                54.261949
              ],
              [
                13.36964,
                54.260647
              ],
              [
                13.369395,
                54.255561
              ],
              [
                13.356846890304672,
                54.24928648622067
              ]
            ]
          ],
          [
            [
              [
                13.702659051103472,
                54.283518962914066
              ],
              [
                13.707324,
                54.281152
              ],
              [
                13.711441057540815,
                54.286406859189164
              ],
              [
                13.702659051103472,
                54.283518962914066
              ]
            ]
          ],
          [
            [
              [
                13.774099,
                54.022773
              ],
              [
                13.7942,
                54.018134
              ],
              [
                13.808279,
                54.026313
              ],
              [
                13.813785906322188,
                54.030648240034765
              ],
              [
                13.794435327489388,
                54.05713003619156
              ],
              [
                13.782074,
                54.042141
              ],
              [
                13.774099,
                54.022773
              ]
            ]
          ],
          [
            [
              [
                13.821788,
                53.865139
              ],
              [
                13.840099,
                53.850287
              ],
              [
                13.875255,
                53.844062
              ],
              [
                13.88063080677426,
                53.84411386048413
              ],
              [
                13.865527,
                53.853369
              ],
              [
                13.859132537604308,
                53.8778574806857
              ],
              [
                13.855479,
                53.877387
              ],
              [
                13.834727,
                53.867987
              ],
              [
                13.821788,
                53.865139
              ]
            ]
          ],
          [
            [
              [
                13.902148,
                53.938965
              ],
              [
                13.905654938029212,
                53.93007456411771
              ],
              [
                13.907563,
                53.933539
              ],
              [
                13.906016,
                53.943061
              ],
              [
                13.903780326798076,
                53.94378425850593
              ],
              [
                13.902148,
                53.938965
              ]
            ]
          ]
        ]
      }
    },
    {
      "type": "Feature",
      "properties": {
        "fid": null,
        "prob": 5,
        "warning": 0,
        "date": "1",
        "kind": "outlook",
        "hazard": "general",
        "title": "",
        "description": "",
        "hatched": false,
        "doubleHatch": false,
        "probability": "45",
        "intensity": "1",
        "riskLabel": "General Risk"
      },
      "geometry": {
        "type": "Polygon",
        "coordinates": [
          [
            [
              7.529395,
              47.673877
            ],
            [
              7.53344464417671,
              47.66630994738464
            ],
            [
              7.536573,
              47.665205
            ],
            [
              7.550112,
              47.652441
            ],
            [
              7.572643,
              47.622004
            ],
            [
              7.578638,
              47.61694
            ],
            [
              7.585046,
              47.613167
            ],
            [
              7.590317,
              47.607948
            ],
            [
              7.592321741856724,
              47.59914006964885
            ],
            [
              7.615625,
              47.592725
            ],
            [
              7.619987298951207,
              47.591515526126116
            ],
            [
              7.637032,
              47.594977
            ],
            [
              7.659666,
              47.596579
            ],
            [
              7.652313216015361,
              47.58255296932393
            ],
            [
              7.698047,
              47.569873
            ],
            [
              7.790790226277532,
              47.567440659005854
            ],
            [
              7.801467,
              47.576089
            ],
            [
              7.819657,
              47.595339
            ],
            [
              7.833713,
              47.590481
            ],
            [
              7.898205,
              47.587846
            ],
            [
              7.904303,
              47.583557
            ],
            [
              7.907507,
              47.574177
            ],
            [
              7.90947,
              47.564798
            ],
            [
              7.909773045478326,
              47.564320142280735
            ],
            [
              7.927051,
              47.563867
            ],
            [
              8.09375,
              47.576172
            ],
            [
              8.103714907656954,
              47.57910562639574
            ],
            [
              8.105427,
              47.581257
            ],
            [
              8.113902,
              47.587846
            ],
            [
              8.122067,
              47.592135
            ],
            [
              8.143771,
              47.600067
            ],
            [
              8.162065,
              47.603762
            ],
            [
              8.168886,
              47.608646
            ],
            [
              8.173847,
              47.613529
            ],
            [
              8.179015,
              47.615803
            ],
            [
              8.232965,
              47.621952
            ],
            [
              8.251051,
              47.622004
            ],
            [
              8.276993,
              47.61663
            ],
            [
              8.288569,
              47.615803
            ],
            [
              8.293943,
              47.611462
            ],
            [
              8.296467742892716,
              47.606934
            ],
            [
              8.327832,
              47.606934
            ],
            [
              8.414746,
              47.5896
            ],
            [
              8.430078,
              47.592139
            ],
            [
              8.454004,
              47.596191
            ],
            [
              8.455899472715522,
              47.5975146949053
            ],
            [
              8.461788,
              47.606139
            ],
            [
              8.49238,
              47.619833
            ],
            [
              8.522353,
              47.621901
            ],
            [
              8.526256619373635,
              47.61942508270522
            ],
            [
              8.559473,
              47.624023
            ],
            [
              8.570508,
              47.637793
            ],
            [
              8.56709,
              47.651904
            ],
            [
              8.552344,
              47.659131
            ],
            [
              8.517420080369263,
              47.65658807367451
            ],
            [
              8.504679,
              47.65226
            ],
            [
              8.49083,
              47.645568
            ],
            [
              8.476051,
              47.640401
            ],
            [
              8.458274,
              47.639884
            ],
            [
              8.437603,
              47.647842
            ],
            [
              8.411972,
              47.661045
            ],
            [
              8.407011,
              47.661562
            ],
            [
              8.391301,
              47.665464
            ],
            [
              8.397709,
              47.67629
            ],
            [
              8.395229,
              47.684817
            ],
            [
              8.390991,
              47.692129
            ],
            [
              8.392128,
              47.699519
            ],
            [
              8.401947,
              47.707089
            ],
            [
              8.423724974386163,
              47.71515564909632
            ],
            [
              8.435742,
              47.731348
            ],
            [
              8.442152043069989,
              47.73442213285046
            ],
            [
              8.445458,
              47.743185
            ],
            [
              8.450109,
              47.750471
            ],
            [
              8.463648,
              47.763907
            ],
            [
              8.471503,
              47.76706
            ],
            [
              8.482665,
              47.766853
            ],
            [
              8.536512,
              47.774088
            ],
            [
              8.551602,
              47.779255
            ],
            [
              8.5423,
              47.795017
            ],
            [
              8.558216,
              47.801166
            ],
            [
              8.583124,
              47.800236
            ],
            [
              8.601624,
              47.794603
            ],
            [
              8.603175,
              47.787317
            ],
            [
              8.604105,
              47.774398
            ],
            [
              8.605764621760466,
              47.768662528554614
            ],
            [
              8.617871,
              47.766113
            ],
            [
              8.626144663288272,
              47.761164188408436
            ],
            [
              8.62984,
              47.762796
            ],
            [
              8.635007,
              47.784604
            ],
            [
              8.644102,
              47.791012
            ],
            [
              8.657022,
              47.788118
            ],
            [
              8.666633,
              47.778273
            ],
            [
              8.674488,
              47.766698
            ],
            [
              8.68193,
              47.75874
            ],
            [
              8.692265,
              47.757164
            ],
            [
              8.703324,
              47.758714
            ],
            [
              8.713142,
              47.757422
            ],
            [
              8.719757,
              47.747319
            ],
            [
              8.71707,
              47.743547
            ],
            [
              8.703737,
              47.730033
            ],
            [
              8.70043,
              47.723496
            ],
            [
              8.704667,
              47.715332
            ],
            [
              8.709469669703221,
              47.71132414256106
            ],
            [
              8.72832,
              47.700049
            ],
            [
              8.754785,
              47.698047
            ],
            [
              8.763254708722163,
              47.70460146738772
            ],
            [
              8.77071,
              47.720861
            ],
            [
              8.797581,
              47.720034
            ],
            [
              8.830241,
              47.707192
            ],
            [
              8.856079,
              47.690682
            ],
            [
              8.846310243894253,
              47.68914529400609
            ],
            [
              8.874023,
              47.662695
            ],
            [
              8.88109404589024,
              47.65644720675233
            ],
            [
              8.881191064189782,
              47.656398268347615
            ],
            [
              8.981877050926565,
              47.66224482036636
            ],
            [
              8.997673,
              47.673835
            ],
            [
              9.016586,
              47.6789
            ],
            [
              9.125785642928319,
              47.670601187487065
            ],
            [
              9.127539,
              47.670703
            ],
            [
              9.182813,
              47.670703
            ],
            [
              9.216711262681219,
              47.65614974166969
            ],
            [
              9.234351,
              47.656162
            ],
            [
              9.273211,
              47.65009
            ],
            [
              9.547482,
              47.534547
            ],
            [
              9.553059,
              47.516891
            ],
            [
              9.554951,
              47.5109
            ],
            [
              9.555223032033767,
              47.51062226209456
            ],
            [
              9.625879,
              47.467041
            ],
            [
              9.625813869124642,
              47.46674923911499
            ],
            [
              9.650346,
              47.452092
            ],
            [
              9.649519,
              47.409717
            ],
            [
              9.639804,
              47.394524
            ],
            [
              9.601047,
              47.36127
            ],
            [
              9.596396,
              47.352305
            ],
            [
              9.591228,
              47.334683
            ],
            [
              9.587404,
              47.32781
            ],
            [
              9.553298,
              47.299853
            ],
            [
              9.527007934981821,
              47.26954781725248
            ],
            [
              9.523148347760625,
              47.260796255418754
            ],
            [
              9.53025,
              47.253654
            ],
            [
              9.547096,
              47.243035
            ],
            [
              9.540378,
              47.229108
            ],
            [
              9.544823,
              47.220323
            ],
            [
              9.554331,
              47.211615
            ],
            [
              9.562909,
              47.19774
            ],
            [
              9.561876,
              47.190609
            ],
            [
              9.551954,
              47.175571
            ],
            [
              9.552057,
              47.16689
            ],
            [
              9.581823,
              47.154901
            ],
            [
              9.605594,
              47.132266
            ],
            [
              9.615723,
              47.106764
            ],
            [
              9.608798,
              47.080771
            ],
            [
              9.581788064301476,
              47.05737674476788
            ],
            [
              9.619922,
              47.057471
            ],
            [
              9.629162737235687,
              47.05596690008159
            ],
            [
              9.65231,
              47.05793
            ],
            [
              9.669053,
              47.056199
            ],
            [
              9.857982,
              47.015478
            ],
            [
              9.856328,
              47.004083
            ],
            [
              9.860566,
              47.001602
            ],
            [
              9.866767,
              47.001938
            ],
            [
              9.870591,
              46.998838
            ],
            [
              9.870591,
              46.992947
            ],
            [
              9.866457,
              46.983387
            ],
            [
              9.86543115692306,
              46.97368593983428
            ],
            [
              9.877734,
              46.937695
            ],
            [
              9.961957980554077,
              46.900692324060216
            ],
            [
              10.006913,
              46.890757
            ],
            [
              10.026441844386543,
              46.878028946586895
            ],
            [
              10.133496,
              46.851514
            ],
            [
              10.179785,
              46.862354
            ],
            [
              10.214617473242596,
              46.88749069664133
            ],
            [
              10.215169,
              46.893108
            ],
            [
              10.219924,
              46.905769
            ],
            [
              10.235116,
              46.923313
            ],
            [
              10.251343,
              46.92538
            ],
            [
              10.263978349906715,
              46.9231117498469
            ],
            [
              10.304626398619469,
              46.95244523020124
            ],
            [
              10.313665,
              46.964318
            ],
            [
              10.338883,
              46.98411
            ],
            [
              10.367925,
              46.995505
            ],
            [
              10.373403,
              46.996254
            ],
            [
              10.378984,
              46.995505
            ],
            [
              10.384255,
              46.993153
            ],
            [
              10.384358,
              46.993153
            ],
            [
              10.384358,
              46.992998
            ],
            [
              10.394693,
              46.985402
            ],
            [
              10.413291725291666,
              46.96491649914709
            ],
            [
              10.414941,
              46.964404
            ],
            [
              10.416452543158307,
              46.96192637913041
            ],
            [
              10.449574,
              46.943906
            ],
            [
              10.458462,
              46.936619
            ],
            [
              10.463836,
              46.919747
            ],
            [
              10.454293744778495,
              46.89360466766158
            ],
            [
              10.453121504501043,
              46.870617956009355
            ],
            [
              10.453793310547775,
              46.86458583297384
            ],
            [
              10.479395,
              46.855127
            ],
            [
              10.579785,
              46.853711
            ],
            [
              10.582391366323305,
              46.853536627990906
            ],
            [
              10.629408,
              46.862412
            ],
            [
              10.647081,
              46.863756
            ],
            [
              10.662481,
              46.860965
            ],
            [
              10.738962,
              46.829546
            ],
            [
              10.748677,
              46.819443
            ],
            [
              10.743819,
              46.812518
            ],
            [
              10.738319605654972,
              46.80945510884236
            ],
            [
              10.759766,
              46.793311
            ],
            [
              10.815596836548929,
              46.77872182262179
            ],
            [
              10.823918,
              46.78035
            ],
            [
              10.83415,
              46.780246
            ],
            [
              10.843141,
              46.777043
            ],
            [
              10.848099179825018,
              46.774120540541745
            ],
            [
              10.906641070923248,
              46.770693831582726
            ],
            [
              10.913731,
              46.77234
            ],
            [
              10.930888,
              46.773994
            ],
            [
              10.953506337537855,
              46.7724666290586
            ],
            [
              10.993262,
              46.777002
            ],
            [
              11.025098,
              46.796973
            ],
            [
              11.063477,
              46.859131
            ],
            [
              11.075194583054895,
              46.871953773639575
            ],
            [
              11.083643,
              46.900136
            ],
            [
              11.091912,
              46.912435
            ],
            [
              11.156611,
              46.956515
            ],
            [
              11.174491,
              46.963853
            ],
            [
              11.243737,
              46.979252
            ],
            [
              11.31381,
              46.987262
            ],
            [
              11.349467,
              46.98194
            ],
            [
              11.35524148508711,
              46.980011954206184
            ],
            [
              11.429960718165857,
              46.98293036191873
            ],
            [
              11.445172,
              46.992998
            ],
            [
              11.445275,
              46.993102
            ],
            [
              11.452923,
              47.000879
            ],
            [
              11.461812,
              47.005504
            ],
            [
              11.471837,
              47.00708
            ],
            [
              11.489407,
              47.004212
            ],
            [
              11.495918,
              47.001602
            ],
            [
              11.501706,
              46.997856
            ],
            [
              11.505780235623686,
              46.99410099399358
            ],
            [
              11.527539,
              46.997412
            ],
            [
              11.563670311161223,
              46.99710583058261
            ],
            [
              11.572709,
              46.998915
            ],
            [
              11.59648,
              47.00044
            ],
            [
              11.624036478368543,
              46.9965942999005
            ],
            [
              11.625488,
              46.996582
            ],
            [
              11.634295115609357,
              46.99516263502191
            ],
            [
              11.64795,
              46.993257
            ],
            [
              11.648467,
              46.993257
            ],
            [
              11.649707,
              46.992998
            ],
            [
              11.657252,
              46.992533
            ],
            [
              11.664797,
              46.993257
            ],
            [
              11.683814,
              46.991913
            ],
            [
              11.69745436688404,
              46.98498381674842
            ],
            [
              11.699414,
              46.984668
            ],
            [
              11.771947574629108,
              46.98601463093844
            ],
            [
              11.777141,
              46.988296
            ],
            [
              11.787958419367222,
              46.989478782717995
            ],
            [
              11.844170466110452,
              47.00502556168308
            ],
            [
              11.857033,
              47.012015
            ],
            [
              11.899511,
              47.027725
            ],
            [
              11.943643,
              47.038164
            ],
            [
              11.966706976413366,
              47.038915949085876
            ],
            [
              11.969531,
              47.039697
            ],
            [
              12.0764755863697,
              47.06239737312516
            ],
            [
              12.116242,
              47.076559
            ],
            [
              12.133146,
              47.078832
            ],
            [
              12.180631,
              47.085215
            ],
            [
              12.204195,
              47.079686
            ],
            [
              12.203897,
              47.067012
            ],
            [
              12.203575,
              47.053331
            ],
            [
              12.182284,
              47.033616
            ],
            [
              12.164432587820704,
              47.02680750369973
            ],
            [
              12.130762,
              46.984766
            ],
            [
              12.154102,
              46.935254
            ],
            [
              12.221644285207233,
              46.87631384025559
            ],
            [
              12.250807,
              46.875615
            ],
            [
              12.26662,
              46.868148
            ],
            [
              12.275819,
              46.846289
            ],
            [
              12.276129,
              46.83399
            ],
            [
              12.274008062650184,
              46.82849197716735
            ],
            [
              12.319196141271329,
              46.77314278331294
            ],
            [
              12.326048,
              46.772495
            ],
            [
              12.342688,
              46.765131
            ],
            [
              12.351473,
              46.743246
            ],
            [
              12.357702598348416,
              46.7326763668923
            ],
            [
              12.388281,
              46.702637
            ],
            [
              12.469067276369122,
              46.67586729380131
            ],
            [
              12.469632,
              46.675799
            ],
            [
              12.499888,
              46.672139
            ],
            [
              12.508858952705285,
              46.66793860149205
            ],
            [
              12.59689133257266,
              46.654370437915524
            ],
            [
              12.62019,
              46.656481
            ],
            [
              12.669593,
              46.653019
            ],
            [
              12.671368,
              46.652466
            ],
            [
              12.679205,
              46.650022
            ],
            [
              12.681857686106852,
              46.64863907408734
            ],
            [
              12.699805,
              46.647461
            ],
            [
              12.729097810393753,
              46.64148339545846
            ],
            [
              12.732018,
              46.64227
            ],
            [
              12.739873,
              46.642994
            ],
            [
              12.7485,
              46.640996
            ],
            [
              12.773566,
              46.635191
            ],
            [
              12.784898615230167,
              46.63009646672311
            ],
            [
              12.805566,
              46.625879
            ],
            [
              12.960340584592947,
              46.60319747296194
            ],
            [
              13.064504,
              46.598035
            ],
            [
              13.146463,
              46.584961
            ],
            [
              13.1770681384306,
              46.57198504147814
            ],
            [
              13.331062592943322,
              46.55956352524155
            ],
            [
              13.373323,
              46.565789
            ],
            [
              13.417041,
              46.560492
            ],
            [
              13.478019,
              46.563567
            ],
            [
              13.484944,
              46.561733
            ],
            [
              13.493556380612393,
              46.55497460173852
            ],
            [
              13.547630264332065,
              46.54588283591976
            ],
            [
              13.549229,
              46.545842
            ],
            [
              13.553297778927744,
              46.54492992275848
            ],
            [
              13.7,
              46.520264
            ],
            [
              13.705971123289638,
              46.519454579555436
            ],
            [
              13.716093,
              46.518867
            ],
            [
              13.74038698767152,
              46.51478930923747
            ],
            [
              13.743945,
              46.514307
            ],
            [
              13.826695152165707,
              46.51139380230411
            ],
            [
              13.860683,
              46.51525
            ],
            [
              13.890862,
              46.511787
            ],
            [
              13.936813307522721,
              46.496781537932435
            ],
            [
              14.016509144670213,
              46.482728148459664
            ],
            [
              14.032456,
              46.484709
            ],
            [
              14.050026,
              46.484399
            ],
            [
              14.066355,
              46.48104
            ],
            [
              14.081032,
              46.47595
            ],
            [
              14.10594291058455,
              46.46110172730894
            ],
            [
              14.267285,
              46.440723
            ],
            [
              14.313743100970328,
              46.43682919649421
            ],
            [
              14.362151,
              46.435875
            ],
            [
              14.395844,
              46.440991
            ],
            [
              14.40649,
              46.439337
            ],
            [
              14.411244,
              46.434635
            ],
            [
              14.414448,
              46.429002
            ],
            [
              14.415266099400915,
              46.42832022606815
            ],
            [
              14.419922,
              46.42793
            ],
            [
              14.465918,
              46.416113
            ],
            [
              14.492566750702448,
              46.41677074883376
            ],
            [
              14.502194,
              46.418356
            ],
            [
              14.503612339203682,
              46.417004923529205
            ],
            [
              14.549805,
              46.399707
            ],
            [
              14.571183942553173,
              46.41005283505334
            ],
            [
              14.575368,
              46.419726
            ],
            [
              14.590148,
              46.434428
            ],
            [
              14.599863,
              46.437167
            ],
            [
              14.600362410080457,
              46.43719790249438
            ],
            [
              14.656441117828084,
              46.455627720946254
            ],
            [
              14.662081,
              46.459698
            ],
            [
              14.666629,
              46.460524
            ],
            [
              14.67005007556062,
              46.46010019598007
            ],
            [
              14.680176,
              46.463428
            ],
            [
              14.683482926019694,
              46.46496968008178
            ],
            [
              14.687093,
              46.471221
            ],
            [
              14.698772,
              46.480962
            ],
            [
              14.703733,
              46.487758
            ],
            [
              14.709727,
              46.492512
            ],
            [
              14.726367,
              46.497706
            ],
            [
              14.735255,
              46.493339
            ],
            [
              14.747305368648554,
              46.49472353244655
            ],
            [
              14.756738,
              46.499121
            ],
            [
              14.810547,
              46.54458
            ],
            [
              14.812266912461405,
              46.5466321955691
            ],
            [
              14.814519,
              46.551337
            ],
            [
              14.822278,
              46.567546
            ],
            [
              14.833647,
              46.584393
            ],
            [
              14.85039,
              46.601136
            ],
            [
              14.862999,
              46.604831
            ],
            [
              14.877055,
              46.603642
            ],
            [
              14.891299178272014,
              46.60495938549047
            ],
            [
              14.893262,
              46.605908
            ],
            [
              14.90080546075506,
              46.60689190630022
            ],
            [
              14.919507,
              46.615017
            ],
            [
              14.933589,
              46.621135
            ],
            [
              14.947955,
              46.619274
            ],
            [
              14.95312917438959,
              46.614155540035014
            ],
            [
              14.990848432840993,
              46.62353201651177
            ],
            [
              15.004386,
              46.636844
            ],
            [
              15.061954,
              46.649557
            ],
            [
              15.085723,
              46.647795
            ],
            [
              15.105591,
              46.646323
            ],
            [
              15.172557,
              46.64136
            ],
            [
              15.184880080782625,
              46.640446459311065
            ],
            [
              15.216992,
              46.642969
            ],
            [
              15.254142113676055,
              46.64074098934924
            ],
            [
              15.332784,
              46.64358
            ],
            [
              15.388135,
              46.645578
            ],
            [
              15.417591,
              46.637955
            ],
            [
              15.430468708456901,
              46.63016612181022
            ],
            [
              15.439258,
              46.629639
            ],
            [
              15.520617268864736,
              46.64881755567035
            ],
            [
              15.52084,
              46.649608
            ],
            [
              15.530659,
              46.663845
            ],
            [
              15.545955,
              46.671881
            ],
            [
              15.567349,
              46.675757
            ],
            [
              15.587802684716337,
              46.67595489859807
            ],
            [
              15.632617,
              46.698437
            ],
            [
              15.632907149121223,
              46.698464972178414
            ],
            [
              15.632875,
              46.702473
            ],
            [
              15.635975,
              46.717563
            ],
            [
              15.652098,
              46.710819
            ],
            [
              15.70497912764629,
              46.705413158799466
            ],
            [
              15.760254,
              46.710742
            ],
            [
              15.766895,
              46.711279
            ],
            [
              15.775695345683836,
              46.70972668181177
            ],
            [
              15.78461,
              46.7122
            ],
            [
              15.822941,
              46.722834
            ],
            [
              15.850743,
              46.724488
            ],
            [
              15.878545,
              46.720715
            ],
            [
              15.946344,
              46.697151
            ],
            [
              15.970050359964869,
              46.69425555335601
            ],
            [
              15.972266,
              46.697217
            ],
            [
              15.980469,
              46.705859
            ],
            [
              15.979812316926434,
              46.723213312946925
            ],
            [
              15.970529,
              46.743014
            ],
            [
              15.969702,
              46.760532
            ],
            [
              15.970985,
              46.77505
            ],
            [
              15.971252,
              46.778076
            ],
            [
              15.978177,
              46.809134
            ],
            [
              15.97735,
              46.816213
            ],
            [
              15.972906,
              46.818435
            ],
            [
              15.971976,
              46.820632
            ],
            [
              15.981691,
              46.827685
            ],
            [
              15.987582,
              46.830011
            ],
            [
              16.025597187137667,
              46.8364642499079
            ],
            [
              16.037207,
              46.844824
            ],
            [
              16.093066,
              46.863281
            ],
            [
              16.20246427761824,
              46.85983244621591
            ],
            [
              16.272009,
              46.863962
            ],
            [
              16.282241,
              46.859932
            ],
            [
              16.297392,
              46.847033
            ],
            [
              16.301878,
              46.843214
            ],
            [
              16.310663,
              46.84001
            ],
            [
              16.325339,
              46.839442
            ],
            [
              16.329783,
              46.834403
            ],
            [
              16.327509,
              46.825463
            ],
            [
              16.321825,
              46.813268
            ],
            [
              16.3149,
              46.802002
            ],
            [
              16.314334232113687,
              46.80133506930467
            ],
            [
              16.318457,
              46.78252
            ],
            [
              16.335449,
              46.721631
            ],
            [
              16.348376918394628,
              46.71476929316375
            ],
            [
              16.357275,
              46.715832
            ],
            [
              16.357382676431172,
              46.709989337907324
            ],
            [
              16.367188,
              46.704785
            ],
            [
              16.3744242653731,
              46.694804432398186
            ],
            [
              16.390038,
              46.694154
            ],
            [
              16.40446,
              46.687514
            ],
            [
              17.311384,
              47.770635
            ],
            [
              19.114205,
              48.986146
            ],
            [
              20.589241,
              49.609595
            ],
            [
              21.736491,
              50.050094
            ],
            [
              22.747163,
              52.259658
            ],
            [
              22.446693,
              53.658134
            ],
            [
              22.142126,
              54.360239
            ],
            [
              21.998946,
              54.364667
            ],
            [
              21.720772,
              54.373271
            ],
            [
              21.287413,
              54.386759
            ],
            [
              20.929606,
              54.397818
            ],
            [
              20.640838,
              54.406784
            ],
            [
              20.35207,
              54.415749
            ],
            [
              19.964703,
              54.427842
            ],
            [
              19.758256,
              54.434256
            ],
            [
              19.680276,
              54.436678
            ],
            [
              19.63077,
              54.446652
            ],
            [
              19.609548,
              54.456732
            ],
            [
              19.59254,
              54.452379
            ],
            [
              19.531016,
              54.414944
            ],
            [
              19.499278,
              54.406399
            ],
            [
              19.459972,
              54.401028
            ],
            [
              19.407289376233678,
              54.3861348659289
            ],
            [
              19.407129,
              54.386084
            ],
            [
              19.407100859479893,
              54.38608157311453
            ],
            [
              19.377208,
              54.377631
            ],
            [
              19.002126,
              54.344916
            ],
            [
              18.978334784395003,
              54.34910407045588
            ],
            [
              18.97627,
              54.348926
            ],
            [
              18.940688873608092,
              54.35418108841637
            ],
            [
              18.923188,
              54.348538
            ],
            [
              18.885916,
              54.350165
            ],
            [
              18.717296,
              54.382025
            ],
            [
              18.70045,
              54.395819
            ],
            [
              18.694347,
              54.404527
            ],
            [
              18.680024,
              54.40998
            ],
            [
              18.663341,
              54.412991
            ],
            [
              18.649913,
              54.413804
            ],
            [
              18.634288,
              54.416938
            ],
            [
              18.60377,
              54.430609
            ],
            [
              18.588064,
              54.433661
            ],
            [
              18.574067,
              54.450385
            ],
            [
              18.567556,
              54.48786
            ],
            [
              18.566742,
              54.527411
            ],
            [
              18.569005755663206,
              54.54070788474914
            ],
            [
              18.50761294756372,
              54.63504217287772
            ],
            [
              18.506358,
              54.634101
            ],
            [
              18.487315,
              54.631781
            ],
            [
              18.475922,
              54.640082
            ],
            [
              18.481944,
              54.659613
            ],
            [
              18.470388,
              54.666734
            ],
            [
              18.470063,
              54.673285
            ],
            [
              18.473888,
              54.679918
            ],
            [
              18.474351627338844,
              54.68615048772375
            ],
            [
              18.468725048026165,
              54.694796115289776
            ],
            [
              18.459809,
              54.706041
            ],
            [
              18.447765,
              54.718248
            ],
            [
              18.442393,
              54.721991
            ],
            [
              18.418468,
              54.728217
            ],
            [
              18.413097,
              54.73192
            ],
            [
              18.413097,
              54.746527
            ],
            [
              18.41505,
              54.753119
            ],
            [
              18.42921,
              54.781684
            ],
            [
              18.435557,
              54.786811
            ],
            [
              18.447765,
              54.789984
            ],
            [
              18.456309,
              54.787665
            ],
            [
              18.48878,
              54.773179
            ],
            [
              18.49822,
              54.765367
            ],
            [
              18.556977,
              54.74901
            ],
            [
              18.61671,
              54.725246
            ],
            [
              18.64503,
              54.71955
            ],
            [
              18.654552,
              54.71015
            ],
            [
              18.663422,
              54.707994
            ],
            [
              18.698497,
              54.703803
            ],
            [
              18.707774,
              54.701239
            ],
            [
              18.755382,
              54.654486
            ],
            [
              18.771821,
              54.642279
            ],
            [
              18.773087683346517,
              54.64033253926321
            ],
            [
              18.799609,
              54.63335
            ],
            [
              18.75960592158765,
              54.68415228295846
            ],
            [
              18.758822670625598,
              54.68474203300016
            ],
            [
              18.670099166434508,
              54.71833741879477
            ],
            [
              18.410167,
              54.808295
            ],
            [
              18.389171,
              54.811103
            ],
            [
              18.375824,
              54.815131
            ],
            [
              18.342421156333085,
              54.83201970599619
            ],
            [
              18.334803418191463,
              54.8344933714249
            ],
            [
              18.31781798826794,
              54.83812860178601
            ],
            [
              18.110216507038622,
              54.83608220903264
            ],
            [
              18.044160026317687,
              54.83256788458169
            ],
            [
              17.851350808022197,
              54.817360112707284
            ],
            [
              17.715668,
              54.790432
            ],
            [
              17.538546467968928,
              54.771035751173706
            ],
            [
              17.270506549123347,
              54.73082987867154
            ],
            [
              17.23028281408622,
              54.719900104730804
            ],
            [
              17.068540084066733,
              54.67060240451426
            ],
            [
              17.557224,
              54.204913
            ],
            [
              18.212795,
              52.741873
            ],
            [
              18.076218,
              51.364655
            ],
            [
              17.284069,
              49.997446
            ],
            [
              16.136819,
              49.307762
            ],
            [
              15.126147,
              49.021985
            ],
            [
              12.831647,
              48.932341
            ],
            [
              11.329296,
              48.824555
            ],
            [
              9.55379,
              48.372947
            ],
            [
              7.588479811182347,
              48.053393196481196
            ],
            [
              7.599344268024622,
              48.02581697457593
            ],
            [
              7.618945,
              48.002652
            ],
            [
              7.621116,
              47.97144
            ],
            [
              7.611607,
              47.959399
            ],
            [
              7.600459973802307,
              47.951460009768596
            ],
            [
              7.593262,
              47.905664
            ],
            [
              7.538574,
              47.773633
            ],
            [
              7.53666208143551,
              47.75285455481869
            ],
            [
              7.53833,
              47.748146
            ],
            [
              7.537813,
              47.731816
            ],
            [
              7.534370603958798,
              47.72795112011263
            ],
            [
              7.529395,
              47.673877
            ]
          ]
        ]
      }
    },
    {
      "type": "Feature",
      "properties": {
        "fid": null,
        "prob": 15,
        "warning": 0,
        "date": "1",
        "kind": "outlook",
        "hazard": "general",
        "title": "",
        "description": "",
        "hatched": false,
        "doubleHatch": false,
        "probability": "45",
        "intensity": "3",
        "riskLabel": "Slight Risk"
      },
      "geometry": {
        "type": "Polygon",
        "coordinates": [
          [
            [
              9.14835025109582,
              47.670703
            ],
            [
              9.182813,
              47.670703
            ],
            [
              9.216711262681219,
              47.65614974166969
            ],
            [
              9.234351,
              47.656162
            ],
            [
              9.273211,
              47.65009
            ],
            [
              9.547482,
              47.534547
            ],
            [
              9.553059,
              47.516891
            ],
            [
              9.554951,
              47.5109
            ],
            [
              9.555223032033767,
              47.51062226209456
            ],
            [
              9.625879,
              47.467041
            ],
            [
              9.625813869124642,
              47.46674923911499
            ],
            [
              9.650346,
              47.452092
            ],
            [
              9.649519,
              47.409717
            ],
            [
              9.639804,
              47.394524
            ],
            [
              9.601047,
              47.36127
            ],
            [
              9.596396,
              47.352305
            ],
            [
              9.591228,
              47.334683
            ],
            [
              9.587404,
              47.32781
            ],
            [
              9.553298,
              47.299853
            ],
            [
              9.527007934981821,
              47.26954781725248
            ],
            [
              9.523148347760625,
              47.260796255418754
            ],
            [
              9.53025,
              47.253654
            ],
            [
              9.547096,
              47.243035
            ],
            [
              9.540378,
              47.229108
            ],
            [
              9.544823,
              47.220323
            ],
            [
              9.554331,
              47.211615
            ],
            [
              9.562909,
              47.19774
            ],
            [
              9.561876,
              47.190609
            ],
            [
              9.551954,
              47.175571
            ],
            [
              9.552057,
              47.16689
            ],
            [
              9.581823,
              47.154901
            ],
            [
              9.605594,
              47.132266
            ],
            [
              9.615723,
              47.106764
            ],
            [
              9.608798,
              47.080771
            ],
            [
              9.581788064301476,
              47.05737674476788
            ],
            [
              9.619922,
              47.057471
            ],
            [
              9.629162737235687,
              47.05596690008159
            ],
            [
              9.65231,
              47.05793
            ],
            [
              9.669053,
              47.056199
            ],
            [
              9.857982,
              47.015478
            ],
            [
              9.856328,
              47.004083
            ],
            [
              9.860566,
              47.001602
            ],
            [
              9.866767,
              47.001938
            ],
            [
              9.870591,
              46.998838
            ],
            [
              9.870591,
              46.992947
            ],
            [
              9.866457,
              46.983387
            ],
            [
              9.86543115692306,
              46.97368593983428
            ],
            [
              9.877734,
              46.937695
            ],
            [
              9.961957980554077,
              46.900692324060216
            ],
            [
              10.006913,
              46.890757
            ],
            [
              10.026441844386543,
              46.878028946586895
            ],
            [
              10.133496,
              46.851514
            ],
            [
              10.179785,
              46.862354
            ],
            [
              10.214617473242596,
              46.88749069664133
            ],
            [
              10.215169,
              46.893108
            ],
            [
              10.219924,
              46.905769
            ],
            [
              10.235116,
              46.923313
            ],
            [
              10.251343,
              46.92538
            ],
            [
              10.263978349906715,
              46.9231117498469
            ],
            [
              10.304626398619469,
              46.95244523020124
            ],
            [
              10.313665,
              46.964318
            ],
            [
              10.338883,
              46.98411
            ],
            [
              10.367925,
              46.995505
            ],
            [
              10.373403,
              46.996254
            ],
            [
              10.378984,
              46.995505
            ],
            [
              10.384255,
              46.993153
            ],
            [
              10.384358,
              46.993153
            ],
            [
              10.384358,
              46.992998
            ],
            [
              10.394693,
              46.985402
            ],
            [
              10.413291725291666,
              46.96491649914709
            ],
            [
              10.414941,
              46.964404
            ],
            [
              10.416452543158307,
              46.96192637913041
            ],
            [
              10.449574,
              46.943906
            ],
            [
              10.458462,
              46.936619
            ],
            [
              10.463836,
              46.919747
            ],
            [
              10.454293744778495,
              46.89360466766158
            ],
            [
              10.453121504501043,
              46.870617956009355
            ],
            [
              10.453793310547775,
              46.86458583297384
            ],
            [
              10.479395,
              46.855127
            ],
            [
              10.579785,
              46.853711
            ],
            [
              10.582391366323305,
              46.853536627990906
            ],
            [
              10.629408,
              46.862412
            ],
            [
              10.647081,
              46.863756
            ],
            [
              10.662481,
              46.860965
            ],
            [
              10.738962,
              46.829546
            ],
            [
              10.748677,
              46.819443
            ],
            [
              10.743819,
              46.812518
            ],
            [
              10.738319605654972,
              46.80945510884236
            ],
            [
              10.759766,
              46.793311
            ],
            [
              10.815596836548929,
              46.77872182262179
            ],
            [
              10.823918,
              46.78035
            ],
            [
              10.83415,
              46.780246
            ],
            [
              10.843141,
              46.777043
            ],
            [
              10.848099179825018,
              46.774120540541745
            ],
            [
              10.906641070923248,
              46.770693831582726
            ],
            [
              10.913731,
              46.77234
            ],
            [
              10.930888,
              46.773994
            ],
            [
              10.953506337537855,
              46.7724666290586
            ],
            [
              10.993262,
              46.777002
            ],
            [
              11.025098,
              46.796973
            ],
            [
              11.063477,
              46.859131
            ],
            [
              11.075194583054895,
              46.871953773639575
            ],
            [
              11.083643,
              46.900136
            ],
            [
              11.091912,
              46.912435
            ],
            [
              11.156611,
              46.956515
            ],
            [
              11.174491,
              46.963853
            ],
            [
              11.243737,
              46.979252
            ],
            [
              11.31381,
              46.987262
            ],
            [
              11.349467,
              46.98194
            ],
            [
              11.35524148508711,
              46.980011954206184
            ],
            [
              11.429960718165857,
              46.98293036191873
            ],
            [
              11.445172,
              46.992998
            ],
            [
              11.445275,
              46.993102
            ],
            [
              11.452923,
              47.000879
            ],
            [
              11.461812,
              47.005504
            ],
            [
              11.471837,
              47.00708
            ],
            [
              11.489407,
              47.004212
            ],
            [
              11.495918,
              47.001602
            ],
            [
              11.501706,
              46.997856
            ],
            [
              11.505780235623686,
              46.99410099399358
            ],
            [
              11.527539,
              46.997412
            ],
            [
              11.563670311161223,
              46.99710583058261
            ],
            [
              11.572709,
              46.998915
            ],
            [
              11.59648,
              47.00044
            ],
            [
              11.624036478368543,
              46.9965942999005
            ],
            [
              11.625488,
              46.996582
            ],
            [
              11.634295115609357,
              46.99516263502191
            ],
            [
              11.64795,
              46.993257
            ],
            [
              11.648467,
              46.993257
            ],
            [
              11.649707,
              46.992998
            ],
            [
              11.657252,
              46.992533
            ],
            [
              11.664797,
              46.993257
            ],
            [
              11.683814,
              46.991913
            ],
            [
              11.69745436688404,
              46.98498381674842
            ],
            [
              11.699414,
              46.984668
            ],
            [
              11.771947574629108,
              46.98601463093844
            ],
            [
              11.777141,
              46.988296
            ],
            [
              11.787958419367222,
              46.989478782717995
            ],
            [
              11.844170466110452,
              47.00502556168308
            ],
            [
              11.857033,
              47.012015
            ],
            [
              11.899511,
              47.027725
            ],
            [
              11.943643,
              47.038164
            ],
            [
              11.966706976413366,
              47.038915949085876
            ],
            [
              11.969531,
              47.039697
            ],
            [
              12.0764755863697,
              47.06239737312516
            ],
            [
              12.116242,
              47.076559
            ],
            [
              12.133146,
              47.078832
            ],
            [
              12.180631,
              47.085215
            ],
            [
              12.204195,
              47.079686
            ],
            [
              12.203897,
              47.067012
            ],
            [
              12.203575,
              47.053331
            ],
            [
              12.182284,
              47.033616
            ],
            [
              12.164432587820704,
              47.02680750369973
            ],
            [
              12.130762,
              46.984766
            ],
            [
              12.154102,
              46.935254
            ],
            [
              12.221644285207233,
              46.87631384025559
            ],
            [
              12.250807,
              46.875615
            ],
            [
              12.26662,
              46.868148
            ],
            [
              12.275819,
              46.846289
            ],
            [
              12.276129,
              46.83399
            ],
            [
              12.274008062650184,
              46.82849197716735
            ],
            [
              12.319196141271329,
              46.77314278331294
            ],
            [
              12.326048,
              46.772495
            ],
            [
              12.342688,
              46.765131
            ],
            [
              12.351473,
              46.743246
            ],
            [
              12.357702598348416,
              46.7326763668923
            ],
            [
              12.388281,
              46.702637
            ],
            [
              12.469067276369122,
              46.67586729380131
            ],
            [
              12.469632,
              46.675799
            ],
            [
              12.499888,
              46.672139
            ],
            [
              12.508858952705285,
              46.66793860149205
            ],
            [
              12.59689133257266,
              46.654370437915524
            ],
            [
              12.62019,
              46.656481
            ],
            [
              12.669593,
              46.653019
            ],
            [
              12.671368,
              46.652466
            ],
            [
              12.679205,
              46.650022
            ],
            [
              12.681857686106852,
              46.64863907408734
            ],
            [
              12.699805,
              46.647461
            ],
            [
              12.729097810393753,
              46.64148339545846
            ],
            [
              12.732018,
              46.64227
            ],
            [
              12.739873,
              46.642994
            ],
            [
              12.7485,
              46.640996
            ],
            [
              12.773566,
              46.635191
            ],
            [
              12.784898615230167,
              46.63009646672311
            ],
            [
              12.805566,
              46.625879
            ],
            [
              12.960340584592947,
              46.60319747296194
            ],
            [
              13.064504,
              46.598035
            ],
            [
              13.146463,
              46.584961
            ],
            [
              13.1770681384306,
              46.57198504147814
            ],
            [
              13.331062592943322,
              46.55956352524155
            ],
            [
              13.373323,
              46.565789
            ],
            [
              13.417041,
              46.560492
            ],
            [
              13.478019,
              46.563567
            ],
            [
              13.484944,
              46.561733
            ],
            [
              13.493556380612393,
              46.55497460173852
            ],
            [
              13.547630264332065,
              46.54588283591976
            ],
            [
              13.549229,
              46.545842
            ],
            [
              13.553297778927744,
              46.54492992275848
            ],
            [
              13.7,
              46.520264
            ],
            [
              13.705971123289638,
              46.519454579555436
            ],
            [
              13.716093,
              46.518867
            ],
            [
              13.74038698767152,
              46.51478930923747
            ],
            [
              13.743945,
              46.514307
            ],
            [
              13.826695152165707,
              46.51139380230411
            ],
            [
              13.860683,
              46.51525
            ],
            [
              13.890862,
              46.511787
            ],
            [
              13.936813307522721,
              46.496781537932435
            ],
            [
              14.016509144670213,
              46.482728148459664
            ],
            [
              14.032456,
              46.484709
            ],
            [
              14.050026,
              46.484399
            ],
            [
              14.066355,
              46.48104
            ],
            [
              14.081032,
              46.47595
            ],
            [
              14.10594291058455,
              46.46110172730894
            ],
            [
              14.267285,
              46.440723
            ],
            [
              14.313743100970328,
              46.43682919649421
            ],
            [
              14.362151,
              46.435875
            ],
            [
              14.395844,
              46.440991
            ],
            [
              14.40649,
              46.439337
            ],
            [
              14.411244,
              46.434635
            ],
            [
              14.414448,
              46.429002
            ],
            [
              14.415266099400915,
              46.42832022606815
            ],
            [
              14.419922,
              46.42793
            ],
            [
              14.465918,
              46.416113
            ],
            [
              14.492566750702448,
              46.41677074883376
            ],
            [
              14.502194,
              46.418356
            ],
            [
              14.503612339203682,
              46.417004923529205
            ],
            [
              14.549805,
              46.399707
            ],
            [
              14.571183942553173,
              46.41005283505334
            ],
            [
              14.575368,
              46.419726
            ],
            [
              14.590148,
              46.434428
            ],
            [
              14.599863,
              46.437167
            ],
            [
              14.600362410080457,
              46.43719790249438
            ],
            [
              14.656441117828084,
              46.455627720946254
            ],
            [
              14.662081,
              46.459698
            ],
            [
              14.666629,
              46.460524
            ],
            [
              14.67005007556062,
              46.46010019598007
            ],
            [
              14.680176,
              46.463428
            ],
            [
              14.683482926019694,
              46.46496968008178
            ],
            [
              14.687093,
              46.471221
            ],
            [
              14.698772,
              46.480962
            ],
            [
              14.703733,
              46.487758
            ],
            [
              14.709727,
              46.492512
            ],
            [
              14.726367,
              46.497706
            ],
            [
              14.735255,
              46.493339
            ],
            [
              14.747306637333423,
              46.49472412390405
            ],
            [
              14.754403282125645,
              46.498032560760045
            ],
            [
              14.907623,
              46.919271
            ],
            [
              15.208093,
              47.67876
            ],
            [
              15.0442,
              48.336644
            ],
            [
              14.333998,
              48.716537
            ],
            [
              12.913593,
              48.806568
            ],
            [
              11.083457,
              48.662441
            ],
            [
              9.990838,
              48.391089
            ],
            [
              9.307951,
              48.136514
            ],
            [
              9.14835025109582,
              47.670703
            ]
          ]
        ]
      }
    },
    {
      "type": "Feature",
      "properties": {
        "fid": null,
        "prob": 15,
        "warning": 0,
        "date": "1",
        "kind": "outlook",
        "hazard": "general",
        "title": "",
        "description": "",
        "hatched": false,
        "doubleHatch": false,
        "probability": "45",
        "intensity": "3",
        "riskLabel": "Slight Risk"
      },
      "geometry": {
        "type": "Polygon",
        "coordinates": [
          [
            [
              17.199503562873776,
              54.710518871342586
            ],
            [
              17.693801,
              54.316597
            ],
            [
              18.076218,
              53.447175
            ],
            [
              19.305414,
              53.186087
            ],
            [
              20.725818,
              53.104169
            ],
            [
              21.791122,
              53.251509
            ],
            [
              22.200854,
              53.625747
            ],
            [
              22.091592,
              54.172948
            ],
            [
              21.981664,
              54.365202
            ],
            [
              21.720772,
              54.373271
            ],
            [
              21.287413,
              54.386759
            ],
            [
              20.929606,
              54.397818
            ],
            [
              20.640838,
              54.406784
            ],
            [
              20.35207,
              54.415749
            ],
            [
              19.964703,
              54.427842
            ],
            [
              19.758256,
              54.434256
            ],
            [
              19.680276,
              54.436678
            ],
            [
              19.63077,
              54.446652
            ],
            [
              19.609548,
              54.456732
            ],
            [
              19.59254,
              54.452379
            ],
            [
              19.531016,
              54.414944
            ],
            [
              19.499278,
              54.406399
            ],
            [
              19.459972,
              54.401028
            ],
            [
              19.407289376233678,
              54.3861348659289
            ],
            [
              19.407129,
              54.386084
            ],
            [
              19.407100859479893,
              54.38608157311453
            ],
            [
              19.377208,
              54.377631
            ],
            [
              19.002126,
              54.344916
            ],
            [
              18.978334784395003,
              54.34910407045588
            ],
            [
              18.97627,
              54.348926
            ],
            [
              18.940688873608092,
              54.35418108841637
            ],
            [
              18.923188,
              54.348538
            ],
            [
              18.885916,
              54.350165
            ],
            [
              18.717296,
              54.382025
            ],
            [
              18.70045,
              54.395819
            ],
            [
              18.694347,
              54.404527
            ],
            [
              18.680024,
              54.40998
            ],
            [
              18.663341,
              54.412991
            ],
            [
              18.649913,
              54.413804
            ],
            [
              18.634288,
              54.416938
            ],
            [
              18.60377,
              54.430609
            ],
            [
              18.588064,
              54.433661
            ],
            [
              18.574067,
              54.450385
            ],
            [
              18.567556,
              54.48786
            ],
            [
              18.566742,
              54.527411
            ],
            [
              18.569005755663206,
              54.54070788474914
            ],
            [
              18.50761294756372,
              54.63504217287772
            ],
            [
              18.506358,
              54.634101
            ],
            [
              18.487315,
              54.631781
            ],
            [
              18.475922,
              54.640082
            ],
            [
              18.481944,
              54.659613
            ],
            [
              18.470388,
              54.666734
            ],
            [
              18.470063,
              54.673285
            ],
            [
              18.473888,
              54.679918
            ],
            [
              18.474351627338844,
              54.68615048772375
            ],
            [
              18.468725048026165,
              54.694796115289776
            ],
            [
              18.459809,
              54.706041
            ],
            [
              18.447765,
              54.718248
            ],
            [
              18.442393,
              54.721991
            ],
            [
              18.418468,
              54.728217
            ],
            [
              18.413097,
              54.73192
            ],
            [
              18.413097,
              54.746527
            ],
            [
              18.41505,
              54.753119
            ],
            [
              18.42921,
              54.781684
            ],
            [
              18.435557,
              54.786811
            ],
            [
              18.447765,
              54.789984
            ],
            [
              18.456309,
              54.787665
            ],
            [
              18.48878,
              54.773179
            ],
            [
              18.49822,
              54.765367
            ],
            [
              18.556977,
              54.74901
            ],
            [
              18.61671,
              54.725246
            ],
            [
              18.64503,
              54.71955
            ],
            [
              18.654552,
              54.71015
            ],
            [
              18.663422,
              54.707994
            ],
            [
              18.698497,
              54.703803
            ],
            [
              18.707774,
              54.701239
            ],
            [
              18.755382,
              54.654486
            ],
            [
              18.771821,
              54.642279
            ],
            [
              18.773087683346517,
              54.64033253926321
            ],
            [
              18.799609,
              54.63335
            ],
            [
              18.75960592158765,
              54.68415228295846
            ],
            [
              18.758822670625598,
              54.68474203300016
            ],
            [
              18.670099166434508,
              54.71833741879477
            ],
            [
              18.410167,
              54.808295
            ],
            [
              18.389171,
              54.811103
            ],
            [
              18.375824,
              54.815131
            ],
            [
              18.342421156333085,
              54.83201970599619
            ],
            [
              18.334803418191463,
              54.8344933714249
            ],
            [
              18.31781798826794,
              54.83812860178601
            ],
            [
              18.110216507038622,
              54.83608220903264
            ],
            [
              18.044160026317687,
              54.83256788458169
            ],
            [
              17.851350808022197,
              54.817360112707284
            ],
            [
              17.715668,
              54.790432
            ],
            [
              17.538546467968928,
              54.771035751173706
            ],
            [
              17.27050573248543,
              54.730829756176206
            ],
            [
              17.230287627376388,
              54.71990157177749
            ],
            [
              17.199503562873776,
              54.710518871342586
            ]
          ]
        ]
      }
    }
  ]
}