hour,count,percent
0,28,1.971830985915493
1,0,0.0
2,0,0.0
3,0,0.0
4,0,0.0
5,0,0.0
6,0,0.0
7,0,0.0
8,0,0.0
9,0,0.0
10,10,0.7042253521126761
11,39,2.746478873239437
12,51,3.591549295774648
13,62,4.366197183098591
14,63,4.43661971830986
15,63,4.43661971830986
16,279,19.64788732394366
17,245,17.253521126760564
18,52,3.6619718309859155
19,129,9.084507042253522
20,164,11.549295774647888
21,98,6.901408450704226
22,78,5.492957746478874
23,59,4.154929577464789
