hour,count,percent
0,0,0.0
1,0,0.0
2,0,0.0
3,0,0.0
4,0,0.0
5,0,0.0
6,0,0.0
7,0,0.0
8,0,0.0
9,0,0.0
10,0,0.0
11,5,0.06912760956726116
12,3,0.04147656574035669
13,2,0.027651043826904465
14,0,0.0
15,582,8.0464537536292
16,1142,15.788746025162451
17,1448,20.019355730678832
18,1091,15.083644407576385
19,1155,15.96847781003733
20,856,11.834646757915111
21,714,9.871422646204895
22,178,2.4609429005944974
23,57,0.7880547490667772
