hour,count,percent
0,0,0.0
1,0,0.0
2,296,9.016143770941213
3,0,0.0
4,0,0.0
5,0,0.0
6,0,0.0
7,0,0.0
8,517,15.747791653975025
9,0,0.0
10,1300,39.5979287237283
11,0,0.0
12,291,8.863844045080718
13,121,3.6856533658239417
14,365,11.117879987816021
15,222,6.762107828205909
16,171,5.208650624428876
17,0,0.0
18,0,0.0
19,0,0.0
20,0,0.0
21,0,0.0
22,0,0.0
23,0,0.0
