{
  "type": "FeatureCollection",
  "features": [
    {
      "type": "Feature",
      "properties": {
        "fid": null,
        "prob": 3,
        "warning": 0,
        "date": "1",
        "kind": "outlook",
        "hazard": "general",
        "title": "",
        "description": "",
        "hatched": false,
        "doubleHatch": false,
        "probability": "5",
        "intensity": "1",
        "riskLabel": "T-Storm Risk"
      },
      "geometry": {
        "type": "Polygon",
        "coordinates": [
          [
            [
              7.529395,
              47.673877
            ],
            [
              7.53344464417671,
              47.66630994738464
            ],
            [
              7.536573,
              47.665205
            ],
            [
              7.550112,
              47.652441
            ],
            [
              7.572643,
              47.622004
            ],
            [
              7.578638,
              47.61694
            ],
            [
              7.585046,
              47.613167
            ],
            [
              7.590317,
              47.607948
            ],
            [
              7.592321741856724,
              47.59914006964885
            ],
            [
              7.615625,
              47.592725
            ],
            [
              7.619987298951207,
              47.591515526126116
            ],
            [
              7.637032,
              47.594977
            ],
            [
              7.659666,
              47.596579
            ],
            [
              7.652313216015361,
              47.58255296932393
            ],
            [
              7.698047,
              47.569873
            ],
            [
              7.790790226277532,
              47.567440659005854
            ],
            [
              7.801467,
              47.576089
            ],
            [
              7.819657,
              47.595339
            ],
            [
              7.833713,
              47.590481
            ],
            [
              7.898205,
              47.587846
            ],
            [
              7.904303,
              47.583557
            ],
            [
              7.907507,
              47.574177
            ],
            [
              7.90947,
              47.564798
            ],
            [
              7.909773045478326,
              47.564320142280735
            ],
            [
              7.927051,
              47.563867
            ],
            [
              8.09375,
              47.576172
            ],
            [
              8.103714907656954,
              47.57910562639574
            ],
            [
              8.105427,
              47.581257
            ],
            [
              8.113902,
              47.587846
            ],
            [
              8.122067,
              47.592135
            ],
            [
              8.143771,
              47.600067
            ],
            [
              8.162065,
              47.603762
            ],
            [
              8.168886,
              47.608646
            ],
            [
              8.173847,
              47.613529
            ],
            [
              8.179015,
              47.615803
            ],
            [
              8.232965,
              47.621952
            ],
            [
              8.251051,
              47.622004
            ],
            [
              8.276993,
              47.61663
            ],
            [
              8.288569,
              47.615803
            ],
            [
              8.293943,
              47.611462
            ],
            [
              8.296467742892716,
              47.606934
            ],
            [
              8.327832,
              47.606934
            ],
            [
              8.414746,
              47.5896
            ],
            [
              8.430078,
              47.592139
            ],
            [
              8.454004,
              47.596191
            ],
            [
              8.455899472715522,
              47.5975146949053
            ],
            [
              8.461788,
              47.606139
            ],
            [
              8.49238,
              47.619833
            ],
            [
              8.522353,
              47.621901
            ],
            [
              8.526256619373635,
              47.61942508270522
            ],
            [
              8.559473,
              47.624023
            ],
            [
              8.570508,
              47.637793
            ],
            [
              8.56709,
              47.651904
            ],
            [
              8.552344,
              47.659131
            ],
            [
              8.517420080369263,
              47.65658807367451
            ],
            [
              8.504679,
              47.65226
            ],
            [
              8.49083,
              47.645568
            ],
            [
              8.476051,
              47.640401
            ],
            [
              8.458274,
              47.639884
            ],
            [
              8.437603,
              47.647842
            ],
            [
              8.411972,
              47.661045
            ],
            [
              8.407011,
              47.661562
            ],
            [
              8.391301,
              47.665464
            ],
            [
              8.397709,
              47.67629
            ],
            [
              8.395229,
              47.684817
            ],
            [
              8.390991,
              47.692129
            ],
            [
              8.392128,
              47.699519
            ],
            [
              8.401947,
              47.707089
            ],
            [
              8.423724974386163,
              47.71515564909632
            ],
            [
              8.435742,
              47.731348
            ],
            [
              8.442152043069989,
              47.73442213285046
            ],
            [
              8.445458,
              47.743185
            ],
            [
              8.450109,
              47.750471
            ],
            [
              8.463648,
              47.763907
            ],
            [
              8.471503,
              47.76706
            ],
            [
              8.482665,
              47.766853
            ],
            [
              8.536512,
              47.774088
            ],
            [
              8.551602,
              47.779255
            ],
            [
              8.5423,
              47.795017
            ],
            [
              8.558216,
              47.801166
            ],
            [
              8.583124,
              47.800236
            ],
            [
              8.601624,
              47.794603
            ],
            [
              8.603175,
              47.787317
            ],
            [
              8.604105,
              47.774398
            ],
            [
              8.605764621760466,
              47.768662528554614
            ],
            [
              8.617871,
              47.766113
            ],
            [
              8.626144663288272,
              47.761164188408436
            ],
            [
              8.62984,
              47.762796
            ],
            [
              8.635007,
              47.784604
            ],
            [
              8.644102,
              47.791012
            ],
            [
              8.657022,
              47.788118
            ],
            [
              8.666633,
              47.778273
            ],
            [
              8.674488,
              47.766698
            ],
            [
              8.68193,
              47.75874
            ],
            [
              8.692265,
              47.757164
            ],
            [
              8.703324,
              47.758714
            ],
            [
              8.713142,
              47.757422
            ],
            [
              8.719757,
              47.747319
            ],
            [
              8.71707,
              47.743547
            ],
            [
              8.703737,
              47.730033
            ],
            [
              8.70043,
              47.723496
            ],
            [
              8.704667,
              47.715332
            ],
            [
              8.709469669703221,
              47.71132414256106
            ],
            [
              8.72832,
              47.700049
            ],
            [
              8.754785,
              47.698047
            ],
            [
              8.763254708722163,
              47.70460146738772
            ],
            [
              8.77071,
              47.720861
            ],
            [
              8.797581,
              47.720034
            ],
            [
              8.830241,
              47.707192
            ],
            [
              8.856079,
              47.690682
            ],
            [
              8.846310243894253,
              47.68914529400609
            ],
            [
              8.874023,
              47.662695
            ],
            [
              8.88109404589024,
              47.65644720675233
            ],
            [
              8.881191064189782,
              47.656398268347615
            ],
            [
              8.981877050926565,
              47.66224482036636
            ],
            [
              8.997673,
              47.673835
            ],
            [
              9.016586,
              47.6789
            ],
            [
              9.125785642928319,
              47.670601187487065
            ],
            [
              9.127539,
              47.670703
            ],
            [
              9.182813,
              47.670703
            ],
            [
              9.216711262681219,
              47.65614974166969
            ],
            [
              9.234351,
              47.656162
            ],
            [
              9.273211,
              47.65009
            ],
            [
              9.547482,
              47.534547
            ],
            [
              9.553059,
              47.516891
            ],
            [
              9.554951,
              47.5109
            ],
            [
              9.555223032033767,
              47.51062226209456
            ],
            [
              9.625879,
              47.467041
            ],
            [
              9.625813869124642,
              47.46674923911499
            ],
            [
              9.650346,
              47.452092
            ],
            [
              9.649519,
              47.409717
            ],
            [
              9.639804,
              47.394524
            ],
            [
              9.601047,
              47.36127
            ],
            [
              9.596396,
              47.352305
            ],
            [
              9.591228,
              47.334683
            ],
            [
              9.587404,
              47.32781
            ],
            [
              9.553298,
              47.299853
            ],
            [
              9.527007934981821,
              47.26954781725248
            ],
            [
              9.523148347760625,
              47.260796255418754
            ],
            [
              9.53025,
              47.253654
            ],
            [
              9.547096,
              47.243035
            ],
            [
              9.540378,
              47.229108
            ],
            [
              9.544823,
              47.220323
            ],
            [
              9.554331,
              47.211615
            ],
            [
              9.562909,
              47.19774
            ],
            [
              9.561876,
              47.190609
            ],
            [
              9.551954,
              47.175571
            ],
            [
              9.552057,
              47.16689
            ],
            [
              9.581823,
              47.154901
            ],
            [
              9.605594,
              47.132266
            ],
            [
              9.615723,
              47.106764
            ],
            [
              9.608798,
              47.080771
            ],
            [
              9.581788064301476,
              47.05737674476788
            ],
            [
              9.619922,
              47.057471
            ],
            [
              9.629162737235687,
              47.05596690008159
            ],
            [
              9.65231,
              47.05793
            ],
            [
              9.669053,
              47.056199
            ],
            [
              9.857982,
              47.015478
            ],
            [
              9.856328,
              47.004083
            ],
            [
              9.860566,
              47.001602
            ],
            [
              9.866767,
              47.001938
            ],
            [
              9.870591,
              46.998838
            ],
            [
              9.870591,
              46.992947
            ],
            [
              9.866457,
              46.983387
            ],
            [
              9.86543115692306,
              46.97368593983428
            ],
            [
              9.877734,
              46.937695
            ],
            [
              9.961957980554077,
              46.900692324060216
            ],
            [
              10.006913,
              46.890757
            ],
            [
              10.026441844386543,
              46.878028946586895
            ],
            [
              10.133496,
              46.851514
            ],
            [
              10.179785,
              46.862354
            ],
            [
              10.214617473242596,
              46.88749069664133
            ],
            [
              10.215169,
              46.893108
            ],
            [
              10.219924,
              46.905769
            ],
            [
              10.235116,
              46.923313
            ],
            [
              10.251343,
              46.92538
            ],
            [
              10.263978349906715,
              46.9231117498469
            ],
            [
              10.304626398619469,
              46.95244523020124
            ],
            [
              10.313665,
              46.964318
            ],
            [
              10.338883,
              46.98411
            ],
            [
              10.367925,
              46.995505
            ],
            [
              10.373403,
              46.996254
            ],
            [
              10.378984,
              46.995505
            ],
            [
              10.384255,
              46.993153
            ],
            [
              10.384358,
              46.993153
            ],
            [
              10.384358,
              46.992998
            ],
            [
              10.394693,
              46.985402
            ],
            [
              10.413291725291666,
              46.96491649914709
            ],
            [
              10.414941,
              46.964404
            ],
            [
              10.416452543158307,
              46.96192637913041
            ],
            [
              10.449574,
              46.943906
            ],
            [
              10.458462,
              46.936619
            ],
            [
              10.463836,
              46.919747
            ],
            [
              10.454293744778495,
              46.89360466766158
            ],
            [
              10.453121504501043,
              46.870617956009355
            ],
            [
              10.453793310547775,
              46.86458583297384
            ],
            [
              10.479395,
              46.855127
            ],
            [
              10.579785,
              46.853711
            ],
            [
              10.582391366323305,
              46.853536627990906
            ],
            [
              10.629408,
              46.862412
            ],
            [
              10.647081,
              46.863756
            ],
            [
              10.662481,
              46.860965
            ],
            [
              10.738962,
              46.829546
            ],
            [
              10.748677,
              46.819443
            ],
            [
              10.743819,
              46.812518
            ],
            [
              10.738319605654972,
              46.80945510884236
            ],
            [
              10.759766,
              46.793311
            ],
            [
              10.815596836548929,
              46.77872182262179
            ],
            [
              10.823918,
              46.78035
            ],
            [
              10.83415,
              46.780246
            ],
            [
              10.843141,
              46.777043
            ],
            [
              10.848099179825018,
              46.774120540541745
            ],
            [
              10.906641070923248,
              46.770693831582726
            ],
            [
              10.913731,
              46.77234
            ],
            [
              10.930888,
              46.773994
            ],
            [
              10.953506337537855,
              46.7724666290586
            ],
            [
              10.993262,
              46.777002
            ],
            [
              11.025098,
              46.796973
            ],
            [
              11.063477,
              46.859131
            ],
            [
              11.075194583054895,
              46.871953773639575
            ],
            [
              11.083643,
              46.900136
            ],
            [
              11.091912,
              46.912435
            ],
            [
              11.156611,
              46.956515
            ],
            [
              11.174491,
              46.963853
            ],
            [
              11.243737,
              46.979252
            ],
            [
              11.31381,
              46.987262
            ],
            [
              11.349467,
              46.98194
            ],
            [
              11.35524148508711,
              46.980011954206184
            ],
            [
              11.429960718165857,
              46.98293036191873
            ],
            [
              11.445172,
              46.992998
            ],
            [
              11.445275,
              46.993102
            ],
            [
              11.452923,
              47.000879
            ],
            [
              11.461812,
              47.005504
            ],
            [
              11.471837,
              47.00708
            ],
            [
              11.489407,
              47.004212
            ],
            [
              11.495918,
              47.001602
            ],
            [
              11.501706,
              46.997856
            ],
            [
              11.505780235623686,
              46.99410099399358
            ],
            [
              11.527539,
              46.997412
            ],
            [
              11.563670311161223,
              46.99710583058261
            ],
            [
              11.572709,
              46.998915
            ],
            [
              11.59648,
              47.00044
            ],
            [
              11.624036478368543,
              46.9965942999005
            ],
            [
              11.625488,
              46.996582
            ],
            [
              11.634295115609357,
              46.99516263502191
            ],
            [
              11.64795,
              46.993257
            ],
            [
              11.648467,
              46.993257
            ],
            [
              11.649707,
              46.992998
            ],
            [
              11.657252,
              46.992533
            ],
            [
              11.664797,
              46.993257
            ],
            [
              11.683814,
              46.991913
            ],
            [
              11.69745436688404,
              46.98498381674842
            ],
            [
              11.699414,
              46.984668
            ],
            [
              11.771947574629108,
              46.98601463093844
            ],
            [
              11.777141,
              46.988296
            ],
            [
              11.787958419367222,
              46.989478782717995
            ],
            [
              11.844170466110452,
              47.00502556168308
            ],
            [
              11.857033,
              47.012015
            ],
            [
              11.899511,
              47.027725
            ],
            [
              11.943643,
              47.038164
            ],
            [
              11.966706976413366,
              47.038915949085876
            ],
            [
              11.969531,
              47.039697
            ],
            [
              12.0764755863697,
              47.06239737312516
            ],
            [
              12.116242,
              47.076559
            ],
            [
              12.133146,
              47.078832
            ],
            [
              12.180631,
              47.085215
            ],
            [
              12.204195,
              47.079686
            ],
            [
              12.203897,
              47.067012
            ],
            [
              12.203575,
              47.053331
            ],
            [
              12.182284,
              47.033616
            ],
            [
              12.164432587820704,
              47.02680750369973
            ],
            [
              12.130762,
              46.984766
            ],
            [
              12.154102,
              46.935254
            ],
            [
              12.221644285207233,
              46.87631384025559
            ],
            [
              12.250807,
              46.875615
            ],
            [
              12.26662,
              46.868148
            ],
            [
              12.275819,
              46.846289
            ],
            [
              12.276129,
              46.83399
            ],
            [
              12.274008062650184,
              46.82849197716735
            ],
            [
              12.319196141271329,
              46.77314278331294
            ],
            [
              12.326048,
              46.772495
            ],
            [
              12.342688,
              46.765131
            ],
            [
              12.351473,
              46.743246
            ],
            [
              12.357702598348416,
              46.7326763668923
            ],
            [
              12.388281,
              46.702637
            ],
            [
              12.469067276369122,
              46.67586729380131
            ],
            [
              12.469632,
              46.675799
            ],
            [
              12.499888,
              46.672139
            ],
            [
              12.508858952705285,
              46.66793860149205
            ],
            [
              12.59689133257266,
              46.654370437915524
            ],
            [
              12.62019,
              46.656481
            ],
            [
              12.669593,
              46.653019
            ],
            [
              12.671368,
              46.652466
            ],
            [
              12.679205,
              46.650022
            ],
            [
              12.681857686106852,
              46.64863907408734
            ],
            [
              12.699805,
              46.647461
            ],
            [
              12.729097810393753,
              46.64148339545846
            ],
            [
              12.732018,
              46.64227
            ],
            [
              12.739873,
              46.642994
            ],
            [
              12.7485,
              46.640996
            ],
            [
              12.773566,
              46.635191
            ],
            [
              12.784898615230167,
              46.63009646672311
            ],
            [
              12.805566,
              46.625879
            ],
            [
              12.960340584592947,
              46.60319747296194
            ],
            [
              13.064504,
              46.598035
            ],
            [
              13.146463,
              46.584961
            ],
            [
              13.1770681384306,
              46.57198504147814
            ],
            [
              13.331062592943322,
              46.55956352524155
            ],
            [
              13.373323,
              46.565789
            ],
            [
              13.417041,
              46.560492
            ],
            [
              13.478019,
              46.563567
            ],
            [
              13.484944,
              46.561733
            ],
            [
              13.493556380612393,
              46.55497460173852
            ],
            [
              13.547630264332065,
              46.54588283591976
            ],
            [
              13.549229,
              46.545842
            ],
            [
              13.553297778927744,
              46.54492992275848
            ],
            [
              13.7,
              46.520264
            ],
            [
              13.705971123289638,
              46.519454579555436
            ],
            [
              13.716093,
              46.518867
            ],
            [
              13.74038698767152,
              46.51478930923747
            ],
            [
              13.743945,
              46.514307
            ],
            [
              13.826695152165707,
              46.51139380230411
            ],
            [
              13.860683,
              46.51525
            ],
            [
              13.890862,
              46.511787
            ],
            [
              13.936813307522721,
              46.496781537932435
            ],
            [
              14.016509144670213,
              46.482728148459664
            ],
            [
              14.032456,
              46.484709
            ],
            [
              14.050026,
              46.484399
            ],
            [
              14.066355,
              46.48104
            ],
            [
              14.081032,
              46.47595
            ],
            [
              14.10594291058455,
              46.46110172730894
            ],
            [
              14.267285,
              46.440723
            ],
            [
              14.313743100970328,
              46.43682919649421
            ],
            [
              14.362151,
              46.435875
            ],
            [
              14.395844,
              46.440991
            ],
            [
              14.40649,
              46.439337
            ],
            [
              14.411244,
              46.434635
            ],
            [
              14.414448,
              46.429002
            ],
            [
              14.415266099400915,
              46.42832022606815
            ],
            [
              14.419922,
              46.42793
            ],
            [
              14.465918,
              46.416113
            ],
            [
              14.492566750702448,
              46.41677074883376
            ],
            [
              14.502194,
              46.418356
            ],
            [
              14.503612339203682,
              46.417004923529205
            ],
            [
              14.549805,
              46.399707
            ],
            [
              14.571183942553173,
              46.41005283505334
            ],
            [
              14.575368,
              46.419726
            ],
            [
              14.590148,
              46.434428
            ],
            [
              14.599863,
              46.437167
            ],
            [
              14.600362410080457,
              46.43719790249438
            ],
            [
              14.656441117828084,
              46.455627720946254
            ],
            [
              14.662081,
              46.459698
            ],
            [
              14.666629,
              46.460524
            ],
            [
              14.67005007556062,
              46.46010019598007
            ],
            [
              14.680176,
              46.463428
            ],
            [
              14.683482926019694,
              46.46496968008178
            ],
            [
              14.687093,
              46.471221
            ],
            [
              14.698772,
              46.480962
            ],
            [
              14.703733,
              46.487758
            ],
            [
              14.709727,
              46.492512
            ],
            [
              14.726367,
              46.497706
            ],
            [
              14.735255,
              46.493339
            ],
            [
              14.747305368648554,
              46.49472353244655
            ],
            [
              14.756738,
              46.499121
            ],
            [
              14.810547,
              46.54458
            ],
            [
              14.812266912461405,
              46.5466321955691
            ],
            [
              14.814519,
              46.551337
            ],
            [
              14.822278,
              46.567546
            ],
            [
              14.833647,
              46.584393
            ],
            [
              14.85039,
              46.601136
            ],
            [
              14.862999,
              46.604831
            ],
            [
              14.877055,
              46.603642
            ],
            [
              14.891299178272014,
              46.60495938549047
            ],
            [
              14.893262,
              46.605908
            ],
            [
              14.90080546075506,
              46.60689190630022
            ],
            [
              14.919507,
              46.615017
            ],
            [
              14.933589,
              46.621135
            ],
            [
              14.947955,
              46.619274
            ],
            [
              14.95312917438959,
              46.614155540035014
            ],
            [
              14.990848432840993,
              46.62353201651177
            ],
            [
              15.004386,
              46.636844
            ],
            [
              15.061954,
              46.649557
            ],
            [
              15.085723,
              46.647795
            ],
            [
              15.105591,
              46.646323
            ],
            [
              15.172557,
              46.64136
            ],
            [
              15.184880080782625,
              46.640446459311065
            ],
            [
              15.216992,
              46.642969
            ],
            [
              15.254142113676055,
              46.64074098934924
            ],
            [
              15.332784,
              46.64358
            ],
            [
              15.388135,
              46.645578
            ],
            [
              15.417591,
              46.637955
            ],
            [
              15.430468708456901,
              46.63016612181022
            ],
            [
              15.439258,
              46.629639
            ],
            [
              15.520617268864736,
              46.64881755567035
            ],
            [
              15.52084,
              46.649608
            ],
            [
              15.530659,
              46.663845
            ],
            [
              15.545955,
              46.671881
            ],
            [
              15.567349,
              46.675757
            ],
            [
              15.587802684716337,
              46.67595489859807
            ],
            [
              15.632617,
              46.698437
            ],
            [
              15.632907149121223,
              46.698464972178414
            ],
            [
              15.632875,
              46.702473
            ],
            [
              15.635975,
              46.717563
            ],
            [
              15.652098,
              46.710819
            ],
            [
              15.70497912764629,
              46.705413158799466
            ],
            [
              15.760254,
              46.710742
            ],
            [
              15.766895,
              46.711279
            ],
            [
              15.775695345683836,
              46.70972668181177
            ],
            [
              15.78461,
              46.7122
            ],
            [
              15.822941,
              46.722834
            ],
            [
              15.850743,
              46.724488
            ],
            [
              15.878545,
              46.720715
            ],
            [
              15.946344,
              46.697151
            ],
            [
              15.970050359964869,
              46.69425555335601
            ],
            [
              15.972266,
              46.697217
            ],
            [
              15.980469,
              46.705859
            ],
            [
              15.979812316926434,
              46.723213312946925
            ],
            [
              15.970529,
              46.743014
            ],
            [
              15.969702,
              46.760532
            ],
            [
              15.970985,
              46.77505
            ],
            [
              15.971252,
              46.778076
            ],
            [
              15.978177,
              46.809134
            ],
            [
              15.97735,
              46.816213
            ],
            [
              15.972906,
              46.818435
            ],
            [
              15.971976,
              46.820632
            ],
            [
              15.981691,
              46.827685
            ],
            [
              15.987582,
              46.830011
            ],
            [
              16.025597187137667,
              46.8364642499079
            ],
            [
              16.037207,
              46.844824
            ],
            [
              16.093066,
              46.863281
            ],
            [
              16.20246427761824,
              46.85983244621591
            ],
            [
              16.272009,
              46.863962
            ],
            [
              16.282241,
              46.859932
            ],
            [
              16.297392,
              46.847033
            ],
            [
              16.301878,
              46.843214
            ],
            [
              16.310663,
              46.84001
            ],
            [
              16.325339,
              46.839442
            ],
            [
              16.329783,
              46.834403
            ],
            [
              16.327509,
              46.825463
            ],
            [
              16.321825,
              46.813268
            ],
            [
              16.3149,
              46.802002
            ],
            [
              16.314334232113687,
              46.80133506930467
            ],
            [
              16.318457,
              46.78252
            ],
            [
              16.335449,
              46.721631
            ],
            [
              16.348376918394628,
              46.71476929316375
            ],
            [
              16.357275,
              46.715832
            ],
            [
              16.357382676431172,
              46.709989337907324
            ],
            [
              16.367188,
              46.704785
            ],
            [
              16.3744242653731,
              46.694804432398186
            ],
            [
              16.390038,
              46.694154
            ],
            [
              16.405024,
              46.687255
            ],
            [
              16.410502,
              46.668367
            ],
            [
              16.402607,
              46.663109
            ],
            [
              16.396652,
              46.659143
            ],
            [
              16.382494538559065,
              46.65446826817482
            ],
            [
              16.38125,
              46.638672
            ],
            [
              16.413863094405635,
              46.61110947806635
            ],
            [
              16.430242,
              46.604392
            ],
            [
              16.467139,
              46.564704
            ],
            [
              16.500832,
              46.544809
            ],
            [
              16.511047,
              46.514382
            ],
            [
              17.163221,
              46.822189
            ],
            [
              19.050634,
              47.398917
            ],
            [
              21.43879,
              47.788559
            ],
            [
              22.84673665153972,
              47.99609943901777
            ],
            [
              22.846484,
              47.99707
            ],
            [
              22.857227,
              48.029541
            ],
            [
              22.83623,
              48.060303
            ],
            [
              22.782227,
              48.095215
            ],
            [
              22.778052368076036,
              48.09981009385853
            ],
            [
              22.765566,
              48.104533
            ],
            [
              22.762052,
              48.109261
            ],
            [
              22.761867400607095,
              48.10934044669524
            ],
            [
              22.715665342168332,
              48.107571070163836
            ],
            [
              22.711616,
              48.105824
            ],
            [
              22.693219,
              48.101768
            ],
            [
              22.621182,
              48.101768
            ],
            [
              22.608056,
              48.096833
            ],
            [
              22.605472,
              48.097039
            ],
            [
              22.600098,
              48.101122
            ],
            [
              22.583045,
              48.124816
            ],
            [
              22.57527262701326,
              48.14221889150354
            ],
            [
              22.520117,
              48.205371
            ],
            [
              22.43965851175467,
              48.23707342752576
            ],
            [
              22.434217,
              48.236747
            ],
            [
              22.418404,
              48.238969
            ],
            [
              22.398767,
              48.244343
            ],
            [
              22.394529,
              48.244757
            ],
            [
              22.390498,
              48.244343
            ],
            [
              22.386468,
              48.243051
            ],
            [
              22.378613,
              48.238865
            ],
            [
              22.370861,
              48.237393
            ],
            [
              22.363627,
              48.23871
            ],
            [
              22.357116,
              48.243103
            ],
            [
              22.308126,
              48.293694
            ],
            [
              22.297378,
              48.314003
            ],
            [
              22.29667988137003,
              48.324349553014336
            ],
            [
              22.295117,
              48.327295
            ],
            [
              22.272244644138254,
              48.35790542596983
            ],
            [
              22.25676,
              48.357282
            ],
            [
              22.256967,
              48.373224
            ],
            [
              22.26188355384139,
              48.38321139008057
            ],
            [
              22.253711,
              48.407373
            ],
            [
              22.231152,
              48.412158
            ],
            [
              22.227148,
              48.413428
            ],
            [
              22.167621293073985,
              48.408365431946216
            ],
            [
              22.159298,
              48.402318
            ],
            [
              22.158263,
              48.402222
            ],
            [
              22.156508,
              48.40206
            ],
            [
              22.13284,
              48.404798
            ],
            [
              22.132847875855724,
              48.40540805700947
            ],
            [
              22.131836,
              48.405322
            ],
            [
              22.133085263979275,
              48.42379593685493
            ],
            [
              22.13377,
              48.476835
            ],
            [
              22.13699272383887,
              48.48157889378542
            ],
            [
              22.140641649690643,
              48.535538686825355
            ],
            [
              22.136664,
              48.549337
            ],
            [
              22.138731,
              48.569595
            ],
            [
              22.153717,
              48.585873
            ],
            [
              22.192333607151465,
              48.60660166210359
            ],
            [
              22.230153417482487,
              48.6357301451773
            ],
            [
              22.235676,
              48.644164
            ],
            [
              22.243221,
              48.651192
            ],
            [
              22.25552,
              48.656773
            ],
            [
              22.25821373338703,
              48.65734195205084
            ],
            [
              22.295215,
              48.68584
            ],
            [
              22.3279673655336,
              48.73770506352131
            ],
            [
              22.32766,
              48.743021
            ],
            [
              22.330761,
              48.756405
            ],
            [
              22.338409,
              48.762968
            ],
            [
              22.341179243707394,
              48.76441394644972
            ],
            [
              22.364272032895258,
              48.81659090826841
            ],
            [
              22.363523,
              48.828287
            ],
            [
              22.36156,
              48.836452
            ],
            [
              22.362283,
              48.844255
            ],
            [
              22.368898,
              48.856451
            ],
            [
              22.370799,
              48.858248
            ],
            [
              22.378406,
              48.865442
            ],
            [
              22.388349233937145,
              48.87099209771519
            ],
            [
              22.389453,
              48.873486
            ],
            [
              22.413977337560656,
              48.90807915114743
            ],
            [
              22.41489,
              48.911693
            ],
            [
              22.427292,
              48.929469
            ],
            [
              22.448996,
              48.971431
            ],
            [
              22.466566,
              48.980526
            ],
            [
              22.48192671096806,
              48.982012249767244
            ],
            [
              22.483203,
              48.983252
            ],
            [
              22.524121,
              49.031396
            ],
            [
              22.525756916752318,
              49.03604022274218
            ],
            [
              22.531989,
              49.055715
            ],
            [
              22.53488966103024,
              49.06196727472326
            ],
            [
              22.538672,
              49.072705
            ],
            [
              22.540801929224543,
              49.07293661717044
            ],
            [
              22.560721,
              49.085532
            ],
            [
              22.580771,
              49.08145
            ],
            [
              22.59150773371745,
              49.07365608774526
            ],
            [
              22.693139368382138,
              49.04243844258846
            ],
            [
              22.721951,
              49.041039
            ],
            [
              22.744482,
              49.045535
            ],
            [
              22.755334,
              49.044708
            ],
            [
              22.765463,
              49.038403
            ],
            [
              22.778639458601077,
              49.02625715413383
            ],
            [
              22.809766,
              49.020752
            ],
            [
              22.839746,
              49.038916
            ],
            [
              22.843457437570418,
              49.04610300808029
            ],
            [
              22.844424,
              49.056697
            ],
            [
              22.85028283359864,
              49.06931330082786
            ],
            [
              22.84707,
              49.08125
            ],
            [
              22.803595594787264,
              49.10875101017783
            ],
            [
              22.796469,
              49.11137
            ],
            [
              22.778072,
              49.12031
            ],
            [
              22.75817169224359,
              49.137503092994784
            ],
            [
              22.737260640658832,
              49.15091921415853
            ],
            [
              22.71637,
              49.160566
            ],
            [
              22.720194,
              49.161186
            ],
            [
              22.720894021113214,
              49.161419716726506
            ],
            [
              22.71852419110995,
              49.162940153244605
            ],
            [
              22.705725,
              49.168835
            ],
            [
              22.692496,
              49.157931
            ],
            [
              22.687845,
              49.155915
            ],
            [
              22.681747,
              49.161238
            ],
            [
              22.687121,
              49.173382
            ],
            [
              22.702934,
              49.195034
            ],
            [
              22.717094,
              49.230433
            ],
            [
              22.71933250886001,
              49.234477490927944
            ],
            [
              22.721973,
              49.240967
            ],
            [
              22.732422,
              49.295166
            ],
            [
              22.719922,
              49.353809
            ],
            [
              22.698033700716216,
              49.40176851359847
            ],
            [
              22.692599,
              49.405513
            ],
            [
              22.679576,
              49.418948
            ],
            [
              22.676786,
              49.424478
            ],
            [
              22.673065,
              49.435847
            ],
            [
              22.668644784504558,
              49.46616264986385
            ],
            [
              22.660645,
              49.483691
            ],
            [
              22.657910991131903,
              49.497158507132916
            ],
            [
              22.640922,
              49.528761
            ],
            [
              22.665831,
              49.567363
            ],
            [
              22.69455155948815,
              49.59246419580053
            ],
            [
              22.706152,
              49.606201
            ],
            [
              22.745106456497492,
              49.63998209969893
            ],
            [
              22.758951,
              49.6656
            ],
            [
              22.766186,
              49.67423
            ],
            [
              22.777348,
              49.680483
            ],
            [
              22.794354976565593,
              49.68269015715964
            ],
            [
              22.869971021155287,
              49.74826399314136
            ],
            [
              22.888246,
              49.769728
            ],
            [
              22.897961,
              49.777428
            ],
            [
              22.905441768303156,
              49.78064000433005
            ],
            [
              22.949006369897656,
              49.82320193252017
            ],
            [
              22.951188,
              49.826624
            ],
            [
              22.957032793441776,
              49.83050610013064
            ],
            [
              23.036328,
              49.899072
            ],
            [
              23.056045010434467,
              49.91409193237612
            ],
            [
              23.101463,
              49.957107
            ],
            [
              23.141254,
              49.985477
            ],
            [
              23.166533852155588,
              49.998259607616866
            ],
            [
              23.19017364642089,
              50.01626781998914
            ],
            [
              23.207916,
              50.03395
            ],
            [
              23.436429,
              50.193475
            ],
            [
              23.481595,
              50.215954
            ],
            [
              23.483987450613146,
              50.21713206241292
            ],
            [
              23.506152,
              50.229834
            ],
            [
              23.649023,
              50.327051
            ],
            [
              23.664619007801182,
              50.33956168681168
            ],
            [
              23.671247,
              50.353568
            ],
            [
              23.682203,
              50.368245
            ],
            [
              23.695742,
              50.376771
            ],
            [
              23.713002,
              50.382404
            ],
            [
              23.747522,
              50.38938
            ],
            [
              23.811814502408986,
              50.38989348267708
            ],
            [
              23.972656,
              50.410059
            ],
            [
              24.00498,
              50.457031
            ],
            [
              24.00939208237679,
              50.46179109038515
            ],
            [
              24.007867,
              50.480744
            ],
            [
              24.010658,
              50.492785
            ],
            [
              24.050426529185263,
              50.506062175789275
            ],
            [
              24.052637,
              50.508447
            ],
            [
              24.089941,
              50.530469
            ],
            [
              24.092225760728677,
              50.57179710401236
            ],
            [
              24.085279,
              50.604406
            ],
            [
              24.09459525181555,
              50.61465786088087
            ],
            [
              24.094727,
              50.617041
            ],
            [
              24.047691570310914,
              50.71974055643869
            ],
            [
              24.026884,
              50.728016
            ],
            [
              24.012828,
              50.743312
            ],
            [
              24.017849166222145,
              50.750066264753094
            ],
            [
              24.007324,
              50.760156
            ],
            [
              23.996592147846005,
              50.76960103974253
            ],
            [
              23.974278,
              50.776178
            ],
            [
              23.959498,
              50.788891
            ],
            [
              23.957638,
              50.808011
            ],
            [
              23.969937,
              50.825168
            ],
            [
              23.992881,
              50.836226
            ],
            [
              24.020477,
              50.838552
            ],
            [
              24.046935,
              50.829095
            ],
            [
              24.067295,
              50.834831
            ],
            [
              24.088338648619462,
              50.83492931405902
            ],
            [
              24.105762,
              50.844971
            ],
            [
              24.095801,
              50.872754
            ],
            [
              24.064894997185487,
              50.891758303568764
            ],
            [
              24.046935,
              50.898031
            ],
            [
              23.979342,
              50.937512
            ],
            [
              23.964356,
              50.953222
            ],
            [
              23.958878,
              50.966348
            ],
            [
              23.958424609556598,
              50.97029420859306
            ],
            [
              23.938086,
              50.992529
            ],
            [
              23.93497788672914,
              50.998098433706495
            ],
            [
              23.9318,
              50.999472
            ],
            [
              23.919087,
              51.002728
            ],
            [
              23.911749,
              51.00681
            ],
            [
              23.915987,
              51.014665
            ],
            [
              23.915987,
              51.020866
            ],
            [
              23.909590929600306,
              51.043589367407094
            ],
            [
              23.88655903445327,
              51.08486026134747
            ],
            [
              23.869271,
              51.10174
            ],
            [
              23.854492,
              51.121532
            ],
            [
              23.858213,
              51.13073
            ],
            [
              23.858474144651368,
              51.13081527945799
            ],
            [
              23.79873380874449,
              51.185676709370334
            ],
            [
              23.765195,
              51.199021
            ],
            [
              23.742664,
              51.216255
            ],
            [
              23.696030755508364,
              51.28035392957769
            ],
            [
              23.680115179318875,
              51.29532564950868
            ],
            [
              23.670214,
              51.299376
            ],
            [
              23.650887,
              51.299609
            ],
            [
              23.635177,
              51.304699
            ],
            [
              23.628666,
              51.325964
            ],
            [
              23.63404,
              51.339296
            ],
            [
              23.647786,
              51.353998
            ],
            [
              23.66400504425527,
              51.36477116052012
            ],
            [
              23.678788950186522,
              51.393193556264535
            ],
            [
              23.678895,
              51.394073
            ],
            [
              23.679610442312768,
              51.39477289358051
            ],
            [
              23.679688,
              51.394922
            ],
            [
              23.66150310932472,
              51.44217683850156
            ],
            [
              23.648716,
              51.453966
            ],
            [
              23.647166,
              51.460193
            ],
            [
              23.648667350808118,
              51.4621169724985
            ],
            [
              23.62469225117023,
              51.49294778617653
            ],
            [
              23.614817,
              51.49722
            ],
            [
              23.608099,
              51.511224
            ],
            [
              23.60659227532933,
              51.5162234760029
            ],
            [
              23.605273,
              51.51792
            ],
            [
              23.59517386160147,
              51.533459361507504
            ],
            [
              23.588668,
              51.535899
            ],
            [
              23.572752,
              51.539672
            ],
            [
              23.56035,
              51.555304
            ],
            [
              23.567171,
              51.55489
            ],
            [
              23.573992,
              51.555304
            ],
            [
              23.552081,
              51.578817
            ],
            [
              23.5434,
              51.592743
            ],
            [
              23.539886,
              51.607109
            ],
            [
              23.540509,
              51.610302
            ],
            [
              22.941018,
              51.382332
            ],
            [
              20.552862,
              50.533171
            ],
            [
              17.432851,
              49.991452
            ],
            [
              15.545437,
              49.718279
            ],
            [
              12.656539,
              49.41851
            ],
            [
              8.458006,
              48.965401
            ],
            [
              8.17368,
              48.935651
            ],
            [
              8.148112,
              48.903734
            ],
            [
              8.140153170913033,
              48.88927595164782
            ],
            [
              8.140332,
              48.886426
            ],
            [
              8.137192417137353,
              48.883897431669574
            ],
            [
              8.10274,
              48.821311
            ],
            [
              8.090338,
              48.807513
            ],
            [
              8.08424,
              48.804051
            ],
            [
              8.04755,
              48.791028
            ],
            [
              8.038765,
              48.79077
            ],
            [
              8.036594,
              48.788289
            ],
            [
              8.031943,
              48.785344
            ],
            [
              8.027293,
              48.780021
            ],
            [
              8.025122,
              48.770616
            ],
            [
              8.022952,
              48.765087
            ],
            [
              8.017267,
              48.761831
            ],
            [
              8.009619,
              48.760074
            ],
            [
              7.993423665904686,
              48.759895408879856
            ],
            [
              7.9639542992403305,
              48.73430801767308
            ],
            [
              7.963627,
              48.729275
            ],
            [
              7.959183,
              48.721368
            ],
            [
              7.948434,
              48.71186
            ],
            [
              7.935205,
              48.703333
            ],
            [
              7.92332,
              48.698217
            ],
            [
              7.895931,
              48.676513
            ],
            [
              7.882158684354828,
              48.66860310244882
            ],
            [
              7.837988,
              48.636035
            ],
            [
              7.8017133227678865,
              48.56106447638774
            ],
            [
              7.801673,
              48.54758
            ],
            [
              7.813455,
              48.526341
            ],
            [
              7.813455,
              48.519468
            ],
            [
              7.788444,
              48.506343
            ],
            [
              7.785622914576703,
              48.504421725291415
            ],
            [
              7.765137,
              48.41001
            ],
            [
              7.7465422912844195,
              48.36937040163503
            ],
            [
              7.746896,
              48.368677
            ],
            [
              7.75196,
              48.355344
            ],
            [
              7.75072,
              48.341366
            ],
            [
              7.736974,
              48.326664
            ],
            [
              7.725019586664807,
              48.322331532414346
            ],
            [
              7.705664,
              48.280029
            ],
            [
              7.688307664348245,
              48.25601169162613
            ],
            [
              7.687158,
              48.252921
            ],
            [
              7.676616,
              48.2384
            ],
            [
              7.673416689120505,
              48.23540589376602
            ],
            [
              7.616602,
              48.156787
            ],
            [
              7.58418,
              48.064307
            ],
            [
              7.599344191128392,
              48.02581716975435
            ],
            [
              7.618945,
              48.002652
            ],
            [
              7.621116,
              47.97144
            ],
            [
              7.611607,
              47.959399
            ],
            [
              7.600459973802307,
              47.951460009768596
            ],
            [
              7.593262,
              47.905664
            ],
            [
              7.538574,
              47.773633
            ],
            [
              7.53666208143551,
              47.75285455481869
            ],
            [
              7.53833,
              47.748146
            ],
            [
              7.537813,
              47.731816
            ],
            [
              7.534370603958798,
              47.72795112011263
            ],
            [
              7.529395,
              47.673877
            ]
          ]
        ]
      }
    },
    {
      "type": "Feature",
      "properties": {
        "fid": null,
        "prob": 5,
        "warning": 0,
        "date": "1",
        "kind": "outlook",
        "hazard": "general",
        "title": "",
        "description": "",
        "hatched": false,
        "doubleHatch": false,
        "probability": ">50",
        "intensity": "2",
        "riskLabel": "General Risk",
        "hazardChances": {
          "hail": 2,
          "wind": 2,
          "rain": 2,
          "lightning": 15
        }
      },
      "geometry": {
        "type": "Polygon",
        "coordinates": [
          [
            [
              7.529395,
              47.673877
            ],
            [
              7.53344464417671,
              47.66630994738464
            ],
            [
              7.536573,
              47.665205
            ],
            [
              7.550112,
              47.652441
            ],
            [
              7.572643,
              47.622004
            ],
            [
              7.578638,
              47.61694
            ],
            [
              7.585046,
              47.613167
            ],
            [
              7.590317,
              47.607948
            ],
            [
              7.592321741856724,
              47.59914006964885
            ],
            [
              7.615625,
              47.592725
            ],
            [
              7.619987298951207,
              47.591515526126116
            ],
            [
              7.637032,
              47.594977
            ],
            [
              7.659666,
              47.596579
            ],
            [
              7.652313216015361,
              47.58255296932393
            ],
            [
              7.698047,
              47.569873
            ],
            [
              7.790790226277532,
              47.567440659005854
            ],
            [
              7.801467,
              47.576089
            ],
            [
              7.819657,
              47.595339
            ],
            [
              7.833713,
              47.590481
            ],
            [
              7.898205,
              47.587846
            ],
            [
              7.904303,
              47.583557
            ],
            [
              7.907507,
              47.574177
            ],
            [
              7.90947,
              47.564798
            ],
            [
              7.909773045478326,
              47.564320142280735
            ],
            [
              7.927051,
              47.563867
            ],
            [
              8.09375,
              47.576172
            ],
            [
              8.103714907656954,
              47.57910562639574
            ],
            [
              8.105427,
              47.581257
            ],
            [
              8.113902,
              47.587846
            ],
            [
              8.122067,
              47.592135
            ],
            [
              8.143771,
              47.600067
            ],
            [
              8.162065,
              47.603762
            ],
            [
              8.168886,
              47.608646
            ],
            [
              8.173847,
              47.613529
            ],
            [
              8.179015,
              47.615803
            ],
            [
              8.232965,
              47.621952
            ],
            [
              8.251051,
              47.622004
            ],
            [
              8.276993,
              47.61663
            ],
            [
              8.288569,
              47.615803
            ],
            [
              8.293943,
              47.611462
            ],
            [
              8.296467742892716,
              47.606934
            ],
            [
              8.327832,
              47.606934
            ],
            [
              8.414746,
              47.5896
            ],
            [
              8.430078,
              47.592139
            ],
            [
              8.454004,
              47.596191
            ],
            [
              8.455899472715522,
              47.5975146949053
            ],
            [
              8.461788,
              47.606139
            ],
            [
              8.49238,
              47.619833
            ],
            [
              8.522353,
              47.621901
            ],
            [
              8.526256619373635,
              47.61942508270522
            ],
            [
              8.559473,
              47.624023
            ],
            [
              8.570508,
              47.637793
            ],
            [
              8.56709,
              47.651904
            ],
            [
              8.552344,
              47.659131
            ],
            [
              8.517420080369263,
              47.65658807367451
            ],
            [
              8.504679,
              47.65226
            ],
            [
              8.49083,
              47.645568
            ],
            [
              8.476051,
              47.640401
            ],
            [
              8.458274,
              47.639884
            ],
            [
              8.437603,
              47.647842
            ],
            [
              8.411972,
              47.661045
            ],
            [
              8.407011,
              47.661562
            ],
            [
              8.391301,
              47.665464
            ],
            [
              8.397709,
              47.67629
            ],
            [
              8.395229,
              47.684817
            ],
            [
              8.390991,
              47.692129
            ],
            [
              8.392128,
              47.699519
            ],
            [
              8.401947,
              47.707089
            ],
            [
              8.423724974386163,
              47.71515564909632
            ],
            [
              8.435742,
              47.731348
            ],
            [
              8.442152043069989,
              47.73442213285046
            ],
            [
              8.445458,
              47.743185
            ],
            [
              8.450109,
              47.750471
            ],
            [
              8.463648,
              47.763907
            ],
            [
              8.471503,
              47.76706
            ],
            [
              8.482665,
              47.766853
            ],
            [
              8.536512,
              47.774088
            ],
            [
              8.551602,
              47.779255
            ],
            [
              8.5423,
              47.795017
            ],
            [
              8.558216,
              47.801166
            ],
            [
              8.583124,
              47.800236
            ],
            [
              8.601624,
              47.794603
            ],
            [
              8.603175,
              47.787317
            ],
            [
              8.604105,
              47.774398
            ],
            [
              8.605764621760466,
              47.768662528554614
            ],
            [
              8.617871,
              47.766113
            ],
            [
              8.626144663288272,
              47.761164188408436
            ],
            [
              8.62984,
              47.762796
            ],
            [
              8.635007,
              47.784604
            ],
            [
              8.644102,
              47.791012
            ],
            [
              8.657022,
              47.788118
            ],
            [
              8.666633,
              47.778273
            ],
            [
              8.674488,
              47.766698
            ],
            [
              8.68193,
              47.75874
            ],
            [
              8.692265,
              47.757164
            ],
            [
              8.703324,
              47.758714
            ],
            [
              8.713142,
              47.757422
            ],
            [
              8.719757,
              47.747319
            ],
            [
              8.71707,
              47.743547
            ],
            [
              8.703737,
              47.730033
            ],
            [
              8.70043,
              47.723496
            ],
            [
              8.704667,
              47.715332
            ],
            [
              8.709469669703221,
              47.71132414256106
            ],
            [
              8.72832,
              47.700049
            ],
            [
              8.754785,
              47.698047
            ],
            [
              8.763254708722163,
              47.70460146738772
            ],
            [
              8.77071,
              47.720861
            ],
            [
              8.797581,
              47.720034
            ],
            [
              8.830241,
              47.707192
            ],
            [
              8.856079,
              47.690682
            ],
            [
              8.846310243894253,
              47.68914529400609
            ],
            [
              8.874023,
              47.662695
            ],
            [
              8.88109404589024,
              47.65644720675233
            ],
            [
              8.881191064189782,
              47.656398268347615
            ],
            [
              8.981877050926565,
              47.66224482036636
            ],
            [
              8.997673,
              47.673835
            ],
            [
              9.016586,
              47.6789
            ],
            [
              9.125785642928319,
              47.670601187487065
            ],
            [
              9.127539,
              47.670703
            ],
            [
              9.182813,
              47.670703
            ],
            [
              9.216711262681219,
              47.65614974166969
            ],
            [
              9.234351,
              47.656162
            ],
            [
              9.273211,
              47.65009
            ],
            [
              9.547482,
              47.534547
            ],
            [
              9.553059,
              47.516891
            ],
            [
              9.554951,
              47.5109
            ],
            [
              9.555223032033767,
              47.51062226209456
            ],
            [
              9.625879,
              47.467041
            ],
            [
              9.625813869124642,
              47.46674923911499
            ],
            [
              9.650346,
              47.452092
            ],
            [
              9.649519,
              47.409717
            ],
            [
              9.639804,
              47.394524
            ],
            [
              9.601047,
              47.36127
            ],
            [
              9.596396,
              47.352305
            ],
            [
              9.591228,
              47.334683
            ],
            [
              9.587404,
              47.32781
            ],
            [
              9.553298,
              47.299853
            ],
            [
              9.527007934981821,
              47.26954781725248
            ],
            [
              9.523148347760625,
              47.260796255418754
            ],
            [
              9.53025,
              47.253654
            ],
            [
              9.547096,
              47.243035
            ],
            [
              9.540378,
              47.229108
            ],
            [
              9.544823,
              47.220323
            ],
            [
              9.554331,
              47.211615
            ],
            [
              9.562909,
              47.19774
            ],
            [
              9.561876,
              47.190609
            ],
            [
              9.551954,
              47.175571
            ],
            [
              9.552057,
              47.16689
            ],
            [
              9.581823,
              47.154901
            ],
            [
              9.605594,
              47.132266
            ],
            [
              9.615723,
              47.106764
            ],
            [
              9.608798,
              47.080771
            ],
            [
              9.581788064301476,
              47.05737674476788
            ],
            [
              9.619922,
              47.057471
            ],
            [
              9.629162737235687,
              47.05596690008159
            ],
            [
              9.65231,
              47.05793
            ],
            [
              9.669053,
              47.056199
            ],
            [
              9.857982,
              47.015478
            ],
            [
              9.856328,
              47.004083
            ],
            [
              9.860566,
              47.001602
            ],
            [
              9.866767,
              47.001938
            ],
            [
              9.870591,
              46.998838
            ],
            [
              9.870591,
              46.992947
            ],
            [
              9.866457,
              46.983387
            ],
            [
              9.86543115692306,
              46.97368593983428
            ],
            [
              9.877734,
              46.937695
            ],
            [
              9.961957980554077,
              46.900692324060216
            ],
            [
              10.006913,
              46.890757
            ],
            [
              10.026441844386543,
              46.878028946586895
            ],
            [
              10.133496,
              46.851514
            ],
            [
              10.179785,
              46.862354
            ],
            [
              10.214617473242596,
              46.88749069664133
            ],
            [
              10.215169,
              46.893108
            ],
            [
              10.219924,
              46.905769
            ],
            [
              10.235116,
              46.923313
            ],
            [
              10.251343,
              46.92538
            ],
            [
              10.263978349906715,
              46.9231117498469
            ],
            [
              10.304626398619469,
              46.95244523020124
            ],
            [
              10.313665,
              46.964318
            ],
            [
              10.338883,
              46.98411
            ],
            [
              10.367925,
              46.995505
            ],
            [
              10.373403,
              46.996254
            ],
            [
              10.378984,
              46.995505
            ],
            [
              10.384255,
              46.993153
            ],
            [
              10.384358,
              46.993153
            ],
            [
              10.384358,
              46.992998
            ],
            [
              10.394693,
              46.985402
            ],
            [
              10.413291725291666,
              46.96491649914709
            ],
            [
              10.414941,
              46.964404
            ],
            [
              10.416452543158307,
              46.96192637913041
            ],
            [
              10.449574,
              46.943906
            ],
            [
              10.458462,
              46.936619
            ],
            [
              10.463836,
              46.919747
            ],
            [
              10.454293744778495,
              46.89360466766158
            ],
            [
              10.453121504501043,
              46.870617956009355
            ],
            [
              10.453793310547775,
              46.86458583297384
            ],
            [
              10.479395,
              46.855127
            ],
            [
              10.579785,
              46.853711
            ],
            [
              10.582391366323305,
              46.853536627990906
            ],
            [
              10.629408,
              46.862412
            ],
            [
              10.647081,
              46.863756
            ],
            [
              10.662481,
              46.860965
            ],
            [
              10.738962,
              46.829546
            ],
            [
              10.748677,
              46.819443
            ],
            [
              10.743819,
              46.812518
            ],
            [
              10.738319605654972,
              46.80945510884236
            ],
            [
              10.759766,
              46.793311
            ],
            [
              10.815596836548929,
              46.77872182262179
            ],
            [
              10.823918,
              46.78035
            ],
            [
              10.83415,
              46.780246
            ],
            [
              10.843141,
              46.777043
            ],
            [
              10.848099179825018,
              46.774120540541745
            ],
            [
              10.906641070923248,
              46.770693831582726
            ],
            [
              10.913731,
              46.77234
            ],
            [
              10.930888,
              46.773994
            ],
            [
              10.953506337537855,
              46.7724666290586
            ],
            [
              10.993262,
              46.777002
            ],
            [
              11.025098,
              46.796973
            ],
            [
              11.063477,
              46.859131
            ],
            [
              11.075194583054895,
              46.871953773639575
            ],
            [
              11.083643,
              46.900136
            ],
            [
              11.091912,
              46.912435
            ],
            [
              11.156611,
              46.956515
            ],
            [
              11.174491,
              46.963853
            ],
            [
              11.243737,
              46.979252
            ],
            [
              11.31381,
              46.987262
            ],
            [
              11.349467,
              46.98194
            ],
            [
              11.35524148508711,
              46.980011954206184
            ],
            [
              11.429960718165857,
              46.98293036191873
            ],
            [
              11.445172,
              46.992998
            ],
            [
              11.445275,
              46.993102
            ],
            [
              11.452923,
              47.000879
            ],
            [
              11.461812,
              47.005504
            ],
            [
              11.471837,
              47.00708
            ],
            [
              11.489407,
              47.004212
            ],
            [
              11.495918,
              47.001602
            ],
            [
              11.501706,
              46.997856
            ],
            [
              11.505780235623686,
              46.99410099399358
            ],
            [
              11.527539,
              46.997412
            ],
            [
              11.563670311161223,
              46.99710583058261
            ],
            [
              11.572709,
              46.998915
            ],
            [
              11.59648,
              47.00044
            ],
            [
              11.624036478368543,
              46.9965942999005
            ],
            [
              11.625488,
              46.996582
            ],
            [
              11.634295115609357,
              46.99516263502191
            ],
            [
              11.64795,
              46.993257
            ],
            [
              11.648467,
              46.993257
            ],
            [
              11.649707,
              46.992998
            ],
            [
              11.657252,
              46.992533
            ],
            [
              11.664797,
              46.993257
            ],
            [
              11.683814,
              46.991913
            ],
            [
              11.69745436688404,
              46.98498381674842
            ],
            [
              11.699414,
              46.984668
            ],
            [
              11.771947574629108,
              46.98601463093844
            ],
            [
              11.777141,
              46.988296
            ],
            [
              11.787958419367222,
              46.989478782717995
            ],
            [
              11.844170466110452,
              47.00502556168308
            ],
            [
              11.857033,
              47.012015
            ],
            [
              11.899511,
              47.027725
            ],
            [
              11.943643,
              47.038164
            ],
            [
              11.966706976413366,
              47.038915949085876
            ],
            [
              11.969531,
              47.039697
            ],
            [
              12.0764755863697,
              47.06239737312516
            ],
            [
              12.116242,
              47.076559
            ],
            [
              12.133146,
              47.078832
            ],
            [
              12.180631,
              47.085215
            ],
            [
              12.204195,
              47.079686
            ],
            [
              12.203897,
              47.067012
            ],
            [
              12.203575,
              47.053331
            ],
            [
              12.182284,
              47.033616
            ],
            [
              12.164432587820704,
              47.02680750369973
            ],
            [
              12.130762,
              46.984766
            ],
            [
              12.154102,
              46.935254
            ],
            [
              12.221644285207233,
              46.87631384025559
            ],
            [
              12.250807,
              46.875615
            ],
            [
              12.26662,
              46.868148
            ],
            [
              12.275819,
              46.846289
            ],
            [
              12.276129,
              46.83399
            ],
            [
              12.274008062650184,
              46.82849197716735
            ],
            [
              12.319196141271329,
              46.77314278331294
            ],
            [
              12.326048,
              46.772495
            ],
            [
              12.342688,
              46.765131
            ],
            [
              12.351473,
              46.743246
            ],
            [
              12.357702598348416,
              46.7326763668923
            ],
            [
              12.388281,
              46.702637
            ],
            [
              12.442337636413946,
              46.684724548282595
            ],
            [
              13.080244,
              46.795826
            ],
            [
              15.19877,
              47.242247
            ],
            [
              15.969143,
              47.788559
            ],
            [
              16.084698,
              48.559149
            ],
            [
              15.044695,
              49.34328
            ],
            [
              13.157281,
              49.192474
            ],
            [
              9.883196,
              48.584636
            ],
            [
              7.614400133708313,
              48.15050643141524
            ],
            [
              7.58418,
              48.064307
            ],
            [
              7.599344191128392,
              48.02581716975435
            ],
            [
              7.618945,
              48.002652
            ],
            [
              7.621116,
              47.97144
            ],
            [
              7.611607,
              47.959399
            ],
            [
              7.600459973802307,
              47.951460009768596
            ],
            [
              7.593262,
              47.905664
            ],
            [
              7.538574,
              47.773633
            ],
            [
              7.53666208143551,
              47.75285455481869
            ],
            [
              7.53833,
              47.748146
            ],
            [
              7.537813,
              47.731816
            ],
            [
              7.534370603958798,
              47.72795112011263
            ],
            [
              7.529395,
              47.673877
            ]
          ]
        ]
      }
    },
    {
      "type": "Feature",
      "properties": {
        "fid": null,
        "prob": 5,
        "warning": 0,
        "date": "1",
        "kind": "outlook",
        "hazard": "general",
        "title": "",
        "description": "",
        "hatched": false,
        "doubleHatch": false,
        "probability": ">50",
        "intensity": "1",
        "riskLabel": "General Risk",
        "hazardChances": {
          "wind": 2,
          "rain": 5,
          "lightning": 15
        }
      },
      "geometry": {
        "type": "Polygon",
        "coordinates": [
          [
            [
              17.856556,
              49.293063
            ],
            [
              18.164705,
              48.940106
            ],
            [
              19.551377,
              48.457073
            ],
            [
              20.706936,
              48.149609
            ],
            [
              22.055089,
              48.072454
            ],
            [
              22.422738,
              48.23836
            ],
            [
              22.418404,
              48.238969
            ],
            [
              22.398767,
              48.244343
            ],
            [
              22.394529,
              48.244757
            ],
            [
              22.390498,
              48.244343
            ],
            [
              22.386468,
              48.243051
            ],
            [
              22.378613,
              48.238865
            ],
            [
              22.370861,
              48.237393
            ],
            [
              22.363627,
              48.23871
            ],
            [
              22.357116,
              48.243103
            ],
            [
              22.308126,
              48.293694
            ],
            [
              22.297378,
              48.314003
            ],
            [
              22.29667988137003,
              48.324349553014336
            ],
            [
              22.295117,
              48.327295
            ],
            [
              22.272244644138254,
              48.35790542596983
            ],
            [
              22.25676,
              48.357282
            ],
            [
              22.256967,
              48.373224
            ],
            [
              22.26188355384139,
              48.38321139008057
            ],
            [
              22.253711,
              48.407373
            ],
            [
              22.231152,
              48.412158
            ],
            [
              22.227148,
              48.413428
            ],
            [
              22.167621293073985,
              48.408365431946216
            ],
            [
              22.159298,
              48.402318
            ],
            [
              22.158263,
              48.402222
            ],
            [
              22.156508,
              48.40206
            ],
            [
              22.13284,
              48.404798
            ],
            [
              22.132847875855724,
              48.40540805700947
            ],
            [
              22.131836,
              48.405322
            ],
            [
              22.133085263979275,
              48.42379593685493
            ],
            [
              22.13377,
              48.476835
            ],
            [
              22.13699272383887,
              48.48157889378542
            ],
            [
              22.140641649690643,
              48.535538686825355
            ],
            [
              22.136664,
              48.549337
            ],
            [
              22.138731,
              48.569595
            ],
            [
              22.153717,
              48.585873
            ],
            [
              22.192333607151465,
              48.60660166210359
            ],
            [
              22.230153417482487,
              48.6357301451773
            ],
            [
              22.235676,
              48.644164
            ],
            [
              22.243221,
              48.651192
            ],
            [
              22.25552,
              48.656773
            ],
            [
              22.25821373338703,
              48.65734195205084
            ],
            [
              22.295215,
              48.68584
            ],
            [
              22.3279673655336,
              48.73770506352131
            ],
            [
              22.32766,
              48.743021
            ],
            [
              22.330761,
              48.756405
            ],
            [
              22.338409,
              48.762968
            ],
            [
              22.341179243707394,
              48.76441394644972
            ],
            [
              22.364272032895258,
              48.81659090826841
            ],
            [
              22.363523,
              48.828287
            ],
            [
              22.36156,
              48.836452
            ],
            [
              22.362283,
              48.844255
            ],
            [
              22.368898,
              48.856451
            ],
            [
              22.370799,
              48.858248
            ],
            [
              22.378406,
              48.865442
            ],
            [
              22.388349233937145,
              48.87099209771519
            ],
            [
              22.389453,
              48.873486
            ],
            [
              22.413977337560656,
              48.90807915114743
            ],
            [
              22.41489,
              48.911693
            ],
            [
              22.427292,
              48.929469
            ],
            [
              22.448996,
              48.971431
            ],
            [
              22.466566,
              48.980526
            ],
            [
              22.48192671096806,
              48.982012249767244
            ],
            [
              22.483203,
              48.983252
            ],
            [
              22.524121,
              49.031396
            ],
            [
              22.525756916752318,
              49.03604022274218
            ],
            [
              22.531989,
              49.055715
            ],
            [
              22.53488966103024,
              49.06196727472326
            ],
            [
              22.538672,
              49.072705
            ],
            [
              22.540801929224543,
              49.07293661717044
            ],
            [
              22.560721,
              49.085532
            ],
            [
              22.580771,
              49.08145
            ],
            [
              22.59150773371745,
              49.07365608774526
            ],
            [
              22.693139368382138,
              49.04243844258846
            ],
            [
              22.721951,
              49.041039
            ],
            [
              22.744482,
              49.045535
            ],
            [
              22.755334,
              49.044708
            ],
            [
              22.765463,
              49.038403
            ],
            [
              22.778639458601077,
              49.02625715413383
            ],
            [
              22.809766,
              49.020752
            ],
            [
              22.839746,
              49.038916
            ],
            [
              22.843457437570418,
              49.04610300808029
            ],
            [
              22.844424,
              49.056697
            ],
            [
              22.85028283359864,
              49.06931330082786
            ],
            [
              22.84707,
              49.08125
            ],
            [
              22.803595594787264,
              49.10875101017783
            ],
            [
              22.796469,
              49.11137
            ],
            [
              22.778072,
              49.12031
            ],
            [
              22.75817169224359,
              49.137503092994784
            ],
            [
              22.737260640658832,
              49.15091921415853
            ],
            [
              22.71637,
              49.160566
            ],
            [
              22.720194,
              49.161186
            ],
            [
              22.720894021113214,
              49.161419716726506
            ],
            [
              22.71852419110995,
              49.162940153244605
            ],
            [
              22.705725,
              49.168835
            ],
            [
              22.692496,
              49.157931
            ],
            [
              22.687845,
              49.155915
            ],
            [
              22.681747,
              49.161238
            ],
            [
              22.687121,
              49.173382
            ],
            [
              22.702934,
              49.195034
            ],
            [
              22.717094,
              49.230433
            ],
            [
              22.71933250886001,
              49.234477490927944
            ],
            [
              22.721973,
              49.240967
            ],
            [
              22.732422,
              49.295166
            ],
            [
              22.719922,
              49.353809
            ],
            [
              22.698033700716216,
              49.40176851359847
            ],
            [
              22.692599,
              49.405513
            ],
            [
              22.679576,
              49.418948
            ],
            [
              22.676786,
              49.424478
            ],
            [
              22.673065,
              49.435847
            ],
            [
              22.668644784504558,
              49.46616264986385
            ],
            [
              22.660645,
              49.483691
            ],
            [
              22.657910991131903,
              49.497158507132916
            ],
            [
              22.640922,
              49.528761
            ],
            [
              22.665831,
              49.567363
            ],
            [
              22.69455155948815,
              49.59246419580053
            ],
            [
              22.706152,
              49.606201
            ],
            [
              22.745106456497492,
              49.63998209969893
            ],
            [
              22.758951,
              49.6656
            ],
            [
              22.766186,
              49.67423
            ],
            [
              22.777348,
              49.680483
            ],
            [
              22.794354976565593,
              49.68269015715964
            ],
            [
              22.869971021155287,
              49.74826399314136
            ],
            [
              22.888246,
              49.769728
            ],
            [
              22.897961,
              49.777428
            ],
            [
              22.905441768303156,
              49.78064000433005
            ],
            [
              22.949006369897656,
              49.82320193252017
            ],
            [
              22.951188,
              49.826624
            ],
            [
              22.957032793441776,
              49.83050610013064
            ],
            [
              23.036328,
              49.899072
            ],
            [
              23.056045010434467,
              49.91409193237612
            ],
            [
              23.101463,
              49.957107
            ],
            [
              23.141254,
              49.985477
            ],
            [
              23.166533852155588,
              49.998259607616866
            ],
            [
              23.19017364642089,
              50.01626781998914
            ],
            [
              23.207916,
              50.03395
            ],
            [
              23.436429,
              50.193475
            ],
            [
              23.481595,
              50.215954
            ],
            [
              23.483987450613146,
              50.21713206241292
            ],
            [
              23.506152,
              50.229834
            ],
            [
              23.649023,
              50.327051
            ],
            [
              23.664619007801182,
              50.33956168681168
            ],
            [
              23.671247,
              50.353568
            ],
            [
              23.682203,
              50.368245
            ],
            [
              23.695742,
              50.376771
            ],
            [
              23.713002,
              50.382404
            ],
            [
              23.747522,
              50.38938
            ],
            [
              23.811814502408986,
              50.38989348267708
            ],
            [
              23.972656,
              50.410059
            ],
            [
              24.00498,
              50.457031
            ],
            [
              24.00939208237679,
              50.46179109038515
            ],
            [
              24.007867,
              50.480744
            ],
            [
              24.010658,
              50.492785
            ],
            [
              24.050426529185263,
              50.506062175789275
            ],
            [
              24.052637,
              50.508447
            ],
            [
              24.089941,
              50.530469
            ],
            [
              24.092225760728677,
              50.57179710401236
            ],
            [
              24.085279,
              50.604406
            ],
            [
              24.09459525181555,
              50.61465786088087
            ],
            [
              24.094727,
              50.617041
            ],
            [
              24.047691570310914,
              50.71974055643869
            ],
            [
              24.026884,
              50.728016
            ],
            [
              24.026316,
              50.728634
            ],
            [
              23.595835,
              50.728634
            ],
            [
              22.401757,
              50.38604
            ],
            [
              20.745455,
              50.139805
            ],
            [
              19.089153,
              49.941899
            ],
            [
              18.203224,
              49.693369
            ],
            [
              17.856556,
              49.293063
            ]
          ]
        ]
      }
    }
  ]
}