{
  "type": "FeatureCollection",
  "features": [
    {
      "type": "Feature",
      "properties": {
        "fid": null,
        "prob": 3,
        "warning": 0,
        "date": "1",
        "kind": "outlook",
        "hazard": "general",
        "title": "",
        "description": "",
        "hatched": false,
        "doubleHatch": false,
        "probability": "<5",
        "intensity": "2",
        "riskLabel": "T-Storm Risk"
      },
      "geometry": {
        "type": "MultiPolygon",
        "coordinates": [
          [
            [
              [
                9.273464,
                47.649984
              ],
              [
                9.547482,
                47.534547
              ],
              [
                9.553059,
                47.516891
              ],
              [
                9.554951,
                47.5109
              ],
              [
                9.555223032033767,
                47.51062226209456
              ],
              [
                9.625879,
                47.467041
              ],
              [
                9.625813869124642,
                47.46674923911499
              ],
              [
                9.650346,
                47.452092
              ],
              [
                9.649519,
                47.409717
              ],
              [
                9.639804,
                47.394524
              ],
              [
                9.601047,
                47.36127
              ],
              [
                9.596396,
                47.352305
              ],
              [
                9.591228,
                47.334683
              ],
              [
                9.587404,
                47.32781
              ],
              [
                9.553298,
                47.299853
              ],
              [
                9.527007934981821,
                47.26954781725248
              ],
              [
                9.523148347760625,
                47.260796255418754
              ],
              [
                9.53025,
                47.253654
              ],
              [
                9.547096,
                47.243035
              ],
              [
                9.540378,
                47.229108
              ],
              [
                9.544823,
                47.220323
              ],
              [
                9.554331,
                47.211615
              ],
              [
                9.562909,
                47.19774
              ],
              [
                9.561876,
                47.190609
              ],
              [
                9.551954,
                47.175571
              ],
              [
                9.552057,
                47.16689
              ],
              [
                9.581823,
                47.154901
              ],
              [
                9.605594,
                47.132266
              ],
              [
                9.615723,
                47.106764
              ],
              [
                9.608798,
                47.080771
              ],
              [
                9.581788064301476,
                47.05737674476788
              ],
              [
                9.619922,
                47.057471
              ],
              [
                9.629162737235687,
                47.05596690008159
              ],
              [
                9.65231,
                47.05793
              ],
              [
                9.669053,
                47.056199
              ],
              [
                9.857982,
                47.015478
              ],
              [
                9.856328,
                47.004083
              ],
              [
                9.860566,
                47.001602
              ],
              [
                9.866767,
                47.001938
              ],
              [
                9.870591,
                46.998838
              ],
              [
                9.870591,
                46.992947
              ],
              [
                9.866457,
                46.983387
              ],
              [
                9.86543115692306,
                46.97368593983428
              ],
              [
                9.877734,
                46.937695
              ],
              [
                9.961957980554077,
                46.900692324060216
              ],
              [
                10.006913,
                46.890757
              ],
              [
                10.026441844386543,
                46.878028946586895
              ],
              [
                10.133496,
                46.851514
              ],
              [
                10.179785,
                46.862354
              ],
              [
                10.214617473242596,
                46.88749069664133
              ],
              [
                10.215169,
                46.893108
              ],
              [
                10.219924,
                46.905769
              ],
              [
                10.235116,
                46.923313
              ],
              [
                10.251343,
                46.92538
              ],
              [
                10.263978349906715,
                46.9231117498469
              ],
              [
                10.304626398619469,
                46.95244523020124
              ],
              [
                10.313665,
                46.964318
              ],
              [
                10.338883,
                46.98411
              ],
              [
                10.367925,
                46.995505
              ],
              [
                10.373403,
                46.996254
              ],
              [
                10.378984,
                46.995505
              ],
              [
                10.384255,
                46.993153
              ],
              [
                10.384358,
                46.993153
              ],
              [
                10.384358,
                46.992998
              ],
              [
                10.394693,
                46.985402
              ],
              [
                10.413291725291666,
                46.96491649914709
              ],
              [
                10.414941,
                46.964404
              ],
              [
                10.416452543158307,
                46.96192637913041
              ],
              [
                10.449574,
                46.943906
              ],
              [
                10.458462,
                46.936619
              ],
              [
                10.463836,
                46.919747
              ],
              [
                10.454293744778495,
                46.89360466766158
              ],
              [
                10.453121504501043,
                46.870617956009355
              ],
              [
                10.453793310547775,
                46.86458583297384
              ],
              [
                10.479395,
                46.855127
              ],
              [
                10.579785,
                46.853711
              ],
              [
                10.582391366323305,
                46.853536627990906
              ],
              [
                10.629408,
                46.862412
              ],
              [
                10.647081,
                46.863756
              ],
              [
                10.662481,
                46.860965
              ],
              [
                10.738962,
                46.829546
              ],
              [
                10.748677,
                46.819443
              ],
              [
                10.743819,
                46.812518
              ],
              [
                10.738319605654972,
                46.80945510884236
              ],
              [
                10.759766,
                46.793311
              ],
              [
                10.815596836548929,
                46.77872182262179
              ],
              [
                10.823918,
                46.78035
              ],
              [
                10.83415,
                46.780246
              ],
              [
                10.843141,
                46.777043
              ],
              [
                10.848099179825018,
                46.774120540541745
              ],
              [
                10.906641070923248,
                46.770693831582726
              ],
              [
                10.913731,
                46.77234
              ],
              [
                10.930888,
                46.773994
              ],
              [
                10.953506337537855,
                46.7724666290586
              ],
              [
                10.993262,
                46.777002
              ],
              [
                11.025098,
                46.796973
              ],
              [
                11.063477,
                46.859131
              ],
              [
                11.075194583054895,
                46.871953773639575
              ],
              [
                11.083643,
                46.900136
              ],
              [
                11.091912,
                46.912435
              ],
              [
                11.156611,
                46.956515
              ],
              [
                11.174491,
                46.963853
              ],
              [
                11.243737,
                46.979252
              ],
              [
                11.31381,
                46.987262
              ],
              [
                11.349467,
                46.98194
              ],
              [
                11.35524148508711,
                46.980011954206184
              ],
              [
                11.429960718165857,
                46.98293036191873
              ],
              [
                11.445172,
                46.992998
              ],
              [
                11.445275,
                46.993102
              ],
              [
                11.452923,
                47.000879
              ],
              [
                11.461812,
                47.005504
              ],
              [
                11.471837,
                47.00708
              ],
              [
                11.489407,
                47.004212
              ],
              [
                11.495918,
                47.001602
              ],
              [
                11.501706,
                46.997856
              ],
              [
                11.505780235623686,
                46.99410099399358
              ],
              [
                11.527539,
                46.997412
              ],
              [
                11.563670311161223,
                46.99710583058261
              ],
              [
                11.572709,
                46.998915
              ],
              [
                11.59648,
                47.00044
              ],
              [
                11.624036478368543,
                46.9965942999005
              ],
              [
                11.625488,
                46.996582
              ],
              [
                11.634295115609357,
                46.99516263502191
              ],
              [
                11.64795,
                46.993257
              ],
              [
                11.648467,
                46.993257
              ],
              [
                11.649707,
                46.992998
              ],
              [
                11.657252,
                46.992533
              ],
              [
                11.664797,
                46.993257
              ],
              [
                11.683814,
                46.991913
              ],
              [
                11.69745436688404,
                46.98498381674842
              ],
              [
                11.699414,
                46.984668
              ],
              [
                11.771947574629108,
                46.98601463093844
              ],
              [
                11.777141,
                46.988296
              ],
              [
                11.787958419367222,
                46.989478782717995
              ],
              [
                11.844170466110452,
                47.00502556168308
              ],
              [
                11.857033,
                47.012015
              ],
              [
                11.899511,
                47.027725
              ],
              [
                11.943643,
                47.038164
              ],
              [
                11.966706976413366,
                47.038915949085876
              ],
              [
                11.969531,
                47.039697
              ],
              [
                12.0764755863697,
                47.06239737312516
              ],
              [
                12.116242,
                47.076559
              ],
              [
                12.133146,
                47.078832
              ],
              [
                12.180631,
                47.085215
              ],
              [
                12.204195,
                47.079686
              ],
              [
                12.203897,
                47.067012
              ],
              [
                12.203575,
                47.053331
              ],
              [
                12.182284,
                47.033616
              ],
              [
                12.164432587820704,
                47.02680750369973
              ],
              [
                12.130762,
                46.984766
              ],
              [
                12.154102,
                46.935254
              ],
              [
                12.221644285207233,
                46.87631384025559
              ],
              [
                12.250807,
                46.875615
              ],
              [
                12.26662,
                46.868148
              ],
              [
                12.275819,
                46.846289
              ],
              [
                12.276129,
                46.83399
              ],
              [
                12.274008062650184,
                46.82849197716735
              ],
              [
                12.319196141271329,
                46.77314278331294
              ],
              [
                12.326048,
                46.772495
              ],
              [
                12.342688,
                46.765131
              ],
              [
                12.351473,
                46.743246
              ],
              [
                12.357702598348416,
                46.7326763668923
              ],
              [
                12.388281,
                46.702637
              ],
              [
                12.469067276369122,
                46.67586729380131
              ],
              [
                12.469632,
                46.675799
              ],
              [
                12.499888,
                46.672139
              ],
              [
                12.508858952705285,
                46.66793860149205
              ],
              [
                12.59689133257266,
                46.654370437915524
              ],
              [
                12.62019,
                46.656481
              ],
              [
                12.669593,
                46.653019
              ],
              [
                12.671368,
                46.652466
              ],
              [
                12.679205,
                46.650022
              ],
              [
                12.681857686106852,
                46.64863907408734
              ],
              [
                12.699805,
                46.647461
              ],
              [
                12.729097810393753,
                46.64148339545846
              ],
              [
                12.732018,
                46.64227
              ],
              [
                12.739873,
                46.642994
              ],
              [
                12.7485,
                46.640996
              ],
              [
                12.773566,
                46.635191
              ],
              [
                12.784898615230167,
                46.63009646672311
              ],
              [
                12.805566,
                46.625879
              ],
              [
                12.960340584592947,
                46.60319747296194
              ],
              [
                13.064504,
                46.598035
              ],
              [
                13.146463,
                46.584961
              ],
              [
                13.1770681384306,
                46.57198504147814
              ],
              [
                13.331062592943322,
                46.55956352524155
              ],
              [
                13.373323,
                46.565789
              ],
              [
                13.417041,
                46.560492
              ],
              [
                13.478019,
                46.563567
              ],
              [
                13.484944,
                46.561733
              ],
              [
                13.493556380612393,
                46.55497460173852
              ],
              [
                13.547630264332065,
                46.54588283591976
              ],
              [
                13.549229,
                46.545842
              ],
              [
                13.553297778927744,
                46.54492992275848
              ],
              [
                13.7,
                46.520264
              ],
              [
                13.705971123289638,
                46.519454579555436
              ],
              [
                13.716093,
                46.518867
              ],
              [
                13.74038698767152,
                46.51478930923747
              ],
              [
                13.743945,
                46.514307
              ],
              [
                13.826695152165707,
                46.51139380230411
              ],
              [
                13.860683,
                46.51525
              ],
              [
                13.890862,
                46.511787
              ],
              [
                13.936813307522721,
                46.496781537932435
              ],
              [
                14.016509144670213,
                46.482728148459664
              ],
              [
                14.032456,
                46.484709
              ],
              [
                14.050026,
                46.484399
              ],
              [
                14.066355,
                46.48104
              ],
              [
                14.081032,
                46.47595
              ],
              [
                14.10594291058455,
                46.46110172730894
              ],
              [
                14.178390097307105,
                46.45195109917547
              ],
              [
                14.372886,
                46.501723
              ],
              [
                16.674332,
                47.848765
              ],
              [
                18.432382,
                49.036135
              ],
              [
                19.26346,
                50.583032
              ],
              [
                21.646995,
                53.36112
              ],
              [
                22.330769,
                54.354387
              ],
              [
                22.27712,
                54.356063
              ],
              [
                21.720772,
                54.373271
              ],
              [
                21.287413,
                54.386759
              ],
              [
                20.929606,
                54.397818
              ],
              [
                20.640838,
                54.406784
              ],
              [
                20.35207,
                54.415749
              ],
              [
                19.964703,
                54.427842
              ],
              [
                19.758256,
                54.434256
              ],
              [
                19.680276,
                54.436678
              ],
              [
                19.63077,
                54.446652
              ],
              [
                19.609548,
                54.456732
              ],
              [
                19.59254,
                54.452379
              ],
              [
                19.531016,
                54.414944
              ],
              [
                19.499278,
                54.406399
              ],
              [
                19.459972,
                54.401028
              ],
              [
                19.407289376233678,
                54.3861348659289
              ],
              [
                19.407129,
                54.386084
              ],
              [
                19.407100859479893,
                54.38608157311453
              ],
              [
                19.377208,
                54.377631
              ],
              [
                19.002126,
                54.344916
              ],
              [
                18.978334784395003,
                54.34910407045588
              ],
              [
                18.97627,
                54.348926
              ],
              [
                18.940688873608092,
                54.35418108841637
              ],
              [
                18.923188,
                54.348538
              ],
              [
                18.885916,
                54.350165
              ],
              [
                18.717296,
                54.382025
              ],
              [
                18.70045,
                54.395819
              ],
              [
                18.694347,
                54.404527
              ],
              [
                18.680024,
                54.40998
              ],
              [
                18.663341,
                54.412991
              ],
              [
                18.649913,
                54.413804
              ],
              [
                18.634288,
                54.416938
              ],
              [
                18.60377,
                54.430609
              ],
              [
                18.588064,
                54.433661
              ],
              [
                18.574067,
                54.450385
              ],
              [
                18.567556,
                54.48786
              ],
              [
                18.566742,
                54.527411
              ],
              [
                18.569005755663206,
                54.54070788474914
              ],
              [
                18.50761294756372,
                54.63504217287772
              ],
              [
                18.506358,
                54.634101
              ],
              [
                18.487315,
                54.631781
              ],
              [
                18.475922,
                54.640082
              ],
              [
                18.481944,
                54.659613
              ],
              [
                18.470388,
                54.666734
              ],
              [
                18.470063,
                54.673285
              ],
              [
                18.473888,
                54.679918
              ],
              [
                18.474351627338844,
                54.68615048772375
              ],
              [
                18.468725048026165,
                54.694796115289776
              ],
              [
                18.459809,
                54.706041
              ],
              [
                18.448224,
                54.717782
              ],
              [
                17.214773,
                53.952689
              ],
              [
                15.577646,
                53.050217
              ],
              [
                12.998411,
                51.765325
              ],
              [
                11.496078,
                50.704651
              ],
              [
                9.929815,
                49.015175
              ],
              [
                9.273464,
                47.649984
              ]
            ]
          ],
          [
            [
              [
                18.516661,
                54.760233
              ],
              [
                18.556977,
                54.74901
              ],
              [
                18.61671,
                54.725246
              ],
              [
                18.64503,
                54.71955
              ],
              [
                18.654552,
                54.71015
              ],
              [
                18.663422,
                54.707994
              ],
              [
                18.698497,
                54.703803
              ],
              [
                18.707774,
                54.701239
              ],
              [
                18.755382,
                54.654486
              ],
              [
                18.771821,
                54.642279
              ],
              [
                18.773087683346517,
                54.64033253926321
              ],
              [
                18.799609,
                54.63335
              ],
              [
                18.75960592158765,
                54.68415228295846
              ],
              [
                18.758822670625598,
                54.68474203300016
              ],
              [
                18.670102485849718,
                54.71833616188956
              ],
              [
                18.528257,
                54.767426
              ],
              [
                18.516661,
                54.760233
              ]
            ]
          ]
        ]
      }
    },
    {
      "type": "Feature",
      "properties": {
        "fid": null,
        "prob": 5,
        "warning": 0,
        "date": "1",
        "kind": "outlook",
        "hazard": "general",
        "title": "",
        "description": "",
        "hatched": false,
        "doubleHatch": false,
        "probability": ">50",
        "intensity": "2",
        "riskLabel": "General Risk"
      },
      "geometry": {
        "type": "Polygon",
        "coordinates": [
          [
            [
              10.505177,
              47.244655
            ],
            [
              11.119436,
              46.931187
            ],
            [
              11.156611,
              46.956515
            ],
            [
              11.174491,
              46.963853
            ],
            [
              11.243737,
              46.979252
            ],
            [
              11.31381,
              46.987262
            ],
            [
              11.349467,
              46.98194
            ],
            [
              11.35524148508711,
              46.980011954206184
            ],
            [
              11.429960718165857,
              46.98293036191873
            ],
            [
              11.445172,
              46.992998
            ],
            [
              11.445275,
              46.993102
            ],
            [
              11.452923,
              47.000879
            ],
            [
              11.461812,
              47.005504
            ],
            [
              11.471837,
              47.00708
            ],
            [
              11.489407,
              47.004212
            ],
            [
              11.495918,
              47.001602
            ],
            [
              11.501706,
              46.997856
            ],
            [
              11.505780235623686,
              46.99410099399358
            ],
            [
              11.527539,
              46.997412
            ],
            [
              11.563670311161223,
              46.99710583058261
            ],
            [
              11.572709,
              46.998915
            ],
            [
              11.59648,
              47.00044
            ],
            [
              11.624036478368543,
              46.9965942999005
            ],
            [
              11.625488,
              46.996582
            ],
            [
              11.634295115609357,
              46.99516263502191
            ],
            [
              11.64795,
              46.993257
            ],
            [
              11.648467,
              46.993257
            ],
            [
              11.649707,
              46.992998
            ],
            [
              11.657252,
              46.992533
            ],
            [
              11.664797,
              46.993257
            ],
            [
              11.683814,
              46.991913
            ],
            [
              11.69745436688404,
              46.98498381674842
            ],
            [
              11.699414,
              46.984668
            ],
            [
              11.771947574629108,
              46.98601463093844
            ],
            [
              11.777141,
              46.988296
            ],
            [
              11.787958419367222,
              46.989478782717995
            ],
            [
              11.844170466110452,
              47.00502556168308
            ],
            [
              11.857033,
              47.012015
            ],
            [
              11.899511,
              47.027725
            ],
            [
              11.943643,
              47.038164
            ],
            [
              11.966706976413366,
              47.038915949085876
            ],
            [
              11.969531,
              47.039697
            ],
            [
              12.0764755863697,
              47.06239737312516
            ],
            [
              12.116242,
              47.076559
            ],
            [
              12.133146,
              47.078832
            ],
            [
              12.180631,
              47.085215
            ],
            [
              12.204195,
              47.079686
            ],
            [
              12.203897,
              47.067012
            ],
            [
              12.203575,
              47.053331
            ],
            [
              12.182284,
              47.033616
            ],
            [
              12.164432587820704,
              47.02680750369973
            ],
            [
              12.130762,
              46.984766
            ],
            [
              12.154102,
              46.935254
            ],
            [
              12.221644285207233,
              46.87631384025559
            ],
            [
              12.250807,
              46.875615
            ],
            [
              12.26662,
              46.868148
            ],
            [
              12.275819,
              46.846289
            ],
            [
              12.276129,
              46.83399
            ],
            [
              12.274008062650184,
              46.82849197716735
            ],
            [
              12.319196141271329,
              46.77314278331294
            ],
            [
              12.326048,
              46.772495
            ],
            [
              12.342688,
              46.765131
            ],
            [
              12.351473,
              46.743246
            ],
            [
              12.357702598348416,
              46.7326763668923
            ],
            [
              12.388281,
              46.702637
            ],
            [
              12.469067276369122,
              46.67586729380131
            ],
            [
              12.469632,
              46.675799
            ],
            [
              12.499888,
              46.672139
            ],
            [
              12.508858952705285,
              46.66793860149205
            ],
            [
              12.59689133257266,
              46.654370437915524
            ],
            [
              12.62019,
              46.656481
            ],
            [
              12.669593,
              46.653019
            ],
            [
              12.671368,
              46.652466
            ],
            [
              12.679205,
              46.650022
            ],
            [
              12.681857686106852,
              46.64863907408734
            ],
            [
              12.699805,
              46.647461
            ],
            [
              12.729097810393753,
              46.64148339545846
            ],
            [
              12.732018,
              46.64227
            ],
            [
              12.739873,
              46.642994
            ],
            [
              12.7485,
              46.640996
            ],
            [
              12.773566,
              46.635191
            ],
            [
              12.784898615230167,
              46.63009646672311
            ],
            [
              12.805566,
              46.625879
            ],
            [
              12.891852338525531,
              46.61323412083312
            ],
            [
              14.436815,
              47.26635
            ],
            [
              15.971113,
              48.699718
            ],
            [
              17.377552,
              50.318442
            ],
            [
              17.793091,
              51.187986
            ],
            [
              17.997371,
              52.259695
            ],
            [
              17.656315,
              52.530958
            ],
            [
              16.943394,
              52.482744
            ],
            [
              15.929462,
              52.231175
            ],
            [
              14.596638,
              51.646475
            ],
            [
              12.263226,
              50.562731
            ],
            [
              11.560007,
              49.577994
            ],
            [
              10.505177,
              47.244655
            ]
          ]
        ]
      }
    },
    {
      "type": "Feature",
      "properties": {
        "fid": null,
        "prob": 15,
        "warning": 0,
        "date": "1",
        "kind": "outlook",
        "hazard": "general",
        "title": "",
        "description": "",
        "hatched": false,
        "doubleHatch": false,
        "probability": ">50",
        "intensity": "3",
        "riskLabel": "Slight Risk"
      },
      "geometry": {
        "type": "Polygon",
        "coordinates": [
          [
            [
              11.719829,
              47.934499
            ],
            [
              11.943581,
              47.417968
            ],
            [
              13.06234,
              47.26635
            ],
            [
              14.245028,
              47.784372
            ],
            [
              15.140035,
              48.530661
            ],
            [
              15.907184,
              49.224376
            ],
            [
              16.674332,
              50.072891
            ],
            [
              17.089871,
              50.906652
            ],
            [
              16.993978,
              51.268054
            ],
            [
              16.354687,
              51.527313
            ],
            [
              15.140035,
              51.427772
            ],
            [
              13.541808,
              50.866322
            ],
            [
              12.295191,
              49.743522
            ],
            [
              11.815723,
              48.762969
            ],
            [
              11.719829,
              47.934499
            ]
          ]
        ]
      }
    },
    {
      "type": "Feature",
      "properties": {
        "fid": null,
        "prob": 30,
        "warning": 0,
        "date": "1",
        "kind": "outlook",
        "hazard": "general",
        "title": "",
        "description": "",
        "hatched": false,
        "doubleHatch": false,
        "probability": ">50",
        "intensity": "4",
        "riskLabel": "Enhanced Risk"
      },
      "geometry": {
        "type": "Polygon",
        "coordinates": [
          [
            [
              13.418861,
              50.346065
            ],
            [
              13.691773,
              50.063257
            ],
            [
              14.354558,
              49.84586
            ],
            [
              15.39422,
              49.719993
            ],
            [
              16.468114,
              49.973548
            ],
            [
              16.721597,
              50.399589
            ],
            [
              16.927551,
              50.901832
            ],
            [
              16.816653,
              51.180746
            ],
            [
              16.325529,
              51.369053
            ],
            [
              15.691822,
              51.398716
            ],
            [
              15.108313,
              51.265844
            ],
            [
              14.172617,
              50.947618
            ],
            [
              13.587807,
              50.668401
            ],
            [
              13.418861,
              50.346065
            ]
          ]
        ]
      }
    },
    {
      "type": "Feature",
      "properties": {
        "fid": null,
        "prob": 3,
        "warning": 0,
        "date": "1",
        "kind": "outlook",
        "hazard": "general",
        "title": "",
        "description": "",
        "hatched": false,
        "doubleHatch": false,
        "probability": "5",
        "intensity": "1",
        "riskLabel": "T-Storm Risk"
      },
      "geometry": {
        "type": "MultiPolygon",
        "coordinates": [
          [
            [
              [
                5.85752,
                51.030127
              ],
              [
                5.867188,
                51.005664
              ],
              [
                5.894727,
                50.984229
              ],
              [
                5.931643189820051,
                50.977329120608275
              ],
              [
                5.94158,
                50.976476
              ],
              [
                5.967832,
                50.970998
              ],
              [
                6.003695,
                50.973737
              ],
              [
                6.005762,
                50.968518
              ],
              [
                5.999664,
                50.960095
              ],
              [
                5.9970086449678535,
                50.95431765850746
              ],
              [
                6.006836,
                50.949951
              ],
              [
                6.041461680804491,
                50.9124405393852
              ],
              [
                6.063743,
                50.90754
              ],
              [
                6.061779,
                50.903509
              ],
              [
                6.056508,
                50.898083
              ],
              [
                6.054648,
                50.891468
              ],
              [
                6.063123,
                50.870901
              ],
              [
                6.062813,
                50.862943
              ],
              [
                6.056715,
                50.852659
              ],
              [
                6.045553,
                50.844184
              ],
              [
                6.027374643295598,
                50.8451852578523
              ],
              [
                5.995936246640066,
                50.75608258901287
              ],
              [
                5.99491,
                50.749927
              ],
              [
                5.99454991797653,
                50.74952185329766
              ],
              [
                6.0005082528152585,
                50.74048812085652
              ],
              [
                6.010826,
                50.737059
              ],
              [
                6.0112180103322475,
                50.72977079243025
              ],
              [
                6.049533157899713,
                50.71188260184558
              ],
              [
                6.064363,
                50.714477
              ],
              [
                6.081003,
                50.713495
              ],
              [
                6.100227,
                50.701299
              ],
              [
                6.161102,
                50.642181
              ],
              [
                6.153099261039417,
                50.63892420396009
              ],
              [
                6.154492,
                50.637256
              ],
              [
                6.198719554447917,
                50.615222048065235
              ],
              [
                6.249055,
                50.614431
              ],
              [
                6.251329,
                50.608437
              ],
              [
                6.244301,
                50.599548
              ],
              [
                6.232932,
                50.590763
              ],
              [
                6.232932,
                50.587146
              ],
              [
                6.2139014794173155,
                50.57992132422782
              ],
              [
                6.168457,
                50.545361
              ],
              [
                6.174093704600976,
                50.532799625235334
              ],
              [
                6.177328,
                50.530198
              ],
              [
                6.1758925023545705,
                50.52879101128298
              ],
              [
                6.178711,
                50.52251
              ],
              [
                6.18607103070737,
                50.515430556085924
              ],
              [
                6.190557,
                50.515212
              ],
              [
                6.18855516557128,
                50.513041124011075
              ],
              [
                6.203027,
                50.499121
              ],
              [
                6.2490070587381075,
                50.49230467332075
              ],
              [
                6.250915,
                50.492681
              ],
              [
                6.253086,
                50.494077
              ],
              [
                6.255566,
                50.494593
              ],
              [
                6.25784,
                50.494077
              ],
              [
                6.260114,
                50.492681
              ],
              [
                6.273096052765195,
                50.488733593657756
              ],
              [
                6.294922,
                50.485498
              ],
              [
                6.295487525002419,
                50.48508316363202
              ],
              [
                6.318715,
                50.481674
              ],
              [
                6.336905,
                50.481003
              ],
              [
                6.325743,
                50.474026
              ],
              [
                6.323262,
                50.466016
              ],
              [
                6.323812549796364,
                50.46430556695953
              ],
              [
                6.340918,
                50.451758
              ],
              [
                6.3416654881284416,
                50.437673836339236
              ],
              [
                6.347343,
                50.436974
              ],
              [
                6.351167,
                50.433564
              ],
              [
                6.350444,
                50.416872
              ],
              [
                6.3444436246379725,
                50.397044087360705
              ],
              [
                6.356879320570563,
                50.34677639900899
              ],
              [
                6.372458,
                50.329436
              ],
              [
                6.3734,
                50.32308
              ],
              [
                6.374525,
                50.315483
              ],
              [
                6.362019,
                50.306956
              ],
              [
                6.336936337735027,
                50.304028540453245
              ],
              [
                6.268594739571601,
                50.27389334423316
              ],
              [
                6.271792,
                50.267424
              ],
              [
                6.253396,
                50.256778
              ],
              [
                6.213447572292516,
                50.24957622623187
              ],
              [
                6.182973000699033,
                50.236138477929636
              ],
              [
                6.179808,
                50.233007
              ],
              [
                6.173692442288546,
                50.23022860113339
              ],
              [
                6.159252895884939,
                50.205188765521
              ],
              [
                6.160171,
                50.204534
              ],
              [
                6.165752,
                50.193165
              ],
              [
                6.165132,
                50.181899
              ],
              [
                6.159138,
                50.172443
              ],
              [
                6.151696,
                50.169342
              ],
              [
                6.138177282127011,
                50.16864122523283
              ],
              [
                6.1227406590868245,
                50.141872343958276
              ],
              [
                6.125962,
                50.140196
              ],
              [
                6.129476,
                50.134047
              ],
              [
                6.126582,
                50.127329
              ],
              [
                6.117487,
                50.120456
              ],
              [
                6.114291918704855,
                50.11378024097336
              ],
              [
                6.108301,
                50.094238
              ],
              [
                6.109050935447255,
                50.063594050731055
              ],
              [
                6.109425,
                50.06356
              ],
              [
                6.109059591322946,
                50.0632403533341
              ],
              [
                6.1095879430540965,
                50.04165078358539
              ],
              [
                6.113766,
                50.036378
              ],
              [
                6.119967,
                50.015501
              ],
              [
                6.119526521009321,
                50.013746977926004
              ],
              [
                6.13323926358367,
                49.984766275333534
              ],
              [
                6.138777,
                49.979328
              ],
              [
                6.14452750157145,
                49.968687698533756
              ],
              [
                6.1668987619345135,
                49.948838693046035
              ],
              [
                6.172677,
                49.956228
              ],
              [
                6.189834,
                49.938297
              ],
              [
                6.204486159848836,
                49.91548909828192
              ],
              [
                6.204883,
                49.915137
              ],
              [
                6.256055,
                49.872168
              ],
              [
                6.257832834191841,
                49.87127908290408
              ],
              [
                6.272206,
                49.867138
              ],
              [
                6.286779,
                49.86104
              ],
              [
                6.291533,
                49.855563
              ],
              [
                6.292461225986409,
                49.853964887006796
              ],
              [
                6.322286632695756,
                49.83905218365212
              ],
              [
                6.325639,
                49.84037
              ],
              [
                6.334424,
                49.840215
              ],
              [
                6.344238,
                49.836205
              ],
              [
                8.299624,
                50.866322
              ],
              [
                11.144468,
                53.109752
              ],
              [
                11.565542553776034,
                54.029618643070854
              ],
              [
                11.49593061206264,
                53.98636675198502
              ],
              [
                11.495942,
                53.986314
              ],
              [
                11.497895,
                53.981838
              ],
              [
                11.489513,
                53.980618
              ],
              [
                11.479828,
                53.976142
              ],
              [
                11.472423,
                53.968817
              ],
              [
                11.476817,
                53.952704
              ],
              [
                11.469086,
                53.932766
              ],
              [
                11.458995,
                53.916693
              ],
              [
                11.457693,
                53.906155
              ],
              [
                11.4463,
                53.906155
              ],
              [
                11.438731,
                53.909125
              ],
              [
                11.400401,
                53.93773
              ],
              [
                11.399913,
                53.940863
              ],
              [
                11.358246,
                53.940863
              ],
              [
                11.352061,
                53.944159
              ],
              [
                11.34271491561437,
                53.95706523706851
              ],
              [
                11.330801832823072,
                53.9596692674068
              ],
              [
                11.293712,
                53.940863
              ],
              [
                11.285411,
                53.939683
              ],
              [
                11.255626,
                53.940863
              ],
              [
                11.242931,
                53.945217
              ],
              [
                11.240733,
                53.955634
              ],
              [
                11.245356994003473,
                53.97834629302935
              ],
              [
                11.104297,
                54.00918
              ],
              [
                11.04076340869417,
                54.00445629771917
              ],
              [
                11.000255,
                53.991604
              ],
              [
                10.981212,
                53.989244
              ],
              [
                10.964692,
                53.985419
              ],
              [
                10.935395,
                53.967271
              ],
              [
                10.922618,
                53.961371
              ],
              [
                10.917654,
                53.960761
              ],
              [
                10.906016,
                53.961208
              ],
              [
                10.90211,
                53.961371
              ],
              [
                10.88738,
                53.963935
              ],
              [
                10.883556,
                53.973131
              ],
              [
                10.882579,
                53.985053
              ],
              [
                10.875499,
                53.995429
              ],
              [
                10.865571,
                53.997789
              ],
              [
                10.826915,
                53.995429
              ],
              [
                10.799653,
                54.000556
              ],
              [
                10.780447,
                54.009955
              ],
              [
                10.76588,
                54.024359
              ],
              [
                10.752615,
                54.043891
              ],
              [
                10.752615,
                54.050116
              ],
              [
                10.762869,
                54.05683
              ],
              [
                10.801443,
                54.092231
              ],
              [
                10.805431,
                54.094875
              ],
              [
                10.813324,
                54.097886
              ],
              [
                10.822276,
                54.097357
              ],
              [
                10.829356,
                54.092841
              ],
              [
                10.836111,
                54.089993
              ],
              [
                10.844574,
                54.094468
              ],
              [
                10.846721895705302,
                54.094423464084954
              ],
              [
                11.008594,
                54.181152
              ],
              [
                11.064355,
                54.280518
              ],
              [
                11.015434116088107,
                54.37517361483831
              ],
              [
                11.010509,
                54.377183
              ],
              [
                10.993175,
                54.373847
              ],
              [
                10.98054256455014,
                54.377167988135746
              ],
              [
                10.955957,
                54.375684
              ],
              [
                10.845859595968564,
                54.34653061323641
              ],
              [
                10.810802,
                54.327379
              ],
              [
                10.77711,
                54.315131
              ],
              [
                10.731293,
                54.310207
              ],
              [
                10.690196,
                54.31623
              ],
              [
                10.629099943089617,
                54.34995826501385
              ],
              [
                10.510686943922527,
                54.38890978351948
              ],
              [
                10.44337,
                54.406399
              ],
              [
                10.409996838681426,
                54.42203142155938
              ],
              [
                10.360449,
                54.43833
              ],
              [
                10.277204736244133,
                54.42180226293785
              ],
              [
                10.272146,
                54.420071
              ],
              [
                10.266803094629442,
                54.41973706841434
              ],
              [
                10.221778112308147,
                54.41079758074926
              ],
              [
                10.217133,
                54.405422
              ],
              [
                10.203868,
                54.37226
              ],
              [
                10.180349,
                54.341132
              ],
              [
                10.163748,
                54.329169
              ],
              [
                10.141775,
                54.324408
              ],
              [
                10.151622,
                54.33397
              ],
              [
                10.155528,
                54.343411
              ],
              [
                10.152517,
                54.351793
              ],
              [
                10.141775,
                54.358588
              ],
              [
                10.148285,
                54.36518
              ],
              [
                10.147797,
                54.368313
              ],
              [
                10.144379,
                54.370022
              ],
              [
                10.141775,
                54.37226
              ],
              [
                10.159028,
                54.375312
              ],
              [
                10.177094,
                54.384263
              ],
              [
                10.191254,
                54.396715
              ],
              [
                10.197032,
                54.410102
              ],
              [
                10.191742,
                54.426174
              ],
              [
                10.185934328013403,
                54.435186082413765
              ],
              [
                10.170801,
                54.450195
              ],
              [
                10.143457,
                54.488428
              ],
              [
                10.021167590030002,
                54.48132261614967
              ],
              [
                9.883311,
                54.462104
              ],
              [
                9.840099,
                54.475287
              ],
              [
                9.840099,
                54.482123
              ],
              [
                9.882009,
                54.484849
              ],
              [
                9.89389181843988,
                54.487116053477614
              ],
              [
                9.941309,
                54.514648
              ],
              [
                10.028809,
                54.581299
              ],
              [
                10.02227479024295,
                54.67243651651352
              ],
              [
                10.022146,
                54.672431
              ],
              [
                10.011404,
                54.66706
              ],
              [
                9.996349,
                54.678778
              ],
              [
                9.970225,
                54.677924
              ],
              [
                9.944102,
                54.673326
              ],
              [
                9.929454,
                54.673896
              ],
              [
                9.929942,
                54.683092
              ],
              [
                9.932384,
                54.685248
              ],
              [
                9.936697,
                54.685004
              ],
              [
                9.943126,
                54.687567
              ],
              [
                9.9463,
                54.687649
              ],
              [
                9.971039,
                54.699042
              ],
              [
                9.97047,
                54.701239
              ],
              [
                9.979828,
                54.699774
              ],
              [
                9.992198,
                54.696479
              ],
              [
                9.998725638163961,
                54.6959952695323
              ],
              [
                9.953809,
                54.738281
              ],
              [
                9.893408313933778,
                54.77984205981288
              ],
              [
                9.895356,
                54.769477
              ],
              [
                9.849864,
                54.759345
              ],
              [
                9.823741,
                54.756741
              ],
              [
                9.812185,
                54.766059
              ],
              [
                9.801768,
                54.783393
              ],
              [
                9.778087,
                54.793158
              ],
              [
                9.752126,
                54.799628
              ],
              [
                9.73463,
                54.807318
              ],
              [
                9.693044,
                54.81802
              ],
              [
                9.631602,
                54.819892
              ],
              [
                9.583181,
                54.830268
              ],
              [
                9.581306858776967,
                54.85100158692516
              ],
              [
                9.554854785761794,
                54.847615161316675
              ],
              [
                9.554373,
                54.847113
              ],
              [
                9.529959,
                54.841498
              ],
              [
                9.510997,
                54.827826
              ],
              [
                9.451427,
                54.81037
              ],
              [
                9.437503,
                54.810411
              ],
              [
                9.436922,
                54.810144
              ],
              [
                9.422143,
                54.80725
              ],
              [
                9.405193,
                54.808387
              ],
              [
                9.38991024498601,
                54.816733595437086
              ],
              [
                9.341992,
                54.806299
              ],
              [
                9.337296095048526,
                54.80639123212387
              ],
              [
                9.332019,
                54.803219
              ],
              [
                9.317033,
                54.801617
              ],
              [
                9.244066,
                54.801772
              ],
              [
                9.226392,
                54.805906
              ],
              [
                9.219054,
                54.817792
              ],
              [
                9.216806836078497,
                54.82825402142033
              ],
              [
                9.18584,
                54.844678
              ],
              [
                9.041917733200478,
                54.87125663897073
              ],
              [
                8.982686,
                54.879339
              ],
              [
                8.927930678397155,
                54.89230703544047
              ],
              [
                8.90293,
                54.896924
              ],
              [
                8.857227,
                54.901123
              ],
              [
                8.791943545517828,
                54.901891950641726
              ],
              [
                8.732779,
                54.889054
              ],
              [
                8.695882,
                54.889984
              ],
              [
                8.671281919010033,
                54.89441756441701
              ],
              [
                8.682324,
                54.791846
              ],
              [
                8.789648,
                54.695947
              ],
              [
                8.793169483910193,
                54.692013122706335
              ],
              [
                8.805431,
                54.687567
              ],
              [
                8.81837,
                54.673651
              ],
              [
                8.840618662497384,
                54.63900727318163
              ],
              [
                8.869848236479937,
                54.606354686849855
              ],
              [
                8.878754,
                54.606513
              ],
              [
                8.88795,
                54.601874
              ],
              [
                8.892833,
                54.591254
              ],
              [
                8.90447,
                54.580634
              ],
              [
                8.986095,
                54.529283
              ],
              [
                9.011567,
                54.506334
              ],
              [
                9.011485,
                54.482123
              ],
              [
                9.004731,
                54.465888
              ],
              [
                8.988048,
                54.458441
              ],
              [
                8.949474,
                54.447333
              ],
              [
                8.907237,
                54.425523
              ],
              [
                8.886078,
                54.417792
              ],
              [
                8.860688,
                54.413804
              ],
              [
                8.750824,
                54.413804
              ],
              [
                8.66977,
                54.400824
              ],
              [
                8.668881719033198,
                54.401056256185626
              ],
              [
                8.648047,
                54.397656
              ],
              [
                8.632871861805457,
                54.36787208217733
              ],
              [
                8.634776,
                54.365424
              ],
              [
                8.650645,
                54.377997
              ],
              [
                8.663829,
                54.375556
              ],
              [
                8.677582,
                54.367906
              ],
              [
                8.695567,
                54.365424
              ],
              [
                8.695567,
                54.358588
              ],
              [
                8.672048,
                54.35928
              ],
              [
                8.641368,
                54.355658
              ],
              [
                8.626512370430296,
                54.351701243484634
              ],
              [
                8.644922,
                54.294971
              ],
              [
                8.736035,
                54.295215
              ],
              [
                8.780371,
                54.313037
              ],
              [
                8.848376500141393,
                54.30016399470571
              ],
              [
                8.857595,
                54.301825
              ],
              [
                8.88795,
                54.303941
              ],
              [
                8.885916,
                54.300727
              ],
              [
                8.883067,
                54.293606
              ],
              [
                8.881114,
                54.290269
              ],
              [
                8.902599,
                54.295844
              ],
              [
                8.940278,
                54.315009
              ],
              [
                8.963145,
                54.317613
              ],
              [
                8.953136,
                54.302558
              ],
              [
                8.937511,
                54.286689
              ],
              [
                8.922048,
                54.274237
              ],
              [
                8.911469,
                54.269192
              ],
              [
                8.895954182967921,
                54.26831342953455
              ],
              [
                8.906641,
                54.260791
              ],
              [
                8.905224021326351,
                54.14267256463093
              ],
              [
                8.917979,
                54.146308
              ],
              [
                8.952891,
                54.150092
              ],
              [
                8.977306,
                54.145697
              ],
              [
                8.977306,
                54.139472
              ],
              [
                8.974457,
                54.128079
              ],
              [
                8.988129,
                54.117865
              ],
              [
                9.006684,
                54.10814
              ],
              [
                9.018321,
                54.097886
              ],
              [
                9.018565,
                54.082424
              ],
              [
                9.013031,
                54.060981
              ],
              [
                9.004893,
                54.041164
              ],
              [
                8.997244,
                54.030219
              ],
              [
                8.975352,
                54.024075
              ],
              [
                8.953868,
                54.028306
              ],
              [
                8.914561,
                54.043891
              ],
              [
                8.904059579795213,
                54.04560546383782
              ],
              [
                8.903516,
                54.000293
              ],
              [
                8.92041,
                53.965332
              ],
              [
                8.978125,
                53.926221
              ],
              [
                9.069629,
                53.900928
              ],
              [
                9.216406,
                53.891211
              ],
              [
                9.217593016384043,
                53.89081270401857
              ],
              [
                9.22047,
                53.890774
              ],
              [
                9.257823,
                53.885565
              ],
              [
                9.295584,
                53.871894
              ],
              [
                9.358735,
                53.839545
              ],
              [
                9.395193,
                53.831
              ],
              [
                9.396658,
                53.811021
              ],
              [
                9.412446,
                53.778754
              ],
              [
                9.414725098569354,
                53.775819743535685
              ],
              [
                9.466104022799913,
                53.73414596684067
              ],
              [
                9.475271,
                53.732164
              ],
              [
                9.522227,
                53.71662
              ],
              [
                9.532237,
                53.711168
              ],
              [
                9.536143,
                53.693752
              ],
              [
                9.538075704643013,
                53.675769271679926
              ],
              [
                9.63125,
                53.600195
              ],
              [
                9.718750490430635,
                53.574096211635535
              ],
              [
                9.782074,
                53.569729
              ],
              [
                9.819591,
                53.556627
              ],
              [
                9.832042,
                53.543606
              ],
              [
                9.819021,
                53.540351
              ],
              [
                9.764008,
                53.547675
              ],
              [
                9.696625,
                53.556627
              ],
              [
                9.675186348087832,
                53.56542266823868
              ],
              [
                9.673145,
                53.565625
              ],
              [
                9.62679332977259,
                53.584031459275096
              ],
              [
                9.624766,
                53.584621
              ],
              [
                9.600922,
                53.58633
              ],
              [
                9.582367,
                53.591295
              ],
              [
                9.567068,
                53.599595
              ],
              [
                9.498383,
                53.659857
              ],
              [
                9.49056840200044,
                53.6771374813722
              ],
              [
                9.447232005886951,
                53.71218270392911
              ],
              [
                9.442882,
                53.714301
              ],
              [
                9.40268,
                53.742418
              ],
              [
                9.378607621887882,
                53.767677784871694
              ],
              [
                9.321973,
                53.813477
              ],
              [
                9.205566,
                53.855957
              ],
              [
                9.020993318857947,
                53.84380613905026
              ],
              [
                9.016287,
                53.840522
              ],
              [
                8.99010142047559,
                53.84177245151104
              ],
              [
                8.956924013506184,
                53.83958830347644
              ],
              [
                8.903575,
                53.831732
              ],
              [
                8.860688,
                53.831
              ],
              [
                8.782481,
                53.842475
              ],
              [
                8.74464,
                53.854153
              ],
              [
                8.735987131610838,
                53.858499187374775
              ],
              [
                8.618945,
                53.875
              ],
              [
                8.575586,
                53.838477
              ],
              [
                8.540897084735157,
                53.79628298847757
              ],
              [
                8.529633,
                53.770697
              ],
              [
                8.524923822487088,
                53.76371003225799
              ],
              [
                8.50625,
                53.670752
              ],
              [
                8.527062242318777,
                53.59721652986278
              ],
              [
                8.527517,
                53.596625
              ],
              [
                8.535167,
                53.590766
              ],
              [
                8.560802,
                53.551703
              ],
              [
                8.565766,
                53.546698
              ],
              [
                8.556651,
                53.518215
              ],
              [
                8.535818,
                53.506171
              ],
              [
                8.523618440591271,
                53.501023040031626
              ],
              [
                8.501435728388572,
                53.417625333230454
              ],
              [
                8.507335,
                53.382799
              ],
              [
                8.504405,
                53.358059
              ],
              [
                8.490896,
                53.376451
              ],
              [
                8.485037,
                53.40119
              ],
              [
                8.483897,
                53.457343
              ],
              [
                8.490001,
                53.486396
              ],
              [
                8.493177579549599,
                53.49062588193807
              ],
              [
                8.492676,
                53.514355
              ],
              [
                8.451367,
                53.551709
              ],
              [
                8.41377269380594,
                53.56914676756151
              ],
              [
                8.387706,
                53.577135
              ],
              [
                8.375500003489176,
                53.586899197257985
              ],
              [
                8.333887,
                53.606201
              ],
              [
                8.301563,
                53.584131
              ],
              [
                8.284269481564223,
                53.52820897879465
              ],
              [
                8.291515,
                53.529364
              ],
              [
                8.320486,
                53.509223
              ],
              [
                8.315115,
                53.474921
              ],
              [
                8.292817,
                53.440497
              ],
              [
                8.271739,
                53.419501
              ],
              [
                8.259451,
                53.412299
              ],
              [
                8.248709,
                53.408393
              ],
              [
                8.236501,
                53.406724
              ],
              [
                8.219737,
                53.40644
              ],
              [
                8.205333,
                53.410712
              ],
              [
                8.194835,
                53.420111
              ],
              [
                8.186697,
                53.429511
              ],
              [
                8.178559,
                53.433743
              ],
              [
                8.171397,
                53.436591
              ],
              [
                8.152354,
                53.449774
              ],
              [
                8.140636,
                53.453599
              ],
              [
                8.123871,
                53.454006
              ],
              [
                8.112478,
                53.451077
              ],
              [
                8.099783,
                53.447414
              ],
              [
                8.086192,
                53.456122
              ],
              [
                8.076996,
                53.468695
              ],
              [
                8.058767,
                53.502021
              ],
              [
                8.076345,
                53.508612
              ],
              [
                8.115733,
                53.510728
              ],
              [
                8.1338,
                53.516303
              ],
              [
                8.15268196402985,
                53.524785796701174
              ],
              [
                8.166066595441977,
                53.54208526262095
              ],
              [
                8.166404081206029,
                53.544048290262104
              ],
              [
                8.142841570144315,
                53.566043381395644
              ],
              [
                8.134613,
                53.56745
              ],
              [
                8.119151,
                53.571926
              ],
              [
                8.125821616900325,
                53.58193113723412
              ],
              [
                8.107297709069064,
                53.599222801939575
              ],
              [
                8.094086,
                53.604722
              ],
              [
                8.052908,
                53.636298
              ],
              [
                8.024913,
                53.672553
              ],
              [
                8.025594277003487,
                53.675491177135164
              ],
              [
                8.009277,
                53.690723
              ],
              [
                7.650792322549895,
                53.69689427338219
              ],
              [
                7.503917,
                53.678656
              ],
              [
                7.480235,
                53.682034
              ],
              [
                7.47057348299049,
                53.68992470711957
              ],
              [
                7.291355393795959,
                53.68163037650335
              ],
              [
                7.2747821261856975,
                53.677785976356255
              ],
              [
                7.207225961461419,
                53.65480664521687
              ],
              [
                7.205843654289879,
                53.653950292700735
              ],
              [
                7.11272899024799,
                53.5624829207842
              ],
              [
                7.131114,
                53.556952
              ],
              [
                7.139985,
                53.549791
              ],
              [
                7.141775,
                53.537177
              ],
              [
                7.134532,
                53.527411
              ],
              [
                7.125011,
                53.524359
              ],
              [
                7.11964,
                53.516303
              ],
              [
                7.0918061016577925,
                53.51992975336109
              ],
              [
                7.074316,
                53.477637
              ],
              [
                7.05332,
                53.37583
              ],
              [
                7.133044762755807,
                53.336362079800516
              ],
              [
                7.302908,
                53.33275
              ],
              [
                7.34254,
                53.324042
              ],
              [
                7.366547,
                53.302802
              ],
              [
                7.347667,
                53.307359
              ],
              [
                7.313162,
                53.320502
              ],
              [
                7.291515,
                53.32392
              ],
              [
                7.268321,
                53.323676
              ],
              [
                7.254731,
                53.319525
              ],
              [
                7.229503,
                53.296576
              ],
              [
                7.23699,
                53.285549
              ],
              [
                7.233572,
                53.273627
              ],
              [
                7.22462,
                53.262926
              ],
              [
                7.215831,
                53.255601
              ],
              [
                7.204438,
                53.248277
              ],
              [
                7.194591,
                53.245022
              ],
              [
                7.197472,
                53.216624
              ],
              [
                7.198506,
                53.200578
              ],
              [
                7.195405,
                53.184998
              ],
              [
                7.189059730979895,
                53.16898924254992
              ],
              [
                7.189570292080863,
                53.070803007051644
              ],
              [
                7.194372,
                53.033844
              ],
              [
                7.192821,
                52.998006
              ],
              [
                7.183623,
                52.966122
              ],
              [
                7.161919,
                52.932636
              ],
              [
                7.126258868782449,
                52.89864889046346
              ],
              [
                7.11709,
                52.887012
              ],
              [
                7.050879,
                52.744775
              ],
              [
                7.048094042275887,
                52.73021860522109
              ],
              [
                7.043993,
                52.682625
              ],
              [
                7.036655,
                52.647382
              ],
              [
                7.018465,
                52.625988
              ],
              [
                6.982808,
                52.632783
              ],
              [
                6.97957621076679,
                52.633613168670415
              ],
              [
                6.935121430685315,
                52.633703338935135
              ],
              [
                6.91842,
                52.632189
              ],
              [
                6.909921966661447,
                52.63375445250128
              ],
              [
                6.748438,
                52.634082
              ],
              [
                6.710742,
                52.617871
              ],
              [
                6.708758746469851,
                52.61040656691269
              ],
              [
                6.710164,
                52.60865
              ],
              [
                6.7082,
                52.599685
              ],
              [
                6.70623510493947,
                52.5961012698929
              ],
              [
                6.71875,
                52.573584
              ],
              [
                6.718527046814018,
                52.57274367581478
              ],
              [
                6.743753,
                52.559713
              ],
              [
                6.712511233596994,
                52.55006970810361
              ],
              [
                6.712402,
                52.549658
              ],
              [
                6.691602,
                52.530176
              ],
              [
                6.70293,
                52.499219
              ],
              [
                6.748828,
                52.464014
              ],
              [
                6.812378294547195,
                52.447514402066915
              ],
              [
                6.820338,
                52.446826
              ],
              [
                6.840505557547357,
                52.44210647307415
              ],
              [
                6.92207,
                52.440283
              ],
              [
                6.961429507373285,
                52.44353549194222
              ],
              [
                6.966995,
                52.449565
              ],
              [
                6.9733,
                52.451373
              ],
              [
                7.034175,
                52.390783
              ],
              [
                7.048231,
                52.365074
              ],
              [
                7.039756,
                52.328616
              ],
              [
                7.0290075234590335,
                52.313297102483105
              ],
              [
                7.019629,
                52.266016
              ],
              [
                7.014908875492366,
                52.25927843794769
              ],
              [
                7.020739,
                52.245262
              ],
              [
                7.0266,
                52.238623
              ],
              [
                7.029111,
                52.235779
              ],
              [
                7.02632,
                52.230637
              ],
              [
                6.98365126047143,
                52.21466094523749
              ],
              [
                6.977246,
                52.205518
              ],
              [
                6.961240476548419,
                52.1963828980608
              ],
              [
                6.947668,
                52.182811
              ],
              [
                6.927721,
                52.171907
              ],
              [
                6.909957036726658,
                52.167113036816836
              ],
              [
                6.856485093852444,
                52.13659409437045
              ],
              [
                6.843282,
                52.119998
              ],
              [
                6.830673,
                52.112893
              ],
              [
                6.797887337607172,
                52.11061841388208
              ],
              [
                6.749023,
                52.098682
              ],
              [
                6.724512,
                52.080225
              ],
              [
                6.712988,
                52.056885
              ],
              [
                6.715625,
                52.036182
              ],
              [
                6.760007315719639,
                52.00755045772445
              ],
              [
                6.77817,
                52.001271
              ],
              [
                6.804008,
                51.984373
              ],
              [
                6.809176,
                51.979542
              ],
              [
                6.811656,
                51.972798
              ],
              [
                6.810726,
                51.960576
              ],
              [
                6.805662,
                51.957527
              ],
              [
                6.798014,
                51.956701
              ],
              [
                6.789849,
                51.951145
              ],
              [
                6.767008,
                51.925514
              ],
              [
                6.743753,
                51.908331
              ],
              [
                6.716675,
                51.899262
              ],
              [
                6.694254720799237,
                51.898816998412194
              ],
              [
                6.517578,
                51.853955
              ],
              [
                6.484723475095662,
                51.85553175316112
              ],
              [
                6.479428,
                51.853012
              ],
              [
                6.462892,
                51.848361
              ],
              [
                6.442531,
                51.848361
              ],
              [
                6.415532469465583,
                51.85331425579704
              ],
              [
                6.38654832214048,
                51.83775074740315
              ],
              [
                6.386617,
                51.837561
              ],
              [
                6.382483,
                51.827587
              ],
              [
                6.344966,
                51.821102
              ],
              [
                6.3432164503742605,
                51.83019708947916
              ],
              [
                6.312697285278415,
                51.843777946063604
              ],
              [
                6.287399,
                51.846165
              ],
              [
                6.282851,
                51.849601
              ],
              [
                6.277861526652743,
                51.85514992238882
              ],
              [
                6.238057538763394,
                51.864304784729065
              ],
              [
                6.22518,
                51.862546
              ],
              [
                6.191384,
                51.87115
              ],
              [
                6.177105526730143,
                51.87832366346747
              ],
              [
                6.166504,
                51.880762
              ],
              [
                6.118794007775941,
                51.8707471196467
              ],
              [
                6.142705,
                51.855182
              ],
              [
                6.156141,
                51.842056
              ],
              [
                6.140018,
                51.844537
              ],
              [
                6.116453,
                51.848283
              ],
              [
                6.086747535620977,
                51.853202941793896
              ],
              [
                6.01539612573183,
                51.83587336626644
              ],
              [
                6.008243,
                51.832574
              ],
              [
                6.001710722835673,
                51.83084485786865
              ],
              [
                5.94873,
                51.802686
              ],
              [
                5.948701980332423,
                51.7968975677504
              ],
              [
                5.950778,
                51.795909
              ],
              [
                5.964111,
                51.776556
              ],
              [
                5.962354,
                51.756351
              ],
              [
                5.957553964308954,
                51.75338727689539
              ],
              [
                5.982387966315371,
                51.72856495317857
              ],
              [
                5.989742,
                51.726379
              ],
              [
                6.012067,
                51.715863
              ],
              [
                6.021989,
                51.709506
              ],
              [
                6.015383766603935,
                51.69558466929817
              ],
              [
                6.052734,
                51.658252
              ],
              [
                6.0564736522613805,
                51.65616277399264
              ],
              [
                6.099193,
                51.644472
              ],
              [
                6.089861556378592,
                51.626593724250995
              ],
              [
                6.091113,
                51.598926
              ],
              [
                6.141602,
                51.550098
              ],
              [
                6.147282291312062,
                51.54337071422658
              ],
              [
                6.15304,
                51.538431
              ],
              [
                6.193348,
                51.509338
              ],
              [
                6.200479,
                51.476575
              ],
              [
                6.205337,
                51.458436
              ],
              [
                6.201719,
                51.438644
              ],
              [
                6.194071,
                51.417379
              ],
              [
                6.192727,
                51.398957
              ],
              [
                6.207817,
                51.387666
              ],
              [
                6.202029,
                51.378881
              ],
              [
                6.198929,
                51.35697
              ],
              [
                6.193554,
                51.344516
              ],
              [
                6.183632,
                51.335705
              ],
              [
                6.158208,
                51.324594
              ],
              [
                6.147769,
                51.318161
              ],
              [
                6.113242626347675,
                51.2781872410971
              ],
              [
                6.075879,
                51.224121
              ],
              [
                6.074805,
                51.199023
              ],
              [
                6.082422,
                51.17998
              ],
              [
                6.112475488731571,
                51.17486089782338
              ],
              [
                6.134126,
                51.184215
              ],
              [
                6.157071,
                51.179254
              ],
              [
                6.149113,
                51.176335
              ],
              [
                6.131332800899024,
                51.16718295758373
              ],
              [
                6.136914,
                51.164844
              ],
              [
                6.134812602083821,
                51.15956110867106
              ],
              [
                6.147252,
                51.152254
              ],
              [
                6.132369,
                51.139825
              ],
              [
                6.086963025053066,
                51.12431200285234
              ],
              [
                5.964791650547613,
                51.05870631100436
              ],
              [
                5.950262,
                51.03947
              ],
              [
                5.937963,
                51.030943
              ],
              [
                5.919566,
                51.029703
              ],
              [
                5.906233,
                51.037403
              ],
              [
                5.898947826554539,
                51.04337396125639
              ],
              [
                5.868359,
                51.045312
              ],
              [
                5.85752,
                51.030127
              ]
            ]
          ],
          [
            [
              [
                8.284668,
                54.76709
              ],
              [
                8.298233317464907,
                54.778787121273055
              ],
              [
                8.294932,
                54.831529
              ],
              [
                8.297862,
                54.835598
              ],
              [
                8.299327,
                54.855292
              ],
              [
                8.302013,
                54.862616
              ],
              [
                8.30714,
                54.865383
              ],
              [
                8.337413,
                54.87759
              ],
              [
                8.343923,
                54.879096
              ],
              [
                8.353526,
                54.87934
              ],
              [
                8.36199,
                54.876939
              ],
              [
                8.370616,
                54.868232
              ],
              [
                8.377126,
                54.866278
              ],
              [
                8.446056,
                54.866278
              ],
              [
                8.461192,
                54.868801
              ],
              [
                8.48878,
                54.881293
              ],
              [
                8.504405,
                54.886176
              ],
              [
                8.619385065067846,
                54.88247088238325
              ],
              [
                8.62959,
                54.891748
              ],
              [
                8.610929463164501,
                54.89235375919613
              ],
              [
                8.436534,
                54.887274
              ],
              [
                8.388357,
                54.894232
              ],
              [
                8.354503,
                54.912746
              ],
              [
                8.360362,
                54.948188
              ],
              [
                8.352464,
                54.964861
              ],
              [
                8.33610138952563,
                54.96381691097208
              ],
              [
                8.296824845549294,
                54.909842652485914
              ],
              [
                8.295609842430869,
                54.907108895469456
              ],
              [
                8.284668,
                54.76709
              ]
            ]
          ],
          [
            [
              [
                8.400391,
                54.714111
              ],
              [
                8.419918120801434,
                54.7056860954152
              ],
              [
                8.45281,
                54.693834
              ],
              [
                8.471307413357636,
                54.6905341743067
              ],
              [
                8.493410297080455,
                54.689864932161534
              ],
              [
                8.511241,
                54.693793
              ],
              [
                8.519867,
                54.689602
              ],
              [
                8.522653539739881,
                54.68897949066464
              ],
              [
                8.548926,
                54.688184
              ],
              [
                8.583147917204691,
                54.70971135564235
              ],
              [
                8.58546,
                54.713609
              ],
              [
                8.586945943583927,
                54.715051265685545
              ],
              [
                8.574110400761686,
                54.74705353411421
              ],
              [
                8.565104400120648,
                54.75024936530403
              ],
              [
                8.53932122900392,
                54.75495010162323
              ],
              [
                8.497569,
                54.756415
              ],
              [
                8.464122,
                54.754788
              ],
              [
                8.4560713407309,
                54.75293108411314
              ],
              [
                8.422625642840455,
                54.74051017547256
              ],
              [
                8.416568959526552,
                54.737098958572844
              ],
              [
                8.400391,
                54.714111
              ]
            ]
          ],
          [
            [
              [
                8.529950047568663,
                53.524827230315296
              ],
              [
                8.552094,
                53.5362
              ],
              [
                8.552094,
                53.543606
              ],
              [
                8.536166809890814,
                53.548199652797166
              ],
              [
                8.529950047568663,
                53.524827230315296
              ]
            ]
          ],
          [
            [
              [
                8.954950102995923,
                54.50834209664326
              ],
              [
                8.956879,
                54.509426
              ],
              [
                8.955821,
                54.51496
              ],
              [
                8.956309,
                54.519436
              ],
              [
                8.958507,
                54.522447
              ],
              [
                8.963145,
                54.523668
              ],
              [
                8.956195346312176,
                54.52474259089336
              ],
              [
                8.954950102995923,
                54.50834209664326
              ]
            ]
          ],
          [
            [
              [
                11.006473110792781,
                54.37873315955571
              ],
              [
                11.01348780029814,
                54.3789394854244
              ],
              [
                11.013379,
                54.37915
              ],
              [
                11.006473110792781,
                54.37873315955571
              ]
            ]
          ],
          [
            [
              [
                11.011719,
                54.466162
              ],
              [
                11.070703,
                54.456006
              ],
              [
                11.072168551085786,
                54.4550057715138
              ],
              [
                11.084321,
                54.454779
              ],
              [
                11.098643,
                54.451646
              ],
              [
                11.103282,
                54.443834
              ],
              [
                11.102375412268675,
                54.43438979754541
              ],
              [
                11.129297,
                54.416016
              ],
              [
                11.174011846953347,
                54.41658485338401
              ],
              [
                11.170177,
                54.420071
              ],
              [
                11.188487,
                54.426174
              ],
              [
                11.273136714576816,
                54.417845900222574
              ],
              [
                11.282813,
                54.417969
              ],
              [
                11.280273,
                54.438379
              ],
              [
                11.23492740620583,
                54.499473490869754
              ],
              [
                11.232219350837063,
                54.50156713945292
              ],
              [
                11.08819565599232,
                54.53269880784401
              ],
              [
                11.081906932701381,
                54.532079432345704
              ],
              [
                11.051201074217296,
                54.51882243836497
              ],
              [
                11.04237340432133,
                54.51379522382995
              ],
              [
                11.011719,
                54.466162
              ]
            ]
          ],
          [
            [
              [
                11.450369407556778,
                53.96122654110298
              ],
              [
                11.457693,
                53.961371
              ],
              [
                11.462462782167046,
                53.9655722317074
              ],
              [
                11.461133,
                53.964746
              ],
              [
                11.450369407556778,
                53.96122654110298
              ]
            ]
          ]
        ]
      }
    }
  ]
}